ts_utc,direction,gross_bps,net_bps,bid_A,ask_A,bid_size_A,ask_size_A,bid_B,ask_B,bid_size_B,ask_size_B,funding_A,funding_B,age_A_ms,age_B_ms
2026-09-05T16:34:46.677+00:00,A_sell_B_buy,2.6147,-7.7853,79942.0,79943.0,4.52815,6.9737,79921.0,79921.1,0.605,0.025,0.0000125000,-0.0000130000,0.2,6.7
2026-09-05T16:34:46.677+00:00,B_sell_A_buy,-2.7523,-13.1523,79942.0,79943.0,4.52815,6.9737,79921.0,79921.1,0.605,0.025,0.0000125000,-0.0000130000,0.2,6.7
2026-09-05T16:34:47.687+00:00,A_sell_B_buy,2.6147,-7.7853,79942.0,79943.0,5.91479,7.68071,79921.0,79921.1,0.66,0.655,0.0000125000,-0.0000130000,0.3,461.2
2026-09-05T16:34:47.687+00:00,B_sell_A_buy,-2.7523,-13.1523,79942.0,79943.0,5.91479,7.68071,79921.0,79921.1,0.66,0.655,0.0000125000,-0.0000130000,0.3,461.2
2026-09-05T16:34:48.699+00:00,A_sell_B_buy,1.4261,-8.9739,79942.0,79943.0,5.772,0.91644,79930.5,79930.59999999999,0.788,0.044,0.0000125000,-0.0000130000,0.3,77.1
2026-09-05T16:34:48.699+00:00,B_sell_A_buy,-1.5637,-11.9637,79942.0,79943.0,5.772,0.91644,79930.5,79930.59999999999,0.788,0.044,0.0000125000,-0.0000130000,0.3,77.1
2026-09-05T16:34:49.758+00:00,A_sell_B_buy,0.8381,-9.5619,79949.0,79950.0,9.23525,0.20662,79942.20000000001,79942.3,0.032,0.555,0.0000125000,-0.0000130000,0.2,130.2
2026-09-05T16:34:49.758+00:00,B_sell_A_buy,-0.9757,-11.3757,79949.0,79950.0,9.23525,0.20662,79942.20000000001,79942.3,0.032,0.555,0.0000125000,-0.0000130000,0.2,130.2
2026-09-05T16:34:50.855+00:00,A_sell_B_buy,1.4385,-8.9615,79949.0,79950.0,15.70602,0.20662,79937.40000000001,79937.5,0.362,0.268,0.0000125000,-0.0000130000,0.3,131.7
2026-09-05T16:34:50.855+00:00,B_sell_A_buy,-1.5761,-11.9761,79949.0,79950.0,15.70602,0.20662,79937.40000000001,79937.5,0.362,0.268,0.0000125000,-0.0000130000,0.3,131.7
2026-09-05T16:34:52.087+00:00,A_sell_B_buy,1.4385,-8.9615,79949.0,79950.0,12.16344,0.44279,79937.40000000001,79937.5,0.763,0.06,0.0000125000,-0.0000130000,244.0,0.3
2026-09-05T16:34:52.087+00:00,B_sell_A_buy,-1.5761,-11.9761,79949.0,79950.0,12.16344,0.44279,79937.40000000001,79937.5,0.763,0.06,0.0000125000,-0.0000130000,244.0,0.3
2026-09-05T16:34:53.464+00:00,A_sell_B_buy,1.4385,-8.9615,79949.0,79950.0,12.76112,0.85512,79937.40000000001,79937.5,0.763,0.036,0.0000125000,-0.0000130000,0.3,1284.7
2026-09-05T16:34:53.464+00:00,B_sell_A_buy,-1.5761,-11.9761,79949.0,79950.0,12.76112,0.85512,79937.40000000001,79937.5,0.763,0.036,0.0000125000,-0.0000130000,0.3,1284.7
2026-09-05T16:34:54.468+00:00,A_sell_B_buy,1.4385,-8.9615,79949.0,79950.0,12.76118,0.78565,79937.40000000001,79937.5,0.763,0.036,0.0000125000,-0.0000130000,0.2,532.6
2026-09-05T16:34:54.468+00:00,B_sell_A_buy,-1.5761,-11.9761,79949.0,79950.0,12.76118,0.78565,79937.40000000001,79937.5,0.763,0.036,0.0000125000,-0.0000130000,0.2,532.6
2026-09-05T16:34:55.719+00:00,A_sell_B_buy,1.4385,-8.9615,79949.0,79950.0,12.75764,0.72518,79937.40000000001,79937.5,0.763,0.036,0.0000125000,-0.0000130000,0.3,1784.3
2026-09-05T16:34:55.719+00:00,B_sell_A_buy,-1.5761,-11.9761,79949.0,79950.0,12.75764,0.72518,79937.40000000001,79937.5,0.763,0.036,0.0000125000,-0.0000130000,0.3,1784.3
2026-09-05T16:34:56.769+00:00,A_sell_B_buy,0.8881,-9.5119,79949.0,79961.0,12.6612,1.26657,79941.79999999999,79941.90000000001,1.033,3.393,0.0000125000,-0.0000130000,259.7,0.2
2026-09-05T16:34:56.769+00:00,B_sell_A_buy,-2.4015,-12.8015,79949.0,79961.0,12.6612,1.26657,79941.79999999999,79941.90000000001,1.033,3.393,0.0000125000,-0.0000130000,259.7,0.2
2026-09-05T16:34:57.839+00:00,A_sell_B_buy,2.2639,-8.1361,79960.0,79961.0,3.52305,7.12896,79941.79999999999,79941.90000000001,1.024,3.393,0.0000125000,-0.0000130000,0.3,518.3
2026-09-05T16:34:57.839+00:00,B_sell_A_buy,-2.4015,-12.8015,79960.0,79961.0,3.52305,7.12896,79941.79999999999,79941.90000000001,1.024,3.393,0.0000125000,-0.0000130000,0.3,518.3
2026-09-05T16:34:58.874+00:00,A_sell_B_buy,2.2138,-8.1862,79960.0,79961.0,4.0233,8.06951,79942.20000000001,79942.3,0.816,0.117,0.0000125000,-0.0000130000,162.1,0.2
2026-09-05T16:34:58.874+00:00,B_sell_A_buy,-2.3514,-12.7514,79960.0,79961.0,4.0233,8.06951,79942.20000000001,79942.3,0.816,0.117,0.0000125000,-0.0000130000,162.1,0.2
2026-09-05T16:34:59.887+00:00,A_sell_B_buy,2.5263,-7.8737,79970.0,79971.0,3.24333,4.26024,79949.7,79949.79999999999,0.198,0.477,0.0000125000,-0.0000130000,0.2,123.1
2026-09-05T16:34:59.887+00:00,B_sell_A_buy,-2.6638,-13.0638,79970.0,79971.0,3.24333,4.26024,79949.7,79949.79999999999,0.198,0.477,0.0000125000,-0.0000130000,0.2,123.1
2026-09-05T16:35:00.891+00:00,A_sell_B_buy,3.0141,-7.3859,79970.0,79971.0,4.08193,5.31579,79945.79999999999,79945.90000000001,0.696,0.042,0.0000125000,-0.0000134200,102.0,0.2
2026-09-05T16:35:00.891+00:00,B_sell_A_buy,-3.1516,-13.5516,79970.0,79971.0,4.08193,5.31579,79945.79999999999,79945.90000000001,0.696,0.042,0.0000125000,-0.0000134200,102.0,0.2
2026-09-05T16:35:01.917+00:00,A_sell_B_buy,3.7771,-6.6229,79970.0,79971.0,1.28411,7.08402,79939.7,79939.8,0.196,3.263,0.0000125000,-0.0000134200,0.2,45.3
2026-09-05T16:35:01.917+00:00,B_sell_A_buy,-3.9147,-14.3147,79970.0,79971.0,1.28411,7.08402,79939.7,79939.8,0.196,3.263,0.0000125000,-0.0000134200,0.2,45.3
2026-09-05T16:35:03.005+00:00,A_sell_B_buy,3.4020,-6.9980,79967.0,79968.0,0.00026,9.68956,79939.7,79939.8,0.395,3.021,0.0000125000,-0.0000134200,0.3,124.4
2026-09-05T16:35:03.005+00:00,B_sell_A_buy,-3.5396,-13.9396,79967.0,79968.0,0.00026,9.68956,79939.7,79939.8,0.395,3.021,0.0000125000,-0.0000134200,0.3,124.4
2026-09-05T16:35:04.078+00:00,A_sell_B_buy,3.4020,-6.9980,79967.0,79968.0,0.00026,12.8515,79939.7,79939.8,0.001,4.522,0.0000125000,-0.0000134200,182.2,0.2
2026-09-05T16:35:04.078+00:00,B_sell_A_buy,-3.5396,-13.9396,79967.0,79968.0,0.00026,12.8515,79939.7,79939.8,0.001,4.522,0.0000125000,-0.0000134200,182.2,0.2
2026-09-05T16:35:05.183+00:00,A_sell_B_buy,3.4020,-6.9980,79967.0,79968.0,0.00026,22.74786,79939.7,79939.8,0.229,4.522,0.0000125000,-0.0000134200,225.8,0.2
2026-09-05T16:35:05.183+00:00,B_sell_A_buy,-3.5396,-13.9396,79967.0,79968.0,0.00026,22.74786,79939.7,79939.8,0.229,4.522,0.0000125000,-0.0000134200,225.8,0.2
2026-09-05T16:35:06.996+00:00,A_sell_B_buy,3.4020,-6.9980,79967.0,79968.0,0.00026,18.16904,79939.7,79939.8,0.229,4.522,0.0000125000,-0.0000134200,0.3,1813.2
2026-09-05T16:35:06.996+00:00,B_sell_A_buy,-3.5396,-13.9396,79967.0,79968.0,0.00026,18.16904,79939.7,79939.8,0.229,4.522,0.0000125000,-0.0000134200,0.3,1813.2
2026-09-05T16:35:09.524+00:00,A_sell_B_buy,2.6516,-7.7484,79961.0,79962.0,0.77825,8.72141,79939.7,79939.8,0.001,4.522,0.0000125000,-0.0000134200,43.8,0.2
2026-09-05T16:35:09.524+00:00,B_sell_A_buy,-2.7892,-13.1892,79961.0,79962.0,0.77825,8.72141,79939.7,79939.8,0.001,4.522,0.0000125000,-0.0000134200,43.8,0.2
2026-09-05T16:35:10.538+00:00,A_sell_B_buy,2.1514,-8.2486,79957.0,79958.0,0.79358,1.82677,79939.7,79939.8,0.001,4.514,0.0000125000,-0.0000134200,117.5,0.2
2026-09-05T16:35:10.538+00:00,B_sell_A_buy,-2.2890,-12.6890,79957.0,79958.0,0.79358,1.82677,79939.7,79939.8,0.001,4.514,0.0000125000,-0.0000134200,117.5,0.2
2026-09-05T16:35:11.578+00:00,A_sell_B_buy,2.1514,-8.2486,79957.0,79958.0,2.0154,4.9674,79939.7,79939.8,0.001,5.144,0.0000125000,-0.0000134200,269.4,0.3
2026-09-05T16:35:11.578+00:00,B_sell_A_buy,-2.2890,-12.6890,79957.0,79958.0,2.0154,4.9674,79939.7,79939.8,0.001,5.144,0.0000125000,-0.0000134200,269.4,0.3
2026-09-05T16:35:12.583+00:00,A_sell_B_buy,2.8646,-7.5354,79956.0,79957.0,0.00013,1.8171,79922.59999999999,79933.1,0.974,0.008,0.0000125000,-0.0000134200,30.2,0.1
2026-09-05T16:35:12.583+00:00,B_sell_A_buy,-4.3031,-14.7031,79956.0,79957.0,0.00013,1.8171,79922.59999999999,79933.1,0.974,0.008,0.0000125000,-0.0000134200,30.2,0.1
2026-09-05T16:35:13.667+00:00,A_sell_B_buy,3.4526,-6.9474,79953.0,79954.0,0.0022,12.01962,79925.3,79925.40000000001,0.481,0.247,0.0000125000,-0.0000134200,0.3,84.5
2026-09-05T16:35:13.667+00:00,B_sell_A_buy,-3.5902,-13.9902,79953.0,79954.0,0.0022,12.01962,79925.3,79925.40000000001,0.481,0.247,0.0000125000,-0.0000134200,0.3,84.5
2026-09-05T16:35:14.676+00:00,A_sell_B_buy,3.0774,-7.3226,79950.0,79951.0,2.02322,7.68982,79925.3,79925.40000000001,0.568,0.247,0.0000125000,-0.0000134200,120.4,0.1
2026-09-05T16:35:14.676+00:00,B_sell_A_buy,-3.2150,-13.6150,79950.0,79951.0,2.02322,7.68982,79925.3,79925.40000000001,0.568,0.247,0.0000125000,-0.0000134200,120.4,0.1
2026-09-05T16:35:15.681+00:00,A_sell_B_buy,3.0774,-7.3226,79950.0,79951.0,1.23043,9.3793,79925.3,79925.40000000001,1.076,1.977,0.0000125000,-0.0000134200,226.1,0.2
2026-09-05T16:35:15.681+00:00,B_sell_A_buy,-3.2150,-13.6150,79950.0,79951.0,1.23043,9.3793,79925.3,79925.40000000001,1.076,1.977,0.0000125000,-0.0000134200,226.1,0.2
2026-09-05T16:35:16.727+00:00,A_sell_B_buy,3.0774,-7.3226,79950.0,79951.0,4.93477,2.61324,79925.3,79925.40000000001,1.076,1.749,0.0000125000,-0.0000134200,0.3,837.9
2026-09-05T16:35:16.727+00:00,B_sell_A_buy,-3.2150,-13.6150,79950.0,79951.0,4.93477,2.61324,79925.3,79925.40000000001,1.076,1.749,0.0000125000,-0.0000134200,0.3,837.9
2026-09-05T16:35:17.785+00:00,A_sell_B_buy,3.0774,-7.3226,79950.0,79951.0,3.93477,3.75716,79925.3,79925.40000000001,1.076,1.743,0.0000125000,-0.0000134200,74.9,0.2
2026-09-05T16:35:17.785+00:00,B_sell_A_buy,-3.2150,-13.6150,79950.0,79951.0,3.93477,3.75716,79925.3,79925.40000000001,1.076,1.743,0.0000125000,-0.0000134200,74.9,0.2
2026-09-05T16:35:18.848+00:00,A_sell_B_buy,3.0774,-7.3226,79950.0,79951.0,3.75355,3.03914,79925.3,79925.40000000001,1.076,1.743,0.0000125000,-0.0000134200,0.3,424.3
2026-09-05T16:35:18.848+00:00,B_sell_A_buy,-3.2150,-13.6150,79950.0,79951.0,3.75355,3.03914,79925.3,79925.40000000001,1.076,1.743,0.0000125000,-0.0000134200,0.3,424.3
2026-09-05T16:35:19.975+00:00,A_sell_B_buy,3.0774,-7.3226,79950.0,79951.0,1.71855,4.16605,79925.3,79925.40000000001,0.211,1.941,0.0000125000,-0.0000134200,0.3,205.9
2026-09-05T16:35:19.975+00:00,B_sell_A_buy,-3.2150,-13.6150,79950.0,79951.0,1.71855,4.16605,79925.3,79925.40000000001,0.211,1.941,0.0000125000,-0.0000134200,0.3,205.9
2026-09-05T16:35:21.130+00:00,A_sell_B_buy,3.0774,-7.3226,79950.0,79951.0,1.32866,4.57949,79925.3,79925.40000000001,0.211,1.941,0.0000125000,-0.0000134200,0.3,1361.2
2026-09-05T16:35:21.130+00:00,B_sell_A_buy,-3.2150,-13.6150,79950.0,79951.0,1.32866,4.57949,79925.3,79925.40000000001,0.211,1.941,0.0000125000,-0.0000134200,0.3,1361.2
2026-09-05T16:35:22.140+00:00,A_sell_B_buy,2.0395,-8.3605,79931.0,79932.0,0.82913,1.17059,79914.59999999999,79914.7,0.563,0.505,0.0000125000,-0.0000134200,0.2,62.4
2026-09-05T16:35:22.140+00:00,B_sell_A_buy,-2.1771,-12.5771,79931.0,79932.0,0.82913,1.17059,79914.59999999999,79914.7,0.563,0.505,0.0000125000,-0.0000134200,0.2,62.4
2026-09-05T16:35:23.176+00:00,A_sell_B_buy,2.0395,-8.3605,79931.0,79932.0,6.00412,2.1379,79914.59999999999,79914.7,0.251,2.006,0.0000125000,-0.0000134200,125.8,0.3
2026-09-05T16:35:23.176+00:00,B_sell_A_buy,-2.1771,-12.5771,79931.0,79932.0,6.00412,2.1379,79914.59999999999,79914.7,0.251,2.006,0.0000125000,-0.0000134200,125.8,0.3
2026-09-05T16:35:24.286+00:00,A_sell_B_buy,2.0395,-8.3605,79931.0,79932.0,6.01412,2.44602,79914.59999999999,79914.7,0.251,2.007,0.0000125000,-0.0000134200,0.3,340.6
2026-09-05T16:35:24.286+00:00,B_sell_A_buy,-2.1771,-12.5771,79931.0,79932.0,6.01412,2.44602,79914.59999999999,79914.7,0.251,2.007,0.0000125000,-0.0000134200,0.3,340.6
2026-09-05T16:35:25.359+00:00,A_sell_B_buy,2.0395,-8.3605,79931.0,79932.0,5.45397,2.44206,79914.59999999999,79914.7,0.212,2.007,0.0000125000,-0.0000134200,0.2,721.1
2026-09-05T16:35:25.359+00:00,B_sell_A_buy,-2.1771,-12.5771,79931.0,79932.0,5.45397,2.44206,79914.59999999999,79914.7,0.212,2.007,0.0000125000,-0.0000134200,0.2,721.1
2026-09-05T16:35:26.381+00:00,A_sell_B_buy,2.0395,-8.3605,79931.0,79932.0,2.90834,2.93028,79914.59999999999,79914.7,0.212,2.007,0.0000125000,-0.0000134200,0.2,1743.5
2026-09-05T16:35:26.381+00:00,B_sell_A_buy,-2.1771,-12.5771,79931.0,79932.0,2.90834,2.93028,79914.59999999999,79914.7,0.212,2.007,0.0000125000,-0.0000134200,0.2,1743.5
2026-09-05T16:35:27.681+00:00,A_sell_B_buy,2.0395,-8.3605,79931.0,79932.0,3.31835,2.90638,79914.59999999999,79914.7,0.212,2.007,0.0000125000,-0.0000134200,0.3,441.8
2026-09-05T16:35:27.681+00:00,B_sell_A_buy,-2.1771,-12.5771,79931.0,79932.0,3.31835,2.90638,79914.59999999999,79914.7,0.212,2.007,0.0000125000,-0.0000134200,0.3,441.8
2026-09-05T16:35:28.697+00:00,A_sell_B_buy,2.0395,-8.3605,79931.0,79932.0,2.6873,3.26184,79914.59999999999,79914.7,0.212,2.007,0.0000125000,-0.0000134200,0.3,77.3
2026-09-05T16:35:28.697+00:00,B_sell_A_buy,-2.1771,-12.5771,79931.0,79932.0,2.6873,3.26184,79914.59999999999,79914.7,0.212,2.007,0.0000125000,-0.0000134200,0.3,77.3
2026-09-05T16:35:29.806+00:00,A_sell_B_buy,2.0395,-8.3605,79931.0,79932.0,3.18137,2.89049,79914.59999999999,79914.7,0.212,2.007,0.0000125000,-0.0000134200,0.2,1186.2
2026-09-05T16:35:29.806+00:00,B_sell_A_buy,-2.1771,-12.5771,79931.0,79932.0,3.18137,2.89049,79914.59999999999,79914.7,0.212,2.007,0.0000125000,-0.0000134200,0.2,1186.2
2026-09-05T16:35:30.877+00:00,A_sell_B_buy,1.9269,-8.4731,79930.0,79931.0,0.00013,4.2013,79914.5,79914.59999999999,0.001,2.729,0.0000125000,-0.0000134200,0.2,148.5
2026-09-05T16:35:30.877+00:00,B_sell_A_buy,-2.0645,-12.4645,79930.0,79931.0,0.00013,4.2013,79914.5,79914.59999999999,0.001,2.729,0.0000125000,-0.0000134200,0.2,148.5
2026-09-05T16:35:31.939+00:00,A_sell_B_buy,1.3013,-9.0987,79925.0,79926.0,0.63752,3.62604,79914.5,79914.59999999999,0.001,3.593,0.0000125000,-0.0000134200,164.0,0.2
2026-09-05T16:35:31.939+00:00,B_sell_A_buy,-1.4389,-11.8389,79925.0,79926.0,0.63752,3.62604,79914.5,79914.59999999999,0.001,3.593,0.0000125000,-0.0000134200,164.0,0.2
2026-09-05T16:35:32.969+00:00,A_sell_B_buy,-0.7008,-11.1008,79909.0,79910.0,8.34606,0.1,79914.5,79914.59999999999,0.001,10.727,0.0000125000,-0.0000134200,31.3,0.1
2026-09-05T16:35:32.969+00:00,B_sell_A_buy,0.5631,-9.8369,79909.0,79910.0,8.34606,0.1,79914.5,79914.59999999999,0.001,10.727,0.0000125000,-0.0000134200,31.3,0.1
2026-09-05T16:35:33.979+00:00,A_sell_B_buy,-0.7008,-11.1008,79909.0,79910.0,10.23004,0.1,79914.5,79914.59999999999,0.001,10.728,0.0000125000,-0.0000134200,116.1,0.2
2026-09-05T16:35:33.979+00:00,B_sell_A_buy,0.5631,-9.8369,79909.0,79910.0,10.23004,0.1,79914.5,79914.59999999999,0.001,10.728,0.0000125000,-0.0000134200,116.1,0.2
2026-09-05T16:35:35.029+00:00,A_sell_B_buy,0.8008,-9.5992,79921.0,79922.0,2.53496,2.85317,79914.5,79914.59999999999,0.001,10.762,0.0000125000,-0.0000134200,212.0,0.2
2026-09-05T16:35:35.029+00:00,B_sell_A_buy,-0.9385,-11.3385,79921.0,79922.0,2.53496,2.85317,79914.5,79914.59999999999,0.001,10.762,0.0000125000,-0.0000134200,212.0,0.2
2026-09-05T16:35:36.035+00:00,A_sell_B_buy,0.8008,-9.5992,79921.0,79922.0,2.1744,5.01985,79914.5,79914.59999999999,0.001,10.728,0.0000125000,-0.0000134200,139.7,0.1
2026-09-05T16:35:36.035+00:00,B_sell_A_buy,-0.9385,-11.3385,79921.0,79922.0,2.1744,5.01985,79914.5,79914.59999999999,0.001,10.728,0.0000125000,-0.0000134200,139.7,0.1
2026-09-05T16:35:37.066+00:00,A_sell_B_buy,0.8008,-9.5992,79921.0,79922.0,3.4356,5.18117,79914.5,79914.59999999999,0.001,9.434,0.0000125000,-0.0000134200,300.0,0.1
2026-09-05T16:35:37.066+00:00,B_sell_A_buy,-0.9385,-11.3385,79921.0,79922.0,3.4356,5.18117,79914.5,79914.59999999999,0.001,9.434,0.0000125000,-0.0000134200,300.0,0.1
2026-09-05T16:35:38.122+00:00,A_sell_B_buy,2.8532,-7.5468,79921.0,79922.0,0.44454,10.40314,79898.09999999999,79898.20000000001,0.654,0.592,0.0000125000,-0.0000134200,0.3,242.1
2026-09-05T16:35:38.122+00:00,B_sell_A_buy,-2.9909,-13.3909,79921.0,79922.0,0.44454,10.40314,79898.09999999999,79898.20000000001,0.654,0.592,0.0000125000,-0.0000134200,0.3,242.1
2026-09-05T16:35:39.191+00:00,A_sell_B_buy,2.4029,-7.9971,79913.0,79914.0,0.35233,2.81235,79893.7,79893.79999999999,0.208,7.414,0.0000125000,-0.0000134200,0.3,109.1
2026-09-05T16:35:39.191+00:00,B_sell_A_buy,-2.5406,-12.9406,79913.0,79914.0,0.35233,2.81235,79893.7,79893.79999999999,0.208,7.414,0.0000125000,-0.0000134200,0.3,109.1
2026-09-05T16:35:40.334+00:00,A_sell_B_buy,2.4029,-7.9971,79913.0,79914.0,3.22927,7.28176,79893.7,79893.79999999999,0.208,1.201,0.0000125000,-0.0000134200,243.5,0.2
2026-09-05T16:35:40.334+00:00,B_sell_A_buy,-2.5406,-12.9406,79913.0,79914.0,3.22927,7.28176,79893.7,79893.79999999999,0.208,1.201,0.0000125000,-0.0000134200,243.5,0.2
2026-09-05T16:35:41.439+00:00,A_sell_B_buy,2.4029,-7.9971,79913.0,79914.0,7.85394,1.16852,79893.7,79893.79999999999,2.484,0.196,0.0000125000,-0.0000134200,0.3,255.9
2026-09-05T16:35:41.439+00:00,B_sell_A_buy,-2.5406,-12.9406,79913.0,79914.0,7.85394,1.16852,79893.7,79893.79999999999,2.484,0.196,0.0000125000,-0.0000134200,0.3,255.9
2026-09-05T16:35:42.732+00:00,A_sell_B_buy,2.4029,-7.9971,79913.0,79914.0,4.23923,1.82963,79893.7,79893.79999999999,1.863,0.632,0.0000125000,-0.0000134200,463.0,0.2
2026-09-05T16:35:42.732+00:00,B_sell_A_buy,-2.5406,-12.9406,79913.0,79914.0,4.23923,1.82963,79893.7,79893.79999999999,1.863,0.632,0.0000125000,-0.0000134200,463.0,0.2
2026-09-05T16:35:43.735+00:00,A_sell_B_buy,1.8397,-8.5603,79913.0,79914.0,5.53421,1.00721,79898.20000000001,79898.3,1.752,1.097,0.0000125000,-0.0000134200,0.2,5.2
2026-09-05T16:35:43.735+00:00,B_sell_A_buy,-1.9773,-12.3773,79913.0,79914.0,5.53421,1.00721,79898.20000000001,79898.3,1.752,1.097,0.0000125000,-0.0000134200,0.2,5.2
2026-09-05T16:35:45.127+00:00,A_sell_B_buy,1.8397,-8.5603,79913.0,79914.0,5.66661,1.46923,79898.20000000001,79898.3,1.747,0.467,0.0000125000,-0.0000134200,0.3,443.5
2026-09-05T16:35:45.127+00:00,B_sell_A_buy,-1.9773,-12.3773,79913.0,79914.0,5.66661,1.46923,79898.20000000001,79898.3,1.747,0.467,0.0000125000,-0.0000134200,0.3,443.5
2026-09-05T16:35:46.142+00:00,A_sell_B_buy,1.9771,-8.4229,79924.0,79925.0,5.28445,3.65805,79908.09999999999,79908.2,0.242,3.063,0.0000125000,-0.0000134200,0.3,210.6
2026-09-05T16:35:46.142+00:00,B_sell_A_buy,-2.1147,-12.5147,79924.0,79925.0,5.28445,3.65805,79908.09999999999,79908.2,0.242,3.063,0.0000125000,-0.0000134200,0.3,210.6
2026-09-05T16:35:47.213+00:00,A_sell_B_buy,2.5402,-7.8598,79924.0,79925.0,5.45214,7.81117,79903.6,79903.7,1.977,0.482,0.0000125000,-0.0000134200,0.2,79.3
2026-09-05T16:35:47.213+00:00,B_sell_A_buy,-2.6779,-13.0779,79924.0,79925.0,5.45214,7.81117,79903.6,79903.7,1.977,0.482,0.0000125000,-0.0000134200,0.2,79.3
2026-09-05T16:35:48.283+00:00,A_sell_B_buy,2.5402,-7.8598,79924.0,79925.0,5.13091,5.64812,79903.6,79903.7,2.13,0.008,0.0000125000,-0.0000134200,0.3,263.8
2026-09-05T16:35:48.283+00:00,B_sell_A_buy,-2.6779,-13.0779,79924.0,79925.0,5.13091,5.64812,79903.6,79903.7,2.13,0.008,0.0000125000,-0.0000134200,0.3,263.8
2026-09-05T16:35:49.389+00:00,A_sell_B_buy,2.5402,-7.8598,79924.0,79925.0,3.71137,6.88263,79903.6,79903.7,1.803,0.46,0.0000125000,-0.0000134200,0.3,510.3
2026-09-05T16:35:49.389+00:00,B_sell_A_buy,-2.6779,-13.0779,79924.0,79925.0,3.71137,6.88263,79903.6,79903.7,1.803,0.46,0.0000125000,-0.0000134200,0.3,510.3
2026-09-05T16:35:50.500+00:00,A_sell_B_buy,2.5402,-7.8598,79924.0,79925.0,3.95577,6.13193,79903.6,79903.7,1.958,0.459,0.0000125000,-0.0000134200,0.3,322.7
2026-09-05T16:35:50.500+00:00,B_sell_A_buy,-2.6779,-13.0779,79924.0,79925.0,3.95577,6.13193,79903.6,79903.7,1.958,0.459,0.0000125000,-0.0000134200,0.3,322.7
2026-09-05T16:35:51.556+00:00,A_sell_B_buy,2.5402,-7.8598,79924.0,79925.0,3.71137,6.66258,79903.6,79903.7,1.808,0.449,0.0000125000,-0.0000134200,0.3,135.0
2026-09-05T16:35:51.556+00:00,B_sell_A_buy,-2.6779,-13.0779,79924.0,79925.0,3.71137,6.66258,79903.6,79903.7,1.808,0.449,0.0000125000,-0.0000134200,0.3,135.0
2026-09-05T16:35:52.563+00:00,A_sell_B_buy,2.5402,-7.8598,79924.0,79925.0,3.79937,6.66258,79903.6,79903.7,2.617,0.008,0.0000125000,-0.0000134200,0.3,188.5
2026-09-05T16:35:52.563+00:00,B_sell_A_buy,-2.6779,-13.0779,79924.0,79925.0,3.79937,6.66258,79903.6,79903.7,2.617,0.008,0.0000125000,-0.0000134200,0.3,188.5
2026-09-05T16:35:53.578+00:00,A_sell_B_buy,2.5402,-7.8598,79924.0,79925.0,5.13213,3.88302,79903.6,79903.7,2.617,0.008,0.0000125000,-0.0000134200,0.3,1203.0
2026-09-05T16:35:53.578+00:00,B_sell_A_buy,-2.6779,-13.0779,79924.0,79925.0,5.13213,3.88302,79903.6,79903.7,2.617,0.008,0.0000125000,-0.0000134200,0.3,1203.0
2026-09-05T16:35:54.578+00:00,A_sell_B_buy,2.5402,-7.8598,79924.0,79925.0,7.37994,0.47826,79903.6,79903.7,3.276,0.008,0.0000125000,-0.0000134200,7.8,0.1
2026-09-05T16:35:54.578+00:00,B_sell_A_buy,-2.6779,-13.0779,79924.0,79925.0,7.37994,0.47826,79903.6,79903.7,3.276,0.008,0.0000125000,-0.0000134200,7.8,0.1
2026-09-05T16:35:55.630+00:00,A_sell_B_buy,2.5402,-7.8598,79924.0,79925.0,7.22354,0.86638,79903.6,79903.7,2.618,0.008,0.0000125000,-0.0000134200,0.3,549.4
2026-09-05T16:35:55.630+00:00,B_sell_A_buy,-2.6779,-13.0779,79924.0,79925.0,7.22354,0.86638,79903.6,79903.7,2.618,0.008,0.0000125000,-0.0000134200,0.3,549.4
2026-09-05T16:35:56.755+00:00,A_sell_B_buy,2.5402,-7.8598,79924.0,79925.0,7.24731,0.86638,79903.6,79903.7,2.618,0.197,0.0000125000,-0.0000134200,0.3,821.2
2026-09-05T16:35:56.755+00:00,B_sell_A_buy,-2.6779,-13.0779,79924.0,79925.0,7.24731,0.86638,79903.6,79903.7,2.618,0.197,0.0000125000,-0.0000134200,0.3,821.2
2026-09-05T16:35:57.778+00:00,A_sell_B_buy,2.5402,-7.8598,79924.0,79925.0,5.49152,3.71645,79903.6,79903.7,2.077,0.623,0.0000125000,-0.0000134200,0.3,162.8
2026-09-05T16:35:57.778+00:00,B_sell_A_buy,-2.6779,-13.0779,79924.0,79925.0,5.49152,3.71645,79903.6,79903.7,2.077,0.623,0.0000125000,-0.0000134200,0.3,162.8
2026-09-05T16:35:58.879+00:00,A_sell_B_buy,2.5402,-7.8598,79924.0,79925.0,5.28429,4.15136,79903.6,79903.7,2.077,0.623,0.0000125000,-0.0000134200,0.3,155.7
2026-09-05T16:35:58.879+00:00,B_sell_A_buy,-2.6779,-13.0779,79924.0,79925.0,5.28429,4.15136,79903.6,79903.7,2.077,0.623,0.0000125000,-0.0000134200,0.3,155.7
2026-09-05T16:35:59.939+00:00,A_sell_B_buy,2.5402,-7.8598,79924.0,79925.0,4.74976,3.24959,79903.6,79903.7,2.227,0.623,0.0000125000,-0.0000134200,0.2,1053.2
2026-09-05T16:35:59.939+00:00,B_sell_A_buy,-2.6779,-13.0779,79924.0,79925.0,4.74976,3.24959,79903.6,79903.7,2.227,0.623,0.0000125000,-0.0000134200,0.2,1053.2
2026-09-05T16:36:01.075+00:00,A_sell_B_buy,2.5402,-7.8598,79924.0,79925.0,5.59976,3.73472,79903.6,79903.7,2.077,0.623,0.0000125000,-0.0000126500,192.5,0.2
2026-09-05T16:36:01.075+00:00,B_sell_A_buy,-2.6779,-13.0779,79924.0,79925.0,5.59976,3.73472,79903.6,79903.7,2.077,0.623,0.0000125000,-0.0000126500,192.5,0.2
2026-09-05T16:36:02.093+00:00,A_sell_B_buy,2.5402,-7.8598,79924.0,79925.0,5.75678,3.75972,79903.6,79903.7,2.445,0.623,0.0000125000,-0.0000126500,0.3,161.5
2026-09-05T16:36:02.093+00:00,B_sell_A_buy,-2.6779,-13.0779,79924.0,79925.0,5.75678,3.75972,79903.6,79903.7,2.445,0.623,0.0000125000,-0.0000126500,0.3,161.5
2026-09-05T16:36:03.529+00:00,A_sell_B_buy,2.5402,-7.8598,79924.0,79925.0,5.09848,4.42397,79903.6,79903.7,2.295,0.409,0.0000125000,-0.0000126500,491.8,0.3
2026-09-05T16:36:03.529+00:00,B_sell_A_buy,-2.6779,-13.0779,79924.0,79925.0,5.09848,4.42397,79903.6,79903.7,2.295,0.409,0.0000125000,-0.0000126500,491.8,0.3
2026-09-05T16:36:04.584+00:00,A_sell_B_buy,2.5402,-7.8598,79924.0,79925.0,3.54541,3.56493,79903.6,79903.7,2.569,0.624,0.0000125000,-0.0000126500,199.1,0.2
2026-09-05T16:36:04.584+00:00,B_sell_A_buy,-2.6779,-13.0779,79924.0,79925.0,3.54541,3.56493,79903.6,79903.7,2.569,0.624,0.0000125000,-0.0000126500,199.1,0.2
2026-09-05T16:36:05.635+00:00,A_sell_B_buy,2.5402,-7.8598,79924.0,79925.0,3.54541,4.65012,79903.6,79903.7,2.295,0.624,0.0000125000,-0.0000126500,0.3,764.2
2026-09-05T16:36:05.635+00:00,B_sell_A_buy,-2.6779,-13.0779,79924.0,79925.0,3.54541,4.65012,79903.6,79903.7,2.295,0.624,0.0000125000,-0.0000126500,0.3,764.2
2026-09-05T16:36:06.656+00:00,A_sell_B_buy,2.5402,-7.8598,79924.0,79925.0,3.17309,2.34091,79903.6,79903.7,2.667,0.21,0.0000125000,-0.0000126500,0.1,74.5
2026-09-05T16:36:06.656+00:00,B_sell_A_buy,-2.6779,-13.0779,79924.0,79925.0,3.17309,2.34091,79903.6,79903.7,2.667,0.21,0.0000125000,-0.0000126500,0.1,74.5
2026-09-05T16:36:07.670+00:00,A_sell_B_buy,2.5402,-7.8598,79924.0,79925.0,5.53585,1.65579,79903.6,79903.7,2.517,0.448,0.0000125000,-0.0000126500,0.3,537.1
2026-09-05T16:36:07.670+00:00,B_sell_A_buy,-2.6779,-13.0779,79924.0,79925.0,5.53585,1.65579,79903.6,79903.7,2.517,0.448,0.0000125000,-0.0000126500,0.3,537.1
2026-09-05T16:36:08.704+00:00,A_sell_B_buy,2.5402,-7.8598,79924.0,79925.0,5.53585,1.21844,79903.6,79903.7,2.517,0.448,0.0000125000,-0.0000126500,0.3,663.5
2026-09-05T16:36:08.704+00:00,B_sell_A_buy,-2.6779,-13.0779,79924.0,79925.0,5.53585,1.21844,79903.6,79903.7,2.517,0.448,0.0000125000,-0.0000126500,0.3,663.5
2026-09-05T16:36:09.715+00:00,A_sell_B_buy,2.5402,-7.8598,79924.0,79926.0,5.13954,0.1943,79903.6,79903.7,2.298,0.448,0.0000125000,-0.0000126500,0.3,951.4
2026-09-05T16:36:09.715+00:00,B_sell_A_buy,-2.8030,-13.2030,79924.0,79926.0,5.13954,0.1943,79903.6,79903.7,2.298,0.448,0.0000125000,-0.0000126500,0.3,951.4
2026-09-05T16:36:10.723+00:00,A_sell_B_buy,2.6653,-7.7347,79925.0,79926.0,5.2587,2.11969,79903.6,79903.7,2.505,0.246,0.0000125000,-0.0000126500,0.1,38.7
2026-09-05T16:36:10.723+00:00,B_sell_A_buy,-2.8030,-13.2030,79925.0,79926.0,5.2587,2.11969,79903.6,79903.7,2.505,0.246,0.0000125000,-0.0000126500,0.1,38.7
2026-09-05T16:36:11.795+00:00,A_sell_B_buy,2.6653,-7.7347,79925.0,79926.0,5.44788,2.33548,79903.6,79903.7,2.505,0.246,0.0000125000,-0.0000126500,0.3,1111.6
2026-09-05T16:36:11.795+00:00,B_sell_A_buy,-2.8030,-13.2030,79925.0,79926.0,5.44788,2.33548,79903.6,79903.7,2.505,0.246,0.0000125000,-0.0000126500,0.3,1111.6
2026-09-05T16:36:12.946+00:00,A_sell_B_buy,2.6653,-7.7347,79925.0,79926.0,3.23007,5.45574,79903.6,79903.7,1.502,0.48,0.0000125000,-0.0000126500,0.3,567.0
2026-09-05T16:36:12.946+00:00,B_sell_A_buy,-2.8030,-13.2030,79925.0,79926.0,3.23007,5.45574,79903.6,79903.7,1.502,0.48,0.0000125000,-0.0000126500,0.3,567.0
2026-09-05T16:36:13.953+00:00,A_sell_B_buy,2.5402,-7.8598,79924.0,79925.0,0.85,11.12603,79903.6,79903.7,0.001,1.11,0.0000125000,-0.0000126500,0.3,769.6
2026-09-05T16:36:13.953+00:00,B_sell_A_buy,-2.6779,-13.0779,79924.0,79925.0,0.85,11.12603,79903.6,79903.7,0.001,1.11,0.0000125000,-0.0000126500,0.3,769.6
2026-09-05T16:36:15.294+00:00,A_sell_B_buy,2.5402,-7.8598,79924.0,79925.0,0.80491,11.94734,79903.6,79903.7,0.001,1.102,0.0000125000,-0.0000126500,0.3,675.0
2026-09-05T16:36:15.294+00:00,B_sell_A_buy,-2.6779,-13.0779,79924.0,79925.0,0.80491,11.94734,79903.6,79903.7,0.001,1.102,0.0000125000,-0.0000126500,0.3,675.0
2026-09-05T16:36:16.314+00:00,A_sell_B_buy,2.5402,-7.8598,79924.0,79925.0,3.85679,1.72904,79903.6,79903.7,1.697,0.472,0.0000125000,-0.0000126500,0.3,88.1
2026-09-05T16:36:16.314+00:00,B_sell_A_buy,-2.6779,-13.0779,79924.0,79925.0,3.85679,1.72904,79903.6,79903.7,1.697,0.472,0.0000125000,-0.0000126500,0.3,88.1
2026-09-05T16:36:17.368+00:00,A_sell_B_buy,2.5402,-7.8598,79924.0,79925.0,4.36476,2.42757,79903.6,79903.7,0.196,0.258,0.0000125000,-0.0000126500,123.8,0.3
2026-09-05T16:36:17.368+00:00,B_sell_A_buy,-2.6779,-13.0779,79924.0,79925.0,4.36476,2.42757,79903.6,79903.7,0.196,0.258,0.0000125000,-0.0000126500,123.8,0.3
2026-09-05T16:36:18.372+00:00,A_sell_B_buy,2.5402,-7.8598,79924.0,79925.0,4.36476,2.97534,79903.6,79903.7,0.405,0.472,0.0000125000,-0.0000126500,0.1,499.5
2026-09-05T16:36:18.372+00:00,B_sell_A_buy,-2.6779,-13.0779,79924.0,79925.0,4.36476,2.97534,79903.6,79903.7,0.405,0.472,0.0000125000,-0.0000126500,0.1,499.5
2026-09-05T16:36:19.378+00:00,A_sell_B_buy,2.5402,-7.8598,79924.0,79925.0,2.46835,3.26805,79903.6,79903.7,0.001,0.472,0.0000125000,-0.0000126500,164.4,0.2
2026-09-05T16:36:19.378+00:00,B_sell_A_buy,-2.6779,-13.0779,79924.0,79925.0,2.46835,3.26805,79903.6,79903.7,0.001,0.472,0.0000125000,-0.0000126500,164.4,0.2
2026-09-05T16:36:20.437+00:00,A_sell_B_buy,2.5402,-7.8598,79924.0,79925.0,2.07379,4.39378,79903.6,79903.7,0.001,0.472,0.0000125000,-0.0000126500,0.3,1059.3
2026-09-05T16:36:20.437+00:00,B_sell_A_buy,-2.6779,-13.0779,79924.0,79925.0,2.07379,4.39378,79903.6,79903.7,0.001,0.472,0.0000125000,-0.0000126500,0.3,1059.3
2026-09-05T16:36:21.470+00:00,A_sell_B_buy,2.5402,-7.8598,79924.0,79925.0,1.94877,5.26922,79903.6,79903.7,0.001,0.258,0.0000125000,-0.0000126500,13.2,0.1
2026-09-05T16:36:21.470+00:00,B_sell_A_buy,-2.6779,-13.0779,79924.0,79925.0,1.94877,5.26922,79903.6,79903.7,0.001,0.258,0.0000125000,-0.0000126500,13.2,0.1
2026-09-05T16:36:22.537+00:00,A_sell_B_buy,2.5402,-7.8598,79924.0,79925.0,1.94877,5.27521,79903.6,79903.7,0.001,0.472,0.0000125000,-0.0000126500,0.3,896.5
2026-09-05T16:36:22.537+00:00,B_sell_A_buy,-2.6779,-13.0779,79924.0,79925.0,1.94877,5.27521,79903.6,79903.7,0.001,0.472,0.0000125000,-0.0000126500,0.3,896.5
2026-09-05T16:36:23.552+00:00,A_sell_B_buy,2.5402,-7.8598,79924.0,79925.0,1.94839,5.2752,79903.6,79903.7,0.001,1.973,0.0000125000,-0.0000126500,0.2,781.1
2026-09-05T16:36:23.552+00:00,B_sell_A_buy,-2.6779,-13.0779,79924.0,79925.0,1.94839,5.2752,79903.6,79903.7,0.001,1.973,0.0000125000,-0.0000126500,0.2,781.1
2026-09-05T16:36:24.557+00:00,A_sell_B_buy,2.5402,-7.8598,79924.0,79925.0,0.61076,5.57643,79903.6,79903.7,0.225,2.676,0.0000125000,-0.0000126500,0.2,221.9
2026-09-05T16:36:24.557+00:00,B_sell_A_buy,-2.6779,-13.0779,79924.0,79925.0,0.61076,5.57643,79903.6,79903.7,0.225,2.676,0.0000125000,-0.0000126500,0.2,221.9
2026-09-05T16:36:25.558+00:00,A_sell_B_buy,2.5402,-7.8598,79924.0,79925.0,0.60937,8.64036,79903.6,79903.7,0.001,2.676,0.0000125000,-0.0000126500,0.2,588.6
2026-09-05T16:36:25.558+00:00,B_sell_A_buy,-2.6779,-13.0779,79924.0,79925.0,0.60937,8.64036,79903.6,79903.7,0.001,2.676,0.0000125000,-0.0000126500,0.2,588.6
2026-09-05T16:36:26.698+00:00,A_sell_B_buy,2.5402,-7.8598,79924.0,79925.0,0.69812,7.75923,79903.6,79903.7,0.001,2.674,0.0000125000,-0.0000126500,0.3,718.5
2026-09-05T16:36:26.698+00:00,B_sell_A_buy,-2.6779,-13.0779,79924.0,79925.0,0.69812,7.75923,79903.6,79903.7,0.001,2.674,0.0000125000,-0.0000126500,0.3,718.5
2026-09-05T16:36:27.733+00:00,A_sell_B_buy,2.7905,-7.6095,79926.0,79927.0,7.17502,2.9226,79903.6,79903.7,0.366,0.236,0.0000125000,-0.0000126500,53.3,0.2
2026-09-05T16:36:27.733+00:00,B_sell_A_buy,-2.9281,-13.3281,79926.0,79927.0,7.17502,2.9226,79903.6,79903.7,0.366,0.236,0.0000125000,-0.0000126500,53.3,0.2
2026-09-05T16:36:28.837+00:00,A_sell_B_buy,2.7905,-7.6095,79926.0,79927.0,4.45422,6.07839,79903.6,79903.7,0.215,1.961,0.0000125000,-0.0000126500,0.3,753.1
2026-09-05T16:36:28.837+00:00,B_sell_A_buy,-2.9281,-13.3281,79926.0,79927.0,4.45422,6.07839,79903.6,79903.7,0.215,1.961,0.0000125000,-0.0000126500,0.3,753.1
2026-09-05T16:36:29.886+00:00,A_sell_B_buy,2.7905,-7.6095,79926.0,79927.0,4.52221,6.67208,79903.6,79903.7,0.215,1.961,0.0000125000,-0.0000126500,0.3,1802.3
2026-09-05T16:36:29.886+00:00,B_sell_A_buy,-2.9281,-13.3281,79926.0,79927.0,4.52221,6.67208,79903.6,79903.7,0.215,1.961,0.0000125000,-0.0000126500,0.3,1802.3
2026-09-05T16:36:30.925+00:00,A_sell_B_buy,2.9156,-7.4844,79927.0,79928.0,1.92252,0.49992,79903.6,79903.7,2.314,0.024,0.0000125000,-0.0000126500,72.0,0.2
2026-09-05T16:36:30.925+00:00,B_sell_A_buy,-3.0532,-13.4532,79927.0,79928.0,1.92252,0.49992,79903.6,79903.7,2.314,0.024,0.0000125000,-0.0000126500,72.0,0.2
2026-09-05T16:36:31.951+00:00,A_sell_B_buy,2.3274,-8.0726,79927.0,79928.0,9.21016,3.11052,79908.3,79908.4,0.312,0.446,0.0000125000,-0.0000126500,0.2,667.6
2026-09-05T16:36:31.951+00:00,B_sell_A_buy,-2.4650,-12.8650,79927.0,79928.0,9.21016,3.11052,79908.3,79908.4,0.312,0.446,0.0000125000,-0.0000126500,0.2,667.6
2026-09-05T16:36:32.999+00:00,A_sell_B_buy,2.3274,-8.0726,79927.0,79928.0,8.95322,3.58773,79908.3,79908.4,0.313,0.446,0.0000125000,-0.0000126500,106.3,0.2
2026-09-05T16:36:32.999+00:00,B_sell_A_buy,-2.4650,-12.8650,79927.0,79928.0,8.95322,3.58773,79908.3,79908.4,0.313,0.446,0.0000125000,-0.0000126500,106.3,0.2
2026-09-05T16:36:34.250+00:00,A_sell_B_buy,2.3274,-8.0726,79927.0,79928.0,8.86709,2.54898,79908.3,79908.4,0.313,0.446,0.0000125000,-0.0000126500,0.3,1251.6
2026-09-05T16:36:34.250+00:00,B_sell_A_buy,-2.4650,-12.8650,79927.0,79928.0,8.86709,2.54898,79908.3,79908.4,0.313,0.446,0.0000125000,-0.0000126500,0.3,1251.6
2026-09-05T16:36:35.328+00:00,A_sell_B_buy,2.3274,-8.0726,79927.0,79928.0,8.7987,3.66529,79908.3,79908.4,0.313,0.391,0.0000125000,-0.0000126500,0.3,377.4
2026-09-05T16:36:35.328+00:00,B_sell_A_buy,-2.4650,-12.8650,79927.0,79928.0,8.7987,3.66529,79908.3,79908.4,0.313,0.391,0.0000125000,-0.0000126500,0.3,377.4
2026-09-05T16:36:36.389+00:00,A_sell_B_buy,2.3274,-8.0726,79927.0,79928.0,8.77581,3.68925,79908.3,79908.4,0.313,1.021,0.0000125000,-0.0000126500,0.3,752.1
2026-09-05T16:36:36.389+00:00,B_sell_A_buy,-2.4650,-12.8650,79927.0,79928.0,8.77581,3.68925,79908.3,79908.4,0.313,1.021,0.0000125000,-0.0000126500,0.3,752.1
2026-09-05T16:36:38.778+00:00,A_sell_B_buy,2.3274,-8.0726,79927.0,79928.0,8.98216,0.44005,79908.3,79908.4,0.313,0.391,0.0000125000,-0.0000126500,195.7,0.3
2026-09-05T16:36:38.778+00:00,B_sell_A_buy,-2.4650,-12.8650,79927.0,79928.0,8.98216,0.44005,79908.3,79908.4,0.313,0.391,0.0000125000,-0.0000126500,195.7,0.3
2026-09-05T16:36:39.838+00:00,A_sell_B_buy,2.3274,-8.0726,79927.0,79928.0,8.64393,1.19371,79908.3,79908.4,0.313,0.391,0.0000125000,-0.0000126500,0.2,1060.4
2026-09-05T16:36:39.838+00:00,B_sell_A_buy,-2.4650,-12.8650,79927.0,79928.0,8.64393,1.19371,79908.3,79908.4,0.313,0.391,0.0000125000,-0.0000126500,0.2,1060.4
2026-09-05T16:36:40.847+00:00,A_sell_B_buy,2.3274,-8.0726,79927.0,79928.0,9.1511,0.8066,79908.3,79908.4,0.313,0.391,0.0000125000,-0.0000126500,0.2,318.1
2026-09-05T16:36:40.847+00:00,B_sell_A_buy,-2.4650,-12.8650,79927.0,79928.0,9.1511,0.8066,79908.3,79908.4,0.313,0.391,0.0000125000,-0.0000126500,0.2,318.1
2026-09-05T16:36:42.044+00:00,A_sell_B_buy,2.3274,-8.0726,79927.0,79928.0,9.13855,1.31971,79908.3,79908.4,0.39,0.391,0.0000125000,-0.0000126500,0.2,256.2
2026-09-05T16:36:42.044+00:00,B_sell_A_buy,-2.4650,-12.8650,79927.0,79928.0,9.13855,1.31971,79908.3,79908.4,0.39,0.391,0.0000125000,-0.0000126500,0.2,256.2
2026-09-05T16:36:43.189+00:00,A_sell_B_buy,2.3274,-8.0726,79927.0,79928.0,9.13855,1.83452,79908.3,79908.4,0.39,0.391,0.0000125000,-0.0000126500,0.3,1401.1
2026-09-05T16:36:43.189+00:00,B_sell_A_buy,-2.4650,-12.8650,79927.0,79928.0,9.13855,1.83452,79908.3,79908.4,0.39,0.391,0.0000125000,-0.0000126500,0.3,1401.1
2026-09-05T16:36:44.219+00:00,A_sell_B_buy,2.3274,-8.0726,79927.0,79928.0,9.13855,1.24179,79908.3,79908.4,0.39,0.391,0.0000125000,-0.0000126500,0.2,398.5
2026-09-05T16:36:44.219+00:00,B_sell_A_buy,-2.4650,-12.8650,79927.0,79928.0,9.13855,1.24179,79908.3,79908.4,0.39,0.391,0.0000125000,-0.0000126500,0.2,398.5
2026-09-05T16:36:45.232+00:00,A_sell_B_buy,2.3274,-8.0726,79927.0,79928.0,9.1511,1.38081,79908.3,79908.4,0.39,1.021,0.0000125000,-0.0000126500,0.3,252.1
2026-09-05T16:36:45.232+00:00,B_sell_A_buy,-2.4650,-12.8650,79927.0,79928.0,9.1511,1.38081,79908.3,79908.4,0.39,1.021,0.0000125000,-0.0000126500,0.3,252.1
2026-09-05T16:36:46.349+00:00,A_sell_B_buy,3.2031,-7.1969,79934.0,79935.0,5.89006,6.30281,79908.3,79908.4,1.893,0.63,0.0000125000,-0.0000126500,0.3,118.2
2026-09-05T16:36:46.349+00:00,B_sell_A_buy,-3.3408,-13.7408,79934.0,79935.0,5.89006,6.30281,79908.3,79908.4,1.893,0.63,0.0000125000,-0.0000126500,0.3,118.2
2026-09-05T16:36:47.376+00:00,A_sell_B_buy,1.9268,-8.4732,79934.0,79935.0,8.42986,1.21708,79918.5,79918.59999999999,0.312,2.01,0.0000125000,-0.0000126500,53.4,0.2
2026-09-05T16:36:47.376+00:00,B_sell_A_buy,-2.0644,-12.4644,79934.0,79935.0,8.42986,1.21708,79918.5,79918.59999999999,0.312,2.01,0.0000125000,-0.0000126500,53.4,0.2
2026-09-05T16:36:48.385+00:00,A_sell_B_buy,1.9518,-8.4482,79934.0,79935.0,5.92936,7.44003,79918.3,79918.4,0.002,2.079,0.0000125000,-0.0000126500,0.2,307.0
2026-09-05T16:36:48.385+00:00,B_sell_A_buy,-2.0894,-12.4894,79934.0,79935.0,5.92936,7.44003,79918.3,79918.4,0.002,2.079,0.0000125000,-0.0000126500,0.2,307.0
2026-09-05T16:36:49.463+00:00,A_sell_B_buy,1.9518,-8.4482,79934.0,79935.0,8.15588,2.19609,79918.3,79918.4,0.206,1.395,0.0000125000,-0.0000126500,0.2,231.5
2026-09-05T16:36:49.463+00:00,B_sell_A_buy,-2.0894,-12.4894,79934.0,79935.0,8.15588,2.19609,79918.3,79918.4,0.206,1.395,0.0000125000,-0.0000126500,0.2,231.5
2026-09-05T16:36:50.544+00:00,A_sell_B_buy,1.9518,-8.4482,79934.0,79935.0,4.2995,2.19763,79918.3,79918.4,0.003,2.148,0.0000125000,-0.0000126500,0.3,761.5
2026-09-05T16:36:50.544+00:00,B_sell_A_buy,-2.0894,-12.4894,79934.0,79935.0,4.2995,2.19763,79918.3,79918.4,0.003,2.148,0.0000125000,-0.0000126500,0.3,761.5
2026-09-05T16:36:51.547+00:00,A_sell_B_buy,1.9518,-8.4482,79934.0,79935.0,5.66027,2.271,79918.3,79918.4,0.003,2.147,0.0000125000,-0.0000126500,0.3,467.9
2026-09-05T16:36:51.547+00:00,B_sell_A_buy,-2.0894,-12.4894,79934.0,79935.0,5.66027,2.271,79918.3,79918.4,0.003,2.147,0.0000125000,-0.0000126500,0.3,467.9
2026-09-05T16:36:52.789+00:00,A_sell_B_buy,1.9518,-8.4482,79934.0,79935.0,6.28576,2.34862,79918.3,79918.4,0.196,2.147,0.0000125000,-0.0000126500,0.3,509.7
2026-09-05T16:36:52.789+00:00,B_sell_A_buy,-2.0894,-12.4894,79934.0,79935.0,6.28576,2.34862,79918.3,79918.4,0.196,2.147,0.0000125000,-0.0000126500,0.3,509.7
2026-09-05T16:36:53.970+00:00,A_sell_B_buy,1.9518,-8.4482,79934.0,79935.0,6.41091,1.71835,79918.3,79918.4,0.196,2.147,0.0000125000,-0.0000126500,0.3,1691.1
2026-09-05T16:36:53.970+00:00,B_sell_A_buy,-2.0894,-12.4894,79934.0,79935.0,6.41091,1.71835,79918.3,79918.4,0.196,2.147,0.0000125000,-0.0000126500,0.3,1691.1
2026-09-05T16:36:56.280+00:00,A_sell_B_buy,1.9518,-8.4482,79934.0,79935.0,6.85747,1.11937,79918.3,79918.4,0.003,2.147,0.0000125000,-0.0000126500,155.1,0.2
2026-09-05T16:36:56.280+00:00,B_sell_A_buy,-2.0894,-12.4894,79934.0,79935.0,6.85747,1.11937,79918.3,79918.4,0.003,2.147,0.0000125000,-0.0000126500,155.1,0.2
2026-09-05T16:36:57.289+00:00,A_sell_B_buy,1.9518,-8.4482,79934.0,79935.0,5.88777,2.91037,79918.3,79918.4,0.201,1.395,0.0000125000,-0.0000126500,0.2,14.2
2026-09-05T16:36:57.289+00:00,B_sell_A_buy,-2.0894,-12.4894,79934.0,79935.0,5.88777,2.91037,79918.3,79918.4,0.201,1.395,0.0000125000,-0.0000126500,0.2,14.2
2026-09-05T16:36:58.298+00:00,A_sell_B_buy,1.9518,-8.4482,79934.0,79935.0,5.02741,1.60842,79918.3,79918.4,0.195,1.395,0.0000125000,-0.0000126500,0.2,62.8
2026-09-05T16:36:58.298+00:00,B_sell_A_buy,-2.0894,-12.4894,79934.0,79935.0,5.02741,1.60842,79918.3,79918.4,0.195,1.395,0.0000125000,-0.0000126500,0.2,62.8
2026-09-05T16:36:59.305+00:00,A_sell_B_buy,1.9518,-8.4482,79934.0,79935.0,5.02755,1.33739,79918.3,79918.4,0.003,1.395,0.0000125000,-0.0000126500,0.3,732.9
2026-09-05T16:36:59.305+00:00,B_sell_A_buy,-2.0894,-12.4894,79934.0,79935.0,5.02755,1.33739,79918.3,79918.4,0.003,1.395,0.0000125000,-0.0000126500,0.3,732.9
2026-09-05T16:37:00.359+00:00,A_sell_B_buy,1.9518,-8.4482,79934.0,79935.0,4.52714,1.74711,79918.3,79918.4,0.003,1.395,0.0000125000,-0.0000126500,0.2,1786.4
2026-09-05T16:37:00.359+00:00,B_sell_A_buy,-2.0894,-12.4894,79934.0,79935.0,4.52714,1.74711,79918.3,79918.4,0.003,1.395,0.0000125000,-0.0000126500,0.2,1786.4
2026-09-05T16:37:01.619+00:00,A_sell_B_buy,1.9518,-8.4482,79934.0,79935.0,4.52671,1.55969,79918.3,79918.4,0.003,1.186,0.0000125000,-0.0000128100,278.3,0.2
2026-09-05T16:37:01.619+00:00,B_sell_A_buy,-2.0894,-12.4894,79934.0,79935.0,4.52671,1.55969,79918.3,79918.4,0.003,1.186,0.0000125000,-0.0000128100,278.3,0.2
2026-09-05T16:37:02.653+00:00,A_sell_B_buy,1.9518,-8.4482,79934.0,79935.0,2.48589,10.32761,79918.3,79918.4,0.003,2.232,0.0000125000,-0.0000128100,0.3,530.7
2026-09-05T16:37:02.653+00:00,B_sell_A_buy,-2.0894,-12.4894,79934.0,79935.0,2.48589,10.32761,79918.3,79918.4,0.003,2.232,0.0000125000,-0.0000128100,0.3,530.7
2026-09-05T16:37:03.685+00:00,A_sell_B_buy,1.9518,-8.4482,79934.0,79935.0,1.98548,10.2687,79918.3,79918.4,0.003,3.734,0.0000125000,-0.0000128100,0.2,242.6
2026-09-05T16:37:03.685+00:00,B_sell_A_buy,-2.0894,-12.4894,79934.0,79935.0,1.98548,10.2687,79918.3,79918.4,0.003,3.734,0.0000125000,-0.0000128100,0.2,242.6
2026-09-05T16:37:04.795+00:00,A_sell_B_buy,2.5524,-7.8476,79934.0,79935.0,2.57389,9.59134,79913.5,79913.6,0.197,10.972,0.0000125000,-0.0000128100,0.3,315.1
2026-09-05T16:37:04.795+00:00,B_sell_A_buy,-2.6901,-13.0901,79934.0,79935.0,2.57389,9.59134,79913.5,79913.6,0.197,10.972,0.0000125000,-0.0000128100,0.3,315.1
2026-09-05T16:37:05.798+00:00,A_sell_B_buy,2.5524,-7.8476,79934.0,79935.0,2.70813,6.52226,79913.5,79913.6,0.197,4.064,0.0000125000,-0.0000128100,0.1,24.1
2026-09-05T16:37:05.798+00:00,B_sell_A_buy,-2.6901,-13.0901,79934.0,79935.0,2.70813,6.52226,79913.5,79913.6,0.197,4.064,0.0000125000,-0.0000128100,0.1,24.1
2026-09-05T16:37:06.890+00:00,A_sell_B_buy,2.5524,-7.8476,79934.0,79935.0,2.4579,10.89153,79913.5,79913.6,0.197,4.064,0.0000125000,-0.0000128100,0.3,201.0
2026-09-05T16:37:06.890+00:00,B_sell_A_buy,-2.6901,-13.0901,79934.0,79935.0,2.4579,10.89153,79913.5,79913.6,0.197,4.064,0.0000125000,-0.0000128100,0.3,201.0
2026-09-05T16:37:08.037+00:00,A_sell_B_buy,2.5524,-7.8476,79934.0,79935.0,2.4579,9.6242,79913.5,79913.6,0.197,4.065,0.0000125000,-0.0000128100,0.3,444.2
2026-09-05T16:37:08.037+00:00,B_sell_A_buy,-2.6901,-13.0901,79934.0,79935.0,2.4579,9.6242,79913.5,79913.6,0.197,4.065,0.0000125000,-0.0000128100,0.3,444.2
2026-09-05T16:37:09.046+00:00,A_sell_B_buy,2.5524,-7.8476,79934.0,79935.0,2.5459,8.96543,79913.5,79913.6,0.197,5.566,0.0000125000,-0.0000128100,0.2,867.5
2026-09-05T16:37:09.046+00:00,B_sell_A_buy,-2.6901,-13.0901,79934.0,79935.0,2.5459,8.96543,79913.5,79913.6,0.197,5.566,0.0000125000,-0.0000128100,0.2,867.5
2026-09-05T16:37:10.175+00:00,A_sell_B_buy,2.5524,-7.8476,79934.0,79935.0,2.4579,7.45481,79913.5,79913.6,0.197,5.358,0.0000125000,-0.0000128100,250.7,0.3
2026-09-05T16:37:10.175+00:00,B_sell_A_buy,-2.6901,-13.0901,79934.0,79935.0,2.4579,7.45481,79913.5,79913.6,0.197,5.358,0.0000125000,-0.0000128100,250.7,0.3
2026-09-05T16:37:11.308+00:00,A_sell_B_buy,2.5524,-7.8476,79934.0,79935.0,2.4504,6.56352,79913.5,79913.6,0.197,5.334,0.0000125000,-0.0000128100,0.2,1133.4
2026-09-05T16:37:11.308+00:00,B_sell_A_buy,-2.6901,-13.0901,79934.0,79935.0,2.4504,6.56352,79913.5,79913.6,0.197,5.334,0.0000125000,-0.0000128100,0.2,1133.4
2026-09-05T16:37:13.122+00:00,A_sell_B_buy,2.5524,-7.8476,79934.0,79935.0,3.20859,5.4521,79913.5,79913.6,0.197,4.962,0.0000125000,-0.0000128100,100.7,0.2
2026-09-05T16:37:13.122+00:00,B_sell_A_buy,-2.6901,-13.0901,79934.0,79935.0,3.20859,5.4521,79913.5,79913.6,0.197,4.962,0.0000125000,-0.0000128100,100.7,0.2
2026-09-05T16:37:14.145+00:00,A_sell_B_buy,2.5524,-7.8476,79934.0,79935.0,6.3646,0.43505,79913.5,79913.6,0.548,0.87,0.0000125000,-0.0000128100,0.2,60.9
2026-09-05T16:37:14.145+00:00,B_sell_A_buy,-2.6901,-13.0901,79934.0,79935.0,6.3646,0.43505,79913.5,79913.6,0.548,0.87,0.0000125000,-0.0000128100,0.2,60.9
2026-09-05T16:37:15.151+00:00,A_sell_B_buy,2.5524,-7.8476,79934.0,79935.0,6.36418,0.76392,79913.5,79913.6,0.549,0.639,0.0000125000,-0.0000128100,0.2,27.3
2026-09-05T16:37:15.151+00:00,B_sell_A_buy,-2.6901,-13.0901,79934.0,79935.0,6.36418,0.76392,79913.5,79913.6,0.549,0.639,0.0000125000,-0.0000128100,0.2,27.3
2026-09-05T16:37:16.176+00:00,A_sell_B_buy,3.3030,-7.0970,79940.0,79941.0,6.13571,3.40179,79913.5,79913.6,1.341,0.87,0.0000125000,-0.0000128100,43.4,0.2
2026-09-05T16:37:16.176+00:00,B_sell_A_buy,-3.4406,-13.8406,79940.0,79941.0,6.13571,3.40179,79913.5,79913.6,1.341,0.87,0.0000125000,-0.0000128100,43.4,0.2
2026-09-05T16:37:17.180+00:00,A_sell_B_buy,3.3030,-7.0970,79940.0,79941.0,1.99317,16.34239,79913.5,79913.6,1.366,0.87,0.0000125000,-0.0000128100,0.2,10.6
2026-09-05T16:37:17.180+00:00,B_sell_A_buy,-3.4406,-13.8406,79940.0,79941.0,1.99317,16.34239,79913.5,79913.6,1.366,0.87,0.0000125000,-0.0000128100,0.2,10.6
2026-09-05T16:37:18.204+00:00,A_sell_B_buy,3.3030,-7.0970,79940.0,79941.0,1.99304,17.31485,79913.5,79913.6,1.445,0.871,0.0000125000,-0.0000128100,0.3,376.9
2026-09-05T16:37:18.204+00:00,B_sell_A_buy,-3.4406,-13.8406,79940.0,79941.0,1.99304,17.31485,79913.5,79913.6,1.445,0.871,0.0000125000,-0.0000128100,0.3,376.9
2026-09-05T16:37:19.212+00:00,A_sell_B_buy,3.3030,-7.0970,79940.0,79941.0,2.08104,17.5322,79913.5,79913.6,3.096,0.871,0.0000125000,-0.0000128100,0.3,35.4
2026-09-05T16:37:19.212+00:00,B_sell_A_buy,-3.4406,-13.8406,79940.0,79941.0,2.08104,17.5322,79913.5,79913.6,3.096,0.871,0.0000125000,-0.0000128100,0.3,35.4
2026-09-05T16:37:20.671+00:00,A_sell_B_buy,3.3030,-7.0970,79940.0,79941.0,1.99304,16.52646,79913.5,79913.6,1.489,0.871,0.0000125000,-0.0000128100,0.2,641.7
2026-09-05T16:37:20.671+00:00,B_sell_A_buy,-3.4406,-13.8406,79940.0,79941.0,1.99304,16.52646,79913.5,79913.6,1.489,0.871,0.0000125000,-0.0000128100,0.2,641.7
2026-09-05T16:37:21.673+00:00,A_sell_B_buy,3.3030,-7.0970,79940.0,79941.0,2.05641,15.96167,79913.5,79913.6,1.082,1.071,0.0000125000,-0.0000128100,372.0,0.2
2026-09-05T16:37:21.673+00:00,B_sell_A_buy,-3.4406,-13.8406,79940.0,79941.0,2.05641,15.96167,79913.5,79913.6,1.082,1.071,0.0000125000,-0.0000128100,372.0,0.2
2026-09-05T16:37:22.715+00:00,A_sell_B_buy,3.3030,-7.0970,79940.0,79941.0,0.72655,15.98731,79913.5,79913.6,0.881,1.071,0.0000125000,-0.0000128100,0.3,689.4
2026-09-05T16:37:22.715+00:00,B_sell_A_buy,-3.4406,-13.8406,79940.0,79941.0,0.72655,15.98731,79913.5,79913.6,0.881,1.071,0.0000125000,-0.0000128100,0.3,689.4
2026-09-05T16:37:24.030+00:00,A_sell_B_buy,3.3030,-7.0970,79940.0,79941.0,0.30173,16.51674,79913.5,79913.6,1.031,1.071,0.0000125000,-0.0000128100,348.3,0.2
2026-09-05T16:37:24.030+00:00,B_sell_A_buy,-3.4406,-13.8406,79940.0,79941.0,0.30173,16.51674,79913.5,79913.6,1.031,1.071,0.0000125000,-0.0000128100,348.3,0.2
2026-09-05T16:37:25.082+00:00,A_sell_B_buy,3.3030,-7.0970,79940.0,79941.0,0.30173,16.85356,79913.5,79913.6,2.458,1.071,0.0000125000,-0.0000128100,53.5,0.2
2026-09-05T16:37:25.082+00:00,B_sell_A_buy,-3.4406,-13.8406,79940.0,79941.0,0.30173,16.85356,79913.5,79913.6,2.458,1.071,0.0000125000,-0.0000128100,53.5,0.2
2026-09-05T16:37:26.580+00:00,A_sell_B_buy,3.3030,-7.0970,79940.0,79941.0,0.30173,16.85356,79913.5,79913.6,1.107,1.07,0.0000125000,-0.0000128100,1552.5,0.2
2026-09-05T16:37:26.580+00:00,B_sell_A_buy,-3.4406,-13.8406,79940.0,79941.0,0.30173,16.85356,79913.5,79913.6,1.107,1.07,0.0000125000,-0.0000128100,1552.5,0.2
2026-09-05T16:37:27.834+00:00,A_sell_B_buy,3.3531,-7.0469,79940.0,79941.0,0.30173,18.00853,79913.1,79913.2,0.034,0.686,0.0000125000,-0.0000128100,0.3,294.9
2026-09-05T16:37:27.834+00:00,B_sell_A_buy,-3.4907,-13.8907,79940.0,79941.0,0.30173,18.00853,79913.1,79913.2,0.034,0.686,0.0000125000,-0.0000128100,0.3,294.9
2026-09-05T16:37:28.837+00:00,A_sell_B_buy,3.8286,-6.5714,79940.0,79941.0,0.00729,17.19515,79909.3,79909.40000000001,0.073,0.008,0.0000125000,-0.0000128100,69.0,0.1
2026-09-05T16:37:28.837+00:00,B_sell_A_buy,-3.9662,-14.3662,79940.0,79941.0,0.00729,17.19515,79909.3,79909.40000000001,0.073,0.008,0.0000125000,-0.0000128100,69.0,0.1
2026-09-05T16:37:29.886+00:00,A_sell_B_buy,4.0164,-6.3836,79939.0,79940.0,0.06222,17.00617,79901.3,79906.9,0.004,0.599,0.0000125000,-0.0000128100,136.9,0.2
2026-09-05T16:37:29.886+00:00,B_sell_A_buy,-4.8422,-15.2422,79939.0,79940.0,0.06222,17.00617,79901.3,79906.9,0.004,0.599,0.0000125000,-0.0000128100,136.9,0.2
2026-09-05T16:37:30.907+00:00,A_sell_B_buy,4.0792,-6.3208,79934.0,79935.0,0.00014,20.44998,79901.3,79901.40000000001,0.191,3.116,0.0000125000,-0.0000128100,0.3,780.2
2026-09-05T16:37:30.907+00:00,B_sell_A_buy,-4.2168,-14.6168,79934.0,79935.0,0.00014,20.44998,79901.3,79901.40000000001,0.191,3.116,0.0000125000,-0.0000128100,0.3,780.2
2026-09-05T16:37:31.914+00:00,A_sell_B_buy,3.2034,-7.1966,79927.0,79928.0,0.70634,4.32606,79901.3,79901.40000000001,0.191,3.746,0.0000125000,-0.0000128100,0.2,926.9
2026-09-05T16:37:31.914+00:00,B_sell_A_buy,-3.3411,-13.7411,79927.0,79928.0,0.70634,4.32606,79901.3,79901.40000000001,0.191,3.746,0.0000125000,-0.0000128100,0.2,926.9
2026-09-05T16:37:33.155+00:00,A_sell_B_buy,3.2034,-7.1966,79927.0,79928.0,2.3691,8.61172,79901.3,79901.40000000001,0.191,3.746,0.0000125000,-0.0000128100,0.2,390.1
2026-09-05T16:37:33.155+00:00,B_sell_A_buy,-3.3411,-13.7411,79927.0,79928.0,2.3691,8.61172,79901.3,79901.40000000001,0.191,3.746,0.0000125000,-0.0000128100,0.2,390.1
2026-09-05T16:37:34.330+00:00,A_sell_B_buy,3.2034,-7.1966,79927.0,79928.0,1.79463,12.82931,79901.3,79901.40000000001,0.191,3.747,0.0000125000,-0.0000128100,0.3,354.7
2026-09-05T16:37:34.330+00:00,B_sell_A_buy,-3.3411,-13.7411,79927.0,79928.0,1.79463,12.82931,79901.3,79901.40000000001,0.191,3.747,0.0000125000,-0.0000128100,0.3,354.7
2026-09-05T16:37:35.426+00:00,A_sell_B_buy,3.2034,-7.1966,79927.0,79928.0,1.00948,12.84456,79901.3,79901.40000000001,0.191,3.747,0.0000125000,-0.0000128100,0.2,1450.9
2026-09-05T16:37:35.426+00:00,B_sell_A_buy,-3.3411,-13.7411,79927.0,79928.0,1.00948,12.84456,79901.3,79901.40000000001,0.191,3.747,0.0000125000,-0.0000128100,0.2,1450.9
2026-09-05T16:37:36.472+00:00,A_sell_B_buy,3.2034,-7.1966,79927.0,79928.0,1.76015,11.853,79901.3,79901.40000000001,0.191,3.747,0.0000125000,-0.0000128100,0.2,236.4
2026-09-05T16:37:36.472+00:00,B_sell_A_buy,-3.3411,-13.7411,79927.0,79928.0,1.76015,11.853,79901.3,79901.40000000001,0.191,3.747,0.0000125000,-0.0000128100,0.2,236.4
2026-09-05T16:37:37.619+00:00,A_sell_B_buy,3.2034,-7.1966,79927.0,79928.0,1.13432,11.36955,79901.3,79901.40000000001,0.191,3.747,0.0000125000,-0.0000128100,0.2,1384.1
2026-09-05T16:37:37.619+00:00,B_sell_A_buy,-3.3411,-13.7411,79927.0,79928.0,1.13432,11.36955,79901.3,79901.40000000001,0.191,3.747,0.0000125000,-0.0000128100,0.2,1384.1
2026-09-05T16:37:38.675+00:00,A_sell_B_buy,3.2034,-7.1966,79927.0,79928.0,1.15845,11.11882,79901.3,79901.40000000001,0.191,1.155,0.0000125000,-0.0000128100,0.3,740.9
2026-09-05T16:37:38.675+00:00,B_sell_A_buy,-3.3411,-13.7411,79927.0,79928.0,1.15845,11.11882,79901.3,79901.40000000001,0.191,1.155,0.0000125000,-0.0000128100,0.3,740.9
2026-09-05T16:37:41.471+00:00,A_sell_B_buy,3.2034,-7.1966,79927.0,79928.0,1.12529,9.37376,79901.3,79901.40000000001,0.191,0.95,0.0000125000,-0.0000128100,32.1,0.2
2026-09-05T16:37:41.471+00:00,B_sell_A_buy,-3.3411,-13.7411,79927.0,79928.0,1.12529,9.37376,79901.3,79901.40000000001,0.191,0.95,0.0000125000,-0.0000128100,32.1,0.2
2026-09-05T16:37:42.485+00:00,A_sell_B_buy,3.2034,-7.1966,79927.0,79928.0,0.78122,8.11845,79901.3,79901.40000000001,0.266,2.656,0.0000125000,-0.0000128100,30.0,0.2
2026-09-05T16:37:42.485+00:00,B_sell_A_buy,-3.3411,-13.7411,79927.0,79928.0,0.78122,8.11845,79901.3,79901.40000000001,0.266,2.656,0.0000125000,-0.0000128100,30.0,0.2
2026-09-05T16:37:43.733+00:00,A_sell_B_buy,3.2034,-7.1966,79927.0,79928.0,0.78122,8.29273,79901.3,79901.40000000001,0.265,2.656,0.0000125000,-0.0000128100,0.3,895.9
2026-09-05T16:37:43.733+00:00,B_sell_A_buy,-3.3411,-13.7411,79927.0,79928.0,0.78122,8.29273,79901.3,79901.40000000001,0.265,2.656,0.0000125000,-0.0000128100,0.3,895.9
2026-09-05T16:37:44.746+00:00,A_sell_B_buy,3.2160,-7.1840,79927.0,79928.0,1.24729,8.95303,79898.20000000001,79901.3,0.215,0.04,0.0000125000,-0.0000128100,30.6,0.2
2026-09-05T16:37:44.746+00:00,B_sell_A_buy,-3.7290,-14.1290,79927.0,79928.0,1.24729,8.95303,79898.20000000001,79901.3,0.215,0.04,0.0000125000,-0.0000128100,30.6,0.2
2026-09-05T16:37:45.780+00:00,A_sell_B_buy,3.4663,-6.9337,79926.0,79927.0,0.83407,0.51488,79898.20000000001,79898.3,0.287,6.49,0.0000125000,-0.0000128100,42.3,0.2
2026-09-05T16:37:45.780+00:00,B_sell_A_buy,-3.6039,-14.0039,79926.0,79927.0,0.83407,0.51488,79898.20000000001,79898.3,0.287,6.49,0.0000125000,-0.0000128100,42.3,0.2
2026-09-05T16:37:46.828+00:00,A_sell_B_buy,3.4663,-6.9337,79926.0,79927.0,3.99527,2.6313,79898.20000000001,79898.3,0.483,0.276,0.0000125000,-0.0000128100,141.1,0.2
2026-09-05T16:37:46.828+00:00,B_sell_A_buy,-3.6039,-14.0039,79926.0,79927.0,3.99527,2.6313,79898.20000000001,79898.3,0.483,0.276,0.0000125000,-0.0000128100,141.1,0.2
2026-09-05T16:37:47.907+00:00,A_sell_B_buy,3.4663,-6.9337,79926.0,79927.0,4.08327,2.69058,79898.20000000001,79898.3,0.483,0.475,0.0000125000,-0.0000128100,0.3,540.2
2026-09-05T16:37:47.907+00:00,B_sell_A_buy,-3.6039,-14.0039,79926.0,79927.0,4.08327,2.69058,79898.20000000001,79898.3,0.483,0.475,0.0000125000,-0.0000128100,0.3,540.2
2026-09-05T16:37:49.013+00:00,A_sell_B_buy,3.4663,-6.9337,79926.0,79927.0,4.05856,2.74098,79898.20000000001,79898.3,0.483,0.475,0.0000125000,-0.0000128100,0.3,1646.2
2026-09-05T16:37:49.013+00:00,B_sell_A_buy,-3.6039,-14.0039,79926.0,79927.0,4.05856,2.74098,79898.20000000001,79898.3,0.483,0.475,0.0000125000,-0.0000128100,0.3,1646.2
2026-09-05T16:37:50.093+00:00,A_sell_B_buy,3.4663,-6.9337,79926.0,79927.0,3.54585,2.84974,79898.20000000001,79898.3,0.483,0.475,0.0000125000,-0.0000128100,0.3,768.4
2026-09-05T16:37:50.093+00:00,B_sell_A_buy,-3.6039,-14.0039,79926.0,79927.0,3.54585,2.84974,79898.20000000001,79898.3,0.483,0.475,0.0000125000,-0.0000128100,0.3,768.4
2026-09-05T16:37:51.168+00:00,A_sell_B_buy,3.4663,-6.9337,79926.0,79927.0,3.25745,3.67209,79898.20000000001,79898.3,0.483,0.475,0.0000125000,-0.0000128100,0.3,349.2
2026-09-05T16:37:51.168+00:00,B_sell_A_buy,-3.6039,-14.0039,79926.0,79927.0,3.25745,3.67209,79898.20000000001,79898.3,0.483,0.475,0.0000125000,-0.0000128100,0.3,349.2
2026-09-05T16:37:52.241+00:00,A_sell_B_buy,3.4663,-6.9337,79926.0,79927.0,1.00495,3.67409,79898.20000000001,79898.3,0.483,0.475,0.0000125000,-0.0000128100,0.2,1422.0
2026-09-05T16:37:52.241+00:00,B_sell_A_buy,-3.6039,-14.0039,79926.0,79927.0,1.00495,3.67409,79898.20000000001,79898.3,0.483,0.475,0.0000125000,-0.0000128100,0.2,1422.0
2026-09-05T16:37:53.290+00:00,A_sell_B_buy,3.4663,-6.9337,79926.0,79927.0,1.15753,3.67409,79898.20000000001,79898.3,0.483,0.465,0.0000125000,-0.0000128100,361.8,0.2
2026-09-05T16:37:53.290+00:00,B_sell_A_buy,-3.6039,-14.0039,79926.0,79927.0,1.15753,3.67409,79898.20000000001,79898.3,0.483,0.465,0.0000125000,-0.0000128100,361.8,0.2
2026-09-05T16:37:54.404+00:00,A_sell_B_buy,3.4663,-6.9337,79926.0,79927.0,1.15753,3.63961,79898.20000000001,79898.3,0.483,0.465,0.0000125000,-0.0000128100,0.2,883.8
2026-09-05T16:37:54.404+00:00,B_sell_A_buy,-3.6039,-14.0039,79926.0,79927.0,1.15753,3.63961,79898.20000000001,79898.3,0.483,0.465,0.0000125000,-0.0000128100,0.2,883.8
2026-09-05T16:37:55.470+00:00,A_sell_B_buy,4.2298,-6.1702,79925.0,79926.0,0.00013,9.356,79891.1,79891.2,0.433,0.997,0.0000125000,-0.0000128100,0.1,85.2
2026-09-05T16:37:55.470+00:00,B_sell_A_buy,-4.3675,-14.7675,79925.0,79926.0,0.00013,9.356,79891.1,79891.2,0.433,0.997,0.0000125000,-0.0000128100,0.1,85.2
2026-09-05T16:37:56.657+00:00,A_sell_B_buy,4.1047,-6.2953,79924.0,79925.0,0.72173,15.26285,79891.1,79891.2,0.433,0.594,0.0000125000,-0.0000128100,0.2,625.7
2026-09-05T16:37:56.657+00:00,B_sell_A_buy,-4.2424,-14.6424,79924.0,79925.0,0.72173,15.26285,79891.1,79891.2,0.433,0.594,0.0000125000,-0.0000128100,0.2,625.7
2026-09-05T16:37:57.663+00:00,A_sell_B_buy,4.1047,-6.2953,79924.0,79925.0,0.50173,19.0577,79891.1,79891.2,0.339,0.595,0.0000125000,-0.0000128100,0.2,29.5
2026-09-05T16:37:57.663+00:00,B_sell_A_buy,-4.2424,-14.6424,79924.0,79925.0,0.50173,19.0577,79891.1,79891.2,0.339,0.595,0.0000125000,-0.0000128100,0.2,29.5
2026-09-05T16:37:59.104+00:00,A_sell_B_buy,4.1047,-6.2953,79924.0,79925.0,0.4438,19.36003,79891.1,79891.2,0.339,0.595,0.0000125000,-0.0000128100,0.3,1471.5
2026-09-05T16:37:59.104+00:00,B_sell_A_buy,-4.2424,-14.6424,79924.0,79925.0,0.4438,19.36003,79891.1,79891.2,0.339,0.595,0.0000125000,-0.0000128100,0.3,1471.5
2026-09-05T16:38:00.129+00:00,A_sell_B_buy,4.1047,-6.2953,79924.0,79925.0,0.4438,19.27203,79891.1,79891.2,0.339,0.569,0.0000125000,-0.0000128100,830.4,0.2
2026-09-05T16:38:00.129+00:00,B_sell_A_buy,-4.2424,-14.6424,79924.0,79925.0,0.4438,19.27203,79891.1,79891.2,0.339,0.569,0.0000125000,-0.0000128100,830.4,0.2
2026-09-05T16:38:01.138+00:00,A_sell_B_buy,4.1047,-6.2953,79924.0,79925.0,0.4438,19.27328,79891.1,79891.2,0.339,0.226,0.0000125000,-0.0000126000,415.4,0.2
2026-09-05T16:38:01.138+00:00,B_sell_A_buy,-4.2424,-14.6424,79924.0,79925.0,0.4438,19.27328,79891.1,79891.2,0.339,0.226,0.0000125000,-0.0000126000,415.4,0.2
2026-09-05T16:38:02.725+00:00,A_sell_B_buy,4.1047,-6.2953,79924.0,79925.0,0.44365,19.65692,79891.1,79891.2,1.991,0.424,0.0000125000,-0.0000126000,606.0,0.3
2026-09-05T16:38:02.725+00:00,B_sell_A_buy,-4.2424,-14.6424,79924.0,79925.0,0.44365,19.65692,79891.1,79891.2,1.991,0.424,0.0000125000,-0.0000126000,606.0,0.3
2026-09-05T16:38:03.872+00:00,A_sell_B_buy,4.1047,-6.2953,79924.0,79925.0,0.44365,20.76899,79891.1,79891.2,1.841,0.424,0.0000125000,-0.0000126000,0.2,693.5
2026-09-05T16:38:03.872+00:00,B_sell_A_buy,-4.2424,-14.6424,79924.0,79925.0,0.44365,20.76899,79891.1,79891.2,1.841,0.424,0.0000125000,-0.0000126000,0.2,693.5
2026-09-05T16:38:04.875+00:00,A_sell_B_buy,4.1047,-6.2953,79924.0,79925.0,0.4435,20.69838,79891.1,79891.2,1.841,0.424,0.0000125000,-0.0000126000,0.3,1696.8
2026-09-05T16:38:04.875+00:00,B_sell_A_buy,-4.2424,-14.6424,79924.0,79925.0,0.4435,20.69838,79891.1,79891.2,1.841,0.424,0.0000125000,-0.0000126000,0.3,1696.8
2026-09-05T16:38:05.886+00:00,A_sell_B_buy,4.1047,-6.2953,79924.0,79925.0,0.44235,20.74613,79891.1,79891.2,1.991,0.424,0.0000125000,-0.0000126000,121.6,0.2
2026-09-05T16:38:05.886+00:00,B_sell_A_buy,-4.2424,-14.6424,79924.0,79925.0,0.44235,20.74613,79891.1,79891.2,1.991,0.424,0.0000125000,-0.0000126000,121.6,0.2
2026-09-05T16:38:06.898+00:00,A_sell_B_buy,4.1047,-6.2953,79924.0,79925.0,0.44235,20.73151,79891.1,79891.2,1.785,0.424,0.0000125000,-0.0000126000,0.3,66.3
2026-09-05T16:38:06.898+00:00,B_sell_A_buy,-4.2424,-14.6424,79924.0,79925.0,0.44235,20.73151,79891.1,79891.2,1.785,0.424,0.0000125000,-0.0000126000,0.3,66.3
2026-09-05T16:38:07.984+00:00,A_sell_B_buy,4.1047,-6.2953,79924.0,79925.0,0.86496,20.58135,79891.1,79891.2,1.991,0.42,0.0000125000,-0.0000126000,0.3,197.0
2026-09-05T16:38:07.984+00:00,B_sell_A_buy,-4.2424,-14.6424,79924.0,79925.0,0.86496,20.58135,79891.1,79891.2,1.991,0.42,0.0000125000,-0.0000126000,0.3,197.0
2026-09-05T16:38:08.987+00:00,A_sell_B_buy,4.1047,-6.2953,79924.0,79925.0,0.49235,20.49335,79891.1,79891.2,1.842,0.222,0.0000125000,-0.0000126000,200.1,0.3
2026-09-05T16:38:08.987+00:00,B_sell_A_buy,-4.2424,-14.6424,79924.0,79925.0,0.49235,20.49335,79891.1,79891.2,1.842,0.222,0.0000125000,-0.0000126000,200.1,0.3
2026-09-05T16:38:10.781+00:00,A_sell_B_buy,4.1047,-6.2953,79924.0,79925.0,0.85853,19.80989,79891.1,79891.2,1.842,0.194,0.0000125000,-0.0000126000,0.2,1600.7
2026-09-05T16:38:10.781+00:00,B_sell_A_buy,-4.2424,-14.6424,79924.0,79925.0,0.85853,19.80989,79891.1,79891.2,1.842,0.194,0.0000125000,-0.0000126000,0.2,1600.7
2026-09-05T16:38:11.828+00:00,A_sell_B_buy,5.6820,-4.7180,79924.0,79925.0,0.85853,19.43287,79876.9,79878.59999999999,0.25,0.104,0.0000125000,-0.0000126000,715.6,0.1
2026-09-05T16:38:11.828+00:00,B_sell_A_buy,-6.0199,-16.4199,79924.0,79925.0,0.85853,19.43287,79876.9,79878.59999999999,0.25,0.104,0.0000125000,-0.0000126000,715.6,0.1
2026-09-05T16:38:12.837+00:00,A_sell_B_buy,3.3796,-7.0204,79904.0,79905.0,3.10627,3.0131,79876.9,79877.0,1.822,3.413,0.0000125000,-0.0000126000,104.1,0.2
2026-09-05T16:38:12.837+00:00,B_sell_A_buy,-3.5173,-13.9173,79904.0,79905.0,3.10627,3.0131,79876.9,79877.0,1.822,3.413,0.0000125000,-0.0000126000,104.1,0.2
2026-09-05T16:38:13.956+00:00,A_sell_B_buy,3.3796,-7.0204,79904.0,79905.0,4.71957,6.61458,79876.9,79877.0,1.982,0.218,0.0000125000,-0.0000126000,0.3,314.6
2026-09-05T16:38:13.956+00:00,B_sell_A_buy,-3.5173,-13.9173,79904.0,79905.0,4.71957,6.61458,79876.9,79877.0,1.982,0.218,0.0000125000,-0.0000126000,0.3,314.6
2026-09-05T16:38:14.993+00:00,A_sell_B_buy,3.3796,-7.0204,79904.0,79905.0,5.19635,5.79981,79876.9,79877.0,1.936,0.302,0.0000125000,-0.0000126000,0.2,65.0
2026-09-05T16:38:14.993+00:00,B_sell_A_buy,-3.5173,-13.9173,79904.0,79905.0,5.19635,5.79981,79876.9,79877.0,1.936,0.302,0.0000125000,-0.0000126000,0.2,65.0
2026-09-05T16:38:16.085+00:00,A_sell_B_buy,3.8802,-6.5198,79908.0,79909.0,5.10899,1.49098,79876.9,79877.0,2.776,0.001,0.0000125000,-0.0000126000,0.3,352.5
2026-09-05T16:38:16.085+00:00,B_sell_A_buy,-4.0179,-14.4179,79908.0,79909.0,5.10899,1.49098,79876.9,79877.0,2.776,0.001,0.0000125000,-0.0000126000,0.3,352.5
2026-09-05T16:38:17.136+00:00,A_sell_B_buy,3.8802,-6.5198,79908.0,79909.0,5.4415,8.28069,79876.9,79877.0,2.776,0.001,0.0000125000,-0.0000126000,0.3,237.6
2026-09-05T16:38:17.136+00:00,B_sell_A_buy,-4.0179,-14.4179,79908.0,79909.0,5.4415,8.28069,79876.9,79877.0,2.776,0.001,0.0000125000,-0.0000126000,0.3,237.6
2026-09-05T16:38:18.138+00:00,A_sell_B_buy,1.1389,-9.2611,79908.0,79909.0,10.54764,0.03821,79898.8,79898.9,0.036,6.879,0.0000125000,-0.0000126000,0.3,160.8
2026-09-05T16:38:18.138+00:00,B_sell_A_buy,-1.2765,-11.6765,79908.0,79909.0,10.54764,0.03821,79898.8,79898.9,0.036,6.879,0.0000125000,-0.0000126000,0.3,160.8
2026-09-05T16:38:19.186+00:00,A_sell_B_buy,1.8897,-8.5103,79914.0,79915.0,8.07759,0.00359,79898.8,79898.9,1.825,7.279,0.0000125000,-0.0000126000,0.2,54.4
2026-09-05T16:38:19.186+00:00,B_sell_A_buy,-2.0274,-12.4274,79914.0,79915.0,8.07759,0.00359,79898.8,79898.9,1.825,7.279,0.0000125000,-0.0000126000,0.2,54.4
2026-09-05T16:38:20.209+00:00,A_sell_B_buy,2.0148,-8.3852,79915.0,79916.0,15.18694,1.46418,79898.8,79898.9,1.608,6.649,0.0000125000,-0.0000126000,0.2,125.8
2026-09-05T16:38:20.209+00:00,B_sell_A_buy,-2.1525,-12.5525,79915.0,79916.0,15.18694,1.46418,79898.8,79898.9,1.608,6.649,0.0000125000,-0.0000126000,0.2,125.8
2026-09-05T16:38:21.282+00:00,A_sell_B_buy,2.0148,-8.3852,79915.0,79916.0,11.97115,1.58964,79898.8,79898.9,0.295,6.649,0.0000125000,-0.0000126000,220.7,0.2
2026-09-05T16:38:21.282+00:00,B_sell_A_buy,-2.1525,-12.5525,79915.0,79916.0,11.97115,1.58964,79898.8,79898.9,0.295,6.649,0.0000125000,-0.0000126000,220.7,0.2
2026-09-05T16:38:22.499+00:00,A_sell_B_buy,2.0148,-8.3852,79915.0,79916.0,12.25155,1.29219,79898.8,79898.9,0.295,6.649,0.0000125000,-0.0000126000,0.3,1012.7
2026-09-05T16:38:22.499+00:00,B_sell_A_buy,-2.1525,-12.5525,79915.0,79916.0,12.25155,1.29219,79898.8,79898.9,0.295,6.649,0.0000125000,-0.0000126000,0.3,1012.7
2026-09-05T16:38:24.285+00:00,A_sell_B_buy,2.0148,-8.3852,79915.0,79916.0,12.24933,0.65705,79898.8,79898.9,0.295,6.457,0.0000125000,-0.0000126000,132.7,0.3
2026-09-05T16:38:24.285+00:00,B_sell_A_buy,-2.1525,-12.5525,79915.0,79916.0,12.24933,0.65705,79898.8,79898.9,0.295,6.457,0.0000125000,-0.0000126000,132.7,0.3
2026-09-05T16:38:25.374+00:00,A_sell_B_buy,2.0148,-8.3852,79915.0,79916.0,12.48938,0.25853,79898.8,79898.9,0.303,1.135,0.0000125000,-0.0000126000,156.4,0.2
2026-09-05T16:38:25.374+00:00,B_sell_A_buy,-2.1525,-12.5525,79915.0,79916.0,12.48938,0.25853,79898.8,79898.9,0.303,1.135,0.0000125000,-0.0000126000,156.4,0.2
2026-09-05T16:38:27.366+00:00,A_sell_B_buy,2.0148,-8.3852,79915.0,79916.0,12.49214,0.22757,79898.8,79898.9,0.453,0.839,0.0000125000,-0.0000126000,0.2,1330.7
2026-09-05T16:38:27.366+00:00,B_sell_A_buy,-2.1525,-12.5525,79915.0,79916.0,12.49214,0.22757,79898.8,79898.9,0.453,0.839,0.0000125000,-0.0000126000,0.2,1330.7
2026-09-05T16:38:28.681+00:00,A_sell_B_buy,2.0148,-8.3852,79915.0,79916.0,11.68279,0.21033,79898.8,79898.9,0.453,0.209,0.0000125000,-0.0000126000,0.2,1300.4
2026-09-05T16:38:28.681+00:00,B_sell_A_buy,-2.1525,-12.5525,79915.0,79916.0,11.68279,0.21033,79898.8,79898.9,0.453,0.209,0.0000125000,-0.0000126000,0.2,1300.4
2026-09-05T16:38:29.753+00:00,A_sell_B_buy,2.0148,-8.3852,79915.0,79916.0,11.33359,0.21033,79898.8,79898.9,0.001,0.618,0.0000125000,-0.0000126000,0.3,263.9
2026-09-05T16:38:29.753+00:00,B_sell_A_buy,-2.1525,-12.5525,79915.0,79916.0,11.33359,0.21033,79898.8,79898.9,0.001,0.618,0.0000125000,-0.0000126000,0.3,263.9
2026-09-05T16:38:30.813+00:00,A_sell_B_buy,2.0148,-8.3852,79915.0,79916.0,10.91644,0.85914,79898.8,79898.9,0.001,2.749,0.0000125000,-0.0000126000,0.3,235.2
2026-09-05T16:38:30.813+00:00,B_sell_A_buy,-2.1525,-12.5525,79915.0,79916.0,10.91644,0.85914,79898.8,79898.9,0.001,2.749,0.0000125000,-0.0000126000,0.3,235.2
2026-09-05T16:38:32.109+00:00,A_sell_B_buy,2.0148,-8.3852,79915.0,79916.0,7.46746,4.83117,79898.8,79898.9,0.001,3.52,0.0000125000,-0.0000126000,0.3,574.2
2026-09-05T16:38:32.109+00:00,B_sell_A_buy,-2.1525,-12.5525,79915.0,79916.0,7.46746,4.83117,79898.8,79898.9,0.001,3.52,0.0000125000,-0.0000126000,0.3,574.2
2026-09-05T16:38:34.485+00:00,A_sell_B_buy,2.0148,-8.3852,79915.0,79916.0,6.55114,5.26886,79898.8,79898.9,0.001,3.519,0.0000125000,-0.0000126000,312.5,0.3
2026-09-05T16:38:34.485+00:00,B_sell_A_buy,-2.1525,-12.5525,79915.0,79916.0,6.55114,5.26886,79898.8,79898.9,0.001,3.519,0.0000125000,-0.0000126000,312.5,0.3
2026-09-05T16:38:35.517+00:00,A_sell_B_buy,2.0148,-8.3852,79915.0,79916.0,1.44593,7.64755,79898.8,79898.9,0.001,3.608,0.0000125000,-0.0000126000,0.2,930.9
2026-09-05T16:38:35.517+00:00,B_sell_A_buy,-2.1525,-12.5525,79915.0,79916.0,1.44593,7.64755,79898.8,79898.9,0.001,3.608,0.0000125000,-0.0000126000,0.2,930.9
2026-09-05T16:38:39.233+00:00,A_sell_B_buy,2.0148,-8.3852,79915.0,79916.0,2.69027,7.2846,79898.8,79898.9,0.001,3.607,0.0000125000,-0.0000126000,180.1,0.2
2026-09-05T16:38:39.233+00:00,B_sell_A_buy,-2.1525,-12.5525,79915.0,79916.0,2.69027,7.2846,79898.8,79898.9,0.001,3.607,0.0000125000,-0.0000126000,180.1,0.2
2026-09-05T16:38:40.275+00:00,A_sell_B_buy,3.9550,-6.4450,79914.0,79915.0,0.00013,10.48901,79882.3,79882.4,2.081,6.721,0.0000125000,-0.0000126000,50.1,0.1
2026-09-05T16:38:40.275+00:00,B_sell_A_buy,-4.0927,-14.4927,79914.0,79915.0,0.00013,10.48901,79882.3,79882.4,2.081,6.721,0.0000125000,-0.0000126000,50.1,0.1
2026-09-05T16:38:41.288+00:00,A_sell_B_buy,3.0790,-7.3210,79907.0,79908.0,5.48772,3.24391,79882.3,79882.4,2.478,0.048,0.0000125000,-0.0000126000,111.9,0.1
2026-09-05T16:38:41.288+00:00,B_sell_A_buy,-3.2167,-13.6167,79907.0,79908.0,5.48772,3.24391,79882.3,79882.4,2.478,0.048,0.0000125000,-0.0000126000,111.9,0.1
2026-09-05T16:38:42.323+00:00,A_sell_B_buy,3.0790,-7.3210,79907.0,79908.0,5.45462,3.99259,79882.3,79882.4,2.493,0.048,0.0000125000,-0.0000126000,66.4,0.1
2026-09-05T16:38:42.323+00:00,B_sell_A_buy,-3.2167,-13.6167,79907.0,79908.0,5.45462,3.99259,79882.3,79882.4,2.493,0.048,0.0000125000,-0.0000126000,66.4,0.1
2026-09-05T16:38:43.330+00:00,A_sell_B_buy,3.0790,-7.3210,79907.0,79908.0,5.76751,4.86783,79882.3,79882.4,2.493,0.049,0.0000125000,-0.0000126000,65.6,0.1
2026-09-05T16:38:43.330+00:00,B_sell_A_buy,-3.2167,-13.6167,79907.0,79908.0,5.76751,4.86783,79882.3,79882.4,2.493,0.049,0.0000125000,-0.0000126000,65.6,0.1
2026-09-05T16:38:44.332+00:00,A_sell_B_buy,3.0790,-7.3210,79907.0,79908.0,6.4529,1.97433,79882.3,79882.4,3.089,0.001,0.0000125000,-0.0000126000,112.4,0.1
2026-09-05T16:38:44.332+00:00,B_sell_A_buy,-3.2167,-13.6167,79907.0,79908.0,6.4529,1.97433,79882.3,79882.4,3.089,0.001,0.0000125000,-0.0000126000,112.4,0.1
2026-09-05T16:38:45.366+00:00,A_sell_B_buy,3.0790,-7.3210,79907.0,79908.0,5.41156,2.34433,79882.3,79882.4,3.099,0.001,0.0000125000,-0.0000126000,0.2,36.1
2026-09-05T16:38:45.366+00:00,B_sell_A_buy,-3.2167,-13.6167,79907.0,79908.0,5.41156,2.34433,79882.3,79882.4,3.099,0.001,0.0000125000,-0.0000126000,0.2,36.1
2026-09-05T16:38:46.390+00:00,A_sell_B_buy,4.4555,-5.9445,79918.0,79919.0,1.63323,11.53304,79882.3,79882.4,5.192,0.001,0.0000125000,-0.0000126000,118.5,0.1
2026-09-05T16:38:46.390+00:00,B_sell_A_buy,-4.5932,-14.9932,79918.0,79919.0,1.63323,11.53304,79882.3,79882.4,5.192,0.001,0.0000125000,-0.0000126000,118.5,0.1
2026-09-05T16:38:47.391+00:00,A_sell_B_buy,2.5785,-7.8215,79903.0,79904.0,1.44415,0.70486,79882.3,79882.4,5.192,0.001,0.0000125000,-0.0000126000,35.3,0.2
2026-09-05T16:38:47.391+00:00,B_sell_A_buy,-2.7161,-13.1161,79903.0,79904.0,1.44415,0.70486,79882.3,79882.4,5.192,0.001,0.0000125000,-0.0000126000,35.3,0.2
2026-09-05T16:38:48.445+00:00,A_sell_B_buy,2.5785,-7.8215,79903.0,79904.0,8.63989,1.04305,79882.3,79882.4,5.227,0.001,0.0000125000,-0.0000126000,291.4,0.2
2026-09-05T16:38:48.445+00:00,B_sell_A_buy,-2.7161,-13.1161,79903.0,79904.0,8.63989,1.04305,79882.3,79882.4,5.227,0.001,0.0000125000,-0.0000126000,291.4,0.2
2026-09-05T16:38:49.487+00:00,A_sell_B_buy,2.5785,-7.8215,79903.0,79904.0,7.5416,0.96041,79882.3,79882.4,4.562,0.001,0.0000125000,-0.0000126000,150.2,0.1
2026-09-05T16:38:49.487+00:00,B_sell_A_buy,-2.7161,-13.1161,79903.0,79904.0,7.5416,0.96041,79882.3,79882.4,4.562,0.001,0.0000125000,-0.0000126000,150.2,0.1
2026-09-05T16:38:50.523+00:00,A_sell_B_buy,2.5785,-7.8215,79903.0,79904.0,8.24677,0.96041,79882.3,79882.4,5.192,0.001,0.0000125000,-0.0000126000,77.4,0.2
2026-09-05T16:38:50.523+00:00,B_sell_A_buy,-2.7161,-13.1161,79903.0,79904.0,8.24677,0.96041,79882.3,79882.4,5.192,0.001,0.0000125000,-0.0000126000,77.4,0.2
2026-09-05T16:38:51.536+00:00,A_sell_B_buy,2.5785,-7.8215,79903.0,79904.0,5.32462,0.96041,79882.3,79882.4,4.601,0.001,0.0000125000,-0.0000126000,107.1,0.2
2026-09-05T16:38:51.536+00:00,B_sell_A_buy,-2.7161,-13.1161,79903.0,79904.0,5.32462,0.96041,79882.3,79882.4,4.601,0.001,0.0000125000,-0.0000126000,107.1,0.2
2026-09-05T16:38:52.538+00:00,A_sell_B_buy,2.5785,-7.8215,79903.0,79904.0,5.32432,0.96041,79882.3,79882.4,4.294,0.001,0.0000125000,-0.0000126000,763.3,0.2
2026-09-05T16:38:52.538+00:00,B_sell_A_buy,-2.7161,-13.1161,79903.0,79904.0,5.32432,0.96041,79882.3,79882.4,4.294,0.001,0.0000125000,-0.0000126000,763.3,0.2
2026-09-05T16:38:53.569+00:00,A_sell_B_buy,2.5785,-7.8215,79903.0,79904.0,3.34148,0.11041,79882.3,79882.4,4.085,0.001,0.0000125000,-0.0000126000,119.4,0.1
2026-09-05T16:38:53.569+00:00,B_sell_A_buy,-2.7161,-13.1161,79903.0,79904.0,3.34148,0.11041,79882.3,79882.4,4.085,0.001,0.0000125000,-0.0000126000,119.4,0.1
2026-09-05T16:38:54.580+00:00,A_sell_B_buy,2.5785,-7.8215,79903.0,79904.0,4.67121,0.27181,79882.3,79882.4,4.084,0.222,0.0000125000,-0.0000126000,81.6,0.2
2026-09-05T16:38:54.580+00:00,B_sell_A_buy,-2.7161,-13.1161,79903.0,79904.0,4.67121,0.27181,79882.3,79882.4,4.084,0.222,0.0000125000,-0.0000126000,81.6,0.2
2026-09-05T16:38:55.584+00:00,A_sell_B_buy,3.2042,-7.1958,79908.0,79909.0,4.77642,0.81021,79882.3,79882.4,4.235,0.222,0.0000125000,-0.0000126000,59.5,0.2
2026-09-05T16:38:55.584+00:00,B_sell_A_buy,-3.3419,-13.7419,79908.0,79909.0,4.77642,0.81021,79882.3,79882.4,4.235,0.222,0.0000125000,-0.0000126000,59.5,0.2
2026-09-05T16:38:56.628+00:00,A_sell_B_buy,3.2042,-7.1958,79908.0,79909.0,8.68369,2.15205,79882.3,79882.4,4.272,0.001,0.0000125000,-0.0000126000,244.3,0.2
2026-09-05T16:38:56.628+00:00,B_sell_A_buy,-3.3419,-13.7419,79908.0,79909.0,8.68369,2.15205,79882.3,79882.4,4.272,0.001,0.0000125000,-0.0000126000,244.3,0.2
2026-09-05T16:38:57.633+00:00,A_sell_B_buy,3.2042,-7.1958,79908.0,79909.0,8.88356,0.65149,79882.3,79882.4,4.235,0.001,0.0000125000,-0.0000126000,171.0,0.1
2026-09-05T16:38:57.633+00:00,B_sell_A_buy,-3.3419,-13.7419,79908.0,79909.0,8.88356,0.65149,79882.3,79882.4,4.235,0.001,0.0000125000,-0.0000126000,171.0,0.1
2026-09-05T16:38:58.634+00:00,A_sell_B_buy,3.2042,-7.1958,79908.0,79909.0,8.41528,0.64903,79882.3,79882.4,4.235,0.001,0.0000125000,-0.0000126000,210.2,0.3
2026-09-05T16:38:58.634+00:00,B_sell_A_buy,-3.3419,-13.7419,79908.0,79909.0,8.41528,0.64903,79882.3,79882.4,4.235,0.001,0.0000125000,-0.0000126000,210.2,0.3
2026-09-05T16:38:59.636+00:00,A_sell_B_buy,3.2042,-7.1958,79908.0,79909.0,5.30022,1.86789,79882.3,79882.4,4.268,0.001,0.0000125000,-0.0000126000,144.5,0.1
2026-09-05T16:38:59.636+00:00,B_sell_A_buy,-3.3419,-13.7419,79908.0,79909.0,5.30022,1.86789,79882.3,79882.4,4.268,0.001,0.0000125000,-0.0000126000,144.5,0.1
2026-09-05T16:39:00.636+00:00,A_sell_B_buy,3.2042,-7.1958,79908.0,79909.0,6.83628,0.43698,79882.3,79882.4,4.89,0.001,0.0000125000,-0.0000128900,122.3,0.2
2026-09-05T16:39:00.636+00:00,B_sell_A_buy,-3.3419,-13.7419,79908.0,79909.0,6.83628,0.43698,79882.3,79882.4,4.89,0.001,0.0000125000,-0.0000128900,122.3,0.2
2026-09-05T16:39:01.673+00:00,A_sell_B_buy,3.7048,-6.6952,79912.0,79913.0,4.43853,0.32551,79882.3,79882.4,4.865,0.001,0.0000125000,-0.0000128900,77.2,0.1
2026-09-05T16:39:01.673+00:00,B_sell_A_buy,-3.8424,-14.2424,79912.0,79913.0,4.43853,0.32551,79882.3,79882.4,4.865,0.001,0.0000125000,-0.0000128900,77.2,0.1
2026-09-05T16:39:02.683+00:00,A_sell_B_buy,3.7048,-6.6952,79912.0,79913.0,9.17776,2.76867,79882.3,79882.4,4.917,0.001,0.0000125000,-0.0000128900,154.0,0.1
2026-09-05T16:39:02.683+00:00,B_sell_A_buy,-3.8424,-14.2424,79912.0,79913.0,9.17776,2.76867,79882.3,79882.4,4.917,0.001,0.0000125000,-0.0000128900,154.0,0.1
2026-09-05T16:39:03.685+00:00,A_sell_B_buy,3.7048,-6.6952,79912.0,79913.0,5.84768,2.43938,79882.3,79882.4,4.896,0.001,0.0000125000,-0.0000128900,103.1,0.1
2026-09-05T16:39:03.685+00:00,B_sell_A_buy,-3.8424,-14.2424,79912.0,79913.0,5.84768,2.43938,79882.3,79882.4,4.896,0.001,0.0000125000,-0.0000128900,103.1,0.1
2026-09-05T16:39:04.731+00:00,A_sell_B_buy,3.7048,-6.6952,79912.0,79913.0,6.14187,2.65938,79882.3,79882.4,4.91,0.001,0.0000125000,-0.0000128900,167.8,0.1
2026-09-05T16:39:04.731+00:00,B_sell_A_buy,-3.8424,-14.2424,79912.0,79913.0,6.14187,2.65938,79882.3,79882.4,4.91,0.001,0.0000125000,-0.0000128900,167.8,0.1
2026-09-05T16:39:05.772+00:00,A_sell_B_buy,3.7048,-6.6952,79912.0,79913.0,5.78409,2.64145,79882.3,79882.4,4.714,0.001,0.0000125000,-0.0000128900,132.7,0.2
2026-09-05T16:39:05.772+00:00,B_sell_A_buy,-3.8424,-14.2424,79912.0,79913.0,5.78409,2.64145,79882.3,79882.4,4.714,0.001,0.0000125000,-0.0000128900,132.7,0.2
2026-09-05T16:39:06.776+00:00,A_sell_B_buy,3.7048,-6.6952,79912.0,79913.0,3.03652,3.9105,79882.3,79882.4,4.917,0.001,0.0000125000,-0.0000128900,97.5,0.1
2026-09-05T16:39:06.776+00:00,B_sell_A_buy,-3.8424,-14.2424,79912.0,79913.0,3.03652,3.9105,79882.3,79882.4,4.917,0.001,0.0000125000,-0.0000128900,97.5,0.1
2026-09-05T16:39:07.778+00:00,A_sell_B_buy,3.7048,-6.6952,79912.0,79913.0,4.33893,4.68594,79882.3,79882.4,4.9,0.001,0.0000125000,-0.0000128900,27.9,0.1
2026-09-05T16:39:07.778+00:00,B_sell_A_buy,-3.8424,-14.2424,79912.0,79913.0,4.33893,4.68594,79882.3,79882.4,4.9,0.001,0.0000125000,-0.0000128900,27.9,0.1
2026-09-05T16:39:08.830+00:00,A_sell_B_buy,3.7048,-6.6952,79912.0,79913.0,4.33893,4.97383,79882.3,79882.4,4.895,0.001,0.0000125000,-0.0000128900,267.7,0.1
2026-09-05T16:39:08.830+00:00,B_sell_A_buy,-3.8424,-14.2424,79912.0,79913.0,4.33893,4.97383,79882.3,79882.4,4.895,0.001,0.0000125000,-0.0000128900,267.7,0.1
2026-09-05T16:39:09.858+00:00,A_sell_B_buy,3.7048,-6.6952,79912.0,79913.0,2.27027,3.82037,79882.3,79882.4,4.85,0.001,0.0000125000,-0.0000128900,0.1,37.4
2026-09-05T16:39:09.858+00:00,B_sell_A_buy,-3.8424,-14.2424,79912.0,79913.0,2.27027,3.82037,79882.3,79882.4,4.85,0.001,0.0000125000,-0.0000128900,0.1,37.4
2026-09-05T16:39:10.888+00:00,A_sell_B_buy,3.7048,-6.6952,79912.0,79913.0,1.80656,4.29694,79882.3,79882.4,4.79,0.001,0.0000125000,-0.0000128900,72.5,0.1
2026-09-05T16:39:10.888+00:00,B_sell_A_buy,-3.8424,-14.2424,79912.0,79913.0,1.80656,4.29694,79882.3,79882.4,4.79,0.001,0.0000125000,-0.0000128900,72.5,0.1
2026-09-05T16:39:11.898+00:00,A_sell_B_buy,3.7048,-6.6952,79912.0,79913.0,2.25695,3.19388,79882.3,79882.4,4.679,0.001,0.0000125000,-0.0000128900,144.5,0.2
2026-09-05T16:39:11.898+00:00,B_sell_A_buy,-3.8424,-14.2424,79912.0,79913.0,2.25695,3.19388,79882.3,79882.4,4.679,0.001,0.0000125000,-0.0000128900,144.5,0.2
2026-09-05T16:39:12.936+00:00,A_sell_B_buy,3.7048,-6.6952,79912.0,79913.0,2.7378,4.03071,79882.3,79882.4,4.79,0.001,0.0000125000,-0.0000128900,62.8,0.1
2026-09-05T16:39:12.936+00:00,B_sell_A_buy,-3.8424,-14.2424,79912.0,79913.0,2.7378,4.03071,79882.3,79882.4,4.79,0.001,0.0000125000,-0.0000128900,62.8,0.1
2026-09-05T16:39:13.970+00:00,A_sell_B_buy,3.7048,-6.6952,79912.0,79913.0,2.72628,2.86174,79882.3,79882.4,4.89,0.001,0.0000125000,-0.0000128900,302.5,0.2
2026-09-05T16:39:13.970+00:00,B_sell_A_buy,-3.8424,-14.2424,79912.0,79913.0,2.72628,2.86174,79882.3,79882.4,4.89,0.001,0.0000125000,-0.0000128900,302.5,0.2
2026-09-05T16:39:14.974+00:00,A_sell_B_buy,2.5785,-7.8215,79903.0,79904.0,3.17958,0.9591,79882.3,79882.4,4.89,0.001,0.0000125000,-0.0000128900,143.4,0.2
2026-09-05T16:39:14.974+00:00,B_sell_A_buy,-2.7161,-13.1161,79903.0,79904.0,3.17958,0.9591,79882.3,79882.4,4.89,0.001,0.0000125000,-0.0000128900,143.4,0.2
2026-09-05T16:39:15.990+00:00,A_sell_B_buy,4.5807,-5.8193,79919.0,79920.0,1.84043,3.25773,79882.3,79882.4,5.041,0.001,0.0000125000,-0.0000128900,19.4,0.2
2026-09-05T16:39:15.990+00:00,B_sell_A_buy,-4.7183,-15.1183,79919.0,79920.0,1.84043,3.25773,79882.3,79882.4,5.041,0.001,0.0000125000,-0.0000128900,19.4,0.2
2026-09-05T16:39:17.026+00:00,A_sell_B_buy,4.5807,-5.8193,79919.0,79920.0,1.95858,7.36338,79882.3,79882.4,5.099,0.001,0.0000125000,-0.0000128900,0.1,37.4
2026-09-05T16:39:17.026+00:00,B_sell_A_buy,-4.7183,-15.1183,79919.0,79920.0,1.95858,7.36338,79882.3,79882.4,5.099,0.001,0.0000125000,-0.0000128900,0.1,37.4
2026-09-05T16:39:18.086+00:00,A_sell_B_buy,4.5807,-5.8193,79919.0,79920.0,1.95843,7.63646,79882.3,79882.4,5.106,0.001,0.0000125000,-0.0000128900,109.9,0.2
2026-09-05T16:39:18.086+00:00,B_sell_A_buy,-4.7183,-15.1183,79919.0,79920.0,1.95843,7.63646,79882.3,79882.4,5.106,0.001,0.0000125000,-0.0000128900,109.9,0.2
2026-09-05T16:39:19.131+00:00,A_sell_B_buy,4.5807,-5.8193,79919.0,79920.0,1.95843,7.85381,79882.3,79882.4,5.04,0.001,0.0000125000,-0.0000128900,431.1,0.2
2026-09-05T16:39:19.131+00:00,B_sell_A_buy,-4.7183,-15.1183,79919.0,79920.0,1.95843,7.85381,79882.3,79882.4,5.04,0.001,0.0000125000,-0.0000128900,431.1,0.2
2026-09-05T16:39:20.135+00:00,A_sell_B_buy,4.5807,-5.8193,79919.0,79920.0,1.95843,6.95874,79882.3,79882.4,5.04,0.001,0.0000125000,-0.0000128900,0.2,50.5
2026-09-05T16:39:20.135+00:00,B_sell_A_buy,-4.7183,-15.1183,79919.0,79920.0,1.95843,6.95874,79882.3,79882.4,5.04,0.001,0.0000125000,-0.0000128900,0.2,50.5
2026-09-05T16:39:21.141+00:00,A_sell_B_buy,4.5807,-5.8193,79919.0,79920.0,2.45945,6.85044,79882.3,79882.4,5.041,0.001,0.0000125000,-0.0000128900,168.7,0.2
2026-09-05T16:39:21.141+00:00,B_sell_A_buy,-4.7183,-15.1183,79919.0,79920.0,2.45945,6.85044,79882.3,79882.4,5.041,0.001,0.0000125000,-0.0000128900,168.7,0.2
2026-09-05T16:39:22.204+00:00,A_sell_B_buy,4.5807,-5.8193,79919.0,79920.0,2.70029,6.3764,79882.3,79882.4,5.479,0.001,0.0000125000,-0.0000128900,84.1,0.2
2026-09-05T16:39:22.204+00:00,B_sell_A_buy,-4.7183,-15.1183,79919.0,79920.0,2.70029,6.3764,79882.3,79882.4,5.479,0.001,0.0000125000,-0.0000128900,84.1,0.2
2026-09-05T16:39:23.227+00:00,A_sell_B_buy,4.5807,-5.8193,79919.0,79920.0,2.70029,5.27845,79882.3,79882.4,5.417,0.001,0.0000125000,-0.0000128900,42.9,0.1
2026-09-05T16:39:23.227+00:00,B_sell_A_buy,-4.7183,-15.1183,79919.0,79920.0,2.70029,5.27845,79882.3,79882.4,5.417,0.001,0.0000125000,-0.0000128900,42.9,0.1
2026-09-05T16:39:24.237+00:00,A_sell_B_buy,4.5807,-5.8193,79919.0,79920.0,2.70779,4.68964,79882.3,79882.4,5.416,0.001,0.0000125000,-0.0000128900,14.9,0.1
2026-09-05T16:39:24.237+00:00,B_sell_A_buy,-4.7183,-15.1183,79919.0,79920.0,2.70779,4.68964,79882.3,79882.4,5.416,0.001,0.0000125000,-0.0000128900,14.9,0.1
2026-09-05T16:39:25.275+00:00,A_sell_B_buy,4.5807,-5.8193,79919.0,79920.0,2.70779,3.72585,79882.3,79882.4,5.417,0.001,0.0000125000,-0.0000128900,249.8,0.2
2026-09-05T16:39:25.275+00:00,B_sell_A_buy,-4.7183,-15.1183,79919.0,79920.0,2.70779,3.72585,79882.3,79882.4,5.417,0.001,0.0000125000,-0.0000128900,249.8,0.2
2026-09-05T16:39:26.282+00:00,A_sell_B_buy,4.5807,-5.8193,79919.0,79920.0,2.20734,4.73581,79882.3,79882.4,5.417,0.001,0.0000125000,-0.0000128900,534.3,0.1
2026-09-05T16:39:26.282+00:00,B_sell_A_buy,-4.7183,-15.1183,79919.0,79920.0,2.20734,4.73581,79882.3,79882.4,5.417,0.001,0.0000125000,-0.0000128900,534.3,0.1
2026-09-05T16:39:27.282+00:00,A_sell_B_buy,4.5807,-5.8193,79919.0,79920.0,2.70779,3.82731,79882.3,79882.4,5.416,0.001,0.0000125000,-0.0000128900,43.3,0.2
2026-09-05T16:39:27.282+00:00,B_sell_A_buy,-4.7183,-15.1183,79919.0,79920.0,2.70779,3.82731,79882.3,79882.4,5.416,0.001,0.0000125000,-0.0000128900,43.3,0.2
2026-09-05T16:39:28.336+00:00,A_sell_B_buy,4.5807,-5.8193,79919.0,79920.0,2.20734,3.52572,79882.3,79882.4,5.04,0.001,0.0000125000,-0.0000128900,89.9,0.2
2026-09-05T16:39:28.336+00:00,B_sell_A_buy,-4.7183,-15.1183,79919.0,79920.0,2.20734,3.52572,79882.3,79882.4,5.04,0.001,0.0000125000,-0.0000128900,89.9,0.2
2026-09-05T16:39:29.375+00:00,A_sell_B_buy,4.5807,-5.8193,79919.0,79920.0,2.70737,3.74662,79882.3,79882.4,5.04,0.001,0.0000125000,-0.0000128900,100.8,0.2
2026-09-05T16:39:29.375+00:00,B_sell_A_buy,-4.7183,-15.1183,79919.0,79920.0,2.70737,3.74662,79882.3,79882.4,5.04,0.001,0.0000125000,-0.0000128900,100.8,0.2
2026-09-05T16:39:30.379+00:00,A_sell_B_buy,4.5807,-5.8193,79919.0,79920.0,2.70737,4.40763,79882.3,79882.4,5.04,0.001,0.0000125000,-0.0000128900,56.1,0.1
2026-09-05T16:39:30.379+00:00,B_sell_A_buy,-4.7183,-15.1183,79919.0,79920.0,2.70737,4.40763,79882.3,79882.4,5.04,0.001,0.0000125000,-0.0000128900,56.1,0.1
2026-09-05T16:39:31.451+00:00,A_sell_B_buy,4.5807,-5.8193,79919.0,79920.0,2.20692,3.90813,79882.3,79882.4,5.04,0.001,0.0000125000,-0.0000128900,208.7,0.2
2026-09-05T16:39:31.451+00:00,B_sell_A_buy,-4.7183,-15.1183,79919.0,79920.0,2.20692,3.90813,79882.3,79882.4,5.04,0.001,0.0000125000,-0.0000128900,208.7,0.2
2026-09-05T16:39:32.481+00:00,A_sell_B_buy,4.5807,-5.8193,79919.0,79920.0,2.73968,3.53551,79882.3,79882.4,5.04,0.001,0.0000125000,-0.0000128900,82.5,0.2
2026-09-05T16:39:32.481+00:00,B_sell_A_buy,-4.7183,-15.1183,79919.0,79920.0,2.73968,3.53551,79882.3,79882.4,5.04,0.001,0.0000125000,-0.0000128900,82.5,0.2
2026-09-05T16:39:33.486+00:00,A_sell_B_buy,4.5807,-5.8193,79919.0,79920.0,2.19678,4.02072,79882.3,79882.4,5.076,0.001,0.0000125000,-0.0000128900,20.0,0.1
2026-09-05T16:39:33.486+00:00,B_sell_A_buy,-4.7183,-15.1183,79919.0,79920.0,2.19678,4.02072,79882.3,79882.4,5.076,0.001,0.0000125000,-0.0000128900,20.0,0.1
2026-09-05T16:39:34.491+00:00,A_sell_B_buy,4.5807,-5.8193,79919.0,79920.0,2.19678,4.66638,79882.3,79882.4,5.035,0.001,0.0000125000,-0.0000128900,389.4,0.2
2026-09-05T16:39:34.491+00:00,B_sell_A_buy,-4.7183,-15.1183,79919.0,79920.0,2.19678,4.66638,79882.3,79882.4,5.035,0.001,0.0000125000,-0.0000128900,389.4,0.2
2026-09-05T16:39:35.524+00:00,A_sell_B_buy,4.5807,-5.8193,79919.0,79920.0,2.68809,4.66638,79882.3,79882.4,5.538,0.001,0.0000125000,-0.0000128900,177.2,0.2
2026-09-05T16:39:35.524+00:00,B_sell_A_buy,-4.7183,-15.1183,79919.0,79920.0,2.68809,4.66638,79882.3,79882.4,5.538,0.001,0.0000125000,-0.0000128900,177.2,0.2
2026-09-05T16:39:36.586+00:00,A_sell_B_buy,4.5807,-5.8193,79919.0,79920.0,1.91424,4.66844,79882.3,79882.4,5.573,0.001,0.0000125000,-0.0000128900,111.9,0.2
2026-09-05T16:39:36.586+00:00,B_sell_A_buy,-4.7183,-15.1183,79919.0,79920.0,1.91424,4.66844,79882.3,79882.4,5.573,0.001,0.0000125000,-0.0000128900,111.9,0.2
2026-09-05T16:39:37.630+00:00,A_sell_B_buy,4.5807,-5.8193,79919.0,79920.0,1.91349,4.00272,79882.3,79882.4,5.388,0.001,0.0000125000,-0.0000128900,85.6,0.2
2026-09-05T16:39:37.630+00:00,B_sell_A_buy,-4.7183,-15.1183,79919.0,79920.0,1.91349,4.00272,79882.3,79882.4,5.388,0.001,0.0000125000,-0.0000128900,85.6,0.2
2026-09-05T16:39:38.642+00:00,A_sell_B_buy,4.5807,-5.8193,79919.0,79920.0,1.89171,4.45386,79882.3,79882.4,5.388,0.001,0.0000125000,-0.0000128900,290.6,0.2
2026-09-05T16:39:38.642+00:00,B_sell_A_buy,-4.7183,-15.1183,79919.0,79920.0,1.89171,4.45386,79882.3,79882.4,5.388,0.001,0.0000125000,-0.0000128900,290.6,0.2
2026-09-05T16:39:39.673+00:00,A_sell_B_buy,4.5807,-5.8193,79919.0,79920.0,1.89171,3.79238,79882.3,79882.4,5.538,0.001,0.0000125000,-0.0000128900,291.4,0.2
2026-09-05T16:39:39.673+00:00,B_sell_A_buy,-4.7183,-15.1183,79919.0,79920.0,1.89171,3.79238,79882.3,79882.4,5.538,0.001,0.0000125000,-0.0000128900,291.4,0.2
2026-09-05T16:39:40.686+00:00,A_sell_B_buy,4.5807,-5.8193,79919.0,79920.0,2.39221,4.04613,79882.3,79882.4,5.538,0.001,0.0000125000,-0.0000128900,38.2,0.1
2026-09-05T16:39:40.686+00:00,B_sell_A_buy,-4.7183,-15.1183,79919.0,79920.0,2.39221,4.04613,79882.3,79882.4,5.538,0.001,0.0000125000,-0.0000128900,38.2,0.1
2026-09-05T16:39:41.686+00:00,A_sell_B_buy,4.5807,-5.8193,79919.0,79920.0,1.89158,4.66205,79882.3,79882.4,5.463,0.001,0.0000125000,-0.0000128900,168.0,0.2
2026-09-05T16:39:41.686+00:00,B_sell_A_buy,-4.7183,-15.1183,79919.0,79920.0,1.89158,4.66205,79882.3,79882.4,5.463,0.001,0.0000125000,-0.0000128900,168.0,0.2
2026-09-05T16:39:42.727+00:00,A_sell_B_buy,4.5807,-5.8193,79919.0,79920.0,2.39208,4.6746,79882.3,79882.4,5.54,0.001,0.0000125000,-0.0000128900,209.9,0.1
2026-09-05T16:39:42.727+00:00,B_sell_A_buy,-4.7183,-15.1183,79919.0,79920.0,2.39208,4.6746,79882.3,79882.4,5.54,0.001,0.0000125000,-0.0000128900,209.9,0.1
2026-09-05T16:39:43.728+00:00,A_sell_B_buy,4.5807,-5.8193,79919.0,79920.0,2.39208,4.68241,79882.3,79882.4,5.386,0.001,0.0000125000,-0.0000128900,181.8,0.2
2026-09-05T16:39:43.728+00:00,B_sell_A_buy,-4.7183,-15.1183,79919.0,79920.0,2.39208,4.68241,79882.3,79882.4,5.386,0.001,0.0000125000,-0.0000128900,181.8,0.2
2026-09-05T16:39:44.733+00:00,A_sell_B_buy,4.5807,-5.8193,79919.0,79920.0,1.8909,4.68226,79882.3,79882.4,5.535,0.001,0.0000125000,-0.0000128900,65.6,0.1
2026-09-05T16:39:44.733+00:00,B_sell_A_buy,-4.7183,-15.1183,79919.0,79920.0,1.8909,4.68226,79882.3,79882.4,5.535,0.001,0.0000125000,-0.0000128900,65.6,0.1
2026-09-05T16:39:45.735+00:00,A_sell_B_buy,4.5807,-5.8193,79919.0,79920.0,2.34159,0.00928,79882.3,79882.4,5.537,0.001,0.0000125000,-0.0000128900,31.9,0.1
2026-09-05T16:39:45.735+00:00,B_sell_A_buy,-4.7183,-15.1183,79919.0,79920.0,2.34159,0.00928,79882.3,79882.4,5.537,0.001,0.0000125000,-0.0000128900,31.9,0.1
2026-09-05T16:39:46.775+00:00,A_sell_B_buy,2.8658,-7.5342,79919.0,79920.0,7.99199,0.69475,79896.0,79896.09999999999,0.559,3.393,0.0000125000,-0.0000128900,0.3,497.6
2026-09-05T16:39:46.775+00:00,B_sell_A_buy,-3.0035,-13.4035,79919.0,79920.0,7.99199,0.69475,79896.0,79896.09999999999,0.559,3.393,0.0000125000,-0.0000128900,0.3,497.6
2026-09-05T16:39:48.197+00:00,A_sell_B_buy,2.8658,-7.5342,79919.0,79920.0,7.99324,1.13637,79896.0,79896.09999999999,0.559,3.393,0.0000125000,-0.0000128900,0.3,1919.5
2026-09-05T16:39:48.197+00:00,B_sell_A_buy,-3.0035,-13.4035,79919.0,79920.0,7.99324,1.13637,79896.0,79896.09999999999,0.559,3.393,0.0000125000,-0.0000128900,0.3,1919.5
2026-09-05T16:39:49.249+00:00,A_sell_B_buy,2.8658,-7.5342,79919.0,79920.0,7.86616,0.05315,79896.0,79896.09999999999,0.31,3.393,0.0000125000,-0.0000128900,0.3,72.1
2026-09-05T16:39:49.249+00:00,B_sell_A_buy,-3.0035,-13.4035,79919.0,79920.0,7.86616,0.05315,79896.0,79896.09999999999,0.31,3.393,0.0000125000,-0.0000128900,0.3,72.1
2026-09-05T16:39:50.448+00:00,A_sell_B_buy,2.8658,-7.5342,79919.0,79920.0,8.05383,0.43262,79896.0,79896.09999999999,0.31,3.393,0.0000125000,-0.0000128900,0.2,621.0
2026-09-05T16:39:50.448+00:00,B_sell_A_buy,-3.0035,-13.4035,79919.0,79920.0,8.05383,0.43262,79896.0,79896.09999999999,0.31,3.393,0.0000125000,-0.0000128900,0.2,621.0
2026-09-05T16:39:51.463+00:00,A_sell_B_buy,2.9909,-7.4091,79920.0,79921.0,6.15523,0.24586,79896.0,79896.09999999999,0.31,3.393,0.0000125000,-0.0000128900,0.2,38.9
2026-09-05T16:39:51.463+00:00,B_sell_A_buy,-3.1286,-13.5286,79920.0,79921.0,6.15523,0.24586,79896.0,79896.09999999999,0.31,3.393,0.0000125000,-0.0000128900,0.2,38.9
2026-09-05T16:39:52.551+00:00,A_sell_B_buy,2.9909,-7.4091,79920.0,79921.0,8.14715,0.71562,79896.0,79896.09999999999,0.31,3.393,0.0000125000,-0.0000128900,0.2,1126.6
2026-09-05T16:39:52.551+00:00,B_sell_A_buy,-3.1286,-13.5286,79920.0,79921.0,8.14715,0.71562,79896.0,79896.09999999999,0.31,3.393,0.0000125000,-0.0000128900,0.2,1126.6
2026-09-05T16:39:54.738+00:00,A_sell_B_buy,3.1161,-7.2839,79921.0,79922.0,7.42892,1.36603,79896.0,79896.09999999999,0.31,3.567,0.0000125000,-0.0000128900,166.8,0.2
2026-09-05T16:39:54.738+00:00,B_sell_A_buy,-3.2537,-13.6537,79921.0,79922.0,7.42892,1.36603,79896.0,79896.09999999999,0.31,3.567,0.0000125000,-0.0000128900,166.8,0.2
2026-09-05T16:39:55.784+00:00,A_sell_B_buy,3.1161,-7.2839,79921.0,79922.0,7.58409,0.72748,79896.0,79896.09999999999,0.31,4.918,0.0000125000,-0.0000128900,0.2,858.2
2026-09-05T16:39:55.784+00:00,B_sell_A_buy,-3.2537,-13.6537,79921.0,79922.0,7.58409,0.72748,79896.0,79896.09999999999,0.31,4.918,0.0000125000,-0.0000128900,0.2,858.2
2026-09-05T16:39:56.803+00:00,A_sell_B_buy,3.1161,-7.2839,79921.0,79922.0,9.07009,1.23664,79896.0,79896.09999999999,0.46,1.702,0.0000125000,-0.0000128900,0.2,221.3
2026-09-05T16:39:56.803+00:00,B_sell_A_buy,-3.2537,-13.6537,79921.0,79922.0,9.07009,1.23664,79896.0,79896.09999999999,0.46,1.702,0.0000125000,-0.0000128900,0.2,221.3
2026-09-05T16:39:57.805+00:00,A_sell_B_buy,3.1161,-7.2839,79921.0,79922.0,8.72884,1.19843,79896.0,79896.09999999999,0.31,1.702,0.0000125000,-0.0000128900,0.2,908.7
2026-09-05T16:39:57.805+00:00,B_sell_A_buy,-3.2537,-13.6537,79921.0,79922.0,8.72884,1.19843,79896.0,79896.09999999999,0.31,1.702,0.0000125000,-0.0000128900,0.2,908.7
2026-09-05T16:39:58.885+00:00,A_sell_B_buy,3.1161,-7.2839,79921.0,79922.0,5.98354,0.95842,79896.0,79896.09999999999,0.001,2.128,0.0000125000,-0.0000128900,0.3,358.4
2026-09-05T16:39:58.885+00:00,B_sell_A_buy,-3.2537,-13.6537,79921.0,79922.0,5.98354,0.95842,79896.0,79896.09999999999,0.001,2.128,0.0000125000,-0.0000128900,0.3,358.4
2026-09-05T16:40:00.126+00:00,A_sell_B_buy,3.1161,-7.2839,79921.0,79922.0,7.38706,1.08147,79896.0,79896.09999999999,0.196,1.828,0.0000125000,-0.0000128900,0.3,597.5
2026-09-05T16:40:00.126+00:00,B_sell_A_buy,-3.2537,-13.6537,79921.0,79922.0,7.38706,1.08147,79896.0,79896.09999999999,0.196,1.828,0.0000125000,-0.0000128900,0.3,597.5
2026-09-05T16:40:01.143+00:00,A_sell_B_buy,3.2412,-7.1588,79922.0,79923.0,6.18546,1.0768,79896.0,79896.09999999999,0.196,1.836,0.0000125000,-0.0000131500,0.3,252.1
2026-09-05T16:40:01.143+00:00,B_sell_A_buy,-3.3788,-13.7788,79922.0,79923.0,6.18546,1.0768,79896.0,79896.09999999999,0.196,1.836,0.0000125000,-0.0000131500,0.3,252.1
2026-09-05T16:40:02.305+00:00,A_sell_B_buy,3.2412,-7.1588,79922.0,79923.0,6.31059,1.5676,79896.0,79896.09999999999,0.196,1.838,0.0000125000,-0.0000131500,0.3,322.1
2026-09-05T16:40:02.305+00:00,B_sell_A_buy,-3.3788,-13.7788,79922.0,79923.0,6.31059,1.5676,79896.0,79896.09999999999,0.196,1.838,0.0000125000,-0.0000131500,0.3,322.1
2026-09-05T16:40:03.513+00:00,A_sell_B_buy,3.2412,-7.1588,79922.0,79923.0,6.31094,1.04626,79896.0,79896.09999999999,0.196,1.838,0.0000125000,-0.0000131500,0.3,1529.7
2026-09-05T16:40:03.513+00:00,B_sell_A_buy,-3.3788,-13.7788,79922.0,79923.0,6.31094,1.04626,79896.0,79896.09999999999,0.196,1.838,0.0000125000,-0.0000131500,0.3,1529.7
2026-09-05T16:40:04.578+00:00,A_sell_B_buy,3.3663,-7.0337,79923.0,79924.0,5.66517,2.33593,79896.0,79896.09999999999,0.196,1.712,0.0000125000,-0.0000131500,0.3,539.8
2026-09-05T16:40:04.578+00:00,B_sell_A_buy,-3.5040,-13.9040,79923.0,79924.0,5.66517,2.33593,79896.0,79896.09999999999,0.196,1.712,0.0000125000,-0.0000131500,0.3,539.8
2026-09-05T16:40:05.594+00:00,A_sell_B_buy,3.3663,-7.0337,79923.0,79924.0,6.15851,2.40507,79896.0,79896.09999999999,0.196,1.712,0.0000125000,-0.0000131500,0.3,1555.0
2026-09-05T16:40:05.594+00:00,B_sell_A_buy,-3.5040,-13.9040,79923.0,79924.0,6.15851,2.40507,79896.0,79896.09999999999,0.196,1.712,0.0000125000,-0.0000131500,0.3,1555.0
2026-09-05T16:40:06.634+00:00,A_sell_B_buy,3.3663,-7.0337,79923.0,79924.0,6.15835,1.45407,79896.0,79896.09999999999,0.196,1.525,0.0000125000,-0.0000131500,234.9,0.2
2026-09-05T16:40:06.634+00:00,B_sell_A_buy,-3.5040,-13.9040,79923.0,79924.0,6.15835,1.45407,79896.0,79896.09999999999,0.196,1.525,0.0000125000,-0.0000131500,234.9,0.2
2026-09-05T16:40:07.679+00:00,A_sell_B_buy,1.8644,-8.5356,79924.0,79926.0,13.96976,0.00144,79909.0,79909.1,0.94,0.568,0.0000125000,-0.0000131500,61.8,0.2
2026-09-05T16:40:07.679+00:00,B_sell_A_buy,-2.1272,-12.5272,79924.0,79926.0,13.96976,0.00144,79909.0,79909.1,0.94,0.568,0.0000125000,-0.0000131500,61.8,0.2
2026-09-05T16:40:08.702+00:00,A_sell_B_buy,2.2398,-8.1602,79927.0,79928.0,19.98053,0.00024,79909.0,79909.1,1.137,0.253,0.0000125000,-0.0000131500,0.3,458.0
2026-09-05T16:40:08.702+00:00,B_sell_A_buy,-2.3774,-12.7774,79927.0,79928.0,19.98053,0.00024,79909.0,79909.1,1.137,0.253,0.0000125000,-0.0000131500,0.3,458.0
2026-09-05T16:40:09.732+00:00,A_sell_B_buy,3.1155,-7.2845,79934.0,79935.0,16.29009,0.82291,79909.0,79909.1,1.137,0.253,0.0000125000,-0.0000131500,0.3,1488.6
2026-09-05T16:40:09.732+00:00,B_sell_A_buy,-3.2532,-13.6532,79934.0,79935.0,16.29009,0.82291,79909.0,79909.1,1.137,0.253,0.0000125000,-0.0000131500,0.3,1488.6
2026-09-05T16:40:10.765+00:00,A_sell_B_buy,2.8777,-7.5223,79937.0,79938.0,11.00425,0.00122,79913.90000000001,79914.0,1.06,0.442,0.0000125000,-0.0000131500,0.2,122.8
2026-09-05T16:40:10.765+00:00,B_sell_A_buy,-3.0153,-13.4153,79937.0,79938.0,11.00425,0.00122,79913.90000000001,79914.0,1.06,0.442,0.0000125000,-0.0000131500,0.2,122.8
2026-09-05T16:40:11.779+00:00,A_sell_B_buy,2.8777,-7.5223,79937.0,79938.0,12.13847,0.5264,79913.90000000001,79914.0,1.06,0.226,0.0000125000,-0.0000131500,0.2,601.2
2026-09-05T16:40:11.779+00:00,B_sell_A_buy,-3.0153,-13.4153,79937.0,79938.0,12.13847,0.5264,79913.90000000001,79914.0,1.06,0.226,0.0000125000,-0.0000131500,0.2,601.2
2026-09-05T16:40:12.903+00:00,A_sell_B_buy,2.4773,-7.9227,79937.0,79938.0,10.03059,0.34264,79917.1,79917.2,0.227,0.442,0.0000125000,-0.0000131500,0.2,564.6
2026-09-05T16:40:12.903+00:00,B_sell_A_buy,-2.6149,-13.0149,79937.0,79938.0,10.03059,0.34264,79917.1,79917.2,0.227,0.442,0.0000125000,-0.0000131500,0.2,564.6
2026-09-05T16:40:13.926+00:00,A_sell_B_buy,2.8525,-7.5475,79940.0,79941.0,10.88005,1.8488,79917.1,79917.2,0.228,0.442,0.0000125000,-0.0000131500,0.2,261.6
2026-09-05T16:40:13.926+00:00,B_sell_A_buy,-2.9902,-13.3902,79940.0,79941.0,10.88005,1.8488,79917.1,79917.2,0.228,0.442,0.0000125000,-0.0000131500,0.2,261.6
2026-09-05T16:40:14.933+00:00,A_sell_B_buy,2.8525,-7.5475,79940.0,79941.0,12.419,2.82185,79917.1,79917.2,0.577,0.226,0.0000125000,-0.0000131500,217.8,0.2
2026-09-05T16:40:14.933+00:00,B_sell_A_buy,-2.9902,-13.3902,79940.0,79941.0,12.419,2.82185,79917.1,79917.2,0.577,0.226,0.0000125000,-0.0000131500,217.8,0.2
2026-09-05T16:40:16.115+00:00,A_sell_B_buy,2.8525,-7.5475,79940.0,79941.0,10.48912,0.02345,79917.1,79917.2,2.078,0.226,0.0000125000,-0.0000131500,0.3,384.0
2026-09-05T16:40:16.115+00:00,B_sell_A_buy,-2.9902,-13.3902,79940.0,79941.0,10.48912,0.02345,79917.1,79917.2,2.078,0.226,0.0000125000,-0.0000131500,0.3,384.0
2026-09-05T16:40:17.129+00:00,A_sell_B_buy,3.2278,-7.1722,79943.0,79945.0,14.26747,0.1428,79917.1,79917.2,2.078,0.226,0.0000125000,-0.0000131500,0.2,1398.5
2026-09-05T16:40:17.129+00:00,B_sell_A_buy,-3.4905,-13.8905,79943.0,79945.0,14.26747,0.1428,79917.1,79917.2,2.078,0.226,0.0000125000,-0.0000131500,0.2,1398.5
2026-09-05T16:40:22.953+00:00,A_sell_B_buy,3.4780,-6.9220,79945.0,79946.0,7.5156,2.1955,79917.1,79917.2,2.152,0.024,0.0000125000,-0.0000131500,28.3,0.1
2026-09-05T16:40:22.953+00:00,B_sell_A_buy,-3.6156,-14.0156,79945.0,79946.0,7.5156,2.1955,79917.1,79917.2,2.152,0.024,0.0000125000,-0.0000131500,28.3,0.1
2026-09-05T16:40:24.138+00:00,A_sell_B_buy,3.3403,-7.0597,79945.0,79946.0,8.07869,2.04126,79918.20000000001,79918.3,1.88,0.501,0.0000125000,-0.0000131500,0.3,1108.0
2026-09-05T16:40:24.138+00:00,B_sell_A_buy,-3.4780,-13.8780,79945.0,79946.0,8.07869,2.04126,79918.20000000001,79918.3,1.88,0.501,0.0000125000,-0.0000131500,0.3,1108.0
2026-09-05T16:40:25.186+00:00,A_sell_B_buy,3.3403,-7.0597,79945.0,79946.0,9.17932,1.68437,79918.20000000001,79918.3,2.03,0.501,0.0000125000,-0.0000131500,0.2,159.4
2026-09-05T16:40:25.186+00:00,B_sell_A_buy,-3.4780,-13.8780,79945.0,79946.0,9.17932,1.68437,79918.20000000001,79918.3,2.03,0.501,0.0000125000,-0.0000131500,0.2,159.4
2026-09-05T16:40:26.230+00:00,A_sell_B_buy,3.3403,-7.0597,79945.0,79946.0,8.73809,1.74315,79918.20000000001,79918.3,2.03,0.501,0.0000125000,-0.0000131500,225.1,0.3
2026-09-05T16:40:26.230+00:00,B_sell_A_buy,-3.4780,-13.8780,79945.0,79946.0,8.73809,1.74315,79918.20000000001,79918.3,2.03,0.501,0.0000125000,-0.0000131500,225.1,0.3
2026-09-05T16:40:27.460+00:00,A_sell_B_buy,3.3403,-7.0597,79945.0,79946.0,7.32462,2.05887,79918.20000000001,79918.3,2.03,0.501,0.0000125000,-0.0000131500,0.2,279.7
2026-09-05T16:40:27.460+00:00,B_sell_A_buy,-3.4780,-13.8780,79945.0,79946.0,7.32462,2.05887,79918.20000000001,79918.3,2.03,0.501,0.0000125000,-0.0000131500,0.2,279.7
2026-09-05T16:40:28.484+00:00,A_sell_B_buy,3.3403,-7.0597,79945.0,79946.0,8.56439,2.15694,79918.20000000001,79918.3,2.1,0.501,0.0000125000,-0.0000131500,0.2,251.9
2026-09-05T16:40:28.484+00:00,B_sell_A_buy,-3.4780,-13.8780,79945.0,79946.0,8.56439,2.15694,79918.20000000001,79918.3,2.1,0.501,0.0000125000,-0.0000131500,0.2,251.9
2026-09-05T16:40:29.528+00:00,A_sell_B_buy,3.3403,-7.0597,79945.0,79946.0,9.02003,2.00058,79918.20000000001,79918.3,1.955,0.501,0.0000125000,-0.0000131500,431.5,0.2
2026-09-05T16:40:29.528+00:00,B_sell_A_buy,-3.4780,-13.8780,79945.0,79946.0,9.02003,2.00058,79918.20000000001,79918.3,1.955,0.501,0.0000125000,-0.0000131500,431.5,0.2
2026-09-05T16:40:30.536+00:00,A_sell_B_buy,3.3403,-7.0597,79945.0,79946.0,8.5508,2.0004,79918.20000000001,79918.3,2.105,0.501,0.0000125000,-0.0000131500,199.3,0.3
2026-09-05T16:40:30.536+00:00,B_sell_A_buy,-3.4780,-13.8780,79945.0,79946.0,8.5508,2.0004,79918.20000000001,79918.3,2.105,0.501,0.0000125000,-0.0000131500,199.3,0.3
2026-09-05T16:40:31.556+00:00,A_sell_B_buy,3.3403,-7.0597,79945.0,79946.0,8.5508,1.85701,79918.20000000001,79918.3,2.105,0.501,0.0000125000,-0.0000131500,0.3,1020.2
2026-09-05T16:40:31.556+00:00,B_sell_A_buy,-3.4780,-13.8780,79945.0,79946.0,8.5508,1.85701,79918.20000000001,79918.3,2.105,0.501,0.0000125000,-0.0000131500,0.3,1020.2
2026-09-05T16:40:32.750+00:00,A_sell_B_buy,3.3403,-7.0597,79945.0,79946.0,7.76781,1.85901,79918.20000000001,79918.3,1.955,0.501,0.0000125000,-0.0000131500,0.2,461.7
2026-09-05T16:40:32.750+00:00,B_sell_A_buy,-3.4780,-13.8780,79945.0,79946.0,7.76781,1.85901,79918.20000000001,79918.3,1.955,0.501,0.0000125000,-0.0000131500,0.2,461.7
2026-09-05T16:40:33.828+00:00,A_sell_B_buy,4.1537,-6.2463,79945.0,79946.0,0.272,12.15107,79911.7,79911.8,0.07,0.354,0.0000125000,-0.0000131500,79.0,0.1
2026-09-05T16:40:33.828+00:00,B_sell_A_buy,-4.2913,-14.6913,79945.0,79946.0,0.272,12.15107,79911.7,79911.8,0.07,0.354,0.0000125000,-0.0000131500,79.0,0.1
2026-09-05T16:40:35.150+00:00,A_sell_B_buy,4.1537,-6.2463,79945.0,79946.0,0.0003,13.13264,79911.7,79911.8,0.07,0.679,0.0000125000,-0.0000131500,0.3,1202.0
2026-09-05T16:40:35.150+00:00,B_sell_A_buy,-4.2913,-14.6913,79945.0,79946.0,0.0003,13.13264,79911.7,79911.8,0.07,0.679,0.0000125000,-0.0000131500,0.3,1202.0
2026-09-05T16:40:36.906+00:00,A_sell_B_buy,4.1537,-6.2463,79945.0,79946.0,0.0003,13.62548,79911.7,79911.8,0.273,0.679,0.0000125000,-0.0000131500,0.3,1326.0
2026-09-05T16:40:36.906+00:00,B_sell_A_buy,-4.2913,-14.6913,79945.0,79946.0,0.0003,13.62548,79911.7,79911.8,0.273,0.679,0.0000125000,-0.0000131500,0.3,1326.0
2026-09-05T16:40:37.932+00:00,A_sell_B_buy,3.5283,-6.8717,79940.0,79941.0,2.06621,6.8096,79911.7,79911.8,0.273,0.68,0.0000125000,-0.0000131500,0.3,413.2
2026-09-05T16:40:37.932+00:00,B_sell_A_buy,-3.6659,-14.0659,79940.0,79941.0,2.06621,6.8096,79911.7,79911.8,0.273,0.68,0.0000125000,-0.0000131500,0.3,413.2
2026-09-05T16:40:38.934+00:00,A_sell_B_buy,3.5283,-6.8717,79940.0,79941.0,2.8484,7.74819,79911.7,79911.8,0.273,0.679,0.0000125000,-0.0000131500,0.3,201.4
2026-09-05T16:40:38.934+00:00,B_sell_A_buy,-3.6659,-14.0659,79940.0,79941.0,2.8484,7.74819,79911.7,79911.8,0.273,0.679,0.0000125000,-0.0000131500,0.3,201.4
2026-09-05T16:40:39.950+00:00,A_sell_B_buy,5.4931,-4.9069,79940.0,79941.0,0.0002,20.10012,79896.0,79896.09999999999,4.036,0.652,0.0000125000,-0.0000131500,34.9,0.1
2026-09-05T16:40:39.950+00:00,B_sell_A_buy,-5.6308,-16.0308,79940.0,79941.0,0.0002,20.10012,79896.0,79896.09999999999,4.036,0.652,0.0000125000,-0.0000131500,34.9,0.1
2026-09-05T16:40:40.975+00:00,A_sell_B_buy,4.6174,-5.7826,79933.0,79934.0,0.00101,11.53278,79896.0,79896.09999999999,5.204,0.652,0.0000125000,-0.0000131500,0.2,45.3
2026-09-05T16:40:40.975+00:00,B_sell_A_buy,-4.7551,-15.1551,79933.0,79934.0,0.00101,11.53278,79896.0,79896.09999999999,5.204,0.652,0.0000125000,-0.0000131500,0.2,45.3
2026-09-05T16:40:41.977+00:00,A_sell_B_buy,4.6174,-5.7826,79933.0,79934.0,0.00101,17.75267,79896.0,79896.09999999999,5.245,0.652,0.0000125000,-0.0000131500,0.2,36.0
2026-09-05T16:40:41.977+00:00,B_sell_A_buy,-4.7551,-15.1551,79933.0,79934.0,0.00101,17.75267,79896.0,79896.09999999999,5.245,0.652,0.0000125000,-0.0000131500,0.2,36.0
2026-09-05T16:40:42.978+00:00,A_sell_B_buy,3.1161,-7.2839,79921.0,79922.0,0.54222,1.56263,79896.0,79896.09999999999,2.412,0.653,0.0000125000,-0.0000131500,77.0,0.1
2026-09-05T16:40:42.978+00:00,B_sell_A_buy,-3.2537,-13.6537,79921.0,79922.0,0.54222,1.56263,79896.0,79896.09999999999,2.412,0.653,0.0000125000,-0.0000131500,77.0,0.1
2026-09-05T16:40:44.119+00:00,A_sell_B_buy,3.1286,-7.2714,79921.0,79922.0,4.32788,5.52938,79895.90000000001,79896.0,0.079,3.601,0.0000125000,-0.0000131500,0.3,277.9
2026-09-05T16:40:44.119+00:00,B_sell_A_buy,-3.2662,-13.6662,79921.0,79922.0,4.32788,5.52938,79895.90000000001,79896.0,0.079,3.601,0.0000125000,-0.0000131500,0.3,277.9
2026-09-05T16:40:45.192+00:00,A_sell_B_buy,3.1286,-7.2714,79921.0,79922.0,2.88574,6.21301,79895.90000000001,79896.0,0.28,3.601,0.0000125000,-0.0000131500,0.3,1065.7
2026-09-05T16:40:45.192+00:00,B_sell_A_buy,-3.2662,-13.6662,79921.0,79922.0,2.88574,6.21301,79895.90000000001,79896.0,0.28,3.601,0.0000125000,-0.0000131500,0.3,1065.7
2026-09-05T16:40:46.216+00:00,A_sell_B_buy,3.1286,-7.2714,79921.0,79922.0,4.92427,6.20283,79895.90000000001,79896.0,0.28,3.602,0.0000125000,-0.0000131500,0.3,290.9
2026-09-05T16:40:46.216+00:00,B_sell_A_buy,-3.2662,-13.6662,79921.0,79922.0,4.92427,6.20283,79895.90000000001,79896.0,0.28,3.602,0.0000125000,-0.0000131500,0.3,290.9
2026-09-05T16:40:47.433+00:00,A_sell_B_buy,3.1286,-7.2714,79921.0,79922.0,4.97653,6.18917,79895.90000000001,79896.0,0.28,3.602,0.0000125000,-0.0000131500,0.3,1507.4
2026-09-05T16:40:47.433+00:00,B_sell_A_buy,-3.2662,-13.6662,79921.0,79922.0,4.97653,6.18917,79895.90000000001,79896.0,0.28,3.602,0.0000125000,-0.0000131500,0.3,1507.4
2026-09-05T16:40:48.475+00:00,A_sell_B_buy,2.1026,-8.2974,79908.0,79909.0,4.14397,0.115,79891.1,79891.2,0.27,0.686,0.0000125000,-0.0000131500,111.3,0.2
2026-09-05T16:40:48.475+00:00,B_sell_A_buy,-2.2403,-12.6403,79908.0,79909.0,4.14397,0.115,79891.1,79891.2,0.27,0.686,0.0000125000,-0.0000131500,111.3,0.2
2026-09-05T16:40:49.649+00:00,A_sell_B_buy,2.1026,-8.2974,79908.0,79909.0,5.16567,0.9545,79891.1,79891.2,0.27,0.686,0.0000125000,-0.0000131500,0.2,963.3
2026-09-05T16:40:49.649+00:00,B_sell_A_buy,-2.2403,-12.6403,79908.0,79909.0,5.16567,0.9545,79891.1,79891.2,0.27,0.686,0.0000125000,-0.0000131500,0.2,963.3
2026-09-05T16:40:50.730+00:00,A_sell_B_buy,2.1026,-8.2974,79908.0,79909.0,5.15999,0.94683,79891.1,79891.2,0.27,0.687,0.0000125000,-0.0000131500,589.8,0.2
2026-09-05T16:40:50.730+00:00,B_sell_A_buy,-2.2403,-12.6403,79908.0,79909.0,5.15999,0.94683,79891.1,79891.2,0.27,0.687,0.0000125000,-0.0000131500,589.8,0.2
2026-09-05T16:40:51.738+00:00,A_sell_B_buy,2.1026,-8.2974,79908.0,79909.0,2.33655,0.94683,79891.1,79891.2,0.27,0.687,0.0000125000,-0.0000131500,0.2,1008.1
2026-09-05T16:40:51.738+00:00,B_sell_A_buy,-2.2403,-12.6403,79908.0,79909.0,2.33655,0.94683,79891.1,79891.2,0.27,0.687,0.0000125000,-0.0000131500,0.2,1008.1
2026-09-05T16:40:52.771+00:00,A_sell_B_buy,2.1026,-8.2974,79908.0,79909.0,4.38416,0.94621,79891.1,79891.2,0.27,0.585,0.0000125000,-0.0000131500,43.9,0.1
2026-09-05T16:40:52.771+00:00,B_sell_A_buy,-2.2403,-12.6403,79908.0,79909.0,4.38416,0.94621,79891.1,79891.2,0.27,0.585,0.0000125000,-0.0000131500,43.9,0.1
2026-09-05T16:40:53.779+00:00,A_sell_B_buy,2.1027,-8.2973,79908.0,79909.0,4.02132,0.86425,79888.2,79891.2,0.142,1.085,0.0000125000,-0.0000131500,22.6,0.2
2026-09-05T16:40:53.779+00:00,B_sell_A_buy,-2.6033,-13.0033,79908.0,79909.0,4.02132,0.86425,79888.2,79891.2,0.142,1.085,0.0000125000,-0.0000131500,22.6,0.2
2026-09-05T16:40:54.786+00:00,A_sell_B_buy,2.4656,-7.9344,79908.0,79909.0,3.35684,3.48441,79888.2,79888.3,0.434,0.323,0.0000125000,-0.0000131500,0.3,786.2
2026-09-05T16:40:54.786+00:00,B_sell_A_buy,-2.6033,-13.0033,79908.0,79909.0,3.35684,3.48441,79888.2,79888.3,0.434,0.323,0.0000125000,-0.0000131500,0.3,786.2
2026-09-05T16:40:55.933+00:00,A_sell_B_buy,2.4656,-7.9344,79908.0,79909.0,2.31922,3.07478,79888.2,79888.3,0.434,0.323,0.0000125000,-0.0000131500,0.3,1932.6
2026-09-05T16:40:55.933+00:00,B_sell_A_buy,-2.6033,-13.0033,79908.0,79909.0,2.31922,3.07478,79888.2,79888.3,0.434,0.323,0.0000125000,-0.0000131500,0.3,1932.6
2026-09-05T16:40:56.977+00:00,A_sell_B_buy,2.4656,-7.9344,79908.0,79909.0,2.26536,3.05982,79888.2,79888.3,0.435,0.323,0.0000125000,-0.0000131500,115.0,0.2
2026-09-05T16:40:56.977+00:00,B_sell_A_buy,-2.6033,-13.0033,79908.0,79909.0,2.26536,3.05982,79888.2,79888.3,0.435,0.323,0.0000125000,-0.0000131500,115.0,0.2
2026-09-05T16:40:58.133+00:00,A_sell_B_buy,2.4656,-7.9344,79908.0,79909.0,1.27682,3.01609,79888.2,79888.3,0.585,0.52,0.0000125000,-0.0000131500,268.7,0.3
2026-09-05T16:40:58.133+00:00,B_sell_A_buy,-2.6033,-13.0033,79908.0,79909.0,1.27682,3.01609,79888.2,79888.3,0.585,0.52,0.0000125000,-0.0000131500,268.7,0.3
2026-09-05T16:40:59.539+00:00,A_sell_B_buy,2.4656,-7.9344,79908.0,79909.0,1.77727,3.01622,79888.2,79888.3,0.435,0.52,0.0000125000,-0.0000131500,0.2,1005.2
2026-09-05T16:40:59.539+00:00,B_sell_A_buy,-2.6033,-13.0033,79908.0,79909.0,1.77727,3.01622,79888.2,79888.3,0.435,0.52,0.0000125000,-0.0000131500,0.2,1005.2
2026-09-05T16:41:00.635+00:00,A_sell_B_buy,2.4656,-7.9344,79908.0,79909.0,0.8274,3.67477,79888.2,79888.3,0.001,1.93,0.0000125000,-0.0000132000,0.3,201.7
2026-09-05T16:41:00.635+00:00,B_sell_A_buy,-2.6033,-13.0033,79908.0,79909.0,0.8274,3.67477,79888.2,79888.3,0.001,1.93,0.0000125000,-0.0000132000,0.3,201.7
2026-09-05T16:41:01.680+00:00,A_sell_B_buy,2.4656,-7.9344,79908.0,79909.0,0.64561,6.85639,79888.2,79888.3,0.001,2.121,0.0000125000,-0.0000132000,45.3,0.2
2026-09-05T16:41:01.680+00:00,B_sell_A_buy,-2.6033,-13.0033,79908.0,79909.0,0.64561,6.85639,79888.2,79888.3,0.001,2.121,0.0000125000,-0.0000132000,45.3,0.2
2026-09-05T16:41:02.682+00:00,A_sell_B_buy,2.4656,-7.9344,79908.0,79909.0,0.74461,7.1994,79888.2,79888.3,0.001,4.29,0.0000125000,-0.0000132000,409.4,0.2
2026-09-05T16:41:02.682+00:00,B_sell_A_buy,-2.6033,-13.0033,79908.0,79909.0,0.74461,7.1994,79888.2,79888.3,0.001,4.29,0.0000125000,-0.0000132000,409.4,0.2
2026-09-05T16:41:03.736+00:00,A_sell_B_buy,1.3393,-9.0607,79899.0,79900.0,2.71747,0.267,79888.2,79888.3,0.194,1.93,0.0000125000,-0.0000132000,57.8,0.1
2026-09-05T16:41:03.736+00:00,B_sell_A_buy,-1.4770,-11.8770,79899.0,79900.0,2.71747,0.267,79888.2,79888.3,0.194,1.93,0.0000125000,-0.0000132000,57.8,0.1
2026-09-05T16:41:04.784+00:00,A_sell_B_buy,-0.7509,-11.1509,79904.0,79905.0,26.61438,0.95716,79909.90000000001,79910.0,0.191,0.39,0.0000125000,-0.0000132000,130.5,0.2
2026-09-05T16:41:04.784+00:00,B_sell_A_buy,0.6132,-9.7868,79904.0,79905.0,26.61438,0.95716,79909.90000000001,79910.0,0.191,0.39,0.0000125000,-0.0000132000,130.5,0.2
2026-09-05T16:41:05.850+00:00,A_sell_B_buy,2.0523,-8.3477,79920.0,79921.0,7.66152,1.22179,79903.5,79903.6,0.216,3.269,0.0000125000,-0.0000132000,0.1,162.4
2026-09-05T16:41:05.850+00:00,B_sell_A_buy,-2.1899,-12.5899,79920.0,79921.0,7.66152,1.22179,79903.5,79903.6,0.216,3.269,0.0000125000,-0.0000132000,0.1,162.4
2026-09-05T16:41:06.980+00:00,A_sell_B_buy,2.0523,-8.3477,79920.0,79921.0,8.62173,2.08668,79903.5,79903.6,0.217,2.821,0.0000125000,-0.0000132000,156.5,0.3
2026-09-05T16:41:06.980+00:00,B_sell_A_buy,-2.1899,-12.5899,79920.0,79921.0,8.62173,2.08668,79903.5,79903.6,0.217,2.821,0.0000125000,-0.0000132000,156.5,0.3
2026-09-05T16:41:08.036+00:00,A_sell_B_buy,2.0523,-8.3477,79920.0,79921.0,9.03855,0.03573,79903.5,79903.6,2.066,0.2,0.0000125000,-0.0000132000,0.3,354.3
2026-09-05T16:41:08.036+00:00,B_sell_A_buy,-2.1899,-12.5899,79920.0,79921.0,9.03855,0.03573,79903.5,79903.6,2.066,0.2,0.0000125000,-0.0000132000,0.3,354.3
2026-09-05T16:41:09.049+00:00,A_sell_B_buy,2.4276,-7.9724,79923.0,79924.0,3.56886,0.41418,79903.5,79903.6,2.067,0.2,0.0000125000,-0.0000132000,0.2,509.8
2026-09-05T16:41:09.049+00:00,B_sell_A_buy,-2.5653,-12.9653,79923.0,79924.0,3.56886,0.41418,79903.5,79903.6,2.067,0.2,0.0000125000,-0.0000132000,0.2,509.8
2026-09-05T16:41:10.053+00:00,A_sell_B_buy,1.8394,-8.5606,79923.0,79924.0,4.87097,2.13772,79908.2,79908.3,0.043,2.74,0.0000125000,-0.0000132000,0.2,754.1
2026-09-05T16:41:10.053+00:00,B_sell_A_buy,-1.9771,-12.3771,79923.0,79924.0,4.87097,2.13772,79908.2,79908.3,0.043,2.74,0.0000125000,-0.0000132000,0.2,754.1
2026-09-05T16:41:11.178+00:00,A_sell_B_buy,1.8394,-8.5606,79923.0,79924.0,5.05851,2.6759,79908.2,79908.3,0.043,1.239,0.0000125000,-0.0000132000,0.3,652.1
2026-09-05T16:41:11.178+00:00,B_sell_A_buy,-1.9771,-12.3771,79923.0,79924.0,5.05851,2.6759,79908.2,79908.3,0.043,1.239,0.0000125000,-0.0000132000,0.3,652.1
2026-09-05T16:41:12.376+00:00,A_sell_B_buy,1.8394,-8.5606,79923.0,79924.0,2.55483,4.08498,79908.2,79908.3,0.009,1.24,0.0000125000,-0.0000132000,0.3,339.2
2026-09-05T16:41:12.376+00:00,B_sell_A_buy,-1.9771,-12.3771,79923.0,79924.0,2.55483,4.08498,79908.2,79908.3,0.009,1.24,0.0000125000,-0.0000132000,0.3,339.2
2026-09-05T16:41:13.456+00:00,A_sell_B_buy,1.8394,-8.5606,79923.0,79924.0,2.45843,5.84388,79908.2,79908.3,0.009,2.754,0.0000125000,-0.0000132000,0.2,334.9
2026-09-05T16:41:13.456+00:00,B_sell_A_buy,-1.9771,-12.3771,79923.0,79924.0,2.45843,5.84388,79908.2,79908.3,0.009,2.754,0.0000125000,-0.0000132000,0.2,334.9
2026-09-05T16:41:14.534+00:00,A_sell_B_buy,1.8394,-8.5606,79923.0,79924.0,2.37456,6.09083,79908.2,79908.3,0.009,2.741,0.0000125000,-0.0000132000,0.3,752.1
2026-09-05T16:41:14.534+00:00,B_sell_A_buy,-1.9771,-12.3771,79923.0,79924.0,2.37456,6.09083,79908.2,79908.3,0.009,2.741,0.0000125000,-0.0000132000,0.3,752.1
2026-09-05T16:41:15.660+00:00,A_sell_B_buy,1.8394,-8.5606,79923.0,79924.0,4.88898,6.08316,79908.2,79908.3,0.009,1.118,0.0000125000,-0.0000132000,0.3,178.0
2026-09-05T16:41:15.660+00:00,B_sell_A_buy,-1.9771,-12.3771,79923.0,79924.0,4.88898,6.08316,79908.2,79908.3,0.009,1.118,0.0000125000,-0.0000132000,0.3,178.0
2026-09-05T16:41:17.181+00:00,A_sell_B_buy,1.8394,-8.5606,79923.0,79924.0,3.52385,6.31778,79908.2,79908.3,0.009,1.118,0.0000125000,-0.0000132000,0.2,1698.0
2026-09-05T16:41:17.181+00:00,B_sell_A_buy,-1.9771,-12.3771,79923.0,79924.0,3.52385,6.31778,79908.2,79908.3,0.009,1.118,0.0000125000,-0.0000132000,0.2,1698.0
2026-09-05T16:41:18.736+00:00,A_sell_B_buy,1.8394,-8.5606,79923.0,79924.0,3.43585,6.16139,79908.2,79908.3,0.009,1.328,0.0000125000,-0.0000132000,123.8,0.2
2026-09-05T16:41:18.736+00:00,B_sell_A_buy,-1.9771,-12.3771,79923.0,79924.0,3.43585,6.16139,79908.2,79908.3,0.009,1.328,0.0000125000,-0.0000132000,123.8,0.2
2026-09-05T16:41:19.785+00:00,A_sell_B_buy,2.9783,-7.4217,79923.0,79924.0,1.72455,13.01571,79899.1,79899.2,0.201,1.024,0.0000125000,-0.0000132000,249.4,0.3
2026-09-05T16:41:19.785+00:00,B_sell_A_buy,-3.1160,-13.5160,79923.0,79924.0,1.72455,13.01571,79899.1,79899.2,0.201,1.024,0.0000125000,-0.0000132000,249.4,0.3
2026-09-05T16:41:20.870+00:00,A_sell_B_buy,2.9783,-7.4217,79923.0,79924.0,1.7238,13.03124,79899.1,79899.2,0.201,1.024,0.0000125000,-0.0000132000,0.2,1085.1
2026-09-05T16:41:20.870+00:00,B_sell_A_buy,-3.1160,-13.5160,79923.0,79924.0,1.7238,13.03124,79899.1,79899.2,0.201,1.024,0.0000125000,-0.0000132000,0.2,1085.1
2026-09-05T16:41:21.941+00:00,A_sell_B_buy,2.9783,-7.4217,79923.0,79924.0,1.71189,11.27423,79899.1,79899.2,0.201,1.024,0.0000125000,-0.0000132000,0.2,307.5
2026-09-05T16:41:21.941+00:00,B_sell_A_buy,-3.1160,-13.5160,79923.0,79924.0,1.71189,11.27423,79899.1,79899.2,0.201,1.024,0.0000125000,-0.0000132000,0.2,307.5
2026-09-05T16:41:23.097+00:00,A_sell_B_buy,2.9783,-7.4217,79923.0,79924.0,1.71114,12.69329,79899.1,79899.2,0.201,1.024,0.0000125000,-0.0000132000,0.3,511.3
2026-09-05T16:41:23.097+00:00,B_sell_A_buy,-3.1160,-13.5160,79923.0,79924.0,1.71114,12.69329,79899.1,79899.2,0.201,1.024,0.0000125000,-0.0000132000,0.3,511.3
2026-09-05T16:41:24.250+00:00,A_sell_B_buy,2.9783,-7.4217,79923.0,79924.0,1.71114,12.7965,79899.1,79899.2,0.201,1.024,0.0000125000,-0.0000132000,0.3,1663.5
2026-09-05T16:41:24.250+00:00,B_sell_A_buy,-3.1160,-13.5160,79923.0,79924.0,1.71114,12.7965,79899.1,79899.2,0.201,1.024,0.0000125000,-0.0000132000,0.3,1663.5
2026-09-05T16:41:25.460+00:00,A_sell_B_buy,3.4789,-6.9211,79923.0,79924.0,1.29428,12.8954,79895.1,79895.2,0.197,3.029,0.0000125000,-0.0000132000,0.2,977.6
2026-09-05T16:41:25.460+00:00,B_sell_A_buy,-3.6166,-14.0166,79923.0,79924.0,1.29428,12.8954,79895.1,79895.2,0.197,3.029,0.0000125000,-0.0000132000,0.2,977.6
2026-09-05T16:41:26.484+00:00,A_sell_B_buy,3.4789,-6.9211,79923.0,79924.0,1.29318,11.09204,79895.1,79895.2,0.197,2.83,0.0000125000,-0.0000132000,30.0,0.1
2026-09-05T16:41:26.484+00:00,B_sell_A_buy,-3.6166,-14.0166,79923.0,79924.0,1.29318,11.09204,79895.1,79895.2,0.197,2.83,0.0000125000,-0.0000132000,30.0,0.1
2026-09-05T16:41:27.541+00:00,A_sell_B_buy,3.4789,-6.9211,79923.0,79924.0,1.29318,12.13927,79895.1,79895.2,0.197,3.03,0.0000125000,-0.0000132000,0.3,758.1
2026-09-05T16:41:27.541+00:00,B_sell_A_buy,-3.6166,-14.0166,79923.0,79924.0,1.29318,12.13927,79895.1,79895.2,0.197,3.03,0.0000125000,-0.0000132000,0.3,758.1
2026-09-05T16:41:28.567+00:00,A_sell_B_buy,3.4789,-6.9211,79923.0,79924.0,1.29393,11.66664,79895.1,79895.2,1.848,3.03,0.0000125000,-0.0000132000,0.2,484.3
2026-09-05T16:41:28.567+00:00,B_sell_A_buy,-3.6166,-14.0166,79923.0,79924.0,1.29393,11.66664,79895.1,79895.2,1.848,3.03,0.0000125000,-0.0000132000,0.2,484.3
2026-09-05T16:41:29.684+00:00,A_sell_B_buy,3.4789,-6.9211,79923.0,79924.0,1.29375,11.62664,79895.1,79895.2,0.347,3.03,0.0000125000,-0.0000132000,187.8,0.3
2026-09-05T16:41:29.684+00:00,B_sell_A_buy,-3.6166,-14.0166,79923.0,79924.0,1.29375,11.62664,79895.1,79895.2,0.347,3.03,0.0000125000,-0.0000132000,187.8,0.3
2026-09-05T16:41:30.774+00:00,A_sell_B_buy,3.4789,-6.9211,79923.0,79924.0,1.12595,10.75286,79895.1,79895.2,0.197,3.03,0.0000125000,-0.0000132000,0.3,1086.7
2026-09-05T16:41:30.774+00:00,B_sell_A_buy,-3.6166,-14.0166,79923.0,79924.0,1.12595,10.75286,79895.1,79895.2,0.197,3.03,0.0000125000,-0.0000132000,0.3,1086.7
2026-09-05T16:41:31.815+00:00,A_sell_B_buy,1.8522,-8.5478,79910.0,79911.0,2.56771,0.0022,79895.1,79895.2,0.197,3.03,0.0000125000,-0.0000132000,0.2,478.1
2026-09-05T16:41:31.815+00:00,B_sell_A_buy,-1.9899,-12.3899,79910.0,79911.0,2.56771,0.0022,79895.1,79895.2,0.197,3.03,0.0000125000,-0.0000132000,0.2,478.1
2026-09-05T16:41:32.919+00:00,A_sell_B_buy,1.8522,-8.5478,79910.0,79911.0,9.51113,0.50779,79895.1,79895.2,0.197,3.028,0.0000125000,-0.0000132000,0.3,142.4
2026-09-05T16:41:32.919+00:00,B_sell_A_buy,-1.9899,-12.3899,79910.0,79911.0,9.51113,0.50779,79895.1,79895.2,0.197,3.028,0.0000125000,-0.0000132000,0.3,142.4
2026-09-05T16:41:33.986+00:00,A_sell_B_buy,1.8522,-8.5478,79910.0,79911.0,9.26196,0.29218,79895.1,79895.2,0.588,0.207,0.0000125000,-0.0000132000,0.4,150.6
2026-09-05T16:41:33.986+00:00,B_sell_A_buy,-1.9899,-12.3899,79910.0,79911.0,9.26196,0.29218,79895.1,79895.2,0.588,0.207,0.0000125000,-0.0000132000,0.4,150.6
2026-09-05T16:41:35.037+00:00,A_sell_B_buy,1.8522,-8.5478,79910.0,79911.0,9.14846,0.29218,79895.1,79895.2,2.08,0.207,0.0000125000,-0.0000132000,679.2,0.3
2026-09-05T16:41:35.037+00:00,B_sell_A_buy,-1.9899,-12.3899,79910.0,79911.0,9.14846,0.29218,79895.1,79895.2,2.08,0.207,0.0000125000,-0.0000132000,679.2,0.3
2026-09-05T16:41:36.104+00:00,A_sell_B_buy,1.8522,-8.5478,79910.0,79911.0,9.14846,0.27018,79895.1,79895.2,0.579,0.207,0.0000125000,-0.0000132000,0.3,178.3
2026-09-05T16:41:36.104+00:00,B_sell_A_buy,-1.9899,-12.3899,79910.0,79911.0,9.14846,0.27018,79895.1,79895.2,0.579,0.207,0.0000125000,-0.0000132000,0.3,178.3
2026-09-05T16:41:37.174+00:00,A_sell_B_buy,1.8522,-8.5478,79910.0,79911.0,9.13616,0.27018,79895.1,79895.2,2.08,0.207,0.0000125000,-0.0000132000,0.3,188.8
2026-09-05T16:41:37.174+00:00,B_sell_A_buy,-1.9899,-12.3899,79910.0,79911.0,9.13616,0.27018,79895.1,79895.2,2.08,0.207,0.0000125000,-0.0000132000,0.3,188.8
2026-09-05T16:41:38.194+00:00,A_sell_B_buy,1.9774,-8.4226,79911.0,79912.0,22.54811,0.00013,79895.1,79895.2,2.594,0.009,0.0000125000,-0.0000132000,0.2,121.0
2026-09-05T16:41:38.194+00:00,B_sell_A_buy,-2.1151,-12.5151,79911.0,79912.0,22.54811,0.00013,79895.1,79895.2,2.594,0.009,0.0000125000,-0.0000132000,0.2,121.0
2026-09-05T16:41:39.304+00:00,A_sell_B_buy,2.4779,-7.9221,79915.0,79916.0,14.16871,1.50498,79895.1,79895.2,2.744,0.009,0.0000125000,-0.0000132000,0.3,972.3
2026-09-05T16:41:39.304+00:00,B_sell_A_buy,-2.6156,-13.0156,79915.0,79916.0,14.16871,1.50498,79895.1,79895.2,2.744,0.009,0.0000125000,-0.0000132000,0.3,972.3
2026-09-05T16:41:42.432+00:00,A_sell_B_buy,2.4779,-7.9221,79915.0,79916.0,8.14607,1.06468,79895.1,79895.2,2.744,0.184,0.0000125000,-0.0000132000,182.6,0.2
2026-09-05T16:41:42.432+00:00,B_sell_A_buy,-2.6156,-13.0156,79915.0,79916.0,8.14607,1.06468,79895.1,79895.2,2.744,0.184,0.0000125000,-0.0000132000,182.6,0.2
2026-09-05T16:41:43.628+00:00,A_sell_B_buy,2.4779,-7.9221,79915.0,79916.0,8.24322,1.50468,79895.1,79895.2,2.724,0.033,0.0000125000,-0.0000132000,855.9,0.3
2026-09-05T16:41:43.628+00:00,B_sell_A_buy,-2.6156,-13.0156,79915.0,79916.0,8.24322,1.50468,79895.1,79895.2,2.724,0.033,0.0000125000,-0.0000132000,855.9,0.3
2026-09-05T16:41:44.753+00:00,A_sell_B_buy,1.6018,-8.7982,79915.0,79916.0,8.65606,0.02096,79902.09999999999,79902.20000000001,0.217,0.829,0.0000125000,-0.0000132000,0.2,427.7
2026-09-05T16:41:44.753+00:00,B_sell_A_buy,-1.7395,-12.1395,79915.0,79916.0,8.65606,0.02096,79902.09999999999,79902.20000000001,0.217,0.829,0.0000125000,-0.0000132000,0.2,427.7
2026-09-05T16:41:45.831+00:00,A_sell_B_buy,1.6018,-8.7982,79915.0,79916.0,8.75386,0.46079,79902.09999999999,79902.20000000001,1.718,0.199,0.0000125000,-0.0000132000,171.9,0.2
2026-09-05T16:41:45.831+00:00,B_sell_A_buy,-1.7395,-12.1395,79915.0,79916.0,8.75386,0.46079,79902.09999999999,79902.20000000001,1.718,0.199,0.0000125000,-0.0000132000,171.9,0.2
2026-09-05T16:41:46.882+00:00,A_sell_B_buy,1.6018,-8.7982,79915.0,79916.0,8.75386,0.46064,79902.09999999999,79902.20000000001,1.718,0.024,0.0000125000,-0.0000132000,191.6,0.2
2026-09-05T16:41:46.882+00:00,B_sell_A_buy,-1.7395,-12.1395,79915.0,79916.0,8.75386,0.46064,79902.09999999999,79902.20000000001,1.718,0.024,0.0000125000,-0.0000132000,191.6,0.2
2026-09-05T16:41:47.883+00:00,A_sell_B_buy,1.1012,-9.2988,79917.0,79918.0,8.96491,0.81338,79908.09999999999,79908.2,0.431,0.289,0.0000125000,-0.0000132000,64.1,0.1
2026-09-05T16:41:47.883+00:00,B_sell_A_buy,-1.2388,-11.6388,79917.0,79918.0,8.96491,0.81338,79908.09999999999,79908.2,0.431,0.289,0.0000125000,-0.0000132000,64.1,0.1
2026-09-05T16:41:48.908+00:00,A_sell_B_buy,2.2273,-8.1727,79926.0,79927.0,13.66228,0.42173,79908.09999999999,79908.2,0.431,0.289,0.0000125000,-0.0000132000,0.1,1025.4
2026-09-05T16:41:48.908+00:00,B_sell_A_buy,-2.3649,-12.7649,79926.0,79927.0,13.66228,0.42173,79908.09999999999,79908.2,0.431,0.289,0.0000125000,-0.0000132000,0.1,1025.4
2026-09-05T16:41:49.919+00:00,A_sell_B_buy,2.2273,-8.1727,79926.0,79927.0,6.19463,5.14745,79908.09999999999,79908.2,0.235,0.482,0.0000125000,-0.0000132000,0.3,386.5
2026-09-05T16:41:49.919+00:00,B_sell_A_buy,-2.3649,-12.7649,79926.0,79927.0,6.19463,5.14745,79908.09999999999,79908.2,0.235,0.482,0.0000125000,-0.0000132000,0.3,386.5
2026-09-05T16:41:50.924+00:00,A_sell_B_buy,2.6278,-7.7722,79926.0,79927.0,6.19463,5.64804,79903.3,79905.0,0.197,0.217,0.0000125000,-0.0000132000,0.2,32.9
2026-09-05T16:41:50.924+00:00,B_sell_A_buy,-2.9656,-13.3656,79926.0,79927.0,6.19463,5.64804,79903.3,79905.0,0.197,0.217,0.0000125000,-0.0000132000,0.2,32.9
2026-09-05T16:41:51.935+00:00,A_sell_B_buy,3.2410,-7.1590,79926.0,79927.0,6.06743,7.43656,79900.0,79900.09999999999,0.485,3.634,0.0000125000,-0.0000132000,146.7,0.2
2026-09-05T16:41:51.935+00:00,B_sell_A_buy,-3.3787,-13.7787,79926.0,79927.0,6.06743,7.43656,79900.0,79900.09999999999,0.485,3.634,0.0000125000,-0.0000132000,146.7,0.2
2026-09-05T16:41:52.980+00:00,A_sell_B_buy,3.2410,-7.1590,79926.0,79927.0,6.22632,7.80579,79900.0,79900.09999999999,1.836,3.634,0.0000125000,-0.0000132000,0.2,196.2
2026-09-05T16:41:52.980+00:00,B_sell_A_buy,-3.3787,-13.7787,79926.0,79927.0,6.22632,7.80579,79900.0,79900.09999999999,1.836,3.634,0.0000125000,-0.0000132000,0.2,196.2
2026-09-05T16:41:54.046+00:00,A_sell_B_buy,3.2410,-7.1590,79926.0,79927.0,4.75595,7.7929,79900.0,79900.09999999999,1.836,3.634,0.0000125000,-0.0000132000,0.2,165.6
2026-09-05T16:41:54.046+00:00,B_sell_A_buy,-3.3787,-13.7787,79926.0,79927.0,4.75595,7.7929,79900.0,79900.09999999999,1.836,3.634,0.0000125000,-0.0000132000,0.2,165.6
2026-09-05T16:41:55.239+00:00,A_sell_B_buy,3.2410,-7.1590,79926.0,79927.0,4.75595,8.18539,79900.0,79900.09999999999,0.335,3.635,0.0000125000,-0.0000132000,644.0,0.2
2026-09-05T16:41:55.239+00:00,B_sell_A_buy,-3.3787,-13.7787,79926.0,79927.0,4.75595,8.18539,79900.0,79900.09999999999,0.335,3.635,0.0000125000,-0.0000132000,644.0,0.2
2026-09-05T16:41:56.276+00:00,A_sell_B_buy,3.2410,-7.1590,79926.0,79927.0,4.7558,8.06626,79900.0,79900.09999999999,0.485,3.635,0.0000125000,-0.0000132000,173.7,0.2
2026-09-05T16:41:56.276+00:00,B_sell_A_buy,-3.3787,-13.7787,79926.0,79927.0,4.7558,8.06626,79900.0,79900.09999999999,0.485,3.635,0.0000125000,-0.0000132000,173.7,0.2
2026-09-05T16:41:57.308+00:00,A_sell_B_buy,3.2410,-7.1590,79926.0,79927.0,4.7558,9.74269,79900.0,79900.09999999999,0.335,3.635,0.0000125000,-0.0000132000,0.3,328.8
2026-09-05T16:41:57.308+00:00,B_sell_A_buy,-3.3787,-13.7787,79926.0,79927.0,4.7558,9.74269,79900.0,79900.09999999999,0.335,3.635,0.0000125000,-0.0000132000,0.3,328.8
2026-09-05T16:41:58.361+00:00,A_sell_B_buy,3.2410,-7.1590,79926.0,79927.0,5.49296,9.74269,79900.0,79900.09999999999,0.34,5.136,0.0000125000,-0.0000132000,0.3,85.3
2026-09-05T16:41:58.361+00:00,B_sell_A_buy,-3.3787,-13.7787,79926.0,79927.0,5.49296,9.74269,79900.0,79900.09999999999,0.34,5.136,0.0000125000,-0.0000132000,0.3,85.3
2026-09-05T16:41:59.467+00:00,A_sell_B_buy,3.2410,-7.1590,79926.0,79927.0,8.19687,5.08501,79900.0,79900.09999999999,1.145,0.041,0.0000125000,-0.0000132000,0.2,185.3
2026-09-05T16:41:59.467+00:00,B_sell_A_buy,-3.3787,-13.7787,79926.0,79927.0,8.19687,5.08501,79900.0,79900.09999999999,1.145,0.041,0.0000125000,-0.0000132000,0.2,185.3
2026-09-05T16:42:00.523+00:00,A_sell_B_buy,3.2410,-7.1590,79926.0,79927.0,7.16407,6.11129,79900.0,79900.09999999999,1.745,0.248,0.0000125000,-0.0000132700,0.3,349.8
2026-09-05T16:42:00.523+00:00,B_sell_A_buy,-3.3787,-13.7787,79926.0,79927.0,7.16407,6.11129,79900.0,79900.09999999999,1.745,0.248,0.0000125000,-0.0000132700,0.3,349.8
2026-09-05T16:42:01.670+00:00,A_sell_B_buy,3.2410,-7.1590,79926.0,79927.0,7.4774,5.94189,79900.0,79900.09999999999,1.75,0.248,0.0000125000,-0.0000132700,0.3,386.3
2026-09-05T16:42:01.670+00:00,B_sell_A_buy,-3.3787,-13.7787,79926.0,79927.0,7.4774,5.94189,79900.0,79900.09999999999,1.75,0.248,0.0000125000,-0.0000132700,0.3,386.3
2026-09-05T16:42:02.720+00:00,A_sell_B_buy,3.2410,-7.1590,79926.0,79927.0,7.11913,6.0488,79900.0,79900.09999999999,1.75,0.248,0.0000125000,-0.0000132700,0.3,1436.2
2026-09-05T16:42:02.720+00:00,B_sell_A_buy,-3.3787,-13.7787,79926.0,79927.0,7.11913,6.0488,79900.0,79900.09999999999,1.75,0.248,0.0000125000,-0.0000132700,0.3,1436.2
2026-09-05T16:42:03.850+00:00,A_sell_B_buy,3.2410,-7.1590,79926.0,79927.0,7.10165,6.0491,79900.0,79900.09999999999,3.242,0.248,0.0000125000,-0.0000132700,0.2,162.8
2026-09-05T16:42:03.850+00:00,B_sell_A_buy,-3.3787,-13.7787,79926.0,79927.0,7.10165,6.0491,79900.0,79900.09999999999,3.242,0.248,0.0000125000,-0.0000132700,0.2,162.8
2026-09-05T16:42:04.857+00:00,A_sell_B_buy,3.2410,-7.1590,79926.0,79927.0,7.67101,4.9744,79900.0,79900.09999999999,2.647,0.041,0.0000125000,-0.0000132700,0.3,214.1
2026-09-05T16:42:04.857+00:00,B_sell_A_buy,-3.3787,-13.7787,79926.0,79927.0,7.67101,4.9744,79900.0,79900.09999999999,2.647,0.041,0.0000125000,-0.0000132700,0.3,214.1
2026-09-05T16:42:05.908+00:00,A_sell_B_buy,3.2410,-7.1590,79926.0,79927.0,8.03375,4.46989,79900.0,79900.09999999999,2.647,0.041,0.0000125000,-0.0000132700,0.2,1264.9
2026-09-05T16:42:05.908+00:00,B_sell_A_buy,-3.3787,-13.7787,79926.0,79927.0,8.03375,4.46989,79900.0,79900.09999999999,2.647,0.041,0.0000125000,-0.0000132700,0.2,1264.9
2026-09-05T16:42:06.991+00:00,A_sell_B_buy,3.2410,-7.1590,79926.0,79927.0,8.0086,4.80374,79900.0,79900.09999999999,3.447,0.041,0.0000125000,-0.0000132700,0.3,953.9
2026-09-05T16:42:06.991+00:00,B_sell_A_buy,-3.3787,-13.7787,79926.0,79927.0,8.0086,4.80374,79900.0,79900.09999999999,3.447,0.041,0.0000125000,-0.0000132700,0.3,953.9
2026-09-05T16:42:09.285+00:00,A_sell_B_buy,3.2410,-7.1590,79926.0,79927.0,8.32144,3.80181,79900.0,79900.09999999999,3.297,0.041,0.0000125000,-0.0000132700,136.8,0.3
2026-09-05T16:42:09.285+00:00,B_sell_A_buy,-3.3787,-13.7787,79926.0,79927.0,8.32144,3.80181,79900.0,79900.09999999999,3.297,0.041,0.0000125000,-0.0000132700,136.8,0.3
2026-09-05T16:42:10.322+00:00,A_sell_B_buy,3.2410,-7.1590,79926.0,79927.0,8.61642,1.38052,79900.0,79900.09999999999,10.398,0.001,0.0000125000,-0.0000132700,214.9,0.2
2026-09-05T16:42:10.322+00:00,B_sell_A_buy,-3.3787,-13.7787,79926.0,79927.0,8.61642,1.38052,79900.0,79900.09999999999,10.398,0.001,0.0000125000,-0.0000132700,214.9,0.2
2026-09-05T16:42:11.339+00:00,A_sell_B_buy,3.2410,-7.1590,79926.0,79927.0,8.59478,1.82052,79900.0,79900.09999999999,9.603,0.001,0.0000125000,-0.0000132700,23.4,0.1
2026-09-05T16:42:11.339+00:00,B_sell_A_buy,-3.3787,-13.7787,79926.0,79927.0,8.59478,1.82052,79900.0,79900.09999999999,9.603,0.001,0.0000125000,-0.0000132700,23.4,0.1
2026-09-05T16:42:12.380+00:00,A_sell_B_buy,3.2410,-7.1590,79926.0,79927.0,8.59598,1.82052,79900.0,79900.09999999999,9.567,0.001,0.0000125000,-0.0000132700,452.4,0.1
2026-09-05T16:42:12.380+00:00,B_sell_A_buy,-3.3787,-13.7787,79926.0,79927.0,8.59598,1.82052,79900.0,79900.09999999999,9.567,0.001,0.0000125000,-0.0000132700,452.4,0.1
2026-09-05T16:42:13.392+00:00,A_sell_B_buy,3.2410,-7.1590,79926.0,79927.0,8.59598,1.82052,79900.0,79900.09999999999,9.647,0.001,0.0000125000,-0.0000132700,587.6,0.2
2026-09-05T16:42:13.392+00:00,B_sell_A_buy,-3.3787,-13.7787,79926.0,79927.0,8.59598,1.82052,79900.0,79900.09999999999,9.647,0.001,0.0000125000,-0.0000132700,587.6,0.2
2026-09-05T16:42:14.412+00:00,A_sell_B_buy,3.2410,-7.1590,79926.0,79927.0,8.29594,1.82052,79900.0,79900.09999999999,9.5,0.001,0.0000125000,-0.0000132700,0.2,29.1
2026-09-05T16:42:14.412+00:00,B_sell_A_buy,-3.3787,-13.7787,79926.0,79927.0,8.29594,1.82052,79900.0,79900.09999999999,9.5,0.001,0.0000125000,-0.0000132700,0.2,29.1
2026-09-05T16:42:15.432+00:00,A_sell_B_buy,3.2410,-7.1590,79926.0,79927.0,7.95916,1.66458,79900.0,79900.09999999999,9.453,0.001,0.0000125000,-0.0000132700,263.8,0.1
2026-09-05T16:42:15.432+00:00,B_sell_A_buy,-3.3787,-13.7787,79926.0,79927.0,7.95916,1.66458,79900.0,79900.09999999999,9.453,0.001,0.0000125000,-0.0000132700,263.8,0.1
2026-09-05T16:42:16.449+00:00,A_sell_B_buy,3.2410,-7.1590,79926.0,79927.0,8.04716,1.43651,79900.0,79900.09999999999,9.303,0.001,0.0000125000,-0.0000132700,65.7,0.0
2026-09-05T16:42:16.449+00:00,B_sell_A_buy,-3.3787,-13.7787,79926.0,79927.0,8.04716,1.43651,79900.0,79900.09999999999,9.303,0.001,0.0000125000,-0.0000132700,65.7,0.0
2026-09-05T16:42:17.462+00:00,A_sell_B_buy,3.3661,-7.0339,79927.0,79928.0,11.25938,1.54106,79900.0,79900.09999999999,9.303,0.001,0.0000125000,-0.0000132700,0.2,82.9
2026-09-05T16:42:17.462+00:00,B_sell_A_buy,-3.5038,-13.9038,79927.0,79928.0,11.25938,1.54106,79900.0,79900.09999999999,9.303,0.001,0.0000125000,-0.0000132700,0.2,82.9
2026-09-05T16:42:18.486+00:00,A_sell_B_buy,3.3661,-7.0339,79927.0,79928.0,11.69654,1.95775,79900.0,79900.09999999999,9.386,0.001,0.0000125000,-0.0000132700,420.1,0.2
2026-09-05T16:42:18.486+00:00,B_sell_A_buy,-3.5038,-13.9038,79927.0,79928.0,11.69654,1.95775,79900.0,79900.09999999999,9.386,0.001,0.0000125000,-0.0000132700,420.1,0.2
2026-09-05T16:42:19.487+00:00,A_sell_B_buy,3.6164,-6.7836,79929.0,79930.0,8.78901,5.44266,79900.0,79900.09999999999,9.346,0.001,0.0000125000,-0.0000132700,78.2,0.1
2026-09-05T16:42:19.487+00:00,B_sell_A_buy,-3.7540,-14.1540,79929.0,79930.0,8.78901,5.44266,79900.0,79900.09999999999,9.346,0.001,0.0000125000,-0.0000132700,78.2,0.1
2026-09-05T16:42:20.502+00:00,A_sell_B_buy,3.6164,-6.7836,79929.0,79930.0,7.73485,5.44266,79900.0,79900.09999999999,9.349,0.001,0.0000125000,-0.0000132700,0.2,24.1
2026-09-05T16:42:20.502+00:00,B_sell_A_buy,-3.7540,-14.1540,79929.0,79930.0,7.73485,5.44266,79900.0,79900.09999999999,9.349,0.001,0.0000125000,-0.0000132700,0.2,24.1
2026-09-05T16:42:21.525+00:00,A_sell_B_buy,3.6164,-6.7836,79929.0,79930.0,6.46797,5.42857,79900.0,79900.09999999999,9.294,0.001,0.0000125000,-0.0000132700,76.1,0.1
2026-09-05T16:42:21.525+00:00,B_sell_A_buy,-3.7540,-14.1540,79929.0,79930.0,6.46797,5.42857,79900.0,79900.09999999999,9.294,0.001,0.0000125000,-0.0000132700,76.1,0.1
2026-09-05T16:42:22.532+00:00,A_sell_B_buy,3.6164,-6.7836,79929.0,79930.0,0.26059,26.66186,79900.0,79900.09999999999,0.092,0.599,0.0000125000,-0.0000132700,0.2,450.1
2026-09-05T16:42:22.532+00:00,B_sell_A_buy,-3.7540,-14.1540,79929.0,79930.0,0.26059,26.66186,79900.0,79900.09999999999,0.092,0.599,0.0000125000,-0.0000132700,0.2,450.1
2026-09-05T16:42:23.538+00:00,A_sell_B_buy,3.3915,-7.0085,79918.0,79919.0,0.0022,0.43912,79890.8,79890.9,2.821,0.197,0.0000125000,-0.0000132700,43.9,0.1
2026-09-05T16:42:23.538+00:00,B_sell_A_buy,-3.5292,-13.9292,79918.0,79919.0,0.0022,0.43912,79890.8,79890.9,2.821,0.197,0.0000125000,-0.0000132700,43.9,0.1
2026-09-05T16:42:24.681+00:00,A_sell_B_buy,3.3915,-7.0085,79918.0,79919.0,0.00295,11.28397,79890.8,79890.9,0.571,0.221,0.0000125000,-0.0000132700,237.6,0.2
2026-09-05T16:42:24.681+00:00,B_sell_A_buy,-3.5292,-13.9292,79918.0,79919.0,0.00295,11.28397,79890.8,79890.9,0.571,0.221,0.0000125000,-0.0000132700,237.6,0.2
2026-09-05T16:42:25.721+00:00,A_sell_B_buy,1.2641,-9.1359,79901.0,79902.0,3.72501,0.115,79890.8,79890.9,2.073,0.405,0.0000125000,-0.0000132700,0.3,478.2
2026-09-05T16:42:25.721+00:00,B_sell_A_buy,-1.4018,-11.8018,79901.0,79902.0,3.72501,0.115,79890.8,79890.9,2.073,0.405,0.0000125000,-0.0000132700,0.3,478.2
2026-09-05T16:42:26.728+00:00,A_sell_B_buy,3.3420,-7.0580,79905.0,79906.0,1.9933,6.55013,79878.20000000001,79878.3,3.867,0.399,0.0000125000,-0.0000132700,16.3,0.1
2026-09-05T16:42:26.728+00:00,B_sell_A_buy,-3.4797,-13.8797,79905.0,79906.0,1.9933,6.55013,79878.20000000001,79878.3,3.867,0.399,0.0000125000,-0.0000132700,16.3,0.1
2026-09-05T16:42:27.735+00:00,A_sell_B_buy,3.3420,-7.0580,79905.0,79906.0,2.23962,9.98399,79878.20000000001,79878.3,5.369,0.399,0.0000125000,-0.0000132700,67.9,0.1
2026-09-05T16:42:27.735+00:00,B_sell_A_buy,-3.4797,-13.8797,79905.0,79906.0,2.23962,9.98399,79878.20000000001,79878.3,5.369,0.399,0.0000125000,-0.0000132700,67.9,0.1
2026-09-05T16:42:28.738+00:00,A_sell_B_buy,3.3420,-7.0580,79905.0,79906.0,2.69383,10.4919,79878.20000000001,79878.3,5.411,0.4,0.0000125000,-0.0000132700,36.9,0.3
2026-09-05T16:42:28.738+00:00,B_sell_A_buy,-3.4797,-13.8797,79905.0,79906.0,2.69383,10.4919,79878.20000000001,79878.3,5.411,0.4,0.0000125000,-0.0000132700,36.9,0.3
2026-09-05T16:42:29.739+00:00,A_sell_B_buy,3.3420,-7.0580,79905.0,79906.0,2.69284,10.02455,79878.20000000001,79878.3,5.369,0.201,0.0000125000,-0.0000132700,410.7,0.1
2026-09-05T16:42:29.739+00:00,B_sell_A_buy,-3.4797,-13.8797,79905.0,79906.0,2.69284,10.02455,79878.20000000001,79878.3,5.369,0.201,0.0000125000,-0.0000132700,410.7,0.1
2026-09-05T16:42:30.742+00:00,A_sell_B_buy,2.3408,-8.0592,79897.0,79898.0,5.98011,0.27106,79878.20000000001,79878.3,5.369,0.201,0.0000125000,-0.0000132700,61.2,0.2
2026-09-05T16:42:30.742+00:00,B_sell_A_buy,-2.4785,-12.8785,79897.0,79898.0,5.98011,0.27106,79878.20000000001,79878.3,5.369,0.201,0.0000125000,-0.0000132700,61.2,0.2
2026-09-05T16:42:31.764+00:00,A_sell_B_buy,2.3408,-8.0592,79897.0,79898.0,9.10566,1.44896,79878.20000000001,79878.3,5.369,0.201,0.0000125000,-0.0000132700,0.1,36.0
2026-09-05T16:42:31.764+00:00,B_sell_A_buy,-2.4785,-12.8785,79897.0,79898.0,9.10566,1.44896,79878.20000000001,79878.3,5.369,0.201,0.0000125000,-0.0000132700,0.1,36.0
2026-09-05T16:42:32.777+00:00,A_sell_B_buy,2.3408,-8.0592,79897.0,79898.0,7.4442,1.44896,79878.20000000001,79878.3,5.369,0.201,0.0000125000,-0.0000132700,359.0,0.1
2026-09-05T16:42:32.777+00:00,B_sell_A_buy,-2.4785,-12.8785,79897.0,79898.0,7.4442,1.44896,79878.20000000001,79878.3,5.369,0.201,0.0000125000,-0.0000132700,359.0,0.1
2026-09-05T16:42:33.790+00:00,A_sell_B_buy,2.3408,-8.0592,79897.0,79898.0,3.60826,0.94833,79878.20000000001,79878.3,5.395,0.201,0.0000125000,-0.0000132700,14.0,0.1
2026-09-05T16:42:33.790+00:00,B_sell_A_buy,-2.4785,-12.8785,79897.0,79898.0,3.60826,0.94833,79878.20000000001,79878.3,5.395,0.201,0.0000125000,-0.0000132700,14.0,0.1
2026-09-05T16:42:34.833+00:00,A_sell_B_buy,2.3408,-8.0592,79897.0,79898.0,5.75161,0.94833,79878.20000000001,79878.3,5.369,0.201,0.0000125000,-0.0000132700,145.7,0.2
2026-09-05T16:42:34.833+00:00,B_sell_A_buy,-2.4785,-12.8785,79897.0,79898.0,5.75161,0.94833,79878.20000000001,79878.3,5.369,0.201,0.0000125000,-0.0000132700,145.7,0.2
2026-09-05T16:42:35.838+00:00,A_sell_B_buy,2.3408,-8.0592,79897.0,79898.0,5.25209,1.44792,79878.20000000001,79878.3,5.369,0.201,0.0000125000,-0.0000132700,156.4,0.2
2026-09-05T16:42:35.838+00:00,B_sell_A_buy,-2.4785,-12.8785,79897.0,79898.0,5.25209,1.44792,79878.20000000001,79878.3,5.369,0.201,0.0000125000,-0.0000132700,156.4,0.2
2026-09-05T16:42:36.861+00:00,A_sell_B_buy,2.3408,-8.0592,79897.0,79898.0,1.01557,1.44792,79878.20000000001,79878.3,5.433,0.201,0.0000125000,-0.0000132700,0.1,32.2
2026-09-05T16:42:36.861+00:00,B_sell_A_buy,-2.4785,-12.8785,79897.0,79898.0,1.01557,1.44792,79878.20000000001,79878.3,5.433,0.201,0.0000125000,-0.0000132700,0.1,32.2
2026-09-05T16:42:37.879+00:00,A_sell_B_buy,2.3408,-8.0592,79897.0,79898.0,1.44743,1.34494,79878.20000000001,79878.3,5.52,0.001,0.0000125000,-0.0000132700,95.4,0.2
2026-09-05T16:42:37.879+00:00,B_sell_A_buy,-2.4785,-12.8785,79897.0,79898.0,1.44743,1.34494,79878.20000000001,79878.3,5.52,0.001,0.0000125000,-0.0000132700,95.4,0.2
2026-09-05T16:42:38.888+00:00,A_sell_B_buy,2.3408,-8.0592,79897.0,79898.0,9.29911,0.26953,79878.20000000001,79878.3,6.15,0.001,0.0000125000,-0.0000132700,653.9,0.1
2026-09-05T16:42:38.888+00:00,B_sell_A_buy,-2.4785,-12.8785,79897.0,79898.0,9.29911,0.26953,79878.20000000001,79878.3,6.15,0.001,0.0000125000,-0.0000132700,653.9,0.1
2026-09-05T16:42:39.938+00:00,A_sell_B_buy,2.3408,-8.0592,79897.0,79898.0,8.20523,0.4903,79878.20000000001,79878.3,5.553,0.001,0.0000125000,-0.0000132700,261.1,0.2
2026-09-05T16:42:39.938+00:00,B_sell_A_buy,-2.4785,-12.8785,79897.0,79898.0,8.20523,0.4903,79878.20000000001,79878.3,5.553,0.001,0.0000125000,-0.0000132700,261.1,0.2
2026-09-05T16:42:40.938+00:00,A_sell_B_buy,2.3408,-8.0592,79897.0,79898.0,8.20523,0.14432,79878.20000000001,79878.3,5.52,0.001,0.0000125000,-0.0000132700,196.3,0.1
2026-09-05T16:42:40.938+00:00,B_sell_A_buy,-2.4785,-12.8785,79897.0,79898.0,8.20523,0.14432,79878.20000000001,79878.3,5.52,0.001,0.0000125000,-0.0000132700,196.3,0.1
2026-09-05T16:42:41.941+00:00,A_sell_B_buy,2.3408,-8.0592,79897.0,79898.0,8.20523,0.14432,79878.20000000001,79878.3,6.15,0.001,0.0000125000,-0.0000132700,356.8,0.1
2026-09-05T16:42:41.941+00:00,B_sell_A_buy,-2.4785,-12.8785,79897.0,79898.0,8.20523,0.14432,79878.20000000001,79878.3,6.15,0.001,0.0000125000,-0.0000132700,356.8,0.1
2026-09-05T16:42:42.981+00:00,A_sell_B_buy,2.3408,-8.0592,79897.0,79898.0,8.20523,0.14432,79878.20000000001,79878.3,6.15,0.001,0.0000125000,-0.0000132700,798.1,0.1
2026-09-05T16:42:42.981+00:00,B_sell_A_buy,-2.4785,-12.8785,79897.0,79898.0,8.20523,0.14432,79878.20000000001,79878.3,6.15,0.001,0.0000125000,-0.0000132700,798.1,0.1
2026-09-05T16:42:44.028+00:00,A_sell_B_buy,2.3408,-8.0592,79897.0,79898.0,8.205,0.13978,79878.20000000001,79878.3,6.201,0.001,0.0000125000,-0.0000132700,103.7,0.2
2026-09-05T16:42:44.028+00:00,B_sell_A_buy,-2.4785,-12.8785,79897.0,79898.0,8.205,0.13978,79878.20000000001,79878.3,6.201,0.001,0.0000125000,-0.0000132700,103.7,0.2
2026-09-05T16:42:45.034+00:00,A_sell_B_buy,2.3408,-8.0592,79897.0,79898.0,2.1973,0.13978,79878.20000000001,79878.3,6.15,0.001,0.0000125000,-0.0000132700,70.4,0.1
2026-09-05T16:42:45.034+00:00,B_sell_A_buy,-2.4785,-12.8785,79897.0,79898.0,2.1973,0.13978,79878.20000000001,79878.3,6.15,0.001,0.0000125000,-0.0000132700,70.4,0.1
2026-09-05T16:42:46.038+00:00,A_sell_B_buy,2.3408,-8.0592,79897.0,79898.0,2.19731,0.57946,79878.20000000001,79878.3,6.15,0.001,0.0000125000,-0.0000132700,74.9,0.1
2026-09-05T16:42:46.038+00:00,B_sell_A_buy,-2.4785,-12.8785,79897.0,79898.0,2.19731,0.57946,79878.20000000001,79878.3,6.15,0.001,0.0000125000,-0.0000132700,74.9,0.1
2026-09-05T16:42:47.052+00:00,A_sell_B_buy,2.3408,-8.0592,79897.0,79898.0,9.01576,0.13946,79878.20000000001,79878.3,6.317,0.001,0.0000125000,-0.0000132700,0.2,15.6
2026-09-05T16:42:47.052+00:00,B_sell_A_buy,-2.4785,-12.8785,79897.0,79898.0,9.01576,0.13946,79878.20000000001,79878.3,6.317,0.001,0.0000125000,-0.0000132700,0.2,15.6
2026-09-05T16:42:48.082+00:00,A_sell_B_buy,2.4659,-7.9341,79898.0,79899.0,14.09234,0.77578,79878.20000000001,79878.3,7.259,0.001,0.0000125000,-0.0000132700,113.4,0.2
2026-09-05T16:42:48.082+00:00,B_sell_A_buy,-2.6036,-13.0036,79898.0,79899.0,14.09234,0.77578,79878.20000000001,79878.3,7.259,0.001,0.0000125000,-0.0000132700,113.4,0.2
2026-09-05T16:42:49.084+00:00,A_sell_B_buy,3.0917,-7.3083,79903.0,79904.0,14.31404,0.42859,79878.20000000001,79878.3,7.259,0.001,0.0000125000,-0.0000132700,107.8,0.2
2026-09-05T16:42:49.084+00:00,B_sell_A_buy,-3.2294,-13.6294,79903.0,79904.0,14.31404,0.42859,79878.20000000001,79878.3,7.259,0.001,0.0000125000,-0.0000132700,107.8,0.2
2026-09-05T16:42:50.086+00:00,A_sell_B_buy,3.0917,-7.3083,79903.0,79904.0,7.29532,1.6825,79878.20000000001,79878.3,7.259,0.001,0.0000125000,-0.0000132700,164.7,0.2
2026-09-05T16:42:50.086+00:00,B_sell_A_buy,-3.2294,-13.6294,79903.0,79904.0,7.29532,1.6825,79878.20000000001,79878.3,7.259,0.001,0.0000125000,-0.0000132700,164.7,0.2
2026-09-05T16:42:51.089+00:00,A_sell_B_buy,3.0917,-7.3083,79903.0,79904.0,1.14162,1.9736,79878.20000000001,79878.3,7.259,0.001,0.0000125000,-0.0000132700,60.9,0.2
2026-09-05T16:42:51.089+00:00,B_sell_A_buy,-3.2294,-13.6294,79903.0,79904.0,1.14162,1.9736,79878.20000000001,79878.3,7.259,0.001,0.0000125000,-0.0000132700,60.9,0.2
2026-09-05T16:42:52.126+00:00,A_sell_B_buy,3.0917,-7.3083,79903.0,79904.0,3.24676,1.9736,79878.20000000001,79878.3,7.318,0.001,0.0000125000,-0.0000132700,43.9,0.1
2026-09-05T16:42:52.126+00:00,B_sell_A_buy,-3.2294,-13.6294,79903.0,79904.0,3.24676,1.9736,79878.20000000001,79878.3,7.318,0.001,0.0000125000,-0.0000132700,43.9,0.1
2026-09-05T16:42:53.127+00:00,A_sell_B_buy,2.4659,-7.9341,79898.0,79900.0,0.24016,1.01059,79878.20000000001,79878.3,7.259,0.001,0.0000125000,-0.0000132700,12.9,0.2
2026-09-05T16:42:53.127+00:00,B_sell_A_buy,-2.7288,-13.1288,79898.0,79900.0,0.24016,1.01059,79878.20000000001,79878.3,7.259,0.001,0.0000125000,-0.0000132700,12.9,0.2
2026-09-05T16:42:54.131+00:00,A_sell_B_buy,2.5911,-7.8089,79899.0,79900.0,5.96325,0.56196,79878.20000000001,79878.3,7.259,0.001,0.0000125000,-0.0000132700,85.9,0.1
2026-09-05T16:42:54.131+00:00,B_sell_A_buy,-2.7288,-13.1288,79899.0,79900.0,5.96325,0.56196,79878.20000000001,79878.3,7.259,0.001,0.0000125000,-0.0000132700,85.9,0.1
2026-09-05T16:42:55.131+00:00,A_sell_B_buy,2.5911,-7.8089,79899.0,79900.0,5.05899,0.52816,79878.20000000001,79878.3,7.343,0.001,0.0000125000,-0.0000132700,0.3,54.8
2026-09-05T16:42:55.131+00:00,B_sell_A_buy,-2.7288,-13.1288,79899.0,79900.0,5.05899,0.52816,79878.20000000001,79878.3,7.343,0.001,0.0000125000,-0.0000132700,0.3,54.8
2026-09-05T16:42:56.159+00:00,A_sell_B_buy,2.5911,-7.8089,79899.0,79900.0,5.06021,0.51113,79878.20000000001,79878.3,7.299,0.001,0.0000125000,-0.0000132700,0.1,28.8
2026-09-05T16:42:56.159+00:00,B_sell_A_buy,-2.7288,-13.1288,79899.0,79900.0,5.06021,0.51113,79878.20000000001,79878.3,7.299,0.001,0.0000125000,-0.0000132700,0.1,28.8
2026-09-05T16:42:57.337+00:00,A_sell_B_buy,2.5911,-7.8089,79899.0,79900.0,5.05896,0.51113,79878.20000000001,79878.3,7.313,0.001,0.0000125000,-0.0000132700,641.7,0.3
2026-09-05T16:42:57.337+00:00,B_sell_A_buy,-2.7288,-13.1288,79899.0,79900.0,5.05896,0.51113,79878.20000000001,79878.3,7.313,0.001,0.0000125000,-0.0000132700,641.7,0.3
2026-09-05T16:42:58.337+00:00,A_sell_B_buy,2.5911,-7.8089,79899.0,79900.0,5.05896,0.51113,79878.20000000001,79878.3,7.259,0.001,0.0000125000,-0.0000132700,1642.4,0.1
2026-09-05T16:42:58.337+00:00,B_sell_A_buy,-2.7288,-13.1288,79899.0,79900.0,5.05896,0.51113,79878.20000000001,79878.3,7.259,0.001,0.0000125000,-0.0000132700,1642.4,0.1
2026-09-05T16:42:59.340+00:00,A_sell_B_buy,2.5911,-7.8089,79899.0,79900.0,5.05883,0.51113,79878.20000000001,79878.3,7.259,0.001,0.0000125000,-0.0000132700,411.7,0.1
2026-09-05T16:42:59.340+00:00,B_sell_A_buy,-2.7288,-13.1288,79899.0,79900.0,5.05883,0.51113,79878.20000000001,79878.3,7.259,0.001,0.0000125000,-0.0000132700,411.7,0.1
2026-09-05T16:43:00.388+00:00,A_sell_B_buy,2.4659,-7.9341,79898.0,79899.0,0.25192,1.08424,79878.20000000001,79878.3,7.259,0.001,0.0000125000,-0.0000132700,106.5,0.2
2026-09-05T16:43:00.388+00:00,B_sell_A_buy,-2.6036,-13.0036,79898.0,79899.0,0.25192,1.08424,79878.20000000001,79878.3,7.259,0.001,0.0000125000,-0.0000132700,106.5,0.2
2026-09-05T16:43:01.396+00:00,A_sell_B_buy,2.4659,-7.9341,79898.0,79899.0,2.73849,2.56947,79878.20000000001,79878.3,7.334,0.001,0.0000125000,-0.0000132700,172.1,0.1
2026-09-05T16:43:01.396+00:00,B_sell_A_buy,-2.6036,-13.0036,79898.0,79899.0,2.73849,2.56947,79878.20000000001,79878.3,7.334,0.001,0.0000125000,-0.0000132700,172.1,0.1
2026-09-05T16:43:02.414+00:00,A_sell_B_buy,2.4659,-7.9341,79898.0,79899.0,4.18506,3.07193,79878.20000000001,79878.3,7.259,0.001,0.0000125000,-0.0000132700,134.5,0.1
2026-09-05T16:43:02.414+00:00,B_sell_A_buy,-2.6036,-13.0036,79898.0,79899.0,4.18506,3.07193,79878.20000000001,79878.3,7.259,0.001,0.0000125000,-0.0000132700,134.5,0.1
2026-09-05T16:43:03.424+00:00,A_sell_B_buy,2.4659,-7.9341,79898.0,79899.0,4.38443,2.30573,79878.20000000001,79878.3,7.334,0.001,0.0000125000,-0.0000132700,0.1,39.3
2026-09-05T16:43:03.424+00:00,B_sell_A_buy,-2.6036,-13.0036,79898.0,79899.0,4.38443,2.30573,79878.20000000001,79878.3,7.334,0.001,0.0000125000,-0.0000132700,0.1,39.3
2026-09-05T16:43:04.433+00:00,A_sell_B_buy,2.4659,-7.9341,79898.0,79899.0,4.16629,3.05212,79878.20000000001,79878.3,6.629,0.001,0.0000125000,-0.0000132700,138.5,0.2
2026-09-05T16:43:04.433+00:00,B_sell_A_buy,-2.6036,-13.0036,79898.0,79899.0,4.16629,3.05212,79878.20000000001,79878.3,6.629,0.001,0.0000125000,-0.0000132700,138.5,0.2
2026-09-05T16:43:05.437+00:00,A_sell_B_buy,2.4659,-7.9341,79898.0,79899.0,4.18506,3.11412,79878.20000000001,79878.3,7.259,0.001,0.0000125000,-0.0000132700,152.7,0.1
2026-09-05T16:43:05.437+00:00,B_sell_A_buy,-2.6036,-13.0036,79898.0,79899.0,4.18506,3.11412,79878.20000000001,79878.3,7.259,0.001,0.0000125000,-0.0000132700,152.7,0.1
2026-09-05T16:43:06.476+00:00,A_sell_B_buy,2.4659,-7.9341,79898.0,79899.0,4.184,1.84583,79878.20000000001,79878.3,7.259,0.001,0.0000125000,-0.0000132700,139.2,0.1
2026-09-05T16:43:06.476+00:00,B_sell_A_buy,-2.6036,-13.0036,79898.0,79899.0,4.184,1.84583,79878.20000000001,79878.3,7.259,0.001,0.0000125000,-0.0000132700,139.2,0.1
2026-09-05T16:43:07.482+00:00,A_sell_B_buy,2.4659,-7.9341,79898.0,79899.0,4.06737,2.75716,79878.20000000001,79878.3,6.479,0.001,0.0000125000,-0.0000132700,46.1,0.1
2026-09-05T16:43:07.482+00:00,B_sell_A_buy,-2.6036,-13.0036,79898.0,79899.0,4.06737,2.75716,79878.20000000001,79878.3,6.479,0.001,0.0000125000,-0.0000132700,46.1,0.1
2026-09-05T16:43:08.486+00:00,A_sell_B_buy,2.4659,-7.9341,79898.0,79899.0,4.06696,2.25619,79878.20000000001,79878.3,6.684,0.001,0.0000125000,-0.0000132700,177.4,0.1
2026-09-05T16:43:08.486+00:00,B_sell_A_buy,-2.6036,-13.0036,79898.0,79899.0,4.06696,2.25619,79878.20000000001,79878.3,6.684,0.001,0.0000125000,-0.0000132700,177.4,0.1
2026-09-05T16:43:09.539+00:00,A_sell_B_buy,2.4659,-7.9341,79898.0,79899.0,3.99778,2.38132,79878.20000000001,79878.3,6.629,0.001,0.0000125000,-0.0000132700,0.3,115.0
2026-09-05T16:43:09.539+00:00,B_sell_A_buy,-2.6036,-13.0036,79898.0,79899.0,3.99778,2.38132,79878.20000000001,79878.3,6.629,0.001,0.0000125000,-0.0000132700,0.3,115.0
2026-09-05T16:43:10.576+00:00,A_sell_B_buy,2.4659,-7.9341,79898.0,79899.0,3.88428,2.38075,79878.20000000001,79878.3,6.629,0.001,0.0000125000,-0.0000132700,64.6,0.1
2026-09-05T16:43:10.576+00:00,B_sell_A_buy,-2.6036,-13.0036,79898.0,79899.0,3.88428,2.38075,79878.20000000001,79878.3,6.629,0.001,0.0000125000,-0.0000132700,64.6,0.1
2026-09-05T16:43:11.591+00:00,A_sell_B_buy,2.4659,-7.9341,79898.0,79899.0,4.40533,2.50587,79878.20000000001,79878.3,6.629,0.001,0.0000125000,-0.0000132700,73.6,0.1
2026-09-05T16:43:11.591+00:00,B_sell_A_buy,-2.6036,-13.0036,79898.0,79899.0,4.40533,2.50587,79878.20000000001,79878.3,6.629,0.001,0.0000125000,-0.0000132700,73.6,0.1
2026-09-05T16:43:12.626+00:00,A_sell_B_buy,2.4659,-7.9341,79898.0,79899.0,4.18046,2.50586,79878.20000000001,79878.3,6.629,0.001,0.0000125000,-0.0000132700,298.7,0.1
2026-09-05T16:43:12.626+00:00,B_sell_A_buy,-2.6036,-13.0036,79898.0,79899.0,4.18046,2.50586,79878.20000000001,79878.3,6.629,0.001,0.0000125000,-0.0000132700,298.7,0.1
2026-09-05T16:43:13.631+00:00,A_sell_B_buy,2.4659,-7.9341,79898.0,79899.0,3.99578,2.255,79878.20000000001,79878.3,6.629,0.001,0.0000125000,-0.0000132700,74.5,0.1
2026-09-05T16:43:13.631+00:00,B_sell_A_buy,-2.6036,-13.0036,79898.0,79899.0,3.99578,2.255,79878.20000000001,79878.3,6.629,0.001,0.0000125000,-0.0000132700,74.5,0.1
2026-09-05T16:43:14.641+00:00,A_sell_B_buy,2.4659,-7.9341,79898.0,79899.0,3.78506,2.255,79878.20000000001,79878.3,6.666,0.001,0.0000125000,-0.0000132700,50.0,0.2
2026-09-05T16:43:14.641+00:00,B_sell_A_buy,-2.6036,-13.0036,79898.0,79899.0,3.78506,2.255,79878.20000000001,79878.3,6.666,0.001,0.0000125000,-0.0000132700,50.0,0.2
2026-09-05T16:43:15.683+00:00,A_sell_B_buy,2.4659,-7.9341,79898.0,79899.0,3.98131,2.255,79878.20000000001,79878.3,6.629,0.001,0.0000125000,-0.0000132700,204.7,0.1
2026-09-05T16:43:15.683+00:00,B_sell_A_buy,-2.6036,-13.0036,79898.0,79899.0,3.98131,2.255,79878.20000000001,79878.3,6.629,0.001,0.0000125000,-0.0000132700,204.7,0.1
2026-09-05T16:43:16.685+00:00,A_sell_B_buy,2.4659,-7.9341,79898.0,79899.0,3.97066,2.25503,79878.20000000001,79878.3,6.629,0.001,0.0000125000,-0.0000132700,110.8,0.3
2026-09-05T16:43:16.685+00:00,B_sell_A_buy,-2.6036,-13.0036,79898.0,79899.0,3.97066,2.25503,79878.20000000001,79878.3,6.629,0.001,0.0000125000,-0.0000132700,110.8,0.3
2026-09-05T16:43:17.692+00:00,A_sell_B_buy,2.4659,-7.9341,79898.0,79899.0,3.88266,2.38016,79878.20000000001,79878.3,6.629,0.001,0.0000125000,-0.0000132700,439.4,0.1
2026-09-05T16:43:17.692+00:00,B_sell_A_buy,-2.6036,-13.0036,79898.0,79899.0,3.88266,2.38016,79878.20000000001,79878.3,6.629,0.001,0.0000125000,-0.0000132700,439.4,0.1
2026-09-05T16:43:18.694+00:00,A_sell_B_buy,2.4659,-7.9341,79898.0,79899.0,4.06852,0.83053,79878.20000000001,79878.3,6.695,0.001,0.0000125000,-0.0000132700,37.6,0.2
2026-09-05T16:43:18.694+00:00,B_sell_A_buy,-2.6036,-13.0036,79898.0,79899.0,4.06852,0.83053,79878.20000000001,79878.3,6.695,0.001,0.0000125000,-0.0000132700,37.6,0.2
2026-09-05T16:43:19.734+00:00,A_sell_B_buy,2.4659,-7.9341,79898.0,79899.0,4.50852,0.57074,79878.20000000001,79878.3,6.629,0.001,0.0000125000,-0.0000132700,193.1,0.1
2026-09-05T16:43:19.734+00:00,B_sell_A_buy,-2.6036,-13.0036,79898.0,79899.0,4.50852,0.57074,79878.20000000001,79878.3,6.629,0.001,0.0000125000,-0.0000132700,193.1,0.1
2026-09-05T16:43:20.759+00:00,A_sell_B_buy,2.4659,-7.9341,79898.0,79899.0,4.53402,0.57074,79878.20000000001,79878.3,6.479,0.001,0.0000125000,-0.0000132700,0.3,73.5
2026-09-05T16:43:20.759+00:00,B_sell_A_buy,-2.6036,-13.0036,79898.0,79899.0,4.53402,0.57074,79878.20000000001,79878.3,6.479,0.001,0.0000125000,-0.0000132700,0.3,73.5
2026-09-05T16:43:21.768+00:00,A_sell_B_buy,2.4659,-7.9341,79898.0,79899.0,4.14278,2.523,79878.20000000001,79878.3,6.443,0.001,0.0000125000,-0.0000132700,0.3,29.0
2026-09-05T16:43:21.768+00:00,B_sell_A_buy,-2.6036,-13.0036,79898.0,79899.0,4.14278,2.523,79878.20000000001,79878.3,6.443,0.001,0.0000125000,-0.0000132700,0.3,29.0
2026-09-05T16:43:22.776+00:00,A_sell_B_buy,2.4659,-7.9341,79898.0,79899.0,3.89903,1.52174,79878.20000000001,79878.3,6.37,0.001,0.0000125000,-0.0000132700,214.3,0.1
2026-09-05T16:43:22.776+00:00,B_sell_A_buy,-2.6036,-13.0036,79898.0,79899.0,3.89903,1.52174,79878.20000000001,79878.3,6.37,0.001,0.0000125000,-0.0000132700,214.3,0.1
2026-09-05T16:43:23.777+00:00,A_sell_B_buy,2.4659,-7.9341,79898.0,79899.0,4.06927,1.09183,79878.20000000001,79878.3,6.52,0.001,0.0000125000,-0.0000132700,96.3,0.1
2026-09-05T16:43:23.777+00:00,B_sell_A_buy,-2.6036,-13.0036,79898.0,79899.0,4.06927,1.09183,79878.20000000001,79878.3,6.52,0.001,0.0000125000,-0.0000132700,96.3,0.1
2026-09-05T16:43:24.827+00:00,A_sell_B_buy,2.4659,-7.9341,79898.0,79899.0,4.35003,0.92137,79878.20000000001,79878.3,6.37,0.001,0.0000125000,-0.0000132700,318.8,0.2
2026-09-05T16:43:24.827+00:00,B_sell_A_buy,-2.6036,-13.0036,79898.0,79899.0,4.35003,0.92137,79878.20000000001,79878.3,6.37,0.001,0.0000125000,-0.0000132700,318.8,0.2
2026-09-05T16:43:25.837+00:00,A_sell_B_buy,2.4659,-7.9341,79898.0,79899.0,4.46353,1.67225,79878.20000000001,79878.3,6.369,0.001,0.0000125000,-0.0000132700,138.7,0.2
2026-09-05T16:43:25.837+00:00,B_sell_A_buy,-2.6036,-13.0036,79898.0,79899.0,4.46353,1.67225,79878.20000000001,79878.3,6.369,0.001,0.0000125000,-0.0000132700,138.7,0.2
2026-09-05T16:43:26.843+00:00,A_sell_B_buy,2.4659,-7.9341,79898.0,79899.0,4.02551,2.16538,79878.20000000001,79878.3,6.457,0.001,0.0000125000,-0.0000132700,180.6,0.1
2026-09-05T16:43:26.843+00:00,B_sell_A_buy,-2.6036,-13.0036,79898.0,79899.0,4.02551,2.16538,79878.20000000001,79878.3,6.457,0.001,0.0000125000,-0.0000132700,180.6,0.1
2026-09-05T16:43:27.882+00:00,A_sell_B_buy,2.4659,-7.9341,79898.0,79899.0,3.85527,1.16499,79878.20000000001,79878.3,6.519,0.001,0.0000125000,-0.0000132700,139.3,0.1
2026-09-05T16:43:27.882+00:00,B_sell_A_buy,-2.6036,-13.0036,79898.0,79899.0,3.85527,1.16499,79878.20000000001,79878.3,6.519,0.001,0.0000125000,-0.0000132700,139.3,0.1
2026-09-05T16:43:28.883+00:00,A_sell_B_buy,2.4659,-7.9341,79898.0,79899.0,3.85527,1.16499,79878.20000000001,79878.3,6.457,0.001,0.0000125000,-0.0000132700,1139.8,0.1
2026-09-05T16:43:28.883+00:00,B_sell_A_buy,-2.6036,-13.0036,79898.0,79899.0,3.85527,1.16499,79878.20000000001,79878.3,6.457,0.001,0.0000125000,-0.0000132700,1139.8,0.1
2026-09-05T16:43:29.970+00:00,A_sell_B_buy,2.4659,-7.9341,79898.0,79899.0,3.88077,1.16499,79878.20000000001,79878.3,6.369,0.001,0.0000125000,-0.0000132700,0.2,91.3
2026-09-05T16:43:29.970+00:00,B_sell_A_buy,-2.6036,-13.0036,79898.0,79899.0,3.88077,1.16499,79878.20000000001,79878.3,6.369,0.001,0.0000125000,-0.0000132700,0.2,91.3
2026-09-05T16:43:30.975+00:00,A_sell_B_buy,2.4659,-7.9341,79898.0,79899.0,3.87091,1.16499,79878.20000000001,79878.3,6.369,0.001,0.0000125000,-0.0000132700,105.6,0.1
2026-09-05T16:43:30.975+00:00,B_sell_A_buy,-2.6036,-13.0036,79898.0,79899.0,3.87091,1.16499,79878.20000000001,79878.3,6.369,0.001,0.0000125000,-0.0000132700,105.6,0.1
2026-09-05T16:43:31.989+00:00,A_sell_B_buy,2.4659,-7.9341,79898.0,79899.0,3.79686,2.16625,79878.20000000001,79878.3,6.519,0.001,0.0000125000,-0.0000132700,109.4,0.1
2026-09-05T16:43:31.989+00:00,B_sell_A_buy,-2.6036,-13.0036,79898.0,79899.0,3.79686,2.16625,79878.20000000001,79878.3,6.519,0.001,0.0000125000,-0.0000132700,109.4,0.1
2026-09-05T16:43:32.989+00:00,A_sell_B_buy,2.4659,-7.9341,79898.0,79899.0,3.87995,1.03987,79878.20000000001,79878.3,6.567,0.001,0.0000125000,-0.0000132700,51.9,0.2
2026-09-05T16:43:32.989+00:00,B_sell_A_buy,-2.6036,-13.0036,79898.0,79899.0,3.87995,1.03987,79878.20000000001,79878.3,6.567,0.001,0.0000125000,-0.0000132700,51.9,0.2
2026-09-05T16:43:33.991+00:00,A_sell_B_buy,2.5911,-7.8089,79899.0,79900.0,9.34865,2.15499,79878.20000000001,79878.3,5.955,0.001,0.0000125000,-0.0000132700,69.2,0.1
2026-09-05T16:43:33.991+00:00,B_sell_A_buy,-2.7288,-13.1288,79899.0,79900.0,9.34865,2.15499,79878.20000000001,79878.3,5.955,0.001,0.0000125000,-0.0000132700,69.2,0.1
2026-09-05T16:43:35.024+00:00,A_sell_B_buy,2.5911,-7.8089,79899.0,79900.0,9.51199,1.80757,79878.20000000001,79878.3,5.924,0.001,0.0000125000,-0.0000132700,607.8,0.1
2026-09-05T16:43:35.024+00:00,B_sell_A_buy,-2.7288,-13.1288,79899.0,79900.0,9.51199,1.80757,79878.20000000001,79878.3,5.924,0.001,0.0000125000,-0.0000132700,607.8,0.1
2026-09-05T16:43:36.024+00:00,A_sell_B_buy,2.5911,-7.8089,79899.0,79900.0,8.36296,2.05678,79878.20000000001,79878.3,5.775,0.001,0.0000125000,-0.0000132700,332.4,0.1
2026-09-05T16:43:36.024+00:00,B_sell_A_buy,-2.7288,-13.1288,79899.0,79900.0,8.36296,2.05678,79878.20000000001,79878.3,5.775,0.001,0.0000125000,-0.0000132700,332.4,0.1
2026-09-05T16:43:37.027+00:00,A_sell_B_buy,2.5911,-7.8089,79899.0,79900.0,8.47666,2.05678,79878.20000000001,79878.3,5.925,0.001,0.0000125000,-0.0000132700,757.0,0.1
2026-09-05T16:43:37.027+00:00,B_sell_A_buy,-2.7288,-13.1288,79899.0,79900.0,8.47666,2.05678,79878.20000000001,79878.3,5.925,0.001,0.0000125000,-0.0000132700,757.0,0.1
2026-09-05T16:43:38.082+00:00,A_sell_B_buy,2.5911,-7.8089,79899.0,79900.0,8.57543,2.05644,79878.20000000001,79878.3,5.99,0.001,0.0000125000,-0.0000132700,491.8,0.2
2026-09-05T16:43:38.082+00:00,B_sell_A_buy,-2.7288,-13.1288,79899.0,79900.0,8.57543,2.05644,79878.20000000001,79878.3,5.99,0.001,0.0000125000,-0.0000132700,491.8,0.2
2026-09-05T16:43:39.083+00:00,A_sell_B_buy,2.5911,-7.8089,79899.0,79900.0,8.12924,2.05644,79878.20000000001,79878.3,5.987,0.001,0.0000125000,-0.0000132700,367.6,0.2
2026-09-05T16:43:39.083+00:00,B_sell_A_buy,-2.7288,-13.1288,79899.0,79900.0,8.12924,2.05644,79878.20000000001,79878.3,5.987,0.001,0.0000125000,-0.0000132700,367.6,0.2
2026-09-05T16:43:40.086+00:00,A_sell_B_buy,2.5911,-7.8089,79899.0,79900.0,7.86426,2.05469,79878.20000000001,79878.3,5.925,0.001,0.0000125000,-0.0000132700,188.0,0.1
2026-09-05T16:43:40.086+00:00,B_sell_A_buy,-2.7288,-13.1288,79899.0,79900.0,7.86426,2.05469,79878.20000000001,79878.3,5.925,0.001,0.0000125000,-0.0000132700,188.0,0.1
2026-09-05T16:43:41.090+00:00,A_sell_B_buy,2.5911,-7.8089,79899.0,79900.0,7.82762,2.66727,79878.20000000001,79878.3,5.997,0.001,0.0000125000,-0.0000132700,139.2,0.1
2026-09-05T16:43:41.090+00:00,B_sell_A_buy,-2.7288,-13.1288,79899.0,79900.0,7.82762,2.66727,79878.20000000001,79878.3,5.997,0.001,0.0000125000,-0.0000132700,139.2,0.1
2026-09-05T16:43:42.144+00:00,A_sell_B_buy,2.5911,-7.8089,79899.0,79900.0,7.71412,2.1792,79878.20000000001,79878.3,5.775,0.001,0.0000125000,-0.0000132700,360.5,0.1
2026-09-05T16:43:42.144+00:00,B_sell_A_buy,-2.7288,-13.1288,79899.0,79900.0,7.71412,2.1792,79878.20000000001,79878.3,5.775,0.001,0.0000125000,-0.0000132700,360.5,0.1
2026-09-05T16:43:43.175+00:00,A_sell_B_buy,2.5911,-7.8089,79899.0,79900.0,6.46116,2.16628,79878.20000000001,79878.3,5.925,0.001,0.0000125000,-0.0000132700,182.1,0.2
2026-09-05T16:43:43.175+00:00,B_sell_A_buy,-2.7288,-13.1288,79899.0,79900.0,6.46116,2.16628,79878.20000000001,79878.3,5.925,0.001,0.0000125000,-0.0000132700,182.1,0.2
2026-09-05T16:43:44.178+00:00,A_sell_B_buy,2.5911,-7.8089,79899.0,79900.0,6.46066,2.68335,79878.20000000001,79878.3,5.924,0.001,0.0000125000,-0.0000132700,216.1,0.1
2026-09-05T16:43:44.178+00:00,B_sell_A_buy,-2.7288,-13.1288,79899.0,79900.0,6.46066,2.68335,79878.20000000001,79878.3,5.924,0.001,0.0000125000,-0.0000132700,216.1,0.1
2026-09-05T16:43:45.180+00:00,A_sell_B_buy,2.5911,-7.8089,79899.0,79900.0,6.46066,2.18233,79878.20000000001,79878.3,5.775,0.001,0.0000125000,-0.0000132700,471.5,0.2
2026-09-05T16:43:45.180+00:00,B_sell_A_buy,-2.7288,-13.1288,79899.0,79900.0,6.46066,2.18233,79878.20000000001,79878.3,5.775,0.001,0.0000125000,-0.0000132700,471.5,0.2
2026-09-05T16:43:46.187+00:00,A_sell_B_buy,2.5911,-7.8089,79899.0,79900.0,6.46066,1.84861,79878.20000000001,79878.3,5.775,0.001,0.0000125000,-0.0000132700,362.8,0.2
2026-09-05T16:43:46.187+00:00,B_sell_A_buy,-2.7288,-13.1288,79899.0,79900.0,6.46066,1.84861,79878.20000000001,79878.3,5.775,0.001,0.0000125000,-0.0000132700,362.8,0.2
2026-09-05T16:43:47.198+00:00,A_sell_B_buy,1.0013,-9.3987,79901.0,79902.0,12.60355,0.00013,79892.9,79893.0,1.014,0.414,0.0000125000,-0.0000132700,0.3,407.7
2026-09-05T16:43:47.198+00:00,B_sell_A_buy,-1.1390,-11.5390,79901.0,79902.0,12.60355,0.00013,79892.9,79893.0,1.014,0.414,0.0000125000,-0.0000132700,0.3,407.7
2026-09-05T16:43:48.230+00:00,A_sell_B_buy,1.5019,-8.8981,79905.0,79906.0,8.26159,1.55796,79892.9,79893.0,1.014,0.389,0.0000125000,-0.0000132700,127.5,0.2
2026-09-05T16:43:48.230+00:00,B_sell_A_buy,-1.6396,-12.0396,79905.0,79906.0,8.26159,1.55796,79892.9,79893.0,1.014,0.389,0.0000125000,-0.0000132700,127.5,0.2
2026-09-05T16:43:49.269+00:00,A_sell_B_buy,1.7522,-8.6478,79907.0,79908.0,7.58065,3.30912,79892.9,79893.0,1.014,0.413,0.0000125000,-0.0000132700,0.3,1038.4
2026-09-05T16:43:49.269+00:00,B_sell_A_buy,-1.8899,-12.2899,79907.0,79908.0,7.58065,3.30912,79892.9,79893.0,1.014,0.413,0.0000125000,-0.0000132700,0.3,1038.4
2026-09-05T16:43:50.274+00:00,A_sell_B_buy,1.7522,-8.6478,79907.0,79908.0,6.75508,2.80408,79892.9,79893.0,2.517,0.413,0.0000125000,-0.0000132700,0.2,699.5
2026-09-05T16:43:50.274+00:00,B_sell_A_buy,-1.8899,-12.2899,79907.0,79908.0,6.75508,2.80408,79892.9,79893.0,2.517,0.413,0.0000125000,-0.0000132700,0.2,699.5
2026-09-05T16:43:51.362+00:00,A_sell_B_buy,1.7522,-8.6478,79907.0,79908.0,6.75508,2.97014,79892.9,79893.0,2.517,0.413,0.0000125000,-0.0000132700,0.3,1786.8
2026-09-05T16:43:51.362+00:00,B_sell_A_buy,-1.8899,-12.2899,79907.0,79908.0,6.75508,2.97014,79892.9,79893.0,2.517,0.413,0.0000125000,-0.0000132700,0.3,1786.8
2026-09-05T16:43:53.881+00:00,A_sell_B_buy,1.7522,-8.6478,79907.0,79908.0,6.7539,1.75689,79892.9,79893.0,2.233,0.413,0.0000125000,-0.0000132700,0.3,0.1
2026-09-05T16:43:53.881+00:00,B_sell_A_buy,-1.8899,-12.2899,79907.0,79908.0,6.7539,1.75689,79892.9,79893.0,2.233,0.413,0.0000125000,-0.0000132700,0.3,0.1
2026-09-05T16:43:54.888+00:00,A_sell_B_buy,1.7522,-8.6478,79907.0,79908.0,6.57009,3.1794,79892.9,79893.0,0.656,1.253,0.0000125000,-0.0000132700,128.9,0.2
2026-09-05T16:43:54.888+00:00,B_sell_A_buy,-1.8899,-12.2899,79907.0,79908.0,6.57009,3.1794,79892.9,79893.0,0.656,1.253,0.0000125000,-0.0000132700,128.9,0.2
2026-09-05T16:43:56.317+00:00,A_sell_B_buy,1.7522,-8.6478,79907.0,79908.0,5.68735,4.59379,79892.9,79893.0,0.001,10.266,0.0000125000,-0.0000132700,0.3,429.5
2026-09-05T16:43:56.317+00:00,B_sell_A_buy,-1.8899,-12.2899,79907.0,79908.0,5.68735,4.59379,79892.9,79893.0,0.001,10.266,0.0000125000,-0.0000132700,0.3,429.5
2026-09-05T16:43:57.324+00:00,A_sell_B_buy,1.7522,-8.6478,79907.0,79908.0,7.14944,4.59739,79892.9,79893.0,0.001,10.07,0.0000125000,-0.0000132700,0.3,335.1
2026-09-05T16:43:57.324+00:00,B_sell_A_buy,-1.8899,-12.2899,79907.0,79908.0,7.14944,4.59739,79892.9,79893.0,0.001,10.07,0.0000125000,-0.0000132700,0.3,335.1
2026-09-05T16:43:58.392+00:00,A_sell_B_buy,2.7533,-7.6467,79915.0,79916.0,0.69395,1.4598,79892.9,79893.0,1.699,8.369,0.0000125000,-0.0000132700,87.4,0.1
2026-09-05T16:43:58.392+00:00,B_sell_A_buy,-2.8910,-13.2910,79915.0,79916.0,0.69395,1.4598,79892.9,79893.0,1.699,8.369,0.0000125000,-0.0000132700,87.4,0.1
2026-09-05T16:43:59.515+00:00,A_sell_B_buy,2.7533,-7.6467,79915.0,79916.0,5.35514,3.44142,79892.9,79893.0,2.614,0.63,0.0000125000,-0.0000132700,0.3,126.7
2026-09-05T16:43:59.515+00:00,B_sell_A_buy,-2.8910,-13.2910,79915.0,79916.0,5.35514,3.44142,79892.9,79893.0,2.614,0.63,0.0000125000,-0.0000132700,0.3,126.7
2026-09-05T16:44:00.795+00:00,A_sell_B_buy,2.7533,-7.6467,79915.0,79916.0,5.85567,4.64758,79892.9,79893.0,2.614,0.197,0.0000125000,-0.0000136000,0.3,806.5
2026-09-05T16:44:00.795+00:00,B_sell_A_buy,-2.8910,-13.2910,79915.0,79916.0,5.85567,4.64758,79892.9,79893.0,2.614,0.197,0.0000125000,-0.0000136000,0.3,806.5
2026-09-05T16:44:01.921+00:00,A_sell_B_buy,2.7533,-7.6467,79915.0,79916.0,5.85587,4.66013,79892.9,79893.0,2.614,0.197,0.0000125000,-0.0000136000,0.2,1933.3
2026-09-05T16:44:01.921+00:00,B_sell_A_buy,-2.8910,-13.2910,79915.0,79916.0,5.85587,4.66013,79892.9,79893.0,2.614,0.197,0.0000125000,-0.0000136000,0.2,1933.3
2026-09-05T16:44:03.078+00:00,A_sell_B_buy,2.1400,-8.2600,79915.0,79916.0,5.85587,4.64758,79897.79999999999,79897.90000000001,0.257,0.398,0.0000125000,-0.0000136000,379.3,0.3
2026-09-05T16:44:03.078+00:00,B_sell_A_buy,-2.2777,-12.6777,79915.0,79916.0,5.85587,4.64758,79897.79999999999,79897.90000000001,0.257,0.398,0.0000125000,-0.0000136000,379.3,0.3
2026-09-05T16:44:04.253+00:00,A_sell_B_buy,2.1400,-8.2600,79915.0,79916.0,5.99944,4.64507,79897.79999999999,79897.90000000001,0.298,0.398,0.0000125000,-0.0000136000,0.2,309.5
2026-09-05T16:44:04.253+00:00,B_sell_A_buy,-2.2777,-12.6777,79915.0,79916.0,5.99944,4.64507,79897.79999999999,79897.90000000001,0.298,0.398,0.0000125000,-0.0000136000,0.2,309.5
2026-09-05T16:44:05.334+00:00,A_sell_B_buy,2.1400,-8.2600,79915.0,79916.0,5.84089,4.73249,79897.79999999999,79897.90000000001,0.377,0.398,0.0000125000,-0.0000136000,84.8,0.2
2026-09-05T16:44:05.334+00:00,B_sell_A_buy,-2.2777,-12.6777,79915.0,79916.0,5.84089,4.73249,79897.79999999999,79897.90000000001,0.377,0.398,0.0000125000,-0.0000136000,84.8,0.2
2026-09-05T16:44:06.433+00:00,A_sell_B_buy,2.1400,-8.2600,79915.0,79916.0,5.86744,4.64277,79897.79999999999,79897.90000000001,0.411,0.398,0.0000125000,-0.0000136000,0.3,904.1
2026-09-05T16:44:06.433+00:00,B_sell_A_buy,-2.2777,-12.6777,79915.0,79916.0,5.86744,4.64277,79897.79999999999,79897.90000000001,0.411,0.398,0.0000125000,-0.0000136000,0.3,904.1
2026-09-05T16:44:07.647+00:00,A_sell_B_buy,2.1400,-8.2600,79915.0,79916.0,5.89244,4.73013,79897.79999999999,79897.90000000001,0.311,0.398,0.0000125000,-0.0000136000,0.3,312.1
2026-09-05T16:44:07.647+00:00,B_sell_A_buy,-2.2777,-12.6777,79915.0,79916.0,5.89244,4.73013,79897.79999999999,79897.90000000001,0.311,0.398,0.0000125000,-0.0000136000,0.3,312.1
2026-09-05T16:44:08.670+00:00,A_sell_B_buy,2.1400,-8.2600,79915.0,79916.0,6.04886,4.67525,79897.79999999999,79897.90000000001,1.725,0.826,0.0000125000,-0.0000136000,0.3,70.0
2026-09-05T16:44:08.670+00:00,B_sell_A_buy,-2.2777,-12.6777,79915.0,79916.0,6.04886,4.67525,79897.79999999999,79897.90000000001,1.725,0.826,0.0000125000,-0.0000136000,0.3,70.0
2026-09-05T16:44:09.701+00:00,A_sell_B_buy,2.1400,-8.2600,79915.0,79916.0,6.1935,3.91678,79897.79999999999,79897.90000000001,0.224,0.196,0.0000125000,-0.0000136000,0.3,914.5
2026-09-05T16:44:09.701+00:00,B_sell_A_buy,-2.2777,-12.6777,79915.0,79916.0,6.1935,3.91678,79897.79999999999,79897.90000000001,0.224,0.196,0.0000125000,-0.0000136000,0.3,914.5
2026-09-05T16:44:10.741+00:00,A_sell_B_buy,2.1400,-8.2600,79915.0,79916.0,5.64423,3.44534,79897.79999999999,79897.90000000001,0.224,0.197,0.0000125000,-0.0000136000,0.3,312.5
2026-09-05T16:44:10.741+00:00,B_sell_A_buy,-2.2777,-12.6777,79915.0,79916.0,5.64423,3.44534,79897.79999999999,79897.90000000001,0.224,0.197,0.0000125000,-0.0000136000,0.3,312.5
2026-09-05T16:44:11.885+00:00,A_sell_B_buy,2.1400,-8.2600,79915.0,79916.0,5.17496,4.07172,79897.79999999999,79897.90000000001,1.725,0.415,0.0000125000,-0.0000136000,168.1,0.3
2026-09-05T16:44:11.885+00:00,B_sell_A_buy,-2.2777,-12.6777,79915.0,79916.0,5.17496,4.07172,79897.79999999999,79897.90000000001,1.725,0.415,0.0000125000,-0.0000136000,168.1,0.3
2026-09-05T16:44:12.979+00:00,A_sell_B_buy,2.1400,-8.2600,79915.0,79916.0,5.20016,3.84617,79897.79999999999,79897.90000000001,1.725,0.196,0.0000125000,-0.0000136000,337.5,0.2
2026-09-05T16:44:12.979+00:00,B_sell_A_buy,-2.2777,-12.6777,79915.0,79916.0,5.20016,3.84617,79897.79999999999,79897.90000000001,1.725,0.196,0.0000125000,-0.0000136000,337.5,0.2
2026-09-05T16:44:14.098+00:00,A_sell_B_buy,2.1400,-8.2600,79915.0,79916.0,5.69195,4.07173,79897.79999999999,79897.90000000001,1.725,0.196,0.0000125000,-0.0000136000,0.2,1118.9
2026-09-05T16:44:14.098+00:00,B_sell_A_buy,-2.2777,-12.6777,79915.0,79916.0,5.69195,4.07173,79897.79999999999,79897.90000000001,1.725,0.196,0.0000125000,-0.0000136000,0.2,1118.9
2026-09-05T16:44:16.582+00:00,A_sell_B_buy,2.1400,-8.2600,79915.0,79916.0,5.19091,3.55101,79897.79999999999,79897.90000000001,1.94,0.196,0.0000125000,-0.0000136000,575.0,0.2
2026-09-05T16:44:16.582+00:00,B_sell_A_buy,-2.2777,-12.6777,79915.0,79916.0,5.19091,3.55101,79897.79999999999,79897.90000000001,1.94,0.196,0.0000125000,-0.0000136000,575.0,0.2
2026-09-05T16:44:17.617+00:00,A_sell_B_buy,1.8396,-8.5604,79915.0,79916.0,5.82277,2.42128,79900.2,79900.3,1.976,0.833,0.0000125000,-0.0000136000,0.3,625.6
2026-09-05T16:44:17.617+00:00,B_sell_A_buy,-1.9773,-12.3773,79915.0,79916.0,5.82277,2.42128,79900.2,79900.3,1.976,0.833,0.0000125000,-0.0000136000,0.3,625.6
2026-09-05T16:44:18.647+00:00,A_sell_B_buy,1.8396,-8.5604,79915.0,79916.0,5.83646,0.80149,79900.2,79900.3,1.977,0.203,0.0000125000,-0.0000136000,0.2,132.6
2026-09-05T16:44:18.647+00:00,B_sell_A_buy,-1.9773,-12.3773,79915.0,79916.0,5.83646,0.80149,79900.2,79900.3,1.977,0.203,0.0000125000,-0.0000136000,0.2,132.6
2026-09-05T16:44:19.732+00:00,A_sell_B_buy,1.8396,-8.5604,79915.0,79916.0,5.83646,1.20405,79900.2,79900.3,2.127,0.195,0.0000125000,-0.0000136000,318.7,0.2
2026-09-05T16:44:19.732+00:00,B_sell_A_buy,-1.9773,-12.3773,79915.0,79916.0,5.83646,1.20405,79900.2,79900.3,2.127,0.195,0.0000125000,-0.0000136000,318.7,0.2
2026-09-05T16:44:20.754+00:00,A_sell_B_buy,1.8396,-8.5604,79915.0,79916.0,5.83646,0.15612,79900.2,79900.3,1.977,0.195,0.0000125000,-0.0000136000,0.2,856.2
2026-09-05T16:44:20.754+00:00,B_sell_A_buy,-1.9773,-12.3773,79915.0,79916.0,5.83646,0.15612,79900.2,79900.3,1.977,0.195,0.0000125000,-0.0000136000,0.2,856.2
2026-09-05T16:44:21.869+00:00,A_sell_B_buy,1.8396,-8.5604,79915.0,79916.0,5.83646,0.09358,79900.2,79900.3,0.603,0.825,0.0000125000,-0.0000136000,0.3,779.3
2026-09-05T16:44:21.869+00:00,B_sell_A_buy,-1.9773,-12.3773,79915.0,79916.0,5.83646,0.09358,79900.2,79900.3,0.603,0.825,0.0000125000,-0.0000136000,0.3,779.3
2026-09-05T16:44:22.877+00:00,A_sell_B_buy,1.8396,-8.5604,79915.0,79916.0,5.80765,0.55086,79900.2,79900.3,0.25,0.825,0.0000125000,-0.0000136000,0.3,342.0
2026-09-05T16:44:22.877+00:00,B_sell_A_buy,-1.9773,-12.3773,79915.0,79916.0,5.80765,0.55086,79900.2,79900.3,0.25,0.825,0.0000125000,-0.0000136000,0.3,342.0
2026-09-05T16:44:23.891+00:00,A_sell_B_buy,1.9648,-8.4352,79916.0,79917.0,16.37021,0.80641,79900.2,79900.3,1.751,0.827,0.0000125000,-0.0000136000,0.2,161.2
2026-09-05T16:44:23.891+00:00,B_sell_A_buy,-2.1024,-12.5024,79916.0,79917.0,16.37021,0.80641,79900.2,79900.3,1.751,0.827,0.0000125000,-0.0000136000,0.2,161.2
2026-09-05T16:44:24.949+00:00,A_sell_B_buy,1.9648,-8.4352,79916.0,79917.0,15.00824,0.80816,79900.2,79900.3,0.25,0.802,0.0000125000,-0.0000136000,80.7,0.2
2026-09-05T16:44:24.949+00:00,B_sell_A_buy,-2.1024,-12.5024,79916.0,79917.0,15.00824,0.80816,79900.2,79900.3,0.25,0.802,0.0000125000,-0.0000136000,80.7,0.2
2026-09-05T16:44:26.078+00:00,A_sell_B_buy,1.9648,-8.4352,79916.0,79917.0,14.98364,1.30677,79900.2,79900.3,4.039,0.655,0.0000125000,-0.0000136000,385.2,0.2
2026-09-05T16:44:26.078+00:00,B_sell_A_buy,-2.1024,-12.5024,79916.0,79917.0,14.98364,1.30677,79900.2,79900.3,4.039,0.655,0.0000125000,-0.0000136000,385.2,0.2
2026-09-05T16:44:27.577+00:00,A_sell_B_buy,1.9648,-8.4352,79916.0,79917.0,14.89099,1.30677,79900.2,79900.3,4.039,0.828,0.0000125000,-0.0000136000,0.3,1038.8
2026-09-05T16:44:27.577+00:00,B_sell_A_buy,-2.1024,-12.5024,79916.0,79917.0,14.89099,1.30677,79900.2,79900.3,4.039,0.828,0.0000125000,-0.0000136000,0.3,1038.8
2026-09-05T16:44:31.324+00:00,A_sell_B_buy,1.9648,-8.4352,79916.0,79917.0,14.87903,1.27555,79900.2,79900.3,4.039,0.655,0.0000125000,-0.0000136000,136.8,0.2
2026-09-05T16:44:31.324+00:00,B_sell_A_buy,-2.1024,-12.5024,79916.0,79917.0,14.87903,1.27555,79900.2,79900.3,4.039,0.655,0.0000125000,-0.0000136000,136.8,0.2
2026-09-05T16:44:32.518+00:00,A_sell_B_buy,1.9648,-8.4352,79916.0,79917.0,13.2177,1.29119,79900.2,79900.3,4.039,0.829,0.0000125000,-0.0000136000,0.3,1071.5
2026-09-05T16:44:32.518+00:00,B_sell_A_buy,-2.1024,-12.5024,79916.0,79917.0,13.2177,1.29119,79900.2,79900.3,4.039,0.829,0.0000125000,-0.0000136000,0.3,1071.5
2026-09-05T16:44:34.854+00:00,A_sell_B_buy,1.9648,-8.4352,79916.0,79917.0,11.27825,1.82402,79900.2,79900.3,4.189,0.829,0.0000125000,-0.0000136000,90.3,0.2
2026-09-05T16:44:34.854+00:00,B_sell_A_buy,-2.1024,-12.5024,79916.0,79917.0,11.27825,1.82402,79900.2,79900.3,4.189,0.829,0.0000125000,-0.0000136000,90.3,0.2
2026-09-05T16:44:36.135+00:00,A_sell_B_buy,1.9648,-8.4352,79916.0,79917.0,9.56106,1.214,79900.2,79900.3,4.039,0.829,0.0000125000,-0.0000136000,0.3,690.5
2026-09-05T16:44:36.135+00:00,B_sell_A_buy,-2.1024,-12.5024,79916.0,79917.0,9.56106,1.214,79900.2,79900.3,4.039,0.829,0.0000125000,-0.0000136000,0.3,690.5
2026-09-05T16:44:37.989+00:00,A_sell_B_buy,1.9648,-8.4352,79916.0,79917.0,9.22947,1.73196,79900.2,79900.3,3.832,0.829,0.0000125000,-0.0000136000,227.7,0.2
2026-09-05T16:44:37.989+00:00,B_sell_A_buy,-2.1024,-12.5024,79916.0,79917.0,9.22947,1.73196,79900.2,79900.3,3.832,0.829,0.0000125000,-0.0000136000,227.7,0.2
2026-09-05T16:44:39.081+00:00,A_sell_B_buy,1.9648,-8.4352,79916.0,79917.0,7.58282,2.04646,79900.2,79900.3,3.011,1.091,0.0000125000,-0.0000136000,131.4,0.2
2026-09-05T16:44:39.081+00:00,B_sell_A_buy,-2.1024,-12.5024,79916.0,79917.0,7.58282,2.04646,79900.2,79900.3,3.011,1.091,0.0000125000,-0.0000136000,131.4,0.2
2026-09-05T16:44:40.088+00:00,A_sell_B_buy,2.7908,-7.6092,79916.0,79917.0,0.8565,8.89622,79893.6,79893.7,0.893,3.89,0.0000125000,-0.0000136000,186.2,0.3
2026-09-05T16:44:40.088+00:00,B_sell_A_buy,-2.9285,-13.3285,79916.0,79917.0,0.8565,8.89622,79893.6,79893.7,0.893,3.89,0.0000125000,-0.0000136000,186.2,0.3
2026-09-05T16:44:41.166+00:00,A_sell_B_buy,2.7908,-7.6092,79916.0,79917.0,0.41053,9.84297,79893.6,79893.7,2.191,3.087,0.0000125000,-0.0000136000,0.2,334.1
2026-09-05T16:44:41.166+00:00,B_sell_A_buy,-2.9285,-13.3285,79916.0,79917.0,0.41053,9.84297,79893.6,79893.7,2.191,3.087,0.0000125000,-0.0000136000,0.2,334.1
2026-09-05T16:44:42.200+00:00,A_sell_B_buy,2.7908,-7.6092,79916.0,79917.0,0.41053,9.13705,79893.6,79893.7,2.191,3.088,0.0000125000,-0.0000136000,624.7,0.2
2026-09-05T16:44:42.200+00:00,B_sell_A_buy,-2.9285,-13.3285,79916.0,79917.0,0.41053,9.13705,79893.6,79893.7,2.191,3.088,0.0000125000,-0.0000136000,624.7,0.2
2026-09-05T16:44:43.995+00:00,A_sell_B_buy,2.7908,-7.6092,79916.0,79917.0,0.39254,9.57808,79893.6,79893.7,2.191,4.589,0.0000125000,-0.0000136000,1186.4,0.3
2026-09-05T16:44:43.995+00:00,B_sell_A_buy,-2.9285,-13.3285,79916.0,79917.0,0.39254,9.57808,79893.6,79893.7,2.191,4.589,0.0000125000,-0.0000136000,1186.4,0.3
2026-09-05T16:44:45.626+00:00,A_sell_B_buy,2.7908,-7.6092,79916.0,79917.0,0.89899,9.57808,79893.6,79893.7,0.686,4.589,0.0000125000,-0.0000136000,0.3,549.1
2026-09-05T16:44:45.626+00:00,B_sell_A_buy,-2.9285,-13.3285,79916.0,79917.0,0.89899,9.57808,79893.6,79893.7,0.686,4.589,0.0000125000,-0.0000136000,0.3,549.1
2026-09-05T16:44:46.828+00:00,A_sell_B_buy,2.7908,-7.6092,79916.0,79917.0,0.38796,9.5779,79893.6,79893.7,0.892,4.589,0.0000125000,-0.0000136000,646.8,0.3
2026-09-05T16:44:46.828+00:00,B_sell_A_buy,-2.9285,-13.3285,79916.0,79917.0,0.38796,9.5779,79893.6,79893.7,0.892,4.589,0.0000125000,-0.0000136000,646.8,0.3
2026-09-05T16:44:47.986+00:00,A_sell_B_buy,2.7908,-7.6092,79916.0,79917.0,0.16502,9.5779,79893.6,79893.7,0.892,4.589,0.0000125000,-0.0000136000,0.3,1158.9
2026-09-05T16:44:47.986+00:00,B_sell_A_buy,-2.9285,-13.3285,79916.0,79917.0,0.16502,9.5779,79893.6,79893.7,0.892,4.589,0.0000125000,-0.0000136000,0.3,1158.9
2026-09-05T16:44:49.136+00:00,A_sell_B_buy,2.7908,-7.6092,79916.0,79917.0,0.16502,8.00337,79893.6,79893.7,0.819,4.589,0.0000125000,-0.0000136000,185.6,0.3
2026-09-05T16:44:49.136+00:00,B_sell_A_buy,-2.9285,-13.3285,79916.0,79917.0,0.16502,8.00337,79893.6,79893.7,0.819,4.589,0.0000125000,-0.0000136000,185.6,0.3
2026-09-05T16:44:51.347+00:00,A_sell_B_buy,2.7908,-7.6092,79916.0,79917.0,0.16502,8.81663,79893.6,79893.7,1.045,4.589,0.0000125000,-0.0000136000,1665.1,0.2
2026-09-05T16:44:51.347+00:00,B_sell_A_buy,-2.9285,-13.3285,79916.0,79917.0,0.16502,8.81663,79893.6,79893.7,1.045,4.589,0.0000125000,-0.0000136000,1665.1,0.2
2026-09-05T16:44:53.381+00:00,A_sell_B_buy,2.7908,-7.6092,79916.0,79917.0,0.16502,8.81488,79893.6,79893.7,0.819,4.589,0.0000125000,-0.0000136000,1056.8,0.3
2026-09-05T16:44:53.381+00:00,B_sell_A_buy,-2.9285,-13.3285,79916.0,79917.0,0.16502,8.81488,79893.6,79893.7,0.819,4.589,0.0000125000,-0.0000136000,1056.8,0.3
2026-09-05T16:44:54.939+00:00,A_sell_B_buy,2.7908,-7.6092,79916.0,79917.0,0.16488,8.70791,79893.6,79893.7,0.89,4.583,0.0000125000,-0.0000136000,0.3,837.8
2026-09-05T16:44:54.939+00:00,B_sell_A_buy,-2.9285,-13.3285,79916.0,79917.0,0.16488,8.70791,79893.6,79893.7,0.89,4.583,0.0000125000,-0.0000136000,0.3,837.8
2026-09-05T16:44:56.077+00:00,A_sell_B_buy,2.7908,-7.6092,79916.0,79917.0,0.16488,8.70777,79893.6,79893.7,0.89,4.583,0.0000125000,-0.0000136000,0.2,1975.5
2026-09-05T16:44:56.077+00:00,B_sell_A_buy,-2.9285,-13.3285,79916.0,79917.0,0.16488,8.70777,79893.6,79893.7,0.89,4.583,0.0000125000,-0.0000136000,0.2,1975.5
2026-09-05T16:44:57.136+00:00,A_sell_B_buy,2.7908,-7.6092,79916.0,79917.0,0.67612,7.72756,79893.6,79893.7,0.819,4.361,0.0000125000,-0.0000136000,0.3,293.8
2026-09-05T16:44:57.136+00:00,B_sell_A_buy,-2.9285,-13.3285,79916.0,79917.0,0.67612,7.72756,79893.6,79893.7,0.819,4.361,0.0000125000,-0.0000136000,0.3,293.8
2026-09-05T16:44:58.194+00:00,A_sell_B_buy,2.7908,-7.6092,79916.0,79917.0,0.67612,8.22808,79893.6,79893.7,0.819,4.361,0.0000125000,-0.0000136000,395.5,0.2
2026-09-05T16:44:58.194+00:00,B_sell_A_buy,-2.9285,-13.3285,79916.0,79917.0,0.67612,8.22808,79893.6,79893.7,0.819,4.361,0.0000125000,-0.0000136000,395.5,0.2
2026-09-05T16:44:59.233+00:00,A_sell_B_buy,2.7908,-7.6092,79916.0,79917.0,0.00926,8.31332,79893.6,79893.7,0.683,4.361,0.0000125000,-0.0000136000,0.2,349.7
2026-09-05T16:44:59.233+00:00,B_sell_A_buy,-2.9285,-13.3285,79916.0,79917.0,0.00926,8.31332,79893.6,79893.7,0.683,4.361,0.0000125000,-0.0000136000,0.2,349.7
2026-09-05T16:45:00.247+00:00,A_sell_B_buy,2.7908,-7.6092,79916.0,79917.0,0.00795,8.79999,79893.6,79893.7,0.07,4.361,0.0000125000,-0.0000136000,0.2,156.1
2026-09-05T16:45:00.247+00:00,B_sell_A_buy,-2.9285,-13.3285,79916.0,79917.0,0.00795,8.79999,79893.6,79893.7,0.07,4.361,0.0000125000,-0.0000136000,0.2,156.1
2026-09-05T16:45:02.228+00:00,A_sell_B_buy,2.7909,-7.6091,79916.0,79917.0,0.00795,8.80003,79889.1,79893.7,0.218,4.361,0.0000125000,-0.0000138300,1431.9,0.2
2026-09-05T16:45:02.228+00:00,B_sell_A_buy,-3.4917,-13.8917,79916.0,79917.0,0.00795,8.80003,79889.1,79893.7,0.218,4.361,0.0000125000,-0.0000138300,1431.9,0.2
2026-09-05T16:45:03.291+00:00,A_sell_B_buy,3.3541,-7.0459,79916.0,79917.0,0.00795,8.36181,79889.1,79889.2,0.929,0.206,0.0000125000,-0.0000138300,787.8,0.2
2026-09-05T16:45:03.291+00:00,B_sell_A_buy,-3.4917,-13.8917,79916.0,79917.0,0.00795,8.36181,79889.1,79889.2,0.929,0.206,0.0000125000,-0.0000138300,787.8,0.2
2026-09-05T16:45:04.331+00:00,A_sell_B_buy,3.3541,-7.0459,79916.0,79917.0,0.00795,8.36317,79889.1,79889.2,2.581,0.206,0.0000125000,-0.0000138300,629.5,0.2
2026-09-05T16:45:04.331+00:00,B_sell_A_buy,-3.4917,-13.8917,79916.0,79917.0,0.00795,8.36317,79889.1,79889.2,2.581,0.206,0.0000125000,-0.0000138300,629.5,0.2
2026-09-05T16:45:05.333+00:00,A_sell_B_buy,3.3541,-7.0459,79916.0,79917.0,0.25583,8.36317,79889.1,79889.2,0.929,0.207,0.0000125000,-0.0000138300,147.6,0.1
2026-09-05T16:45:05.333+00:00,B_sell_A_buy,-3.4917,-13.8917,79916.0,79917.0,0.25583,8.36317,79889.1,79889.2,0.929,0.207,0.0000125000,-0.0000138300,147.6,0.1
2026-09-05T16:45:06.337+00:00,A_sell_B_buy,3.3541,-7.0459,79916.0,79917.0,0.0807,8.41432,79889.1,79889.2,1.079,0.207,0.0000125000,-0.0000138300,155.8,0.2
2026-09-05T16:45:06.337+00:00,B_sell_A_buy,-3.4917,-13.8917,79916.0,79917.0,0.0807,8.41432,79889.1,79889.2,1.079,0.207,0.0000125000,-0.0000138300,155.8,0.2
2026-09-05T16:45:07.486+00:00,A_sell_B_buy,3.3541,-7.0459,79916.0,79917.0,0.70505,8.37397,79889.1,79889.2,2.432,0.207,0.0000125000,-0.0000138300,0.3,348.9
2026-09-05T16:45:07.486+00:00,B_sell_A_buy,-3.4917,-13.8917,79916.0,79917.0,0.70505,8.37397,79889.1,79889.2,2.432,0.207,0.0000125000,-0.0000138300,0.3,348.9
2026-09-05T16:45:08.690+00:00,A_sell_B_buy,3.3541,-7.0459,79916.0,79917.0,2.02607,6.25911,79889.1,79889.2,2.644,0.009,0.0000125000,-0.0000138300,212.4,0.3
2026-09-05T16:45:08.690+00:00,B_sell_A_buy,-3.4917,-13.8917,79916.0,79917.0,2.02607,6.25911,79889.1,79889.2,2.644,0.009,0.0000125000,-0.0000138300,212.4,0.3
2026-09-05T16:45:09.698+00:00,A_sell_B_buy,2.7908,-7.6092,79916.0,79917.0,4.56235,2.67628,79893.6,79893.7,5.621,0.038,0.0000125000,-0.0000138300,0.2,715.3
2026-09-05T16:45:09.698+00:00,B_sell_A_buy,-2.9285,-13.3285,79916.0,79917.0,4.56235,2.67628,79893.6,79893.7,5.621,0.038,0.0000125000,-0.0000138300,0.2,715.3
2026-09-05T16:45:10.737+00:00,A_sell_B_buy,2.7908,-7.6092,79916.0,79917.0,4.71856,2.98866,79893.6,79893.7,5.611,0.038,0.0000125000,-0.0000138300,0.2,740.2
2026-09-05T16:45:10.737+00:00,B_sell_A_buy,-2.9285,-13.3285,79916.0,79917.0,4.71856,2.98866,79893.6,79893.7,5.611,0.038,0.0000125000,-0.0000138300,0.2,740.2
2026-09-05T16:45:11.807+00:00,A_sell_B_buy,2.7908,-7.6092,79916.0,79917.0,4.56094,2.52252,79893.6,79893.7,5.612,0.038,0.0000125000,-0.0000138300,0.2,107.0
2026-09-05T16:45:11.807+00:00,B_sell_A_buy,-2.9285,-13.3285,79916.0,79917.0,4.56094,2.52252,79893.6,79893.7,5.612,0.038,0.0000125000,-0.0000138300,0.2,107.0
2026-09-05T16:45:13.147+00:00,A_sell_B_buy,2.7908,-7.6092,79916.0,79917.0,4.71738,2.29769,79893.6,79893.7,5.612,0.038,0.0000125000,-0.0000138300,0.3,1446.7
2026-09-05T16:45:13.147+00:00,B_sell_A_buy,-2.9285,-13.3285,79916.0,79917.0,4.71738,2.29769,79893.6,79893.7,5.612,0.038,0.0000125000,-0.0000138300,0.3,1446.7
2026-09-05T16:45:15.649+00:00,A_sell_B_buy,2.0023,-8.3977,79916.0,79917.0,5.0275,2.20969,79893.6,79900.0,5.612,0.001,0.0000125000,-0.0000138300,66.3,0.2
2026-09-05T16:45:15.649+00:00,B_sell_A_buy,-2.9284,-13.3284,79916.0,79917.0,5.0275,2.20969,79893.6,79900.0,5.612,0.001,0.0000125000,-0.0000138300,66.3,0.2
2026-09-05T16:45:16.822+00:00,A_sell_B_buy,1.2012,-9.1988,79923.0,79924.0,4.70258,0.00338,79913.3,79913.40000000001,0.931,0.197,0.0000125000,-0.0000138300,0.3,387.6
2026-09-05T16:45:16.822+00:00,B_sell_A_buy,-1.3389,-11.7389,79923.0,79924.0,4.70258,0.00338,79913.3,79913.40000000001,0.931,0.197,0.0000125000,-0.0000138300,0.3,387.6
2026-09-05T16:45:17.940+00:00,A_sell_B_buy,2.3272,-8.0728,79932.0,79933.0,3.697,0.00055,79913.3,79913.40000000001,0.931,0.197,0.0000125000,-0.0000138300,0.3,1505.0
2026-09-05T16:45:17.940+00:00,B_sell_A_buy,-2.4649,-12.8649,79932.0,79933.0,3.697,0.00055,79913.3,79913.40000000001,0.931,0.197,0.0000125000,-0.0000138300,0.3,1505.0
2026-09-05T16:45:19.018+00:00,A_sell_B_buy,2.3272,-8.0728,79932.0,79933.0,7.6766,1.40602,79913.3,79913.40000000001,0.932,0.197,0.0000125000,-0.0000138300,0.3,703.2
2026-09-05T16:45:19.018+00:00,B_sell_A_buy,-2.4649,-12.8649,79932.0,79933.0,7.6766,1.40602,79913.3,79913.40000000001,0.932,0.197,0.0000125000,-0.0000138300,0.3,703.2
2026-09-05T16:45:20.031+00:00,A_sell_B_buy,1.9644,-8.4356,79932.0,79933.0,5.91611,2.05702,79916.2,79916.3,0.284,0.012,0.0000125000,-0.0000138300,358.9,0.2
2026-09-05T16:45:20.031+00:00,B_sell_A_buy,-2.1020,-12.5020,79932.0,79933.0,5.91611,2.05702,79916.2,79916.3,0.284,0.012,0.0000125000,-0.0000138300,358.9,0.2
2026-09-05T16:45:21.171+00:00,A_sell_B_buy,1.9644,-8.4356,79932.0,79933.0,6.32161,1.76005,79916.2,79916.3,0.284,0.222,0.0000125000,-0.0000138300,0.3,684.6
2026-09-05T16:45:21.171+00:00,B_sell_A_buy,-2.1020,-12.5020,79932.0,79933.0,6.32161,1.76005,79916.2,79916.3,0.284,0.222,0.0000125000,-0.0000138300,0.3,684.6
2026-09-05T16:45:22.189+00:00,A_sell_B_buy,1.7141,-8.6859,79932.0,79933.0,6.47876,1.35941,79916.7,79918.3,0.218,0.101,0.0000125000,-0.0000138300,148.9,0.1
2026-09-05T16:45:22.189+00:00,B_sell_A_buy,-2.0394,-12.4394,79932.0,79933.0,6.47876,1.35941,79916.7,79918.3,0.218,0.101,0.0000125000,-0.0000138300,148.9,0.1
2026-09-05T16:45:23.373+00:00,A_sell_B_buy,1.7141,-8.6859,79932.0,79933.0,10.64091,0.34891,79918.20000000001,79918.3,0.402,0.299,0.0000125000,-0.0000138300,0.3,988.0
2026-09-05T16:45:23.373+00:00,B_sell_A_buy,-1.8517,-12.2517,79932.0,79933.0,10.64091,0.34891,79918.20000000001,79918.3,0.402,0.299,0.0000125000,-0.0000138300,0.3,988.0
2026-09-05T16:45:24.388+00:00,A_sell_B_buy,1.7141,-8.6859,79932.0,79933.0,10.61322,0.26711,79918.20000000001,79918.3,1.904,0.299,0.0000125000,-0.0000138300,0.2,409.3
2026-09-05T16:45:24.388+00:00,B_sell_A_buy,-1.8517,-12.2517,79932.0,79933.0,10.61322,0.26711,79918.20000000001,79918.3,1.904,0.299,0.0000125000,-0.0000138300,0.2,409.3
2026-09-05T16:45:25.420+00:00,A_sell_B_buy,2.8400,-7.5600,79941.0,79942.0,7.41987,4.97794,79918.20000000001,79918.3,2.054,0.929,0.0000125000,-0.0000138300,0.3,75.7
2026-09-05T16:45:25.420+00:00,B_sell_A_buy,-2.9776,-13.3776,79941.0,79942.0,7.41987,4.97794,79918.20000000001,79918.3,2.054,0.929,0.0000125000,-0.0000138300,0.3,75.7
2026-09-05T16:45:26.432+00:00,A_sell_B_buy,2.8400,-7.5600,79941.0,79942.0,6.56562,1.03794,79918.20000000001,79918.3,2.709,0.101,0.0000125000,-0.0000138300,0.3,984.2
2026-09-05T16:45:26.432+00:00,B_sell_A_buy,-2.9776,-13.3776,79941.0,79942.0,6.56562,1.03794,79918.20000000001,79918.3,2.709,0.101,0.0000125000,-0.0000138300,0.3,984.2
2026-09-05T16:45:27.436+00:00,A_sell_B_buy,2.8400,-7.5600,79941.0,79942.0,6.72497,1.03794,79918.20000000001,79918.3,2.709,0.101,0.0000125000,-0.0000138300,0.3,1987.4
2026-09-05T16:45:27.436+00:00,B_sell_A_buy,-2.9776,-13.3776,79941.0,79942.0,6.72497,1.03794,79918.20000000001,79918.3,2.709,0.101,0.0000125000,-0.0000138300,0.3,1987.4
2026-09-05T16:45:31.695+00:00,A_sell_B_buy,2.8400,-7.5600,79941.0,79942.0,8.34145,0.15663,79918.20000000001,79918.3,2.717,0.101,0.0000125000,-0.0000138300,826.4,0.2
2026-09-05T16:45:31.695+00:00,B_sell_A_buy,-2.9776,-13.3776,79941.0,79942.0,8.34145,0.15663,79918.20000000001,79918.3,2.717,0.101,0.0000125000,-0.0000138300,826.4,0.2
2026-09-05T16:45:32.736+00:00,A_sell_B_buy,2.2016,-8.1984,79949.0,79950.0,13.06248,0.20263,79931.3,79931.4,8.855,0.004,0.0000125000,-0.0000138300,76.6,0.2
2026-09-05T16:45:32.736+00:00,B_sell_A_buy,-2.3392,-12.7392,79949.0,79950.0,13.06248,0.20263,79931.3,79931.4,8.855,0.004,0.0000125000,-0.0000138300,76.6,0.2
2026-09-05T16:45:33.827+00:00,A_sell_B_buy,2.2639,-8.1361,79960.0,79961.0,7.16159,17.23595,79941.79999999999,79941.90000000001,0.436,0.851,0.0000125000,-0.0000138300,0.2,188.3
2026-09-05T16:45:33.827+00:00,B_sell_A_buy,-2.4015,-12.8015,79960.0,79961.0,7.16159,17.23595,79941.79999999999,79941.90000000001,0.436,0.851,0.0000125000,-0.0000138300,0.2,188.3
2026-09-05T16:45:34.906+00:00,A_sell_B_buy,2.2639,-8.1361,79960.0,79961.0,7.18547,17.04479,79941.79999999999,79941.90000000001,0.286,0.221,0.0000125000,-0.0000138300,0.3,222.6
2026-09-05T16:45:34.906+00:00,B_sell_A_buy,-2.4015,-12.8015,79960.0,79961.0,7.18547,17.04479,79941.79999999999,79941.90000000001,0.286,0.221,0.0000125000,-0.0000138300,0.3,222.6
2026-09-05T16:45:36.029+00:00,A_sell_B_buy,2.2639,-8.1361,79960.0,79961.0,5.45338,16.92447,79941.79999999999,79941.90000000001,0.287,0.221,0.0000125000,-0.0000138300,205.9,0.2
2026-09-05T16:45:36.029+00:00,B_sell_A_buy,-2.4015,-12.8015,79960.0,79961.0,5.45338,16.92447,79941.79999999999,79941.90000000001,0.287,0.221,0.0000125000,-0.0000138300,205.9,0.2
2026-09-05T16:45:37.038+00:00,A_sell_B_buy,2.2639,-8.1361,79960.0,79961.0,5.14055,17.15557,79941.79999999999,79941.90000000001,0.287,0.221,0.0000125000,-0.0000138300,0.1,44.3
2026-09-05T16:45:37.038+00:00,B_sell_A_buy,-2.4015,-12.8015,79960.0,79961.0,5.14055,17.15557,79941.79999999999,79941.90000000001,0.287,0.221,0.0000125000,-0.0000138300,0.1,44.3
2026-09-05T16:45:38.137+00:00,A_sell_B_buy,2.2639,-8.1361,79960.0,79961.0,5.13305,17.004,79941.79999999999,79941.90000000001,0.287,0.221,0.0000125000,-0.0000138300,0.2,1144.0
2026-09-05T16:45:38.137+00:00,B_sell_A_buy,-2.4015,-12.8015,79960.0,79961.0,5.13305,17.004,79941.79999999999,79941.90000000001,0.287,0.221,0.0000125000,-0.0000138300,0.2,1144.0
2026-09-05T16:45:39.338+00:00,A_sell_B_buy,2.2639,-8.1361,79960.0,79961.0,5.19496,16.56068,79941.79999999999,79941.90000000001,0.287,0.221,0.0000125000,-0.0000138300,0.3,208.7
2026-09-05T16:45:39.338+00:00,B_sell_A_buy,-2.4015,-12.8015,79960.0,79961.0,5.19496,16.56068,79941.79999999999,79941.90000000001,0.287,0.221,0.0000125000,-0.0000138300,0.3,208.7
2026-09-05T16:45:40.490+00:00,A_sell_B_buy,2.2639,-8.1361,79960.0,79961.0,5.50779,15.83024,79941.79999999999,79941.90000000001,0.287,0.198,0.0000125000,-0.0000138300,271.2,0.2
2026-09-05T16:45:40.490+00:00,B_sell_A_buy,-2.4015,-12.8015,79960.0,79961.0,5.50779,15.83024,79941.79999999999,79941.90000000001,0.287,0.198,0.0000125000,-0.0000138300,271.2,0.2
2026-09-05T16:45:41.573+00:00,A_sell_B_buy,2.2639,-8.1361,79960.0,79961.0,4.87954,16.63105,79941.79999999999,79941.90000000001,0.287,0.198,0.0000125000,-0.0000138300,0.3,473.9
2026-09-05T16:45:41.573+00:00,B_sell_A_buy,-2.4015,-12.8015,79960.0,79961.0,4.87954,16.63105,79941.79999999999,79941.90000000001,0.287,0.198,0.0000125000,-0.0000138300,0.3,473.9
2026-09-05T16:45:42.622+00:00,A_sell_B_buy,2.2639,-8.1361,79960.0,79961.0,5.19237,16.54367,79941.79999999999,79941.90000000001,0.287,0.198,0.0000125000,-0.0000138300,0.3,1523.0
2026-09-05T16:45:42.622+00:00,B_sell_A_buy,-2.4015,-12.8015,79960.0,79961.0,5.19237,16.54367,79941.79999999999,79941.90000000001,0.287,0.198,0.0000125000,-0.0000138300,0.3,1523.0
2026-09-05T16:45:43.713+00:00,A_sell_B_buy,2.2639,-8.1361,79960.0,79961.0,1.98784,19.72768,79941.79999999999,79941.90000000001,0.001,1.069,0.0000125000,-0.0000138300,0.3,735.3
2026-09-05T16:45:43.713+00:00,B_sell_A_buy,-2.4015,-12.8015,79960.0,79961.0,1.98784,19.72768,79941.79999999999,79941.90000000001,0.001,1.069,0.0000125000,-0.0000138300,0.3,735.3
2026-09-05T16:45:44.760+00:00,A_sell_B_buy,2.2639,-8.1361,79960.0,79961.0,1.83138,19.88439,79941.79999999999,79941.90000000001,0.001,1.068,0.0000125000,-0.0000138300,0.2,220.0
2026-09-05T16:45:44.760+00:00,B_sell_A_buy,-2.4015,-12.8015,79960.0,79961.0,1.83138,19.88439,79941.79999999999,79941.90000000001,0.001,1.068,0.0000125000,-0.0000138300,0.2,220.0
2026-09-05T16:45:45.837+00:00,A_sell_B_buy,2.2639,-8.1361,79960.0,79961.0,1.83138,19.88422,79941.79999999999,79941.90000000001,0.001,2.569,0.0000125000,-0.0000138300,135.1,0.2
2026-09-05T16:45:45.837+00:00,B_sell_A_buy,-2.4015,-12.8015,79960.0,79961.0,1.83138,19.88422,79941.79999999999,79941.90000000001,0.001,2.569,0.0000125000,-0.0000138300,135.1,0.2
2026-09-05T16:45:46.950+00:00,A_sell_B_buy,2.2639,-8.1361,79960.0,79961.0,1.83138,20.27234,79941.79999999999,79941.90000000001,0.001,2.57,0.0000125000,-0.0000138300,0.3,861.0
2026-09-05T16:45:46.950+00:00,B_sell_A_buy,-2.4015,-12.8015,79960.0,79961.0,1.83138,20.27234,79941.79999999999,79941.90000000001,0.001,2.57,0.0000125000,-0.0000138300,0.3,861.0
2026-09-05T16:45:47.960+00:00,A_sell_B_buy,2.2639,-8.1361,79960.0,79961.0,1.98771,20.24733,79941.79999999999,79941.90000000001,0.001,2.57,0.0000125000,-0.0000138300,0.3,1870.9
2026-09-05T16:45:47.960+00:00,B_sell_A_buy,-2.4015,-12.8015,79960.0,79961.0,1.98771,20.24733,79941.79999999999,79941.90000000001,0.001,2.57,0.0000125000,-0.0000138300,0.3,1870.9
2026-09-05T16:45:49.575+00:00,A_sell_B_buy,2.2639,-8.1361,79960.0,79961.0,2.33163,19.16018,79941.79999999999,79941.90000000001,0.001,2.57,0.0000125000,-0.0000138300,0.3,990.7
2026-09-05T16:45:49.575+00:00,B_sell_A_buy,-2.4015,-12.8015,79960.0,79961.0,2.33163,19.16018,79941.79999999999,79941.90000000001,0.001,2.57,0.0000125000,-0.0000138300,0.3,990.7
2026-09-05T16:45:50.665+00:00,A_sell_B_buy,2.2639,-8.1361,79960.0,79961.0,0.06811,20.52539,79941.79999999999,79941.90000000001,0.001,2.572,0.0000125000,-0.0000138300,0.3,927.8
2026-09-05T16:45:50.665+00:00,B_sell_A_buy,-2.4015,-12.8015,79960.0,79961.0,0.06811,20.52539,79941.79999999999,79941.90000000001,0.001,2.572,0.0000125000,-0.0000138300,0.3,927.8
2026-09-05T16:45:51.684+00:00,A_sell_B_buy,2.2639,-8.1361,79960.0,79961.0,0.06811,21.69356,79941.79999999999,79941.90000000001,0.001,2.572,0.0000125000,-0.0000138300,0.3,483.0
2026-09-05T16:45:51.684+00:00,B_sell_A_buy,-2.4015,-12.8015,79960.0,79961.0,0.06811,21.69356,79941.79999999999,79941.90000000001,0.001,2.572,0.0000125000,-0.0000138300,0.3,483.0
2026-09-05T16:45:52.824+00:00,A_sell_B_buy,2.2639,-8.1361,79960.0,79961.0,0.06886,21.38113,79941.79999999999,79941.90000000001,0.001,2.572,0.0000125000,-0.0000138300,0.3,1622.1
2026-09-05T16:45:52.824+00:00,B_sell_A_buy,-2.4015,-12.8015,79960.0,79961.0,0.06886,21.38113,79941.79999999999,79941.90000000001,0.001,2.572,0.0000125000,-0.0000138300,0.3,1622.1
2026-09-05T16:45:54.900+00:00,A_sell_B_buy,2.2639,-8.1361,79960.0,79961.0,0.06886,21.61182,79941.79999999999,79941.90000000001,0.001,2.571,0.0000125000,-0.0000138300,1066.8,0.3
2026-09-05T16:45:54.900+00:00,B_sell_A_buy,-2.4015,-12.8015,79960.0,79961.0,0.06886,21.61182,79941.79999999999,79941.90000000001,0.001,2.571,0.0000125000,-0.0000138300,1066.8,0.3
2026-09-05T16:45:55.925+00:00,A_sell_B_buy,3.1023,-7.2977,79952.0,79953.0,0.00848,5.37536,79927.1,79927.2,0.218,0.823,0.0000125000,-0.0000138300,0.2,29.0
2026-09-05T16:45:55.925+00:00,B_sell_A_buy,-3.2399,-13.6399,79952.0,79953.0,0.00848,5.37536,79927.1,79927.2,0.218,0.823,0.0000125000,-0.0000138300,0.2,29.0
2026-09-05T16:45:57.014+00:00,A_sell_B_buy,3.1023,-7.2977,79952.0,79953.0,0.00701,12.26035,79927.1,79927.2,0.218,0.193,0.0000125000,-0.0000138300,0.3,1027.0
2026-09-05T16:45:57.014+00:00,B_sell_A_buy,-3.2399,-13.6399,79952.0,79953.0,0.00701,12.26035,79927.1,79927.2,0.218,0.193,0.0000125000,-0.0000138300,0.3,1027.0
2026-09-05T16:45:58.015+00:00,A_sell_B_buy,3.0523,-7.3477,79952.0,79953.0,0.00721,12.09321,79927.4,79927.6,0.04,3.393,0.0000125000,-0.0000138300,0.2,31.6
2026-09-05T16:45:58.015+00:00,B_sell_A_buy,-3.2024,-13.6024,79952.0,79953.0,0.00721,12.09321,79927.4,79927.6,0.04,3.393,0.0000125000,-0.0000138300,0.2,31.6
2026-09-05T16:45:59.026+00:00,A_sell_B_buy,1.9391,-8.4609,79943.0,79944.0,5.2636,3.30076,79927.4,79927.5,0.04,0.405,0.0000125000,-0.0000138300,0.1,298.8
2026-09-05T16:45:59.026+00:00,B_sell_A_buy,-2.0767,-12.4767,79943.0,79944.0,5.2636,3.30076,79927.4,79927.5,0.04,0.405,0.0000125000,-0.0000138300,0.1,298.8
2026-09-05T16:46:00.034+00:00,A_sell_B_buy,1.9391,-8.4609,79943.0,79944.0,7.06228,2.40374,79927.4,79927.5,0.24,0.405,0.0000125000,-0.0000138300,0.3,245.0
2026-09-05T16:46:00.034+00:00,B_sell_A_buy,-2.0767,-12.4767,79943.0,79944.0,7.06228,2.40374,79927.4,79927.5,0.24,0.405,0.0000125000,-0.0000138300,0.3,245.0
2026-09-05T16:46:01.042+00:00,A_sell_B_buy,1.9391,-8.4609,79943.0,79944.0,7.04973,2.71788,79927.4,79927.5,0.24,0.405,0.0000125000,-0.0000139800,162.8,0.2
2026-09-05T16:46:01.042+00:00,B_sell_A_buy,-2.0767,-12.4767,79943.0,79944.0,7.04973,2.71788,79927.4,79927.5,0.24,0.405,0.0000125000,-0.0000139800,162.8,0.2
2026-09-05T16:46:02.063+00:00,A_sell_B_buy,1.9391,-8.4609,79943.0,79944.0,7.04973,2.71605,79927.4,79927.5,0.309,0.194,0.0000125000,-0.0000139800,0.2,73.9
2026-09-05T16:46:02.063+00:00,B_sell_A_buy,-2.0767,-12.4767,79943.0,79944.0,7.04973,2.71605,79927.4,79927.5,0.309,0.194,0.0000125000,-0.0000139800,0.2,73.9
2026-09-05T16:46:03.314+00:00,A_sell_B_buy,1.9391,-8.4609,79943.0,79944.0,6.994,2.51704,79927.4,79927.5,0.24,0.401,0.0000125000,-0.0000139800,0.3,863.5
2026-09-05T16:46:03.314+00:00,B_sell_A_buy,-2.0767,-12.4767,79943.0,79944.0,6.994,2.51704,79927.4,79927.5,0.24,0.401,0.0000125000,-0.0000139800,0.3,863.5
2026-09-05T16:46:04.327+00:00,A_sell_B_buy,1.9391,-8.4609,79943.0,79944.0,7.21851,2.50914,79927.4,79927.5,1.973,0.194,0.0000125000,-0.0000139800,0.3,151.6
2026-09-05T16:46:04.327+00:00,B_sell_A_buy,-2.0767,-12.4767,79943.0,79944.0,7.21851,2.50914,79927.4,79927.5,1.973,0.194,0.0000125000,-0.0000139800,0.3,151.6
2026-09-05T16:46:05.345+00:00,A_sell_B_buy,1.9391,-8.4609,79943.0,79944.0,7.21851,1.70551,79927.4,79927.5,0.613,0.194,0.0000125000,-0.0000139800,0.2,117.4
2026-09-05T16:46:05.345+00:00,B_sell_A_buy,-2.0767,-12.4767,79943.0,79944.0,7.21851,1.70551,79927.4,79927.5,0.613,0.194,0.0000125000,-0.0000139800,0.2,117.4
2026-09-05T16:46:06.383+00:00,A_sell_B_buy,1.9391,-8.4609,79943.0,79944.0,4.32365,1.80284,79927.4,79927.5,0.237,0.446,0.0000125000,-0.0000139800,0.2,102.3
2026-09-05T16:46:06.383+00:00,B_sell_A_buy,-2.0767,-12.4767,79943.0,79944.0,4.32365,1.80284,79927.4,79927.5,0.237,0.446,0.0000125000,-0.0000139800,0.2,102.3
2026-09-05T16:46:07.661+00:00,A_sell_B_buy,1.9391,-8.4609,79943.0,79944.0,6.54603,1.80274,79927.4,79927.5,0.237,0.444,0.0000125000,-0.0000139800,0.2,427.4
2026-09-05T16:46:07.661+00:00,B_sell_A_buy,-2.0767,-12.4767,79943.0,79944.0,6.54603,1.80274,79927.4,79927.5,0.237,0.444,0.0000125000,-0.0000139800,0.2,427.4
2026-09-05T16:46:08.764+00:00,A_sell_B_buy,1.9391,-8.4609,79943.0,79944.0,6.49017,1.80274,79927.4,79927.5,0.237,0.444,0.0000125000,-0.0000139800,0.2,1530.8
2026-09-05T16:46:08.764+00:00,B_sell_A_buy,-2.0767,-12.4767,79943.0,79944.0,6.49017,1.80274,79927.4,79927.5,0.237,0.444,0.0000125000,-0.0000139800,0.2,1530.8
2026-09-05T16:46:09.765+00:00,A_sell_B_buy,1.9391,-8.4609,79943.0,79944.0,6.48579,1.9158,79927.4,79927.5,0.237,0.192,0.0000125000,-0.0000139800,0.2,278.1
2026-09-05T16:46:09.765+00:00,B_sell_A_buy,-2.0767,-12.4767,79943.0,79944.0,6.48579,1.9158,79927.4,79927.5,0.237,0.192,0.0000125000,-0.0000139800,0.2,278.1
2026-09-05T16:46:10.895+00:00,A_sell_B_buy,1.9391,-8.4609,79943.0,79944.0,6.53579,1.9158,79927.4,79927.5,0.237,0.192,0.0000125000,-0.0000139800,0.3,1408.5
2026-09-05T16:46:10.895+00:00,B_sell_A_buy,-2.0767,-12.4767,79943.0,79944.0,6.53579,1.9158,79927.4,79927.5,0.237,0.192,0.0000125000,-0.0000139800,0.3,1408.5
2026-09-05T16:46:12.140+00:00,A_sell_B_buy,1.9391,-8.4609,79943.0,79944.0,5.80598,1.90171,79927.4,79927.5,1.738,0.193,0.0000125000,-0.0000139800,326.0,0.2
2026-09-05T16:46:12.140+00:00,B_sell_A_buy,-2.0767,-12.4767,79943.0,79944.0,5.80598,1.90171,79927.4,79927.5,1.738,0.193,0.0000125000,-0.0000139800,326.0,0.2
2026-09-05T16:46:13.189+00:00,A_sell_B_buy,2.2269,-8.1731,79943.0,79944.0,5.55671,2.03309,79917.90000000001,79925.2,2.183,0.036,0.0000125000,-0.0000139800,162.4,0.2
2026-09-05T16:46:13.189+00:00,B_sell_A_buy,-3.2653,-13.6653,79943.0,79944.0,5.55671,2.03309,79917.90000000001,79925.2,2.183,0.036,0.0000125000,-0.0000139800,162.4,0.2
2026-09-05T16:46:14.236+00:00,A_sell_B_buy,2.8399,-7.5601,79943.0,79944.0,0.44075,9.40749,79920.2,79920.3,1.043,0.226,0.0000125000,-0.0000139800,82.8,0.2
2026-09-05T16:46:14.236+00:00,B_sell_A_buy,-2.9775,-13.3775,79943.0,79944.0,0.44075,9.40749,79920.2,79920.3,1.043,0.226,0.0000125000,-0.0000139800,82.8,0.2
2026-09-05T16:46:15.243+00:00,A_sell_B_buy,6.6194,-3.7806,79943.0,79944.0,0.15636,18.26811,79890.0,79890.09999999999,0.001,0.01,0.0000125000,-0.0000139800,85.6,0.1
2026-09-05T16:46:15.243+00:00,B_sell_A_buy,-6.7570,-17.1570,79943.0,79944.0,0.15636,18.26811,79890.0,79890.09999999999,0.001,0.01,0.0000125000,-0.0000139800,85.6,0.1
2026-09-05T16:46:16.271+00:00,A_sell_B_buy,3.2414,-7.1586,79916.0,79917.0,2.44209,22.44094,79890.0,79890.09999999999,0.237,1.07,0.0000125000,-0.0000139800,0.2,122.9
2026-09-05T16:46:16.271+00:00,B_sell_A_buy,-3.3791,-13.7791,79916.0,79917.0,2.44209,22.44094,79890.0,79890.09999999999,0.237,1.07,0.0000125000,-0.0000139800,0.2,122.9
2026-09-05T16:46:17.395+00:00,A_sell_B_buy,3.2414,-7.1586,79916.0,79917.0,2.44209,20.23602,79890.0,79890.09999999999,0.583,0.233,0.0000125000,-0.0000139800,564.4,0.2
2026-09-05T16:46:17.395+00:00,B_sell_A_buy,-3.3791,-13.7791,79916.0,79917.0,2.44209,20.23602,79890.0,79890.09999999999,0.583,0.233,0.0000125000,-0.0000139800,564.4,0.2
2026-09-05T16:46:18.599+00:00,A_sell_B_buy,3.2414,-7.1586,79916.0,79917.0,2.44209,18.11772,79890.0,79890.09999999999,1.935,0.234,0.0000125000,-0.0000139800,0.3,289.4
2026-09-05T16:46:18.599+00:00,B_sell_A_buy,-3.3791,-13.7791,79916.0,79917.0,2.44209,18.11772,79890.0,79890.09999999999,1.935,0.234,0.0000125000,-0.0000139800,0.3,289.4
2026-09-05T16:46:19.687+00:00,A_sell_B_buy,3.2414,-7.1586,79916.0,79917.0,2.56722,16.53386,79890.0,79890.09999999999,1.935,0.234,0.0000125000,-0.0000139800,0.3,205.3
2026-09-05T16:46:19.687+00:00,B_sell_A_buy,-3.3791,-13.7791,79916.0,79917.0,2.56722,16.53386,79890.0,79890.09999999999,1.935,0.234,0.0000125000,-0.0000139800,0.3,205.3
2026-09-05T16:46:20.694+00:00,A_sell_B_buy,3.2414,-7.1586,79916.0,79917.0,2.43767,16.84669,79890.0,79890.09999999999,1.739,0.234,0.0000125000,-0.0000139800,0.3,1003.8
2026-09-05T16:46:20.694+00:00,B_sell_A_buy,-3.3791,-13.7791,79916.0,79917.0,2.43767,16.84669,79890.0,79890.09999999999,1.739,0.234,0.0000125000,-0.0000139800,0.3,1003.8
2026-09-05T16:46:21.711+00:00,A_sell_B_buy,3.2414,-7.1586,79916.0,79917.0,2.88778,16.84835,79890.0,79890.09999999999,1.739,0.234,0.0000125000,-0.0000139800,0.2,19.3
2026-09-05T16:46:21.711+00:00,B_sell_A_buy,-3.3791,-13.7791,79916.0,79917.0,2.88778,16.84835,79890.0,79890.09999999999,1.739,0.234,0.0000125000,-0.0000139800,0.2,19.3
2026-09-05T16:46:22.940+00:00,A_sell_B_buy,3.2414,-7.1586,79916.0,79917.0,2.89378,16.86774,79890.0,79890.09999999999,1.739,0.234,0.0000125000,-0.0000139800,386.5,0.3
2026-09-05T16:46:22.940+00:00,B_sell_A_buy,-3.3791,-13.7791,79916.0,79917.0,2.89378,16.86774,79890.0,79890.09999999999,1.739,0.234,0.0000125000,-0.0000139800,386.5,0.3
2026-09-05T16:46:24.595+00:00,A_sell_B_buy,3.2414,-7.1586,79916.0,79917.0,2.89355,16.78577,79890.0,79890.09999999999,1.935,0.234,0.0000125000,-0.0000139800,886.8,0.2
2026-09-05T16:46:24.595+00:00,B_sell_A_buy,-3.3791,-13.7791,79916.0,79917.0,2.89355,16.78577,79890.0,79890.09999999999,1.935,0.234,0.0000125000,-0.0000139800,886.8,0.2
2026-09-05T16:46:25.677+00:00,A_sell_B_buy,3.2414,-7.1586,79916.0,79917.0,2.89355,16.87971,79890.0,79890.09999999999,1.935,0.234,0.0000125000,-0.0000139800,0.2,1083.1
2026-09-05T16:46:25.677+00:00,B_sell_A_buy,-3.3791,-13.7791,79916.0,79917.0,2.89355,16.87971,79890.0,79890.09999999999,1.935,0.234,0.0000125000,-0.0000139800,0.2,1083.1
2026-09-05T16:46:26.753+00:00,A_sell_B_buy,3.2414,-7.1586,79916.0,79917.0,2.89355,16.98282,79890.0,79890.09999999999,1.739,0.234,0.0000125000,-0.0000139800,0.3,308.5
2026-09-05T16:46:26.753+00:00,B_sell_A_buy,-3.3791,-13.7791,79916.0,79917.0,2.89355,16.98282,79890.0,79890.09999999999,1.739,0.234,0.0000125000,-0.0000139800,0.3,308.5
2026-09-05T16:46:28.242+00:00,A_sell_B_buy,3.2414,-7.1586,79916.0,79917.0,2.89355,16.98689,79890.0,79890.09999999999,1.739,0.235,0.0000125000,-0.0000139800,0.2,543.6
2026-09-05T16:46:28.242+00:00,B_sell_A_buy,-3.3791,-13.7791,79916.0,79917.0,2.89355,16.98689,79890.0,79890.09999999999,1.739,0.235,0.0000125000,-0.0000139800,0.2,543.6
2026-09-05T16:46:29.338+00:00,A_sell_B_buy,3.2414,-7.1586,79916.0,79917.0,2.89342,17.51567,79890.0,79890.09999999999,1.889,0.235,0.0000125000,-0.0000139800,97.6,0.2
2026-09-05T16:46:29.338+00:00,B_sell_A_buy,-3.3791,-13.7791,79916.0,79917.0,2.89342,17.51567,79890.0,79890.09999999999,1.889,0.235,0.0000125000,-0.0000139800,97.6,0.2
2026-09-05T16:46:30.533+00:00,A_sell_B_buy,3.2414,-7.1586,79916.0,79917.0,3.76311,16.15764,79890.0,79890.09999999999,2.09,0.21,0.0000125000,-0.0000139800,352.1,0.2
2026-09-05T16:46:30.533+00:00,B_sell_A_buy,-3.3791,-13.7791,79916.0,79917.0,3.76311,16.15764,79890.0,79890.09999999999,2.09,0.21,0.0000125000,-0.0000139800,352.1,0.2
2026-09-05T16:46:31.563+00:00,A_sell_B_buy,3.2414,-7.1586,79916.0,79917.0,3.23255,16.40253,79890.0,79890.09999999999,2.09,0.043,0.0000125000,-0.0000139800,0.2,115.6
2026-09-05T16:46:31.563+00:00,B_sell_A_buy,-3.3791,-13.7791,79916.0,79917.0,3.23255,16.40253,79890.0,79890.09999999999,2.09,0.043,0.0000125000,-0.0000139800,0.2,115.6
2026-09-05T16:46:32.567+00:00,A_sell_B_buy,3.2414,-7.1586,79916.0,79917.0,5.98199,16.31323,79890.0,79890.09999999999,2.09,0.043,0.0000125000,-0.0000139800,0.3,1120.0
2026-09-05T16:46:32.567+00:00,B_sell_A_buy,-3.3791,-13.7791,79916.0,79917.0,5.98199,16.31323,79890.0,79890.09999999999,2.09,0.043,0.0000125000,-0.0000139800,0.3,1120.0
2026-09-05T16:46:33.590+00:00,A_sell_B_buy,3.2414,-7.1586,79916.0,79917.0,7.81605,2.85041,79890.0,79890.09999999999,9.085,0.001,0.0000125000,-0.0000139800,81.7,0.1
2026-09-05T16:46:33.590+00:00,B_sell_A_buy,-3.3791,-13.7791,79916.0,79917.0,7.81605,2.85041,79890.0,79890.09999999999,9.085,0.001,0.0000125000,-0.0000139800,81.7,0.1
2026-09-05T16:46:34.693+00:00,A_sell_B_buy,3.2414,-7.1586,79916.0,79917.0,7.8035,3.2258,79890.0,79890.09999999999,8.935,0.001,0.0000125000,-0.0000139800,0.2,656.1
2026-09-05T16:46:34.693+00:00,B_sell_A_buy,-3.3791,-13.7791,79916.0,79917.0,7.8035,3.2258,79890.0,79890.09999999999,8.935,0.001,0.0000125000,-0.0000139800,0.2,656.1
2026-09-05T16:46:35.693+00:00,A_sell_B_buy,3.2414,-7.1586,79916.0,79917.0,7.8285,3.88267,79890.0,79890.09999999999,8.989,0.001,0.0000125000,-0.0000139800,109.0,0.3
2026-09-05T16:46:35.693+00:00,B_sell_A_buy,-3.3791,-13.7791,79916.0,79917.0,7.8285,3.88267,79890.0,79890.09999999999,8.989,0.001,0.0000125000,-0.0000139800,109.0,0.3
2026-09-05T16:46:36.749+00:00,A_sell_B_buy,3.2414,-7.1586,79916.0,79917.0,7.81441,3.00563,79890.0,79890.09999999999,8.992,0.001,0.0000125000,-0.0000139800,94.1,0.1
2026-09-05T16:46:36.749+00:00,B_sell_A_buy,-3.3791,-13.7791,79916.0,79917.0,7.81441,3.00563,79890.0,79890.09999999999,8.992,0.001,0.0000125000,-0.0000139800,94.1,0.1
2026-09-05T16:46:37.756+00:00,A_sell_B_buy,3.2414,-7.1586,79916.0,79917.0,7.78941,2.17124,79890.0,79890.09999999999,9.143,0.001,0.0000125000,-0.0000139800,0.1,13.8
2026-09-05T16:46:37.756+00:00,B_sell_A_buy,-3.3791,-13.7791,79916.0,79917.0,7.78941,2.17124,79890.0,79890.09999999999,9.143,0.001,0.0000125000,-0.0000139800,0.1,13.8
2026-09-05T16:46:38.766+00:00,A_sell_B_buy,3.2414,-7.1586,79916.0,79917.0,7.8019,2.54663,79890.0,79890.09999999999,8.935,0.001,0.0000125000,-0.0000139800,0.2,33.4
2026-09-05T16:46:38.766+00:00,B_sell_A_buy,-3.3791,-13.7791,79916.0,79917.0,7.8019,2.54663,79890.0,79890.09999999999,8.935,0.001,0.0000125000,-0.0000139800,0.2,33.4
2026-09-05T16:46:39.779+00:00,A_sell_B_buy,3.2414,-7.1586,79916.0,79917.0,7.80075,2.54621,79890.0,79890.09999999999,9.085,0.001,0.0000125000,-0.0000139800,86.1,0.1
2026-09-05T16:46:39.779+00:00,B_sell_A_buy,-3.3791,-13.7791,79916.0,79917.0,7.80075,2.54621,79890.0,79890.09999999999,9.085,0.001,0.0000125000,-0.0000139800,86.1,0.1
2026-09-05T16:46:40.780+00:00,A_sell_B_buy,3.2414,-7.1586,79916.0,79917.0,7.77575,2.99631,79890.0,79890.09999999999,8.935,0.001,0.0000125000,-0.0000139800,14.5,0.1
2026-09-05T16:46:40.780+00:00,B_sell_A_buy,-3.3791,-13.7791,79916.0,79917.0,7.77575,2.99631,79890.0,79890.09999999999,8.935,0.001,0.0000125000,-0.0000139800,14.5,0.1
2026-09-05T16:46:41.802+00:00,A_sell_B_buy,3.2414,-7.1586,79916.0,79917.0,7.77624,2.86766,79890.0,79890.09999999999,9.085,0.001,0.0000125000,-0.0000139800,87.3,0.1
2026-09-05T16:46:41.802+00:00,B_sell_A_buy,-3.3791,-13.7791,79916.0,79917.0,7.77624,2.86766,79890.0,79890.09999999999,9.085,0.001,0.0000125000,-0.0000139800,87.3,0.1
2026-09-05T16:46:42.803+00:00,A_sell_B_buy,3.2414,-7.1586,79916.0,79917.0,7.77624,2.71125,79890.0,79890.09999999999,9.145,0.001,0.0000125000,-0.0000139800,254.2,0.1
2026-09-05T16:46:42.803+00:00,B_sell_A_buy,-3.3791,-13.7791,79916.0,79917.0,7.77624,2.71125,79890.0,79890.09999999999,9.145,0.001,0.0000125000,-0.0000139800,254.2,0.1
2026-09-05T16:46:43.832+00:00,A_sell_B_buy,3.2414,-7.1586,79916.0,79917.0,7.32426,2.33586,79890.0,79890.09999999999,8.935,0.001,0.0000125000,-0.0000139800,115.9,0.2
2026-09-05T16:46:43.832+00:00,B_sell_A_buy,-3.3791,-13.7791,79916.0,79917.0,7.32426,2.33586,79890.0,79890.09999999999,8.935,0.001,0.0000125000,-0.0000139800,115.9,0.2
2026-09-05T16:46:44.833+00:00,A_sell_B_buy,3.2414,-7.1586,79916.0,79917.0,7.32426,2.33586,79890.0,79890.09999999999,9.135,0.001,0.0000125000,-0.0000139800,1116.5,0.1
2026-09-05T16:46:44.833+00:00,B_sell_A_buy,-3.3791,-13.7791,79916.0,79917.0,7.32426,2.33586,79890.0,79890.09999999999,9.135,0.001,0.0000125000,-0.0000139800,1116.5,0.1
2026-09-05T16:46:45.845+00:00,A_sell_B_buy,3.3665,-7.0335,79917.0,79918.0,2.72223,0.29957,79890.0,79890.09999999999,9.085,0.001,0.0000125000,-0.0000139800,31.6,0.1
2026-09-05T16:46:45.845+00:00,B_sell_A_buy,-3.5042,-13.9042,79917.0,79918.0,2.72223,0.29957,79890.0,79890.09999999999,9.085,0.001,0.0000125000,-0.0000139800,31.6,0.1
2026-09-05T16:46:46.845+00:00,A_sell_B_buy,3.3665,-7.0335,79917.0,79918.0,7.69509,2.73454,79890.0,79890.09999999999,9.168,0.001,0.0000125000,-0.0000139800,98.1,0.2
2026-09-05T16:46:46.845+00:00,B_sell_A_buy,-3.5042,-13.9042,79917.0,79918.0,7.69509,2.73454,79890.0,79890.09999999999,9.168,0.001,0.0000125000,-0.0000139800,98.1,0.2
2026-09-05T16:46:47.946+00:00,A_sell_B_buy,3.3665,-7.0335,79917.0,79918.0,8.53048,3.04329,79890.0,79890.09999999999,8.977,0.001,0.0000125000,-0.0000139800,279.0,0.2
2026-09-05T16:46:47.946+00:00,B_sell_A_buy,-3.5042,-13.9042,79917.0,79918.0,8.53048,3.04329,79890.0,79890.09999999999,8.977,0.001,0.0000125000,-0.0000139800,279.0,0.2
2026-09-05T16:46:48.994+00:00,A_sell_B_buy,3.3665,-7.0335,79917.0,79918.0,7.70408,0.30702,79890.0,79890.09999999999,9.139,0.001,0.0000125000,-0.0000139800,216.7,0.2
2026-09-05T16:46:48.994+00:00,B_sell_A_buy,-3.5042,-13.9042,79917.0,79918.0,7.70408,0.30702,79890.0,79890.09999999999,9.139,0.001,0.0000125000,-0.0000139800,216.7,0.2
2026-09-05T16:46:50.047+00:00,A_sell_B_buy,3.3665,-7.0335,79917.0,79918.0,8.386,3.06711,79890.0,79890.09999999999,9.142,0.001,0.0000125000,-0.0000139800,181.6,0.2
2026-09-05T16:46:50.047+00:00,B_sell_A_buy,-3.5042,-13.9042,79917.0,79918.0,8.386,3.06711,79890.0,79890.09999999999,9.142,0.001,0.0000125000,-0.0000139800,181.6,0.2
2026-09-05T16:46:51.068+00:00,A_sell_B_buy,3.3665,-7.0335,79917.0,79918.0,8.36724,2.03444,79890.0,79890.09999999999,9.085,0.001,0.0000125000,-0.0000139800,0.2,25.3
2026-09-05T16:46:51.068+00:00,B_sell_A_buy,-3.5042,-13.9042,79917.0,79918.0,8.36724,2.03444,79890.0,79890.09999999999,9.085,0.001,0.0000125000,-0.0000139800,0.2,25.3
2026-09-05T16:46:52.077+00:00,A_sell_B_buy,3.3665,-7.0335,79917.0,79918.0,8.39171,2.1916,79890.0,79890.09999999999,9.085,0.001,0.0000125000,-0.0000139800,99.3,0.2
2026-09-05T16:46:52.077+00:00,B_sell_A_buy,-3.5042,-13.9042,79917.0,79918.0,8.39171,2.1916,79890.0,79890.09999999999,9.085,0.001,0.0000125000,-0.0000139800,99.3,0.2
2026-09-05T16:46:53.094+00:00,A_sell_B_buy,3.7419,-6.6581,79920.0,79921.0,8.48552,6.38596,79890.0,79890.09999999999,9.715,0.001,0.0000125000,-0.0000139800,189.6,0.1
2026-09-05T16:46:53.094+00:00,B_sell_A_buy,-3.8796,-14.2796,79920.0,79921.0,8.48552,6.38596,79890.0,79890.09999999999,9.715,0.001,0.0000125000,-0.0000139800,189.6,0.1
2026-09-05T16:46:54.105+00:00,A_sell_B_buy,3.7419,-6.6581,79920.0,79921.0,7.46046,6.7861,79890.0,79890.09999999999,9.159,0.001,0.0000125000,-0.0000139800,0.1,27.2
2026-09-05T16:46:54.105+00:00,B_sell_A_buy,-3.8796,-14.2796,79920.0,79921.0,7.46046,6.7861,79890.0,79890.09999999999,9.159,0.001,0.0000125000,-0.0000139800,0.1,27.2
2026-09-05T16:46:55.125+00:00,A_sell_B_buy,3.7419,-6.6581,79920.0,79921.0,6.3861,6.79194,79890.0,79890.09999999999,8.935,0.001,0.0000125000,-0.0000139800,190.1,0.1
2026-09-05T16:46:55.125+00:00,B_sell_A_buy,-3.8796,-14.2796,79920.0,79921.0,6.3861,6.79194,79890.0,79890.09999999999,8.935,0.001,0.0000125000,-0.0000139800,190.1,0.1
2026-09-05T16:46:56.144+00:00,A_sell_B_buy,3.7419,-6.6581,79920.0,79921.0,5.82046,6.50211,79890.0,79890.09999999999,8.986,0.001,0.0000125000,-0.0000139800,90.2,0.1
2026-09-05T16:46:56.144+00:00,B_sell_A_buy,-3.8796,-14.2796,79920.0,79921.0,5.82046,6.50211,79890.0,79890.09999999999,8.986,0.001,0.0000125000,-0.0000139800,90.2,0.1
2026-09-05T16:46:57.187+00:00,A_sell_B_buy,3.7419,-6.6581,79920.0,79921.0,6.32096,6.78994,79890.0,79890.09999999999,8.935,0.001,0.0000125000,-0.0000139800,241.0,0.1
2026-09-05T16:46:57.187+00:00,B_sell_A_buy,-3.8796,-14.2796,79920.0,79921.0,6.32096,6.78994,79890.0,79890.09999999999,8.935,0.001,0.0000125000,-0.0000139800,241.0,0.1
2026-09-05T16:46:58.192+00:00,A_sell_B_buy,3.7419,-6.6581,79920.0,79921.0,6.32096,6.47711,79890.0,79890.09999999999,8.936,0.001,0.0000125000,-0.0000139800,253.2,0.2
2026-09-05T16:46:58.192+00:00,B_sell_A_buy,-3.8796,-14.2796,79920.0,79921.0,6.32096,6.47711,79890.0,79890.09999999999,8.936,0.001,0.0000125000,-0.0000139800,253.2,0.2
2026-09-05T16:46:59.193+00:00,A_sell_B_buy,3.7419,-6.6581,79920.0,79921.0,6.32096,6.70194,79890.0,79890.09999999999,9.016,0.001,0.0000125000,-0.0000139800,47.5,0.2
2026-09-05T16:46:59.193+00:00,B_sell_A_buy,-3.8796,-14.2796,79920.0,79921.0,6.32096,6.70194,79890.0,79890.09999999999,9.016,0.001,0.0000125000,-0.0000139800,47.5,0.2
2026-09-05T16:47:00.233+00:00,A_sell_B_buy,3.7419,-6.6581,79920.0,79921.0,5.81879,6.78886,79890.0,79890.09999999999,8.935,0.001,0.0000125000,-0.0000139800,158.3,0.2
2026-09-05T16:47:00.233+00:00,B_sell_A_buy,-3.8796,-14.2796,79920.0,79921.0,5.81879,6.78886,79890.0,79890.09999999999,8.935,0.001,0.0000125000,-0.0000139800,158.3,0.2
2026-09-05T16:47:01.242+00:00,A_sell_B_buy,3.7419,-6.6581,79920.0,79921.0,5.81879,7.19965,79890.0,79890.09999999999,8.989,0.001,0.0000125000,-0.0000139700,96.0,0.2
2026-09-05T16:47:01.242+00:00,B_sell_A_buy,-3.8796,-14.2796,79920.0,79921.0,5.81879,7.19965,79890.0,79890.09999999999,8.989,0.001,0.0000125000,-0.0000139700,96.0,0.2
2026-09-05T16:47:02.315+00:00,A_sell_B_buy,2.0145,-8.3855,79927.0,79928.0,8.92429,0.00437,79910.8,79910.9,0.419,3.046,0.0000125000,-0.0000139700,0.3,266.3
2026-09-05T16:47:02.315+00:00,B_sell_A_buy,-2.1522,-12.5522,79927.0,79928.0,8.92429,0.00437,79910.8,79910.9,0.419,3.046,0.0000125000,-0.0000139700,0.3,266.3
2026-09-05T16:47:03.381+00:00,A_sell_B_buy,2.3899,-8.0101,79930.0,79931.0,16.54883,2.30523,79910.8,79910.9,0.414,3.046,0.0000125000,-0.0000139700,0.3,254.2
2026-09-05T16:47:03.381+00:00,B_sell_A_buy,-2.5275,-12.9275,79930.0,79931.0,16.54883,2.30523,79910.8,79910.9,0.414,3.046,0.0000125000,-0.0000139700,0.3,254.2
2026-09-05T16:47:04.471+00:00,A_sell_B_buy,2.3899,-8.0101,79930.0,79931.0,10.01878,1.86132,79910.8,79910.9,1.766,3.046,0.0000125000,-0.0000139700,0.3,781.9
2026-09-05T16:47:04.471+00:00,B_sell_A_buy,-2.5275,-12.9275,79930.0,79931.0,10.01878,1.86132,79910.8,79910.9,1.766,3.046,0.0000125000,-0.0000139700,0.3,781.9
2026-09-05T16:47:05.583+00:00,A_sell_B_buy,2.3899,-8.0101,79930.0,79931.0,10.18272,2.04284,79910.8,79910.9,0.265,3.046,0.0000125000,-0.0000139700,238.9,0.2
2026-09-05T16:47:05.583+00:00,B_sell_A_buy,-2.5275,-12.9275,79930.0,79931.0,10.18272,2.04284,79910.8,79910.9,0.265,3.046,0.0000125000,-0.0000139700,238.9,0.2
2026-09-05T16:47:06.587+00:00,A_sell_B_buy,2.3899,-8.0101,79930.0,79931.0,10.18874,2.0418,79910.8,79910.9,0.265,4.547,0.0000125000,-0.0000139700,75.2,0.2
2026-09-05T16:47:06.587+00:00,B_sell_A_buy,-2.5275,-12.9275,79930.0,79931.0,10.18874,2.0418,79910.8,79910.9,0.265,4.547,0.0000125000,-0.0000139700,75.2,0.2
2026-09-05T16:47:07.795+00:00,A_sell_B_buy,2.3899,-8.0101,79930.0,79931.0,8.1293,2.054,79910.8,79910.9,0.265,4.356,0.0000125000,-0.0000139700,0.4,257.0
2026-09-05T16:47:07.795+00:00,B_sell_A_buy,-2.5275,-12.9275,79930.0,79931.0,8.1293,2.054,79910.8,79910.9,0.265,4.356,0.0000125000,-0.0000139700,0.4,257.0
2026-09-05T16:47:08.830+00:00,A_sell_B_buy,2.3899,-8.0101,79930.0,79931.0,8.28727,2.36147,79910.8,79910.9,0.265,4.356,0.0000125000,-0.0000139700,0.3,1292.7
2026-09-05T16:47:08.830+00:00,B_sell_A_buy,-2.5275,-12.9275,79930.0,79931.0,8.28727,2.36147,79910.8,79910.9,0.265,4.356,0.0000125000,-0.0000139700,0.3,1292.7
2026-09-05T16:47:10.047+00:00,A_sell_B_buy,2.3899,-8.0101,79930.0,79931.0,7.49593,2.44917,79910.8,79910.9,0.001,2.032,0.0000125000,-0.0000139700,0.3,301.9
2026-09-05T16:47:10.047+00:00,B_sell_A_buy,-2.5275,-12.9275,79930.0,79931.0,7.49593,2.44917,79910.8,79910.9,0.001,2.032,0.0000125000,-0.0000139700,0.3,301.9
2026-09-05T16:47:11.186+00:00,A_sell_B_buy,2.3899,-8.0101,79930.0,79931.0,7.7485,2.89797,79910.8,79910.9,0.001,1.559,0.0000125000,-0.0000139700,602.0,0.2
2026-09-05T16:47:11.186+00:00,B_sell_A_buy,-2.5275,-12.9275,79930.0,79931.0,7.7485,2.89797,79910.8,79910.9,0.001,1.559,0.0000125000,-0.0000139700,602.0,0.2
2026-09-05T16:47:12.338+00:00,A_sell_B_buy,2.3899,-8.0101,79930.0,79931.0,8.97978,2.89264,79910.8,79910.9,0.001,1.726,0.0000125000,-0.0000139700,0.3,992.0
2026-09-05T16:47:12.338+00:00,B_sell_A_buy,-2.5275,-12.9275,79930.0,79931.0,8.97978,2.89264,79910.8,79910.9,0.001,1.726,0.0000125000,-0.0000139700,0.3,992.0
2026-09-05T16:47:13.581+00:00,A_sell_B_buy,2.3899,-8.0101,79930.0,79931.0,9.21327,2.79341,79910.8,79910.9,0.387,1.726,0.0000125000,-0.0000139700,0.3,344.1
2026-09-05T16:47:13.581+00:00,B_sell_A_buy,-2.5275,-12.9275,79930.0,79931.0,9.21327,2.79341,79910.8,79910.9,0.387,1.726,0.0000125000,-0.0000139700,0.3,344.1
2026-09-05T16:47:14.929+00:00,A_sell_B_buy,2.3899,-8.0101,79930.0,79931.0,9.26474,2.79341,79910.8,79910.9,0.237,1.559,0.0000125000,-0.0000139700,453.0,0.2
2026-09-05T16:47:14.929+00:00,B_sell_A_buy,-2.5275,-12.9275,79930.0,79931.0,9.26474,2.79341,79910.8,79910.9,0.237,1.559,0.0000125000,-0.0000139700,453.0,0.2
2026-09-05T16:47:15.980+00:00,A_sell_B_buy,2.3899,-8.0101,79930.0,79931.0,9.25228,2.43715,79910.8,79910.9,0.439,1.535,0.0000125000,-0.0000139700,0.3,95.8
2026-09-05T16:47:15.980+00:00,B_sell_A_buy,-2.5275,-12.9275,79930.0,79931.0,9.25228,2.43715,79910.8,79910.9,0.439,1.535,0.0000125000,-0.0000139700,0.3,95.8
2026-09-05T16:47:17.037+00:00,A_sell_B_buy,2.7778,-7.6222,79930.0,79931.0,7.30352,1.62203,79907.7,79907.8,1.21,2.989,0.0000125000,-0.0000139700,151.9,0.3
2026-09-05T16:47:17.037+00:00,B_sell_A_buy,-2.9154,-13.3154,79930.0,79931.0,7.30352,1.62203,79907.7,79907.8,1.21,2.989,0.0000125000,-0.0000139700,151.9,0.3
2026-09-05T16:47:18.460+00:00,A_sell_B_buy,2.7778,-7.6222,79930.0,79931.0,7.80395,2.67322,79907.7,79907.8,1.055,4.514,0.0000125000,-0.0000139700,0.2,871.0
2026-09-05T16:47:18.460+00:00,B_sell_A_buy,-2.9154,-13.3154,79930.0,79931.0,7.80395,2.67322,79907.7,79907.8,1.055,4.514,0.0000125000,-0.0000139700,0.2,871.0
2026-09-05T16:47:19.568+00:00,A_sell_B_buy,2.7778,-7.6222,79930.0,79931.0,7.80395,2.73858,79907.7,79907.8,1.205,4.514,0.0000125000,-0.0000139700,0.2,788.9
2026-09-05T16:47:19.568+00:00,B_sell_A_buy,-2.9154,-13.3154,79930.0,79931.0,7.80395,2.73858,79907.7,79907.8,1.205,4.514,0.0000125000,-0.0000139700,0.2,788.9
2026-09-05T16:47:20.721+00:00,A_sell_B_buy,2.7778,-7.6222,79930.0,79931.0,7.33468,3.4549,79907.7,79907.8,1.055,4.325,0.0000125000,-0.0000139700,0.3,235.6
2026-09-05T16:47:20.721+00:00,B_sell_A_buy,-2.9154,-13.3154,79930.0,79931.0,7.33468,3.4549,79907.7,79907.8,1.055,4.325,0.0000125000,-0.0000139700,0.3,235.6
2026-09-05T16:47:21.910+00:00,A_sell_B_buy,2.7778,-7.6222,79930.0,79931.0,8.68408,2.98568,79907.7,79907.8,1.055,4.325,0.0000125000,-0.0000139700,0.3,1424.5
2026-09-05T16:47:21.910+00:00,B_sell_A_buy,-2.9154,-13.3154,79930.0,79931.0,8.68408,2.98568,79907.7,79907.8,1.055,4.325,0.0000125000,-0.0000139700,0.3,1424.5
2026-09-05T16:47:22.973+00:00,A_sell_B_buy,2.7778,-7.6222,79930.0,79931.0,7.79565,2.98414,79907.7,79907.8,1.205,4.325,0.0000125000,-0.0000139700,0.3,728.0
2026-09-05T16:47:22.973+00:00,B_sell_A_buy,-2.9154,-13.3154,79930.0,79931.0,7.79565,2.98414,79907.7,79907.8,1.205,4.325,0.0000125000,-0.0000139700,0.3,728.0
2026-09-05T16:47:24.094+00:00,A_sell_B_buy,2.7778,-7.6222,79930.0,79931.0,8.68129,2.90232,79907.7,79907.8,1.055,4.325,0.0000125000,-0.0000139700,0.3,361.4
2026-09-05T16:47:24.094+00:00,B_sell_A_buy,-2.9154,-13.3154,79930.0,79931.0,8.68129,2.90232,79907.7,79907.8,1.055,4.325,0.0000125000,-0.0000139700,0.3,361.4
2026-09-05T16:47:25.321+00:00,A_sell_B_buy,2.7778,-7.6222,79930.0,79931.0,7.31322,2.90232,79907.7,79907.8,1.075,4.325,0.0000125000,-0.0000139700,0.3,941.1
2026-09-05T16:47:25.321+00:00,B_sell_A_buy,-2.9154,-13.3154,79930.0,79931.0,7.31322,2.90232,79907.7,79907.8,1.075,4.325,0.0000125000,-0.0000139700,0.3,941.1
2026-09-05T16:47:26.384+00:00,A_sell_B_buy,4.3673,-6.0327,79930.0,79931.0,0.00288,21.23882,79895.0,79895.1,0.205,0.251,0.0000125000,-0.0000139700,0.3,142.9
2026-09-05T16:47:26.384+00:00,B_sell_A_buy,-4.5049,-14.9049,79930.0,79931.0,0.00288,21.23882,79895.0,79895.1,0.205,0.251,0.0000125000,-0.0000139700,0.3,142.9
2026-09-05T16:47:27.393+00:00,A_sell_B_buy,3.6919,-6.7081,79920.0,79921.0,0.0022,3.01778,79890.0,79890.5,0.224,0.04,0.0000125000,-0.0000139700,67.8,0.1
2026-09-05T16:47:27.393+00:00,B_sell_A_buy,-3.8796,-14.2796,79920.0,79921.0,0.0022,3.01778,79890.0,79890.5,0.224,0.04,0.0000125000,-0.0000139700,67.8,0.1
2026-09-05T16:47:28.505+00:00,A_sell_B_buy,3.2414,-7.1586,79916.0,79917.0,2.20302,19.91977,79890.0,79890.09999999999,0.001,2.918,0.0000125000,-0.0000139700,0.3,452.9
2026-09-05T16:47:28.505+00:00,B_sell_A_buy,-3.3791,-13.7791,79916.0,79917.0,2.20302,19.91977,79890.0,79890.09999999999,0.001,2.918,0.0000125000,-0.0000139700,0.3,452.9
2026-09-05T16:47:29.538+00:00,A_sell_B_buy,3.2414,-7.1586,79916.0,79917.0,2.19883,21.69237,79890.0,79890.09999999999,0.001,2.918,0.0000125000,-0.0000139700,0.2,505.4
2026-09-05T16:47:29.538+00:00,B_sell_A_buy,-3.3791,-13.7791,79916.0,79917.0,2.19883,21.69237,79890.0,79890.09999999999,0.001,2.918,0.0000125000,-0.0000139700,0.2,505.4
2026-09-05T16:47:30.586+00:00,A_sell_B_buy,3.2414,-7.1586,79916.0,79917.0,2.32396,21.926,79890.0,79890.09999999999,0.215,2.027,0.0000125000,-0.0000139700,0.2,351.1
2026-09-05T16:47:30.586+00:00,B_sell_A_buy,-3.3791,-13.7791,79916.0,79917.0,2.32396,21.926,79890.0,79890.09999999999,0.215,2.027,0.0000125000,-0.0000139700,0.2,351.1
2026-09-05T16:47:31.867+00:00,A_sell_B_buy,3.2414,-7.1586,79916.0,79917.0,2.19883,23.21462,79890.0,79890.09999999999,0.001,2.027,0.0000125000,-0.0000139700,0.2,637.3
2026-09-05T16:47:31.867+00:00,B_sell_A_buy,-3.3791,-13.7791,79916.0,79917.0,2.19883,23.21462,79890.0,79890.09999999999,0.001,2.027,0.0000125000,-0.0000139700,0.2,637.3
2026-09-05T16:47:32.970+00:00,A_sell_B_buy,3.2414,-7.1586,79916.0,79917.0,2.44909,21.35454,79890.0,79890.09999999999,0.217,1.805,0.0000125000,-0.0000139700,0.3,535.9
2026-09-05T16:47:32.970+00:00,B_sell_A_buy,-3.3791,-13.7791,79916.0,79917.0,2.44909,21.35454,79890.0,79890.09999999999,0.217,1.805,0.0000125000,-0.0000139700,0.3,535.9
2026-09-05T16:47:34.024+00:00,A_sell_B_buy,3.2414,-7.1586,79916.0,79917.0,2.08915,21.40638,79890.0,79890.09999999999,0.217,1.805,0.0000125000,-0.0000139700,0.2,1589.8
2026-09-05T16:47:34.024+00:00,B_sell_A_buy,-3.3791,-13.7791,79916.0,79917.0,2.08915,21.40638,79890.0,79890.09999999999,0.217,1.805,0.0000125000,-0.0000139700,0.2,1589.8
2026-09-05T16:47:35.094+00:00,A_sell_B_buy,3.2414,-7.1586,79916.0,79917.0,2.3222,14.66108,79890.0,79890.09999999999,0.415,1.731,0.0000125000,-0.0000139700,232.2,0.2
2026-09-05T16:47:35.094+00:00,B_sell_A_buy,-3.3791,-13.7791,79916.0,79917.0,2.3222,14.66108,79890.0,79890.09999999999,0.415,1.731,0.0000125000,-0.0000139700,232.2,0.2
2026-09-05T16:47:36.162+00:00,A_sell_B_buy,3.2414,-7.1586,79916.0,79917.0,2.24317,14.97287,79890.0,79890.09999999999,0.415,1.731,0.0000125000,-0.0000139700,0.2,1067.5
2026-09-05T16:47:36.162+00:00,B_sell_A_buy,-3.3791,-13.7791,79916.0,79917.0,2.24317,14.97287,79890.0,79890.09999999999,0.415,1.731,0.0000125000,-0.0000139700,0.2,1067.5
2026-09-05T16:47:37.194+00:00,A_sell_B_buy,3.2414,-7.1586,79916.0,79917.0,2.24317,14.97287,79890.0,79890.09999999999,0.565,1.728,0.0000125000,-0.0000139700,321.5,0.2
2026-09-05T16:47:37.194+00:00,B_sell_A_buy,-3.3791,-13.7791,79916.0,79917.0,2.24317,14.97287,79890.0,79890.09999999999,0.565,1.728,0.0000125000,-0.0000139700,321.5,0.2
2026-09-05T16:47:38.275+00:00,A_sell_B_buy,3.2414,-7.1586,79916.0,79917.0,2.24295,15.17628,79890.0,79890.09999999999,0.565,1.728,0.0000125000,-0.0000139700,0.3,140.0
2026-09-05T16:47:38.275+00:00,B_sell_A_buy,-3.3791,-13.7791,79916.0,79917.0,2.24295,15.17628,79890.0,79890.09999999999,0.565,1.728,0.0000125000,-0.0000139700,0.3,140.0
2026-09-05T16:47:39.352+00:00,A_sell_B_buy,3.2414,-7.1586,79916.0,79917.0,4.61252,15.00418,79890.0,79890.09999999999,0.415,1.728,0.0000125000,-0.0000139700,0.2,471.8
2026-09-05T16:47:39.352+00:00,B_sell_A_buy,-3.3791,-13.7791,79916.0,79917.0,4.61252,15.00418,79890.0,79890.09999999999,0.415,1.728,0.0000125000,-0.0000139700,0.2,471.8
2026-09-05T16:47:40.492+00:00,A_sell_B_buy,3.2414,-7.1586,79916.0,79917.0,4.61252,14.74089,79890.0,79890.09999999999,0.565,1.728,0.0000125000,-0.0000139700,535.7,0.2
2026-09-05T16:47:40.492+00:00,B_sell_A_buy,-3.3791,-13.7791,79916.0,79917.0,4.61252,14.74089,79890.0,79890.09999999999,0.565,1.728,0.0000125000,-0.0000139700,535.7,0.2
2026-09-05T16:47:41.595+00:00,A_sell_B_buy,3.2414,-7.1586,79916.0,79917.0,7.53239,7.3236,79890.0,79890.09999999999,2.635,0.188,0.0000125000,-0.0000139700,0.3,501.8
2026-09-05T16:47:41.595+00:00,B_sell_A_buy,-3.3791,-13.7791,79916.0,79917.0,7.53239,7.3236,79890.0,79890.09999999999,2.635,0.188,0.0000125000,-0.0000139700,0.3,501.8
2026-09-05T16:47:42.706+00:00,A_sell_B_buy,3.2414,-7.1586,79916.0,79917.0,7.36363,7.64251,79890.0,79890.09999999999,3.26,0.188,0.0000125000,-0.0000139700,0.4,220.5
2026-09-05T16:47:42.706+00:00,B_sell_A_buy,-3.3791,-13.7791,79916.0,79917.0,7.36363,7.64251,79890.0,79890.09999999999,3.26,0.188,0.0000125000,-0.0000139700,0.4,220.5
2026-09-05T16:47:44.470+00:00,A_sell_B_buy,3.2414,-7.1586,79916.0,79917.0,7.37605,7.61701,79890.0,79890.09999999999,2.63,0.188,0.0000125000,-0.0000139700,0.2,936.8
2026-09-05T16:47:44.470+00:00,B_sell_A_buy,-3.3791,-13.7791,79916.0,79917.0,7.37605,7.61701,79890.0,79890.09999999999,2.63,0.188,0.0000125000,-0.0000139700,0.2,936.8
2026-09-05T16:47:45.490+00:00,A_sell_B_buy,3.2414,-7.1586,79916.0,79917.0,7.20599,7.01375,79890.0,79890.09999999999,2.63,0.188,0.0000125000,-0.0000139700,0.3,1956.6
2026-09-05T16:47:45.490+00:00,B_sell_A_buy,-3.3791,-13.7791,79916.0,79917.0,7.20599,7.01375,79890.0,79890.09999999999,2.63,0.188,0.0000125000,-0.0000139700,0.3,1956.6
2026-09-05T16:47:46.697+00:00,A_sell_B_buy,3.2414,-7.1586,79916.0,79917.0,7.53139,6.01966,79890.0,79890.09999999999,3.265,0.164,0.0000125000,-0.0000139700,0.3,311.9
2026-09-05T16:47:46.697+00:00,B_sell_A_buy,-3.3791,-13.7791,79916.0,79917.0,7.53139,6.01966,79890.0,79890.09999999999,3.265,0.164,0.0000125000,-0.0000139700,0.3,311.9
2026-09-05T16:47:47.716+00:00,A_sell_B_buy,3.2414,-7.1586,79916.0,79917.0,7.37498,7.24256,79890.0,79890.09999999999,3.26,0.188,0.0000125000,-0.0000139700,0.3,517.8
2026-09-05T16:47:47.716+00:00,B_sell_A_buy,-3.3791,-13.7791,79916.0,79917.0,7.37498,7.24256,79890.0,79890.09999999999,3.26,0.188,0.0000125000,-0.0000139700,0.3,517.8
2026-09-05T16:47:48.963+00:00,A_sell_B_buy,3.2414,-7.1586,79916.0,79917.0,7.36243,7.18898,79890.0,79890.09999999999,3.26,0.188,0.0000125000,-0.0000139700,0.3,1764.7
2026-09-05T16:47:48.963+00:00,B_sell_A_buy,-3.3791,-13.7791,79916.0,79917.0,7.36243,7.18898,79890.0,79890.09999999999,3.26,0.188,0.0000125000,-0.0000139700,0.3,1764.7
2026-09-05T16:47:50.335+00:00,A_sell_B_buy,3.2414,-7.1586,79916.0,79917.0,7.20599,7.18898,79890.0,79890.09999999999,3.26,0.025,0.0000125000,-0.0000139700,23.2,0.1
2026-09-05T16:47:50.335+00:00,B_sell_A_buy,-3.3791,-13.7791,79916.0,79917.0,7.20599,7.18898,79890.0,79890.09999999999,3.26,0.025,0.0000125000,-0.0000139700,23.2,0.1
2026-09-05T16:47:52.053+00:00,A_sell_B_buy,3.2414,-7.1586,79916.0,79917.0,7.37498,7.37847,79890.0,79890.09999999999,3.26,0.188,0.0000125000,-0.0000139700,0.3,1566.2
2026-09-05T16:47:52.053+00:00,B_sell_A_buy,-3.3791,-13.7791,79916.0,79917.0,7.37498,7.37847,79890.0,79890.09999999999,3.26,0.188,0.0000125000,-0.0000139700,0.3,1566.2
2026-09-05T16:47:55.342+00:00,A_sell_B_buy,3.2414,-7.1586,79916.0,79917.0,7.30212,7.27298,79890.0,79890.09999999999,3.26,0.025,0.0000125000,-0.0000139700,354.9,0.2
2026-09-05T16:47:55.342+00:00,B_sell_A_buy,-3.3791,-13.7791,79916.0,79917.0,7.30212,7.27298,79890.0,79890.09999999999,3.26,0.025,0.0000125000,-0.0000139700,354.9,0.2
2026-09-05T16:47:56.459+00:00,A_sell_B_buy,3.2414,-7.1586,79916.0,79917.0,6.58551,6.95426,79890.0,79890.09999999999,3.26,0.188,0.0000125000,-0.0000139700,0.2,965.6
2026-09-05T16:47:56.459+00:00,B_sell_A_buy,-3.3791,-13.7791,79916.0,79917.0,6.58551,6.95426,79890.0,79890.09999999999,3.26,0.188,0.0000125000,-0.0000139700,0.2,965.6
2026-09-05T16:47:59.641+00:00,A_sell_B_buy,3.2414,-7.1586,79916.0,79917.0,6.58571,7.28388,79890.0,79890.09999999999,2.63,0.188,0.0000125000,-0.0000139700,102.7,0.3
2026-09-05T16:47:59.641+00:00,B_sell_A_buy,-3.3791,-13.7791,79916.0,79917.0,6.58571,7.28388,79890.0,79890.09999999999,2.63,0.188,0.0000125000,-0.0000139700,102.7,0.3
2026-09-05T16:48:00.654+00:00,A_sell_B_buy,3.8673,-6.5327,79916.0,79917.0,1.17507,21.55363,79885.0,79885.1,0.209,0.295,0.0000125000,-0.0000141300,56.3,0.3
2026-09-05T16:48:00.654+00:00,B_sell_A_buy,-4.0050,-14.4050,79916.0,79917.0,1.17507,21.55363,79885.0,79885.1,0.209,0.295,0.0000125000,-0.0000141300,56.3,0.3
2026-09-05T16:48:01.701+00:00,A_sell_B_buy,3.2416,-7.1584,79911.0,79912.0,0.06325,4.20088,79885.0,79885.1,0.209,2.006,0.0000125000,-0.0000141300,0.2,457.6
2026-09-05T16:48:01.701+00:00,B_sell_A_buy,-3.3793,-13.7793,79911.0,79912.0,0.06325,4.20088,79885.0,79885.1,0.209,2.006,0.0000125000,-0.0000141300,0.2,457.6
2026-09-05T16:48:02.717+00:00,A_sell_B_buy,3.2416,-7.1584,79911.0,79912.0,0.53351,9.96055,79885.0,79885.1,0.359,1.934,0.0000125000,-0.0000141300,0.3,77.0
2026-09-05T16:48:02.717+00:00,B_sell_A_buy,-3.3793,-13.7793,79911.0,79912.0,0.53351,9.96055,79885.0,79885.1,0.359,1.934,0.0000125000,-0.0000141300,0.3,77.0
2026-09-05T16:48:03.730+00:00,A_sell_B_buy,3.2416,-7.1584,79911.0,79912.0,1.326,9.00505,79885.0,79885.1,0.41,0.223,0.0000125000,-0.0000141300,0.3,192.6
2026-09-05T16:48:03.730+00:00,B_sell_A_buy,-3.3793,-13.7793,79911.0,79912.0,1.326,9.00505,79885.0,79885.1,0.41,0.223,0.0000125000,-0.0000141300,0.3,192.6
2026-09-05T16:48:04.754+00:00,A_sell_B_buy,3.2416,-7.1584,79911.0,79912.0,0.82545,9.4567,79885.0,79885.1,0.209,0.224,0.0000125000,-0.0000141300,0.2,113.8
2026-09-05T16:48:04.754+00:00,B_sell_A_buy,-3.3793,-13.7793,79911.0,79912.0,0.82545,9.4567,79885.0,79885.1,0.209,0.224,0.0000125000,-0.0000141300,0.2,113.8
2026-09-05T16:48:05.906+00:00,A_sell_B_buy,3.2416,-7.1584,79911.0,79912.0,1.16521,8.95448,79885.0,79885.1,0.209,0.224,0.0000125000,-0.0000141300,0.2,1266.2
2026-09-05T16:48:05.906+00:00,B_sell_A_buy,-3.3793,-13.7793,79911.0,79912.0,1.16521,8.95448,79885.0,79885.1,0.209,0.224,0.0000125000,-0.0000141300,0.2,1266.2
2026-09-05T16:48:06.919+00:00,A_sell_B_buy,3.2416,-7.1584,79911.0,79912.0,0.94456,9.04563,79885.0,79885.1,0.209,0.223,0.0000125000,-0.0000141300,0.3,183.1
2026-09-05T16:48:06.919+00:00,B_sell_A_buy,-3.3793,-13.7793,79911.0,79912.0,0.94456,9.04563,79885.0,79885.1,0.209,0.223,0.0000125000,-0.0000141300,0.3,183.1
2026-09-05T16:48:08.246+00:00,A_sell_B_buy,3.2416,-7.1584,79911.0,79912.0,1.26365,8.54589,79885.0,79885.1,0.209,0.223,0.0000125000,-0.0000141300,0.3,1509.4
2026-09-05T16:48:08.246+00:00,B_sell_A_buy,-3.3793,-13.7793,79911.0,79912.0,1.26365,8.54589,79885.0,79885.1,0.209,0.223,0.0000125000,-0.0000141300,0.3,1509.4
2026-09-05T16:48:10.154+00:00,A_sell_B_buy,3.2416,-7.1584,79911.0,79912.0,1.47016,8.90262,79885.0,79885.1,0.44,0.223,0.0000125000,-0.0000141300,208.7,0.2
2026-09-05T16:48:10.154+00:00,B_sell_A_buy,-3.3793,-13.7793,79911.0,79912.0,1.47016,8.90262,79885.0,79885.1,0.44,0.223,0.0000125000,-0.0000141300,208.7,0.2
2026-09-05T16:48:11.184+00:00,A_sell_B_buy,3.2416,-7.1584,79911.0,79912.0,1.47016,8.65493,79885.0,79885.1,1.008,0.198,0.0000125000,-0.0000141300,307.8,0.2
2026-09-05T16:48:11.184+00:00,B_sell_A_buy,-3.3793,-13.7793,79911.0,79912.0,1.47016,8.65493,79885.0,79885.1,1.008,0.198,0.0000125000,-0.0000141300,307.8,0.2
2026-09-05T16:48:12.194+00:00,A_sell_B_buy,3.2416,-7.1584,79911.0,79912.0,1.53373,8.65493,79885.0,79885.1,0.777,0.222,0.0000125000,-0.0000141300,38.5,0.2
2026-09-05T16:48:12.194+00:00,B_sell_A_buy,-3.3793,-13.7793,79911.0,79912.0,1.53373,8.65493,79885.0,79885.1,0.777,0.222,0.0000125000,-0.0000141300,38.5,0.2
2026-09-05T16:48:13.273+00:00,A_sell_B_buy,3.1165,-7.2835,79910.0,79911.0,0.00013,6.42589,79885.0,79885.1,0.563,2.577,0.0000125000,-0.0000141300,0.3,529.2
2026-09-05T16:48:13.273+00:00,B_sell_A_buy,-3.2542,-13.6542,79910.0,79911.0,0.00013,6.42589,79885.0,79885.1,0.563,2.577,0.0000125000,-0.0000141300,0.3,529.2
2026-09-05T16:48:14.367+00:00,A_sell_B_buy,3.1165,-7.2835,79910.0,79911.0,0.72256,11.12629,79885.0,79885.1,0.563,2.577,0.0000125000,-0.0000141300,0.2,1623.5
2026-09-05T16:48:14.367+00:00,B_sell_A_buy,-3.2542,-13.6542,79910.0,79911.0,0.72256,11.12629,79885.0,79885.1,0.563,2.577,0.0000125000,-0.0000141300,0.2,1623.5
2026-09-05T16:48:17.831+00:00,A_sell_B_buy,3.1165,-7.2835,79910.0,79911.0,0.25666,12.53295,79885.0,79885.1,0.563,2.416,0.0000125000,-0.0000141300,84.5,0.2
2026-09-05T16:48:17.831+00:00,B_sell_A_buy,-3.2542,-13.6542,79910.0,79911.0,0.25666,12.53295,79885.0,79885.1,0.563,2.416,0.0000125000,-0.0000141300,84.5,0.2
2026-09-05T16:48:18.892+00:00,A_sell_B_buy,3.1165,-7.2835,79910.0,79911.0,0.25666,12.30583,79885.0,79885.1,0.761,1.723,0.0000125000,-0.0000141300,127.8,0.2
2026-09-05T16:48:18.892+00:00,B_sell_A_buy,-3.2542,-13.6542,79910.0,79911.0,0.25666,12.30583,79885.0,79885.1,0.761,1.723,0.0000125000,-0.0000141300,127.8,0.2
2026-09-05T16:48:19.911+00:00,A_sell_B_buy,3.1165,-7.2835,79910.0,79911.0,0.10024,12.64423,79885.0,79885.1,0.761,1.723,0.0000125000,-0.0000141300,0.2,1019.3
2026-09-05T16:48:19.911+00:00,B_sell_A_buy,-3.2542,-13.6542,79910.0,79911.0,0.10024,12.64423,79885.0,79885.1,0.761,1.723,0.0000125000,-0.0000141300,0.2,1019.3
2026-09-05T16:48:21.639+00:00,A_sell_B_buy,3.1165,-7.2835,79910.0,79911.0,0.10024,12.09521,79885.0,79885.1,0.761,1.563,0.0000125000,-0.0000141300,171.5,0.3
2026-09-05T16:48:21.639+00:00,B_sell_A_buy,-3.2542,-13.6542,79910.0,79911.0,0.10024,12.09521,79885.0,79885.1,0.761,1.563,0.0000125000,-0.0000141300,171.5,0.3
2026-09-05T16:48:23.443+00:00,A_sell_B_buy,3.1165,-7.2835,79910.0,79911.0,0.09995,12.27791,79885.0,79885.1,0.761,1.721,0.0000125000,-0.0000141300,0.3,1652.9
2026-09-05T16:48:23.443+00:00,B_sell_A_buy,-3.2542,-13.6542,79910.0,79911.0,0.09995,12.27791,79885.0,79885.1,0.761,1.721,0.0000125000,-0.0000141300,0.3,1652.9
2026-09-05T16:48:25.785+00:00,A_sell_B_buy,3.1165,-7.2835,79910.0,79911.0,0.07995,12.07081,79885.0,79885.1,0.761,1.563,0.0000125000,-0.0000141300,86.9,0.2
2026-09-05T16:48:25.785+00:00,B_sell_A_buy,-3.2542,-13.6542,79910.0,79911.0,0.07995,12.07081,79885.0,79885.1,0.761,1.563,0.0000125000,-0.0000141300,86.9,0.2
2026-09-05T16:48:26.788+00:00,A_sell_B_buy,2.0774,-8.3226,79916.0,79917.0,12.51036,0.17405,79899.3,79899.4,0.373,0.04,0.0000125000,-0.0000141300,0.1,55.2
2026-09-05T16:48:26.788+00:00,B_sell_A_buy,-2.2150,-12.6150,79916.0,79917.0,12.51036,0.17405,79899.3,79899.4,0.373,0.04,0.0000125000,-0.0000141300,0.1,55.2
2026-09-05T16:48:27.835+00:00,A_sell_B_buy,2.0774,-8.3226,79916.0,79917.0,17.94733,1.83233,79899.3,79899.4,0.431,0.196,0.0000125000,-0.0000141300,61.9,0.3
2026-09-05T16:48:27.835+00:00,B_sell_A_buy,-2.2150,-12.6150,79916.0,79917.0,17.94733,1.83233,79899.3,79899.4,0.431,0.196,0.0000125000,-0.0000141300,61.9,0.3
2026-09-05T16:48:29.039+00:00,A_sell_B_buy,2.0774,-8.3226,79916.0,79917.0,15.89085,1.01908,79899.3,79899.4,2.083,0.179,0.0000125000,-0.0000141300,284.1,0.3
2026-09-05T16:48:29.039+00:00,B_sell_A_buy,-2.2150,-12.6150,79916.0,79917.0,15.89085,1.01908,79899.3,79899.4,2.083,0.179,0.0000125000,-0.0000141300,284.1,0.3
2026-09-05T16:48:31.675+00:00,A_sell_B_buy,2.0774,-8.3226,79916.0,79917.0,15.89085,1.01893,79899.3,79899.4,1.933,0.179,0.0000125000,-0.0000141300,0.3,1833.8
2026-09-05T16:48:31.675+00:00,B_sell_A_buy,-2.2150,-12.6150,79916.0,79917.0,15.89085,1.01893,79899.3,79899.4,1.933,0.179,0.0000125000,-0.0000141300,0.3,1833.8
2026-09-05T16:48:32.802+00:00,A_sell_B_buy,1.1888,-9.2112,79916.0,79917.0,19.48661,0.21298,79906.4,79906.5,0.225,0.215,0.0000125000,-0.0000141300,0.3,318.3
2026-09-05T16:48:32.802+00:00,B_sell_A_buy,-1.3265,-11.7265,79916.0,79917.0,19.48661,0.21298,79906.4,79906.5,0.225,0.215,0.0000125000,-0.0000141300,0.3,318.3
2026-09-05T16:48:33.878+00:00,A_sell_B_buy,1.6766,-8.7234,79929.0,79930.0,2.24823,0.37533,79915.5,79915.6,0.44,3.63,0.0000125000,-0.0000141300,0.3,392.8
2026-09-05T16:48:33.878+00:00,B_sell_A_buy,-1.8143,-12.2143,79929.0,79930.0,2.24823,0.37533,79915.5,79915.6,0.44,3.63,0.0000125000,-0.0000141300,0.3,392.8
2026-09-05T16:48:34.945+00:00,A_sell_B_buy,1.7892,-8.6108,79930.0,79931.0,14.18583,1.11284,79915.6,79915.7,2.73,1.18,0.0000125000,-0.0000141300,75.2,0.1
2026-09-05T16:48:34.945+00:00,B_sell_A_buy,-1.9269,-12.3269,79930.0,79931.0,14.18583,1.11284,79915.6,79915.7,2.73,1.18,0.0000125000,-0.0000141300,75.2,0.1
2026-09-05T16:48:36.124+00:00,A_sell_B_buy,1.7892,-8.6108,79930.0,79931.0,14.96572,0.14711,79915.6,79915.7,2.58,1.18,0.0000125000,-0.0000141300,0.3,288.9
2026-09-05T16:48:36.124+00:00,B_sell_A_buy,-1.9269,-12.3269,79930.0,79931.0,14.96572,0.14711,79915.6,79915.7,2.58,1.18,0.0000125000,-0.0000141300,0.3,288.9
2026-09-05T16:48:37.274+00:00,A_sell_B_buy,1.7892,-8.6108,79930.0,79931.0,12.59822,0.34922,79915.6,79915.7,2.731,1.18,0.0000125000,-0.0000141300,0.3,477.9
2026-09-05T16:48:37.274+00:00,B_sell_A_buy,-1.9269,-12.3269,79930.0,79931.0,12.59822,0.34922,79915.6,79915.7,2.731,1.18,0.0000125000,-0.0000141300,0.3,477.9
2026-09-05T16:48:38.511+00:00,A_sell_B_buy,1.7892,-8.6108,79930.0,79931.0,12.90378,0.34873,79915.6,79915.7,2.731,1.18,0.0000125000,-0.0000141300,0.3,1715.0
2026-09-05T16:48:38.511+00:00,B_sell_A_buy,-1.9269,-12.3269,79930.0,79931.0,12.90378,0.34873,79915.6,79915.7,2.731,1.18,0.0000125000,-0.0000141300,0.3,1715.0
2026-09-05T16:48:39.633+00:00,A_sell_B_buy,1.7892,-8.6108,79930.0,79931.0,12.70777,0.34873,79915.6,79915.7,2.734,1.18,0.0000125000,-0.0000141300,323.5,0.2
2026-09-05T16:48:39.633+00:00,B_sell_A_buy,-1.9269,-12.3269,79930.0,79931.0,12.70777,0.34873,79915.6,79915.7,2.734,1.18,0.0000125000,-0.0000141300,323.5,0.2
2026-09-05T16:48:40.725+00:00,A_sell_B_buy,1.7892,-8.6108,79930.0,79931.0,12.80087,0.34843,79915.6,79915.7,2.581,1.18,0.0000125000,-0.0000141300,0.3,337.7
2026-09-05T16:48:40.725+00:00,B_sell_A_buy,-1.9269,-12.3269,79930.0,79931.0,12.80087,0.34843,79915.6,79915.7,2.581,1.18,0.0000125000,-0.0000141300,0.3,337.7
2026-09-05T16:48:41.955+00:00,A_sell_B_buy,1.7892,-8.6108,79930.0,79931.0,12.70265,0.31108,79915.6,79915.7,2.581,1.18,0.0000125000,-0.0000141300,0.2,1567.2
2026-09-05T16:48:41.955+00:00,B_sell_A_buy,-1.9269,-12.3269,79930.0,79931.0,12.70265,0.31108,79915.6,79915.7,2.581,1.18,0.0000125000,-0.0000141300,0.2,1567.2
2026-09-05T16:48:42.957+00:00,A_sell_B_buy,1.7892,-8.6108,79930.0,79931.0,12.09394,1.16787,79915.6,79915.7,2.325,1.187,0.0000125000,-0.0000141300,42.4,0.2
2026-09-05T16:48:42.957+00:00,B_sell_A_buy,-1.9269,-12.3269,79930.0,79931.0,12.09394,1.16787,79915.6,79915.7,2.325,1.187,0.0000125000,-0.0000141300,42.4,0.2
2026-09-05T16:48:43.975+00:00,A_sell_B_buy,2.2016,-8.1984,79949.0,79950.0,5.07655,3.56774,79931.3,79931.4,0.224,0.172,0.0000125000,-0.0000141300,48.0,0.1
2026-09-05T16:48:43.975+00:00,B_sell_A_buy,-2.3392,-12.7392,79949.0,79950.0,5.07655,3.56774,79931.3,79931.4,0.224,0.172,0.0000125000,-0.0000141300,48.0,0.1
2026-09-05T16:48:44.993+00:00,A_sell_B_buy,2.4518,-7.9482,79951.0,79952.0,4.25888,10.56215,79931.3,79931.4,0.009,3.368,0.0000125000,-0.0000141300,0.3,224.0
2026-09-05T16:48:44.993+00:00,B_sell_A_buy,-2.5894,-12.9894,79951.0,79952.0,4.25888,10.56215,79931.3,79931.4,0.009,3.368,0.0000125000,-0.0000141300,0.3,224.0
2026-09-05T16:48:46.040+00:00,A_sell_B_buy,3.7025,-6.6975,79961.0,79962.0,33.70457,0.33079,79931.3,79931.4,2.032,0.174,0.0000125000,-0.0000141300,52.2,0.2
2026-09-05T16:48:46.040+00:00,B_sell_A_buy,-3.8401,-14.2401,79961.0,79962.0,33.70457,0.33079,79931.3,79931.4,2.032,0.174,0.0000125000,-0.0000141300,52.2,0.2
2026-09-05T16:48:47.092+00:00,A_sell_B_buy,2.8893,-7.5107,79961.0,79962.0,37.52559,9.62213,79937.79999999999,79937.90000000001,0.008,1.118,0.0000125000,-0.0000141300,140.9,0.3
2026-09-05T16:48:47.092+00:00,B_sell_A_buy,-3.0269,-13.4269,79961.0,79962.0,37.52559,9.62213,79937.79999999999,79937.90000000001,0.008,1.118,0.0000125000,-0.0000141300,140.9,0.3
2026-09-05T16:48:48.117+00:00,A_sell_B_buy,2.8893,-7.5107,79961.0,79962.0,36.11161,16.23821,79937.79999999999,79937.90000000001,0.208,0.947,0.0000125000,-0.0000141300,0.2,34.4
2026-09-05T16:48:48.117+00:00,B_sell_A_buy,-3.0269,-13.4269,79961.0,79962.0,36.11161,16.23821,79937.79999999999,79937.90000000001,0.208,0.947,0.0000125000,-0.0000141300,0.2,34.4
2026-09-05T16:48:49.135+00:00,A_sell_B_buy,2.8894,-7.5106,79961.0,79962.0,35.61137,16.17306,79927.8,79937.90000000001,0.221,1.979,0.0000125000,-0.0000141300,116.8,0.2
2026-09-05T16:48:49.135+00:00,B_sell_A_buy,-4.2778,-14.6778,79961.0,79962.0,35.61137,16.17306,79927.8,79937.90000000001,0.221,1.979,0.0000125000,-0.0000141300,116.8,0.2
2026-09-05T16:48:50.817+00:00,A_sell_B_buy,4.1404,-6.2596,79961.0,79962.0,35.46743,16.93447,79927.8,79927.90000000001,0.459,2.823,0.0000125000,-0.0000141300,0.3,1472.1
2026-09-05T16:48:50.817+00:00,B_sell_A_buy,-4.2780,-14.6780,79961.0,79962.0,35.46743,16.93447,79927.8,79927.90000000001,0.459,2.823,0.0000125000,-0.0000141300,0.3,1472.1
2026-09-05T16:48:51.828+00:00,A_sell_B_buy,4.1404,-6.2596,79961.0,79962.0,35.53757,16.06512,79927.8,79927.90000000001,0.659,0.002,0.0000125000,-0.0000141300,0.1,592.3
2026-09-05T16:48:51.828+00:00,B_sell_A_buy,-4.2780,-14.6780,79961.0,79962.0,35.53757,16.06512,79927.8,79927.90000000001,0.659,0.002,0.0000125000,-0.0000141300,0.1,592.3
2026-09-05T16:48:52.843+00:00,A_sell_B_buy,4.1404,-6.2596,79961.0,79962.0,35.54219,17.75389,79927.8,79927.90000000001,2.816,0.002,0.0000125000,-0.0000141300,0.3,150.7
2026-09-05T16:48:52.843+00:00,B_sell_A_buy,-4.2780,-14.6780,79961.0,79962.0,35.54219,17.75389,79927.8,79927.90000000001,2.816,0.002,0.0000125000,-0.0000141300,0.3,150.7
2026-09-05T16:48:53.917+00:00,A_sell_B_buy,4.1404,-6.2596,79961.0,79962.0,35.54219,16.4229,79927.8,79927.90000000001,2.817,0.002,0.0000125000,-0.0000141300,0.3,328.7
2026-09-05T16:48:53.917+00:00,B_sell_A_buy,-4.2780,-14.6780,79961.0,79962.0,35.54219,16.4229,79927.8,79927.90000000001,2.817,0.002,0.0000125000,-0.0000141300,0.3,328.7
2026-09-05T16:48:55.282+00:00,A_sell_B_buy,4.1404,-6.2596,79961.0,79962.0,35.54219,17.82396,79927.8,79927.90000000001,2.752,0.002,0.0000125000,-0.0000141300,0.3,647.2
2026-09-05T16:48:55.282+00:00,B_sell_A_buy,-4.2780,-14.6780,79961.0,79962.0,35.54219,17.82396,79927.8,79927.90000000001,2.752,0.002,0.0000125000,-0.0000141300,0.3,647.2
2026-09-05T16:48:56.434+00:00,A_sell_B_buy,4.1404,-6.2596,79961.0,79962.0,36.04243,15.99282,79927.8,79927.90000000001,2.551,0.002,0.0000125000,-0.0000141300,0.3,200.1
2026-09-05T16:48:56.434+00:00,B_sell_A_buy,-4.2780,-14.6780,79961.0,79962.0,36.04243,15.99282,79927.8,79927.90000000001,2.551,0.002,0.0000125000,-0.0000141300,0.3,200.1
2026-09-05T16:48:58.552+00:00,A_sell_B_buy,4.1404,-6.2596,79961.0,79962.0,35.54219,17.26829,79927.8,79927.90000000001,2.551,0.002,0.0000125000,-0.0000141300,0.3,1864.6
2026-09-05T16:48:58.552+00:00,B_sell_A_buy,-4.2780,-14.6780,79961.0,79962.0,35.54219,17.26829,79927.8,79927.90000000001,2.551,0.002,0.0000125000,-0.0000141300,0.3,1864.6
2026-09-05T16:48:59.922+00:00,A_sell_B_buy,4.1404,-6.2596,79961.0,79962.0,35.42701,18.05823,79927.8,79927.90000000001,2.552,0.002,0.0000125000,-0.0000141300,0.3,437.6
2026-09-05T16:48:59.922+00:00,B_sell_A_buy,-4.2780,-14.6780,79961.0,79962.0,35.42701,18.05823,79927.8,79927.90000000001,2.552,0.002,0.0000125000,-0.0000141300,0.3,437.6
2026-09-05T16:49:01.044+00:00,A_sell_B_buy,4.1404,-6.2596,79961.0,79962.0,35.35815,18.46467,79927.8,79927.90000000001,2.552,0.002,0.0000125000,-0.0000143000,158.5,0.2
2026-09-05T16:49:01.044+00:00,B_sell_A_buy,-4.2780,-14.6780,79961.0,79962.0,35.35815,18.46467,79927.8,79927.90000000001,2.552,0.002,0.0000125000,-0.0000143000,158.5,0.2
2026-09-05T16:49:02.087+00:00,A_sell_B_buy,4.1404,-6.2596,79961.0,79962.0,35.35815,18.46467,79927.8,79927.90000000001,1.741,0.236,0.0000125000,-0.0000143000,1201.8,0.3
2026-09-05T16:49:02.087+00:00,B_sell_A_buy,-4.2780,-14.6780,79961.0,79962.0,35.35815,18.46467,79927.8,79927.90000000001,1.741,0.236,0.0000125000,-0.0000143000,1201.8,0.3
2026-09-05T16:49:03.134+00:00,A_sell_B_buy,4.1404,-6.2596,79961.0,79962.0,35.35815,18.61423,79927.8,79927.90000000001,1.578,0.258,0.0000125000,-0.0000143000,881.2,0.2
2026-09-05T16:49:03.134+00:00,B_sell_A_buy,-4.2780,-14.6780,79961.0,79962.0,35.35815,18.61423,79927.8,79927.90000000001,1.578,0.258,0.0000125000,-0.0000143000,881.2,0.2
2026-09-05T16:49:04.398+00:00,A_sell_B_buy,4.1404,-6.2596,79961.0,79962.0,35.35815,19.17689,79927.8,79927.90000000001,1.623,0.386,0.0000125000,-0.0000143000,746.0,0.2
2026-09-05T16:49:04.398+00:00,B_sell_A_buy,-4.2780,-14.6780,79961.0,79962.0,35.35815,19.17689,79927.8,79927.90000000001,1.623,0.386,0.0000125000,-0.0000143000,746.0,0.2
2026-09-05T16:49:05.484+00:00,A_sell_B_buy,4.1404,-6.2596,79961.0,79962.0,35.35505,19.17689,79927.8,79927.90000000001,1.647,0.026,0.0000125000,-0.0000143000,446.0,0.1
2026-09-05T16:49:05.484+00:00,B_sell_A_buy,-4.2780,-14.6780,79961.0,79962.0,35.35505,19.17689,79927.8,79927.90000000001,1.647,0.026,0.0000125000,-0.0000143000,446.0,0.1
2026-09-05T16:49:06.501+00:00,A_sell_B_buy,4.1404,-6.2596,79961.0,79962.0,35.35505,19.16049,79927.8,79927.90000000001,1.647,0.002,0.0000125000,-0.0000143000,0.3,222.7
2026-09-05T16:49:06.501+00:00,B_sell_A_buy,-4.2780,-14.6780,79961.0,79962.0,35.35505,19.16049,79927.8,79927.90000000001,1.647,0.002,0.0000125000,-0.0000143000,0.3,222.7
2026-09-05T16:49:07.638+00:00,A_sell_B_buy,4.1404,-6.2596,79961.0,79962.0,35.3547,18.71633,79927.8,79927.90000000001,1.647,0.026,0.0000125000,-0.0000143000,0.3,905.5
2026-09-05T16:49:07.638+00:00,B_sell_A_buy,-4.2780,-14.6780,79961.0,79962.0,35.3547,18.71633,79927.8,79927.90000000001,1.647,0.026,0.0000125000,-0.0000143000,0.3,905.5
2026-09-05T16:49:09.279+00:00,A_sell_B_buy,4.1404,-6.2596,79961.0,79962.0,34.47732,18.70775,79927.8,79927.90000000001,1.647,0.218,0.0000125000,-0.0000143000,0.3,850.7
2026-09-05T16:49:09.279+00:00,B_sell_A_buy,-4.2780,-14.6780,79961.0,79962.0,34.47732,18.70775,79927.8,79927.90000000001,1.647,0.218,0.0000125000,-0.0000143000,0.3,850.7
2026-09-05T16:49:11.043+00:00,A_sell_B_buy,4.1404,-6.2596,79961.0,79962.0,34.47732,18.32927,79927.8,79927.90000000001,1.647,0.242,0.0000125000,-0.0000143000,1016.1,0.3
2026-09-05T16:49:11.043+00:00,B_sell_A_buy,-4.2780,-14.6780,79961.0,79962.0,34.47732,18.32927,79927.8,79927.90000000001,1.647,0.242,0.0000125000,-0.0000143000,1016.1,0.3
2026-09-05T16:49:12.048+00:00,A_sell_B_buy,5.0537,-5.3463,79961.0,79962.0,33.36557,25.12342,79920.5,79920.6,0.65,0.992,0.0000125000,-0.0000143000,0.1,9.8
2026-09-05T16:49:12.048+00:00,B_sell_A_buy,-5.1913,-15.5913,79961.0,79962.0,33.36557,25.12342,79920.5,79920.6,0.65,0.992,0.0000125000,-0.0000143000,0.1,9.8
2026-09-05T16:49:13.049+00:00,A_sell_B_buy,3.1776,-7.2224,79946.0,79947.0,0.02488,1.76891,79920.5,79920.6,2.402,0.573,0.0000125000,-0.0000143000,0.2,3.6
2026-09-05T16:49:13.049+00:00,B_sell_A_buy,-3.3153,-13.7153,79946.0,79947.0,0.02488,1.76891,79920.5,79920.6,2.402,0.573,0.0000125000,-0.0000143000,0.2,3.6
2026-09-05T16:49:14.093+00:00,A_sell_B_buy,3.1776,-7.2224,79946.0,79947.0,0.86215,11.56397,79920.5,79920.6,2.151,1.622,0.0000125000,-0.0000143000,211.2,0.2
2026-09-05T16:49:14.093+00:00,B_sell_A_buy,-3.3153,-13.7153,79946.0,79947.0,0.86215,11.56397,79920.5,79920.6,2.151,1.622,0.0000125000,-0.0000143000,211.2,0.2
2026-09-05T16:49:15.140+00:00,A_sell_B_buy,3.7407,-6.6593,79946.0,79947.0,0.29776,11.9732,79915.90000000001,79916.09999999999,3.791,0.042,0.0000125000,-0.0000143000,162.2,0.1
2026-09-05T16:49:15.140+00:00,B_sell_A_buy,-3.8908,-14.2908,79946.0,79947.0,0.29776,11.9732,79915.90000000001,79916.09999999999,3.791,0.042,0.0000125000,-0.0000143000,162.2,0.1
2026-09-05T16:49:16.197+00:00,A_sell_B_buy,3.7532,-6.6468,79946.0,79947.0,0.0044,19.81211,79915.0,79916.0,0.069,4.169,0.0000125000,-0.0000143000,219.0,0.1
2026-09-05T16:49:16.197+00:00,B_sell_A_buy,-4.0035,-14.4035,79946.0,79947.0,0.0044,19.81211,79915.0,79916.0,0.069,4.169,0.0000125000,-0.0000143000,219.0,0.1
2026-09-05T16:49:17.240+00:00,A_sell_B_buy,2.8651,-7.5349,79938.0,79939.0,2.36877,4.87441,79915.0,79915.1,1.825,0.024,0.0000125000,-0.0000143000,65.6,0.2
2026-09-05T16:49:17.240+00:00,B_sell_A_buy,-3.0027,-13.4027,79938.0,79939.0,2.36877,4.87441,79915.0,79915.1,1.825,0.024,0.0000125000,-0.0000143000,65.6,0.2
2026-09-05T16:49:18.287+00:00,A_sell_B_buy,2.8651,-7.5349,79938.0,79939.0,2.22154,8.28681,79915.0,79915.1,1.57,0.401,0.0000125000,-0.0000143000,52.1,0.3
2026-09-05T16:49:18.287+00:00,B_sell_A_buy,-3.0027,-13.4027,79938.0,79939.0,2.22154,8.28681,79915.0,79915.1,1.57,0.401,0.0000125000,-0.0000143000,52.1,0.3
2026-09-05T16:49:19.347+00:00,A_sell_B_buy,2.8651,-7.5349,79938.0,79939.0,2.4096,7.9509,79915.0,79915.1,0.069,0.987,0.0000125000,-0.0000143000,0.3,68.1
2026-09-05T16:49:19.347+00:00,B_sell_A_buy,-3.0027,-13.4027,79938.0,79939.0,2.4096,7.9509,79915.0,79915.1,0.069,0.987,0.0000125000,-0.0000143000,0.3,68.1
2026-09-05T16:49:20.366+00:00,A_sell_B_buy,3.0144,-7.3856,79961.0,79962.0,1.73852,1.20819,79936.8,79936.9,0.045,2.877,0.0000125000,-0.0000143000,0.2,25.7
2026-09-05T16:49:20.366+00:00,B_sell_A_buy,-3.1520,-13.5520,79961.0,79962.0,1.73852,1.20819,79936.8,79936.9,0.045,2.877,0.0000125000,-0.0000143000,0.2,25.7
2026-09-05T16:49:21.410+00:00,A_sell_B_buy,3.0144,-7.3856,79961.0,79962.0,1.46461,7.32329,79936.8,79936.9,0.245,3.027,0.0000125000,-0.0000143000,0.3,68.8
2026-09-05T16:49:21.410+00:00,B_sell_A_buy,-3.1520,-13.5520,79961.0,79962.0,1.46461,7.32329,79936.8,79936.9,0.245,3.027,0.0000125000,-0.0000143000,0.3,68.8
2026-09-05T16:49:22.564+00:00,A_sell_B_buy,3.0144,-7.3856,79961.0,79962.0,1.04436,8.40181,79936.8,79936.9,0.046,3.027,0.0000125000,-0.0000143000,0.3,483.3
2026-09-05T16:49:22.564+00:00,B_sell_A_buy,-3.1520,-13.5520,79961.0,79962.0,1.04436,8.40181,79936.8,79936.9,0.046,3.027,0.0000125000,-0.0000143000,0.3,483.3
2026-09-05T16:49:23.590+00:00,A_sell_B_buy,3.0144,-7.3856,79961.0,79962.0,1.04511,8.38926,79936.8,79936.9,1.547,3.003,0.0000125000,-0.0000143000,234.5,0.2
2026-09-05T16:49:23.590+00:00,B_sell_A_buy,-3.1520,-13.5520,79961.0,79962.0,1.04511,8.38926,79936.8,79936.9,1.547,3.003,0.0000125000,-0.0000143000,234.5,0.2
2026-09-05T16:49:24.685+00:00,A_sell_B_buy,3.0144,-7.3856,79961.0,79962.0,1.2953,8.15092,79936.8,79936.9,0.046,3.003,0.0000125000,-0.0000143000,0.3,998.1
2026-09-05T16:49:24.685+00:00,B_sell_A_buy,-3.1520,-13.5520,79961.0,79962.0,1.2953,8.15092,79936.8,79936.9,0.046,3.003,0.0000125000,-0.0000143000,0.3,998.1
2026-09-05T16:49:25.722+00:00,A_sell_B_buy,3.0144,-7.3856,79961.0,79962.0,1.29455,8.23168,79936.8,79936.9,0.001,3.003,0.0000125000,-0.0000143000,0.2,140.4
2026-09-05T16:49:25.722+00:00,B_sell_A_buy,-3.1520,-13.5520,79961.0,79962.0,1.29455,8.23168,79936.8,79936.9,0.001,3.003,0.0000125000,-0.0000143000,0.2,140.4
2026-09-05T16:49:26.864+00:00,A_sell_B_buy,3.0144,-7.3856,79961.0,79962.0,1.04261,8.37126,79936.8,79936.9,0.001,4.504,0.0000125000,-0.0000143000,0.2,314.3
2026-09-05T16:49:26.864+00:00,B_sell_A_buy,-3.1520,-13.5520,79961.0,79962.0,1.04261,8.37126,79936.8,79936.9,0.001,4.504,0.0000125000,-0.0000143000,0.2,314.3
2026-09-05T16:49:27.879+00:00,A_sell_B_buy,3.0144,-7.3856,79961.0,79962.0,1.2928,8.72722,79936.8,79936.9,0.001,4.504,0.0000125000,-0.0000143000,0.2,1329.4
2026-09-05T16:49:27.879+00:00,B_sell_A_buy,-3.1520,-13.5520,79961.0,79962.0,1.2928,8.72722,79936.8,79936.9,0.001,4.504,0.0000125000,-0.0000143000,0.2,1329.4
2026-09-05T16:49:29.339+00:00,A_sell_B_buy,3.0144,-7.3856,79961.0,79962.0,0.17257,9.06159,79936.8,79936.9,0.001,4.826,0.0000125000,-0.0000143000,31.8,0.3
2026-09-05T16:49:29.339+00:00,B_sell_A_buy,-3.1520,-13.5520,79961.0,79962.0,0.17257,9.06159,79936.8,79936.9,0.001,4.826,0.0000125000,-0.0000143000,31.8,0.3
2026-09-05T16:49:30.401+00:00,A_sell_B_buy,3.0144,-7.3856,79961.0,79962.0,0.24411,7.96508,79936.8,79936.9,0.249,1.558,0.0000125000,-0.0000143000,0.2,258.4
2026-09-05T16:49:30.401+00:00,B_sell_A_buy,-3.1520,-13.5520,79961.0,79962.0,0.24411,7.96508,79936.8,79936.9,0.249,1.558,0.0000125000,-0.0000143000,0.2,258.4
2026-09-05T16:49:31.534+00:00,A_sell_B_buy,2.3764,-8.0236,79961.0,79962.0,3.11263,13.94864,79941.90000000001,79942.0,0.553,0.02,0.0000125000,-0.0000143000,0.1,234.8
2026-09-05T16:49:31.534+00:00,B_sell_A_buy,-2.5140,-12.9140,79961.0,79962.0,3.11263,13.94864,79941.90000000001,79942.0,0.553,0.02,0.0000125000,-0.0000143000,0.1,234.8
2026-09-05T16:49:32.662+00:00,A_sell_B_buy,2.3764,-8.0236,79961.0,79962.0,3.51352,14.73091,79941.90000000001,79942.0,0.553,0.02,0.0000125000,-0.0000143000,0.3,1363.8
2026-09-05T16:49:32.662+00:00,B_sell_A_buy,-2.5140,-12.9140,79961.0,79962.0,3.51352,14.73091,79941.90000000001,79942.0,0.553,0.02,0.0000125000,-0.0000143000,0.3,1363.8
2026-09-05T16:49:33.807+00:00,A_sell_B_buy,2.3764,-8.0236,79961.0,79962.0,3.52471,14.01329,79941.90000000001,79942.0,0.554,0.02,0.0000125000,-0.0000143000,0.3,553.4
2026-09-05T16:49:33.807+00:00,B_sell_A_buy,-2.5140,-12.9140,79961.0,79962.0,3.52471,14.01329,79941.90000000001,79942.0,0.554,0.02,0.0000125000,-0.0000143000,0.3,553.4
2026-09-05T16:49:34.974+00:00,A_sell_B_buy,2.3764,-8.0236,79961.0,79962.0,3.56851,14.01329,79941.90000000001,79942.0,0.554,0.02,0.0000125000,-0.0000143000,0.3,1721.1
2026-09-05T16:49:34.974+00:00,B_sell_A_buy,-2.5140,-12.9140,79961.0,79962.0,3.56851,14.01329,79941.90000000001,79942.0,0.554,0.02,0.0000125000,-0.0000143000,0.3,1721.1
2026-09-05T16:49:37.898+00:00,A_sell_B_buy,2.3764,-8.0236,79961.0,79962.0,3.55097,13.98488,79941.90000000001,79942.0,0.555,0.02,0.0000125000,-0.0000143000,219.4,0.2
2026-09-05T16:49:37.898+00:00,B_sell_A_buy,-2.5140,-12.9140,79961.0,79962.0,3.55097,13.98488,79941.90000000001,79942.0,0.555,0.02,0.0000125000,-0.0000143000,219.4,0.2
2026-09-05T16:49:38.899+00:00,A_sell_B_buy,2.3764,-8.0236,79961.0,79962.0,7.42523,13.58145,79941.90000000001,79942.0,2.686,0.02,0.0000125000,-0.0000143000,0.3,56.0
2026-09-05T16:49:38.899+00:00,B_sell_A_buy,-2.5140,-12.9140,79961.0,79962.0,7.42523,13.58145,79941.90000000001,79942.0,2.686,0.02,0.0000125000,-0.0000143000,0.3,56.0
2026-09-05T16:49:40.576+00:00,A_sell_B_buy,2.3764,-8.0236,79961.0,79962.0,7.43658,13.50114,79941.90000000001,79942.0,2.686,0.02,0.0000125000,-0.0000143000,0.2,1733.6
2026-09-05T16:49:40.576+00:00,B_sell_A_buy,-2.5140,-12.9140,79961.0,79962.0,7.43658,13.50114,79941.90000000001,79942.0,2.686,0.02,0.0000125000,-0.0000143000,0.2,1733.6
2026-09-05T16:49:41.692+00:00,A_sell_B_buy,2.3764,-8.0236,79961.0,79962.0,7.43541,13.49953,79941.90000000001,79942.0,2.055,0.045,0.0000125000,-0.0000143000,653.1,0.2
2026-09-05T16:49:41.692+00:00,B_sell_A_buy,-2.5140,-12.9140,79961.0,79962.0,7.43541,13.49953,79941.90000000001,79942.0,2.055,0.045,0.0000125000,-0.0000143000,653.1,0.2
2026-09-05T16:49:42.776+00:00,A_sell_B_buy,2.3764,-8.0236,79961.0,79962.0,6.82774,13.98744,79941.90000000001,79942.0,2.055,0.02,0.0000125000,-0.0000143000,0.2,434.8
2026-09-05T16:49:42.776+00:00,B_sell_A_buy,-2.5140,-12.9140,79961.0,79962.0,6.82774,13.98744,79941.90000000001,79942.0,2.055,0.02,0.0000125000,-0.0000143000,0.2,434.8
2026-09-05T16:49:43.850+00:00,A_sell_B_buy,2.3764,-8.0236,79961.0,79962.0,6.6762,13.96868,79941.90000000001,79942.0,2.055,0.02,0.0000125000,-0.0000143000,0.2,1510.0
2026-09-05T16:49:43.850+00:00,B_sell_A_buy,-2.5140,-12.9140,79961.0,79962.0,6.6762,13.96868,79941.90000000001,79942.0,2.055,0.02,0.0000125000,-0.0000143000,0.2,1510.0
2026-09-05T16:49:44.948+00:00,A_sell_B_buy,2.3764,-8.0236,79961.0,79962.0,2.37897,13.96853,79941.90000000001,79942.0,1.572,0.373,0.0000125000,-0.0000143000,0.2,399.9
2026-09-05T16:49:44.948+00:00,B_sell_A_buy,-2.5140,-12.9140,79961.0,79962.0,2.37897,13.96853,79941.90000000001,79942.0,1.572,0.373,0.0000125000,-0.0000143000,0.2,399.9
2026-09-05T16:49:46.017+00:00,A_sell_B_buy,2.3764,-8.0236,79961.0,79962.0,1.36691,15.22116,79941.90000000001,79942.0,1.572,0.398,0.0000125000,-0.0000143000,0.3,524.5
2026-09-05T16:49:46.017+00:00,B_sell_A_buy,-2.5140,-12.9140,79961.0,79962.0,1.36691,15.22116,79941.90000000001,79942.0,1.572,0.398,0.0000125000,-0.0000143000,0.3,524.5
2026-09-05T16:49:47.042+00:00,A_sell_B_buy,2.3764,-8.0236,79961.0,79962.0,1.27891,15.22116,79941.90000000001,79942.0,8.272,0.02,0.0000125000,-0.0000143000,484.3,0.2
2026-09-05T16:49:47.042+00:00,B_sell_A_buy,-2.5140,-12.9140,79961.0,79962.0,1.27891,15.22116,79941.90000000001,79942.0,8.272,0.02,0.0000125000,-0.0000143000,484.3,0.2
2026-09-05T16:49:48.045+00:00,A_sell_B_buy,2.3764,-8.0236,79961.0,79962.0,3.18548,14.40836,79941.90000000001,79942.0,7.826,0.02,0.0000125000,-0.0000143000,259.7,0.1
2026-09-05T16:49:48.045+00:00,B_sell_A_buy,-2.5140,-12.9140,79961.0,79962.0,3.18548,14.40836,79941.90000000001,79942.0,7.826,0.02,0.0000125000,-0.0000143000,259.7,0.1
2026-09-05T16:49:49.047+00:00,A_sell_B_buy,2.3764,-8.0236,79961.0,79962.0,1.96309,14.23467,79941.90000000001,79942.0,7.909,0.02,0.0000125000,-0.0000143000,38.9,0.2
2026-09-05T16:49:49.047+00:00,B_sell_A_buy,-2.5140,-12.9140,79961.0,79962.0,1.96309,14.23467,79941.90000000001,79942.0,7.909,0.02,0.0000125000,-0.0000143000,38.9,0.2
2026-09-05T16:49:50.083+00:00,A_sell_B_buy,2.3764,-8.0236,79961.0,79962.0,3.29534,14.23467,79941.90000000001,79942.0,7.826,0.02,0.0000125000,-0.0000143000,105.4,0.2
2026-09-05T16:49:50.083+00:00,B_sell_A_buy,-2.5140,-12.9140,79961.0,79962.0,3.29534,14.23467,79941.90000000001,79942.0,7.826,0.02,0.0000125000,-0.0000143000,105.4,0.2
2026-09-05T16:49:51.089+00:00,A_sell_B_buy,2.3764,-8.0236,79961.0,79962.0,2.45153,13.7345,79941.90000000001,79942.0,7.826,0.02,0.0000125000,-0.0000143000,155.9,0.3
2026-09-05T16:49:51.089+00:00,B_sell_A_buy,-2.5140,-12.9140,79961.0,79962.0,2.45153,13.7345,79941.90000000001,79942.0,7.826,0.02,0.0000125000,-0.0000143000,155.9,0.3
2026-09-05T16:49:52.106+00:00,A_sell_B_buy,2.3764,-8.0236,79961.0,79962.0,2.18233,14.77511,79941.90000000001,79942.0,7.827,0.02,0.0000125000,-0.0000143000,111.2,0.1
2026-09-05T16:49:52.106+00:00,B_sell_A_buy,-2.5140,-12.9140,79961.0,79962.0,2.18233,14.77511,79941.90000000001,79942.0,7.827,0.02,0.0000125000,-0.0000143000,111.2,0.1
2026-09-05T16:49:53.132+00:00,A_sell_B_buy,2.3764,-8.0236,79961.0,79962.0,2.43859,2.42695,79941.90000000001,79942.0,7.827,0.02,0.0000125000,-0.0000143000,181.6,0.1
2026-09-05T16:49:53.132+00:00,B_sell_A_buy,-2.5140,-12.9140,79961.0,79962.0,2.43859,2.42695,79941.90000000001,79942.0,7.827,0.02,0.0000125000,-0.0000143000,181.6,0.1
2026-09-05T16:49:54.133+00:00,A_sell_B_buy,2.3764,-8.0236,79961.0,79962.0,2.4346,2.34499,79941.90000000001,79942.0,7.827,0.02,0.0000125000,-0.0000143000,443.7,0.1
2026-09-05T16:49:54.133+00:00,B_sell_A_buy,-2.5140,-12.9140,79961.0,79962.0,2.4346,2.34499,79941.90000000001,79942.0,7.827,0.02,0.0000125000,-0.0000143000,443.7,0.1
2026-09-05T16:49:55.142+00:00,A_sell_B_buy,2.3764,-8.0236,79961.0,79962.0,2.4346,2.34516,79941.90000000001,79942.0,7.827,0.02,0.0000125000,-0.0000143000,309.7,0.1
2026-09-05T16:49:55.142+00:00,B_sell_A_buy,-2.5140,-12.9140,79961.0,79962.0,2.4346,2.34516,79941.90000000001,79942.0,7.827,0.02,0.0000125000,-0.0000143000,309.7,0.1
2026-09-05T16:49:56.178+00:00,A_sell_B_buy,2.3764,-8.0236,79961.0,79962.0,1.24213,4.21073,79941.90000000001,79942.0,0.252,0.194,0.0000125000,-0.0000143000,210.5,0.2
2026-09-05T16:49:56.178+00:00,B_sell_A_buy,-2.5140,-12.9140,79961.0,79962.0,1.24213,4.21073,79941.90000000001,79942.0,0.252,0.194,0.0000125000,-0.0000143000,210.5,0.2
2026-09-05T16:49:57.183+00:00,A_sell_B_buy,1.0756,-9.3244,79961.0,79962.0,1.00625,5.37641,79941.90000000001,79952.4,9.545,0.001,0.0000125000,-0.0000143000,127.0,0.1
2026-09-05T16:49:57.183+00:00,B_sell_A_buy,-2.5139,-12.9139,79961.0,79962.0,1.00625,5.37641,79941.90000000001,79952.4,9.545,0.001,0.0000125000,-0.0000143000,127.0,0.1
2026-09-05T16:49:58.289+00:00,A_sell_B_buy,1.0756,-9.3244,79961.0,79962.0,8.81941,1.66402,79952.3,79952.4,0.422,0.024,0.0000125000,-0.0000143000,124.9,0.2
2026-09-05T16:49:58.289+00:00,B_sell_A_buy,-1.2132,-11.6132,79961.0,79962.0,8.81941,1.66402,79952.3,79952.4,0.422,0.024,0.0000125000,-0.0000143000,124.9,0.2
2026-09-05T16:49:59.374+00:00,A_sell_B_buy,1.0255,-9.3745,79961.0,79962.0,9.27333,1.66402,79952.7,79952.8,0.492,0.001,0.0000125000,-0.0000143000,0.2,243.7
2026-09-05T16:49:59.374+00:00,B_sell_A_buy,-1.1631,-11.5631,79961.0,79962.0,9.27333,1.66402,79952.7,79952.8,0.492,0.001,0.0000125000,-0.0000143000,0.2,243.7
2026-09-05T16:50:00.406+00:00,A_sell_B_buy,1.9009,-8.4991,79968.0,79969.0,5.65868,0.0065,79952.7,79952.8,1.993,0.001,0.0000125000,-0.0000143000,0.2,461.5
2026-09-05T16:50:00.406+00:00,B_sell_A_buy,-2.0385,-12.4385,79968.0,79969.0,5.65868,0.0065,79952.7,79952.8,1.993,0.001,0.0000125000,-0.0000143000,0.2,461.5
2026-09-05T16:50:01.885+00:00,A_sell_B_buy,1.9009,-8.4991,79968.0,79969.0,7.66325,2.81803,79952.7,79952.8,2.568,0.001,0.0000125000,-0.0000141700,0.3,1326.1
2026-09-05T16:50:01.885+00:00,B_sell_A_buy,-2.0385,-12.4385,79968.0,79969.0,7.66325,2.81803,79952.7,79952.8,2.568,0.001,0.0000125000,-0.0000141700,0.3,1326.1
2026-09-05T16:50:06.136+00:00,A_sell_B_buy,1.9009,-8.4991,79968.0,79969.0,8.41796,10.63721,79952.7,79952.8,2.568,0.151,0.0000125000,-0.0000141700,57.4,0.2
2026-09-05T16:50:06.136+00:00,B_sell_A_buy,-2.0385,-12.4385,79968.0,79969.0,8.41796,10.63721,79952.7,79952.8,2.568,0.151,0.0000125000,-0.0000141700,57.4,0.2
2026-09-05T16:50:07.143+00:00,A_sell_B_buy,1.9009,-8.4991,79968.0,79969.0,8.28839,10.63064,79952.7,79952.8,8.821,0.001,0.0000125000,-0.0000141700,162.5,0.2
2026-09-05T16:50:07.143+00:00,B_sell_A_buy,-2.0385,-12.4385,79968.0,79969.0,8.28839,10.63064,79952.7,79952.8,8.821,0.001,0.0000125000,-0.0000141700,162.5,0.2
2026-09-05T16:50:08.148+00:00,A_sell_B_buy,1.9009,-8.4991,79968.0,79969.0,8.42138,10.23044,79952.7,79952.8,8.878,0.001,0.0000125000,-0.0000141700,10.9,0.1
2026-09-05T16:50:08.148+00:00,B_sell_A_buy,-2.0385,-12.4385,79968.0,79969.0,8.42138,10.23044,79952.7,79952.8,8.878,0.001,0.0000125000,-0.0000141700,10.9,0.1
2026-09-05T16:50:09.184+00:00,A_sell_B_buy,1.9009,-8.4991,79968.0,79969.0,8.63615,10.23029,79952.7,79952.8,8.822,0.001,0.0000125000,-0.0000141700,598.9,0.2
2026-09-05T16:50:09.184+00:00,B_sell_A_buy,-2.0385,-12.4385,79968.0,79969.0,8.63615,10.23029,79952.7,79952.8,8.822,0.001,0.0000125000,-0.0000141700,598.9,0.2
2026-09-05T16:50:10.189+00:00,A_sell_B_buy,1.9009,-8.4991,79968.0,79969.0,8.63615,10.22393,79952.7,79952.8,8.822,0.001,0.0000125000,-0.0000141700,390.6,0.2
2026-09-05T16:50:10.189+00:00,B_sell_A_buy,-2.0385,-12.4385,79968.0,79969.0,8.63615,10.22393,79952.7,79952.8,8.822,0.001,0.0000125000,-0.0000141700,390.6,0.2
2026-09-05T16:50:11.192+00:00,A_sell_B_buy,1.9009,-8.4991,79968.0,79969.0,8.6123,10.22406,79952.7,79952.8,8.247,0.001,0.0000125000,-0.0000141700,106.7,0.2
2026-09-05T16:50:11.192+00:00,B_sell_A_buy,-2.0385,-12.4385,79968.0,79969.0,8.6123,10.22406,79952.7,79952.8,8.247,0.001,0.0000125000,-0.0000141700,106.7,0.2
2026-09-05T16:50:12.195+00:00,A_sell_B_buy,1.9009,-8.4991,79968.0,79969.0,8.6123,10.19068,79952.7,79952.8,8.247,0.001,0.0000125000,-0.0000141700,143.9,0.1
2026-09-05T16:50:12.195+00:00,B_sell_A_buy,-2.0385,-12.4385,79968.0,79969.0,8.6123,10.19068,79952.7,79952.8,8.247,0.001,0.0000125000,-0.0000141700,143.9,0.1
2026-09-05T16:50:13.239+00:00,A_sell_B_buy,1.9009,-8.4991,79968.0,79969.0,8.55055,10.19081,79952.7,79952.8,8.327,0.001,0.0000125000,-0.0000141700,138.8,0.3
2026-09-05T16:50:13.239+00:00,B_sell_A_buy,-2.0385,-12.4385,79968.0,79969.0,8.55055,10.19081,79952.7,79952.8,8.327,0.001,0.0000125000,-0.0000141700,138.8,0.3
2026-09-05T16:50:14.240+00:00,A_sell_B_buy,1.9009,-8.4991,79968.0,79969.0,8.55055,10.19068,79952.7,79952.8,8.324,0.001,0.0000125000,-0.0000141700,42.3,0.1
2026-09-05T16:50:14.240+00:00,B_sell_A_buy,-2.0385,-12.4385,79968.0,79969.0,8.55055,10.19068,79952.7,79952.8,8.324,0.001,0.0000125000,-0.0000141700,42.3,0.1
2026-09-05T16:50:15.241+00:00,A_sell_B_buy,1.9009,-8.4991,79968.0,79969.0,8.55055,10.19068,79952.7,79952.8,8.246,0.001,0.0000125000,-0.0000141700,1043.0,0.1
2026-09-05T16:50:15.241+00:00,B_sell_A_buy,-2.0385,-12.4385,79968.0,79969.0,8.55055,10.19068,79952.7,79952.8,8.246,0.001,0.0000125000,-0.0000141700,1043.0,0.1
2026-09-05T16:50:16.243+00:00,A_sell_B_buy,1.9009,-8.4991,79968.0,79969.0,8.39775,9.64824,79952.7,79952.8,8.246,0.001,0.0000125000,-0.0000141700,31.3,0.1
2026-09-05T16:50:16.243+00:00,B_sell_A_buy,-2.0385,-12.4385,79968.0,79969.0,8.39775,9.64824,79952.7,79952.8,8.246,0.001,0.0000125000,-0.0000141700,31.3,0.1
2026-09-05T16:50:17.279+00:00,A_sell_B_buy,1.9009,-8.4991,79968.0,79969.0,8.38477,10.14837,79952.7,79952.8,8.247,0.001,0.0000125000,-0.0000141700,149.4,0.1
2026-09-05T16:50:17.279+00:00,B_sell_A_buy,-2.0385,-12.4385,79968.0,79969.0,8.38477,10.14837,79952.7,79952.8,8.247,0.001,0.0000125000,-0.0000141700,149.4,0.1
2026-09-05T16:50:18.293+00:00,A_sell_B_buy,1.9009,-8.4991,79968.0,79969.0,8.37332,10.14634,79952.7,79952.8,8.247,0.001,0.0000125000,-0.0000141700,154.0,0.1
2026-09-05T16:50:18.293+00:00,B_sell_A_buy,-2.0385,-12.4385,79968.0,79969.0,8.37332,10.14634,79952.7,79952.8,8.247,0.001,0.0000125000,-0.0000141700,154.0,0.1
2026-09-05T16:50:19.295+00:00,A_sell_B_buy,1.9009,-8.4991,79968.0,79969.0,9.18544,9.56357,79952.7,79952.8,8.247,0.001,0.0000125000,-0.0000141700,94.1,0.2
2026-09-05T16:50:19.295+00:00,B_sell_A_buy,-2.0385,-12.4385,79968.0,79969.0,9.18544,9.56357,79952.7,79952.8,8.247,0.001,0.0000125000,-0.0000141700,94.1,0.2
2026-09-05T16:50:20.298+00:00,A_sell_B_buy,1.9009,-8.4991,79968.0,79969.0,9.16664,8.85433,79952.7,79952.8,8.316,0.001,0.0000125000,-0.0000141700,76.9,0.2
2026-09-05T16:50:20.298+00:00,B_sell_A_buy,-2.0385,-12.4385,79968.0,79969.0,9.16664,8.85433,79952.7,79952.8,8.316,0.001,0.0000125000,-0.0000141700,76.9,0.2
2026-09-05T16:50:21.307+00:00,A_sell_B_buy,1.9009,-8.4991,79968.0,79969.0,7.84169,9.13446,79952.7,79952.8,8.3,0.001,0.0000125000,-0.0000141700,0.2,13.1
2026-09-05T16:50:21.307+00:00,B_sell_A_buy,-2.0385,-12.4385,79968.0,79969.0,7.84169,9.13446,79952.7,79952.8,8.3,0.001,0.0000125000,-0.0000141700,0.2,13.1
2026-09-05T16:50:22.348+00:00,A_sell_B_buy,1.9009,-8.4991,79968.0,79969.0,8.80977,8.63433,79952.7,79952.8,8.327,0.001,0.0000125000,-0.0000141700,68.4,0.2
2026-09-05T16:50:22.348+00:00,B_sell_A_buy,-2.0385,-12.4385,79968.0,79969.0,8.80977,8.63433,79952.7,79952.8,8.327,0.001,0.0000125000,-0.0000141700,68.4,0.2
2026-09-05T16:50:23.434+00:00,A_sell_B_buy,1.9009,-8.4991,79968.0,79969.0,0.90705,11.79923,79952.7,79952.8,0.001,3.15,0.0000125000,-0.0000141700,0.2,289.9
2026-09-05T16:50:23.434+00:00,B_sell_A_buy,-2.0385,-12.4385,79968.0,79969.0,0.90705,11.79923,79952.7,79952.8,0.001,3.15,0.0000125000,-0.0000141700,0.2,289.9
2026-09-05T16:50:24.640+00:00,A_sell_B_buy,1.9009,-8.4991,79968.0,79969.0,0.71546,13.05497,79952.7,79952.8,0.001,3.299,0.0000125000,-0.0000141700,224.9,0.3
2026-09-05T16:50:24.640+00:00,B_sell_A_buy,-2.0385,-12.4385,79968.0,79969.0,0.71546,13.05497,79952.7,79952.8,0.001,3.299,0.0000125000,-0.0000141700,224.9,0.3
2026-09-05T16:50:25.734+00:00,A_sell_B_buy,1.9009,-8.4991,79968.0,79969.0,0.71546,13.43012,79952.7,79952.8,0.001,3.15,0.0000125000,-0.0000141700,0.3,194.1
2026-09-05T16:50:25.734+00:00,B_sell_A_buy,-2.0385,-12.4385,79968.0,79969.0,0.71546,13.43012,79952.7,79952.8,0.001,3.15,0.0000125000,-0.0000141700,0.3,194.1
2026-09-05T16:50:26.744+00:00,A_sell_B_buy,1.9009,-8.4991,79968.0,79969.0,2.44386,12.00338,79952.7,79952.8,0.211,2.397,0.0000125000,-0.0000141700,0.2,197.5
2026-09-05T16:50:26.744+00:00,B_sell_A_buy,-2.0385,-12.4385,79968.0,79969.0,2.44386,12.00338,79952.7,79952.8,0.211,2.397,0.0000125000,-0.0000141700,0.2,197.5
2026-09-05T16:50:27.748+00:00,A_sell_B_buy,1.9009,-8.4991,79968.0,79969.0,2.3186,12.10899,79952.7,79952.8,0.211,2.176,0.0000125000,-0.0000141700,0.2,5.8
2026-09-05T16:50:27.748+00:00,B_sell_A_buy,-2.0385,-12.4385,79968.0,79969.0,2.3186,12.10899,79952.7,79952.8,0.211,2.176,0.0000125000,-0.0000141700,0.2,5.8
2026-09-05T16:50:28.791+00:00,A_sell_B_buy,1.9009,-8.4991,79968.0,79969.0,4.35647,10.60558,79952.7,79952.8,0.522,0.001,0.0000125000,-0.0000141700,199.5,0.2
2026-09-05T16:50:28.791+00:00,B_sell_A_buy,-2.0385,-12.4385,79968.0,79969.0,4.35647,10.60558,79952.7,79952.8,0.522,0.001,0.0000125000,-0.0000141700,199.5,0.2
2026-09-05T16:50:29.819+00:00,A_sell_B_buy,1.9009,-8.4991,79968.0,79969.0,5.9272,10.0669,79952.7,79952.8,0.522,0.001,0.0000125000,-0.0000141700,0.2,334.2
2026-09-05T16:50:29.819+00:00,B_sell_A_buy,-2.0385,-12.4385,79968.0,79969.0,5.9272,10.0669,79952.7,79952.8,0.522,0.001,0.0000125000,-0.0000141700,0.2,334.2
2026-09-05T16:50:31.021+00:00,A_sell_B_buy,1.9009,-8.4991,79968.0,79969.0,6.26771,10.0669,79952.7,79952.8,0.522,0.001,0.0000125000,-0.0000141700,0.3,1536.0
2026-09-05T16:50:31.021+00:00,B_sell_A_buy,-2.0385,-12.4385,79968.0,79969.0,6.26771,10.0669,79952.7,79952.8,0.522,0.001,0.0000125000,-0.0000141700,0.3,1536.0
2026-09-05T16:50:32.125+00:00,A_sell_B_buy,1.9009,-8.4991,79968.0,79969.0,4.24458,10.57438,79952.7,79952.8,0.522,0.151,0.0000125000,-0.0000141700,0.3,285.7
2026-09-05T16:50:32.125+00:00,B_sell_A_buy,-2.0385,-12.4385,79968.0,79969.0,4.24458,10.57438,79952.7,79952.8,0.522,0.151,0.0000125000,-0.0000141700,0.3,285.7
2026-09-05T16:50:33.166+00:00,A_sell_B_buy,1.9009,-8.4991,79968.0,79969.0,4.78314,10.57438,79952.7,79952.8,2.022,0.151,0.0000125000,-0.0000141700,0.2,120.3
2026-09-05T16:50:33.166+00:00,B_sell_A_buy,-2.0385,-12.4385,79968.0,79969.0,4.78314,10.57438,79952.7,79952.8,2.022,0.151,0.0000125000,-0.0000141700,0.2,120.3
2026-09-05T16:50:34.288+00:00,A_sell_B_buy,1.9009,-8.4991,79968.0,79969.0,5.71315,9.81452,79952.7,79952.8,2.022,0.001,0.0000125000,-0.0000141700,0.3,1055.3
2026-09-05T16:50:34.288+00:00,B_sell_A_buy,-2.0385,-12.4385,79968.0,79969.0,5.71315,9.81452,79952.7,79952.8,2.022,0.001,0.0000125000,-0.0000141700,0.3,1055.3
2026-09-05T16:50:36.043+00:00,A_sell_B_buy,1.9009,-8.4991,79968.0,79969.0,6.0756,9.81349,79952.7,79952.8,2.652,0.001,0.0000125000,-0.0000141700,13.8,0.2
2026-09-05T16:50:36.043+00:00,B_sell_A_buy,-2.0385,-12.4385,79968.0,79969.0,6.0756,9.81349,79952.7,79952.8,2.652,0.001,0.0000125000,-0.0000141700,13.8,0.2
2026-09-05T16:50:37.374+00:00,A_sell_B_buy,1.9009,-8.4991,79968.0,79969.0,6.1734,9.55604,79952.7,79952.8,2.652,0.001,0.0000125000,-0.0000141700,0.3,1331.4
2026-09-05T16:50:37.374+00:00,B_sell_A_buy,-2.0385,-12.4385,79968.0,79969.0,6.1734,9.55604,79952.7,79952.8,2.652,0.001,0.0000125000,-0.0000141700,0.3,1331.4
2026-09-05T16:50:39.946+00:00,A_sell_B_buy,1.9009,-8.4991,79968.0,79969.0,6.1734,9.30272,79952.7,79952.8,2.652,0.001,0.0000125000,-0.0000141700,218.4,0.2
2026-09-05T16:50:39.946+00:00,B_sell_A_buy,-2.0385,-12.4385,79968.0,79969.0,6.1734,9.30272,79952.7,79952.8,2.652,0.001,0.0000125000,-0.0000141700,218.4,0.2
2026-09-05T16:50:41.022+00:00,A_sell_B_buy,1.9009,-8.4991,79968.0,79969.0,6.16715,8.20419,79952.7,79952.8,3.228,0.001,0.0000125000,-0.0000141700,0.3,131.4
2026-09-05T16:50:41.022+00:00,B_sell_A_buy,-2.0385,-12.4385,79968.0,79969.0,6.16715,8.20419,79952.7,79952.8,3.228,0.001,0.0000125000,-0.0000141700,0.3,131.4
2026-09-05T16:50:42.164+00:00,A_sell_B_buy,1.9009,-8.4991,79968.0,79969.0,6.16085,7.76419,79952.7,79952.8,2.652,0.001,0.0000125000,-0.0000141700,0.2,169.4
2026-09-05T16:50:42.164+00:00,B_sell_A_buy,-2.0385,-12.4385,79968.0,79969.0,6.16085,7.76419,79952.7,79952.8,2.652,0.001,0.0000125000,-0.0000141700,0.2,169.4
2026-09-05T16:50:43.407+00:00,A_sell_B_buy,1.9009,-8.4991,79968.0,79969.0,6.16715,8.20236,79952.7,79952.8,2.022,0.001,0.0000125000,-0.0000141700,0.3,563.5
2026-09-05T16:50:43.407+00:00,B_sell_A_buy,-2.0385,-12.4385,79968.0,79969.0,6.16715,8.20236,79952.7,79952.8,2.022,0.001,0.0000125000,-0.0000141700,0.3,563.5
2026-09-05T16:50:44.479+00:00,A_sell_B_buy,1.9009,-8.4991,79968.0,79969.0,8.0457,8.20236,79952.7,79952.8,11.668,0.001,0.0000125000,-0.0000141700,0.2,91.7
2026-09-05T16:50:44.479+00:00,B_sell_A_buy,-2.0385,-12.4385,79968.0,79969.0,8.0457,8.20236,79952.7,79952.8,11.668,0.001,0.0000125000,-0.0000141700,0.2,91.7
2026-09-05T16:50:45.502+00:00,A_sell_B_buy,1.9009,-8.4991,79968.0,79969.0,8.0377,8.20236,79952.7,79952.8,12.338,0.001,0.0000125000,-0.0000141700,293.8,0.2
2026-09-05T16:50:45.502+00:00,B_sell_A_buy,-2.0385,-12.4385,79968.0,79969.0,8.0377,8.20236,79952.7,79952.8,12.338,0.001,0.0000125000,-0.0000141700,293.8,0.2
2026-09-05T16:50:46.535+00:00,A_sell_B_buy,1.9009,-8.4991,79968.0,79969.0,6.16399,8.20218,79952.7,79952.8,12.298,0.001,0.0000125000,-0.0000141700,116.3,0.1
2026-09-05T16:50:46.535+00:00,B_sell_A_buy,-2.0385,-12.4385,79968.0,79969.0,6.16399,8.20218,79952.7,79952.8,12.298,0.001,0.0000125000,-0.0000141700,116.3,0.1
2026-09-05T16:50:47.585+00:00,A_sell_B_buy,1.9009,-8.4991,79968.0,79969.0,6.16399,8.20218,79952.7,79952.8,12.354,0.001,0.0000125000,-0.0000141700,1165.4,0.2
2026-09-05T16:50:47.585+00:00,B_sell_A_buy,-2.0385,-12.4385,79968.0,79969.0,6.16399,8.20218,79952.7,79952.8,12.354,0.001,0.0000125000,-0.0000141700,1165.4,0.2
2026-09-05T16:50:48.587+00:00,A_sell_B_buy,1.9009,-8.4991,79968.0,79969.0,6.14627,8.18611,79952.7,79952.8,11.667,0.001,0.0000125000,-0.0000141700,353.8,0.2
2026-09-05T16:50:48.587+00:00,B_sell_A_buy,-2.0385,-12.4385,79968.0,79969.0,6.14627,8.18611,79952.7,79952.8,11.667,0.001,0.0000125000,-0.0000141700,353.8,0.2
2026-09-05T16:50:49.683+00:00,A_sell_B_buy,1.9009,-8.4991,79968.0,79969.0,6.14627,8.10334,79952.7,79952.8,11.741,0.001,0.0000125000,-0.0000141700,757.2,0.3
2026-09-05T16:50:49.683+00:00,B_sell_A_buy,-2.0385,-12.4385,79968.0,79969.0,6.14627,8.10334,79952.7,79952.8,11.741,0.001,0.0000125000,-0.0000141700,757.2,0.3
2026-09-05T16:50:50.700+00:00,A_sell_B_buy,1.9009,-8.4991,79968.0,79969.0,6.14627,7.89623,79952.7,79952.8,11.667,0.001,0.0000125000,-0.0000141700,947.1,0.2
2026-09-05T16:50:50.700+00:00,B_sell_A_buy,-2.0385,-12.4385,79968.0,79969.0,6.14627,7.89623,79952.7,79952.8,11.667,0.001,0.0000125000,-0.0000141700,947.1,0.2
2026-09-05T16:50:51.734+00:00,A_sell_B_buy,1.9009,-8.4991,79968.0,79969.0,6.14627,7.83731,79952.7,79952.8,11.667,0.001,0.0000125000,-0.0000141700,349.9,0.2
2026-09-05T16:50:51.734+00:00,B_sell_A_buy,-2.0385,-12.4385,79968.0,79969.0,6.14627,7.83731,79952.7,79952.8,11.667,0.001,0.0000125000,-0.0000141700,349.9,0.2
2026-09-05T16:50:52.794+00:00,A_sell_B_buy,1.9009,-8.4991,79968.0,79969.0,5.72122,8.58625,79952.7,79952.8,7.769,0.001,0.0000125000,-0.0000141700,304.1,0.2
2026-09-05T16:50:52.794+00:00,B_sell_A_buy,-2.0385,-12.4385,79968.0,79969.0,5.72122,8.58625,79952.7,79952.8,7.769,0.001,0.0000125000,-0.0000141700,304.1,0.2
2026-09-05T16:50:53.795+00:00,A_sell_B_buy,1.9009,-8.4991,79968.0,79969.0,6.04569,8.50307,79952.7,79952.8,7.105,0.001,0.0000125000,-0.0000141700,17.8,0.1
2026-09-05T16:50:53.795+00:00,B_sell_A_buy,-2.0385,-12.4385,79968.0,79969.0,6.04569,8.50307,79952.7,79952.8,7.105,0.001,0.0000125000,-0.0000141700,17.8,0.1
2026-09-05T16:50:54.848+00:00,A_sell_B_buy,1.9009,-8.4991,79968.0,79969.0,6.04569,7.75289,79952.7,79952.8,7.157,0.001,0.0000125000,-0.0000141700,775.6,0.1
2026-09-05T16:50:54.848+00:00,B_sell_A_buy,-2.0385,-12.4385,79968.0,79969.0,6.04569,7.75289,79952.7,79952.8,7.157,0.001,0.0000125000,-0.0000141700,775.6,0.1
2026-09-05T16:50:55.883+00:00,A_sell_B_buy,1.9009,-8.4991,79968.0,79969.0,6.04569,7.9781,79952.7,79952.8,8.604,0.001,0.0000125000,-0.0000141700,206.3,0.2
2026-09-05T16:50:55.883+00:00,B_sell_A_buy,-2.0385,-12.4385,79968.0,79969.0,6.04569,7.9781,79952.7,79952.8,8.604,0.001,0.0000125000,-0.0000141700,206.3,0.2
2026-09-05T16:50:56.893+00:00,A_sell_B_buy,1.9009,-8.4991,79968.0,79969.0,3.57945,8.99657,79952.7,79952.8,8.676,0.001,0.0000125000,-0.0000141700,119.2,0.3
2026-09-05T16:50:56.893+00:00,B_sell_A_buy,-2.0385,-12.4385,79968.0,79969.0,3.57945,8.99657,79952.7,79952.8,8.676,0.001,0.0000125000,-0.0000141700,119.2,0.3
2026-09-05T16:50:57.895+00:00,A_sell_B_buy,1.9009,-8.4991,79968.0,79969.0,4.62605,8.57334,79952.7,79952.8,8.676,0.001,0.0000125000,-0.0000141700,27.7,0.3
2026-09-05T16:50:57.895+00:00,B_sell_A_buy,-2.0385,-12.4385,79968.0,79969.0,4.62605,8.57334,79952.7,79952.8,8.676,0.001,0.0000125000,-0.0000141700,27.7,0.3
2026-09-05T16:50:58.933+00:00,A_sell_B_buy,1.9009,-8.4991,79968.0,79969.0,5.76272,8.82339,79952.7,79952.8,8.677,0.001,0.0000125000,-0.0000141700,215.3,0.1
2026-09-05T16:50:58.933+00:00,B_sell_A_buy,-2.0385,-12.4385,79968.0,79969.0,5.76272,8.82339,79952.7,79952.8,8.677,0.001,0.0000125000,-0.0000141700,215.3,0.1
2026-09-05T16:51:00.028+00:00,A_sell_B_buy,1.9009,-8.4991,79968.0,79969.0,1.25683,9.17173,79952.7,79952.8,0.046,0.306,0.0000125000,-0.0000141700,0.3,99.5
2026-09-05T16:51:00.028+00:00,B_sell_A_buy,-2.0385,-12.4385,79968.0,79969.0,1.25683,9.17173,79952.7,79952.8,0.046,0.306,0.0000125000,-0.0000141700,0.3,99.5
2026-09-05T16:51:01.042+00:00,A_sell_B_buy,2.6514,-7.7486,79968.0,79969.0,0.00583,14.54143,79946.7,79946.8,0.315,0.173,0.0000125000,-0.0000137700,104.8,0.1
2026-09-05T16:51:01.042+00:00,B_sell_A_buy,-2.7890,-13.1890,79968.0,79969.0,0.00583,14.54143,79946.7,79946.8,0.315,0.173,0.0000125000,-0.0000137700,104.8,0.1
2026-09-05T16:51:02.207+00:00,A_sell_B_buy,2.2011,-8.1989,79968.0,79969.0,2.07017,10.3648,79950.3,79950.4,0.346,0.059,0.0000125000,-0.0000137700,0.2,307.7
2026-09-05T16:51:02.207+00:00,B_sell_A_buy,-2.3387,-12.7387,79968.0,79969.0,2.07017,10.3648,79950.3,79950.4,0.346,0.059,0.0000125000,-0.0000137700,0.2,307.7
2026-09-05T16:51:03.227+00:00,A_sell_B_buy,2.2011,-8.1989,79968.0,79969.0,0.68716,11.10381,79950.3,79950.4,0.366,0.059,0.0000125000,-0.0000137700,0.2,541.3
2026-09-05T16:51:03.227+00:00,B_sell_A_buy,-2.3387,-12.7387,79968.0,79969.0,0.68716,11.10381,79950.3,79950.4,0.366,0.059,0.0000125000,-0.0000137700,0.2,541.3
2026-09-05T16:51:04.621+00:00,A_sell_B_buy,2.2011,-8.1989,79968.0,79969.0,1.97974,10.92526,79950.3,79950.4,0.366,0.06,0.0000125000,-0.0000137700,0.3,939.4
2026-09-05T16:51:04.621+00:00,B_sell_A_buy,-2.3387,-12.7387,79968.0,79969.0,1.97974,10.92526,79950.3,79950.4,0.366,0.06,0.0000125000,-0.0000137700,0.3,939.4
2026-09-05T16:51:06.030+00:00,A_sell_B_buy,2.2011,-8.1989,79968.0,79969.0,0.73053,10.87905,79950.3,79950.4,0.366,0.037,0.0000125000,-0.0000137700,36.5,0.2
2026-09-05T16:51:06.030+00:00,B_sell_A_buy,-2.3387,-12.7387,79968.0,79969.0,0.73053,10.87905,79950.3,79950.4,0.366,0.037,0.0000125000,-0.0000137700,36.5,0.2
2026-09-05T16:51:07.146+00:00,A_sell_B_buy,2.2011,-8.1989,79968.0,79969.0,0.0791,11.12776,79950.3,79950.4,0.344,0.06,0.0000125000,-0.0000137700,0.3,202.9
2026-09-05T16:51:07.146+00:00,B_sell_A_buy,-2.3387,-12.7387,79968.0,79969.0,0.0791,11.12776,79950.3,79950.4,0.344,0.06,0.0000125000,-0.0000137700,0.3,202.9
2026-09-05T16:51:08.214+00:00,A_sell_B_buy,2.2011,-8.1989,79968.0,79969.0,0.22406,10.96656,79950.3,79950.4,0.344,0.06,0.0000125000,-0.0000137700,0.2,1270.8
2026-09-05T16:51:08.214+00:00,B_sell_A_buy,-2.3387,-12.7387,79968.0,79969.0,0.22406,10.96656,79950.3,79950.4,0.344,0.06,0.0000125000,-0.0000137700,0.2,1270.8
2026-09-05T16:51:09.556+00:00,A_sell_B_buy,2.0760,-8.3240,79968.0,79969.0,1.56641,10.97086,79950.3,79951.4,0.344,2.104,0.0000125000,-0.0000137700,320.6,0.2
2026-09-05T16:51:09.556+00:00,B_sell_A_buy,-2.3387,-12.7387,79968.0,79969.0,1.56641,10.97086,79950.3,79951.4,0.344,2.104,0.0000125000,-0.0000137700,320.6,0.2
2026-09-05T16:51:10.691+00:00,A_sell_B_buy,2.0760,-8.3240,79968.0,79969.0,0.719,10.53063,79951.3,79951.4,0.332,0.132,0.0000125000,-0.0000137700,0.3,599.5
2026-09-05T16:51:10.691+00:00,B_sell_A_buy,-2.2136,-12.6136,79968.0,79969.0,0.719,10.53063,79951.3,79951.4,0.332,0.132,0.0000125000,-0.0000137700,0.3,599.5
2026-09-05T16:51:11.701+00:00,A_sell_B_buy,2.0760,-8.3240,79968.0,79969.0,0.22388,10.50951,79951.3,79951.4,0.332,0.213,0.0000125000,-0.0000137700,0.3,354.1
2026-09-05T16:51:11.701+00:00,B_sell_A_buy,-2.2136,-12.6136,79968.0,79969.0,0.22388,10.50951,79951.3,79951.4,0.332,0.213,0.0000125000,-0.0000137700,0.3,354.1
2026-09-05T16:51:12.888+00:00,A_sell_B_buy,2.0760,-8.3240,79968.0,79969.0,0.22388,10.6054,79951.3,79951.4,0.333,0.213,0.0000125000,-0.0000137700,0.3,788.0
2026-09-05T16:51:12.888+00:00,B_sell_A_buy,-2.2136,-12.6136,79968.0,79969.0,0.22388,10.6054,79951.3,79951.4,0.333,0.213,0.0000125000,-0.0000137700,0.3,788.0
2026-09-05T16:51:13.894+00:00,A_sell_B_buy,2.0760,-8.3240,79968.0,79969.0,0.694,11.31782,79951.3,79951.4,0.333,0.965,0.0000125000,-0.0000137700,56.4,0.3
2026-09-05T16:51:13.894+00:00,B_sell_A_buy,-2.2136,-12.6136,79968.0,79969.0,0.694,11.31782,79951.3,79951.4,0.333,0.965,0.0000125000,-0.0000137700,56.4,0.3
2026-09-05T16:51:14.940+00:00,A_sell_B_buy,2.0760,-8.3240,79968.0,79969.0,0.01175,11.79907,79951.3,79951.4,0.045,2.998,0.0000125000,-0.0000137700,0.3,257.0
2026-09-05T16:51:14.940+00:00,B_sell_A_buy,-2.2136,-12.6136,79968.0,79969.0,0.01175,11.79907,79951.3,79951.4,0.045,2.998,0.0000125000,-0.0000137700,0.3,257.0
2026-09-05T16:51:16.097+00:00,A_sell_B_buy,2.0760,-8.3240,79968.0,79969.0,0.01175,11.19865,79951.3,79951.4,0.045,2.999,0.0000125000,-0.0000137700,369.5,0.2
2026-09-05T16:51:16.097+00:00,B_sell_A_buy,-2.2136,-12.6136,79968.0,79969.0,0.01175,11.19865,79951.3,79951.4,0.045,2.999,0.0000125000,-0.0000137700,369.5,0.2
2026-09-05T16:51:17.438+00:00,A_sell_B_buy,2.0760,-8.3240,79968.0,79969.0,0.0231,11.19197,79951.3,79951.4,0.045,2.397,0.0000125000,-0.0000137700,384.1,0.3
2026-09-05T16:51:17.438+00:00,B_sell_A_buy,-2.2136,-12.6136,79968.0,79969.0,0.0231,11.19197,79951.3,79951.4,0.045,2.397,0.0000125000,-0.0000137700,384.1,0.3
2026-09-05T16:51:18.588+00:00,A_sell_B_buy,2.0760,-8.3240,79968.0,79969.0,0.02288,10.81682,79951.3,79951.4,0.045,2.246,0.0000125000,-0.0000137700,418.8,0.2
2026-09-05T16:51:18.588+00:00,B_sell_A_buy,-2.2136,-12.6136,79968.0,79969.0,0.02288,10.81682,79951.3,79951.4,0.045,2.246,0.0000125000,-0.0000137700,418.8,0.2
2026-09-05T16:51:19.593+00:00,A_sell_B_buy,2.0760,-8.3240,79968.0,79969.0,0.02288,10.51335,79951.3,79951.4,0.045,2.396,0.0000125000,-0.0000137700,401.2,0.2
2026-09-05T16:51:19.593+00:00,B_sell_A_buy,-2.2136,-12.6136,79968.0,79969.0,0.02288,10.51335,79951.3,79951.4,0.045,2.396,0.0000125000,-0.0000137700,401.2,0.2
2026-09-05T16:51:20.638+00:00,A_sell_B_buy,2.0760,-8.3240,79968.0,79969.0,0.01659,10.8885,79951.3,79951.4,0.252,2.999,0.0000125000,-0.0000137700,116.5,0.3
2026-09-05T16:51:20.638+00:00,B_sell_A_buy,-2.2136,-12.6136,79968.0,79969.0,0.01659,10.8885,79951.3,79951.4,0.252,2.999,0.0000125000,-0.0000137700,116.5,0.3
2026-09-05T16:51:21.692+00:00,A_sell_B_buy,2.0760,-8.3240,79968.0,79969.0,0.01272,10.8844,79951.3,79951.4,0.045,3.149,0.0000125000,-0.0000137700,431.1,0.2
2026-09-05T16:51:21.692+00:00,B_sell_A_buy,-2.2136,-12.6136,79968.0,79969.0,0.01272,10.8844,79951.3,79951.4,0.045,3.149,0.0000125000,-0.0000137700,431.1,0.2
2026-09-05T16:51:23.008+00:00,A_sell_B_buy,2.0760,-8.3240,79968.0,79969.0,0.01272,10.8853,79951.3,79951.4,0.045,3.149,0.0000125000,-0.0000137700,0.3,1316.3
2026-09-05T16:51:23.008+00:00,B_sell_A_buy,-2.2136,-12.6136,79968.0,79969.0,0.01272,10.8853,79951.3,79951.4,0.045,3.149,0.0000125000,-0.0000137700,0.3,1316.3
2026-09-05T16:51:24.088+00:00,A_sell_B_buy,1.2007,-9.1993,79961.0,79962.0,1.73103,2.14167,79951.3,79951.4,0.045,3.149,0.0000125000,-0.0000137700,0.3,354.6
2026-09-05T16:51:24.088+00:00,B_sell_A_buy,-1.3382,-11.7382,79961.0,79962.0,1.73103,2.14167,79951.3,79951.4,0.045,3.149,0.0000125000,-0.0000137700,0.3,354.6
2026-09-05T16:51:25.146+00:00,A_sell_B_buy,1.2007,-9.1993,79961.0,79962.0,5.0818,2.81472,79951.3,79951.4,0.286,2.396,0.0000125000,-0.0000137700,0.2,101.2
2026-09-05T16:51:25.146+00:00,B_sell_A_buy,-1.3382,-11.7382,79961.0,79962.0,5.0818,2.81472,79951.3,79951.4,0.286,2.396,0.0000125000,-0.0000137700,0.2,101.2
2026-09-05T16:51:26.377+00:00,A_sell_B_buy,1.2007,-9.1993,79961.0,79962.0,4.99617,2.5783,79951.3,79951.4,0.286,2.247,0.0000125000,-0.0000137700,0.3,941.6
2026-09-05T16:51:26.377+00:00,B_sell_A_buy,-1.3382,-11.7382,79961.0,79962.0,4.99617,2.5783,79951.3,79951.4,0.286,2.247,0.0000125000,-0.0000137700,0.3,941.6
2026-09-05T16:51:27.441+00:00,A_sell_B_buy,1.2007,-9.1993,79961.0,79962.0,4.61389,3.32427,79951.3,79951.4,0.286,3.148,0.0000125000,-0.0000137700,129.8,0.2
2026-09-05T16:51:27.441+00:00,B_sell_A_buy,-1.3382,-11.7382,79961.0,79962.0,4.61389,3.32427,79951.3,79951.4,0.286,3.148,0.0000125000,-0.0000137700,129.8,0.2
2026-09-05T16:51:28.489+00:00,A_sell_B_buy,1.2007,-9.1993,79961.0,79962.0,5.30838,3.32427,79951.3,79951.4,0.286,3.149,0.0000125000,-0.0000137700,0.3,950.3
2026-09-05T16:51:28.489+00:00,B_sell_A_buy,-1.3382,-11.7382,79961.0,79962.0,5.30838,3.32427,79951.3,79951.4,0.286,3.149,0.0000125000,-0.0000137700,0.3,950.3
2026-09-05T16:51:29.492+00:00,A_sell_B_buy,2.9519,-7.4481,79961.0,79962.0,1.89275,4.09494,79937.3,79937.40000000001,0.012,0.008,0.0000125000,-0.0000137700,153.3,0.2
2026-09-05T16:51:29.492+00:00,B_sell_A_buy,-3.0895,-13.4895,79961.0,79962.0,1.89275,4.09494,79937.3,79937.40000000001,0.012,0.008,0.0000125000,-0.0000137700,153.3,0.2
2026-09-05T16:51:30.550+00:00,A_sell_B_buy,2.9519,-7.4481,79961.0,79962.0,0.13001,10.20961,79937.3,79937.40000000001,0.265,0.266,0.0000125000,-0.0000137700,143.2,0.2
2026-09-05T16:51:30.550+00:00,B_sell_A_buy,-3.0895,-13.4895,79961.0,79962.0,0.13001,10.20961,79937.3,79937.40000000001,0.265,0.266,0.0000125000,-0.0000137700,143.2,0.2
2026-09-05T16:51:31.590+00:00,A_sell_B_buy,3.2271,-7.1729,79961.0,79962.0,0.13001,10.99226,79935.1,79935.2,1.309,0.745,0.0000125000,-0.0000137700,178.7,0.2
2026-09-05T16:51:31.590+00:00,B_sell_A_buy,-3.3647,-13.7647,79961.0,79962.0,0.13001,10.99226,79935.1,79935.2,1.309,0.745,0.0000125000,-0.0000137700,178.7,0.2
2026-09-05T16:51:32.601+00:00,A_sell_B_buy,3.2271,-7.1729,79961.0,79962.0,0.13001,11.03333,79935.1,79935.2,1.309,2.244,0.0000125000,-0.0000137700,21.6,0.1
2026-09-05T16:51:32.601+00:00,B_sell_A_buy,-3.3647,-13.7647,79961.0,79962.0,0.13001,11.03333,79935.1,79935.2,1.309,2.244,0.0000125000,-0.0000137700,21.6,0.1
2026-09-05T16:51:33.631+00:00,A_sell_B_buy,3.5899,-6.8101,79961.0,79962.0,0.13015,11.78323,79932.2,79932.3,0.289,2.806,0.0000125000,-0.0000137700,37.3,0.2
2026-09-05T16:51:33.631+00:00,B_sell_A_buy,-3.7275,-14.1275,79961.0,79962.0,0.13015,11.78323,79932.2,79932.3,0.289,2.806,0.0000125000,-0.0000137700,37.3,0.2
2026-09-05T16:51:34.716+00:00,A_sell_B_buy,3.5899,-6.8101,79961.0,79962.0,0.04732,12.58848,79932.2,79932.3,0.277,2.848,0.0000125000,-0.0000137700,0.3,676.4
2026-09-05T16:51:34.716+00:00,B_sell_A_buy,-3.7275,-14.1275,79961.0,79962.0,0.04732,12.58848,79932.2,79932.3,0.277,2.848,0.0000125000,-0.0000137700,0.3,676.4
2026-09-05T16:51:35.783+00:00,A_sell_B_buy,3.5899,-6.8101,79961.0,79962.0,0.04732,12.0872,79932.2,79932.3,0.231,4.35,0.0000125000,-0.0000137700,0.2,191.0
2026-09-05T16:51:35.783+00:00,B_sell_A_buy,-3.7275,-14.1275,79961.0,79962.0,0.04732,12.0872,79932.2,79932.3,0.231,4.35,0.0000125000,-0.0000137700,0.2,191.0
2026-09-05T16:51:36.837+00:00,A_sell_B_buy,3.5899,-6.8101,79961.0,79962.0,0.04732,17.85067,79932.2,79932.3,0.277,0.001,0.0000125000,-0.0000137700,127.6,0.2
2026-09-05T16:51:36.837+00:00,B_sell_A_buy,-3.7275,-14.1275,79961.0,79962.0,0.04732,17.85067,79932.2,79932.3,0.277,0.001,0.0000125000,-0.0000137700,127.6,0.2
2026-09-05T16:51:38.451+00:00,A_sell_B_buy,3.5899,-6.8101,79961.0,79962.0,0.03214,17.86023,79932.2,79932.3,0.277,0.359,0.0000125000,-0.0000137700,752.0,0.2
2026-09-05T16:51:38.451+00:00,B_sell_A_buy,-3.7275,-14.1275,79961.0,79962.0,0.03214,17.86023,79932.2,79932.3,0.277,0.359,0.0000125000,-0.0000137700,752.0,0.2
2026-09-05T16:51:39.895+00:00,A_sell_B_buy,3.5899,-6.8101,79961.0,79962.0,0.03214,17.85994,79932.2,79932.3,0.277,0.209,0.0000125000,-0.0000137700,0.4,904.4
2026-09-05T16:51:39.895+00:00,B_sell_A_buy,-3.7275,-14.1275,79961.0,79962.0,0.03214,17.85994,79932.2,79932.3,0.277,0.209,0.0000125000,-0.0000137700,0.4,904.4
2026-09-05T16:51:41.529+00:00,A_sell_B_buy,3.5899,-6.8101,79961.0,79962.0,0.03044,17.85994,79932.2,79932.3,0.277,0.001,0.0000125000,-0.0000137700,0.3,1634.3
2026-09-05T16:51:41.529+00:00,B_sell_A_buy,-3.7275,-14.1275,79961.0,79962.0,0.03044,17.85994,79932.2,79932.3,0.277,0.001,0.0000125000,-0.0000137700,0.3,1634.3
2026-09-05T16:51:43.242+00:00,A_sell_B_buy,3.5899,-6.8101,79961.0,79962.0,0.03044,17.84794,79932.2,79932.3,0.492,0.001,0.0000125000,-0.0000137700,371.8,0.2
2026-09-05T16:51:43.242+00:00,B_sell_A_buy,-3.7275,-14.1275,79961.0,79962.0,0.03044,17.84794,79932.2,79932.3,0.492,0.001,0.0000125000,-0.0000137700,371.8,0.2
2026-09-05T16:51:44.514+00:00,A_sell_B_buy,3.5899,-6.8101,79961.0,79962.0,0.03044,17.47276,79932.2,79932.3,0.492,0.001,0.0000125000,-0.0000137700,0.3,1272.5
2026-09-05T16:51:44.514+00:00,B_sell_A_buy,-3.7275,-14.1275,79961.0,79962.0,0.03044,17.47276,79932.2,79932.3,0.492,0.001,0.0000125000,-0.0000137700,0.3,1272.5
2026-09-05T16:51:48.694+00:00,A_sell_B_buy,3.5899,-6.8101,79961.0,79962.0,0.03029,16.81715,79932.2,79932.3,1.993,0.001,0.0000125000,-0.0000137700,5.9,0.2
2026-09-05T16:51:48.694+00:00,B_sell_A_buy,-3.7275,-14.1275,79961.0,79962.0,0.03029,16.81715,79932.2,79932.3,1.993,0.001,0.0000125000,-0.0000137700,5.9,0.2
2026-09-05T16:51:50.057+00:00,A_sell_B_buy,3.5899,-6.8101,79961.0,79962.0,0.03029,17.3602,79932.2,79932.3,1.993,0.001,0.0000125000,-0.0000137700,0.3,1364.3
2026-09-05T16:51:50.057+00:00,B_sell_A_buy,-3.7275,-14.1275,79961.0,79962.0,0.03029,17.3602,79932.2,79932.3,1.993,0.001,0.0000125000,-0.0000137700,0.3,1364.3
2026-09-05T16:51:51.144+00:00,A_sell_B_buy,3.5899,-6.8101,79961.0,79962.0,0.02831,17.74103,79932.2,79932.3,1.993,0.151,0.0000125000,-0.0000137700,133.1,0.2
2026-09-05T16:51:51.144+00:00,B_sell_A_buy,-3.7275,-14.1275,79961.0,79962.0,0.02831,17.74103,79932.2,79932.3,1.993,0.151,0.0000125000,-0.0000137700,133.1,0.2
2026-09-05T16:51:52.271+00:00,A_sell_B_buy,3.5899,-6.8101,79961.0,79962.0,0.02831,24.76934,79932.2,79932.3,0.277,0.361,0.0000125000,-0.0000137700,0.3,323.8
2026-09-05T16:51:52.271+00:00,B_sell_A_buy,-3.7275,-14.1275,79961.0,79962.0,0.02831,24.76934,79932.2,79932.3,0.277,0.361,0.0000125000,-0.0000137700,0.3,323.8
2026-09-05T16:51:53.726+00:00,A_sell_B_buy,3.5899,-6.8101,79961.0,79962.0,0.02818,24.71237,79932.2,79932.3,0.277,0.361,0.0000125000,-0.0000137700,0.2,1778.6
2026-09-05T16:51:53.726+00:00,B_sell_A_buy,-3.7275,-14.1275,79961.0,79962.0,0.02818,24.71237,79932.2,79932.3,0.277,0.361,0.0000125000,-0.0000137700,0.2,1778.6
2026-09-05T16:51:54.977+00:00,A_sell_B_buy,3.5899,-6.8101,79961.0,79962.0,0.00218,24.76185,79932.2,79932.3,0.277,0.253,0.0000125000,-0.0000137700,0.2,643.2
2026-09-05T16:51:54.977+00:00,B_sell_A_buy,-3.7275,-14.1275,79961.0,79962.0,0.00218,24.76185,79932.2,79932.3,0.277,0.253,0.0000125000,-0.0000137700,0.2,643.2
2026-09-05T16:51:55.988+00:00,A_sell_B_buy,3.5899,-6.8101,79961.0,79962.0,0.00218,24.76185,79932.2,79932.3,0.277,0.232,0.0000125000,-0.0000137700,1011.4,0.3
2026-09-05T16:51:55.988+00:00,B_sell_A_buy,-3.7275,-14.1275,79961.0,79962.0,0.00218,24.76185,79932.2,79932.3,0.277,0.232,0.0000125000,-0.0000137700,1011.4,0.3
2026-09-05T16:51:57.023+00:00,A_sell_B_buy,3.5899,-6.8101,79961.0,79962.0,8e-05,25.31949,79932.2,79932.3,0.279,0.211,0.0000125000,-0.0000137700,0.4,131.4
2026-09-05T16:51:57.023+00:00,B_sell_A_buy,-3.7275,-14.1275,79961.0,79962.0,8e-05,25.31949,79932.2,79932.3,0.279,0.211,0.0000125000,-0.0000137700,0.4,131.4
2026-09-05T16:51:58.034+00:00,A_sell_B_buy,3.7401,-6.6599,79960.0,79961.0,0.00385,24.21704,79929.90000000001,79930.09999999999,0.325,2.821,0.0000125000,-0.0000137700,125.4,0.1
2026-09-05T16:51:58.034+00:00,B_sell_A_buy,-3.8902,-14.2902,79960.0,79961.0,0.00385,24.21704,79929.90000000001,79930.09999999999,0.325,2.821,0.0000125000,-0.0000137700,125.4,0.1
2026-09-05T16:51:59.133+00:00,A_sell_B_buy,3.7401,-6.6599,79960.0,79961.0,0.00372,19.67503,79930.0,79930.09999999999,0.344,2.821,0.0000125000,-0.0000137700,0.4,1095.3
2026-09-05T16:51:59.133+00:00,B_sell_A_buy,-3.8777,-14.2777,79960.0,79961.0,0.00372,19.67503,79930.0,79930.09999999999,0.344,2.821,0.0000125000,-0.0000137700,0.4,1095.3
2026-09-05T16:52:00.744+00:00,A_sell_B_buy,3.7401,-6.6599,79960.0,79961.0,0.00372,19.68035,79930.0,79930.09999999999,0.344,2.822,0.0000125000,-0.0000137700,0.2,857.6
2026-09-05T16:52:00.744+00:00,B_sell_A_buy,-3.8777,-14.2777,79960.0,79961.0,0.00372,19.68035,79930.0,79930.09999999999,0.344,2.822,0.0000125000,-0.0000137700,0.2,857.6
2026-09-05T16:52:01.836+00:00,A_sell_B_buy,3.6150,-6.7850,79959.0,79960.0,0.06263,6.25054,79930.0,79930.09999999999,0.106,4.323,0.0000125000,-0.0000137700,122.8,0.3
2026-09-05T16:52:01.836+00:00,B_sell_A_buy,-3.7526,-14.1526,79959.0,79960.0,0.06263,6.25054,79930.0,79930.09999999999,0.106,4.323,0.0000125000,-0.0000137700,122.8,0.3
2026-09-05T16:52:02.946+00:00,A_sell_B_buy,2.2769,-8.1231,79942.0,79943.0,1.09479,4.11652,79923.7,79923.8,0.071,6.185,0.0000125000,-0.0000137700,0.2,511.9
2026-09-05T16:52:02.946+00:00,B_sell_A_buy,-2.4145,-12.8145,79942.0,79943.0,1.09479,4.11652,79923.7,79923.8,0.071,6.185,0.0000125000,-0.0000137700,0.2,511.9
2026-09-05T16:52:03.992+00:00,A_sell_B_buy,2.2769,-8.1231,79942.0,79943.0,1.40651,5.77818,79923.7,79923.8,0.283,5.973,0.0000125000,-0.0000137700,544.1,0.2
2026-09-05T16:52:03.992+00:00,B_sell_A_buy,-2.4145,-12.8145,79942.0,79943.0,1.40651,5.77818,79923.7,79923.8,0.283,5.973,0.0000125000,-0.0000137700,544.1,0.2
2026-09-05T16:52:05.344+00:00,A_sell_B_buy,2.2769,-8.1231,79942.0,79943.0,1.40651,5.64452,79923.7,79923.8,0.283,5.974,0.0000125000,-0.0000137700,667.5,0.3
2026-09-05T16:52:05.344+00:00,B_sell_A_buy,-2.4145,-12.8145,79942.0,79943.0,1.40651,5.64452,79923.7,79923.8,0.283,5.974,0.0000125000,-0.0000137700,667.5,0.3
2026-09-05T16:52:06.740+00:00,A_sell_B_buy,2.2769,-8.1231,79942.0,79943.0,0.74463,6.16763,79923.7,79923.8,0.001,5.974,0.0000125000,-0.0000137700,0.3,401.7
2026-09-05T16:52:06.740+00:00,B_sell_A_buy,-2.4145,-12.8145,79942.0,79943.0,0.74463,6.16763,79923.7,79923.8,0.001,5.974,0.0000125000,-0.0000137700,0.3,401.7
2026-09-05T16:52:07.750+00:00,A_sell_B_buy,2.2769,-8.1231,79942.0,79943.0,2.00041,4.96774,79923.7,79923.8,0.289,5.824,0.0000125000,-0.0000137700,0.3,404.5
2026-09-05T16:52:07.750+00:00,B_sell_A_buy,-2.4145,-12.8145,79942.0,79943.0,2.00041,4.96774,79923.7,79923.8,0.289,5.824,0.0000125000,-0.0000137700,0.3,404.5
2026-09-05T16:52:08.787+00:00,A_sell_B_buy,2.2769,-8.1231,79942.0,79943.0,3.21864,2.86477,79923.7,79923.8,3.065,1.502,0.0000125000,-0.0000137700,293.7,0.1
2026-09-05T16:52:08.787+00:00,B_sell_A_buy,-2.4145,-12.8145,79942.0,79943.0,3.21864,2.86477,79923.7,79923.8,3.065,1.502,0.0000125000,-0.0000137700,293.7,0.1
2026-09-05T16:52:09.838+00:00,A_sell_B_buy,2.2769,-8.1231,79942.0,79943.0,3.18134,2.86437,79923.7,79923.8,3.089,1.502,0.0000125000,-0.0000137700,82.0,0.2
2026-09-05T16:52:09.838+00:00,B_sell_A_buy,-2.4145,-12.8145,79942.0,79943.0,3.18134,2.86437,79923.7,79923.8,3.089,1.502,0.0000125000,-0.0000137700,82.0,0.2
2026-09-05T16:52:10.936+00:00,A_sell_B_buy,2.2769,-8.1231,79942.0,79943.0,3.18253,7.82533,79923.7,79923.8,3.088,3.003,0.0000125000,-0.0000137700,222.9,0.3
2026-09-05T16:52:10.936+00:00,B_sell_A_buy,-2.4145,-12.8145,79942.0,79943.0,3.18253,7.82533,79923.7,79923.8,3.088,3.003,0.0000125000,-0.0000137700,222.9,0.3
2026-09-05T16:52:11.987+00:00,A_sell_B_buy,2.2769,-8.1231,79942.0,79943.0,1.6886,8.53014,79923.7,79923.8,0.267,3.003,0.0000125000,-0.0000137700,77.9,0.2
2026-09-05T16:52:11.987+00:00,B_sell_A_buy,-2.4145,-12.8145,79942.0,79943.0,1.6886,8.53014,79923.7,79923.8,0.267,3.003,0.0000125000,-0.0000137700,77.9,0.2
2026-09-05T16:52:13.071+00:00,A_sell_B_buy,2.2769,-8.1231,79942.0,79943.0,3.16407,7.21433,79923.7,79923.8,0.518,0.001,0.0000125000,-0.0000137700,0.3,379.2
2026-09-05T16:52:13.071+00:00,B_sell_A_buy,-2.4145,-12.8145,79942.0,79943.0,3.16407,7.21433,79923.7,79923.8,0.518,0.001,0.0000125000,-0.0000137700,0.3,379.2
2026-09-05T16:52:14.198+00:00,A_sell_B_buy,1.6388,-8.7612,79942.0,79943.0,3.36853,7.72367,79923.7,79928.9,0.518,0.135,0.0000125000,-0.0000137700,494.3,0.3
2026-09-05T16:52:14.198+00:00,B_sell_A_buy,-2.4145,-12.8145,79942.0,79943.0,3.36853,7.72367,79923.7,79928.9,0.518,0.135,0.0000125000,-0.0000137700,494.3,0.3
2026-09-05T16:52:15.241+00:00,A_sell_B_buy,1.6388,-8.7612,79942.0,79943.0,3.67828,7.71832,79928.8,79928.9,0.288,1.811,0.0000125000,-0.0000137700,0.3,255.5
2026-09-05T16:52:15.241+00:00,B_sell_A_buy,-1.7764,-12.1764,79942.0,79943.0,3.67828,7.71832,79928.8,79928.9,0.288,1.811,0.0000125000,-0.0000137700,0.3,255.5
2026-09-05T16:52:16.293+00:00,A_sell_B_buy,1.6388,-8.7612,79942.0,79943.0,3.34943,7.71815,79928.8,79928.9,0.288,1.811,0.0000125000,-0.0000137700,0.3,1307.4
2026-09-05T16:52:16.293+00:00,B_sell_A_buy,-1.7764,-12.1764,79942.0,79943.0,3.34943,7.71815,79928.8,79928.9,0.288,1.811,0.0000125000,-0.0000137700,0.3,1307.4
2026-09-05T16:52:17.337+00:00,A_sell_B_buy,1.6388,-8.7612,79942.0,79943.0,3.46293,7.71815,79928.8,79928.9,0.288,1.766,0.0000125000,-0.0000137700,919.8,0.2
2026-09-05T16:52:17.337+00:00,B_sell_A_buy,-1.7764,-12.1764,79942.0,79943.0,3.46293,7.71815,79928.8,79928.9,0.288,1.766,0.0000125000,-0.0000137700,919.8,0.2
2026-09-05T16:52:18.424+00:00,A_sell_B_buy,1.6388,-8.7612,79942.0,79943.0,3.46293,7.64878,79928.8,79928.9,0.289,1.889,0.0000125000,-0.0000137700,0.3,876.3
2026-09-05T16:52:18.424+00:00,B_sell_A_buy,-1.7764,-12.1764,79942.0,79943.0,3.46293,7.64878,79928.8,79928.9,0.289,1.889,0.0000125000,-0.0000137700,0.3,876.3
2026-09-05T16:52:19.445+00:00,A_sell_B_buy,1.6388,-8.7612,79942.0,79943.0,3.46293,7.36231,79928.8,79928.9,0.289,1.667,0.0000125000,-0.0000137700,249.2,0.1
2026-09-05T16:52:19.445+00:00,B_sell_A_buy,-1.7764,-12.1764,79942.0,79943.0,3.46293,7.36231,79928.8,79928.9,0.289,1.667,0.0000125000,-0.0000137700,249.2,0.1
2026-09-05T16:52:20.495+00:00,A_sell_B_buy,0.4127,-9.9873,79960.0,79961.0,2.49137,0.00014,79956.6,79956.7,6.806,0.001,0.0000125000,-0.0000137700,60.1,0.2
2026-09-05T16:52:20.495+00:00,B_sell_A_buy,-0.5503,-10.9503,79960.0,79961.0,2.49137,0.00014,79956.6,79956.7,6.806,0.001,0.0000125000,-0.0000137700,60.1,0.2
2026-09-05T16:52:21.545+00:00,A_sell_B_buy,1.0380,-9.3620,79965.0,79966.0,26.07516,0.00189,79956.6,79956.7,6.613,0.001,0.0000125000,-0.0000137700,117.5,0.2
2026-09-05T16:52:21.545+00:00,B_sell_A_buy,-1.1756,-11.5756,79965.0,79966.0,26.07516,0.00189,79956.6,79956.7,6.613,0.001,0.0000125000,-0.0000137700,117.5,0.2
2026-09-05T16:52:22.589+00:00,A_sell_B_buy,1.0380,-9.3620,79965.0,79966.0,23.73258,0.00189,79956.6,79956.7,6.414,0.001,0.0000125000,-0.0000137700,152.9,0.2
2026-09-05T16:52:22.589+00:00,B_sell_A_buy,-1.1756,-11.5756,79965.0,79966.0,23.73258,0.00189,79956.6,79956.7,6.414,0.001,0.0000125000,-0.0000137700,152.9,0.2
2026-09-05T16:52:23.589+00:00,A_sell_B_buy,1.0380,-9.3620,79965.0,79966.0,20.21452,0.00189,79956.6,79956.7,6.49,0.214,0.0000125000,-0.0000137700,214.2,0.2
2026-09-05T16:52:23.589+00:00,B_sell_A_buy,-1.1756,-11.5756,79965.0,79966.0,20.21452,0.00189,79956.6,79956.7,6.49,0.214,0.0000125000,-0.0000137700,214.2,0.2
2026-09-05T16:52:24.591+00:00,A_sell_B_buy,2.0384,-8.3616,79973.0,79974.0,8.52028,1.80629,79956.6,79956.7,6.413,0.001,0.0000125000,-0.0000137700,49.4,0.2
2026-09-05T16:52:24.591+00:00,B_sell_A_buy,-2.1759,-12.5759,79973.0,79974.0,8.52028,1.80629,79956.6,79956.7,6.413,0.001,0.0000125000,-0.0000137700,49.4,0.2
2026-09-05T16:52:25.593+00:00,A_sell_B_buy,2.0384,-8.3616,79973.0,79974.0,6.23999,1.79879,79956.6,79956.7,7.98,0.001,0.0000125000,-0.0000137700,80.8,0.2
2026-09-05T16:52:25.593+00:00,B_sell_A_buy,-2.1759,-12.5759,79973.0,79974.0,6.23999,1.79879,79956.6,79956.7,7.98,0.001,0.0000125000,-0.0000137700,80.8,0.2
2026-09-05T16:52:26.596+00:00,A_sell_B_buy,2.0384,-8.3616,79973.0,79974.0,4.23999,1.73347,79956.6,79956.7,7.914,0.001,0.0000125000,-0.0000137700,26.2,0.1
2026-09-05T16:52:26.596+00:00,B_sell_A_buy,-2.1759,-12.5759,79973.0,79974.0,4.23999,1.73347,79956.6,79956.7,7.914,0.001,0.0000125000,-0.0000137700,26.2,0.1
2026-09-05T16:52:27.642+00:00,A_sell_B_buy,2.0384,-8.3616,79973.0,79974.0,5.10099,1.73347,79956.6,79956.7,7.914,0.001,0.0000125000,-0.0000137700,459.8,0.2
2026-09-05T16:52:27.642+00:00,B_sell_A_buy,-2.1759,-12.5759,79973.0,79974.0,5.10099,1.73347,79956.6,79956.7,7.914,0.001,0.0000125000,-0.0000137700,459.8,0.2
2026-09-05T16:52:28.646+00:00,A_sell_B_buy,2.0384,-8.3616,79973.0,79974.0,5.06142,1.58478,79956.6,79956.7,7.952,0.001,0.0000125000,-0.0000137700,28.3,0.1
2026-09-05T16:52:28.646+00:00,B_sell_A_buy,-2.1759,-12.5759,79973.0,79974.0,5.06142,1.58478,79956.6,79956.7,7.952,0.001,0.0000125000,-0.0000137700,28.3,0.1
2026-09-05T16:52:29.703+00:00,A_sell_B_buy,2.0384,-8.3616,79973.0,79974.0,4.82971,1.58478,79956.6,79956.7,7.997,0.001,0.0000125000,-0.0000137700,427.9,0.2
2026-09-05T16:52:29.703+00:00,B_sell_A_buy,-2.1759,-12.5759,79973.0,79974.0,4.82971,1.58478,79956.6,79956.7,7.997,0.001,0.0000125000,-0.0000137700,427.9,0.2
2026-09-05T16:52:30.735+00:00,A_sell_B_buy,2.0384,-8.3616,79973.0,79974.0,6.13675,1.58478,79956.6,79956.7,7.914,0.001,0.0000125000,-0.0000137700,572.9,0.2
2026-09-05T16:52:30.735+00:00,B_sell_A_buy,-2.1759,-12.5759,79973.0,79974.0,6.13675,1.58478,79956.6,79956.7,7.914,0.001,0.0000125000,-0.0000137700,572.9,0.2
2026-09-05T16:52:31.760+00:00,A_sell_B_buy,2.0384,-8.3616,79973.0,79974.0,6.02832,0.83001,79956.6,79956.7,7.914,0.001,0.0000125000,-0.0000137700,0.1,69.9
2026-09-05T16:52:31.760+00:00,B_sell_A_buy,-2.1759,-12.5759,79973.0,79974.0,6.02832,0.83001,79956.6,79956.7,7.914,0.001,0.0000125000,-0.0000137700,0.1,69.9
2026-09-05T16:52:32.803+00:00,A_sell_B_buy,2.0384,-8.3616,79973.0,79974.0,7.81276,2.18011,79956.6,79956.7,8.544,0.001,0.0000125000,-0.0000137700,43.6,0.1
2026-09-05T16:52:32.803+00:00,B_sell_A_buy,-2.1759,-12.5759,79973.0,79974.0,7.81276,2.18011,79956.6,79956.7,8.544,0.001,0.0000125000,-0.0000137700,43.6,0.1
2026-09-05T16:52:33.832+00:00,A_sell_B_buy,2.0384,-8.3616,79973.0,79974.0,8.20059,2.68027,79956.6,79956.7,8.544,0.001,0.0000125000,-0.0000137700,0.1,36.0
2026-09-05T16:52:33.832+00:00,B_sell_A_buy,-2.1759,-12.5759,79973.0,79974.0,8.20059,2.68027,79956.6,79956.7,8.544,0.001,0.0000125000,-0.0000137700,0.1,36.0
2026-09-05T16:52:34.836+00:00,A_sell_B_buy,2.0384,-8.3616,79973.0,79974.0,8.20059,2.68027,79956.6,79956.7,8.544,0.001,0.0000125000,-0.0000137700,650.3,0.2
2026-09-05T16:52:34.836+00:00,B_sell_A_buy,-2.1759,-12.5759,79973.0,79974.0,8.20059,2.68027,79956.6,79956.7,8.544,0.001,0.0000125000,-0.0000137700,650.3,0.2
2026-09-05T16:52:35.845+00:00,A_sell_B_buy,1.4881,-8.9119,79973.0,79974.0,8.20159,2.67909,79961.0,79961.1,6.294,0.495,0.0000125000,-0.0000137700,66.3,0.2
2026-09-05T16:52:35.845+00:00,B_sell_A_buy,-1.6257,-12.0257,79973.0,79974.0,8.20159,2.67909,79961.0,79961.1,6.294,0.495,0.0000125000,-0.0000137700,66.3,0.2
2026-09-05T16:52:36.850+00:00,A_sell_B_buy,1.4881,-8.9119,79973.0,79974.0,7.50253,3.49176,79961.0,79961.1,7.838,0.485,0.0000125000,-0.0000137700,582.8,0.1
2026-09-05T16:52:36.850+00:00,B_sell_A_buy,-1.6257,-12.0257,79973.0,79974.0,7.50253,3.49176,79961.0,79961.1,7.838,0.485,0.0000125000,-0.0000137700,582.8,0.1
2026-09-05T16:52:37.882+00:00,A_sell_B_buy,1.4881,-8.9119,79973.0,79974.0,7.53927,2.6786,79961.0,79961.1,7.754,0.485,0.0000125000,-0.0000137700,176.9,0.2
2026-09-05T16:52:37.882+00:00,B_sell_A_buy,-1.6257,-12.0257,79973.0,79974.0,7.53927,2.6786,79961.0,79961.1,7.754,0.485,0.0000125000,-0.0000137700,176.9,0.2
2026-09-05T16:52:38.889+00:00,A_sell_B_buy,1.4881,-8.9119,79973.0,79974.0,7.42577,2.66922,79961.0,79961.1,7.754,0.485,0.0000125000,-0.0000137700,625.0,0.1
2026-09-05T16:52:38.889+00:00,B_sell_A_buy,-1.6257,-12.0257,79973.0,79974.0,7.42577,2.66922,79961.0,79961.1,7.754,0.485,0.0000125000,-0.0000137700,625.0,0.1
2026-09-05T16:52:39.944+00:00,A_sell_B_buy,1.4881,-8.9119,79973.0,79974.0,7.42579,2.65897,79961.0,79961.1,7.754,0.485,0.0000125000,-0.0000137700,73.9,0.1
2026-09-05T16:52:39.944+00:00,B_sell_A_buy,-1.6257,-12.0257,79973.0,79974.0,7.42579,2.65897,79961.0,79961.1,7.754,0.485,0.0000125000,-0.0000137700,73.9,0.1
2026-09-05T16:52:41.004+00:00,A_sell_B_buy,1.4881,-8.9119,79973.0,79974.0,7.42578,2.65897,79961.0,79961.1,7.788,0.048,0.0000125000,-0.0000137700,246.6,0.2
2026-09-05T16:52:41.004+00:00,B_sell_A_buy,-1.6257,-12.0257,79973.0,79974.0,7.42578,2.65897,79961.0,79961.1,7.788,0.048,0.0000125000,-0.0000137700,246.6,0.2
2026-09-05T16:52:42.168+00:00,A_sell_B_buy,1.4256,-8.9744,79973.0,79974.0,7.42046,1.62838,79961.5,79961.6,1.96,2.822,0.0000125000,-0.0000137700,0.3,418.9
2026-09-05T16:52:42.168+00:00,B_sell_A_buy,-1.5631,-11.9631,79973.0,79974.0,7.42046,1.62838,79961.5,79961.6,1.96,2.822,0.0000125000,-0.0000137700,0.3,418.9
2026-09-05T16:52:43.336+00:00,A_sell_B_buy,1.4256,-8.9744,79973.0,79974.0,7.42046,2.12854,79961.5,79961.6,2.444,2.87,0.0000125000,-0.0000137700,959.8,0.3
2026-09-05T16:52:43.336+00:00,B_sell_A_buy,-1.5631,-11.9631,79973.0,79974.0,7.42046,2.12854,79961.5,79961.6,2.444,2.87,0.0000125000,-0.0000137700,959.8,0.3
2026-09-05T16:52:44.406+00:00,A_sell_B_buy,1.4256,-8.9744,79973.0,79974.0,11.35787,1.65844,79961.5,79961.6,1.962,0.001,0.0000125000,-0.0000137700,0.2,165.9
2026-09-05T16:52:44.406+00:00,B_sell_A_buy,-1.5631,-11.9631,79973.0,79974.0,11.35787,1.65844,79961.5,79961.6,1.962,0.001,0.0000125000,-0.0000137700,0.2,165.9
2026-09-05T16:52:45.414+00:00,A_sell_B_buy,1.4256,-8.9744,79973.0,79974.0,11.6735,1.15828,79961.5,79961.6,1.962,0.001,0.0000125000,-0.0000137700,0.2,1173.5
2026-09-05T16:52:45.414+00:00,B_sell_A_buy,-1.5631,-11.9631,79973.0,79974.0,11.6735,1.15828,79961.5,79961.6,1.962,0.001,0.0000125000,-0.0000137700,0.2,1173.5
2026-09-05T16:52:46.940+00:00,A_sell_B_buy,1.4256,-8.9744,79973.0,79974.0,11.57357,2.06353,79961.5,79961.6,1.931,0.001,0.0000125000,-0.0000137700,19.7,0.2
2026-09-05T16:52:46.940+00:00,B_sell_A_buy,-1.5631,-11.9631,79973.0,79974.0,11.57357,2.06353,79961.5,79961.6,1.931,0.001,0.0000125000,-0.0000137700,19.7,0.2
2026-09-05T16:52:47.944+00:00,A_sell_B_buy,1.4256,-8.9744,79973.0,79974.0,7.53716,2.06353,79961.5,79961.6,1.982,0.368,0.0000125000,-0.0000137700,377.6,0.2
2026-09-05T16:52:47.944+00:00,B_sell_A_buy,-1.5631,-11.9631,79973.0,79974.0,7.53716,2.06353,79961.5,79961.6,1.982,0.368,0.0000125000,-0.0000137700,377.6,0.2
2026-09-05T16:52:49.206+00:00,A_sell_B_buy,1.4256,-8.9744,79973.0,79974.0,7.53716,1.03942,79961.5,79961.6,1.983,0.218,0.0000125000,-0.0000137700,0.3,318.4
2026-09-05T16:52:49.206+00:00,B_sell_A_buy,-1.5631,-11.9631,79973.0,79974.0,7.53716,1.03942,79961.5,79961.6,1.983,0.218,0.0000125000,-0.0000137700,0.3,318.4
2026-09-05T16:52:50.247+00:00,A_sell_B_buy,1.4256,-8.9744,79973.0,79974.0,7.53716,1.41926,79961.5,79961.6,1.983,0.417,0.0000125000,-0.0000137700,239.1,0.2
2026-09-05T16:52:50.247+00:00,B_sell_A_buy,-1.5631,-11.9631,79973.0,79974.0,7.53716,1.41926,79961.5,79961.6,1.983,0.417,0.0000125000,-0.0000137700,239.1,0.2
2026-09-05T16:52:51.484+00:00,A_sell_B_buy,1.4256,-8.9744,79973.0,79974.0,7.22544,1.73191,79961.5,79961.6,1.983,0.267,0.0000125000,-0.0000137700,0.2,1044.1
2026-09-05T16:52:51.484+00:00,B_sell_A_buy,-1.5631,-11.9631,79973.0,79974.0,7.22544,1.73191,79961.5,79961.6,1.983,0.267,0.0000125000,-0.0000137700,0.2,1044.1
2026-09-05T16:52:52.939+00:00,A_sell_B_buy,1.4256,-8.9744,79973.0,79974.0,7.22378,1.40859,79961.5,79961.6,1.983,0.218,0.0000125000,-0.0000137700,0.3,1150.7
2026-09-05T16:52:52.939+00:00,B_sell_A_buy,-1.5631,-11.9631,79973.0,79974.0,7.22378,1.40859,79961.5,79961.6,1.983,0.218,0.0000125000,-0.0000137700,0.3,1150.7
2026-09-05T16:52:54.042+00:00,A_sell_B_buy,0.6502,-9.7498,79975.0,79983.0,4.50323,0.00013,79969.7,79969.79999999999,2.09,0.001,0.0000125000,-0.0000137700,0.2,146.3
2026-09-05T16:52:54.042+00:00,B_sell_A_buy,-1.6630,-12.0630,79975.0,79983.0,4.50323,0.00013,79969.7,79969.79999999999,2.09,0.001,0.0000125000,-0.0000137700,0.2,146.3
2026-09-05T16:52:55.043+00:00,A_sell_B_buy,1.5255,-8.8745,79982.0,79983.0,8.17973,3.0689,79969.7,79969.79999999999,1.644,0.217,0.0000125000,-0.0000137700,88.9,0.2
2026-09-05T16:52:55.043+00:00,B_sell_A_buy,-1.6630,-12.0630,79982.0,79983.0,8.17973,3.0689,79969.7,79969.79999999999,1.644,0.217,0.0000125000,-0.0000137700,88.9,0.2
2026-09-05T16:52:56.059+00:00,A_sell_B_buy,1.5255,-8.8745,79982.0,79983.0,6.2423,3.5197,79969.7,79969.79999999999,1.612,0.558,0.0000125000,-0.0000137700,0.3,176.0
2026-09-05T16:52:56.059+00:00,B_sell_A_buy,-1.6630,-12.0630,79982.0,79983.0,6.2423,3.5197,79969.7,79969.79999999999,1.612,0.558,0.0000125000,-0.0000137700,0.3,176.0
2026-09-05T16:52:57.149+00:00,A_sell_B_buy,1.5255,-8.8745,79982.0,79983.0,4.66371,4.21344,79969.7,79969.79999999999,1.501,0.708,0.0000125000,-0.0000137700,149.5,0.2
2026-09-05T16:52:57.149+00:00,B_sell_A_buy,-1.6630,-12.0630,79982.0,79983.0,4.66371,4.21344,79969.7,79969.79999999999,1.501,0.708,0.0000125000,-0.0000137700,149.5,0.2
2026-09-05T16:52:58.202+00:00,A_sell_B_buy,1.5255,-8.8745,79982.0,79983.0,0.76592,7.85372,79969.7,79969.79999999999,0.001,3.591,0.0000125000,-0.0000137700,130.0,0.2
2026-09-05T16:52:58.202+00:00,B_sell_A_buy,-1.6630,-12.0630,79982.0,79983.0,0.76592,7.85372,79969.7,79969.79999999999,0.001,3.591,0.0000125000,-0.0000137700,130.0,0.2
2026-09-05T16:52:59.209+00:00,A_sell_B_buy,1.5255,-8.8745,79982.0,79983.0,0.76992,8.29147,79969.7,79969.79999999999,0.001,3.441,0.0000125000,-0.0000137700,0.3,166.9
2026-09-05T16:52:59.209+00:00,B_sell_A_buy,-1.6630,-12.0630,79982.0,79983.0,0.76992,8.29147,79969.7,79969.79999999999,0.001,3.441,0.0000125000,-0.0000137700,0.3,166.9
2026-09-05T16:53:00.414+00:00,A_sell_B_buy,1.5255,-8.8745,79982.0,79983.0,0.66987,8.29072,79969.7,79969.79999999999,0.001,3.591,0.0000125000,-0.0000137700,0.3,222.4
2026-09-05T16:53:00.414+00:00,B_sell_A_buy,-1.6630,-12.0630,79982.0,79983.0,0.66987,8.29072,79969.7,79969.79999999999,0.001,3.591,0.0000125000,-0.0000137700,0.3,222.4
2026-09-05T16:53:01.496+00:00,A_sell_B_buy,1.5255,-8.8745,79982.0,79983.0,1.35723,8.28732,79969.7,79969.79999999999,0.001,2.837,0.0000125000,-0.0000140400,222.4,0.1
2026-09-05T16:53:01.496+00:00,B_sell_A_buy,-1.6630,-12.0630,79982.0,79983.0,1.35723,8.28732,79969.7,79969.79999999999,0.001,2.837,0.0000125000,-0.0000140400,222.4,0.1
2026-09-05T16:53:02.504+00:00,A_sell_B_buy,2.6010,-7.7990,79982.0,79983.0,1.14428,8.28807,79952.8,79961.2,0.451,0.003,0.0000125000,-0.0000140400,176.3,0.1
2026-09-05T16:53:02.504+00:00,B_sell_A_buy,-3.7764,-14.1764,79982.0,79983.0,1.14428,8.28807,79952.8,79961.2,0.451,0.003,0.0000125000,-0.0000140400,176.3,0.1
2026-09-05T16:53:03.538+00:00,A_sell_B_buy,3.5139,-6.8861,79981.0,79982.0,0.00075,15.70731,79952.8,79952.9,1.022,2.054,0.0000125000,-0.0000140400,62.0,0.2
2026-09-05T16:53:03.538+00:00,B_sell_A_buy,-3.6515,-14.0515,79981.0,79982.0,0.00075,15.70731,79952.8,79952.9,1.022,2.054,0.0000125000,-0.0000140400,62.0,0.2
2026-09-05T16:53:04.543+00:00,A_sell_B_buy,3.4142,-6.9858,79974.0,79975.0,0.00246,11.76762,79946.59999999999,79946.7,0.568,0.073,0.0000125000,-0.0000140400,0.2,243.4
2026-09-05T16:53:04.543+00:00,B_sell_A_buy,-3.5518,-13.9518,79974.0,79975.0,0.00246,11.76762,79946.59999999999,79946.7,0.568,0.073,0.0000125000,-0.0000140400,0.2,243.4
2026-09-05T16:53:05.601+00:00,A_sell_B_buy,2.9389,-7.4611,79973.0,79974.0,0.06835,8.6345,79949.40000000001,79949.5,0.32,0.13,0.0000125000,-0.0000140400,0.2,310.6
2026-09-05T16:53:05.601+00:00,B_sell_A_buy,-3.0765,-13.4765,79973.0,79974.0,0.06835,8.6345,79949.40000000001,79949.5,0.32,0.13,0.0000125000,-0.0000140400,0.2,310.6
2026-09-05T16:53:06.636+00:00,A_sell_B_buy,2.9389,-7.4611,79973.0,79974.0,0.25837,11.3458,79949.40000000001,79949.5,0.351,1.78,0.0000125000,-0.0000140400,197.3,0.2
2026-09-05T16:53:06.636+00:00,B_sell_A_buy,-3.0765,-13.4765,79973.0,79974.0,0.25837,11.3458,79949.40000000001,79949.5,0.351,1.78,0.0000125000,-0.0000140400,197.3,0.2
2026-09-05T16:53:07.721+00:00,A_sell_B_buy,2.9389,-7.4611,79973.0,79974.0,0.25837,11.34686,79949.40000000001,79949.5,0.32,1.71,0.0000125000,-0.0000140400,0.2,126.2
2026-09-05T16:53:07.721+00:00,B_sell_A_buy,-3.0765,-13.4765,79973.0,79974.0,0.25837,11.34686,79949.40000000001,79949.5,0.32,1.71,0.0000125000,-0.0000140400,0.2,126.2
2026-09-05T16:53:08.745+00:00,A_sell_B_buy,4.2273,-6.1727,79973.0,79974.0,0.20368,22.73346,79939.1,79939.2,0.242,0.437,0.0000125000,-0.0000140400,56.7,0.1
2026-09-05T16:53:08.745+00:00,B_sell_A_buy,-4.3649,-14.7649,79973.0,79974.0,0.20368,22.73346,79939.1,79939.2,0.242,0.437,0.0000125000,-0.0000140400,56.7,0.1
2026-09-05T16:53:09.760+00:00,A_sell_B_buy,1.6387,-8.7613,79950.0,79951.0,0.29529,1.78178,79936.8,79936.9,0.313,1.248,0.0000125000,-0.0000140400,0.2,108.6
2026-09-05T16:53:09.760+00:00,B_sell_A_buy,-1.7763,-12.1763,79950.0,79951.0,0.29529,1.78178,79936.8,79936.9,0.313,1.248,0.0000125000,-0.0000140400,0.2,108.6
2026-09-05T16:53:10.839+00:00,A_sell_B_buy,1.0507,-9.3493,79950.0,79953.0,6.11485,0.8129,79941.5,79941.6,0.546,0.08,0.0000125000,-0.0000140400,0.2,134.9
2026-09-05T16:53:10.839+00:00,B_sell_A_buy,-1.4385,-11.8385,79950.0,79953.0,6.11485,0.8129,79941.5,79941.6,0.546,0.08,0.0000125000,-0.0000140400,0.2,134.9
2026-09-05T16:53:11.900+00:00,A_sell_B_buy,1.3009,-9.0991,79952.0,79953.0,21.31266,0.8129,79941.5,79941.6,2.047,0.28,0.0000125000,-0.0000140400,98.7,0.2
2026-09-05T16:53:11.900+00:00,B_sell_A_buy,-1.4385,-11.8385,79952.0,79953.0,21.31266,0.8129,79941.5,79941.6,2.047,0.28,0.0000125000,-0.0000140400,98.7,0.2
2026-09-05T16:53:12.913+00:00,A_sell_B_buy,1.3009,-9.0991,79952.0,79953.0,18.51749,1.89611,79941.5,79941.6,2.047,0.13,0.0000125000,-0.0000140400,0.2,820.9
2026-09-05T16:53:12.913+00:00,B_sell_A_buy,-1.4385,-11.8385,79952.0,79953.0,18.51749,1.89611,79941.5,79941.6,2.047,0.13,0.0000125000,-0.0000140400,0.2,820.9
2026-09-05T16:53:13.931+00:00,A_sell_B_buy,1.3009,-9.0991,79952.0,79953.0,17.26577,2.60474,79941.5,79941.6,0.012,2.166,0.0000125000,-0.0000140400,0.3,45.3
2026-09-05T16:53:13.931+00:00,B_sell_A_buy,-1.4385,-11.8385,79952.0,79953.0,17.26577,2.60474,79941.5,79941.6,0.012,2.166,0.0000125000,-0.0000140400,0.3,45.3
2026-09-05T16:53:14.996+00:00,A_sell_B_buy,1.5886,-8.8114,79952.0,79953.0,11.32887,4.82322,79939.2,79939.3,0.036,5.098,0.0000125000,-0.0000140400,0.3,502.7
2026-09-05T16:53:14.996+00:00,B_sell_A_buy,-1.7262,-12.1262,79952.0,79953.0,11.32887,4.82322,79939.2,79939.3,0.036,5.098,0.0000125000,-0.0000140400,0.3,502.7
2026-09-05T16:53:16.039+00:00,A_sell_B_buy,1.5886,-8.8114,79952.0,79953.0,13.83847,4.32275,79939.2,79939.3,0.036,4.396,0.0000125000,-0.0000140400,71.3,0.2
2026-09-05T16:53:16.039+00:00,B_sell_A_buy,-1.7262,-12.1262,79952.0,79953.0,13.83847,4.32275,79939.2,79939.3,0.036,4.396,0.0000125000,-0.0000140400,71.3,0.2
2026-09-05T16:53:17.213+00:00,A_sell_B_buy,1.5886,-8.8114,79952.0,79953.0,12.09218,4.81862,79939.2,79939.3,0.036,4.397,0.0000125000,-0.0000140400,0.3,883.0
2026-09-05T16:53:17.213+00:00,B_sell_A_buy,-1.7262,-12.1262,79952.0,79953.0,12.09218,4.81862,79939.2,79939.3,0.036,4.397,0.0000125000,-0.0000140400,0.3,883.0
2026-09-05T16:53:18.264+00:00,A_sell_B_buy,1.5886,-8.8114,79952.0,79953.0,12.86801,4.80399,79939.2,79939.3,0.036,4.547,0.0000125000,-0.0000140400,0.3,322.8
2026-09-05T16:53:18.264+00:00,B_sell_A_buy,-1.7262,-12.1262,79952.0,79953.0,12.86801,4.80399,79939.2,79939.3,0.036,4.547,0.0000125000,-0.0000140400,0.3,322.8
2026-09-05T16:53:19.349+00:00,A_sell_B_buy,1.5886,-8.8114,79952.0,79953.0,12.65122,4.72134,79939.2,79939.3,0.293,4.397,0.0000125000,-0.0000140400,0.3,549.6
2026-09-05T16:53:19.349+00:00,B_sell_A_buy,-1.7262,-12.1262,79952.0,79953.0,12.65122,4.72134,79939.2,79939.3,0.293,4.397,0.0000125000,-0.0000140400,0.3,549.6
2026-09-05T16:53:20.516+00:00,A_sell_B_buy,1.5886,-8.8114,79952.0,79953.0,11.47329,4.21602,79939.2,79939.3,0.281,4.397,0.0000125000,-0.0000140400,0.3,467.5
2026-09-05T16:53:20.516+00:00,B_sell_A_buy,-1.7262,-12.1262,79952.0,79953.0,11.47329,4.21602,79939.2,79939.3,0.281,4.397,0.0000125000,-0.0000140400,0.3,467.5
2026-09-05T16:53:21.716+00:00,A_sell_B_buy,1.5886,-8.8114,79952.0,79953.0,12.69018,4.87265,79939.2,79939.3,0.036,4.547,0.0000125000,-0.0000140400,0.3,777.2
2026-09-05T16:53:21.716+00:00,B_sell_A_buy,-1.7262,-12.1262,79952.0,79953.0,12.69018,4.87265,79939.2,79939.3,0.036,4.547,0.0000125000,-0.0000140400,0.3,777.2
2026-09-05T16:53:22.720+00:00,A_sell_B_buy,-1.3007,-11.7007,79952.0,79953.0,11.97329,5.02896,79962.20000000001,79962.4,0.036,0.231,0.0000125000,-0.0000140400,0.2,34.3
2026-09-05T16:53:22.720+00:00,B_sell_A_buy,1.1506,-9.2494,79952.0,79953.0,11.97329,5.02896,79962.20000000001,79962.4,0.036,0.231,0.0000125000,-0.0000140400,0.2,34.3
2026-09-05T16:53:23.742+00:00,A_sell_B_buy,1.3380,-9.0620,79973.0,79974.0,0.91123,0.54174,79962.20000000001,79962.3,0.036,3.912,0.0000125000,-0.0000140400,0.3,47.5
2026-09-05T16:53:23.742+00:00,B_sell_A_buy,-1.4756,-11.8756,79973.0,79974.0,0.91123,0.54174,79962.20000000001,79962.3,0.036,3.912,0.0000125000,-0.0000140400,0.3,47.5
2026-09-05T16:53:24.843+00:00,A_sell_B_buy,1.3380,-9.0620,79973.0,79974.0,4.91543,5.10716,79962.20000000001,79962.3,0.036,3.647,0.0000125000,-0.0000140400,288.6,0.2
2026-09-05T16:53:24.843+00:00,B_sell_A_buy,-1.4756,-11.8756,79973.0,79974.0,4.91543,5.10716,79962.20000000001,79962.3,0.036,3.647,0.0000125000,-0.0000140400,288.6,0.2
2026-09-05T16:53:25.874+00:00,A_sell_B_buy,1.3380,-9.0620,79973.0,79974.0,3.82449,4.79202,79962.20000000001,79962.3,0.037,3.647,0.0000125000,-0.0000140400,0.2,72.9
2026-09-05T16:53:25.874+00:00,B_sell_A_buy,-1.4756,-11.8756,79973.0,79974.0,3.82449,4.79202,79962.20000000001,79962.3,0.037,3.647,0.0000125000,-0.0000140400,0.2,72.9
2026-09-05T16:53:26.940+00:00,A_sell_B_buy,1.3380,-9.0620,79973.0,79974.0,2.36865,5.04402,79962.20000000001,79962.3,0.037,2.895,0.0000125000,-0.0000140400,0.3,100.4
2026-09-05T16:53:26.940+00:00,B_sell_A_buy,-1.4756,-11.8756,79973.0,79974.0,2.36865,5.04402,79962.20000000001,79962.3,0.037,2.895,0.0000125000,-0.0000140400,0.3,100.4
2026-09-05T16:53:28.052+00:00,A_sell_B_buy,1.3380,-9.0620,79973.0,79974.0,2.36865,4.05168,79962.20000000001,79962.3,0.679,2.659,0.0000125000,-0.0000140400,0.2,407.1
2026-09-05T16:53:28.052+00:00,B_sell_A_buy,-1.4756,-11.8756,79973.0,79974.0,2.36865,4.05168,79962.20000000001,79962.3,0.679,2.659,0.0000125000,-0.0000140400,0.2,407.1
2026-09-05T16:53:29.090+00:00,A_sell_B_buy,1.3380,-9.0620,79973.0,79974.0,4.59539,2.91036,79962.20000000001,79962.3,0.679,2.474,0.0000125000,-0.0000140400,63.4,0.2
2026-09-05T16:53:29.090+00:00,B_sell_A_buy,-1.4756,-11.8756,79973.0,79974.0,4.59539,2.91036,79962.20000000001,79962.3,0.679,2.474,0.0000125000,-0.0000140400,63.4,0.2
2026-09-05T16:53:30.096+00:00,A_sell_B_buy,2.5512,-7.8488,79973.0,79974.0,1.72902,5.32481,79952.5,79952.6,0.609,0.032,0.0000125000,-0.0000140400,31.7,0.2
2026-09-05T16:53:30.096+00:00,B_sell_A_buy,-2.6887,-13.0887,79973.0,79974.0,1.72902,5.32481,79952.5,79952.6,0.609,0.032,0.0000125000,-0.0000140400,31.7,0.2
2026-09-05T16:53:31.171+00:00,A_sell_B_buy,2.5512,-7.8488,79973.0,79974.0,3.93646,5.26059,79952.5,79952.6,0.588,0.032,0.0000125000,-0.0000140400,0.3,236.1
2026-09-05T16:53:31.171+00:00,B_sell_A_buy,-2.6887,-13.0887,79973.0,79974.0,3.93646,5.26059,79952.5,79952.6,0.588,0.032,0.0000125000,-0.0000140400,0.3,236.1
2026-09-05T16:53:32.243+00:00,A_sell_B_buy,2.5512,-7.8488,79973.0,79974.0,2.05432,5.265,79952.5,79952.6,0.588,0.032,0.0000125000,-0.0000140400,0.2,1308.2
2026-09-05T16:53:32.243+00:00,B_sell_A_buy,-2.6887,-13.0887,79973.0,79974.0,2.05432,5.265,79952.5,79952.6,0.588,0.032,0.0000125000,-0.0000140400,0.2,1308.2
2026-09-05T16:53:33.247+00:00,A_sell_B_buy,2.5512,-7.8488,79973.0,79974.0,1.8961,5.25607,79952.5,79952.6,2.157,0.033,0.0000125000,-0.0000140400,163.6,0.2
2026-09-05T16:53:33.247+00:00,B_sell_A_buy,-2.6887,-13.0887,79973.0,79974.0,1.8961,5.25607,79952.5,79952.6,2.157,0.033,0.0000125000,-0.0000140400,163.6,0.2
2026-09-05T16:53:34.419+00:00,A_sell_B_buy,2.5512,-7.8488,79973.0,79974.0,4.08857,4.06399,79952.5,79952.6,2.158,0.033,0.0000125000,-0.0000140400,0.3,221.5
2026-09-05T16:53:34.419+00:00,B_sell_A_buy,-2.6887,-13.0887,79973.0,79974.0,4.08857,4.06399,79952.5,79952.6,2.158,0.033,0.0000125000,-0.0000140400,0.3,221.5
2026-09-05T16:53:35.596+00:00,A_sell_B_buy,2.5512,-7.8488,79973.0,79974.0,2.12548,5.04569,79952.5,79952.6,2.157,0.033,0.0000125000,-0.0000140400,0.2,711.4
2026-09-05T16:53:35.596+00:00,B_sell_A_buy,-2.6887,-13.0887,79973.0,79974.0,2.12548,5.04569,79952.5,79952.6,2.157,0.033,0.0000125000,-0.0000140400,0.2,711.4
2026-09-05T16:53:36.598+00:00,A_sell_B_buy,0.4127,-9.9873,79973.0,79974.0,2.76854,4.71945,79959.3,79969.7,0.534,0.088,0.0000125000,-0.0000140400,143.5,0.1
2026-09-05T16:53:36.598+00:00,B_sell_A_buy,-1.8382,-12.2382,79973.0,79974.0,2.76854,4.71945,79959.3,79969.7,0.534,0.088,0.0000125000,-0.0000140400,143.5,0.1
2026-09-05T16:53:37.632+00:00,A_sell_B_buy,0.1626,-10.2374,79974.0,79975.0,21.84999,0.0719,79972.6,79972.7,0.267,3.054,0.0000125000,-0.0000140400,80.2,0.2
2026-09-05T16:53:37.632+00:00,B_sell_A_buy,-0.3001,-10.7001,79974.0,79975.0,21.84999,0.0719,79972.6,79972.7,0.267,3.054,0.0000125000,-0.0000140400,80.2,0.2
2026-09-05T16:53:38.660+00:00,A_sell_B_buy,1.4129,-8.9871,79984.0,79985.0,13.78988,22.42804,79972.6,79972.7,1.853,2.822,0.0000125000,-0.0000140400,0.2,420.9
2026-09-05T16:53:38.660+00:00,B_sell_A_buy,-1.5504,-11.9504,79984.0,79985.0,13.78988,22.42804,79972.6,79972.7,1.853,2.822,0.0000125000,-0.0000140400,0.2,420.9
2026-09-05T16:53:39.685+00:00,A_sell_B_buy,1.4129,-8.9871,79984.0,79985.0,7.76352,24.57769,79972.6,79972.7,0.267,3.056,0.0000125000,-0.0000140400,0.2,101.4
2026-09-05T16:53:39.685+00:00,B_sell_A_buy,-1.5504,-11.9504,79984.0,79985.0,7.76352,24.57769,79972.6,79972.7,0.267,3.056,0.0000125000,-0.0000140400,0.2,101.4
2026-09-05T16:53:40.690+00:00,A_sell_B_buy,1.4129,-8.9871,79984.0,79985.0,5.44727,24.298,79972.6,79972.7,0.268,2.892,0.0000125000,-0.0000140400,371.6,0.2
2026-09-05T16:53:40.690+00:00,B_sell_A_buy,-1.5504,-11.9504,79984.0,79985.0,5.44727,24.298,79972.6,79972.7,0.268,2.892,0.0000125000,-0.0000140400,371.6,0.2
2026-09-05T16:53:41.749+00:00,A_sell_B_buy,1.4129,-8.9871,79984.0,79985.0,3.81146,25.11748,79972.6,79972.7,0.001,5.547,0.0000125000,-0.0000140400,72.3,0.2
2026-09-05T16:53:41.749+00:00,B_sell_A_buy,-1.5504,-11.9504,79984.0,79985.0,3.81146,25.11748,79972.6,79972.7,0.001,5.547,0.0000125000,-0.0000140400,72.3,0.2
2026-09-05T16:53:42.780+00:00,A_sell_B_buy,1.4129,-8.9871,79984.0,79985.0,3.61135,25.10493,79972.6,79972.7,0.001,5.436,0.0000125000,-0.0000140400,0.3,93.2
2026-09-05T16:53:42.780+00:00,B_sell_A_buy,-1.5504,-11.9504,79984.0,79985.0,3.61135,25.10493,79972.6,79972.7,0.001,5.436,0.0000125000,-0.0000140400,0.3,93.2
2026-09-05T16:53:43.962+00:00,A_sell_B_buy,1.4129,-8.9871,79984.0,79985.0,3.47334,25.10493,79972.6,79972.7,0.001,5.162,0.0000125000,-0.0000140400,0.4,820.9
2026-09-05T16:53:43.962+00:00,B_sell_A_buy,-1.5504,-11.9504,79984.0,79985.0,3.47334,25.10493,79972.6,79972.7,0.001,5.162,0.0000125000,-0.0000140400,0.4,820.9
2026-09-05T16:53:45.009+00:00,A_sell_B_buy,4.4269,-5.9731,79984.0,79985.0,0.16336,28.1786,79948.5,79948.6,0.472,0.034,0.0000125000,-0.0000140400,0.2,71.0
2026-09-05T16:53:45.009+00:00,B_sell_A_buy,-4.5644,-14.9644,79984.0,79985.0,0.16336,28.1786,79948.5,79948.6,0.472,0.034,0.0000125000,-0.0000140400,0.2,71.0
2026-09-05T16:53:46.064+00:00,A_sell_B_buy,1.2379,-9.1621,79976.0,79977.0,2.72891,2.10191,79966.0,79966.09999999999,0.21,1.174,0.0000125000,-0.0000140400,0.2,74.1
2026-09-05T16:53:46.064+00:00,B_sell_A_buy,-1.3755,-11.7755,79976.0,79977.0,2.72891,2.10191,79966.0,79966.09999999999,0.21,1.174,0.0000125000,-0.0000140400,0.2,74.1
2026-09-05T16:53:47.082+00:00,A_sell_B_buy,1.6006,-8.7994,79976.0,79977.0,4.19846,3.26525,79963.1,79963.2,0.319,0.448,0.0000125000,-0.0000140400,0.2,36.3
2026-09-05T16:53:47.082+00:00,B_sell_A_buy,-1.7382,-12.1382,79976.0,79977.0,4.19846,3.26525,79963.1,79963.2,0.319,0.448,0.0000125000,-0.0000140400,0.2,36.3
2026-09-05T16:53:48.085+00:00,A_sell_B_buy,1.6006,-8.7994,79976.0,79977.0,2.82363,3.41118,79963.1,79963.2,0.319,0.155,0.0000125000,-0.0000140400,0.2,54.7
2026-09-05T16:53:48.085+00:00,B_sell_A_buy,-1.7382,-12.1382,79976.0,79977.0,2.82363,3.41118,79963.1,79963.2,0.319,0.155,0.0000125000,-0.0000140400,0.2,54.7
2026-09-05T16:53:49.103+00:00,A_sell_B_buy,1.6006,-8.7994,79976.0,79977.0,3.03502,2.62441,79963.1,79963.2,0.629,0.021,0.0000125000,-0.0000140400,0.2,508.2
2026-09-05T16:53:49.103+00:00,B_sell_A_buy,-1.7382,-12.1382,79976.0,79977.0,3.03502,2.62441,79963.1,79963.2,0.629,0.021,0.0000125000,-0.0000140400,0.2,508.2
2026-09-05T16:53:50.191+00:00,A_sell_B_buy,1.6006,-8.7994,79976.0,79977.0,4.2874,1.81743,79963.1,79963.2,0.629,0.001,0.0000125000,-0.0000140400,129.8,0.3
2026-09-05T16:53:50.191+00:00,B_sell_A_buy,-1.7382,-12.1382,79976.0,79977.0,4.2874,1.81743,79963.1,79963.2,0.629,0.001,0.0000125000,-0.0000140400,129.8,0.3
2026-09-05T16:53:51.249+00:00,A_sell_B_buy,0.5877,-9.8123,79976.0,79977.0,7.30146,1.83452,79971.2,79971.3,0.022,1.513,0.0000125000,-0.0000140400,0.3,204.4
2026-09-05T16:53:51.249+00:00,B_sell_A_buy,-0.7252,-11.1252,79976.0,79977.0,7.30146,1.83452,79971.2,79971.3,0.022,1.513,0.0000125000,-0.0000140400,0.3,204.4
2026-09-05T16:53:52.252+00:00,A_sell_B_buy,0.5877,-9.8123,79976.0,79977.0,7.14586,1.33438,79971.2,79971.3,0.228,1.186,0.0000125000,-0.0000140400,0.2,112.1
2026-09-05T16:53:52.252+00:00,B_sell_A_buy,-0.7252,-11.1252,79976.0,79977.0,7.14586,1.33438,79971.2,79971.3,0.228,1.186,0.0000125000,-0.0000140400,0.2,112.1
2026-09-05T16:53:53.825+00:00,A_sell_B_buy,0.5877,-9.8123,79976.0,79977.0,12.18073,1.25241,79971.2,79971.3,0.228,1.036,0.0000125000,-0.0000140400,0.3,875.7
2026-09-05T16:53:53.825+00:00,B_sell_A_buy,-0.7252,-11.1252,79976.0,79977.0,12.18073,1.25241,79971.2,79971.3,0.228,1.036,0.0000125000,-0.0000140400,0.3,875.7
2026-09-05T16:53:54.933+00:00,A_sell_B_buy,0.5877,-9.8123,79976.0,79977.0,12.38251,0.48469,79971.2,79971.3,0.275,1.036,0.0000125000,-0.0000140400,0.3,246.7
2026-09-05T16:53:54.933+00:00,B_sell_A_buy,-0.7252,-11.1252,79976.0,79977.0,12.38251,0.48469,79971.2,79971.3,0.275,1.036,0.0000125000,-0.0000140400,0.3,246.7
2026-09-05T16:53:55.945+00:00,A_sell_B_buy,0.5877,-9.8123,79976.0,79977.0,10.42879,0.48469,79971.2,79971.3,2.105,0.088,0.0000125000,-0.0000140400,0.2,147.8
2026-09-05T16:53:55.945+00:00,B_sell_A_buy,-0.7252,-11.1252,79976.0,79977.0,10.42879,0.48469,79971.2,79971.3,2.105,0.088,0.0000125000,-0.0000140400,0.2,147.8
2026-09-05T16:53:57.679+00:00,A_sell_B_buy,0.5877,-9.8123,79976.0,79977.0,17.29345,0.00567,79971.2,79971.3,2.105,0.088,0.0000125000,-0.0000140400,0.3,1881.9
2026-09-05T16:53:57.679+00:00,B_sell_A_buy,-0.7252,-11.1252,79976.0,79977.0,17.29345,0.00567,79971.2,79971.3,2.105,0.088,0.0000125000,-0.0000140400,0.3,1881.9
2026-09-05T16:54:00.583+00:00,A_sell_B_buy,1.5879,-8.8121,79984.0,79985.0,6.42966,20.13521,79971.2,79971.3,1.865,0.088,0.0000125000,-0.0000138700,37.9,0.2
2026-09-05T16:54:00.583+00:00,B_sell_A_buy,-1.7255,-12.1255,79984.0,79985.0,6.42966,20.13521,79971.2,79971.3,1.865,0.088,0.0000125000,-0.0000138700,37.9,0.2
2026-09-05T16:54:01.895+00:00,A_sell_B_buy,1.5879,-8.8121,79984.0,79985.0,6.42217,20.63515,79971.2,79971.3,1.865,0.088,0.0000125000,-0.0000138700,383.5,0.2
2026-09-05T16:54:01.895+00:00,B_sell_A_buy,-1.7255,-12.1255,79984.0,79985.0,6.42217,20.63515,79971.2,79971.3,1.865,0.088,0.0000125000,-0.0000138700,383.5,0.2
2026-09-05T16:54:03.012+00:00,A_sell_B_buy,1.5879,-8.8121,79984.0,79985.0,6.92193,20.64265,79971.2,79971.3,1.865,0.088,0.0000125000,-0.0000138700,0.3,1118.3
2026-09-05T16:54:03.012+00:00,B_sell_A_buy,-1.7255,-12.1255,79984.0,79985.0,6.92193,20.64265,79971.2,79971.3,1.865,0.088,0.0000125000,-0.0000138700,0.3,1118.3
2026-09-05T16:54:04.045+00:00,A_sell_B_buy,1.5879,-8.8121,79984.0,79985.0,8.58895,20.14256,79971.2,79971.3,2.097,0.088,0.0000125000,-0.0000138700,0.2,495.7
2026-09-05T16:54:04.045+00:00,B_sell_A_buy,-1.7255,-12.1255,79984.0,79985.0,8.58895,20.14256,79971.2,79971.3,2.097,0.088,0.0000125000,-0.0000138700,0.2,495.7
2026-09-05T16:54:05.121+00:00,A_sell_B_buy,1.5879,-8.8121,79984.0,79985.0,8.62385,20.64265,79971.2,79971.3,2.097,0.088,0.0000125000,-0.0000138700,0.3,1572.1
2026-09-05T16:54:05.121+00:00,B_sell_A_buy,-1.7255,-12.1255,79984.0,79985.0,8.62385,20.64265,79971.2,79971.3,2.097,0.088,0.0000125000,-0.0000138700,0.3,1572.1
2026-09-05T16:54:06.226+00:00,A_sell_B_buy,1.5879,-8.8121,79984.0,79985.0,6.92575,20.14152,79971.2,79971.3,1.865,0.088,0.0000125000,-0.0000138700,0.2,591.3
2026-09-05T16:54:06.226+00:00,B_sell_A_buy,-1.7255,-12.1255,79984.0,79985.0,6.92575,20.14152,79971.2,79971.3,1.865,0.088,0.0000125000,-0.0000138700,0.2,591.3
2026-09-05T16:54:07.295+00:00,A_sell_B_buy,0.9502,-9.4498,79984.0,79985.0,6.92575,20.95167,79976.3,79976.4,0.157,0.228,0.0000125000,-0.0000138700,247.3,0.1
2026-09-05T16:54:07.295+00:00,B_sell_A_buy,-1.0878,-11.4878,79984.0,79985.0,6.92575,20.95167,79976.3,79976.4,0.157,0.228,0.0000125000,-0.0000138700,247.3,0.1
2026-09-05T16:54:08.342+00:00,A_sell_B_buy,2.3132,-8.0868,79984.0,79985.0,1.0941,22.85022,79965.40000000001,79965.5,3.162,0.376,0.0000125000,-0.0000138700,162.5,0.2
2026-09-05T16:54:08.342+00:00,B_sell_A_buy,-2.4508,-12.8508,79984.0,79985.0,1.0941,22.85022,79965.40000000001,79965.5,3.162,0.376,0.0000125000,-0.0000138700,162.5,0.2
2026-09-05T16:54:09.382+00:00,A_sell_B_buy,2.3132,-8.0868,79984.0,79985.0,1.0941,23.42222,79965.40000000001,79965.5,3.162,0.376,0.0000125000,-0.0000138700,104.5,0.1
2026-09-05T16:54:09.382+00:00,B_sell_A_buy,-2.4508,-12.8508,79984.0,79985.0,1.0941,23.42222,79965.40000000001,79965.5,3.162,0.376,0.0000125000,-0.0000138700,104.5,0.1
2026-09-05T16:54:10.388+00:00,A_sell_B_buy,2.3132,-8.0868,79984.0,79985.0,1.08152,23.41649,79965.40000000001,79965.5,3.027,0.406,0.0000125000,-0.0000138700,83.9,0.1
2026-09-05T16:54:10.388+00:00,B_sell_A_buy,-2.4508,-12.8508,79984.0,79985.0,1.08152,23.41649,79965.40000000001,79965.5,3.027,0.406,0.0000125000,-0.0000138700,83.9,0.1
2026-09-05T16:54:11.394+00:00,A_sell_B_buy,2.3132,-8.0868,79984.0,79985.0,0.94344,20.96935,79965.40000000001,79965.5,0.259,0.406,0.0000125000,-0.0000138700,0.3,445.2
2026-09-05T16:54:11.394+00:00,B_sell_A_buy,-2.4508,-12.8508,79984.0,79985.0,0.94344,20.96935,79965.40000000001,79965.5,0.259,0.406,0.0000125000,-0.0000138700,0.3,445.2
2026-09-05T16:54:12.397+00:00,A_sell_B_buy,2.3132,-8.0868,79984.0,79985.0,0.81838,20.772,79965.40000000001,79965.5,0.349,0.376,0.0000125000,-0.0000138700,0.2,12.7
2026-09-05T16:54:12.397+00:00,B_sell_A_buy,-2.4508,-12.8508,79984.0,79985.0,0.81838,20.772,79965.40000000001,79965.5,0.349,0.376,0.0000125000,-0.0000138700,0.2,12.7
2026-09-05T16:54:13.767+00:00,A_sell_B_buy,2.3132,-8.0868,79984.0,79985.0,0.91844,20.77262,79965.40000000001,79965.5,1.849,0.376,0.0000125000,-0.0000138700,0.3,871.6
2026-09-05T16:54:13.767+00:00,B_sell_A_buy,-2.4508,-12.8508,79984.0,79985.0,0.91844,20.77262,79965.40000000001,79965.5,1.849,0.376,0.0000125000,-0.0000138700,0.3,871.6
2026-09-05T16:54:14.866+00:00,A_sell_B_buy,2.3132,-8.0868,79984.0,79985.0,0.73268,20.68614,79965.40000000001,79965.5,1.849,0.02,0.0000125000,-0.0000138700,0.2,420.3
2026-09-05T16:54:14.866+00:00,B_sell_A_buy,-2.4508,-12.8508,79984.0,79985.0,0.73268,20.68614,79965.40000000001,79965.5,1.849,0.02,0.0000125000,-0.0000138700,0.2,420.3
2026-09-05T16:54:15.981+00:00,A_sell_B_buy,2.3132,-8.0868,79984.0,79985.0,0.90445,20.57724,79965.40000000001,79965.5,1.849,0.02,0.0000125000,-0.0000138700,0.3,1535.5
2026-09-05T16:54:15.981+00:00,B_sell_A_buy,-2.4508,-12.8508,79984.0,79985.0,0.90445,20.57724,79965.40000000001,79965.5,1.849,0.02,0.0000125000,-0.0000138700,0.3,1535.5
2026-09-05T16:54:19.487+00:00,A_sell_B_buy,2.3132,-8.0868,79984.0,79985.0,0.85445,20.0256,79965.40000000001,79965.5,1.832,0.02,0.0000125000,-0.0000138700,333.9,0.3
2026-09-05T16:54:19.487+00:00,B_sell_A_buy,-2.4508,-12.8508,79984.0,79985.0,0.85445,20.0256,79965.40000000001,79965.5,1.832,0.02,0.0000125000,-0.0000138700,333.9,0.3
2026-09-05T16:54:20.499+00:00,A_sell_B_buy,2.3132,-8.0868,79984.0,79985.0,0.88255,20.00685,79965.40000000001,79965.5,1.833,0.02,0.0000125000,-0.0000138700,0.2,305.7
2026-09-05T16:54:20.499+00:00,B_sell_A_buy,-2.4508,-12.8508,79984.0,79985.0,0.88255,20.00685,79965.40000000001,79965.5,1.833,0.02,0.0000125000,-0.0000138700,0.2,305.7
2026-09-05T16:54:21.503+00:00,A_sell_B_buy,2.3132,-8.0868,79984.0,79985.0,0.73249,20.56375,79965.40000000001,79965.5,1.833,0.02,0.0000125000,-0.0000138700,0.3,216.4
2026-09-05T16:54:21.503+00:00,B_sell_A_buy,-2.4508,-12.8508,79984.0,79985.0,0.73249,20.56375,79965.40000000001,79965.5,1.833,0.02,0.0000125000,-0.0000138700,0.3,216.4
2026-09-05T16:54:22.539+00:00,A_sell_B_buy,1.0128,-9.3872,79984.0,79985.0,0.90343,20.5512,79968.8,79975.90000000001,0.02,0.23,0.0000125000,-0.0000138700,157.0,0.1
2026-09-05T16:54:22.539+00:00,B_sell_A_buy,-2.0255,-12.4255,79984.0,79985.0,0.90343,20.5512,79968.8,79975.90000000001,0.02,0.23,0.0000125000,-0.0000138700,157.0,0.1
2026-09-05T16:54:23.561+00:00,A_sell_B_buy,0.9752,-9.4248,79984.0,79985.0,4.07577,16.64946,79976.09999999999,79976.2,0.385,2.939,0.0000125000,-0.0000138700,0.3,325.2
2026-09-05T16:54:23.561+00:00,B_sell_A_buy,-1.1128,-11.5128,79984.0,79985.0,4.07577,16.64946,79976.09999999999,79976.2,0.385,2.939,0.0000125000,-0.0000138700,0.3,325.2
2026-09-05T16:54:24.600+00:00,A_sell_B_buy,0.9752,-9.4248,79984.0,79985.0,5.37507,16.56689,79976.09999999999,79976.2,1.885,2.835,0.0000125000,-0.0000138700,93.3,0.2
2026-09-05T16:54:24.600+00:00,B_sell_A_buy,-1.1128,-11.5128,79984.0,79985.0,5.37507,16.56689,79976.09999999999,79976.2,1.885,2.835,0.0000125000,-0.0000138700,93.3,0.2
2026-09-05T16:54:25.704+00:00,A_sell_B_buy,0.9752,-9.4248,79984.0,79985.0,5.25049,16.16565,79976.09999999999,79976.2,1.975,2.835,0.0000125000,-0.0000138700,221.3,0.1
2026-09-05T16:54:25.704+00:00,B_sell_A_buy,-1.1128,-11.5128,79984.0,79985.0,5.25049,16.16565,79976.09999999999,79976.2,1.975,2.835,0.0000125000,-0.0000138700,221.3,0.1
2026-09-05T16:54:26.775+00:00,A_sell_B_buy,0.9752,-9.4248,79984.0,79985.0,5.25717,16.15977,79976.09999999999,79976.2,1.973,2.805,0.0000125000,-0.0000138700,0.3,169.0
2026-09-05T16:54:26.775+00:00,B_sell_A_buy,-1.1128,-11.5128,79984.0,79985.0,5.25717,16.15977,79976.09999999999,79976.2,1.973,2.805,0.0000125000,-0.0000138700,0.3,169.0
2026-09-05T16:54:27.991+00:00,A_sell_B_buy,0.9752,-9.4248,79984.0,79985.0,7.56468,16.15973,79976.09999999999,79976.2,1.928,2.805,0.0000125000,-0.0000138700,237.8,0.2
2026-09-05T16:54:27.991+00:00,B_sell_A_buy,-1.1128,-11.5128,79984.0,79985.0,7.56468,16.15973,79976.09999999999,79976.2,1.928,2.805,0.0000125000,-0.0000138700,237.8,0.2
2026-09-05T16:54:29.108+00:00,A_sell_B_buy,0.9752,-9.4248,79984.0,79985.0,7.65889,15.10008,79976.09999999999,79976.2,1.975,2.805,0.0000125000,-0.0000138700,0.2,748.9
2026-09-05T16:54:29.108+00:00,B_sell_A_buy,-1.1128,-11.5128,79984.0,79985.0,7.65889,15.10008,79976.09999999999,79976.2,1.975,2.805,0.0000125000,-0.0000138700,0.2,748.9
2026-09-05T16:54:30.119+00:00,A_sell_B_buy,0.9752,-9.4248,79984.0,79985.0,7.53167,16.77039,79976.09999999999,79976.2,0.387,2.834,0.0000125000,-0.0000138700,0.3,569.9
2026-09-05T16:54:30.119+00:00,B_sell_A_buy,-1.1128,-11.5128,79984.0,79985.0,7.53167,16.77039,79976.09999999999,79976.2,0.387,2.834,0.0000125000,-0.0000138700,0.3,569.9
2026-09-05T16:54:31.141+00:00,A_sell_B_buy,0.9752,-9.4248,79984.0,79985.0,7.53154,18.01619,79976.09999999999,79976.2,0.475,2.719,0.0000125000,-0.0000138700,0.3,554.6
2026-09-05T16:54:31.141+00:00,B_sell_A_buy,-1.1128,-11.5128,79984.0,79985.0,7.53154,18.01619,79976.09999999999,79976.2,0.475,2.719,0.0000125000,-0.0000138700,0.3,554.6
2026-09-05T16:54:32.184+00:00,A_sell_B_buy,0.8252,-9.5748,79984.0,79985.0,9.23578,15.93869,79977.3,79977.40000000001,2.063,3.151,0.0000125000,-0.0000138700,0.2,93.6
2026-09-05T16:54:32.184+00:00,B_sell_A_buy,-0.9627,-11.3627,79984.0,79985.0,9.23578,15.93869,79977.3,79977.40000000001,2.063,3.151,0.0000125000,-0.0000138700,0.2,93.6
2026-09-05T16:54:33.454+00:00,A_sell_B_buy,0.8252,-9.5748,79984.0,79985.0,9.02685,15.92796,79977.3,79977.40000000001,2.058,3.001,0.0000125000,-0.0000138700,0.2,999.7
2026-09-05T16:54:33.454+00:00,B_sell_A_buy,-0.9627,-11.3627,79984.0,79985.0,9.02685,15.92796,79977.3,79977.40000000001,2.058,3.001,0.0000125000,-0.0000138700,0.2,999.7
2026-09-05T16:54:34.493+00:00,A_sell_B_buy,0.8252,-9.5748,79984.0,79985.0,2.77903,16.40688,79977.3,79977.40000000001,0.02,4.533,0.0000125000,-0.0000138700,0.2,443.0
2026-09-05T16:54:34.493+00:00,B_sell_A_buy,-0.9627,-11.3627,79984.0,79985.0,2.77903,16.40688,79977.3,79977.40000000001,0.02,4.533,0.0000125000,-0.0000138700,0.2,443.0
2026-09-05T16:54:35.572+00:00,A_sell_B_buy,1.3504,-9.0496,79984.0,79985.0,3.03578,16.70247,79973.1,79973.2,0.334,0.356,0.0000125000,-0.0000138700,0.3,79.7
2026-09-05T16:54:35.572+00:00,B_sell_A_buy,-1.4879,-11.8879,79984.0,79985.0,3.03578,16.70247,79973.1,79973.2,0.334,0.356,0.0000125000,-0.0000138700,0.3,79.7
2026-09-05T16:54:36.599+00:00,A_sell_B_buy,1.8630,-8.5370,79984.0,79985.0,3.66178,17.39215,79969.0,79969.1,0.475,0.008,0.0000125000,-0.0000138700,28.9,0.2
2026-09-05T16:54:36.599+00:00,B_sell_A_buy,-2.0006,-12.4006,79984.0,79985.0,3.66178,17.39215,79969.0,79969.1,0.475,0.008,0.0000125000,-0.0000138700,28.9,0.2
2026-09-05T16:54:37.624+00:00,A_sell_B_buy,1.8630,-8.5370,79984.0,79985.0,1.47697,16.83396,79969.0,79969.1,0.445,0.008,0.0000125000,-0.0000138700,0.3,468.0
2026-09-05T16:54:37.624+00:00,B_sell_A_buy,-2.0006,-12.4006,79984.0,79985.0,1.47697,16.83396,79969.0,79969.1,0.445,0.008,0.0000125000,-0.0000138700,0.3,468.0
2026-09-05T16:54:38.688+00:00,A_sell_B_buy,1.8630,-8.5370,79984.0,79985.0,2.72713,16.84617,79969.0,79969.1,1.945,0.212,0.0000125000,-0.0000138700,0.4,639.6
2026-09-05T16:54:38.688+00:00,B_sell_A_buy,-2.0006,-12.4006,79984.0,79985.0,2.72713,16.84617,79969.0,79969.1,1.945,0.212,0.0000125000,-0.0000138700,0.4,639.6
2026-09-05T16:54:39.703+00:00,A_sell_B_buy,1.8630,-8.5370,79984.0,79985.0,4.73804,16.58324,79969.0,79969.1,1.945,0.008,0.0000125000,-0.0000138700,0.3,157.7
2026-09-05T16:54:39.703+00:00,B_sell_A_buy,-2.0006,-12.4006,79984.0,79985.0,4.73804,16.58324,79969.0,79969.1,1.945,0.008,0.0000125000,-0.0000138700,0.3,157.7
2026-09-05T16:54:40.746+00:00,A_sell_B_buy,1.8630,-8.5370,79984.0,79985.0,4.42428,17.27321,79969.0,79969.1,1.946,0.008,0.0000125000,-0.0000138700,0.3,990.0
2026-09-05T16:54:40.746+00:00,B_sell_A_buy,-2.0006,-12.4006,79984.0,79985.0,4.42428,17.27321,79969.0,79969.1,1.946,0.008,0.0000125000,-0.0000138700,0.3,990.0
2026-09-05T16:54:41.817+00:00,A_sell_B_buy,1.8630,-8.5370,79984.0,79985.0,4.42307,17.46075,79969.0,79969.1,1.946,0.008,0.0000125000,-0.0000138700,0.2,314.6
2026-09-05T16:54:41.817+00:00,B_sell_A_buy,-2.0006,-12.4006,79984.0,79985.0,4.42307,17.46075,79969.0,79969.1,1.946,0.008,0.0000125000,-0.0000138700,0.2,314.6
2026-09-05T16:54:42.930+00:00,A_sell_B_buy,1.8630,-8.5370,79984.0,79985.0,1.47364,17.71368,79969.0,79969.1,1.945,0.225,0.0000125000,-0.0000138700,0.2,377.8
2026-09-05T16:54:42.930+00:00,B_sell_A_buy,-2.0006,-12.4006,79984.0,79985.0,1.47364,17.71368,79969.0,79969.1,1.945,0.225,0.0000125000,-0.0000138700,0.2,377.8
2026-09-05T16:54:43.947+00:00,A_sell_B_buy,1.8630,-8.5370,79984.0,79985.0,1.47364,17.55734,79969.0,79969.1,1.946,0.008,0.0000125000,-0.0000138700,49.9,0.2
2026-09-05T16:54:43.947+00:00,B_sell_A_buy,-2.0006,-12.4006,79984.0,79985.0,1.47364,17.55734,79969.0,79969.1,1.946,0.008,0.0000125000,-0.0000138700,49.9,0.2
2026-09-05T16:54:45.110+00:00,A_sell_B_buy,1.8630,-8.5370,79984.0,79985.0,4.72635,17.08633,79969.0,79969.1,1.946,0.008,0.0000125000,-0.0000138700,0.3,1162.8
2026-09-05T16:54:45.110+00:00,B_sell_A_buy,-2.0006,-12.4006,79984.0,79985.0,4.72635,17.08633,79969.0,79969.1,1.946,0.008,0.0000125000,-0.0000138700,0.3,1162.8
2026-09-05T16:54:46.234+00:00,A_sell_B_buy,1.8630,-8.5370,79984.0,79985.0,3.3067,17.41126,79969.0,79969.1,1.945,0.008,0.0000125000,-0.0000138700,0.2,586.0
2026-09-05T16:54:46.234+00:00,B_sell_A_buy,-2.0006,-12.4006,79984.0,79985.0,3.3067,17.41126,79969.0,79969.1,1.945,0.008,0.0000125000,-0.0000138700,0.2,586.0
2026-09-05T16:54:47.265+00:00,A_sell_B_buy,1.8630,-8.5370,79984.0,79985.0,3.92496,16.40243,79969.0,79969.1,1.953,0.008,0.0000125000,-0.0000138700,233.4,0.3
2026-09-05T16:54:47.265+00:00,B_sell_A_buy,-2.0006,-12.4006,79984.0,79985.0,3.92496,16.40243,79969.0,79969.1,1.953,0.008,0.0000125000,-0.0000138700,233.4,0.3
2026-09-05T16:54:48.286+00:00,A_sell_B_buy,0.4874,-9.9126,80015.0,80017.0,0.00909,0.81223,80006.09999999999,80011.1,0.378,3.001,0.0000125000,-0.0000138700,28.3,0.1
2026-09-05T16:54:48.286+00:00,B_sell_A_buy,-1.3623,-11.7623,80015.0,80017.0,0.00909,0.81223,80006.09999999999,80011.1,0.378,3.001,0.0000125000,-0.0000138700,28.3,0.1
2026-09-05T16:54:49.288+00:00,A_sell_B_buy,1.7744,-8.6256,80032.0,80033.0,12.65429,2.27713,80017.7,80017.79999999999,2.064,0.111,0.0000125000,-0.0000138700,32.1,0.1
2026-09-05T16:54:49.288+00:00,B_sell_A_buy,-1.9119,-12.3119,80032.0,80033.0,12.65429,2.27713,80017.7,80017.79999999999,2.064,0.111,0.0000125000,-0.0000138700,32.1,0.1
2026-09-05T16:54:50.297+00:00,A_sell_B_buy,1.9619,-8.4381,80032.0,80033.0,6.13333,1.53918,80016.09999999999,80016.3,4.081,0.04,0.0000125000,-0.0000138700,69.5,0.1
2026-09-05T16:54:50.297+00:00,B_sell_A_buy,-2.1119,-12.5119,80032.0,80033.0,6.13333,1.53918,80016.09999999999,80016.3,4.081,0.04,0.0000125000,-0.0000138700,69.5,0.1
2026-09-05T16:54:51.321+00:00,A_sell_B_buy,-1.5118,-11.9118,80032.0,80033.0,23.6383,1.52659,80044.0,80044.09999999999,2.133,0.001,0.0000125000,-0.0000138700,0.3,181.6
2026-09-05T16:54:51.321+00:00,B_sell_A_buy,1.3743,-9.0257,80032.0,80033.0,23.6383,1.52659,80044.0,80044.09999999999,2.133,0.001,0.0000125000,-0.0000138700,0.3,181.6
2026-09-05T16:54:52.325+00:00,A_sell_B_buy,3.7347,-6.6653,80074.0,80075.0,1.42079,4.87815,80044.0,80044.09999999999,10.803,0.001,0.0000125000,-0.0000138700,0.1,24.2
2026-09-05T16:54:52.325+00:00,B_sell_A_buy,-3.8721,-14.2721,80074.0,80075.0,1.42079,4.87815,80044.0,80044.09999999999,10.803,0.001,0.0000125000,-0.0000138700,0.1,24.2
2026-09-05T16:54:53.325+00:00,A_sell_B_buy,2.1111,-8.2889,80061.0,80062.0,0.03552,0.01,80044.0,80044.09999999999,7.346,0.262,0.0000125000,-0.0000138700,0.1,32.0
2026-09-05T16:54:53.325+00:00,B_sell_A_buy,-2.2485,-12.6485,80061.0,80062.0,0.03552,0.01,80044.0,80044.09999999999,7.346,0.262,0.0000125000,-0.0000138700,0.1,32.0
2026-09-05T16:54:54.338+00:00,A_sell_B_buy,2.4858,-7.9142,80064.0,80065.0,1.02346,0.86191,80044.0,80044.09999999999,6.652,0.262,0.0000125000,-0.0000138700,39.6,0.2
2026-09-05T16:54:54.338+00:00,B_sell_A_buy,-2.6232,-13.0232,80064.0,80065.0,1.02346,0.86191,80044.0,80044.09999999999,6.652,0.262,0.0000125000,-0.0000138700,39.6,0.2
2026-09-05T16:54:55.347+00:00,A_sell_B_buy,2.4858,-7.9142,80064.0,80065.0,12.29488,1.50882,80044.0,80044.09999999999,7.403,0.001,0.0000125000,-0.0000138700,246.8,0.1
2026-09-05T16:54:55.347+00:00,B_sell_A_buy,-2.6232,-13.0232,80064.0,80065.0,12.29488,1.50882,80044.0,80044.09999999999,7.403,0.001,0.0000125000,-0.0000138700,246.8,0.1
2026-09-05T16:54:56.349+00:00,A_sell_B_buy,2.4858,-7.9142,80064.0,80065.0,11.30412,0.28769,80044.0,80044.09999999999,9.849,0.001,0.0000125000,-0.0000138700,307.5,0.2
2026-09-05T16:54:56.349+00:00,B_sell_A_buy,-2.6232,-13.0232,80064.0,80065.0,11.30412,0.28769,80044.0,80044.09999999999,9.849,0.001,0.0000125000,-0.0000138700,307.5,0.2
2026-09-05T16:54:57.440+00:00,A_sell_B_buy,1.6612,-8.7388,80068.0,80069.0,19.08931,1.03846,80054.59999999999,80054.7,0.675,0.213,0.0000125000,-0.0000138700,111.5,0.2
2026-09-05T16:54:57.440+00:00,B_sell_A_buy,-1.7986,-12.1986,80068.0,80069.0,19.08931,1.03846,80054.59999999999,80054.7,0.675,0.213,0.0000125000,-0.0000138700,111.5,0.2
2026-09-05T16:54:58.460+00:00,A_sell_B_buy,2.1356,-8.2644,80078.0,80079.0,8.06341,1.80923,80060.8,80060.9,0.342,0.471,0.0000125000,-0.0000138700,0.1,27.8
2026-09-05T16:54:58.460+00:00,B_sell_A_buy,-2.2730,-12.6730,80078.0,80079.0,8.06341,1.80923,80060.8,80060.9,0.342,0.471,0.0000125000,-0.0000138700,0.1,27.8
2026-09-05T16:54:59.549+00:00,A_sell_B_buy,2.0107,-8.3893,80078.0,80079.0,8.47509,2.30731,80061.79999999999,80061.90000000001,0.564,0.001,0.0000125000,-0.0000138700,0.2,299.6
2026-09-05T16:54:59.549+00:00,B_sell_A_buy,-2.1481,-12.5481,80078.0,80079.0,8.47509,2.30731,80061.79999999999,80061.90000000001,0.564,0.001,0.0000125000,-0.0000138700,0.2,299.6
2026-09-05T16:55:00.738+00:00,A_sell_B_buy,1.6860,-8.7140,80078.0,80079.0,9.99107,2.34281,80064.4,80064.5,0.338,0.082,0.0000125000,-0.0000137700,258.6,0.2
2026-09-05T16:55:00.738+00:00,B_sell_A_buy,-1.8234,-12.2234,80078.0,80079.0,9.99107,2.34281,80064.4,80064.5,0.338,0.082,0.0000125000,-0.0000137700,258.6,0.2
2026-09-05T16:55:01.743+00:00,A_sell_B_buy,1.6860,-8.7140,80078.0,80079.0,4.50392,2.31092,80064.4,80064.5,0.512,0.286,0.0000125000,-0.0000137700,0.1,249.6
2026-09-05T16:55:01.743+00:00,B_sell_A_buy,-1.8234,-12.2234,80078.0,80079.0,4.50392,2.31092,80064.4,80064.5,0.512,0.286,0.0000125000,-0.0000137700,0.1,249.6
2026-09-05T16:55:02.790+00:00,A_sell_B_buy,1.6735,-8.7265,80078.0,80079.0,11.05748,0.89207,80064.5,80064.6,0.328,0.004,0.0000125000,-0.0000137700,0.2,437.7
2026-09-05T16:55:02.790+00:00,B_sell_A_buy,-1.8109,-12.2109,80078.0,80079.0,11.05748,0.89207,80064.5,80064.6,0.328,0.004,0.0000125000,-0.0000137700,0.2,437.7
2026-09-05T16:55:03.795+00:00,A_sell_B_buy,1.6735,-8.7265,80078.0,80079.0,2.80212,1.36438,80064.5,80064.6,0.053,2.542,0.0000125000,-0.0000137700,100.0,0.1
2026-09-05T16:55:03.795+00:00,B_sell_A_buy,-1.8109,-12.2109,80078.0,80079.0,2.80212,1.36438,80064.5,80064.6,0.053,2.542,0.0000125000,-0.0000137700,100.0,0.1
2026-09-05T16:55:04.817+00:00,A_sell_B_buy,2.7973,-7.6027,80087.0,80088.0,3.99234,1.63333,80064.5,80064.6,0.696,0.004,0.0000125000,-0.0000137700,0.2,30.6
2026-09-05T16:55:04.817+00:00,B_sell_A_buy,-2.9347,-13.3347,80087.0,80088.0,3.99234,1.63333,80064.5,80064.6,0.696,0.004,0.0000125000,-0.0000137700,0.2,30.6
2026-09-05T16:55:05.819+00:00,A_sell_B_buy,-2.9839,-13.3839,80087.0,80088.0,16.12087,0.94238,80096.7,80110.9,0.229,3.001,0.0000125000,-0.0000137700,34.7,0.1
2026-09-05T16:55:05.819+00:00,B_sell_A_buy,1.0862,-9.3138,80087.0,80088.0,16.12087,0.94238,80096.7,80110.9,0.229,3.001,0.0000125000,-0.0000137700,34.7,0.1
2026-09-05T16:55:06.821+00:00,A_sell_B_buy,1.0486,-9.3514,80114.0,80115.0,1.66039,0.04974,80103.8,80105.6,0.04,0.454,0.0000125000,-0.0000137700,0.3,19.6
2026-09-05T16:55:06.821+00:00,B_sell_A_buy,-1.3981,-11.7981,80114.0,80115.0,1.66039,0.04974,80103.8,80105.6,0.04,0.454,0.0000125000,-0.0000137700,0.3,19.6
2026-09-05T16:55:07.831+00:00,A_sell_B_buy,5.0185,-5.3815,80123.0,80124.0,1.00361,11.71287,80082.7,80082.8,4.061,0.735,0.0000125000,-0.0000137700,0.2,33.7
2026-09-05T16:55:07.831+00:00,B_sell_A_buy,-5.1559,-15.5559,80123.0,80124.0,1.00361,11.71287,80082.7,80082.8,4.061,0.735,0.0000125000,-0.0000137700,0.2,33.7
2026-09-05T16:55:08.878+00:00,A_sell_B_buy,0.8366,-9.5634,80092.0,80094.0,1.2746,2.23897,80085.2,80085.3,0.001,0.422,0.0000125000,-0.0000137700,0.2,93.5
2026-09-05T16:55:08.878+00:00,B_sell_A_buy,-1.0988,-11.4988,80092.0,80094.0,1.2746,2.23897,80085.2,80085.3,0.001,0.422,0.0000125000,-0.0000137700,0.2,93.5
2026-09-05T16:55:09.885+00:00,A_sell_B_buy,2.6600,-7.7400,80087.0,80088.0,1.2746,11.59715,80065.6,80065.7,0.6,0.069,0.0000125000,-0.0000137700,60.4,0.2
2026-09-05T16:55:09.885+00:00,B_sell_A_buy,-2.7973,-13.1973,80087.0,80088.0,1.2746,11.59715,80065.6,80065.7,0.6,0.069,0.0000125000,-0.0000137700,60.4,0.2
2026-09-05T16:55:10.890+00:00,A_sell_B_buy,-0.0375,-10.4375,80085.0,80086.0,6.31654,3.43862,80085.2,80085.3,0.036,0.089,0.0000125000,-0.0000137700,11.2,0.1
2026-09-05T16:55:10.890+00:00,B_sell_A_buy,-0.0999,-10.4999,80085.0,80086.0,6.31654,3.43862,80085.2,80085.3,0.036,0.089,0.0000125000,-0.0000137700,11.2,0.1
2026-09-05T16:55:11.899+00:00,A_sell_B_buy,0.7117,-9.6883,80091.0,80092.0,17.49622,3.29438,80085.2,80085.3,0.036,2.684,0.0000125000,-0.0000137700,12.3,0.2
2026-09-05T16:55:11.899+00:00,B_sell_A_buy,-0.8491,-11.2491,80091.0,80092.0,17.49622,3.29438,80085.2,80085.3,0.036,2.684,0.0000125000,-0.0000137700,12.3,0.2
2026-09-05T16:55:12.900+00:00,A_sell_B_buy,2.3101,-8.0899,80095.0,80096.0,4.85084,5.1279,80068.4,80076.5,3.559,3.818,0.0000125000,-0.0000137700,134.7,0.1
2026-09-05T16:55:12.900+00:00,B_sell_A_buy,-3.4464,-13.8464,80095.0,80096.0,4.85084,5.1279,80068.4,80076.5,3.559,3.818,0.0000125000,-0.0000137700,134.7,0.1
2026-09-05T16:55:13.903+00:00,A_sell_B_buy,2.3100,-8.0900,80095.0,80096.0,0.68406,3.61359,80076.4,80076.5,0.036,0.314,0.0000125000,-0.0000137700,72.3,0.2
2026-09-05T16:55:13.903+00:00,B_sell_A_buy,-2.4474,-12.8474,80095.0,80096.0,0.68406,3.61359,80076.4,80076.5,0.036,0.314,0.0000125000,-0.0000137700,72.3,0.2
2026-09-05T16:55:14.942+00:00,A_sell_B_buy,3.0719,-7.3281,80094.0,80095.0,0.00013,6.93574,80069.3,80069.40000000001,0.245,0.186,0.0000125000,-0.0000137700,62.4,0.1
2026-09-05T16:55:14.942+00:00,B_sell_A_buy,-3.2092,-13.6092,80094.0,80095.0,0.00013,6.93574,80069.3,80069.40000000001,0.245,0.186,0.0000125000,-0.0000137700,62.4,0.1
2026-09-05T16:55:15.960+00:00,A_sell_B_buy,0.7242,-9.6758,80091.0,80092.0,15.92102,0.58495,80079.1,80085.2,6.243,0.209,0.0000125000,-0.0000137700,23.2,0.2
2026-09-05T16:55:15.960+00:00,B_sell_A_buy,-1.6108,-12.0108,80091.0,80092.0,15.92102,0.58495,80079.1,80085.2,6.243,0.209,0.0000125000,-0.0000137700,23.2,0.2
2026-09-05T16:55:17.032+00:00,A_sell_B_buy,2.1103,-8.2897,80091.0,80092.0,1.25493,2.78495,80071.5,80074.09999999999,3.747,4.45,0.0000125000,-0.0000137700,101.0,0.2
2026-09-05T16:55:17.032+00:00,B_sell_A_buy,-2.5599,-12.9599,80091.0,80092.0,1.25493,2.78495,80071.5,80074.09999999999,3.747,4.45,0.0000125000,-0.0000137700,101.0,0.2
2026-09-05T16:55:18.032+00:00,A_sell_B_buy,2.4351,-7.9649,80091.0,80092.0,1.85165,12.79491,80066.09999999999,80071.5,0.323,2.267,0.0000125000,-0.0000137700,167.4,0.2
2026-09-05T16:55:18.032+00:00,B_sell_A_buy,-3.2343,-13.6343,80091.0,80092.0,1.85165,12.79491,80066.09999999999,80071.5,0.323,2.267,0.0000125000,-0.0000137700,167.4,0.2
2026-09-05T16:55:19.163+00:00,A_sell_B_buy,1.4113,-8.9887,80076.0,80077.0,4.28076,4.2145,80064.6,80064.7,0.004,0.984,0.0000125000,-0.0000137700,0.3,324.7
2026-09-05T16:55:19.163+00:00,B_sell_A_buy,-1.5486,-11.9486,80076.0,80077.0,4.28076,4.2145,80064.6,80064.7,0.004,0.984,0.0000125000,-0.0000137700,0.3,324.7
2026-09-05T16:55:20.188+00:00,A_sell_B_buy,0.5370,-9.8630,80069.0,80070.0,0.50366,0.229,80064.6,80064.7,0.004,0.223,0.0000125000,-0.0000137700,82.0,0.2
2026-09-05T16:55:20.188+00:00,B_sell_A_buy,-0.6744,-11.0744,80069.0,80070.0,0.50366,0.229,80064.6,80064.7,0.004,0.223,0.0000125000,-0.0000137700,82.0,0.2
2026-09-05T16:55:21.257+00:00,A_sell_B_buy,0.5370,-9.8630,80069.0,80070.0,6.08791,1.49826,80064.6,80064.7,0.004,1.208,0.0000125000,-0.0000137700,88.4,0.2
2026-09-05T16:55:21.257+00:00,B_sell_A_buy,-0.6744,-11.0744,80069.0,80070.0,6.08791,1.49826,80064.6,80064.7,0.004,1.208,0.0000125000,-0.0000137700,88.4,0.2
2026-09-05T16:55:22.385+00:00,A_sell_B_buy,2.8732,-7.5268,80062.0,80063.0,0.02126,5.16848,80038.9,80039.0,0.178,0.081,0.0000125000,-0.0000137700,175.9,0.1
2026-09-05T16:55:22.385+00:00,B_sell_A_buy,-3.0106,-13.4106,80062.0,80063.0,0.02126,5.16848,80038.9,80039.0,0.178,0.081,0.0000125000,-0.0000137700,175.9,0.1
2026-09-05T16:55:23.455+00:00,A_sell_B_buy,1.6241,-8.7759,80052.0,80053.0,0.9556,4.10925,80038.9,80039.0,0.677,0.711,0.0000125000,-0.0000137700,0.2,163.5
2026-09-05T16:55:23.455+00:00,B_sell_A_buy,-1.7615,-12.1615,80052.0,80053.0,0.9556,4.10925,80038.9,80039.0,0.677,0.711,0.0000125000,-0.0000137700,0.2,163.5
2026-09-05T16:55:24.581+00:00,A_sell_B_buy,0.4997,-9.9003,80043.0,80044.0,8.82429,1.35612,80038.9,80039.0,0.392,2.197,0.0000125000,-0.0000137700,0.3,150.6
2026-09-05T16:55:24.581+00:00,B_sell_A_buy,-0.6372,-11.0372,80043.0,80044.0,8.82429,1.35612,80038.9,80039.0,0.392,2.197,0.0000125000,-0.0000137700,0.3,150.6
2026-09-05T16:55:25.638+00:00,A_sell_B_buy,-0.4247,-10.8247,80047.0,80048.0,11.52808,0.00013,80046.8,80050.4,0.57,0.008,0.0000125000,-0.0000137700,111.3,0.2
2026-09-05T16:55:25.638+00:00,B_sell_A_buy,-0.1499,-10.5499,80047.0,80048.0,11.52808,0.00013,80046.8,80050.4,0.57,0.008,0.0000125000,-0.0000137700,111.3,0.2
2026-09-05T16:55:26.671+00:00,A_sell_B_buy,2.2988,-8.1012,80051.0,80052.0,2.5412,5.9142,80032.5,80032.6,1.252,4.183,0.0000125000,-0.0000137700,0.3,174.9
2026-09-05T16:55:26.671+00:00,B_sell_A_buy,-2.4362,-12.8362,80051.0,80052.0,2.5412,5.9142,80032.5,80032.6,1.252,4.183,0.0000125000,-0.0000137700,0.3,174.9
2026-09-05T16:55:27.702+00:00,A_sell_B_buy,2.2988,-8.1012,80051.0,80052.0,0.31373,8.81461,80032.5,80032.6,0.656,5.761,0.0000125000,-0.0000137700,0.3,262.5
2026-09-05T16:55:27.702+00:00,B_sell_A_buy,-2.4362,-12.8362,80051.0,80052.0,0.31373,8.81461,80032.5,80032.6,0.656,5.761,0.0000125000,-0.0000137700,0.3,262.5
2026-09-05T16:55:28.760+00:00,A_sell_B_buy,0.5498,-9.8502,80037.0,80038.0,3.73842,0.49226,80032.5,80032.6,0.656,5.761,0.0000125000,-0.0000137700,0.3,612.1
2026-09-05T16:55:28.760+00:00,B_sell_A_buy,-0.6872,-11.0872,80037.0,80038.0,3.73842,0.49226,80032.5,80032.6,0.656,5.761,0.0000125000,-0.0000137700,0.3,612.1
2026-09-05T16:55:29.772+00:00,A_sell_B_buy,0.5498,-9.8502,80037.0,80038.0,3.8287,1.78,80032.5,80032.6,0.002,6.391,0.0000125000,-0.0000137700,0.2,122.0
2026-09-05T16:55:29.772+00:00,B_sell_A_buy,-0.6872,-11.0872,80037.0,80038.0,3.8287,1.78,80032.5,80032.6,0.002,6.391,0.0000125000,-0.0000137700,0.2,122.0
2026-09-05T16:55:30.785+00:00,A_sell_B_buy,0.5498,-9.8502,80037.0,80038.0,2.06717,3.64553,80032.5,80032.6,0.002,7.144,0.0000125000,-0.0000137700,0.1,175.6
2026-09-05T16:55:30.785+00:00,B_sell_A_buy,-0.6872,-11.0872,80037.0,80038.0,2.06717,3.64553,80032.5,80032.6,0.002,7.144,0.0000125000,-0.0000137700,0.1,175.6
2026-09-05T16:55:31.799+00:00,A_sell_B_buy,-0.5747,-10.9747,80037.0,80038.0,2.06545,3.18475,80032.5,80041.6,0.587,3.511,0.0000125000,-0.0000137700,38.9,0.1
2026-09-05T16:55:31.799+00:00,B_sell_A_buy,-0.6872,-11.0872,80037.0,80038.0,2.06545,3.18475,80032.5,80041.6,0.587,3.511,0.0000125000,-0.0000137700,38.9,0.1
2026-09-05T16:55:32.839+00:00,A_sell_B_buy,0.6247,-9.7753,80039.0,80040.0,16.99818,0.53048,80033.90000000001,80034.0,0.036,0.445,0.0000125000,-0.0000137700,0.2,93.3
2026-09-05T16:55:32.839+00:00,B_sell_A_buy,-0.7622,-11.1622,80039.0,80040.0,16.99818,0.53048,80033.90000000001,80034.0,0.036,0.445,0.0000125000,-0.0000137700,0.2,93.3
2026-09-05T16:55:33.896+00:00,A_sell_B_buy,0.6247,-9.7753,80039.0,80040.0,10.22117,1.91175,80033.90000000001,80034.0,0.036,2.101,0.0000125000,-0.0000137700,0.2,257.1
2026-09-05T16:55:33.896+00:00,B_sell_A_buy,-0.7622,-11.1622,80039.0,80040.0,10.22117,1.91175,80033.90000000001,80034.0,0.036,2.101,0.0000125000,-0.0000137700,0.2,257.1
2026-09-05T16:55:34.941+00:00,A_sell_B_buy,0.6247,-9.7753,80039.0,80040.0,11.15541,1.89288,80033.90000000001,80034.0,0.54,1.737,0.0000125000,-0.0000137700,0.2,400.1
2026-09-05T16:55:34.941+00:00,B_sell_A_buy,-0.7622,-11.1622,80039.0,80040.0,11.15541,1.89288,80033.90000000001,80034.0,0.54,1.737,0.0000125000,-0.0000137700,0.2,400.1
2026-09-05T16:55:35.970+00:00,A_sell_B_buy,0.6247,-9.7753,80039.0,80040.0,10.55051,1.33468,80033.90000000001,80034.0,0.255,2.724,0.0000125000,-0.0000137700,0.3,75.2
2026-09-05T16:55:35.970+00:00,B_sell_A_buy,-0.7622,-11.1622,80039.0,80040.0,10.55051,1.33468,80033.90000000001,80034.0,0.255,2.724,0.0000125000,-0.0000137700,0.3,75.2
2026-09-05T16:55:36.973+00:00,A_sell_B_buy,0.6247,-9.7753,80039.0,80040.0,9.02942,1.8393,80033.90000000001,80034.0,0.036,2.094,0.0000125000,-0.0000137700,0.3,720.4
2026-09-05T16:55:36.973+00:00,B_sell_A_buy,-0.7622,-11.1622,80039.0,80040.0,9.02942,1.8393,80033.90000000001,80034.0,0.036,2.094,0.0000125000,-0.0000137700,0.3,720.4
2026-09-05T16:55:38.065+00:00,A_sell_B_buy,0.9496,-9.4504,80039.0,80040.0,9.9853,1.56254,80031.3,80031.4,0.248,6.356,0.0000125000,-0.0000137700,0.2,415.9
2026-09-05T16:55:38.065+00:00,B_sell_A_buy,-1.0870,-11.4870,80039.0,80040.0,9.9853,1.56254,80031.3,80031.4,0.248,6.356,0.0000125000,-0.0000137700,0.2,415.9
2026-09-05T16:55:39.074+00:00,A_sell_B_buy,0.9496,-9.4504,80039.0,80040.0,8.72416,1.62305,80031.3,80031.4,0.248,0.008,0.0000125000,-0.0000137700,140.2,0.1
2026-09-05T16:55:39.074+00:00,B_sell_A_buy,-1.0870,-11.4870,80039.0,80040.0,8.72416,1.62305,80031.3,80031.4,0.248,0.008,0.0000125000,-0.0000137700,140.2,0.1
2026-09-05T16:55:40.083+00:00,A_sell_B_buy,1.7739,-8.6261,80056.0,80058.0,2.4997,0.0176,80041.7,80041.79999999999,0.835,0.089,0.0000125000,-0.0000137700,0.3,236.1
2026-09-05T16:55:40.083+00:00,B_sell_A_buy,-2.0362,-12.4362,80056.0,80058.0,2.4997,0.0176,80041.7,80041.79999999999,0.835,0.089,0.0000125000,-0.0000137700,0.3,236.1
2026-09-05T16:55:41.086+00:00,A_sell_B_buy,1.0368,-9.3632,80058.0,80059.0,12.11819,2.10196,80049.6,80049.7,0.356,0.084,0.0000125000,-0.0000137700,81.1,0.3
2026-09-05T16:55:41.086+00:00,B_sell_A_buy,-1.1742,-11.5742,80058.0,80059.0,12.11819,2.10196,80049.6,80049.7,0.356,0.084,0.0000125000,-0.0000137700,81.1,0.3
2026-09-05T16:55:42.169+00:00,A_sell_B_buy,1.4115,-8.9885,80061.0,80062.0,2.376,0.00233,80049.6,80049.7,0.817,0.638,0.0000125000,-0.0000137700,0.3,710.7
2026-09-05T16:55:42.169+00:00,B_sell_A_buy,-1.5489,-11.9489,80061.0,80062.0,2.376,0.00233,80049.6,80049.7,0.817,0.638,0.0000125000,-0.0000137700,0.3,710.7
2026-09-05T16:55:43.214+00:00,A_sell_B_buy,0.5996,-9.8004,80061.0,80062.0,5.08173,0.99961,80056.09999999999,80056.2,0.346,0.008,0.0000125000,-0.0000137700,0.3,117.3
2026-09-05T16:55:43.214+00:00,B_sell_A_buy,-0.7370,-11.1370,80061.0,80062.0,5.08173,0.99961,80056.09999999999,80056.2,0.346,0.008,0.0000125000,-0.0000137700,0.3,117.3
2026-09-05T16:55:44.228+00:00,A_sell_B_buy,1.3490,-9.0510,80067.0,80068.0,7.21931,5.08041,80056.09999999999,80056.2,0.225,0.894,0.0000125000,-0.0000137700,0.2,134.4
2026-09-05T16:55:44.228+00:00,B_sell_A_buy,-1.4864,-11.8864,80067.0,80068.0,7.21931,5.08041,80056.09999999999,80056.2,0.225,0.894,0.0000125000,-0.0000137700,0.2,134.4
2026-09-05T16:55:45.233+00:00,A_sell_B_buy,1.3490,-9.0510,80067.0,80068.0,3.55131,3.98471,80056.09999999999,80056.2,0.225,2.579,0.0000125000,-0.0000137700,0.2,131.0
2026-09-05T16:55:45.233+00:00,B_sell_A_buy,-1.4864,-11.8864,80067.0,80068.0,3.55131,3.98471,80056.09999999999,80056.2,0.225,2.579,0.0000125000,-0.0000137700,0.2,131.0
2026-09-05T16:55:46.241+00:00,A_sell_B_buy,0.5745,-9.8255,80068.0,80073.0,9.14101,0.71225,80063.3,80063.4,0.22,1.075,0.0000125000,-0.0000137700,60.3,0.2
2026-09-05T16:55:46.241+00:00,B_sell_A_buy,-1.2115,-11.6115,80068.0,80073.0,9.14101,0.71225,80063.3,80063.4,0.22,1.075,0.0000125000,-0.0000137700,60.3,0.2
2026-09-05T16:55:47.336+00:00,A_sell_B_buy,1.0741,-9.3259,80072.0,80073.0,6.53157,4.28258,80063.3,80063.4,0.219,1.943,0.0000125000,-0.0000137700,0.3,287.4
2026-09-05T16:55:47.336+00:00,B_sell_A_buy,-1.2115,-11.6115,80072.0,80073.0,6.53157,4.28258,80063.3,80063.4,0.219,1.943,0.0000125000,-0.0000137700,0.3,287.4
2026-09-05T16:55:48.362+00:00,A_sell_B_buy,1.6362,-8.7638,80072.0,80073.0,2.61698,4.79955,80058.8,80058.9,0.508,3.783,0.0000125000,-0.0000137700,0.1,68.7
2026-09-05T16:55:48.362+00:00,B_sell_A_buy,-1.7735,-12.1735,80072.0,80073.0,2.61698,4.79955,80058.8,80058.9,0.508,3.783,0.0000125000,-0.0000137700,0.1,68.7
2026-09-05T16:55:49.375+00:00,A_sell_B_buy,1.6362,-8.7638,80072.0,80073.0,3.13902,5.06073,80058.8,80058.9,0.508,5.911,0.0000125000,-0.0000137700,0.1,25.5
2026-09-05T16:55:49.375+00:00,B_sell_A_buy,-1.7735,-12.1735,80072.0,80073.0,3.13902,5.06073,80058.8,80058.9,0.508,5.911,0.0000125000,-0.0000137700,0.1,25.5
2026-09-05T16:55:50.404+00:00,A_sell_B_buy,1.6362,-8.7638,80072.0,80073.0,4.50572,4.95721,80058.8,80058.9,0.508,0.666,0.0000125000,-0.0000137700,208.4,0.2
2026-09-05T16:55:50.404+00:00,B_sell_A_buy,-1.7735,-12.1735,80072.0,80073.0,4.50572,4.95721,80058.8,80058.9,0.508,0.666,0.0000125000,-0.0000137700,208.4,0.2
2026-09-05T16:55:51.548+00:00,A_sell_B_buy,1.6362,-8.7638,80072.0,80073.0,3.94023,4.95721,80058.8,80058.9,0.508,0.666,0.0000125000,-0.0000137700,0.2,254.3
2026-09-05T16:55:51.548+00:00,B_sell_A_buy,-1.7735,-12.1735,80072.0,80073.0,3.94023,4.95721,80058.8,80058.9,0.508,0.666,0.0000125000,-0.0000137700,0.2,254.3
2026-09-05T16:55:52.742+00:00,A_sell_B_buy,1.6362,-8.7638,80072.0,80073.0,4.70812,4.8171,80058.8,80058.9,0.746,0.036,0.0000125000,-0.0000137700,285.0,0.2
2026-09-05T16:55:52.742+00:00,B_sell_A_buy,-1.7735,-12.1735,80072.0,80073.0,4.70812,4.8171,80058.8,80058.9,0.746,0.036,0.0000125000,-0.0000137700,285.0,0.2
2026-09-05T16:55:53.794+00:00,A_sell_B_buy,1.8985,-8.5015,80072.0,80073.0,3.09827,5.47635,80056.2,80056.8,0.592,0.072,0.0000125000,-0.0000137700,99.3,0.2
2026-09-05T16:55:53.794+00:00,B_sell_A_buy,-2.0983,-12.4983,80072.0,80073.0,3.09827,5.47635,80056.2,80056.8,0.592,0.072,0.0000125000,-0.0000137700,99.3,0.2
2026-09-05T16:55:54.954+00:00,A_sell_B_buy,1.6362,-8.7638,80072.0,80073.0,5.00241,4.13862,80058.8,80058.9,0.599,0.736,0.0000125000,-0.0000137700,0.2,310.1
2026-09-05T16:55:54.954+00:00,B_sell_A_buy,-1.7735,-12.1735,80072.0,80073.0,5.00241,4.13862,80058.8,80058.9,0.599,0.736,0.0000125000,-0.0000137700,0.2,310.1
2026-09-05T16:55:56.049+00:00,A_sell_B_buy,1.6362,-8.7638,80072.0,80073.0,4.97067,5.09541,80058.8,80058.9,0.599,0.07,0.0000125000,-0.0000137700,113.2,0.2
2026-09-05T16:55:56.049+00:00,B_sell_A_buy,-1.7735,-12.1735,80072.0,80073.0,4.97067,5.09541,80058.8,80058.9,0.599,0.07,0.0000125000,-0.0000137700,113.2,0.2
2026-09-05T16:55:57.088+00:00,A_sell_B_buy,1.6362,-8.7638,80072.0,80073.0,5.02981,4.90751,80058.8,80058.9,0.28,2.015,0.0000125000,-0.0000137700,165.8,0.1
2026-09-05T16:55:57.088+00:00,B_sell_A_buy,-1.7735,-12.1735,80072.0,80073.0,5.02981,4.90751,80058.8,80058.9,0.28,2.015,0.0000125000,-0.0000137700,165.8,0.1
2026-09-05T16:55:58.090+00:00,A_sell_B_buy,1.8985,-8.5015,80072.0,80073.0,3.12353,5.42239,80056.7,80056.8,0.341,4.202,0.0000125000,-0.0000137700,0.1,149.1
2026-09-05T16:55:58.090+00:00,B_sell_A_buy,-2.0359,-12.4359,80072.0,80073.0,3.12353,5.42239,80056.7,80056.8,0.341,4.202,0.0000125000,-0.0000137700,0.1,149.1
2026-09-05T16:55:59.097+00:00,A_sell_B_buy,1.8985,-8.5015,80072.0,80073.0,2.89288,7.16218,80056.7,80056.8,0.034,5.022,0.0000125000,-0.0000137700,0.3,104.1
2026-09-05T16:55:59.097+00:00,B_sell_A_buy,-2.0359,-12.4359,80072.0,80073.0,2.89288,7.16218,80056.7,80056.8,0.034,5.022,0.0000125000,-0.0000137700,0.3,104.1
2026-09-05T16:56:00.109+00:00,A_sell_B_buy,1.8985,-8.5015,80072.0,80073.0,2.46109,6.53776,80056.7,80056.8,0.034,6.52,0.0000125000,-0.0000137700,0.3,215.2
2026-09-05T16:56:00.109+00:00,B_sell_A_buy,-2.0359,-12.4359,80072.0,80073.0,2.46109,6.53776,80056.7,80056.8,0.034,6.52,0.0000125000,-0.0000137700,0.3,215.2
2026-09-05T16:56:01.113+00:00,A_sell_B_buy,0.9119,-9.4881,80057.0,80058.0,0.70478,0.115,80046.7,80049.7,0.247,3.747,0.0000125000,-0.0000133500,57.4,0.1
2026-09-05T16:56:01.113+00:00,B_sell_A_buy,-1.4116,-11.8116,80057.0,80058.0,0.70478,0.115,80046.7,80049.7,0.247,3.747,0.0000125000,-0.0000133500,57.4,0.1
2026-09-05T16:56:02.114+00:00,A_sell_B_buy,0.8994,-9.5006,80054.0,80055.0,0.81888,0.50128,80046.7,80046.8,0.537,0.497,0.0000125000,-0.0000133500,0.2,123.0
2026-09-05T16:56:02.114+00:00,B_sell_A_buy,-1.0368,-11.4368,80054.0,80055.0,0.81888,0.50128,80046.7,80046.8,0.537,0.497,0.0000125000,-0.0000133500,0.2,123.0
2026-09-05T16:56:03.120+00:00,A_sell_B_buy,0.8994,-9.5006,80054.0,80055.0,7.48891,1.55643,80046.7,80046.8,0.247,2.626,0.0000125000,-0.0000133500,0.3,124.2
2026-09-05T16:56:03.120+00:00,B_sell_A_buy,-1.0368,-11.4368,80054.0,80055.0,7.48891,1.55643,80046.7,80046.8,0.247,2.626,0.0000125000,-0.0000133500,0.3,124.2
2026-09-05T16:56:04.156+00:00,A_sell_B_buy,1.6489,-8.7511,80060.0,80061.0,3.14415,2.24807,80046.7,80046.8,0.247,2.626,0.0000125000,-0.0000133500,0.3,1159.8
2026-09-05T16:56:04.156+00:00,B_sell_A_buy,-1.7863,-12.1863,80060.0,80061.0,3.14415,2.24807,80046.7,80046.8,0.247,2.626,0.0000125000,-0.0000133500,0.3,1159.8
2026-09-05T16:56:05.239+00:00,A_sell_B_buy,1.6489,-8.7511,80060.0,80061.0,3.34939,5.21029,80046.7,80046.8,0.442,1.541,0.0000125000,-0.0000133500,107.5,0.2
2026-09-05T16:56:05.239+00:00,B_sell_A_buy,-1.7863,-12.1863,80060.0,80061.0,3.34939,5.21029,80046.7,80046.8,0.442,1.541,0.0000125000,-0.0000133500,107.5,0.2
2026-09-05T16:56:06.245+00:00,A_sell_B_buy,1.6989,-8.7011,80060.0,80061.0,3.0156,5.15798,80046.3,80046.4,0.517,1.658,0.0000125000,-0.0000133500,32.2,0.2
2026-09-05T16:56:06.245+00:00,B_sell_A_buy,-1.8363,-12.2363,80060.0,80061.0,3.0156,5.15798,80046.3,80046.4,0.517,1.658,0.0000125000,-0.0000133500,32.2,0.2
2026-09-05T16:56:07.346+00:00,A_sell_B_buy,0.9119,-9.4881,80054.0,80055.0,13.49248,0.0108,80046.59999999999,80046.7,0.979,0.032,0.0000125000,-0.0000133500,0.2,158.2
2026-09-05T16:56:07.346+00:00,B_sell_A_buy,-1.0493,-11.4493,80054.0,80055.0,13.49248,0.0108,80046.59999999999,80046.7,0.979,0.032,0.0000125000,-0.0000133500,0.2,158.2
2026-09-05T16:56:08.351+00:00,A_sell_B_buy,0.9119,-9.4881,80054.0,80055.0,12.97476,0.001,80046.59999999999,80046.7,0.979,0.032,0.0000125000,-0.0000133500,0.3,1164.7
2026-09-05T16:56:08.351+00:00,B_sell_A_buy,-1.0493,-11.4493,80054.0,80055.0,12.97476,0.001,80046.59999999999,80046.7,0.979,0.032,0.0000125000,-0.0000133500,0.3,1164.7
2026-09-05T16:56:09.358+00:00,A_sell_B_buy,1.0117,-9.3883,80064.0,80065.0,0.52637,2.23428,80055.8,80055.90000000001,0.342,0.463,0.0000125000,-0.0000133500,0.1,160.6
2026-09-05T16:56:09.358+00:00,B_sell_A_buy,-1.1491,-11.5491,80064.0,80065.0,0.52637,2.23428,80055.8,80055.90000000001,0.342,0.463,0.0000125000,-0.0000133500,0.1,160.6
2026-09-05T16:56:10.396+00:00,A_sell_B_buy,0.6621,-9.7379,80056.0,80057.0,0.34937,0.229,80050.59999999999,80050.7,0.227,0.024,0.0000125000,-0.0000133500,159.0,0.4
2026-09-05T16:56:10.396+00:00,B_sell_A_buy,-0.7995,-11.1995,80056.0,80057.0,0.34937,0.229,80050.59999999999,80050.7,0.227,0.024,0.0000125000,-0.0000133500,159.0,0.4
2026-09-05T16:56:11.497+00:00,A_sell_B_buy,1.6613,-8.7387,80064.0,80065.0,3.30783,1.85103,80050.59999999999,80050.7,0.947,0.008,0.0000125000,-0.0000133500,0.2,742.0
2026-09-05T16:56:11.497+00:00,B_sell_A_buy,-1.7987,-12.1987,80064.0,80065.0,3.30783,1.85103,80050.59999999999,80050.7,0.947,0.008,0.0000125000,-0.0000133500,0.2,742.0
2026-09-05T16:56:12.643+00:00,A_sell_B_buy,1.6613,-8.7387,80064.0,80065.0,3.27216,3.66272,80050.59999999999,80050.7,0.672,0.008,0.0000125000,-0.0000133500,461.0,0.2
2026-09-05T16:56:12.643+00:00,B_sell_A_buy,-1.7987,-12.1987,80064.0,80065.0,3.27216,3.66272,80050.59999999999,80050.7,0.672,0.008,0.0000125000,-0.0000133500,461.0,0.2
2026-09-05T16:56:13.654+00:00,A_sell_B_buy,1.0867,-9.3133,80064.0,80065.0,2.42953,3.55888,80050.59999999999,80055.3,0.922,0.001,0.0000125000,-0.0000133500,175.7,0.2
2026-09-05T16:56:13.654+00:00,B_sell_A_buy,-1.7987,-12.1987,80064.0,80065.0,2.42953,3.55888,80050.59999999999,80055.3,0.922,0.001,0.0000125000,-0.0000133500,175.7,0.2
2026-09-05T16:56:14.732+00:00,A_sell_B_buy,2.9483,-7.4517,80058.0,80059.0,0.00422,9.30189,80034.3,80034.4,0.273,3.787,0.0000125000,-0.0000133500,0.4,433.5
2026-09-05T16:56:14.732+00:00,B_sell_A_buy,-3.0857,-13.4857,80058.0,80059.0,0.00422,9.30189,80034.3,80034.4,0.273,3.787,0.0000125000,-0.0000133500,0.4,433.5
2026-09-05T16:56:15.736+00:00,A_sell_B_buy,-0.0500,-10.4500,80034.0,80041.0,8.07373,0.53876,80034.3,80034.4,0.001,5.286,0.0000125000,-0.0000133500,0.2,88.7
2026-09-05T16:56:15.736+00:00,B_sell_A_buy,-0.8371,-11.2371,80034.0,80041.0,8.07373,0.53876,80034.3,80034.4,0.001,5.286,0.0000125000,-0.0000133500,0.2,88.7
2026-09-05T16:56:16.739+00:00,A_sell_B_buy,1.1994,-9.2006,80044.0,80045.0,1.56325,6.94121,80034.3,80034.4,0.001,6.066,0.0000125000,-0.0000133500,0.2,81.4
2026-09-05T16:56:16.739+00:00,B_sell_A_buy,-1.3368,-11.7368,80044.0,80045.0,1.56325,6.94121,80034.3,80034.4,0.001,6.066,0.0000125000,-0.0000133500,0.2,81.4
2026-09-05T16:56:17.805+00:00,A_sell_B_buy,1.1994,-9.2006,80044.0,80045.0,1.62698,5.93365,80034.3,80034.4,0.001,6.816,0.0000125000,-0.0000133500,0.3,157.4
2026-09-05T16:56:17.805+00:00,B_sell_A_buy,-1.3368,-11.7368,80044.0,80045.0,1.62698,5.93365,80034.3,80034.4,0.001,6.816,0.0000125000,-0.0000133500,0.3,157.4
2026-09-05T16:56:18.869+00:00,A_sell_B_buy,1.1994,-9.2006,80044.0,80045.0,1.51988,5.63337,80034.3,80034.4,0.001,6.666,0.0000125000,-0.0000133500,0.2,129.5
2026-09-05T16:56:18.869+00:00,B_sell_A_buy,-1.3368,-11.7368,80044.0,80045.0,1.51988,5.63337,80034.3,80034.4,0.001,6.666,0.0000125000,-0.0000133500,0.2,129.5
2026-09-05T16:56:19.883+00:00,A_sell_B_buy,1.1994,-9.2006,80044.0,80045.0,1.67604,5.9623,80034.3,80034.4,0.001,6.107,0.0000125000,-0.0000133500,0.1,38.6
2026-09-05T16:56:19.883+00:00,B_sell_A_buy,-1.3368,-11.7368,80044.0,80045.0,1.67604,5.9623,80034.3,80034.4,0.001,6.107,0.0000125000,-0.0000133500,0.1,38.6
2026-09-05T16:56:20.897+00:00,A_sell_B_buy,0.0750,-10.3250,80035.0,80036.0,2.70802,2.49667,80034.3,80034.4,0.001,6.257,0.0000125000,-0.0000133500,0.2,945.3
2026-09-05T16:56:20.897+00:00,B_sell_A_buy,-0.2124,-10.6124,80035.0,80036.0,2.70802,2.49667,80034.3,80034.4,0.001,6.257,0.0000125000,-0.0000133500,0.2,945.3
2026-09-05T16:56:22.155+00:00,A_sell_B_buy,0.0750,-10.3250,80035.0,80036.0,2.0535,1.24542,80034.3,80034.4,0.001,6.895,0.0000125000,-0.0000133500,0.3,263.0
2026-09-05T16:56:22.155+00:00,B_sell_A_buy,-0.2124,-10.6124,80035.0,80036.0,2.0535,1.24542,80034.3,80034.4,0.001,6.895,0.0000125000,-0.0000133500,0.3,263.0
2026-09-05T16:56:23.287+00:00,A_sell_B_buy,0.0750,-10.3250,80035.0,80036.0,2.39828,3.67952,80034.3,80034.4,0.001,6.895,0.0000125000,-0.0000133500,0.3,1395.3
2026-09-05T16:56:23.287+00:00,B_sell_A_buy,-0.2124,-10.6124,80035.0,80036.0,2.39828,3.67952,80034.3,80034.4,0.001,6.895,0.0000125000,-0.0000133500,0.3,1395.3
2026-09-05T16:56:24.302+00:00,A_sell_B_buy,0.0750,-10.3250,80035.0,80036.0,10.37073,0.68824,80034.3,80034.4,0.229,2.857,0.0000125000,-0.0000133500,30.5,0.2
2026-09-05T16:56:24.302+00:00,B_sell_A_buy,-0.2124,-10.6124,80035.0,80036.0,10.37073,0.68824,80034.3,80034.4,0.229,2.857,0.0000125000,-0.0000133500,30.5,0.2
2026-09-05T16:56:25.726+00:00,A_sell_B_buy,0.0750,-10.3250,80035.0,80036.0,6.09128,0.62701,80034.3,80034.4,0.229,2.707,0.0000125000,-0.0000133500,0.3,1340.7
2026-09-05T16:56:25.726+00:00,B_sell_A_buy,-0.2124,-10.6124,80035.0,80036.0,6.09128,0.62701,80034.3,80034.4,0.229,2.707,0.0000125000,-0.0000133500,0.3,1340.7
2026-09-05T16:56:26.853+00:00,A_sell_B_buy,0.0750,-10.3250,80035.0,80036.0,5.0293,0.62701,80034.3,80034.4,0.229,2.41,0.0000125000,-0.0000133500,684.1,0.2
2026-09-05T16:56:26.853+00:00,B_sell_A_buy,-0.2124,-10.6124,80035.0,80036.0,5.0293,0.62701,80034.3,80034.4,0.229,2.41,0.0000125000,-0.0000133500,684.1,0.2
2026-09-05T16:56:27.886+00:00,A_sell_B_buy,0.0750,-10.3250,80035.0,80036.0,5.0293,0.62701,80034.3,80034.4,0.229,2.096,0.0000125000,-0.0000133500,1717.7,0.3
2026-09-05T16:56:27.886+00:00,B_sell_A_buy,-0.2124,-10.6124,80035.0,80036.0,5.0293,0.62701,80034.3,80034.4,0.229,2.096,0.0000125000,-0.0000133500,1717.7,0.3
2026-09-05T16:56:28.998+00:00,A_sell_B_buy,0.0625,-10.3375,80043.0,80044.0,6.05682,0.0022,80042.4,80042.5,0.762,3.747,0.0000125000,-0.0000133500,0.2,700.6
2026-09-05T16:56:28.998+00:00,B_sell_A_buy,-0.1999,-10.5999,80043.0,80044.0,6.05682,0.0022,80042.4,80042.5,0.762,3.747,0.0000125000,-0.0000133500,0.2,700.6
2026-09-05T16:56:30.049+00:00,A_sell_B_buy,0.1874,-10.2126,80044.0,80045.0,20.88495,0.09677,80042.4,80042.5,0.762,3.747,0.0000125000,-0.0000133500,0.2,104.1
2026-09-05T16:56:30.049+00:00,B_sell_A_buy,-0.3248,-10.7248,80044.0,80045.0,20.88495,0.09677,80042.4,80042.5,0.762,3.747,0.0000125000,-0.0000133500,0.2,104.1
2026-09-05T16:56:31.099+00:00,A_sell_B_buy,0.1874,-10.2126,80044.0,80045.0,18.00723,0.08549,80042.4,80042.5,0.762,3.747,0.0000125000,-0.0000133500,0.3,1152.9
2026-09-05T16:56:31.099+00:00,B_sell_A_buy,-0.3248,-10.7248,80044.0,80045.0,18.00723,0.08549,80042.4,80042.5,0.762,3.747,0.0000125000,-0.0000133500,0.3,1152.9
2026-09-05T16:56:32.180+00:00,A_sell_B_buy,0.1874,-10.2126,80044.0,80045.0,14.75433,0.08449,80042.4,80042.5,0.463,3.747,0.0000125000,-0.0000133500,0.3,91.3
2026-09-05T16:56:32.180+00:00,B_sell_A_buy,-0.3248,-10.7248,80044.0,80045.0,14.75433,0.08449,80042.4,80042.5,0.463,3.747,0.0000125000,-0.0000133500,0.3,91.3
2026-09-05T16:56:33.243+00:00,A_sell_B_buy,0.1874,-10.2126,80044.0,80045.0,18.1124,0.30449,80042.4,80042.5,1.065,0.158,0.0000125000,-0.0000133500,328.0,0.2
2026-09-05T16:56:33.243+00:00,B_sell_A_buy,-0.3248,-10.7248,80044.0,80045.0,18.1124,0.30449,80042.4,80042.5,1.065,0.158,0.0000125000,-0.0000133500,328.0,0.2
2026-09-05T16:56:34.338+00:00,A_sell_B_buy,-0.1999,-10.5999,80044.0,80045.0,18.8111,0.14446,80045.5,80045.6,0.854,0.469,0.0000125000,-0.0000133500,0.3,242.9
2026-09-05T16:56:34.338+00:00,B_sell_A_buy,0.0625,-10.3375,80044.0,80045.0,18.8111,0.14446,80045.5,80045.6,0.854,0.469,0.0000125000,-0.0000133500,0.3,242.9
2026-09-05T16:56:35.339+00:00,A_sell_B_buy,0.0000,-10.4000,80057.0,80060.0,0.99546,0.00586,80056.6,80057.0,0.15,0.073,0.0000125000,-0.0000133500,0.1,46.7
2026-09-05T16:56:35.339+00:00,B_sell_A_buy,-0.4247,-10.8247,80057.0,80060.0,0.99546,0.00586,80056.6,80057.0,0.15,0.073,0.0000125000,-0.0000133500,0.1,46.7
2026-09-05T16:56:36.489+00:00,A_sell_B_buy,1.7861,-8.6139,80071.0,80072.0,3.246,6.30119,80056.6,80056.7,0.265,0.474,0.0000125000,-0.0000133500,0.3,688.9
2026-09-05T16:56:36.489+00:00,B_sell_A_buy,-1.9235,-12.3235,80071.0,80072.0,3.246,6.30119,80056.6,80056.7,0.265,0.474,0.0000125000,-0.0000133500,0.3,688.9
2026-09-05T16:56:37.506+00:00,A_sell_B_buy,1.7861,-8.6139,80071.0,80072.0,1.68003,4.9745,80056.6,80056.7,0.652,0.474,0.0000125000,-0.0000133500,198.1,0.2
2026-09-05T16:56:37.506+00:00,B_sell_A_buy,-1.9235,-12.3235,80071.0,80072.0,1.68003,4.9745,80056.6,80056.7,0.652,0.474,0.0000125000,-0.0000133500,198.1,0.2
2026-09-05T16:56:38.689+00:00,A_sell_B_buy,1.1116,-9.2884,80071.0,80072.0,1.94239,4.77642,80062.0,80062.09999999999,0.008,2.683,0.0000125000,-0.0000133500,0.3,191.6
2026-09-05T16:56:38.689+00:00,B_sell_A_buy,-1.2490,-11.6490,80071.0,80072.0,1.94239,4.77642,80062.0,80062.09999999999,0.008,2.683,0.0000125000,-0.0000133500,0.3,191.6
2026-09-05T16:56:39.749+00:00,A_sell_B_buy,1.1116,-9.2884,80071.0,80072.0,1.6953,4.67969,80062.0,80062.09999999999,0.264,2.683,0.0000125000,-0.0000133500,0.2,110.0
2026-09-05T16:56:39.749+00:00,B_sell_A_buy,-1.2490,-11.6490,80071.0,80072.0,1.6953,4.67969,80062.0,80062.09999999999,0.264,2.683,0.0000125000,-0.0000133500,0.2,110.0
2026-09-05T16:56:40.751+00:00,A_sell_B_buy,1.1116,-9.2884,80071.0,80072.0,2.51437,2.21775,80062.0,80062.09999999999,0.945,1.506,0.0000125000,-0.0000133500,149.5,0.2
2026-09-05T16:56:40.751+00:00,B_sell_A_buy,-1.2490,-11.6490,80071.0,80072.0,2.51437,2.21775,80062.0,80062.09999999999,0.945,1.506,0.0000125000,-0.0000133500,149.5,0.2
2026-09-05T16:56:41.856+00:00,A_sell_B_buy,1.1116,-9.2884,80071.0,80072.0,2.46775,3.66176,80062.0,80062.09999999999,0.563,1.98,0.0000125000,-0.0000133500,0.2,509.2
2026-09-05T16:56:41.856+00:00,B_sell_A_buy,-1.2490,-11.6490,80071.0,80072.0,2.46775,3.66176,80062.0,80062.09999999999,0.563,1.98,0.0000125000,-0.0000133500,0.2,509.2
2026-09-05T16:56:43.373+00:00,A_sell_B_buy,1.1116,-9.2884,80071.0,80072.0,2.37975,3.80321,80062.0,80062.09999999999,0.654,1.98,0.0000125000,-0.0000133500,0.3,1029.7
2026-09-05T16:56:43.373+00:00,B_sell_A_buy,-1.2490,-11.6490,80071.0,80072.0,2.37975,3.80321,80062.0,80062.09999999999,0.654,1.98,0.0000125000,-0.0000133500,0.3,1029.7
2026-09-05T16:56:44.441+00:00,A_sell_B_buy,1.1116,-9.2884,80071.0,80072.0,2.55793,3.79883,80062.0,80062.09999999999,0.654,1.664,0.0000125000,-0.0000133500,0.2,390.1
2026-09-05T16:56:44.441+00:00,B_sell_A_buy,-1.2490,-11.6490,80071.0,80072.0,2.55793,3.79883,80062.0,80062.09999999999,0.654,1.664,0.0000125000,-0.0000133500,0.2,390.1
2026-09-05T16:56:45.594+00:00,A_sell_B_buy,1.2365,-9.1635,80072.0,80073.0,1.92713,1.01395,80062.0,80062.09999999999,0.956,0.63,0.0000125000,-0.0000133500,161.8,0.2
2026-09-05T16:56:45.594+00:00,B_sell_A_buy,-1.3738,-11.7738,80072.0,80073.0,1.92713,1.01395,80062.0,80062.09999999999,0.956,0.63,0.0000125000,-0.0000133500,161.8,0.2
2026-09-05T16:56:46.602+00:00,A_sell_B_buy,-0.2248,-10.6248,80072.0,80073.0,10.9361,0.05147,80073.7,80073.79999999999,0.038,4.432,0.0000125000,-0.0000133500,0.3,14.7
2026-09-05T16:56:46.602+00:00,B_sell_A_buy,0.0874,-10.3126,80072.0,80073.0,10.9361,0.05147,80073.7,80073.79999999999,0.038,4.432,0.0000125000,-0.0000133500,0.3,14.7
2026-09-05T16:56:47.612+00:00,A_sell_B_buy,0.1499,-10.2501,80075.0,80076.0,3.66614,0.15,80073.7,80073.79999999999,0.037,5.347,0.0000125000,-0.0000133500,60.9,0.1
2026-09-05T16:56:47.612+00:00,B_sell_A_buy,-0.2872,-10.6872,80075.0,80076.0,3.66614,0.15,80073.7,80073.79999999999,0.037,5.347,0.0000125000,-0.0000133500,60.9,0.1
2026-09-05T16:56:48.650+00:00,A_sell_B_buy,0.1499,-10.2501,80075.0,80076.0,9.23172,1.39182,80073.7,80073.79999999999,0.264,5.333,0.0000125000,-0.0000133500,163.7,0.2
2026-09-05T16:56:48.650+00:00,B_sell_A_buy,-0.2872,-10.6872,80075.0,80076.0,9.23172,1.39182,80073.7,80073.79999999999,0.264,5.333,0.0000125000,-0.0000133500,163.7,0.2
2026-09-05T16:56:49.658+00:00,A_sell_B_buy,0.1499,-10.2501,80075.0,80076.0,8.26159,1.30565,80073.7,80073.79999999999,0.264,5.368,0.0000125000,-0.0000133500,139.0,0.1
2026-09-05T16:56:49.658+00:00,B_sell_A_buy,-0.2872,-10.6872,80075.0,80076.0,8.26159,1.30565,80073.7,80073.79999999999,0.264,5.368,0.0000125000,-0.0000133500,139.0,0.1
2026-09-05T16:56:50.710+00:00,A_sell_B_buy,0.2747,-10.1253,80076.0,80077.0,49.52136,0.00013,80073.7,80073.79999999999,0.984,0.089,0.0000125000,-0.0000133500,0.2,549.1
2026-09-05T16:56:50.710+00:00,B_sell_A_buy,-0.4121,-10.8121,80076.0,80077.0,49.52136,0.00013,80073.7,80073.79999999999,0.984,0.089,0.0000125000,-0.0000133500,0.2,549.1
2026-09-05T16:56:51.727+00:00,A_sell_B_buy,1.3613,-9.0387,80076.0,80077.0,20.21842,1.13652,80065.0,80065.1,0.253,3.803,0.0000125000,-0.0000133500,0.1,35.7
2026-09-05T16:56:51.727+00:00,B_sell_A_buy,-1.4987,-11.8987,80076.0,80077.0,20.21842,1.13652,80065.0,80065.1,0.253,3.803,0.0000125000,-0.0000133500,0.1,35.7
2026-09-05T16:56:52.763+00:00,A_sell_B_buy,1.3613,-9.0387,80076.0,80077.0,0.23602,4.14754,80065.0,80065.1,0.504,3.787,0.0000125000,-0.0000133500,0.2,69.7
2026-09-05T16:56:52.763+00:00,B_sell_A_buy,-1.4987,-11.8987,80076.0,80077.0,0.23602,4.14754,80065.0,80065.1,0.504,3.787,0.0000125000,-0.0000133500,0.2,69.7
2026-09-05T16:56:53.793+00:00,A_sell_B_buy,1.8109,-8.5891,80076.0,80077.0,0.06988,1.6581,80061.40000000001,80061.5,0.894,0.04,0.0000125000,-0.0000133500,0.3,342.8
2026-09-05T16:56:53.793+00:00,B_sell_A_buy,-1.9483,-12.3483,80076.0,80077.0,0.06988,1.6581,80061.40000000001,80061.5,0.894,0.04,0.0000125000,-0.0000133500,0.3,342.8
2026-09-05T16:56:54.913+00:00,A_sell_B_buy,1.8109,-8.5891,80076.0,80077.0,8.27993,0.59496,80061.40000000001,80061.5,2.392,0.037,0.0000125000,-0.0000133500,0.1,255.3
2026-09-05T16:56:54.913+00:00,B_sell_A_buy,-1.9483,-12.3483,80076.0,80077.0,8.27993,0.59496,80061.40000000001,80061.5,2.392,0.037,0.0000125000,-0.0000133500,0.1,255.3
2026-09-05T16:56:55.984+00:00,A_sell_B_buy,1.8109,-8.5891,80076.0,80077.0,8.68256,2.00201,80061.40000000001,80061.5,2.392,0.037,0.0000125000,-0.0000133500,0.3,1325.4
2026-09-05T16:56:55.984+00:00,B_sell_A_buy,-1.9483,-12.3483,80076.0,80077.0,8.68256,2.00201,80061.40000000001,80061.5,2.392,0.037,0.0000125000,-0.0000133500,0.3,1325.4
2026-09-05T16:56:57.846+00:00,A_sell_B_buy,0.6494,-9.7506,80077.0,80078.0,6.35965,2.83892,80061.40000000001,80071.8,2.392,6.244,0.0000125000,-0.0000133500,28.1,0.1
2026-09-05T16:56:57.846+00:00,B_sell_A_buy,-2.0731,-12.4731,80077.0,80078.0,6.35965,2.83892,80061.40000000001,80071.8,2.392,6.244,0.0000125000,-0.0000133500,28.1,0.1
2026-09-05T16:56:58.896+00:00,A_sell_B_buy,0.7743,-9.6257,80080.0,80081.0,16.28134,0.96547,80073.7,80073.79999999999,0.252,1.243,0.0000125000,-0.0000133500,0.2,202.1
2026-09-05T16:56:58.896+00:00,B_sell_A_buy,-0.9116,-11.3116,80080.0,80081.0,16.28134,0.96547,80073.7,80073.79999999999,0.252,1.243,0.0000125000,-0.0000133500,0.2,202.1
2026-09-05T16:56:59.958+00:00,A_sell_B_buy,1.5235,-8.8765,80086.0,80087.0,6.21187,1.90548,80073.7,80073.79999999999,0.251,1.243,0.0000125000,-0.0000133500,0.1,452.9
2026-09-05T16:56:59.958+00:00,B_sell_A_buy,-1.6608,-12.0608,80086.0,80087.0,6.21187,1.90548,80073.7,80073.79999999999,0.251,1.243,0.0000125000,-0.0000133500,0.1,452.9
2026-09-05T16:57:00.958+00:00,A_sell_B_buy,1.5235,-8.8765,80086.0,80087.0,4.4234,4.72065,80073.7,80073.79999999999,0.251,1.243,0.0000125000,-0.0000132800,153.2,0.2
2026-09-05T16:57:00.958+00:00,B_sell_A_buy,-1.6608,-12.0608,80086.0,80087.0,4.4234,4.72065,80073.7,80073.79999999999,0.251,1.243,0.0000125000,-0.0000132800,153.2,0.2
2026-09-05T16:57:02.055+00:00,A_sell_B_buy,1.5235,-8.8765,80086.0,80087.0,4.25766,1.96295,80073.7,80073.79999999999,0.251,1.093,0.0000125000,-0.0000132800,0.3,198.8
2026-09-05T16:57:02.055+00:00,B_sell_A_buy,-1.6608,-12.0608,80086.0,80087.0,4.25766,1.96295,80073.7,80073.79999999999,0.251,1.093,0.0000125000,-0.0000132800,0.3,198.8
2026-09-05T16:57:03.127+00:00,A_sell_B_buy,1.7732,-8.6268,80088.0,80089.0,1.00095,6.21741,80073.7,80073.79999999999,0.557,1.093,0.0000125000,-0.0000132800,0.2,286.2
2026-09-05T16:57:03.127+00:00,B_sell_A_buy,-1.9106,-12.3106,80088.0,80089.0,1.00095,6.21741,80073.7,80073.79999999999,0.557,1.093,0.0000125000,-0.0000132800,0.2,286.2
2026-09-05T16:57:04.139+00:00,A_sell_B_buy,1.7732,-8.6268,80088.0,80089.0,1.00135,7.56169,80073.7,80073.79999999999,0.251,1.093,0.0000125000,-0.0000132800,0.1,45.9
2026-09-05T16:57:04.139+00:00,B_sell_A_buy,-1.9106,-12.3106,80088.0,80089.0,1.00135,7.56169,80073.7,80073.79999999999,0.251,1.093,0.0000125000,-0.0000132800,0.1,45.9
2026-09-05T16:57:05.147+00:00,A_sell_B_buy,1.7732,-8.6268,80088.0,80089.0,1.00135,7.46045,80073.7,80073.79999999999,0.251,2.591,0.0000125000,-0.0000132800,0.2,96.1
2026-09-05T16:57:05.147+00:00,B_sell_A_buy,-1.9106,-12.3106,80088.0,80089.0,1.00135,7.46045,80073.7,80073.79999999999,0.251,2.591,0.0000125000,-0.0000132800,0.2,96.1
2026-09-05T16:57:06.227+00:00,A_sell_B_buy,1.7732,-8.6268,80088.0,80089.0,1.5008,3.11684,80073.7,80073.79999999999,0.251,2.591,0.0000125000,-0.0000132800,0.2,526.0
2026-09-05T16:57:06.227+00:00,B_sell_A_buy,-1.9106,-12.3106,80088.0,80089.0,1.5008,3.11684,80073.7,80073.79999999999,0.251,2.591,0.0000125000,-0.0000132800,0.2,526.0
2026-09-05T16:57:07.297+00:00,A_sell_B_buy,1.7732,-8.6268,80088.0,80089.0,2.30719,3.12289,80073.7,80073.79999999999,0.251,2.591,0.0000125000,-0.0000132800,0.3,243.3
2026-09-05T16:57:07.297+00:00,B_sell_A_buy,-1.9106,-12.3106,80088.0,80089.0,2.30719,3.12289,80073.7,80073.79999999999,0.251,2.591,0.0000125000,-0.0000132800,0.3,243.3
2026-09-05T16:57:08.387+00:00,A_sell_B_buy,1.4235,-8.9765,80091.0,80092.0,5.87525,0.47483,80079.5,80079.6,0.323,1.116,0.0000125000,-0.0000132800,0.3,435.3
2026-09-05T16:57:08.387+00:00,B_sell_A_buy,-1.5608,-11.9608,80091.0,80092.0,5.87525,0.47483,80079.5,80079.6,0.323,1.116,0.0000125000,-0.0000132800,0.3,435.3
2026-09-05T16:57:09.408+00:00,A_sell_B_buy,-0.6368,-11.0368,80091.0,80092.0,10.78359,0.83208,80085.5,80096.09999999999,7.686,0.008,0.0000125000,-0.0000132800,52.9,0.1
2026-09-05T16:57:09.408+00:00,B_sell_A_buy,-0.8116,-11.2116,80091.0,80092.0,10.78359,0.83208,80085.5,80096.09999999999,7.686,0.008,0.0000125000,-0.0000132800,52.9,0.1
2026-09-05T16:57:10.440+00:00,A_sell_B_buy,1.7976,-8.6024,80114.0,80115.0,7.52978,0.00624,80097.2,80099.6,9.907,0.002,0.0000125000,-0.0000132800,69.7,0.1
2026-09-05T16:57:10.440+00:00,B_sell_A_buy,-2.2220,-12.6220,80114.0,80115.0,7.52978,0.00624,80097.2,80099.6,9.907,0.002,0.0000125000,-0.0000132800,69.7,0.1
2026-09-05T16:57:11.620+00:00,A_sell_B_buy,1.4478,-8.9522,80125.0,80126.0,7.05132,1.94746,80113.3,80113.40000000001,0.229,0.463,0.0000125000,-0.0000132800,0.2,474.1
2026-09-05T16:57:11.620+00:00,B_sell_A_buy,-1.5851,-11.9851,80125.0,80126.0,7.05132,1.94746,80113.3,80113.40000000001,0.229,0.463,0.0000125000,-0.0000132800,0.2,474.1
2026-09-05T16:57:12.654+00:00,A_sell_B_buy,1.9970,-8.4030,80127.0,80129.0,4.58368,2.78799,80110.9,80111.0,3.096,0.035,0.0000125000,-0.0000132800,0.3,55.9
2026-09-05T16:57:12.654+00:00,B_sell_A_buy,-2.2591,-12.6591,80127.0,80129.0,4.58368,2.78799,80110.9,80111.0,3.096,0.035,0.0000125000,-0.0000132800,0.3,55.9
2026-09-05T16:57:13.713+00:00,A_sell_B_buy,1.5226,-8.8774,80133.0,80134.0,9.3699,9.42307,80120.7,80120.8,0.787,0.001,0.0000125000,-0.0000132800,0.3,116.2
2026-09-05T16:57:13.713+00:00,B_sell_A_buy,-1.6599,-12.0599,80133.0,80134.0,9.3699,9.42307,80120.7,80120.8,0.787,0.001,0.0000125000,-0.0000132800,0.3,116.2
2026-09-05T16:57:14.741+00:00,A_sell_B_buy,0.9235,-9.4765,80133.0,80134.0,9.73779,9.885,80125.5,80125.6,0.228,0.519,0.0000125000,-0.0000132800,83.3,0.1
2026-09-05T16:57:14.741+00:00,B_sell_A_buy,-1.0608,-11.4608,80133.0,80134.0,9.73779,9.885,80125.5,80125.6,0.228,0.519,0.0000125000,-0.0000132800,83.3,0.1
2026-09-05T16:57:15.802+00:00,A_sell_B_buy,0.2371,-10.1629,80133.0,80134.0,18.52427,6.51979,80131.0,80131.1,0.962,2.131,0.0000125000,-0.0000132800,65.7,0.1
2026-09-05T16:57:15.802+00:00,B_sell_A_buy,-0.3744,-10.7744,80133.0,80134.0,18.52427,6.51979,80131.0,80131.1,0.962,2.131,0.0000125000,-0.0000132800,65.7,0.1
2026-09-05T16:57:16.860+00:00,A_sell_B_buy,1.8471,-8.5529,80133.0,80134.0,5.83058,3.1654,80118.09999999999,80118.20000000001,0.255,4.24,0.0000125000,-0.0000132800,0.2,163.9
2026-09-05T16:57:16.860+00:00,B_sell_A_buy,-1.9844,-12.3844,80133.0,80134.0,5.83058,3.1654,80118.09999999999,80118.20000000001,0.255,4.24,0.0000125000,-0.0000132800,0.2,163.9
2026-09-05T16:57:17.901+00:00,A_sell_B_buy,2.7206,-7.6794,80140.0,80141.0,0.115,0.46637,80118.09999999999,80118.20000000001,0.986,0.493,0.0000125000,-0.0000132800,0.3,44.3
2026-09-05T16:57:17.901+00:00,B_sell_A_buy,-2.8579,-13.2579,80140.0,80141.0,0.115,0.46637,80118.09999999999,80118.20000000001,0.986,0.493,0.0000125000,-0.0000132800,0.3,44.3
2026-09-05T16:57:18.947+00:00,A_sell_B_buy,0.6490,-9.7510,80123.0,80130.0,2.55971,0.0843,80105.7,80117.79999999999,7.462,5.284,0.0000125000,-0.0000132800,0.1,52.1
2026-09-05T16:57:18.947+00:00,B_sell_A_buy,-3.0330,-13.4330,80123.0,80130.0,2.55971,0.0843,80105.7,80117.79999999999,7.462,5.284,0.0000125000,-0.0000132800,0.1,52.1
2026-09-05T16:57:19.978+00:00,A_sell_B_buy,2.2467,-8.1533,80125.0,80126.0,0.18799,7.13664,80106.9,80107.0,0.959,3.747,0.0000125000,-0.0000132800,0.2,86.7
2026-09-05T16:57:19.978+00:00,B_sell_A_buy,-2.3840,-12.7840,80125.0,80126.0,0.18799,7.13664,80106.9,80107.0,0.959,3.747,0.0000125000,-0.0000132800,0.2,86.7
2026-09-05T16:57:20.992+00:00,A_sell_B_buy,-0.8237,-11.2237,80120.0,80126.0,13.04323,0.08765,80125.2,80126.59999999999,0.038,0.008,0.0000125000,-0.0000132800,0.1,90.2
2026-09-05T16:57:20.992+00:00,B_sell_A_buy,-0.0998,-10.4998,80120.0,80126.0,13.04323,0.08765,80125.2,80126.59999999999,0.038,0.008,0.0000125000,-0.0000132800,0.1,90.2
2026-09-05T16:57:21.997+00:00,A_sell_B_buy,1.2979,-9.1021,80137.0,80138.0,7.16347,1.45756,80126.5,80126.59999999999,0.268,0.585,0.0000125000,-0.0000132800,0.3,252.2
2026-09-05T16:57:21.997+00:00,B_sell_A_buy,-1.4351,-11.8351,80137.0,80138.0,7.16347,1.45756,80126.5,80126.59999999999,0.268,0.585,0.0000125000,-0.0000132800,0.3,252.2
2026-09-05T16:57:23.034+00:00,A_sell_B_buy,1.8468,-8.5532,80146.0,80147.0,6.74452,1.65367,80131.1,80131.2,0.752,0.634,0.0000125000,-0.0000132800,169.7,0.1
2026-09-05T16:57:23.034+00:00,B_sell_A_buy,-1.9841,-12.3841,80146.0,80147.0,6.74452,1.65367,80131.1,80131.2,0.752,0.634,0.0000125000,-0.0000132800,169.7,0.1
2026-09-05T16:57:24.039+00:00,A_sell_B_buy,2.9697,-7.4303,80155.0,80156.0,1.93626,0.3736,80131.1,80131.2,1.636,0.004,0.0000125000,-0.0000132800,0.2,141.1
2026-09-05T16:57:24.039+00:00,B_sell_A_buy,-3.1069,-13.5069,80155.0,80156.0,1.93626,0.3736,80131.1,80131.2,1.636,0.004,0.0000125000,-0.0000132800,0.2,141.1
2026-09-05T16:57:25.050+00:00,A_sell_B_buy,2.7451,-7.6549,80155.0,80156.0,5.12591,1.19581,80132.9,80133.0,7.324,0.001,0.0000125000,-0.0000132800,30.1,0.1
2026-09-05T16:57:25.050+00:00,B_sell_A_buy,-2.8823,-13.2823,80155.0,80156.0,5.12591,1.19581,80132.9,80133.0,7.324,0.001,0.0000125000,-0.0000132800,30.1,0.1
2026-09-05T16:57:26.086+00:00,A_sell_B_buy,2.7451,-7.6549,80155.0,80156.0,6.38933,0.12309,80132.9,80133.0,10.2,0.001,0.0000125000,-0.0000132800,0.2,47.8
2026-09-05T16:57:26.086+00:00,B_sell_A_buy,-2.8823,-13.2823,80155.0,80156.0,6.38933,0.12309,80132.9,80133.0,10.2,0.001,0.0000125000,-0.0000132800,0.2,47.8
2026-09-05T16:57:27.092+00:00,A_sell_B_buy,3.3688,-7.0312,80160.0,80161.0,5.11283,0.63922,80132.9,80133.0,10.553,0.001,0.0000125000,-0.0000132800,54.9,0.1
2026-09-05T16:57:27.092+00:00,B_sell_A_buy,-3.5061,-13.9061,80160.0,80161.0,5.11283,0.63922,80132.9,80133.0,10.553,0.001,0.0000125000,-0.0000132800,54.9,0.1
2026-09-05T16:57:28.100+00:00,A_sell_B_buy,3.5806,-6.8194,80168.0,80169.0,8.5999,0.03928,80139.2,80139.3,13.743,0.002,0.0000125000,-0.0000132800,50.8,0.3
2026-09-05T16:57:28.100+00:00,B_sell_A_buy,-3.7178,-14.1178,80168.0,80169.0,8.5999,0.03928,80139.2,80139.3,13.743,0.002,0.0000125000,-0.0000132800,50.8,0.3
2026-09-05T16:57:29.139+00:00,A_sell_B_buy,3.5806,-6.8194,80168.0,80169.0,7.21168,0.13437,80139.2,80139.3,14.021,0.002,0.0000125000,-0.0000132800,194.2,0.1
2026-09-05T16:57:29.139+00:00,B_sell_A_buy,-3.7178,-14.1178,80168.0,80169.0,7.21168,0.13437,80139.2,80139.3,14.021,0.002,0.0000125000,-0.0000132800,194.2,0.1
2026-09-05T16:57:30.147+00:00,A_sell_B_buy,3.2936,-7.1064,80168.0,80169.0,6.03357,0.30792,80141.5,80141.6,11.253,0.001,0.0000125000,-0.0000132800,34.1,0.1
2026-09-05T16:57:30.147+00:00,B_sell_A_buy,-3.4309,-13.8309,80168.0,80169.0,6.03357,0.30792,80141.5,80141.6,11.253,0.001,0.0000125000,-0.0000132800,34.1,0.1
2026-09-05T16:57:31.150+00:00,A_sell_B_buy,3.4184,-6.9816,80169.0,80170.0,2.71805,1.79441,80141.5,80141.6,11.412,0.001,0.0000125000,-0.0000132800,39.0,0.1
2026-09-05T16:57:31.150+00:00,B_sell_A_buy,-3.5556,-13.9556,80169.0,80170.0,2.71805,1.79441,80141.5,80141.6,11.412,0.001,0.0000125000,-0.0000132800,39.0,0.1
2026-09-05T16:57:32.158+00:00,A_sell_B_buy,2.4573,-7.9427,80178.0,80179.0,1.97111,5.13899,80158.20000000001,80158.3,0.742,3.897,0.0000125000,-0.0000132800,0.3,345.3
2026-09-05T16:57:32.158+00:00,B_sell_A_buy,-2.5945,-12.9945,80178.0,80179.0,1.97111,5.13899,80158.20000000001,80158.3,0.742,3.897,0.0000125000,-0.0000132800,0.3,345.3
2026-09-05T16:57:33.173+00:00,A_sell_B_buy,2.4573,-7.9427,80178.0,80179.0,1.36402,2.7421,80158.20000000001,80158.3,0.286,5.244,0.0000125000,-0.0000132800,0.3,131.0
2026-09-05T16:57:33.173+00:00,B_sell_A_buy,-2.5945,-12.9945,80178.0,80179.0,1.36402,2.7421,80158.20000000001,80158.3,0.286,5.244,0.0000125000,-0.0000132800,0.3,131.0
2026-09-05T16:57:34.190+00:00,A_sell_B_buy,2.4573,-7.9427,80178.0,80179.0,1.77532,4.87872,80158.20000000001,80158.3,0.57,1.922,0.0000125000,-0.0000132800,83.7,0.3
2026-09-05T16:57:34.190+00:00,B_sell_A_buy,-2.5945,-12.9945,80178.0,80179.0,1.77532,4.87872,80158.20000000001,80158.3,0.57,1.922,0.0000125000,-0.0000132800,83.7,0.3
2026-09-05T16:57:35.249+00:00,A_sell_B_buy,1.8461,-8.5539,80178.0,80179.0,1.7339,3.40676,80163.1,80163.2,0.536,3.749,0.0000125000,-0.0000132800,0.2,294.9
2026-09-05T16:57:35.249+00:00,B_sell_A_buy,-1.9833,-12.3833,80178.0,80179.0,1.7339,3.40676,80163.1,80163.2,0.536,3.749,0.0000125000,-0.0000132800,0.2,294.9
2026-09-05T16:57:36.388+00:00,A_sell_B_buy,1.8336,-8.5664,80178.0,80179.0,1.72002,1.67758,80163.2,80163.3,0.281,2.063,0.0000125000,-0.0000132800,197.6,0.2
2026-09-05T16:57:36.388+00:00,B_sell_A_buy,-1.9708,-12.3708,80178.0,80179.0,1.72002,1.67758,80163.2,80163.3,0.281,2.063,0.0000125000,-0.0000132800,197.6,0.2
2026-09-05T16:57:37.597+00:00,A_sell_B_buy,1.8336,-8.5664,80178.0,80179.0,0.5936,2.91914,80163.2,80163.3,0.037,2.543,0.0000125000,-0.0000132800,250.4,0.3
2026-09-05T16:57:37.597+00:00,B_sell_A_buy,-1.9708,-12.3708,80178.0,80179.0,0.5936,2.91914,80163.2,80163.3,0.037,2.543,0.0000125000,-0.0000132800,250.4,0.3
2026-09-05T16:57:38.630+00:00,A_sell_B_buy,2.0830,-8.3170,80180.0,80181.0,0.5515,0.16121,80163.2,80163.3,0.973,0.001,0.0000125000,-0.0000132800,0.2,238.9
2026-09-05T16:57:38.630+00:00,B_sell_A_buy,-2.2202,-12.6202,80180.0,80181.0,0.5515,0.16121,80163.2,80163.3,0.973,0.001,0.0000125000,-0.0000132800,0.2,238.9
2026-09-05T16:57:39.727+00:00,A_sell_B_buy,2.9560,-7.4440,80187.0,80188.0,1.47325,1.64151,80163.2,80163.3,0.973,0.001,0.0000125000,-0.0000132800,0.3,1336.0
2026-09-05T16:57:39.727+00:00,B_sell_A_buy,-3.0932,-13.4932,80187.0,80188.0,1.47325,1.64151,80163.2,80163.3,0.973,0.001,0.0000125000,-0.0000132800,0.3,1336.0
2026-09-05T16:57:40.752+00:00,A_sell_B_buy,2.9560,-7.4440,80187.0,80188.0,0.6738,7.86761,80163.2,80163.3,0.943,0.276,0.0000125000,-0.0000132800,0.3,52.2
2026-09-05T16:57:40.752+00:00,B_sell_A_buy,-3.0932,-13.4932,80187.0,80188.0,0.6738,7.86761,80163.2,80163.3,0.943,0.276,0.0000125000,-0.0000132800,0.3,52.2
2026-09-05T16:57:41.846+00:00,A_sell_B_buy,2.9560,-7.4440,80187.0,80188.0,0.6704,9.09462,80163.2,80163.3,0.037,0.419,0.0000125000,-0.0000132800,0.3,407.1
2026-09-05T16:57:41.846+00:00,B_sell_A_buy,-3.0932,-13.4932,80187.0,80188.0,0.6704,9.09462,80163.2,80163.3,0.037,0.419,0.0000125000,-0.0000132800,0.3,407.1
2026-09-05T16:57:42.846+00:00,A_sell_B_buy,3.9915,-6.4085,80186.0,80188.0,0.00013,25.244,80153.79999999999,80154.0,0.253,0.424,0.0000125000,-0.0000132800,2.9,0.1
2026-09-05T16:57:42.846+00:00,B_sell_A_buy,-4.2659,-14.6659,80186.0,80188.0,0.00013,25.244,80153.79999999999,80154.0,0.253,0.424,0.0000125000,-0.0000132800,2.9,0.1
2026-09-05T16:57:43.861+00:00,A_sell_B_buy,2.9938,-7.4062,80178.0,80179.0,0.00086,16.9517,80153.90000000001,80154.0,0.217,0.39,0.0000125000,-0.0000132800,0.1,451.2
2026-09-05T16:57:43.861+00:00,B_sell_A_buy,-3.1310,-13.5310,80178.0,80179.0,0.00086,16.9517,80153.90000000001,80154.0,0.217,0.39,0.0000125000,-0.0000132800,0.1,451.2
2026-09-05T16:57:44.877+00:00,A_sell_B_buy,0.7985,-9.6015,80159.0,80160.0,0.35934,5.41429,80146.4,80152.6,0.012,3.126,0.0000125000,-0.0000132800,0.1,34.1
2026-09-05T16:57:44.877+00:00,B_sell_A_buy,-1.6967,-12.0967,80159.0,80160.0,0.35934,5.41429,80146.4,80152.6,0.012,3.126,0.0000125000,-0.0000132800,0.1,34.1
2026-09-05T16:57:45.939+00:00,A_sell_B_buy,1.7716,-8.6284,80159.0,80160.0,6.40493,3.5936,80144.7,80144.8,0.332,0.399,0.0000125000,-0.0000132800,0.3,295.4
2026-09-05T16:57:45.939+00:00,B_sell_A_buy,-1.9089,-12.3089,80159.0,80160.0,6.40493,3.5936,80144.7,80144.8,0.332,0.399,0.0000125000,-0.0000132800,0.3,295.4
2026-09-05T16:57:46.944+00:00,A_sell_B_buy,1.6095,-8.7905,80159.0,80160.0,3.01154,2.79753,80139.0,80146.09999999999,3.267,0.001,0.0000125000,-0.0000132800,52.8,0.1
2026-09-05T16:57:46.944+00:00,B_sell_A_buy,-2.6201,-13.0201,80159.0,80160.0,3.01154,2.79753,80139.0,80146.09999999999,3.267,0.001,0.0000125000,-0.0000132800,52.8,0.1
2026-09-05T16:57:48.020+00:00,A_sell_B_buy,1.1603,-9.2397,80159.0,80160.0,1.83435,1.20532,80149.6,80149.7,0.296,1.021,0.0000125000,-0.0000132800,0.3,372.8
2026-09-05T16:57:48.020+00:00,B_sell_A_buy,-1.2975,-11.6975,80159.0,80160.0,1.83435,1.20532,80149.6,80149.7,0.296,1.021,0.0000125000,-0.0000132800,0.3,372.8
2026-09-05T16:57:49.089+00:00,A_sell_B_buy,1.1603,-9.2397,80159.0,80160.0,5.72862,1.47636,80149.6,80149.7,0.034,0.391,0.0000125000,-0.0000132800,96.1,0.1
2026-09-05T16:57:49.089+00:00,B_sell_A_buy,-1.2975,-11.6975,80159.0,80160.0,5.72862,1.47636,80149.6,80149.7,0.034,0.391,0.0000125000,-0.0000132800,96.1,0.1
2026-09-05T16:57:50.191+00:00,A_sell_B_buy,1.1603,-9.2397,80159.0,80160.0,4.06121,2.74545,80149.6,80149.7,0.034,2.518,0.0000125000,-0.0000132800,0.2,644.1
2026-09-05T16:57:50.191+00:00,B_sell_A_buy,-1.2975,-11.6975,80159.0,80160.0,4.06121,2.74545,80149.6,80149.7,0.034,2.518,0.0000125000,-0.0000132800,0.2,644.1
2026-09-05T16:57:51.217+00:00,A_sell_B_buy,1.1603,-9.2397,80159.0,80160.0,4.05533,4.06717,80149.6,80149.7,0.305,2.518,0.0000125000,-0.0000132800,0.3,80.8
2026-09-05T16:57:51.217+00:00,B_sell_A_buy,-1.2975,-11.6975,80159.0,80160.0,4.05533,4.06717,80149.6,80149.7,0.305,2.518,0.0000125000,-0.0000132800,0.3,80.8
2026-09-05T16:57:52.238+00:00,A_sell_B_buy,1.1603,-9.2397,80159.0,80160.0,4.41348,2.19592,80149.6,80149.7,0.033,2.519,0.0000125000,-0.0000132800,33.9,0.1
2026-09-05T16:57:52.238+00:00,B_sell_A_buy,-1.2975,-11.6975,80159.0,80160.0,4.41348,2.19592,80149.6,80149.7,0.033,2.519,0.0000125000,-0.0000132800,33.9,0.1
2026-09-05T16:57:53.287+00:00,A_sell_B_buy,1.1603,-9.2397,80159.0,80160.0,4.23348,1.23641,80149.6,80149.7,0.033,3.419,0.0000125000,-0.0000132800,0.3,547.8
2026-09-05T16:57:53.287+00:00,B_sell_A_buy,-1.2975,-11.6975,80159.0,80160.0,4.23348,1.23641,80149.6,80149.7,0.033,3.419,0.0000125000,-0.0000132800,0.3,547.8
2026-09-05T16:57:54.307+00:00,A_sell_B_buy,1.6470,-8.7530,80153.0,80154.0,0.15289,8.10641,80139.7,80139.8,0.001,2.008,0.0000125000,-0.0000132800,0.2,54.9
2026-09-05T16:57:54.307+00:00,B_sell_A_buy,-1.7842,-12.1842,80153.0,80154.0,0.15289,8.10641,80139.7,80139.8,0.001,2.008,0.0000125000,-0.0000132800,0.2,54.9
2026-09-05T16:57:55.543+00:00,A_sell_B_buy,1.2727,-9.1273,80150.0,80151.0,3.20627,9.37522,80139.7,80139.8,0.001,2.788,0.0000125000,-0.0000132800,0.2,437.0
2026-09-05T16:57:55.543+00:00,B_sell_A_buy,-1.4099,-11.8099,80150.0,80151.0,3.20627,9.37522,80139.7,80139.8,0.001,2.788,0.0000125000,-0.0000132800,0.2,437.0
2026-09-05T16:57:56.599+00:00,A_sell_B_buy,1.1479,-9.2521,80149.0,80150.0,0.06108,6.09838,80139.7,80139.8,0.001,3.697,0.0000125000,-0.0000132800,110.9,0.2
2026-09-05T16:57:56.599+00:00,B_sell_A_buy,-1.2852,-11.6852,80149.0,80150.0,0.06108,6.09838,80139.7,80139.8,0.001,3.697,0.0000125000,-0.0000132800,110.9,0.2
2026-09-05T16:57:57.603+00:00,A_sell_B_buy,1.1479,-9.2521,80149.0,80150.0,0.951,10.26208,80139.7,80139.8,0.001,4.13,0.0000125000,-0.0000132800,49.9,0.2
2026-09-05T16:57:57.603+00:00,B_sell_A_buy,-1.2852,-11.6852,80149.0,80150.0,0.951,10.26208,80139.7,80139.8,0.001,4.13,0.0000125000,-0.0000132800,49.9,0.2
2026-09-05T16:57:58.604+00:00,A_sell_B_buy,1.1479,-9.2521,80149.0,80150.0,0.06989,16.69474,80139.7,80139.8,0.001,10.183,0.0000125000,-0.0000132800,91.2,0.1
2026-09-05T16:57:58.604+00:00,B_sell_A_buy,-1.2852,-11.6852,80149.0,80150.0,0.06989,16.69474,80139.7,80139.8,0.001,10.183,0.0000125000,-0.0000132800,91.2,0.1
2026-09-05T16:57:59.743+00:00,A_sell_B_buy,2.6455,-7.7545,80146.0,80149.0,0.00936,20.67348,80124.7,80124.8,3.747,1.955,0.0000125000,-0.0000132800,0.2,201.5
2026-09-05T16:57:59.743+00:00,B_sell_A_buy,-3.0323,-13.4323,80146.0,80149.0,0.00936,20.67348,80124.7,80124.8,3.747,1.955,0.0000125000,-0.0000132800,0.2,201.5
2026-09-05T16:58:00.751+00:00,A_sell_B_buy,3.0199,-7.3801,80146.0,80147.0,0.00929,11.66259,80121.7,80121.79999999999,0.253,0.53,0.0000125000,-0.0000121100,0.1,111.2
2026-09-05T16:58:00.751+00:00,B_sell_A_buy,-3.1572,-13.5572,80146.0,80147.0,0.00929,11.66259,80121.7,80121.79999999999,0.253,0.53,0.0000125000,-0.0000121100,0.1,111.2
2026-09-05T16:58:01.754+00:00,A_sell_B_buy,3.4693,-6.9307,80146.0,80147.0,0.00668,19.74118,80116.6,80118.20000000001,0.079,0.008,0.0000125000,-0.0000121100,56.3,0.1
2026-09-05T16:58:01.754+00:00,B_sell_A_buy,-3.7937,-14.1937,80146.0,80147.0,0.00668,19.74118,80116.6,80118.20000000001,0.079,0.008,0.0000125000,-0.0000121100,56.3,0.1
2026-09-05T16:58:02.795+00:00,A_sell_B_buy,1.3479,-9.0521,80129.0,80130.0,12.3357,3.02766,80118.0,80118.20000000001,0.012,4.277,0.0000125000,-0.0000121100,72.9,0.2
2026-09-05T16:58:02.795+00:00,B_sell_A_buy,-1.4977,-11.8977,80129.0,80130.0,12.3357,3.02766,80118.0,80118.20000000001,0.012,4.277,0.0000125000,-0.0000121100,72.9,0.2
2026-09-05T16:58:03.805+00:00,A_sell_B_buy,2.0095,-8.3905,80129.0,80130.0,5.17435,4.92013,80112.8,80112.9,0.85,4.377,0.0000125000,-0.0000121100,64.2,0.2
2026-09-05T16:58:03.805+00:00,B_sell_A_buy,-2.1467,-12.5467,80129.0,80130.0,5.17435,4.92013,80112.8,80112.9,0.85,4.377,0.0000125000,-0.0000121100,64.2,0.2
2026-09-05T16:58:04.925+00:00,A_sell_B_buy,2.0095,-8.3905,80129.0,80130.0,5.84601,2.7844,80112.8,80112.9,0.85,3.747,0.0000125000,-0.0000121100,0.3,830.6
2026-09-05T16:58:04.925+00:00,B_sell_A_buy,-2.1467,-12.5467,80129.0,80130.0,5.84601,2.7844,80112.8,80112.9,0.85,3.747,0.0000125000,-0.0000121100,0.3,830.6
2026-09-05T16:58:06.007+00:00,A_sell_B_buy,2.0095,-8.3905,80129.0,80130.0,1.2471,2.16969,80112.8,80112.9,0.85,3.747,0.0000125000,-0.0000121100,0.3,315.1
2026-09-05T16:58:06.007+00:00,B_sell_A_buy,-2.1467,-12.5467,80129.0,80130.0,1.2471,2.16969,80112.8,80112.9,0.85,3.747,0.0000125000,-0.0000121100,0.3,315.1
2026-09-05T16:58:07.020+00:00,A_sell_B_buy,0.2746,-10.1254,80115.0,80116.0,8.79872,0.46603,80112.7,80112.8,0.311,0.53,0.0000125000,-0.0000121100,0.1,35.6
2026-09-05T16:58:07.020+00:00,B_sell_A_buy,-0.4119,-10.8119,80115.0,80116.0,8.79872,0.46603,80112.7,80112.8,0.311,0.53,0.0000125000,-0.0000121100,0.1,35.6
2026-09-05T16:58:08.029+00:00,A_sell_B_buy,0.5991,-9.8009,80123.0,80124.0,2.39371,0.00158,80118.09999999999,80118.20000000001,0.031,2.808,0.0000125000,-0.0000121100,0.3,79.7
2026-09-05T16:58:08.029+00:00,B_sell_A_buy,-0.7364,-11.1364,80123.0,80124.0,2.39371,0.00158,80118.09999999999,80118.20000000001,0.031,2.808,0.0000125000,-0.0000121100,0.3,79.7
2026-09-05T16:58:09.096+00:00,A_sell_B_buy,0.4993,-9.9007,80111.0,80124.0,1.01768,6.97189,80106.9,80107.0,0.254,0.53,0.0000125000,-0.0000121100,0.2,491.3
2026-09-05T16:58:09.096+00:00,B_sell_A_buy,-2.1345,-12.5345,80111.0,80124.0,1.01768,6.97189,80106.9,80107.0,0.254,0.53,0.0000125000,-0.0000121100,0.2,491.3
2026-09-05T16:58:10.168+00:00,A_sell_B_buy,0.8239,-9.5761,80111.0,80112.0,6.7408,0.23517,80104.3,80104.4,0.47,0.53,0.0000125000,-0.0000121100,0.3,174.7
2026-09-05T16:58:10.168+00:00,B_sell_A_buy,-0.9612,-11.3612,80111.0,80112.0,6.7408,0.23517,80104.3,80104.4,0.47,0.53,0.0000125000,-0.0000121100,0.3,174.7
2026-09-05T16:58:11.231+00:00,A_sell_B_buy,1.2608,-9.1392,80115.0,80116.0,5.75152,1.7188,80104.8,80104.9,2.551,0.008,0.0000125000,-0.0000121100,0.2,132.9
2026-09-05T16:58:11.231+00:00,B_sell_A_buy,-1.3981,-11.7981,80115.0,80116.0,5.75152,1.7188,80104.8,80104.9,2.551,0.008,0.0000125000,-0.0000121100,0.2,132.9
2026-09-05T16:58:12.293+00:00,A_sell_B_buy,1.2608,-9.1392,80115.0,80116.0,7.48194,1.24174,80104.8,80104.9,2.551,0.008,0.0000125000,-0.0000121100,0.2,1194.1
2026-09-05T16:58:12.293+00:00,B_sell_A_buy,-1.3981,-11.7981,80115.0,80116.0,7.48194,1.24174,80104.8,80104.9,2.551,0.008,0.0000125000,-0.0000121100,0.2,1194.1
2026-09-05T16:58:13.345+00:00,A_sell_B_buy,1.2608,-9.1392,80115.0,80116.0,5.6587,2.57611,80104.8,80104.9,0.579,0.008,0.0000125000,-0.0000121100,224.0,0.2
2026-09-05T16:58:13.345+00:00,B_sell_A_buy,-1.3981,-11.7981,80115.0,80116.0,5.6587,2.57611,80104.8,80104.9,0.579,0.008,0.0000125000,-0.0000121100,224.0,0.2
2026-09-05T16:58:14.459+00:00,A_sell_B_buy,1.3232,-9.0768,80115.0,80116.0,1.11379,5.90088,80104.3,80104.4,0.002,6.258,0.0000125000,-0.0000121100,0.2,171.3
2026-09-05T16:58:14.459+00:00,B_sell_A_buy,-1.4605,-11.8605,80115.0,80116.0,1.11379,5.90088,80104.3,80104.4,0.002,6.258,0.0000125000,-0.0000121100,0.2,171.3
2026-09-05T16:58:15.498+00:00,A_sell_B_buy,1.3232,-9.0768,80115.0,80116.0,0.56219,5.75036,80104.3,80104.4,0.233,6.451,0.0000125000,-0.0000121100,0.2,208.0
2026-09-05T16:58:15.498+00:00,B_sell_A_buy,-1.4605,-11.8605,80115.0,80116.0,0.56219,5.75036,80104.3,80104.4,0.233,6.451,0.0000125000,-0.0000121100,0.2,208.0
2026-09-05T16:58:16.610+00:00,A_sell_B_buy,1.3232,-9.0768,80115.0,80116.0,0.36518,5.2299,80104.3,80104.4,0.002,2.074,0.0000125000,-0.0000121100,0.3,115.1
2026-09-05T16:58:16.610+00:00,B_sell_A_buy,-1.4605,-11.8605,80115.0,80116.0,0.36518,5.2299,80104.3,80104.4,0.002,2.074,0.0000125000,-0.0000121100,0.3,115.1
2026-09-05T16:58:17.642+00:00,A_sell_B_buy,1.3232,-9.0768,80115.0,80116.0,1.41671,5.59767,80104.3,80104.4,0.002,2.224,0.0000125000,-0.0000121100,0.1,145.7
2026-09-05T16:58:17.642+00:00,B_sell_A_buy,-1.4605,-11.8605,80115.0,80116.0,1.41671,5.59767,80104.3,80104.4,0.002,2.224,0.0000125000,-0.0000121100,0.1,145.7
2026-09-05T16:58:18.658+00:00,A_sell_B_buy,1.3232,-9.0768,80115.0,80116.0,1.447,5.70961,80104.3,80104.4,0.002,2.224,0.0000125000,-0.0000121100,0.2,60.5
2026-09-05T16:58:18.658+00:00,B_sell_A_buy,-1.4605,-11.8605,80115.0,80116.0,1.447,5.70961,80104.3,80104.4,0.002,2.224,0.0000125000,-0.0000121100,0.2,60.5
2026-09-05T16:58:19.692+00:00,A_sell_B_buy,1.3232,-9.0768,80115.0,80116.0,1.2546,6.17819,80104.3,80104.4,0.002,2.224,0.0000125000,-0.0000121100,0.3,499.4
2026-09-05T16:58:19.692+00:00,B_sell_A_buy,-1.4605,-11.8605,80115.0,80116.0,1.2546,6.17819,80104.3,80104.4,0.002,2.224,0.0000125000,-0.0000121100,0.3,499.4
2026-09-05T16:58:20.712+00:00,A_sell_B_buy,0.8239,-9.5761,80111.0,80112.0,0.00894,9.02049,80104.3,80104.4,0.002,3.607,0.0000125000,-0.0000121100,0.2,225.3
2026-09-05T16:58:20.712+00:00,B_sell_A_buy,-0.9612,-11.3612,80111.0,80112.0,0.00894,9.02049,80104.3,80104.4,0.002,3.607,0.0000125000,-0.0000121100,0.2,225.3
2026-09-05T16:58:21.718+00:00,A_sell_B_buy,1.7353,-8.6647,80107.0,80108.0,0.04981,11.59962,80093.0,80093.1,0.278,2.04,0.0000125000,-0.0000121100,0.2,23.7
2026-09-05T16:58:21.718+00:00,B_sell_A_buy,-1.8727,-12.2727,80107.0,80108.0,0.04981,11.59962,80093.0,80093.1,0.278,2.04,0.0000125000,-0.0000121100,0.2,23.7
2026-09-05T16:58:22.940+00:00,A_sell_B_buy,1.7353,-8.6647,80107.0,80108.0,0.09981,9.5666,80093.0,80093.1,0.278,2.658,0.0000125000,-0.0000121100,504.2,0.2
2026-09-05T16:58:22.940+00:00,B_sell_A_buy,-1.8727,-12.2727,80107.0,80108.0,0.09981,9.5666,80093.0,80093.1,0.278,2.658,0.0000125000,-0.0000121100,504.2,0.2
2026-09-05T16:58:24.036+00:00,A_sell_B_buy,1.7353,-8.6647,80107.0,80108.0,0.07047,7.68465,80093.0,80093.1,0.278,2.028,0.0000125000,-0.0000121100,0.2,235.0
2026-09-05T16:58:24.036+00:00,B_sell_A_buy,-1.8727,-12.2727,80107.0,80108.0,0.07047,7.68465,80093.0,80093.1,0.278,2.028,0.0000125000,-0.0000121100,0.2,235.0
2026-09-05T16:58:25.039+00:00,A_sell_B_buy,1.7353,-8.6647,80107.0,80108.0,0.05446,7.77989,80093.0,80093.1,0.278,2.178,0.0000125000,-0.0000121100,0.2,52.6
2026-09-05T16:58:25.039+00:00,B_sell_A_buy,-1.8727,-12.2727,80107.0,80108.0,0.05446,7.77989,80093.0,80093.1,0.278,2.178,0.0000125000,-0.0000121100,0.2,52.6
2026-09-05T16:58:26.080+00:00,A_sell_B_buy,1.1611,-9.2389,80099.0,80108.0,0.05886,13.91516,80089.6,80089.7,0.001,5.809,0.0000125000,-0.0000121100,0.2,89.2
2026-09-05T16:58:26.080+00:00,B_sell_A_buy,-2.2972,-12.6972,80099.0,80108.0,0.05886,13.91516,80089.6,80089.7,0.001,5.809,0.0000125000,-0.0000121100,0.2,89.2
2026-09-05T16:58:27.168+00:00,A_sell_B_buy,1.1611,-9.2389,80099.0,80100.0,1.36327,10.30307,80089.6,80089.7,0.001,6.589,0.0000125000,-0.0000121100,0.3,1026.3
2026-09-05T16:58:27.168+00:00,B_sell_A_buy,-1.2985,-11.6985,80099.0,80100.0,1.36327,10.30307,80089.6,80089.7,0.001,6.589,0.0000125000,-0.0000121100,0.3,1026.3
2026-09-05T16:58:28.175+00:00,A_sell_B_buy,1.1611,-9.2389,80099.0,80100.0,0.56041,8.49237,80089.6,80089.7,0.001,5.959,0.0000125000,-0.0000121100,0.2,22.8
2026-09-05T16:58:28.175+00:00,B_sell_A_buy,-1.2985,-11.6985,80099.0,80100.0,0.56041,8.49237,80089.6,80089.7,0.001,5.959,0.0000125000,-0.0000121100,0.2,22.8
2026-09-05T16:58:29.186+00:00,A_sell_B_buy,1.1611,-9.2389,80099.0,80100.0,0.52623,8.87724,80089.6,80089.7,0.001,6.089,0.0000125000,-0.0000121100,0.3,42.3
2026-09-05T16:58:29.186+00:00,B_sell_A_buy,-1.2985,-11.6985,80099.0,80100.0,0.52623,8.87724,80089.6,80089.7,0.001,6.089,0.0000125000,-0.0000121100,0.3,42.3
2026-09-05T16:58:30.245+00:00,A_sell_B_buy,1.8104,-8.5896,80099.0,80100.0,0.24887,9.97149,80084.4,80084.5,0.232,5.787,0.0000125000,-0.0000121100,0.2,109.0
2026-09-05T16:58:30.245+00:00,B_sell_A_buy,-1.9478,-12.3478,80099.0,80100.0,0.24887,9.97149,80084.4,80084.5,0.232,5.787,0.0000125000,-0.0000121100,0.2,109.0
2026-09-05T16:58:31.300+00:00,A_sell_B_buy,1.8104,-8.5896,80099.0,80100.0,0.26861,9.76163,80084.4,80084.5,0.232,5.787,0.0000125000,-0.0000121100,0.3,236.3
2026-09-05T16:58:31.300+00:00,B_sell_A_buy,-1.9478,-12.3478,80099.0,80100.0,0.26861,9.76163,80084.4,80084.5,0.232,5.787,0.0000125000,-0.0000121100,0.3,236.3
2026-09-05T16:58:32.543+00:00,A_sell_B_buy,1.8104,-8.5896,80099.0,80100.0,0.26318,9.76163,80084.4,80084.5,0.232,5.787,0.0000125000,-0.0000121100,0.2,1478.6
2026-09-05T16:58:32.543+00:00,B_sell_A_buy,-1.9478,-12.3478,80099.0,80100.0,0.26318,9.76163,80084.4,80084.5,0.232,5.787,0.0000125000,-0.0000121100,0.2,1478.6
2026-09-05T16:58:33.638+00:00,A_sell_B_buy,2.0352,-8.3648,80099.0,80100.0,0.20865,9.65967,80082.59999999999,80082.7,0.524,0.566,0.0000125000,-0.0000121100,174.0,0.2
2026-09-05T16:58:33.638+00:00,B_sell_A_buy,-2.1725,-12.5725,80099.0,80100.0,0.20865,9.65967,80082.59999999999,80082.7,0.524,0.566,0.0000125000,-0.0000121100,174.0,0.2
2026-09-05T16:58:34.654+00:00,A_sell_B_buy,2.8844,-7.5156,80099.0,80100.0,0.03217,9.31867,80073.6,80075.90000000001,0.256,3.781,0.0000125000,-0.0000121100,132.7,0.1
2026-09-05T16:58:34.654+00:00,B_sell_A_buy,-3.2964,-13.6964,80099.0,80100.0,0.03217,9.31867,80073.6,80075.90000000001,0.256,3.781,0.0000125000,-0.0000121100,132.7,0.1
2026-09-05T16:58:35.688+00:00,A_sell_B_buy,2.2726,-8.1274,80094.0,80095.0,0.00137,10.20474,80075.7,80075.8,1.258,0.534,0.0000125000,-0.0000121100,78.2,0.2
2026-09-05T16:58:35.688+00:00,B_sell_A_buy,-2.4099,-12.8099,80094.0,80095.0,0.00137,10.20474,80075.7,80075.8,1.258,0.534,0.0000125000,-0.0000121100,78.2,0.2
2026-09-05T16:58:36.728+00:00,A_sell_B_buy,2.2726,-8.1274,80094.0,80095.0,0.00062,11.82197,80075.7,80075.8,0.287,2.662,0.0000125000,-0.0000121100,0.4,78.2
2026-09-05T16:58:36.728+00:00,B_sell_A_buy,-2.4099,-12.8099,80094.0,80095.0,0.00062,11.82197,80075.7,80075.8,0.287,2.662,0.0000125000,-0.0000121100,0.4,78.2
2026-09-05T16:58:37.734+00:00,A_sell_B_buy,2.2726,-8.1274,80094.0,80095.0,0.00062,10.94479,80075.7,80075.8,0.808,2.181,0.0000125000,-0.0000121100,0.2,91.0
2026-09-05T16:58:37.734+00:00,B_sell_A_buy,-2.4099,-12.8099,80094.0,80095.0,0.00062,10.94479,80075.7,80075.8,0.808,2.181,0.0000125000,-0.0000121100,0.2,91.0
2026-09-05T16:58:38.819+00:00,A_sell_B_buy,1.5234,-8.8766,80088.0,80089.0,2.41116,6.71283,80075.7,80075.8,0.808,1.498,0.0000125000,-0.0000121100,0.1,126.6
2026-09-05T16:58:38.819+00:00,B_sell_A_buy,-1.6608,-12.0608,80088.0,80089.0,2.41116,6.71283,80075.7,80075.8,0.808,1.498,0.0000125000,-0.0000121100,0.1,126.6
2026-09-05T16:58:39.893+00:00,A_sell_B_buy,1.5234,-8.8766,80088.0,80089.0,1.74732,8.46467,80075.7,80075.8,0.808,2.03,0.0000125000,-0.0000121100,0.2,497.2
2026-09-05T16:58:39.893+00:00,B_sell_A_buy,-1.6608,-12.0608,80088.0,80089.0,1.74732,8.46467,80075.7,80075.8,0.808,2.03,0.0000125000,-0.0000121100,0.2,497.2
2026-09-05T16:58:41.010+00:00,A_sell_B_buy,1.5234,-8.8766,80088.0,80089.0,2.34578,8.46467,80075.7,80075.8,0.808,1.498,0.0000125000,-0.0000121100,0.3,422.6
2026-09-05T16:58:41.010+00:00,B_sell_A_buy,-1.6608,-12.0608,80088.0,80089.0,2.34578,8.46467,80075.7,80075.8,0.808,1.498,0.0000125000,-0.0000121100,0.3,422.6
2026-09-05T16:58:42.082+00:00,A_sell_B_buy,1.5234,-8.8766,80088.0,80089.0,0.96087,8.46467,80075.7,80075.8,0.808,2.029,0.0000125000,-0.0000121100,0.2,139.0
2026-09-05T16:58:42.082+00:00,B_sell_A_buy,-1.6608,-12.0608,80088.0,80089.0,0.96087,8.46467,80075.7,80075.8,0.808,2.029,0.0000125000,-0.0000121100,0.2,139.0
2026-09-05T16:58:43.151+00:00,A_sell_B_buy,-0.1124,-10.5124,80088.0,80089.0,7.08394,1.45152,80088.8,80088.9,0.038,1.508,0.0000125000,-0.0000121100,301.9,0.2
2026-09-05T16:58:43.151+00:00,B_sell_A_buy,-0.0250,-10.4250,80088.0,80089.0,7.08394,1.45152,80088.8,80088.9,0.038,1.508,0.0000125000,-0.0000121100,301.9,0.2
2026-09-05T16:58:44.170+00:00,A_sell_B_buy,1.7604,-8.6396,80103.0,80104.0,1.77739,1.72361,80088.8,80088.9,0.544,2.656,0.0000125000,-0.0000121100,0.1,54.3
2026-09-05T16:58:44.170+00:00,B_sell_A_buy,-1.8977,-12.2977,80103.0,80104.0,1.77739,1.72361,80088.8,80088.9,0.544,2.656,0.0000125000,-0.0000121100,0.1,54.3
2026-09-05T16:58:45.199+00:00,A_sell_B_buy,1.7354,-8.6646,80103.0,80104.0,4.75085,2.77476,80089.0,80089.1,1.121,0.089,0.0000125000,-0.0000121100,40.8,0.1
2026-09-05T16:58:45.199+00:00,B_sell_A_buy,-1.8727,-12.2727,80103.0,80104.0,4.75085,2.77476,80089.0,80089.1,1.121,0.089,0.0000125000,-0.0000121100,40.8,0.1
2026-09-05T16:58:46.216+00:00,A_sell_B_buy,1.7354,-8.6646,80103.0,80104.0,3.80342,4.67047,80089.0,80089.1,1.121,0.089,0.0000125000,-0.0000121100,0.2,1017.6
2026-09-05T16:58:46.216+00:00,B_sell_A_buy,-1.8727,-12.2727,80103.0,80104.0,3.80342,4.67047,80089.0,80089.1,1.121,0.089,0.0000125000,-0.0000121100,0.2,1017.6
2026-09-05T16:58:47.306+00:00,A_sell_B_buy,0.4744,-9.9256,80103.0,80104.0,3.10268,0.08,80099.1,80099.2,0.244,0.595,0.0000125000,-0.0000121100,0.2,164.1
2026-09-05T16:58:47.306+00:00,B_sell_A_buy,-0.6117,-11.0117,80103.0,80104.0,3.10268,0.08,80099.1,80099.2,0.244,0.595,0.0000125000,-0.0000121100,0.2,164.1
2026-09-05T16:58:48.788+00:00,A_sell_B_buy,0.4744,-9.9256,80103.0,80104.0,3.218,0.37432,80099.1,80099.2,0.244,2.08,0.0000125000,-0.0000121100,0.3,823.7
2026-09-05T16:58:48.788+00:00,B_sell_A_buy,-0.6117,-11.0117,80103.0,80104.0,3.218,0.37432,80099.1,80099.2,0.244,2.08,0.0000125000,-0.0000121100,0.3,823.7
2026-09-05T16:58:49.833+00:00,A_sell_B_buy,0.4744,-9.9256,80103.0,80104.0,3.28032,0.30914,80093.5,80099.2,0.097,2.012,0.0000125000,-0.0000121100,110.8,0.1
2026-09-05T16:58:49.833+00:00,B_sell_A_buy,-1.3109,-11.7109,80103.0,80104.0,3.28032,0.30914,80093.5,80099.2,0.097,2.012,0.0000125000,-0.0000121100,110.8,0.1
2026-09-05T16:58:50.847+00:00,A_sell_B_buy,1.6729,-8.7271,80107.0,80108.0,5.03175,5.29135,80093.5,80093.6,0.885,3.747,0.0000125000,-0.0000121100,0.3,793.7
2026-09-05T16:58:50.847+00:00,B_sell_A_buy,-1.8102,-12.2102,80107.0,80108.0,5.03175,5.29135,80093.5,80093.6,0.885,3.747,0.0000125000,-0.0000121100,0.3,793.7
2026-09-05T16:58:51.874+00:00,A_sell_B_buy,1.6729,-8.7271,80107.0,80108.0,4.29628,6.05002,80093.5,80093.6,0.885,5.395,0.0000125000,-0.0000121100,0.2,167.6
2026-09-05T16:58:51.874+00:00,B_sell_A_buy,-1.8102,-12.2102,80107.0,80108.0,4.29628,6.05002,80093.5,80093.6,0.885,5.395,0.0000125000,-0.0000121100,0.2,167.6
2026-09-05T16:58:52.889+00:00,A_sell_B_buy,1.6729,-8.7271,80107.0,80108.0,4.12816,7.21982,80093.5,80093.6,0.531,5.245,0.0000125000,-0.0000121100,0.3,195.1
2026-09-05T16:58:52.889+00:00,B_sell_A_buy,-1.8102,-12.2102,80107.0,80108.0,4.12816,7.21982,80093.5,80093.6,0.531,5.245,0.0000125000,-0.0000121100,0.3,195.1
2026-09-05T16:58:53.894+00:00,A_sell_B_buy,1.8227,-8.5773,80107.0,80108.0,3.2582,7.27714,80092.3,80092.4,0.775,2.038,0.0000125000,-0.0000121100,0.1,295.6
2026-09-05T16:58:53.894+00:00,B_sell_A_buy,-1.9601,-12.3601,80107.0,80108.0,3.2582,7.27714,80092.3,80092.4,0.775,2.038,0.0000125000,-0.0000121100,0.1,295.6
2026-09-05T16:58:54.918+00:00,A_sell_B_buy,1.8227,-8.5773,80107.0,80108.0,3.56385,7.43192,80092.3,80092.4,0.244,2.038,0.0000125000,-0.0000121100,0.3,724.7
2026-09-05T16:58:54.918+00:00,B_sell_A_buy,-1.9601,-12.3601,80107.0,80108.0,3.56385,7.43192,80092.3,80092.4,0.244,2.038,0.0000125000,-0.0000121100,0.3,724.7
2026-09-05T16:58:55.950+00:00,A_sell_B_buy,1.0986,-9.3014,80107.0,80108.0,2.08936,7.43178,80098.09999999999,80098.20000000001,0.068,0.032,0.0000125000,-0.0000121100,164.6,0.2
2026-09-05T16:58:55.950+00:00,B_sell_A_buy,-1.2359,-11.6359,80107.0,80108.0,2.08936,7.43178,80098.09999999999,80098.20000000001,0.068,0.032,0.0000125000,-0.0000121100,164.6,0.2
2026-09-05T16:58:57.034+00:00,A_sell_B_buy,1.5231,-8.8769,80107.0,80108.0,4.09691,5.9182,80094.7,80094.8,0.85,4.386,0.0000125000,-0.0000121100,0.2,338.4
2026-09-05T16:58:57.034+00:00,B_sell_A_buy,-1.6604,-12.0604,80107.0,80108.0,4.09691,5.9182,80094.7,80094.8,0.85,4.386,0.0000125000,-0.0000121100,0.2,338.4
2026-09-05T16:58:58.092+00:00,A_sell_B_buy,1.6729,-8.7271,80107.0,80108.0,4.6013,2.9182,80087.4,80093.6,3.359,0.04,0.0000125000,-0.0000121100,79.6,0.1
2026-09-05T16:58:58.092+00:00,B_sell_A_buy,-2.5718,-12.9718,80107.0,80108.0,4.6013,2.9182,80087.4,80093.6,3.359,0.04,0.0000125000,-0.0000121100,79.6,0.1
2026-09-05T16:58:59.096+00:00,A_sell_B_buy,1.8979,-8.5021,80097.0,80098.0,0.85747,9.28344,80081.7,80081.79999999999,0.596,4.289,0.0000125000,-0.0000121100,38.3,0.1
2026-09-05T16:58:59.096+00:00,B_sell_A_buy,-2.0352,-12.4352,80097.0,80098.0,0.85747,9.28344,80081.7,80081.79999999999,0.596,4.289,0.0000125000,-0.0000121100,38.3,0.1
2026-09-05T16:59:00.097+00:00,A_sell_B_buy,2.9596,-7.4404,80089.0,80090.0,0.00233,2.58797,80065.2,80065.3,0.011,7.84,0.0000125000,-0.0000121100,142.3,0.1
2026-09-05T16:59:00.097+00:00,B_sell_A_buy,-3.0970,-13.4970,80089.0,80090.0,0.00233,2.58797,80065.2,80065.3,0.011,7.84,0.0000125000,-0.0000121100,142.3,0.1
2026-09-05T16:59:01.157+00:00,A_sell_B_buy,1.7110,-8.6890,80079.0,80080.0,0.0022,3.0724,80065.2,80065.3,0.011,9.481,0.0000125000,-0.0000123600,0.2,211.5
2026-09-05T16:59:01.157+00:00,B_sell_A_buy,-1.8483,-12.2483,80079.0,80080.0,0.0022,3.0724,80065.2,80065.3,0.011,9.481,0.0000125000,-0.0000123600,0.2,211.5
2026-09-05T16:59:02.167+00:00,A_sell_B_buy,1.5861,-8.8139,80078.0,80079.0,1.70823,4.43941,80065.2,80065.3,1.072,0.044,0.0000125000,-0.0000123600,0.2,174.6
2026-09-05T16:59:02.167+00:00,B_sell_A_buy,-1.7235,-12.1235,80078.0,80079.0,1.70823,4.43941,80065.2,80065.3,1.072,0.044,0.0000125000,-0.0000123600,0.2,174.6
2026-09-05T16:59:03.194+00:00,A_sell_B_buy,1.5861,-8.8139,80078.0,80079.0,2.40804,4.7684,80065.2,80065.3,0.766,0.044,0.0000125000,-0.0000123600,193.5,0.1
2026-09-05T16:59:03.194+00:00,B_sell_A_buy,-1.7235,-12.1235,80078.0,80079.0,2.40804,4.7684,80065.2,80065.3,0.766,0.044,0.0000125000,-0.0000123600,193.5,0.1
2026-09-05T16:59:04.200+00:00,A_sell_B_buy,1.5861,-8.8139,80078.0,80079.0,2.07765,7.2417,80065.2,80065.3,0.554,0.549,0.0000125000,-0.0000123600,38.3,0.2
2026-09-05T16:59:04.200+00:00,B_sell_A_buy,-1.7235,-12.1235,80078.0,80079.0,2.07765,7.2417,80065.2,80065.3,0.554,0.549,0.0000125000,-0.0000123600,38.3,0.2
2026-09-05T16:59:05.223+00:00,A_sell_B_buy,1.5861,-8.8139,80078.0,80079.0,1.74191,6.46277,80065.2,80065.3,0.314,0.55,0.0000125000,-0.0000123600,0.2,75.7
2026-09-05T16:59:05.223+00:00,B_sell_A_buy,-1.7235,-12.1235,80078.0,80079.0,1.74191,6.46277,80065.2,80065.3,0.314,0.55,0.0000125000,-0.0000123600,0.2,75.7
2026-09-05T16:59:06.241+00:00,A_sell_B_buy,1.5861,-8.8139,80078.0,80079.0,3.88898,4.97941,80065.2,80065.3,0.836,0.824,0.0000125000,-0.0000123600,0.3,140.6
2026-09-05T16:59:06.241+00:00,B_sell_A_buy,-1.7235,-12.1235,80078.0,80079.0,3.88898,4.97941,80065.2,80065.3,0.836,0.824,0.0000125000,-0.0000123600,0.3,140.6
2026-09-05T16:59:07.296+00:00,A_sell_B_buy,1.5861,-8.8139,80078.0,80079.0,3.27248,6.13686,80065.2,80065.3,0.011,2.828,0.0000125000,-0.0000123600,69.8,0.1
2026-09-05T16:59:07.296+00:00,B_sell_A_buy,-1.7235,-12.1235,80078.0,80079.0,3.27248,6.13686,80065.2,80065.3,0.011,2.828,0.0000125000,-0.0000123600,69.8,0.1
2026-09-05T16:59:08.353+00:00,A_sell_B_buy,1.9982,-8.4018,80078.0,80079.0,0.35,13.16015,80061.90000000001,80062.0,0.001,2.94,0.0000125000,-0.0000123600,284.0,0.3
2026-09-05T16:59:08.353+00:00,B_sell_A_buy,-2.1356,-12.5356,80078.0,80079.0,0.35,13.16015,80061.90000000001,80062.0,0.001,2.94,0.0000125000,-0.0000123600,284.0,0.3
2026-09-05T16:59:09.374+00:00,A_sell_B_buy,2.5478,-7.8522,80078.0,80079.0,0.35,15.75612,80056.2,80057.6,0.239,0.016,0.0000125000,-0.0000123600,195.5,0.3
2026-09-05T16:59:09.374+00:00,B_sell_A_buy,-2.8476,-13.2476,80078.0,80079.0,0.35,15.75612,80056.2,80057.6,0.239,0.016,0.0000125000,-0.0000123600,195.5,0.3
2026-09-05T16:59:10.388+00:00,A_sell_B_buy,2.8852,-7.5148,80075.0,80076.0,1.7801,26.52785,80051.8,80051.90000000001,0.226,0.504,0.0000125000,-0.0000123600,0.2,629.6
2026-09-05T16:59:10.388+00:00,B_sell_A_buy,-3.0226,-13.4226,80075.0,80076.0,1.7801,26.52785,80051.8,80051.90000000001,0.226,0.504,0.0000125000,-0.0000123600,0.2,629.6
2026-09-05T16:59:11.634+00:00,A_sell_B_buy,2.8852,-7.5148,80075.0,80076.0,2.12995,26.52699,80051.8,80051.90000000001,0.226,0.504,0.0000125000,-0.0000123600,0.3,1876.2
2026-09-05T16:59:11.634+00:00,B_sell_A_buy,-3.0226,-13.4226,80075.0,80076.0,2.12995,26.52699,80051.8,80051.90000000001,0.226,0.504,0.0000125000,-0.0000123600,0.3,1876.2
2026-09-05T16:59:12.665+00:00,A_sell_B_buy,2.7853,-7.6147,80075.0,80076.0,2.13033,21.75644,80052.6,80052.7,0.261,0.539,0.0000125000,-0.0000123600,0.2,309.0
2026-09-05T16:59:12.665+00:00,B_sell_A_buy,-2.9227,-13.3227,80075.0,80076.0,2.13033,21.75644,80052.6,80052.7,0.261,0.539,0.0000125000,-0.0000123600,0.2,309.0
2026-09-05T16:59:13.672+00:00,A_sell_B_buy,1.2239,-9.1761,80075.0,80076.0,2.81395,2.15779,80065.1,80065.2,0.342,0.512,0.0000125000,-0.0000123600,0.2,69.1
2026-09-05T16:59:13.672+00:00,B_sell_A_buy,-1.3613,-11.7613,80075.0,80076.0,2.81395,2.15779,80065.1,80065.2,0.342,0.512,0.0000125000,-0.0000123600,0.2,69.1
2026-09-05T16:59:14.695+00:00,A_sell_B_buy,1.8609,-8.5391,80075.0,80076.0,5.90875,4.51071,80057.2,80060.09999999999,0.074,0.024,0.0000125000,-0.0000123600,29.8,0.1
2026-09-05T16:59:14.695+00:00,B_sell_A_buy,-2.3480,-12.7480,80075.0,80076.0,5.90875,4.51071,80057.2,80060.09999999999,0.074,0.024,0.0000125000,-0.0000123600,29.8,0.1
2026-09-05T16:59:15.716+00:00,A_sell_B_buy,1.9983,-8.4017,80075.0,80076.0,4.66671,5.50028,80058.9,80059.0,0.012,0.503,0.0000125000,-0.0000123600,0.3,914.0
2026-09-05T16:59:15.716+00:00,B_sell_A_buy,-2.1357,-12.5357,80075.0,80076.0,4.66671,5.50028,80058.9,80059.0,0.012,0.503,0.0000125000,-0.0000123600,0.3,914.0
2026-09-05T16:59:16.757+00:00,A_sell_B_buy,2.3231,-8.0769,80075.0,80076.0,4.35235,5.50028,80049.0,80056.4,0.001,0.268,0.0000125000,-0.0000123600,104.1,0.1
2026-09-05T16:59:16.757+00:00,B_sell_A_buy,-3.3723,-13.7723,80075.0,80076.0,4.35235,5.50028,80049.0,80056.4,0.001,0.268,0.0000125000,-0.0000123600,104.1,0.1
2026-09-05T16:59:17.803+00:00,A_sell_B_buy,1.0491,-9.3509,80075.0,80076.0,7.15338,1.71176,80064.09999999999,80066.59999999999,0.781,1.119,0.0000125000,-0.0000123600,0.3,111.2
2026-09-05T16:59:17.803+00:00,B_sell_A_buy,-1.4862,-11.8862,80075.0,80076.0,7.15338,1.71176,80064.09999999999,80066.59999999999,0.781,1.119,0.0000125000,-0.0000123600,0.3,111.2
2026-09-05T16:59:18.813+00:00,A_sell_B_buy,1.3488,-9.0512,80075.0,80076.0,7.25538,0.00697,80064.09999999999,80064.2,1.032,0.04,0.0000125000,-0.0000123600,0.3,117.1
2026-09-05T16:59:18.813+00:00,B_sell_A_buy,-1.4862,-11.8862,80075.0,80076.0,7.25538,0.00697,80064.09999999999,80064.2,1.032,0.04,0.0000125000,-0.0000123600,0.3,117.1
2026-09-05T16:59:19.843+00:00,A_sell_B_buy,1.3488,-9.0512,80075.0,80076.0,7.4991,2.12344,80064.09999999999,80064.2,0.276,2.67,0.0000125000,-0.0000123600,40.9,0.1
2026-09-05T16:59:19.843+00:00,B_sell_A_buy,-1.4862,-11.8862,80075.0,80076.0,7.4991,2.12344,80064.09999999999,80064.2,0.276,2.67,0.0000125000,-0.0000123600,40.9,0.1
2026-09-05T16:59:20.855+00:00,A_sell_B_buy,1.3488,-9.0512,80075.0,80076.0,7.49897,2.12788,80064.09999999999,80064.2,0.276,2.82,0.0000125000,-0.0000123600,118.4,0.2
2026-09-05T16:59:20.855+00:00,B_sell_A_buy,-1.4862,-11.8862,80075.0,80076.0,7.49897,2.12788,80064.09999999999,80064.2,0.276,2.82,0.0000125000,-0.0000123600,118.4,0.2
2026-09-05T16:59:21.896+00:00,A_sell_B_buy,2.8103,-7.5897,80075.0,80076.0,2.45615,8.04648,80050.0,80052.5,1.506,0.04,0.0000125000,-0.0000123600,50.0,0.1
2026-09-05T16:59:21.896+00:00,B_sell_A_buy,-3.2474,-13.6474,80075.0,80076.0,2.45615,8.04648,80050.0,80052.5,1.506,0.04,0.0000125000,-0.0000123600,50.0,0.1
2026-09-05T16:59:22.949+00:00,A_sell_B_buy,5.0097,-5.3903,80061.0,80076.0,0.00124,32.13044,80020.8,80020.9,0.001,13.356,0.0000125000,-0.0000123600,94.7,0.1
2026-09-05T16:59:22.949+00:00,B_sell_A_buy,-6.8961,-17.2961,80061.0,80076.0,0.00124,32.13044,80020.8,80020.9,0.001,13.356,0.0000125000,-0.0000123600,94.7,0.1
2026-09-05T16:59:24.089+00:00,A_sell_B_buy,1.8869,-8.5131,80031.0,80032.0,0.0022,12.64726,80015.8,80015.90000000001,0.001,2.744,0.0000125000,-0.0000123600,0.3,638.2
2026-09-05T16:59:24.089+00:00,B_sell_A_buy,-2.0244,-12.4244,80031.0,80032.0,0.0022,12.64726,80015.8,80015.90000000001,0.001,2.744,0.0000125000,-0.0000123600,0.3,638.2
2026-09-05T16:59:25.107+00:00,A_sell_B_buy,0.2624,-10.1376,80018.0,80019.0,6.48144,2.98027,80015.8,80015.90000000001,0.001,2.749,0.0000125000,-0.0000123600,0.2,253.4
2026-09-05T16:59:25.107+00:00,B_sell_A_buy,-0.3999,-10.7999,80018.0,80019.0,6.48144,2.98027,80015.8,80015.90000000001,0.001,2.749,0.0000125000,-0.0000123600,0.2,253.4
2026-09-05T16:59:26.216+00:00,A_sell_B_buy,0.2624,-10.1376,80018.0,80019.0,6.6998,1.04714,80015.8,80015.90000000001,0.289,2.671,0.0000125000,-0.0000123600,0.3,915.6
2026-09-05T16:59:26.216+00:00,B_sell_A_buy,-0.3999,-10.7999,80018.0,80019.0,6.6998,1.04714,80015.8,80015.90000000001,0.289,2.671,0.0000125000,-0.0000123600,0.3,915.6
2026-09-05T16:59:27.253+00:00,A_sell_B_buy,0.2624,-10.1376,80018.0,80019.0,6.75475,1.54616,80015.8,80015.90000000001,0.289,2.643,0.0000125000,-0.0000123600,0.2,46.5
2026-09-05T16:59:27.253+00:00,B_sell_A_buy,-0.3999,-10.7999,80018.0,80019.0,6.75475,1.54616,80015.8,80015.90000000001,0.289,2.643,0.0000125000,-0.0000123600,0.2,46.5
2026-09-05T16:59:28.405+00:00,A_sell_B_buy,0.2624,-10.1376,80018.0,80019.0,19.76801,0.17526,80015.8,80015.90000000001,0.787,0.19,0.0000125000,-0.0000123600,178.5,0.2
2026-09-05T16:59:28.405+00:00,B_sell_A_buy,-0.3999,-10.7999,80018.0,80019.0,19.76801,0.17526,80015.8,80015.90000000001,0.787,0.19,0.0000125000,-0.0000123600,178.5,0.2
2026-09-05T16:59:29.441+00:00,A_sell_B_buy,0.2624,-10.1376,80018.0,80019.0,6.87597,0.02389,80015.8,80015.90000000001,2.286,0.04,0.0000125000,-0.0000123600,0.2,692.4
2026-09-05T16:59:29.441+00:00,B_sell_A_buy,-0.3999,-10.7999,80018.0,80019.0,6.87597,0.02389,80015.8,80015.90000000001,2.286,0.04,0.0000125000,-0.0000123600,0.2,692.4
2026-09-05T16:59:30.522+00:00,A_sell_B_buy,0.2624,-10.1376,80018.0,80019.0,6.4204,0.02389,80015.8,80015.90000000001,0.001,0.51,0.0000125000,-0.0000123600,0.2,129.9
2026-09-05T16:59:30.522+00:00,B_sell_A_buy,-0.3999,-10.7999,80018.0,80019.0,6.4204,0.02389,80015.8,80015.90000000001,0.001,0.51,0.0000125000,-0.0000123600,0.2,129.9
2026-09-05T16:59:31.552+00:00,A_sell_B_buy,1.4498,-8.9502,80019.0,80020.0,4.7401,0.00013,80007.3,80007.4,2.134,0.038,0.0000125000,-0.0000123600,80.6,0.1
2026-09-05T16:59:31.552+00:00,B_sell_A_buy,-1.5872,-11.9872,80019.0,80020.0,4.7401,0.00013,80007.3,80007.4,2.134,0.038,0.0000125000,-0.0000123600,80.6,0.1
2026-09-05T16:59:32.658+00:00,A_sell_B_buy,1.2123,-9.1877,80020.0,80021.0,11.9054,0.72501,80010.20000000001,80010.3,0.999,0.038,0.0000125000,-0.0000123600,0.2,222.8
2026-09-05T16:59:32.658+00:00,B_sell_A_buy,-1.3497,-11.7497,80020.0,80021.0,11.9054,0.72501,80010.20000000001,80010.3,0.999,0.038,0.0000125000,-0.0000123600,0.2,222.8
2026-09-05T16:59:33.736+00:00,A_sell_B_buy,1.2123,-9.1877,80020.0,80021.0,12.86012,0.43997,80010.20000000001,80010.3,0.999,0.038,0.0000125000,-0.0000123600,0.3,390.1
2026-09-05T16:59:33.736+00:00,B_sell_A_buy,-1.3497,-11.7497,80020.0,80021.0,12.86012,0.43997,80010.20000000001,80010.3,0.999,0.038,0.0000125000,-0.0000123600,0.3,390.1
2026-09-05T16:59:34.887+00:00,A_sell_B_buy,1.2123,-9.1877,80020.0,80021.0,12.8363,2.80034,80010.20000000001,80010.3,1.997,0.038,0.0000125000,-0.0000123600,376.1,0.2
2026-09-05T16:59:34.887+00:00,B_sell_A_buy,-1.3497,-11.7497,80020.0,80021.0,12.8363,2.80034,80010.20000000001,80010.3,1.997,0.038,0.0000125000,-0.0000123600,376.1,0.2
2026-09-05T16:59:35.903+00:00,A_sell_B_buy,1.6622,-8.7378,80020.0,80021.0,8.65002,3.74398,80006.59999999999,80006.7,0.244,1.134,0.0000125000,-0.0000123600,34.0,0.1
2026-09-05T16:59:35.903+00:00,B_sell_A_buy,-1.7997,-12.1997,80020.0,80021.0,8.65002,3.74398,80006.59999999999,80006.7,0.244,1.134,0.0000125000,-0.0000123600,34.0,0.1
2026-09-05T16:59:36.981+00:00,A_sell_B_buy,1.5372,-8.8628,80019.0,80020.0,0.8932,0.15,80006.59999999999,80006.7,2.486,0.633,0.0000125000,-0.0000123600,0.3,144.4
2026-09-05T16:59:36.981+00:00,B_sell_A_buy,-1.6747,-12.0747,80019.0,80020.0,0.8932,0.15,80006.59999999999,80006.7,2.486,0.633,0.0000125000,-0.0000123600,0.3,144.4
2026-09-05T16:59:37.985+00:00,A_sell_B_buy,1.5372,-8.8628,80019.0,80020.0,4.6463,3.8825,80006.59999999999,80006.7,0.001,2.594,0.0000125000,-0.0000123600,96.3,0.2
2026-09-05T16:59:37.985+00:00,B_sell_A_buy,-1.6747,-12.0747,80019.0,80020.0,4.6463,3.8825,80006.59999999999,80006.7,0.001,2.594,0.0000125000,-0.0000123600,96.3,0.2
2026-09-05T16:59:38.997+00:00,A_sell_B_buy,1.5372,-8.8628,80019.0,80020.0,2.16268,7.08794,80006.59999999999,80006.7,0.001,4.192,0.0000125000,-0.0000123600,22.3,0.1
2026-09-05T16:59:38.997+00:00,B_sell_A_buy,-1.6747,-12.0747,80019.0,80020.0,2.16268,7.08794,80006.59999999999,80006.7,0.001,4.192,0.0000125000,-0.0000123600,22.3,0.1
2026-09-05T16:59:40.036+00:00,A_sell_B_buy,1.5372,-8.8628,80019.0,80020.0,1.5711,8.05459,80006.59999999999,80006.7,0.001,4.192,0.0000125000,-0.0000123600,0.2,1038.9
2026-09-05T16:59:40.036+00:00,B_sell_A_buy,-1.6747,-12.0747,80019.0,80020.0,1.5711,8.05459,80006.59999999999,80006.7,0.001,4.192,0.0000125000,-0.0000123600,0.2,1038.9
2026-09-05T16:59:41.059+00:00,A_sell_B_buy,2.2747,-8.1253,80019.0,80020.0,1.16409,7.81307,80000.7,80000.8,0.001,0.024,0.0000125000,-0.0000123600,0.2,62.8
2026-09-05T16:59:41.059+00:00,B_sell_A_buy,-2.4122,-12.8122,80019.0,80020.0,1.16409,7.81307,80000.7,80000.8,0.001,0.024,0.0000125000,-0.0000123600,0.2,62.8
2026-09-05T16:59:42.073+00:00,A_sell_B_buy,1.1499,-9.2501,80010.0,80011.0,0.12248,8.21259,80000.7,80000.8,0.001,6.607,0.0000125000,-0.0000123600,0.1,371.7
2026-09-05T16:59:42.073+00:00,B_sell_A_buy,-1.2874,-11.6874,80010.0,80011.0,0.12248,8.21259,80000.7,80000.8,0.001,6.607,0.0000125000,-0.0000123600,0.1,371.7
2026-09-05T16:59:43.077+00:00,A_sell_B_buy,1.1499,-9.2501,80010.0,80011.0,2.67539,7.80892,79998.0,80000.8,0.004,6.231,0.0000125000,-0.0000123600,100.9,0.1
2026-09-05T16:59:43.077+00:00,B_sell_A_buy,-1.6249,-12.0249,80010.0,80011.0,2.67539,7.80892,79998.0,80000.8,0.004,6.231,0.0000125000,-0.0000123600,100.9,0.1
2026-09-05T16:59:44.106+00:00,A_sell_B_buy,2.7125,-7.6875,80010.0,80011.0,0.00025,23.60209,79988.2,79988.3,0.001,6.317,0.0000125000,-0.0000123600,56.4,0.2
2026-09-05T16:59:44.106+00:00,B_sell_A_buy,-2.8500,-13.2500,80010.0,80011.0,0.00025,23.60209,79988.2,79988.3,0.001,6.317,0.0000125000,-0.0000123600,56.4,0.2
2026-09-05T16:59:45.108+00:00,A_sell_B_buy,1.9626,-8.4374,80004.0,80005.0,0.00457,14.61629,79988.2,79988.3,0.001,6.317,0.0000125000,-0.0000123600,0.2,468.0
2026-09-05T16:59:45.108+00:00,B_sell_A_buy,-2.1001,-12.5001,80004.0,80005.0,0.00457,14.61629,79988.2,79988.3,0.001,6.317,0.0000125000,-0.0000123600,0.2,468.0
2026-09-05T16:59:46.119+00:00,A_sell_B_buy,1.7126,-8.6874,80002.0,80003.0,0.01798,6.48205,79988.2,79988.3,0.001,6.167,0.0000125000,-0.0000123600,82.9,0.1
2026-09-05T16:59:46.119+00:00,B_sell_A_buy,-1.8501,-12.2501,80002.0,80003.0,0.01798,6.48205,79988.2,79988.3,0.001,6.167,0.0000125000,-0.0000123600,82.9,0.1
2026-09-05T16:59:47.153+00:00,A_sell_B_buy,3.8882,-6.5118,80001.0,80002.0,9.01782,10.07882,79969.79999999999,79969.90000000001,0.001,3.393,0.0000125000,-0.0000123600,51.2,0.2
2026-09-05T16:59:47.153+00:00,B_sell_A_buy,-4.0257,-14.4257,80001.0,80002.0,9.01782,10.07882,79969.79999999999,79969.90000000001,0.001,3.393,0.0000125000,-0.0000123600,51.2,0.2
2026-09-05T16:59:48.185+00:00,A_sell_B_buy,2.5131,-7.8869,79990.0,79991.0,0.00064,9.45655,79969.79999999999,79969.90000000001,0.232,3.393,0.0000125000,-0.0000123600,0.2,835.3
2026-09-05T16:59:48.185+00:00,B_sell_A_buy,-2.6507,-13.0507,79990.0,79991.0,0.00064,9.45655,79969.79999999999,79969.90000000001,0.232,3.393,0.0000125000,-0.0000123600,0.2,835.3
2026-09-05T16:59:49.245+00:00,A_sell_B_buy,0.8002,-9.5998,79980.0,79981.0,5.0069,6.08772,79973.5,79973.6,1.032,0.63,0.0000125000,-0.0000123600,65.3,0.2
2026-09-05T16:59:49.245+00:00,B_sell_A_buy,-0.9378,-11.3378,79980.0,79981.0,5.0069,6.08772,79973.5,79973.6,1.032,0.63,0.0000125000,-0.0000123600,65.3,0.2
2026-09-05T16:59:50.247+00:00,A_sell_B_buy,0.5877,-9.8123,79980.0,79981.0,5.37828,2.50602,79975.2,79975.3,0.575,1.088,0.0000125000,-0.0000123600,112.7,0.2
2026-09-05T16:59:50.247+00:00,B_sell_A_buy,-0.7252,-11.1252,79980.0,79981.0,5.37828,2.50602,79975.2,79975.3,0.575,1.088,0.0000125000,-0.0000123600,112.7,0.2
2026-09-05T16:59:51.290+00:00,A_sell_B_buy,0.6876,-9.7124,79988.0,79989.0,0.5622,0.0022,79982.4,79982.5,0.832,0.368,0.0000125000,-0.0000123600,0.3,293.1
2026-09-05T16:59:51.290+00:00,B_sell_A_buy,-0.8251,-11.2251,79988.0,79989.0,0.5622,0.0022,79982.4,79982.5,0.832,0.368,0.0000125000,-0.0000123600,0.3,293.1
2026-09-05T16:59:52.301+00:00,A_sell_B_buy,0.4251,-9.9749,79990.0,79991.0,6.24874,0.45014,79982.4,79986.59999999999,1.066,1.187,0.0000125000,-0.0000123600,24.0,0.1
2026-09-05T16:59:52.301+00:00,B_sell_A_buy,-1.0752,-11.4752,79990.0,79991.0,6.24874,0.45014,79982.4,79986.59999999999,1.066,1.187,0.0000125000,-0.0000123600,24.0,0.1
2026-09-05T16:59:53.362+00:00,A_sell_B_buy,0.0750,-10.3250,79990.0,79991.0,11.03042,0.00156,79989.3,79989.40000000001,1.026,0.012,0.0000125000,-0.0000123600,0.1,214.6
2026-09-05T16:59:53.362+00:00,B_sell_A_buy,-0.2125,-10.6125,79990.0,79991.0,11.03042,0.00156,79989.3,79989.40000000001,1.026,0.012,0.0000125000,-0.0000123600,0.1,214.6
2026-09-05T16:59:54.368+00:00,A_sell_B_buy,-0.1125,-10.5125,79990.0,79991.0,11.02523,0.00013,79990.8,79990.9,0.038,1.123,0.0000125000,-0.0000123600,0.2,62.6
2026-09-05T16:59:54.368+00:00,B_sell_A_buy,-0.0250,-10.4250,79990.0,79991.0,11.02523,0.00013,79990.8,79990.9,0.038,1.123,0.0000125000,-0.0000123600,0.2,62.6
2026-09-05T16:59:55.416+00:00,A_sell_B_buy,1.7624,-8.6376,80012.0,80013.0,3.15948,5.0134,79997.79999999999,79997.90000000001,1.111,0.012,0.0000125000,-0.0000123600,0.1,406.3
2026-09-05T16:59:55.416+00:00,B_sell_A_buy,-1.8999,-12.2999,80012.0,80013.0,3.15948,5.0134,79997.79999999999,79997.90000000001,1.111,0.012,0.0000125000,-0.0000123600,0.1,406.3
2026-09-05T16:59:56.425+00:00,A_sell_B_buy,1.7624,-8.6376,80012.0,80013.0,2.45372,6.07693,79997.79999999999,79997.90000000001,1.111,0.012,0.0000125000,-0.0000123600,0.2,1415.9
2026-09-05T16:59:56.425+00:00,B_sell_A_buy,-1.8999,-12.2999,80012.0,80013.0,2.45372,6.07693,79997.79999999999,79997.90000000001,1.111,0.012,0.0000125000,-0.0000123600,0.2,1415.9
2026-09-05T16:59:57.450+00:00,A_sell_B_buy,1.3499,-9.0501,80012.0,80013.0,3.21169,1.53405,80001.1,80001.2,1.016,0.012,0.0000125000,-0.0000123600,0.1,462.0
2026-09-05T16:59:57.450+00:00,B_sell_A_buy,-1.4874,-11.8874,80012.0,80013.0,3.21169,1.53405,80001.1,80001.2,1.016,0.012,0.0000125000,-0.0000123600,0.1,462.0
2026-09-05T16:59:58.502+00:00,A_sell_B_buy,0.7999,-9.6001,80012.0,80013.0,5.01237,0.00145,80005.5,80005.6,0.857,1.016,0.0000125000,-0.0000123600,226.7,0.2
2026-09-05T16:59:58.502+00:00,B_sell_A_buy,-0.9374,-11.3374,80012.0,80013.0,5.01237,0.00145,80005.5,80005.6,0.857,1.016,0.0000125000,-0.0000123600,226.7,0.2
2026-09-05T16:59:59.529+00:00,A_sell_B_buy,0.7999,-9.6001,80012.0,80013.0,5.41475,1.73061,80005.5,80005.6,0.562,0.518,0.0000125000,-0.0000123600,0.2,236.7
2026-09-05T16:59:59.529+00:00,B_sell_A_buy,-0.9374,-11.3374,80012.0,80013.0,5.41475,1.73061,80005.5,80005.6,0.562,0.518,0.0000125000,-0.0000123600,0.2,236.7
2026-09-05T17:00:00.573+00:00,A_sell_B_buy,0.7999,-9.6001,80012.0,80013.0,3.35131,0.71519,80005.5,80005.6,0.269,0.38,0.0000125000,-0.0000133600,88.6,0.2
2026-09-05T17:00:00.573+00:00,B_sell_A_buy,-0.9374,-11.3374,80012.0,80013.0,3.35131,0.71519,80005.5,80005.6,0.269,0.38,0.0000125000,-0.0000133600,88.6,0.2
2026-09-05T17:00:01.589+00:00,A_sell_B_buy,0.8249,-9.5751,80012.0,80029.0,3.33162,1.47655,80005.3,80005.40000000001,0.882,0.025,0.0000125000,-0.0000133600,30.0,0.1
2026-09-05T17:00:01.589+00:00,B_sell_A_buy,-2.9620,-13.3620,80012.0,80029.0,3.33162,1.47655,80005.3,80005.40000000001,0.882,0.025,0.0000125000,-0.0000133600,30.0,0.1
2026-09-05T17:00:02.645+00:00,A_sell_B_buy,2.8244,-7.5756,80028.0,80029.0,3.45422,7.43002,80005.3,80005.40000000001,2.565,0.008,0.0000125000,-0.0000133600,161.7,0.2
2026-09-05T17:00:02.645+00:00,B_sell_A_buy,-2.9619,-13.3619,80028.0,80029.0,3.45422,7.43002,80005.3,80005.40000000001,2.565,0.008,0.0000125000,-0.0000133600,161.7,0.2
2026-09-05T17:00:03.694+00:00,A_sell_B_buy,2.0245,-8.3755,80028.0,80029.0,3.37616,4.83452,80011.7,80011.8,2.088,3.747,0.0000125000,-0.0000133600,194.4,0.2
2026-09-05T17:00:03.694+00:00,B_sell_A_buy,-2.1620,-12.5620,80028.0,80029.0,3.37616,4.83452,80011.7,80011.8,2.088,3.747,0.0000125000,-0.0000133600,194.4,0.2
2026-09-05T17:00:04.712+00:00,A_sell_B_buy,2.0245,-8.3755,80028.0,80029.0,3.83613,6.13013,80011.7,80011.8,2.626,3.747,0.0000125000,-0.0000133600,0.3,249.7
2026-09-05T17:00:04.712+00:00,B_sell_A_buy,-2.1620,-12.5620,80028.0,80029.0,3.83613,6.13013,80011.7,80011.8,2.626,3.747,0.0000125000,-0.0000133600,0.3,249.7
2026-09-05T17:00:05.725+00:00,A_sell_B_buy,2.3495,-8.0505,80028.0,80029.0,3.06256,6.62699,80005.5,80009.2,0.011,0.032,0.0000125000,-0.0000133600,0.2,30.0
2026-09-05T17:00:05.725+00:00,B_sell_A_buy,-2.9368,-13.3368,80028.0,80029.0,3.06256,6.62699,80005.5,80009.2,0.011,0.032,0.0000125000,-0.0000133600,0.2,30.0
2026-09-05T17:00:06.753+00:00,A_sell_B_buy,3.6495,-6.7505,80025.0,80026.0,0.00025,22.47654,79995.7,79995.8,0.848,0.007,0.0000125000,-0.0000133600,0.3,92.7
2026-09-05T17:00:06.753+00:00,B_sell_A_buy,-3.7870,-14.1870,80025.0,80026.0,0.00025,22.47654,79995.7,79995.8,0.848,0.007,0.0000125000,-0.0000133600,0.3,92.7
2026-09-05T17:00:07.760+00:00,A_sell_B_buy,4.3496,-6.0504,80025.0,80026.0,0.00025,26.94049,79990.09999999999,79990.20000000001,0.07,0.512,0.0000125000,-0.0000133600,112.6,0.1
2026-09-05T17:00:07.760+00:00,B_sell_A_buy,-4.4871,-14.8871,80025.0,80026.0,0.00025,26.94049,79990.09999999999,79990.20000000001,0.07,0.512,0.0000125000,-0.0000133600,112.6,0.1
2026-09-05T17:00:08.814+00:00,A_sell_B_buy,1.5501,-8.8499,80000.0,80001.0,2.93689,4.51368,79987.5,79987.6,0.806,7.14,0.0000125000,-0.0000133600,0.3,618.5
2026-09-05T17:00:08.814+00:00,B_sell_A_buy,-1.6876,-12.0876,80000.0,80001.0,2.93689,4.51368,79987.5,79987.6,0.806,7.14,0.0000125000,-0.0000133600,0.3,618.5
2026-09-05T17:00:09.845+00:00,A_sell_B_buy,0.6500,-9.7500,80000.0,80001.0,5.69706,2.85772,79994.7,79994.8,0.35,0.922,0.0000125000,-0.0000133600,0.2,254.0
2026-09-05T17:00:09.845+00:00,B_sell_A_buy,-0.7875,-11.1875,80000.0,80001.0,5.69706,2.85772,79994.7,79994.8,0.35,0.922,0.0000125000,-0.0000133600,0.2,254.0
2026-09-05T17:00:11.191+00:00,A_sell_B_buy,0.6500,-9.7500,80000.0,80001.0,5.73968,1.61337,79994.7,79994.8,0.35,0.922,0.0000125000,-0.0000133600,721.5,0.2
2026-09-05T17:00:11.191+00:00,B_sell_A_buy,-0.7875,-11.1875,80000.0,80001.0,5.73968,1.61337,79994.7,79994.8,0.35,0.922,0.0000125000,-0.0000133600,721.5,0.2
2026-09-05T17:00:12.302+00:00,A_sell_B_buy,0.5250,-9.8750,80000.0,80001.0,5.73968,0.67823,79995.7,79995.8,0.975,0.007,0.0000125000,-0.0000133600,0.3,143.6
2026-09-05T17:00:12.302+00:00,B_sell_A_buy,-0.6625,-11.0625,80000.0,80001.0,5.73968,0.67823,79995.7,79995.8,0.975,0.007,0.0000125000,-0.0000133600,0.3,143.6
2026-09-05T17:00:13.306+00:00,A_sell_B_buy,0.6625,-9.7375,80006.0,80007.0,3.19517,1.82173,80000.6,80000.7,0.26,0.28,0.0000125000,-0.0000133600,71.7,0.1
2026-09-05T17:00:13.306+00:00,B_sell_A_buy,-0.8000,-11.2000,80006.0,80007.0,3.19517,1.82173,80000.6,80000.7,0.26,0.28,0.0000125000,-0.0000133600,71.7,0.1
2026-09-05T17:00:14.342+00:00,A_sell_B_buy,0.9749,-9.4251,80008.0,80009.0,14.65294,5.33587,80000.09999999999,80000.2,0.031,1.139,0.0000125000,-0.0000133600,0.2,246.5
2026-09-05T17:00:14.342+00:00,B_sell_A_buy,-1.1124,-11.5124,80008.0,80009.0,14.65294,5.33587,80000.09999999999,80000.2,0.031,1.139,0.0000125000,-0.0000133600,0.2,246.5
2026-09-05T17:00:15.545+00:00,A_sell_B_buy,0.9749,-9.4251,80008.0,80009.0,13.9203,4.42483,80000.09999999999,80000.2,0.276,0.986,0.0000125000,-0.0000133600,0.3,350.5
2026-09-05T17:00:15.545+00:00,B_sell_A_buy,-1.1124,-11.5124,80008.0,80009.0,13.9203,4.42483,80000.09999999999,80000.2,0.276,0.986,0.0000125000,-0.0000133600,0.3,350.5
2026-09-05T17:00:16.553+00:00,A_sell_B_buy,0.9749,-9.4251,80008.0,80009.0,13.76563,3.89347,80000.09999999999,80000.2,0.276,2.484,0.0000125000,-0.0000133600,0.2,145.3
2026-09-05T17:00:16.553+00:00,B_sell_A_buy,-1.1124,-11.5124,80008.0,80009.0,13.76563,3.89347,80000.09999999999,80000.2,0.276,2.484,0.0000125000,-0.0000133600,0.2,145.3
2026-09-05T17:00:17.559+00:00,A_sell_B_buy,0.9749,-9.4251,80008.0,80009.0,12.37359,3.89768,80000.09999999999,80000.2,0.276,2.484,0.0000125000,-0.0000133600,0.2,321.1
2026-09-05T17:00:17.559+00:00,B_sell_A_buy,-1.1124,-11.5124,80008.0,80009.0,12.37359,3.89768,80000.09999999999,80000.2,0.276,2.484,0.0000125000,-0.0000133600,0.2,321.1
2026-09-05T17:00:18.590+00:00,A_sell_B_buy,0.9749,-9.4251,80008.0,80009.0,12.37341,3.639,80000.09999999999,80000.2,0.276,2.488,0.0000125000,-0.0000133600,351.7,0.2
2026-09-05T17:00:18.590+00:00,B_sell_A_buy,-1.1124,-11.5124,80008.0,80009.0,12.37341,3.639,80000.09999999999,80000.2,0.276,2.488,0.0000125000,-0.0000133600,351.7,0.2
2026-09-05T17:00:19.602+00:00,A_sell_B_buy,1.7248,-8.6752,80014.0,80015.0,2.57936,0.15696,80000.09999999999,80000.2,5.578,0.004,0.0000125000,-0.0000133600,130.9,0.1
2026-09-05T17:00:19.602+00:00,B_sell_A_buy,-1.8623,-12.2623,80014.0,80015.0,2.57936,0.15696,80000.09999999999,80000.2,5.578,0.004,0.0000125000,-0.0000133600,130.9,0.1
2026-09-05T17:00:20.654+00:00,A_sell_B_buy,2.5499,-7.8501,80014.0,80015.0,11.38505,2.07944,79993.5,79993.6,0.296,0.01,0.0000125000,-0.0000133600,94.8,0.1
2026-09-05T17:00:20.654+00:00,B_sell_A_buy,-2.6874,-13.0874,80014.0,80015.0,11.38505,2.07944,79993.5,79993.6,0.296,0.01,0.0000125000,-0.0000133600,94.8,0.1
2026-09-05T17:00:21.747+00:00,A_sell_B_buy,2.7375,-7.6625,80010.0,80011.0,0.00013,14.12695,79988.0,79988.09999999999,0.565,6.167,0.0000125000,-0.0000133600,142.8,0.2
2026-09-05T17:00:21.747+00:00,B_sell_A_buy,-2.8750,-13.2750,80010.0,80011.0,0.00013,14.12695,79988.0,79988.09999999999,0.565,6.167,0.0000125000,-0.0000133600,142.8,0.2
2026-09-05T17:00:22.787+00:00,A_sell_B_buy,0.3625,-10.0375,79991.0,79992.0,6.26324,4.5355,79988.0,79988.09999999999,1.011,6.167,0.0000125000,-0.0000133600,0.3,78.5
2026-09-05T17:00:22.787+00:00,B_sell_A_buy,-0.5001,-10.9001,79991.0,79992.0,6.26324,4.5355,79988.0,79988.09999999999,1.011,6.167,0.0000125000,-0.0000133600,0.3,78.5
2026-09-05T17:00:23.800+00:00,A_sell_B_buy,-0.5250,-10.9250,79996.0,79997.0,29.53356,0.00018,80000.09999999999,80000.2,1.053,0.004,0.0000125000,-0.0000133600,74.9,0.1
2026-09-05T17:00:23.800+00:00,B_sell_A_buy,0.3875,-10.0125,79996.0,79997.0,29.53356,0.00018,80000.09999999999,80000.2,1.053,0.004,0.0000125000,-0.0000133600,74.9,0.1
2026-09-05T17:00:24.814+00:00,A_sell_B_buy,-0.7872,-11.1872,80025.0,80030.0,1.2352,0.04998,80031.2,80031.3,7.425,0.291,0.0000125000,-0.0000133600,55.4,0.1
2026-09-05T17:00:24.814+00:00,B_sell_A_buy,0.1499,-10.2501,80025.0,80030.0,1.2352,0.04998,80031.2,80031.3,7.425,0.291,0.0000125000,-0.0000133600,55.4,0.1
2026-09-05T17:00:25.836+00:00,A_sell_B_buy,2.0865,-8.3135,80048.0,80049.0,0.9038,0.19048,80031.2,80031.3,0.242,0.943,0.0000125000,-0.0000133600,0.1,96.0
2026-09-05T17:00:25.836+00:00,B_sell_A_buy,-2.2239,-12.6239,80048.0,80049.0,0.9038,0.19048,80031.2,80031.3,0.242,0.943,0.0000125000,-0.0000133600,0.1,96.0
2026-09-05T17:00:26.851+00:00,A_sell_B_buy,1.9366,-8.4634,80045.0,80046.0,0.28619,23.12787,80029.40000000001,80029.5,0.372,0.001,0.0000125000,-0.0000133600,59.7,0.2
2026-09-05T17:00:26.851+00:00,B_sell_A_buy,-2.0740,-12.4740,80045.0,80046.0,0.28619,23.12787,80029.40000000001,80029.5,0.372,0.001,0.0000125000,-0.0000133600,59.7,0.2
2026-09-05T17:00:27.889+00:00,A_sell_B_buy,0.7871,-9.6129,80040.0,80041.0,4.73065,1.3197,80033.6,80033.7,0.373,1.166,0.0000125000,-0.0000133600,0.3,40.7
2026-09-05T17:00:27.889+00:00,B_sell_A_buy,-0.9246,-11.3246,80040.0,80041.0,4.73065,1.3197,80033.6,80033.7,0.373,1.166,0.0000125000,-0.0000133600,0.3,40.7
2026-09-05T17:00:29.028+00:00,A_sell_B_buy,0.7871,-9.6129,80040.0,80041.0,3.40755,0.78136,80033.6,80033.7,0.03,1.407,0.0000125000,-0.0000133600,0.3,183.6
2026-09-05T17:00:29.028+00:00,B_sell_A_buy,-0.9246,-11.3246,80040.0,80041.0,3.40755,0.78136,80033.6,80033.7,0.03,1.407,0.0000125000,-0.0000133600,0.3,183.6
2026-09-05T17:00:30.054+00:00,A_sell_B_buy,2.9115,-7.4885,80039.0,80041.0,0.00013,19.25359,80015.6,80015.7,0.26,0.357,0.0000125000,-0.0000133600,72.8,0.1
2026-09-05T17:00:30.054+00:00,B_sell_A_buy,-3.1739,-13.5739,80039.0,80041.0,0.00013,19.25359,80015.6,80015.7,0.26,0.357,0.0000125000,-0.0000133600,72.8,0.1
2026-09-05T17:00:31.095+00:00,A_sell_B_buy,2.7866,-7.6134,80038.0,80039.0,0.01082,24.34107,80015.6,80015.7,0.595,0.896,0.0000125000,-0.0000133600,65.4,0.3
2026-09-05T17:00:31.095+00:00,B_sell_A_buy,-2.9240,-13.3240,80038.0,80039.0,0.01082,24.34107,80015.6,80015.7,0.595,0.896,0.0000125000,-0.0000133600,65.4,0.3
2026-09-05T17:00:32.100+00:00,A_sell_B_buy,3.8242,-6.5758,80031.0,80032.0,0.00013,12.55643,80000.3,80000.4,5.364,0.168,0.0000125000,-0.0000133600,15.9,0.1
2026-09-05T17:00:32.100+00:00,B_sell_A_buy,-3.9617,-14.3617,80031.0,80032.0,0.00013,12.55643,80000.3,80000.4,5.364,0.168,0.0000125000,-0.0000133600,15.9,0.1
2026-09-05T17:00:33.101+00:00,A_sell_B_buy,3.1995,-7.2005,80026.0,80027.0,0.00807,13.9078,80000.3,80000.4,6.874,0.167,0.0000125000,-0.0000133600,22.7,0.1
2026-09-05T17:00:33.101+00:00,B_sell_A_buy,-3.3369,-13.7369,80026.0,80027.0,0.00807,13.9078,80000.3,80000.4,6.874,0.167,0.0000125000,-0.0000133600,22.7,0.1
2026-09-05T17:00:34.138+00:00,A_sell_B_buy,3.1995,-7.2005,80026.0,80027.0,0.00263,19.10655,80000.3,80000.4,2.799,0.167,0.0000125000,-0.0000133600,99.6,0.1
2026-09-05T17:00:34.138+00:00,B_sell_A_buy,-3.3369,-13.7369,80026.0,80027.0,0.00263,19.10655,80000.3,80000.4,2.799,0.167,0.0000125000,-0.0000133600,99.6,0.1
2026-09-05T17:00:35.154+00:00,A_sell_B_buy,3.1995,-7.2005,80026.0,80027.0,0.00263,13.11124,80000.3,80000.4,3.039,0.167,0.0000125000,-0.0000133600,85.5,0.2
2026-09-05T17:00:35.154+00:00,B_sell_A_buy,-3.3369,-13.7369,80026.0,80027.0,0.00263,13.11124,80000.3,80000.4,3.039,0.167,0.0000125000,-0.0000133600,85.5,0.2
2026-09-05T17:00:36.159+00:00,A_sell_B_buy,3.1995,-7.2005,80026.0,80027.0,0.00099,20.26213,80000.3,80000.4,2.814,0.445,0.0000125000,-0.0000133600,255.4,0.1
2026-09-05T17:00:36.159+00:00,B_sell_A_buy,-3.3369,-13.7369,80026.0,80027.0,0.00099,20.26213,80000.3,80000.4,2.814,0.445,0.0000125000,-0.0000133600,255.4,0.1
2026-09-05T17:00:37.201+00:00,A_sell_B_buy,3.1995,-7.2005,80026.0,80027.0,0.00217,13.11992,80000.3,80000.4,2.84,0.167,0.0000125000,-0.0000133600,53.2,0.3
2026-09-05T17:00:37.201+00:00,B_sell_A_buy,-3.3369,-13.7369,80026.0,80027.0,0.00217,13.11992,80000.3,80000.4,2.84,0.167,0.0000125000,-0.0000133600,53.2,0.3
2026-09-05T17:00:38.208+00:00,A_sell_B_buy,3.1995,-7.2005,80026.0,80027.0,0.00113,15.22829,80000.3,80000.4,2.816,0.292,0.0000125000,-0.0000133600,49.0,0.1
2026-09-05T17:00:38.208+00:00,B_sell_A_buy,-3.3369,-13.7369,80026.0,80027.0,0.00113,15.22829,80000.3,80000.4,2.816,0.292,0.0000125000,-0.0000133600,49.0,0.1
2026-09-05T17:00:39.240+00:00,A_sell_B_buy,1.8248,-8.5752,80015.0,80016.0,4.02585,3.65402,80000.3,80000.4,2.818,0.292,0.0000125000,-0.0000133600,0.2,44.7
2026-09-05T17:00:39.240+00:00,B_sell_A_buy,-1.9623,-12.3623,80015.0,80016.0,4.02585,3.65402,80000.3,80000.4,2.818,0.292,0.0000125000,-0.0000133600,0.2,44.7
2026-09-05T17:00:40.245+00:00,A_sell_B_buy,1.8248,-8.5752,80015.0,80016.0,4.2457,3.53628,80000.3,80000.4,2.799,0.292,0.0000125000,-0.0000133600,53.1,0.1
2026-09-05T17:00:40.245+00:00,B_sell_A_buy,-1.9623,-12.3623,80015.0,80016.0,4.2457,3.53628,80000.3,80000.4,2.799,0.292,0.0000125000,-0.0000133600,53.1,0.1
2026-09-05T17:00:41.250+00:00,A_sell_B_buy,1.8248,-8.5752,80015.0,80016.0,5.56219,3.01169,80000.3,80000.4,2.799,0.292,0.0000125000,-0.0000133600,23.9,0.1
2026-09-05T17:00:41.250+00:00,B_sell_A_buy,-1.9623,-12.3623,80015.0,80016.0,5.56219,3.01169,80000.3,80000.4,2.799,0.292,0.0000125000,-0.0000133600,23.9,0.1
2026-09-05T17:00:42.305+00:00,A_sell_B_buy,1.8248,-8.5752,80015.0,80016.0,4.21443,3.00928,80000.3,80000.4,2.799,0.292,0.0000125000,-0.0000133600,238.4,0.1
2026-09-05T17:00:42.305+00:00,B_sell_A_buy,-1.9623,-12.3623,80015.0,80016.0,4.21443,3.00928,80000.3,80000.4,2.799,0.292,0.0000125000,-0.0000133600,238.4,0.1
2026-09-05T17:00:43.340+00:00,A_sell_B_buy,1.8248,-8.5752,80015.0,80016.0,3.46951,3.01404,80000.3,80000.4,2.799,0.292,0.0000125000,-0.0000133600,175.5,0.2
2026-09-05T17:00:43.340+00:00,B_sell_A_buy,-1.9623,-12.3623,80015.0,80016.0,3.46951,3.01404,80000.3,80000.4,2.799,0.292,0.0000125000,-0.0000133600,175.5,0.2
2026-09-05T17:00:44.350+00:00,A_sell_B_buy,3.4874,-6.9126,80015.0,80016.0,0.06385,9.28465,79987.0,79987.1,0.366,7.427,0.0000125000,-0.0000133600,106.6,0.1
2026-09-05T17:00:44.350+00:00,B_sell_A_buy,-3.6249,-14.0249,80015.0,80016.0,0.06385,9.28465,79987.0,79987.1,0.366,7.427,0.0000125000,-0.0000133600,106.6,0.1
2026-09-05T17:00:45.367+00:00,A_sell_B_buy,1.6127,-8.7873,79997.0,79998.0,1.38325,7.40849,79984.0,79984.09999999999,0.318,0.579,0.0000125000,-0.0000133600,0.1,65.1
2026-09-05T17:00:45.367+00:00,B_sell_A_buy,-1.7502,-12.1502,79997.0,79998.0,1.38325,7.40849,79984.0,79984.09999999999,0.318,0.579,0.0000125000,-0.0000133600,0.1,65.1
2026-09-05T17:00:46.393+00:00,A_sell_B_buy,1.2501,-9.1499,79997.0,79998.0,3.38351,4.47586,79986.9,79987.0,0.38,1.402,0.0000125000,-0.0000133600,0.2,39.6
2026-09-05T17:00:46.393+00:00,B_sell_A_buy,-1.3876,-11.7876,79997.0,79998.0,3.38351,4.47586,79986.9,79987.0,0.38,1.402,0.0000125000,-0.0000133600,0.2,39.6
2026-09-05T17:00:47.397+00:00,A_sell_B_buy,1.2501,-9.1499,79997.0,79998.0,3.76351,3.60706,79986.9,79987.0,0.332,0.273,0.0000125000,-0.0000133600,381.2,0.2
2026-09-05T17:00:47.397+00:00,B_sell_A_buy,-1.3876,-11.7876,79997.0,79998.0,3.76351,3.60706,79986.9,79987.0,0.332,0.273,0.0000125000,-0.0000133600,381.2,0.2
2026-09-05T17:00:48.406+00:00,A_sell_B_buy,1.2501,-9.1499,79997.0,79998.0,3.13347,4.10782,79986.9,79987.0,0.345,0.571,0.0000125000,-0.0000133600,0.2,50.2
2026-09-05T17:00:48.406+00:00,B_sell_A_buy,-1.3876,-11.7876,79997.0,79998.0,3.13347,4.10782,79986.9,79987.0,0.345,0.571,0.0000125000,-0.0000133600,0.2,50.2
2026-09-05T17:00:49.463+00:00,A_sell_B_buy,0.6625,-9.7375,79997.0,79998.0,6.43283,2.20347,79991.6,79991.7,0.231,7.372,0.0000125000,-0.0000133600,0.3,164.5
2026-09-05T17:00:49.463+00:00,B_sell_A_buy,-0.8001,-11.2001,79997.0,79998.0,6.43283,2.20347,79991.6,79991.7,0.231,7.372,0.0000125000,-0.0000133600,0.3,164.5
2026-09-05T17:00:50.512+00:00,A_sell_B_buy,0.9126,-9.4874,79997.0,79998.0,4.91638,2.20823,79989.6,79989.7,0.33,0.564,0.0000125000,-0.0000133600,0.2,109.0
2026-09-05T17:00:50.512+00:00,B_sell_A_buy,-1.0501,-11.4501,79997.0,79998.0,4.91638,2.20823,79989.6,79989.7,0.33,0.564,0.0000125000,-0.0000133600,0.2,109.0
2026-09-05T17:00:51.513+00:00,A_sell_B_buy,2.6625,-7.7375,80011.0,80012.0,0.81212,3.94363,79989.6,79989.7,2.997,0.008,0.0000125000,-0.0000133600,0.3,123.9
2026-09-05T17:00:51.513+00:00,B_sell_A_buy,-2.8000,-13.2000,80011.0,80012.0,0.81212,3.94363,79989.6,79989.7,2.997,0.008,0.0000125000,-0.0000133600,0.3,123.9
2026-09-05T17:00:52.523+00:00,A_sell_B_buy,2.6625,-7.7375,80011.0,80012.0,0.73712,5.85868,79989.6,79989.7,2.138,0.236,0.0000125000,-0.0000133600,0.1,124.4
2026-09-05T17:00:52.523+00:00,B_sell_A_buy,-2.8000,-13.2000,80011.0,80012.0,0.73712,5.85868,79989.6,79989.7,2.138,0.236,0.0000125000,-0.0000133600,0.1,124.4
2026-09-05T17:00:53.643+00:00,A_sell_B_buy,2.6625,-7.7375,80011.0,80012.0,0.67452,7.16541,79989.6,79989.7,0.638,0.008,0.0000125000,-0.0000133600,314.2,0.2
2026-09-05T17:00:53.643+00:00,B_sell_A_buy,-2.8000,-13.2000,80011.0,80012.0,0.67452,7.16541,79989.6,79989.7,0.638,0.008,0.0000125000,-0.0000133600,314.2,0.2
2026-09-05T17:00:54.702+00:00,A_sell_B_buy,4.1879,-6.2121,80010.0,80011.0,0.00013,14.40914,79974.9,79976.5,1.453,0.57,0.0000125000,-0.0000133600,138.0,0.1
2026-09-05T17:00:54.702+00:00,B_sell_A_buy,-4.5129,-14.9129,80010.0,80011.0,0.00013,14.40914,79974.9,79976.5,1.453,0.57,0.0000125000,-0.0000133600,138.0,0.1
2026-09-05T17:00:55.800+00:00,A_sell_B_buy,2.5131,-7.8869,79990.0,79996.0,0.05415,5.36964,79969.79999999999,79969.90000000001,0.001,0.784,0.0000125000,-0.0000133600,0.3,339.4
2026-09-05T17:00:55.800+00:00,B_sell_A_buy,-3.2758,-13.6758,79990.0,79996.0,0.05415,5.36964,79969.79999999999,79969.90000000001,0.001,0.784,0.0000125000,-0.0000133600,0.3,339.4
2026-09-05T17:00:56.861+00:00,A_sell_B_buy,2.2631,-8.1369,79988.0,79989.0,0.4975,12.51235,79969.79999999999,79969.90000000001,0.001,1.69,0.0000125000,-0.0000133600,0.3,76.3
2026-09-05T17:00:56.861+00:00,B_sell_A_buy,-2.4006,-12.8006,79988.0,79989.0,0.4975,12.51235,79969.79999999999,79969.90000000001,0.001,1.69,0.0000125000,-0.0000133600,0.3,76.3
2026-09-05T17:00:57.896+00:00,A_sell_B_buy,2.2631,-8.1369,79988.0,79989.0,0.02775,13.49484,79969.79999999999,79969.90000000001,0.001,1.214,0.0000125000,-0.0000133600,107.8,0.2
2026-09-05T17:00:57.896+00:00,B_sell_A_buy,-2.4006,-12.8006,79988.0,79989.0,0.02775,13.49484,79969.79999999999,79969.90000000001,0.001,1.214,0.0000125000,-0.0000133600,107.8,0.2
2026-09-05T17:00:59.001+00:00,A_sell_B_buy,0.1750,-10.2250,79988.0,79989.0,7.02691,1.31582,79986.5,79986.59999999999,0.031,0.379,0.0000125000,-0.0000133600,114.1,0.1
2026-09-05T17:00:59.001+00:00,B_sell_A_buy,-0.3125,-10.7125,79988.0,79989.0,7.02691,1.31582,79986.5,79986.59999999999,0.031,0.379,0.0000125000,-0.0000133600,114.1,0.1
2026-09-05T17:01:00.066+00:00,A_sell_B_buy,1.7503,-8.6497,79995.0,79996.0,5.18952,0.73529,79980.9,79981.0,0.613,3.755,0.0000125000,-0.0000133600,0.3,415.2
2026-09-05T17:01:00.066+00:00,B_sell_A_buy,-1.8878,-12.2878,79995.0,79996.0,5.18952,0.73529,79980.9,79981.0,0.613,3.755,0.0000125000,-0.0000133600,0.3,415.2
2026-09-05T17:01:01.121+00:00,A_sell_B_buy,2.4379,-7.9621,79995.0,79996.0,4.72335,1.71767,79975.1,79975.5,0.076,0.255,0.0000125000,-0.0000133600,0.1,60.8
2026-09-05T17:01:01.121+00:00,B_sell_A_buy,-2.6130,-13.0130,79995.0,79996.0,4.72335,1.71767,79975.1,79975.5,0.076,0.255,0.0000125000,-0.0000133600,0.1,60.8
2026-09-05T17:01:02.204+00:00,A_sell_B_buy,1.7630,-8.6370,79984.0,79987.0,0.00125,3.56324,79969.79999999999,79969.90000000001,0.595,5.327,0.0000125000,-0.0000133600,193.3,0.2
2026-09-05T17:01:02.204+00:00,B_sell_A_buy,-2.1506,-12.5506,79984.0,79987.0,0.00125,3.56324,79969.79999999999,79969.90000000001,0.595,5.327,0.0000125000,-0.0000133600,193.3,0.2
2026-09-05T17:01:03.203+00:00,A_sell_B_buy,2.8882,-7.5118,79993.0,79994.0,0.115,0.31517,79969.79999999999,79969.90000000001,0.826,0.893,0.0000125000,-0.0000133600,47.5,0.1
2026-09-05T17:01:03.203+00:00,B_sell_A_buy,-3.0257,-13.4257,79993.0,79994.0,0.115,0.31517,79969.79999999999,79969.90000000001,0.826,0.893,0.0000125000,-0.0000133600,47.5,0.1
2026-09-05T17:01:04.219+00:00,A_sell_B_buy,-0.2751,-10.6751,79986.0,79987.0,0.94929,2.67427,79974.4,79988.2,0.036,0.001,0.0000125000,-0.0000133600,0.1,17.7
2026-09-05T17:01:04.219+00:00,B_sell_A_buy,-1.5753,-11.9753,79986.0,79987.0,0.94929,2.67427,79974.4,79988.2,0.036,0.001,0.0000125000,-0.0000133600,0.1,17.7
2026-09-05T17:01:05.269+00:00,A_sell_B_buy,1.0001,-9.3999,79995.0,79996.0,2.39188,0.00505,79986.9,79987.0,0.303,4.515,0.0000125000,-0.0000133600,0.3,316.2
2026-09-05T17:01:05.269+00:00,B_sell_A_buy,-1.1376,-11.5376,79995.0,79996.0,2.39188,0.00505,79986.9,79987.0,0.303,4.515,0.0000125000,-0.0000133600,0.3,316.2
2026-09-05T17:01:06.329+00:00,A_sell_B_buy,1.0001,-9.3999,79995.0,79996.0,10.49989,0.00318,79986.9,79987.0,2.35,0.144,0.0000125000,-0.0000133600,0.2,68.7
2026-09-05T17:01:06.329+00:00,B_sell_A_buy,-1.1376,-11.5376,79995.0,79996.0,10.49989,0.00318,79986.9,79987.0,2.35,0.144,0.0000125000,-0.0000133600,0.2,68.7
2026-09-05T17:01:07.404+00:00,A_sell_B_buy,1.0001,-9.3999,79995.0,79996.0,7.73051,1.00257,79986.9,79987.0,2.075,0.294,0.0000125000,-0.0000133600,137.1,0.2
2026-09-05T17:01:07.404+00:00,B_sell_A_buy,-1.1376,-11.5376,79995.0,79996.0,7.73051,1.00257,79986.9,79987.0,2.075,0.294,0.0000125000,-0.0000133600,137.1,0.2
2026-09-05T17:01:08.447+00:00,A_sell_B_buy,1.0001,-9.3999,79995.0,79996.0,11.82787,0.44267,79986.9,79987.0,2.095,0.144,0.0000125000,-0.0000133600,54.5,0.2
2026-09-05T17:01:08.447+00:00,B_sell_A_buy,-1.1376,-11.5376,79995.0,79996.0,11.82787,0.44267,79986.9,79987.0,2.095,0.144,0.0000125000,-0.0000133600,54.5,0.2
2026-09-05T17:01:09.548+00:00,A_sell_B_buy,3.2249,-7.1751,80014.0,80015.0,0.115,1.44592,79988.09999999999,79988.2,2.328,0.001,0.0000125000,-0.0000133600,213.1,0.2
2026-09-05T17:01:09.548+00:00,B_sell_A_buy,-3.3624,-13.7624,80014.0,80015.0,0.115,1.44592,79988.09999999999,79988.2,2.328,0.001,0.0000125000,-0.0000133600,213.1,0.2
2026-09-05T17:01:10.597+00:00,A_sell_B_buy,2.4751,-7.9249,80008.0,80009.0,5.44998,5.5238,79988.09999999999,79988.2,2.328,0.001,0.0000125000,-0.0000133600,0.3,1049.4
2026-09-05T17:01:10.597+00:00,B_sell_A_buy,-2.6126,-13.0126,80008.0,80009.0,5.44998,5.5238,79988.09999999999,79988.2,2.328,0.001,0.0000125000,-0.0000133600,0.3,1049.4
2026-09-05T17:01:11.605+00:00,A_sell_B_buy,2.4751,-7.9249,80008.0,80009.0,4.06275,4.81038,79988.09999999999,79988.2,8.441,0.001,0.0000125000,-0.0000133600,206.0,0.2
2026-09-05T17:01:11.605+00:00,B_sell_A_buy,-2.6126,-13.0126,80008.0,80009.0,4.06275,4.81038,79988.09999999999,79988.2,8.441,0.001,0.0000125000,-0.0000133600,206.0,0.2
2026-09-05T17:01:12.615+00:00,A_sell_B_buy,2.4751,-7.9249,80008.0,80009.0,6.2915,2.14454,79988.09999999999,79988.2,9.679,0.001,0.0000125000,-0.0000133600,0.1,17.2
2026-09-05T17:01:12.615+00:00,B_sell_A_buy,-2.6126,-13.0126,80008.0,80009.0,6.2915,2.14454,79988.09999999999,79988.2,9.679,0.001,0.0000125000,-0.0000133600,0.1,17.2
2026-09-05T17:01:13.658+00:00,A_sell_B_buy,2.4751,-7.9249,80008.0,80009.0,6.35378,2.16881,79988.09999999999,79988.2,9.725,0.001,0.0000125000,-0.0000133600,429.2,0.3
2026-09-05T17:01:13.658+00:00,B_sell_A_buy,-2.6126,-13.0126,80008.0,80009.0,6.35378,2.16881,79988.09999999999,79988.2,9.725,0.001,0.0000125000,-0.0000133600,429.2,0.3
2026-09-05T17:01:14.711+00:00,A_sell_B_buy,2.4751,-7.9249,80008.0,80009.0,6.36601,2.16881,79988.09999999999,79988.2,9.678,0.001,0.0000125000,-0.0000133600,0.1,68.8
2026-09-05T17:01:14.711+00:00,B_sell_A_buy,-2.6126,-13.0126,80008.0,80009.0,6.36601,2.16881,79988.09999999999,79988.2,9.678,0.001,0.0000125000,-0.0000133600,0.1,68.8
2026-09-05T17:01:15.712+00:00,A_sell_B_buy,2.4751,-7.9249,80008.0,80009.0,6.25913,2.16881,79988.09999999999,79988.2,9.761,0.001,0.0000125000,-0.0000133600,168.2,0.1
2026-09-05T17:01:15.712+00:00,B_sell_A_buy,-2.6126,-13.0126,80008.0,80009.0,6.25913,2.16881,79988.09999999999,79988.2,9.761,0.001,0.0000125000,-0.0000133600,168.2,0.1
2026-09-05T17:01:16.716+00:00,A_sell_B_buy,4.3497,-6.0503,80023.0,80024.0,0.11384,3.61064,79988.09999999999,79988.2,9.972,0.001,0.0000125000,-0.0000133600,172.5,0.1
2026-09-05T17:01:16.716+00:00,B_sell_A_buy,-4.4872,-14.8872,80023.0,80024.0,0.11384,3.61064,79988.09999999999,79988.2,9.972,0.001,0.0000125000,-0.0000133600,172.5,0.1
2026-09-05T17:01:17.742+00:00,A_sell_B_buy,1.1249,-9.2751,80013.0,80019.0,7.82088,0.01197,80003.90000000001,80004.0,0.668,7.14,0.0000125000,-0.0000133600,0.1,187.8
2026-09-05T17:01:17.742+00:00,B_sell_A_buy,-1.8873,-12.2873,80013.0,80019.0,7.82088,0.01197,80003.90000000001,80004.0,0.668,7.14,0.0000125000,-0.0000133600,0.1,187.8
2026-09-05T17:01:18.842+00:00,A_sell_B_buy,1.7498,-8.6502,80018.0,80019.0,6.72968,1.80456,80003.90000000001,80004.0,0.454,7.14,0.0000125000,-0.0000133600,152.8,0.2
2026-09-05T17:01:18.842+00:00,B_sell_A_buy,-1.8872,-12.2872,80018.0,80019.0,6.72968,1.80456,80003.90000000001,80004.0,0.454,7.14,0.0000125000,-0.0000133600,152.8,0.2
2026-09-05T17:01:19.859+00:00,A_sell_B_buy,1.7498,-8.6502,80018.0,80019.0,6.59157,2.45152,80003.90000000001,80004.0,0.33,7.14,0.0000125000,-0.0000133600,0.2,103.7
2026-09-05T17:01:19.859+00:00,B_sell_A_buy,-1.8872,-12.2872,80018.0,80019.0,6.59157,2.45152,80003.90000000001,80004.0,0.33,7.14,0.0000125000,-0.0000133600,0.2,103.7
2026-09-05T17:01:20.928+00:00,A_sell_B_buy,1.6747,-8.7253,80020.0,80021.0,5.88341,0.00013,80006.5,80006.59999999999,0.746,0.348,0.0000125000,-0.0000133600,0.2,226.8
2026-09-05T17:01:20.928+00:00,B_sell_A_buy,-1.8122,-12.2122,80020.0,80021.0,5.88341,0.00013,80006.5,80006.59999999999,0.746,0.348,0.0000125000,-0.0000133600,0.2,226.8
2026-09-05T17:01:21.940+00:00,A_sell_B_buy,1.6747,-8.7253,80020.0,80021.0,7.64598,1.01997,80006.5,80006.59999999999,0.746,0.108,0.0000125000,-0.0000133600,125.6,0.2
2026-09-05T17:01:21.940+00:00,B_sell_A_buy,-1.8122,-12.2122,80020.0,80021.0,7.64598,1.01997,80006.5,80006.59999999999,0.746,0.108,0.0000125000,-0.0000133600,125.6,0.2
2026-09-05T17:01:22.942+00:00,A_sell_B_buy,2.0496,-8.3504,80023.0,80024.0,6.4272,0.00013,80006.5,80006.59999999999,8.58,0.001,0.0000125000,-0.0000133600,66.7,0.2
2026-09-05T17:01:22.942+00:00,B_sell_A_buy,-2.1871,-12.5871,80023.0,80024.0,6.4272,0.00013,80006.5,80006.59999999999,8.58,0.001,0.0000125000,-0.0000133600,66.7,0.2
2026-09-05T17:01:23.951+00:00,A_sell_B_buy,2.4245,-7.9755,80026.0,80027.0,10.11654,0.137,80006.5,80006.59999999999,8.495,0.001,0.0000125000,-0.0000133600,15.1,0.1
2026-09-05T17:01:23.951+00:00,B_sell_A_buy,-2.5620,-12.9620,80026.0,80027.0,10.11654,0.137,80006.5,80006.59999999999,8.495,0.001,0.0000125000,-0.0000133600,15.1,0.1
2026-09-05T17:01:24.953+00:00,A_sell_B_buy,1.5371,-8.8629,80026.0,80027.0,10.14154,0.10581,80013.6,80013.7,2.114,0.356,0.0000125000,-0.0000133600,71.1,0.2
2026-09-05T17:01:24.953+00:00,B_sell_A_buy,-1.6746,-12.0746,80026.0,80027.0,10.14154,0.10581,80013.6,80013.7,2.114,0.356,0.0000125000,-0.0000133600,71.1,0.2
2026-09-05T17:01:26.036+00:00,A_sell_B_buy,1.5371,-8.8629,80026.0,80027.0,8.62109,0.53164,80013.6,80013.7,1.787,0.356,0.0000125000,-0.0000133600,133.4,0.1
2026-09-05T17:01:26.036+00:00,B_sell_A_buy,-1.6746,-12.0746,80026.0,80027.0,8.62109,0.53164,80013.6,80013.7,1.787,0.356,0.0000125000,-0.0000133600,133.4,0.1
2026-09-05T17:01:27.141+00:00,A_sell_B_buy,2.9370,-7.4630,80026.0,80027.0,0.00124,4.92321,80002.4,80002.5,4.2,0.408,0.0000125000,-0.0000133600,173.9,0.3
2026-09-05T17:01:27.141+00:00,B_sell_A_buy,-3.0744,-13.4744,80026.0,80027.0,0.00124,4.92321,80002.4,80002.5,4.2,0.408,0.0000125000,-0.0000133600,173.9,0.3
2026-09-05T17:01:28.148+00:00,A_sell_B_buy,2.9370,-7.4630,80026.0,80027.0,0.00124,3.35065,80002.4,80002.5,4.2,0.038,0.0000125000,-0.0000133600,0.2,256.6
2026-09-05T17:01:28.148+00:00,B_sell_A_buy,-3.0744,-13.4744,80026.0,80027.0,0.00124,3.35065,80002.4,80002.5,4.2,0.038,0.0000125000,-0.0000133600,0.2,256.6
2026-09-05T17:01:29.156+00:00,A_sell_B_buy,2.9370,-7.4630,80026.0,80027.0,0.10104,3.85126,80002.4,80002.5,0.378,0.805,0.0000125000,-0.0000133600,0.3,37.4
2026-09-05T17:01:29.156+00:00,B_sell_A_buy,-3.0744,-13.4744,80026.0,80027.0,0.10104,3.85126,80002.4,80002.5,0.378,0.805,0.0000125000,-0.0000133600,0.3,37.4
2026-09-05T17:01:30.212+00:00,A_sell_B_buy,2.8120,-7.5880,80025.0,80026.0,0.00173,10.67052,80002.4,80002.5,0.069,2.47,0.0000125000,-0.0000133600,0.2,161.5
2026-09-05T17:01:30.212+00:00,B_sell_A_buy,-2.9495,-13.3495,80025.0,80026.0,0.00173,10.67052,80002.4,80002.5,0.069,2.47,0.0000125000,-0.0000133600,0.2,161.5
2026-09-05T17:01:31.251+00:00,A_sell_B_buy,5.0122,-5.3878,80024.0,80025.0,0.00013,8.19325,79983.8,79983.90000000001,4.386,0.139,0.0000125000,-0.0000133600,41.2,0.2
2026-09-05T17:01:31.251+00:00,B_sell_A_buy,-5.1497,-15.5497,80024.0,80025.0,0.00013,8.19325,79983.8,79983.90000000001,4.386,0.139,0.0000125000,-0.0000133600,41.2,0.2
2026-09-05T17:01:32.290+00:00,A_sell_B_buy,2.6377,-7.7623,80005.0,80006.0,2.96382,5.51637,79983.8,79983.90000000001,5.131,0.139,0.0000125000,-0.0000133600,48.0,0.1
2026-09-05T17:01:32.290+00:00,B_sell_A_buy,-2.7752,-13.1752,80005.0,80006.0,2.96382,5.51637,79983.8,79983.90000000001,5.131,0.139,0.0000125000,-0.0000133600,48.0,0.1
2026-09-05T17:01:33.299+00:00,A_sell_B_buy,2.6377,-7.7623,80005.0,80006.0,3.52792,5.05479,79983.8,79983.90000000001,5.137,0.139,0.0000125000,-0.0000133600,184.5,0.2
2026-09-05T17:01:33.299+00:00,B_sell_A_buy,-2.7752,-13.1752,80005.0,80006.0,3.52792,5.05479,79983.8,79983.90000000001,5.137,0.139,0.0000125000,-0.0000133600,184.5,0.2
2026-09-05T17:01:34.528+00:00,A_sell_B_buy,2.6377,-7.7623,80005.0,80006.0,3.52807,3.86015,79983.8,79983.90000000001,5.169,0.139,0.0000125000,-0.0000133600,0.3,427.4
2026-09-05T17:01:34.528+00:00,B_sell_A_buy,-2.7752,-13.1752,80005.0,80006.0,3.52807,3.86015,79983.8,79983.90000000001,5.169,0.139,0.0000125000,-0.0000133600,0.3,427.4
2026-09-05T17:01:35.550+00:00,A_sell_B_buy,1.9376,-8.4624,80005.0,80006.0,4.33959,3.58049,79989.40000000001,79989.5,0.337,0.34,0.0000125000,-0.0000133600,0.3,199.3
2026-09-05T17:01:35.550+00:00,B_sell_A_buy,-2.0751,-12.4751,80005.0,80006.0,4.33959,3.58049,79989.40000000001,79989.5,0.337,0.34,0.0000125000,-0.0000133600,0.3,199.3
2026-09-05T17:01:36.553+00:00,A_sell_B_buy,1.9376,-8.4624,80005.0,80006.0,4.26421,3.58725,79989.40000000001,79989.5,0.284,0.233,0.0000125000,-0.0000133600,197.7,0.2
2026-09-05T17:01:36.553+00:00,B_sell_A_buy,-2.0751,-12.4751,80005.0,80006.0,4.26421,3.58725,79989.40000000001,79989.5,0.284,0.233,0.0000125000,-0.0000133600,197.7,0.2
2026-09-05T17:01:37.649+00:00,A_sell_B_buy,2.0626,-8.3374,80005.0,80006.0,2.52412,4.35772,79988.4,79988.5,0.034,1.09,0.0000125000,-0.0000133600,0.3,136.7
2026-09-05T17:01:37.649+00:00,B_sell_A_buy,-2.2001,-12.6001,80005.0,80006.0,2.52412,4.35772,79988.4,79988.5,0.034,1.09,0.0000125000,-0.0000133600,0.3,136.7
2026-09-05T17:01:38.737+00:00,A_sell_B_buy,2.0626,-8.3374,80005.0,80006.0,1.96284,4.35772,79988.4,79988.5,0.102,1.09,0.0000125000,-0.0000133600,0.3,387.7
2026-09-05T17:01:38.737+00:00,B_sell_A_buy,-2.2001,-12.6001,80005.0,80006.0,1.96284,4.35772,79988.4,79988.5,0.102,1.09,0.0000125000,-0.0000133600,0.3,387.7
2026-09-05T17:01:39.916+00:00,A_sell_B_buy,2.0626,-8.3374,80005.0,80006.0,1.96054,3.20115,79988.4,79988.5,0.341,0.94,0.0000125000,-0.0000133600,0.3,269.6
2026-09-05T17:01:39.916+00:00,B_sell_A_buy,-2.2001,-12.6001,80005.0,80006.0,1.96054,3.20115,79988.4,79988.5,0.341,0.94,0.0000125000,-0.0000133600,0.3,269.6
2026-09-05T17:01:40.944+00:00,A_sell_B_buy,2.0626,-8.3374,80005.0,80006.0,1.94168,2.4998,79988.4,79988.5,0.341,1.09,0.0000125000,-0.0000133600,0.3,193.0
2026-09-05T17:01:40.944+00:00,B_sell_A_buy,-2.2001,-12.6001,80005.0,80006.0,1.94168,2.4998,79988.4,79988.5,0.341,1.09,0.0000125000,-0.0000133600,0.3,193.0
2026-09-05T17:01:41.947+00:00,A_sell_B_buy,2.0626,-8.3374,80005.0,80006.0,0.89102,2.66331,79988.4,79988.5,0.102,2.59,0.0000125000,-0.0000133600,0.3,503.1
2026-09-05T17:01:41.947+00:00,B_sell_A_buy,-2.2001,-12.6001,80005.0,80006.0,0.89102,2.66331,79988.4,79988.5,0.102,2.59,0.0000125000,-0.0000133600,0.3,503.1
2026-09-05T17:01:42.949+00:00,A_sell_B_buy,2.0626,-8.3374,80005.0,80006.0,3.43207,2.50729,79988.4,79988.5,0.546,0.463,0.0000125000,-0.0000133600,132.2,0.1
2026-09-05T17:01:42.949+00:00,B_sell_A_buy,-2.2001,-12.6001,80005.0,80006.0,3.43207,2.50729,79988.4,79988.5,0.546,0.463,0.0000125000,-0.0000133600,132.2,0.1
2026-09-05T17:01:43.952+00:00,A_sell_B_buy,2.0626,-8.3374,80005.0,80006.0,3.11256,2.52732,79988.4,79988.5,0.102,0.751,0.0000125000,-0.0000133600,131.8,0.2
2026-09-05T17:01:43.952+00:00,B_sell_A_buy,-2.2001,-12.6001,80005.0,80006.0,3.11256,2.52732,79988.4,79988.5,0.102,0.751,0.0000125000,-0.0000133600,131.8,0.2
2026-09-05T17:01:45.001+00:00,A_sell_B_buy,2.0626,-8.3374,80005.0,80006.0,1.46593,2.52732,79988.4,79988.5,0.334,2.251,0.0000125000,-0.0000133600,75.1,0.3
2026-09-05T17:01:45.001+00:00,B_sell_A_buy,-2.2001,-12.6001,80005.0,80006.0,1.46593,2.52732,79988.4,79988.5,0.334,2.251,0.0000125000,-0.0000133600,75.1,0.3
2026-09-05T17:01:46.028+00:00,A_sell_B_buy,2.0626,-8.3374,80005.0,80006.0,1.30312,2.52714,79988.4,79988.5,0.334,2.251,0.0000125000,-0.0000133600,0.2,30.1
2026-09-05T17:01:46.028+00:00,B_sell_A_buy,-2.2001,-12.6001,80005.0,80006.0,1.30312,2.52714,79988.4,79988.5,0.334,2.251,0.0000125000,-0.0000133600,0.2,30.1
2026-09-05T17:01:47.053+00:00,A_sell_B_buy,2.0626,-8.3374,80005.0,80006.0,1.21549,2.51965,79988.4,79988.5,0.334,0.87,0.0000125000,-0.0000133600,0.3,195.8
2026-09-05T17:01:47.053+00:00,B_sell_A_buy,-2.2001,-12.6001,80005.0,80006.0,1.21549,2.51965,79988.4,79988.5,0.334,0.87,0.0000125000,-0.0000133600,0.3,195.8
2026-09-05T17:01:48.057+00:00,A_sell_B_buy,2.0626,-8.3374,80005.0,80006.0,1.77928,2.98887,79988.4,79988.5,0.334,0.87,0.0000125000,-0.0000133600,264.7,0.2
2026-09-05T17:01:48.057+00:00,B_sell_A_buy,-2.2001,-12.6001,80005.0,80006.0,1.77928,2.98887,79988.4,79988.5,0.334,0.87,0.0000125000,-0.0000133600,264.7,0.2
2026-09-05T17:01:49.104+00:00,A_sell_B_buy,2.0626,-8.3374,80005.0,80006.0,1.10379,2.86972,79988.4,79988.5,0.334,0.87,0.0000125000,-0.0000133600,216.0,0.2
2026-09-05T17:01:49.104+00:00,B_sell_A_buy,-2.2001,-12.6001,80005.0,80006.0,1.10379,2.86972,79988.4,79988.5,0.334,0.87,0.0000125000,-0.0000133600,216.0,0.2
2026-09-05T17:01:50.116+00:00,A_sell_B_buy,2.0626,-8.3374,80005.0,80006.0,1.63052,2.24525,79988.4,79988.5,0.334,0.905,0.0000125000,-0.0000133600,0.1,22.6
2026-09-05T17:01:50.116+00:00,B_sell_A_buy,-2.2001,-12.6001,80005.0,80006.0,1.63052,2.24525,79988.4,79988.5,0.334,0.905,0.0000125000,-0.0000133600,0.1,22.6
2026-09-05T17:01:51.227+00:00,A_sell_B_buy,2.0626,-8.3374,80005.0,80006.0,1.78088,2.40149,79988.4,79988.5,0.342,0.905,0.0000125000,-0.0000133600,0.4,387.2
2026-09-05T17:01:51.227+00:00,B_sell_A_buy,-2.2001,-12.6001,80005.0,80006.0,1.78088,2.40149,79988.4,79988.5,0.342,0.905,0.0000125000,-0.0000133600,0.4,387.2
2026-09-05T17:01:52.243+00:00,A_sell_B_buy,2.0626,-8.3374,80005.0,80006.0,1.95748,2.4007,79988.4,79988.5,0.342,0.905,0.0000125000,-0.0000133600,0.2,445.2
2026-09-05T17:01:52.243+00:00,B_sell_A_buy,-2.2001,-12.6001,80005.0,80006.0,1.95748,2.4007,79988.4,79988.5,0.342,0.905,0.0000125000,-0.0000133600,0.2,445.2
2026-09-05T17:01:53.251+00:00,A_sell_B_buy,2.0626,-8.3374,80005.0,80006.0,2.3008,2.39929,79988.4,79988.5,0.342,0.905,0.0000125000,-0.0000133600,0.2,298.7
2026-09-05T17:01:53.251+00:00,B_sell_A_buy,-2.2001,-12.6001,80005.0,80006.0,2.3008,2.39929,79988.4,79988.5,0.342,0.905,0.0000125000,-0.0000133600,0.2,298.7
2026-09-05T17:01:54.253+00:00,A_sell_B_buy,2.0626,-8.3374,80005.0,80006.0,2.41436,2.39929,79988.4,79988.5,0.342,1.055,0.0000125000,-0.0000133600,63.2,0.1
2026-09-05T17:01:54.253+00:00,B_sell_A_buy,-2.2001,-12.6001,80005.0,80006.0,2.41436,2.39929,79988.4,79988.5,0.342,1.055,0.0000125000,-0.0000133600,63.2,0.1
2026-09-05T17:01:55.347+00:00,A_sell_B_buy,2.0626,-8.3374,80005.0,80006.0,2.25834,2.86751,79988.4,79988.5,0.342,0.905,0.0000125000,-0.0000133600,0.2,150.1
2026-09-05T17:01:55.347+00:00,B_sell_A_buy,-2.2001,-12.6001,80005.0,80006.0,2.25834,2.86751,79988.4,79988.5,0.342,0.905,0.0000125000,-0.0000133600,0.2,150.1
2026-09-05T17:01:56.625+00:00,A_sell_B_buy,2.7627,-7.6373,80005.0,80006.0,0.32344,4.57863,79982.8,79982.9,0.233,1.409,0.0000125000,-0.0000133600,0.2,417.9
2026-09-05T17:01:56.625+00:00,B_sell_A_buy,-2.9002,-13.3002,80005.0,80006.0,0.32344,4.57863,79982.8,79982.9,0.233,1.409,0.0000125000,-0.0000133600,0.2,417.9
2026-09-05T17:01:57.727+00:00,A_sell_B_buy,3.0878,-7.3122,80005.0,80006.0,0.10113,4.25042,79980.2,79980.3,0.38,0.708,0.0000125000,-0.0000133600,0.3,128.6
2026-09-05T17:01:57.727+00:00,B_sell_A_buy,-3.2253,-13.6253,80005.0,80006.0,0.10113,4.25042,79980.2,79980.3,0.38,0.708,0.0000125000,-0.0000133600,0.3,128.6
2026-09-05T17:01:58.742+00:00,A_sell_B_buy,3.0878,-7.3122,80005.0,80006.0,3.53012,3.24283,79980.2,79980.3,2.484,0.008,0.0000125000,-0.0000133600,0.2,39.6
2026-09-05T17:01:58.742+00:00,B_sell_A_buy,-3.2253,-13.6253,80005.0,80006.0,3.53012,3.24283,79980.2,79980.3,2.484,0.008,0.0000125000,-0.0000133600,0.2,39.6
2026-09-05T17:01:59.839+00:00,A_sell_B_buy,3.0878,-7.3122,80005.0,80006.0,2.56513,2.83868,79980.2,79980.3,2.417,0.018,0.0000125000,-0.0000133600,0.3,99.6
2026-09-05T17:01:59.839+00:00,B_sell_A_buy,-3.2253,-13.6253,80005.0,80006.0,2.56513,2.83868,79980.2,79980.3,2.417,0.018,0.0000125000,-0.0000133600,0.3,99.6
2026-09-05T17:02:00.852+00:00,A_sell_B_buy,3.0878,-7.3122,80005.0,80006.0,1.80425,2.93988,79980.2,79980.3,2.208,0.018,0.0000125000,-0.0000139700,27.1,0.1
2026-09-05T17:02:00.852+00:00,B_sell_A_buy,-3.2253,-13.6253,80005.0,80006.0,1.80425,2.93988,79980.2,79980.3,2.208,0.018,0.0000125000,-0.0000139700,27.1,0.1
2026-09-05T17:02:01.908+00:00,A_sell_B_buy,3.1003,-7.2997,80005.0,80006.0,0.10055,12.26624,79980.09999999999,79980.2,1.94,5.034,0.0000125000,-0.0000139700,0.2,66.2
2026-09-05T17:02:01.908+00:00,B_sell_A_buy,-3.2378,-13.6378,80005.0,80006.0,0.10055,12.26624,79980.09999999999,79980.2,1.94,5.034,0.0000125000,-0.0000139700,0.2,66.2
2026-09-05T17:02:02.940+00:00,A_sell_B_buy,3.1003,-7.2997,80005.0,80006.0,0.09993,12.12237,79980.09999999999,79980.2,1.94,5.034,0.0000125000,-0.0000139700,109.5,0.2
2026-09-05T17:02:02.940+00:00,B_sell_A_buy,-3.2378,-13.6378,80005.0,80006.0,0.09993,12.12237,79980.09999999999,79980.2,1.94,5.034,0.0000125000,-0.0000139700,109.5,0.2
2026-09-05T17:02:03.944+00:00,A_sell_B_buy,3.1003,-7.2997,80005.0,80006.0,0.09993,12.56222,79980.09999999999,79980.2,1.977,5.034,0.0000125000,-0.0000139700,120.7,0.1
2026-09-05T17:02:03.944+00:00,B_sell_A_buy,-3.2378,-13.6378,80005.0,80006.0,0.09993,12.56222,79980.09999999999,79980.2,1.977,5.034,0.0000125000,-0.0000139700,120.7,0.1
2026-09-05T17:02:04.953+00:00,A_sell_B_buy,3.7632,-6.6368,80000.0,80001.0,0.01576,13.38675,79969.79999999999,79969.90000000001,0.23,1.419,0.0000125000,-0.0000139700,0.2,161.4
2026-09-05T17:02:04.953+00:00,B_sell_A_buy,-3.9007,-14.3007,80000.0,80001.0,0.01576,13.38675,79969.79999999999,79969.90000000001,0.23,1.419,0.0000125000,-0.0000139700,0.2,161.4
2026-09-05T17:02:06.048+00:00,A_sell_B_buy,3.7632,-6.6368,80000.0,80001.0,0.01601,37.62382,79969.79999999999,79969.90000000001,0.299,2.289,0.0000125000,-0.0000139700,216.3,0.3
2026-09-05T17:02:06.048+00:00,B_sell_A_buy,-3.9007,-14.3007,80000.0,80001.0,0.01601,37.62382,79969.79999999999,79969.90000000001,0.299,2.289,0.0000125000,-0.0000139700,216.3,0.3
2026-09-05T17:02:07.066+00:00,A_sell_B_buy,3.7632,-6.6368,80000.0,80001.0,0.01601,29.79005,79969.79999999999,79969.90000000001,2.481,0.144,0.0000125000,-0.0000139700,0.2,620.5
2026-09-05T17:02:07.066+00:00,B_sell_A_buy,-3.9007,-14.3007,80000.0,80001.0,0.01601,29.79005,79969.79999999999,79969.90000000001,2.481,0.144,0.0000125000,-0.0000139700,0.2,620.5
2026-09-05T17:02:08.096+00:00,A_sell_B_buy,3.7632,-6.6368,80000.0,80001.0,0.01601,20.74069,79969.79999999999,79969.90000000001,2.085,0.38,0.0000125000,-0.0000139700,0.2,101.7
2026-09-05T17:02:08.096+00:00,B_sell_A_buy,-3.9007,-14.3007,80000.0,80001.0,0.01601,20.74069,79969.79999999999,79969.90000000001,2.085,0.38,0.0000125000,-0.0000139700,0.2,101.7
2026-09-05T17:02:09.154+00:00,A_sell_B_buy,3.7632,-6.6368,80000.0,80001.0,0.00621,27.28556,79969.79999999999,79969.90000000001,2.235,0.674,0.0000125000,-0.0000139700,216.4,0.3
2026-09-05T17:02:09.154+00:00,B_sell_A_buy,-3.9007,-14.3007,80000.0,80001.0,0.00621,27.28556,79969.79999999999,79969.90000000001,2.235,0.674,0.0000125000,-0.0000139700,216.4,0.3
2026-09-05T17:02:10.155+00:00,A_sell_B_buy,3.7632,-6.6368,80000.0,80001.0,0.00621,18.41959,79969.79999999999,79969.90000000001,3.051,0.038,0.0000125000,-0.0000139700,121.5,0.1
2026-09-05T17:02:10.155+00:00,B_sell_A_buy,-3.9007,-14.3007,80000.0,80001.0,0.00621,18.41959,79969.79999999999,79969.90000000001,3.051,0.038,0.0000125000,-0.0000139700,121.5,0.1
2026-09-05T17:02:11.157+00:00,A_sell_B_buy,3.7632,-6.6368,80000.0,80001.0,0.00621,15.68227,79969.79999999999,79969.90000000001,9.1,0.144,0.0000125000,-0.0000139700,0.2,6.8
2026-09-05T17:02:11.157+00:00,B_sell_A_buy,-3.9007,-14.3007,80000.0,80001.0,0.00621,15.68227,79969.79999999999,79969.90000000001,9.1,0.144,0.0000125000,-0.0000139700,0.2,6.8
2026-09-05T17:02:12.183+00:00,A_sell_B_buy,2.2631,-8.1369,79988.0,79989.0,5.17755,0.23094,79969.79999999999,79969.90000000001,8.986,0.144,0.0000125000,-0.0000139700,0.1,27.8
2026-09-05T17:02:12.183+00:00,B_sell_A_buy,-2.4006,-12.8006,79988.0,79989.0,5.17755,0.23094,79969.79999999999,79969.90000000001,8.986,0.144,0.0000125000,-0.0000139700,0.1,27.8
2026-09-05T17:02:13.209+00:00,A_sell_B_buy,2.8882,-7.5118,79993.0,79994.0,1.71318,0.6617,79969.79999999999,79969.90000000001,8.898,0.144,0.0000125000,-0.0000139700,35.2,0.1
2026-09-05T17:02:13.209+00:00,B_sell_A_buy,-3.0257,-13.4257,79993.0,79994.0,1.71318,0.6617,79969.79999999999,79969.90000000001,8.898,0.144,0.0000125000,-0.0000139700,35.2,0.1
2026-09-05T17:02:14.209+00:00,A_sell_B_buy,2.8882,-7.5118,79993.0,79994.0,4.51388,3.34226,79969.79999999999,79969.90000000001,9.133,0.144,0.0000125000,-0.0000139700,116.0,0.1
2026-09-05T17:02:14.209+00:00,B_sell_A_buy,-3.0257,-13.4257,79993.0,79994.0,4.51388,3.34226,79969.79999999999,79969.90000000001,9.133,0.144,0.0000125000,-0.0000139700,116.0,0.1
2026-09-05T17:02:15.260+00:00,A_sell_B_buy,2.8882,-7.5118,79993.0,79994.0,4.51388,3.34195,79969.79999999999,79969.90000000001,8.972,0.144,0.0000125000,-0.0000139700,58.2,0.2
2026-09-05T17:02:15.260+00:00,B_sell_A_buy,-3.0257,-13.4257,79993.0,79994.0,4.51388,3.34195,79969.79999999999,79969.90000000001,8.972,0.144,0.0000125000,-0.0000139700,58.2,0.2
2026-09-05T17:02:16.294+00:00,A_sell_B_buy,2.8882,-7.5118,79993.0,79994.0,4.51388,2.88837,79969.79999999999,79969.90000000001,8.898,0.144,0.0000125000,-0.0000139700,98.9,0.1
2026-09-05T17:02:16.294+00:00,B_sell_A_buy,-3.0257,-13.4257,79993.0,79994.0,4.51388,2.88837,79969.79999999999,79969.90000000001,8.898,0.144,0.0000125000,-0.0000139700,98.9,0.1
2026-09-05T17:02:17.297+00:00,A_sell_B_buy,2.8882,-7.5118,79993.0,79994.0,4.95089,3.06336,79969.79999999999,79969.90000000001,8.899,0.038,0.0000125000,-0.0000139700,18.1,0.1
2026-09-05T17:02:17.297+00:00,B_sell_A_buy,-3.0257,-13.4257,79993.0,79994.0,4.95089,3.06336,79969.79999999999,79969.90000000001,8.899,0.038,0.0000125000,-0.0000139700,18.1,0.1
2026-09-05T17:02:18.351+00:00,A_sell_B_buy,1.5878,-8.8122,79993.0,79994.0,10.73473,0.00721,79980.2,79980.3,0.548,0.72,0.0000125000,-0.0000139700,98.0,0.2
2026-09-05T17:02:18.351+00:00,B_sell_A_buy,-1.7253,-12.1253,79993.0,79994.0,10.73473,0.00721,79980.2,79980.3,0.548,0.72,0.0000125000,-0.0000139700,98.0,0.2
2026-09-05T17:02:19.431+00:00,A_sell_B_buy,1.9628,-8.4372,79996.0,79997.0,10.01985,0.30569,79980.2,79980.3,1.686,0.654,0.0000125000,-0.0000139700,0.2,376.9
2026-09-05T17:02:19.431+00:00,B_sell_A_buy,-2.1003,-12.5003,79996.0,79997.0,10.01985,0.30569,79980.2,79980.3,1.686,0.654,0.0000125000,-0.0000139700,0.2,376.9
2026-09-05T17:02:20.442+00:00,A_sell_B_buy,1.9628,-8.4372,79996.0,79997.0,9.03984,0.22391,79980.2,79980.3,1.814,0.654,0.0000125000,-0.0000139700,0.2,432.1
2026-09-05T17:02:20.442+00:00,B_sell_A_buy,-2.1003,-12.5003,79996.0,79997.0,9.03984,0.22391,79980.2,79980.3,1.814,0.654,0.0000125000,-0.0000139700,0.2,432.1
2026-09-05T17:02:21.455+00:00,A_sell_B_buy,1.9628,-8.4372,79996.0,79997.0,8.42135,1.09836,79980.2,79980.3,1.536,0.654,0.0000125000,-0.0000139700,0.3,611.5
2026-09-05T17:02:21.455+00:00,B_sell_A_buy,-2.1003,-12.5003,79996.0,79997.0,8.42135,1.09836,79980.2,79980.3,1.536,0.654,0.0000125000,-0.0000139700,0.3,611.5
2026-09-05T17:02:22.461+00:00,A_sell_B_buy,0.4000,-10.0000,79997.0,79998.0,29.30868,0.00013,79993.0,79993.79999999999,4.97,0.008,0.0000125000,-0.0000139700,60.1,0.1
2026-09-05T17:02:22.461+00:00,B_sell_A_buy,-0.6250,-11.0250,79997.0,79998.0,29.30868,0.00013,79993.0,79993.79999999999,4.97,0.008,0.0000125000,-0.0000139700,60.1,0.1
2026-09-05T17:02:23.599+00:00,A_sell_B_buy,1.4125,-8.9875,80005.0,80006.0,11.17402,0.00738,79993.6,79993.7,0.344,3.876,0.0000125000,-0.0000139700,145.9,0.3
2026-09-05T17:02:23.599+00:00,B_sell_A_buy,-1.5500,-11.9500,80005.0,80006.0,11.17402,0.00738,79993.6,79993.7,0.344,3.876,0.0000125000,-0.0000139700,145.9,0.3
2026-09-05T17:02:24.635+00:00,A_sell_B_buy,2.5374,-7.8626,80014.0,80015.0,4.04702,3.12931,79993.6,79993.7,1.57,3.876,0.0000125000,-0.0000139700,0.3,124.5
2026-09-05T17:02:24.635+00:00,B_sell_A_buy,-2.6749,-13.0749,80014.0,80015.0,4.04702,3.12931,79993.6,79993.7,1.57,3.876,0.0000125000,-0.0000139700,0.3,124.5
2026-09-05T17:02:25.722+00:00,A_sell_B_buy,2.5374,-7.8626,80014.0,80015.0,3.3603,4.04398,79993.6,79993.7,2.07,3.876,0.0000125000,-0.0000139700,0.3,324.1
2026-09-05T17:02:25.722+00:00,B_sell_A_buy,-2.6749,-13.0749,80014.0,80015.0,3.3603,4.04398,79993.6,79993.7,2.07,3.876,0.0000125000,-0.0000139700,0.3,324.1
2026-09-05T17:02:26.874+00:00,A_sell_B_buy,2.5374,-7.8626,80014.0,80015.0,3.44965,3.88871,79993.6,79993.7,1.799,3.876,0.0000125000,-0.0000139700,0.2,677.0
2026-09-05T17:02:26.874+00:00,B_sell_A_buy,-2.6749,-13.0749,80014.0,80015.0,3.44965,3.88871,79993.6,79993.7,1.799,3.876,0.0000125000,-0.0000139700,0.2,677.0
2026-09-05T17:02:27.903+00:00,A_sell_B_buy,2.5374,-7.8626,80014.0,80015.0,2.85859,4.12638,79993.6,79993.7,1.799,3.876,0.0000125000,-0.0000139700,0.2,254.0
2026-09-05T17:02:27.903+00:00,B_sell_A_buy,-2.6749,-13.0749,80014.0,80015.0,2.85859,4.12638,79993.6,79993.7,1.799,3.876,0.0000125000,-0.0000139700,0.2,254.0
2026-09-05T17:02:28.904+00:00,A_sell_B_buy,2.6124,-7.7876,80014.0,80015.0,2.14655,3.86773,79993.0,79993.1,5.12,0.146,0.0000125000,-0.0000139700,144.0,0.1
2026-09-05T17:02:28.904+00:00,B_sell_A_buy,-2.7499,-13.1499,80014.0,80015.0,2.14655,3.86773,79993.0,79993.1,5.12,0.146,0.0000125000,-0.0000139700,144.0,0.1
2026-09-05T17:02:30.051+00:00,A_sell_B_buy,2.7999,-7.6001,80014.0,80015.0,3.62527,3.08305,79991.5,79991.6,0.072,4.872,0.0000125000,-0.0000139700,283.7,0.2
2026-09-05T17:02:30.051+00:00,B_sell_A_buy,-2.9374,-13.3374,80014.0,80015.0,3.62527,3.08305,79991.5,79991.6,0.072,4.872,0.0000125000,-0.0000139700,283.7,0.2
2026-09-05T17:02:31.095+00:00,A_sell_B_buy,2.7999,-7.6001,80014.0,80015.0,0.00015,11.54826,79991.5,79991.6,0.309,3.065,0.0000125000,-0.0000139700,0.2,301.6
2026-09-05T17:02:31.095+00:00,B_sell_A_buy,-2.9374,-13.3374,80014.0,80015.0,0.00015,11.54826,79991.5,79991.6,0.309,3.065,0.0000125000,-0.0000139700,0.2,301.6
2026-09-05T17:02:32.127+00:00,A_sell_B_buy,2.7999,-7.6001,80014.0,80015.0,0.00015,10.3574,79991.5,79991.6,0.237,2.182,0.0000125000,-0.0000139700,0.3,322.4
2026-09-05T17:02:32.127+00:00,B_sell_A_buy,-2.9374,-13.3374,80014.0,80015.0,0.00015,10.3574,79991.5,79991.6,0.237,2.182,0.0000125000,-0.0000139700,0.3,322.4
2026-09-05T17:02:33.257+00:00,A_sell_B_buy,2.7999,-7.6001,80014.0,80015.0,0.68724,11.60679,79991.5,79991.6,0.237,2.332,0.0000125000,-0.0000139700,0.3,709.5
2026-09-05T17:02:33.257+00:00,B_sell_A_buy,-2.9374,-13.3374,80014.0,80015.0,0.68724,11.60679,79991.5,79991.6,0.237,2.332,0.0000125000,-0.0000139700,0.3,709.5
2026-09-05T17:02:34.300+00:00,A_sell_B_buy,2.7999,-7.6001,80014.0,80015.0,0.73724,11.59573,79991.5,79991.6,0.237,0.682,0.0000125000,-0.0000139700,211.5,0.3
2026-09-05T17:02:34.300+00:00,B_sell_A_buy,-2.9374,-13.3374,80014.0,80015.0,0.73724,11.59573,79991.5,79991.6,0.237,0.682,0.0000125000,-0.0000139700,211.5,0.3
2026-09-05T17:02:35.335+00:00,A_sell_B_buy,1.9374,-8.4626,80014.0,80015.0,0.68824,11.09607,79993.6,79998.5,4.551,0.248,0.0000125000,-0.0000139700,83.3,0.1
2026-09-05T17:02:35.335+00:00,B_sell_A_buy,-2.6748,-13.0748,80014.0,80015.0,0.68824,11.09607,79993.6,79998.5,4.551,0.248,0.0000125000,-0.0000139700,83.3,0.1
2026-09-05T17:02:36.413+00:00,A_sell_B_buy,1.8623,-8.5377,80014.0,80015.0,8.05304,0.44097,79999.0,79999.1,0.256,4.373,0.0000125000,-0.0000139700,0.2,661.0
2026-09-05T17:02:36.413+00:00,B_sell_A_buy,-1.9998,-12.3998,80014.0,80015.0,8.05304,0.44097,79999.0,79999.1,0.256,4.373,0.0000125000,-0.0000139700,0.2,661.0
2026-09-05T17:02:37.527+00:00,A_sell_B_buy,1.8623,-8.5377,80014.0,80015.0,8.05304,0.00097,79999.0,79999.1,0.895,0.391,0.0000125000,-0.0000139700,0.3,278.6
2026-09-05T17:02:37.527+00:00,B_sell_A_buy,-1.9998,-12.3998,80014.0,80015.0,8.05304,0.00097,79999.0,79999.1,0.895,0.391,0.0000125000,-0.0000139700,0.3,278.6
2026-09-05T17:02:38.556+00:00,A_sell_B_buy,2.4872,-7.9128,80019.0,80020.0,8.56537,3.25962,79999.0,79999.1,0.745,3.854,0.0000125000,-0.0000139700,0.3,103.3
2026-09-05T17:02:38.556+00:00,B_sell_A_buy,-2.6247,-13.0247,80019.0,80020.0,8.56537,3.25962,79999.0,79999.1,0.745,3.854,0.0000125000,-0.0000139700,0.3,103.3
2026-09-05T17:02:39.627+00:00,A_sell_B_buy,2.4872,-7.9128,80019.0,80020.0,7.79105,3.79444,79999.0,79999.1,0.895,3.854,0.0000125000,-0.0000139700,0.3,1064.5
2026-09-05T17:02:39.627+00:00,B_sell_A_buy,-2.6247,-13.0247,80019.0,80020.0,7.79105,3.79444,79999.0,79999.1,0.895,3.854,0.0000125000,-0.0000139700,0.3,1064.5
2026-09-05T17:02:40.766+00:00,A_sell_B_buy,2.8621,-7.5379,80022.0,80023.0,3.75183,0.17778,79999.0,79999.1,2.243,0.107,0.0000125000,-0.0000139700,0.2,362.7
2026-09-05T17:02:40.766+00:00,B_sell_A_buy,-2.9996,-13.3996,80022.0,80023.0,3.75183,0.17778,79999.0,79999.1,2.243,0.107,0.0000125000,-0.0000139700,0.2,362.7
2026-09-05T17:02:41.795+00:00,A_sell_B_buy,0.8123,-9.5877,80022.0,80023.0,10.14263,0.00956,80015.4,80015.5,0.261,1.077,0.0000125000,-0.0000139700,231.0,0.2
2026-09-05T17:02:41.795+00:00,B_sell_A_buy,-0.9498,-11.3498,80022.0,80023.0,10.14263,0.00956,80015.4,80015.5,0.261,1.077,0.0000125000,-0.0000139700,231.0,0.2
2026-09-05T17:02:42.798+00:00,A_sell_B_buy,1.4371,-8.9629,80027.0,80028.0,10.44138,0.0635,80015.4,80015.5,0.032,3.046,0.0000125000,-0.0000139700,0.3,108.8
2026-09-05T17:02:42.798+00:00,B_sell_A_buy,-1.5746,-11.9746,80027.0,80028.0,10.44138,0.0635,80015.4,80015.5,0.032,3.046,0.0000125000,-0.0000139700,0.3,108.8
2026-09-05T17:02:43.840+00:00,A_sell_B_buy,1.4371,-8.9629,80027.0,80028.0,8.15433,0.06275,80015.4,80015.5,0.288,3.196,0.0000125000,-0.0000139700,0.2,129.5
2026-09-05T17:02:43.840+00:00,B_sell_A_buy,-1.5746,-11.9746,80027.0,80028.0,8.15433,0.06275,80015.4,80015.5,0.288,3.196,0.0000125000,-0.0000139700,0.2,129.5
2026-09-05T17:02:44.910+00:00,A_sell_B_buy,2.9365,-7.4635,80039.0,80040.0,0.68755,0.19777,80015.4,80015.5,0.288,2.982,0.0000125000,-0.0000139700,0.3,410.0
2026-09-05T17:02:44.910+00:00,B_sell_A_buy,-3.0739,-13.4739,80039.0,80040.0,0.68755,0.19777,80015.4,80015.5,0.288,2.982,0.0000125000,-0.0000139700,0.3,410.0
2026-09-05T17:02:45.951+00:00,A_sell_B_buy,2.9365,-7.4635,80039.0,80040.0,0.115,7.98077,80015.4,80015.5,0.032,2.982,0.0000125000,-0.0000139700,0.2,42.7
2026-09-05T17:02:45.951+00:00,B_sell_A_buy,-3.0739,-13.4739,80039.0,80040.0,0.115,7.98077,80015.4,80015.5,0.032,2.982,0.0000125000,-0.0000139700,0.2,42.7
2026-09-05T17:02:46.993+00:00,A_sell_B_buy,2.9365,-7.4635,80039.0,80040.0,0.61475,7.22516,80015.4,80015.5,0.27,1.588,0.0000125000,-0.0000139700,0.2,139.4
2026-09-05T17:02:46.993+00:00,B_sell_A_buy,-3.0739,-13.4739,80039.0,80040.0,0.61475,7.22516,80015.4,80015.5,0.27,1.588,0.0000125000,-0.0000139700,0.2,139.4
2026-09-05T17:02:48.000+00:00,A_sell_B_buy,2.8116,-7.5884,80038.0,80039.0,1.93741,8.71208,80015.4,80015.5,0.27,1.982,0.0000125000,-0.0000139700,0.2,996.6
2026-09-05T17:02:48.000+00:00,B_sell_A_buy,-2.9490,-13.3490,80038.0,80039.0,1.93741,8.71208,80015.4,80015.5,0.27,1.982,0.0000125000,-0.0000139700,0.2,996.6
2026-09-05T17:02:49.193+00:00,A_sell_B_buy,2.8116,-7.5884,80038.0,80039.0,0.00074,11.35256,80015.4,80015.5,0.032,3.111,0.0000125000,-0.0000139700,0.2,587.4
2026-09-05T17:02:49.193+00:00,B_sell_A_buy,-2.9490,-13.3490,80038.0,80039.0,0.00074,11.35256,80015.4,80015.5,0.032,3.111,0.0000125000,-0.0000139700,0.2,587.4
2026-09-05T17:02:50.244+00:00,A_sell_B_buy,3.7989,-6.6011,80038.0,80039.0,0.00074,12.17596,80007.5,80007.6,0.733,0.395,0.0000125000,-0.0000139700,0.2,193.4
2026-09-05T17:02:50.244+00:00,B_sell_A_buy,-3.9364,-14.3364,80038.0,80039.0,0.00074,12.17596,80007.5,80007.6,0.733,0.395,0.0000125000,-0.0000139700,0.2,193.4
2026-09-05T17:02:51.305+00:00,A_sell_B_buy,3.7989,-6.6011,80038.0,80039.0,0.00074,12.53041,80007.5,80007.6,0.583,0.67,0.0000125000,-0.0000139700,80.4,0.2
2026-09-05T17:02:51.305+00:00,B_sell_A_buy,-3.9364,-14.3364,80038.0,80039.0,0.00074,12.53041,80007.5,80007.6,0.583,0.67,0.0000125000,-0.0000139700,80.4,0.2
2026-09-05T17:02:52.402+00:00,A_sell_B_buy,3.7989,-6.6011,80038.0,80039.0,0.00025,12.98504,80007.5,80007.6,0.076,2.548,0.0000125000,-0.0000139700,103.5,0.2
2026-09-05T17:02:52.402+00:00,B_sell_A_buy,-3.9364,-14.3364,80038.0,80039.0,0.00025,12.98504,80007.5,80007.6,0.076,2.548,0.0000125000,-0.0000139700,103.5,0.2
2026-09-05T17:02:53.447+00:00,A_sell_B_buy,3.7989,-6.6011,80038.0,80039.0,0.00025,20.88256,80007.5,80007.6,0.076,2.169,0.0000125000,-0.0000139700,0.2,241.8
2026-09-05T17:02:53.447+00:00,B_sell_A_buy,-3.9364,-14.3364,80038.0,80039.0,0.00025,20.88256,80007.5,80007.6,0.076,2.169,0.0000125000,-0.0000139700,0.2,241.8
2026-09-05T17:02:55.403+00:00,A_sell_B_buy,3.7989,-6.6011,80038.0,80039.0,0.00025,20.88256,80007.5,80007.6,0.318,2.067,0.0000125000,-0.0000139700,1956.0,0.3
2026-09-05T17:02:55.403+00:00,B_sell_A_buy,-3.9364,-14.3364,80038.0,80039.0,0.00025,20.88256,80007.5,80007.6,0.318,2.067,0.0000125000,-0.0000139700,1956.0,0.3
2026-09-05T17:02:56.613+00:00,A_sell_B_buy,3.7989,-6.6011,80038.0,80039.0,0.00025,19.0455,80007.5,80007.6,0.318,2.178,0.0000125000,-0.0000139700,0.3,1055.5
2026-09-05T17:02:56.613+00:00,B_sell_A_buy,-3.9364,-14.3364,80038.0,80039.0,0.00025,19.0455,80007.5,80007.6,0.318,2.178,0.0000125000,-0.0000139700,0.3,1055.5
2026-09-05T17:02:57.660+00:00,A_sell_B_buy,-1.3742,-11.7742,80038.0,80039.0,0.00025,10.93392,80048.9,80049.0,2.941,0.001,0.0000125000,-0.0000139700,171.6,0.1
2026-09-05T17:02:57.660+00:00,B_sell_A_buy,1.2368,-9.1632,80038.0,80039.0,0.00025,10.93392,80048.9,80049.0,2.941,0.001,0.0000125000,-0.0000139700,171.6,0.1
2026-09-05T17:02:58.729+00:00,A_sell_B_buy,2.1235,-8.2765,80066.0,80067.0,12.79206,3.11725,80048.9,80049.0,3.352,2.971,0.0000125000,-0.0000139700,0.3,469.1
2026-09-05T17:02:58.729+00:00,B_sell_A_buy,-2.2609,-12.6609,80066.0,80067.0,12.79206,3.11725,80048.9,80049.0,3.352,2.971,0.0000125000,-0.0000139700,0.3,469.1
2026-09-05T17:02:59.898+00:00,A_sell_B_buy,2.1235,-8.2765,80066.0,80067.0,10.30765,3.48386,80048.9,80049.0,3.352,2.341,0.0000125000,-0.0000139700,0.3,797.7
2026-09-05T17:02:59.898+00:00,B_sell_A_buy,-2.2609,-12.6609,80066.0,80067.0,10.30765,3.48386,80048.9,80049.0,3.352,2.341,0.0000125000,-0.0000139700,0.3,797.7
2026-09-05T17:03:00.919+00:00,A_sell_B_buy,3.4103,-6.9897,80066.0,80067.0,0.96436,6.53848,80038.59999999999,80038.7,2.06,0.7,0.0000125000,-0.0000146200,0.2,22.9
2026-09-05T17:03:00.919+00:00,B_sell_A_buy,-3.5477,-13.9477,80066.0,80067.0,0.96436,6.53848,80038.59999999999,80038.7,2.06,0.7,0.0000125000,-0.0000146200,0.2,22.9
2026-09-05T17:03:01.967+00:00,A_sell_B_buy,3.7226,-6.6774,80066.0,80067.0,0.00114,13.87051,80036.09999999999,80036.2,0.001,4.283,0.0000125000,-0.0000146200,0.3,519.2
2026-09-05T17:03:01.967+00:00,B_sell_A_buy,-3.8600,-14.2600,80066.0,80067.0,0.00114,13.87051,80036.09999999999,80036.2,0.001,4.283,0.0000125000,-0.0000146200,0.3,519.2
2026-09-05T17:03:03.033+00:00,A_sell_B_buy,2.0988,-8.3012,80053.0,80054.0,3.49641,4.61686,80036.09999999999,80036.2,1.797,0.666,0.0000125000,-0.0000146200,0.2,73.5
2026-09-05T17:03:03.033+00:00,B_sell_A_buy,-2.2362,-12.6362,80053.0,80054.0,3.49641,4.61686,80036.09999999999,80036.2,1.797,0.666,0.0000125000,-0.0000146200,0.2,73.5
2026-09-05T17:03:04.051+00:00,A_sell_B_buy,3.4728,-6.9272,80064.0,80065.0,0.22482,9.94143,80036.09999999999,80036.2,0.001,0.84,0.0000125000,-0.0000146200,0.2,54.9
2026-09-05T17:03:04.051+00:00,B_sell_A_buy,-3.6102,-14.0102,80064.0,80065.0,0.22482,9.94143,80036.09999999999,80036.2,0.001,0.84,0.0000125000,-0.0000146200,0.2,54.9
2026-09-05T17:03:05.151+00:00,A_sell_B_buy,3.4728,-6.9272,80064.0,80065.0,0.22262,6.98867,80036.09999999999,80036.2,1.724,0.69,0.0000125000,-0.0000146200,102.3,0.2
2026-09-05T17:03:05.151+00:00,B_sell_A_buy,-3.6102,-14.0102,80064.0,80065.0,0.22262,6.98867,80036.09999999999,80036.2,1.724,0.69,0.0000125000,-0.0000146200,102.3,0.2
2026-09-05T17:03:06.242+00:00,A_sell_B_buy,1.8737,-8.5263,80064.0,80065.0,7.89844,0.34726,80048.9,80049.0,0.493,0.293,0.0000125000,-0.0000146200,0.2,129.0
2026-09-05T17:03:06.242+00:00,B_sell_A_buy,-2.0111,-12.4111,80064.0,80065.0,7.89844,0.34726,80048.9,80049.0,0.493,0.293,0.0000125000,-0.0000146200,0.2,129.0
2026-09-05T17:03:07.253+00:00,A_sell_B_buy,2.3733,-8.0267,80068.0,80069.0,11.95824,2.12491,80048.9,80049.0,0.734,0.225,0.0000125000,-0.0000146200,35.8,0.1
2026-09-05T17:03:07.253+00:00,B_sell_A_buy,-2.5107,-12.9107,80068.0,80069.0,11.95824,2.12491,80048.9,80049.0,0.734,0.225,0.0000125000,-0.0000146200,35.8,0.1
2026-09-05T17:03:08.255+00:00,A_sell_B_buy,2.3733,-8.0267,80068.0,80069.0,14.15506,1.30973,80048.9,80049.0,9.36,0.001,0.0000125000,-0.0000146200,3.7,0.1
2026-09-05T17:03:08.255+00:00,B_sell_A_buy,-2.5107,-12.9107,80068.0,80069.0,14.15506,1.30973,80048.9,80049.0,9.36,0.001,0.0000125000,-0.0000146200,3.7,0.1
2026-09-05T17:03:09.293+00:00,A_sell_B_buy,2.3733,-8.0267,80068.0,80069.0,15.19959,0.94504,80048.9,80049.0,9.509,0.001,0.0000125000,-0.0000146200,769.5,0.2
2026-09-05T17:03:09.293+00:00,B_sell_A_buy,-2.5107,-12.9107,80068.0,80069.0,15.19959,0.94504,80048.9,80049.0,9.509,0.001,0.0000125000,-0.0000146200,769.5,0.2
2026-09-05T17:03:10.301+00:00,A_sell_B_buy,2.3733,-8.0267,80068.0,80069.0,12.57635,0.89065,80048.9,80049.0,9.51,0.001,0.0000125000,-0.0000146200,136.3,0.1
2026-09-05T17:03:10.301+00:00,B_sell_A_buy,-2.5107,-12.9107,80068.0,80069.0,12.57635,0.89065,80048.9,80049.0,9.51,0.001,0.0000125000,-0.0000146200,136.3,0.1
2026-09-05T17:03:11.304+00:00,A_sell_B_buy,2.3733,-8.0267,80068.0,80069.0,17.30783,0.1123,80048.9,80049.0,10.11,0.001,0.0000125000,-0.0000146200,36.2,0.1
2026-09-05T17:03:11.304+00:00,B_sell_A_buy,-2.5107,-12.9107,80068.0,80069.0,17.30783,0.1123,80048.9,80049.0,10.11,0.001,0.0000125000,-0.0000146200,36.2,0.1
2026-09-05T17:03:12.311+00:00,A_sell_B_buy,2.3733,-8.0267,80068.0,80069.0,17.30783,0.11216,80048.9,80049.0,10.145,0.001,0.0000125000,-0.0000146200,174.6,0.1
2026-09-05T17:03:12.311+00:00,B_sell_A_buy,-2.5107,-12.9107,80068.0,80069.0,17.30783,0.11216,80048.9,80049.0,10.145,0.001,0.0000125000,-0.0000146200,174.6,0.1
2026-09-05T17:03:13.313+00:00,A_sell_B_buy,1.6113,-8.7887,80068.0,80069.0,17.30783,0.07748,80055.0,80055.1,7.754,3.747,0.0000125000,-0.0000146200,8.6,0.1
2026-09-05T17:03:13.313+00:00,B_sell_A_buy,-1.7486,-12.1486,80068.0,80069.0,17.30783,0.07748,80055.0,80055.1,7.754,3.747,0.0000125000,-0.0000146200,8.6,0.1
2026-09-05T17:03:14.327+00:00,A_sell_B_buy,1.3487,-9.0513,80082.0,80083.0,22.44186,0.0625,80070.0,80071.2,0.032,0.001,0.0000125000,-0.0000146200,0.1,16.9
2026-09-05T17:03:14.327+00:00,B_sell_A_buy,-1.6234,-12.0234,80082.0,80083.0,22.44186,0.0625,80070.0,80071.2,0.032,0.001,0.0000125000,-0.0000146200,0.1,16.9
2026-09-05T17:03:15.340+00:00,A_sell_B_buy,1.6608,-8.7392,80090.0,80091.0,12.75809,1.30294,80076.6,80076.7,5.802,0.571,0.0000125000,-0.0000146200,113.7,0.2
2026-09-05T17:03:15.340+00:00,B_sell_A_buy,-1.7981,-12.1981,80090.0,80091.0,12.75809,1.30294,80076.6,80076.7,5.802,0.571,0.0000125000,-0.0000146200,113.7,0.2
2026-09-05T17:03:16.344+00:00,A_sell_B_buy,2.5475,-7.8525,80090.0,80091.0,19.5194,1.27913,80069.5,80069.6,4.88,0.745,0.0000125000,-0.0000146200,79.5,0.1
2026-09-05T17:03:16.344+00:00,B_sell_A_buy,-2.6848,-13.0848,80090.0,80091.0,19.5194,1.27913,80069.5,80069.6,4.88,0.745,0.0000125000,-0.0000146200,79.5,0.1
2026-09-05T17:03:17.390+00:00,A_sell_B_buy,1.6981,-8.7019,80094.0,80095.0,2.54598,0.04276,80080.3,80080.4,0.298,1.237,0.0000125000,-0.0000146200,0.2,586.5
2026-09-05T17:03:17.390+00:00,B_sell_A_buy,-1.8355,-12.2355,80094.0,80095.0,2.54598,0.04276,80080.3,80080.4,0.298,1.237,0.0000125000,-0.0000146200,0.2,586.5
2026-09-05T17:03:18.403+00:00,A_sell_B_buy,2.6969,-7.7031,80102.0,80103.0,2.66028,3.3855,80080.3,80080.4,0.344,0.58,0.0000125000,-0.0000146200,0.3,150.1
2026-09-05T17:03:18.403+00:00,B_sell_A_buy,-2.8343,-13.2343,80102.0,80103.0,2.66028,3.3855,80080.3,80080.4,0.344,0.58,0.0000125000,-0.0000146200,0.3,150.1
2026-09-05T17:03:19.406+00:00,A_sell_B_buy,3.4461,-6.9539,80105.0,80106.0,4.48269,2.86295,80077.3,80077.40000000001,7.891,4.083,0.0000125000,-0.0000146200,47.3,0.1
2026-09-05T17:03:19.406+00:00,B_sell_A_buy,-3.5834,-13.9834,80105.0,80106.0,4.48269,2.86295,80077.3,80077.40000000001,7.891,4.083,0.0000125000,-0.0000146200,47.3,0.1
2026-09-05T17:03:20.444+00:00,A_sell_B_buy,2.3596,-8.0404,80109.0,80110.0,3.04869,0.02356,80088.0,80090.09999999999,0.3,0.918,0.0000125000,-0.0000146200,178.2,0.1
2026-09-05T17:03:20.444+00:00,B_sell_A_buy,-2.7466,-13.1466,80109.0,80110.0,3.04869,0.02356,80088.0,80090.09999999999,0.3,0.918,0.0000125000,-0.0000146200,178.2,0.1
2026-09-05T17:03:21.447+00:00,A_sell_B_buy,2.6093,-7.7907,80109.0,80110.0,6.88062,1.03279,80088.0,80088.09999999999,0.346,4.189,0.0000125000,-0.0000146200,10.0,0.1
2026-09-05T17:03:21.447+00:00,B_sell_A_buy,-2.7466,-13.1466,80109.0,80110.0,6.88062,1.03279,80088.0,80088.09999999999,0.346,4.189,0.0000125000,-0.0000146200,10.0,0.1
2026-09-05T17:03:22.479+00:00,A_sell_B_buy,2.6093,-7.7907,80109.0,80110.0,7.40705,1.511,80088.0,80088.09999999999,2.281,3.747,0.0000125000,-0.0000146200,0.2,81.1
2026-09-05T17:03:22.479+00:00,B_sell_A_buy,-2.7466,-13.1466,80109.0,80110.0,7.40705,1.511,80088.0,80088.09999999999,2.281,3.747,0.0000125000,-0.0000146200,0.2,81.1
2026-09-05T17:03:23.588+00:00,A_sell_B_buy,2.1723,-8.2277,80109.0,80110.0,7.10434,1.35456,80091.5,80091.6,0.25,0.292,0.0000125000,-0.0000146200,0.2,233.7
2026-09-05T17:03:23.588+00:00,B_sell_A_buy,-2.3096,-12.7096,80109.0,80110.0,7.10434,1.35456,80091.5,80091.6,0.25,0.292,0.0000125000,-0.0000146200,0.2,233.7
2026-09-05T17:03:24.745+00:00,A_sell_B_buy,2.1723,-8.2277,80109.0,80110.0,5.91225,1.35838,80091.5,80091.6,0.25,0.292,0.0000125000,-0.0000146200,0.2,405.7
2026-09-05T17:03:24.745+00:00,B_sell_A_buy,-2.3096,-12.7096,80109.0,80110.0,5.91225,1.35838,80091.5,80091.6,0.25,0.292,0.0000125000,-0.0000146200,0.2,405.7
2026-09-05T17:03:25.754+00:00,A_sell_B_buy,3.5333,-6.8667,80109.0,80110.0,0.41605,11.83657,80080.6,80080.7,3.35,0.972,0.0000125000,-0.0000146200,0.2,155.8
2026-09-05T17:03:25.754+00:00,B_sell_A_buy,-3.6706,-14.0706,80109.0,80110.0,0.41605,11.83657,80080.6,80080.7,3.35,0.972,0.0000125000,-0.0000146200,0.2,155.8
2026-09-05T17:03:26.763+00:00,A_sell_B_buy,3.5333,-6.8667,80109.0,80110.0,0.01846,12.70734,80080.6,80080.7,3.35,2.086,0.0000125000,-0.0000146200,0.3,161.7
2026-09-05T17:03:26.763+00:00,B_sell_A_buy,-3.6706,-14.0706,80109.0,80110.0,0.01846,12.70734,80080.6,80080.7,3.35,2.086,0.0000125000,-0.0000146200,0.3,161.7
2026-09-05T17:03:27.798+00:00,A_sell_B_buy,3.5333,-6.8667,80109.0,80110.0,0.01846,12.5487,80080.6,80080.7,3.35,1.83,0.0000125000,-0.0000146200,466.1,0.2
2026-09-05T17:03:27.798+00:00,B_sell_A_buy,-3.6706,-14.0706,80109.0,80110.0,0.01846,12.5487,80080.6,80080.7,3.35,1.83,0.0000125000,-0.0000146200,466.1,0.2
2026-09-05T17:03:28.829+00:00,A_sell_B_buy,3.5333,-6.8667,80109.0,80110.0,0.01285,12.04939,80080.6,80080.7,4.839,0.33,0.0000125000,-0.0000146200,0.3,226.3
2026-09-05T17:03:28.829+00:00,B_sell_A_buy,-3.6706,-14.0706,80109.0,80110.0,0.01285,12.04939,80080.6,80080.7,4.839,0.33,0.0000125000,-0.0000146200,0.3,226.3
2026-09-05T17:03:29.844+00:00,A_sell_B_buy,3.5333,-6.8667,80109.0,80110.0,0.01285,12.04542,80080.6,80080.7,5.346,0.33,0.0000125000,-0.0000146200,721.4,0.2
2026-09-05T17:03:29.844+00:00,B_sell_A_buy,-3.6706,-14.0706,80109.0,80110.0,0.01285,12.04542,80080.6,80080.7,5.346,0.33,0.0000125000,-0.0000146200,721.4,0.2
2026-09-05T17:03:30.934+00:00,A_sell_B_buy,3.4085,-6.9915,80108.0,80109.0,0.00027,10.54907,80080.6,80080.7,5.346,0.33,0.0000125000,-0.0000146200,0.2,928.8
2026-09-05T17:03:30.934+00:00,B_sell_A_buy,-3.5458,-13.9458,80108.0,80109.0,0.00027,10.54907,80080.6,80080.7,5.346,0.33,0.0000125000,-0.0000146200,0.2,928.8
2026-09-05T17:03:32.012+00:00,A_sell_B_buy,2.9215,-7.4785,80108.0,80109.0,1.04999,9.4018,80084.5,80084.6,0.316,0.573,0.0000125000,-0.0000146200,0.3,457.2
2026-09-05T17:03:32.012+00:00,B_sell_A_buy,-3.0588,-13.4588,80108.0,80109.0,1.04999,9.4018,80084.5,80084.6,0.316,0.573,0.0000125000,-0.0000146200,0.3,457.2
2026-09-05T17:03:33.055+00:00,A_sell_B_buy,3.4085,-6.9915,80108.0,80109.0,0.00027,14.99899,80080.6,80080.7,0.438,1.584,0.0000125000,-0.0000146200,165.5,0.3
2026-09-05T17:03:33.055+00:00,B_sell_A_buy,-3.5458,-13.9458,80108.0,80109.0,0.00027,14.99899,80080.6,80080.7,0.438,1.584,0.0000125000,-0.0000146200,165.5,0.3
2026-09-05T17:03:34.098+00:00,A_sell_B_buy,3.4085,-6.9915,80108.0,80109.0,0.00027,15.08761,80080.6,80080.7,0.438,1.434,0.0000125000,-0.0000146200,943.0,0.2
2026-09-05T17:03:34.098+00:00,B_sell_A_buy,-3.5458,-13.9458,80108.0,80109.0,0.00027,15.08761,80080.6,80080.7,0.438,1.434,0.0000125000,-0.0000146200,943.0,0.2
2026-09-05T17:03:35.105+00:00,A_sell_B_buy,3.1588,-7.2412,80106.0,80107.0,0.00049,6.4671,80080.6,80080.7,0.691,1.209,0.0000125000,-0.0000146200,0.2,57.8
2026-09-05T17:03:35.105+00:00,B_sell_A_buy,-3.2961,-13.6961,80106.0,80107.0,0.00049,6.4671,80080.6,80080.7,0.691,1.209,0.0000125000,-0.0000146200,0.2,57.8
2026-09-05T17:03:36.171+00:00,A_sell_B_buy,3.1588,-7.2412,80106.0,80107.0,0.00033,9.66017,80080.6,80080.7,0.438,1.712,0.0000125000,-0.0000146200,0.3,367.1
2026-09-05T17:03:36.171+00:00,B_sell_A_buy,-3.2961,-13.6961,80106.0,80107.0,0.00033,9.66017,80080.6,80080.7,0.438,1.712,0.0000125000,-0.0000146200,0.3,367.1
2026-09-05T17:03:37.193+00:00,A_sell_B_buy,2.9091,-7.4909,80104.0,80105.0,0.62981,6.08629,80080.6,80080.7,0.438,0.783,0.0000125000,-0.0000146200,0.2,145.7
2026-09-05T17:03:37.193+00:00,B_sell_A_buy,-3.0465,-13.4465,80104.0,80105.0,0.62981,6.08629,80080.6,80080.7,0.438,0.783,0.0000125000,-0.0000146200,0.2,145.7
2026-09-05T17:03:38.206+00:00,A_sell_B_buy,2.9091,-7.4909,80104.0,80105.0,4.16853,4.40325,80080.6,80080.7,2.821,0.038,0.0000125000,-0.0000146200,0.2,451.6
2026-09-05T17:03:38.206+00:00,B_sell_A_buy,-3.0465,-13.4465,80104.0,80105.0,4.16853,4.40325,80080.6,80080.7,2.821,0.038,0.0000125000,-0.0000146200,0.2,451.6
2026-09-05T17:03:39.544+00:00,A_sell_B_buy,2.9091,-7.4909,80104.0,80105.0,4.28664,4.39867,80080.6,80080.7,2.821,0.038,0.0000125000,-0.0000146200,0.2,1079.5
2026-09-05T17:03:39.544+00:00,B_sell_A_buy,-3.0465,-13.4465,80104.0,80105.0,4.28664,4.39867,80080.6,80080.7,2.821,0.038,0.0000125000,-0.0000146200,0.2,1079.5
2026-09-05T17:03:41.150+00:00,A_sell_B_buy,1.6855,-8.7145,80104.0,80105.0,6.26933,1.6683,80080.6,80090.5,2.821,4.394,0.0000125000,-0.0000146200,122.8,0.2
2026-09-05T17:03:41.150+00:00,B_sell_A_buy,-3.0464,-13.4464,80104.0,80105.0,6.26933,1.6683,80080.6,80090.5,2.821,4.394,0.0000125000,-0.0000146200,122.8,0.2
2026-09-05T17:03:42.240+00:00,A_sell_B_buy,4.0081,-6.3919,80103.0,80104.0,0.19099,32.10499,80070.8,80070.9,0.449,4.307,0.0000125000,-0.0000146200,119.1,0.2
2026-09-05T17:03:42.240+00:00,B_sell_A_buy,-4.1455,-14.5455,80103.0,80104.0,0.19099,32.10499,80070.8,80070.9,0.449,4.307,0.0000125000,-0.0000146200,119.1,0.2
2026-09-05T17:03:43.367+00:00,A_sell_B_buy,2.8845,-7.5155,80094.0,80095.0,0.18402,4.06168,80070.8,80070.9,0.449,5.087,0.0000125000,-0.0000146200,0.3,274.1
2026-09-05T17:03:43.367+00:00,B_sell_A_buy,-3.0219,-13.4219,80094.0,80095.0,0.18402,4.06168,80070.8,80070.9,0.449,5.087,0.0000125000,-0.0000146200,0.3,274.1
2026-09-05T17:03:44.492+00:00,A_sell_B_buy,2.8845,-7.5155,80094.0,80095.0,1.18644,8.39131,80070.8,80070.9,0.76,0.676,0.0000125000,-0.0000146200,163.7,0.2
2026-09-05T17:03:44.492+00:00,B_sell_A_buy,-3.0219,-13.4219,80094.0,80095.0,1.18644,8.39131,80070.8,80070.9,0.76,0.676,0.0000125000,-0.0000146200,163.7,0.2
2026-09-05T17:03:45.751+00:00,A_sell_B_buy,2.8845,-7.5155,80094.0,80095.0,2.26401,9.96212,80070.8,80070.9,2.548,0.966,0.0000125000,-0.0000146200,0.2,500.7
2026-09-05T17:03:45.751+00:00,B_sell_A_buy,-3.0219,-13.4219,80094.0,80095.0,2.26401,9.96212,80070.8,80070.9,2.548,0.966,0.0000125000,-0.0000146200,0.2,500.7
2026-09-05T17:03:46.930+00:00,A_sell_B_buy,2.8845,-7.5155,80094.0,80095.0,1.97897,10.46574,80070.8,80070.9,2.548,0.967,0.0000125000,-0.0000146200,0.3,265.8
2026-09-05T17:03:46.930+00:00,B_sell_A_buy,-3.0219,-13.4219,80094.0,80095.0,1.97897,10.46574,80070.8,80070.9,2.548,0.967,0.0000125000,-0.0000146200,0.3,265.8
2026-09-05T17:03:47.931+00:00,A_sell_B_buy,2.8845,-7.5155,80094.0,80095.0,1.1976,11.82488,80070.8,80070.9,0.497,1.398,0.0000125000,-0.0000146200,0.2,333.2
2026-09-05T17:03:47.931+00:00,B_sell_A_buy,-3.0219,-13.4219,80094.0,80095.0,1.1976,11.82488,80070.8,80070.9,0.497,1.398,0.0000125000,-0.0000146200,0.2,333.2
2026-09-05T17:03:48.943+00:00,A_sell_B_buy,2.8845,-7.5155,80094.0,80095.0,1.44745,11.71663,80070.8,80070.9,0.731,0.967,0.0000125000,-0.0000146200,0.2,91.2
2026-09-05T17:03:48.943+00:00,B_sell_A_buy,-3.0219,-13.4219,80094.0,80095.0,1.44745,11.71663,80070.8,80070.9,0.731,0.967,0.0000125000,-0.0000146200,0.2,91.2
2026-09-05T17:03:49.952+00:00,A_sell_B_buy,3.7088,-6.6912,80094.0,80095.0,0.001,20.81325,80064.2,80064.3,3.349,4.585,0.0000125000,-0.0000146200,0.3,250.4
2026-09-05T17:03:49.952+00:00,B_sell_A_buy,-3.8462,-14.2462,80094.0,80095.0,0.001,20.81325,80064.2,80064.3,3.349,4.585,0.0000125000,-0.0000146200,0.3,250.4
2026-09-05T17:03:50.970+00:00,A_sell_B_buy,3.3843,-7.0157,80089.0,80090.0,0.0203,4.08832,80061.79999999999,80061.90000000001,0.449,0.571,0.0000125000,-0.0000146200,0.3,163.9
2026-09-05T17:03:50.970+00:00,B_sell_A_buy,-3.5217,-13.9217,80089.0,80090.0,0.0203,4.08832,80061.79999999999,80061.90000000001,0.449,0.571,0.0000125000,-0.0000146200,0.3,163.9
2026-09-05T17:03:52.043+00:00,A_sell_B_buy,2.5102,-7.8898,80082.0,80083.0,3.71112,4.81605,80061.79999999999,80061.90000000001,0.495,1.351,0.0000125000,-0.0000146200,0.2,97.5
2026-09-05T17:03:52.043+00:00,B_sell_A_buy,-2.6476,-13.0476,80082.0,80083.0,3.71112,4.81605,80061.79999999999,80061.90000000001,0.495,1.351,0.0000125000,-0.0000146200,0.2,97.5
2026-09-05T17:03:53.052+00:00,A_sell_B_buy,2.5102,-7.8898,80082.0,80083.0,4.59135,7.04213,80061.79999999999,80061.90000000001,0.495,1.201,0.0000125000,-0.0000146200,0.2,99.3
2026-09-05T17:03:53.052+00:00,B_sell_A_buy,-2.6476,-13.0476,80082.0,80083.0,4.59135,7.04213,80061.79999999999,80061.90000000001,0.495,1.201,0.0000125000,-0.0000146200,0.2,99.3
2026-09-05T17:03:54.115+00:00,A_sell_B_buy,2.5102,-7.8898,80082.0,80083.0,5.09083,5.91765,80061.79999999999,80061.90000000001,2.9,0.04,0.0000125000,-0.0000146200,0.3,263.2
2026-09-05T17:03:54.115+00:00,B_sell_A_buy,-2.6476,-13.0476,80082.0,80083.0,5.09083,5.91765,80061.79999999999,80061.90000000001,2.9,0.04,0.0000125000,-0.0000146200,0.3,263.2
2026-09-05T17:03:55.649+00:00,A_sell_B_buy,2.5102,-7.8898,80082.0,80083.0,8.03227,4.55504,80061.79999999999,80061.90000000001,2.75,0.04,0.0000125000,-0.0000146200,651.3,0.2
2026-09-05T17:03:55.649+00:00,B_sell_A_buy,-2.6476,-13.0476,80082.0,80083.0,8.03227,4.55504,80061.79999999999,80061.90000000001,2.75,0.04,0.0000125000,-0.0000146200,651.3,0.2
2026-09-05T17:03:56.655+00:00,A_sell_B_buy,2.5102,-7.8898,80082.0,80083.0,6.58117,3.95265,80061.79999999999,80061.90000000001,2.9,0.04,0.0000125000,-0.0000146200,0.3,851.2
2026-09-05T17:03:56.655+00:00,B_sell_A_buy,-2.6476,-13.0476,80082.0,80083.0,6.58117,3.95265,80061.79999999999,80061.90000000001,2.9,0.04,0.0000125000,-0.0000146200,0.3,851.2
2026-09-05T17:03:57.694+00:00,A_sell_B_buy,2.5102,-7.8898,80082.0,80083.0,8.01456,2.85053,80061.79999999999,80061.90000000001,2.9,0.04,0.0000125000,-0.0000146200,0.3,1889.3
2026-09-05T17:03:57.694+00:00,B_sell_A_buy,-2.6476,-13.0476,80082.0,80083.0,8.01456,2.85053,80061.79999999999,80061.90000000001,2.9,0.04,0.0000125000,-0.0000146200,0.3,1889.3
2026-09-05T17:03:58.897+00:00,A_sell_B_buy,2.5102,-7.8898,80082.0,80083.0,7.45052,2.94432,80061.79999999999,80061.90000000001,2.498,0.44,0.0000125000,-0.0000146200,311.9,0.2
2026-09-05T17:03:58.897+00:00,B_sell_A_buy,-2.6476,-13.0476,80082.0,80083.0,7.45052,2.94432,80061.79999999999,80061.90000000001,2.498,0.44,0.0000125000,-0.0000146200,311.9,0.2
2026-09-05T17:03:59.900+00:00,A_sell_B_buy,5.1960,-5.2040,80082.0,80083.0,0.51714,9.12135,80040.3,80040.4,0.316,0.016,0.0000125000,-0.0000146200,24.0,0.1
2026-09-05T17:03:59.900+00:00,B_sell_A_buy,-5.3334,-15.7334,80082.0,80083.0,0.51714,9.12135,80040.3,80040.4,0.316,0.016,0.0000125000,-0.0000146200,24.0,0.1
2026-09-05T17:04:00.905+00:00,A_sell_B_buy,4.1970,-6.2030,80074.0,80075.0,0.0022,16.58218,80040.3,80040.4,2.464,0.04,0.0000125000,-0.0000145600,6.9,0.2
2026-09-05T17:04:00.905+00:00,B_sell_A_buy,-4.3344,-14.7344,80074.0,80075.0,0.0022,16.58218,80040.3,80040.4,2.464,0.04,0.0000125000,-0.0000145600,6.9,0.2
2026-09-05T17:04:01.907+00:00,A_sell_B_buy,3.8223,-6.5777,80071.0,80072.0,0.01771,5.22696,80040.3,80040.4,2.075,0.04,0.0000125000,-0.0000145600,20.7,0.2
2026-09-05T17:04:01.907+00:00,B_sell_A_buy,-3.9597,-14.3597,80071.0,80072.0,0.01771,5.22696,80040.3,80040.4,2.075,0.04,0.0000125000,-0.0000145600,20.7,0.2
2026-09-05T17:04:02.978+00:00,A_sell_B_buy,1.1990,-9.2010,80071.0,80072.0,0.0112,13.89868,80054.9,80061.40000000001,4.562,3.435,0.0000125000,-0.0000145600,0.2,113.0
2026-09-05T17:04:02.978+00:00,B_sell_A_buy,-2.1358,-12.5358,80071.0,80072.0,0.0112,13.89868,80054.9,80061.40000000001,4.562,3.435,0.0000125000,-0.0000145600,0.2,113.0
2026-09-05T17:04:04.034+00:00,A_sell_B_buy,2.4106,-7.9894,80071.0,80072.0,8.50437,0.85456,80051.6,80051.7,0.647,0.236,0.0000125000,-0.0000145600,0.3,600.9
2026-09-05T17:04:04.034+00:00,B_sell_A_buy,-2.5480,-12.9480,80071.0,80072.0,8.50437,0.85456,80051.6,80051.7,0.647,0.236,0.0000125000,-0.0000145600,0.3,600.9
2026-09-05T17:04:05.101+00:00,A_sell_B_buy,2.4106,-7.9894,80071.0,80072.0,6.9169,1.67698,80051.6,80051.7,0.046,0.68,0.0000125000,-0.0000145600,0.3,673.4
2026-09-05T17:04:05.101+00:00,B_sell_A_buy,-2.5480,-12.9480,80071.0,80072.0,6.9169,1.67698,80051.6,80051.7,0.046,0.68,0.0000125000,-0.0000145600,0.3,673.4
2026-09-05T17:04:06.110+00:00,A_sell_B_buy,4.0097,-6.3903,80071.0,80072.0,0.0112,10.78886,80038.8,80038.9,5.359,0.04,0.0000125000,-0.0000145600,82.0,0.2
2026-09-05T17:04:06.110+00:00,B_sell_A_buy,-4.1471,-14.5471,80071.0,80072.0,0.0112,10.78886,80038.8,80038.9,5.359,0.04,0.0000125000,-0.0000145600,82.0,0.2
2026-09-05T17:04:07.138+00:00,A_sell_B_buy,4.0097,-6.3903,80071.0,80072.0,0.0112,10.24461,80038.8,80038.9,5.3,0.401,0.0000125000,-0.0000145600,0.2,39.9
2026-09-05T17:04:07.138+00:00,B_sell_A_buy,-4.1471,-14.5471,80071.0,80072.0,0.0112,10.24461,80038.8,80038.9,5.3,0.401,0.0000125000,-0.0000145600,0.2,39.9
2026-09-05T17:04:08.146+00:00,A_sell_B_buy,3.3853,-7.0147,80066.0,80067.0,2.03351,9.28345,80038.8,80038.9,5.005,0.251,0.0000125000,-0.0000145600,22.7,0.1
2026-09-05T17:04:08.146+00:00,B_sell_A_buy,-3.5227,-13.9227,80066.0,80067.0,2.03351,9.28345,80038.8,80038.9,5.005,0.251,0.0000125000,-0.0000145600,22.7,0.1
2026-09-05T17:04:09.180+00:00,A_sell_B_buy,3.3853,-7.0147,80066.0,80067.0,0.52325,11.28801,80038.8,80038.9,2.935,0.401,0.0000125000,-0.0000145600,0.3,683.8
2026-09-05T17:04:09.180+00:00,B_sell_A_buy,-3.5227,-13.9227,80066.0,80067.0,0.52325,11.28801,80038.8,80038.9,2.935,0.401,0.0000125000,-0.0000145600,0.3,683.8
2026-09-05T17:04:10.196+00:00,A_sell_B_buy,3.8601,-6.5399,80065.0,80066.0,0.00013,6.69238,80031.3,80034.09999999999,0.004,4.339,0.0000125000,-0.0000145600,18.3,0.1
2026-09-05T17:04:10.196+00:00,B_sell_A_buy,-4.3348,-14.7348,80065.0,80066.0,0.00013,6.69238,80031.3,80034.09999999999,0.004,4.339,0.0000125000,-0.0000145600,18.3,0.1
2026-09-05T17:04:11.276+00:00,A_sell_B_buy,2.3612,-8.0388,80053.0,80054.0,7.50582,3.81769,80034.0,80034.09999999999,0.786,0.188,0.0000125000,-0.0000145600,0.3,276.0
2026-09-05T17:04:11.276+00:00,B_sell_A_buy,-2.4986,-12.8986,80053.0,80054.0,7.50582,3.81769,80034.0,80034.09999999999,0.786,0.188,0.0000125000,-0.0000145600,0.3,276.0
2026-09-05T17:04:12.300+00:00,A_sell_B_buy,2.3612,-8.0388,80053.0,80054.0,7.68819,3.17227,80034.0,80034.09999999999,2.285,0.188,0.0000125000,-0.0000145600,176.7,0.2
2026-09-05T17:04:12.300+00:00,B_sell_A_buy,-2.4986,-12.8986,80053.0,80054.0,7.68819,3.17227,80034.0,80034.09999999999,2.285,0.188,0.0000125000,-0.0000145600,176.7,0.2
2026-09-05T17:04:13.377+00:00,A_sell_B_buy,2.3862,-8.0138,80053.0,80054.0,5.51524,4.38294,80033.79999999999,80033.90000000001,0.008,5.217,0.0000125000,-0.0000145600,0.3,278.2
2026-09-05T17:04:13.377+00:00,B_sell_A_buy,-2.5236,-12.9236,80053.0,80054.0,5.51524,4.38294,80033.79999999999,80033.90000000001,0.008,5.217,0.0000125000,-0.0000145600,0.3,278.2
2026-09-05T17:04:14.494+00:00,A_sell_B_buy,2.3862,-8.0138,80053.0,80054.0,7.46016,4.75893,80033.79999999999,80033.90000000001,2.13,0.415,0.0000125000,-0.0000145600,0.3,148.6
2026-09-05T17:04:14.494+00:00,B_sell_A_buy,-2.5236,-12.9236,80053.0,80054.0,7.46016,4.75893,80033.79999999999,80033.90000000001,2.13,0.415,0.0000125000,-0.0000145600,0.3,148.6
2026-09-05T17:04:15.921+00:00,A_sell_B_buy,2.3862,-8.0138,80053.0,80054.0,6.30299,4.75842,80033.79999999999,80033.90000000001,2.13,0.415,0.0000125000,-0.0000145600,0.3,977.7
2026-09-05T17:04:15.921+00:00,B_sell_A_buy,-2.5236,-12.9236,80053.0,80054.0,6.30299,4.75842,80033.79999999999,80033.90000000001,2.13,0.415,0.0000125000,-0.0000145600,0.3,977.7
2026-09-05T17:04:17.153+00:00,A_sell_B_buy,2.3862,-8.0138,80053.0,80054.0,5.49304,4.75842,80033.79999999999,80033.90000000001,2.13,0.265,0.0000125000,-0.0000145600,187.9,0.2
2026-09-05T17:04:17.153+00:00,B_sell_A_buy,-2.5236,-12.9236,80053.0,80054.0,5.49304,4.75842,80033.79999999999,80033.90000000001,2.13,0.265,0.0000125000,-0.0000145600,187.9,0.2
2026-09-05T17:04:18.194+00:00,A_sell_B_buy,2.3862,-8.0138,80053.0,80054.0,8.24262,4.75593,80033.79999999999,80033.90000000001,2.13,0.391,0.0000125000,-0.0000145600,86.8,0.2
2026-09-05T17:04:18.194+00:00,B_sell_A_buy,-2.5236,-12.9236,80053.0,80054.0,8.24262,4.75593,80033.79999999999,80033.90000000001,2.13,0.391,0.0000125000,-0.0000145600,86.8,0.2
2026-09-05T17:04:19.201+00:00,A_sell_B_buy,2.3862,-8.0138,80053.0,80054.0,6.57617,4.67303,80033.79999999999,80033.90000000001,0.008,1.552,0.0000125000,-0.0000145600,47.7,0.1
2026-09-05T17:04:19.201+00:00,B_sell_A_buy,-2.5236,-12.9236,80053.0,80054.0,6.57617,4.67303,80033.79999999999,80033.90000000001,0.008,1.552,0.0000125000,-0.0000145600,47.7,0.1
2026-09-05T17:04:20.223+00:00,A_sell_B_buy,2.3862,-8.0138,80053.0,80054.0,0.05985,9.43453,80033.79999999999,80033.90000000001,0.008,1.553,0.0000125000,-0.0000145600,0.2,125.9
2026-09-05T17:04:20.223+00:00,B_sell_A_buy,-2.5236,-12.9236,80053.0,80054.0,0.05985,9.43453,80033.79999999999,80033.90000000001,0.008,1.553,0.0000125000,-0.0000145600,0.2,125.9
2026-09-05T17:04:21.225+00:00,A_sell_B_buy,2.6986,-7.7014,80053.0,80054.0,0.03184,13.7994,80031.3,80031.4,0.004,10.983,0.0000125000,-0.0000145600,0.2,25.5
2026-09-05T17:04:21.225+00:00,B_sell_A_buy,-2.8360,-13.2360,80053.0,80054.0,0.03184,13.7994,80031.3,80031.4,0.004,10.983,0.0000125000,-0.0000145600,0.2,25.5
2026-09-05T17:04:22.243+00:00,A_sell_B_buy,2.6986,-7.7014,80053.0,80054.0,0.00764,14.19753,80031.3,80031.4,0.004,11.613,0.0000125000,-0.0000145600,39.0,0.1
2026-09-05T17:04:22.243+00:00,B_sell_A_buy,-2.8360,-13.2360,80053.0,80054.0,0.00764,14.19753,80031.3,80031.4,0.004,11.613,0.0000125000,-0.0000145600,39.0,0.1
2026-09-05T17:04:23.265+00:00,A_sell_B_buy,2.1989,-8.2011,80049.0,80050.0,0.00369,3.15701,80031.3,80031.4,0.004,11.613,0.0000125000,-0.0000145600,0.2,75.6
2026-09-05T17:04:23.265+00:00,B_sell_A_buy,-2.3363,-12.7363,80049.0,80050.0,0.00369,3.15701,80031.3,80031.4,0.004,11.613,0.0000125000,-0.0000145600,0.2,75.6
2026-09-05T17:04:24.274+00:00,A_sell_B_buy,3.0988,-7.3012,80044.0,80045.0,0.00013,2.72731,80019.1,80019.2,1.197,0.698,0.0000125000,-0.0000145600,0.3,167.0
2026-09-05T17:04:24.274+00:00,B_sell_A_buy,-3.2362,-13.6362,80044.0,80045.0,0.00013,2.72731,80019.1,80019.2,1.197,0.698,0.0000125000,-0.0000145600,0.3,167.0
2026-09-05T17:04:25.344+00:00,A_sell_B_buy,3.0988,-7.3012,80044.0,80045.0,0.05,6.9781,80019.1,80019.2,2.756,0.557,0.0000125000,-0.0000145600,0.2,81.4
2026-09-05T17:04:25.344+00:00,B_sell_A_buy,-3.2362,-13.6362,80044.0,80045.0,0.05,6.9781,80019.1,80019.2,2.756,0.557,0.0000125000,-0.0000145600,0.2,81.4
2026-09-05T17:04:26.439+00:00,A_sell_B_buy,2.9738,-7.4262,80043.0,80044.0,0.1802,16.24926,80019.1,80019.2,2.454,0.557,0.0000125000,-0.0000145600,0.3,328.1
2026-09-05T17:04:26.439+00:00,B_sell_A_buy,-3.1113,-13.5113,80043.0,80044.0,0.1802,16.24926,80019.1,80019.2,2.454,0.557,0.0000125000,-0.0000145600,0.3,328.1
2026-09-05T17:04:27.517+00:00,A_sell_B_buy,4.8111,-5.5889,80042.0,80043.0,0.01777,14.97992,80003.4,80003.5,0.564,0.369,0.0000125000,-0.0000145600,0.3,113.5
2026-09-05T17:04:27.517+00:00,B_sell_A_buy,-4.9486,-15.3486,80042.0,80043.0,0.01777,14.97992,80003.4,80003.5,0.564,0.369,0.0000125000,-0.0000145600,0.3,113.5
2026-09-05T17:04:28.605+00:00,A_sell_B_buy,2.9369,-7.4631,80027.0,80028.0,3.11125,6.91423,80003.4,80003.5,0.564,0.519,0.0000125000,-0.0000145600,0.3,394.6
2026-09-05T17:04:28.605+00:00,B_sell_A_buy,-3.0744,-13.4744,80027.0,80028.0,3.11125,6.91423,80003.4,80003.5,0.564,0.519,0.0000125000,-0.0000145600,0.3,394.6
2026-09-05T17:04:29.613+00:00,A_sell_B_buy,2.9369,-7.4631,80027.0,80028.0,3.05821,7.14301,80003.4,80003.5,2.063,0.369,0.0000125000,-0.0000145600,0.3,305.8
2026-09-05T17:04:29.613+00:00,B_sell_A_buy,-3.0744,-13.4744,80027.0,80028.0,3.05821,7.14301,80003.4,80003.5,2.063,0.369,0.0000125000,-0.0000145600,0.3,305.8
2026-09-05T17:04:30.749+00:00,A_sell_B_buy,2.9369,-7.4631,80027.0,80028.0,2.58981,6.67976,80003.4,80003.5,2.063,0.369,0.0000125000,-0.0000145600,0.3,152.4
2026-09-05T17:04:30.749+00:00,B_sell_A_buy,-3.0744,-13.4744,80027.0,80028.0,2.58981,6.67976,80003.4,80003.5,2.063,0.369,0.0000125000,-0.0000145600,0.3,152.4
2026-09-05T17:04:31.793+00:00,A_sell_B_buy,2.9369,-7.4631,80027.0,80028.0,2.9021,6.76936,80003.4,80003.5,2.063,0.369,0.0000125000,-0.0000145600,0.3,150.5
2026-09-05T17:04:31.793+00:00,B_sell_A_buy,-3.0744,-13.4744,80027.0,80028.0,2.9021,6.76936,80003.4,80003.5,2.063,0.369,0.0000125000,-0.0000145600,0.3,150.5
2026-09-05T17:04:32.853+00:00,A_sell_B_buy,2.9369,-7.4631,80027.0,80028.0,2.80981,6.78791,80003.4,80003.5,2.063,0.369,0.0000125000,-0.0000145600,289.5,0.2
2026-09-05T17:04:32.853+00:00,B_sell_A_buy,-3.0744,-13.4744,80027.0,80028.0,2.80981,6.78791,80003.4,80003.5,2.063,0.369,0.0000125000,-0.0000145600,289.5,0.2
2026-09-05T17:04:33.861+00:00,A_sell_B_buy,3.2744,-7.1256,80027.0,80028.0,0.03188,7.80602,80000.7,80000.8,0.553,0.036,0.0000125000,-0.0000145600,21.9,0.2
2026-09-05T17:04:33.861+00:00,B_sell_A_buy,-3.4119,-13.8119,80027.0,80028.0,0.03188,7.80602,80000.7,80000.8,0.553,0.036,0.0000125000,-0.0000145600,21.9,0.2
2026-09-05T17:04:35.181+00:00,A_sell_B_buy,3.2744,-7.1256,80027.0,80028.0,0.2295,10.48663,80000.7,80000.8,2.052,0.036,0.0000125000,-0.0000145600,0.3,885.0
2026-09-05T17:04:35.181+00:00,B_sell_A_buy,-3.4119,-13.8119,80027.0,80028.0,0.2295,10.48663,80000.7,80000.8,2.052,0.036,0.0000125000,-0.0000145600,0.3,885.0
2026-09-05T17:04:36.284+00:00,A_sell_B_buy,2.3997,-8.0003,80020.0,80021.0,0.56294,1.52158,80000.7,80000.8,2.052,0.412,0.0000125000,-0.0000145600,0.2,338.4
2026-09-05T17:04:36.284+00:00,B_sell_A_buy,-2.5372,-12.9372,80020.0,80021.0,0.56294,1.52158,80000.7,80000.8,2.052,0.412,0.0000125000,-0.0000145600,0.2,338.4
2026-09-05T17:04:37.398+00:00,A_sell_B_buy,2.3997,-8.0003,80020.0,80021.0,3.59808,3.47375,80000.7,80000.8,1.822,0.412,0.0000125000,-0.0000145600,154.0,0.3
2026-09-05T17:04:37.398+00:00,B_sell_A_buy,-2.5372,-12.9372,80020.0,80021.0,3.59808,3.47375,80000.7,80000.8,1.822,0.412,0.0000125000,-0.0000145600,154.0,0.3
2026-09-05T17:04:38.680+00:00,A_sell_B_buy,2.3997,-8.0003,80020.0,80021.0,3.64187,4.61524,80000.7,80000.8,1.822,0.708,0.0000125000,-0.0000145600,0.3,1038.3
2026-09-05T17:04:38.680+00:00,B_sell_A_buy,-2.5372,-12.9372,80020.0,80021.0,3.64187,4.61524,80000.7,80000.8,1.822,0.708,0.0000125000,-0.0000145600,0.3,1038.3
2026-09-05T17:04:40.001+00:00,A_sell_B_buy,2.3997,-8.0003,80020.0,80021.0,3.37081,3.81312,80000.7,80000.8,1.822,0.913,0.0000125000,-0.0000145600,314.3,0.2
2026-09-05T17:04:40.001+00:00,B_sell_A_buy,-2.5372,-12.9372,80020.0,80021.0,3.37081,3.81312,80000.7,80000.8,1.822,0.913,0.0000125000,-0.0000145600,314.3,0.2
2026-09-05T17:04:41.099+00:00,A_sell_B_buy,2.3997,-8.0003,80020.0,80021.0,3.06601,3.19678,80000.7,80000.8,1.822,0.617,0.0000125000,-0.0000145600,387.1,0.3
2026-09-05T17:04:41.099+00:00,B_sell_A_buy,-2.5372,-12.9372,80020.0,80021.0,3.06601,3.19678,80000.7,80000.8,1.822,0.617,0.0000125000,-0.0000145600,387.1,0.3
2026-09-05T17:04:42.216+00:00,A_sell_B_buy,2.3997,-8.0003,80020.0,80021.0,7.56812,2.59181,80000.7,80000.8,2.339,0.186,0.0000125000,-0.0000145600,0.3,364.5
2026-09-05T17:04:42.216+00:00,B_sell_A_buy,-2.5372,-12.9372,80020.0,80021.0,7.56812,2.59181,80000.7,80000.8,2.339,0.186,0.0000125000,-0.0000145600,0.3,364.5
2026-09-05T17:04:43.226+00:00,A_sell_B_buy,2.3997,-8.0003,80020.0,80021.0,7.52509,2.35099,80000.7,80000.8,2.051,0.27,0.0000125000,-0.0000145600,0.2,21.3
2026-09-05T17:04:43.226+00:00,B_sell_A_buy,-2.5372,-12.9372,80020.0,80021.0,7.52509,2.35099,80000.7,80000.8,2.051,0.27,0.0000125000,-0.0000145600,0.2,21.3
