ts_utc,direction,gross_bps,net_bps,bid_A,ask_A,bid_size_A,ask_size_A,bid_B,ask_B,bid_size_B,ask_size_B,funding_A,funding_B,age_A_ms,age_B_ms
2026-09-04T11:24:58.159+00:00,B_sell_A_buy,11.0025,5.1025,4469.1,4469.2,0.2237,21.4449,4474.12,4474.43,1.0036,3.1596,0.0000062500,0.0007000000,0.4,346.9
2026-09-04T11:24:58.265+00:00,B_sell_A_buy,11.0025,5.1025,4469.1,4469.2,0.2237,21.4449,4474.12,4474.35,1.0036,0.0312,0.0000062500,0.0007000000,106.1,0.1
2026-09-04T11:24:58.273+00:00,B_sell_A_buy,11.0025,5.1025,4469.1,4469.2,0.2237,21.4449,4474.12,4474.35,1.0036,2.0312,0.0000062500,0.0007000000,113.8,0.0
2026-09-04T11:24:58.283+00:00,B_sell_A_buy,11.0026,5.1026,4469.1,4469.2,0.2237,21.4449,4474.12,4474.34,1.0036,0.0999,0.0000062500,0.0007000000,123.6,0.0
2026-09-04T11:24:58.301+00:00,B_sell_A_buy,11.0026,5.1026,4469.1,4469.2,0.2237,21.4449,4474.12,4474.34,1.0036,2.0999,0.0000062500,0.0007000000,142.0,0.0
2026-09-04T11:24:59.089+00:00,B_sell_A_buy,11.0026,5.1026,4469.1,4469.2,0.2237,21.4449,4474.12,4474.25,1.0036,0.5543,0.0000062500,0.0007000000,929.6,0.1
2026-09-04T11:24:59.101+00:00,B_sell_A_buy,11.0026,5.1026,4469.1,4469.2,0.2237,21.4449,4474.12,4474.25,1.0036,2.5543,0.0000062500,0.0007000000,941.6,0.1
2026-09-04T11:24:59.146+00:00,B_sell_A_buy,11.0026,5.1026,4469.1,4469.2,0.2237,21.4449,4474.12,4474.24,1.0036,0.0999,0.0000062500,0.0007000000,986.4,0.1
2026-09-04T11:24:59.165+00:00,B_sell_A_buy,11.0026,5.1026,4469.1,4469.2,0.2237,21.4449,4474.12,4474.24,1.0036,2.0999,0.0000062500,0.0007000000,1005.0,0.1
2026-09-04T11:24:59.491+00:00,B_sell_A_buy,11.0026,5.1026,4469.1,4469.2,0.2237,25.6673,4474.12,4474.24,1.0036,2.0999,0.0000062500,0.0007000000,0.1,326.8
2026-09-04T11:25:00.864+00:00,B_sell_A_buy,10.6225,4.7225,4469.1,4469.2,0.2237,25.6673,4473.95,4474.24,1.8586,2.0999,0.0000062500,0.0007000000,1373.5,0.1
2026-09-04T11:25:00.869+00:00,B_sell_A_buy,10.4213,4.5213,4469.1,4469.2,0.2237,25.6673,4473.86,4474.24,3.2354,2.0999,0.0000062500,0.0007000000,1378.3,0.0
2026-09-04T11:25:00.872+00:00,B_sell_A_buy,10.2872,4.3872,4469.1,4469.2,0.2237,25.6673,4473.8,4474.24,0.0742,2.0999,0.0000062500,0.0007000000,1380.9,0.0
2026-09-04T11:25:00.874+00:00,B_sell_A_buy,10.1307,4.2307,4469.1,4469.2,0.2237,25.6673,4473.73,4474.24,3.2227,2.0999,0.0000062500,0.0007000000,1383.6,0.0
2026-09-04T11:25:00.878+00:00,B_sell_A_buy,10.1083,4.2083,4469.1,4469.2,0.2237,25.6673,4473.72,4474.24,1.6913,2.0999,0.0000062500,0.0007000000,1386.9,0.0
2026-09-04T11:25:00.882+00:00,B_sell_A_buy,10.1084,4.2084,4469.1,4469.2,0.2237,25.6673,4473.72,4474.09,1.6913,0.0274,0.0000062500,0.0007000000,1391.0,0.0
2026-09-04T11:25:00.885+00:00,B_sell_A_buy,10.1084,4.2084,4469.1,4469.2,0.2237,25.6673,4473.72,4474.09,1.0036,0.0274,0.0000062500,0.0007000000,1394.1,0.0
2026-09-04T11:25:00.899+00:00,B_sell_A_buy,9.5942,3.6942,4469.1,4469.2,0.2237,25.6673,4473.49,4474.09,1.8586,0.0274,0.0000062500,0.0007000000,1408.0,0.0
2026-09-04T11:25:00.905+00:00,B_sell_A_buy,9.5942,3.6942,4469.1,4469.2,0.2237,25.6673,4473.49,4473.95,1.8586,3.2354,0.0000062500,0.0007000000,1414.5,0.0
2026-09-04T11:25:00.922+00:00,B_sell_A_buy,9.0353,3.1353,4469.1,4469.2,0.2237,25.6673,4473.24,4473.95,0.2007,3.2354,0.0000062500,0.0007000000,1431.5,0.0
2026-09-04T11:25:00.943+00:00,B_sell_A_buy,9.0354,3.1354,4469.1,4469.2,0.2237,25.6673,4473.24,4473.72,0.2007,0.0245,0.0000062500,0.0007000000,1452.0,0.0
2026-09-04T11:25:00.963+00:00,B_sell_A_buy,9.0577,3.1577,4469.1,4469.2,0.2237,25.6673,4473.25,4473.72,0.6215,0.0245,0.0000062500,0.0007000000,1471.5,0.0
2026-09-04T11:25:00.990+00:00,B_sell_A_buy,9.1025,3.2025,4469.1,4469.2,0.2237,25.6673,4473.27,4473.72,1.0036,0.0245,0.0000062500,0.0007000000,1498.4,0.0
2026-09-04T11:25:00.998+00:00,B_sell_A_buy,9.1025,3.2025,4469.1,4469.2,0.2237,25.6673,4473.27,4473.71,1.0036,4.9928,0.0000062500,0.0007000000,1507.8,0.0
2026-09-04T11:25:01.033+00:00,B_sell_A_buy,9.1025,3.2025,4469.1,4469.2,0.2237,25.6673,4473.27,4473.71,1.0036,3.2354,0.0000062500,0.0007000000,1541.8,0.1
2026-09-04T11:25:01.046+00:00,B_sell_A_buy,9.1025,3.2025,4469.1,4469.2,0.2237,25.6673,4473.27,4473.71,1.1501,3.2354,0.0000062500,0.0007000000,1555.3,0.1
2026-09-04T11:25:01.057+00:00,B_sell_A_buy,9.1025,3.2025,4469.1,4469.2,0.2237,25.6673,4473.27,4473.71,1.1501,5.2354,0.0000062500,0.0007000000,1565.5,0.1
2026-09-04T11:25:01.105+00:00,B_sell_A_buy,9.1025,3.2025,4469.1,4469.2,0.2237,25.6673,4473.27,4473.7,1.1501,1.6148,0.0000062500,0.0007000000,1613.8,0.0
2026-09-04T11:25:01.123+00:00,B_sell_A_buy,9.1025,3.2025,4469.1,4469.2,0.2237,25.6673,4473.27,4473.7,1.1501,3.6148,0.0000062500,0.0007000000,1632.5,0.0
2026-09-04T11:25:01.171+00:00,B_sell_A_buy,9.1025,3.2025,4469.1,4469.2,0.2237,25.6673,4473.27,4473.69,1.1501,0.0999,0.0000062500,0.0007000000,1680.1,0.0
2026-09-04T11:25:01.185+00:00,B_sell_A_buy,9.1025,3.2025,4469.1,4469.2,0.2237,25.6673,4473.27,4473.69,1.1501,2.0999,0.0000062500,0.0007000000,1694.2,0.0
2026-09-04T11:25:01.276+00:00,B_sell_A_buy,9.1025,3.2025,4469.1,4469.2,0.2237,44.0016,4473.27,4473.69,1.1501,2.0999,0.0000062500,0.0007000000,0.1,90.7
2026-09-04T11:25:01.362+00:00,B_sell_A_buy,9.1025,3.2025,4469.1,4469.2,0.2237,45.1102,4473.27,4473.69,1.1501,2.0999,0.0000062500,0.0007000000,0.1,176.8
2026-09-04T11:25:01.445+00:00,B_sell_A_buy,9.1025,3.2025,4469.1,4469.2,0.2237,45.1102,4473.27,4473.69,1.0036,2.0999,0.0000062500,0.0007000000,82.9,0.1
2026-09-04T11:25:01.456+00:00,B_sell_A_buy,9.1025,3.2025,4469.1,4469.2,0.2237,45.1102,4473.27,4473.68,1.0036,1.0315,0.0000062500,0.0007000000,93.7,0.1
2026-09-04T11:25:01.478+00:00,B_sell_A_buy,9.1025,3.2025,4469.1,4469.2,0.2237,45.1102,4473.27,4473.68,1.0036,3.0315,0.0000062500,0.0007000000,116.0,0.0
2026-09-04T11:25:01.493+00:00,B_sell_A_buy,9.1025,3.2025,4469.1,4469.2,0.2237,45.1102,4473.27,4473.68,1.0036,2.0,0.0000062500,0.0007000000,130.6,0.0
2026-09-04T11:25:01.503+00:00,B_sell_A_buy,9.1025,3.2025,4469.1,4469.2,0.2237,45.1102,4473.27,4473.69,1.0036,2.0999,0.0000062500,0.0007000000,141.3,0.0
2026-09-04T11:25:01.544+00:00,B_sell_A_buy,9.1025,3.2025,4469.1,4469.2,0.2237,46.3228,4473.27,4473.69,1.0036,2.0999,0.0000062500,0.0007000000,0.0,41.2
2026-09-04T11:25:01.554+00:00,B_sell_A_buy,9.1025,3.2025,4469.1,4469.2,0.2237,46.3228,4473.27,4473.68,1.0036,0.9626,0.0000062500,0.0007000000,9.3,0.0
2026-09-04T11:25:01.575+00:00,B_sell_A_buy,9.1025,3.2025,4469.1,4469.2,0.2237,46.3228,4473.27,4473.68,1.0036,2.9626,0.0000062500,0.0007000000,31.0,0.0
2026-09-04T11:25:01.757+00:00,B_sell_A_buy,9.1025,3.2025,4469.1,4469.2,0.2237,50.3331,4473.27,4473.68,1.0036,2.9626,0.0000062500,0.0007000000,0.0,181.3
2026-09-04T11:25:01.815+00:00,B_sell_A_buy,9.1025,3.2025,4469.1,4469.2,0.2237,50.3331,4473.27,4473.68,1.0036,2.9602,0.0000062500,0.0007000000,59.0,0.1
2026-09-04T11:25:01.820+00:00,B_sell_A_buy,8.7447,2.8447,4469.1,4469.2,0.2237,50.3331,4473.11,4473.68,3.2231,2.9602,0.0000062500,0.0007000000,62.7,0.0
2026-09-04T11:25:01.822+00:00,B_sell_A_buy,8.7224,2.8224,4469.1,4469.2,0.2237,50.3331,4473.1,4473.68,0.6878,2.9602,0.0000062500,0.0007000000,65.0,0.0
2026-09-04T11:25:01.824+00:00,B_sell_A_buy,8.7225,2.8225,4468.7,4469.2,0.2,50.3331,4473.1,4473.68,0.6878,2.9602,0.0000062500,0.0007000000,0.0,2.6
2026-09-04T11:25:01.885+00:00,B_sell_A_buy,9.6174,3.7174,4468.7,4468.8,0.2,1.3052,4473.1,4473.68,0.6878,2.9602,0.0000062500,0.0007000000,0.0,63.1
2026-09-04T11:25:01.894+00:00,B_sell_A_buy,9.6174,3.7174,4468.7,4468.8,0.2,1.3052,4473.1,4473.68,1.6914,2.9602,0.0000062500,0.0007000000,9.5,0.0
2026-09-04T11:25:01.981+00:00,B_sell_A_buy,9.6174,3.7174,4468.7,4468.8,0.2,1.3052,4473.1,4473.68,1.0036,2.9602,0.0000062500,0.0007000000,96.4,0.1
2026-09-04T11:25:02.015+00:00,B_sell_A_buy,9.6174,3.7174,4468.7,4468.8,0.2,1.5668,4473.1,4473.68,1.0036,2.9602,0.0000062500,0.0007000000,0.0,33.5
2026-09-04T11:25:02.024+00:00,B_sell_A_buy,9.6174,3.7174,4468.7,4468.8,0.2,1.832,4473.1,4473.68,1.0036,2.9602,0.0000062500,0.0007000000,0.0,43.1
2026-09-04T11:25:02.119+00:00,B_sell_A_buy,9.6397,3.7397,4468.7,4468.8,0.2,1.832,4473.11,4473.68,0.0119,2.9602,0.0000062500,0.0007000000,95.5,0.1
2026-09-04T11:25:02.187+00:00,B_sell_A_buy,9.6397,3.7397,4468.7,4468.8,0.2,5.5016,4473.11,4473.68,0.0119,2.9602,0.0000062500,0.0007000000,0.0,68.1
2026-09-04T11:25:02.187+00:00,B_sell_A_buy,9.6397,3.7397,4468.7,4468.8,0.2,15.3533,4473.11,4473.68,0.0119,2.9602,0.0000062500,0.0007000000,0.1,68.2
2026-09-04T11:25:02.236+00:00,B_sell_A_buy,9.6397,3.7397,4468.7,4468.8,0.2,44.3489,4473.11,4473.68,0.0119,2.9602,0.0000062500,0.0007000000,0.0,116.5
2026-09-04T11:25:02.292+00:00,B_sell_A_buy,9.6397,3.7397,4468.7,4468.8,0.2,44.3989,4473.11,4473.68,0.0119,2.9602,0.0000062500,0.0007000000,0.0,172.6
2026-09-04T11:25:02.565+00:00,B_sell_A_buy,9.6397,3.7397,4468.7,4468.8,0.2,49.5691,4473.11,4473.68,0.0119,2.9602,0.0000062500,0.0007000000,0.1,445.3
2026-09-04T11:25:02.604+00:00,B_sell_A_buy,9.6399,3.7399,4468.7,4468.8,0.2,49.5691,4473.11,4473.48,0.0119,3.2354,0.0000062500,0.0007000000,39.0,0.1
2026-09-04T11:25:02.623+00:00,B_sell_A_buy,9.6399,3.7399,4468.7,4468.8,0.2,49.5691,4473.11,4473.48,0.0119,5.2354,0.0000062500,0.0007000000,58.9,0.1
2026-09-04T11:25:02.652+00:00,B_sell_A_buy,9.6399,3.7399,4468.7,4468.8,0.2,49.5691,4473.11,4473.47,0.0119,0.9455,0.0000062500,0.0007000000,87.3,0.0
2026-09-04T11:25:02.658+00:00,B_sell_A_buy,9.6399,3.7399,4468.7,4468.8,0.2,49.5691,4473.11,4473.46,0.0119,0.0999,0.0000062500,0.0007000000,93.7,0.0
2026-09-04T11:25:02.663+00:00,B_sell_A_buy,8.8572,2.9572,4468.7,4468.8,0.2,49.5691,4472.76,4473.46,0.6878,0.0999,0.0000062500,0.0007000000,98.5,0.0
2026-09-04T11:25:02.683+00:00,B_sell_A_buy,8.7678,2.8678,4468.7,4468.8,0.2,49.5691,4472.72,4473.46,0.2007,2.0999,0.0000062500,0.0007000000,118.3,0.1
2026-09-04T11:25:02.696+00:00,B_sell_A_buy,8.8796,2.9796,4468.7,4468.8,0.2,49.5691,4472.77,4473.46,0.0119,2.0999,0.0000062500,0.0007000000,132.4,0.1
2026-09-04T11:25:02.703+00:00,B_sell_A_buy,8.8796,2.9796,4468.7,4468.8,0.2,49.5691,4472.77,4473.45,0.3105,1.9402,0.0000062500,0.0007000000,138.8,0.0
2026-09-04T11:25:02.723+00:00,B_sell_A_buy,8.8796,2.9796,4468.7,4468.8,0.2,49.5691,4472.77,4473.45,0.3105,3.9402,0.0000062500,0.0007000000,157.9,0.0
2026-09-04T11:25:02.793+00:00,B_sell_A_buy,8.8796,2.9796,4468.7,4468.8,0.2,49.5691,4472.77,4473.45,0.3105,3.0712,0.0000062500,0.0007000000,228.1,0.0
2026-09-04T11:25:02.793+00:00,B_sell_A_buy,8.8796,2.9796,4468.7,4468.8,0.2,55.6611,4472.77,4473.45,0.3105,3.0712,0.0000062500,0.0007000000,0.0,0.1
2026-09-04T11:25:02.926+00:00,B_sell_A_buy,8.8796,2.9796,4468.7,4468.8,0.2,55.6611,4472.77,4473.45,1.2857,3.0712,0.0000062500,0.0007000000,133.4,0.0
2026-09-04T11:25:02.930+00:00,B_sell_A_buy,9.0808,3.1808,4468.7,4468.8,0.2,55.6611,4472.86,4473.45,3.2354,3.0712,0.0000062500,0.0007000000,136.7,0.1
2026-09-04T11:25:02.948+00:00,B_sell_A_buy,9.1032,3.2032,4468.7,4468.8,0.2,55.6611,4472.87,4473.45,0.1359,3.0712,0.0000062500,0.0007000000,155.1,0.0
2026-09-04T11:25:02.981+00:00,B_sell_A_buy,9.0808,3.1808,4468.7,4468.8,0.2,55.6611,4472.86,4473.45,3.2354,3.0712,0.0000062500,0.0007000000,188.7,0.1
2026-09-04T11:25:02.995+00:00,B_sell_A_buy,9.1256,3.2256,4468.7,4468.8,0.2,55.6611,4472.88,4473.45,0.0119,3.0712,0.0000062500,0.0007000000,201.7,0.0
2026-09-04T11:25:03.149+00:00,B_sell_A_buy,9.1256,3.2256,4468.7,4468.8,0.2,57.6921,4472.88,4473.45,0.0119,3.0712,0.0000062500,0.0007000000,0.0,154.9
2026-09-04T11:25:03.303+00:00,B_sell_A_buy,9.1256,3.2256,4468.7,4468.8,0.4237,57.6921,4472.88,4473.45,0.0119,3.0712,0.0000062500,0.0007000000,0.1,308.1
2026-09-04T11:25:03.441+00:00,B_sell_A_buy,9.1256,3.2256,4468.7,4468.8,0.6474,57.6921,4472.88,4473.45,0.0119,3.0712,0.0000062500,0.0007000000,0.1,447.4
2026-09-04T11:25:03.553+00:00,B_sell_A_buy,9.1256,3.2256,4468.7,4468.8,0.6474,57.6921,4472.88,4473.45,0.1418,3.0712,0.0000062500,0.0007000000,112.2,0.1
2026-09-04T11:25:03.558+00:00,B_sell_A_buy,9.1256,3.2256,4468.7,4468.8,0.6474,57.6921,4472.88,4473.45,1.1076,3.0712,0.0000062500,0.0007000000,116.5,0.0
2026-09-04T11:25:03.602+00:00,B_sell_A_buy,9.1479,3.2479,4468.7,4468.8,0.6474,57.6921,4472.89,4473.45,0.0733,3.0712,0.0000062500,0.0007000000,160.3,0.0
2026-09-04T11:25:03.649+00:00,B_sell_A_buy,9.1703,3.2703,4468.7,4468.8,0.6474,57.6921,4472.9,4473.45,0.0119,3.0712,0.0000062500,0.0007000000,206.9,0.1
2026-09-04T11:25:03.701+00:00,B_sell_A_buy,9.1926,3.2926,4468.7,4468.8,0.6474,57.6921,4472.91,4473.45,0.0502,3.0712,0.0000062500,0.0007000000,259.6,0.1
2026-09-04T11:25:03.736+00:00,B_sell_A_buy,9.2150,3.3150,4468.7,4468.8,0.6474,57.6921,4472.92,4473.45,0.0119,3.0712,0.0000062500,0.0007000000,294.4,0.1
2026-09-04T11:25:03.764+00:00,B_sell_A_buy,9.2150,3.3150,4468.7,4468.8,0.6474,57.6921,4472.92,4473.38,0.0119,0.034,0.0000062500,0.0007000000,322.1,0.0
2026-09-04T11:25:03.782+00:00,B_sell_A_buy,9.2150,3.3150,4468.7,4468.8,0.6474,57.6921,4472.92,4473.38,0.0119,2.034,0.0000062500,0.0007000000,340.0,0.1
2026-09-04T11:25:03.786+00:00,B_sell_A_buy,9.2150,3.3150,4468.7,4468.8,0.6474,57.6921,4472.92,4473.37,0.0119,0.0999,0.0000062500,0.0007000000,344.6,0.0
2026-09-04T11:25:03.807+00:00,B_sell_A_buy,9.2374,3.3374,4468.7,4468.8,0.6474,57.6921,4472.93,4473.37,0.0283,2.0999,0.0000062500,0.0007000000,365.3,0.0
2026-09-04T11:25:03.839+00:00,B_sell_A_buy,9.2598,3.3598,4468.7,4468.8,0.6474,57.6921,4472.94,4473.37,0.0119,2.0999,0.0000062500,0.0007000000,398.1,0.0
2026-09-04T11:25:04.148+00:00,B_sell_A_buy,9.2598,3.3598,4468.7,4468.8,0.6474,57.6921,4472.94,4473.37,0.8248,2.0999,0.0000062500,0.0007000000,706.4,0.1
2026-09-04T11:25:04.216+00:00,B_sell_A_buy,9.2598,3.3598,4468.7,4468.8,0.6474,57.6921,4472.94,4473.37,0.0119,2.0999,0.0000062500,0.0007000000,774.7,0.1
2026-09-04T11:25:04.271+00:00,B_sell_A_buy,9.2598,3.3598,4468.7,4468.8,0.6474,57.6921,4472.94,4473.36,0.0119,0.5125,0.0000062500,0.0007000000,829.1,0.1
2026-09-04T11:25:04.277+00:00,B_sell_A_buy,9.2598,3.3598,4468.7,4468.8,0.6474,57.6921,4472.94,4473.36,0.0119,2.5125,0.0000062500,0.0007000000,835.6,0.0
2026-09-04T11:25:04.297+00:00,B_sell_A_buy,9.2599,3.3599,4468.7,4468.8,0.6474,57.6921,4472.94,4473.17,0.0119,0.0354,0.0000062500,0.0007000000,854.8,0.0
2026-09-04T11:25:04.341+00:00,B_sell_A_buy,9.2599,3.3599,4468.7,4468.8,0.6474,57.6921,4472.94,4473.16,0.0119,0.0999,0.0000062500,0.0007000000,899.6,0.0
2026-09-04T11:25:06.023+00:00,B_sell_A_buy,9.2599,3.3599,4468.7,4468.8,0.6474,57.673,4472.94,4473.16,0.0119,2.0999,0.0000062500,0.0007000000,0.1,57.1
2026-09-04T11:25:06.883+00:00,B_sell_A_buy,9.2599,3.3599,4468.7,4468.8,0.6474,57.7865,4472.94,4473.16,0.0119,2.0999,0.0000062500,0.0007000000,0.1,916.9
2026-09-04T11:25:07.902+00:00,B_sell_A_buy,8.7679,2.8679,4468.7,4468.8,0.6474,57.7865,4472.72,4473.16,0.2007,2.0999,0.0000062500,0.0007000000,1019.0,0.1
2026-09-04T11:25:07.919+00:00,B_sell_A_buy,9.0810,3.1810,4468.7,4468.8,0.6474,57.7865,4472.86,4473.16,0.0119,2.0999,0.0000062500,0.0007000000,1036.3,0.0
2026-09-04T11:25:07.936+00:00,B_sell_A_buy,9.0810,3.1810,4468.7,4468.8,0.6474,57.7865,4472.86,4473.15,0.0119,3.2354,0.0000062500,0.0007000000,1052.9,0.0
2026-09-04T11:25:07.949+00:00,B_sell_A_buy,9.0810,3.1810,4468.7,4468.8,0.6474,57.7865,4472.86,4473.15,0.0119,3.5083,0.0000062500,0.0007000000,1065.7,0.0
2026-09-04T11:25:07.954+00:00,B_sell_A_buy,9.0810,3.1810,4468.7,4468.8,0.6474,57.7865,4472.86,4473.15,0.0119,5.5083,0.0000062500,0.0007000000,1070.8,0.1
2026-09-04T11:25:08.223+00:00,B_sell_A_buy,9.0810,3.1810,4468.7,4468.8,0.6474,57.673,4472.86,4473.15,0.0119,5.5083,0.0000062500,0.0007000000,0.1,269.2
2026-09-04T11:25:08.229+00:00,B_sell_A_buy,9.0810,3.1810,4468.7,4468.8,0.6474,57.673,4472.86,4473.09,0.0119,0.0221,0.0000062500,0.0007000000,6.1,0.0
2026-09-04T11:25:08.245+00:00,B_sell_A_buy,9.0810,3.1810,4468.7,4468.8,0.6474,57.673,4472.86,4473.09,0.0119,2.0221,0.0000062500,0.0007000000,21.5,0.0
2026-09-04T11:25:08.272+00:00,B_sell_A_buy,9.0810,3.1810,4468.7,4468.8,0.6474,57.673,4472.86,4473.08,0.0119,0.1478,0.0000062500,0.0007000000,49.2,0.1
2026-09-04T11:25:08.276+00:00,B_sell_A_buy,9.0810,3.1810,4468.7,4468.8,0.6474,57.673,4472.86,4473.08,0.0119,2.1478,0.0000062500,0.0007000000,53.5,0.1
2026-09-04T11:25:08.285+00:00,B_sell_A_buy,9.0810,3.1810,4468.7,4468.8,0.6474,57.673,4472.86,4473.07,0.0119,0.0999,0.0000062500,0.0007000000,61.9,0.0
2026-09-04T11:25:08.302+00:00,B_sell_A_buy,9.0810,3.1810,4468.7,4468.8,0.6474,57.673,4472.86,4473.07,0.0119,2.0999,0.0000062500,0.0007000000,79.3,0.0
2026-09-04T11:25:08.355+00:00,B_sell_A_buy,9.0810,3.1810,4468.7,4468.8,0.6474,57.673,4472.86,4473.06,0.0119,0.0692,0.0000062500,0.0007000000,132.9,0.1
2026-09-04T11:25:08.374+00:00,B_sell_A_buy,9.0810,3.1810,4468.7,4468.8,0.6474,57.673,4472.86,4473.06,0.0119,2.0692,0.0000062500,0.0007000000,151.1,0.0
2026-09-04T11:25:08.438+00:00,B_sell_A_buy,9.0810,3.1810,4468.7,4468.8,0.4237,57.673,4472.86,4473.06,0.0119,2.0692,0.0000062500,0.0007000000,0.1,64.1
2026-09-04T11:25:08.474+00:00,B_sell_A_buy,9.0810,3.1810,4468.7,4468.8,0.4237,62.0527,4472.86,4473.06,0.0119,2.0692,0.0000062500,0.0007000000,0.0,99.6
2026-09-04T11:25:08.813+00:00,B_sell_A_buy,9.0810,3.1810,4468.7,4468.8,0.4237,62.0527,4472.86,4473.06,0.0119,2.0,0.0000062500,0.0007000000,339.3,0.1
2026-09-04T11:25:08.830+00:00,B_sell_A_buy,9.0810,3.1810,4468.7,4468.8,0.4237,62.0527,4472.86,4473.07,0.0119,2.0999,0.0000062500,0.0007000000,356.4,0.1
2026-09-04T11:25:10.086+00:00,B_sell_A_buy,9.0810,3.1810,4468.7,4468.8,0.3127,62.0527,4472.86,4473.07,0.0119,2.0999,0.0000062500,0.0007000000,0.1,1256.1
2026-09-04T11:25:10.694+00:00,B_sell_A_buy,9.0811,3.1811,4468.7,4468.8,0.3127,62.0527,4472.86,4472.87,0.0119,3.2354,0.0000062500,0.0007000000,607.8,0.1
2026-09-04T11:25:10.696+00:00,B_sell_A_buy,8.2537,2.3537,4468.7,4468.8,0.3127,62.0527,4472.49,4472.87,0.6879,3.2354,0.0000062500,0.0007000000,610.1,0.1
2026-09-04T11:25:10.700+00:00,B_sell_A_buy,8.0077,2.1077,4468.7,4468.8,0.3127,62.0527,4472.38,4472.87,0.0754,3.2354,0.0000062500,0.0007000000,613.8,0.0
2026-09-04T11:25:10.705+00:00,B_sell_A_buy,7.9854,2.0854,4468.7,4468.8,0.3127,62.0527,4472.37,4472.87,1.8586,3.2354,0.0000062500,0.0007000000,619.3,0.0
2026-09-04T11:25:10.741+00:00,B_sell_A_buy,8.0301,2.1301,4468.7,4468.8,0.3127,62.0527,4472.39,4472.87,1.0036,3.2354,0.0000062500,0.0007000000,655.6,0.0
2026-09-04T11:25:10.741+00:00,B_sell_A_buy,8.0301,2.1301,4468.7,4468.8,0.3127,62.0527,4472.39,4472.86,1.0036,0.0999,0.0000062500,0.0007000000,655.6,0.1
2026-09-04T11:25:10.747+00:00,B_sell_A_buy,8.0301,2.1301,4468.7,4468.8,0.3127,62.0527,4472.39,4472.73,1.0036,0.0241,0.0000062500,0.0007000000,660.7,0.0
2026-09-04T11:25:10.796+00:00,B_sell_A_buy,8.0525,2.1525,4468.7,4468.8,0.3127,62.0527,4472.4,4472.71,0.0119,0.0999,0.0000062500,0.0007000000,709.9,0.0
2026-09-04T11:25:10.843+00:00,B_sell_A_buy,8.0972,2.1972,4468.7,4468.8,0.3127,62.0527,4472.42,4472.71,1.0036,0.0999,0.0000062500,0.0007000000,756.7,0.0
2026-09-04T11:25:10.856+00:00,B_sell_A_buy,8.0972,2.1972,4468.7,4468.8,0.3127,62.0527,4472.42,4472.7,1.0036,0.7774,0.0000062500,0.0007000000,769.8,0.0
2026-09-04T11:25:10.870+00:00,B_sell_A_buy,8.0972,2.1972,4468.7,4468.8,0.3127,62.5014,4472.42,4472.7,1.0036,0.7774,0.0000062500,0.0007000000,0.0,14.6
2026-09-04T11:25:10.889+00:00,B_sell_A_buy,8.0972,2.1972,4468.7,4468.8,0.3127,62.5014,4472.42,4472.7,1.0036,2.7774,0.0000062500,0.0007000000,18.7,0.0
2026-09-04T11:25:10.892+00:00,B_sell_A_buy,8.1196,2.2196,4468.7,4468.8,0.3127,62.5014,4472.43,4472.7,0.0119,2.7774,0.0000062500,0.0007000000,22.6,0.0
2026-09-04T11:25:11.007+00:00,B_sell_A_buy,8.1643,2.2643,4468.7,4468.8,0.3127,62.5014,4472.45,4472.7,1.0036,2.7774,0.0000062500,0.0007000000,136.8,0.1
2026-09-04T11:25:11.037+00:00,B_sell_A_buy,8.1867,2.2867,4468.7,4468.8,0.3127,62.5014,4472.46,4472.7,0.0119,2.7774,0.0000062500,0.0007000000,167.2,0.1
2026-09-04T11:25:11.108+00:00,B_sell_A_buy,8.1867,2.2867,4468.7,4468.8,0.3127,109.8542,4472.46,4472.7,0.0119,2.7774,0.0000062500,0.0007000000,0.1,71.0
2026-09-04T11:25:11.249+00:00,B_sell_A_buy,8.1643,2.2643,4468.7,4468.8,0.3127,109.8542,4472.45,4472.7,1.0036,2.7774,0.0000062500,0.0007000000,140.1,0.1
2026-09-04T11:25:11.385+00:00,B_sell_A_buy,8.1643,2.2643,4468.7,4468.8,0.3127,114.2339,4472.45,4472.7,1.0036,2.7774,0.0000062500,0.0007000000,0.1,136.3
2026-09-04T11:25:11.502+00:00,B_sell_A_buy,8.1649,2.2649,4467.5,4468.8,1.0,114.2339,4472.45,4472.7,1.0036,2.7774,0.0000062500,0.0007000000,0.1,253.8
2026-09-04T11:25:11.573+00:00,B_sell_A_buy,9.0599,3.1599,4467.5,4468.4,1.0,0.0038,4472.45,4472.7,1.0036,2.7774,0.0000062500,0.0007000000,0.0,325.5
2026-09-04T11:25:11.630+00:00,B_sell_A_buy,10.1785,4.2785,4467.8,4467.9,0.2238,0.4274,4472.45,4472.7,1.0036,2.7774,0.0000062500,0.0007000000,0.1,381.4
2026-09-04T11:25:11.769+00:00,B_sell_A_buy,10.1785,4.2785,4467.8,4467.9,0.2238,0.5582,4472.45,4472.7,1.0036,2.7774,0.0000062500,0.0007000000,0.1,520.6
2026-09-04T11:25:11.978+00:00,B_sell_A_buy,10.1785,4.2785,4467.8,4467.9,0.2238,2.3484,4472.45,4472.7,1.0036,2.7774,0.0000062500,0.0007000000,0.1,730.3
2026-09-04T11:25:12.032+00:00,B_sell_A_buy,10.1785,4.2785,4467.8,4467.9,0.2238,14.2857,4472.45,4472.7,1.0036,2.7774,0.0000062500,0.0007000000,0.1,783.2
2026-09-04T11:25:12.231+00:00,B_sell_A_buy,10.1785,4.2785,4467.8,4467.9,0.2238,15.1806,4472.45,4472.7,1.0036,2.7774,0.0000062500,0.0007000000,0.1,982.4
2026-09-04T11:25:12.426+00:00,B_sell_A_buy,10.1785,4.2785,4467.8,4467.9,0.2238,25.4026,4472.45,4472.7,1.0036,2.7774,0.0000062500,0.0007000000,0.1,1178.0
2026-09-04T11:25:12.438+00:00,B_sell_A_buy,10.1785,4.2785,4467.8,4467.9,0.2238,27.0028,4472.45,4472.7,1.0036,2.7774,0.0000062500,0.0007000000,0.0,1189.7
2026-09-04T11:25:12.963+00:00,B_sell_A_buy,9.9996,4.0996,4467.8,4467.9,0.2238,27.0028,4472.37,4472.7,1.8586,2.7774,0.0000062500,0.0007000000,525.5,0.1
2026-09-04T11:25:12.963+00:00,B_sell_A_buy,9.8207,3.9207,4467.8,4467.9,0.2238,27.0028,4472.29,4472.7,0.8886,2.7774,0.0000062500,0.0007000000,525.6,0.2
2026-09-04T11:25:12.974+00:00,B_sell_A_buy,9.8207,3.9207,4467.8,4467.9,0.2238,27.0028,4472.29,4472.7,0.2007,2.7774,0.0000062500,0.0007000000,535.8,0.0
2026-09-04T11:25:13.064+00:00,B_sell_A_buy,9.8207,3.9207,4467.8,4467.9,0.2238,27.0028,4472.29,4472.7,0.2007,2.0,0.0000062500,0.0007000000,625.6,0.1
2026-09-04T11:25:13.070+00:00,B_sell_A_buy,9.8206,3.9206,4467.8,4467.9,0.2238,27.0028,4472.29,4472.71,0.4743,2.1118,0.0000062500,0.0007000000,633.2,0.0
2026-09-04T11:25:13.101+00:00,B_sell_A_buy,9.8430,3.9430,4467.8,4467.9,0.2238,27.0028,4472.3,4472.71,0.1567,2.1118,0.0000062500,0.0007000000,662.5,0.0
2026-09-04T11:25:13.189+00:00,B_sell_A_buy,9.8206,3.9206,4467.8,4467.9,0.2238,27.0028,4472.29,4472.71,0.2007,2.1118,0.0000062500,0.0007000000,751.4,0.1
2026-09-04T11:25:13.383+00:00,B_sell_A_buy,9.8206,3.9206,4467.8,4467.9,0.2238,49.4291,4472.29,4472.71,0.2007,2.1118,0.0000062500,0.0007000000,0.1,193.9
2026-09-04T11:25:13.428+00:00,B_sell_A_buy,9.8207,3.9207,4467.8,4467.9,0.2238,49.4291,4472.29,4472.53,0.2007,0.0294,0.0000062500,0.0007000000,44.3,0.1
2026-09-04T11:25:13.450+00:00,B_sell_A_buy,9.8207,3.9207,4467.8,4467.9,0.2238,49.4291,4472.29,4472.53,0.2007,2.0294,0.0000062500,0.0007000000,66.3,0.1
2026-09-04T11:25:13.539+00:00,B_sell_A_buy,9.8207,3.9207,4467.8,4467.9,0.2238,49.4291,4472.29,4472.53,0.2007,2.0,0.0000062500,0.0007000000,156.2,0.1
2026-09-04T11:25:13.547+00:00,B_sell_A_buy,9.8207,3.9207,4467.8,4467.9,0.2238,49.4291,4472.29,4472.69,0.2007,0.0294,0.0000062500,0.0007000000,164.9,0.0
2026-09-04T11:25:13.559+00:00,B_sell_A_buy,9.8207,3.9207,4467.8,4467.9,0.2238,49.4291,4472.29,4472.69,0.2007,2.0294,0.0000062500,0.0007000000,175.3,0.0
2026-09-04T11:25:13.602+00:00,B_sell_A_buy,9.8207,3.9207,4467.8,4467.9,0.2238,49.5593,4472.29,4472.69,0.2007,2.0294,0.0000062500,0.0007000000,0.0,44.1
2026-09-04T11:25:13.674+00:00,B_sell_A_buy,9.8207,3.9207,4467.8,4467.9,0.2238,49.8162,4472.29,4472.69,0.2007,2.0294,0.0000062500,0.0007000000,0.0,115.5
2026-09-04T11:25:14.039+00:00,B_sell_A_buy,9.8207,3.9207,4467.8,4467.9,0.2238,49.8162,4472.29,4472.69,0.2007,2.0,0.0000062500,0.0007000000,365.2,0.1
2026-09-04T11:25:14.055+00:00,B_sell_A_buy,9.8206,3.9206,4467.8,4467.9,0.2238,49.8162,4472.29,4472.71,0.2007,2.1118,0.0000062500,0.0007000000,381.5,0.0
2026-09-04T11:25:14.102+00:00,B_sell_A_buy,9.8207,3.9207,4467.8,4467.9,0.2238,49.8162,4472.29,4472.7,0.2007,0.675,0.0000062500,0.0007000000,428.1,0.1
2026-09-04T11:25:14.119+00:00,B_sell_A_buy,9.8207,3.9207,4467.8,4467.9,0.2238,49.8162,4472.29,4472.7,0.2007,2.675,0.0000062500,0.0007000000,445.3,0.1
2026-09-04T11:25:15.071+00:00,B_sell_A_buy,9.8207,3.9207,4467.8,4467.9,0.2238,49.8162,4472.29,4472.53,0.2007,0.0274,0.0000062500,0.0007000000,1396.9,0.1
2026-09-04T11:25:15.084+00:00,B_sell_A_buy,9.8207,3.9207,4467.8,4467.9,0.2238,49.8162,4472.29,4472.53,0.2007,2.0274,0.0000062500,0.0007000000,1410.5,0.0
2026-09-04T11:25:15.140+00:00,B_sell_A_buy,9.8207,3.9207,4467.8,4467.9,0.2238,49.8162,4472.29,4472.52,0.2007,0.1118,0.0000062500,0.0007000000,1466.7,0.0
2026-09-04T11:25:15.158+00:00,B_sell_A_buy,9.8207,3.9207,4467.8,4467.9,0.2238,49.8162,4472.29,4472.52,0.2007,2.1118,0.0000062500,0.0007000000,1483.3,0.0
2026-09-04T11:25:15.201+00:00,B_sell_A_buy,9.8207,3.9207,4467.8,4467.9,0.4476,49.8162,4472.29,4472.52,0.2007,2.1118,0.0000062500,0.0007000000,0.0,43.8
2026-09-04T11:25:15.664+00:00,B_sell_A_buy,9.8207,3.9207,4467.8,4467.9,0.4476,49.8162,4472.29,4472.52,1.0239,2.1118,0.0000062500,0.0007000000,462.5,0.1
2026-09-04T11:25:15.673+00:00,B_sell_A_buy,9.8207,3.9207,4467.8,4467.9,0.4476,49.8162,4472.29,4472.52,1.0239,0.1118,0.0000062500,0.0007000000,471.3,0.0
2026-09-04T11:25:15.697+00:00,B_sell_A_buy,9.8207,3.9207,4467.8,4467.9,0.4476,49.8162,4472.29,4472.52,1.307,0.1118,0.0000062500,0.0007000000,495.9,0.0
2026-09-04T11:25:15.745+00:00,B_sell_A_buy,9.8431,3.9431,4467.8,4467.9,0.4476,49.8162,4472.3,4472.52,0.1406,0.1118,0.0000062500,0.0007000000,544.1,0.1
2026-09-04T11:25:15.759+00:00,B_sell_A_buy,9.8431,3.9431,4467.8,4467.9,0.4476,49.8162,4472.3,4472.53,0.1406,0.0274,0.0000062500,0.0007000000,558.1,0.0
2026-09-04T11:25:15.759+00:00,B_sell_A_buy,9.8655,3.9655,4467.8,4467.9,0.4476,49.8162,4472.31,4472.53,3.2354,0.0274,0.0000062500,0.0007000000,558.2,0.1
2026-09-04T11:25:15.769+00:00,B_sell_A_buy,9.8655,3.9655,4467.8,4467.9,0.4476,49.8162,4472.31,4472.53,4.239,0.0274,0.0000062500,0.0007000000,567.9,0.0
2026-09-04T11:25:15.802+00:00,B_sell_A_buy,9.8655,3.9655,4467.8,4467.9,0.4476,49.8162,4472.31,4472.53,5.2629,0.0274,0.0000062500,0.0007000000,600.9,0.0
2026-09-04T11:25:15.851+00:00,B_sell_A_buy,9.8878,3.9878,4467.8,4467.9,0.4476,49.8162,4472.32,4472.53,0.0523,0.0274,0.0000062500,0.0007000000,649.8,0.0
2026-09-04T11:25:15.892+00:00,B_sell_A_buy,9.8878,3.9878,4467.8,4467.9,0.4476,49.8162,4472.32,4472.53,0.0523,2.0274,0.0000062500,0.0007000000,690.7,0.0
2026-09-04T11:25:15.898+00:00,B_sell_A_buy,9.9326,4.0326,4467.8,4467.9,0.4476,49.8162,4472.34,4472.53,1.0036,2.0274,0.0000062500,0.0007000000,696.3,0.0
2026-09-04T11:25:15.903+00:00,B_sell_A_buy,9.9326,4.0326,4467.8,4467.9,0.4476,49.8162,4472.34,4472.53,1.0036,0.0274,0.0000062500,0.0007000000,702.7,0.0
2026-09-04T11:25:15.944+00:00,B_sell_A_buy,9.9549,4.0549,4467.8,4467.9,0.4476,49.8162,4472.35,4472.53,0.0264,0.0274,0.0000062500,0.0007000000,743.7,0.0
2026-09-04T11:25:15.959+00:00,B_sell_A_buy,9.9326,4.0326,4467.8,4467.9,0.4476,49.8162,4472.34,4472.53,1.9868,0.0274,0.0000062500,0.0007000000,757.6,0.0
2026-09-04T11:25:15.973+00:00,B_sell_A_buy,9.9326,4.0326,4467.8,4467.9,0.4476,49.8162,4472.34,4472.53,1.0036,0.0274,0.0000062500,0.0007000000,771.6,0.0
2026-09-04T11:25:16.118+00:00,B_sell_A_buy,9.9325,4.0325,4467.8,4467.9,0.4476,49.8162,4472.34,4472.58,1.0036,0.1118,0.0000062500,0.0007000000,916.5,0.1
2026-09-04T11:25:16.136+00:00,B_sell_A_buy,9.9325,4.0325,4467.8,4467.9,0.4476,49.8162,4472.34,4472.58,1.0036,2.1118,0.0000062500,0.0007000000,934.4,0.0
2026-09-04T11:25:16.149+00:00,B_sell_A_buy,9.9325,4.0325,4467.8,4467.9,0.4476,49.8162,4472.34,4472.58,1.0036,0.1118,0.0000062500,0.0007000000,947.5,0.0
2026-09-04T11:25:16.214+00:00,B_sell_A_buy,9.9325,4.0325,4467.8,4467.9,0.4476,27.4061,4472.34,4472.58,1.0036,0.1118,0.0000062500,0.0007000000,0.1,65.2
2026-09-04T11:25:16.495+00:00,B_sell_A_buy,9.9325,4.0325,4467.8,4467.9,0.4476,27.6299,4472.34,4472.58,1.0036,0.1118,0.0000062500,0.0007000000,0.1,346.8
2026-09-04T11:25:16.525+00:00,B_sell_A_buy,9.9325,4.0325,4467.8,4467.9,0.4476,27.4061,4472.34,4472.58,1.0036,0.1118,0.0000062500,0.0007000000,0.0,376.7
2026-09-04T11:25:16.580+00:00,B_sell_A_buy,9.9325,4.0325,4467.8,4467.9,0.4476,27.4061,4472.34,4472.66,1.0036,2.034,0.0000062500,0.0007000000,54.8,0.1
2026-09-04T11:25:16.583+00:00,B_sell_A_buy,9.9325,4.0325,4467.8,4467.9,0.4476,27.4061,4472.34,4472.66,1.8328,2.034,0.0000062500,0.0007000000,57.5,0.0
2026-09-04T11:25:16.597+00:00,B_sell_A_buy,9.9325,4.0325,4467.8,4467.9,0.4476,27.4061,4472.34,4472.58,1.8328,0.1118,0.0000062500,0.0007000000,71.9,0.1
2026-09-04T11:25:16.605+00:00,B_sell_A_buy,9.9325,4.0325,4467.8,4467.9,0.4476,27.4061,4472.34,4472.66,1.8328,2.034,0.0000062500,0.0007000000,79.6,0.0
2026-09-04T11:25:16.620+00:00,B_sell_A_buy,9.9325,4.0325,4467.8,4467.9,0.4476,27.4061,4472.34,4472.58,1.8328,0.1118,0.0000062500,0.0007000000,94.7,0.0
2026-09-04T11:25:16.629+00:00,B_sell_A_buy,9.9325,4.0325,4467.8,4467.9,0.4476,27.4061,4472.34,4472.66,1.8328,2.034,0.0000062500,0.0007000000,103.7,0.1
2026-09-04T11:25:16.645+00:00,B_sell_A_buy,9.9325,4.0325,4467.8,4467.9,0.4476,27.4061,4472.34,4472.65,1.8328,0.1118,0.0000062500,0.0007000000,119.3,0.0
2026-09-04T11:25:16.812+00:00,B_sell_A_buy,9.9325,4.0325,4467.8,4467.9,0.4476,27.4061,4472.34,4472.65,1.0036,0.1118,0.0000062500,0.0007000000,286.6,0.1
2026-09-04T11:25:16.817+00:00,B_sell_A_buy,9.9325,4.0325,4467.8,4467.9,0.4476,27.4061,4472.34,4472.66,1.0036,2.034,0.0000062500,0.0007000000,292.0,0.0
2026-09-04T11:25:16.819+00:00,B_sell_A_buy,10.4022,4.5022,4467.8,4467.9,0.4476,27.4061,4472.55,4472.66,3.2354,2.034,0.0000062500,0.0007000000,294.6,0.0
2026-09-04T11:25:16.831+00:00,B_sell_A_buy,10.4022,4.5022,4467.8,4467.9,0.4476,27.4061,4472.55,4472.66,3.2354,0.034,0.0000062500,0.0007000000,305.1,0.0
2026-09-04T11:25:16.850+00:00,B_sell_A_buy,10.4020,4.5020,4467.8,4467.9,0.4476,27.4061,4472.55,4473.01,3.2354,0.0562,0.0000062500,0.0007000000,324.6,0.0
2026-09-04T11:25:16.852+00:00,B_sell_A_buy,10.6256,4.7256,4467.8,4467.9,0.4476,27.4061,4472.65,4473.01,0.1386,0.0562,0.0000062500,0.0007000000,326.9,0.0
2026-09-04T11:25:16.860+00:00,B_sell_A_buy,10.6256,4.7256,4467.8,4467.9,0.4476,27.4061,4472.65,4472.93,0.1386,0.1118,0.0000062500,0.0007000000,334.5,0.0
2026-09-04T11:25:16.880+00:00,B_sell_A_buy,10.6256,4.7256,4467.8,4467.9,0.4476,27.4061,4472.65,4472.93,0.1386,2.1118,0.0000062500,0.0007000000,354.9,0.0
2026-09-04T11:25:16.905+00:00,B_sell_A_buy,10.6480,4.7480,4467.8,4467.9,0.4476,27.4061,4472.66,4472.93,0.0947,2.1118,0.0000062500,0.0007000000,379.9,0.0
2026-09-04T11:25:16.923+00:00,B_sell_A_buy,10.9164,5.0164,4467.8,4467.9,0.4476,27.4061,4472.78,4472.93,3.2354,2.1118,0.0000062500,0.0007000000,398.3,0.0
2026-09-04T11:25:17.175+00:00,B_sell_A_buy,10.9164,5.0164,4467.8,4467.9,0.4476,21.4718,4472.78,4472.93,3.2354,2.1118,0.0000062500,0.0007000000,0.1,251.3
2026-09-04T11:25:17.310+00:00,B_sell_A_buy,10.9164,5.0164,4467.8,4467.9,2.3662,21.4718,4472.78,4472.93,3.2354,2.1118,0.0000062500,0.0007000000,0.1,386.1
2026-09-04T11:25:17.500+00:00,B_sell_A_buy,10.9164,5.0164,4467.8,4467.9,2.3662,23.2623,4472.78,4472.93,3.2354,2.1118,0.0000062500,0.0007000000,0.1,575.9
2026-09-04T11:25:17.535+00:00,B_sell_A_buy,10.9164,5.0164,4467.8,4467.9,2.3662,23.1321,4472.78,4472.93,3.2354,2.1118,0.0000062500,0.0007000000,0.1,611.9
2026-09-04T11:25:20.176+00:00,B_sell_A_buy,10.6927,4.7927,4467.8,4467.9,0.5757,23.1321,4472.68,4472.9,1.0036,2.5541,0.0000062500,0.0007000000,0.0,110.4
2026-09-04T11:25:20.319+00:00,B_sell_A_buy,10.6927,4.7927,4467.8,4467.9,0.5757,26.7963,4472.68,4472.9,1.0036,2.5541,0.0000062500,0.0007000000,0.1,253.8
2026-09-04T11:25:20.692+00:00,B_sell_A_buy,10.6927,4.7927,4467.8,4467.9,0.4476,26.7963,4472.68,4472.9,1.0036,2.5541,0.0000062500,0.0007000000,0.1,627.4
2026-09-04T11:25:20.971+00:00,B_sell_A_buy,10.6927,4.7927,4467.8,4467.9,0.4476,26.7789,4472.68,4472.9,1.0036,2.5541,0.0000062500,0.0007000000,0.1,905.9
2026-09-04T11:25:21.754+00:00,B_sell_A_buy,10.1560,4.2560,4467.8,4467.9,0.4476,26.7789,4472.44,4472.9,3.2236,2.5541,0.0000062500,0.0007000000,783.1,0.1
2026-09-04T11:25:21.761+00:00,B_sell_A_buy,10.1561,4.2561,4467.8,4467.9,0.4476,26.7789,4472.44,4472.8,3.2236,3.2354,0.0000062500,0.0007000000,790.0,0.0
2026-09-04T11:25:21.761+00:00,B_sell_A_buy,10.1337,4.2337,4467.8,4467.9,0.4476,26.7789,4472.43,4472.8,0.6879,3.2354,0.0000062500,0.0007000000,790.0,0.1
2026-09-04T11:25:21.768+00:00,B_sell_A_buy,9.9995,4.0995,4467.8,4467.9,0.4476,26.7789,4472.37,4472.8,1.8586,3.2354,0.0000062500,0.0007000000,796.9,0.0
2026-09-04T11:25:21.778+00:00,B_sell_A_buy,9.9995,4.0995,4467.8,4467.9,0.4476,26.7789,4472.37,4472.8,1.8586,5.2354,0.0000062500,0.0007000000,806.4,0.0
2026-09-04T11:25:21.788+00:00,B_sell_A_buy,10.1337,4.2337,4467.8,4467.9,0.4476,26.7789,4472.43,4472.79,1.0036,0.1118,0.0000062500,0.0007000000,816.7,0.1
2026-09-04T11:25:21.806+00:00,B_sell_A_buy,9.9995,4.0995,4467.8,4467.9,0.4476,26.7789,4472.37,4472.79,1.8586,0.1118,0.0000062500,0.0007000000,834.3,0.0
2026-09-04T11:25:21.806+00:00,B_sell_A_buy,9.9995,4.0995,4467.8,4467.9,0.4476,26.7789,4472.37,4472.79,1.8586,0.4663,0.0000062500,0.0007000000,834.4,0.1
2026-09-04T11:25:21.806+00:00,B_sell_A_buy,9.9548,4.0548,4467.8,4467.9,0.4476,26.7789,4472.35,4472.79,0.0797,0.4663,0.0000062500,0.0007000000,834.4,0.1
2026-09-04T11:25:21.806+00:00,B_sell_A_buy,9.9548,4.0548,4467.8,4467.9,0.4476,26.7789,4472.35,4472.79,0.0797,2.4663,0.0000062500,0.0007000000,834.4,0.1
2026-09-04T11:25:21.817+00:00,B_sell_A_buy,9.8206,3.9206,4467.8,4467.9,0.4476,26.7789,4472.29,4472.79,0.2007,2.4663,0.0000062500,0.0007000000,845.5,0.0
2026-09-04T11:25:21.840+00:00,B_sell_A_buy,9.8430,3.9430,4467.8,4467.9,0.4476,26.7789,4472.3,4472.79,1.0036,2.4663,0.0000062500,0.0007000000,869.1,0.0
2026-09-04T11:25:22.158+00:00,B_sell_A_buy,9.8430,3.9430,4467.8,4467.9,0.4476,29.2655,4472.3,4472.79,1.0036,2.4663,0.0000062500,0.0007000000,0.1,317.5
2026-09-04T11:25:23.753+00:00,B_sell_A_buy,9.8431,3.9431,4467.8,4467.9,0.4476,29.2655,4472.3,4472.59,1.0036,0.0272,0.0000062500,0.0007000000,1595.8,0.1
2026-09-04T11:25:23.770+00:00,B_sell_A_buy,9.8431,3.9431,4467.8,4467.9,0.4476,29.2655,4472.3,4472.59,1.0036,2.0272,0.0000062500,0.0007000000,1612.6,0.0
2026-09-04T11:25:23.795+00:00,B_sell_A_buy,9.8431,3.9431,4467.8,4467.9,0.4476,29.2655,4472.3,4472.58,1.0036,0.1118,0.0000062500,0.0007000000,1637.2,0.1
2026-09-04T11:25:23.805+00:00,B_sell_A_buy,9.8431,3.9431,4467.8,4467.9,0.4476,29.2655,4472.3,4472.58,1.0036,2.1118,0.0000062500,0.0007000000,1647.7,0.0
2026-09-04T11:25:24.772+00:00,B_sell_A_buy,9.8439,3.9439,4466.4,4467.9,43.4098,29.2655,4472.3,4472.57,1.0036,2.2175,0.0000062500,0.0007000000,0.1,409.6
2026-09-04T11:25:24.998+00:00,B_sell_A_buy,11.6342,5.7342,4466.4,4467.1,43.4098,0.4274,4472.3,4472.57,1.0036,2.2175,0.0000062500,0.0007000000,0.1,635.8
2026-09-04T11:25:25.123+00:00,B_sell_A_buy,11.6341,5.7341,4466.5,4467.1,1.7905,0.4274,4472.3,4472.57,1.0036,2.2175,0.0000062500,0.0007000000,0.1,761.0
2026-09-04T11:25:25.196+00:00,B_sell_A_buy,11.6338,5.7338,4467.0,4467.1,0.1281,0.4274,4472.3,4472.57,1.0036,2.2175,0.0000062500,0.0007000000,0.1,834.2
2026-09-04T11:25:25.423+00:00,B_sell_A_buy,11.1862,5.2862,4467.0,4467.3,1.7656,3.2563,4472.3,4472.57,1.0036,2.2175,0.0000062500,0.0007000000,0.1,1061.3
2026-09-04T11:25:25.706+00:00,B_sell_A_buy,11.4100,5.5100,4467.0,4467.2,4.4513,0.6681,4472.3,4472.57,1.0036,2.2175,0.0000062500,0.0007000000,0.1,1344.1
2026-09-04T11:25:25.706+00:00,B_sell_A_buy,11.6338,5.7338,4467.0,4467.1,26.709,11.2492,4472.3,4472.57,1.0036,2.2175,0.0000062500,0.0007000000,0.1,1344.2
2026-09-04T11:25:25.767+00:00,B_sell_A_buy,11.6338,5.7338,4467.0,4467.1,25.2953,11.2492,4472.3,4472.57,1.0036,2.2175,0.0000062500,0.0007000000,0.0,1405.0
2026-09-04T11:25:26.092+00:00,B_sell_A_buy,11.6338,5.7338,4467.0,4467.1,25.4234,15.4731,4472.3,4472.57,1.0036,2.2175,0.0000062500,0.0007000000,0.1,1730.2
2026-09-04T11:25:26.202+00:00,B_sell_A_buy,11.6338,5.7338,4467.0,4467.1,25.4977,16.9249,4472.3,4472.57,1.0036,2.2175,0.0000062500,0.0007000000,0.1,1840.3
2026-09-04T11:25:26.308+00:00,B_sell_A_buy,11.6338,5.7338,4467.0,4467.1,26.3374,16.9249,4472.3,4472.57,1.0036,2.2175,0.0000062500,0.0007000000,0.1,1945.8
2026-09-04T11:25:26.576+00:00,B_sell_A_buy,11.6338,5.7338,4467.0,4467.1,26.3374,16.9249,4472.3,4472.57,1.0036,2.247,0.0000062500,0.0007000000,268.2,0.1
2026-09-04T11:25:26.843+00:00,B_sell_A_buy,11.6338,5.7338,4467.0,4467.1,26.3374,16.9249,4472.3,4472.57,1.0036,2.2175,0.0000062500,0.0007000000,535.1,0.1
2026-09-04T11:25:27.270+00:00,B_sell_A_buy,11.6338,5.7338,4467.0,4467.1,26.3374,16.9249,4472.3,4472.57,1.0036,2.0,0.0000062500,0.0007000000,961.9,0.1
2026-09-04T11:25:27.285+00:00,B_sell_A_buy,11.6338,5.7338,4467.0,4467.1,26.3374,16.9249,4472.3,4472.58,1.0036,2.1118,0.0000062500,0.0007000000,977.2,0.1
2026-09-04T11:25:27.500+00:00,B_sell_A_buy,11.6338,5.7338,4467.0,4467.1,26.3374,16.9249,4472.3,4472.57,1.0036,0.0319,0.0000062500,0.0007000000,1192.6,0.1
2026-09-04T11:25:27.519+00:00,B_sell_A_buy,11.6338,5.7338,4467.0,4467.1,26.3374,16.9249,4472.3,4472.57,1.0036,2.0319,0.0000062500,0.0007000000,1210.8,0.1
2026-09-04T11:25:27.716+00:00,B_sell_A_buy,11.6338,5.7338,4467.0,4467.1,26.3374,16.5518,4472.3,4472.57,1.0036,2.0319,0.0000062500,0.0007000000,0.1,197.9
2026-09-04T11:25:27.836+00:00,B_sell_A_buy,11.6338,5.7338,4467.0,4467.1,26.3374,16.5518,4472.3,4472.57,1.9079,2.0319,0.0000062500,0.0007000000,119.4,0.1
2026-09-04T11:25:27.836+00:00,B_sell_A_buy,11.6338,5.7338,4467.0,4467.1,26.3374,16.5518,4472.3,4472.57,1.0036,2.0319,0.0000062500,0.0007000000,119.5,0.1
2026-09-04T11:25:28.548+00:00,B_sell_A_buy,11.6338,5.7338,4467.0,4467.1,26.3374,16.5518,4472.3,4472.57,1.0036,2.0,0.0000062500,0.0007000000,832.2,0.1
2026-09-04T11:25:28.558+00:00,B_sell_A_buy,11.6338,5.7338,4467.0,4467.1,26.3374,16.5518,4472.3,4472.58,1.0036,2.1437,0.0000062500,0.0007000000,841.5,0.0
2026-09-04T11:25:30.261+00:00,B_sell_A_buy,11.6338,5.7338,4467.0,4467.1,26.3374,11.3676,4472.3,4472.57,1.0036,2.0319,0.0000062500,0.0007000000,0.1,478.4
2026-09-04T11:25:30.799+00:00,B_sell_A_buy,11.6338,5.7338,4467.0,4467.1,26.3374,13.9855,4472.3,4472.57,1.0036,2.0319,0.0000062500,0.0007000000,0.1,1016.5
2026-09-04T11:25:30.894+00:00,B_sell_A_buy,11.6338,5.7338,4467.0,4467.1,26.3374,13.7616,4472.3,4472.57,1.0036,2.0319,0.0000062500,0.0007000000,0.1,1111.8
2026-09-04T11:25:31.069+00:00,B_sell_A_buy,11.6338,5.7338,4467.0,4467.1,26.5613,13.7616,4472.3,4472.57,1.0036,2.0319,0.0000062500,0.0007000000,0.1,1287.1
2026-09-04T11:25:31.100+00:00,B_sell_A_buy,11.6338,5.7338,4467.0,4467.1,26.5613,13.7616,4472.3,4472.49,1.0036,0.1888,0.0000062500,0.0007000000,30.2,0.0
2026-09-04T11:25:31.121+00:00,B_sell_A_buy,11.6338,5.7338,4467.0,4467.1,26.5613,13.7616,4472.3,4472.49,1.0036,2.1888,0.0000062500,0.0007000000,51.2,0.0
2026-09-04T11:25:31.229+00:00,B_sell_A_buy,11.6338,5.7338,4467.0,4467.1,26.5613,13.9855,4472.3,4472.49,1.0036,2.1888,0.0000062500,0.0007000000,0.0,108.6
2026-09-04T11:25:31.444+00:00,B_sell_A_buy,11.6338,5.7338,4467.0,4467.1,26.3374,13.9855,4472.3,4472.49,1.0036,2.1888,0.0000062500,0.0007000000,0.1,324.0
2026-09-04T11:25:31.777+00:00,B_sell_A_buy,11.6338,5.7338,4467.0,4467.1,26.3374,13.9855,4472.3,4472.49,1.0036,2.1864,0.0000062500,0.0007000000,332.7,0.1
2026-09-04T11:25:32.863+00:00,B_sell_A_buy,11.6338,5.7338,4467.0,4467.1,26.3374,15.7763,4472.3,4472.49,1.0036,2.1864,0.0000062500,0.0007000000,0.1,1086.0
2026-09-04T11:25:33.124+00:00,B_sell_A_buy,11.6338,5.7338,4467.0,4467.1,26.3374,16.1494,4472.3,4472.49,1.0036,2.1864,0.0000062500,0.0007000000,0.1,1347.4
2026-09-04T11:25:33.163+00:00,B_sell_A_buy,11.0523,5.1523,4467.0,4467.1,26.3374,16.1494,4472.04,4472.49,0.0787,2.1864,0.0000062500,0.0007000000,39.1,0.1
2026-09-04T11:25:33.192+00:00,B_sell_A_buy,11.0970,5.1970,4467.0,4467.1,26.3374,16.1494,4472.06,4472.49,1.0036,2.1864,0.0000062500,0.0007000000,67.9,0.1
2026-09-04T11:25:33.196+00:00,B_sell_A_buy,11.0970,5.1970,4467.0,4467.1,26.3374,16.1494,4472.06,4472.48,1.0036,0.1166,0.0000062500,0.0007000000,71.7,0.1
2026-09-04T11:25:33.213+00:00,B_sell_A_buy,11.0970,5.1970,4467.0,4467.1,26.3374,16.1494,4472.06,4472.48,1.0036,2.1166,0.0000062500,0.0007000000,89.6,0.0
2026-09-04T11:25:33.302+00:00,B_sell_A_buy,11.0971,5.1971,4467.0,4467.1,26.3374,16.1494,4472.06,4472.32,1.301,0.068,0.0000062500,0.0007000000,177.5,0.1
2026-09-04T11:25:33.310+00:00,B_sell_A_buy,11.0971,5.1971,4467.0,4467.1,26.3374,16.1494,4472.06,4472.32,1.301,2.068,0.0000062500,0.0007000000,185.6,0.0
2026-09-04T11:25:33.531+00:00,B_sell_A_buy,11.0971,5.1971,4467.0,4467.1,2.1608,18.9661,4472.06,4472.32,1.301,2.068,0.0000062500,0.0007000000,0.1,220.8
2026-09-04T11:25:33.674+00:00,B_sell_A_buy,11.0971,5.1971,4467.0,4467.1,2.1608,16.1494,4472.06,4472.32,1.301,2.068,0.0000062500,0.0007000000,0.1,363.9
2026-09-04T11:25:34.596+00:00,B_sell_A_buy,11.0971,5.1971,4467.0,4467.1,2.0808,16.1494,4472.06,4472.32,1.301,2.068,0.0000062500,0.0007000000,0.1,1285.8
2026-09-04T11:25:35.169+00:00,B_sell_A_buy,11.0971,5.1971,4467.0,4467.1,2.0808,16.1494,4472.06,4472.32,1.0036,2.068,0.0000062500,0.0007000000,573.8,0.1
2026-09-04T11:25:35.195+00:00,B_sell_A_buy,11.0972,5.1972,4467.0,4467.1,2.0808,16.1494,4472.06,4472.29,1.0036,0.0197,0.0000062500,0.0007000000,599.3,0.1
2026-09-04T11:25:35.198+00:00,B_sell_A_buy,10.7840,4.8840,4467.0,4467.1,2.0808,16.1494,4471.92,4472.29,1.8586,0.0197,0.0000062500,0.0007000000,602.6,0.0
2026-09-04T11:25:35.203+00:00,B_sell_A_buy,10.6051,4.7051,4467.0,4467.1,2.0808,16.1494,4471.84,4472.29,0.2007,0.0197,0.0000062500,0.0007000000,606.9,0.0
2026-09-04T11:25:35.214+00:00,B_sell_A_buy,10.6051,4.7051,4467.0,4467.1,2.0808,16.1494,4471.84,4472.29,0.2007,2.0197,0.0000062500,0.0007000000,618.2,0.0
2026-09-04T11:25:35.235+00:00,B_sell_A_buy,10.6274,4.7274,4467.0,4467.1,2.0808,16.1494,4471.85,4472.29,1.0036,2.0197,0.0000062500,0.0007000000,639.7,0.0
2026-09-04T11:25:35.251+00:00,B_sell_A_buy,10.6275,4.7275,4467.0,4467.1,2.0808,16.1494,4471.85,4472.28,1.0036,0.78,0.0000062500,0.0007000000,655.6,0.0
2026-09-04T11:25:35.268+00:00,B_sell_A_buy,10.6275,4.7275,4467.0,4467.1,2.0808,16.1494,4471.85,4472.28,1.0036,2.78,0.0000062500,0.0007000000,672.8,0.0
2026-09-04T11:25:35.710+00:00,B_sell_A_buy,10.6275,4.7275,4467.0,4467.1,2.0808,16.1494,4471.85,4472.13,1.0036,0.0244,0.0000062500,0.0007000000,1114.7,0.1
2026-09-04T11:25:35.735+00:00,B_sell_A_buy,10.6275,4.7275,4467.0,4467.1,2.0808,16.1494,4471.85,4472.12,1.0036,0.1118,0.0000062500,0.0007000000,1139.3,0.1
2026-09-04T11:25:35.776+00:00,B_sell_A_buy,10.6275,4.7275,4467.0,4467.1,2.0808,16.1494,4471.85,4472.12,1.0036,2.1118,0.0000062500,0.0007000000,1180.2,0.1
2026-09-04T11:25:35.804+00:00,B_sell_A_buy,10.6275,4.7275,4467.0,4467.1,0.2719,23.8306,4471.85,4472.12,1.0036,2.1118,0.0000062500,0.0007000000,0.1,28.0
2026-09-04T11:25:35.822+00:00,B_sell_A_buy,10.6275,4.7275,4467.0,4467.1,0.1438,23.8306,4471.85,4472.12,1.0036,2.1118,0.0000062500,0.0007000000,0.1,47.2
2026-09-04T11:25:35.947+00:00,B_sell_A_buy,10.6276,4.7276,4467.0,4467.1,0.1438,23.8306,4471.85,4472.11,1.0036,0.3422,0.0000062500,0.0007000000,124.0,0.1
2026-09-04T11:25:35.950+00:00,B_sell_A_buy,10.6275,4.7275,4467.0,4467.1,0.1438,23.8306,4471.85,4472.12,1.0036,2.1118,0.0000062500,0.0007000000,127.1,0.1
2026-09-04T11:25:35.964+00:00,B_sell_A_buy,10.6276,4.7276,4467.0,4467.1,0.1438,23.8306,4471.85,4472.11,1.0036,2.0,0.0000062500,0.0007000000,141.3,0.0
2026-09-04T11:25:36.009+00:00,B_sell_A_buy,10.6276,4.7276,4467.0,4467.1,0.1438,23.8122,4471.85,4472.11,1.0036,2.0,0.0000062500,0.0007000000,0.1,45.1
2026-09-04T11:25:36.160+00:00,B_sell_A_buy,10.6276,4.7276,4467.0,4467.1,0.1438,23.4391,4471.85,4472.11,1.0036,2.0,0.0000062500,0.0007000000,0.1,196.6
2026-09-04T11:25:36.232+00:00,B_sell_A_buy,10.6276,4.7276,4467.0,4467.1,0.1438,23.4391,4471.85,4472.08,1.0036,0.0253,0.0000062500,0.0007000000,71.5,0.1
2026-09-04T11:25:36.412+00:00,B_sell_A_buy,10.6276,4.7276,4467.0,4467.1,0.1438,23.4891,4471.85,4472.08,1.0036,0.0253,0.0000062500,0.0007000000,0.1,180.1
2026-09-04T11:25:36.755+00:00,B_sell_A_buy,10.6276,4.7276,4467.0,4467.1,0.1438,23.4891,4471.85,4472.08,1.0036,0.0269,0.0000062500,0.0007000000,343.1,0.1
2026-09-04T11:25:36.968+00:00,B_sell_A_buy,10.6276,4.7276,4467.0,4467.1,0.1438,23.4891,4471.85,4472.08,1.0036,2.0269,0.0000062500,0.0007000000,556.4,0.1
2026-09-04T11:25:37.264+00:00,B_sell_A_buy,10.6276,4.7276,4467.0,4467.1,0.1438,23.4891,4471.85,4472.08,1.0036,2.026,0.0000062500,0.0007000000,852.1,0.1
2026-09-04T11:25:37.823+00:00,B_sell_A_buy,10.6276,4.7276,4467.0,4467.1,0.1438,23.4891,4471.85,4472.08,1.0036,2.0268,0.0000062500,0.0007000000,1411.4,0.1
2026-09-04T11:25:41.579+00:00,B_sell_A_buy,10.7841,4.8841,4467.0,4467.1,1.034,19.6583,4471.92,4472.17,1.0036,0.1118,0.0000062500,0.0007000000,0.1,259.2
2026-09-04T11:25:41.722+00:00,B_sell_A_buy,10.7841,4.8841,4467.0,4467.1,2.8248,16.3005,4471.92,4472.17,1.0036,0.1118,0.0000062500,0.0007000000,0.1,401.8
2026-09-04T11:25:41.783+00:00,B_sell_A_buy,10.7841,4.8841,4467.0,4467.1,2.8248,16.2782,4471.92,4472.17,1.0036,0.1118,0.0000062500,0.0007000000,0.0,462.9
2026-09-04T11:25:41.852+00:00,B_sell_A_buy,10.7841,4.8841,4467.0,4467.1,2.8248,16.1388,4471.92,4472.17,1.0036,0.1118,0.0000062500,0.0007000000,0.0,531.3
2026-09-04T11:25:42.044+00:00,B_sell_A_buy,10.7841,4.8841,4467.0,4467.1,2.8248,16.5119,4471.92,4472.17,1.0036,0.1118,0.0000062500,0.0007000000,0.1,723.8
2026-09-04T11:25:42.324+00:00,B_sell_A_buy,10.7841,4.8841,4467.0,4467.1,2.8248,16.5119,4471.92,4472.17,1.0036,2.1118,0.0000062500,0.0007000000,280.1,0.1
2026-09-04T11:25:42.696+00:00,B_sell_A_buy,10.7841,4.8841,4467.0,4467.1,2.8248,16.5119,4471.92,4472.17,1.8941,2.1118,0.0000062500,0.0007000000,652.2,0.1
2026-09-04T11:25:42.751+00:00,B_sell_A_buy,10.8065,4.9065,4467.0,4467.1,2.8248,16.5119,4471.93,4472.17,0.0412,2.1118,0.0000062500,0.0007000000,706.9,0.1
2026-09-04T11:25:42.772+00:00,B_sell_A_buy,10.8065,4.9065,4467.0,4467.1,2.8248,16.5119,4471.93,4472.17,0.0412,0.1118,0.0000062500,0.0007000000,727.6,0.1
2026-09-04T11:25:42.784+00:00,B_sell_A_buy,10.8064,4.9064,4467.0,4467.1,2.8248,16.5119,4471.93,4472.23,0.0412,0.0395,0.0000062500,0.0007000000,739.9,0.1
2026-09-04T11:25:42.799+00:00,B_sell_A_buy,10.8512,4.9512,4467.0,4467.1,2.8248,16.5119,4471.95,4472.23,1.0036,0.0395,0.0000062500,0.0007000000,754.4,0.0
2026-09-04T11:25:42.799+00:00,B_sell_A_buy,10.8512,4.9512,4467.0,4467.1,2.8248,16.5119,4471.95,4472.23,1.0036,2.0395,0.0000062500,0.0007000000,754.5,0.1
2026-09-04T11:25:42.805+00:00,B_sell_A_buy,10.8512,4.9512,4467.0,4467.1,2.8248,16.5119,4471.95,4472.23,1.0036,2.1513,0.0000062500,0.0007000000,760.3,0.0
2026-09-04T11:25:42.810+00:00,B_sell_A_buy,10.8512,4.9512,4467.0,4467.1,2.8248,16.5119,4471.95,4472.23,1.0036,0.1513,0.0000062500,0.0007000000,766.2,0.0
2026-09-04T11:25:42.814+00:00,B_sell_A_buy,10.8512,4.9512,4467.0,4467.1,2.8248,16.5119,4471.95,4472.23,1.0036,0.1118,0.0000062500,0.0007000000,769.5,0.0
2026-09-04T11:25:42.855+00:00,B_sell_A_buy,10.8735,4.9735,4467.0,4467.1,2.8248,16.5119,4471.96,4472.23,0.0241,0.1118,0.0000062500,0.0007000000,811.0,0.0
2026-09-04T11:25:42.871+00:00,B_sell_A_buy,10.8735,4.9735,4467.0,4467.1,2.8248,16.5119,4471.96,4472.23,0.0241,2.1118,0.0000062500,0.0007000000,826.6,0.0
2026-09-04T11:25:42.871+00:00,B_sell_A_buy,10.8512,4.9512,4467.0,4467.1,2.8248,16.5119,4471.95,4472.23,1.0036,2.1118,0.0000062500,0.0007000000,826.7,0.1
2026-09-04T11:25:42.986+00:00,B_sell_A_buy,10.8512,4.9512,4467.0,4467.1,2.8248,16.5119,4471.95,4472.23,1.9952,2.1118,0.0000062500,0.0007000000,942.1,0.0
2026-09-04T11:25:43.004+00:00,B_sell_A_buy,10.8512,4.9512,4467.0,4467.1,2.8248,16.5119,4471.95,4472.23,1.0036,2.1118,0.0000062500,0.0007000000,960.0,0.0
2026-09-04T11:25:45.983+00:00,B_sell_A_buy,10.8512,4.9512,4467.0,4467.1,2.8248,16.1388,4471.95,4472.23,1.0036,2.1118,0.0000062500,0.0007000000,0.1,344.2
2026-09-04T11:25:46.831+00:00,B_sell_A_buy,10.8512,4.9512,4467.0,4467.1,2.8248,16.1388,4471.95,4472.23,1.0002,2.1118,0.0000062500,0.0007000000,848.2,0.1
2026-09-04T11:25:47.015+00:00,B_sell_A_buy,10.8512,4.9512,4467.0,4467.1,2.8248,20.3612,4471.95,4472.23,1.0002,2.1118,0.0000062500,0.0007000000,0.1,182.9
2026-09-04T11:25:47.160+00:00,B_sell_A_buy,10.8512,4.9512,4467.0,4467.1,2.8248,20.7343,4471.95,4472.23,1.0002,2.1118,0.0000062500,0.0007000000,0.1,328.2
2026-09-04T11:25:47.700+00:00,B_sell_A_buy,10.8735,4.9735,4467.0,4467.1,2.8248,20.7343,4471.96,4472.23,0.077,2.1118,0.0000062500,0.0007000000,539.8,0.1
2026-09-04T11:25:47.750+00:00,B_sell_A_buy,10.8735,4.9735,4467.0,4467.1,2.8248,20.7343,4471.96,4472.23,1.0657,2.1118,0.0000062500,0.0007000000,590.1,0.1
2026-09-04T11:25:47.801+00:00,B_sell_A_buy,10.8959,4.9959,4467.0,4467.1,2.8248,20.7343,4471.97,4472.23,1.0002,2.1118,0.0000062500,0.0007000000,641.1,0.1
2026-09-04T11:25:48.043+00:00,B_sell_A_buy,10.8959,4.9959,4467.0,4467.1,2.8248,20.3612,4471.97,4472.23,1.0002,2.1118,0.0000062500,0.0007000000,0.1,242.3
2026-09-04T11:25:48.050+00:00,B_sell_A_buy,10.8959,4.9959,4467.0,4467.1,2.8248,16.1388,4471.97,4472.23,1.0002,2.1118,0.0000062500,0.0007000000,0.0,249.7
2026-09-04T11:25:49.105+00:00,B_sell_A_buy,10.8959,4.9959,4467.0,4467.1,2.8248,16.5119,4471.97,4472.23,1.0002,2.1118,0.0000062500,0.0007000000,0.1,1304.3
2026-09-04T11:25:49.954+00:00,B_sell_A_buy,10.9183,5.0183,4467.0,4467.1,2.8248,16.5119,4471.98,4472.23,0.0719,2.1118,0.0000062500,0.0007000000,849.2,0.1
2026-09-04T11:25:50.006+00:00,B_sell_A_buy,10.9183,5.0183,4467.0,4467.1,2.8248,16.5119,4471.98,4472.23,0.948,2.1118,0.0000062500,0.0007000000,901.1,0.0
2026-09-04T11:25:50.411+00:00,B_sell_A_buy,10.9183,5.0183,4467.0,4467.1,2.8248,16.5119,4471.98,4472.23,0.8761,2.1118,0.0000062500,0.0007000000,1306.1,0.1
2026-09-04T11:25:51.060+00:00,B_sell_A_buy,10.8959,4.9959,4467.0,4467.1,2.8248,16.5119,4471.97,4472.23,1.0002,2.1118,0.0000062500,0.0007000000,1955.9,0.1
2026-09-04T11:25:51.408+00:00,B_sell_A_buy,10.8959,4.9959,4467.0,4467.1,2.8248,16.1388,4471.97,4472.23,1.0002,2.1118,0.0000062500,0.0007000000,0.1,347.0
2026-09-04T11:25:52.152+00:00,B_sell_A_buy,10.8959,4.9959,4467.0,4467.1,2.8248,16.5119,4471.97,4472.23,1.0002,2.1118,0.0000062500,0.0007000000,0.1,1091.0
2026-09-04T11:25:57.110+00:00,B_sell_A_buy,10.8959,4.9959,4467.0,4467.1,2.491,16.5119,4471.97,4472.23,1.0002,0.1118,0.0000062500,0.0007000000,254.1,0.1
2026-09-04T11:25:57.992+00:00,B_sell_A_buy,10.8959,4.9959,4467.0,4467.1,2.491,19.3761,4471.97,4472.23,1.0002,0.1118,0.0000062500,0.0007000000,0.1,882.0
2026-09-04T11:25:58.092+00:00,B_sell_A_buy,10.8959,4.9959,4467.0,4467.1,2.491,16.5119,4471.97,4472.23,1.0002,0.1118,0.0000062500,0.0007000000,0.1,981.9
2026-09-04T11:25:58.149+00:00,B_sell_A_buy,10.8959,4.9959,4467.0,4467.1,2.491,16.5119,4471.97,4472.23,1.0002,2.1118,0.0000062500,0.0007000000,57.6,0.1
2026-09-04T11:25:59.306+00:00,B_sell_A_buy,10.9183,5.0183,4467.0,4467.1,2.491,16.5119,4471.98,4472.23,0.0801,2.1118,0.0000062500,0.0007000000,1214.8,0.1
2026-09-04T11:26:01.069+00:00,B_sell_A_buy,11.2314,5.3314,4467.0,4467.1,2.491,16.1388,4472.12,4472.27,3.2354,0.1118,0.0000062500,0.0007000000,0.0,66.7
2026-09-04T11:26:01.113+00:00,B_sell_A_buy,11.2314,5.3314,4467.0,4467.1,2.491,13.5209,4472.12,4472.27,3.2354,0.1118,0.0000062500,0.0007000000,0.0,110.1
2026-09-04T11:26:01.147+00:00,B_sell_A_buy,11.2314,5.3314,4467.0,4467.1,2.491,13.5209,4472.12,4472.27,3.2354,2.1118,0.0000062500,0.0007000000,34.9,0.0
2026-09-04T11:26:01.160+00:00,B_sell_A_buy,11.2314,5.3314,4467.0,4467.1,2.491,13.5209,4472.12,4472.27,3.2354,0.1118,0.0000062500,0.0007000000,47.2,0.0
2026-09-04T11:26:01.546+00:00,B_sell_A_buy,11.2314,5.3314,4467.0,4467.1,2.8126,13.894,4472.12,4472.27,3.2354,0.1118,0.0000062500,0.0007000000,0.1,386.5
2026-09-04T11:26:01.752+00:00,B_sell_A_buy,11.2314,5.3314,4467.0,4467.1,3.7075,13.894,4472.12,4472.27,3.2354,0.1118,0.0000062500,0.0007000000,0.1,592.5
2026-09-04T11:26:01.797+00:00,B_sell_A_buy,11.2314,5.3314,4467.0,4467.1,3.7075,13.894,4472.12,4472.27,3.2354,0.1094,0.0000062500,0.0007000000,44.8,0.1
2026-09-04T11:26:01.797+00:00,B_sell_A_buy,11.2313,5.3313,4467.0,4467.1,3.7075,13.894,4472.12,4472.36,3.2354,0.0585,0.0000062500,0.0007000000,44.9,0.2
2026-09-04T11:26:01.797+00:00,B_sell_A_buy,11.3655,5.4655,4467.0,4467.1,3.7075,13.894,4472.18,4472.36,1.0036,0.0585,0.0000062500,0.0007000000,45.0,0.2
2026-09-04T11:26:01.827+00:00,B_sell_A_buy,11.3655,5.4655,4467.0,4467.1,3.7075,13.5209,4472.18,4472.36,1.0036,0.0585,0.0000062500,0.0007000000,0.0,30.0
2026-09-04T11:26:02.073+00:00,B_sell_A_buy,11.3655,5.4655,4467.0,4467.1,6.2436,13.3984,4472.18,4472.36,1.0036,0.0585,0.0000062500,0.0007000000,0.1,276.3
2026-09-04T11:26:02.170+00:00,B_sell_A_buy,11.3655,5.4655,4467.0,4467.1,7.0833,13.1745,4472.18,4472.36,1.0036,0.0585,0.0000062500,0.0007000000,0.1,373.4
2026-09-04T11:26:02.219+00:00,B_sell_A_buy,11.3879,5.4879,4467.0,4467.1,7.0833,13.1745,4472.19,4472.38,0.0789,0.1094,0.0000062500,0.0007000000,48.4,0.1
2026-09-04T11:26:02.234+00:00,B_sell_A_buy,11.4102,5.5102,4467.0,4467.1,7.0833,13.1745,4472.2,4472.38,1.0036,0.1094,0.0000062500,0.0007000000,64.2,0.1
2026-09-04T11:26:02.252+00:00,B_sell_A_buy,11.4326,5.5326,4467.0,4467.1,7.0833,13.1745,4472.21,4472.38,0.0416,0.1094,0.0000062500,0.0007000000,82.6,0.0
2026-09-04T11:26:02.305+00:00,B_sell_A_buy,11.4326,5.5326,4467.0,4467.1,7.0833,13.1745,4472.21,4472.38,0.8809,0.1094,0.0000062500,0.0007000000,134.4,0.1
2026-09-04T11:26:02.585+00:00,B_sell_A_buy,11.4326,5.5326,4467.0,4467.1,7.0833,13.1745,4472.21,4472.38,0.0416,0.1094,0.0000062500,0.0007000000,414.5,0.1
2026-09-04T11:26:02.585+00:00,B_sell_A_buy,11.4326,5.5326,4467.0,4467.1,29.6935,11.1745,4472.21,4472.38,0.0416,0.1094,0.0000062500,0.0007000000,0.1,0.2
2026-09-04T11:26:02.596+00:00,B_sell_A_buy,11.4102,5.5102,4467.0,4467.1,29.6935,11.1745,4472.2,4472.38,1.0036,0.1094,0.0000062500,0.0007000000,11.5,0.0
2026-09-04T11:26:02.649+00:00,B_sell_A_buy,11.4326,5.5326,4467.0,4467.1,29.6935,11.1745,4472.21,4472.38,0.0491,0.1094,0.0000062500,0.0007000000,64.8,0.1
2026-09-04T11:26:02.677+00:00,B_sell_A_buy,11.7680,5.8680,4467.0,4467.1,29.6935,11.1745,4472.36,4472.48,3.2354,0.0567,0.0000062500,0.0007000000,92.9,0.1
2026-09-04T11:26:02.745+00:00,B_sell_A_buy,11.8128,5.9128,4467.0,4467.1,29.6935,11.1745,4472.38,4472.48,1.0036,0.0567,0.0000062500,0.0007000000,160.0,0.0
2026-09-04T11:26:03.152+00:00,B_sell_A_buy,11.8127,5.9127,4467.0,4467.1,29.6935,11.1745,4472.38,4472.56,1.0036,0.1094,0.0000062500,0.0007000000,567.6,0.1
2026-09-04T11:26:03.189+00:00,B_sell_A_buy,11.8127,5.9127,4467.0,4467.1,33.3942,7.3837,4472.38,4472.56,1.0036,0.1094,0.0000062500,0.0007000000,0.0,36.6
2026-09-04T11:26:03.198+00:00,B_sell_A_buy,11.8351,5.9351,4467.0,4467.1,33.3942,7.3837,4472.39,4472.56,0.0208,0.1094,0.0000062500,0.0007000000,9.5,0.0
2026-09-04T11:26:03.253+00:00,B_sell_A_buy,11.8351,5.9351,4467.0,4467.1,33.3942,7.3837,4472.39,4472.56,0.8466,0.1094,0.0000062500,0.0007000000,64.8,0.0
2026-09-04T11:26:03.336+00:00,B_sell_A_buy,11.8351,5.9351,4467.0,4467.1,33.3942,7.103,4472.39,4472.56,0.8466,0.1094,0.0000062500,0.0007000000,0.1,82.9
2026-09-04T11:26:03.516+00:00,B_sell_A_buy,11.8351,5.9351,4467.0,4467.1,33.3942,7.1141,4472.39,4472.56,0.8466,0.1094,0.0000062500,0.0007000000,0.1,263.5
2026-09-04T11:26:03.642+00:00,B_sell_A_buy,11.8351,5.9351,4467.0,4467.1,33.3942,7.1141,4472.39,4472.56,0.0208,0.1094,0.0000062500,0.0007000000,125.3,0.1
2026-09-04T11:26:03.788+00:00,B_sell_A_buy,11.8127,5.9127,4467.0,4467.1,33.3942,7.1141,4472.38,4472.56,1.0036,0.1094,0.0000062500,0.0007000000,271.2,0.1
2026-09-04T11:26:04.019+00:00,B_sell_A_buy,11.8127,5.9127,4467.0,4467.1,33.3942,7.103,4472.38,4472.56,1.0036,0.1094,0.0000062500,0.0007000000,0.1,230.5
2026-09-04T11:26:04.747+00:00,B_sell_A_buy,11.8126,5.9126,4467.0,4467.1,33.3942,7.103,4472.38,4472.66,1.0036,0.06,0.0000062500,0.0007000000,728.2,0.1
2026-09-04T11:26:04.756+00:00,B_sell_A_buy,11.8125,5.9125,4467.0,4467.1,33.3942,7.103,4472.38,4472.81,1.0036,0.0548,0.0000062500,0.0007000000,737.6,0.0
2026-09-04T11:26:04.770+00:00,B_sell_A_buy,11.8126,5.9126,4467.0,4467.1,33.3942,7.103,4472.38,4472.7,1.0036,0.1094,0.0000062500,0.0007000000,751.6,0.0
2026-09-04T11:26:04.785+00:00,B_sell_A_buy,11.8126,5.9126,4467.0,4467.1,33.3942,7.103,4472.38,4472.8,1.0036,0.1094,0.0000062500,0.0007000000,766.5,0.0
2026-09-04T11:26:04.788+00:00,B_sell_A_buy,12.1480,6.2480,4467.0,4467.1,33.3942,7.103,4472.53,4472.8,1.0036,0.1094,0.0000062500,0.0007000000,770.0,0.0
2026-09-04T11:26:04.804+00:00,B_sell_A_buy,12.1480,6.2480,4467.0,4467.1,33.3942,7.103,4472.53,4472.8,1.0036,2.1094,0.0000062500,0.0007000000,785.7,0.0
2026-09-04T11:26:05.093+00:00,B_sell_A_buy,12.1480,6.2480,4467.0,4467.1,36.2785,6.6973,4472.53,4472.8,1.0036,2.1094,0.0000062500,0.0007000000,0.1,288.8
2026-09-04T11:26:05.171+00:00,B_sell_A_buy,12.1480,6.2480,4467.0,4467.1,39.1663,6.6973,4472.53,4472.8,1.0036,2.1094,0.0000062500,0.0007000000,0.1,366.4
2026-09-04T11:26:05.566+00:00,B_sell_A_buy,12.1481,6.2481,4467.0,4467.1,39.1663,6.6973,4472.53,4472.72,1.0036,2.8847,0.0000062500,0.0007000000,395.7,0.1
2026-09-04T11:26:05.636+00:00,B_sell_A_buy,12.1481,6.2481,4467.0,4467.1,39.1663,6.6973,4472.53,4472.71,1.0036,0.1094,0.0000062500,0.0007000000,465.8,0.1
2026-09-04T11:26:05.655+00:00,B_sell_A_buy,12.1481,6.2481,4467.0,4467.1,39.1663,6.6973,4472.53,4472.71,1.0036,2.1094,0.0000062500,0.0007000000,485.1,0.0
2026-09-04T11:26:06.007+00:00,B_sell_A_buy,12.1481,6.2481,4467.0,4467.1,39.1663,6.6807,4472.53,4472.71,1.0036,2.1094,0.0000062500,0.0007000000,0.0,351.6
2026-09-04T11:26:06.701+00:00,B_sell_A_buy,12.1481,6.2481,4467.0,4467.1,39.1663,6.6807,4472.53,4472.7,1.0036,1.9003,0.0000062500,0.0007000000,693.6,0.1
2026-09-04T11:26:06.716+00:00,B_sell_A_buy,12.1481,6.2481,4467.0,4467.1,39.1663,6.6807,4472.53,4472.7,1.0036,3.9003,0.0000062500,0.0007000000,708.6,0.0
2026-09-04T11:26:06.762+00:00,B_sell_A_buy,12.1481,6.2481,4467.0,4467.1,39.1663,8.6807,4472.53,4472.7,1.0036,3.9003,0.0000062500,0.0007000000,0.1,46.7
2026-09-04T11:26:07.142+00:00,B_sell_A_buy,12.1481,6.2481,4467.0,4467.1,36.655,8.6807,4472.53,4472.7,1.0036,3.9003,0.0000062500,0.0007000000,0.1,426.7
2026-09-04T11:26:07.150+00:00,B_sell_A_buy,12.1482,6.2482,4467.0,4467.1,36.655,8.6807,4472.53,4472.58,1.0036,0.8756,0.0000062500,0.0007000000,7.9,0.1
2026-09-04T11:26:07.161+00:00,B_sell_A_buy,12.1482,6.2482,4467.0,4467.1,33.6181,8.6807,4472.53,4472.58,1.0036,0.8756,0.0000062500,0.0007000000,0.0,11.1
2026-09-04T11:26:07.169+00:00,B_sell_A_buy,12.1482,6.2482,4467.0,4467.1,33.6181,8.6807,4472.53,4472.58,1.0036,2.8756,0.0000062500,0.0007000000,8.3,0.1
2026-09-04T11:26:07.335+00:00,B_sell_A_buy,12.1482,6.2482,4467.0,4467.1,33.6181,10.6807,4472.53,4472.58,1.0036,2.8756,0.0000062500,0.0007000000,0.1,165.5
2026-09-04T11:26:07.461+00:00,B_sell_A_buy,12.1482,6.2482,4467.0,4467.1,33.3942,10.6807,4472.53,4472.58,1.0036,2.8756,0.0000062500,0.0007000000,0.1,292.5
2026-09-04T11:26:08.108+00:00,B_sell_A_buy,12.1482,6.2482,4467.0,4467.1,33.3942,8.6807,4472.53,4472.58,1.0036,2.8756,0.0000062500,0.0007000000,0.1,939.2
2026-09-04T11:26:08.547+00:00,B_sell_A_buy,12.1482,6.2482,4467.0,4467.1,33.3942,10.6807,4472.53,4472.58,1.0036,2.8756,0.0000062500,0.0007000000,0.1,1377.8
2026-09-04T11:26:09.062+00:00,B_sell_A_buy,12.1482,6.2482,4467.0,4467.1,33.3942,10.6807,4472.53,4472.58,1.0036,2.0,0.0000062500,0.0007000000,515.9,0.1
2026-09-04T11:26:09.080+00:00,B_sell_A_buy,12.1482,6.2482,4467.0,4467.1,33.3942,10.6807,4472.53,4472.63,1.0036,2.1094,0.0000062500,0.0007000000,532.5,0.1
2026-09-04T11:26:09.484+00:00,B_sell_A_buy,12.1482,6.2482,4467.0,4467.1,33.3942,8.6807,4472.53,4472.63,1.0036,2.1094,0.0000062500,0.0007000000,0.1,404.8
2026-09-04T11:26:11.200+00:00,B_sell_A_buy,12.1482,6.2482,4467.0,4467.1,33.3942,8.6807,4472.53,4472.62,1.0036,3.3243,0.0000062500,0.0007000000,1716.0,0.1
2026-09-04T11:26:11.217+00:00,B_sell_A_buy,12.1482,6.2482,4467.0,4467.1,33.3942,8.6807,4472.53,4472.62,1.0036,5.3243,0.0000062500,0.0007000000,1733.7,0.0
2026-09-04T11:26:11.350+00:00,B_sell_A_buy,12.1482,6.2482,4467.0,4467.1,33.3942,10.6807,4472.53,4472.62,1.0036,5.3243,0.0000062500,0.0007000000,0.1,132.1
2026-09-04T11:26:11.906+00:00,B_sell_A_buy,11.8127,5.9127,4467.0,4467.1,33.3942,10.6807,4472.38,4472.62,1.0036,5.3243,0.0000062500,0.0007000000,555.9,0.1
2026-09-04T11:26:12.295+00:00,B_sell_A_buy,11.8127,5.9127,4467.0,4467.1,33.3942,10.6807,4472.38,4472.61,1.0036,0.0346,0.0000062500,0.0007000000,945.3,0.1
2026-09-04T11:26:12.313+00:00,B_sell_A_buy,11.8127,5.9127,4467.0,4467.1,33.3942,10.6807,4472.38,4472.61,1.0036,2.0346,0.0000062500,0.0007000000,963.2,0.1
2026-09-04T11:26:12.717+00:00,B_sell_A_buy,12.3047,6.4047,4467.0,4467.1,33.3942,10.6807,4472.6,4472.61,3.2354,2.0346,0.0000062500,0.0007000000,1368.0,0.1
2026-09-04T11:26:12.737+00:00,B_sell_A_buy,12.3047,6.4047,4467.0,4467.1,33.3942,10.6807,4472.6,4472.61,3.2354,0.0346,0.0000062500,0.0007000000,1387.4,0.1
2026-09-04T11:26:12.825+00:00,B_sell_A_buy,12.3047,6.4047,4467.0,4467.1,33.3942,10.6807,4472.6,4472.63,3.2354,0.1094,0.0000062500,0.0007000000,1474.9,0.1
2026-09-04T11:26:12.923+00:00,B_sell_A_buy,12.3271,6.4271,4467.0,4467.1,33.3942,10.6807,4472.61,4472.63,0.0404,0.1094,0.0000062500,0.0007000000,1572.8,0.1
2026-09-04T11:26:13.022+00:00,B_sell_A_buy,12.3271,6.4271,4467.0,4467.1,33.3942,8.6807,4472.61,4472.63,0.0404,0.1094,0.0000062500,0.0007000000,0.1,99.1
2026-09-04T11:26:13.129+00:00,B_sell_A_buy,12.3271,6.4271,4467.0,4467.1,33.3942,6.6807,4472.61,4472.63,0.0404,0.1094,0.0000062500,0.0007000000,0.1,205.9
2026-09-04T11:26:13.154+00:00,B_sell_A_buy,12.3271,6.4271,4467.0,4467.1,38.655,6.6807,4472.61,4472.63,0.0404,0.1094,0.0000062500,0.0007000000,0.0,232.2
2026-09-04T11:26:13.460+00:00,B_sell_A_buy,12.3271,6.4271,4467.0,4467.1,38.655,6.6807,4472.61,4472.63,0.9086,0.1094,0.0000062500,0.0007000000,305.0,0.1
2026-09-04T11:26:13.468+00:00,B_sell_A_buy,12.3269,6.4269,4467.0,4467.1,38.655,6.6807,4472.61,4472.84,0.9086,0.0727,0.0000062500,0.0007000000,313.2,0.1
2026-09-04T11:26:13.486+00:00,B_sell_A_buy,12.3270,6.4270,4467.0,4467.1,38.655,6.6807,4472.61,4472.77,0.9086,0.1094,0.0000062500,0.0007000000,331.1,0.1
2026-09-04T11:26:13.503+00:00,B_sell_A_buy,12.3493,6.4493,4467.0,4467.1,38.655,6.6807,4472.62,4472.77,0.0663,0.1094,0.0000062500,0.0007000000,349.3,0.1
2026-09-04T11:26:13.526+00:00,B_sell_A_buy,12.3493,6.4493,4467.0,4467.1,40.655,6.6807,4472.62,4472.77,0.0663,0.1094,0.0000062500,0.0007000000,0.0,22.3
2026-09-04T11:26:13.551+00:00,B_sell_A_buy,12.3493,6.4493,4467.0,4467.1,40.655,6.6807,4472.62,4472.77,0.9716,0.1094,0.0000062500,0.0007000000,24.4,0.1
2026-09-04T11:26:13.603+00:00,B_sell_A_buy,12.6625,6.7625,4467.0,4467.1,40.655,6.6807,4472.76,4472.77,0.0338,0.1094,0.0000062500,0.0007000000,77.1,0.1
2026-09-04T11:26:13.622+00:00,B_sell_A_buy,12.3493,6.4493,4467.0,4467.1,40.655,6.6807,4472.62,4472.77,0.9716,0.1094,0.0000062500,0.0007000000,96.2,0.0
2026-09-04T11:26:13.792+00:00,B_sell_A_buy,12.3493,6.4493,4467.0,4467.1,43.256,6.6807,4472.62,4472.77,0.9716,0.1094,0.0000062500,0.0007000000,0.1,169.3
2026-09-04T11:26:13.987+00:00,B_sell_A_buy,12.3493,6.4493,4467.0,4467.1,43.629,6.6807,4472.62,4472.77,0.9716,0.1094,0.0000062500,0.0007000000,0.1,364.2
2026-09-04T11:26:14.300+00:00,B_sell_A_buy,12.3270,6.4270,4467.0,4467.1,43.629,6.6807,4472.61,4472.77,0.0404,0.1094,0.0000062500,0.0007000000,314.8,0.1
2026-09-04T11:26:14.300+00:00,B_sell_A_buy,12.6177,6.7177,4467.0,4467.1,43.629,6.6807,4472.74,4472.77,0.0329,0.1094,0.0000062500,0.0007000000,314.9,0.2
2026-09-04T11:26:14.300+00:00,B_sell_A_buy,12.3046,6.4046,4467.0,4467.1,43.629,6.6807,4472.6,4472.77,3.2354,0.1094,0.0000062500,0.0007000000,314.9,0.2
2026-09-04T11:26:14.319+00:00,B_sell_A_buy,12.2823,6.3823,4467.0,4467.1,43.629,6.6807,4472.59,4472.77,1.0036,0.1094,0.0000062500,0.0007000000,332.1,0.1
2026-09-04T11:26:14.322+00:00,B_sell_A_buy,12.3493,6.4493,4467.0,4467.1,43.629,6.6807,4472.62,4472.77,1.0036,0.1094,0.0000062500,0.0007000000,336.1,0.0
2026-09-04T11:26:14.363+00:00,B_sell_A_buy,11.8126,5.9126,4467.0,4467.1,43.629,6.6807,4472.38,4472.77,1.0036,0.1094,0.0000062500,0.0007000000,376.6,0.1
2026-09-04T11:26:14.382+00:00,B_sell_A_buy,11.9468,6.0468,4467.0,4467.1,43.629,6.6807,4472.44,4472.7,0.0747,1.7402,0.0000062500,0.0007000000,395.8,0.0
2026-09-04T11:26:14.428+00:00,B_sell_A_buy,11.8126,5.9126,4467.0,4467.1,43.629,6.6807,4472.38,4472.7,1.0036,1.7402,0.0000062500,0.0007000000,441.4,0.1
2026-09-04T11:26:14.440+00:00,B_sell_A_buy,11.9915,6.0915,4467.0,4467.1,43.629,6.6807,4472.46,4472.7,1.0036,1.7402,0.0000062500,0.0007000000,452.9,0.0
2026-09-04T11:26:14.445+00:00,B_sell_A_buy,11.9916,6.0916,4467.0,4467.1,43.629,6.6807,4472.46,4472.69,1.0036,0.1094,0.0000062500,0.0007000000,458.8,0.0
2026-09-04T11:26:14.523+00:00,B_sell_A_buy,11.9916,6.0916,4467.0,4467.1,43.629,6.6807,4472.46,4472.69,1.0036,2.1094,0.0000062500,0.0007000000,537.6,0.0
2026-09-04T11:26:14.783+00:00,B_sell_A_buy,11.9916,6.0916,4467.0,4467.1,39.256,6.6807,4472.46,4472.69,1.0036,2.1094,0.0000062500,0.0007000000,0.0,259.0
2026-09-04T11:26:14.809+00:00,B_sell_A_buy,11.9916,6.0916,4467.0,4467.1,35.9952,6.6807,4472.46,4472.69,1.0036,2.1094,0.0000062500,0.0007000000,0.0,285.0
2026-09-04T11:26:14.836+00:00,B_sell_A_buy,11.9916,6.0916,4467.0,4467.1,35.9952,8.6807,4472.46,4472.69,1.0036,2.1094,0.0000062500,0.0007000000,0.0,311.6
2026-09-04T11:26:15.052+00:00,B_sell_A_buy,11.9916,6.0916,4467.0,4467.1,35.9952,8.6807,4472.46,4472.68,1.0036,2.2163,0.0000062500,0.0007000000,216.7,0.1
2026-09-04T11:26:15.060+00:00,B_sell_A_buy,11.9916,6.0916,4467.0,4467.1,35.9952,8.6807,4472.46,4472.69,1.0036,2.1094,0.0000062500,0.0007000000,224.0,0.0
2026-09-04T11:26:15.070+00:00,B_sell_A_buy,11.9916,6.0916,4467.0,4467.1,35.9952,8.6807,4472.46,4472.68,1.0036,2.0,0.0000062500,0.0007000000,233.8,0.0
2026-09-04T11:26:15.085+00:00,B_sell_A_buy,11.9916,6.0916,4467.0,4467.1,35.9952,10.4715,4472.46,4472.68,1.0036,2.0,0.0000062500,0.0007000000,0.0,15.1
2026-09-04T11:26:15.375+00:00,B_sell_A_buy,11.9916,6.0916,4467.0,4467.1,33.3942,10.4715,4472.46,4472.68,1.0036,2.0,0.0000062500,0.0007000000,0.1,305.2
2026-09-04T11:26:15.464+00:00,B_sell_A_buy,11.9916,6.0916,4467.0,4467.1,33.3942,12.4715,4472.46,4472.68,1.0036,2.0,0.0000062500,0.0007000000,0.0,394.8
2026-09-04T11:26:15.735+00:00,B_sell_A_buy,11.9917,6.0917,4467.0,4467.1,33.3942,12.4715,4472.46,4472.54,1.0036,2.3536,0.0000062500,0.0007000000,270.5,0.1
2026-09-04T11:26:15.825+00:00,B_sell_A_buy,11.4549,5.5549,4467.0,4467.1,33.3942,12.4715,4472.22,4472.54,1.6915,2.3536,0.0000062500,0.0007000000,360.9,0.0
2026-09-04T11:26:16.097+00:00,B_sell_A_buy,11.4549,5.5549,4467.0,4467.1,33.3942,12.4715,4472.22,4472.54,1.6915,4.3536,0.0000062500,0.0007000000,633.2,0.1
2026-09-04T11:26:16.250+00:00,B_sell_A_buy,11.4549,5.5549,4467.0,4467.1,27.0997,12.4715,4472.22,4472.54,1.6915,4.3536,0.0000062500,0.0007000000,0.1,152.4
2026-09-04T11:26:16.737+00:00,B_sell_A_buy,11.7456,5.8456,4467.0,4467.1,27.0997,12.4715,4472.35,4472.54,3.2354,4.3536,0.0000062500,0.0007000000,487.5,0.1
2026-09-04T11:26:16.765+00:00,B_sell_A_buy,11.7456,5.8456,4467.0,4467.1,27.0997,12.4715,4472.35,4472.54,3.2354,2.0,0.0000062500,0.0007000000,515.3,0.1
2026-09-04T11:26:16.776+00:00,B_sell_A_buy,11.7456,5.8456,4467.0,4467.1,27.0997,12.4715,4472.35,4472.58,3.2354,2.1094,0.0000062500,0.0007000000,526.3,0.0
2026-09-04T11:26:16.914+00:00,B_sell_A_buy,11.7456,5.8456,4467.0,4467.1,29.7646,12.4715,4472.35,4472.58,3.2354,2.1094,0.0000062500,0.0007000000,0.1,138.6
2026-09-04T11:26:17.016+00:00,B_sell_A_buy,11.7456,5.8456,4467.0,4467.1,29.7646,12.4715,4472.35,4472.54,3.2354,2.8867,0.0000062500,0.0007000000,102.0,0.1
2026-09-04T11:26:17.032+00:00,B_sell_A_buy,11.7456,5.8456,4467.0,4467.1,29.7646,12.4715,4472.35,4472.54,3.2354,4.8867,0.0000062500,0.0007000000,117.6,0.1
2026-09-04T11:26:17.038+00:00,B_sell_A_buy,11.7456,5.8456,4467.0,4467.1,29.7646,12.4715,4472.35,4472.54,3.2354,2.0,0.0000062500,0.0007000000,122.9,0.1
2026-09-04T11:26:17.057+00:00,B_sell_A_buy,11.7456,5.8456,4467.0,4467.1,29.7646,12.4715,4472.35,4472.58,3.2354,2.1094,0.0000062500,0.0007000000,142.1,0.1
2026-09-04T11:26:17.138+00:00,B_sell_A_buy,11.7456,5.8456,4467.0,4467.1,29.7646,12.4715,4472.35,4472.58,3.2354,2.1299,0.0000062500,0.0007000000,223.0,0.1
2026-09-04T11:26:17.506+00:00,B_sell_A_buy,11.7456,5.8456,4467.0,4467.1,27.0997,15.0045,4472.35,4472.58,3.2354,2.1299,0.0000062500,0.0007000000,0.1,369.1
2026-09-04T11:26:17.598+00:00,B_sell_A_buy,11.7456,5.8456,4467.0,4467.1,27.0997,12.4715,4472.35,4472.58,3.2354,2.1299,0.0000062500,0.0007000000,0.1,460.2
2026-09-04T11:26:17.647+00:00,B_sell_A_buy,11.7456,5.8456,4467.0,4467.1,27.0997,12.4715,4472.35,4472.58,3.2354,2.1294,0.0000062500,0.0007000000,49.7,0.1
2026-09-04T11:26:17.680+00:00,B_sell_A_buy,11.7457,5.8457,4467.0,4467.1,27.0997,12.4715,4472.35,4472.49,3.2354,3.033,0.0000062500,0.0007000000,82.4,0.1
2026-09-04T11:26:17.697+00:00,B_sell_A_buy,11.7457,5.8457,4467.0,4467.1,27.0997,12.4715,4472.35,4472.49,3.2354,5.033,0.0000062500,0.0007000000,99.3,0.0
2026-09-04T11:26:17.729+00:00,B_sell_A_buy,11.7457,5.8457,4467.0,4467.1,27.0997,12.4715,4472.35,4472.49,3.2354,2.0,0.0000062500,0.0007000000,131.1,0.0
2026-09-04T11:26:17.742+00:00,B_sell_A_buy,11.7457,5.8457,4467.0,4467.1,27.0997,12.4715,4472.35,4472.48,3.2354,0.1094,0.0000062500,0.0007000000,145.1,0.0
2026-09-04T11:26:17.760+00:00,B_sell_A_buy,11.7457,5.8457,4467.0,4467.1,27.0997,12.4715,4472.35,4472.48,3.2354,2.1094,0.0000062500,0.0007000000,162.6,0.0
2026-09-04T11:26:18.677+00:00,B_sell_A_buy,11.4549,5.5549,4467.0,4467.1,27.0997,12.4715,4472.22,4472.48,1.0036,2.1094,0.0000062500,0.0007000000,1079.2,0.1
2026-09-04T11:26:18.683+00:00,B_sell_A_buy,11.2536,5.3536,4467.0,4467.1,27.0997,12.4715,4472.13,4472.48,3.2238,2.1094,0.0000062500,0.0007000000,1085.7,0.1
2026-09-04T11:26:18.683+00:00,B_sell_A_buy,10.9852,5.0852,4467.0,4467.1,27.0997,12.4715,4472.01,4472.48,0.6879,2.1094,0.0000062500,0.0007000000,1085.8,0.1
2026-09-04T11:26:18.743+00:00,B_sell_A_buy,11.0299,5.1299,4467.0,4467.1,27.0997,12.4715,4472.03,4472.48,1.0002,2.1094,0.0000062500,0.0007000000,1145.4,0.1
2026-09-04T11:26:18.791+00:00,B_sell_A_buy,11.0300,5.1300,4467.0,4467.1,27.0997,12.4715,4472.03,4472.42,1.0002,3.2354,0.0000062500,0.0007000000,1193.5,0.0
2026-09-04T11:26:18.798+00:00,B_sell_A_buy,10.9852,5.0852,4467.0,4467.1,27.0997,12.4715,4472.01,4472.42,0.6879,3.2354,0.0000062500,0.0007000000,1200.7,0.0
2026-09-04T11:26:18.806+00:00,B_sell_A_buy,10.2471,4.3471,4467.0,4467.1,27.0997,12.4715,4471.68,4472.42,1.0036,3.2354,0.0000062500,0.0007000000,1208.6,0.0
2026-09-04T11:26:18.812+00:00,B_sell_A_buy,10.2473,4.3473,4467.0,4467.1,27.0997,12.4715,4471.68,4472.04,1.0036,1.5397,0.0000062500,0.0007000000,1214.5,0.0
2026-09-04T11:26:18.888+00:00,B_sell_A_buy,10.2473,4.3473,4467.0,4467.1,27.0997,12.4715,4471.68,4472.03,1.0036,0.1094,0.0000062500,0.0007000000,1290.0,0.0
2026-09-04T11:26:18.902+00:00,B_sell_A_buy,10.2473,4.3473,4467.0,4467.1,27.0997,12.4715,4471.68,4472.03,1.0036,1.1646,0.0000062500,0.0007000000,1304.8,0.0
2026-09-04T11:26:18.907+00:00,B_sell_A_buy,10.2473,4.3473,4467.0,4467.1,27.0997,12.4715,4471.68,4472.03,1.0036,3.1646,0.0000062500,0.0007000000,1310.7,0.0
2026-09-04T11:26:19.002+00:00,B_sell_A_buy,10.2473,4.3473,4467.0,4467.1,27.0997,12.4715,4471.68,4472.03,1.0036,2.1094,0.0000062500,0.0007000000,1405.1,0.1
2026-09-04T11:26:19.089+00:00,B_sell_A_buy,10.2473,4.3473,4467.0,4467.1,3.5521,15.0833,4471.68,4472.03,1.0036,2.1094,0.0000062500,0.0007000000,0.1,86.3
2026-09-04T11:26:19.261+00:00,B_sell_A_buy,10.2473,4.3473,4467.0,4467.1,0.31,23.3434,4471.68,4472.03,1.0036,2.1094,0.0000062500,0.0007000000,0.1,259.4
2026-09-04T11:26:19.483+00:00,B_sell_A_buy,10.2473,4.3473,4467.0,4467.1,0.1438,27.2954,4471.68,4472.03,1.0036,2.1094,0.0000062500,0.0007000000,0.1,480.4
2026-09-04T11:26:19.853+00:00,B_sell_A_buy,10.4039,4.5039,4467.0,4467.1,0.1438,27.2954,4471.75,4472.01,0.2696,1.5989,0.0000062500,0.0007000000,370.2,0.1
2026-09-04T11:26:19.870+00:00,B_sell_A_buy,10.4039,4.5039,4467.0,4467.1,0.1438,27.2954,4471.75,4472.01,0.2696,3.5989,0.0000062500,0.0007000000,387.6,0.1
2026-09-04T11:26:19.885+00:00,B_sell_A_buy,10.4487,4.5487,4467.0,4467.1,0.1438,27.2954,4471.77,4472.01,1.0036,3.5989,0.0000062500,0.0007000000,402.7,0.1
2026-09-04T11:26:19.985+00:00,B_sell_A_buy,10.4487,4.5487,4467.0,4467.1,0.1438,27.2954,4471.77,4472.01,1.0036,2.0,0.0000062500,0.0007000000,502.1,0.1
2026-09-04T11:26:20.001+00:00,B_sell_A_buy,10.4487,4.5487,4467.0,4467.1,0.1438,27.2954,4471.77,4472.03,1.0036,2.1094,0.0000062500,0.0007000000,518.7,0.1
2026-09-04T11:26:20.260+00:00,B_sell_A_buy,10.4487,4.5487,4467.0,4467.1,0.1438,26.9223,4471.77,4472.03,1.0036,2.1094,0.0000062500,0.0007000000,0.1,259.0
2026-09-04T11:26:21.550+00:00,B_sell_A_buy,10.4487,4.5487,4467.0,4467.1,0.1438,26.9223,4471.77,4472.02,1.0036,1.6091,0.0000062500,0.0007000000,1289.8,0.1
2026-09-04T11:26:21.567+00:00,B_sell_A_buy,10.4487,4.5487,4467.0,4467.1,0.1438,26.9223,4471.77,4472.02,1.0036,3.6091,0.0000062500,0.0007000000,1307.7,0.1
2026-09-04T11:26:21.634+00:00,B_sell_A_buy,10.4487,4.5487,4467.0,4467.1,0.1438,26.9223,4471.77,4471.87,1.0036,0.7694,0.0000062500,0.0007000000,1373.7,0.1
2026-09-04T11:26:21.663+00:00,B_sell_A_buy,10.4487,4.5487,4467.0,4467.1,0.1438,26.9223,4471.77,4471.87,1.0036,2.7694,0.0000062500,0.0007000000,1403.1,0.0
2026-09-04T11:26:21.932+00:00,B_sell_A_buy,10.4487,4.5487,4467.0,4467.1,0.1438,26.9223,4471.77,4471.87,1.0036,2.8788,0.0000062500,0.0007000000,1671.5,0.1
2026-09-04T11:26:23.445+00:00,B_sell_A_buy,10.4487,4.5487,4467.0,4467.1,0.1438,26.9723,4471.77,4471.87,1.0036,2.8788,0.0000062500,0.0007000000,0.1,763.2
2026-09-04T11:26:30.058+00:00,B_sell_A_buy,10.4711,4.5711,4467.0,4467.1,0.1438,26.6916,4471.78,4471.84,3.2354,0.1094,0.0000062500,0.0007000000,0.1,462.1
2026-09-04T11:26:30.083+00:00,B_sell_A_buy,10.4710,4.5710,4467.0,4467.1,0.1438,26.6916,4471.78,4472.01,3.2354,0.0433,0.0000062500,0.0007000000,25.9,0.1
2026-09-04T11:26:30.098+00:00,B_sell_A_buy,10.4711,4.5711,4467.0,4467.1,0.1438,26.6916,4471.78,4471.84,3.2354,0.1094,0.0000062500,0.0007000000,40.7,0.1
2026-09-04T11:26:30.109+00:00,B_sell_A_buy,10.4710,4.5710,4467.0,4467.1,0.1438,26.6916,4471.78,4472.01,3.2354,2.0433,0.0000062500,0.0007000000,51.8,0.1
2026-09-04T11:26:30.109+00:00,B_sell_A_buy,10.4710,4.5710,4467.0,4467.1,0.1438,26.6916,4471.78,4472.01,3.2354,0.0433,0.0000062500,0.0007000000,51.9,0.1
2026-09-04T11:26:30.123+00:00,B_sell_A_buy,10.4711,4.5711,4467.0,4467.1,0.1438,26.6916,4471.78,4471.84,3.2354,0.1094,0.0000062500,0.0007000000,65.4,0.1
2026-09-04T11:26:30.131+00:00,B_sell_A_buy,10.4710,4.5710,4467.0,4467.1,0.1438,26.6916,4471.78,4472.01,3.2354,0.0433,0.0000062500,0.0007000000,74.0,0.1
2026-09-04T11:26:30.136+00:00,B_sell_A_buy,10.4710,4.5710,4467.0,4467.1,0.1438,26.6916,4471.78,4472.01,3.2354,2.0433,0.0000062500,0.0007000000,79.2,0.1
2026-09-04T11:26:30.156+00:00,B_sell_A_buy,10.4710,4.5710,4467.0,4467.1,0.1438,26.6916,4471.78,4472.0,3.2354,0.1094,0.0000062500,0.0007000000,98.2,0.1
2026-09-04T11:26:30.174+00:00,B_sell_A_buy,10.4710,4.5710,4467.0,4467.1,0.1438,26.6916,4471.78,4472.0,3.2354,2.1094,0.0000062500,0.0007000000,116.3,0.1
2026-09-04T11:26:30.555+00:00,B_sell_A_buy,10.4710,4.5710,4467.0,4467.1,0.1438,26.6916,4471.78,4472.0,3.2354,5.4976,0.0000062500,0.0007000000,497.3,0.1
2026-09-04T11:26:30.699+00:00,B_sell_A_buy,10.4710,4.5710,4467.0,4467.1,0.1438,26.6916,4471.78,4472.0,3.2354,3.4976,0.0000062500,0.0007000000,641.1,0.1
2026-09-04T11:26:30.848+00:00,B_sell_A_buy,10.4710,4.5710,4467.0,4467.1,0.1438,26.6916,4471.78,4472.0,3.2354,5.4976,0.0000062500,0.0007000000,790.8,0.1
2026-09-04T11:26:30.856+00:00,B_sell_A_buy,10.4710,4.5710,4467.0,4467.1,0.1438,26.6916,4471.78,4472.0,3.2354,2.1094,0.0000062500,0.0007000000,799.2,0.0
2026-09-04T11:26:31.906+00:00,B_sell_A_buy,10.4710,4.5710,4467.0,4467.1,0.1438,26.6916,4471.78,4472.0,3.2354,2.107,0.0000062500,0.0007000000,1848.5,0.1
2026-09-04T11:26:33.606+00:00,B_sell_A_buy,10.5158,4.6158,4467.0,4467.1,0.1438,26.6416,4471.8,4472.0,1.0036,2.107,0.0000062500,0.0007000000,0.1,350.7
2026-09-04T11:26:34.324+00:00,B_sell_A_buy,10.5158,4.6158,4467.0,4467.1,0.1438,26.6416,4471.8,4472.0,1.0036,0.107,0.0000062500,0.0007000000,718.5,0.1
2026-09-04T11:26:34.354+00:00,B_sell_A_buy,10.5381,4.6381,4467.0,4467.1,0.1438,26.6416,4471.81,4472.0,0.1709,0.107,0.0000062500,0.0007000000,747.6,0.1
2026-09-04T11:26:34.410+00:00,B_sell_A_buy,10.5381,4.6381,4467.0,4467.1,0.1438,26.6416,4471.81,4472.0,1.0953,0.107,0.0000062500,0.0007000000,803.7,0.1
2026-09-04T11:26:34.417+00:00,B_sell_A_buy,10.5381,4.6381,4467.0,4467.1,0.1438,26.6416,4471.81,4472.03,1.0953,0.0433,0.0000062500,0.0007000000,810.8,0.1
2026-09-04T11:26:34.423+00:00,B_sell_A_buy,10.6947,4.7947,4467.0,4467.1,0.1438,26.6416,4471.88,4472.03,1.0036,0.0433,0.0000062500,0.0007000000,816.4,0.1
2026-09-04T11:26:34.447+00:00,B_sell_A_buy,10.6946,4.7946,4467.0,4467.1,0.1438,26.6416,4471.88,4472.14,1.0036,0.107,0.0000062500,0.0007000000,840.7,0.0
2026-09-04T11:26:34.451+00:00,B_sell_A_buy,10.7170,4.8170,4467.0,4467.1,0.1438,26.6416,4471.89,4472.14,0.966,0.107,0.0000062500,0.0007000000,844.1,0.0
2026-09-04T11:26:34.470+00:00,B_sell_A_buy,10.9854,5.0854,4467.0,4467.1,0.1438,26.6416,4472.01,4472.14,3.2354,0.107,0.0000062500,0.0007000000,863.5,0.0
2026-09-04T11:26:34.492+00:00,B_sell_A_buy,10.9853,5.0853,4467.0,4467.1,0.1438,26.6416,4472.01,4472.27,3.2354,0.0515,0.0000062500,0.0007000000,885.3,0.0
2026-09-04T11:26:34.508+00:00,B_sell_A_buy,10.9854,5.0854,4467.0,4467.1,0.1438,26.6416,4472.01,4472.22,3.2354,0.107,0.0000062500,0.0007000000,901.9,0.0
2026-09-04T11:26:34.516+00:00,B_sell_A_buy,10.9853,5.0853,4467.0,4467.1,0.1438,26.6416,4472.01,4472.27,3.2354,0.0515,0.0000062500,0.0007000000,909.8,0.0
2026-09-04T11:26:34.524+00:00,B_sell_A_buy,11.0077,5.1077,4467.0,4467.1,0.1438,26.6416,4472.02,4472.27,0.0797,0.0515,0.0000062500,0.0007000000,918.3,0.1
2026-09-04T11:26:34.552+00:00,B_sell_A_buy,11.2537,5.3537,4467.0,4467.1,0.1438,26.6416,4472.13,4472.27,1.0036,0.0515,0.0000062500,0.0007000000,945.7,0.0
2026-09-04T11:26:34.603+00:00,B_sell_A_buy,11.2761,5.3761,4467.0,4467.1,0.1438,26.6416,4472.14,4472.27,0.044,0.0515,0.0000062500,0.0007000000,996.8,0.0
2026-09-04T11:26:34.640+00:00,B_sell_A_buy,11.5445,5.6445,4467.0,4467.1,0.1438,26.6416,4472.26,4472.3,3.2354,0.107,0.0000062500,0.0007000000,1034.1,0.1
2026-09-04T11:26:34.641+00:00,B_sell_A_buy,11.5443,5.6443,4467.0,4467.1,0.1438,26.6416,4472.26,4472.52,3.2354,0.058,0.0000062500,0.0007000000,1034.2,0.2
2026-09-04T11:26:34.656+00:00,B_sell_A_buy,11.5443,5.6443,4467.0,4467.1,0.1438,26.6416,4472.26,4472.52,3.2354,2.058,0.0000062500,0.0007000000,1050.3,0.1
2026-09-04T11:26:34.662+00:00,B_sell_A_buy,11.5443,5.6443,4467.0,4467.1,0.1438,26.6416,4472.26,4472.52,4.2186,2.058,0.0000062500,0.0007000000,1055.8,0.1
2026-09-04T11:26:34.662+00:00,B_sell_A_buy,11.5443,5.6443,4467.0,4467.1,0.1438,26.6416,4472.26,4472.52,4.2186,0.058,0.0000062500,0.0007000000,1055.9,0.1
2026-09-04T11:26:34.662+00:00,B_sell_A_buy,11.5443,5.6443,4467.0,4467.1,0.1438,26.6416,4472.26,4472.52,3.2652,0.058,0.0000062500,0.0007000000,1055.9,0.1
2026-09-04T11:26:34.697+00:00,B_sell_A_buy,11.8127,5.9127,4467.0,4467.1,0.1438,26.6416,4472.38,4472.52,1.0036,0.058,0.0000062500,0.0007000000,1090.4,0.1
2026-09-04T11:26:34.697+00:00,B_sell_A_buy,11.8126,5.9126,4467.0,4467.1,0.1438,26.6416,4472.38,4472.75,1.0036,0.0526,0.0000062500,0.0007000000,1090.5,0.1
2026-09-04T11:26:34.710+00:00,B_sell_A_buy,11.8126,5.9126,4467.0,4467.1,1.9346,26.6416,4472.38,4472.75,1.0036,0.0526,0.0000062500,0.0007000000,0.0,13.5
2026-09-04T11:26:34.718+00:00,B_sell_A_buy,11.8127,5.9127,4467.0,4467.1,1.9346,26.6416,4472.38,4472.62,1.0036,0.107,0.0000062500,0.0007000000,7.4,0.0
2026-09-04T11:26:34.735+00:00,B_sell_A_buy,12.0587,6.1587,4467.0,4467.1,1.9346,26.6416,4472.49,4472.62,3.2354,2.107,0.0000062500,0.0007000000,24.6,0.0
2026-09-04T11:26:34.821+00:00,B_sell_A_buy,12.0587,6.1587,4467.0,4467.1,2.7382,13.4336,4472.49,4472.62,3.2354,2.107,0.0000062500,0.0007000000,0.1,86.2
2026-09-04T11:26:34.962+00:00,B_sell_A_buy,12.0587,6.1587,4467.0,4467.1,5.3509,10.8218,4472.49,4472.62,3.2354,2.107,0.0000062500,0.0007000000,0.1,227.3
2026-09-04T11:26:34.968+00:00,B_sell_A_buy,12.0587,6.1587,4467.0,4467.1,33.5847,8.8218,4472.49,4472.62,3.2354,2.107,0.0000062500,0.0007000000,0.0,233.3
2026-09-04T11:26:35.031+00:00,B_sell_A_buy,12.0587,6.1587,4467.0,4467.1,33.5847,8.8218,4472.49,4472.62,4.239,2.107,0.0000062500,0.0007000000,62.6,0.1
2026-09-04T11:26:35.158+00:00,B_sell_A_buy,12.0587,6.1587,4467.0,4467.1,34.8563,6.6807,4472.49,4472.62,4.239,2.107,0.0000062500,0.0007000000,0.1,127.6
2026-09-04T11:26:35.399+00:00,B_sell_A_buy,12.0587,6.1587,4467.0,4467.1,38.8666,6.6807,4472.49,4472.62,4.239,2.107,0.0000062500,0.0007000000,0.1,367.7
2026-09-04T11:26:35.641+00:00,B_sell_A_buy,12.0587,6.1587,4467.0,4467.1,38.8666,8.6807,4472.49,4472.62,4.239,2.107,0.0000062500,0.0007000000,0.1,609.9
2026-09-04T11:26:35.960+00:00,B_sell_A_buy,12.0587,6.1587,4467.0,4467.1,38.8666,8.6582,4472.49,4472.62,4.239,2.107,0.0000062500,0.0007000000,0.1,929.1
2026-09-04T11:26:36.750+00:00,B_sell_A_buy,12.0587,6.1587,4467.0,4467.1,38.8666,8.6582,4472.49,4472.62,1.0036,2.107,0.0000062500,0.0007000000,790.1,0.1
2026-09-04T11:26:36.754+00:00,B_sell_A_buy,11.5443,5.6443,4467.0,4467.1,38.8666,8.6582,4472.26,4472.62,3.2354,2.107,0.0000062500,0.0007000000,793.9,0.1
2026-09-04T11:26:36.754+00:00,B_sell_A_buy,11.7679,5.8679,4467.0,4467.1,38.8666,8.6582,4472.36,4472.62,0.1589,5.0255,0.0000062500,0.0007000000,794.0,0.1
2026-09-04T11:26:36.776+00:00,B_sell_A_buy,11.7679,5.8679,4467.0,4467.1,38.8666,8.6582,4472.36,4472.62,0.1589,2.107,0.0000062500,0.0007000000,816.6,0.0
2026-09-04T11:26:37.047+00:00,B_sell_A_buy,11.7679,5.8679,4467.0,4467.1,38.8666,8.6555,4472.36,4472.62,0.1589,2.107,0.0000062500,0.0007000000,0.1,271.3
2026-09-04T11:26:37.062+00:00,B_sell_A_buy,11.7679,5.8679,4467.0,4467.1,38.8666,8.6555,4472.36,4472.62,1.0733,2.107,0.0000062500,0.0007000000,14.4,0.1
2026-09-04T11:26:37.111+00:00,B_sell_A_buy,11.7903,5.8903,4467.0,4467.1,38.8666,8.6555,4472.37,4472.62,0.0798,2.107,0.0000062500,0.0007000000,63.8,0.1
2026-09-04T11:26:37.153+00:00,B_sell_A_buy,11.7903,5.8903,4467.0,4467.1,38.8666,8.6555,4472.37,4472.62,1.0347,2.107,0.0000062500,0.0007000000,105.2,0.1
2026-09-04T11:26:37.156+00:00,B_sell_A_buy,11.7903,5.8903,4467.0,4467.1,39.0905,8.6555,4472.37,4472.62,1.0347,2.107,0.0000062500,0.0007000000,0.0,3.0
2026-09-04T11:26:37.164+00:00,B_sell_A_buy,11.7903,5.8903,4467.0,4467.1,39.0905,8.6555,4472.37,4472.62,1.0347,0.107,0.0000062500,0.0007000000,8.1,0.0
2026-09-04T11:26:37.286+00:00,B_sell_A_buy,11.7903,5.8903,4467.0,4467.1,39.0905,8.6555,4472.37,4472.62,1.0347,2.107,0.0000062500,0.0007000000,131.5,0.0
2026-09-04T11:26:37.309+00:00,B_sell_A_buy,11.7903,5.8903,4467.0,4467.1,39.0905,8.6555,4472.37,4472.62,1.0347,0.107,0.0000062500,0.0007000000,152.9,0.0
2026-09-04T11:26:37.469+00:00,B_sell_A_buy,11.7903,5.8903,4467.0,4467.1,39.0905,10.6555,4472.37,4472.62,1.0347,0.107,0.0000062500,0.0007000000,0.1,160.4
2026-09-04T11:26:37.557+00:00,B_sell_A_buy,11.7903,5.8903,4467.0,4467.1,39.0905,8.6555,4472.37,4472.62,1.0347,0.107,0.0000062500,0.0007000000,0.1,248.3
2026-09-04T11:26:37.576+00:00,B_sell_A_buy,11.7903,5.8903,4467.0,4467.1,39.0905,6.6555,4472.37,4472.62,1.0347,0.107,0.0000062500,0.0007000000,0.0,267.4
2026-09-04T11:26:37.765+00:00,B_sell_A_buy,12.2824,6.3824,4467.0,4467.1,39.0905,6.6555,4472.59,4472.62,0.0335,0.107,0.0000062500,0.0007000000,188.7,0.1
2026-09-04T11:26:38.102+00:00,B_sell_A_buy,12.2824,6.3824,4467.0,4467.1,39.0905,8.6555,4472.59,4472.62,0.0335,0.107,0.0000062500,0.0007000000,0.1,338.1
2026-09-04T11:26:38.110+00:00,B_sell_A_buy,12.2824,6.3824,4467.0,4467.1,39.0905,6.6555,4472.59,4472.62,0.0335,0.107,0.0000062500,0.0007000000,0.1,345.5
2026-09-04T11:26:38.362+00:00,B_sell_A_buy,12.2822,6.3822,4467.0,4467.1,39.0905,6.6555,4472.59,4472.82,0.0335,0.0616,0.0000062500,0.0007000000,252.8,0.1
2026-09-04T11:26:38.378+00:00,B_sell_A_buy,12.0585,6.1585,4467.0,4467.1,39.0905,6.6555,4472.49,4472.84,3.2354,0.0645,0.0000062500,0.0007000000,267.8,0.0
2026-09-04T11:26:38.391+00:00,B_sell_A_buy,12.0586,6.1586,4467.0,4467.1,39.0905,6.6555,4472.49,4472.82,3.2354,2.0,0.0000062500,0.0007000000,282.1,0.0
2026-09-04T11:26:38.392+00:00,B_sell_A_buy,12.0587,6.1587,4467.0,4467.1,39.0905,6.6555,4472.49,4472.63,3.2354,0.107,0.0000062500,0.0007000000,282.1,0.1
2026-09-04T11:26:38.392+00:00,B_sell_A_buy,12.0586,6.1586,4467.0,4467.1,39.0905,6.6555,4472.49,4472.82,3.2354,2.0,0.0000062500,0.0007000000,282.1,0.1
2026-09-04T11:26:38.397+00:00,B_sell_A_buy,12.0585,6.1585,4467.0,4467.1,39.0905,6.6555,4472.49,4472.84,3.2354,0.0645,0.0000062500,0.0007000000,286.6,0.0
2026-09-04T11:26:38.404+00:00,B_sell_A_buy,12.0585,6.1585,4467.0,4467.1,39.0905,6.6555,4472.49,4472.84,3.2354,2.0645,0.0000062500,0.0007000000,293.8,0.0
2026-09-04T11:26:38.404+00:00,B_sell_A_buy,12.0586,6.1586,4467.0,4467.1,39.0905,6.6555,4472.49,4472.81,3.2354,0.107,0.0000062500,0.0007000000,293.9,0.1
2026-09-04T11:26:38.429+00:00,B_sell_A_buy,12.0586,6.1586,4467.0,4467.1,39.0905,6.6555,4472.49,4472.81,3.2354,2.107,0.0000062500,0.0007000000,319.7,0.0
2026-09-04T11:26:38.737+00:00,B_sell_A_buy,12.0586,6.1586,4467.0,4467.1,41.863,6.6555,4472.49,4472.81,3.2354,2.107,0.0000062500,0.0007000000,0.1,307.8
2026-09-04T11:26:39.461+00:00,B_sell_A_buy,12.1257,6.2257,4467.0,4467.1,41.863,6.6555,4472.52,4472.81,1.0036,2.107,0.0000062500,0.0007000000,724.4,0.1
2026-09-04T11:26:40.599+00:00,B_sell_A_buy,12.1257,6.2257,4467.0,4467.1,41.863,6.6555,4472.52,4472.77,1.0036,3.0131,0.0000062500,0.0007000000,1861.3,0.1
2026-09-04T11:26:40.607+00:00,B_sell_A_buy,12.1257,6.2257,4467.0,4467.1,41.863,6.6555,4472.52,4472.81,1.0036,2.107,0.0000062500,0.0007000000,1869.8,0.1
2026-09-04T11:26:40.618+00:00,B_sell_A_buy,12.1257,6.2257,4467.0,4467.1,41.863,6.6555,4472.52,4472.77,1.0036,2.0,0.0000062500,0.0007000000,1880.5,0.1
2026-09-04T11:26:40.705+00:00,B_sell_A_buy,12.1481,6.2481,4467.0,4467.1,41.863,6.6555,4472.53,4472.77,0.0732,2.0,0.0000062500,0.0007000000,1967.7,0.1
2026-09-04T11:26:40.925+00:00,B_sell_A_buy,12.1481,6.2481,4467.0,4467.1,41.863,6.1555,4472.53,4472.77,0.9442,2.0,0.0000062500,0.0007000000,0.1,125.9
2026-09-04T11:26:41.005+00:00,B_sell_A_buy,12.1481,6.2481,4467.0,4467.1,41.863,6.1555,4472.53,4472.77,0.0732,2.0,0.0000062500,0.0007000000,80.7,0.1
2026-09-04T11:26:41.336+00:00,B_sell_A_buy,12.1257,6.2257,4467.0,4467.1,41.863,6.1555,4472.52,4472.77,1.0036,2.0,0.0000062500,0.0007000000,411.0,0.1
2026-09-04T11:26:41.625+00:00,B_sell_A_buy,12.1257,6.2257,4467.0,4467.1,41.863,6.1555,4472.52,4472.79,1.0036,2.8399,0.0000062500,0.0007000000,700.7,0.1
2026-09-04T11:26:41.636+00:00,B_sell_A_buy,12.1257,6.2257,4467.0,4467.1,41.863,6.1555,4472.52,4472.79,1.0036,4.8399,0.0000062500,0.0007000000,711.1,0.0
2026-09-04T11:26:42.402+00:00,B_sell_A_buy,12.0586,6.1586,4467.0,4467.1,41.863,6.1555,4472.49,4472.79,3.2354,4.8399,0.0000062500,0.0007000000,1476.9,0.0
2026-09-04T11:26:42.407+00:00,B_sell_A_buy,12.0587,6.1587,4467.0,4467.1,41.863,6.1555,4472.49,4472.67,3.2354,1.8965,0.0000062500,0.0007000000,1481.5,0.0
2026-09-04T11:26:42.424+00:00,B_sell_A_buy,12.0587,6.1587,4467.0,4467.1,41.863,6.1555,4472.49,4472.67,3.2354,3.8965,0.0000062500,0.0007000000,1499.4,0.0
2026-09-04T11:26:42.440+00:00,B_sell_A_buy,12.0587,6.1587,4467.0,4467.1,41.863,6.1555,4472.49,4472.66,3.2354,0.107,0.0000062500,0.0007000000,1515.7,0.0
2026-09-04T11:26:42.462+00:00,B_sell_A_buy,12.0587,6.1587,4467.0,4467.1,41.863,6.1555,4472.49,4472.66,3.2354,2.107,0.0000062500,0.0007000000,1536.8,0.0
2026-09-04T11:26:42.773+00:00,B_sell_A_buy,12.0587,6.1587,4467.0,4467.1,38.8666,8.1555,4472.49,4472.66,3.2354,2.107,0.0000062500,0.0007000000,0.1,311.2
2026-09-04T11:26:42.881+00:00,B_sell_A_buy,12.0587,6.1587,4467.0,4467.1,38.8666,10.1555,4472.49,4472.66,3.2354,2.107,0.0000062500,0.0007000000,0.1,419.0
2026-09-04T11:26:44.444+00:00,B_sell_A_buy,12.0587,6.1587,4467.0,4467.1,38.8666,8.1555,4472.49,4472.66,3.2354,2.107,0.0000062500,0.0007000000,0.1,1983.1
2026-09-04T11:26:44.811+00:00,B_sell_A_buy,12.1705,6.2705,4467.0,4467.1,38.8666,8.1555,4472.54,4472.66,0.0953,2.107,0.0000062500,0.0007000000,366.2,0.1
2026-09-04T11:26:44.863+00:00,B_sell_A_buy,12.1705,6.2705,4467.0,4467.1,38.8666,10.1555,4472.54,4472.66,0.0953,2.107,0.0000062500,0.0007000000,0.1,52.0
2026-09-04T11:26:45.234+00:00,B_sell_A_buy,12.1705,6.2705,4467.0,4467.1,38.8666,8.1555,4472.54,4472.66,0.0953,2.107,0.0000062500,0.0007000000,0.1,423.5
2026-09-04T11:26:45.289+00:00,B_sell_A_buy,12.0587,6.1587,4467.0,4467.1,38.8666,8.1555,4472.49,4472.66,3.2354,2.107,0.0000062500,0.0007000000,54.8,0.1
2026-09-04T11:26:45.434+00:00,B_sell_A_buy,12.0587,6.1587,4467.0,4467.1,39.0905,8.1555,4472.49,4472.66,3.2354,2.107,0.0000062500,0.0007000000,0.1,145.2
2026-09-04T11:26:45.642+00:00,B_sell_A_buy,12.0587,6.1587,4467.0,4467.1,38.8666,8.1555,4472.49,4472.66,3.2354,2.107,0.0000062500,0.0007000000,0.1,353.2
2026-09-04T11:26:45.728+00:00,B_sell_A_buy,12.0587,6.1587,4467.0,4467.1,38.8666,10.1555,4472.49,4472.66,3.2354,2.107,0.0000062500,0.0007000000,0.1,439.4
2026-09-04T11:26:45.884+00:00,B_sell_A_buy,12.0587,6.1587,4467.0,4467.1,38.8666,10.1555,4472.49,4472.66,3.376,2.107,0.0000062500,0.0007000000,155.4,0.1
2026-09-04T11:26:46.367+00:00,B_sell_A_buy,12.0587,6.1587,4467.0,4467.1,38.8666,8.1555,4472.49,4472.66,3.376,2.107,0.0000062500,0.0007000000,0.1,483.0
2026-09-04T11:26:46.444+00:00,B_sell_A_buy,12.0587,6.1587,4467.0,4467.1,39.0905,8.1555,4472.49,4472.66,3.376,2.107,0.0000062500,0.0007000000,0.1,560.2
2026-09-04T11:26:46.663+00:00,B_sell_A_buy,12.0587,6.1587,4467.0,4467.1,39.0905,7.6555,4472.49,4472.66,3.376,2.107,0.0000062500,0.0007000000,0.1,778.9
2026-09-04T11:26:47.625+00:00,B_sell_A_buy,12.0587,6.1587,4467.0,4467.1,39.0905,7.6555,4472.49,4472.66,3.376,0.107,0.0000062500,0.0007000000,963.4,0.1
2026-09-04T11:26:47.659+00:00,B_sell_A_buy,12.0810,6.1810,4467.0,4467.1,39.0905,7.6555,4472.5,4472.66,0.0724,0.107,0.0000062500,0.0007000000,996.2,0.1
2026-09-04T11:26:47.706+00:00,B_sell_A_buy,12.0810,6.1810,4467.0,4467.1,39.0905,7.6555,4472.5,4472.66,0.9921,0.107,0.0000062500,0.0007000000,1043.3,0.1
2026-09-04T11:26:47.891+00:00,B_sell_A_buy,12.0810,6.1810,4467.0,4467.1,39.0905,7.6555,4472.5,4472.66,0.9921,2.107,0.0000062500,0.0007000000,1228.9,0.1
2026-09-04T11:26:47.993+00:00,B_sell_A_buy,12.0810,6.1810,4467.0,4467.1,39.0905,5.6555,4472.5,4472.66,0.9921,2.107,0.0000062500,0.0007000000,0.1,101.8
2026-09-04T11:26:48.040+00:00,B_sell_A_buy,12.3718,6.4718,4467.0,4467.1,39.0905,5.6555,4472.63,4472.66,0.0513,2.107,0.0000062500,0.0007000000,47.4,0.1
2026-09-04T11:26:48.128+00:00,B_sell_A_buy,12.3718,6.4718,4467.0,4467.1,39.4636,6.6973,4472.63,4472.66,0.0513,2.107,0.0000062500,0.0007000000,0.1,88.4
2026-09-04T11:26:48.767+00:00,B_sell_A_buy,12.3718,6.4718,4467.0,4467.1,39.4636,6.6973,4472.63,4472.66,0.0513,0.107,0.0000062500,0.0007000000,638.8,0.1
2026-09-04T11:26:49.011+00:00,B_sell_A_buy,12.0587,6.1587,4467.0,4467.1,39.4636,6.6973,4472.49,4472.66,3.2354,0.107,0.0000062500,0.0007000000,881.8,0.1
2026-09-04T11:26:49.214+00:00,B_sell_A_buy,12.0587,6.1587,4467.0,4467.1,39.4636,6.6973,4472.49,4472.66,3.2354,2.107,0.0000062500,0.0007000000,1085.3,0.1
2026-09-04T11:26:49.214+00:00,B_sell_A_buy,12.0587,6.1587,4467.0,4467.1,39.4636,6.6973,4472.49,4472.66,3.2354,0.107,0.0000062500,0.0007000000,1085.4,0.1
2026-09-04T11:26:50.101+00:00,B_sell_A_buy,12.0587,6.1587,4467.0,4467.1,39.4636,8.6973,4472.49,4472.66,3.2354,0.107,0.0000062500,0.0007000000,0.1,887.4
2026-09-04T11:26:50.218+00:00,B_sell_A_buy,12.0587,6.1587,4467.0,4467.1,39.4636,8.6973,4472.49,4472.66,3.2354,2.107,0.0000062500,0.0007000000,117.9,0.1
2026-09-04T11:26:50.602+00:00,B_sell_A_buy,12.0587,6.1587,4467.0,4467.1,39.0905,8.6973,4472.49,4472.66,3.2354,2.107,0.0000062500,0.0007000000,0.1,383.4
2026-09-04T11:26:51.908+00:00,B_sell_A_buy,12.0587,6.1587,4467.0,4467.1,39.0905,6.6973,4472.49,4472.66,3.2354,2.107,0.0000062500,0.0007000000,0.1,1689.2
2026-09-04T11:26:52.439+00:00,B_sell_A_buy,12.0587,6.1587,4467.0,4467.1,39.0905,6.6973,4472.49,4472.62,3.2354,2.9194,0.0000062500,0.0007000000,531.8,0.1
2026-09-04T11:26:52.460+00:00,B_sell_A_buy,12.0587,6.1587,4467.0,4467.1,39.0905,6.6973,4472.49,4472.62,3.2354,4.9194,0.0000062500,0.0007000000,551.5,0.1
2026-09-04T11:26:52.491+00:00,B_sell_A_buy,12.0587,6.1587,4467.0,4467.1,39.0905,6.6973,4472.49,4472.61,3.2354,0.107,0.0000062500,0.0007000000,583.0,0.0
2026-09-04T11:26:52.507+00:00,B_sell_A_buy,12.0587,6.1587,4467.0,4467.1,39.0905,6.6973,4472.49,4472.61,3.2354,2.107,0.0000062500,0.0007000000,599.3,0.1
2026-09-04T11:26:52.716+00:00,B_sell_A_buy,12.0587,6.1587,4467.0,4467.1,39.0905,10.6973,4472.49,4472.61,3.2354,2.107,0.0000062500,0.0007000000,0.1,208.5
2026-09-04T11:26:53.563+00:00,B_sell_A_buy,12.0587,6.1587,4467.0,4467.1,38.8666,10.6973,4472.49,4472.61,3.2354,2.107,0.0000062500,0.0007000000,0.1,1056.1
2026-09-04T11:26:53.626+00:00,B_sell_A_buy,12.0587,6.1587,4467.0,4467.1,39.0905,10.6973,4472.49,4472.61,3.2354,2.107,0.0000062500,0.0007000000,0.0,1118.5
2026-09-04T11:26:54.438+00:00,B_sell_A_buy,12.0587,6.1587,4467.0,4467.1,39.0905,12.6973,4472.49,4472.61,3.2354,2.107,0.0000062500,0.0007000000,0.1,1931.0
2026-09-04T11:27:01.860+00:00,B_sell_A_buy,12.0587,6.1587,4467.0,4467.1,36.5996,14.6973,4472.49,4472.61,3.2354,2.1046,0.0000062500,0.0007000000,1751.7,0.1
2026-09-04T11:27:01.863+00:00,B_sell_A_buy,12.1929,6.2929,4467.0,4467.1,36.5996,14.6973,4472.55,4472.61,0.0811,2.1046,0.0000062500,0.0007000000,1754.3,0.0
2026-09-04T11:27:01.884+00:00,B_sell_A_buy,12.1929,6.2929,4467.0,4467.1,36.5996,14.6973,4472.55,4472.61,0.0811,0.1046,0.0000062500,0.0007000000,1775.1,0.1
2026-09-04T11:27:02.174+00:00,B_sell_A_buy,12.1929,6.2929,4467.0,4467.1,36.5996,12.6973,4472.55,4472.61,0.0811,0.1046,0.0000062500,0.0007000000,0.1,290.4
2026-09-04T11:27:02.335+00:00,B_sell_A_buy,12.1929,6.2929,4467.0,4467.1,36.5996,10.6973,4472.55,4472.61,0.0811,0.1046,0.0000062500,0.0007000000,0.1,451.7
2026-09-04T11:27:02.419+00:00,B_sell_A_buy,12.1928,6.2928,4467.0,4467.1,36.5996,10.6973,4472.55,4472.78,0.0811,0.0512,0.0000062500,0.0007000000,84.1,0.1
2026-09-04T11:27:02.419+00:00,B_sell_A_buy,12.1928,6.2928,4467.0,4467.1,36.5996,10.6973,4472.55,4472.78,0.9595,0.0512,0.0000062500,0.0007000000,84.1,0.2
2026-09-04T11:27:02.426+00:00,B_sell_A_buy,12.1929,6.2929,4467.0,4467.1,36.5996,10.6973,4472.55,4472.66,0.9595,0.1046,0.0000062500,0.0007000000,90.9,0.1
2026-09-04T11:27:02.445+00:00,B_sell_A_buy,12.1928,6.2928,4467.0,4467.1,36.5996,10.6973,4472.55,4472.77,0.9595,0.1046,0.0000062500,0.0007000000,109.8,0.1
2026-09-04T11:27:02.461+00:00,B_sell_A_buy,12.1928,6.2928,4467.0,4467.1,36.5996,10.6973,4472.55,4472.77,0.9595,2.1046,0.0000062500,0.0007000000,125.4,0.1
2026-09-04T11:27:02.464+00:00,B_sell_A_buy,12.1928,6.2928,4467.0,4467.1,39.2511,10.6973,4472.55,4472.77,0.9595,2.1046,0.0000062500,0.0007000000,0.0,2.8
2026-09-04T11:27:02.507+00:00,B_sell_A_buy,12.2152,6.3152,4467.0,4467.1,39.2511,10.6973,4472.56,4472.77,0.1005,2.1046,0.0000062500,0.0007000000,43.9,0.1
2026-09-04T11:27:02.551+00:00,B_sell_A_buy,12.2152,6.3152,4467.0,4467.1,39.2511,10.6973,4472.56,4472.77,0.9052,2.1046,0.0000062500,0.0007000000,87.9,0.1
2026-09-04T11:27:02.792+00:00,B_sell_A_buy,12.2152,6.3152,4467.0,4467.1,41.6242,10.6973,4472.56,4472.77,0.9052,2.1046,0.0000062500,0.0007000000,0.1,240.3
2026-09-04T11:27:03.068+00:00,B_sell_A_buy,12.2152,6.3152,4467.0,4467.1,41.6242,10.6973,4472.56,4472.77,0.9052,0.1046,0.0000062500,0.0007000000,276.0,0.1
2026-09-04T11:27:03.252+00:00,B_sell_A_buy,12.2152,6.3152,4467.0,4467.1,41.848,10.6973,4472.56,4472.77,0.9052,0.1046,0.0000062500,0.0007000000,0.1,184.1
2026-09-04T11:27:03.322+00:00,B_sell_A_buy,12.2152,6.3152,4467.0,4467.1,41.848,10.9196,4472.56,4472.77,0.9052,0.1046,0.0000062500,0.0007000000,0.1,254.1
2026-09-04T11:27:03.723+00:00,B_sell_A_buy,12.1928,6.2928,4467.0,4467.1,41.848,10.9196,4472.55,4472.77,0.0811,0.1046,0.0000062500,0.0007000000,401.2,0.1
2026-09-04T11:27:03.788+00:00,B_sell_A_buy,12.1928,6.2928,4467.0,4467.1,41.848,10.9196,4472.55,4472.77,0.8907,0.1046,0.0000062500,0.0007000000,466.7,0.1
2026-09-04T11:27:03.881+00:00,B_sell_A_buy,12.1928,6.2928,4467.0,4467.1,41.848,10.9196,4472.55,4472.77,0.8907,2.1046,0.0000062500,0.0007000000,559.7,0.1
2026-09-04T11:27:03.953+00:00,B_sell_A_buy,12.5059,6.6059,4467.0,4467.1,41.848,10.9196,4472.69,4472.77,0.1051,2.1046,0.0000062500,0.0007000000,631.3,0.1
2026-09-04T11:27:04.014+00:00,B_sell_A_buy,12.1928,6.2928,4467.0,4467.1,41.848,10.9196,4472.55,4472.77,0.8096,2.1046,0.0000062500,0.0007000000,692.7,0.1
2026-09-04T11:27:04.124+00:00,B_sell_A_buy,12.1928,6.2928,4467.0,4467.1,39.848,10.9196,4472.55,4472.77,0.8096,2.1046,0.0000062500,0.0007000000,0.0,110.7
2026-09-04T11:27:04.163+00:00,B_sell_A_buy,12.0586,6.1586,4467.0,4467.1,39.848,10.9196,4472.49,4472.77,3.2354,2.1046,0.0000062500,0.0007000000,37.7,0.0
2026-09-04T11:27:04.203+00:00,B_sell_A_buy,12.0810,6.1810,4467.0,4467.1,39.848,10.9196,4472.5,4472.77,0.1549,2.1046,0.0000062500,0.0007000000,78.4,0.1
2026-09-04T11:27:04.250+00:00,B_sell_A_buy,12.0810,6.1810,4467.0,4467.1,39.848,10.9196,4472.5,4472.77,1.0241,2.1046,0.0000062500,0.0007000000,125.2,0.1
2026-09-04T11:27:04.476+00:00,B_sell_A_buy,12.0586,6.1586,4467.0,4467.1,39.848,10.9196,4472.49,4472.77,3.2354,2.1046,0.0000062500,0.0007000000,351.1,0.1
2026-09-04T11:27:04.505+00:00,B_sell_A_buy,12.1033,6.2033,4467.0,4467.1,39.848,10.9196,4472.51,4472.77,1.0036,2.1046,0.0000062500,0.0007000000,380.2,0.1
2026-09-04T11:27:04.521+00:00,B_sell_A_buy,12.1033,6.2033,4467.0,4467.1,39.848,10.9196,4472.51,4472.77,1.0036,0.1046,0.0000062500,0.0007000000,396.6,0.0
2026-09-04T11:27:04.526+00:00,B_sell_A_buy,12.1033,6.2033,4467.0,4467.1,41.848,10.9196,4472.51,4472.77,1.0036,0.1046,0.0000062500,0.0007000000,0.0,4.6
2026-09-04T11:27:04.549+00:00,B_sell_A_buy,12.1257,6.2257,4467.0,4467.1,41.848,10.9196,4472.52,4472.77,0.1551,0.1046,0.0000062500,0.0007000000,24.1,0.0
2026-09-04T11:27:04.558+00:00,B_sell_A_buy,12.5730,6.6730,4467.0,4467.1,41.848,10.9196,4472.72,4472.77,3.2354,0.1046,0.0000062500,0.0007000000,32.6,0.0
2026-09-04T11:27:04.882+00:00,B_sell_A_buy,12.5954,6.6954,4467.0,4467.1,41.848,10.9196,4472.73,4472.77,0.0782,0.1046,0.0000062500,0.0007000000,357.1,0.1
2026-09-04T11:27:04.953+00:00,B_sell_A_buy,12.5954,6.6954,4467.0,4467.1,41.848,10.9196,4472.73,4472.77,0.9362,0.1046,0.0000062500,0.0007000000,427.1,0.1
2026-09-04T11:27:04.999+00:00,B_sell_A_buy,12.5954,6.6954,4467.0,4467.1,42.9987,10.9196,4472.73,4472.77,0.9362,0.1046,0.0000062500,0.0007000000,0.0,46.6
2026-09-04T11:27:05.079+00:00,B_sell_A_buy,12.5954,6.6954,4467.0,4467.1,44.9987,10.9196,4472.73,4472.77,0.9362,0.1046,0.0000062500,0.0007000000,0.1,125.5
2026-09-04T11:27:05.233+00:00,B_sell_A_buy,12.5952,6.6952,4467.0,4467.1,44.9987,10.9196,4472.73,4472.96,0.9362,0.0637,0.0000062500,0.0007000000,154.7,0.1
2026-09-04T11:27:05.243+00:00,B_sell_A_buy,12.5952,6.6952,4467.0,4467.1,44.9987,10.9196,4472.73,4472.96,0.9362,2.0637,0.0000062500,0.0007000000,164.9,0.0
2026-09-04T11:27:05.248+00:00,B_sell_A_buy,12.5953,6.6953,4467.0,4467.1,44.9987,10.9196,4472.73,4472.9,0.9362,0.1046,0.0000062500,0.0007000000,170.2,0.0
2026-09-04T11:27:05.297+00:00,B_sell_A_buy,12.6176,6.7176,4467.0,4467.1,44.9987,10.9196,4472.74,4472.9,0.0362,0.1046,0.0000062500,0.0007000000,218.7,0.1
2026-09-04T11:27:05.311+00:00,B_sell_A_buy,12.5953,6.6953,4467.0,4467.1,44.9987,10.9196,4472.73,4472.9,0.9362,0.1046,0.0000062500,0.0007000000,233.0,0.0
2026-09-04T11:27:05.464+00:00,B_sell_A_buy,12.5953,6.6953,4467.0,4467.1,46.9987,10.9196,4472.73,4472.9,0.9362,0.1046,0.0000062500,0.0007000000,0.1,153.7
2026-09-04T11:27:05.644+00:00,B_sell_A_buy,12.5953,6.6953,4467.0,4467.1,49.6606,10.9196,4472.73,4472.9,0.9362,0.1046,0.0000062500,0.0007000000,0.1,332.7
2026-09-04T11:27:05.937+00:00,B_sell_A_buy,12.5953,6.6953,4467.0,4467.1,49.6606,10.9054,4472.73,4472.9,0.9362,0.1046,0.0000062500,0.0007000000,0.1,626.1
2026-09-04T11:27:06.247+00:00,B_sell_A_buy,12.5953,6.6953,4467.0,4467.1,49.6606,10.9054,4472.73,4472.9,0.0782,0.1046,0.0000062500,0.0007000000,310.6,0.1
2026-09-04T11:27:06.321+00:00,B_sell_A_buy,12.5729,6.6729,4467.0,4467.1,49.6606,10.9054,4472.72,4472.9,4.239,0.1046,0.0000062500,0.0007000000,383.5,0.1
2026-09-04T11:27:06.483+00:00,B_sell_A_buy,12.5729,6.6729,4467.0,4467.1,49.6606,10.9054,4472.72,4472.9,4.239,2.1046,0.0000062500,0.0007000000,545.8,0.1
2026-09-04T11:27:06.494+00:00,B_sell_A_buy,12.5729,6.6729,4467.0,4467.1,49.6606,10.9054,4472.72,4472.9,4.239,0.1046,0.0000062500,0.0007000000,556.8,0.0
2026-09-04T11:27:06.708+00:00,B_sell_A_buy,12.5729,6.6729,4467.0,4467.1,49.6607,10.9054,4472.72,4472.9,4.239,0.1046,0.0000062500,0.0007000000,0.1,214.9
2026-09-04T11:27:06.767+00:00,B_sell_A_buy,12.5729,6.6729,4467.0,4467.1,47.6607,10.9054,4472.72,4472.9,4.239,0.1046,0.0000062500,0.0007000000,0.0,273.0
2026-09-04T11:27:07.274+00:00,B_sell_A_buy,12.5729,6.6729,4467.0,4467.1,49.6607,10.9054,4472.72,4472.9,4.239,0.1046,0.0000062500,0.0007000000,0.1,780.2
2026-09-04T11:27:07.508+00:00,B_sell_A_buy,12.5729,6.6729,4467.0,4467.1,49.6607,10.9054,4472.72,4472.9,4.239,2.1046,0.0000062500,0.0007000000,234.3,0.1
2026-09-04T11:27:07.517+00:00,B_sell_A_buy,12.5729,6.6729,4467.0,4467.1,47.6607,10.9054,4472.72,4472.9,4.239,2.1046,0.0000062500,0.0007000000,0.0,8.5
2026-09-04T11:27:07.786+00:00,B_sell_A_buy,12.5729,6.6729,4467.0,4467.1,47.6606,10.9054,4472.72,4472.9,4.239,2.1046,0.0000062500,0.0007000000,0.1,277.9
2026-09-04T11:27:07.835+00:00,B_sell_A_buy,12.6176,6.7176,4467.0,4467.1,47.6606,10.9054,4472.74,4472.9,0.1527,2.1046,0.0000062500,0.0007000000,49.2,0.1
2026-09-04T11:27:08.035+00:00,B_sell_A_buy,12.6176,6.7176,4467.0,4467.1,49.6606,10.9054,4472.74,4472.9,0.1527,2.1046,0.0000062500,0.0007000000,0.1,200.5
2026-09-04T11:27:08.617+00:00,B_sell_A_buy,12.6176,6.7176,4467.0,4467.1,49.6606,10.9054,4472.74,4472.9,0.1527,0.1046,0.0000062500,0.0007000000,581.2,0.1
2026-09-04T11:27:08.649+00:00,B_sell_A_buy,12.6176,6.7176,4467.0,4467.1,49.6606,10.9054,4472.74,4472.9,0.1527,2.1046,0.0000062500,0.0007000000,613.4,0.1
2026-09-04T11:27:08.660+00:00,B_sell_A_buy,12.6176,6.7176,4467.0,4467.1,49.6606,10.9054,4472.74,4472.9,0.1527,0.1046,0.0000062500,0.0007000000,624.4,0.1
2026-09-04T11:27:09.855+00:00,B_sell_A_buy,12.6176,6.7176,4467.0,4467.1,49.6606,10.9054,4472.74,4472.9,0.1527,2.1046,0.0000062500,0.0007000000,1818.8,0.1
2026-09-04T11:27:10.811+00:00,B_sell_A_buy,12.6176,6.7176,4467.0,4467.1,49.6606,11.1106,4472.74,4472.9,0.1527,2.1046,0.0000062500,0.0007000000,0.1,956.5
2026-09-04T11:27:11.569+00:00,B_sell_A_buy,12.6176,6.7176,4467.0,4467.1,49.6606,11.1106,4472.74,4472.9,0.1527,0.1046,0.0000062500,0.0007000000,757.6,0.1
2026-09-04T11:27:11.592+00:00,B_sell_A_buy,12.6176,6.7176,4467.0,4467.1,49.6606,11.1106,4472.74,4472.9,0.1527,2.1046,0.0000062500,0.0007000000,780.6,0.1
2026-09-04T11:27:11.599+00:00,B_sell_A_buy,12.6176,6.7176,4467.0,4467.1,49.6606,11.1106,4472.74,4472.9,0.1527,0.1046,0.0000062500,0.0007000000,787.7,0.0
2026-09-04T11:27:12.457+00:00,B_sell_A_buy,12.6176,6.7176,4467.0,4467.1,49.5373,11.1106,4472.74,4472.9,0.1527,0.1046,0.0000062500,0.0007000000,0.1,858.5
2026-09-04T11:27:12.608+00:00,B_sell_A_buy,12.6176,6.7176,4467.0,4467.1,49.5373,11.1106,4472.74,4472.9,0.1527,2.1046,0.0000062500,0.0007000000,150.6,0.1
2026-09-04T11:27:12.732+00:00,B_sell_A_buy,12.5729,6.6729,4467.0,4467.1,49.5373,11.1106,4472.72,4472.9,4.239,2.1046,0.0000062500,0.0007000000,275.0,0.1
2026-09-04T11:27:12.740+00:00,B_sell_A_buy,12.5729,6.6729,4467.0,4467.1,49.5373,11.1106,4472.72,4472.9,4.239,0.1046,0.0000062500,0.0007000000,282.9,0.0
2026-09-04T11:27:12.858+00:00,B_sell_A_buy,12.5729,6.6729,4467.0,4467.1,49.5373,11.1106,4472.72,4472.9,4.239,2.1046,0.0000062500,0.0007000000,400.4,0.0
2026-09-04T11:27:12.931+00:00,B_sell_A_buy,12.5729,6.6729,4467.0,4467.1,49.5168,11.1106,4472.72,4472.9,4.239,2.1046,0.0000062500,0.0007000000,0.1,73.1
2026-09-04T11:27:13.166+00:00,B_sell_A_buy,12.5729,6.6729,4467.0,4467.1,47.5168,11.1106,4472.72,4472.9,4.239,2.1046,0.0000062500,0.0007000000,0.1,308.6
2026-09-04T11:27:13.231+00:00,B_sell_A_buy,12.5729,6.6729,4467.0,4467.1,47.7406,11.1106,4472.72,4472.9,4.239,2.1046,0.0000062500,0.0007000000,0.1,373.1
2026-09-04T11:27:13.507+00:00,B_sell_A_buy,12.5729,6.6729,4467.0,4467.1,49.7406,11.1106,4472.72,4472.9,4.239,2.1046,0.0000062500,0.0007000000,0.1,649.1
2026-09-04T11:27:13.636+00:00,B_sell_A_buy,12.5729,6.6729,4467.0,4467.1,47.7406,11.1106,4472.72,4472.9,4.239,2.1046,0.0000062500,0.0007000000,0.1,778.1
2026-09-04T11:27:14.076+00:00,B_sell_A_buy,12.5729,6.6729,4467.0,4467.1,49.7406,11.1106,4472.72,4472.9,4.239,2.1046,0.0000062500,0.0007000000,0.1,1219.0
2026-09-04T11:27:14.101+00:00,B_sell_A_buy,12.5729,6.6729,4467.0,4467.1,47.7406,11.1106,4472.72,4472.9,4.239,2.1046,0.0000062500,0.0007000000,0.1,1244.6
2026-09-04T11:27:14.843+00:00,B_sell_A_buy,12.5729,6.6729,4467.0,4467.1,47.7406,11.1106,4472.72,4472.9,1.0036,2.1046,0.0000062500,0.0007000000,741.5,0.1
2026-09-04T11:27:14.848+00:00,B_sell_A_buy,12.2374,6.3374,4467.0,4467.1,47.7406,11.1106,4472.57,4472.9,1.0036,2.1046,0.0000062500,0.0007000000,745.8,0.0
2026-09-04T11:27:14.848+00:00,B_sell_A_buy,12.2375,6.3375,4467.0,4467.1,47.7406,11.1106,4472.57,4472.82,1.0036,1.859,0.0000062500,0.0007000000,745.8,0.1
2026-09-04T11:27:14.865+00:00,B_sell_A_buy,12.2375,6.3375,4467.0,4467.1,47.7406,11.1106,4472.57,4472.82,1.0036,3.859,0.0000062500,0.0007000000,762.6,0.0
2026-09-04T11:27:14.894+00:00,B_sell_A_buy,12.2375,6.3375,4467.0,4467.1,47.7406,11.1106,4472.57,4472.81,1.0036,0.1046,0.0000062500,0.0007000000,792.6,0.1
2026-09-04T11:27:14.899+00:00,B_sell_A_buy,12.2375,6.3375,4467.0,4467.1,47.7406,11.1106,4472.57,4472.81,1.0036,2.3047,0.0000062500,0.0007000000,797.2,0.0
2026-09-04T11:27:14.909+00:00,B_sell_A_buy,12.2375,6.3375,4467.0,4467.1,47.7406,11.1106,4472.57,4472.81,1.0036,4.3047,0.0000062500,0.0007000000,807.2,0.0
2026-09-04T11:27:14.948+00:00,B_sell_A_buy,12.2375,6.3375,4467.0,4467.1,47.7406,11.1106,4472.57,4472.81,1.0036,2.1046,0.0000062500,0.0007000000,846.1,0.0
2026-09-04T11:27:15.104+00:00,B_sell_A_buy,12.2375,6.3375,4467.0,4467.1,45.3676,11.1106,4472.57,4472.81,1.0036,2.1046,0.0000062500,0.0007000000,0.0,156.5
2026-09-04T11:27:15.255+00:00,B_sell_A_buy,12.2375,6.3375,4467.0,4467.1,39.5806,11.1106,4472.57,4472.81,1.0036,2.1046,0.0000062500,0.0007000000,0.0,308.0
2026-09-04T11:27:15.345+00:00,B_sell_A_buy,12.2375,6.3375,4467.0,4467.1,36.4298,13.1106,4472.57,4472.81,1.0036,2.1046,0.0000062500,0.0007000000,0.1,397.1
2026-09-04T11:27:15.383+00:00,B_sell_A_buy,12.2375,6.3375,4467.0,4467.1,36.4298,15.1106,4472.57,4472.81,1.0036,2.1046,0.0000062500,0.0007000000,0.0,434.7
2026-09-04T11:27:15.446+00:00,B_sell_A_buy,12.2375,6.3375,4467.0,4467.1,36.4298,16.9014,4472.57,4472.81,1.0036,2.1046,0.0000062500,0.0007000000,0.0,497.9
2026-09-04T11:27:15.657+00:00,B_sell_A_buy,12.2375,6.3375,4467.0,4467.1,36.3028,14.9014,4472.57,4472.81,1.0036,2.1046,0.0000062500,0.0007000000,0.1,708.7
2026-09-04T11:27:17.338+00:00,B_sell_A_buy,12.2376,6.3376,4467.0,4467.1,36.3028,14.9014,4472.57,4472.67,1.0036,2.3578,0.0000062500,0.0007000000,1681.8,0.1
2026-09-04T11:27:17.358+00:00,B_sell_A_buy,12.2376,6.3376,4467.0,4467.1,36.3028,14.9014,4472.57,4472.67,1.0036,4.3578,0.0000062500,0.0007000000,1701.7,0.1
2026-09-04T11:27:17.363+00:00,B_sell_A_buy,12.2376,6.3376,4467.0,4467.1,36.3028,14.9014,4472.57,4472.67,1.0036,2.0,0.0000062500,0.0007000000,1707.1,0.1
2026-09-04T11:27:17.378+00:00,B_sell_A_buy,12.2375,6.3375,4467.0,4467.1,36.3028,14.9014,4472.57,4472.81,1.0036,2.1046,0.0000062500,0.0007000000,1721.9,0.0
2026-09-04T11:27:17.389+00:00,B_sell_A_buy,12.2376,6.3376,4467.0,4467.1,36.3028,14.9014,4472.57,4472.7,1.0036,0.1046,0.0000062500,0.0007000000,1733.2,0.0
2026-09-04T11:27:17.407+00:00,B_sell_A_buy,12.2376,6.3376,4467.0,4467.1,36.3028,14.9014,4472.57,4472.7,1.0036,2.1046,0.0000062500,0.0007000000,1750.9,0.0
2026-09-04T11:27:18.346+00:00,B_sell_A_buy,11.3654,5.4654,4467.0,4467.1,39.0109,14.9014,4472.18,4472.51,1.6228,0.0233,0.0000062500,0.0007000000,0.0,4.6
2026-09-04T11:27:18.351+00:00,B_sell_A_buy,11.3654,5.4654,4467.0,4467.1,39.0109,14.9014,4472.18,4472.5,1.6228,1.0196,0.0000062500,0.0007000000,4.6,0.0
2026-09-04T11:27:18.363+00:00,B_sell_A_buy,11.3654,5.4654,4467.0,4467.1,39.0109,14.9014,4472.18,4472.51,1.6228,0.9031,0.0000062500,0.0007000000,16.7,0.1
2026-09-04T11:27:18.375+00:00,B_sell_A_buy,11.3654,5.4654,4467.0,4467.1,39.0109,14.9014,4472.18,4472.51,1.6228,0.0233,0.0000062500,0.0007000000,29.2,0.0
2026-09-04T11:27:18.404+00:00,B_sell_A_buy,11.3654,5.4654,4467.0,4467.1,39.0109,14.9014,4472.18,4472.51,1.6228,0.991,0.0000062500,0.0007000000,57.9,0.0
2026-09-04T11:27:18.409+00:00,B_sell_A_buy,11.3654,5.4654,4467.0,4467.1,39.0109,14.9014,4472.18,4472.51,1.6228,2.991,0.0000062500,0.0007000000,63.3,0.0
2026-09-04T11:27:18.422+00:00,B_sell_A_buy,11.3654,5.4654,4467.0,4467.1,39.0109,14.9014,4472.18,4472.51,1.0036,2.991,0.0000062500,0.0007000000,76.6,0.0
2026-09-04T11:27:18.483+00:00,B_sell_A_buy,11.3655,5.4655,4467.0,4467.1,39.0109,14.9014,4472.18,4472.39,1.0036,1.0935,0.0000062500,0.0007000000,136.4,0.1
2026-09-04T11:27:18.500+00:00,B_sell_A_buy,11.3655,5.4655,4467.0,4467.1,39.0109,14.9014,4472.18,4472.39,1.0036,3.0935,0.0000062500,0.0007000000,154.0,0.1
2026-09-04T11:27:18.571+00:00,B_sell_A_buy,11.3655,5.4655,4467.0,4467.1,39.0109,14.9014,4472.18,4472.38,1.0036,0.1046,0.0000062500,0.0007000000,224.9,0.1
2026-09-04T11:27:18.578+00:00,B_sell_A_buy,11.3655,5.4655,4467.0,4467.1,36.3028,14.9014,4472.18,4472.38,1.0036,0.1046,0.0000062500,0.0007000000,0.0,7.6
2026-09-04T11:27:18.584+00:00,B_sell_A_buy,11.3655,5.4655,4467.0,4467.1,36.3028,14.9014,4472.18,4472.38,1.0036,2.1046,0.0000062500,0.0007000000,5.4,0.0
2026-09-04T11:27:18.726+00:00,B_sell_A_buy,11.3655,5.4655,4467.0,4467.1,2.011,21.7064,4472.18,4472.38,1.0036,2.1046,0.0000062500,0.0007000000,0.1,141.7
2026-09-04T11:27:19.407+00:00,B_sell_A_buy,10.9405,5.0405,4467.0,4467.1,2.011,21.7064,4471.99,4472.38,1.8586,2.1046,0.0000062500,0.0007000000,680.7,0.1
2026-09-04T11:27:19.407+00:00,B_sell_A_buy,10.9406,5.0406,4467.0,4467.1,2.011,21.7064,4471.99,4472.23,1.8586,1.9384,0.0000062500,0.0007000000,680.8,0.2
2026-09-04T11:27:19.442+00:00,B_sell_A_buy,10.9854,5.0854,4467.0,4467.1,2.011,21.7064,4472.01,4472.23,1.0036,1.9384,0.0000062500,0.0007000000,716.4,0.1
2026-09-04T11:27:19.452+00:00,B_sell_A_buy,10.9854,5.0854,4467.0,4467.1,2.011,21.7064,4472.01,4472.23,1.0036,3.9384,0.0000062500,0.0007000000,725.6,0.1
2026-09-04T11:27:19.549+00:00,B_sell_A_buy,11.0301,5.1301,4467.0,4467.1,2.011,21.7064,4472.03,4472.23,3.2354,3.9384,0.0000062500,0.0007000000,822.9,0.1
2026-09-04T11:27:19.586+00:00,B_sell_A_buy,11.0748,5.1748,4467.0,4467.1,2.011,21.7064,4472.05,4472.23,1.0036,3.9384,0.0000062500,0.0007000000,861.0,0.1
2026-09-04T11:27:19.648+00:00,B_sell_A_buy,11.0748,5.1748,4467.0,4467.1,2.011,22.0795,4472.05,4472.23,1.0036,3.9384,0.0000062500,0.0007000000,0.0,60.7
2026-09-04T11:27:19.790+00:00,B_sell_A_buy,11.0748,5.1748,4467.0,4467.1,1.1161,22.0795,4472.05,4472.23,1.0036,3.9384,0.0000062500,0.0007000000,0.1,203.7
2026-09-04T11:27:20.865+00:00,B_sell_A_buy,11.0748,5.1748,4467.0,4467.1,1.1161,22.2206,4472.05,4472.23,1.0036,3.9384,0.0000062500,0.0007000000,0.1,1278.4
2026-09-04T11:27:21.553+00:00,B_sell_A_buy,11.0748,5.1748,4467.0,4467.1,1.1161,22.2179,4472.05,4472.23,1.0036,3.9384,0.0000062500,0.0007000000,0.1,1966.5
2026-09-04T11:27:21.743+00:00,B_sell_A_buy,11.0748,5.1748,4467.0,4467.1,1.1161,22.2179,4472.05,4472.23,1.0036,2.0,0.0000062500,0.0007000000,189.8,0.1
2026-09-04T11:27:21.753+00:00,B_sell_A_buy,11.0748,5.1748,4467.0,4467.1,1.1161,22.2179,4472.05,4472.26,1.0036,2.1046,0.0000062500,0.0007000000,200.2,0.1
2026-09-04T11:27:21.942+00:00,B_sell_A_buy,11.0748,5.1748,4467.0,4467.1,1.1161,22.2179,4472.05,4472.23,1.0036,2.595,0.0000062500,0.0007000000,389.2,0.1
2026-09-04T11:27:21.948+00:00,B_sell_A_buy,11.0748,5.1748,4467.0,4467.1,1.1161,22.2179,4472.05,4472.26,1.0036,2.1046,0.0000062500,0.0007000000,395.0,0.1
2026-09-04T11:27:21.960+00:00,B_sell_A_buy,11.0748,5.1748,4467.0,4467.1,1.1161,22.2179,4472.05,4472.23,1.0036,2.0,0.0000062500,0.0007000000,406.5,0.0
2026-09-04T11:27:22.300+00:00,B_sell_A_buy,10.8735,4.9735,4467.0,4467.1,1.1161,22.2179,4471.96,4472.23,3.224,2.0,0.0000062500,0.0007000000,747.1,0.1
2026-09-04T11:27:22.300+00:00,B_sell_A_buy,10.8512,4.9512,4467.0,4467.1,1.1161,22.2179,4471.95,4472.23,0.6879,2.0,0.0000062500,0.0007000000,747.2,0.1
2026-09-04T11:27:22.308+00:00,B_sell_A_buy,10.8512,4.9512,4467.0,4467.1,1.1161,22.2179,4471.95,4472.22,0.6879,1.3042,0.0000062500,0.0007000000,755.0,0.1
2026-09-04T11:27:22.315+00:00,B_sell_A_buy,10.7170,4.8170,4467.0,4467.1,1.1161,22.2179,4471.89,4472.22,0.2007,1.3042,0.0000062500,0.0007000000,762.1,0.0
2026-09-04T11:27:22.337+00:00,B_sell_A_buy,10.7617,4.8617,4467.0,4467.1,1.1161,22.2179,4471.91,4472.22,1.0036,1.3042,0.0000062500,0.0007000000,784.2,0.1
2026-09-04T11:27:22.618+00:00,B_sell_A_buy,10.3814,4.4814,4467.0,4467.1,1.1161,22.2179,4471.74,4472.22,0.6879,1.3042,0.0000062500,0.0007000000,1064.8,0.1
2026-09-04T11:27:22.622+00:00,B_sell_A_buy,10.3816,4.4816,4467.0,4467.1,1.1161,22.2179,4471.74,4472.01,0.6879,0.7189,0.0000062500,0.0007000000,1068.3,0.1
2026-09-04T11:27:22.641+00:00,B_sell_A_buy,10.4263,4.5263,4467.0,4467.1,1.1161,22.2179,4471.76,4472.01,1.0036,0.7189,0.0000062500,0.0007000000,1087.8,0.0
2026-09-04T11:27:22.691+00:00,B_sell_A_buy,10.4263,4.5263,4467.0,4467.1,1.1161,22.2179,4471.76,4472.0,1.0036,0.1046,0.0000062500,0.0007000000,1137.7,0.0
2026-09-04T11:27:22.691+00:00,B_sell_A_buy,10.4263,4.5263,4467.0,4467.1,0.6138,28.1694,4471.76,4472.0,1.0036,0.1046,0.0000062500,0.0007000000,0.0,0.1
2026-09-04T11:27:22.765+00:00,B_sell_A_buy,10.4263,4.5263,4467.0,4467.1,0.6138,31.8407,4471.76,4472.0,1.0036,0.1046,0.0000062500,0.0007000000,0.0,74.3
2026-09-04T11:27:22.968+00:00,B_sell_A_buy,10.4263,4.5263,4467.0,4467.1,0.6138,31.8407,4471.76,4472.0,1.0036,2.1046,0.0000062500,0.0007000000,202.9,0.1
2026-09-04T11:27:23.100+00:00,B_sell_A_buy,10.4263,4.5263,4467.0,4467.1,0.4476,31.8407,4471.76,4472.0,1.0036,2.1046,0.0000062500,0.0007000000,0.1,132.3
2026-09-04T11:27:23.172+00:00,B_sell_A_buy,10.4263,4.5263,4467.0,4467.1,0.4476,32.1214,4471.76,4472.0,1.0036,2.1046,0.0000062500,0.0007000000,0.1,204.3
2026-09-04T11:27:23.410+00:00,B_sell_A_buy,10.4263,4.5263,4467.0,4467.1,0.4476,31.7483,4471.76,4472.0,1.0036,2.1046,0.0000062500,0.0007000000,0.1,442.1
2026-09-04T11:27:31.828+00:00,B_sell_A_buy,10.4263,4.5263,4467.0,4467.1,0.2238,31.7483,4471.76,4472.0,1.0036,2.1022,0.0000062500,0.0007000000,1001.8,0.1
2026-09-04T11:27:32.725+00:00,B_sell_A_buy,10.2921,4.3921,4467.0,4467.1,0.2238,31.7483,4471.7,4472.0,0.3061,2.1022,0.0000062500,0.0007000000,1899.1,0.1
2026-09-04T11:27:32.754+00:00,B_sell_A_buy,10.2921,4.3921,4467.0,4467.1,0.2238,31.7483,4471.7,4472.0,1.1282,2.1022,0.0000062500,0.0007000000,1928.0,0.1
2026-09-04T11:27:33.232+00:00,B_sell_A_buy,10.5381,4.6381,4467.0,4467.1,0.2238,29.1546,4471.81,4472.0,3.2354,0.1022,0.0000062500,0.0007000000,0.1,339.1
2026-09-04T11:27:33.570+00:00,B_sell_A_buy,10.5384,4.6384,4466.6,4467.1,3.3082,29.1546,4471.81,4472.0,3.2354,0.1022,0.0000062500,0.0007000000,0.1,676.5
2026-09-04T11:27:33.690+00:00,B_sell_A_buy,10.5384,4.6384,4466.6,4467.1,25.6964,29.1546,4471.81,4472.0,3.2354,0.1022,0.0000062500,0.0007000000,0.1,796.5
2026-09-04T11:27:33.763+00:00,B_sell_A_buy,10.7622,4.8622,4466.6,4467.0,25.6964,0.2239,4471.81,4472.0,3.2354,0.1022,0.0000062500,0.0007000000,0.1,869.3
2026-09-04T11:27:33.826+00:00,B_sell_A_buy,11.2097,5.3097,4466.7,4466.8,1.7908,0.2585,4471.81,4472.0,3.2354,0.1022,0.0000062500,0.0007000000,0.1,933.0
2026-09-04T11:27:33.899+00:00,B_sell_A_buy,11.2097,5.3097,4466.7,4466.8,1.7908,0.8996,4471.81,4472.0,3.2354,0.1022,0.0000062500,0.0007000000,0.1,1005.1
2026-09-04T11:27:34.092+00:00,B_sell_A_buy,11.2097,5.3097,4466.7,4466.8,2.2487,0.8996,4471.81,4472.0,3.2354,0.1022,0.0000062500,0.0007000000,0.1,1198.7
2026-09-04T11:27:34.128+00:00,B_sell_A_buy,11.2097,5.3097,4466.7,4466.8,3.6779,2.6905,4471.81,4472.0,3.2354,0.1022,0.0000062500,0.0007000000,0.0,1234.8
2026-09-04T11:27:34.223+00:00,B_sell_A_buy,11.2097,5.3097,4466.7,4466.8,3.6779,6.6905,4471.81,4472.0,3.2354,0.1022,0.0000062500,0.0007000000,0.1,1329.0
2026-09-04T11:27:34.560+00:00,B_sell_A_buy,11.2097,5.3097,4466.7,4466.8,3.6779,13.5166,4471.81,4472.0,3.2354,0.1022,0.0000062500,0.0007000000,0.1,1667.2
2026-09-04T11:27:38.490+00:00,B_sell_A_buy,11.3439,5.4439,4466.7,4466.8,6.3864,13.4969,4471.87,4472.06,1.0605,0.1022,0.0000062500,0.0007000000,0.0,81.5
2026-09-04T11:27:38.498+00:00,B_sell_A_buy,11.3439,5.4439,4466.7,4466.8,29.0478,11.4969,4471.87,4472.06,1.0605,0.1022,0.0000062500,0.0007000000,0.0,90.1
2026-09-04T11:27:39.301+00:00,B_sell_A_buy,11.3439,5.4439,4466.7,4466.8,29.0478,11.273,4471.87,4472.06,1.0605,0.1022,0.0000062500,0.0007000000,0.1,892.3
2026-09-04T11:27:39.361+00:00,B_sell_A_buy,11.3439,5.4439,4466.7,4466.8,29.0478,11.4969,4471.87,4472.06,1.0605,0.1022,0.0000062500,0.0007000000,0.1,951.9
2026-09-04T11:27:39.648+00:00,B_sell_A_buy,11.3439,5.4439,4466.7,4466.8,29.0478,11.4969,4471.87,4472.06,0.2361,0.1022,0.0000062500,0.0007000000,287.4,0.1
2026-09-04T11:27:39.765+00:00,B_sell_A_buy,11.3439,5.4439,4466.7,4466.8,29.0478,11.273,4471.87,4472.06,0.2361,0.1022,0.0000062500,0.0007000000,0.1,116.5
2026-09-04T11:27:39.814+00:00,B_sell_A_buy,11.3215,5.4215,4466.7,4466.8,29.0478,11.273,4471.86,4472.06,0.1379,0.1022,0.0000062500,0.0007000000,49.2,0.1
2026-09-04T11:27:40.057+00:00,B_sell_A_buy,11.3215,5.4215,4466.7,4466.8,29.0478,11.4969,4471.86,4472.06,0.1379,0.1022,0.0000062500,0.0007000000,0.1,243.1
2026-09-04T11:27:40.279+00:00,B_sell_A_buy,11.3215,5.4215,4466.7,4466.8,29.0478,13.4969,4471.86,4472.06,0.1379,0.1022,0.0000062500,0.0007000000,0.1,465.8
2026-09-04T11:27:40.303+00:00,B_sell_A_buy,11.3215,5.4215,4466.7,4466.8,29.0478,13.4969,4471.86,4472.06,0.1379,2.1022,0.0000062500,0.0007000000,23.9,0.1
2026-09-04T11:27:40.744+00:00,B_sell_A_buy,11.3215,5.4215,4466.7,4466.8,29.0478,15.4969,4471.86,4472.06,0.1379,2.1022,0.0000062500,0.0007000000,0.1,440.6
2026-09-04T11:27:40.935+00:00,B_sell_A_buy,11.3215,5.4215,4466.7,4466.8,29.0478,15.4969,4471.86,4472.06,0.1379,0.1022,0.0000062500,0.0007000000,191.1,0.1
2026-09-04T11:27:40.999+00:00,B_sell_A_buy,11.3215,5.4215,4466.7,4466.8,29.0478,15.4969,4471.86,4472.06,0.1379,2.1022,0.0000062500,0.0007000000,255.4,0.1
2026-09-04T11:27:41.006+00:00,B_sell_A_buy,11.3215,5.4215,4466.7,4466.8,29.0478,15.4969,4471.86,4472.06,0.1379,0.1022,0.0000062500,0.0007000000,262.4,0.0
2026-09-04T11:27:41.313+00:00,B_sell_A_buy,11.3215,5.4215,4466.7,4466.8,29.0478,15.4969,4471.86,4472.06,0.1379,2.1022,0.0000062500,0.0007000000,569.8,0.1
2026-09-04T11:27:41.803+00:00,B_sell_A_buy,11.3215,5.4215,4466.7,4466.8,29.2717,15.273,4471.86,4472.06,0.1379,2.1022,0.0000062500,0.0007000000,0.1,489.8
2026-09-04T11:27:41.803+00:00,B_sell_A_buy,11.3215,5.4215,4466.7,4466.8,29.0478,15.273,4471.86,4472.06,0.1379,2.1022,0.0000062500,0.0007000000,0.2,489.9
2026-09-04T11:27:41.803+00:00,B_sell_A_buy,11.3215,5.4215,4466.7,4466.8,29.0478,15.4969,4471.86,4472.06,0.1379,2.1022,0.0000062500,0.0007000000,0.2,489.9
2026-09-04T11:27:42.685+00:00,B_sell_A_buy,11.3215,5.4215,4466.7,4466.8,29.0478,17.4969,4471.86,4472.06,0.1379,2.1022,0.0000062500,0.0007000000,0.1,1371.7
2026-09-04T11:27:43.045+00:00,B_sell_A_buy,11.3215,5.4215,4466.7,4466.8,29.2717,17.4969,4471.86,4472.06,0.1379,2.1022,0.0000062500,0.0007000000,0.1,1732.2
2026-09-04T11:27:46.061+00:00,B_sell_A_buy,11.3215,5.4215,4466.7,4466.8,29.0478,17.273,4471.86,4472.06,0.1379,2.1022,0.0000062500,0.0007000000,0.1,98.6
2026-09-04T11:27:46.228+00:00,B_sell_A_buy,11.3215,5.4215,4466.7,4466.8,29.0478,15.273,4471.86,4472.06,0.1379,2.1022,0.0000062500,0.0007000000,0.1,265.3
2026-09-04T11:27:46.463+00:00,B_sell_A_buy,11.3215,5.4215,4466.7,4466.8,29.2717,15.4969,4471.86,4472.06,0.1379,2.1022,0.0000062500,0.0007000000,0.1,501.1
2026-09-04T11:27:46.812+00:00,B_sell_A_buy,11.3215,5.4215,4466.7,4466.8,29.2717,17.4969,4471.86,4472.06,0.1379,2.1022,0.0000062500,0.0007000000,0.1,849.5
2026-09-04T11:27:46.822+00:00,B_sell_A_buy,11.3215,5.4215,4466.7,4466.8,29.0478,17.4969,4471.86,4472.06,0.1379,2.1022,0.0000062500,0.0007000000,0.1,859.5
2026-09-04T11:27:46.914+00:00,B_sell_A_buy,11.7242,5.8242,4466.7,4466.8,29.0478,17.4969,4472.04,4472.06,3.2354,2.1022,0.0000062500,0.0007000000,92.6,0.1
2026-09-04T11:27:46.924+00:00,B_sell_A_buy,11.7242,5.8242,4466.7,4466.8,29.0478,17.4969,4472.04,4472.06,3.2354,2.0,0.0000062500,0.0007000000,101.9,0.1
2026-09-04T11:27:46.924+00:00,B_sell_A_buy,11.7241,5.8241,4466.7,4466.8,29.0478,17.4969,4472.04,4472.21,3.2354,0.0357,0.0000062500,0.0007000000,102.0,0.1
2026-09-04T11:27:46.941+00:00,B_sell_A_buy,11.7241,5.8241,4466.7,4466.8,29.0478,17.4969,4472.04,4472.14,3.2354,0.1022,0.0000062500,0.0007000000,118.6,0.0
2026-09-04T11:27:47.288+00:00,B_sell_A_buy,11.7241,5.8241,4466.7,4466.8,29.0478,13.5018,4472.04,4472.14,3.2354,0.1022,0.0000062500,0.0007000000,0.1,347.0
2026-09-04T11:27:47.293+00:00,B_sell_A_buy,11.7465,5.8465,4466.7,4466.8,29.0478,13.5018,4472.05,4472.14,0.1948,0.1022,0.0000062500,0.0007000000,5.6,0.0
2026-09-04T11:27:47.468+00:00,B_sell_A_buy,11.7465,5.8465,4466.7,4466.8,30.1114,12.8607,4472.05,4472.14,0.1948,0.1022,0.0000062500,0.0007000000,0.1,175.2
2026-09-04T11:27:47.536+00:00,B_sell_A_buy,11.7465,5.8465,4466.7,4466.8,30.1114,10.8607,4472.05,4472.14,0.1948,0.1022,0.0000062500,0.0007000000,0.0,243.3
2026-09-04T11:27:47.984+00:00,B_sell_A_buy,11.7465,5.8465,4466.7,4466.8,30.1114,12.8607,4472.05,4472.14,0.1948,0.1022,0.0000062500,0.0007000000,0.1,691.3
2026-09-04T11:27:48.175+00:00,B_sell_A_buy,11.7465,5.8465,4466.7,4466.8,30.1114,14.6517,4472.05,4472.14,0.1948,0.1022,0.0000062500,0.0007000000,0.1,881.5
2026-09-04T11:27:48.321+00:00,B_sell_A_buy,11.7464,5.8464,4466.7,4466.8,30.1114,14.6517,4472.05,4472.33,0.1948,0.0432,0.0000062500,0.0007000000,146.3,0.1
2026-09-04T11:27:48.334+00:00,B_sell_A_buy,11.7464,5.8464,4466.7,4466.8,30.1114,14.6517,4472.05,4472.21,0.1948,0.1022,0.0000062500,0.0007000000,159.3,0.1
2026-09-04T11:27:48.362+00:00,B_sell_A_buy,11.7464,5.8464,4466.7,4466.8,30.1114,14.6517,4472.05,4472.32,0.1948,0.1022,0.0000062500,0.0007000000,187.6,0.0
2026-09-04T11:27:48.465+00:00,B_sell_A_buy,11.7464,5.8464,4466.7,4466.8,30.1114,14.6517,4472.05,4472.32,0.1948,2.1022,0.0000062500,0.0007000000,290.7,0.1
2026-09-04T11:27:48.683+00:00,B_sell_A_buy,11.7464,5.8464,4466.7,4466.8,33.2456,12.6517,4472.05,4472.32,0.1948,2.1022,0.0000062500,0.0007000000,0.1,217.4
2026-09-04T11:27:48.871+00:00,B_sell_A_buy,12.0595,6.1595,4466.7,4466.8,33.2456,12.6517,4472.19,4472.32,0.1763,2.1022,0.0000062500,0.0007000000,188.4,0.1
2026-09-04T11:27:48.894+00:00,B_sell_A_buy,12.0595,6.1595,4466.7,4466.8,33.2456,12.6517,4472.19,4472.32,0.1763,0.1022,0.0000062500,0.0007000000,211.7,0.1
2026-09-04T11:27:48.902+00:00,B_sell_A_buy,11.7240,5.8240,4466.7,4466.8,33.2456,12.6517,4472.04,4472.32,3.2354,0.1022,0.0000062500,0.0007000000,219.6,0.0
2026-09-04T11:27:48.966+00:00,B_sell_A_buy,11.7240,5.8240,4466.7,4466.8,33.2456,12.6517,4472.04,4472.32,3.2354,2.1022,0.0000062500,0.0007000000,283.6,0.0
2026-09-04T11:27:49.077+00:00,B_sell_A_buy,11.7240,5.8240,4466.7,4466.8,33.2456,14.6517,4472.04,4472.32,3.2354,2.1022,0.0000062500,0.0007000000,0.1,110.7
2026-09-04T11:27:49.345+00:00,B_sell_A_buy,11.7240,5.8240,4466.7,4466.8,33.2456,12.6517,4472.04,4472.32,3.2354,2.1022,0.0000062500,0.0007000000,0.1,379.1
2026-09-04T11:27:49.377+00:00,B_sell_A_buy,11.8582,5.9582,4466.7,4466.8,33.2456,12.6517,4472.1,4472.32,0.2854,2.1022,0.0000062500,0.0007000000,32.0,0.0
2026-09-04T11:27:49.693+00:00,B_sell_A_buy,11.8582,5.9582,4466.7,4466.8,33.2456,12.6517,4472.1,4472.32,0.2854,0.1022,0.0000062500,0.0007000000,347.7,0.1
2026-09-04T11:27:49.838+00:00,B_sell_A_buy,11.8582,5.9582,4466.7,4466.8,33.2456,14.6517,4472.1,4472.32,0.2854,0.1022,0.0000062500,0.0007000000,0.1,145.2
2026-09-04T11:27:50.024+00:00,B_sell_A_buy,11.8582,5.9582,4466.7,4466.8,33.2456,12.6133,4472.1,4472.32,0.2854,0.1022,0.0000062500,0.0007000000,0.1,331.4
2026-09-04T11:27:50.347+00:00,B_sell_A_buy,11.8582,5.9582,4466.7,4466.8,33.2456,14.6133,4472.1,4472.32,0.2854,0.1022,0.0000062500,0.0007000000,0.1,654.4
2026-09-04T11:27:50.421+00:00,B_sell_A_buy,11.8582,5.9582,4466.7,4466.8,33.2456,14.6133,4472.1,4472.32,0.2854,2.1022,0.0000062500,0.0007000000,74.6,0.1
2026-09-04T11:27:50.719+00:00,B_sell_A_buy,11.8582,5.9582,4466.7,4466.8,33.2456,14.6133,4472.1,4472.32,0.2854,0.1022,0.0000062500,0.0007000000,371.5,0.1
2026-09-04T11:27:51.396+00:00,B_sell_A_buy,11.8582,5.9582,4466.7,4466.8,33.4695,14.6133,4472.1,4472.32,0.2854,0.1022,0.0000062500,0.0007000000,0.1,678.8
2026-09-04T11:27:51.421+00:00,B_sell_A_buy,11.7240,5.8240,4466.7,4466.8,33.4695,14.6133,4472.04,4472.32,3.2354,0.1022,0.0000062500,0.0007000000,23.9,0.1
2026-09-04T11:27:51.466+00:00,B_sell_A_buy,11.7240,5.8240,4466.7,4466.8,33.4695,14.6133,4472.04,4472.32,3.2354,2.1022,0.0000062500,0.0007000000,68.5,0.1
2026-09-04T11:27:51.480+00:00,B_sell_A_buy,11.7240,5.8240,4466.7,4466.8,33.4695,14.6133,4472.04,4472.32,3.2354,0.1022,0.0000062500,0.0007000000,82.9,0.0
2026-09-04T11:27:51.891+00:00,B_sell_A_buy,11.7240,5.8240,4466.7,4466.8,33.2456,14.6133,4472.04,4472.32,3.2354,0.1022,0.0000062500,0.0007000000,0.1,411.0
2026-09-04T11:27:52.085+00:00,B_sell_A_buy,11.7240,5.8240,4466.7,4466.8,33.4695,18.6133,4472.04,4472.32,3.2354,0.1022,0.0000062500,0.0007000000,0.1,605.9
2026-09-04T11:27:52.326+00:00,B_sell_A_buy,11.9253,6.0253,4466.7,4466.8,33.4695,18.6133,4472.13,4472.32,0.2769,0.1022,0.0000062500,0.0007000000,240.1,0.1
2026-09-04T11:27:52.481+00:00,B_sell_A_buy,11.9253,6.0253,4466.7,4466.8,33.2456,18.6133,4472.13,4472.32,0.2769,0.1022,0.0000062500,0.0007000000,0.1,155.0
2026-09-04T11:27:52.484+00:00,B_sell_A_buy,11.9253,6.0253,4466.7,4466.8,33.2456,18.6133,4472.13,4472.32,0.2769,2.1022,0.0000062500,0.0007000000,3.1,0.1
2026-09-04T11:27:52.766+00:00,B_sell_A_buy,11.7240,5.8240,4466.7,4466.8,33.2456,18.6133,4472.04,4472.32,3.2354,2.1022,0.0000062500,0.0007000000,285.6,0.1
2026-09-04T11:27:52.781+00:00,B_sell_A_buy,11.7240,5.8240,4466.7,4466.8,33.4695,16.6133,4472.04,4472.32,3.2354,2.1022,0.0000062500,0.0007000000,0.0,14.1
2026-09-04T11:27:53.077+00:00,B_sell_A_buy,11.7240,5.8240,4466.7,4466.8,33.4695,16.6133,4472.04,4472.29,3.2354,1.1507,0.0000062500,0.0007000000,296.5,0.1
2026-09-04T11:27:53.095+00:00,B_sell_A_buy,11.7240,5.8240,4466.7,4466.8,33.4695,16.6133,4472.04,4472.29,3.2354,3.1507,0.0000062500,0.0007000000,313.9,0.1
2026-09-04T11:27:53.484+00:00,B_sell_A_buy,11.7240,5.8240,4466.7,4466.8,33.4695,18.6133,4472.04,4472.29,3.2354,3.1507,0.0000062500,0.0007000000,0.0,389.4
