ts_utc,direction,gross_bps,net_bps,bid_A,ask_A,bid_size_A,ask_size_A,bid_B,ask_B,bid_size_B,ask_size_B,funding_A,funding_B,age_A_ms,age_B_ms
2026-09-04T13:31:02.650+00:00,A_sell_B_buy,-7.2105,-13.1105,230.15,230.18,44.3,323.593,230.234,230.316,1.963,0.443,0.0000062500,0.0004000000,0.1,34.7
2026-09-04T13:31:02.650+00:00,B_sell_A_buy,2.3456,-3.5544,230.15,230.18,44.3,323.593,230.234,230.316,1.963,0.443,0.0000062500,0.0004000000,0.1,34.7
2026-09-04T13:31:03.668+00:00,A_sell_B_buy,-8.6464,-14.5464,230.07,230.08,0.869,54.328,230.191,230.269,0.104,1.907,0.0000062500,0.0004000000,446.0,0.1
2026-09-04T13:31:03.668+00:00,B_sell_A_buy,4.8229,-1.0771,230.07,230.08,0.869,54.328,230.191,230.269,0.104,1.907,0.0000062500,0.0004000000,446.0,0.1
2026-09-04T13:31:04.741+00:00,A_sell_B_buy,-10.9077,-16.8077,230.0,230.05,5.001,129.838,230.149,230.251,2.692,2.126,0.0000062500,0.0004000000,83.4,0.1
2026-09-04T13:31:04.741+00:00,B_sell_A_buy,4.3022,-1.5978,230.0,230.05,5.001,129.838,230.149,230.251,2.692,2.126,0.0000062500,0.0004000000,83.4,0.1
2026-09-04T13:31:05.789+00:00,A_sell_B_buy,-6.5619,-12.4619,230.06,230.07,44.3,244.478,230.122,230.211,2.09,0.869,0.0000062500,0.0004000000,51.9,0.1
2026-09-04T13:31:05.789+00:00,B_sell_A_buy,2.2597,-3.6403,230.06,230.07,44.3,244.478,230.122,230.211,2.09,0.869,0.0000062500,0.0004000000,51.9,0.1
2026-09-04T13:31:06.833+00:00,A_sell_B_buy,-11.1248,-17.0248,230.02,230.03,44.3,32.976,230.142,230.276,6.249,12.945,0.0000062500,0.0004000000,58.4,0.0
2026-09-04T13:31:06.833+00:00,B_sell_A_buy,4.8671,-1.0329,230.02,230.03,44.3,32.976,230.142,230.276,6.249,12.945,0.0000062500,0.0004000000,58.4,0.0
2026-09-04T13:31:07.858+00:00,A_sell_B_buy,-7.9968,-13.8968,230.03,230.05,132.75,160.713,230.069,230.214,25.89,2.018,0.0000062500,0.0004000000,195.6,0.0
2026-09-04T13:31:07.858+00:00,B_sell_A_buy,0.8258,-5.0742,230.03,230.05,132.75,160.713,230.069,230.214,25.89,2.018,0.0000062500,0.0004000000,195.6,0.0
2026-09-04T13:31:08.871+00:00,A_sell_B_buy,-11.0837,-16.9837,229.95,230.01,0.754,187.148,230.109,230.205,12.945,15.006,0.0000062500,0.0004000000,26.5,0.1
2026-09-04T13:31:08.871+00:00,B_sell_A_buy,4.3031,-1.5969,229.95,230.01,0.754,187.148,230.109,230.205,12.945,15.006,0.0000062500,0.0004000000,26.5,0.1
2026-09-04T13:31:09.876+00:00,A_sell_B_buy,-10.2148,-16.1148,229.96,229.98,0.869,108.319,230.097,230.195,2.645,0.275,0.0000062500,0.0004000000,22.3,0.0
2026-09-04T13:31:09.876+00:00,B_sell_A_buy,5.0857,-0.8143,229.96,229.98,0.869,108.319,230.097,230.195,2.645,0.275,0.0000062500,0.0004000000,22.3,0.0
2026-09-04T13:31:10.906+00:00,A_sell_B_buy,-9.8241,-15.7241,229.95,229.96,0.754,234.13,230.097,230.176,25.89,1.838,0.0000062500,0.0004000000,146.8,0.0
2026-09-04T13:31:10.906+00:00,B_sell_A_buy,5.9553,0.0553,229.95,229.96,0.754,234.13,230.097,230.176,25.89,1.838,0.0000062500,0.0004000000,146.8,0.0
2026-09-04T13:31:11.914+00:00,A_sell_B_buy,-11.1698,-17.0698,229.98,229.99,176.06,0.844,230.134,230.237,1.585,2.176,0.0000062500,0.0004000000,149.0,0.0
2026-09-04T13:31:11.914+00:00,B_sell_A_buy,6.2585,0.3585,229.98,229.99,176.06,0.844,230.134,230.237,1.585,2.176,0.0000062500,0.0004000000,149.0,0.0
2026-09-04T13:31:13.041+00:00,A_sell_B_buy,-9.9523,-15.8523,230.0,230.01,44.3,4.348,230.149,230.229,12.945,2.273,0.0000062500,0.0004000000,139.3,0.0
2026-09-04T13:31:13.041+00:00,B_sell_A_buy,6.0409,0.1409,230.0,230.01,44.3,4.348,230.149,230.229,12.945,2.273,0.0000062500,0.0004000000,139.3,0.0
2026-09-04T13:31:14.147+00:00,A_sell_B_buy,-11.5171,-17.4171,229.97,230.01,39.076,151.958,230.159,230.235,4.538,12.945,0.0000062500,0.0004000000,188.7,0.0
2026-09-04T13:31:14.147+00:00,B_sell_A_buy,6.4756,0.5756,229.97,230.01,39.076,151.958,230.159,230.235,4.538,12.945,0.0000062500,0.0004000000,188.7,0.0
2026-09-04T13:31:15.188+00:00,A_sell_B_buy,-10.4294,-16.3294,230.02,230.03,44.3,8.736,230.168,230.26,4.293,25.89,0.0000062500,0.0004000000,133.7,0.1
2026-09-04T13:31:15.188+00:00,B_sell_A_buy,5.9969,0.0969,230.02,230.03,44.3,8.736,230.168,230.26,4.293,25.89,0.0000062500,0.0004000000,133.7,0.1
2026-09-04T13:31:16.227+00:00,A_sell_B_buy,-10.2509,-16.1509,230.13,230.14,44.3,82.471,230.256,230.366,12.945,1.944,0.0000062500,0.0004000000,124.0,0.1
2026-09-04T13:31:16.227+00:00,B_sell_A_buy,5.0386,-0.8614,230.13,230.14,44.3,82.471,230.256,230.366,12.945,1.944,0.0000062500,0.0004000000,124.0,0.1
2026-09-04T13:31:17.233+00:00,A_sell_B_buy,-11.2494,-17.1494,230.13,230.14,231.517,301.727,230.281,230.389,13.241,2.072,0.0000062500,0.0004000000,71.7,0.1
2026-09-04T13:31:17.233+00:00,B_sell_A_buy,6.1242,0.2242,230.13,230.14,231.517,301.727,230.281,230.389,13.241,2.072,0.0000062500,0.0004000000,71.7,0.1
2026-09-04T13:31:18.265+00:00,A_sell_B_buy,-12.9855,-18.8855,230.14,230.15,126.766,3.749,230.299,230.439,25.89,2.228,0.0000062500,0.0004000000,324.8,0.1
2026-09-04T13:31:18.265+00:00,B_sell_A_buy,6.4710,0.5710,230.14,230.15,126.766,3.749,230.299,230.439,25.89,2.228,0.0000062500,0.0004000000,324.8,0.1
2026-09-04T13:31:19.271+00:00,A_sell_B_buy,-10.1607,-16.0607,230.2,230.21,88.6,196.073,230.355,230.434,1.097,2.235,0.0000062500,0.0004000000,0.1,296.0
2026-09-04T13:31:19.271+00:00,B_sell_A_buy,6.2961,0.3961,230.2,230.21,88.6,196.073,230.355,230.434,1.097,2.235,0.0000062500,0.0004000000,0.1,296.0
2026-09-04T13:31:20.310+00:00,A_sell_B_buy,-10.6819,-16.5819,230.2,230.21,0.994,259.709,230.332,230.446,1.862,2.19,0.0000062500,0.0004000000,95.1,0.1
2026-09-04T13:31:20.310+00:00,B_sell_A_buy,5.2975,-0.6025,230.2,230.21,0.994,259.709,230.332,230.446,1.862,2.19,0.0000062500,0.0004000000,95.1,0.1
2026-09-04T13:31:21.312+00:00,A_sell_B_buy,-11.6798,-17.5798,230.2,230.21,197.942,135.986,230.367,230.469,1.691,2.163,0.0000062500,0.0004000000,34.1,0.0
2026-09-04T13:31:21.312+00:00,B_sell_A_buy,6.8169,0.9169,230.2,230.21,197.942,135.986,230.367,230.469,1.691,2.163,0.0000062500,0.0004000000,34.1,0.0
2026-09-04T13:31:22.387+00:00,A_sell_B_buy,-10.9414,-16.8414,230.21,230.22,151.712,37.996,230.382,230.462,2.744,1.918,0.0000062500,0.0004000000,0.1,140.4
2026-09-04T13:31:22.387+00:00,B_sell_A_buy,7.0337,1.1337,230.21,230.22,151.712,37.996,230.382,230.462,2.744,1.918,0.0000062500,0.0004000000,0.1,140.4
2026-09-04T13:31:23.823+00:00,A_sell_B_buy,-10.7686,-16.6686,230.2,230.21,0.246,8.475,230.342,230.448,1.92,2.753,0.0000062500,0.0004000000,0.1,758.2
2026-09-04T13:31:23.823+00:00,B_sell_A_buy,5.7317,-0.1683,230.2,230.21,0.246,8.475,230.342,230.448,1.92,2.753,0.0000062500,0.0004000000,0.1,758.2
2026-09-04T13:31:24.847+00:00,A_sell_B_buy,-15.0225,-20.9225,230.18,230.19,44.3,386.48,230.387,230.526,2.147,108.215,0.0000062500,0.0004000000,76.4,0.0
2026-09-04T13:31:24.847+00:00,B_sell_A_buy,8.5533,2.6533,230.18,230.19,44.3,386.48,230.387,230.526,2.147,108.215,0.0000062500,0.0004000000,76.4,0.0
2026-09-04T13:31:25.935+00:00,A_sell_B_buy,-13.9797,-19.8797,230.2,230.21,175.467,0.113,230.402,230.522,4.739,1.913,0.0000062500,0.0004000000,0.0,124.2
2026-09-04T13:31:25.935+00:00,B_sell_A_buy,8.3357,2.4357,230.2,230.21,175.467,0.113,230.402,230.522,4.739,1.913,0.0000062500,0.0004000000,0.0,124.2
2026-09-04T13:31:26.938+00:00,A_sell_B_buy,-15.5392,-21.4392,230.23,230.26,108.586,12.492,230.463,230.588,2.75,2.179,0.0000062500,0.0004000000,75.4,0.1
2026-09-04T13:31:26.938+00:00,B_sell_A_buy,8.8113,2.9113,230.23,230.26,108.586,12.492,230.463,230.588,2.75,2.179,0.0000062500,0.0004000000,75.4,0.1
2026-09-04T13:31:27.957+00:00,A_sell_B_buy,-13.2802,-19.1802,230.28,230.33,34.592,4.342,230.474,230.586,108.506,2.108,0.0000062500,0.0004000000,37.3,0.1
2026-09-04T13:31:27.957+00:00,B_sell_A_buy,6.2495,0.3495,230.28,230.33,34.592,4.342,230.474,230.586,108.506,2.108,0.0000062500,0.0004000000,37.3,0.1
2026-09-04T13:31:28.965+00:00,A_sell_B_buy,-10.4583,-16.3583,230.34,230.35,177.2,81.928,230.486,230.581,1.725,1.888,0.0000062500,0.0004000000,120.8,0.1
2026-09-04T13:31:28.965+00:00,B_sell_A_buy,5.9018,0.0018,230.34,230.35,177.2,81.928,230.486,230.581,1.725,1.888,0.0000062500,0.0004000000,120.8,0.1
2026-09-04T13:31:29.977+00:00,A_sell_B_buy,-10.0256,-15.9256,230.3,230.33,31.677,62.449,230.481,230.531,2.631,2.179,0.0000062500,0.0004000000,141.6,0.1
2026-09-04T13:31:29.977+00:00,B_sell_A_buy,6.5535,0.6535,230.3,230.33,31.677,62.449,230.481,230.531,2.631,2.179,0.0000062500,0.0004000000,141.6,0.1
2026-09-04T13:31:30.981+00:00,A_sell_B_buy,-9.4200,-15.3200,230.25,230.3,51.329,182.874,230.428,230.467,1.984,13.019,0.0000062500,0.0004000000,31.8,0.1
2026-09-04T13:31:30.981+00:00,B_sell_A_buy,5.5565,-0.3435,230.25,230.3,51.329,182.874,230.428,230.467,1.984,13.019,0.0000062500,0.0004000000,31.8,0.1
2026-09-04T13:31:32.012+00:00,A_sell_B_buy,-11.6271,-17.5271,230.37,230.38,44.3,15.989,230.597,230.638,26.038,1.863,0.0000062500,0.0004000000,101.4,0.0
2026-09-04T13:31:32.012+00:00,B_sell_A_buy,9.4145,3.5145,230.37,230.38,44.3,15.989,230.597,230.638,26.038,1.863,0.0000062500,0.0004000000,101.4,0.0
2026-09-04T13:31:33.033+00:00,A_sell_B_buy,-19.0366,-24.9366,230.39,230.45,162.765,0.286,230.763,230.829,4.03,2.125,0.0000062500,0.0004000000,0.0,22.3
2026-09-04T13:31:33.033+00:00,B_sell_A_buy,13.5728,7.6728,230.39,230.45,162.765,0.286,230.763,230.829,4.03,2.125,0.0000062500,0.0004000000,0.0,22.3
2026-09-04T13:31:34.086+00:00,A_sell_B_buy,-15.2578,-21.1578,230.54,230.56,64.919,33.926,230.812,230.892,1.858,1.966,0.0000062500,0.0004000000,66.6,0.1
2026-09-04T13:31:34.086+00:00,B_sell_A_buy,10.9232,5.0232,230.54,230.56,64.919,33.926,230.812,230.892,1.858,1.966,0.0000062500,0.0004000000,66.6,0.1
2026-09-04T13:31:35.098+00:00,A_sell_B_buy,-19.5413,-25.4413,230.59,230.6,59.548,23.595,230.942,231.041,26.038,13.182,0.0000062500,0.0004000000,69.0,0.1
2026-09-04T13:31:35.098+00:00,B_sell_A_buy,14.8185,8.9185,230.59,230.6,59.548,23.595,230.942,231.041,26.038,13.182,0.0000062500,0.0004000000,69.0,0.1
2026-09-04T13:31:36.122+00:00,A_sell_B_buy,-21.3043,-27.2043,230.71,230.74,108.36,0.007,231.105,231.202,1.927,1.89,0.0000062500,0.0004000000,69.5,0.1
2026-09-04T13:31:36.122+00:00,B_sell_A_buy,15.8050,9.9050,230.71,230.74,108.36,0.007,231.105,231.202,1.927,1.89,0.0000062500,0.0004000000,69.5,0.1
2026-09-04T13:31:37.146+00:00,A_sell_B_buy,-13.2436,-19.1436,230.92,230.94,44.3,79.644,231.136,231.226,1.767,15.115,0.0000062500,0.0004000000,0.0,32.3
2026-09-04T13:31:37.146+00:00,B_sell_A_buy,8.4828,2.5828,230.92,230.94,44.3,79.644,231.136,231.226,1.767,15.115,0.0000062500,0.0004000000,0.0,32.3
2026-09-04T13:31:38.149+00:00,A_sell_B_buy,-4.3301,-10.2301,230.9,230.91,22.034,196.866,230.953,231.0,1.974,2.057,0.0000062500,0.0004000000,95.6,0.1
2026-09-04T13:31:38.149+00:00,B_sell_A_buy,1.8619,-4.0381,230.9,230.91,22.034,196.866,230.953,231.0,1.974,2.057,0.0000062500,0.0004000000,95.6,0.1
2026-09-04T13:31:39.163+00:00,A_sell_B_buy,-9.1852,-15.0852,230.71,230.76,207.451,44.3,230.832,230.922,1.771,2.134,0.0000062500,0.0004000000,21.5,0.1
2026-09-04T13:31:39.163+00:00,B_sell_A_buy,3.1195,-2.7805,230.71,230.76,207.451,44.3,230.832,230.922,1.771,2.134,0.0000062500,0.0004000000,21.5,0.1
2026-09-04T13:31:40.180+00:00,A_sell_B_buy,-8.7532,-14.6532,230.68,230.7,129.838,33.414,230.831,230.882,1.771,1.711,0.0000062500,0.0004000000,64.4,0.1
2026-09-04T13:31:40.180+00:00,B_sell_A_buy,5.6766,-0.2234,230.68,230.7,129.838,33.414,230.831,230.882,1.771,1.711,0.0000062500,0.0004000000,64.4,0.1
2026-09-04T13:31:41.189+00:00,A_sell_B_buy,-14.2966,-20.1966,230.68,230.69,157.712,62.122,230.914,231.01,1.772,26.038,0.0000062500,0.0004000000,56.7,0.1
2026-09-04T13:31:41.189+00:00,B_sell_A_buy,9.7044,3.8044,230.68,230.69,157.712,62.122,230.914,231.01,1.772,26.038,0.0000062500,0.0004000000,56.7,0.1
2026-09-04T13:31:42.195+00:00,A_sell_B_buy,-10.3030,-16.2030,230.89,230.9,44.3,18.243,231.084,231.128,4.07,26.038,0.0000062500,0.0004000000,20.0,0.0
2026-09-04T13:31:42.195+00:00,B_sell_A_buy,7.9654,2.0654,230.89,230.9,44.3,18.243,231.084,231.128,4.07,26.038,0.0000062500,0.0004000000,20.0,0.0
2026-09-04T13:31:43.213+00:00,A_sell_B_buy,-15.6252,-21.5252,230.87,230.89,0.866,36.96,231.156,231.231,1.877,13.019,0.0000062500,0.0004000000,61.0,0.1
2026-09-04T13:31:43.213+00:00,B_sell_A_buy,11.5133,5.6133,230.87,230.89,0.866,36.96,231.156,231.231,1.877,13.019,0.0000062500,0.0004000000,61.0,0.1
2026-09-04T13:31:44.228+00:00,A_sell_B_buy,-12.2886,-18.1886,230.98,231.0,44.3,56.335,231.188,231.264,1.779,26.038,0.0000062500,0.0004000000,89.6,0.1
2026-09-04T13:31:44.228+00:00,B_sell_A_buy,8.1347,2.2347,230.98,231.0,44.3,56.335,231.188,231.264,1.779,26.038,0.0000062500,0.0004000000,89.6,0.1
2026-09-04T13:31:45.336+00:00,A_sell_B_buy,-13.1100,-19.0100,230.99,231.0,44.3,28.545,231.202,231.293,2.047,2.051,0.0000062500,0.0004000000,125.0,0.1
2026-09-04T13:31:45.336+00:00,B_sell_A_buy,8.7400,2.8400,230.99,231.0,44.3,28.545,231.202,231.293,2.047,2.051,0.0000062500,0.0004000000,125.0,0.1
2026-09-04T13:31:46.340+00:00,A_sell_B_buy,-10.2526,-16.1526,231.05,231.07,92.928,110.226,231.236,231.287,1.954,13.019,0.0000062500,0.0004000000,0.0,11.1
2026-09-04T13:31:46.340+00:00,B_sell_A_buy,7.1811,1.2811,231.05,231.07,92.928,110.226,231.236,231.287,1.954,13.019,0.0000062500,0.0004000000,0.0,11.1
2026-09-04T13:31:47.354+00:00,A_sell_B_buy,-11.5070,-17.4070,231.04,231.05,178.065,20.608,231.262,231.306,2.287,13.019,0.0000062500,0.0004000000,113.4,0.0
2026-09-04T13:31:47.354+00:00,B_sell_A_buy,9.1710,3.2710,231.04,231.05,178.065,20.608,231.262,231.306,2.287,13.019,0.0000062500,0.0004000000,113.4,0.0
2026-09-04T13:31:48.362+00:00,A_sell_B_buy,-11.5030,-17.4030,231.12,231.13,44.3,19.103,231.344,231.386,2.304,13.019,0.0000062500,0.0004000000,129.1,0.1
2026-09-04T13:31:48.362+00:00,B_sell_A_buy,9.2543,3.3543,231.12,231.13,44.3,19.103,231.344,231.386,2.304,13.019,0.0000062500,0.0004000000,129.1,0.1
2026-09-04T13:31:49.373+00:00,A_sell_B_buy,-11.4212,-17.3212,231.02,231.05,78.377,54.1,231.242,231.284,1.81,1.855,0.0000062500,0.0004000000,64.2,0.1
2026-09-04T13:31:49.373+00:00,B_sell_A_buy,8.3063,2.4063,231.02,231.05,78.377,54.1,231.242,231.284,1.81,1.855,0.0000062500,0.0004000000,64.2,0.1
2026-09-04T13:31:50.392+00:00,A_sell_B_buy,-11.1617,-17.0617,231.03,231.04,0.865,242.907,231.229,231.288,2.007,2.012,0.0000062500,0.0004000000,90.2,0.1
2026-09-04T13:31:50.392+00:00,B_sell_A_buy,8.1766,2.2766,231.03,231.04,0.865,242.907,231.229,231.288,2.007,2.012,0.0000062500,0.0004000000,90.2,0.1
2026-09-04T13:31:51.397+00:00,A_sell_B_buy,-10.6859,-16.5859,231.03,231.04,44.3,19.35,231.238,231.277,2.231,13.019,0.0000062500,0.0004000000,58.5,0.1
2026-09-04T13:31:51.397+00:00,B_sell_A_buy,8.5660,2.6660,231.03,231.04,44.3,19.35,231.238,231.277,2.231,13.019,0.0000062500,0.0004000000,58.5,0.1
2026-09-04T13:31:52.397+00:00,A_sell_B_buy,-15.2259,-21.1259,231.03,231.04,149.211,9.545,231.288,231.382,1.813,0.203,0.0000062500,0.0004000000,13.9,0.1
2026-09-04T13:31:52.397+00:00,B_sell_A_buy,10.7273,4.8273,231.03,231.04,149.211,9.545,231.288,231.382,1.813,0.203,0.0000062500,0.0004000000,13.9,0.1
2026-09-04T13:31:53.404+00:00,A_sell_B_buy,-13.2312,-19.1312,231.15,231.16,186.977,22.364,231.322,231.456,17.25,1.866,0.0000062500,0.0004000000,101.6,0.0
2026-09-04T13:31:53.404+00:00,B_sell_A_buy,7.0047,1.1047,231.15,231.16,186.977,22.364,231.322,231.456,17.25,1.866,0.0000062500,0.0004000000,101.6,0.0
2026-09-04T13:31:54.405+00:00,A_sell_B_buy,-12.8851,-18.7851,231.15,231.17,22.519,0.649,231.335,231.448,1.43,2.12,0.0000062500,0.0004000000,0.1,290.8
2026-09-04T13:31:54.405+00:00,B_sell_A_buy,7.1343,1.2343,231.15,231.17,22.519,0.649,231.335,231.448,1.43,2.12,0.0000062500,0.0004000000,0.1,290.8
2026-09-04T13:31:55.417+00:00,A_sell_B_buy,-13.2308,-19.1308,231.15,231.16,21.373,9.927,231.347,231.456,1.433,1.866,0.0000062500,0.0004000000,135.7,0.0
2026-09-04T13:31:55.417+00:00,B_sell_A_buy,8.0855,2.1855,231.15,231.16,21.373,9.927,231.347,231.456,1.433,1.866,0.0000062500,0.0004000000,135.7,0.0
2026-09-04T13:31:56.523+00:00,A_sell_B_buy,-14.6546,-20.5546,231.16,231.2,13.537,87.257,231.45,231.499,2.2,2.075,0.0000062500,0.0004000000,0.1,313.7
2026-09-04T13:31:56.523+00:00,B_sell_A_buy,10.8072,4.9072,231.16,231.2,13.537,87.257,231.45,231.499,2.2,2.075,0.0000062500,0.0004000000,0.1,313.7
2026-09-04T13:31:57.558+00:00,A_sell_B_buy,-11.4977,-17.3977,231.23,231.25,4.325,24.154,231.43,231.496,2.004,2.287,0.0000062500,0.0004000000,129.9,0.0
2026-09-04T13:31:57.558+00:00,B_sell_A_buy,7.7804,1.8804,231.23,231.25,4.325,24.154,231.43,231.496,2.004,2.287,0.0000062500,0.0004000000,129.9,0.0
2026-09-04T13:31:58.560+00:00,A_sell_B_buy,-10.8928,-16.7928,231.24,231.25,2.128,182.068,231.4,231.492,1.812,1.895,0.0000062500,0.0004000000,225.2,0.0
2026-09-04T13:31:58.560+00:00,B_sell_A_buy,6.4838,0.5838,231.24,231.25,2.128,182.068,231.4,231.492,1.812,1.895,0.0000062500,0.0004000000,225.2,0.0
2026-09-04T13:31:59.607+00:00,A_sell_B_buy,-12.1019,-18.0019,231.25,231.27,44.3,16.901,231.425,231.53,0.548,2.254,0.0000062500,0.0004000000,0.0,95.5
2026-09-04T13:31:59.607+00:00,B_sell_A_buy,6.6993,0.7993,231.25,231.27,44.3,16.901,231.425,231.53,0.548,2.254,0.0000062500,0.0004000000,0.0,95.5
2026-09-04T13:32:00.626+00:00,A_sell_B_buy,-13.3972,-19.2972,231.26,231.27,25.125,13.524,231.469,231.57,1.967,13.019,0.0000062500,0.0004000000,250.1,0.1
2026-09-04T13:32:00.626+00:00,B_sell_A_buy,8.6001,2.7001,231.26,231.27,25.125,13.524,231.469,231.57,1.967,13.019,0.0000062500,0.0004000000,250.1,0.1
2026-09-04T13:32:01.627+00:00,A_sell_B_buy,-13.5237,-19.4237,231.31,231.35,163.259,21.759,231.496,231.623,3.823,13.019,0.0000062500,0.0004000000,24.6,0.0
2026-09-04T13:32:01.627+00:00,B_sell_A_buy,6.3082,0.4082,231.31,231.35,163.259,21.759,231.496,231.623,3.823,13.019,0.0000062500,0.0004000000,24.6,0.0
2026-09-04T13:32:02.628+00:00,A_sell_B_buy,-16.8459,-22.7459,231.34,231.35,21.781,58.6,231.622,231.73,13.019,1.909,0.0000062500,0.0004000000,12.3,0.0
2026-09-04T13:32:02.628+00:00,B_sell_A_buy,11.7489,5.8489,231.34,231.35,21.781,58.6,231.622,231.73,13.019,1.909,0.0000062500,0.0004000000,12.3,0.0
2026-09-04T13:32:03.635+00:00,A_sell_B_buy,-5.8754,-11.7754,231.44,231.46,44.3,45.204,231.42,231.576,1.892,13.019,0.0000062500,0.0004000000,372.3,0.0
2026-09-04T13:32:03.635+00:00,B_sell_A_buy,-1.7281,-7.6281,231.44,231.46,44.3,45.204,231.42,231.576,1.892,13.019,0.0000062500,0.0004000000,372.3,0.0
2026-09-04T13:32:04.639+00:00,A_sell_B_buy,-11.8867,-17.7867,231.24,231.25,25.82,184.384,231.396,231.515,1.853,2.077,0.0000062500,0.0004000000,9.7,0.0
2026-09-04T13:32:04.639+00:00,B_sell_A_buy,6.3108,0.4108,231.24,231.25,25.82,184.384,231.396,231.515,1.853,2.077,0.0000062500,0.0004000000,9.7,0.0
2026-09-04T13:32:05.681+00:00,A_sell_B_buy,-13.1783,-19.0783,231.31,231.32,255.28,2.306,231.521,231.615,2.028,13.087,0.0000062500,0.0004000000,47.9,0.1
2026-09-04T13:32:05.681+00:00,B_sell_A_buy,8.6847,2.7847,231.31,231.32,255.28,2.306,231.521,231.615,2.028,13.087,0.0000062500,0.0004000000,47.9,0.1
2026-09-04T13:32:06.682+00:00,A_sell_B_buy,-12.6147,-18.5147,231.35,231.37,44.3,21.902,231.541,231.642,1.863,2.038,0.0000062500,0.0004000000,43.8,0.1
2026-09-04T13:32:06.682+00:00,B_sell_A_buy,7.3874,1.4874,231.35,231.37,44.3,21.902,231.541,231.642,1.863,2.038,0.0000062500,0.0004000000,43.8,0.1
2026-09-04T13:32:07.710+00:00,A_sell_B_buy,-6.6983,-12.5983,231.34,231.35,0.864,54.03,231.418,231.495,1.883,1.902,0.0000062500,0.0004000000,0.0,105.5
2026-09-04T13:32:07.710+00:00,B_sell_A_buy,2.9386,-2.9614,231.34,231.35,0.864,54.03,231.418,231.495,1.883,1.902,0.0000062500,0.0004000000,0.0,105.5
2026-09-04T13:32:08.888+00:00,A_sell_B_buy,-13.1371,-19.0371,231.28,231.29,11.837,80.114,231.466,231.584,108.506,2.187,0.0000062500,0.0004000000,384.8,0.0
2026-09-04T13:32:08.888+00:00,B_sell_A_buy,7.6057,1.7057,231.28,231.29,11.837,80.114,231.466,231.584,108.506,2.187,0.0000062500,0.0004000000,384.8,0.0
2026-09-04T13:32:09.945+00:00,A_sell_B_buy,-9.6380,-15.5380,231.28,231.29,0.864,44.3,231.434,231.503,2.229,15.215,0.0000062500,0.0004000000,0.1,253.5
2026-09-04T13:32:09.945+00:00,B_sell_A_buy,6.2236,0.3236,231.28,231.29,0.864,44.3,231.434,231.503,2.229,15.215,0.0000062500,0.0004000000,0.1,253.5
2026-09-04T13:32:10.948+00:00,A_sell_B_buy,-8.7325,-14.6325,231.23,231.25,4.325,86.661,231.365,231.432,4.065,1.944,0.0000062500,0.0004000000,0.1,51.0
2026-09-04T13:32:10.948+00:00,B_sell_A_buy,4.9715,-0.9285,231.23,231.25,4.325,86.661,231.365,231.432,4.065,1.944,0.0000062500,0.0004000000,0.1,51.0
2026-09-04T13:32:12.045+00:00,A_sell_B_buy,-12.3636,-18.2636,231.2,231.23,25.588,13.412,231.379,231.486,2.205,1.967,0.0000062500,0.0004000000,145.0,0.1
2026-09-04T13:32:12.045+00:00,B_sell_A_buy,6.4412,0.5412,231.2,231.23,25.588,13.412,231.379,231.486,2.205,1.967,0.0000062500,0.0004000000,145.0,0.1
2026-09-04T13:32:13.053+00:00,A_sell_B_buy,-16.1644,-22.0644,231.21,231.23,106.319,9.102,231.468,231.584,13.019,2.03,0.0000062500,0.0004000000,53.3,0.0
2026-09-04T13:32:13.053+00:00,B_sell_A_buy,10.2864,4.3864,231.21,231.23,106.319,9.102,231.468,231.584,13.019,2.03,0.0000062500,0.0004000000,53.3,0.0
2026-09-04T13:32:14.063+00:00,A_sell_B_buy,-12.5745,-18.4745,231.29,231.33,44.3,1.821,231.485,231.581,3.392,2.187,0.0000062500,0.0004000000,72.2,0.0
2026-09-04T13:32:14.063+00:00,B_sell_A_buy,6.6977,0.7977,231.29,231.33,44.3,1.821,231.485,231.581,3.392,2.187,0.0000062500,0.0004000000,72.2,0.0
2026-09-04T13:32:15.076+00:00,A_sell_B_buy,-11.9281,-17.8281,231.26,231.29,22.43,132.9,231.457,231.536,1.862,1.867,0.0000062500,0.0004000000,0.0,42.8
2026-09-04T13:32:15.076+00:00,B_sell_A_buy,7.2174,1.3174,231.26,231.29,22.43,132.9,231.457,231.536,1.862,1.867,0.0000062500,0.0004000000,0.0,42.8
2026-09-04T13:32:16.087+00:00,A_sell_B_buy,-8.8183,-14.7183,231.25,231.26,0.864,311.362,231.382,231.454,1.857,9.96,0.0000062500,0.0004000000,0.0,88.1
2026-09-04T13:32:16.087+00:00,B_sell_A_buy,5.2737,-0.6263,231.25,231.26,0.864,311.362,231.382,231.454,1.857,9.96,0.0000062500,0.0004000000,0.0,88.1
2026-09-04T13:32:17.158+00:00,A_sell_B_buy,-11.3269,-17.2269,231.19,231.21,0.864,92.313,231.382,231.452,3.778,1.984,0.0000062500,0.0004000000,116.5,0.1
2026-09-04T13:32:17.158+00:00,B_sell_A_buy,7.4360,1.5360,231.19,231.21,0.864,92.313,231.382,231.452,3.778,1.984,0.0000062500,0.0004000000,116.5,0.1
2026-09-04T13:32:18.171+00:00,A_sell_B_buy,-10.6805,-16.5805,231.16,231.19,4.326,132.9,231.289,231.407,2.069,2.243,0.0000062500,0.0004000000,42.2,0.0
2026-09-04T13:32:18.171+00:00,B_sell_A_buy,4.2809,-1.6191,231.16,231.19,4.326,132.9,231.289,231.407,2.069,2.243,0.0000062500,0.0004000000,42.2,0.0
2026-09-04T13:32:19.228+00:00,A_sell_B_buy,-11.9804,-17.8804,231.08,231.11,3.631,88.6,231.294,231.357,3.68,1.901,0.0000062500,0.0004000000,142.0,0.1
2026-09-04T13:32:19.228+00:00,B_sell_A_buy,7.9581,2.0581,231.08,231.11,3.631,88.6,231.294,231.357,3.68,1.901,0.0000062500,0.0004000000,142.0,0.1
2026-09-04T13:32:20.235+00:00,A_sell_B_buy,-12.2369,-18.1369,231.15,231.16,44.3,405.393,231.331,231.433,13.019,13.019,0.0000062500,0.0004000000,137.3,0.1
2026-09-04T13:32:20.235+00:00,B_sell_A_buy,7.3940,1.4940,231.15,231.16,44.3,405.393,231.331,231.433,13.019,13.019,0.0000062500,0.0004000000,137.3,0.1
2026-09-04T13:32:21.244+00:00,A_sell_B_buy,-10.8965,-16.7965,231.15,231.17,4.326,37.244,231.343,231.402,13.019,13.019,0.0000062500,0.0004000000,63.3,0.1
2026-09-04T13:32:21.244+00:00,B_sell_A_buy,7.4806,1.5806,231.15,231.17,4.326,37.244,231.343,231.402,13.019,13.019,0.0000062500,0.0004000000,63.3,0.1
2026-09-04T13:32:22.254+00:00,A_sell_B_buy,-15.6000,-21.5000,231.23,231.31,98.358,72.875,231.51,231.591,1.822,110.475,0.0000062500,0.0004000000,0.0,25.1
2026-09-04T13:32:22.254+00:00,B_sell_A_buy,8.6427,2.7427,231.23,231.31,98.358,72.875,231.51,231.591,1.822,110.475,0.0000062500,0.0004000000,0.0,25.1
2026-09-04T13:32:23.259+00:00,A_sell_B_buy,-11.5352,-17.4352,231.34,231.37,22.847,30.113,231.547,231.607,2.213,108.506,0.0000062500,0.0004000000,6.4,0.0
2026-09-04T13:32:23.259+00:00,B_sell_A_buy,7.6469,1.7469,231.34,231.37,22.847,30.113,231.547,231.607,2.213,108.506,0.0000062500,0.0004000000,6.4,0.0
2026-09-04T13:32:24.279+00:00,A_sell_B_buy,-12.1826,-18.0826,231.35,231.36,22.496,91.088,231.57,231.632,3.421,2.0,0.0000062500,0.0004000000,41.3,0.1
2026-09-04T13:32:24.279+00:00,B_sell_A_buy,9.0721,3.1721,231.35,231.36,22.496,91.088,231.57,231.632,3.421,2.0,0.0000062500,0.0004000000,41.3,0.1
2026-09-04T13:32:25.321+00:00,A_sell_B_buy,-10.2393,-16.1393,231.35,231.36,0.864,177.2,231.552,231.587,2.137,26.038,0.0000062500,0.0004000000,0.1,123.2
2026-09-04T13:32:25.321+00:00,B_sell_A_buy,8.2951,2.3951,231.35,231.36,0.864,177.2,231.552,231.587,2.137,26.038,0.0000062500,0.0004000000,0.1,123.2
2026-09-04T13:32:26.331+00:00,A_sell_B_buy,-11.4931,-17.3931,231.32,231.33,0.864,177.2,231.533,231.586,1.927,2.226,0.0000062500,0.0004000000,68.9,0.1
2026-09-04T13:32:26.331+00:00,B_sell_A_buy,8.7711,2.8711,231.32,231.33,0.864,177.2,231.533,231.586,1.927,2.226,0.0000062500,0.0004000000,68.9,0.1
2026-09-04T13:32:27.363+00:00,A_sell_B_buy,-6.2227,-12.1227,231.33,231.37,16.223,44.457,231.473,231.474,2.083,1.357,0.0000062500,0.0004000000,34.2,0.0
2026-09-04T13:32:27.363+00:00,B_sell_A_buy,4.4509,-1.4491,231.33,231.37,16.223,44.457,231.473,231.474,2.083,1.357,0.0000062500,0.0004000000,34.2,0.0
2026-09-04T13:32:28.398+00:00,A_sell_B_buy,-10.5481,-16.4481,231.23,231.24,8.125,10.98,231.343,231.474,21.6,21.396,0.0000062500,0.0004000000,135.5,0.1
2026-09-04T13:32:28.398+00:00,B_sell_A_buy,4.4527,-1.4473,231.23,231.24,8.125,10.98,231.343,231.474,21.6,21.396,0.0000062500,0.0004000000,135.5,0.1
2026-09-04T13:32:29.408+00:00,A_sell_B_buy,-13.6232,-19.5232,231.08,231.13,119.012,21.96,231.289,231.395,13.019,2.264,0.0000062500,0.0004000000,71.5,0.1
2026-09-04T13:32:29.408+00:00,B_sell_A_buy,6.8765,0.9765,231.08,231.13,119.012,21.96,231.289,231.395,13.019,2.264,0.0000062500,0.0004000000,71.5,0.1
2026-09-04T13:32:30.413+00:00,A_sell_B_buy,-9.0396,-14.9396,231.12,231.13,0.865,114.651,231.244,231.329,1.995,2.012,0.0000062500,0.0004000000,70.4,0.0
2026-09-04T13:32:30.413+00:00,B_sell_A_buy,4.9307,-0.9693,231.12,231.13,0.865,114.651,231.244,231.329,1.995,2.012,0.0000062500,0.0004000000,70.4,0.0
2026-09-04T13:32:31.416+00:00,A_sell_B_buy,-15.6563,-21.5563,231.06,231.07,30.072,2.465,231.316,231.422,86.489,1.857,0.0000062500,0.0004000000,236.8,0.0
2026-09-04T13:32:31.416+00:00,B_sell_A_buy,10.6394,4.7394,231.06,231.07,30.072,2.465,231.316,231.422,86.489,1.857,0.0000062500,0.0004000000,236.8,0.0
2026-09-04T13:32:32.449+00:00,A_sell_B_buy,-11.2417,-17.1417,231.16,231.2,88.6,36.459,231.344,231.42,13.019,13.019,0.0000062500,0.0004000000,37.6,0.0
2026-09-04T13:32:32.449+00:00,B_sell_A_buy,6.2262,0.3262,231.16,231.2,88.6,36.459,231.344,231.42,13.019,13.019,0.0000062500,0.0004000000,37.6,0.0
2026-09-04T13:32:33.465+00:00,A_sell_B_buy,-10.7662,-16.6662,231.17,231.18,20.48,88.6,231.35,231.419,2.083,2.258,0.0000062500,0.0004000000,0.1,56.2
2026-09-04T13:32:33.465+00:00,B_sell_A_buy,7.3504,1.4504,231.17,231.18,20.48,88.6,231.35,231.419,2.083,2.258,0.0000062500,0.0004000000,0.1,56.2
2026-09-04T13:32:34.497+00:00,A_sell_B_buy,-10.6371,-16.5371,231.16,231.18,20.722,66.617,231.316,231.406,1.855,13.019,0.0000062500,0.0004000000,207.2,0.1
2026-09-04T13:32:34.497+00:00,B_sell_A_buy,5.8807,-0.0193,231.16,231.18,20.722,66.617,231.316,231.406,1.855,13.019,0.0000062500,0.0004000000,207.2,0.1
2026-09-04T13:32:35.540+00:00,A_sell_B_buy,-11.8446,-17.7446,231.21,231.22,186.963,22.87,231.4,231.484,4.118,26.038,0.0000062500,0.0004000000,143.2,0.1
2026-09-04T13:32:35.540+00:00,B_sell_A_buy,7.7811,1.8811,231.21,231.22,186.963,22.87,231.4,231.484,4.118,26.038,0.0000062500,0.0004000000,143.2,0.1
2026-09-04T13:32:36.567+00:00,A_sell_B_buy,-12.3172,-18.2172,231.25,231.29,4.324,1.482,231.459,231.535,1.849,13.099,0.0000062500,0.0004000000,44.0,0.0
2026-09-04T13:32:36.567+00:00,B_sell_A_buy,7.3039,1.4039,231.25,231.29,4.324,1.482,231.459,231.535,1.849,13.099,0.0000062500,0.0004000000,44.0,0.0
2026-09-04T13:32:37.603+00:00,A_sell_B_buy,-14.1263,-20.0263,231.34,231.37,4.323,19.559,231.556,231.667,3.807,2.248,0.0000062500,0.0004000000,0.0,41.0
2026-09-04T13:32:37.603+00:00,B_sell_A_buy,8.0351,2.1351,231.34,231.37,4.323,19.559,231.556,231.667,3.807,2.248,0.0000062500,0.0004000000,0.0,41.0
2026-09-04T13:32:38.617+00:00,A_sell_B_buy,-9.7193,-15.6193,231.4,231.41,0.864,44.3,231.558,231.625,2.24,129.558,0.0000062500,0.0004000000,30.8,0.1
2026-09-04T13:32:38.617+00:00,B_sell_A_buy,6.3931,0.4931,231.4,231.41,0.864,44.3,231.558,231.625,2.24,129.558,0.0000062500,0.0004000000,30.8,0.1
2026-09-04T13:32:39.627+00:00,A_sell_B_buy,-11.3171,-17.2171,231.4,231.42,23.828,33.091,231.554,231.662,2.149,26.038,0.0000062500,0.0004000000,125.5,0.1
2026-09-04T13:32:39.627+00:00,B_sell_A_buy,5.7881,-0.1119,231.4,231.42,23.828,33.091,231.554,231.662,2.149,26.038,0.0000062500,0.0004000000,125.5,0.1
2026-09-04T13:32:40.636+00:00,A_sell_B_buy,-8.3375,-14.2375,231.4,231.41,1.117,203.208,231.533,231.593,2.175,13.019,0.0000062500,0.0004000000,79.0,0.1
2026-09-04T13:32:40.636+00:00,B_sell_A_buy,5.3135,-0.5865,231.4,231.41,1.117,203.208,231.533,231.593,2.175,13.019,0.0000062500,0.0004000000,79.0,0.1
2026-09-04T13:32:41.666+00:00,A_sell_B_buy,-11.9657,-17.8657,231.38,231.39,0.196,222.76,231.551,231.657,2.158,13.07,0.0000062500,0.0004000000,46.1,0.1
2026-09-04T13:32:41.666+00:00,B_sell_A_buy,6.9548,1.0548,231.38,231.39,0.196,222.76,231.551,231.657,2.158,13.07,0.0000062500,0.0004000000,46.1,0.1
2026-09-04T13:32:42.670+00:00,A_sell_B_buy,-14.0331,-19.9331,231.45,231.46,44.3,6.229,231.693,231.775,3.917,2.285,0.0000062500,0.0004000000,31.2,0.1
2026-09-04T13:32:42.670+00:00,B_sell_A_buy,10.0607,4.1607,231.45,231.46,44.3,6.229,231.693,231.775,3.917,2.285,0.0000062500,0.0004000000,31.2,0.1
2026-09-04T13:32:43.679+00:00,A_sell_B_buy,-10.7057,-16.6057,231.55,231.56,4.319,48.233,231.698,231.798,86.489,2.129,0.0000062500,0.0004000000,0.1,165.5
2026-09-04T13:32:43.679+00:00,B_sell_A_buy,5.9572,0.0572,231.55,231.56,4.319,48.233,231.698,231.798,86.489,2.129,0.0000062500,0.0004000000,0.1,165.5
2026-09-04T13:32:44.714+00:00,A_sell_B_buy,-23.5865,-29.4865,231.66,231.69,53.958,1.535,232.091,232.207,88.488,13.019,0.0000062500,0.0004000000,39.3,0.1
2026-09-04T13:32:44.714+00:00,B_sell_A_buy,17.2910,11.3910,231.66,231.69,53.958,1.535,232.091,232.207,88.488,13.019,0.0000062500,0.0004000000,39.3,0.1
2026-09-04T13:32:45.715+00:00,A_sell_B_buy,-12.2765,-18.1765,232.04,232.05,53.87,3.91,232.192,232.325,0.688,2.23,0.0000062500,0.0004000000,67.4,0.0
2026-09-04T13:32:45.715+00:00,B_sell_A_buy,6.1167,0.2167,232.04,232.05,53.87,3.91,232.192,232.325,0.688,2.23,0.0000062500,0.0004000000,67.4,0.0
2026-09-04T13:32:46.761+00:00,A_sell_B_buy,-11.5861,-17.4861,232.07,232.09,11.446,65.416,232.198,232.339,13.019,0.914,0.0000062500,0.0004000000,0.0,55.1
2026-09-04T13:32:46.761+00:00,B_sell_A_buy,4.6517,-1.2483,232.07,232.09,11.446,65.416,232.198,232.339,13.019,0.914,0.0000062500,0.0004000000,0.0,55.1
2026-09-04T13:32:47.763+00:00,A_sell_B_buy,-7.1934,-13.0934,232.1,232.12,53.856,24.469,232.143,232.267,2.043,78.207,0.0000062500,0.0004000000,48.3,0.0
2026-09-04T13:32:47.763+00:00,B_sell_A_buy,0.9907,-4.9093,232.1,232.12,53.856,24.469,232.143,232.267,2.043,78.207,0.0000062500,0.0004000000,48.3,0.0
2026-09-04T13:32:48.823+00:00,A_sell_B_buy,-11.5923,-17.4923,231.93,231.98,40.864,44.256,232.093,232.199,13.019,2.019,0.0000062500,0.0004000000,75.0,0.1
2026-09-04T13:32:48.823+00:00,B_sell_A_buy,4.8696,-1.0304,231.93,231.98,40.864,44.256,232.093,232.199,13.019,2.019,0.0000062500,0.0004000000,75.0,0.1
2026-09-04T13:32:49.866+00:00,A_sell_B_buy,-8.4024,-14.3024,232.0,232.01,300.0,9.088,232.103,232.195,1.876,2.19,0.0000062500,0.0004000000,167.3,0.1
2026-09-04T13:32:49.866+00:00,B_sell_A_buy,4.0073,-1.8927,232.0,232.01,300.0,9.088,232.103,232.195,1.876,2.19,0.0000062500,0.0004000000,167.3,0.1
2026-09-04T13:32:50.876+00:00,A_sell_B_buy,-4.4818,-10.3818,232.0,232.01,300.0,81.594,232.086,232.104,1.716,1.063,0.0000062500,0.0004000000,119.8,0.0
2026-09-04T13:32:50.876+00:00,B_sell_A_buy,3.2752,-2.6248,232.0,232.01,300.0,81.594,232.086,232.104,1.716,1.063,0.0000062500,0.0004000000,119.8,0.0
2026-09-04T13:32:51.909+00:00,A_sell_B_buy,-11.7608,-17.6608,232.0,232.05,10.446,6.595,232.184,232.273,1.98,2.279,0.0000062500,0.0004000000,0.1,194.1
2026-09-04T13:32:51.909+00:00,B_sell_A_buy,5.7727,-0.1273,232.0,232.05,10.446,6.595,232.184,232.273,1.98,2.279,0.0000062500,0.0004000000,0.1,194.1
2026-09-04T13:32:52.913+00:00,A_sell_B_buy,-11.4993,-17.3993,232.07,232.09,4.309,6.573,232.255,232.337,2.292,1.949,0.0000062500,0.0004000000,10.0,0.0
2026-09-04T13:32:52.913+00:00,B_sell_A_buy,7.1063,1.2063,232.07,232.09,4.309,6.573,232.255,232.337,2.292,1.949,0.0000062500,0.0004000000,10.0,0.0
2026-09-04T13:32:54.013+00:00,A_sell_B_buy,-10.6794,-16.5794,232.12,232.13,41.06,0.991,232.274,232.368,1.709,2.174,0.0000062500,0.0004000000,161.1,0.1
2026-09-04T13:32:54.013+00:00,B_sell_A_buy,6.2009,0.3009,232.12,232.13,41.06,0.991,232.274,232.368,1.709,2.174,0.0000062500,0.0004000000,161.1,0.1
2026-09-04T13:32:55.022+00:00,A_sell_B_buy,-9.7326,-15.6326,232.13,232.14,6.628,51.609,232.21,232.356,2.128,2.295,0.0000062500,0.0004000000,14.5,0.0
2026-09-04T13:32:55.022+00:00,B_sell_A_buy,3.0145,-2.8855,232.13,232.14,6.628,51.609,232.21,232.356,2.128,2.295,0.0000062500,0.0004000000,14.5,0.0
2026-09-04T13:32:56.031+00:00,A_sell_B_buy,-11.9289,-17.8289,232.1,232.13,21.076,129.838,232.233,232.377,1.66,86.489,0.0000062500,0.0004000000,31.0,0.0
2026-09-04T13:32:56.031+00:00,B_sell_A_buy,4.4356,-1.4644,232.1,232.13,21.076,129.838,232.233,232.377,1.66,86.489,0.0000062500,0.0004000000,31.0,0.0
2026-09-04T13:32:57.045+00:00,A_sell_B_buy,-7.3717,-13.2717,231.92,231.93,0.717,10.101,231.938,232.091,2.564,2.288,0.0000062500,0.0004000000,0.1,134.8
2026-09-04T13:32:57.045+00:00,B_sell_A_buy,0.3449,-5.5551,231.92,231.93,0.717,10.101,231.938,232.091,2.564,2.288,0.0000062500,0.0004000000,0.1,134.8
2026-09-04T13:32:58.092+00:00,A_sell_B_buy,-10.6098,-16.5098,231.76,231.78,22.654,6.905,231.897,232.006,2.231,2.118,0.0000062500,0.0004000000,0.1,234.6
2026-09-04T13:32:58.092+00:00,B_sell_A_buy,5.0461,-0.8539,231.76,231.78,22.654,6.905,231.897,232.006,2.231,2.118,0.0000062500,0.0004000000,0.1,234.6
2026-09-04T13:32:59.134+00:00,A_sell_B_buy,-6.9888,-12.8888,231.75,231.76,0.862,116.848,231.777,231.912,2.213,0.77,0.0000062500,0.0004000000,273.2,0.1
2026-09-04T13:32:59.134+00:00,B_sell_A_buy,0.7334,-5.1666,231.75,231.76,0.862,116.848,231.777,231.912,2.213,0.77,0.0000062500,0.0004000000,273.2,0.1
2026-09-04T13:33:00.209+00:00,A_sell_B_buy,-11.0030,-16.9030,231.65,231.68,4.317,64.919,231.784,231.905,2.143,2.15,0.0000062500,0.0004000000,0.1,596.1
2026-09-04T13:33:00.209+00:00,B_sell_A_buy,4.4875,-1.4125,231.65,231.68,4.317,64.919,231.784,231.905,2.143,2.15,0.0000062500,0.0004000000,0.1,596.1
2026-09-04T13:33:01.238+00:00,A_sell_B_buy,-12.0787,-17.9787,231.69,231.74,88.6,1.579,231.854,231.97,0.712,13.027,0.0000062500,0.0004000000,114.0,0.1
2026-09-04T13:33:01.238+00:00,B_sell_A_buy,4.9177,-0.9823,231.69,231.74,88.6,1.579,231.854,231.97,0.712,13.027,0.0000062500,0.0004000000,114.0,0.1
2026-09-04T13:33:02.240+00:00,A_sell_B_buy,-12.2069,-18.1069,231.72,231.75,58.61,63.775,231.869,232.003,2.08,1.985,0.0000062500,0.0004000000,0.1,83.9
2026-09-04T13:33:02.240+00:00,B_sell_A_buy,5.1329,-0.7671,231.72,231.75,58.61,63.775,231.869,232.003,2.08,1.985,0.0000062500,0.0004000000,0.1,83.9
2026-09-04T13:33:03.276+00:00,A_sell_B_buy,-11.9001,-17.8001,231.82,231.83,53.921,1.579,231.98,232.096,2.139,13.019,0.0000062500,0.0004000000,194.4,0.1
2026-09-04T13:33:03.276+00:00,B_sell_A_buy,6.4674,0.5674,231.82,231.83,53.921,1.579,231.98,232.096,2.139,13.019,0.0000062500,0.0004000000,194.4,0.1
2026-09-04T13:33:04.325+00:00,A_sell_B_buy,-8.3662,-14.2662,231.82,231.85,16.817,69.178,231.863,232.014,2.155,0.46,0.0000062500,0.0004000000,301.9,0.1
2026-09-04T13:33:04.325+00:00,B_sell_A_buy,0.5606,-5.3394,231.82,231.85,16.817,69.178,231.863,232.014,2.155,0.46,0.0000062500,0.0004000000,301.9,0.1
2026-09-04T13:33:05.326+00:00,A_sell_B_buy,-7.8088,-13.7088,231.71,231.72,0.18,107.888,231.834,231.891,3.82,2.241,0.0000062500,0.0004000000,3.1,0.0
2026-09-04T13:33:05.326+00:00,B_sell_A_buy,4.9183,-0.9817,231.71,231.72,0.18,107.888,231.834,231.891,3.82,2.241,0.0000062500,0.0004000000,3.1,0.0
2026-09-04T13:33:06.336+00:00,A_sell_B_buy,-13.0719,-18.9719,231.67,231.68,118.231,64.919,231.855,231.973,1.709,1.935,0.0000062500,0.0004000000,23.8,0.0
2026-09-04T13:33:06.336+00:00,B_sell_A_buy,7.5498,1.6498,231.67,231.68,118.231,64.919,231.855,231.973,1.709,1.935,0.0000062500,0.0004000000,23.8,0.0
2026-09-04T13:33:07.373+00:00,A_sell_B_buy,-10.9169,-16.8169,231.65,231.66,24.892,2.538,231.788,231.903,2.184,13.019,0.0000062500,0.0004000000,59.2,0.1
2026-09-04T13:33:07.373+00:00,B_sell_A_buy,5.5232,-0.3768,231.65,231.66,24.892,2.538,231.788,231.903,2.184,13.019,0.0000062500,0.0004000000,59.2,0.1
2026-09-04T13:33:08.412+00:00,A_sell_B_buy,-11.2164,-17.1164,231.69,231.74,33.414,56.623,231.835,231.95,1.474,2.272,0.0000062500,0.0004000000,110.4,0.1
2026-09-04T13:33:08.412+00:00,B_sell_A_buy,4.0983,-1.8017,231.69,231.74,33.414,56.623,231.835,231.95,1.474,2.272,0.0000062500,0.0004000000,110.4,0.1
2026-09-04T13:33:09.483+00:00,A_sell_B_buy,-11.6026,-17.5026,231.72,231.78,118.466,4.258,231.892,231.989,2.238,2.243,0.0000062500,0.0004000000,0.0,75.9
2026-09-04T13:33:09.483+00:00,B_sell_A_buy,4.8308,-1.0692,231.72,231.78,118.466,4.258,231.892,231.989,2.238,2.243,0.0000062500,0.0004000000,0.0,75.9
2026-09-04T13:33:10.507+00:00,A_sell_B_buy,-8.0680,-13.9680,231.71,231.72,24.055,2.538,231.788,231.897,108.506,0.178,0.0000062500,0.0004000000,72.3,0.1
2026-09-04T13:33:10.507+00:00,B_sell_A_buy,2.9338,-2.9662,231.71,231.72,24.055,2.538,231.788,231.897,108.506,0.178,0.0000062500,0.0004000000,72.3,0.1
2026-09-04T13:33:11.518+00:00,A_sell_B_buy,-11.9932,-17.8932,231.68,231.69,20.321,8.736,231.866,231.958,2.138,1.872,0.0000062500,0.0004000000,117.7,0.1
2026-09-04T13:33:11.518+00:00,B_sell_A_buy,7.5928,1.6928,231.68,231.69,20.321,8.736,231.866,231.958,2.138,1.872,0.0000062500,0.0004000000,117.7,0.1
2026-09-04T13:33:12.602+00:00,A_sell_B_buy,-12.2513,-18.1513,231.69,231.71,74.735,2.538,231.872,231.974,21.6,2.145,0.0000062500,0.0004000000,88.3,0.0
2026-09-04T13:33:12.602+00:00,B_sell_A_buy,6.9884,1.0884,231.69,231.71,74.735,2.538,231.872,231.974,21.6,2.145,0.0000062500,0.0004000000,88.3,0.0
2026-09-04T13:33:13.623+00:00,A_sell_B_buy,-13.0670,-18.9670,231.76,231.78,22.647,13.05,231.923,232.063,1.817,2.69,0.0000062500,0.0004000000,0.0,80.9
2026-09-04T13:33:13.623+00:00,B_sell_A_buy,6.1669,0.2669,231.76,231.78,22.647,13.05,231.923,232.063,1.817,2.69,0.0000062500,0.0004000000,0.0,80.9
2026-09-04T13:33:14.642+00:00,A_sell_B_buy,-10.9091,-16.8091,231.81,231.85,41.453,4.259,231.946,232.063,13.019,1.992,0.0000062500,0.0004000000,124.9,0.1
2026-09-04T13:33:14.642+00:00,B_sell_A_buy,4.1394,-1.7606,231.81,231.85,41.453,4.259,231.946,232.063,13.019,1.992,0.0000062500,0.0004000000,124.9,0.1
2026-09-04T13:33:15.716+00:00,A_sell_B_buy,-10.2193,-16.1193,231.82,231.83,28.831,4.258,231.954,232.057,1.287,2.073,0.0000062500,0.0004000000,0.0,443.5
2026-09-04T13:33:15.716+00:00,B_sell_A_buy,5.3468,-0.5532,231.82,231.83,28.831,4.258,231.954,232.057,1.287,2.073,0.0000062500,0.0004000000,0.0,443.5
2026-09-04T13:33:16.965+00:00,A_sell_B_buy,-10.9941,-16.8941,231.84,231.87,22.859,64.919,231.962,232.095,0.682,15.15,0.0000062500,0.0004000000,256.4,0.1
2026-09-04T13:33:16.965+00:00,B_sell_A_buy,3.9665,-1.9335,231.84,231.87,22.859,64.919,231.962,232.095,0.682,15.15,0.0000062500,0.0004000000,256.4,0.1
2026-09-04T13:33:17.973+00:00,A_sell_B_buy,-7.5005,-13.4005,231.92,231.93,53.897,210.96,231.996,232.094,1.92,3.003,0.0000062500,0.0004000000,160.8,0.0
2026-09-04T13:33:17.973+00:00,B_sell_A_buy,2.8450,-3.0550,231.92,231.93,53.897,210.96,231.996,232.094,1.92,3.003,0.0000062500,0.0004000000,160.8,0.0
2026-09-04T13:33:18.974+00:00,A_sell_B_buy,-10.9493,-16.8493,231.87,231.91,5.372,59.058,232.013,232.124,21.6,2.265,0.0000062500,0.0004000000,100.7,0.1
2026-09-04T13:33:18.974+00:00,B_sell_A_buy,4.4401,-1.4599,231.87,231.91,5.372,59.058,232.013,232.124,21.6,2.265,0.0000062500,0.0004000000,100.7,0.1
2026-09-04T13:33:20.040+00:00,A_sell_B_buy,-12.6727,-18.5727,231.88,231.89,29.359,2.538,232.035,232.174,0.639,2.182,0.0000062500,0.0004000000,86.1,0.1
2026-09-04T13:33:20.040+00:00,B_sell_A_buy,6.2501,0.3501,231.88,231.89,29.359,2.538,232.035,232.174,0.639,2.182,0.0000062500,0.0004000000,86.1,0.1
2026-09-04T13:33:21.069+00:00,A_sell_B_buy,-9.3955,-15.2955,231.93,231.96,98.716,8.736,232.069,232.148,1.783,2.025,0.0000062500,0.0004000000,37.4,0.0
2026-09-04T13:33:21.069+00:00,B_sell_A_buy,4.6977,-1.2023,231.93,231.96,98.716,8.736,232.069,232.148,1.783,2.025,0.0000062500,0.0004000000,37.4,0.0
2026-09-04T13:33:22.073+00:00,A_sell_B_buy,-16.8461,-22.7461,231.92,231.97,44.3,53.886,232.205,232.311,2.163,2.131,0.0000062500,0.0004000000,51.0,0.1
2026-09-04T13:33:22.073+00:00,B_sell_A_buy,10.1249,4.2249,231.92,231.97,44.3,53.886,232.205,232.311,2.163,2.131,0.0000062500,0.0004000000,51.0,0.1
2026-09-04T13:33:23.097+00:00,A_sell_B_buy,-14.2977,-20.1977,232.06,232.09,118.784,8.736,232.28,232.392,2.775,2.23,0.0000062500,0.0004000000,0.0,27.1
2026-09-04T13:33:23.097+00:00,B_sell_A_buy,8.1824,2.2824,232.06,232.09,118.784,8.736,232.28,232.392,2.775,2.23,0.0000062500,0.0004000000,0.0,27.1
2026-09-04T13:33:24.105+00:00,A_sell_B_buy,-9.4732,-15.3732,232.14,232.19,88.6,13.003,232.249,232.36,13.019,1.916,0.0000062500,0.0004000000,77.1,0.0
2026-09-04T13:33:24.105+00:00,B_sell_A_buy,2.5405,-3.3595,232.14,232.19,88.6,13.003,232.249,232.36,13.019,1.916,0.0000062500,0.0004000000,77.1,0.0
2026-09-04T13:33:25.136+00:00,A_sell_B_buy,-9.7322,-15.6322,232.13,232.14,9.626,52.318,232.252,232.356,1.888,26.038,0.0000062500,0.0004000000,97.8,0.0
2026-09-04T13:33:25.136+00:00,B_sell_A_buy,4.8230,-1.0770,232.13,232.14,9.626,52.318,232.252,232.356,1.888,26.038,0.0000062500,0.0004000000,97.8,0.0
2026-09-04T13:33:26.160+00:00,A_sell_B_buy,-11.2814,-17.1814,232.12,232.17,87.418,64.919,232.292,232.382,2.079,26.038,0.0000062500,0.0004000000,48.7,0.1
2026-09-04T13:33:26.160+00:00,B_sell_A_buy,5.2532,-0.6468,232.12,232.17,87.418,64.919,232.292,232.382,2.079,26.038,0.0000062500,0.0004000000,48.7,0.1
2026-09-04T13:33:27.228+00:00,A_sell_B_buy,-11.1083,-17.0083,232.15,232.19,118.066,13.003,232.284,232.408,2.014,2.174,0.0000062500,0.0004000000,0.1,72.6
2026-09-04T13:33:27.228+00:00,B_sell_A_buy,4.0472,-1.8528,232.15,232.19,118.066,13.003,232.284,232.408,2.014,2.174,0.0000062500,0.0004000000,0.1,72.6
2026-09-04T13:33:28.266+00:00,A_sell_B_buy,-11.0643,-16.9643,232.18,232.19,249.734,4.267,232.307,232.437,13.019,1.959,0.0000062500,0.0004000000,193.8,0.0
2026-09-04T13:33:28.266+00:00,B_sell_A_buy,5.0371,-0.8629,232.18,232.19,249.734,4.267,232.307,232.437,13.019,1.959,0.0000062500,0.0004000000,193.8,0.0
2026-09-04T13:33:29.312+00:00,A_sell_B_buy,-7.3236,-13.2236,232.06,232.11,232.217,2.538,232.103,232.23,2.178,1.917,0.0000062500,0.0004000000,377.7,0.1
2026-09-04T13:33:29.312+00:00,B_sell_A_buy,-0.3016,-6.2016,232.06,232.11,232.217,2.538,232.103,232.23,2.178,1.917,0.0000062500,0.0004000000,377.7,0.1
2026-09-04T13:33:30.318+00:00,A_sell_B_buy,-13.7867,-19.6867,231.97,231.98,27.861,64.919,232.19,232.29,86.489,1.847,0.0000062500,0.0004000000,71.4,0.0
2026-09-04T13:33:30.318+00:00,B_sell_A_buy,9.0475,3.1475,231.97,231.98,27.861,64.919,232.19,232.29,86.489,1.847,0.0000062500,0.0004000000,71.4,0.0
2026-09-04T13:33:31.319+00:00,A_sell_B_buy,-9.1720,-15.0720,232.14,232.15,53.846,7.831,232.275,232.353,2.265,2.075,0.0000062500,0.0004000000,0.1,107.5
2026-09-04T13:33:31.319+00:00,B_sell_A_buy,5.3826,-0.5174,232.14,232.15,53.846,7.831,232.275,232.353,2.265,2.075,0.0000062500,0.0004000000,0.1,107.5
2026-09-04T13:33:32.361+00:00,A_sell_B_buy,-9.7326,-15.6326,232.12,232.13,4.308,9.292,232.241,232.346,2.301,2.14,0.0000062500,0.0004000000,111.1,0.1
2026-09-04T13:33:32.361+00:00,B_sell_A_buy,4.7802,-1.1198,232.12,232.13,4.308,9.292,232.241,232.346,2.301,2.14,0.0000062500,0.0004000000,111.1,0.1
2026-09-04T13:33:33.413+00:00,A_sell_B_buy,-10.5081,-16.4081,232.1,232.12,22.29,8.736,232.246,232.344,1.888,13.019,0.0000062500,0.0004000000,0.1,270.3
2026-09-04T13:33:33.413+00:00,B_sell_A_buy,5.4263,-0.4737,232.1,232.12,22.29,8.736,232.246,232.344,1.888,13.019,0.0000062500,0.0004000000,0.1,270.3
2026-09-04T13:33:34.440+00:00,A_sell_B_buy,-11.2382,-17.1382,232.13,232.17,37.632,4.307,232.28,232.391,1.809,2.106,0.0000062500,0.0004000000,405.1,0.1
2026-09-04T13:33:34.440+00:00,B_sell_A_buy,4.7364,-1.1636,232.13,232.17,37.632,4.307,232.28,232.391,1.809,2.106,0.0000062500,0.0004000000,405.1,0.1
2026-09-04T13:33:35.504+00:00,A_sell_B_buy,-9.5166,-15.4166,232.13,232.16,26.023,23.842,232.264,232.351,0.833,13.019,0.0000062500,0.0004000000,66.6,0.1
2026-09-04T13:33:35.504+00:00,B_sell_A_buy,4.4784,-1.4216,232.13,232.16,26.023,23.842,232.264,232.351,0.833,13.019,0.0000062500,0.0004000000,66.6,0.1
2026-09-04T13:33:36.506+00:00,A_sell_B_buy,-10.7245,-16.6245,232.06,232.13,54.749,142.882,232.213,232.309,13.019,1.025,0.0000062500,0.0004000000,94.7,0.0
2026-09-04T13:33:36.506+00:00,B_sell_A_buy,3.5748,-2.3252,232.06,232.13,54.749,142.882,232.213,232.309,13.019,1.025,0.0000062500,0.0004000000,94.7,0.0
2026-09-04T13:33:37.657+00:00,A_sell_B_buy,-9.8632,-15.7632,232.08,232.09,25.234,2.563,232.226,232.309,1.398,1.025,0.0000062500,0.0004000000,0.1,263.9
2026-09-04T13:33:37.657+00:00,B_sell_A_buy,5.8576,-0.0424,232.08,232.09,25.234,2.563,232.226,232.309,1.398,1.025,0.0000062500,0.0004000000,0.1,263.9
2026-09-04T13:33:38.712+00:00,A_sell_B_buy,-7.7966,-13.6966,232.08,232.09,0.06,132.401,232.176,232.261,1.695,2.189,0.0000062500,0.0004000000,279.9,0.1
2026-09-04T13:33:38.712+00:00,B_sell_A_buy,3.7045,-2.1955,232.08,232.09,0.06,132.401,232.176,232.261,1.695,2.189,0.0000062500,0.0004000000,279.9,0.1
2026-09-04T13:33:39.768+00:00,A_sell_B_buy,-12.7915,-18.6915,232.06,232.09,24.166,67.482,232.236,232.357,23.564,1.989,0.0000062500,0.0004000000,0.1,88.7
2026-09-04T13:33:39.768+00:00,B_sell_A_buy,6.2881,0.3881,232.06,232.09,24.166,67.482,232.236,232.357,23.564,1.989,0.0000062500,0.0004000000,0.1,88.7
2026-09-04T13:33:40.815+00:00,A_sell_B_buy,-10.5482,-16.4482,232.17,232.18,107.678,64.919,232.303,232.415,23.787,1.855,0.0000062500,0.0004000000,0.1,53.6
2026-09-04T13:33:40.815+00:00,B_sell_A_buy,5.2956,-0.6044,232.17,232.18,107.678,64.919,232.303,232.415,23.787,1.855,0.0000062500,0.0004000000,0.1,53.6
2026-09-04T13:33:41.846+00:00,A_sell_B_buy,-13.2570,-19.1570,232.19,232.23,130.73,69.288,232.4,232.498,1.907,1.962,0.0000062500,0.0004000000,0.1,140.4
2026-09-04T13:33:41.846+00:00,B_sell_A_buy,7.3172,1.4172,232.19,232.23,130.73,69.288,232.4,232.498,1.907,1.962,0.0000062500,0.0004000000,0.1,140.4
2026-09-04T13:33:42.869+00:00,A_sell_B_buy,-10.7165,-16.6165,232.24,232.28,24.507,64.919,232.4,232.489,15.711,1.908,0.0000062500,0.0004000000,163.1,0.1
2026-09-04T13:33:42.869+00:00,B_sell_A_buy,5.1646,-0.7354,232.24,232.28,24.507,64.919,232.4,232.489,15.711,1.908,0.0000062500,0.0004000000,163.1,0.1
2026-09-04T13:33:43.887+00:00,A_sell_B_buy,-9.8969,-15.7969,232.3,232.33,21.486,4.624,232.425,232.53,21.6,0.886,0.0000062500,0.0004000000,107.0,0.0
2026-09-04T13:33:43.887+00:00,B_sell_A_buy,4.0878,-1.8122,232.3,232.33,21.486,4.624,232.425,232.53,21.6,0.886,0.0000062500,0.0004000000,107.0,0.0
2026-09-04T13:33:44.894+00:00,A_sell_B_buy,-9.0366,-14.9366,232.3,232.31,14.374,19.774,232.432,232.51,3.725,0.662,0.0000062500,0.0004000000,0.1,80.7
2026-09-04T13:33:44.894+00:00,B_sell_A_buy,5.2498,-0.6502,232.3,232.31,14.374,19.774,232.432,232.51,3.725,0.662,0.0000062500,0.0004000000,0.1,80.7
2026-09-04T13:33:45.915+00:00,A_sell_B_buy,-9.8111,-15.7111,232.28,232.32,44.3,2.412,232.453,232.508,1.462,13.019,0.0000062500,0.0004000000,57.6,0.1
2026-09-04T13:33:45.915+00:00,B_sell_A_buy,5.7231,-0.1769,232.28,232.32,44.3,2.412,232.453,232.508,1.462,13.019,0.0000062500,0.0004000000,57.6,0.1
2026-09-04T13:33:46.916+00:00,A_sell_B_buy,-9.6819,-15.5819,232.29,232.31,35.131,1.603,232.454,232.515,13.019,13.019,0.0000062500,0.0004000000,126.0,0.1
2026-09-04T13:33:46.916+00:00,B_sell_A_buy,6.1964,0.2964,232.29,232.31,35.131,1.603,232.454,232.515,13.019,13.019,0.0000062500,0.0004000000,126.0,0.1
2026-09-04T13:33:47.933+00:00,A_sell_B_buy,-10.6271,-16.5271,232.32,232.34,98.388,4.304,232.473,232.567,1.881,1.98,0.0000062500,0.0004000000,0.1,70.0
2026-09-04T13:33:47.933+00:00,B_sell_A_buy,5.7223,-0.1777,232.32,232.34,98.388,4.304,232.473,232.567,1.881,1.98,0.0000062500,0.0004000000,0.1,70.0
2026-09-04T13:33:48.945+00:00,A_sell_B_buy,-4.5623,-10.4623,232.32,232.33,6.523,58.106,232.286,232.426,0.587,13.019,0.0000062500,0.0004000000,21.0,0.1
2026-09-04T13:33:48.945+00:00,B_sell_A_buy,-1.8938,-7.7938,232.32,232.33,6.523,58.106,232.286,232.426,0.587,13.019,0.0000062500,0.0004000000,21.0,0.1
2026-09-04T13:33:49.950+00:00,A_sell_B_buy,-8.9993,-14.8993,232.15,232.16,13.062,53.842,232.29,232.359,21.6,13.019,0.0000062500,0.0004000000,0.1,32.6
2026-09-04T13:33:49.950+00:00,B_sell_A_buy,5.5977,-0.3023,232.15,232.16,13.062,53.842,232.29,232.359,21.6,13.019,0.0000062500,0.0004000000,0.1,32.6
2026-09-04T13:33:50.958+00:00,A_sell_B_buy,-7.6248,-13.5248,232.08,232.09,37.723,7.983,232.117,232.257,1.912,2.199,0.0000062500,0.0004000000,164.1,0.0
2026-09-04T13:33:50.958+00:00,B_sell_A_buy,1.1631,-4.7369,232.08,232.09,37.723,7.983,232.117,232.257,1.912,2.199,0.0000062500,0.0004000000,164.1,0.0
2026-09-04T13:33:51.962+00:00,A_sell_B_buy,-11.8432,-17.7432,232.08,232.12,2.082,5.392,232.246,232.355,1.982,2.219,0.0000062500,0.0004000000,25.4,0.0
2026-09-04T13:33:51.962+00:00,B_sell_A_buy,5.4264,-0.4736,232.08,232.12,2.082,5.392,232.246,232.355,1.982,2.219,0.0000062500,0.0004000000,25.4,0.0
2026-09-04T13:33:52.962+00:00,A_sell_B_buy,-10.5922,-16.4922,232.15,232.17,4.308,5.034,232.267,232.396,23.54,0.812,0.0000062500,0.0004000000,126.0,0.1
2026-09-04T13:33:52.962+00:00,B_sell_A_buy,4.1766,-1.7234,232.15,232.17,4.308,5.034,232.267,232.396,23.54,0.812,0.0000062500,0.0004000000,126.0,0.1
2026-09-04T13:33:53.966+00:00,A_sell_B_buy,-9.4276,-15.3276,232.21,232.22,53.83,1.429,232.326,232.429,1.588,1.861,0.0000062500,0.0004000000,18.0,0.1
2026-09-04T13:33:53.966+00:00,B_sell_A_buy,4.5631,-1.3369,232.21,232.22,53.83,1.429,232.326,232.429,1.588,1.861,0.0000062500,0.0004000000,18.0,0.1
2026-09-04T13:33:54.975+00:00,A_sell_B_buy,-10.9766,-16.8766,232.21,232.24,4.306,4.306,232.338,232.465,0.609,2.262,0.0000062500,0.0004000000,180.0,0.1
2026-09-04T13:33:54.975+00:00,B_sell_A_buy,4.2184,-1.6816,232.21,232.24,4.306,4.306,232.338,232.465,0.609,2.262,0.0000062500,0.0004000000,180.0,0.1
2026-09-04T13:33:55.978+00:00,A_sell_B_buy,-7.7063,-13.6063,232.22,232.23,25.154,1.002,232.265,232.399,2.25,2.178,0.0000062500,0.0004000000,44.8,0.0
2026-09-04T13:33:55.978+00:00,B_sell_A_buy,1.5068,-4.3932,232.22,232.23,25.154,1.002,232.265,232.399,2.25,2.178,0.0000062500,0.0004000000,44.8,0.0
2026-09-04T13:33:56.984+00:00,A_sell_B_buy,-13.6470,-19.5470,232.15,232.19,21.796,84.437,232.333,232.467,1.855,2.802,0.0000062500,0.0004000000,125.4,0.0
2026-09-04T13:33:56.984+00:00,B_sell_A_buy,6.1562,0.2562,232.15,232.19,21.796,84.437,232.333,232.467,1.855,2.802,0.0000062500,0.0004000000,125.4,0.0
2026-09-04T13:33:57.996+00:00,A_sell_B_buy,-11.2383,-17.1383,232.11,232.2,33.414,61.815,232.283,232.371,86.489,1.98,0.0000062500,0.0004000000,121.0,0.0
2026-09-04T13:33:57.996+00:00,B_sell_A_buy,3.5739,-2.3261,232.11,232.2,33.414,61.815,232.283,232.371,86.489,1.98,0.0000062500,0.0004000000,121.0,0.0
2026-09-04T13:33:59.010+00:00,A_sell_B_buy,-9.8168,-15.7168,232.15,232.19,24.401,4.307,232.3,232.378,23.094,2.039,0.0000062500,0.0004000000,134.4,0.1
2026-09-04T13:33:59.010+00:00,B_sell_A_buy,4.7362,-1.1638,232.15,232.19,24.401,4.307,232.3,232.378,23.094,2.039,0.0000062500,0.0004000000,134.4,0.1
2026-09-04T13:34:00.010+00:00,A_sell_B_buy,-8.6113,-14.5113,232.17,232.18,21.6,15.966,232.296,232.37,23.617,2.277,0.0000062500,0.0004000000,134.1,0.0
2026-09-04T13:34:00.010+00:00,B_sell_A_buy,4.9945,-0.9055,232.17,232.18,21.6,15.966,232.296,232.37,23.617,2.277,0.0000062500,0.0004000000,134.1,0.0
2026-09-04T13:34:01.013+00:00,A_sell_B_buy,-11.4543,-17.3543,232.12,232.13,34.99,7.983,232.272,232.386,1.917,15.92,0.0000062500,0.0004000000,41.3,0.1
2026-09-04T13:34:01.013+00:00,B_sell_A_buy,6.1147,0.2147,232.12,232.13,34.99,7.983,232.272,232.386,1.917,15.92,0.0000062500,0.0004000000,41.3,0.1
2026-09-04T13:34:02.021+00:00,A_sell_B_buy,-8.6994,-14.5994,232.12,232.14,12.277,88.868,232.216,232.322,3.552,1.685,0.0000062500,0.0004000000,72.2,0.0
2026-09-04T13:34:02.021+00:00,B_sell_A_buy,3.2730,-2.6270,232.12,232.14,12.277,88.868,232.216,232.322,3.552,1.685,0.0000062500,0.0004000000,72.2,0.0
2026-09-04T13:34:03.053+00:00,A_sell_B_buy,-9.7339,-15.6339,232.08,232.13,67.241,1.97,232.197,232.306,0.476,2.253,0.0000062500,0.0004000000,40.0,0.0
2026-09-04T13:34:03.053+00:00,B_sell_A_buy,2.8857,-3.0143,232.08,232.13,67.241,1.97,232.197,232.306,0.476,2.253,0.0000062500,0.0004000000,40.0,0.0
2026-09-04T13:34:04.055+00:00,A_sell_B_buy,-9.0868,-14.9868,232.12,232.13,2.729,1.223,232.241,232.331,1.209,1.987,0.0000062500,0.0004000000,0.0,46.9
2026-09-04T13:34:04.055+00:00,B_sell_A_buy,4.7802,-1.1198,232.12,232.13,2.729,1.223,232.241,232.331,1.209,1.987,0.0000062500,0.0004000000,0.0,46.9
2026-09-04T13:34:05.057+00:00,A_sell_B_buy,-14.3783,-20.2783,232.15,232.19,42.793,3.085,232.353,232.484,2.084,1.928,0.0000062500,0.0004000000,11.6,0.0
2026-09-04T13:34:05.057+00:00,B_sell_A_buy,7.0170,1.1170,232.15,232.19,42.793,3.085,232.353,232.484,2.084,1.928,0.0000062500,0.0004000000,11.6,0.0
2026-09-04T13:34:06.083+00:00,A_sell_B_buy,-10.5840,-16.4840,232.32,232.33,53.805,147.665,232.492,232.566,1.902,1.38,0.0000062500,0.0004000000,64.8,0.0
2026-09-04T13:34:06.083+00:00,B_sell_A_buy,6.9699,1.0699,232.32,232.33,53.805,147.665,232.492,232.566,1.902,1.38,0.0000062500,0.0004000000,64.8,0.0
2026-09-04T13:34:07.104+00:00,A_sell_B_buy,-7.9174,-13.8174,232.33,232.36,4.304,4.304,232.398,232.514,1.86,13.019,0.0000062500,0.0004000000,77.6,0.0
2026-09-04T13:34:07.104+00:00,B_sell_A_buy,1.6351,-4.2649,232.33,232.36,4.304,4.304,232.398,232.514,1.86,13.019,0.0000062500,0.0004000000,77.6,0.0
2026-09-04T13:34:08.109+00:00,A_sell_B_buy,-9.4659,-15.3659,232.32,232.36,19.244,162.699,232.428,232.54,1.938,2.005,0.0000062500,0.0004000000,37.9,0.0
2026-09-04T13:34:08.109+00:00,B_sell_A_buy,2.9258,-2.9742,232.32,232.36,19.244,162.699,232.428,232.54,1.938,2.005,0.0000062500,0.0004000000,37.9,0.0
2026-09-04T13:34:09.117+00:00,A_sell_B_buy,-9.7691,-15.6691,232.28,232.29,19.77,88.6,232.387,232.507,21.6,26.038,0.0000062500,0.0004000000,53.0,0.0
2026-09-04T13:34:09.117+00:00,B_sell_A_buy,4.1744,-1.7256,232.28,232.29,19.77,88.6,232.387,232.507,21.6,26.038,0.0000062500,0.0004000000,53.0,0.0
2026-09-04T13:34:10.153+00:00,A_sell_B_buy,-8.9514,-14.8514,232.28,232.3,19.77,8.736,232.399,232.488,1.953,13.019,0.0000062500,0.0004000000,57.9,0.0
2026-09-04T13:34:10.153+00:00,B_sell_A_buy,4.2605,-1.6395,232.28,232.3,19.77,8.736,232.399,232.488,1.953,13.019,0.0000062500,0.0004000000,57.9,0.0
2026-09-04T13:34:11.192+00:00,A_sell_B_buy,-5.2086,-11.1086,232.27,232.28,22.809,64.919,232.293,232.391,26.038,13.019,0.0000062500,0.0004000000,110.1,0.0
2026-09-04T13:34:11.192+00:00,B_sell_A_buy,0.5596,-5.3404,232.27,232.28,22.809,64.919,232.293,232.391,26.038,13.019,0.0000062500,0.0004000000,110.1,0.0
2026-09-04T13:34:12.194+00:00,A_sell_B_buy,-10.8105,-16.7105,232.07,232.12,24.366,43.761,232.217,232.321,2.238,13.019,0.0000062500,0.0004000000,66.9,0.1
2026-09-04T13:34:12.194+00:00,B_sell_A_buy,4.1778,-1.7222,232.07,232.12,24.366,43.761,232.217,232.321,2.238,13.019,0.0000062500,0.0004000000,66.9,0.1
2026-09-04T13:34:13.209+00:00,A_sell_B_buy,-10.2075,-16.1075,232.08,232.1,25.909,129.838,232.229,232.317,2.239,1.158,0.0000062500,0.0004000000,17.0,0.1
2026-09-04T13:34:13.209+00:00,B_sell_A_buy,5.5560,-0.3440,232.08,232.1,25.909,129.838,232.229,232.317,2.239,1.158,0.0000062500,0.0004000000,17.0,0.1
2026-09-04T13:34:14.211+00:00,A_sell_B_buy,-8.6157,-14.5157,232.06,232.07,33.414,88.6,232.151,232.26,3.906,1.166,0.0000062500,0.0004000000,0.1,43.4
2026-09-04T13:34:14.211+00:00,B_sell_A_buy,3.4893,-2.4107,232.06,232.07,33.414,88.6,232.151,232.26,3.906,1.166,0.0000062500,0.0004000000,0.1,43.4
2026-09-04T13:34:15.263+00:00,A_sell_B_buy,-10.7673,-16.6673,232.07,232.1,31.824,24.159,232.246,232.32,2.177,13.019,0.0000062500,0.0004000000,0.1,103.6
2026-09-04T13:34:15.263+00:00,B_sell_A_buy,6.2881,0.3881,232.07,232.1,31.824,24.159,232.246,232.32,2.177,13.019,0.0000062500,0.0004000000,0.1,103.6
2026-09-04T13:34:16.267+00:00,A_sell_B_buy,-9.9898,-15.8898,232.14,232.17,6.436,0.978,232.266,232.372,1.964,26.038,0.0000062500,0.0004000000,0.1,103.7
2026-09-04T13:34:16.267+00:00,B_sell_A_buy,4.1337,-1.7663,232.14,232.17,6.436,0.978,232.266,232.372,1.964,26.038,0.0000062500,0.0004000000,0.1,103.7
2026-09-04T13:34:17.275+00:00,A_sell_B_buy,-6.1159,-12.0159,232.11,232.15,21.6,54.483,232.211,232.252,2.08,13.019,0.0000062500,0.0004000000,133.7,0.1
2026-09-04T13:34:17.275+00:00,B_sell_A_buy,2.6273,-3.2727,232.11,232.15,21.6,54.483,232.211,232.252,2.08,13.019,0.0000062500,0.0004000000,133.7,0.1
2026-09-04T13:34:18.280+00:00,A_sell_B_buy,-9.1747,-15.0747,232.08,232.09,24.168,4.309,232.179,232.293,1.855,26.038,0.0000062500,0.0004000000,0.0,14.1
2026-09-04T13:34:18.280+00:00,B_sell_A_buy,3.8336,-2.0664,232.08,232.09,24.168,4.309,232.179,232.293,1.855,26.038,0.0000062500,0.0004000000,0.0,14.1
2026-09-04T13:34:19.309+00:00,A_sell_B_buy,-9.7788,-15.6788,232.04,232.05,20.17,64.919,232.184,232.267,21.6,26.038,0.0000062500,0.0004000000,0.1,55.6
2026-09-04T13:34:19.309+00:00,B_sell_A_buy,5.7725,-0.1275,232.04,232.05,20.17,64.919,232.184,232.267,21.6,26.038,0.0000062500,0.0004000000,0.1,55.6
2026-09-04T13:34:20.360+00:00,A_sell_B_buy,-9.7787,-15.6787,232.04,232.05,20.17,179.759,232.188,232.267,1.694,26.038,0.0000062500,0.0004000000,60.0,0.1
2026-09-04T13:34:20.360+00:00,B_sell_A_buy,5.9448,0.0448,232.04,232.05,20.17,179.759,232.188,232.267,1.694,26.038,0.0000062500,0.0004000000,60.0,0.1
2026-09-04T13:34:21.361+00:00,A_sell_B_buy,-8.4009,-14.3009,232.04,232.05,2.082,134.147,232.142,232.235,47.638,26.038,0.0000062500,0.0004000000,0.0,53.2
2026-09-04T13:34:21.361+00:00,B_sell_A_buy,3.9635,-1.9365,232.04,232.05,2.082,134.147,232.142,232.235,47.638,26.038,0.0000062500,0.0004000000,0.0,53.2
2026-09-04T13:34:22.608+00:00,A_sell_B_buy,-11.8459,-17.7459,232.02,232.04,24.173,23.635,232.239,232.295,1.711,1.245,0.0000062500,0.0004000000,0.1,251.3
2026-09-04T13:34:22.608+00:00,B_sell_A_buy,8.5721,2.6721,232.02,232.04,24.173,23.635,232.239,232.295,1.711,1.245,0.0000062500,0.0004000000,0.1,251.3
2026-09-04T13:34:23.615+00:00,A_sell_B_buy,-10.7263,-16.6263,232.03,232.06,25.812,38.28,232.193,232.279,2.242,1.248,0.0000062500,0.0004000000,197.5,0.0
2026-09-04T13:34:23.615+00:00,B_sell_A_buy,5.7293,-0.1707,232.03,232.06,25.812,38.28,232.193,232.279,2.242,1.248,0.0000062500,0.0004000000,197.5,0.0
2026-09-04T13:34:24.664+00:00,A_sell_B_buy,-11.0696,-16.9696,232.05,232.09,44.3,87.293,232.219,232.307,21.6,1.259,0.0000062500,0.0004000000,226.3,0.0
2026-09-04T13:34:24.664+00:00,B_sell_A_buy,5.5564,-0.3436,232.05,232.09,44.3,87.293,232.219,232.307,21.6,1.259,0.0000062500,0.0004000000,226.3,0.0
2026-09-04T13:34:25.675+00:00,A_sell_B_buy,-9.8630,-15.7630,232.08,232.1,30.641,0.147,232.236,232.309,21.6,1.248,0.0000062500,0.0004000000,15.3,0.0
2026-09-04T13:34:25.675+00:00,B_sell_A_buy,5.8575,-0.0425,232.08,232.1,30.641,0.147,232.236,232.309,21.6,1.248,0.0000062500,0.0004000000,15.3,0.0
2026-09-04T13:34:26.699+00:00,A_sell_B_buy,-9.3022,-15.2022,232.11,232.13,44.3,20.045,232.244,232.326,2.0,13.019,0.0000062500,0.0004000000,164.9,0.1
2026-09-04T13:34:26.699+00:00,B_sell_A_buy,4.9095,-0.9905,232.11,232.13,44.3,20.045,232.244,232.326,2.0,13.019,0.0000062500,0.0004000000,164.9,0.1
2026-09-04T13:34:27.718+00:00,A_sell_B_buy,-12.5666,-18.4666,232.23,232.26,44.3,0.43,232.436,232.522,13.019,1.286,0.0000062500,0.0004000000,183.9,0.1
2026-09-04T13:34:27.718+00:00,B_sell_A_buy,7.5744,1.6744,232.23,232.26,44.3,0.43,232.436,232.522,13.019,1.286,0.0000062500,0.0004000000,183.9,0.1
2026-09-04T13:34:28.768+00:00,A_sell_B_buy,-10.7997,-16.6997,232.3,232.34,368.47,4.304,232.461,232.551,2.189,26.038,0.0000062500,0.0004000000,0.1,254.8
2026-09-04T13:34:28.768+00:00,B_sell_A_buy,5.2062,-0.6938,232.3,232.34,368.47,4.304,232.461,232.551,2.189,26.038,0.0000062500,0.0004000000,0.1,254.8
2026-09-04T13:34:29.804+00:00,A_sell_B_buy,-9.4654,-15.3654,232.33,232.36,134.469,167.817,232.466,232.55,2.255,1.312,0.0000062500,0.0004000000,266.4,0.1
2026-09-04T13:34:29.804+00:00,B_sell_A_buy,4.5606,-1.3394,232.33,232.36,134.469,167.817,232.466,232.55,2.255,1.312,0.0000062500,0.0004000000,266.4,0.1
2026-09-04T13:34:30.821+00:00,A_sell_B_buy,-9.2101,-15.1101,232.26,232.27,64.919,260.752,232.409,232.474,2.216,13.019,0.0000062500,0.0004000000,0.1,54.2
2026-09-04T13:34:30.821+00:00,B_sell_A_buy,5.9823,0.0823,232.26,232.27,64.919,260.752,232.409,232.474,2.216,13.019,0.0000062500,0.0004000000,0.1,54.2
2026-09-04T13:34:31.825+00:00,A_sell_B_buy,-11.7483,-17.6483,232.26,232.28,30.724,4.305,232.425,232.533,13.019,12.937,0.0000062500,0.0004000000,19.6,0.1
2026-09-04T13:34:31.825+00:00,B_sell_A_buy,6.2399,0.3399,232.26,232.28,30.724,4.305,232.425,232.533,13.019,12.937,0.0000062500,0.0004000000,19.6,0.1
2026-09-04T13:34:32.900+00:00,A_sell_B_buy,-8.3485,-14.2485,232.3,232.31,18.889,1.001,232.404,232.494,2.217,13.019,0.0000062500,0.0004000000,202.6,0.1
2026-09-04T13:34:32.900+00:00,B_sell_A_buy,4.0452,-1.8548,232.3,232.31,18.889,1.001,232.404,232.494,2.217,13.019,0.0000062500,0.0004000000,202.6,0.1
2026-09-04T13:34:33.901+00:00,A_sell_B_buy,-7.4039,-13.3039,232.24,232.25,15.973,87.973,232.338,232.412,1.672,78.207,0.0000062500,0.0004000000,49.9,0.0
2026-09-04T13:34:33.901+00:00,B_sell_A_buy,3.7880,-2.1120,232.24,232.25,15.973,87.973,232.338,232.412,1.672,78.207,0.0000062500,0.0004000000,49.9,0.0
2026-09-04T13:34:34.990+00:00,A_sell_B_buy,-12.5688,-18.4688,232.18,232.19,63.755,30.046,232.44,232.472,1.959,1.319,0.0000062500,0.0004000000,417.4,0.1
2026-09-04T13:34:34.990+00:00,B_sell_A_buy,10.7610,4.8610,232.18,232.19,63.755,30.046,232.44,232.472,1.959,1.319,0.0000062500,0.0004000000,417.4,0.1
2026-09-04T13:34:36.038+00:00,A_sell_B_buy,-8.9520,-14.8520,232.26,232.29,16.17,64.919,232.385,232.468,2.192,13.019,0.0000062500,0.0004000000,68.9,0.1
2026-09-04T13:34:36.038+00:00,B_sell_A_buy,4.0886,-1.8114,232.26,232.29,16.17,64.919,232.385,232.468,2.192,13.019,0.0000062500,0.0004000000,68.9,0.1
2026-09-04T13:34:37.166+00:00,A_sell_B_buy,-9.3823,-15.2823,232.25,232.27,4.306,69.224,232.417,232.468,2.181,26.038,0.0000062500,0.0004000000,0.1,597.7
2026-09-04T13:34:37.166+00:00,B_sell_A_buy,6.3266,0.4266,232.25,232.27,4.306,69.224,232.417,232.468,2.181,26.038,0.0000062500,0.0004000000,0.1,597.7
2026-09-04T13:34:38.183+00:00,A_sell_B_buy,-9.0384,-14.9384,232.26,232.27,2.082,4.305,232.367,232.47,1.958,1.309,0.0000062500,0.0004000000,227.4,0.1
2026-09-04T13:34:38.183+00:00,B_sell_A_buy,4.1749,-1.7251,232.26,232.27,2.082,4.305,232.367,232.47,1.958,1.309,0.0000062500,0.0004000000,227.4,0.1
2026-09-04T13:34:39.183+00:00,A_sell_B_buy,-10.9765,-16.8765,232.2,232.23,53.2,4.306,232.37,232.455,36.502,1.309,0.0000062500,0.0004000000,126.3,0.1
2026-09-04T13:34:39.183+00:00,B_sell_A_buy,6.0263,0.1263,232.2,232.23,53.2,4.306,232.37,232.455,36.502,1.309,0.0000062500,0.0004000000,126.3,0.1
2026-09-04T13:34:40.234+00:00,A_sell_B_buy,-9.2544,-15.1544,232.23,232.24,6.465,4.306,232.372,232.445,1.847,13.019,0.0000062500,0.0004000000,0.1,71.1
2026-09-04T13:34:40.234+00:00,B_sell_A_buy,5.6818,-0.2182,232.23,232.24,6.465,4.306,232.372,232.445,1.847,13.019,0.0000062500,0.0004000000,0.1,71.1
2026-09-04T13:34:41.274+00:00,A_sell_B_buy,-10.8888,-16.7888,232.24,232.27,88.6,65.92,232.389,232.493,23.738,1.299,0.0000062500,0.0004000000,0.1,98.2
2026-09-04T13:34:41.274+00:00,B_sell_A_buy,5.1216,-0.7784,232.24,232.27,88.6,65.92,232.389,232.493,23.738,1.299,0.0000062500,0.0004000000,0.1,98.2
2026-09-04T13:34:42.279+00:00,A_sell_B_buy,-10.0267,-15.9267,232.29,232.3,31.365,8.736,232.407,232.523,13.019,26.038,0.0000062500,0.0004000000,17.2,0.0
2026-09-04T13:34:42.279+00:00,B_sell_A_buy,4.6045,-1.2955,232.29,232.3,31.365,8.736,232.407,232.523,13.019,26.038,0.0000062500,0.0004000000,17.2,0.0
2026-09-04T13:34:43.281+00:00,A_sell_B_buy,-12.0478,-17.9478,232.28,232.3,4.305,24.779,232.488,232.56,13.019,26.038,0.0000062500,0.0004000000,293.7,0.1
2026-09-04T13:34:43.281+00:00,B_sell_A_buy,8.0893,2.1893,232.28,232.3,4.305,24.779,232.488,232.56,13.019,26.038,0.0000062500,0.0004000000,293.7,0.1
2026-09-04T13:34:44.329+00:00,A_sell_B_buy,-10.8831,-16.7831,232.36,232.38,21.732,19.142,232.526,232.613,2.078,1.246,0.0000062500,0.0004000000,116.3,0.1
2026-09-04T13:34:44.329+00:00,B_sell_A_buy,6.2804,0.3804,232.36,232.38,21.732,19.142,232.526,232.613,2.078,1.246,0.0000062500,0.0004000000,116.3,0.1
2026-09-04T13:34:45.343+00:00,A_sell_B_buy,-9.3771,-15.2771,232.39,232.4,27.307,9.785,232.523,232.608,2.174,1.245,0.0000062500,0.0004000000,149.8,0.0
2026-09-04T13:34:45.343+00:00,B_sell_A_buy,5.2908,-0.6092,232.39,232.4,27.307,9.785,232.523,232.608,2.174,1.245,0.0000062500,0.0004000000,149.8,0.0
2026-09-04T13:34:46.509+00:00,A_sell_B_buy,-10.2381,-16.1381,232.37,232.38,22.109,129.838,232.505,232.608,2.181,1.245,0.0000062500,0.0004000000,0.1,339.6
2026-09-04T13:34:46.509+00:00,B_sell_A_buy,5.3771,-0.5229,232.37,232.38,22.109,129.838,232.505,232.608,2.181,1.245,0.0000062500,0.0004000000,0.1,339.6
2026-09-04T13:34:47.523+00:00,A_sell_B_buy,-10.2380,-16.1380,232.37,232.38,29.298,64.919,232.507,232.608,2.279,1.245,0.0000062500,0.0004000000,176.7,0.1
2026-09-04T13:34:47.523+00:00,B_sell_A_buy,5.4632,-0.4368,232.37,232.38,29.298,64.919,232.507,232.608,2.279,1.245,0.0000062500,0.0004000000,176.7,0.1
2026-09-04T13:34:48.539+00:00,A_sell_B_buy,-10.1510,-16.0510,232.39,232.4,246.188,9.785,232.54,232.626,1.893,26.038,0.0000062500,0.0004000000,0.0,30.7
2026-09-04T13:34:48.539+00:00,B_sell_A_buy,6.0218,0.1218,232.39,232.4,246.188,9.785,232.54,232.626,1.893,26.038,0.0000062500,0.0004000000,0.0,30.7
2026-09-04T13:34:49.539+00:00,A_sell_B_buy,-16.4260,-22.3260,232.39,232.4,372.646,9.785,232.672,232.772,0.302,1.254,0.0000062500,0.0004000000,267.8,0.0
2026-09-04T13:34:49.539+00:00,B_sell_A_buy,11.6960,5.7960,232.39,232.4,372.646,9.785,232.672,232.772,0.302,1.254,0.0000062500,0.0004000000,267.8,0.0
2026-09-04T13:34:50.576+00:00,A_sell_B_buy,-10.6195,-16.5195,232.48,232.53,77.714,74.007,232.624,232.727,2.141,1.255,0.0000062500,0.0004000000,0.1,159.3
2026-09-04T13:34:50.576+00:00,B_sell_A_buy,4.0414,-1.8586,232.48,232.53,77.714,74.007,232.624,232.727,2.141,1.255,0.0000062500,0.0004000000,0.1,159.3
2026-09-04T13:34:51.639+00:00,A_sell_B_buy,-11.6114,-17.5114,232.4,232.45,1.54,98.075,232.599,232.67,1.965,13.019,0.0000062500,0.0004000000,72.8,0.1
2026-09-04T13:34:51.639+00:00,B_sell_A_buy,6.4078,0.5078,232.4,232.45,1.54,98.075,232.599,232.67,1.965,13.019,0.0000062500,0.0004000000,72.8,0.1
2026-09-04T13:34:52.663+00:00,A_sell_B_buy,-10.6646,-16.5646,232.44,232.45,4.302,13.038,232.604,232.688,21.6,12.919,0.0000062500,0.0004000000,244.7,0.0
2026-09-04T13:34:52.663+00:00,B_sell_A_buy,6.6224,0.7224,232.44,232.45,4.302,13.038,232.604,232.688,21.6,12.919,0.0000062500,0.0004000000,244.7,0.0
2026-09-04T13:34:53.665+00:00,A_sell_B_buy,-11.0924,-16.9924,232.48,232.52,1.54,64.919,232.629,232.738,2.095,12.921,0.0000062500,0.0004000000,75.5,0.0
2026-09-04T13:34:53.665+00:00,B_sell_A_buy,4.6863,-1.2137,232.48,232.52,1.54,64.919,232.629,232.738,2.095,12.921,0.0000062500,0.0004000000,75.5,0.0
2026-09-04T13:34:54.676+00:00,A_sell_B_buy,-10.2336,-16.1336,232.46,232.49,91.739,34.919,232.618,232.698,1.929,13.019,0.0000062500,0.0004000000,121.0,0.1
2026-09-04T13:34:54.676+00:00,B_sell_A_buy,5.5038,-0.3962,232.46,232.49,91.739,34.919,232.618,232.698,1.929,13.019,0.0000062500,0.0004000000,121.0,0.1
2026-09-04T13:34:55.724+00:00,A_sell_B_buy,-11.3552,-17.2552,232.37,232.45,22.615,139.737,232.515,232.634,1.977,13.019,0.0000062500,0.0004000000,65.0,0.0
2026-09-04T13:34:55.724+00:00,B_sell_A_buy,2.7958,-3.1042,232.37,232.45,22.615,139.737,232.515,232.634,1.977,13.019,0.0000062500,0.0004000000,65.0,0.0
2026-09-04T13:34:56.733+00:00,A_sell_B_buy,-9.9378,-15.8378,232.35,232.4,28.377,7.295,232.45,232.581,108.506,13.019,0.0000062500,0.0004000000,123.4,0.0
2026-09-04T13:34:56.733+00:00,B_sell_A_buy,2.1510,-3.7490,232.35,232.4,28.377,7.295,232.45,232.581,108.506,13.019,0.0000062500,0.0004000000,123.4,0.0
2026-09-04T13:34:57.753+00:00,A_sell_B_buy,-10.7997,-16.6997,232.31,232.32,20.522,0.733,232.462,232.561,1.894,26.038,0.0000062500,0.0004000000,36.8,0.1
2026-09-04T13:34:57.753+00:00,B_sell_A_buy,6.1098,0.2098,232.31,232.32,20.522,0.733,232.462,232.561,1.894,26.038,0.0000062500,0.0004000000,36.8,0.1
2026-09-04T13:34:58.764+00:00,A_sell_B_buy,-10.2385,-16.1385,232.35,232.36,26.963,234.919,232.527,232.588,2.26,13.019,0.0000062500,0.0004000000,293.7,0.0
2026-09-04T13:34:58.764+00:00,B_sell_A_buy,7.1841,1.2841,232.35,232.36,26.963,234.919,232.527,232.588,2.26,13.019,0.0000062500,0.0004000000,293.7,0.0
2026-09-04T13:34:59.794+00:00,A_sell_B_buy,-12.3010,-18.2010,232.37,232.38,230.993,9.761,232.6,232.656,32.493,26.038,0.0000062500,0.0004000000,106.3,0.0
2026-09-04T13:34:59.794+00:00,B_sell_A_buy,9.4623,3.5623,232.37,232.38,230.993,9.761,232.6,232.656,32.493,26.038,0.0000062500,0.0004000000,106.3,0.0
2026-09-04T13:35:00.805+00:00,A_sell_B_buy,-9.7190,-15.6190,232.43,232.45,4.302,13.34,232.6,232.656,32.493,26.038,0.0000062500,0.0004000000,72.7,0.0
2026-09-04T13:35:00.805+00:00,B_sell_A_buy,6.4507,0.5507,232.43,232.45,4.302,13.34,232.6,232.656,32.493,26.038,0.0000062500,0.0004000000,72.7,0.0
2026-09-04T13:35:01.923+00:00,A_sell_B_buy,-11.9970,-17.8970,232.44,232.45,15.465,9.038,232.621,232.719,2.186,1.245,0.0000062500,0.0004000000,0.1,166.5
2026-09-04T13:35:01.923+00:00,B_sell_A_buy,7.3530,1.4530,232.44,232.45,15.465,9.038,232.621,232.719,2.186,1.245,0.0000062500,0.0004000000,0.1,166.5
2026-09-04T13:35:03.081+00:00,A_sell_B_buy,-11.0073,-16.9073,232.46,232.48,27.036,24.935,232.632,232.716,1.94,1.216,0.0000062500,0.0004000000,0.1,748.4
2026-09-04T13:35:03.081+00:00,B_sell_A_buy,6.5356,0.6356,232.46,232.48,27.036,24.935,232.632,232.716,1.94,1.216,0.0000062500,0.0004000000,0.1,748.4
2026-09-04T13:35:04.081+00:00,A_sell_B_buy,-8.4282,-14.3282,232.47,232.49,23.302,13.037,232.583,232.666,15.224,78.207,0.0000062500,0.0004000000,110.6,0.0
2026-09-04T13:35:04.081+00:00,B_sell_A_buy,3.9991,-1.9009,232.47,232.49,23.302,13.037,232.583,232.666,15.224,78.207,0.0000062500,0.0004000000,110.6,0.0
2026-09-04T13:35:05.109+00:00,A_sell_B_buy,-8.3439,-14.2439,232.45,232.47,18.888,4.302,232.46,232.644,2.052,13.019,0.0000062500,0.0004000000,249.8,0.1
2026-09-04T13:35:05.109+00:00,B_sell_A_buy,-0.4301,-6.3301,232.45,232.47,18.888,4.302,232.46,232.644,2.052,13.019,0.0000062500,0.0004000000,249.8,0.1
2026-09-04T13:35:06.112+00:00,A_sell_B_buy,-11.1846,-17.0846,232.33,232.45,4.304,131.805,232.481,232.59,1.884,13.019,0.0000062500,0.0004000000,12.6,0.1
2026-09-04T13:35:06.112+00:00,B_sell_A_buy,1.3335,-4.5665,232.33,232.45,4.304,131.805,232.481,232.59,1.884,13.019,0.0000062500,0.0004000000,12.6,0.1
2026-09-04T13:35:07.115+00:00,A_sell_B_buy,-6.3692,-12.2692,232.32,232.35,15.202,21.543,232.332,232.468,2.016,12.936,0.0000062500,0.0004000000,28.7,0.0
2026-09-04T13:35:07.115+00:00,B_sell_A_buy,-0.7746,-6.6746,232.32,232.35,15.202,21.543,232.332,232.468,2.016,12.936,0.0000062500,0.0004000000,28.7,0.0
2026-09-04T13:35:08.145+00:00,A_sell_B_buy,-10.1653,-16.0653,232.06,232.08,3.414,39.287,232.211,232.296,2.1,0.839,0.0000062500,0.0004000000,78.9,0.0
2026-09-04T13:35:08.145+00:00,B_sell_A_buy,5.6426,-0.2574,232.06,232.08,3.414,39.287,232.211,232.296,2.1,0.839,0.0000062500,0.0004000000,78.9,0.0
2026-09-04T13:35:09.152+00:00,A_sell_B_buy,-8.6574,-14.5574,232.08,232.1,44.3,23.559,232.228,232.281,2.029,0.872,0.0000062500,0.0004000000,0.0,70.0
2026-09-04T13:35:09.152+00:00,B_sell_A_buy,5.5131,-0.3869,232.08,232.1,44.3,23.559,232.228,232.281,2.029,0.872,0.0000062500,0.0004000000,0.0,70.0
2026-09-04T13:35:10.195+00:00,A_sell_B_buy,-10.5542,-16.4542,232.02,232.06,18.045,64.919,232.199,232.265,2.014,13.019,0.0000062500,0.0004000000,389.1,0.1
2026-09-04T13:35:10.195+00:00,B_sell_A_buy,5.9879,0.0879,232.02,232.06,18.045,64.919,232.199,232.265,2.014,13.019,0.0000062500,0.0004000000,389.1,0.1
2026-09-04T13:35:11.206+00:00,A_sell_B_buy,-13.2232,-19.1232,232.01,232.08,27.527,86.391,232.263,232.317,1.962,12.98,0.0000062500,0.0004000000,0.1,42.4
2026-09-04T13:35:11.206+00:00,B_sell_A_buy,7.8822,1.9822,232.01,232.08,27.527,86.391,232.263,232.317,1.962,12.98,0.0000062500,0.0004000000,0.1,42.4
2026-09-04T13:35:12.214+00:00,A_sell_B_buy,-10.8505,-16.7505,232.13,232.14,53.849,20.502,232.334,232.382,1.937,0.87,0.0000062500,0.0004000000,52.6,0.1
2026-09-04T13:35:12.214+00:00,B_sell_A_buy,8.3532,2.4532,232.13,232.14,53.849,20.502,232.334,232.382,1.937,0.87,0.0000062500,0.0004000000,52.6,0.1
2026-09-04T13:35:13.266+00:00,A_sell_B_buy,-11.4079,-17.3079,232.18,232.21,98.137,163.878,232.347,232.445,2.086,0.871,0.0000062500,0.0004000000,59.5,0.1
2026-09-04T13:35:13.266+00:00,B_sell_A_buy,5.8977,-0.0023,232.18,232.21,98.137,163.878,232.347,232.445,2.086,0.871,0.0000062500,0.0004000000,59.5,0.1
2026-09-04T13:35:14.267+00:00,A_sell_B_buy,-7.3205,-13.2205,232.15,232.17,20.345,222.067,232.258,232.32,2.024,13.019,0.0000062500,0.0004000000,139.6,0.1
2026-09-04T13:35:14.267+00:00,B_sell_A_buy,3.7894,-2.1106,232.15,232.17,20.345,222.067,232.258,232.32,2.024,13.019,0.0000062500,0.0004000000,139.6,0.1
2026-09-04T13:35:15.313+00:00,A_sell_B_buy,-12.5314,-18.4314,232.08,232.09,23.812,39.287,232.322,232.371,2.197,26.038,0.0000062500,0.0004000000,495.5,0.1
2026-09-04T13:35:15.313+00:00,B_sell_A_buy,9.9907,4.0907,232.08,232.09,23.812,39.287,232.322,232.371,2.197,26.038,0.0000062500,0.0004000000,495.5,0.1
2026-09-04T13:35:16.317+00:00,A_sell_B_buy,-8.4402,-14.3402,232.14,232.15,4.308,129.838,232.259,232.336,3.575,78.207,0.0000062500,0.0004000000,91.2,0.1
2026-09-04T13:35:16.317+00:00,B_sell_A_buy,4.6938,-1.2062,232.14,232.15,4.308,129.838,232.259,232.336,3.575,78.207,0.0000062500,0.0004000000,91.2,0.1
2026-09-04T13:35:17.350+00:00,A_sell_B_buy,-10.3795,-16.2795,232.08,232.09,18.906,69.228,232.259,232.321,2.117,26.038,0.0000062500,0.0004000000,0.0,70.9
2026-09-04T13:35:17.350+00:00,B_sell_A_buy,7.2786,1.3786,232.08,232.09,18.906,69.228,232.259,232.321,2.117,26.038,0.0000062500,0.0004000000,0.0,70.9
2026-09-04T13:35:18.370+00:00,A_sell_B_buy,-14.3378,-20.2378,232.1,232.12,18.815,24.751,232.362,232.433,2.01,26.038,0.0000062500,0.0004000000,0.1,60.3
2026-09-04T13:35:18.370+00:00,B_sell_A_buy,10.4196,4.5196,232.1,232.12,18.815,24.751,232.362,232.433,2.01,26.038,0.0000062500,0.0004000000,0.1,60.3
2026-09-04T13:35:19.381+00:00,A_sell_B_buy,-13.1687,-19.0687,232.23,232.24,142.425,2.0,232.47,232.536,1.877,0.913,0.0000062500,0.0004000000,0.0,12.0
2026-09-04T13:35:19.381+00:00,B_sell_A_buy,9.8981,3.9981,232.23,232.24,142.425,2.0,232.47,232.536,1.877,0.913,0.0000062500,0.0004000000,0.0,12.0
2026-09-04T13:35:20.388+00:00,A_sell_B_buy,-12.3057,-18.2057,232.28,232.32,44.3,28.132,232.481,232.566,2.053,1.111,0.0000062500,0.0004000000,0.0,13.2
2026-09-04T13:35:20.388+00:00,B_sell_A_buy,6.9274,1.0274,232.28,232.32,44.3,28.132,232.481,232.566,2.053,1.111,0.0000062500,0.0004000000,0.0,13.2
2026-09-04T13:35:21.405+00:00,A_sell_B_buy,-9.3796,-15.2796,232.31,232.36,47.596,93.008,232.483,232.528,1.872,26.038,0.0000062500,0.0004000000,0.1,108.9
2026-09-04T13:35:21.405+00:00,B_sell_A_buy,5.2921,-0.6079,232.31,232.36,47.596,93.008,232.483,232.528,1.872,26.038,0.0000062500,0.0004000000,0.1,108.9
2026-09-04T13:35:22.423+00:00,A_sell_B_buy,-9.9820,-15.8820,232.31,232.32,2.128,95.28,232.506,232.542,2.216,0.73,0.0000062500,0.0004000000,79.9,0.0
2026-09-04T13:35:22.423+00:00,B_sell_A_buy,8.0028,2.1028,232.31,232.32,2.128,95.28,232.506,232.542,2.216,0.73,0.0000062500,0.0004000000,79.9,0.0
2026-09-04T13:35:23.456+00:00,A_sell_B_buy,-6.4124,-12.3124,232.31,232.32,39.733,0.087,232.366,232.459,2.173,0.942,0.0000062500,0.0004000000,86.4,0.1
2026-09-04T13:35:23.456+00:00,B_sell_A_buy,1.9797,-3.9203,232.31,232.32,39.733,0.087,232.366,232.459,2.173,0.942,0.0000062500,0.0004000000,86.4,0.1
2026-09-04T13:35:24.457+00:00,A_sell_B_buy,-8.9092,-14.8092,232.26,232.27,19.262,64.919,232.384,232.467,13.019,0.67,0.0000062500,0.0004000000,23.6,0.1
2026-09-04T13:35:24.457+00:00,B_sell_A_buy,4.9065,-0.9935,232.26,232.27,19.262,64.919,232.384,232.467,13.019,0.67,0.0000062500,0.0004000000,23.6,0.1
2026-09-04T13:35:25.532+00:00,A_sell_B_buy,-8.4357,-14.3357,232.25,232.27,19.83,24.553,232.412,232.446,21.6,0.646,0.0000062500,0.0004000000,0.1,116.5
2026-09-04T13:35:25.532+00:00,B_sell_A_buy,6.1116,0.2116,232.25,232.27,19.83,24.553,232.412,232.446,21.6,0.646,0.0000062500,0.0004000000,0.1,116.5
2026-09-04T13:35:26.535+00:00,A_sell_B_buy,-9.5115,-15.4115,232.25,232.26,43.058,4.306,232.421,232.471,21.6,0.939,0.0000062500,0.0004000000,0.0,8.4
2026-09-04T13:35:26.535+00:00,B_sell_A_buy,6.9292,1.0292,232.25,232.26,43.058,4.306,232.421,232.471,21.6,0.939,0.0000062500,0.0004000000,0.0,8.4
2026-09-04T13:35:27.538+00:00,A_sell_B_buy,-9.6862,-15.5862,232.17,232.24,17.417,1.969,232.348,232.395,1.956,0.087,0.0000062500,0.0004000000,12.9,0.0
2026-09-04T13:35:27.538+00:00,B_sell_A_buy,4.6494,-1.2506,232.17,232.24,17.417,1.969,232.348,232.395,1.956,0.087,0.0000062500,0.0004000000,12.9,0.0
2026-09-04T13:35:28.594+00:00,A_sell_B_buy,-8.0083,-13.9083,232.18,232.19,6.276,67.749,232.297,232.366,1.927,0.093,0.0000062500,0.0004000000,93.5,0.1
2026-09-04T13:35:28.594+00:00,B_sell_A_buy,4.6069,-1.2931,232.18,232.19,6.276,67.749,232.297,232.366,1.927,0.093,0.0000062500,0.0004000000,93.5,0.1
2026-09-04T13:35:29.613+00:00,A_sell_B_buy,-8.6113,-14.5113,232.16,232.18,28.003,4.092,232.316,232.36,2.222,26.038,0.0000062500,0.0004000000,63.8,0.1
2026-09-04T13:35:29.613+00:00,B_sell_A_buy,5.8557,-0.0443,232.16,232.18,28.003,4.092,232.316,232.36,2.222,26.038,0.0000062500,0.0004000000,63.8,0.1
2026-09-04T13:35:30.676+00:00,A_sell_B_buy,-7.5790,-13.4790,232.15,232.16,26.475,19.58,232.243,232.326,2.135,0.409,0.0000062500,0.0004000000,0.1,65.0
2026-09-04T13:35:30.676+00:00,B_sell_A_buy,3.5742,-2.3258,232.15,232.16,26.475,19.58,232.243,232.326,2.135,0.409,0.0000062500,0.0004000000,0.1,65.0
2026-09-04T13:35:31.708+00:00,A_sell_B_buy,-8.1841,-14.0841,232.08,232.1,57.549,53.856,232.184,232.27,13.019,0.385,0.0000062500,0.0004000000,131.1,0.0
2026-09-04T13:35:31.708+00:00,B_sell_A_buy,3.6182,-2.2818,232.08,232.1,57.549,53.856,232.184,232.27,13.019,0.385,0.0000062500,0.0004000000,131.1,0.0
2026-09-04T13:35:32.807+00:00,A_sell_B_buy,-7.4945,-13.3945,232.09,232.11,1.97,23.707,232.213,232.264,2.218,0.475,0.0000062500,0.0004000000,166.5,0.1
2026-09-04T13:35:32.807+00:00,B_sell_A_buy,4.4364,-1.4636,232.09,232.11,1.97,23.707,232.213,232.264,2.218,0.475,0.0000062500,0.0004000000,166.5,0.1
2026-09-04T13:35:33.816+00:00,A_sell_B_buy,-9.3467,-15.2467,232.07,232.09,22.936,4.309,232.225,232.287,13.019,0.473,0.0000062500,0.0004000000,111.2,0.1
2026-09-04T13:35:33.816+00:00,B_sell_A_buy,5.8148,-0.0852,232.07,232.09,22.936,4.309,232.225,232.287,13.019,0.473,0.0000062500,0.0004000000,111.2,0.1
2026-09-04T13:35:34.817+00:00,A_sell_B_buy,-11.1957,-17.0957,232.11,232.13,88.6,1.434,232.321,232.37,1.856,1.391,0.0000062500,0.0004000000,18.2,0.0
2026-09-04T13:35:34.817+00:00,B_sell_A_buy,8.2245,2.3245,232.11,232.13,88.6,1.434,232.321,232.37,1.856,1.391,0.0000062500,0.0004000000,18.2,0.0
2026-09-04T13:35:35.841+00:00,A_sell_B_buy,-11.3664,-17.2664,232.15,232.17,44.3,69.226,232.317,232.414,21.6,0.411,0.0000062500,0.0004000000,184.8,0.1
2026-09-04T13:35:35.841+00:00,B_sell_A_buy,6.3290,0.4290,232.15,232.17,44.3,69.226,232.317,232.414,21.6,0.411,0.0000062500,0.0004000000,184.8,0.1
2026-09-04T13:35:36.899+00:00,A_sell_B_buy,-11.3631,-17.2631,232.21,232.23,44.3,118.744,232.41,232.474,2.228,13.019,0.0000062500,0.0004000000,0.0,82.3
2026-09-04T13:35:36.899+00:00,B_sell_A_buy,7.7476,1.8476,232.21,232.23,44.3,118.744,232.41,232.474,2.228,13.019,0.0000062500,0.0004000000,0.0,82.3
2026-09-04T13:35:37.905+00:00,A_sell_B_buy,-8.2198,-14.1198,232.28,232.29,6.274,18.811,232.425,232.471,13.019,0.473,0.0000062500,0.0004000000,0.0,45.6
2026-09-04T13:35:37.905+00:00,B_sell_A_buy,5.8098,-0.0902,232.28,232.29,6.274,18.811,232.425,232.471,13.019,0.473,0.0000062500,0.0004000000,0.0,45.6
2026-09-04T13:35:39.005+00:00,A_sell_B_buy,-8.1337,-14.0337,232.28,232.29,1.969,4.305,232.426,232.469,2.249,26.038,0.0000062500,0.0004000000,188.4,0.1
2026-09-04T13:35:39.005+00:00,B_sell_A_buy,5.8528,-0.0472,232.28,232.29,1.969,4.305,232.426,232.469,2.249,26.038,0.0000062500,0.0004000000,188.4,0.1
2026-09-04T13:35:40.017+00:00,A_sell_B_buy,-9.3822,-15.2822,232.25,232.28,1.969,4.305,232.419,232.468,1.928,0.452,0.0000062500,0.0004000000,67.1,0.0
2026-09-04T13:35:40.017+00:00,B_sell_A_buy,5.9822,0.0822,232.25,232.28,1.969,4.305,232.419,232.468,1.928,0.452,0.0000062500,0.0004000000,67.1,0.0
2026-09-04T13:35:41.022+00:00,A_sell_B_buy,-9.8130,-15.7130,232.25,232.26,179.6,20.823,232.392,232.478,1.971,1.009,0.0000062500,0.0004000000,41.3,0.1
2026-09-04T13:35:41.022+00:00,B_sell_A_buy,5.6812,-0.2188,232.25,232.26,179.6,20.823,232.392,232.478,1.971,1.009,0.0000062500,0.0004000000,41.3,0.1
2026-09-04T13:35:42.039+00:00,A_sell_B_buy,-15.6604,-21.5604,232.26,232.28,25.53,1.585,232.571,232.624,1.945,0.47,0.0000062500,0.0004000000,67.9,0.0
2026-09-04T13:35:42.039+00:00,B_sell_A_buy,12.5197,6.6197,232.26,232.28,25.53,1.585,232.571,232.624,1.945,0.47,0.0000062500,0.0004000000,67.9,0.0
2026-09-04T13:35:43.136+00:00,A_sell_B_buy,-7.0112,-12.9112,232.41,232.43,88.6,27.524,232.524,232.573,1.872,0.955,0.0000062500,0.0004000000,98.7,0.1
2026-09-04T13:35:43.136+00:00,B_sell_A_buy,4.0433,-1.8567,232.41,232.43,88.6,27.524,232.524,232.573,1.872,0.955,0.0000062500,0.0004000000,98.7,0.1
2026-09-04T13:35:44.148+00:00,A_sell_B_buy,-8.9480,-14.8480,232.36,232.37,9.918,96.077,232.523,232.568,2.187,1.002,0.0000062500,0.0004000000,98.3,0.0
2026-09-04T13:35:44.148+00:00,B_sell_A_buy,6.5819,0.6819,232.36,232.37,9.918,96.077,232.523,232.568,2.187,1.002,0.0000062500,0.0004000000,98.3,0.0
2026-09-04T13:35:45.217+00:00,A_sell_B_buy,-8.7740,-14.6740,232.41,232.42,230.984,23.64,232.576,232.614,2.097,1.015,0.0000062500,0.0004000000,126.5,0.1
2026-09-04T13:35:45.217+00:00,B_sell_A_buy,6.7095,0.8095,232.41,232.42,230.984,23.64,232.576,232.614,2.097,1.015,0.0000062500,0.0004000000,126.5,0.1
2026-09-04T13:35:46.216+00:00,A_sell_B_buy,-10.8805,-16.7805,232.41,232.43,46.428,33.414,232.6,232.663,2.052,1.178,0.0000062500,0.0004000000,18.1,0.1
2026-09-04T13:35:46.216+00:00,B_sell_A_buy,7.3110,1.4110,232.41,232.43,46.428,33.414,232.6,232.663,2.052,1.178,0.0000062500,0.0004000000,18.1,0.1
2026-09-04T13:35:47.224+00:00,A_sell_B_buy,-10.3209,-16.2209,232.44,232.45,177.2,7.808,232.582,232.68,21.6,1.012,0.0000062500,0.0004000000,73.1,0.1
2026-09-04T13:35:47.224+00:00,B_sell_A_buy,5.6765,-0.2235,232.44,232.45,177.2,7.808,232.582,232.68,21.6,1.012,0.0000062500,0.0004000000,73.1,0.1
2026-09-04T13:35:48.241+00:00,A_sell_B_buy,-7.0963,-12.9963,232.44,232.45,0.86,31.426,232.561,232.605,13.019,1.151,0.0000062500,0.0004000000,32.3,0.1
2026-09-04T13:35:48.241+00:00,B_sell_A_buy,4.7739,-1.1261,232.44,232.45,0.86,31.426,232.561,232.605,13.019,1.151,0.0000062500,0.0004000000,32.3,0.1
2026-09-04T13:35:49.242+00:00,A_sell_B_buy,-6.1084,-12.0084,232.4,232.42,26.018,64.919,232.499,232.542,13.019,1.174,0.0000062500,0.0004000000,151.9,0.1
2026-09-04T13:35:49.242+00:00,B_sell_A_buy,3.3984,-2.5016,232.4,232.42,26.018,64.919,232.499,232.542,13.019,1.174,0.0000062500,0.0004000000,151.9,0.1
2026-09-04T13:35:50.264+00:00,A_sell_B_buy,-10.1118,-16.0118,232.28,232.37,0.391,542.099,232.445,232.515,1.917,1.016,0.0000062500,0.0004000000,94.0,0.0
2026-09-04T13:35:50.264+00:00,B_sell_A_buy,3.2272,-2.6728,232.28,232.37,0.391,542.099,232.445,232.515,1.917,1.016,0.0000062500,0.0004000000,94.0,0.0
2026-09-04T13:35:51.276+00:00,A_sell_B_buy,-9.8104,-15.7104,232.3,232.32,24.486,4.304,232.481,232.528,13.019,0.995,0.0000062500,0.0004000000,50.4,0.1
2026-09-04T13:35:51.276+00:00,B_sell_A_buy,6.9275,1.0275,232.3,232.32,24.486,4.304,232.481,232.528,13.019,0.995,0.0000062500,0.0004000000,50.4,0.1
2026-09-04T13:35:52.280+00:00,A_sell_B_buy,-5.2930,-11.1930,232.33,232.34,2.063,29.538,232.404,232.453,1.854,1.07,0.0000062500,0.0004000000,43.5,0.0
2026-09-04T13:35:52.280+00:00,B_sell_A_buy,2.7541,-3.1459,232.33,232.34,2.063,29.538,232.404,232.453,1.854,1.07,0.0000062500,0.0004000000,43.5,0.0
2026-09-04T13:35:53.336+00:00,A_sell_B_buy,-9.9423,-15.8423,232.23,232.25,20.1,129.838,232.424,232.461,2.163,12.006,0.0000062500,0.0004000000,97.3,0.1
2026-09-04T13:35:53.336+00:00,B_sell_A_buy,7.4890,1.5890,232.23,232.25,20.1,129.838,232.424,232.461,2.163,12.006,0.0000062500,0.0004000000,97.3,0.1
2026-09-04T13:35:54.341+00:00,A_sell_B_buy,-8.9084,-14.8084,232.27,232.28,4.305,5.874,232.435,232.477,2.003,25.685,0.0000062500,0.0004000000,106.3,0.1
2026-09-04T13:35:54.341+00:00,B_sell_A_buy,6.6705,0.7705,232.27,232.28,4.305,5.874,232.435,232.477,2.003,25.685,0.0000062500,0.0004000000,106.3,0.1
2026-09-04T13:35:55.347+00:00,A_sell_B_buy,-11.7476,-17.6476,232.27,232.28,179.282,4.305,232.462,232.543,13.019,13.019,0.0000062500,0.0004000000,171.8,0.0
2026-09-04T13:35:55.347+00:00,B_sell_A_buy,7.8317,1.9317,232.27,232.28,179.282,4.305,232.462,232.543,13.019,13.019,0.0000062500,0.0004000000,171.8,0.0
2026-09-04T13:35:56.378+00:00,A_sell_B_buy,-10.1949,-16.0949,232.37,232.38,44.3,92.834,232.524,232.607,2.266,26.038,0.0000062500,0.0004000000,0.0,36.9
2026-09-04T13:35:56.378+00:00,B_sell_A_buy,6.1943,0.2943,232.37,232.38,44.3,92.834,232.524,232.607,2.266,26.038,0.0000062500,0.0004000000,0.0,36.9
2026-09-04T13:35:57.539+00:00,A_sell_B_buy,-11.4429,-17.3429,232.34,232.36,4.304,8.736,232.526,232.606,1.97,0.991,0.0000062500,0.0004000000,206.5,0.1
2026-09-04T13:35:57.539+00:00,B_sell_A_buy,7.1411,1.2411,232.34,232.36,4.304,8.736,232.526,232.606,1.97,0.991,0.0000062500,0.0004000000,206.5,0.1
2026-09-04T13:35:58.599+00:00,A_sell_B_buy,-10.9262,-16.8262,232.35,232.37,2.082,135.71,232.547,232.604,2.158,0.987,0.0000062500,0.0004000000,142.1,0.1
2026-09-04T13:35:58.599+00:00,B_sell_A_buy,7.6140,1.7140,232.35,232.37,2.082,135.71,232.547,232.604,2.158,0.987,0.0000062500,0.0004000000,142.1,0.1
2026-09-04T13:35:59.617+00:00,A_sell_B_buy,-9.5070,-15.4070,232.36,232.37,2.082,69.222,232.531,232.581,2.068,0.983,0.0000062500,0.0004000000,160.0,0.0
2026-09-04T13:35:59.617+00:00,B_sell_A_buy,6.9259,1.0259,232.36,232.37,2.082,69.222,232.531,232.581,2.068,0.983,0.0000062500,0.0004000000,160.0,0.0
2026-09-04T13:36:00.768+00:00,A_sell_B_buy,-13.2475,-19.1475,232.36,232.37,2.082,154.952,232.587,232.668,13.019,0.984,0.0000062500,0.0004000000,647.8,0.1
2026-09-04T13:36:00.768+00:00,B_sell_A_buy,9.3335,3.4335,232.36,232.37,2.082,154.952,232.587,232.668,13.019,0.984,0.0000062500,0.0004000000,647.8,0.1
2026-09-04T13:36:01.803+00:00,A_sell_B_buy,-11.7847,-17.6847,232.39,232.4,153.818,13.727,232.568,232.664,32.493,0.983,0.0000062500,0.0004000000,35.3,0.0
2026-09-04T13:36:01.803+00:00,B_sell_A_buy,7.2256,1.3256,232.39,232.4,153.818,13.727,232.568,232.664,32.493,0.983,0.0000062500,0.0004000000,35.3,0.0
2026-09-04T13:36:03.022+00:00,A_sell_B_buy,-11.3108,-17.2108,232.4,232.41,50.666,33.31,232.613,232.663,44.534,0.986,0.0000062500,0.0004000000,0.1,292.0
2026-09-04T13:36:03.022+00:00,B_sell_A_buy,8.7304,2.8304,232.4,232.41,50.666,33.31,232.613,232.663,44.534,0.986,0.0000062500,0.0004000000,0.1,292.0
2026-09-04T13:36:04.025+00:00,A_sell_B_buy,-9.2477,-15.1477,232.4,232.41,16.029,375.204,232.534,232.615,88.453,12.925,0.0000062500,0.0004000000,0.1,56.4
2026-09-04T13:36:04.025+00:00,B_sell_A_buy,5.3336,-0.5664,232.4,232.41,16.029,375.204,232.534,232.615,88.453,12.925,0.0000062500,0.0004000000,0.1,56.4
2026-09-04T13:36:05.033+00:00,A_sell_B_buy,-8.7325,-14.6325,232.36,232.41,40.293,57.46,232.529,232.563,66.134,13.019,0.0000062500,0.0004000000,165.4,0.0
2026-09-04T13:36:05.033+00:00,B_sell_A_buy,5.1190,-0.7810,232.36,232.41,40.293,57.46,232.529,232.563,66.134,13.019,0.0000062500,0.0004000000,165.4,0.0
2026-09-04T13:36:06.034+00:00,A_sell_B_buy,-10.9697,-16.8697,232.34,232.36,21.6,4.304,232.541,232.595,21.6,13.019,0.0000062500,0.0004000000,209.6,0.0
2026-09-04T13:36:06.034+00:00,B_sell_A_buy,7.7863,1.8863,232.34,232.36,21.6,4.304,232.541,232.595,21.6,13.019,0.0000062500,0.0004000000,209.6,0.0
2026-09-04T13:36:07.090+00:00,A_sell_B_buy,-12.6016,-18.5016,232.37,232.39,25.372,71.189,232.618,232.663,2.205,13.019,0.0000062500,0.0004000000,0.1,57.4
2026-09-04T13:36:07.090+00:00,B_sell_A_buy,9.8060,3.9060,232.37,232.39,25.372,71.189,232.618,232.663,2.205,13.019,0.0000062500,0.0004000000,0.1,57.4
2026-09-04T13:36:08.098+00:00,A_sell_B_buy,-10.3201,-16.2201,232.45,232.46,132.9,17.519,232.626,232.69,1.653,1.301,0.0000062500,0.0004000000,49.5,0.1
2026-09-04T13:36:08.098+00:00,B_sell_A_buy,7.1381,1.2381,232.45,232.46,132.9,17.519,232.626,232.69,1.653,1.301,0.0000062500,0.0004000000,49.5,0.1
2026-09-04T13:36:09.120+00:00,A_sell_B_buy,-6.9246,-12.8246,232.43,232.46,12.247,45.321,232.543,232.591,1.855,0.612,0.0000062500,0.0004000000,138.2,0.0
2026-09-04T13:36:09.120+00:00,B_sell_A_buy,3.5698,-2.3302,232.43,232.46,12.247,45.321,232.543,232.591,1.855,0.612,0.0000062500,0.0004000000,138.2,0.0
2026-09-04T13:36:10.132+00:00,A_sell_B_buy,-13.2473,-19.1473,232.35,232.38,88.488,33.414,232.611,232.658,2.237,13.019,0.0000062500,0.0004000000,46.9,0.1
2026-09-04T13:36:10.132+00:00,B_sell_A_buy,9.9355,4.0355,232.35,232.38,88.488,33.414,232.611,232.658,2.237,13.019,0.0000062500,0.0004000000,46.9,0.1
2026-09-04T13:36:11.135+00:00,A_sell_B_buy,-10.1073,-16.0073,232.39,232.44,16.122,84.715,232.569,232.625,2.247,13.019,0.0000062500,0.0004000000,23.1,0.1
2026-09-04T13:36:11.135+00:00,B_sell_A_buy,5.5482,-0.3518,232.39,232.44,16.122,84.715,232.569,232.625,2.247,13.019,0.0000062500,0.0004000000,23.1,0.1
2026-09-04T13:36:12.155+00:00,A_sell_B_buy,-10.8799,-16.7799,232.45,232.46,44.3,17.519,232.54,232.703,12.929,13.019,0.0000062500,0.0004000000,110.4,0.0
2026-09-04T13:36:12.155+00:00,B_sell_A_buy,3.4403,-2.4597,232.45,232.46,44.3,17.519,232.54,232.703,12.929,13.019,0.0000062500,0.0004000000,110.4,0.0
2026-09-04T13:36:13.164+00:00,A_sell_B_buy,-10.5807,-16.4807,232.37,232.45,23.693,4.302,232.558,232.616,46.501,0.637,0.0000062500,0.0004000000,64.8,0.0
2026-09-04T13:36:13.164+00:00,B_sell_A_buy,4.6452,-1.2548,232.37,232.45,23.693,4.302,232.558,232.616,46.501,0.637,0.0000062500,0.0004000000,64.8,0.0
2026-09-04T13:36:14.169+00:00,A_sell_B_buy,-12.5598,-18.4598,232.35,232.36,0.86,107.59,232.597,232.642,1.956,13.019,0.0000062500,0.0004000000,46.6,0.0
2026-09-04T13:36:14.169+00:00,B_sell_A_buy,10.1941,4.2941,232.35,232.36,0.86,107.59,232.597,232.642,1.956,13.019,0.0000062500,0.0004000000,46.6,0.0
2026-09-04T13:36:15.175+00:00,A_sell_B_buy,-10.7094,-16.6094,232.39,232.41,31.273,44.3,232.584,232.639,46.652,0.573,0.0000062500,0.0004000000,89.1,0.0
2026-09-04T13:36:15.175+00:00,B_sell_A_buy,7.4837,1.5837,232.39,232.41,31.273,44.3,232.584,232.639,46.652,0.573,0.0000062500,0.0004000000,89.1,0.0
2026-09-04T13:36:16.244+00:00,A_sell_B_buy,-2.8832,-8.7832,232.36,232.38,20.338,177.2,232.352,232.427,13.019,0.636,0.0000062500,0.0004000000,0.1,105.8
2026-09-04T13:36:16.244+00:00,B_sell_A_buy,-1.2049,-7.1049,232.36,232.38,20.338,177.2,232.352,232.427,13.019,0.636,0.0000062500,0.0004000000,0.1,105.8
2026-09-04T13:36:17.269+00:00,A_sell_B_buy,-11.5774,-17.4774,232.22,232.24,4.306,134.144,232.445,232.489,13.019,0.502,0.0000062500,0.0004000000,130.4,0.1
2026-09-04T13:36:17.269+00:00,B_sell_A_buy,8.8230,2.9230,232.22,232.24,4.306,134.144,232.445,232.489,13.019,0.502,0.0000062500,0.0004000000,130.4,0.1
2026-09-04T13:36:18.306+00:00,A_sell_B_buy,-8.4355,-14.3355,232.26,232.28,19.42,136.389,232.41,232.456,2.061,0.438,0.0000062500,0.0004000000,0.1,144.5
2026-09-04T13:36:18.306+00:00,B_sell_A_buy,5.5950,-0.3050,232.26,232.28,19.42,136.389,232.41,232.456,2.061,0.438,0.0000062500,0.0004000000,0.1,144.5
2026-09-04T13:36:19.308+00:00,A_sell_B_buy,-12.2655,-18.1655,232.24,232.25,60.728,4.306,232.419,232.525,2.237,0.889,0.0000062500,0.0004000000,144.4,0.0
2026-09-04T13:36:19.308+00:00,B_sell_A_buy,7.2732,1.3732,232.24,232.25,60.728,4.306,232.419,232.525,2.237,0.889,0.0000062500,0.0004000000,144.4,0.0
2026-09-04T13:36:20.313+00:00,A_sell_B_buy,-9.9407,-15.8407,232.28,232.3,18.845,69.224,232.422,232.511,2.267,0.437,0.0000062500,0.0004000000,109.1,0.0
2026-09-04T13:36:20.313+00:00,B_sell_A_buy,5.2501,-0.6499,232.28,232.3,18.845,69.224,232.422,232.511,2.267,0.437,0.0000062500,0.0004000000,109.1,0.0
2026-09-04T13:36:21.355+00:00,A_sell_B_buy,-13.9413,-19.8413,232.26,232.29,20.841,46.267,232.475,232.584,46.721,0.488,0.0000062500,0.0004000000,304.9,0.1
2026-09-04T13:36:21.355+00:00,B_sell_A_buy,7.9603,2.0603,232.26,232.29,20.841,46.267,232.475,232.584,46.721,0.488,0.0000062500,0.0004000000,304.9,0.1
2026-09-04T13:36:22.370+00:00,A_sell_B_buy,-15.3578,-21.2578,232.3,232.31,8.024,26.096,232.554,232.657,86.489,12.899,0.0000062500,0.0004000000,17.1,0.0
2026-09-04T13:36:22.370+00:00,B_sell_A_buy,10.4966,4.5966,232.3,232.31,8.024,26.096,232.554,232.657,86.489,12.899,0.0000062500,0.0004000000,17.1,0.0
2026-09-04T13:36:23.371+00:00,A_sell_B_buy,-9.5915,-15.4915,232.41,232.42,44.3,4.303,232.53,232.633,12.899,12.899,0.0000062500,0.0004000000,33.0,0.0
2026-09-04T13:36:23.371+00:00,B_sell_A_buy,4.7312,-1.1688,232.41,232.42,44.3,4.303,232.53,232.633,12.899,12.899,0.0000062500,0.0004000000,33.0,0.0
2026-09-04T13:36:24.459+00:00,A_sell_B_buy,-13.3349,-19.2349,232.35,232.37,23.918,44.3,232.513,232.66,2.16,0.459,0.0000062500,0.0004000000,158.5,0.1
2026-09-04T13:36:24.459+00:00,B_sell_A_buy,6.1512,0.2512,232.35,232.37,23.918,44.3,232.513,232.66,2.16,0.459,0.0000062500,0.0004000000,158.5,0.1
2026-09-04T13:36:25.533+00:00,A_sell_B_buy,-10.5787,-16.4787,232.44,232.46,186.677,32.177,232.585,232.686,2.006,12.899,0.0000062500,0.0004000000,203.6,0.1
2026-09-04T13:36:25.533+00:00,B_sell_A_buy,5.3754,-0.5246,232.44,232.46,186.677,32.177,232.585,232.686,2.006,12.899,0.0000062500,0.0004000000,203.6,0.1
2026-09-04T13:36:26.558+00:00,A_sell_B_buy,-11.4829,-17.3829,232.4,232.43,23.964,38.6,232.583,232.667,44.534,52.5,0.0000062500,0.0004000000,56.9,0.0
2026-09-04T13:36:26.558+00:00,B_sell_A_buy,6.5801,0.6801,232.4,232.43,23.964,38.6,232.583,232.667,44.534,52.5,0.0000062500,0.0004000000,56.9,0.0
2026-09-04T13:36:27.566+00:00,A_sell_B_buy,-9.0336,-14.9336,232.37,232.39,0.86,64.919,232.52,232.58,2.118,0.405,0.0000062500,0.0004000000,50.6,0.1
2026-09-04T13:36:27.566+00:00,B_sell_A_buy,5.5922,-0.3078,232.37,232.39,0.86,64.919,232.52,232.58,2.118,0.405,0.0000062500,0.0004000000,50.6,0.1
2026-09-04T13:36:28.572+00:00,A_sell_B_buy,-9.8948,-15.7948,232.34,232.36,23.333,134.142,232.511,232.57,46.775,12.899,0.0000062500,0.0004000000,0.1,60.5
2026-09-04T13:36:28.572+00:00,B_sell_A_buy,6.4962,0.5962,232.34,232.36,23.333,134.142,232.511,232.57,46.775,12.899,0.0000062500,0.0004000000,0.1,60.5
2026-09-04T13:36:29.602+00:00,A_sell_B_buy,-10.4112,-16.3112,232.35,232.37,90.366,68.9,232.457,232.592,108.506,0.968,0.0000062500,0.0004000000,205.6,0.1
2026-09-04T13:36:29.602+00:00,B_sell_A_buy,3.7429,-2.1571,232.35,232.37,90.366,68.9,232.457,232.592,108.506,0.968,0.0000062500,0.0004000000,205.6,0.1
2026-09-04T13:36:30.619+00:00,A_sell_B_buy,-10.6681,-16.5681,232.36,232.37,88.6,69.0,232.536,232.608,12.899,0.062,0.0000062500,0.0004000000,74.7,0.1
2026-09-04T13:36:30.619+00:00,B_sell_A_buy,7.1408,1.2408,232.36,232.37,88.6,69.0,232.536,232.608,12.899,0.062,0.0000062500,0.0004000000,74.7,0.1
2026-09-04T13:36:31.620+00:00,A_sell_B_buy,-8.8613,-14.7613,232.39,232.41,4.303,23.272,232.485,232.596,2.234,12.899,0.0000062500,0.0004000000,43.2,0.0
2026-09-04T13:36:31.620+00:00,B_sell_A_buy,3.2262,-2.6738,232.39,232.41,4.303,23.272,232.485,232.596,2.234,12.899,0.0000062500,0.0004000000,43.2,0.0
2026-09-04T13:36:32.621+00:00,A_sell_B_buy,-10.6694,-16.5694,232.34,232.35,19.446,37.718,232.488,232.588,46.454,0.052,0.0000062500,0.0004000000,19.0,0.1
2026-09-04T13:36:32.621+00:00,B_sell_A_buy,5.9370,0.0370,232.34,232.35,19.446,37.718,232.488,232.588,46.454,0.052,0.0000062500,0.0004000000,19.0,0.1
2026-09-04T13:36:33.631+00:00,A_sell_B_buy,-11.1865,-17.0865,232.31,232.32,4.305,69.223,232.489,232.57,44.534,12.899,0.0000062500,0.0004000000,47.7,0.1
2026-09-04T13:36:33.631+00:00,B_sell_A_buy,7.2712,1.3712,232.31,232.32,4.305,69.223,232.489,232.57,44.534,12.899,0.0000062500,0.0004000000,47.7,0.1
2026-09-04T13:36:34.634+00:00,A_sell_B_buy,-11.0152,-16.9152,232.3,232.31,25.749,4.305,232.458,232.556,46.405,12.899,0.0000062500,0.0004000000,42.5,0.1
2026-09-04T13:36:34.634+00:00,B_sell_A_buy,6.3682,0.4682,232.3,232.31,25.749,4.305,232.458,232.556,46.405,12.899,0.0000062500,0.0004000000,42.5,0.1
2026-09-04T13:36:35.648+00:00,A_sell_B_buy,-11.6603,-17.5603,232.3,232.31,0.178,23.218,232.469,232.571,12.899,0.918,0.0000062500,0.0004000000,382.5,0.1
2026-09-04T13:36:35.648+00:00,B_sell_A_buy,6.8413,0.9413,232.3,232.31,0.178,23.218,232.469,232.571,12.899,0.918,0.0000062500,0.0004000000,382.5,0.1
2026-09-04T13:36:36.659+00:00,A_sell_B_buy,-14.8806,-20.7806,232.36,232.37,44.3,64.919,232.633,232.706,32.493,108.506,0.0000062500,0.0004000000,271.7,0.0
2026-09-04T13:36:36.659+00:00,B_sell_A_buy,11.3110,5.4110,232.36,232.37,44.3,64.919,232.633,232.706,32.493,108.506,0.0000062500,0.0004000000,271.7,0.0
2026-09-04T13:36:37.663+00:00,A_sell_B_buy,-11.5641,-17.4641,232.5,232.54,53.763,64.919,232.653,232.769,2.057,0.051,0.0000062500,0.0004000000,0.0,25.3
2026-09-04T13:36:37.663+00:00,B_sell_A_buy,4.8578,-1.0422,232.5,232.54,53.763,64.919,232.653,232.769,2.057,0.051,0.0000062500,0.0004000000,0.0,25.3
2026-09-04T13:36:38.668+00:00,A_sell_B_buy,-10.7043,-16.6043,232.51,232.53,4.301,28.228,232.666,232.759,2.162,44.59,0.0000062500,0.0004000000,23.1,0.1
2026-09-04T13:36:38.668+00:00,B_sell_A_buy,5.8465,-0.0535,232.51,232.53,4.301,28.228,232.666,232.759,2.162,44.59,0.0000062500,0.0004000000,23.1,0.1
2026-09-04T13:36:39.686+00:00,A_sell_B_buy,-13.7529,-19.6529,232.54,232.57,88.6,20.417,232.742,232.86,128.875,0.061,0.0000062500,0.0004000000,0.0,22.8
2026-09-04T13:36:39.686+00:00,B_sell_A_buy,7.3922,1.4922,232.54,232.57,88.6,20.417,232.742,232.86,128.875,0.061,0.0000062500,0.0004000000,0.0,22.8
2026-09-04T13:36:40.730+00:00,A_sell_B_buy,-11.8183,-17.7183,232.57,232.59,38.108,25.196,232.753,232.845,1.946,0.062,0.0000062500,0.0004000000,287.4,0.1
2026-09-04T13:36:40.730+00:00,B_sell_A_buy,7.0050,1.1050,232.57,232.59,38.108,25.196,232.753,232.845,1.946,0.062,0.0000062500,0.0004000000,287.4,0.1
2026-09-04T13:36:41.770+00:00,A_sell_B_buy,-10.9588,-16.8588,232.58,232.59,2.166,64.919,232.758,232.835,2.094,0.059,0.0000062500,0.0004000000,186.2,0.0
2026-09-04T13:36:41.770+00:00,B_sell_A_buy,7.2199,1.3199,232.58,232.59,2.166,64.919,232.758,232.835,2.094,0.059,0.0000062500,0.0004000000,186.2,0.0
2026-09-04T13:36:42.794+00:00,A_sell_B_buy,-9.1117,-15.0117,232.58,232.59,2.082,157.912,232.714,232.792,46.645,46.642,0.0000062500,0.0004000000,0.0,96.6
2026-09-04T13:36:42.794+00:00,B_sell_A_buy,5.3295,-0.5705,232.58,232.59,2.082,157.912,232.714,232.792,46.645,46.642,0.0000062500,0.0004000000,0.0,96.6
2026-09-04T13:36:43.821+00:00,A_sell_B_buy,-10.7038,-16.6038,232.53,232.54,22.996,202.119,232.663,232.779,2.073,0.904,0.0000062500,0.0004000000,36.3,0.1
2026-09-04T13:36:43.821+00:00,B_sell_A_buy,5.2874,-0.6126,232.53,232.54,22.996,202.119,232.663,232.779,2.073,0.904,0.0000062500,0.0004000000,36.3,0.1
2026-09-04T13:36:44.842+00:00,A_sell_B_buy,-10.1034,-16.0034,232.49,232.5,68.15,69.22,232.662,232.725,44.534,45.842,0.0000062500,0.0004000000,0.1,288.2
2026-09-04T13:36:44.842+00:00,B_sell_A_buy,6.9649,1.0649,232.49,232.5,68.15,69.22,232.662,232.725,44.534,45.842,0.0000062500,0.0004000000,0.1,288.2
2026-09-04T13:36:45.876+00:00,A_sell_B_buy,-11.8709,-17.7709,232.38,232.41,2.489,44.3,232.562,232.656,46.655,46.716,0.0000062500,0.0004000000,399.0,0.1
2026-09-04T13:36:45.876+00:00,B_sell_A_buy,6.5376,0.6376,232.38,232.41,2.489,44.3,232.562,232.656,46.655,46.716,0.0000062500,0.0004000000,399.0,0.1
2026-09-04T13:36:46.881+00:00,A_sell_B_buy,-12.0827,-17.9827,232.44,232.46,132.9,46.4,232.633,232.721,46.083,2.023,0.0000062500,0.0004000000,53.5,0.1
2026-09-04T13:36:46.881+00:00,B_sell_A_buy,7.4388,1.5388,232.44,232.46,132.9,46.4,232.633,232.721,46.083,2.023,0.0000062500,0.0004000000,53.5,0.1
2026-09-04T13:36:47.955+00:00,A_sell_B_buy,-10.7911,-16.6911,232.49,232.51,68.288,4.301,232.653,232.741,2.214,2.067,0.0000062500,0.0004000000,0.1,243.1
2026-09-04T13:36:47.955+00:00,B_sell_A_buy,6.1479,0.2479,232.49,232.51,68.288,4.301,232.653,232.741,2.214,2.067,0.0000062500,0.0004000000,0.1,243.1
2026-09-04T13:36:48.963+00:00,A_sell_B_buy,-11.0517,-16.9517,232.43,232.46,23.989,44.3,232.597,232.687,128.95,0.988,0.0000062500,0.0004000000,196.9,0.0
2026-09-04T13:36:48.963+00:00,B_sell_A_buy,5.8914,-0.0086,232.43,232.46,23.989,44.3,232.597,232.687,128.95,0.988,0.0000062500,0.0004000000,196.9,0.0
2026-09-04T13:36:50.021+00:00,A_sell_B_buy,-9.0733,-14.9733,232.45,232.47,24.491,53.9,232.622,232.661,46.579,0.597,0.0000062500,0.0004000000,0.1,201.8
2026-09-04T13:36:50.021+00:00,B_sell_A_buy,6.5362,0.6362,232.45,232.47,24.491,53.9,232.622,232.661,46.579,0.597,0.0000062500,0.0004000000,0.1,201.8
2026-09-04T13:36:51.084+00:00,A_sell_B_buy,-9.9755,-15.8755,232.46,232.48,84.782,82.02,232.645,232.692,46.508,12.899,0.0000062500,0.0004000000,78.9,0.0
2026-09-04T13:36:51.084+00:00,B_sell_A_buy,7.0947,1.1947,232.46,232.48,84.782,82.02,232.645,232.692,46.508,12.899,0.0000062500,0.0004000000,78.9,0.0
2026-09-04T13:36:52.138+00:00,A_sell_B_buy,-10.4038,-16.3038,232.49,232.52,88.6,22.762,232.69,232.732,46.679,25.798,0.0000062500,0.0004000000,0.1,462.9
2026-09-04T13:36:52.138+00:00,B_sell_A_buy,7.3084,1.4084,232.49,232.52,88.6,22.762,232.69,232.732,46.679,25.798,0.0000062500,0.0004000000,0.1,462.9
2026-09-04T13:36:53.152+00:00,A_sell_B_buy,-9.5007,-15.4007,232.51,232.52,6.364,4.301,232.699,232.731,44.534,2.121,0.0000062500,0.0004000000,246.8,0.1
2026-09-04T13:36:53.152+00:00,B_sell_A_buy,7.6951,1.7951,232.51,232.52,6.364,4.301,232.699,232.731,44.534,2.121,0.0000062500,0.0004000000,246.8,0.1
2026-09-04T13:36:54.162+00:00,A_sell_B_buy,-14.1843,-20.0843,232.49,232.52,43.11,24.787,232.774,232.82,2.242,25.798,0.0000062500,0.0004000000,61.7,0.0
2026-09-04T13:36:54.162+00:00,B_sell_A_buy,10.9176,5.0176,232.49,232.52,43.11,24.787,232.774,232.82,2.242,25.798,0.0000062500,0.0004000000,61.7,0.0
2026-09-04T13:36:55.173+00:00,A_sell_B_buy,-11.0446,-16.9446,232.58,232.59,44.3,93.211,232.768,232.837,46.735,1.999,0.0000062500,0.0004000000,110.1,0.0
2026-09-04T13:36:55.173+00:00,B_sell_A_buy,7.6495,1.7495,232.58,232.59,44.3,93.211,232.768,232.837,46.735,1.999,0.0000062500,0.0004000000,110.1,0.0
2026-09-04T13:36:56.243+00:00,A_sell_B_buy,-10.0141,-15.9141,232.56,232.59,16.32,32.293,232.746,232.793,2.105,25.798,0.0000062500,0.0004000000,92.3,0.1
2026-09-04T13:36:56.243+00:00,B_sell_A_buy,6.7047,0.8047,232.56,232.59,16.32,32.293,232.746,232.793,2.105,25.798,0.0000062500,0.0004000000,92.3,0.1
2026-09-04T13:36:57.309+00:00,A_sell_B_buy,-6.8348,-12.7348,232.56,232.58,11.514,88.6,232.67,232.719,3.653,0.212,0.0000062500,0.0004000000,0.1,95.6
2026-09-04T13:36:57.309+00:00,B_sell_A_buy,3.8688,-2.0312,232.56,232.58,11.514,88.6,232.67,232.719,3.653,0.212,0.0000062500,0.0004000000,0.1,95.6
2026-09-04T13:36:58.348+00:00,A_sell_B_buy,-7.8690,-13.7690,232.48,232.5,4.301,44.3,232.585,232.663,2.022,12.899,0.0000062500,0.0004000000,294.5,0.1
2026-09-04T13:36:58.348+00:00,B_sell_A_buy,3.6550,-2.2450,232.48,232.5,4.301,44.3,232.585,232.663,2.022,12.899,0.0000062500,0.0004000000,294.5,0.1
2026-09-04T13:36:59.360+00:00,A_sell_B_buy,-11.1809,-17.0809,232.43,232.44,4.302,64.919,232.598,232.69,2.635,12.899,0.0000062500,0.0004000000,66.2,0.1
2026-09-04T13:36:59.360+00:00,B_sell_A_buy,6.7945,0.8945,232.43,232.44,4.302,64.919,232.598,232.69,2.635,12.899,0.0000062500,0.0004000000,66.2,0.1
2026-09-04T13:37:00.369+00:00,A_sell_B_buy,-11.3051,-17.2051,232.52,232.58,98.058,180.477,232.669,232.783,2.207,12.923,0.0000062500,0.0004000000,72.5,0.0
2026-09-04T13:37:00.369+00:00,B_sell_A_buy,3.8257,-2.0743,232.52,232.58,98.058,180.477,232.669,232.783,2.207,12.923,0.0000062500,0.0004000000,72.5,0.0
2026-09-04T13:37:01.377+00:00,A_sell_B_buy,-11.4346,-17.3346,232.51,232.53,15.085,88.6,232.694,232.776,2.288,0.849,0.0000062500,0.0004000000,0.1,20.8
2026-09-04T13:37:01.377+00:00,B_sell_A_buy,7.0499,1.1499,232.51,232.53,15.085,88.6,232.694,232.776,2.288,0.849,0.0000062500,0.0004000000,0.1,20.8
2026-09-04T13:37:02.413+00:00,A_sell_B_buy,-12.9367,-18.8367,232.53,232.55,44.3,66.471,232.772,232.831,2.097,0.851,0.0000062500,0.0004000000,91.2,0.0
2026-09-04T13:37:02.413+00:00,B_sell_A_buy,9.5414,3.6414,232.53,232.55,44.3,66.471,232.772,232.831,2.097,0.851,0.0000062500,0.0004000000,91.2,0.0
2026-09-04T13:37:03.420+00:00,A_sell_B_buy,-11.1744,-17.0744,232.56,232.57,24.017,4.3,232.75,232.82,1.625,12.899,0.0000062500,0.0004000000,56.8,0.0
2026-09-04T13:37:03.420+00:00,B_sell_A_buy,7.7361,1.8361,232.56,232.57,24.017,4.3,232.75,232.82,1.625,12.899,0.0000062500,0.0004000000,56.8,0.0
2026-09-04T13:37:04.425+00:00,A_sell_B_buy,-12.8460,-18.7460,232.63,232.64,44.3,5.388,232.831,232.929,46.407,12.899,0.0000062500,0.0004000000,13.3,0.0
2026-09-04T13:37:04.425+00:00,B_sell_A_buy,8.2060,2.3060,232.63,232.64,44.3,5.388,232.831,232.929,46.407,12.899,0.0000062500,0.0004000000,13.3,0.0
2026-09-04T13:37:05.453+00:00,A_sell_B_buy,-14.3454,-20.2454,232.67,232.7,420.269,5.541,232.937,233.004,2.205,2.66,0.0000062500,0.0004000000,0.1,29.5
2026-09-04T13:37:05.453+00:00,B_sell_A_buy,10.1792,4.2792,232.67,232.7,420.269,5.541,232.937,233.004,2.205,2.66,0.0000062500,0.0004000000,0.1,29.5
2026-09-04T13:37:06.463+00:00,A_sell_B_buy,-12.8819,-18.7819,232.75,232.76,22.176,5.699,232.976,233.05,0.77,12.899,0.0000062500,0.0004000000,124.5,0.1
2026-09-04T13:37:06.463+00:00,B_sell_A_buy,9.2750,3.3750,232.75,232.76,22.176,5.699,232.976,233.05,0.77,12.899,0.0000062500,0.0004000000,124.5,0.1
2026-09-04T13:37:07.488+00:00,A_sell_B_buy,-10.3038,-16.2038,232.81,232.85,24.989,120.778,232.984,233.05,2.186,25.798,0.0000062500,0.0004000000,0.0,224.6
2026-09-04T13:37:07.488+00:00,B_sell_A_buy,5.7530,-0.1470,232.81,232.85,24.989,120.778,232.984,233.05,2.186,25.798,0.0000062500,0.0004000000,0.0,224.6
2026-09-04T13:37:08.490+00:00,A_sell_B_buy,-11.4607,-17.3607,232.85,232.86,44.25,5.734,233.053,233.117,46.385,2.032,0.0000062500,0.0004000000,0.0,124.2
2026-09-04T13:37:08.490+00:00,B_sell_A_buy,8.2843,2.3843,232.85,232.86,44.25,5.734,233.053,233.117,46.385,2.032,0.0000062500,0.0004000000,0.0,124.2
2026-09-04T13:37:09.498+00:00,A_sell_B_buy,-12.1042,-18.0042,232.86,232.87,10.821,5.0,233.038,233.142,0.736,12.867,0.0000062500,0.0004000000,59.2,0.1
2026-09-04T13:37:09.498+00:00,B_sell_A_buy,7.2110,1.3110,232.86,232.87,10.821,5.0,233.038,233.142,0.736,12.867,0.0000062500,0.0004000000,59.2,0.1
2026-09-04T13:37:10.522+00:00,A_sell_B_buy,-18.6185,-24.5185,232.91,232.94,194.483,10.531,233.214,233.344,2.217,25.798,0.0000062500,0.0004000000,28.2,0.0
2026-09-04T13:37:10.522+00:00,B_sell_A_buy,11.7545,5.8545,232.91,232.94,194.483,10.531,233.214,233.344,2.217,25.798,0.0000062500,0.0004000000,28.2,0.0
2026-09-04T13:37:11.577+00:00,A_sell_B_buy,-13.8523,-19.7523,233.04,233.05,97.938,0.16,233.244,233.363,46.186,2.08,0.0000062500,0.0004000000,331.8,0.1
2026-09-04T13:37:11.577+00:00,B_sell_A_buy,8.3200,2.4200,233.04,233.05,97.938,0.16,233.244,233.363,46.186,2.08,0.0000062500,0.0004000000,331.8,0.1
2026-09-04T13:37:12.614+00:00,A_sell_B_buy,-10.2493,-16.1493,233.08,233.1,6.499,19.266,233.247,233.319,46.159,1.49,0.0000062500,0.0004000000,190.6,0.1
2026-09-04T13:37:12.614+00:00,B_sell_A_buy,6.3040,0.4040,233.08,233.1,6.499,19.266,233.247,233.319,46.159,1.49,0.0000062500,0.0004000000,190.6,0.1
2026-09-04T13:37:13.717+00:00,A_sell_B_buy,-10.6352,-16.5352,233.07,233.11,15.719,8.397,233.25,233.318,44.534,0.764,0.0000062500,0.0004000000,0.1,195.0
2026-09-04T13:37:13.717+00:00,B_sell_A_buy,6.0038,0.1038,233.07,233.11,15.719,8.397,233.25,233.318,44.534,0.764,0.0000062500,0.0004000000,0.1,195.0
2026-09-04T13:37:14.723+00:00,A_sell_B_buy,-8.6645,-14.5645,233.05,233.08,22.059,166.123,233.164,233.252,108.506,1.902,0.0000062500,0.0004000000,88.8,0.0
2026-09-04T13:37:14.723+00:00,B_sell_A_buy,3.6030,-2.2970,233.05,233.08,22.059,166.123,233.164,233.252,108.506,1.902,0.0000062500,0.0004000000,88.8,0.0
2026-09-04T13:37:15.726+00:00,A_sell_B_buy,-11.6677,-17.5677,233.01,233.02,21.024,75.032,233.175,233.282,12.899,12.899,0.0000062500,0.0004000000,185.6,0.0
2026-09-04T13:37:15.726+00:00,B_sell_A_buy,6.6489,0.7489,233.01,233.02,21.024,75.032,233.175,233.282,12.899,12.899,0.0000062500,0.0004000000,185.6,0.0
2026-09-04T13:37:16.771+00:00,A_sell_B_buy,-8.8799,-14.7799,233.02,233.03,10.299,64.919,233.166,233.227,46.723,1.996,0.0000062500,0.0004000000,157.5,0.0
2026-09-04T13:37:16.771+00:00,B_sell_A_buy,5.8341,-0.0659,233.02,233.03,10.299,64.919,233.166,233.227,46.723,1.996,0.0000062500,0.0004000000,157.5,0.0
2026-09-04T13:37:17.778+00:00,A_sell_B_buy,-9.7787,-15.6787,233.07,233.08,44.3,43.234,233.188,233.298,2.282,47.59,0.0000062500,0.0004000000,0.0,9.3
2026-09-04T13:37:17.778+00:00,B_sell_A_buy,4.6320,-1.2680,233.07,233.08,44.3,43.234,233.188,233.298,2.282,47.59,0.0000062500,0.0004000000,0.0,9.3
2026-09-04T13:37:18.871+00:00,A_sell_B_buy,-11.1520,-17.0520,233.03,233.05,66.371,138.62,233.202,233.29,46.626,46.652,0.0000062500,0.0004000000,0.1,118.1
2026-09-04T13:37:18.871+00:00,B_sell_A_buy,6.5196,0.6196,233.03,233.05,66.371,138.62,233.202,233.29,46.626,46.652,0.0000062500,0.0004000000,0.1,118.1
2026-09-04T13:37:19.916+00:00,A_sell_B_buy,-10.0788,-15.9788,233.06,233.08,21.928,4.866,233.219,233.295,1.771,2.178,0.0000062500,0.0004000000,0.1,140.4
2026-09-04T13:37:19.916+00:00,B_sell_A_buy,5.9615,0.0615,233.06,233.08,21.928,4.866,233.219,233.295,1.771,2.178,0.0000062500,0.0004000000,0.1,140.4
2026-09-04T13:37:20.925+00:00,A_sell_B_buy,-9.6495,-15.5495,233.07,233.09,22.977,29.154,233.237,233.295,21.6,44.534,0.0000062500,0.0004000000,197.2,0.1
2026-09-04T13:37:20.925+00:00,B_sell_A_buy,6.3043,0.4043,233.07,233.09,22.977,29.154,233.237,233.295,21.6,44.534,0.0000062500,0.0004000000,197.2,0.1
2026-09-04T13:37:21.953+00:00,A_sell_B_buy,-13.1639,-19.0639,233.08,233.12,59.008,21.55,233.264,233.387,21.6,1.858,0.0000062500,0.0004000000,0.0,30.2
2026-09-04T13:37:21.953+00:00,B_sell_A_buy,6.1746,0.2746,233.08,233.12,59.008,21.55,233.264,233.387,21.6,1.858,0.0000062500,0.0004000000,0.0,30.2
2026-09-04T13:37:23.027+00:00,A_sell_B_buy,-11.7057,-17.6057,233.1,233.12,4.29,28.5,233.282,233.373,1.855,0.59,0.0000062500,0.0004000000,105.5,0.0
2026-09-04T13:37:23.027+00:00,B_sell_A_buy,6.9463,1.0463,233.1,233.12,4.29,28.5,233.282,233.373,1.855,0.59,0.0000062500,0.0004000000,105.5,0.0
2026-09-04T13:37:24.046+00:00,A_sell_B_buy,-9.6474,-15.5474,233.12,233.13,14.3,43.701,233.3,233.345,1.957,1.077,0.0000062500,0.0004000000,0.1,64.8
2026-09-04T13:37:24.046+00:00,B_sell_A_buy,7.2891,1.3891,233.12,233.13,14.3,43.701,233.3,233.345,1.957,1.077,0.0000062500,0.0004000000,0.1,64.8
2026-09-04T13:37:25.057+00:00,A_sell_B_buy,-9.2187,-15.1187,233.12,233.13,2.159,69.043,233.301,233.335,1.651,86.489,0.0000062500,0.0004000000,120.5,0.0
2026-09-04T13:37:25.057+00:00,B_sell_A_buy,7.3321,1.4321,233.12,233.13,2.159,69.043,233.301,233.335,1.651,86.489,0.0000062500,0.0004000000,120.5,0.0
2026-09-04T13:37:26.071+00:00,A_sell_B_buy,-7.5919,-13.4919,233.07,233.08,0.858,53.629,233.174,233.247,2.304,1.929,0.0000062500,0.0004000000,265.5,0.0
2026-09-04T13:37:26.071+00:00,B_sell_A_buy,4.0319,-1.8681,233.07,233.08,0.858,53.629,233.174,233.247,2.304,1.929,0.0000062500,0.0004000000,265.5,0.0
2026-09-04T13:37:27.078+00:00,A_sell_B_buy,-10.5105,-16.4105,232.99,233.01,21.6,91.069,233.163,233.235,21.6,2.134,0.0000062500,0.0004000000,0.1,28.3
2026-09-04T13:37:27.078+00:00,B_sell_A_buy,6.5637,0.6637,232.99,233.01,21.6,91.069,233.163,233.235,21.6,2.134,0.0000062500,0.0004000000,0.1,28.3
2026-09-04T13:37:28.178+00:00,A_sell_B_buy,-11.7998,-17.6998,232.93,232.99,23.026,4.292,233.098,233.205,1.792,44.534,0.0000062500,0.0004000000,153.5,0.1
2026-09-04T13:37:28.178+00:00,B_sell_A_buy,4.6341,-1.2659,232.93,232.99,23.026,4.292,233.098,233.205,1.792,44.534,0.0000062500,0.0004000000,153.5,0.1
2026-09-04T13:37:29.192+00:00,A_sell_B_buy,-13.6839,-19.5839,232.99,233.0,508.452,13.32,233.182,233.309,23.855,45.973,0.0000062500,0.0004000000,79.2,0.0
2026-09-04T13:37:29.192+00:00,B_sell_A_buy,7.8071,1.9071,232.99,233.0,508.452,13.32,233.182,233.309,23.855,45.973,0.0000062500,0.0004000000,79.2,0.0
2026-09-04T13:37:30.201+00:00,A_sell_B_buy,-10.6793,-16.5793,233.06,233.07,21.049,81.567,233.21,233.309,21.6,44.933,0.0000062500,0.0004000000,70.2,0.1
2026-09-04T13:37:30.201+00:00,B_sell_A_buy,6.0044,0.1044,233.06,233.07,21.049,81.567,233.21,233.309,21.6,44.933,0.0000062500,0.0004000000,70.2,0.1
2026-09-04T13:37:31.287+00:00,A_sell_B_buy,-5.9628,-11.8628,233.06,233.07,2.063,149.955,233.112,233.199,2.148,12.899,0.0000062500,0.0004000000,508.5,0.1
2026-09-04T13:37:31.287+00:00,B_sell_A_buy,1.8017,-4.0983,233.06,233.07,2.063,149.955,233.112,233.199,2.148,12.899,0.0000062500,0.0004000000,508.5,0.1
2026-09-04T13:37:32.296+00:00,A_sell_B_buy,-12.7007,-18.6007,232.92,232.93,4.293,43.519,233.167,233.216,1.859,1.905,0.0000062500,0.0004000000,72.0,0.1
2026-09-04T13:37:32.296+00:00,B_sell_A_buy,10.1691,4.2691,232.92,232.93,4.293,43.519,233.167,233.216,1.859,1.905,0.0000062500,0.0004000000,72.0,0.1
2026-09-04T13:37:33.322+00:00,A_sell_B_buy,-10.5102,-16.4102,232.99,233.0,132.9,40.438,233.202,233.235,1.935,2.05,0.0000062500,0.0004000000,52.5,0.1
2026-09-04T13:37:33.322+00:00,B_sell_A_buy,8.6656,2.7656,232.99,233.0,132.9,40.438,233.202,233.235,1.935,2.05,0.0000062500,0.0004000000,52.5,0.1
2026-09-04T13:37:34.377+00:00,A_sell_B_buy,-11.9249,-17.8249,233.0,233.01,24.001,19.792,233.217,233.278,46.584,1.886,0.0000062500,0.0004000000,63.1,0.1
2026-09-04T13:37:34.377+00:00,B_sell_A_buy,8.8793,2.9793,233.0,233.01,24.001,19.792,233.217,233.278,46.584,1.886,0.0000062500,0.0004000000,63.1,0.1
2026-09-04T13:37:35.390+00:00,A_sell_B_buy,-2.9181,-8.8181,233.02,233.03,11.341,447.399,232.981,233.088,44.534,15.622,0.0000062500,0.0004000000,24.4,0.1
2026-09-04T13:37:35.390+00:00,B_sell_A_buy,-2.1027,-8.0027,233.02,233.03,11.341,447.399,232.981,233.088,44.534,15.622,0.0000062500,0.0004000000,24.4,0.1
2026-09-04T13:37:36.430+00:00,A_sell_B_buy,-11.0350,-16.9350,232.78,232.81,117.49,192.415,232.951,233.037,3.091,0.553,0.0000062500,0.0004000000,0.1,103.1
2026-09-04T13:37:36.430+00:00,B_sell_A_buy,6.0542,0.1542,232.78,232.81,117.49,192.415,232.951,233.037,3.091,0.553,0.0000062500,0.0004000000,0.1,103.1
2026-09-04T13:37:37.446+00:00,A_sell_B_buy,-9.1471,-15.0471,232.77,232.79,0.859,142.252,232.904,232.983,44.534,2.089,0.0000062500,0.0004000000,26.4,0.1
2026-09-04T13:37:37.446+00:00,B_sell_A_buy,4.8956,-1.0044,232.77,232.79,0.859,142.252,232.904,232.983,44.534,2.089,0.0000062500,0.0004000000,26.4,0.1
2026-09-04T13:37:38.472+00:00,A_sell_B_buy,-11.1665,-17.0665,232.72,232.75,25.182,69.215,232.905,232.98,2.239,46.184,0.0000062500,0.0004000000,0.1,436.6
2026-09-04T13:37:38.472+00:00,B_sell_A_buy,6.6570,0.7570,232.72,232.75,25.182,69.215,232.905,232.98,2.239,46.184,0.0000062500,0.0004000000,0.1,436.6
2026-09-04T13:37:39.496+00:00,A_sell_B_buy,-7.4318,-13.3318,232.7,232.76,20.249,50.203,232.804,232.873,46.41,2.953,0.0000062500,0.0004000000,0.0,106.0
2026-09-04T13:37:39.496+00:00,B_sell_A_buy,1.8902,-4.0098,232.7,232.76,20.249,50.203,232.804,232.873,46.41,2.953,0.0000062500,0.0004000000,0.0,106.0
2026-09-04T13:37:40.504+00:00,A_sell_B_buy,-9.4522,-15.3522,232.65,232.67,14.698,153.08,232.808,232.87,2.113,46.525,0.0000062500,0.0004000000,24.9,0.0
2026-09-04T13:37:40.504+00:00,B_sell_A_buy,5.9291,0.0291,232.65,232.67,14.698,153.08,232.808,232.87,2.113,46.525,0.0000062500,0.0004000000,24.9,0.0
2026-09-04T13:37:41.517+00:00,A_sell_B_buy,-9.8382,-15.7382,232.67,232.68,88.6,40.438,232.817,232.899,1.699,1.967,0.0000062500,0.0004000000,14.1,0.1
2026-09-04T13:37:41.517+00:00,B_sell_A_buy,5.8857,-0.0143,232.67,232.68,88.6,40.438,232.817,232.899,1.699,1.967,0.0000062500,0.0004000000,14.1,0.1
2026-09-04T13:37:42.634+00:00,A_sell_B_buy,-9.2372,-15.1372,232.66,232.67,2.082,153.204,232.817,232.875,46.185,1.879,0.0000062500,0.0004000000,169.1,0.1
2026-09-04T13:37:42.634+00:00,B_sell_A_buy,6.3156,0.4156,232.66,232.67,2.082,153.204,232.817,232.875,46.185,1.879,0.0000062500,0.0004000000,169.1,0.1
2026-09-04T13:37:43.640+00:00,A_sell_B_buy,-11.3367,-17.2367,232.75,232.77,44.3,40.438,232.954,233.014,2.12,2.027,0.0000062500,0.0004000000,0.1,119.6
2026-09-04T13:37:43.640+00:00,B_sell_A_buy,7.9013,2.0013,232.75,232.77,44.3,40.438,232.954,233.014,2.12,2.027,0.0000062500,0.0004000000,0.1,119.6
2026-09-04T13:37:44.699+00:00,A_sell_B_buy,-8.5895,-14.4895,232.76,232.77,11.318,512.577,232.884,232.96,2.142,45.3,0.0000062500,0.0004000000,0.1,157.5
2026-09-04T13:37:44.699+00:00,B_sell_A_buy,4.8960,-1.0040,232.76,232.77,11.318,512.577,232.884,232.96,2.142,45.3,0.0000062500,0.0004000000,0.1,157.5
2026-09-04T13:37:45.716+00:00,A_sell_B_buy,-10.8703,-16.7703,232.62,232.7,21.493,235.175,232.788,232.873,44.534,1.992,0.0000062500,0.0004000000,87.7,0.1
2026-09-04T13:37:45.716+00:00,B_sell_A_buy,3.7810,-2.1190,232.62,232.7,21.493,235.175,232.788,232.873,44.534,1.992,0.0000062500,0.0004000000,87.7,0.1
2026-09-04T13:37:46.788+00:00,A_sell_B_buy,-9.2409,-15.1409,232.57,232.6,4.3,105.357,232.695,232.785,2.7,1.996,0.0000062500,0.0004000000,0.1,371.5
2026-09-04T13:37:46.788+00:00,B_sell_A_buy,4.0832,-1.8168,232.57,232.6,4.3,105.357,232.695,232.785,2.7,1.996,0.0000062500,0.0004000000,0.1,371.5
2026-09-04T13:37:47.799+00:00,A_sell_B_buy,-9.4991,-15.3991,232.56,232.57,38.127,234.218,232.701,232.781,2.005,12.899,0.0000062500,0.0004000000,51.4,0.1
2026-09-04T13:37:47.799+00:00,B_sell_A_buy,5.6307,-0.2693,232.56,232.57,38.127,234.218,232.701,232.781,2.005,12.899,0.0000062500,0.0004000000,51.4,0.1
2026-09-04T13:37:48.808+00:00,A_sell_B_buy,-14.0973,-19.9973,232.53,232.54,0.86,41.528,232.744,232.858,34.399,2.029,0.0000062500,0.0004000000,280.1,0.0
2026-09-04T13:37:48.808+00:00,B_sell_A_buy,8.7679,2.8679,232.53,232.54,0.86,41.528,232.744,232.858,34.399,2.029,0.0000062500,0.0004000000,280.1,0.0
2026-09-04T13:37:49.817+00:00,A_sell_B_buy,-12.2451,-18.1451,232.61,232.66,105.409,27.145,232.821,232.895,46.57,46.761,0.0000062500,0.0004000000,0.0,40.5
2026-09-04T13:37:49.817+00:00,B_sell_A_buy,6.9174,1.0174,232.61,232.66,105.409,27.145,232.821,232.895,46.57,46.761,0.0000062500,0.0004000000,0.0,40.5
2026-09-04T13:37:50.879+00:00,A_sell_B_buy,-11.1310,-17.0310,232.57,232.58,22.84,53.744,232.753,232.829,12.899,46.572,0.0000062500,0.0004000000,158.4,0.0
2026-09-04T13:37:50.879+00:00,B_sell_A_buy,7.4350,1.5350,232.57,232.58,22.84,53.744,232.753,232.829,12.899,46.572,0.0000062500,0.0004000000,158.4,0.0
2026-09-04T13:37:51.894+00:00,A_sell_B_buy,-10.1412,-16.0412,232.61,232.64,18.785,75.659,232.763,232.846,57.433,2.121,0.0000062500,0.0004000000,16.2,0.0
2026-09-04T13:37:51.894+00:00,B_sell_A_buy,5.2854,-0.6146,232.61,232.64,18.785,75.659,232.763,232.846,57.433,2.121,0.0000062500,0.0004000000,16.2,0.0
2026-09-04T13:37:52.927+00:00,A_sell_B_buy,-10.4854,-16.3854,232.6,232.61,2.082,96.522,232.764,232.844,44.534,2.14,0.0000062500,0.0004000000,0.0,162.4
2026-09-04T13:37:52.927+00:00,B_sell_A_buy,6.6178,0.7178,232.6,232.61,2.082,96.522,232.764,232.844,44.534,2.14,0.0000062500,0.0004000000,0.0,162.4
2026-09-04T13:37:53.948+00:00,A_sell_B_buy,-13.4505,-19.3505,232.57,232.6,39.922,25.893,232.77,232.883,1.707,0.741,0.0000062500,0.0004000000,0.0,31.2
2026-09-04T13:37:53.948+00:00,B_sell_A_buy,7.3054,1.4054,232.57,232.6,39.922,25.893,232.77,232.883,1.707,0.741,0.0000062500,0.0004000000,0.0,31.2
2026-09-04T13:37:54.953+00:00,A_sell_B_buy,-12.0313,-17.9313,232.6,232.64,34.283,48.27,232.788,232.88,0.792,44.534,0.0000062500,0.0004000000,0.0,11.3
2026-09-04T13:37:54.953+00:00,B_sell_A_buy,6.3594,0.4594,232.6,232.64,34.283,48.27,232.788,232.88,0.792,44.534,0.0000062500,0.0004000000,0.0,11.3
2026-09-04T13:37:55.954+00:00,A_sell_B_buy,-11.0049,-16.9049,232.49,232.58,22.8,53.744,232.679,232.746,86.489,46.335,0.0000062500,0.0004000000,73.2,0.0
2026-09-04T13:37:55.954+00:00,B_sell_A_buy,4.2558,-1.6442,232.49,232.58,22.8,53.744,232.679,232.746,86.489,46.335,0.0000062500,0.0004000000,73.2,0.0
2026-09-04T13:37:56.976+00:00,A_sell_B_buy,-13.1053,-19.0053,232.58,232.6,44.3,22.836,232.858,232.885,2.283,12.911,0.0000062500,0.0004000000,70.7,0.0
2026-09-04T13:37:56.976+00:00,B_sell_A_buy,11.0858,5.1858,232.58,232.6,44.3,22.836,232.858,232.885,2.283,12.911,0.0000062500,0.0004000000,70.7,0.0
2026-09-04T13:37:58.003+00:00,A_sell_B_buy,-11.9399,-17.8399,232.71,232.72,44.3,11.44,232.912,232.988,21.5,57.433,0.0000062500,0.0004000000,53.5,0.0
2026-09-04T13:37:58.003+00:00,B_sell_A_buy,8.2463,2.3463,232.71,232.72,44.3,11.44,232.912,232.988,21.5,57.433,0.0000062500,0.0004000000,53.5,0.0
2026-09-04T13:37:59.007+00:00,A_sell_B_buy,-9.5767,-15.4767,232.75,232.78,4.296,31.746,232.92,232.973,46.496,2.286,0.0000062500,0.0004000000,36.9,0.1
2026-09-04T13:37:59.007+00:00,B_sell_A_buy,6.0123,0.1123,232.75,232.78,4.296,31.746,232.92,232.973,46.496,2.286,0.0000062500,0.0004000000,36.9,0.1
2026-09-04T13:38:00.044+00:00,A_sell_B_buy,-10.0505,-15.9505,232.72,232.73,22.459,39.897,232.893,232.954,21.5,0.406,0.0000062500,0.0004000000,46.2,0.1
2026-09-04T13:38:00.044+00:00,B_sell_A_buy,7.0010,1.1010,232.72,232.73,22.459,39.897,232.893,232.954,21.5,0.406,0.0000062500,0.0004000000,46.2,0.1
2026-09-04T13:38:01.048+00:00,A_sell_B_buy,-10.0503,-15.9503,232.72,232.73,23.682,149.656,232.911,232.954,21.5,44.534,0.0000062500,0.0004000000,107.6,0.0
2026-09-04T13:38:01.048+00:00,B_sell_A_buy,7.7740,1.8740,232.72,232.73,23.682,149.656,232.911,232.954,21.5,44.534,0.0000062500,0.0004000000,107.6,0.0
2026-09-04T13:38:02.072+00:00,A_sell_B_buy,-10.6081,-16.5081,232.73,232.75,15.683,18.111,232.904,232.977,12.899,12.899,0.0000062500,0.0004000000,0.0,25.4
2026-09-04T13:38:02.072+00:00,B_sell_A_buy,6.6140,0.7140,232.73,232.75,15.683,18.111,232.904,232.977,12.899,12.899,0.0000062500,0.0004000000,0.0,25.4
2026-09-04T13:38:03.099+00:00,A_sell_B_buy,-7.0876,-12.9876,232.74,232.75,17.08,137.059,232.813,232.905,2.02,0.76,0.0000062500,0.0004000000,97.1,0.0
2026-09-04T13:38:03.099+00:00,B_sell_A_buy,2.7062,-3.1938,232.74,232.75,17.08,137.059,232.813,232.905,2.02,0.76,0.0000062500,0.0004000000,97.1,0.0
2026-09-04T13:38:04.128+00:00,A_sell_B_buy,-7.0037,-12.9037,232.67,232.68,4.298,64.919,232.755,232.833,108.506,70.332,0.0000062500,0.0004000000,173.6,0.1
2026-09-04T13:38:04.128+00:00,B_sell_A_buy,3.2226,-2.6774,232.67,232.68,4.298,64.919,232.755,232.833,108.506,70.332,0.0000062500,0.0004000000,173.6,0.1
2026-09-04T13:38:05.134+00:00,A_sell_B_buy,-10.3995,-16.2995,232.6,232.62,66.936,30.316,232.756,232.842,44.534,0.76,0.0000062500,0.0004000000,41.7,0.0
2026-09-04T13:38:05.134+00:00,B_sell_A_buy,5.8443,-0.0557,232.6,232.62,66.936,30.316,232.756,232.842,44.534,0.76,0.0000062500,0.0004000000,41.7,0.0
2026-09-04T13:38:06.144+00:00,A_sell_B_buy,-13.1491,-19.0491,232.59,232.6,5.375,13.299,232.773,232.896,0.768,12.902,0.0000062500,0.0004000000,169.8,0.0
2026-09-04T13:38:06.144+00:00,B_sell_A_buy,7.4340,1.5340,232.59,232.6,5.375,13.299,232.773,232.896,0.768,12.902,0.0000062500,0.0004000000,169.8,0.0
2026-09-04T13:38:07.147+00:00,A_sell_B_buy,-10.4845,-16.3845,232.62,232.64,33.414,13.299,232.774,232.864,46.442,12.899,0.0000062500,0.0004000000,0.0,204.3
2026-09-04T13:38:07.147+00:00,B_sell_A_buy,5.7579,-0.1421,232.62,232.64,33.414,13.299,232.774,232.864,46.442,12.899,0.0000062500,0.0004000000,0.0,204.3
2026-09-04T13:38:08.227+00:00,A_sell_B_buy,-14.1343,-20.0343,232.62,232.63,413.785,4.299,232.871,232.949,47.163,25.798,0.0000062500,0.0004000000,92.7,0.1
2026-09-04T13:38:08.227+00:00,B_sell_A_buy,10.3537,4.4537,232.62,232.63,413.785,4.299,232.871,232.949,47.163,25.798,0.0000062500,0.0004000000,92.7,0.1
2026-09-04T13:38:09.226+00:00,A_sell_B_buy,-9.3652,-15.2652,232.69,232.71,4.298,13.299,232.795,232.908,2.245,25.798,0.0000062500,0.0004000000,98.4,0.1
2026-09-04T13:38:09.226+00:00,B_sell_A_buy,3.6516,-2.2484,232.69,232.71,4.298,13.299,232.795,232.908,2.245,25.798,0.0000062500,0.0004000000,98.4,0.1
2026-09-04T13:38:10.234+00:00,A_sell_B_buy,-11.2982,-17.1982,232.67,232.7,18.081,162.468,232.816,232.933,1.691,12.899,0.0000062500,0.0004000000,17.4,0.0
2026-09-04T13:38:10.234+00:00,B_sell_A_buy,4.9833,-0.9167,232.67,232.7,18.081,162.468,232.816,232.933,1.691,12.899,0.0000062500,0.0004000000,17.4,0.0
2026-09-04T13:38:11.467+00:00,A_sell_B_buy,-10.6958,-16.5958,232.7,232.71,4.297,64.919,232.85,232.949,21.5,12.899,0.0000062500,0.0004000000,429.9,0.1
2026-09-04T13:38:11.467+00:00,B_sell_A_buy,6.0137,0.1137,232.7,232.71,4.297,64.919,232.85,232.949,21.5,12.899,0.0000062500,0.0004000000,429.9,0.1
2026-09-04T13:38:12.618+00:00,A_sell_B_buy,-8.9349,-14.8349,232.71,232.72,0.121,48.218,232.827,232.918,46.622,108.506,0.0000062500,0.0004000000,0.1,151.6
2026-09-04T13:38:12.618+00:00,B_sell_A_buy,4.5963,-1.3037,232.71,232.72,0.121,48.218,232.827,232.918,46.622,108.506,0.0000062500,0.0004000000,0.1,151.6
2026-09-04T13:38:13.652+00:00,A_sell_B_buy,-10.4817,-16.3817,232.68,232.7,19.546,19.486,232.839,232.924,11.082,57.433,0.0000062500,0.0004000000,98.7,0.1
2026-09-04T13:38:13.652+00:00,B_sell_A_buy,5.9712,0.0712,232.68,232.7,19.546,19.486,232.839,232.924,11.082,57.433,0.0000062500,0.0004000000,98.7,0.1
2026-09-04T13:38:14.698+00:00,A_sell_B_buy,-9.7932,-15.6932,232.72,232.73,4.297,31.249,232.861,232.948,46.507,70.332,0.0000062500,0.0004000000,0.0,63.7
2026-09-04T13:38:14.698+00:00,B_sell_A_buy,5.6268,-0.2732,232.72,232.73,4.297,31.249,232.861,232.948,46.507,70.332,0.0000062500,0.0004000000,0.0,63.7
2026-09-04T13:38:15.717+00:00,A_sell_B_buy,-10.1799,-16.0799,232.71,232.72,0.158,66.907,232.866,232.947,2.071,44.534,0.0000062500,0.0004000000,122.1,0.0
2026-09-04T13:38:15.717+00:00,B_sell_A_buy,6.2712,0.3712,232.71,232.72,0.158,66.907,232.866,232.947,2.071,44.534,0.0000062500,0.0004000000,122.1,0.0
2026-09-04T13:38:16.740+00:00,A_sell_B_buy,-10.1795,-16.0795,232.71,232.75,25.645,96.168,232.878,232.947,0.726,44.534,0.0000062500,0.0004000000,139.6,0.1
2026-09-04T13:38:16.740+00:00,B_sell_A_buy,5.4978,-0.4022,232.71,232.75,25.645,96.168,232.878,232.947,0.726,44.534,0.0000062500,0.0004000000,139.6,0.1
2026-09-04T13:38:17.741+00:00,A_sell_B_buy,-12.0247,-17.9247,232.74,232.75,22.746,13.268,232.904,233.02,0.706,13.66,0.0000062500,0.0004000000,39.2,0.0
2026-09-04T13:38:17.741+00:00,B_sell_A_buy,6.6136,0.7136,232.74,232.75,22.746,13.268,232.904,233.02,0.706,13.66,0.0000062500,0.0004000000,39.2,0.0
2026-09-04T13:38:18.840+00:00,A_sell_B_buy,-9.5329,-15.4329,232.78,232.79,88.6,37.157,232.935,233.002,12.899,57.433,0.0000062500,0.0004000000,313.7,0.1
2026-09-04T13:38:18.840+00:00,B_sell_A_buy,6.2265,0.3265,232.78,232.79,88.6,37.157,232.935,233.002,12.899,57.433,0.0000062500,0.0004000000,313.7,0.1
2026-09-04T13:38:19.857+00:00,A_sell_B_buy,-12.7504,-18.6504,232.8,232.81,44.3,0.871,233.032,233.097,12.899,12.899,0.0000062500,0.0004000000,62.7,0.0
2026-09-04T13:38:19.857+00:00,B_sell_A_buy,9.5306,3.6306,232.8,232.81,44.3,0.871,233.032,233.097,12.899,12.899,0.0000062500,0.0004000000,62.7,0.0
2026-09-04T13:38:20.870+00:00,A_sell_B_buy,-12.1040,-18.0040,232.86,232.87,389.046,20.001,233.055,233.142,1.961,12.899,0.0000062500,0.0004000000,42.7,0.0
2026-09-04T13:38:20.870+00:00,B_sell_A_buy,7.9405,2.0405,232.86,232.87,389.046,20.001,233.055,233.142,1.961,12.899,0.0000062500,0.0004000000,42.7,0.0
2026-09-04T13:38:21.932+00:00,A_sell_B_buy,-10.7725,-16.6725,232.89,232.91,4.294,18.5,233.063,233.141,21.5,0.78,0.0000062500,0.0004000000,113.7,0.0
2026-09-04T13:38:21.932+00:00,B_sell_A_buy,6.5665,0.6665,232.89,232.91,4.294,18.5,233.063,233.141,21.5,0.78,0.0000062500,0.0004000000,113.7,0.0
2026-09-04T13:38:22.964+00:00,A_sell_B_buy,-10.7722,-16.6722,232.89,232.93,4.294,84.445,233.068,233.141,12.899,45.314,0.0000062500,0.0004000000,0.1,61.3
2026-09-04T13:38:22.964+00:00,B_sell_A_buy,5.9226,0.0226,232.89,232.93,4.294,84.445,233.068,233.141,12.899,45.314,0.0000062500,0.0004000000,0.1,61.3
2026-09-04T13:38:23.968+00:00,A_sell_B_buy,-15.3568,-21.2568,232.96,233.02,97.957,0.751,233.187,233.318,2.066,1.887,0.0000062500,0.0004000000,24.6,0.0
2026-09-04T13:38:23.968+00:00,B_sell_A_buy,7.1637,1.2637,232.96,233.02,97.957,0.751,233.187,233.318,2.066,1.887,0.0000062500,0.0004000000,24.6,0.0
2026-09-04T13:38:24.996+00:00,A_sell_B_buy,-13.5125,-19.4125,232.98,233.02,63.738,40.733,233.177,233.295,12.899,45.314,0.0000062500,0.0004000000,66.3,0.0
2026-09-04T13:38:24.996+00:00,B_sell_A_buy,6.7348,0.8348,232.98,233.02,63.738,40.733,233.177,233.295,12.899,45.314,0.0000062500,0.0004000000,66.3,0.0
2026-09-04T13:38:26.077+00:00,A_sell_B_buy,-8.8363,-14.7363,233.04,233.05,9.891,108.008,233.185,233.246,44.534,0.78,0.0000062500,0.0004000000,108.9,0.1
2026-09-04T13:38:26.077+00:00,B_sell_A_buy,5.7908,-0.1092,233.04,233.05,9.891,108.008,233.185,233.246,44.534,0.78,0.0000062500,0.0004000000,108.9,0.1
2026-09-04T13:38:27.119+00:00,A_sell_B_buy,-10.6402,-16.5402,232.98,232.99,4.292,64.919,233.119,233.228,1.966,0.78,0.0000062500,0.0004000000,148.8,0.1
2026-09-04T13:38:27.119+00:00,B_sell_A_buy,5.5346,-0.3654,232.98,232.99,4.292,64.919,233.119,233.228,1.966,0.78,0.0000062500,0.0004000000,148.8,0.1
2026-09-04T13:38:28.280+00:00,A_sell_B_buy,-9.7406,-15.6406,232.95,232.97,0.858,64.919,233.088,233.177,2.274,70.332,0.0000062500,0.0004000000,161.1,0.1
2026-09-04T13:38:28.280+00:00,B_sell_A_buy,5.0634,-0.8366,232.95,232.97,0.858,64.919,233.088,233.177,2.274,70.332,0.0000062500,0.0004000000,161.1,0.1
2026-09-04T13:38:29.311+00:00,A_sell_B_buy,-11.2864,-17.1864,232.91,232.95,19.97,64.919,233.061,233.173,0.708,0.78,0.0000062500,0.0004000000,73.6,0.1
2026-09-04T13:38:29.311+00:00,B_sell_A_buy,4.7635,-1.1365,232.91,232.95,19.97,64.919,233.061,233.173,0.708,0.78,0.0000062500,0.0004000000,73.6,0.1
2026-09-04T13:38:30.360+00:00,A_sell_B_buy,-9.2701,-15.1701,232.92,232.93,2.159,151.596,233.041,233.136,12.899,0.78,0.0000062500,0.0004000000,619.6,0.1
2026-09-04T13:38:30.360+00:00,B_sell_A_buy,4.7638,-1.1362,232.92,232.93,2.159,151.596,233.041,233.136,12.899,0.78,0.0000062500,0.0004000000,619.6,0.1
2026-09-04T13:38:31.368+00:00,A_sell_B_buy,-7.9836,-13.8836,232.89,232.9,4.294,15.936,233.042,233.076,44.534,12.899,0.0000062500,0.0004000000,358.7,0.0
2026-09-04T13:38:31.368+00:00,B_sell_A_buy,6.0950,0.1950,232.89,232.9,4.294,15.936,233.042,233.076,44.534,12.899,0.0000062500,0.0004000000,358.7,0.0
2026-09-04T13:38:32.394+00:00,A_sell_B_buy,-10.2198,-16.1198,232.79,232.8,2.148,118.012,232.906,233.028,1.931,25.798,0.0000062500,0.0004000000,0.0,266.2
2026-09-04T13:38:32.394+00:00,B_sell_A_buy,4.5517,-1.3483,232.79,232.8,2.148,118.012,232.906,233.028,1.931,25.798,0.0000062500,0.0004000000,0.0,266.2
2026-09-04T13:38:33.412+00:00,A_sell_B_buy,-10.6493,-16.5493,232.78,232.79,44.3,30.398,232.918,233.028,46.691,68.787,0.0000062500,0.0004000000,0.0,108.4
2026-09-04T13:38:33.412+00:00,B_sell_A_buy,5.4964,-0.4036,232.78,232.79,44.3,30.398,232.918,233.028,46.691,68.787,0.0000062500,0.0004000000,0.0,108.4
2026-09-04T13:38:34.535+00:00,A_sell_B_buy,-10.6070,-16.5070,232.76,232.77,22.045,5.312,232.922,233.007,46.715,12.899,0.0000062500,0.0004000000,0.1,261.5
2026-09-04T13:38:34.535+00:00,B_sell_A_buy,6.5274,0.6274,232.76,232.77,22.045,5.312,232.922,233.007,46.715,12.899,0.0000062500,0.0004000000,0.1,261.5
2026-09-04T13:38:35.536+00:00,A_sell_B_buy,-10.8638,-16.7638,232.78,232.79,92.896,29.56,232.929,233.033,2.574,70.332,0.0000062500,0.0004000000,0.1,413.5
2026-09-04T13:38:35.536+00:00,B_sell_A_buy,5.9687,0.0687,232.78,232.79,92.896,29.56,232.929,233.033,2.574,70.332,0.0000062500,0.0004000000,0.1,413.5
2026-09-04T13:38:36.983+00:00,A_sell_B_buy,-13.1374,-19.0374,232.78,232.79,27.678,1.3,233.033,233.086,46.494,69.05,0.0000062500,0.0004000000,745.0,0.1
2026-09-04T13:38:36.983+00:00,B_sell_A_buy,10.4327,4.5327,232.78,232.79,27.678,1.3,233.033,233.086,46.494,69.05,0.0000062500,0.0004000000,745.0,0.1
2026-09-04T13:38:38.023+00:00,A_sell_B_buy,-6.7844,-12.6844,232.83,232.85,55.079,18.33,232.886,232.988,32.493,78.207,0.0000062500,0.0004000000,121.3,0.1
2026-09-04T13:38:38.023+00:00,B_sell_A_buy,1.5458,-4.3542,232.83,232.85,55.079,18.33,232.886,232.988,32.493,78.207,0.0000062500,0.0004000000,121.3,0.1
2026-09-04T13:38:39.067+00:00,A_sell_B_buy,-13.6548,-19.5548,232.74,232.78,21.972,6.205,232.961,233.058,1.895,12.876,0.0000062500,0.0004000000,45.0,0.0
2026-09-04T13:38:39.067+00:00,B_sell_A_buy,7.7721,1.8721,232.74,232.78,21.972,6.205,232.961,233.058,1.895,12.876,0.0000062500,0.0004000000,45.0,0.0
2026-09-04T13:38:40.083+00:00,A_sell_B_buy,-12.9627,-18.8627,232.85,232.87,88.6,17.564,233.035,233.152,23.727,45.314,0.0000062500,0.0004000000,0.1,121.4
2026-09-04T13:38:40.083+00:00,B_sell_A_buy,7.0823,1.1823,232.85,232.87,88.6,17.564,233.035,233.152,23.727,45.314,0.0000062500,0.0004000000,0.1,121.4
2026-09-04T13:38:41.131+00:00,A_sell_B_buy,-9.6117,-15.5117,232.96,232.97,48.657,82.571,233.085,233.184,1.989,0.78,0.0000062500,0.0004000000,0.0,62.0
2026-09-04T13:38:41.131+00:00,B_sell_A_buy,4.9346,-0.9654,232.96,232.97,48.657,82.571,233.085,233.184,1.989,0.78,0.0000062500,0.0004000000,0.0,62.0
2026-09-04T13:38:42.138+00:00,A_sell_B_buy,-11.3283,-17.2283,232.92,232.95,38.152,163.105,233.121,233.184,12.899,44.534,0.0000062500,0.0004000000,20.6,0.0
2026-09-04T13:38:42.138+00:00,B_sell_A_buy,7.3377,1.4377,232.92,232.95,38.152,163.105,233.121,233.184,12.899,44.534,0.0000062500,0.0004000000,20.6,0.0
2026-09-04T13:38:43.151+00:00,A_sell_B_buy,-11.8431,-17.7431,232.92,232.95,206.249,0.818,233.126,233.196,48.491,12.899,0.0000062500,0.0004000000,92.2,0.1
2026-09-04T13:38:43.151+00:00,B_sell_A_buy,7.5521,1.6521,232.92,232.95,206.249,0.818,233.126,233.196,48.491,12.899,0.0000062500,0.0004000000,92.2,0.1
2026-09-04T13:38:44.161+00:00,A_sell_B_buy,-10.2968,-16.1968,232.98,232.99,4.292,64.919,233.138,233.22,88.783,25.798,0.0000062500,0.0004000000,89.6,0.0
2026-09-04T13:38:44.161+00:00,B_sell_A_buy,6.3497,0.4497,232.98,232.99,4.292,64.919,233.138,233.22,88.783,25.798,0.0000062500,0.0004000000,89.6,0.0
2026-09-04T13:38:45.163+00:00,A_sell_B_buy,-13.6378,-19.5378,233.03,233.04,240.182,1.37,233.286,233.348,2.219,13.626,0.0000062500,0.0004000000,139.1,0.0
2026-09-04T13:38:45.163+00:00,B_sell_A_buy,10.5500,4.6500,233.03,233.04,240.182,1.37,233.286,233.348,2.219,13.626,0.0000062500,0.0004000000,139.1,0.0
2026-09-04T13:38:46.238+00:00,A_sell_B_buy,-10.9346,-16.8346,233.09,233.12,44.3,0.052,233.264,233.345,14.841,0.777,0.0000062500,0.0004000000,0.1,191.8
2026-09-04T13:38:46.238+00:00,B_sell_A_buy,6.1748,0.2748,233.09,233.12,44.3,0.052,233.264,233.345,14.841,0.777,0.0000062500,0.0004000000,0.1,191.8
2026-09-04T13:38:47.253+00:00,A_sell_B_buy,-10.6784,-16.5784,233.08,233.09,15.086,0.818,233.223,233.329,21.5,128.614,0.0000062500,0.0004000000,52.5,0.1
2026-09-04T13:38:47.253+00:00,B_sell_A_buy,5.7037,-0.1963,233.08,233.09,15.086,0.818,233.223,233.329,21.5,128.614,0.0000062500,0.0004000000,52.5,0.1
2026-09-04T13:38:48.265+00:00,A_sell_B_buy,-10.4218,-16.3218,233.06,233.09,196.689,69.209,233.209,233.303,44.534,0.774,0.0000062500,0.0004000000,135.4,0.1
2026-09-04T13:38:48.265+00:00,B_sell_A_buy,5.1037,-0.7963,233.06,233.09,196.689,69.209,233.209,233.303,44.534,0.774,0.0000062500,0.0004000000,135.4,0.1
2026-09-04T13:38:49.319+00:00,A_sell_B_buy,-9.6932,-15.5932,233.05,233.07,44.3,17.561,233.22,233.276,1.896,12.899,0.0000062500,0.0004000000,0.1,187.5
2026-09-04T13:38:49.319+00:00,B_sell_A_buy,6.4335,0.5335,233.05,233.07,44.3,17.561,233.22,233.276,1.896,12.899,0.0000062500,0.0004000000,0.1,187.5
2026-09-04T13:38:50.428+00:00,A_sell_B_buy,-14.0657,-19.9657,233.05,233.06,4.291,2.091,233.278,233.378,2.27,0.201,0.0000062500,0.0004000000,259.1,0.1
2026-09-04T13:38:50.428+00:00,B_sell_A_buy,9.3485,3.4485,233.05,233.06,4.291,2.091,233.278,233.378,2.27,0.201,0.0000062500,0.0004000000,259.1,0.1
2026-09-04T13:38:51.433+00:00,A_sell_B_buy,-12.6041,-18.5041,233.14,233.15,142.215,0.067,233.306,233.434,12.899,0.774,0.0000062500,0.0004000000,79.9,0.0
2026-09-04T13:38:51.433+00:00,B_sell_A_buy,6.6879,0.7879,233.14,233.15,142.215,0.067,233.306,233.434,12.899,0.774,0.0000062500,0.0004000000,79.9,0.0
2026-09-04T13:38:52.448+00:00,A_sell_B_buy,-11.8749,-17.7749,233.15,233.16,14.447,66.072,233.323,233.427,12.899,0.774,0.0000062500,0.0004000000,0.0,28.9
2026-09-04T13:38:52.448+00:00,B_sell_A_buy,6.9878,1.0878,233.15,233.16,14.447,66.072,233.323,233.427,12.899,0.774,0.0000062500,0.0004000000,0.0,28.9
2026-09-04T13:38:53.479+00:00,A_sell_B_buy,-10.5878,-16.4878,233.18,233.2,34.041,17.881,233.339,233.427,21.5,44.534,0.0000062500,0.0004000000,86.1,0.0
2026-09-04T13:38:53.479+00:00,B_sell_A_buy,5.9583,0.0583,233.18,233.2,34.041,17.881,233.339,233.427,21.5,44.534,0.0000062500,0.0004000000,86.1,0.0
2026-09-04T13:38:54.517+00:00,A_sell_B_buy,-9.7302,-15.6302,233.2,233.21,25.774,2.459,233.339,233.427,0.655,44.534,0.0000062500,0.0004000000,43.6,0.0
2026-09-04T13:38:54.517+00:00,B_sell_A_buy,5.5295,-0.3705,233.2,233.21,25.774,2.459,233.339,233.427,0.655,44.534,0.0000062500,0.0004000000,43.6,0.0
2026-09-04T13:38:55.520+00:00,A_sell_B_buy,-11.7869,-17.6869,233.2,233.21,2.082,24.724,233.355,233.475,2.235,153.04,0.0000062500,0.0004000000,44.8,0.0
2026-09-04T13:38:55.520+00:00,B_sell_A_buy,6.2149,0.3149,233.2,233.21,2.082,24.724,233.355,233.475,2.235,153.04,0.0000062500,0.0004000000,44.8,0.0
2026-09-04T13:38:56.523+00:00,A_sell_B_buy,-11.7010,-17.6010,233.2,233.21,26.41,0.357,233.372,233.473,12.899,45.59,0.0000062500,0.0004000000,272.4,0.1
2026-09-04T13:38:56.523+00:00,B_sell_A_buy,6.9434,1.0434,233.2,233.21,26.41,0.357,233.372,233.473,12.899,45.59,0.0000062500,0.0004000000,272.4,0.1
2026-09-04T13:38:57.527+00:00,A_sell_B_buy,-14.5713,-20.4713,233.2,233.21,48.703,0.357,233.39,233.54,25.798,8.563,0.0000062500,0.0004000000,36.4,0.0
2026-09-04T13:38:57.527+00:00,B_sell_A_buy,7.7142,1.8142,233.2,233.21,48.703,0.357,233.39,233.54,25.798,8.563,0.0000062500,0.0004000000,36.4,0.0
2026-09-04T13:38:58.545+00:00,A_sell_B_buy,-11.9555,-17.8555,233.25,233.27,242.119,0.053,233.414,233.529,2.756,44.534,0.0000062500,0.0004000000,89.1,0.0
2026-09-04T13:38:58.545+00:00,B_sell_A_buy,6.1706,0.2706,233.25,233.27,242.119,0.053,233.414,233.529,2.756,44.534,0.0000062500,0.0004000000,89.1,0.0
2026-09-04T13:38:59.586+00:00,A_sell_B_buy,-11.0978,-16.9978,233.27,233.28,87.511,5.849,233.436,233.529,21.5,44.534,0.0000062500,0.0004000000,45.1,0.0
2026-09-04T13:38:59.586+00:00,B_sell_A_buy,6.6844,0.7844,233.27,233.28,87.511,5.849,233.436,233.529,21.5,44.534,0.0000062500,0.0004000000,45.1,0.0
2026-09-04T13:39:00.592+00:00,A_sell_B_buy,-10.1982,-16.0982,233.27,233.29,28.219,3.657,233.433,233.508,45.185,44.534,0.0000062500,0.0004000000,20.2,0.1
2026-09-04T13:39:00.592+00:00,B_sell_A_buy,6.1275,0.2275,233.27,233.29,28.219,3.657,233.433,233.508,45.185,44.534,0.0000062500,0.0004000000,20.2,0.1
2026-09-04T13:39:01.628+00:00,A_sell_B_buy,-9.1265,-15.0265,233.29,233.32,22.815,98.704,233.432,233.503,25.798,70.332,0.0000062500,0.0004000000,218.6,0.0
2026-09-04T13:39:01.628+00:00,B_sell_A_buy,4.7989,-1.1011,233.29,233.32,22.815,98.704,233.432,233.503,25.798,70.332,0.0000062500,0.0004000000,218.6,0.0
2026-09-04T13:39:02.638+00:00,A_sell_B_buy,-12.5982,-18.4982,233.24,233.27,47.667,66.466,233.421,233.534,25.798,12.812,0.0000062500,0.0004000000,0.1,11.1
2026-09-04T13:39:02.638+00:00,B_sell_A_buy,6.4705,0.5705,233.24,233.27,47.667,66.466,233.421,233.534,25.798,12.812,0.0000062500,0.0004000000,0.1,11.1
2026-09-04T13:39:03.643+00:00,A_sell_B_buy,-11.6985,-17.5985,233.24,233.27,40.628,4.107,233.427,233.513,1.691,57.433,0.0000062500,0.0004000000,29.4,0.0
2026-09-04T13:39:03.643+00:00,B_sell_A_buy,6.7277,0.8277,233.24,233.27,40.628,4.107,233.427,233.513,1.691,57.433,0.0000062500,0.0004000000,29.4,0.0
2026-09-04T13:39:04.661+00:00,A_sell_B_buy,-10.4121,-16.3121,233.27,233.31,137.187,2.15,233.437,233.513,2.024,57.433,0.0000062500,0.0004000000,0.0,495.5
2026-09-04T13:39:04.661+00:00,B_sell_A_buy,5.4417,-0.4583,233.27,233.31,137.187,2.15,233.437,233.513,2.024,57.433,0.0000062500,0.0004000000,0.0,495.5
2026-09-04T13:39:05.673+00:00,A_sell_B_buy,-11.6108,-17.5108,233.29,233.31,28.135,18.059,233.45,233.561,2.177,0.899,0.0000062500,0.0004000000,78.3,0.0
2026-09-04T13:39:05.673+00:00,B_sell_A_buy,5.9982,0.0982,233.29,233.31,28.135,18.059,233.45,233.561,2.177,0.899,0.0000062500,0.0004000000,78.3,0.0
2026-09-04T13:39:06.736+00:00,A_sell_B_buy,-11.9521,-17.8521,233.32,233.33,21.239,0.045,233.479,233.599,2.413,70.332,0.0000062500,0.0004000000,398.8,0.0
2026-09-04T13:39:06.736+00:00,B_sell_A_buy,6.3830,0.4830,233.32,233.33,21.239,0.045,233.479,233.599,2.413,70.332,0.0000062500,0.0004000000,398.8,0.0
2026-09-04T13:39:07.777+00:00,A_sell_B_buy,-11.0946,-16.9946,233.34,233.35,18.963,0.052,233.497,233.599,21.5,70.332,0.0000062500,0.0004000000,322.6,0.1
2026-09-04T13:39:07.777+00:00,B_sell_A_buy,6.2969,0.3969,233.34,233.35,18.963,0.052,233.497,233.599,21.5,70.332,0.0000062500,0.0004000000,322.6,0.1
2026-09-04T13:39:08.848+00:00,A_sell_B_buy,-11.3496,-17.2496,233.38,233.39,111.607,21.423,233.54,233.645,46.553,0.911,0.0000062500,0.0004000000,0.1,421.7
2026-09-04T13:39:08.848+00:00,B_sell_A_buy,6.4243,0.5243,233.38,233.39,111.607,21.423,233.54,233.645,46.553,0.911,0.0000062500,0.0004000000,0.1,421.7
2026-09-04T13:39:09.874+00:00,A_sell_B_buy,-11.3066,-17.2066,233.38,233.4,48.64,5.849,233.547,233.644,46.621,45.453,0.0000062500,0.0004000000,0.0,40.0
2026-09-04T13:39:09.874+00:00,B_sell_A_buy,6.2957,0.3957,233.38,233.4,48.64,5.849,233.547,233.644,46.621,45.453,0.0000062500,0.0004000000,0.0,40.0
2026-09-04T13:39:10.893+00:00,A_sell_B_buy,-8.6941,-14.5941,233.4,233.41,6.634,1.091,233.552,233.603,44.534,78.207,0.0000062500,0.0004000000,94.7,0.1
2026-09-04T13:39:10.893+00:00,B_sell_A_buy,6.0816,0.1816,233.4,233.41,6.634,1.091,233.552,233.603,44.534,78.207,0.0000062500,0.0004000000,94.7,0.1
2026-09-04T13:39:11.915+00:00,A_sell_B_buy,-12.1625,-18.0625,233.38,233.39,1.414,3.99,233.587,233.664,2.052,0.919,0.0000062500,0.0004000000,391.2,0.1
2026-09-04T13:39:11.915+00:00,B_sell_A_buy,8.4366,2.5366,233.38,233.39,1.414,3.99,233.587,233.664,2.052,0.919,0.0000062500,0.0004000000,391.2,0.1
2026-09-04T13:39:12.936+00:00,A_sell_B_buy,-11.6060,-17.5060,233.38,233.41,29.732,1.091,233.559,233.651,1.867,0.92,0.0000062500,0.0004000000,23.0,0.1
2026-09-04T13:39:12.936+00:00,B_sell_A_buy,6.3812,0.4812,233.38,233.41,29.732,1.091,233.559,233.651,1.867,0.92,0.0000062500,0.0004000000,23.0,0.1
2026-09-04T13:39:13.959+00:00,A_sell_B_buy,-11.3064,-17.2064,233.38,233.4,33.131,4.284,233.561,233.644,1.946,45.454,0.0000062500,0.0004000000,68.2,0.1
2026-09-04T13:39:13.959+00:00,B_sell_A_buy,6.8952,0.9952,233.38,233.4,33.131,4.284,233.561,233.644,1.946,45.454,0.0000062500,0.0004000000,68.2,0.1
2026-09-04T13:39:14.962+00:00,A_sell_B_buy,-9.0799,-14.9799,233.39,233.41,25.742,66.01,233.531,233.602,2.232,0.91,0.0000062500,0.0004000000,218.9,0.0
2026-09-04T13:39:14.962+00:00,B_sell_A_buy,5.1824,-0.7176,233.39,233.41,25.742,66.01,233.531,233.602,2.232,0.91,0.0000062500,0.0004000000,218.9,0.0
2026-09-04T13:39:15.970+00:00,A_sell_B_buy,-10.7080,-16.6080,233.35,233.38,25.985,1.33,233.555,233.6,44.534,70.332,0.0000062500,0.0004000000,0.0,141.9
2026-09-04T13:39:15.970+00:00,B_sell_A_buy,7.4956,1.5956,233.35,233.38,25.985,1.33,233.555,233.6,44.534,70.332,0.0000062500,0.0004000000,0.0,141.9
2026-09-04T13:39:16.980+00:00,A_sell_B_buy,-10.5374,-16.4374,233.35,233.36,21.7,1.671,233.51,233.596,1.937,54.75,0.0000062500,0.0004000000,759.9,0.1
2026-09-04T13:39:16.980+00:00,B_sell_A_buy,6.4252,0.5252,233.35,233.36,21.7,1.671,233.51,233.596,1.937,54.75,0.0000062500,0.0004000000,759.9,0.1
2026-09-04T13:39:18.024+00:00,A_sell_B_buy,-10.2807,-16.1807,233.34,233.35,18.153,65.368,233.521,233.58,1.883,57.433,0.0000062500,0.0004000000,0.0,45.3
2026-09-04T13:39:18.024+00:00,B_sell_A_buy,7.3250,1.4250,233.34,233.35,18.153,65.368,233.521,233.58,1.883,57.433,0.0000062500,0.0004000000,0.0,45.3
2026-09-04T13:39:19.035+00:00,A_sell_B_buy,-11.9498,-17.8498,233.35,233.4,147.799,0.803,233.53,233.629,12.899,32.493,0.0000062500,0.0004000000,46.9,0.0
2026-09-04T13:39:19.035+00:00,B_sell_A_buy,5.5680,-0.3320,233.35,233.4,147.799,0.803,233.53,233.629,12.899,32.493,0.0000062500,0.0004000000,46.9,0.0
2026-09-04T13:39:20.059+00:00,A_sell_B_buy,-13.6166,-19.5166,233.39,233.4,223.066,0.803,233.653,233.708,1.912,0.898,0.0000062500,0.0004000000,121.5,0.1
2026-09-04T13:39:20.059+00:00,B_sell_A_buy,10.8334,4.9334,233.39,233.4,223.066,0.803,233.653,233.708,1.912,0.898,0.0000062500,0.0004000000,121.5,0.1
2026-09-04T13:39:21.071+00:00,A_sell_B_buy,-14.1682,-20.0682,233.47,233.49,109.219,22.192,233.729,233.801,46.384,12.899,0.0000062500,0.0004000000,169.9,0.1
2026-09-04T13:39:21.071+00:00,B_sell_A_buy,10.2302,4.3302,233.47,233.49,109.219,22.192,233.729,233.801,46.384,12.899,0.0000062500,0.0004000000,169.9,0.1
2026-09-04T13:39:22.076+00:00,A_sell_B_buy,-11.0847,-16.9847,233.54,233.55,88.6,10.425,233.732,233.799,44.534,0.876,0.0000062500,0.0004000000,57.7,0.1
2026-09-04T13:39:22.076+00:00,B_sell_A_buy,7.7893,1.8893,233.54,233.55,88.6,10.425,233.732,233.799,44.534,0.876,0.0000062500,0.0004000000,57.7,0.1
2026-09-04T13:39:23.100+00:00,A_sell_B_buy,-9.2018,-15.1018,233.56,233.58,6.422,4.281,233.683,233.775,2.181,0.873,0.0000062500,0.0004000000,48.0,0.1
2026-09-04T13:39:23.100+00:00,B_sell_A_buy,4.4083,-1.4917,233.56,233.58,6.422,4.281,233.683,233.775,2.181,0.873,0.0000062500,0.0004000000,48.0,0.1
2026-09-04T13:39:24.101+00:00,A_sell_B_buy,-4.5811,-10.4811,233.54,233.55,0.856,155.614,233.537,233.647,0.534,78.207,0.0000062500,0.0004000000,202.5,0.0
2026-09-04T13:39:24.101+00:00,B_sell_A_buy,-0.5566,-6.4566,233.54,233.55,0.856,155.614,233.537,233.647,0.534,78.207,0.0000062500,0.0004000000,202.5,0.0
2026-09-04T13:39:25.111+00:00,A_sell_B_buy,-12.3731,-18.2731,233.45,233.49,51.003,19.436,233.608,233.739,12.899,45.419,0.0000062500,0.0004000000,17.4,0.0
2026-09-04T13:39:25.111+00:00,B_sell_A_buy,5.0520,-0.8480,233.45,233.49,51.003,19.436,233.608,233.739,12.899,45.419,0.0000062500,0.0004000000,17.4,0.0
2026-09-04T13:39:26.116+00:00,A_sell_B_buy,-7.2364,-13.1364,233.48,233.5,14.574,19.179,233.542,233.649,15.161,1.07,0.0000062500,0.0004000000,99.6,0.0
2026-09-04T13:39:26.116+00:00,B_sell_A_buy,1.7984,-4.1016,233.48,233.5,14.574,19.179,233.542,233.649,15.161,1.07,0.0000062500,0.0004000000,99.6,0.0
2026-09-04T13:39:27.207+00:00,A_sell_B_buy,-10.7071,-16.6071,233.38,233.4,99.04,1.65,233.549,233.63,2.064,12.899,0.0000062500,0.0004000000,182.4,0.1
2026-09-04T13:39:27.207+00:00,B_sell_A_buy,6.3814,0.4814,233.38,233.4,99.04,1.65,233.549,233.63,2.064,12.899,0.0000062500,0.0004000000,182.4,0.1
2026-09-04T13:39:28.209+00:00,A_sell_B_buy,-10.2784,-16.1784,233.39,233.42,23.094,1.671,233.56,233.63,2.177,70.332,0.0000062500,0.0004000000,0.1,31.4
2026-09-04T13:39:28.209+00:00,B_sell_A_buy,5.9957,0.0957,233.39,233.42,23.094,1.671,233.56,233.63,2.177,70.332,0.0000062500,0.0004000000,0.1,31.4
2026-09-04T13:39:29.218+00:00,A_sell_B_buy,-10.2365,-16.1365,233.38,233.39,0.856,0.825,233.525,233.619,44.534,0.903,0.0000062500,0.0004000000,256.6,0.1
2026-09-04T13:39:29.218+00:00,B_sell_A_buy,5.7821,-0.1179,233.38,233.39,0.856,0.825,233.525,233.619,44.534,0.903,0.0000062500,0.0004000000,256.6,0.1
2026-09-04T13:39:30.241+00:00,A_sell_B_buy,-10.7581,-16.6581,233.19,233.29,8.988,53.581,233.331,233.441,12.899,0.903,0.0000062500,0.0004000000,42.8,0.1
2026-09-04T13:39:30.241+00:00,B_sell_A_buy,1.7573,-4.1427,233.19,233.29,8.988,53.581,233.331,233.441,12.899,0.903,0.0000062500,0.0004000000,42.8,0.1
2026-09-04T13:39:31.243+00:00,A_sell_B_buy,-6.4316,-12.3316,233.17,233.18,40.399,78.239,233.221,233.32,0.303,0.897,0.0000062500,0.0004000000,177.0,0.1
2026-09-04T13:39:31.243+00:00,B_sell_A_buy,1.7580,-4.1420,233.17,233.18,40.399,78.239,233.221,233.32,0.303,0.897,0.0000062500,0.0004000000,177.0,0.1
2026-09-04T13:39:32.244+00:00,A_sell_B_buy,-13.5523,-19.4523,233.04,233.05,17.217,0.611,233.24,233.356,2.241,0.91,0.0000062500,0.0004000000,0.0,11.6
2026-09-04T13:39:32.244+00:00,B_sell_A_buy,8.1485,2.2485,233.04,233.05,17.217,0.611,233.24,233.356,2.241,0.91,0.0000062500,0.0004000000,0.0,11.6
2026-09-04T13:39:33.246+00:00,A_sell_B_buy,-10.4197,-16.3197,233.11,233.12,11.824,78.756,233.265,233.353,12.899,70.332,0.0000062500,0.0004000000,105.5,0.0
2026-09-04T13:39:33.246+00:00,B_sell_A_buy,6.2175,0.3175,233.11,233.12,11.824,78.756,233.265,233.353,12.899,70.332,0.0000062500,0.0004000000,105.5,0.0
2026-09-04T13:39:34.270+00:00,A_sell_B_buy,-10.5022,-16.4022,233.18,233.23,88.6,156.435,233.301,233.425,1.864,45.45,0.0000062500,0.0004000000,52.5,0.1
2026-09-04T13:39:34.270+00:00,B_sell_A_buy,3.0435,-2.8565,233.18,233.23,88.6,156.435,233.301,233.425,1.864,45.45,0.0000062500,0.0004000000,52.5,0.1
2026-09-04T13:39:35.270+00:00,A_sell_B_buy,-12.9031,-18.8031,233.13,233.16,28.829,150.012,233.386,233.431,1.853,25.798,0.0000062500,0.0004000000,25.9,0.0
2026-09-04T13:39:35.270+00:00,B_sell_A_buy,9.6881,3.7881,233.13,233.16,28.829,150.012,233.386,233.431,1.853,25.798,0.0000062500,0.0004000000,25.9,0.0
2026-09-04T13:39:36.275+00:00,A_sell_B_buy,-14.7002,-20.6002,233.19,233.2,3.288,28.544,233.398,233.533,2.13,12.899,0.0000062500,0.0004000000,36.4,0.1
2026-09-04T13:39:36.275+00:00,B_sell_A_buy,8.4858,2.5858,233.19,233.2,3.288,28.544,233.398,233.533,2.13,12.899,0.0000062500,0.0004000000,36.4,0.1
2026-09-04T13:39:37.283+00:00,A_sell_B_buy,-10.4523,-16.3523,233.33,233.38,44.3,129.267,233.483,233.574,46.817,0.9,0.0000062500,0.0004000000,48.9,0.1
2026-09-04T13:39:37.283+00:00,B_sell_A_buy,4.4122,-1.4878,233.33,233.38,44.3,129.267,233.483,233.574,46.817,0.9,0.0000062500,0.0004000000,48.9,0.1
2026-09-04T13:39:38.305+00:00,A_sell_B_buy,-11.4782,-17.3782,233.36,233.38,53.565,19.587,233.576,233.628,21.5,12.802,0.0000062500,0.0004000000,61.7,0.0
2026-09-04T13:39:38.305+00:00,B_sell_A_buy,8.3945,2.4945,233.36,233.38,53.565,19.587,233.576,233.628,21.5,12.802,0.0000062500,0.0004000000,61.7,0.0
2026-09-04T13:39:39.314+00:00,A_sell_B_buy,-8.1373,-14.0373,233.41,233.43,17.412,29.229,233.529,233.6,1.872,0.907,0.0000062500,0.0004000000,62.2,0.0
2026-09-04T13:39:39.314+00:00,B_sell_A_buy,4.2400,-1.6600,233.41,233.43,17.412,29.229,233.529,233.6,1.872,0.907,0.0000062500,0.0004000000,62.2,0.0
2026-09-04T13:39:40.318+00:00,A_sell_B_buy,-12.5031,-18.4031,233.4,233.44,44.3,0.658,233.636,233.692,2.19,12.899,0.0000062500,0.0004000000,5.7,0.0
2026-09-04T13:39:40.318+00:00,B_sell_A_buy,8.3925,2.4925,233.4,233.44,44.3,0.658,233.636,233.692,2.19,12.899,0.0000062500,0.0004000000,5.7,0.0
2026-09-04T13:39:41.329+00:00,A_sell_B_buy,-7.9653,-13.8653,233.44,233.45,9.819,58.879,233.539,233.626,2.239,25.798,0.0000062500,0.0004000000,101.2,0.0
2026-09-04T13:39:41.329+00:00,B_sell_A_buy,3.8113,-2.0887,233.44,233.45,9.819,58.879,233.539,233.626,2.239,25.798,0.0000062500,0.0004000000,101.2,0.0
2026-09-04T13:39:42.465+00:00,A_sell_B_buy,-11.6930,-17.5930,233.35,233.4,5.841,69.203,233.518,233.623,15.016,0.912,0.0000062500,0.0004000000,0.1,295.2
2026-09-04T13:39:42.465+00:00,B_sell_A_buy,5.0541,-0.8459,233.35,233.4,5.841,69.203,233.518,233.623,15.016,0.912,0.0000062500,0.0004000000,0.1,295.2
2026-09-04T13:39:43.477+00:00,A_sell_B_buy,-9.6808,-15.5808,233.36,233.38,39.479,9.374,233.478,233.586,21.5,0.938,0.0000062500,0.0004000000,19.5,0.0
2026-09-04T13:39:43.477+00:00,B_sell_A_buy,4.1979,-1.7021,233.36,233.38,39.479,9.374,233.478,233.586,21.5,0.938,0.0000062500,0.0004000000,19.5,0.0
2026-09-04T13:39:44.530+00:00,A_sell_B_buy,-10.2822,-16.1822,233.31,233.32,21.236,18.748,233.475,233.55,0.522,12.798,0.0000062500,0.0004000000,69.9,0.0
2026-09-04T13:39:44.530+00:00,B_sell_A_buy,6.6406,0.7406,233.31,233.32,21.236,18.748,233.475,233.55,0.522,12.798,0.0000062500,0.0004000000,69.9,0.0
2026-09-04T13:39:45.560+00:00,A_sell_B_buy,-10.7531,-16.6531,233.31,233.33,0.22,28.122,233.48,233.561,2.064,45.469,0.0000062500,0.0004000000,62.7,0.0
2026-09-04T13:39:45.560+00:00,B_sell_A_buy,6.4262,0.5262,233.31,233.33,0.22,28.122,233.48,233.561,2.064,45.469,0.0000062500,0.0004000000,62.7,0.0
2026-09-04T13:39:46.564+00:00,A_sell_B_buy,-8.3967,-14.2967,233.34,233.35,26.364,0.85,233.469,233.536,1.951,12.899,0.0000062500,0.0004000000,73.3,0.0
2026-09-04T13:39:46.564+00:00,B_sell_A_buy,5.0980,-0.8020,233.34,233.35,26.364,0.85,233.469,233.536,1.951,12.899,0.0000062500,0.0004000000,73.3,0.0
2026-09-04T13:39:47.572+00:00,A_sell_B_buy,-8.8696,-14.7696,233.29,233.32,4.287,134.124,233.421,233.497,12.899,32.493,0.0000062500,0.0004000000,162.3,0.0
2026-09-04T13:39:47.572+00:00,B_sell_A_buy,4.3277,-1.5723,233.29,233.32,4.287,134.124,233.421,233.497,12.899,32.493,0.0000062500,0.0004000000,162.3,0.0
2026-09-04T13:39:48.586+00:00,A_sell_B_buy,-11.0110,-16.9110,233.3,233.31,132.9,150.63,233.443,233.557,2.206,12.899,0.0000062500,0.0004000000,25.1,0.0
2026-09-04T13:39:48.586+00:00,B_sell_A_buy,5.6983,-0.2017,233.3,233.31,132.9,150.63,233.443,233.557,2.206,12.899,0.0000062500,0.0004000000,25.1,0.0
2026-09-04T13:39:49.720+00:00,A_sell_B_buy,-9.4696,-15.3696,233.28,233.3,44.325,129.838,233.433,233.501,2.072,26.75,0.0000062500,0.0004000000,158.0,0.0
2026-09-04T13:39:49.720+00:00,B_sell_A_buy,5.6989,-0.2011,233.28,233.3,44.325,129.838,233.433,233.501,2.072,26.75,0.0000062500,0.0004000000,158.0,0.0
2026-09-04T13:39:50.809+00:00,A_sell_B_buy,-8.1425,-14.0425,233.25,233.29,0.185,278.045,233.392,233.44,44.534,0.956,0.0000062500,0.0004000000,0.1,138.6
2026-09-04T13:39:50.809+00:00,B_sell_A_buy,4.3712,-1.5288,233.25,233.29,0.185,278.045,233.392,233.44,44.534,0.956,0.0000062500,0.0004000000,0.1,138.6
2026-09-04T13:39:51.811+00:00,A_sell_B_buy,-12.7710,-18.6710,233.21,233.24,109.849,29.801,233.406,233.508,0.506,0.956,0.0000062500,0.0004000000,263.1,0.0
2026-09-04T13:39:51.811+00:00,B_sell_A_buy,7.1141,1.2141,233.21,233.24,109.849,29.801,233.406,233.508,0.506,0.956,0.0000062500,0.0004000000,263.1,0.0
2026-09-04T13:39:52.813+00:00,A_sell_B_buy,-11.3110,-17.2110,233.27,233.31,69.206,21.364,233.49,233.534,1.878,12.815,0.0000062500,0.0004000000,0.0,46.1
2026-09-04T13:39:52.813+00:00,B_sell_A_buy,7.7120,1.8120,233.27,233.31,69.206,21.364,233.49,233.534,1.878,12.815,0.0000062500,0.0004000000,0.0,46.1
2026-09-04T13:39:53.904+00:00,A_sell_B_buy,-9.9395,-15.8395,233.3,233.33,29.805,1.55,233.49,233.532,44.417,70.332,0.0000062500,0.0004000000,187.4,0.0
2026-09-04T13:39:53.904+00:00,B_sell_A_buy,6.8548,0.9548,233.3,233.33,29.805,1.55,233.49,233.532,44.417,70.332,0.0000062500,0.0004000000,187.4,0.0
2026-09-04T13:39:54.915+00:00,A_sell_B_buy,-10.8410,-16.7410,233.25,233.3,21.36,5.389,233.436,233.503,2.188,45.488,0.0000062500,0.0004000000,0.0,102.8
2026-09-04T13:39:54.915+00:00,B_sell_A_buy,5.8276,-0.0724,233.25,233.3,21.36,5.389,233.436,233.503,2.188,45.488,0.0000062500,0.0004000000,0.0,102.8
2026-09-04T13:39:55.929+00:00,A_sell_B_buy,-10.6277,-16.5277,233.25,233.28,18.303,328.706,233.385,233.498,2.059,0.951,0.0000062500,0.0004000000,0.1,87.4
2026-09-04T13:39:55.929+00:00,B_sell_A_buy,4.4996,-1.4004,233.25,233.28,18.303,328.706,233.385,233.498,2.059,0.951,0.0000062500,0.0004000000,0.1,87.4
2026-09-04T13:39:56.976+00:00,A_sell_B_buy,-11.3123,-17.2123,233.25,233.27,36.257,156.924,233.467,233.514,2.093,7.965,0.0000062500,0.0004000000,334.1,0.0
2026-09-04T13:39:56.976+00:00,B_sell_A_buy,8.4413,2.5413,233.25,233.27,36.257,156.924,233.467,233.514,2.093,7.965,0.0000062500,0.0004000000,334.1,0.0
2026-09-04T13:39:58.076+00:00,A_sell_B_buy,-9.5108,-15.4108,233.31,233.33,132.9,0.7,233.503,233.532,44.534,25.798,0.0000062500,0.0004000000,0.1,141.9
2026-09-04T13:39:58.076+00:00,B_sell_A_buy,7.4116,1.5116,233.31,233.33,132.9,0.7,233.503,233.532,44.534,25.798,0.0000062500,0.0004000000,0.1,141.9
2026-09-04T13:39:59.095+00:00,A_sell_B_buy,-10.5816,-16.4816,233.32,233.33,121.072,0.068,233.478,233.567,1.931,0.966,0.0000062500,0.0004000000,128.7,0.0
2026-09-04T13:39:59.095+00:00,B_sell_A_buy,6.3404,0.4404,233.32,233.33,121.072,0.068,233.478,233.567,1.931,0.966,0.0000062500,0.0004000000,128.7,0.0
2026-09-04T13:40:00.116+00:00,A_sell_B_buy,-10.6683,-16.5683,233.3,233.32,4.286,129.838,233.44,233.549,21.5,0.975,0.0000062500,0.0004000000,63.5,0.1
2026-09-04T13:40:00.116+00:00,B_sell_A_buy,5.1413,-0.7587,233.3,233.32,4.286,129.838,233.44,233.549,21.5,0.975,0.0000062500,0.0004000000,63.5,0.1
2026-09-04T13:40:01.124+00:00,A_sell_B_buy,-8.7408,-14.6408,233.29,233.31,21.6,27.197,233.457,233.494,44.534,12.847,0.0000062500,0.0004000000,36.2,0.1
2026-09-04T13:40:01.124+00:00,B_sell_A_buy,6.2985,0.3985,233.29,233.31,21.6,27.197,233.457,233.494,44.534,12.847,0.0000062500,0.0004000000,36.2,0.1
2026-09-04T13:40:02.125+00:00,A_sell_B_buy,-12.6382,-18.5382,233.28,233.3,4.287,174.467,233.523,233.575,1.965,32.493,0.0000062500,0.0004000000,387.1,0.0
2026-09-04T13:40:02.125+00:00,B_sell_A_buy,9.5536,3.6536,233.28,233.3,4.287,174.467,233.523,233.575,1.965,32.493,0.0000062500,0.0004000000,387.1,0.0
2026-09-04T13:40:03.178+00:00,A_sell_B_buy,-8.5258,-14.4258,233.32,233.33,193.971,0.068,233.469,233.519,12.847,12.847,0.0000062500,0.0004000000,65.3,0.0
2026-09-04T13:40:03.178+00:00,B_sell_A_buy,5.9552,0.0552,233.32,233.33,193.971,0.068,233.469,233.519,12.847,12.847,0.0000062500,0.0004000000,65.3,0.0
2026-09-04T13:40:04.214+00:00,A_sell_B_buy,-16.8749,-22.7749,233.3,233.32,21.255,92.519,233.617,233.694,21.5,0.962,0.0000062500,0.0004000000,164.9,0.1
2026-09-04T13:40:04.214+00:00,B_sell_A_buy,12.7204,6.8204,233.3,233.32,21.255,92.519,233.617,233.694,21.5,0.962,0.0000062500,0.0004000000,164.9,0.1
2026-09-04T13:40:05.228+00:00,A_sell_B_buy,-11.7321,-17.6321,233.42,233.43,176.814,8.49,233.649,233.694,2.299,0.962,0.0000062500,0.0004000000,80.5,0.1
2026-09-04T13:40:05.228+00:00,B_sell_A_buy,9.3771,3.4771,233.42,233.43,176.814,8.49,233.649,233.694,2.299,0.962,0.0000062500,0.0004000000,80.5,0.1
2026-09-04T13:40:06.250+00:00,A_sell_B_buy,-10.4899,-16.3899,233.44,233.47,4.284,21.316,233.638,233.685,3.777,25.746,0.0000062500,0.0004000000,47.7,0.1
2026-09-04T13:40:06.250+00:00,B_sell_A_buy,7.1931,1.2931,233.44,233.47,4.284,21.316,233.638,233.685,3.777,25.746,0.0000062500,0.0004000000,47.7,0.1
2026-09-04T13:40:07.253+00:00,A_sell_B_buy,-13.4849,-19.3849,233.45,233.46,64.919,19.929,233.704,233.765,1.938,12.782,0.0000062500,0.0004000000,477.5,0.0
2026-09-04T13:40:07.253+00:00,B_sell_A_buy,10.4454,4.5454,233.45,233.46,64.919,19.929,233.704,233.765,1.938,12.782,0.0000062500,0.0004000000,477.5,0.0
2026-09-04T13:40:08.255+00:00,A_sell_B_buy,-9.7602,-15.6602,233.49,233.5,81.072,17.53,233.697,233.718,1.687,57.381,0.0000062500,0.0004000000,31.2,0.0
2026-09-04T13:40:08.255+00:00,B_sell_A_buy,8.4332,2.5332,233.49,233.5,81.072,17.53,233.697,233.718,1.687,57.381,0.0000062500,0.0004000000,31.2,0.0
2026-09-04T13:40:09.272+00:00,A_sell_B_buy,-10.6165,-16.5165,233.49,233.5,4.283,55.373,233.67,233.738,2.033,0.98,0.0000062500,0.0004000000,43.0,0.0
2026-09-04T13:40:09.272+00:00,B_sell_A_buy,7.2774,1.3774,233.49,233.5,4.283,55.373,233.67,233.738,2.033,0.98,0.0000062500,0.0004000000,43.0,0.0
2026-09-04T13:40:10.309+00:00,A_sell_B_buy,-5.5669,-11.4669,233.48,233.5,0.856,21.556,233.502,233.61,2.259,128.459,0.0000062500,0.0004000000,66.5,0.1
2026-09-04T13:40:10.309+00:00,B_sell_A_buy,0.0856,-5.8144,233.48,233.5,0.856,21.556,233.502,233.61,2.259,128.459,0.0000062500,0.0004000000,66.5,0.1
2026-09-04T13:40:11.332+00:00,A_sell_B_buy,-9.5943,-15.4943,233.38,233.39,19.787,2.401,233.515,233.604,23.451,57.381,0.0000062500,0.0004000000,0.1,148.1
2026-09-04T13:40:11.332+00:00,B_sell_A_buy,5.3540,-0.5460,233.38,233.39,19.787,2.401,233.515,233.604,23.451,57.381,0.0000062500,0.0004000000,0.1,148.1
2026-09-04T13:40:12.351+00:00,A_sell_B_buy,-9.4662,-15.3662,233.36,233.38,18.316,195.811,233.53,233.581,44.534,108.506,0.0000062500,0.0004000000,341.8,0.0
2026-09-04T13:40:12.351+00:00,B_sell_A_buy,6.4250,0.5250,233.36,233.38,18.316,195.811,233.53,233.581,44.534,108.506,0.0000062500,0.0004000000,341.8,0.0
2026-09-04T13:40:13.375+00:00,A_sell_B_buy,-8.7391,-14.6391,233.35,233.37,21.305,99.21,233.46,233.554,1.704,45.5,0.0000062500,0.0004000000,35.3,0.0
2026-09-04T13:40:13.375+00:00,B_sell_A_buy,3.8555,-2.0445,233.35,233.37,21.305,99.21,233.46,233.554,1.704,45.5,0.0000062500,0.0004000000,35.3,0.0
2026-09-04T13:40:14.400+00:00,A_sell_B_buy,-8.3541,-14.2541,233.33,233.35,22.238,151.938,233.466,233.525,2.273,10.0,0.0000062500,0.0004000000,0.1,134.0
2026-09-04T13:40:14.400+00:00,B_sell_A_buy,4.9696,-0.9304,233.33,233.35,22.238,151.938,233.466,233.525,2.273,10.0,0.0000062500,0.0004000000,0.1,134.0
2026-09-04T13:40:15.424+00:00,A_sell_B_buy,-10.2817,-16.1817,233.32,233.34,1.692,287.569,233.474,233.56,1.943,0.96,0.0000062500,0.0004000000,136.0,0.0
2026-09-04T13:40:15.424+00:00,B_sell_A_buy,5.7406,-0.1594,233.32,233.34,1.692,287.569,233.474,233.56,1.943,0.96,0.0000062500,0.0004000000,136.0,0.0
2026-09-04T13:40:16.444+00:00,A_sell_B_buy,-10.3681,-16.2681,233.29,233.33,1.692,134.124,233.482,233.532,1.908,12.899,0.0000062500,0.0004000000,25.9,0.0
2026-09-04T13:40:16.444+00:00,B_sell_A_buy,6.5122,0.6122,233.29,233.33,1.692,134.124,233.482,233.532,1.908,12.899,0.0000062500,0.0004000000,25.9,0.0
2026-09-04T13:40:17.451+00:00,A_sell_B_buy,-12.6796,-18.5796,233.31,233.33,18.532,569.823,233.541,233.606,12.899,12.801,0.0000062500,0.0004000000,532.8,0.1
2026-09-04T13:40:17.451+00:00,B_sell_A_buy,9.0385,3.1385,233.31,233.33,18.532,569.823,233.541,233.606,12.899,12.801,0.0000062500,0.0004000000,532.8,0.1
2026-09-04T13:40:18.477+00:00,A_sell_B_buy,-10.3203,-16.2203,233.41,233.45,132.9,441.271,233.572,233.651,2.03,12.801,0.0000062500,0.0004000000,26.6,0.1
2026-09-04T13:40:18.477+00:00,B_sell_A_buy,5.2244,-0.6756,233.41,233.45,132.9,441.271,233.572,233.651,2.03,12.801,0.0000062500,0.0004000000,26.6,0.1
2026-09-04T13:40:19.482+00:00,A_sell_B_buy,-11.1776,-17.0776,233.39,233.42,22.121,6.586,233.55,233.651,0.519,0.962,0.0000062500,0.0004000000,0.1,27.7
2026-09-04T13:40:19.482+00:00,B_sell_A_buy,5.5674,-0.3326,233.39,233.42,22.121,6.586,233.55,233.651,0.519,0.962,0.0000062500,0.0004000000,0.1,27.7
2026-09-04T13:40:20.604+00:00,A_sell_B_buy,-10.7896,-16.6896,233.44,233.45,4.284,18.216,233.649,233.692,44.534,12.847,0.0000062500,0.0004000000,0.1,122.5
2026-09-04T13:40:20.604+00:00,B_sell_A_buy,8.5204,2.6204,233.44,233.45,4.284,18.216,233.649,233.692,44.534,12.847,0.0000062500,0.0004000000,0.1,122.5
2026-09-04T13:40:21.626+00:00,A_sell_B_buy,-9.5903,-15.4903,233.48,233.49,44.3,0.798,233.605,233.704,1.89,0.96,0.0000062500,0.0004000000,24.9,0.1
2026-09-04T13:40:21.626+00:00,B_sell_A_buy,4.9236,-0.9764,233.48,233.49,44.3,0.798,233.605,233.704,1.89,0.96,0.0000062500,0.0004000000,24.9,0.1
2026-09-04T13:40:22.649+00:00,A_sell_B_buy,-8.9475,-14.8475,233.49,233.51,88.6,207.564,233.641,233.699,46.764,44.534,0.0000062500,0.0004000000,0.1,156.5
2026-09-04T13:40:22.649+00:00,B_sell_A_buy,5.6082,-0.2918,233.49,233.51,88.6,207.564,233.641,233.699,46.764,44.534,0.0000062500,0.0004000000,0.1,156.5
2026-09-04T13:40:23.667+00:00,A_sell_B_buy,-11.0883,-16.9883,233.45,233.47,87.609,6.586,233.687,233.709,44.534,12.899,0.0000062500,0.0004000000,23.1,0.1
2026-09-04T13:40:23.667+00:00,B_sell_A_buy,9.2902,3.3902,233.45,233.47,87.609,6.586,233.687,233.709,44.534,12.899,0.0000062500,0.0004000000,23.1,0.1
2026-09-04T13:40:24.700+00:00,A_sell_B_buy,-9.3755,-15.2755,233.49,233.5,6.449,4.283,233.655,233.709,12.899,25.746,0.0000062500,0.0004000000,0.1,33.4
2026-09-04T13:40:24.700+00:00,B_sell_A_buy,6.6356,0.7356,233.49,233.5,6.449,4.283,233.655,233.709,12.899,25.746,0.0000062500,0.0004000000,0.1,33.4
2026-09-04T13:40:25.726+00:00,A_sell_B_buy,-8.9909,-14.8909,233.49,233.5,2.166,47.31,233.591,233.7,9.315,12.899,0.0000062500,0.0004000000,0.1,53.1
2026-09-04T13:40:25.726+00:00,B_sell_A_buy,3.8960,-2.0040,233.49,233.5,2.166,47.31,233.591,233.7,9.315,12.899,0.0000062500,0.0004000000,0.1,53.1
2026-09-04T13:40:26.728+00:00,A_sell_B_buy,-11.9465,-17.8465,233.43,233.45,4.284,130.826,233.572,233.709,2.143,153.04,0.0000062500,0.0004000000,73.5,0.1
2026-09-04T13:40:26.728+00:00,B_sell_A_buy,5.2239,-0.6761,233.43,233.45,4.284,130.826,233.572,233.709,2.143,153.04,0.0000062500,0.0004000000,73.5,0.1
2026-09-04T13:40:27.737+00:00,A_sell_B_buy,-12.1975,-18.0975,233.53,233.56,44.3,31.828,233.71,233.815,2.185,0.201,0.0000062500,0.0004000000,61.5,0.1
2026-09-04T13:40:27.737+00:00,B_sell_A_buy,6.4198,0.5198,233.53,233.56,44.3,31.828,233.71,233.815,2.185,0.201,0.0000062500,0.0004000000,61.5,0.1
2026-09-04T13:40:28.775+00:00,A_sell_B_buy,-10.9551,-16.8551,233.57,233.6,132.2,223.967,233.725,233.826,46.689,25.746,0.0000062500,0.0004000000,59.7,0.1
2026-09-04T13:40:28.775+00:00,B_sell_A_buy,5.3492,-0.5508,233.57,233.6,132.2,223.967,233.725,233.826,46.689,25.746,0.0000062500,0.0004000000,59.7,0.1
2026-09-04T13:40:29.777+00:00,A_sell_B_buy,-10.0566,-15.9566,233.57,233.6,21.047,22.043,233.736,233.805,12.847,12.847,0.0000062500,0.0004000000,13.0,0.1
2026-09-04T13:40:29.777+00:00,B_sell_A_buy,5.8200,-0.0800,233.57,233.6,21.047,22.043,233.736,233.805,12.847,12.847,0.0000062500,0.0004000000,13.0,0.1
2026-09-04T13:40:30.779+00:00,A_sell_B_buy,-10.0137,-15.9137,233.57,233.6,21.047,13.017,233.749,233.804,3.784,0.958,0.0000062500,0.0004000000,26.9,0.0
2026-09-04T13:40:30.779+00:00,B_sell_A_buy,6.3762,0.4762,233.57,233.6,21.047,13.017,233.749,233.804,3.784,0.958,0.0000062500,0.0004000000,26.9,0.0
2026-09-04T13:40:31.812+00:00,A_sell_B_buy,-9.0720,-14.9720,233.59,233.6,18.85,5.601,233.757,233.802,1.988,25.746,0.0000062500,0.0004000000,212.8,0.1
2026-09-04T13:40:31.812+00:00,B_sell_A_buy,6.7184,0.8184,233.59,233.6,18.85,5.601,233.757,233.802,1.988,25.746,0.0000062500,0.0004000000,212.8,0.1
2026-09-04T13:40:33.017+00:00,A_sell_B_buy,-8.5159,-14.4159,233.59,233.6,2.159,290.698,233.738,233.789,46.443,12.847,0.0000062500,0.0004000000,0.1,206.0
2026-09-04T13:40:33.017+00:00,B_sell_A_buy,5.9055,0.0055,233.59,233.6,2.159,290.698,233.738,233.789,46.443,12.847,0.0000062500,0.0004000000,0.1,206.0
2026-09-04T13:40:34.027+00:00,A_sell_B_buy,-9.2432,-15.1432,233.59,233.6,88.6,1.383,233.749,233.806,46.773,12.899,0.0000062500,0.0004000000,106.0,0.1
2026-09-04T13:40:34.027+00:00,B_sell_A_buy,6.3761,0.4761,233.59,233.6,88.6,1.383,233.749,233.806,46.773,12.899,0.0000062500,0.0004000000,106.0,0.1
2026-09-04T13:40:35.084+00:00,A_sell_B_buy,-9.0732,-14.9732,233.57,233.59,17.543,19.247,233.68,233.782,25.746,128.365,0.0000062500,0.0004000000,101.9,0.0
2026-09-04T13:40:35.084+00:00,B_sell_A_buy,3.8518,-2.0482,233.57,233.59,17.543,19.247,233.68,233.782,25.746,128.365,0.0000062500,0.0004000000,101.9,0.0
2026-09-04T13:40:36.220+00:00,A_sell_B_buy,-8.3882,-14.2882,233.57,233.59,21.262,35.526,233.721,233.766,12.899,25.746,0.0000062500,0.0004000000,332.1,0.1
2026-09-04T13:40:36.220+00:00,B_sell_A_buy,5.6064,-0.2936,233.57,233.59,21.262,35.526,233.721,233.766,12.899,25.746,0.0000062500,0.0004000000,332.1,0.1
2026-09-04T13:40:37.226+00:00,A_sell_B_buy,-10.0568,-15.9568,233.57,233.58,5.555,4.281,233.739,233.805,2.224,12.847,0.0000062500,0.0004000000,281.9,0.1
2026-09-04T13:40:37.226+00:00,B_sell_A_buy,6.8044,0.9044,233.57,233.58,5.555,4.281,233.739,233.805,2.224,12.847,0.0000062500,0.0004000000,281.9,0.1
2026-09-04T13:40:38.240+00:00,A_sell_B_buy,-10.1848,-16.0848,233.57,233.58,169.867,0.65,233.77,233.808,2.018,12.847,0.0000062500,0.0004000000,152.5,0.1
2026-09-04T13:40:38.240+00:00,B_sell_A_buy,8.1307,2.2307,233.57,233.58,169.867,0.65,233.77,233.808,2.018,12.847,0.0000062500,0.0004000000,152.5,0.1
2026-09-04T13:40:39.271+00:00,A_sell_B_buy,-8.9869,-14.8869,233.57,233.6,144.007,72.314,233.749,233.78,48.48,12.899,0.0000062500,0.0004000000,41.5,0.0
2026-09-04T13:40:39.271+00:00,B_sell_A_buy,6.3764,0.4764,233.57,233.6,144.007,72.314,233.749,233.78,48.48,12.899,0.0000062500,0.0004000000,41.5,0.0
2026-09-04T13:40:40.292+00:00,A_sell_B_buy,-8.8150,-14.7150,233.59,233.61,4.281,6.431,233.77,233.796,1.912,12.899,0.0000062500,0.0004000000,33.1,0.1
2026-09-04T13:40:40.292+00:00,B_sell_A_buy,6.8466,0.9466,233.59,233.61,4.281,6.431,233.77,233.796,1.912,12.899,0.0000062500,0.0004000000,33.1,0.1
2026-09-04T13:40:41.313+00:00,A_sell_B_buy,-8.8147,-14.7147,233.6,233.62,86.058,8.736,233.781,233.806,2.274,12.899,0.0000062500,0.0004000000,0.0,108.1
2026-09-04T13:40:41.313+00:00,B_sell_A_buy,6.8891,0.9891,233.6,233.62,86.058,8.736,233.781,233.806,2.274,12.899,0.0000062500,0.0004000000,0.0,108.1
2026-09-04T13:40:42.319+00:00,A_sell_B_buy,-8.7300,-14.6300,233.6,233.62,86.058,13.016,233.686,233.804,0.512,1.222,0.0000062500,0.0004000000,504.9,0.0
2026-09-04T13:40:42.319+00:00,B_sell_A_buy,2.8244,-3.0756,233.6,233.62,86.058,13.016,233.686,233.804,0.512,1.222,0.0000062500,0.0004000000,504.9,0.0
2026-09-04T13:40:43.324+00:00,A_sell_B_buy,-9.3726,-15.2726,233.56,233.58,81.059,14.745,233.716,233.779,44.534,25.746,0.0000062500,0.0004000000,0.0,87.5
2026-09-04T13:40:43.324+00:00,B_sell_A_buy,5.8205,-0.0795,233.56,233.58,81.059,14.745,233.716,233.779,44.534,25.746,0.0000062500,0.0004000000,0.0,87.5
2026-09-04T13:40:44.344+00:00,A_sell_B_buy,-10.3138,-16.2138,233.56,233.57,122.368,69.0,233.74,233.801,3.537,0.938,0.0000062500,0.0004000000,57.9,0.1
2026-09-04T13:40:44.344+00:00,B_sell_A_buy,7.2753,1.3753,233.56,233.57,122.368,69.0,233.74,233.801,3.537,0.938,0.0000062500,0.0004000000,57.9,0.1
2026-09-04T13:40:45.388+00:00,A_sell_B_buy,-11.1216,-17.0216,233.66,233.67,44.3,10.351,233.866,233.92,3.741,25.746,0.0000062500,0.0004000000,52.8,0.0
2026-09-04T13:40:45.388+00:00,B_sell_A_buy,8.3840,2.4840,233.66,233.67,44.3,10.351,233.866,233.92,3.741,25.746,0.0000062500,0.0004000000,52.8,0.0
2026-09-04T13:40:46.416+00:00,A_sell_B_buy,-10.8641,-16.7641,233.68,233.71,109.219,20.979,233.867,233.934,2.228,0.943,0.0000062500,0.0004000000,74.5,0.0
2026-09-04T13:40:46.416+00:00,B_sell_A_buy,6.7152,0.8152,233.68,233.71,109.219,20.979,233.867,233.934,2.228,0.943,0.0000062500,0.0004000000,74.5,0.0
2026-09-04T13:40:47.440+00:00,A_sell_B_buy,-10.4360,-16.3360,233.69,233.72,70.368,1.423,233.876,233.934,1.663,44.534,0.0000062500,0.0004000000,250.7,0.0
2026-09-04T13:40:47.440+00:00,B_sell_A_buy,6.6722,0.7722,233.69,233.72,70.368,1.423,233.876,233.934,1.663,44.534,0.0000062500,0.0004000000,250.7,0.0
2026-09-04T13:40:48.516+00:00,A_sell_B_buy,-11.3328,-17.2328,233.71,233.76,19.271,79.222,233.896,233.975,21.5,25.746,0.0000062500,0.0004000000,88.0,0.1
2026-09-04T13:40:48.516+00:00,B_sell_A_buy,5.8161,-0.0839,233.71,233.76,19.271,79.222,233.896,233.975,21.5,25.746,0.0000062500,0.0004000000,88.0,0.1
2026-09-04T13:40:49.582+00:00,A_sell_B_buy,-9.3651,-15.2651,233.75,233.76,4.278,4.278,233.909,233.969,2.257,12.847,0.0000062500,0.0004000000,136.6,0.1
2026-09-04T13:40:49.582+00:00,B_sell_A_buy,6.3717,0.4717,233.75,233.76,4.278,4.278,233.909,233.969,2.257,12.847,0.0000062500,0.0004000000,136.6,0.1
2026-09-04T13:40:50.587+00:00,A_sell_B_buy,-8.5099,-14.4099,233.75,233.77,2.159,51.131,233.913,233.949,2.069,12.847,0.0000062500,0.0004000000,61.3,0.1
2026-09-04T13:40:50.587+00:00,B_sell_A_buy,6.1151,0.2151,233.75,233.77,2.159,51.131,233.913,233.949,2.069,12.847,0.0000062500,0.0004000000,61.3,0.1
2026-09-04T13:40:51.706+00:00,A_sell_B_buy,-8.4245,-14.3245,233.75,233.76,1.988,4.421,233.915,233.947,2.035,25.746,0.0000062500,0.0004000000,0.1,1030.6
2026-09-04T13:40:51.706+00:00,B_sell_A_buy,6.6284,0.7284,233.75,233.76,1.988,4.421,233.915,233.947,2.035,25.746,0.0000062500,0.0004000000,0.1,1030.6
2026-09-04T13:40:52.704+00:00,A_sell_B_buy,-3.2512,-9.1512,233.75,233.76,1.988,8.736,233.711,233.826,108.506,128.346,0.0000062500,0.0004000000,773.4,0.0
2026-09-04T13:40:52.704+00:00,B_sell_A_buy,-2.0962,-7.9962,233.75,233.76,1.988,8.736,233.711,233.826,108.506,128.346,0.0000062500,0.0004000000,773.4,0.0
2026-09-04T13:40:53.720+00:00,A_sell_B_buy,-9.6726,-15.5726,233.56,233.58,92.786,64.919,233.67,233.786,1.87,1.272,0.0000062500,0.0004000000,36.7,0.0
2026-09-04T13:40:53.720+00:00,B_sell_A_buy,3.8519,-2.0481,233.56,233.58,92.786,64.919,233.67,233.786,1.87,1.272,0.0000062500,0.0004000000,36.7,0.0
2026-09-04T13:40:54.876+00:00,A_sell_B_buy,-9.9295,-15.8295,233.55,233.56,33.843,64.919,233.699,233.782,1.932,0.966,0.0000062500,0.0004000000,0.1,313.0
2026-09-04T13:40:54.876+00:00,B_sell_A_buy,5.9491,0.0491,233.55,233.56,33.843,64.919,233.699,233.782,1.932,0.966,0.0000062500,0.0004000000,0.1,313.0
2026-09-04T13:40:56.048+00:00,A_sell_B_buy,-9.9306,-15.8306,233.52,233.54,4.282,82.749,233.676,233.752,1.959,0.965,0.0000062500,0.0004000000,0.1,321.2
2026-09-04T13:40:56.048+00:00,B_sell_A_buy,5.8214,-0.0786,233.52,233.54,4.282,82.749,233.676,233.752,1.959,0.965,0.0000062500,0.0004000000,0.1,321.2
2026-09-04T13:40:57.064+00:00,A_sell_B_buy,-10.7431,-16.6431,233.53,233.55,88.6,185.28,233.688,233.781,2.136,0.962,0.0000062500,0.0004000000,0.0,39.2
2026-09-04T13:40:57.064+00:00,B_sell_A_buy,5.9066,0.0066,233.53,233.55,88.6,185.28,233.688,233.781,2.136,0.962,0.0000062500,0.0004000000,0.0,39.2
2026-09-04T13:40:58.064+00:00,A_sell_B_buy,-9.8029,-15.7029,233.5,233.55,5.249,155.781,233.641,233.729,1.685,12.847,0.0000062500,0.0004000000,59.7,0.1
2026-09-04T13:40:58.064+00:00,B_sell_A_buy,3.8955,-2.0045,233.5,233.55,5.249,155.781,233.641,233.729,1.685,12.847,0.0000062500,0.0004000000,59.7,0.1
2026-09-04T13:40:59.071+00:00,A_sell_B_buy,-10.6192,-16.5192,233.42,233.51,20.934,1295.154,233.563,233.668,12.847,12.899,0.0000062500,0.0004000000,25.7,0.1
2026-09-04T13:40:59.071+00:00,B_sell_A_buy,2.2694,-3.6306,233.42,233.51,20.934,1295.154,233.563,233.668,12.847,12.899,0.0000062500,0.0004000000,25.7,0.1
2026-09-04T13:41:00.111+00:00,A_sell_B_buy,-11.5604,-17.4604,233.43,233.44,34.988,198.142,233.65,233.7,25.746,12.847,0.0000062500,0.0004000000,55.3,0.0
2026-09-04T13:41:00.111+00:00,B_sell_A_buy,8.9915,3.0915,233.43,233.44,34.988,198.142,233.65,233.7,25.746,12.847,0.0000062500,0.0004000000,55.3,0.0
2026-09-04T13:41:01.161+00:00,A_sell_B_buy,-10.0595,-15.9595,233.51,233.52,4.282,218.237,233.665,233.745,2.122,0.966,0.0000062500,0.0004000000,0.1,128.1
2026-09-04T13:41:01.161+00:00,B_sell_A_buy,6.2069,0.3069,233.51,233.52,4.282,218.237,233.665,233.745,2.122,0.966,0.0000062500,0.0004000000,0.1,128.1
2026-09-04T13:41:02.172+00:00,A_sell_B_buy,-9.1205,-15.0205,233.45,233.47,18.042,183.378,233.579,233.663,12.847,12.847,0.0000062500,0.0004000000,23.6,0.1
2026-09-04T13:41:02.172+00:00,B_sell_A_buy,4.6673,-1.2327,233.45,233.47,18.042,183.378,233.579,233.663,12.847,12.847,0.0000062500,0.0004000000,23.6,0.1
2026-09-04T13:41:03.228+00:00,A_sell_B_buy,-8.5230,-14.4230,233.4,233.43,176.137,4.284,233.519,233.599,1.983,25.746,0.0000062500,0.0004000000,0.1,57.7
2026-09-04T13:41:03.228+00:00,B_sell_A_buy,3.8118,-2.0882,233.4,233.43,176.137,4.284,233.519,233.599,1.983,25.746,0.0000062500,0.0004000000,0.1,57.7
2026-09-04T13:41:04.232+00:00,A_sell_B_buy,-12.6335,-18.5335,233.38,233.4,25.277,69.203,233.569,233.675,86.489,32.493,0.0000062500,0.0004000000,256.5,0.0
2026-09-04T13:41:04.232+00:00,B_sell_A_buy,7.2375,1.3375,233.38,233.4,25.277,69.203,233.569,233.675,86.489,32.493,0.0000062500,0.0004000000,256.5,0.0
2026-09-04T13:41:05.257+00:00,A_sell_B_buy,-12.3719,-18.2719,233.47,233.5,53.54,20.989,233.647,233.759,2.113,0.986,0.0000062500,0.0004000000,224.5,0.0
2026-09-04T13:41:05.257+00:00,B_sell_A_buy,6.2930,0.3930,233.47,233.5,53.54,20.989,233.647,233.759,2.113,0.986,0.0000062500,0.0004000000,224.5,0.0
2026-09-04T13:41:06.343+00:00,A_sell_B_buy,-9.5454,-15.4454,233.53,233.54,1.669,4.282,233.655,233.753,2.65,25.746,0.0000062500,0.0004000000,0.0,263.9
2026-09-04T13:41:06.343+00:00,B_sell_A_buy,4.9225,-0.9775,233.53,233.54,1.669,4.282,233.655,233.753,2.65,25.746,0.0000062500,0.0004000000,0.0,263.9
2026-09-04T13:41:07.506+00:00,A_sell_B_buy,-5.5639,-11.4639,233.6,233.61,97.81,0.705,233.658,233.73,1.663,12.847,0.0000062500,0.0004000000,212.0,0.1
2026-09-04T13:41:07.506+00:00,B_sell_A_buy,2.0544,-3.8456,233.6,233.61,97.81,0.705,233.658,233.73,1.663,12.847,0.0000062500,0.0004000000,212.0,0.1
2026-09-04T13:41:08.547+00:00,A_sell_B_buy,-8.8619,-14.7619,233.49,233.54,147.566,4.282,233.613,233.697,1.693,0.995,0.0000062500,0.0004000000,0.1,56.4
2026-09-04T13:41:08.547+00:00,B_sell_A_buy,3.1252,-2.7748,233.49,233.54,147.566,4.282,233.613,233.697,1.693,0.995,0.0000062500,0.0004000000,0.1,56.4
2026-09-04T13:41:09.549+00:00,A_sell_B_buy,-9.0334,-14.9334,233.49,233.5,147.566,13.019,233.621,233.701,1.876,1.004,0.0000062500,0.0004000000,0.1,137.9
2026-09-04T13:41:09.549+00:00,B_sell_A_buy,5.1803,-0.7197,233.49,233.5,147.566,13.019,233.621,233.701,1.876,1.004,0.0000062500,0.0004000000,0.1,137.9
2026-09-04T13:41:10.565+00:00,A_sell_B_buy,-8.9903,-14.8903,233.49,233.51,176.353,187.348,233.639,233.7,1.701,12.847,0.0000062500,0.0004000000,271.4,0.1
2026-09-04T13:41:10.565+00:00,B_sell_A_buy,5.5226,-0.3774,233.49,233.51,176.353,187.348,233.639,233.7,1.701,12.847,0.0000062500,0.0004000000,271.4,0.1
2026-09-04T13:41:11.576+00:00,A_sell_B_buy,-8.3937,-14.2937,233.42,233.5,179.718,57.816,233.497,233.616,25.746,1.026,0.0000062500,0.0004000000,29.5,0.0
2026-09-04T13:41:11.576+00:00,B_sell_A_buy,-0.1285,-6.0285,233.42,233.5,179.718,57.816,233.497,233.616,25.746,1.026,0.0000062500,0.0004000000,29.5,0.0
2026-09-04T13:41:12.623+00:00,A_sell_B_buy,-11.8645,-17.7645,233.35,233.38,20.998,64.919,233.525,233.627,2.162,25.746,0.0000062500,0.0004000000,247.6,0.1
2026-09-04T13:41:12.623+00:00,B_sell_A_buy,6.2106,0.3106,233.35,233.38,20.998,64.919,233.525,233.627,2.162,25.746,0.0000062500,0.0004000000,247.6,0.1
2026-09-04T13:41:13.628+00:00,A_sell_B_buy,-7.3662,-13.2662,233.43,233.44,4.284,37.596,233.528,233.602,2.19,1.022,0.0000062500,0.0004000000,0.0,5.7
2026-09-04T13:41:13.628+00:00,B_sell_A_buy,3.7687,-2.1313,233.43,233.44,4.284,37.596,233.528,233.602,2.19,1.022,0.0000062500,0.0004000000,0.0,5.7
2026-09-04T13:41:14.634+00:00,A_sell_B_buy,-10.5347,-16.4347,233.4,233.41,158.786,64.919,233.596,233.646,2.225,32.493,0.0000062500,0.0004000000,361.0,0.0
2026-09-04T13:41:14.634+00:00,B_sell_A_buy,7.9653,2.0653,233.4,233.41,158.786,64.919,233.596,233.646,2.225,32.493,0.0000062500,0.0004000000,361.0,0.0
2026-09-04T13:41:15.667+00:00,A_sell_B_buy,-9.5486,-15.4486,233.44,233.47,88.6,112.019,233.591,233.663,12.899,12.793,0.0000062500,0.0004000000,107.1,0.1
2026-09-04T13:41:15.667+00:00,B_sell_A_buy,5.1811,-0.7189,233.44,233.47,88.6,112.019,233.591,233.663,12.899,12.793,0.0000062500,0.0004000000,107.1,0.1
2026-09-04T13:41:16.671+00:00,A_sell_B_buy,-14.8998,-20.7998,233.4,233.45,158.786,175.454,233.642,233.748,2.51,12.787,0.0000062500,0.0004000000,246.3,0.0
2026-09-04T13:41:16.671+00:00,B_sell_A_buy,8.2206,2.3206,233.4,233.45,158.786,175.454,233.642,233.748,2.51,12.787,0.0000062500,0.0004000000,246.3,0.0
2026-09-04T13:41:17.713+00:00,A_sell_B_buy,-13.4006,-19.3006,233.41,233.47,58.723,0.856,233.682,233.723,1.866,12.788,0.0000062500,0.0004000000,388.5,0.1
2026-09-04T13:41:17.713+00:00,B_sell_A_buy,9.0765,3.1765,233.41,233.47,58.723,0.856,233.682,233.723,1.866,12.788,0.0000062500,0.0004000000,388.5,0.1
2026-09-04T13:41:18.720+00:00,A_sell_B_buy,-10.3175,-16.2175,233.48,233.5,17.536,64.919,233.63,233.721,2.245,12.899,0.0000062500,0.0004000000,146.5,0.0
2026-09-04T13:41:18.720+00:00,B_sell_A_buy,5.5655,-0.3345,233.48,233.5,17.536,64.919,233.63,233.721,2.245,12.899,0.0000062500,0.0004000000,146.5,0.0
2026-09-04T13:41:19.724+00:00,A_sell_B_buy,-11.1303,-17.0303,233.49,233.51,22.381,13.018,233.636,233.75,0.497,25.746,0.0000062500,0.0004000000,114.0,0.0
2026-09-04T13:41:19.724+00:00,B_sell_A_buy,5.3939,-0.5061,233.49,233.51,22.381,13.018,233.636,233.75,0.497,25.746,0.0000062500,0.0004000000,114.0,0.0
2026-09-04T13:41:20.766+00:00,A_sell_B_buy,-10.5297,-16.4297,233.52,233.54,4.282,64.919,233.672,233.766,12.847,25.746,0.0000062500,0.0004000000,0.0,42.3
2026-09-04T13:41:20.766+00:00,B_sell_A_buy,5.6501,-0.2499,233.52,233.54,4.282,64.919,233.672,233.766,12.847,25.746,0.0000062500,0.0004000000,0.0,42.3
2026-09-04T13:41:21.770+00:00,A_sell_B_buy,-9.6731,-15.5731,233.54,233.56,40.854,45.6,233.684,233.766,2.227,25.746,0.0000062500,0.0004000000,80.6,0.0
2026-09-04T13:41:21.770+00:00,B_sell_A_buy,5.3074,-0.5926,233.54,233.56,40.854,45.6,233.684,233.766,2.227,25.746,0.0000062500,0.0004000000,80.6,0.0
2026-09-04T13:41:22.770+00:00,A_sell_B_buy,-7.1921,-13.0921,233.53,233.55,17.171,81.794,233.581,233.698,25.672,0.98,0.0000062500,0.0004000000,47.4,0.0
2026-09-04T13:41:22.770+00:00,B_sell_A_buy,1.3271,-4.5729,233.53,233.55,17.171,81.794,233.581,233.698,25.672,0.98,0.0000062500,0.0004000000,47.4,0.0
2026-09-04T13:41:23.772+00:00,A_sell_B_buy,-10.5338,-16.4338,233.43,233.45,4.284,364.676,233.584,233.676,2.272,0.975,0.0000062500,0.0004000000,44.3,0.0
2026-09-04T13:41:23.772+00:00,B_sell_A_buy,5.7379,-0.1621,233.43,233.45,4.284,364.676,233.584,233.676,2.272,0.975,0.0000062500,0.0004000000,44.3,0.0
2026-09-04T13:41:24.772+00:00,A_sell_B_buy,-10.3628,-16.2628,233.43,233.44,4.284,196.992,233.569,233.672,2.095,0.977,0.0000062500,0.0004000000,33.0,0.0
2026-09-04T13:41:24.772+00:00,B_sell_A_buy,5.5240,-0.3760,233.43,233.44,4.284,196.992,233.569,233.672,2.095,0.977,0.0000062500,0.0004000000,33.0,0.0
2026-09-04T13:41:25.806+00:00,A_sell_B_buy,-8.0081,-13.9081,233.43,233.44,21.065,190.915,233.567,233.617,2.276,25.672,0.0000062500,0.0004000000,0.0,110.6
2026-09-04T13:41:25.806+00:00,B_sell_A_buy,5.4387,-0.4613,233.43,233.44,21.065,190.915,233.567,233.617,2.276,25.672,0.0000062500,0.0004000000,0.0,110.6
2026-09-04T13:41:26.811+00:00,A_sell_B_buy,-11.1748,-17.0748,233.46,233.47,239.984,0.231,233.596,233.721,21.5,25.672,0.0000062500,0.0004000000,0.0,10.8
2026-09-04T13:41:26.811+00:00,B_sell_A_buy,5.3947,-0.5053,233.46,233.47,239.984,0.231,233.596,233.721,21.5,25.672,0.0000062500,0.0004000000,0.0,10.8
2026-09-04T13:41:27.851+00:00,A_sell_B_buy,-9.8051,-15.7051,233.46,233.47,204.422,0.231,233.593,233.689,1.684,25.672,0.0000062500,0.0004000000,0.1,74.1
2026-09-04T13:41:27.851+00:00,B_sell_A_buy,5.2665,-0.6335,233.46,233.47,204.422,0.231,233.593,233.689,1.684,25.672,0.0000062500,0.0004000000,0.1,74.1
2026-09-04T13:41:28.895+00:00,A_sell_B_buy,-10.0201,-15.9201,233.44,233.45,152.018,136.052,233.558,233.674,0.489,12.781,0.0000062500,0.0004000000,82.0,0.1
2026-09-04T13:41:28.895+00:00,B_sell_A_buy,4.6247,-1.2753,233.44,233.45,152.018,136.052,233.558,233.674,0.489,12.781,0.0000062500,0.0004000000,82.0,0.1
2026-09-04T13:41:29.920+00:00,A_sell_B_buy,-8.4781,-14.3781,233.45,233.47,4.284,0.231,233.599,233.648,1.86,12.847,0.0000062500,0.0004000000,47.8,0.0
2026-09-04T13:41:29.920+00:00,B_sell_A_buy,5.5236,-0.3764,233.45,233.47,4.284,0.231,233.599,233.648,1.86,12.847,0.0000062500,0.0004000000,47.8,0.0
2026-09-04T13:41:30.955+00:00,A_sell_B_buy,-9.8916,-15.7916,233.44,233.45,138.829,113.678,233.563,233.671,4.089,78.207,0.0000062500,0.0004000000,60.5,0.1
2026-09-04T13:41:30.955+00:00,B_sell_A_buy,4.8388,-1.0612,233.44,233.45,138.829,113.678,233.563,233.671,4.089,78.207,0.0000062500,0.0004000000,60.5,0.1
2026-09-04T13:41:31.955+00:00,A_sell_B_buy,-9.3349,-15.2349,233.44,233.45,138.829,30.137,233.578,233.658,1.7,12.847,0.0000062500,0.0004000000,85.5,0.0
2026-09-04T13:41:31.955+00:00,B_sell_A_buy,5.4811,-0.4189,233.44,233.45,138.829,30.137,233.578,233.658,1.7,12.847,0.0000062500,0.0004000000,85.5,0.0
2026-09-04T13:41:32.999+00:00,A_sell_B_buy,-8.9922,-14.8922,233.44,233.45,178.198,260.39,233.601,233.65,21.5,12.847,0.0000062500,0.0004000000,561.5,0.1
2026-09-04T13:41:32.999+00:00,B_sell_A_buy,6.4658,0.5658,233.44,233.45,178.198,260.39,233.601,233.65,21.5,12.847,0.0000062500,0.0004000000,561.5,0.1
2026-09-04T13:41:34.137+00:00,A_sell_B_buy,-8.5216,-14.4216,233.44,233.46,160.429,157.266,233.557,233.639,1.773,1.005,0.0000062500,0.0004000000,0.1,167.3
2026-09-04T13:41:34.137+00:00,B_sell_A_buy,4.1537,-1.7463,233.44,233.46,160.429,157.266,233.557,233.639,1.773,1.005,0.0000062500,0.0004000000,0.1,167.3
2026-09-04T13:41:35.169+00:00,A_sell_B_buy,-8.2648,-14.1648,233.44,233.45,138.829,396.349,233.561,233.633,2.078,12.836,0.0000062500,0.0004000000,184.6,0.1
2026-09-04T13:41:35.169+00:00,B_sell_A_buy,4.7533,-1.1467,233.44,233.45,138.829,396.349,233.561,233.633,2.078,12.836,0.0000062500,0.0004000000,184.6,0.1
2026-09-04T13:41:36.276+00:00,A_sell_B_buy,-9.5500,-15.4500,233.41,233.42,4.284,64.919,233.568,233.633,12.836,25.672,0.0000062500,0.0004000000,301.2,0.1
2026-09-04T13:41:36.276+00:00,B_sell_A_buy,6.3381,0.4381,233.41,233.42,4.284,64.919,233.568,233.633,12.836,25.672,0.0000062500,0.0004000000,301.2,0.1
2026-09-04T13:41:37.323+00:00,A_sell_B_buy,-9.4215,-15.3215,233.41,233.42,50.556,64.919,233.578,233.63,1.868,25.672,0.0000062500,0.0004000000,736.1,0.1
2026-09-04T13:41:37.323+00:00,B_sell_A_buy,6.7663,0.8663,233.41,233.42,50.556,64.919,233.578,233.63,1.868,25.672,0.0000062500,0.0004000000,736.1,0.1
2026-09-04T13:41:38.354+00:00,A_sell_B_buy,-10.8767,-16.7767,233.41,233.44,23.68,329.947,233.597,233.664,21.5,10.015,0.0000062500,0.0004000000,234.8,0.1
2026-09-04T13:41:38.354+00:00,B_sell_A_buy,6.7230,0.8230,233.41,233.44,23.68,329.947,233.597,233.664,21.5,10.015,0.0000062500,0.0004000000,234.8,0.1
2026-09-04T13:41:39.404+00:00,A_sell_B_buy,-16.4362,-22.3362,233.46,233.47,53.542,0.231,233.748,233.844,2.096,12.836,0.0000062500,0.0004000000,211.3,0.1
2026-09-04T13:41:39.404+00:00,B_sell_A_buy,11.8991,5.9991,233.46,233.47,53.542,0.231,233.748,233.844,2.096,12.836,0.0000062500,0.0004000000,211.3,0.1
2026-09-04T13:41:40.423+00:00,A_sell_B_buy,-7.7876,-13.6876,233.64,233.65,97.801,30.355,233.713,233.822,1.692,12.836,0.0000062500,0.0004000000,27.9,0.0
2026-09-04T13:41:40.423+00:00,B_sell_A_buy,2.6957,-3.2043,233.64,233.65,97.801,30.355,233.713,233.822,1.692,12.836,0.0000062500,0.0004000000,27.9,0.0
2026-09-04T13:41:41.439+00:00,A_sell_B_buy,-9.2023,-15.1023,233.55,233.56,194.626,141.193,233.675,233.765,2.259,25.672,0.0000062500,0.0004000000,0.0,22.5
2026-09-04T13:41:41.439+00:00,B_sell_A_buy,4.9222,-0.9778,233.55,233.56,194.626,141.193,233.675,233.765,2.259,25.672,0.0000062500,0.0004000000,0.0,22.5
2026-09-04T13:41:42.476+00:00,A_sell_B_buy,-10.1436,-16.0436,233.55,233.56,194.626,107.529,233.684,233.787,2.067,12.836,0.0000062500,0.0004000000,99.1,0.0
2026-09-04T13:41:42.476+00:00,B_sell_A_buy,5.3072,-0.5928,233.55,233.56,194.626,107.529,233.684,233.787,2.067,12.836,0.0000062500,0.0004000000,99.1,0.0
2026-09-04T13:41:43.492+00:00,A_sell_B_buy,-10.0137,-15.9137,233.58,233.6,132.9,64.919,233.724,233.814,2.198,12.771,0.0000062500,0.0004000000,0.1,29.3
2026-09-04T13:41:43.492+00:00,B_sell_A_buy,5.3064,-0.5936,233.58,233.6,132.9,64.919,233.724,233.814,2.198,12.771,0.0000062500,0.0004000000,0.1,29.3
2026-09-04T13:41:44.509+00:00,A_sell_B_buy,-5.9072,-11.8072,233.57,233.58,179.32,129.838,233.59,233.708,0.506,25.672,0.0000062500,0.0004000000,0.0,45.9
2026-09-04T13:41:44.509+00:00,B_sell_A_buy,0.4281,-5.4719,233.57,233.58,179.32,129.838,233.59,233.708,0.506,25.672,0.0000062500,0.0004000000,0.0,45.9
2026-09-04T13:41:45.518+00:00,A_sell_B_buy,-9.9304,-15.8304,233.53,233.55,4.282,70.882,233.664,233.762,108.506,12.847,0.0000062500,0.0004000000,0.0,31.8
2026-09-04T13:41:45.518+00:00,B_sell_A_buy,4.8796,-1.0204,233.53,233.55,4.282,70.882,233.664,233.762,108.506,12.847,0.0000062500,0.0004000000,0.0,31.8
2026-09-04T13:41:46.541+00:00,A_sell_B_buy,-8.8144,-14.7144,233.62,233.63,53.505,1.672,233.762,233.826,2.107,1.012,0.0000062500,0.0004000000,0.0,57.9
2026-09-04T13:41:46.541+00:00,B_sell_A_buy,5.6480,-0.2520,233.62,233.63,53.505,1.672,233.762,233.826,2.107,1.012,0.0000062500,0.0004000000,0.0,57.9
2026-09-04T13:41:47.586+00:00,A_sell_B_buy,-7.9162,-13.8162,233.62,233.63,1.574,4.28,233.738,233.805,55.604,1.004,0.0000062500,0.0004000000,51.0,0.1
2026-09-04T13:41:47.586+00:00,B_sell_A_buy,4.6213,-1.2787,233.62,233.63,1.574,4.28,233.738,233.805,55.604,1.004,0.0000062500,0.0004000000,51.0,0.1
2026-09-04T13:41:48.593+00:00,A_sell_B_buy,-11.4244,-17.3244,233.6,233.61,149.994,152.237,233.764,233.867,66.533,12.836,0.0000062500,0.0004000000,178.2,0.1
2026-09-04T13:41:48.593+00:00,B_sell_A_buy,6.5894,0.6894,233.6,233.61,149.994,152.237,233.764,233.867,66.533,12.836,0.0000062500,0.0004000000,178.2,0.1
2026-09-04T13:41:49.692+00:00,A_sell_B_buy,-11.8498,-17.7498,233.64,233.65,109.52,9.269,233.831,233.917,1.984,12.847,0.0000062500,0.0004000000,0.1,222.1
2026-09-04T13:41:49.692+00:00,B_sell_A_buy,7.7430,1.8430,233.64,233.65,109.52,9.269,233.831,233.917,1.984,12.847,0.0000062500,0.0004000000,0.1,222.1
2026-09-04T13:41:50.699+00:00,A_sell_B_buy,-9.9238,-15.8238,233.68,233.7,21.622,64.919,233.834,233.912,46.773,0.995,0.0000062500,0.0004000000,165.7,0.1
2026-09-04T13:41:50.699+00:00,B_sell_A_buy,5.7318,-0.1682,233.68,233.7,21.622,64.919,233.834,233.912,46.773,0.995,0.0000062500,0.0004000000,165.7,0.1
2026-09-04T13:41:51.704+00:00,A_sell_B_buy,-8.3840,-14.2840,233.69,233.7,4.279,176.5,233.84,233.886,12.836,32.493,0.0000062500,0.0004000000,30.3,0.1
2026-09-04T13:41:51.704+00:00,B_sell_A_buy,5.9886,0.0886,233.69,233.7,4.279,176.5,233.84,233.886,12.836,32.493,0.0000062500,0.0004000000,30.3,0.1
2026-09-04T13:41:52.761+00:00,A_sell_B_buy,-9.4958,-15.3958,233.69,233.7,23.673,64.919,233.846,233.912,2.161,0.995,0.0000062500,0.0004000000,209.5,0.1
2026-09-04T13:41:52.761+00:00,B_sell_A_buy,6.2450,0.3450,233.69,233.7,23.673,64.919,233.846,233.912,2.161,0.995,0.0000062500,0.0004000000,209.5,0.1
2026-09-04T13:41:53.788+00:00,A_sell_B_buy,-9.4531,-15.3531,233.69,233.7,6.407,95.924,233.846,233.911,44.534,0.973,0.0000062500,0.0004000000,67.9,0.0
2026-09-04T13:41:53.788+00:00,B_sell_A_buy,6.2450,0.3450,233.69,233.7,6.407,95.924,233.846,233.911,44.534,0.973,0.0000062500,0.0004000000,67.9,0.0
2026-09-04T13:41:54.862+00:00,A_sell_B_buy,-8.3843,-14.2843,233.69,233.7,6.407,64.919,233.8,233.886,1.913,0.981,0.0000062500,0.0004000000,202.9,0.1
2026-09-04T13:41:54.862+00:00,B_sell_A_buy,4.2777,-1.6223,233.69,233.7,6.407,64.919,233.8,233.886,1.913,0.981,0.0000062500,0.0004000000,202.9,0.1
2026-09-04T13:41:55.927+00:00,A_sell_B_buy,-12.4037,-18.3037,233.68,233.69,193.832,1.672,233.868,233.97,1.979,108.506,0.0000062500,0.0004000000,96.7,0.1
2026-09-04T13:41:55.927+00:00,B_sell_A_buy,7.6133,1.7133,233.68,233.69,193.832,1.672,233.868,233.97,1.979,108.506,0.0000062500,0.0004000000,96.7,0.1
2026-09-04T13:41:56.946+00:00,A_sell_B_buy,-11.0769,-16.9769,233.7,233.73,4.279,49.167,233.888,233.959,2.268,9.243,0.0000062500,0.0004000000,77.2,0.1
2026-09-04T13:41:56.946+00:00,B_sell_A_buy,6.7574,0.8574,233.7,233.73,4.279,49.167,233.888,233.959,2.268,9.243,0.0000062500,0.0004000000,77.2,0.1
2026-09-04T13:41:58.017+00:00,A_sell_B_buy,-7.3142,-13.2142,233.72,233.73,2.166,23.248,233.82,233.891,1.684,0.826,0.0000062500,0.0004000000,388.9,0.1
2026-09-04T13:41:58.017+00:00,B_sell_A_buy,3.8496,-2.0504,233.72,233.73,2.166,23.248,233.82,233.891,1.684,0.826,0.0000062500,0.0004000000,388.9,0.1
2026-09-04T13:41:59.054+00:00,A_sell_B_buy,-7.6596,-13.5596,233.62,233.63,178.85,88.6,233.722,233.799,1.662,12.836,0.0000062500,0.0004000000,77.4,0.0
2026-09-04T13:41:59.054+00:00,B_sell_A_buy,3.9368,-1.9632,233.62,233.63,178.85,88.6,233.722,233.799,1.662,12.836,0.0000062500,0.0004000000,77.4,0.0
2026-09-04T13:42:00.089+00:00,A_sell_B_buy,-15.9670,-21.8670,233.44,233.47,184.258,44.084,233.703,233.813,12.836,0.826,0.0000062500,0.0004000000,111.7,0.1
2026-09-04T13:42:00.089+00:00,B_sell_A_buy,9.9740,4.0740,233.44,233.47,184.258,44.084,233.703,233.813,12.836,0.826,0.0000062500,0.0004000000,111.7,0.1
2026-09-04T13:42:01.116+00:00,A_sell_B_buy,-11.7262,-17.6262,233.54,233.55,334.974,1.681,233.753,233.814,1.885,12.847,0.0000062500,0.0004000000,106.7,0.1
2026-09-04T13:42:01.116+00:00,B_sell_A_buy,8.6877,2.7877,233.54,233.55,334.974,1.681,233.753,233.814,1.885,12.847,0.0000062500,0.0004000000,106.7,0.1
2026-09-04T13:42:02.125+00:00,A_sell_B_buy,-10.6541,-16.5541,233.61,233.62,0.643,294.42,233.758,233.859,2.892,12.783,0.0000062500,0.0004000000,11.8,0.0
2026-09-04T13:42:02.125+00:00,B_sell_A_buy,5.9047,0.0047,233.61,233.62,0.643,294.42,233.758,233.859,2.892,12.783,0.0000062500,0.0004000000,11.8,0.0
2026-09-04T13:42:03.128+00:00,A_sell_B_buy,-7.6607,-13.5607,233.59,233.62,4.281,18.731,233.659,233.769,2.297,0.826,0.0000062500,0.0004000000,419.1,0.0
2026-09-04T13:42:03.128+00:00,B_sell_A_buy,1.6691,-4.2309,233.59,233.62,4.281,18.731,233.659,233.769,2.297,0.826,0.0000062500,0.0004000000,419.1,0.0
2026-09-04T13:42:04.156+00:00,A_sell_B_buy,-9.7985,-15.6985,233.61,233.63,97.807,213.955,233.754,233.839,2.161,0.826,0.0000062500,0.0004000000,70.7,0.1
2026-09-04T13:42:04.156+00:00,B_sell_A_buy,5.3058,-0.5942,233.61,233.63,97.807,213.955,233.754,233.839,2.161,0.826,0.0000062500,0.0004000000,70.7,0.1
2026-09-04T13:42:05.179+00:00,A_sell_B_buy,-14.8441,-20.7441,233.6,233.62,4.281,4.315,233.882,233.947,2.288,12.836,0.0000062500,0.0004000000,148.3,0.0
2026-09-04T13:42:05.179+00:00,B_sell_A_buy,11.2080,5.3080,233.6,233.62,4.281,4.315,233.882,233.947,2.288,12.836,0.0000062500,0.0004000000,148.3,0.0
2026-09-04T13:42:06.208+00:00,A_sell_B_buy,-6.1188,-12.0188,233.67,233.68,34.017,47.752,233.66,233.813,14.884,0.826,0.0000062500,0.0004000000,48.3,0.1
2026-09-04T13:42:06.208+00:00,B_sell_A_buy,-0.8558,-6.7558,233.67,233.68,34.017,47.752,233.66,233.813,14.884,0.826,0.0000062500,0.0004000000,48.3,0.1
2026-09-04T13:42:07.290+00:00,A_sell_B_buy,-11.9420,-17.8420,233.52,233.53,176.806,230.726,233.664,233.799,1.901,0.826,0.0000062500,0.0004000000,137.9,0.1
2026-09-04T13:42:07.290+00:00,B_sell_A_buy,5.7356,-0.1644,233.52,233.53,176.806,230.726,233.664,233.799,1.901,0.826,0.0000062500,0.0004000000,137.9,0.1
2026-09-04T13:42:08.307+00:00,A_sell_B_buy,-10.7009,-16.6009,233.52,233.53,308.101,18.284,233.681,233.77,44.534,0.826,0.0000062500,0.0004000000,110.2,0.1
2026-09-04T13:42:08.307+00:00,B_sell_A_buy,6.4633,0.5633,233.52,233.53,308.101,18.284,233.681,233.77,44.534,0.826,0.0000062500,0.0004000000,110.2,0.1
2026-09-04T13:42:09.325+00:00,A_sell_B_buy,-5.0523,-10.9523,233.52,233.53,176.806,132.9,233.548,233.638,1.945,12.836,0.0000062500,0.0004000000,100.4,0.0
2026-09-04T13:42:09.325+00:00,B_sell_A_buy,0.7707,-5.1293,233.52,233.53,176.806,132.9,233.548,233.638,1.945,12.836,0.0000062500,0.0004000000,100.4,0.0
2026-09-04T13:42:10.368+00:00,A_sell_B_buy,-9.4648,-15.3648,233.4,233.44,151.938,1094.578,233.528,233.621,2.113,0.826,0.0000062500,0.0004000000,121.9,0.1
2026-09-04T13:42:10.368+00:00,B_sell_A_buy,3.7688,-2.1312,233.4,233.44,151.938,1094.578,233.528,233.621,2.113,0.826,0.0000062500,0.0004000000,121.9,0.1
2026-09-04T13:42:11.373+00:00,A_sell_B_buy,-9.4650,-15.3650,233.4,233.41,121.938,406.487,233.535,233.621,2.082,108.506,0.0000062500,0.0004000000,94.9,0.1
2026-09-04T13:42:11.373+00:00,B_sell_A_buy,5.3535,-0.5465,233.4,233.41,121.938,406.487,233.535,233.621,2.082,108.506,0.0000062500,0.0004000000,94.9,0.1
2026-09-04T13:42:12.376+00:00,A_sell_B_buy,-7.7522,-13.6522,233.4,233.41,140.575,383.246,233.539,233.581,1.896,12.847,0.0000062500,0.0004000000,9.8,0.1
2026-09-04T13:42:12.376+00:00,B_sell_A_buy,5.5250,-0.3750,233.4,233.41,140.575,383.246,233.539,233.581,1.896,12.847,0.0000062500,0.0004000000,9.8,0.1
2026-09-04T13:42:13.424+00:00,A_sell_B_buy,-8.7370,-14.6370,233.4,233.41,159.174,274.243,233.541,233.604,44.534,25.672,0.0000062500,0.0004000000,275.7,0.1
2026-09-04T13:42:13.424+00:00,B_sell_A_buy,5.6105,-0.2895,233.4,233.41,159.174,274.243,233.541,233.604,44.534,25.672,0.0000062500,0.0004000000,275.7,0.1
2026-09-04T13:42:14.479+00:00,A_sell_B_buy,-9.9361,-15.8361,233.39,233.4,105.661,202.301,233.552,233.622,12.836,12.847,0.0000062500,0.0004000000,0.1,80.4
2026-09-04T13:42:14.479+00:00,B_sell_A_buy,6.5099,0.6099,233.39,233.4,105.661,202.301,233.552,233.622,12.836,12.847,0.0000062500,0.0004000000,0.1,80.4
2026-09-04T13:42:15.493+00:00,A_sell_B_buy,-9.8914,-15.7914,233.44,233.46,44.3,157.328,233.572,233.671,2.286,12.836,0.0000062500,0.0004000000,184.3,0.1
2026-09-04T13:42:15.493+00:00,B_sell_A_buy,4.7958,-1.1042,233.44,233.46,44.3,157.328,233.572,233.671,2.286,12.836,0.0000062500,0.0004000000,184.3,0.1
2026-09-04T13:42:16.516+00:00,A_sell_B_buy,-8.8641,-14.7641,233.44,233.45,4.284,10.52,233.572,233.647,46.82,12.847,0.0000062500,0.0004000000,69.7,0.1
2026-09-04T13:42:16.516+00:00,B_sell_A_buy,5.2242,-0.6758,233.44,233.45,4.284,10.52,233.572,233.647,46.82,12.847,0.0000062500,0.0004000000,69.7,0.1
2026-09-04T13:42:17.525+00:00,A_sell_B_buy,-9.5064,-15.4064,233.43,233.44,4.2,234.122,233.581,233.652,2.083,12.847,0.0000062500,0.0004000000,212.7,0.1
2026-09-04T13:42:17.525+00:00,B_sell_A_buy,6.0379,0.1379,233.43,233.44,4.2,234.122,233.581,233.652,2.083,12.847,0.0000062500,0.0004000000,212.7,0.1
2026-09-04T13:42:18.586+00:00,A_sell_B_buy,-8.9949,-14.8949,233.37,233.39,17.641,44.3,233.518,233.58,153.04,78.207,0.0000062500,0.0004000000,0.1,114.3
2026-09-04T13:42:18.586+00:00,B_sell_A_buy,5.4826,-0.4174,233.37,233.39,17.641,44.3,233.518,233.58,153.04,78.207,0.0000062500,0.0004000000,0.1,114.3
2026-09-04T13:42:19.672+00:00,A_sell_B_buy,-10.5356,-16.4356,233.38,233.43,197.819,247.248,233.541,233.626,2.143,0.768,0.0000062500,0.0004000000,0.1,93.3
2026-09-04T13:42:19.672+00:00,B_sell_A_buy,4.7539,-1.1461,233.38,233.43,197.819,247.248,233.541,233.626,2.143,0.768,0.0000062500,0.0004000000,0.1,93.3
2026-09-04T13:42:20.697+00:00,A_sell_B_buy,-9.4649,-15.3649,233.4,233.41,2.063,18.491,233.548,233.621,2.052,32.493,0.0000062500,0.0004000000,0.1,67.4
2026-09-04T13:42:20.697+00:00,B_sell_A_buy,5.9102,0.0102,233.4,233.41,2.063,18.491,233.548,233.621,2.052,32.493,0.0000062500,0.0004000000,0.1,67.4
2026-09-04T13:42:21.720+00:00,A_sell_B_buy,-14.1726,-20.0726,233.41,233.42,88.6,176.726,233.628,233.741,2.007,12.791,0.0000062500,0.0004000000,105.0,0.0
2026-09-04T13:42:21.720+00:00,B_sell_A_buy,8.9060,3.0060,233.41,233.42,88.6,176.726,233.628,233.741,2.007,12.791,0.0000062500,0.0004000000,105.0,0.0
2026-09-04T13:42:22.786+00:00,A_sell_B_buy,-10.3605,-16.2605,233.47,233.5,17.981,88.6,233.635,233.712,44.534,70.206,0.0000062500,0.0004000000,68.6,0.1
2026-09-04T13:42:22.786+00:00,B_sell_A_buy,5.7796,-0.1204,233.47,233.5,17.981,88.6,233.635,233.712,44.534,70.206,0.0000062500,0.0004000000,68.6,0.1
2026-09-04T13:42:23.809+00:00,A_sell_B_buy,-10.8318,-16.7318,233.46,233.48,18.685,215.201,233.636,233.713,1.851,45.307,0.0000062500,0.0004000000,0.1,143.2
2026-09-04T13:42:23.809+00:00,B_sell_A_buy,6.6789,0.7789,233.46,233.48,18.685,215.201,233.636,233.713,1.851,45.307,0.0000062500,0.0004000000,0.1,143.2
2026-09-04T13:42:24.902+00:00,A_sell_B_buy,-10.3599,-16.2599,233.49,233.51,61.634,184.942,233.641,233.732,46.476,12.836,0.0000062500,0.0004000000,0.1,270.2
2026-09-04T13:42:24.902+00:00,B_sell_A_buy,5.6080,-0.2920,233.49,233.51,61.634,184.942,233.641,233.732,46.476,12.836,0.0000062500,0.0004000000,0.1,270.2
2026-09-04T13:42:25.912+00:00,A_sell_B_buy,-11.0446,-16.9446,233.48,233.49,198.685,1.921,233.687,233.738,2.238,25.672,0.0000062500,0.0004000000,0.1,39.0
2026-09-04T13:42:25.912+00:00,B_sell_A_buy,8.4333,2.5333,233.48,233.49,198.685,1.921,233.687,233.738,2.238,25.672,0.0000062500,0.0004000000,0.1,39.0
2026-09-04T13:42:26.954+00:00,A_sell_B_buy,-10.1890,-16.0890,233.48,233.5,236.384,44.3,233.643,233.718,46.688,69.78,0.0000062500,0.0004000000,258.8,0.1
2026-09-04T13:42:26.954+00:00,B_sell_A_buy,6.1220,0.2220,233.48,233.5,236.384,44.3,233.643,233.718,46.688,69.78,0.0000062500,0.0004000000,258.8,0.1
2026-09-04T13:42:28.029+00:00,A_sell_B_buy,-7.4925,-13.3925,233.48,233.49,198.878,90.014,233.643,233.655,44.534,12.836,0.0000062500,0.0004000000,257.2,0.1
2026-09-04T13:42:28.029+00:00,B_sell_A_buy,6.5506,0.6506,233.48,233.49,198.878,90.014,233.643,233.655,44.534,12.836,0.0000062500,0.0004000000,257.2,0.1
2026-09-04T13:42:29.056+00:00,A_sell_B_buy,-8.0918,-13.9918,233.48,233.49,219.387,4.201,233.644,233.669,46.506,70.206,0.0000062500,0.0004000000,0.1,363.6
2026-09-04T13:42:29.056+00:00,B_sell_A_buy,6.5933,0.6933,233.48,233.49,219.387,4.201,233.644,233.669,46.506,70.206,0.0000062500,0.0004000000,0.1,363.6
2026-09-04T13:42:30.080+00:00,A_sell_B_buy,-9.7611,-15.6611,233.48,233.49,198.685,4.201,233.645,233.708,1.995,0.778,0.0000062500,0.0004000000,0.1,90.0
2026-09-04T13:42:30.080+00:00,B_sell_A_buy,6.6358,0.7358,233.48,233.49,198.685,4.201,233.645,233.708,1.995,0.778,0.0000062500,0.0004000000,0.1,90.0
2026-09-04T13:42:31.096+00:00,A_sell_B_buy,-10.8740,-16.7740,233.48,233.49,198.685,100.392,233.632,233.734,0.803,25.672,0.0000062500,0.0004000000,317.8,0.1
2026-09-04T13:42:31.096+00:00,B_sell_A_buy,6.0792,0.1792,233.48,233.49,198.685,100.392,233.632,233.734,0.803,25.672,0.0000062500,0.0004000000,317.8,0.1
2026-09-04T13:42:32.115+00:00,A_sell_B_buy,-9.3327,-15.2327,233.49,233.51,4.283,218.27,233.643,233.708,0.803,44.534,0.0000062500,0.0004000000,62.8,0.1
2026-09-04T13:42:32.115+00:00,B_sell_A_buy,5.6938,-0.2062,233.49,233.51,4.283,218.27,233.643,233.708,0.803,44.534,0.0000062500,0.0004000000,62.8,0.1
2026-09-04T13:42:33.120+00:00,A_sell_B_buy,-10.2738,-16.1738,233.5,233.52,28.927,45.849,233.659,233.74,22.527,32.493,0.0000062500,0.0004000000,298.5,0.1
2026-09-04T13:42:33.120+00:00,B_sell_A_buy,5.9502,0.0502,233.5,233.52,28.927,45.849,233.659,233.74,22.527,32.493,0.0000062500,0.0004000000,298.5,0.1
2026-09-04T13:42:34.124+00:00,A_sell_B_buy,-8.9921,-14.8921,233.45,233.47,0.856,81.84,233.574,233.66,2.107,12.836,0.0000062500,0.0004000000,91.3,0.1
2026-09-04T13:42:34.124+00:00,B_sell_A_buy,4.4532,-1.4468,233.45,233.47,0.856,81.84,233.574,233.66,2.107,12.836,0.0000062500,0.0004000000,91.3,0.1
2026-09-04T13:42:35.132+00:00,A_sell_B_buy,-9.4201,-15.3201,233.44,233.45,129.443,150.404,233.624,233.66,2.289,12.836,0.0000062500,0.0004000000,28.0,0.1
2026-09-04T13:42:35.132+00:00,B_sell_A_buy,7.4504,1.5504,233.44,233.45,129.443,150.404,233.624,233.66,2.289,12.836,0.0000062500,0.0004000000,28.0,0.1
2026-09-04T13:42:36.196+00:00,A_sell_B_buy,-10.3189,-16.2189,233.44,233.45,21.509,219.607,233.634,233.681,2.235,25.672,0.0000062500,0.0004000000,146.1,0.1
2026-09-04T13:42:36.196+00:00,B_sell_A_buy,7.8784,1.9784,233.44,233.45,21.509,219.607,233.634,233.681,2.235,25.672,0.0000062500,0.0004000000,146.1,0.1
2026-09-04T13:42:37.227+00:00,A_sell_B_buy,-10.1049,-16.0049,233.45,233.46,18.553,136.653,233.607,233.686,3.843,12.836,0.0000062500,0.0004000000,0.1,35.2
2026-09-04T13:42:37.227+00:00,B_sell_A_buy,6.2941,0.3941,233.45,233.46,18.553,136.653,233.607,233.686,3.843,12.836,0.0000062500,0.0004000000,0.1,35.2
2026-09-04T13:42:38.268+00:00,A_sell_B_buy,-10.1903,-16.0903,233.45,233.46,27.099,352.529,233.623,233.688,44.534,109.301,0.0000062500,0.0004000000,403.5,0.1
2026-09-04T13:42:38.268+00:00,B_sell_A_buy,6.9791,1.0791,233.45,233.46,27.099,352.529,233.623,233.688,44.534,109.301,0.0000062500,0.0004000000,403.5,0.1
2026-09-04T13:42:39.272+00:00,A_sell_B_buy,-9.7631,-15.6631,233.43,233.45,177.329,89.309,233.592,233.658,48.226,78.207,0.0000062500,0.0004000000,33.7,0.0
2026-09-04T13:42:39.272+00:00,B_sell_A_buy,6.0805,0.1805,233.43,233.45,177.329,89.309,233.592,233.658,48.226,78.207,0.0000062500,0.0004000000,33.7,0.0
2026-09-04T13:42:40.312+00:00,A_sell_B_buy,-9.3779,-15.2779,233.43,233.44,159.638,272.584,233.592,233.649,44.534,12.787,0.0000062500,0.0004000000,45.1,0.1
2026-09-04T13:42:40.312+00:00,B_sell_A_buy,6.5089,0.6089,233.43,233.44,159.638,272.584,233.592,233.649,44.534,12.787,0.0000062500,0.0004000000,45.1,0.1
2026-09-04T13:42:41.325+00:00,A_sell_B_buy,-7.0233,-12.9233,233.43,233.46,159.638,232.53,233.544,233.594,2.651,32.493,0.0000062500,0.0004000000,104.5,0.0
2026-09-04T13:42:41.325+00:00,B_sell_A_buy,3.5973,-2.3027,233.43,233.46,159.638,232.53,233.544,233.594,2.651,32.493,0.0000062500,0.0004000000,104.5,0.0
2026-09-04T13:42:42.385+00:00,A_sell_B_buy,-7.4518,-13.3518,233.43,233.44,159.638,493.87,233.527,233.604,0.771,12.836,0.0000062500,0.0004000000,0.1,181.1
2026-09-04T13:42:42.385+00:00,B_sell_A_buy,3.7259,-2.1741,233.43,233.44,159.638,493.87,233.527,233.604,0.771,12.836,0.0000062500,0.0004000000,0.1,181.1
2026-09-04T13:42:43.404+00:00,A_sell_B_buy,-8.0527,-13.9527,233.38,233.39,176.093,886.922,233.505,233.568,2.183,70.206,0.0000062500,0.0004000000,0.1,211.4
2026-09-04T13:42:43.404+00:00,B_sell_A_buy,4.9259,-0.9741,233.38,233.39,176.093,886.922,233.505,233.568,2.183,70.206,0.0000062500,0.0004000000,0.1,211.4
2026-09-04T13:42:44.469+00:00,A_sell_B_buy,-10.8369,-16.7369,233.35,233.36,24.917,340.52,233.532,233.603,44.534,46.351,0.0000062500,0.0004000000,155.9,0.1
2026-09-04T13:42:44.469+00:00,B_sell_A_buy,7.3674,1.4674,233.35,233.36,24.917,340.52,233.532,233.603,44.534,46.351,0.0000062500,0.0004000000,155.9,0.1
2026-09-04T13:42:45.474+00:00,A_sell_B_buy,-7.1975,-13.0975,233.35,233.36,23.126,489.556,233.429,233.518,2.087,0.797,0.0000062500,0.0004000000,102.7,0.1
2026-09-04T13:42:45.474+00:00,B_sell_A_buy,2.9561,-2.9439,233.35,233.36,23.126,489.556,233.429,233.518,2.087,0.797,0.0000062500,0.0004000000,102.7,0.1
2026-09-04T13:42:46.489+00:00,A_sell_B_buy,-10.2859,-16.1859,233.22,233.25,189.934,97.89,233.391,233.46,2.117,128.543,0.0000062500,0.0004000000,0.2,66.8
2026-09-04T13:42:46.489+00:00,B_sell_A_buy,6.0429,0.1429,233.22,233.25,189.934,97.89,233.391,233.46,2.117,128.543,0.0000062500,0.0004000000,0.2,66.8
2026-09-04T13:42:47.526+00:00,A_sell_B_buy,-12.0410,-17.9410,233.23,233.24,69.085,221.59,233.494,233.511,2.078,12.837,0.0000062500,0.0004000000,79.3,0.1
2026-09-04T13:42:47.526+00:00,B_sell_A_buy,10.8841,4.9841,233.23,233.24,69.085,221.59,233.494,233.511,2.078,12.837,0.0000062500,0.0004000000,79.3,0.1
2026-09-04T13:42:48.559+00:00,A_sell_B_buy,-12.4652,-18.3652,233.31,233.34,197.819,213.955,233.55,233.601,2.291,0.774,0.0000062500,0.0004000000,381.1,0.0
2026-09-04T13:42:48.559+00:00,B_sell_A_buy,8.9955,3.0955,233.31,233.34,197.819,213.955,233.55,233.601,2.291,0.774,0.0000062500,0.0004000000,381.1,0.0
2026-09-04T13:42:49.634+00:00,A_sell_B_buy,-10.1509,-16.0509,233.36,233.37,107.516,31.855,233.576,233.597,2.033,12.837,0.0000062500,0.0004000000,172.0,0.1
2026-09-04T13:42:49.634+00:00,B_sell_A_buy,8.8232,2.9232,233.36,233.37,107.516,31.855,233.576,233.597,2.033,12.837,0.0000062500,0.0004000000,172.0,0.1
2026-09-04T13:42:50.699+00:00,A_sell_B_buy,-11.3065,-17.2065,233.37,233.38,264.881,1.617,233.588,233.634,2.042,12.837,0.0000062500,0.0004000000,72.9,0.1
2026-09-04T13:42:50.699+00:00,B_sell_A_buy,8.9082,3.0082,233.37,233.38,264.881,1.617,233.588,233.634,2.042,12.837,0.0000062500,0.0004000000,72.9,0.1
2026-09-04T13:42:51.703+00:00,A_sell_B_buy,-8.6511,-14.5511,233.41,233.42,132.9,17.227,233.54,233.612,1.888,0.767,0.0000062500,0.0004000000,280.2,0.1
2026-09-04T13:42:51.703+00:00,B_sell_A_buy,5.1393,-0.7607,233.41,233.42,132.9,17.227,233.54,233.612,1.888,0.767,0.0000062500,0.0004000000,280.2,0.1
2026-09-04T13:42:52.718+00:00,A_sell_B_buy,-10.1514,-16.0514,233.36,233.38,18.181,29.608,233.528,233.597,1.978,0.766,0.0000062500,0.0004000000,30.7,0.1
2026-09-04T13:42:52.718+00:00,B_sell_A_buy,6.3392,0.4392,233.36,233.38,18.181,29.608,233.528,233.597,1.978,0.766,0.0000062500,0.0004000000,30.7,0.1
2026-09-04T13:42:53.751+00:00,A_sell_B_buy,-13.0190,-18.9190,233.36,233.38,20.622,209.117,233.617,233.664,2.018,12.837,0.0000062500,0.0004000000,0.1,123.0
2026-09-04T13:42:53.751+00:00,B_sell_A_buy,10.1497,4.2497,233.36,233.38,20.622,209.117,233.617,233.664,2.018,12.837,0.0000062500,0.0004000000,0.1,123.0
2026-09-04T13:42:54.789+00:00,A_sell_B_buy,-8.7346,-14.6346,233.46,233.47,4.283,21.671,233.621,233.664,1.953,57.37,0.0000062500,0.0004000000,0.1,265.9
2026-09-04T13:42:54.789+00:00,B_sell_A_buy,6.4653,0.5653,233.46,233.47,4.283,21.671,233.621,233.664,1.953,57.37,0.0000062500,0.0004000000,0.1,265.9
2026-09-04T13:42:55.799+00:00,A_sell_B_buy,-7.7503,-13.6503,233.45,233.46,4.284,40.681,233.615,233.631,46.48,12.837,0.0000062500,0.0004000000,0.1,165.9
2026-09-04T13:42:55.799+00:00,B_sell_A_buy,6.6370,0.7370,233.45,233.46,4.284,40.681,233.615,233.631,46.48,12.837,0.0000062500,0.0004000000,0.1,165.9
2026-09-04T13:42:56.799+00:00,A_sell_B_buy,-8.0502,-13.9502,233.45,233.48,23.673,22.582,233.575,233.638,2.275,12.836,0.0000062500,0.0004000000,113.1,0.1
2026-09-04T13:42:56.799+00:00,B_sell_A_buy,4.0679,-1.8321,233.45,233.48,23.673,22.582,233.575,233.638,2.275,12.836,0.0000062500,0.0004000000,113.1,0.1
2026-09-04T13:42:57.831+00:00,A_sell_B_buy,-7.4109,-13.3109,233.38,233.39,142.405,186.458,233.442,233.553,1.027,12.836,0.0000062500,0.0004000000,39.7,0.1
2026-09-04T13:42:57.831+00:00,B_sell_A_buy,2.2275,-3.6725,233.38,233.39,142.405,186.458,233.442,233.553,1.027,12.836,0.0000062500,0.0004000000,39.7,0.1
2026-09-04T13:42:58.887+00:00,A_sell_B_buy,-13.2806,-19.1806,233.27,233.32,74.348,42.721,233.522,233.58,2.219,108.506,0.0000062500,0.0004000000,71.0,0.1
2026-09-04T13:42:58.887+00:00,B_sell_A_buy,8.6538,2.7538,233.27,233.32,74.348,42.721,233.522,233.58,2.219,108.506,0.0000062500,0.0004000000,71.0,0.1
2026-09-04T13:42:59.918+00:00,A_sell_B_buy,-9.8521,-15.7521,233.35,233.36,4.285,8.6,233.521,233.58,3.78,108.506,0.0000062500,0.0004000000,0.0,59.7
2026-09-04T13:42:59.918+00:00,B_sell_A_buy,6.8965,0.9965,233.35,233.36,4.285,8.6,233.521,233.58,3.78,108.506,0.0000062500,0.0004000000,0.0,59.7
2026-09-04T13:43:00.938+00:00,A_sell_B_buy,-10.7079,-16.6079,233.36,233.37,44.3,206.732,233.55,233.61,46.711,121.307,0.0000062500,0.0004000000,0.1,68.2
2026-09-04T13:43:00.938+00:00,B_sell_A_buy,7.7097,1.8097,233.36,233.37,44.3,206.732,233.55,233.61,46.711,121.307,0.0000062500,0.0004000000,0.1,68.2
2026-09-04T13:43:01.947+00:00,A_sell_B_buy,-9.0382,-14.9382,233.36,233.37,24.631,206.732,233.518,233.571,46.773,32.493,0.0000062500,0.0004000000,47.7,0.1
2026-09-04T13:43:01.947+00:00,B_sell_A_buy,6.3396,0.4396,233.36,233.37,24.631,206.732,233.518,233.571,46.773,32.493,0.0000062500,0.0004000000,47.7,0.1
2026-09-04T13:43:02.960+00:00,A_sell_B_buy,-8.3532,-14.2532,233.35,233.36,0.643,177.234,233.519,233.545,1.662,12.837,0.0000062500,0.0004000000,154.2,0.1
2026-09-04T13:43:02.960+00:00,B_sell_A_buy,6.8111,0.9111,233.35,233.36,0.643,177.234,233.519,233.545,1.662,12.837,0.0000062500,0.0004000000,154.2,0.1
2026-09-04T13:43:03.966+00:00,A_sell_B_buy,-10.6228,-16.5228,233.35,233.36,50.421,151.905,233.534,233.598,2.139,0.768,0.0000062500,0.0004000000,141.6,0.1
2026-09-04T13:43:03.966+00:00,B_sell_A_buy,7.4531,1.5531,233.35,233.36,50.421,151.905,233.534,233.598,2.139,0.768,0.0000062500,0.0004000000,141.6,0.1
2026-09-04T13:43:04.994+00:00,A_sell_B_buy,-8.5692,-14.4692,233.3,233.35,138.412,59.049,233.427,233.5,2.281,128.519,0.0000062500,0.0004000000,63.0,0.0
2026-09-04T13:43:04.994+00:00,B_sell_A_buy,3.2991,-2.6009,233.3,233.35,138.412,59.049,233.427,233.5,2.281,128.519,0.0000062500,0.0004000000,63.0,0.0
2026-09-04T13:43:06.000+00:00,A_sell_B_buy,-9.3842,-15.2842,233.27,233.28,0.644,355.581,233.441,233.489,1.888,12.836,0.0000062500,0.0004000000,52.6,0.1
2026-09-04T13:43:06.000+00:00,B_sell_A_buy,6.8989,0.9989,233.27,233.28,0.644,355.581,233.441,233.489,1.888,12.836,0.0000062500,0.0004000000,52.6,0.1
2026-09-04T13:43:07.163+00:00,A_sell_B_buy,-9.3845,-15.2845,233.26,233.27,1.679,23.866,233.442,233.479,44.534,0.772,0.0000062500,0.0004000000,312.5,0.1
2026-09-04T13:43:07.163+00:00,B_sell_A_buy,7.3705,1.4705,233.26,233.27,1.679,23.866,233.442,233.479,44.534,0.772,0.0000062500,0.0004000000,312.5,0.1
2026-09-04T13:43:08.188+00:00,A_sell_B_buy,-9.6432,-15.5432,233.22,233.24,156.396,4.287,233.399,233.445,46.46,12.836,0.0000062500,0.0004000000,0.0,95.3
2026-09-04T13:43:08.188+00:00,B_sell_A_buy,6.8145,0.9145,233.22,233.24,156.396,4.287,233.399,233.445,46.46,12.836,0.0000062500,0.0004000000,0.0,95.3
2026-09-04T13:43:09.190+00:00,A_sell_B_buy,-9.2140,-15.1140,233.23,233.24,4.288,181.653,233.444,233.445,2.265,57.37,0.0000062500,0.0004000000,0.0,10.0
2026-09-04T13:43:09.190+00:00,B_sell_A_buy,8.7426,2.8426,233.23,233.24,4.288,181.653,233.444,233.445,2.265,57.37,0.0000062500,0.0004000000,0.0,10.0
2026-09-04T13:43:10.227+00:00,A_sell_B_buy,-9.2557,-15.1557,233.26,233.27,21.623,449.323,233.469,233.476,1.885,12.836,0.0000062500,0.0004000000,190.5,0.1
2026-09-04T13:43:10.227+00:00,B_sell_A_buy,8.5273,2.6273,233.26,233.27,21.623,449.323,233.469,233.476,1.885,12.836,0.0000062500,0.0004000000,190.5,0.1
2026-09-04T13:43:11.232+00:00,A_sell_B_buy,-13.5372,-19.4372,233.28,233.29,22.958,8.736,233.557,233.596,2.109,12.836,0.0000062500,0.0004000000,72.1,0.1
2026-09-04T13:43:11.232+00:00,B_sell_A_buy,11.4381,5.5381,233.28,233.29,22.958,8.736,233.557,233.596,2.109,12.836,0.0000062500,0.0004000000,72.1,0.1
2026-09-04T13:43:12.236+00:00,A_sell_B_buy,-6.3831,-12.2831,233.37,233.38,44.3,21.703,233.451,233.519,1.012,32.493,0.0000062500,0.0004000000,25.1,0.1
2026-09-04T13:43:12.236+00:00,B_sell_A_buy,3.0416,-2.8584,233.37,233.38,44.3,21.703,233.451,233.519,1.012,32.493,0.0000062500,0.0004000000,25.1,0.1
2026-09-04T13:43:13.247+00:00,A_sell_B_buy,-8.8686,-14.7686,233.31,233.34,86.615,25.777,233.467,233.517,1.99,12.836,0.0000062500,0.0004000000,125.5,0.1
2026-09-04T13:43:13.247+00:00,B_sell_A_buy,5.4411,-0.4589,233.31,233.34,86.615,25.777,233.467,233.517,1.99,12.836,0.0000062500,0.0004000000,125.5,0.1
2026-09-04T13:43:14.266+00:00,A_sell_B_buy,-9.3394,-15.2394,233.32,233.33,88.515,0.891,233.489,233.538,2.281,25.672,0.0000062500,0.0004000000,220.3,0.1
2026-09-04T13:43:14.266+00:00,B_sell_A_buy,6.8118,0.9118,233.32,233.33,88.515,0.891,233.489,233.538,2.281,25.672,0.0000062500,0.0004000000,220.3,0.1
2026-09-04T13:43:15.266+00:00,A_sell_B_buy,-11.1801,-17.0801,233.32,233.35,44.3,18.963,233.554,233.581,12.836,12.836,0.0000062500,0.0004000000,82.0,0.1
2026-09-04T13:43:15.266+00:00,B_sell_A_buy,8.7384,2.8384,233.32,233.35,44.3,18.963,233.554,233.581,12.836,12.836,0.0000062500,0.0004000000,82.0,0.1
2026-09-04T13:43:16.268+00:00,A_sell_B_buy,-10.0224,-15.9224,233.38,233.39,132.9,25.984,233.527,233.614,12.836,0.773,0.0000062500,0.0004000000,65.3,0.0
2026-09-04T13:43:16.268+00:00,B_sell_A_buy,5.8678,-0.0322,233.38,233.39,132.9,25.984,233.527,233.614,12.836,0.773,0.0000062500,0.0004000000,65.3,0.0
2026-09-04T13:43:17.362+00:00,A_sell_B_buy,-9.5099,-15.4099,233.34,233.36,149.582,57.905,233.505,233.562,44.534,1.012,0.0000062500,0.0004000000,106.6,0.1
2026-09-04T13:43:17.362+00:00,B_sell_A_buy,6.2114,0.3114,233.34,233.36,149.582,57.905,233.505,233.562,44.534,1.012,0.0000062500,0.0004000000,106.6,0.1
2026-09-04T13:43:18.411+00:00,A_sell_B_buy,-9.5546,-15.4546,233.3,233.31,208.026,218.438,233.444,233.523,46.65,0.753,0.0000062500,0.0004000000,66.9,0.1
2026-09-04T13:43:18.411+00:00,B_sell_A_buy,5.7414,-0.1586,233.3,233.31,208.026,218.438,233.444,233.523,46.65,0.753,0.0000062500,0.0004000000,66.9,0.1
2026-09-04T13:43:19.420+00:00,A_sell_B_buy,-8.9547,-14.8547,233.3,233.31,225.248,393.235,233.465,233.509,2.14,70.206,0.0000062500,0.0004000000,88.8,0.1
2026-09-04T13:43:19.420+00:00,B_sell_A_buy,6.6411,0.7411,233.3,233.31,225.248,393.235,233.465,233.509,2.14,70.206,0.0000062500,0.0004000000,88.8,0.1
2026-09-04T13:43:20.457+00:00,A_sell_B_buy,-7.7983,-13.6983,233.3,233.31,207.597,326.111,233.443,233.482,2.268,57.341,0.0000062500,0.0004000000,84.8,0.1
2026-09-04T13:43:20.457+00:00,B_sell_A_buy,5.6988,-0.2012,233.3,233.31,207.597,326.111,233.443,233.482,2.268,57.341,0.0000062500,0.0004000000,84.8,0.1
2026-09-04T13:43:21.470+00:00,A_sell_B_buy,-9.4274,-15.3274,233.26,233.28,51.02,109.219,233.432,233.48,1.867,25.672,0.0000062500,0.0004000000,46.4,0.1
2026-09-04T13:43:21.470+00:00,B_sell_A_buy,6.5135,0.6135,233.26,233.28,51.02,109.219,233.432,233.48,1.867,25.672,0.0000062500,0.0004000000,46.4,0.1
2026-09-04T13:43:22.596+00:00,A_sell_B_buy,-8.9987,-14.8987,233.27,233.28,40.177,164.108,233.433,233.48,44.534,70.206,0.0000062500,0.0004000000,441.6,0.1
2026-09-04T13:43:22.596+00:00,B_sell_A_buy,6.5562,0.6562,233.27,233.28,40.177,164.108,233.433,233.48,44.534,70.206,0.0000062500,0.0004000000,441.6,0.1
2026-09-04T13:43:23.837+00:00,A_sell_B_buy,-9.2569,-15.1569,233.24,233.26,17.96,86.651,233.405,233.456,1.956,0.74,0.0000062500,0.0004000000,378.2,0.0
2026-09-04T13:43:23.837+00:00,B_sell_A_buy,6.2141,0.3141,233.24,233.26,17.96,86.651,233.405,233.456,1.956,0.74,0.0000062500,0.0004000000,378.2,0.0
2026-09-04T13:43:24.838+00:00,A_sell_B_buy,-11.0147,-16.9147,233.22,233.23,132.878,432.698,233.367,233.477,10.374,10.369,0.0000062500,0.0004000000,69.6,0.1
2026-09-04T13:43:24.838+00:00,B_sell_A_buy,5.8717,-0.0283,233.22,233.23,132.878,432.698,233.367,233.477,10.374,10.369,0.0000062500,0.0004000000,69.6,0.1
2026-09-04T13:43:25.869+00:00,A_sell_B_buy,-10.0710,-15.9710,233.23,233.25,37.71,8.736,233.427,233.465,2.288,12.836,0.0000062500,0.0004000000,49.9,0.1
2026-09-04T13:43:25.869+00:00,B_sell_A_buy,7.5854,1.6854,233.23,233.25,37.71,8.736,233.427,233.465,2.288,12.836,0.0000062500,0.0004000000,49.9,0.1
2026-09-04T13:43:26.872+00:00,A_sell_B_buy,-9.6423,-15.5423,233.24,233.26,21.75,295.835,233.421,233.465,44.534,12.836,0.0000062500,0.0004000000,28.7,0.1
2026-09-04T13:43:26.872+00:00,B_sell_A_buy,6.8996,0.9996,233.24,233.26,21.75,295.835,233.421,233.465,44.534,12.836,0.0000062500,0.0004000000,28.7,0.1
2026-09-04T13:43:27.875+00:00,A_sell_B_buy,-8.4436,-14.3436,233.22,233.23,132.878,317.342,233.382,233.417,1.646,25.672,0.0000062500,0.0004000000,2.8,0.0
2026-09-04T13:43:27.875+00:00,B_sell_A_buy,6.5149,0.6149,233.22,233.23,132.878,317.342,233.382,233.417,1.646,25.672,0.0000062500,0.0004000000,2.8,0.0
2026-09-04T13:43:28.906+00:00,A_sell_B_buy,-10.3288,-16.2288,233.22,233.23,132.878,212.571,233.404,233.461,2.197,12.836,0.0000062500,0.0004000000,411.5,0.1
2026-09-04T13:43:28.906+00:00,B_sell_A_buy,7.4573,1.5573,233.22,233.23,132.878,212.571,233.404,233.461,2.197,12.836,0.0000062500,0.0004000000,411.5,0.1
2026-09-04T13:43:29.954+00:00,A_sell_B_buy,-8.4438,-14.3438,233.22,233.23,137.166,4.288,233.361,233.417,2.284,25.672,0.0000062500,0.0004000000,0.1,85.6
2026-09-04T13:43:29.954+00:00,B_sell_A_buy,5.6149,-0.2851,233.22,233.23,137.166,4.288,233.361,233.417,2.284,25.672,0.0000062500,0.0004000000,0.1,85.6
2026-09-04T13:43:30.988+00:00,A_sell_B_buy,-9.8616,-15.7616,233.12,233.16,22.621,315.273,233.285,233.35,2.166,12.836,0.0000062500,0.0004000000,35.4,0.1
2026-09-04T13:43:30.988+00:00,B_sell_A_buy,5.3595,-0.5405,233.12,233.16,22.621,315.273,233.285,233.35,2.166,12.836,0.0000062500,0.0004000000,35.4,0.1
2026-09-04T13:43:31.989+00:00,A_sell_B_buy,-11.7920,-17.6920,233.08,233.09,149.068,142.227,233.31,233.355,2.064,12.836,0.0000062500,0.0004000000,162.1,0.1
2026-09-04T13:43:31.989+00:00,B_sell_A_buy,9.4336,3.5336,233.08,233.09,149.068,142.227,233.31,233.355,2.064,12.836,0.0000062500,0.0004000000,162.1,0.1
2026-09-04T13:43:32.993+00:00,A_sell_B_buy,-14.4898,-20.3898,233.11,233.12,616.625,0.833,233.394,233.448,2.061,12.836,0.0000062500,0.0004000000,74.5,0.1
2026-09-04T13:43:32.993+00:00,B_sell_A_buy,11.7461,5.8461,233.11,233.12,616.625,0.833,233.394,233.448,2.061,12.836,0.0000062500,0.0004000000,74.5,0.1
2026-09-04T13:43:34.017+00:00,A_sell_B_buy,-10.6274,-16.5274,233.23,233.25,53.595,21.768,233.477,233.478,1.847,12.836,0.0000062500,0.0004000000,67.9,0.1
2026-09-04T13:43:34.017+00:00,B_sell_A_buy,9.7275,3.8275,233.23,233.25,53.595,21.768,233.477,233.478,1.847,12.836,0.0000062500,0.0004000000,67.9,0.1
2026-09-04T13:43:35.067+00:00,A_sell_B_buy,-9.7245,-15.6245,233.32,233.35,4.286,0.052,233.51,233.547,46.463,108.506,0.0000062500,0.0004000000,83.0,0.1
2026-09-04T13:43:35.067+00:00,B_sell_A_buy,6.8543,0.9543,233.32,233.35,4.286,0.052,233.51,233.547,46.463,108.506,0.0000062500,0.0004000000,83.0,0.1
2026-09-04T13:43:36.076+00:00,A_sell_B_buy,-7.4552,-13.3552,233.32,233.33,2.063,44.585,233.434,233.494,1.888,12.836,0.0000062500,0.0004000000,109.4,0.1
2026-09-04T13:43:36.076+00:00,B_sell_A_buy,4.4560,-1.4440,233.32,233.33,2.063,44.585,233.434,233.494,1.888,12.836,0.0000062500,0.0004000000,109.4,0.1
2026-09-04T13:43:37.120+00:00,A_sell_B_buy,-7.5414,-13.4414,233.3,233.31,188.471,22.923,233.427,233.476,1.98,12.837,0.0000062500,0.0004000000,252.7,0.1
2026-09-04T13:43:37.120+00:00,B_sell_A_buy,5.0133,-0.8867,233.3,233.31,188.471,22.923,233.427,233.476,1.98,12.837,0.0000062500,0.0004000000,252.7,0.1
2026-09-04T13:43:38.130+00:00,A_sell_B_buy,-6.3859,-12.2859,233.26,233.27,155.292,132.9,233.37,233.409,2.093,0.727,0.0000062500,0.0004000000,99.0,0.1
2026-09-04T13:43:38.130+00:00,B_sell_A_buy,4.2858,-1.6142,233.26,233.27,155.292,132.9,233.37,233.409,2.093,0.727,0.0000062500,0.0004000000,99.0,0.1
2026-09-04T13:43:39.137+00:00,A_sell_B_buy,-6.6874,-12.5874,233.21,233.22,155.325,370.554,233.301,233.366,46.511,78.207,0.0000062500,0.0004000000,95.7,0.0
2026-09-04T13:43:39.137+00:00,B_sell_A_buy,3.4723,-2.4277,233.21,233.22,155.325,370.554,233.301,233.366,46.511,78.207,0.0000062500,0.0004000000,95.7,0.0
2026-09-04T13:43:40.197+00:00,A_sell_B_buy,-10.2026,-16.1026,233.16,233.19,32.701,21.777,233.348,233.398,1.928,108.506,0.0000062500,0.0004000000,0.1,418.3
2026-09-04T13:43:40.197+00:00,B_sell_A_buy,6.7732,0.8732,233.16,233.19,32.701,21.777,233.348,233.398,1.928,108.506,0.0000062500,0.0004000000,0.1,418.3
2026-09-04T13:43:41.247+00:00,A_sell_B_buy,-9.2182,-15.1182,233.14,233.16,68.903,44.3,233.287,233.355,2.219,12.824,0.0000062500,0.0004000000,0.1,72.0
2026-09-04T13:43:41.247+00:00,B_sell_A_buy,5.4451,-0.4549,233.14,233.16,68.903,44.3,233.287,233.355,2.219,12.824,0.0000062500,0.0004000000,0.1,72.0
2026-09-04T13:43:42.294+00:00,A_sell_B_buy,-10.2480,-16.1480,233.11,233.13,123.224,152.184,233.276,233.349,46.582,0.721,0.0000062500,0.0004000000,63.9,0.1
2026-09-04T13:43:42.294+00:00,B_sell_A_buy,6.2603,0.3603,233.11,233.13,123.224,152.184,233.276,233.349,46.582,0.721,0.0000062500,0.0004000000,63.9,0.1
2026-09-04T13:43:43.306+00:00,A_sell_B_buy,-9.2610,-15.1610,233.13,233.16,94.687,70.975,233.308,233.346,1.978,57.371,0.0000062500,0.0004000000,37.4,0.1
2026-09-04T13:43:43.306+00:00,B_sell_A_buy,6.3455,0.4455,233.13,233.16,94.687,70.975,233.308,233.346,1.978,57.371,0.0000062500,0.0004000000,37.4,0.1
2026-09-04T13:43:44.312+00:00,A_sell_B_buy,-8.3182,-14.2182,233.13,233.14,51.074,17.215,233.298,233.324,44.534,25.672,0.0000062500,0.0004000000,136.3,0.1
2026-09-04T13:43:44.312+00:00,B_sell_A_buy,6.7746,0.8746,233.13,233.14,51.074,17.215,233.298,233.324,44.534,25.672,0.0000062500,0.0004000000,136.3,0.1
2026-09-04T13:43:45.347+00:00,A_sell_B_buy,-7.9334,-13.8334,233.11,233.12,123.224,177.2,233.236,233.295,1.917,0.724,0.0000062500,0.0004000000,36.0,0.1
2026-09-04T13:43:45.347+00:00,B_sell_A_buy,4.9745,-0.9255,233.11,233.12,123.224,177.2,233.236,233.295,1.917,0.724,0.0000062500,0.0004000000,36.0,0.1
2026-09-04T13:43:46.378+00:00,A_sell_B_buy,-7.9331,-13.8331,233.11,233.12,123.135,448.484,233.276,233.295,2.036,44.534,0.0000062500,0.0004000000,0.1,389.6
2026-09-04T13:43:46.378+00:00,B_sell_A_buy,6.6895,0.7895,233.11,233.12,123.135,448.484,233.276,233.295,2.036,44.534,0.0000062500,0.0004000000,0.1,389.6
2026-09-04T13:43:47.438+00:00,A_sell_B_buy,-8.6200,-14.5200,233.09,233.1,0.193,88.6,233.234,233.291,2.269,0.729,0.0000062500,0.0004000000,0.1,187.7
2026-09-04T13:43:47.438+00:00,B_sell_A_buy,5.7467,-0.1533,233.09,233.1,0.193,88.6,233.234,233.291,2.269,0.729,0.0000062500,0.0004000000,0.1,187.7
2026-09-04T13:43:48.488+00:00,A_sell_B_buy,-7.6337,-13.5337,233.09,233.1,0.193,428.711,233.25,233.268,2.215,12.837,0.0000062500,0.0004000000,302.7,0.1
2026-09-04T13:43:48.488+00:00,B_sell_A_buy,6.4329,0.5329,233.09,233.1,0.193,428.711,233.25,233.268,2.215,12.837,0.0000062500,0.0004000000,302.7,0.1
2026-09-04T13:43:49.531+00:00,A_sell_B_buy,-8.3196,-14.2196,233.09,233.1,0.193,284.999,233.259,233.284,1.875,12.836,0.0000062500,0.0004000000,191.1,0.1
2026-09-04T13:43:49.531+00:00,B_sell_A_buy,6.8187,0.9187,233.09,233.1,0.193,284.999,233.259,233.284,1.875,12.836,0.0000062500,0.0004000000,191.1,0.1
2026-09-04T13:43:50.540+00:00,A_sell_B_buy,-10.1664,-16.0664,232.98,233.1,18.682,841.467,233.188,233.217,2.112,12.836,0.0000062500,0.0004000000,0.1,35.5
2026-09-04T13:43:50.540+00:00,B_sell_A_buy,3.7749,-2.1251,232.98,233.1,18.682,841.467,233.188,233.217,2.112,12.836,0.0000062500,0.0004000000,0.1,35.5
2026-09-04T13:43:51.628+00:00,A_sell_B_buy,-10.5513,-16.4513,233.03,233.04,48.591,8.736,233.238,233.276,2.078,0.618,0.0000062500,0.0004000000,115.8,0.1
2026-09-04T13:43:51.628+00:00,B_sell_A_buy,8.4925,2.5925,233.03,233.04,48.591,8.736,233.238,233.276,2.078,0.618,0.0000062500,0.0004000000,115.8,0.1
2026-09-04T13:43:52.675+00:00,A_sell_B_buy,-9.1359,-15.0359,233.05,233.06,51.077,4.291,233.214,233.263,48.263,12.836,0.0000062500,0.0004000000,75.6,0.1
2026-09-04T13:43:52.675+00:00,B_sell_A_buy,6.6053,0.7053,233.05,233.06,51.077,4.291,233.214,233.263,48.263,12.836,0.0000062500,0.0004000000,75.6,0.1
2026-09-04T13:43:53.735+00:00,A_sell_B_buy,-7.7210,-13.6210,233.05,233.06,40.889,161.169,233.187,233.23,2.086,25.922,0.0000062500,0.0004000000,155.8,0.1
2026-09-04T13:43:53.735+00:00,B_sell_A_buy,5.4476,-0.4524,233.05,233.06,40.889,161.169,233.187,233.23,2.086,25.922,0.0000062500,0.0004000000,155.8,0.1
2026-09-04T13:43:54.775+00:00,A_sell_B_buy,-8.1499,-14.0499,233.04,233.05,191.735,250.833,233.205,233.23,46.198,70.456,0.0000062500,0.0004000000,60.9,0.1
2026-09-04T13:43:54.775+00:00,B_sell_A_buy,6.6486,0.7486,233.04,233.05,191.735,250.833,233.205,233.23,46.198,70.456,0.0000062500,0.0004000000,60.9,0.1
2026-09-04T13:43:55.824+00:00,A_sell_B_buy,-8.1499,-14.0499,233.04,233.05,199.563,212.891,233.211,233.23,2.222,70.456,0.0000062500,0.0004000000,0.1,310.4
2026-09-04T13:43:55.824+00:00,B_sell_A_buy,6.9059,1.0059,233.04,233.05,199.563,212.891,233.211,233.23,2.222,70.456,0.0000062500,0.0004000000,0.1,310.4
2026-09-04T13:43:56.988+00:00,A_sell_B_buy,-11.1060,-17.0060,233.08,233.09,195.858,0.806,233.316,233.339,2.115,44.534,0.0000062500,0.0004000000,0.1,405.8
2026-09-04T13:43:56.988+00:00,B_sell_A_buy,9.6910,3.7910,233.08,233.09,195.858,0.806,233.316,233.339,2.115,44.534,0.0000062500,0.0004000000,0.1,405.8
2026-09-04T13:43:57.999+00:00,A_sell_B_buy,-10.7622,-16.6622,233.11,233.12,449.386,0.49,233.303,233.361,3.6,0.818,0.0000062500,0.0004000000,202.0,0.0
2026-09-04T13:43:57.999+00:00,B_sell_A_buy,7.8466,1.9466,233.11,233.12,449.386,0.49,233.303,233.361,3.6,0.818,0.0000062500,0.0004000000,202.0,0.0
2026-09-04T13:43:59.031+00:00,A_sell_B_buy,-9.5187,-15.4187,233.12,233.13,46.86,8.736,233.308,233.342,21.5,0.817,0.0000062500,0.0004000000,260.9,0.1
2026-09-04T13:43:59.031+00:00,B_sell_A_buy,7.6321,1.7321,233.12,233.13,46.86,8.736,233.308,233.342,21.5,0.817,0.0000062500,0.0004000000,260.9,0.1
2026-09-04T13:44:00.108+00:00,A_sell_B_buy,-8.7458,-14.6458,233.15,233.17,177.2,17.548,233.341,233.354,2.046,12.836,0.0000062500,0.0004000000,120.9,0.1
2026-09-04T13:44:00.108+00:00,B_sell_A_buy,7.3311,1.4311,233.15,233.17,177.2,17.548,233.341,233.354,2.046,12.836,0.0000062500,0.0004000000,120.9,0.1
2026-09-04T13:44:01.150+00:00,A_sell_B_buy,-12.4708,-18.3708,233.21,233.22,97.899,20.052,233.452,233.501,2.153,25.672,0.0000062500,0.0004000000,102.5,0.1
2026-09-04T13:44:01.150+00:00,B_sell_A_buy,9.9423,4.0423,233.21,233.22,97.899,20.052,233.452,233.501,2.153,25.672,0.0000062500,0.0004000000,102.5,0.1
2026-09-04T13:44:02.153+00:00,A_sell_B_buy,-10.7560,-16.6560,233.25,233.26,132.9,12.545,233.424,233.501,12.836,12.836,0.0000062500,0.0004000000,83.7,0.0
2026-09-04T13:44:02.153+00:00,B_sell_A_buy,7.0278,1.1278,233.25,233.26,132.9,12.545,233.424,233.501,12.836,12.836,0.0000062500,0.0004000000,83.7,0.0
2026-09-04T13:44:03.168+00:00,A_sell_B_buy,-10.0274,-15.9274,233.25,233.26,139.514,12.545,233.444,233.484,44.534,25.672,0.0000062500,0.0004000000,284.2,0.0
2026-09-04T13:44:03.168+00:00,B_sell_A_buy,7.8848,1.9848,233.25,233.26,139.514,12.545,233.444,233.484,44.534,25.672,0.0000062500,0.0004000000,284.2,0.0
2026-09-04T13:44:04.319+00:00,A_sell_B_buy,-9.9413,-15.8413,233.27,233.28,44.3,17.309,233.43,233.502,2.202,128.519,0.0000062500,0.0004000000,516.7,0.1
2026-09-04T13:44:04.319+00:00,B_sell_A_buy,6.4275,0.5275,233.27,233.28,44.3,17.309,233.43,233.502,2.202,128.519,0.0000062500,0.0004000000,516.7,0.1
2026-09-04T13:44:05.348+00:00,A_sell_B_buy,-7.8856,-13.7856,233.26,233.27,159.522,27.1,233.372,233.444,2.089,25.672,0.0000062500,0.0004000000,39.5,0.1
2026-09-04T13:44:05.348+00:00,B_sell_A_buy,4.3714,-1.5286,233.26,233.27,159.522,27.1,233.372,233.444,2.089,25.672,0.0000062500,0.0004000000,39.5,0.1
2026-09-04T13:44:06.403+00:00,A_sell_B_buy,-9.4717,-15.3717,233.22,233.27,169.662,392.09,233.38,233.441,44.534,78.207,0.0000062500,0.0004000000,0.1,83.8
2026-09-04T13:44:06.403+00:00,B_sell_A_buy,4.7144,-1.1856,233.22,233.27,169.662,392.09,233.38,233.441,44.534,78.207,0.0000062500,0.0004000000,0.1,83.8
2026-09-04T13:44:07.479+00:00,A_sell_B_buy,-8.8280,-14.7280,233.25,233.27,44.3,30.413,233.413,233.456,46.455,44.534,0.0000062500,0.0004000000,0.1,126.9
2026-09-04T13:44:07.479+00:00,B_sell_A_buy,6.1282,0.2282,233.25,233.27,44.3,30.413,233.413,233.456,46.455,44.534,0.0000062500,0.0004000000,0.1,126.9
2026-09-04T13:44:08.653+00:00,A_sell_B_buy,-8.9568,-14.8568,233.24,233.26,22.528,152.173,233.42,233.449,1.93,25.672,0.0000062500,0.0004000000,0.1,235.9
2026-09-04T13:44:08.653+00:00,B_sell_A_buy,6.8569,0.9569,233.24,233.26,22.528,152.173,233.42,233.449,1.93,25.672,0.0000062500,0.0004000000,0.1,235.9
2026-09-04T13:44:09.666+00:00,A_sell_B_buy,-8.2289,-14.1289,233.23,233.25,90.7,4.287,233.393,233.422,2.205,44.534,0.0000062500,0.0004000000,224.3,0.1
2026-09-04T13:44:09.666+00:00,B_sell_A_buy,6.1288,0.2288,233.23,233.25,90.7,4.287,233.393,233.422,2.205,44.534,0.0000062500,0.0004000000,224.3,0.1
2026-09-04T13:44:10.668+00:00,A_sell_B_buy,-9.1703,-15.0703,233.26,233.28,44.3,0.806,233.43,233.474,1.972,12.836,0.0000062500,0.0004000000,30.5,0.1
2026-09-04T13:44:10.668+00:00,B_sell_A_buy,6.4278,0.5278,233.26,233.28,44.3,0.806,233.43,233.474,1.972,12.836,0.0000062500,0.0004000000,30.5,0.1
2026-09-04T13:44:11.695+00:00,A_sell_B_buy,-10.7136,-16.6136,233.23,233.26,121.345,13.023,233.42,233.48,12.836,12.836,0.0000062500,0.0004000000,127.1,0.1
2026-09-04T13:44:11.695+00:00,B_sell_A_buy,6.8567,0.9567,233.23,233.26,121.345,13.023,233.42,233.48,12.836,12.836,0.0000062500,0.0004000000,127.1,0.1
2026-09-04T13:44:12.713+00:00,A_sell_B_buy,-8.3133,-14.2133,233.27,233.29,44.3,431.648,233.423,233.464,46.387,57.37,0.0000062500,0.0004000000,67.2,0.1
2026-09-04T13:44:12.713+00:00,B_sell_A_buy,5.6993,-0.2007,233.27,233.29,44.3,431.648,233.423,233.464,46.387,57.37,0.0000062500,0.0004000000,67.2,0.1
2026-09-04T13:44:13.737+00:00,A_sell_B_buy,-8.6135,-14.5135,233.26,233.27,21.007,8.736,233.424,233.461,1.686,25.672,0.0000062500,0.0004000000,119.9,0.1
2026-09-04T13:44:13.737+00:00,B_sell_A_buy,6.5994,0.6994,233.26,233.27,21.007,8.736,233.424,233.461,1.686,25.672,0.0000062500,0.0004000000,119.9,0.1
2026-09-04T13:44:14.781+00:00,A_sell_B_buy,-8.8717,-14.7717,233.23,233.24,4.288,4.287,233.402,233.437,44.534,44.534,0.0000062500,0.0004000000,0.1,83.5
2026-09-04T13:44:14.781+00:00,B_sell_A_buy,6.9430,1.0430,233.23,233.24,4.288,4.287,233.402,233.437,44.534,44.534,0.0000062500,0.0004000000,0.1,83.5
2026-09-04T13:44:15.891+00:00,A_sell_B_buy,-10.9716,-16.8716,233.21,233.22,66.743,88.6,233.422,233.466,2.292,12.837,0.0000062500,0.0004000000,116.8,0.1
2026-09-04T13:44:15.891+00:00,B_sell_A_buy,8.6573,2.7573,233.21,233.22,66.743,88.6,233.422,233.466,2.292,12.837,0.0000062500,0.0004000000,116.8,0.1
2026-09-04T13:44:16.895+00:00,A_sell_B_buy,-7.7558,-13.6558,233.29,233.31,44.3,235.637,233.424,233.471,2.001,12.837,0.0000062500,0.0004000000,20.3,0.1
2026-09-04T13:44:16.895+00:00,B_sell_A_buy,4.8849,-1.0151,233.29,233.31,44.3,235.637,233.424,233.471,2.001,12.837,0.0000062500,0.0004000000,20.3,0.1
2026-09-04T13:44:17.898+00:00,A_sell_B_buy,-8.3133,-14.2133,233.27,233.28,22.911,8.736,233.429,233.464,46.398,25.672,0.0000062500,0.0004000000,0.1,276.3
2026-09-04T13:44:17.898+00:00,B_sell_A_buy,6.3850,0.4850,233.27,233.28,22.911,8.736,233.429,233.464,46.398,25.672,0.0000062500,0.0004000000,0.1,276.3
2026-09-04T13:44:18.911+00:00,A_sell_B_buy,-13.1959,-19.0959,233.27,233.29,21.741,17.545,233.487,233.578,21.5,12.81,0.0000062500,0.0004000000,187.7,0.1
2026-09-04T13:44:18.911+00:00,B_sell_A_buy,8.4402,2.5402,233.27,233.29,21.741,17.545,233.487,233.578,21.5,12.81,0.0000062500,0.0004000000,187.7,0.1
2026-09-04T13:44:19.918+00:00,A_sell_B_buy,-11.2230,-17.1230,233.34,233.35,132.9,0.052,233.504,233.602,2.269,108.506,0.0000062500,0.0004000000,127.3,0.0
2026-09-04T13:44:19.918+00:00,B_sell_A_buy,6.5967,0.6967,233.34,233.35,132.9,0.052,233.504,233.602,2.269,108.506,0.0000062500,0.0004000000,127.3,0.0
2026-09-04T13:44:20.920+00:00,A_sell_B_buy,-8.3092,-14.2092,233.39,233.41,44.3,25.785,233.525,233.584,2.251,12.836,0.0000062500,0.0004000000,37.4,0.1
2026-09-04T13:44:20.920+00:00,B_sell_A_buy,4.9255,-0.9745,233.39,233.41,44.3,25.785,233.525,233.584,2.251,12.836,0.0000062500,0.0004000000,37.4,0.1
2026-09-04T13:44:22.009+00:00,A_sell_B_buy,-10.7519,-16.6519,233.34,233.35,0.857,44.3,233.505,233.591,1.877,44.534,0.0000062500,0.0004000000,142.1,0.1
2026-09-04T13:44:22.009+00:00,B_sell_A_buy,6.6396,0.7396,233.34,233.35,0.857,44.3,233.505,233.591,1.877,44.534,0.0000062500,0.0004000000,142.1,0.1
2026-09-04T13:44:23.024+00:00,A_sell_B_buy,-8.3105,-14.2105,233.36,233.37,4.285,16.949,233.471,233.554,2.093,12.797,0.0000062500,0.0004000000,123.0,0.1
2026-09-04T13:44:23.024+00:00,B_sell_A_buy,4.3266,-1.5734,233.36,233.37,4.285,16.949,233.471,233.554,2.093,12.797,0.0000062500,0.0004000000,123.0,0.1
2026-09-04T13:44:24.065+00:00,A_sell_B_buy,-6.7701,-12.6701,233.31,233.34,195.974,312.18,233.393,233.468,46.627,122.741,0.0000062500,0.0004000000,181.6,0.1
2026-09-04T13:44:24.065+00:00,B_sell_A_buy,2.2710,-3.6290,233.31,233.34,195.974,312.18,233.393,233.468,46.627,122.741,0.0000062500,0.0004000000,181.6,0.1
2026-09-04T13:44:25.086+00:00,A_sell_B_buy,-8.7849,-14.6849,233.26,233.28,221.5,8.736,233.412,233.465,12.836,12.836,0.0000062500,0.0004000000,46.4,0.0
2026-09-04T13:44:25.086+00:00,B_sell_A_buy,5.6566,-0.2434,233.26,233.28,221.5,8.736,233.412,233.465,12.836,12.836,0.0000062500,0.0004000000,46.4,0.0
2026-09-04T13:44:26.091+00:00,A_sell_B_buy,-8.2692,-14.1692,233.31,233.34,88.6,278.874,233.429,233.503,12.836,12.837,0.0000062500,0.0004000000,28.2,0.1
2026-09-04T13:44:26.091+00:00,B_sell_A_buy,3.8133,-2.0867,233.31,233.34,88.6,278.874,233.429,233.503,12.836,12.837,0.0000062500,0.0004000000,28.2,0.1
2026-09-04T13:44:27.130+00:00,A_sell_B_buy,-8.9975,-14.8975,233.3,233.32,127.254,154.96,233.466,233.51,2.111,12.836,0.0000062500,0.0004000000,46.5,0.1
2026-09-04T13:44:27.130+00:00,B_sell_A_buy,6.2554,0.3554,233.3,233.32,127.254,154.96,233.466,233.51,2.111,12.836,0.0000062500,0.0004000000,46.5,0.1
2026-09-04T13:44:28.175+00:00,A_sell_B_buy,-8.7402,-14.6402,233.31,233.32,22.835,154.96,233.473,233.514,46.739,25.672,0.0000062500,0.0004000000,536.1,0.1
2026-09-04T13:44:28.175+00:00,B_sell_A_buy,6.5552,0.6552,233.31,233.32,22.835,154.96,233.473,233.514,46.739,25.672,0.0000062500,0.0004000000,536.1,0.1
2026-09-04T13:44:29.234+00:00,A_sell_B_buy,-8.3118,-14.2118,233.31,233.33,6.414,22.605,233.473,233.504,44.534,25.673,0.0000062500,0.0004000000,295.1,0.1
2026-09-04T13:44:29.234+00:00,B_sell_A_buy,6.1267,0.2267,233.31,233.33,6.414,22.605,233.473,233.504,44.534,25.673,0.0000062500,0.0004000000,295.1,0.1
2026-09-04T13:44:30.295+00:00,A_sell_B_buy,-9.5554,-15.4554,233.28,233.29,4.48,265.502,233.433,233.503,2.201,44.534,0.0000062500,0.0004000000,0.1,71.9
2026-09-04T13:44:30.295+00:00,B_sell_A_buy,6.1274,0.2274,233.28,233.29,4.48,265.502,233.433,233.503,2.201,44.534,0.0000062500,0.0004000000,0.1,71.9
2026-09-04T13:44:31.325+00:00,A_sell_B_buy,-10.6691,-16.5691,233.28,233.29,71.312,165.642,233.44,233.529,1.901,12.811,0.0000062500,0.0004000000,152.9,0.1
2026-09-04T13:44:31.325+00:00,B_sell_A_buy,6.4272,0.5272,233.28,233.29,71.312,165.642,233.44,233.529,1.901,12.811,0.0000062500,0.0004000000,152.9,0.1
2026-09-04T13:44:32.353+00:00,A_sell_B_buy,-9.7260,-15.6260,233.3,233.31,4.286,8.736,233.443,233.527,46.418,12.836,0.0000062500,0.0004000000,147.6,0.1
2026-09-04T13:44:32.353+00:00,B_sell_A_buy,5.6985,-0.2015,233.3,233.31,4.286,8.736,233.443,233.527,46.418,12.836,0.0000062500,0.0004000000,147.6,0.1
2026-09-04T13:44:33.367+00:00,A_sell_B_buy,-9.2116,-15.1116,233.3,233.33,32.705,399.772,233.458,233.515,1.664,25.672,0.0000062500,0.0004000000,0.0,18.0
2026-09-04T13:44:33.367+00:00,B_sell_A_buy,5.4841,-0.4159,233.3,233.33,32.705,399.772,233.458,233.515,1.664,25.672,0.0000062500,0.0004000000,0.0,18.0
2026-09-04T13:44:34.440+00:00,A_sell_B_buy,-8.7402,-14.6402,233.31,233.33,6.128,373.121,233.465,233.514,45.26,25.672,0.0000062500,0.0004000000,448.7,0.1
2026-09-04T13:44:34.440+00:00,B_sell_A_buy,5.7839,-0.1161,233.31,233.33,6.128,373.121,233.465,233.514,45.26,25.672,0.0000062500,0.0004000000,448.7,0.1
2026-09-04T13:44:35.453+00:00,A_sell_B_buy,-8.3985,-14.2985,233.3,233.32,22.297,4.286,233.389,233.496,86.489,86.489,0.0000062500,0.0004000000,0.1,72.8
2026-09-04T13:44:35.453+00:00,B_sell_A_buy,2.9566,-2.9434,233.3,233.32,22.297,4.286,233.389,233.496,86.489,86.489,0.0000062500,0.0004000000,0.1,72.8
2026-09-04T13:44:36.466+00:00,A_sell_B_buy,-7.2467,-13.1467,233.12,233.26,0.052,249.364,233.164,233.289,0.733,86.489,0.0000062500,0.0004000000,35.1,0.1
2026-09-04T13:44:36.466+00:00,B_sell_A_buy,-4.1165,-10.0165,233.12,233.26,0.052,249.364,233.164,233.289,0.733,86.489,0.0000062500,0.0004000000,35.1,0.1
2026-09-04T13:44:37.482+00:00,A_sell_B_buy,-10.8090,-16.7090,233.02,233.1,4.291,33.414,233.16,233.272,2.018,25.672,0.0000062500,0.0004000000,86.5,0.1
2026-09-04T13:44:37.482+00:00,B_sell_A_buy,2.5736,-3.3264,233.02,233.1,4.291,33.414,233.16,233.272,2.018,25.672,0.0000062500,0.0004000000,86.5,0.1
2026-09-04T13:44:38.515+00:00,A_sell_B_buy,-9.8227,-15.7227,233.04,233.06,4.291,48.443,233.167,233.269,12.836,128.654,0.0000062500,0.0004000000,0.1,59.0
2026-09-04T13:44:38.515+00:00,B_sell_A_buy,4.5896,-1.3104,233.04,233.06,4.291,48.443,233.167,233.269,12.836,128.654,0.0000062500,0.0004000000,0.1,59.0
2026-09-04T13:44:39.821+00:00,A_sell_B_buy,-12.3546,-18.2546,232.98,233.03,23.118,372.961,233.17,233.268,2.075,13.801,0.0000062500,0.0004000000,0.1,1002.4
2026-09-04T13:44:39.821+00:00,B_sell_A_buy,6.0057,0.1057,232.98,233.03,23.118,372.961,233.17,233.268,2.075,13.801,0.0000062500,0.0004000000,0.1,1002.4
2026-09-04T13:44:40.825+00:00,A_sell_B_buy,-10.8102,-16.7102,233.01,233.03,51.105,198.935,233.154,233.262,12.836,2.243,0.0000062500,0.0004000000,0.1,3.6
2026-09-04T13:44:40.825+00:00,B_sell_A_buy,5.3193,-0.5807,233.01,233.03,51.105,198.935,233.154,233.262,12.836,2.243,0.0000062500,0.0004000000,0.1,3.6
2026-09-04T13:44:41.852+00:00,A_sell_B_buy,-9.5242,-15.4242,232.98,233.01,55.397,17.022,233.17,233.202,2.006,12.836,0.0000062500,0.0004000000,55.6,0.1
2026-09-04T13:44:41.852+00:00,B_sell_A_buy,6.8643,0.9643,232.98,233.01,55.397,17.022,233.17,233.202,2.006,12.836,0.0000062500,0.0004000000,55.6,0.1
2026-09-04T13:44:42.857+00:00,A_sell_B_buy,-9.3957,-15.2957,233.0,233.01,251.664,1.458,233.113,233.219,0.49,22.617,0.0000062500,0.0004000000,81.0,0.1
2026-09-04T13:44:42.857+00:00,B_sell_A_buy,4.4190,-1.4810,233.0,233.01,251.664,1.458,233.113,233.219,0.49,22.617,0.0000062500,0.0004000000,81.0,0.1
2026-09-04T13:44:43.959+00:00,A_sell_B_buy,-8.6672,-14.5672,232.97,232.99,4.292,363.388,233.117,233.172,46.378,25.672,0.0000062500,0.0004000000,0.1,213.3
2026-09-04T13:44:43.959+00:00,B_sell_A_buy,5.4492,-0.4508,232.97,232.99,4.292,363.388,233.117,233.172,46.378,25.672,0.0000062500,0.0004000000,0.1,213.3
2026-09-04T13:44:44.985+00:00,A_sell_B_buy,-10.4695,-16.3695,232.93,232.97,4.293,409.633,233.159,233.174,2.149,12.836,0.0000062500,0.0004000000,85.4,0.1
2026-09-04T13:44:44.985+00:00,B_sell_A_buy,8.1096,2.2096,232.93,232.97,4.293,409.633,233.159,233.174,2.149,12.836,0.0000062500,0.0004000000,85.4,0.1
2026-09-04T13:44:46.013+00:00,A_sell_B_buy,-8.6246,-14.5246,232.95,232.99,5.087,48.592,233.129,233.151,2.043,12.837,0.0000062500,0.0004000000,0.0,32.0
2026-09-04T13:44:46.013+00:00,B_sell_A_buy,5.9643,0.0643,232.95,232.99,5.087,48.592,233.129,233.151,2.043,12.837,0.0000062500,0.0004000000,0.0,32.0
2026-09-04T13:44:47.019+00:00,A_sell_B_buy,-9.0959,-14.9959,232.97,232.98,4.292,224.536,233.155,233.182,2.262,12.836,0.0000062500,0.0004000000,23.1,0.0
2026-09-04T13:44:47.019+00:00,B_sell_A_buy,7.5084,1.6084,232.97,232.98,4.292,224.536,233.155,233.182,2.262,12.836,0.0000062500,0.0004000000,23.1,0.0
2026-09-04T13:44:48.032+00:00,A_sell_B_buy,-9.8701,-15.7701,232.93,232.96,4.293,239.372,233.062,233.16,2.158,78.207,0.0000062500,0.0004000000,0.0,27.7
2026-09-04T13:44:48.032+00:00,B_sell_A_buy,4.3772,-1.5228,232.93,232.96,4.293,239.372,233.062,233.16,2.158,78.207,0.0000062500,0.0004000000,0.0,27.7
2026-09-04T13:44:49.057+00:00,A_sell_B_buy,-10.6436,-16.5436,232.89,232.9,0.052,217.48,233.09,233.138,2.17,108.506,0.0000062500,0.0004000000,0.1,46.2
2026-09-04T13:44:49.057+00:00,B_sell_A_buy,8.1543,2.2543,232.89,232.9,0.052,217.48,233.09,233.138,2.17,108.506,0.0000062500,0.0004000000,0.1,46.2
2026-09-04T13:44:50.062+00:00,A_sell_B_buy,-10.5148,-16.4148,232.89,232.9,44.3,21.325,233.093,233.135,1.92,0.977,0.0000062500,0.0004000000,52.0,0.1
2026-09-04T13:44:50.062+00:00,B_sell_A_buy,8.2831,2.3831,232.89,232.9,44.3,21.325,233.093,233.135,1.92,0.977,0.0000062500,0.0004000000,52.0,0.1
2026-09-04T13:44:51.091+00:00,A_sell_B_buy,-11.2026,-17.1026,232.86,232.9,33.176,219.674,233.049,233.121,12.836,128.727,0.0000062500,0.0004000000,256.9,0.1
2026-09-04T13:44:51.091+00:00,B_sell_A_buy,6.3953,0.4953,232.86,232.9,33.176,219.674,233.049,233.121,12.836,128.727,0.0000062500,0.0004000000,256.9,0.1
2026-09-04T13:44:52.176+00:00,A_sell_B_buy,-10.2579,-16.1579,232.87,232.89,69.213,5.702,233.092,233.109,2.177,12.837,0.0000062500,0.0004000000,126.8,0.1
2026-09-04T13:44:52.176+00:00,B_sell_A_buy,8.6699,2.7699,232.87,232.89,69.213,5.702,233.092,233.109,2.177,12.837,0.0000062500,0.0004000000,126.8,0.1
2026-09-04T13:44:53.180+00:00,A_sell_B_buy,-8.6691,-14.5691,232.91,232.93,4.294,13.029,233.092,233.112,44.534,12.837,0.0000062500,0.0004000000,93.8,0.1
2026-09-04T13:44:53.180+00:00,B_sell_A_buy,6.9525,1.0525,232.91,232.93,4.294,13.029,233.092,233.112,44.534,12.837,0.0000062500,0.0004000000,93.8,0.1
2026-09-04T13:44:54.181+00:00,A_sell_B_buy,-10.2998,-16.1998,232.9,232.92,69.213,22.816,233.093,233.14,2.193,0.997,0.0000062500,0.0004000000,100.3,0.1
2026-09-04T13:44:54.181+00:00,B_sell_A_buy,7.4245,1.5245,232.9,232.92,69.213,22.816,233.093,233.14,2.193,0.997,0.0000062500,0.0004000000,100.3,0.1
2026-09-04T13:44:55.182+00:00,A_sell_B_buy,-9.3130,-15.2130,232.9,232.93,64.919,27.692,233.081,233.117,1.876,70.023,0.0000062500,0.0004000000,0.1,150.1
2026-09-04T13:44:55.182+00:00,B_sell_A_buy,6.4805,0.5805,232.9,232.93,64.919,27.692,233.081,233.117,1.876,70.023,0.0000062500,0.0004000000,0.1,150.1
2026-09-04T13:44:56.186+00:00,A_sell_B_buy,-10.0437,-15.9437,232.87,232.89,1.593,44.3,233.068,233.104,1.999,12.836,0.0000062500,0.0004000000,119.1,0.1
2026-09-04T13:44:56.186+00:00,B_sell_A_buy,7.6400,1.7400,232.87,232.89,1.593,44.3,233.068,233.104,1.999,12.836,0.0000062500,0.0004000000,119.1,0.1
2026-09-04T13:44:57.199+00:00,A_sell_B_buy,-9.3992,-15.2992,232.89,232.91,70.806,163.54,233.09,233.109,53.114,12.837,0.0000062500,0.0004000000,0.1,15.5
2026-09-04T13:44:57.199+00:00,B_sell_A_buy,7.7253,1.8253,232.89,232.91,70.806,163.54,233.09,233.109,53.114,12.837,0.0000062500,0.0004000000,0.1,15.5
2026-09-04T13:44:58.259+00:00,A_sell_B_buy,-10.3427,-16.2427,232.89,232.91,115.781,194.546,233.127,233.131,21.5,0.25,0.0000062500,0.0004000000,179.6,0.1
2026-09-04T13:44:58.259+00:00,B_sell_A_buy,9.3127,3.4127,232.89,232.91,115.781,194.546,233.127,233.131,21.5,0.25,0.0000062500,0.0004000000,179.6,0.1
2026-09-04T13:44:59.311+00:00,A_sell_B_buy,-10.3835,-16.2835,232.94,232.95,132.9,30.281,233.178,233.182,8.577,12.836,0.0000062500,0.0004000000,182.4,0.1
2026-09-04T13:44:59.311+00:00,B_sell_A_buy,9.7828,3.8828,232.94,232.95,132.9,30.281,233.178,233.182,8.577,12.836,0.0000062500,0.0004000000,182.4,0.1
2026-09-04T13:45:00.344+00:00,A_sell_B_buy,-9.6956,-15.5956,233.0,233.01,177.2,18.287,233.143,233.226,8.577,2.316,0.0000062500,0.0004000000,91.0,0.1
2026-09-04T13:45:00.344+00:00,B_sell_A_buy,5.7058,-0.1942,233.0,233.01,177.2,18.287,233.143,233.226,8.577,2.316,0.0000062500,0.0004000000,91.0,0.1
2026-09-04T13:45:01.363+00:00,A_sell_B_buy,-8.1114,-14.0114,232.92,232.94,0.858,44.944,233.053,233.109,8.58,78.207,0.0000062500,0.0004000000,0.0,31.0
2026-09-04T13:45:01.363+00:00,B_sell_A_buy,4.8497,-1.0503,232.92,232.94,0.858,44.944,233.053,233.109,8.58,78.207,0.0000062500,0.0004000000,0.0,31.0
2026-09-04T13:45:02.374+00:00,A_sell_B_buy,-9.8278,-15.7278,232.91,232.93,1.593,222.229,233.074,233.139,2.04,0.994,0.0000062500,0.0004000000,108.6,0.1
2026-09-04T13:45:02.374+00:00,B_sell_A_buy,6.1799,0.2799,232.91,232.93,1.593,222.229,233.074,233.139,2.04,0.994,0.0000062500,0.0004000000,108.6,0.1
2026-09-04T13:45:03.429+00:00,A_sell_B_buy,-9.3120,-15.2120,232.92,232.96,4.984,238.456,233.116,233.137,8.579,57.37,0.0000062500,0.0004000000,0.1,66.7
2026-09-04T13:45:03.429+00:00,B_sell_A_buy,6.6943,0.7943,232.92,232.96,4.984,238.456,233.116,233.137,8.579,57.37,0.0000062500,0.0004000000,0.1,66.7
2026-09-04T13:45:04.458+00:00,A_sell_B_buy,-13.2149,-19.1149,232.92,232.94,1.593,17.85,233.196,233.228,12.836,12.836,0.0000062500,0.0004000000,528.6,0.1
2026-09-04T13:45:04.458+00:00,B_sell_A_buy,10.9838,5.0838,232.92,232.94,1.593,17.85,233.196,233.228,12.836,12.836,0.0000062500,0.0004000000,528.6,0.1
2026-09-04T13:45:05.505+00:00,A_sell_B_buy,-10.2526,-16.1526,233.0,233.01,53.648,18.693,233.2,233.239,8.575,12.837,0.0000062500,0.0004000000,114.4,0.1
2026-09-04T13:45:05.505+00:00,B_sell_A_buy,8.1506,2.2506,233.0,233.01,53.648,18.693,233.2,233.239,8.575,12.837,0.0000062500,0.0004000000,114.4,0.1
2026-09-04T13:45:06.505+00:00,A_sell_B_buy,-9.6949,-15.5949,233.0,233.02,53.101,19.589,233.207,233.226,2.213,12.837,0.0000062500,0.0004000000,30.1,0.1
2026-09-04T13:45:06.505+00:00,B_sell_A_buy,8.0219,2.1219,233.0,233.02,53.101,19.589,233.207,233.226,2.213,12.837,0.0000062500,0.0004000000,30.1,0.1
2026-09-04T13:45:07.541+00:00,A_sell_B_buy,-7.6790,-13.5790,233.03,233.05,2.063,134.96,233.129,233.209,53.111,25.672,0.0000062500,0.0004000000,0.1,85.1
2026-09-04T13:45:07.541+00:00,B_sell_A_buy,3.3890,-2.5110,233.03,233.05,2.063,134.96,233.129,233.209,53.111,25.672,0.0000062500,0.0004000000,0.1,85.1
2026-09-04T13:45:08.549+00:00,A_sell_B_buy,-6.9123,-12.8123,232.87,232.88,4.984,107.35,232.897,233.031,8.585,25.672,0.0000062500,0.0004000000,120.1,0.1
2026-09-04T13:45:08.549+00:00,B_sell_A_buy,0.7299,-5.1701,232.87,232.88,4.984,107.35,232.897,233.031,8.585,25.672,0.0000062500,0.0004000000,120.1,0.1
2026-09-04T13:45:09.573+00:00,A_sell_B_buy,-16.6971,-22.5971,232.78,232.86,4.296,1079.996,233.088,233.169,8.579,12.837,0.0000062500,0.0004000000,316.8,0.1
2026-09-04T13:45:09.573+00:00,B_sell_A_buy,9.7865,3.8865,232.78,232.86,4.296,1079.996,233.088,233.169,8.579,12.837,0.0000062500,0.0004000000,316.8,0.1
2026-09-04T13:45:10.591+00:00,A_sell_B_buy,-11.1567,-17.0567,232.93,232.94,142.264,4.293,233.119,233.19,8.578,12.837,0.0000062500,0.0004000000,29.0,0.1
2026-09-04T13:45:10.591+00:00,B_sell_A_buy,7.6809,1.7809,232.93,232.94,142.264,4.293,233.119,233.19,8.578,12.837,0.0000062500,0.0004000000,29.0,0.1
2026-09-04T13:45:11.594+00:00,A_sell_B_buy,-9.9137,-15.8137,232.9,232.94,0.858,32.989,233.076,233.131,46.379,8.58,0.0000062500,0.0004000000,0.1,17.0
2026-09-04T13:45:11.594+00:00,B_sell_A_buy,5.8366,-0.0634,232.9,232.94,0.858,32.989,233.076,233.131,46.379,8.58,0.0000062500,0.0004000000,0.1,17.0
2026-09-04T13:45:12.624+00:00,A_sell_B_buy,-10.4295,-16.3295,232.87,232.91,4.1,90.511,233.076,233.113,44.534,8.58,0.0000062500,0.0004000000,0.1,348.6
2026-09-04T13:45:12.624+00:00,B_sell_A_buy,7.1247,1.2247,232.87,232.91,4.1,90.511,233.076,233.113,44.534,8.58,0.0000062500,0.0004000000,0.1,348.6
2026-09-04T13:45:13.669+00:00,A_sell_B_buy,-9.9153,-15.8153,232.87,232.89,1.802,19.529,233.036,233.101,46.746,8.581,0.0000062500,0.0004000000,98.2,0.1
2026-09-04T13:45:13.669+00:00,B_sell_A_buy,6.2668,0.3668,232.87,232.89,1.802,19.529,233.036,233.101,46.746,8.581,0.0000062500,0.0004000000,98.2,0.1
2026-09-04T13:45:14.684+00:00,A_sell_B_buy,-8.3271,-14.2271,232.88,232.9,4.939,8.736,233.042,233.074,44.534,12.836,0.0000062500,0.0004000000,324.2,0.1
2026-09-04T13:45:14.684+00:00,B_sell_A_buy,6.0951,0.1951,232.88,232.9,4.939,8.736,233.042,233.074,44.534,12.836,0.0000062500,0.0004000000,324.2,0.1
2026-09-04T13:45:15.711+00:00,A_sell_B_buy,-10.9457,-16.8457,232.84,232.89,21.613,17.018,233.046,233.095,46.777,12.836,0.0000062500,0.0004000000,47.7,0.0
2026-09-04T13:45:15.711+00:00,B_sell_A_buy,6.6962,0.7962,232.84,232.89,21.613,17.018,233.046,233.095,46.777,12.836,0.0000062500,0.0004000000,47.7,0.0
2026-09-04T13:45:16.712+00:00,A_sell_B_buy,-6.3543,-12.2543,232.86,232.87,0.858,115.735,232.91,233.008,12.836,0.981,0.0000062500,0.0004000000,14.2,0.0
2026-09-04T13:45:16.712+00:00,B_sell_A_buy,1.7174,-4.1826,232.86,232.87,0.858,115.735,232.91,233.008,12.836,0.981,0.0000062500,0.0004000000,14.2,0.0
2026-09-04T13:45:17.743+00:00,A_sell_B_buy,-9.1878,-15.0878,232.83,232.85,138.891,20.356,232.95,233.044,12.836,0.952,0.0000062500,0.0004000000,0.1,37.5
2026-09-04T13:45:17.743+00:00,B_sell_A_buy,4.2933,-1.6067,232.83,232.85,138.891,20.356,232.95,233.044,12.836,0.952,0.0000062500,0.0004000000,0.1,37.5
2026-09-04T13:45:18.823+00:00,A_sell_B_buy,-8.5873,-14.4873,232.81,232.83,4.1,20.973,232.961,233.01,46.411,8.584,0.0000062500,0.0004000000,0.1,116.4
2026-09-04T13:45:18.823+00:00,B_sell_A_buy,5.6247,-0.2753,232.81,232.83,4.1,20.973,232.961,233.01,46.411,8.584,0.0000062500,0.0004000000,0.1,116.4
2026-09-04T13:45:19.839+00:00,A_sell_B_buy,-11.2050,-17.1050,232.8,232.83,18.22,154.658,233.035,233.061,46.517,12.837,0.0000062500,0.0004000000,0.1,43.4
2026-09-04T13:45:19.839+00:00,B_sell_A_buy,8.8009,2.9009,232.8,232.83,18.22,154.658,233.035,233.061,46.517,12.837,0.0000062500,0.0004000000,0.1,43.4
2026-09-04T13:45:20.858+00:00,A_sell_B_buy,-9.2716,-15.1716,232.87,232.88,88.6,64.816,233.037,233.086,44.534,8.581,0.0000062500,0.0004000000,79.0,0.1
2026-09-04T13:45:20.858+00:00,B_sell_A_buy,6.7391,0.8391,232.87,232.88,88.6,64.816,233.037,233.086,44.534,8.581,0.0000062500,0.0004000000,79.0,0.1
2026-09-04T13:45:21.892+00:00,A_sell_B_buy,-9.9162,-15.8162,232.84,232.86,0.858,88.6,233.037,233.071,44.534,12.837,0.0000062500,0.0004000000,120.2,0.1
2026-09-04T13:45:21.892+00:00,B_sell_A_buy,7.5981,1.6981,232.84,232.86,0.858,88.6,233.037,233.071,44.534,12.837,0.0000062500,0.0004000000,120.2,0.1
2026-09-04T13:45:22.963+00:00,A_sell_B_buy,-7.9427,-13.8427,232.84,232.85,2.166,26.979,232.961,233.025,1.877,9.519,0.0000062500,0.0004000000,149.3,0.0
2026-09-04T13:45:22.963+00:00,B_sell_A_buy,4.7656,-1.1344,232.84,232.85,2.166,26.979,232.961,233.025,1.877,9.519,0.0000062500,0.0004000000,149.3,0.0
2026-09-04T13:45:23.979+00:00,A_sell_B_buy,-6.9996,-12.8996,232.8,232.82,145.158,486.697,232.893,232.963,2.556,78.207,0.0000062500,0.0004000000,142.9,0.1
2026-09-04T13:45:23.979+00:00,B_sell_A_buy,3.1348,-2.7652,232.8,232.82,145.158,486.697,232.893,232.963,2.556,78.207,0.0000062500,0.0004000000,142.9,0.1
2026-09-04T13:45:25.059+00:00,A_sell_B_buy,-10.4793,-16.3793,232.73,232.75,4.297,44.3,232.904,232.974,2.206,12.836,0.0000062500,0.0004000000,255.1,0.1
2026-09-04T13:45:25.059+00:00,B_sell_A_buy,6.6140,0.7140,232.73,232.75,4.297,44.3,232.904,232.974,2.206,12.836,0.0000062500,0.0004000000,255.1,0.1
2026-09-04T13:45:26.115+00:00,A_sell_B_buy,-8.8037,-14.7037,232.76,232.79,132.9,17.833,232.913,232.965,5.426,8.586,0.0000062500,0.0004000000,81.8,0.1
2026-09-04T13:45:26.115+00:00,B_sell_A_buy,5.2822,-0.6178,232.76,232.79,132.9,17.833,232.913,232.965,5.426,8.586,0.0000062500,0.0004000000,81.8,0.1
2026-09-04T13:45:27.139+00:00,A_sell_B_buy,-9.8337,-15.7337,232.77,232.79,177.2,67.81,232.934,232.999,12.836,12.836,0.0000062500,0.0004000000,107.6,0.1
2026-09-04T13:45:27.139+00:00,B_sell_A_buy,6.1836,0.2836,232.77,232.79,177.2,67.81,232.934,232.999,12.836,12.836,0.0000062500,0.0004000000,107.6,0.1
2026-09-04T13:45:28.139+00:00,A_sell_B_buy,-10.1779,-16.0779,232.74,232.78,64.919,87.393,232.932,232.977,48.059,12.836,0.0000062500,0.0004000000,10.8,0.0
2026-09-04T13:45:28.139+00:00,B_sell_A_buy,6.5276,0.6276,232.74,232.78,64.919,87.393,232.932,232.977,48.059,12.836,0.0000062500,0.0004000000,10.8,0.0
2026-09-04T13:45:29.146+00:00,A_sell_B_buy,-11.0797,-16.9797,232.74,232.76,65.778,8.736,232.934,232.998,1.903,108.506,0.0000062500,0.0004000000,124.0,0.1
2026-09-04T13:45:29.146+00:00,B_sell_A_buy,7.4724,1.5724,232.74,232.76,65.778,8.736,232.934,232.998,1.903,108.506,0.0000062500,0.0004000000,124.0,0.1
2026-09-04T13:45:30.164+00:00,A_sell_B_buy,-10.7356,-16.6356,232.76,232.77,113.515,46.6,232.94,233.01,0.714,25.672,0.0000062500,0.0004000000,105.1,0.1
2026-09-04T13:45:30.164+00:00,B_sell_A_buy,7.3002,1.4002,232.76,232.77,113.515,46.6,232.94,233.01,0.714,25.672,0.0000062500,0.0004000000,105.1,0.1
2026-09-04T13:45:31.221+00:00,A_sell_B_buy,-9.8759,-15.7759,232.79,232.8,218.438,48.1,232.949,233.02,1.915,12.837,0.0000062500,0.0004000000,118.1,0.1
2026-09-04T13:45:31.221+00:00,B_sell_A_buy,6.3979,0.4979,232.79,232.8,218.438,48.1,232.949,233.02,1.915,12.837,0.0000062500,0.0004000000,118.1,0.1
2026-09-04T13:45:32.225+00:00,A_sell_B_buy,-12.3219,-18.2219,232.8,232.81,44.3,45.952,232.976,233.087,12.836,12.875,0.0000062500,0.0004000000,236.1,0.1
2026-09-04T13:45:32.225+00:00,B_sell_A_buy,7.1270,1.2270,232.8,232.81,44.3,45.952,232.976,233.087,12.836,12.875,0.0000062500,0.0004000000,236.1,0.1
2026-09-04T13:45:33.283+00:00,A_sell_B_buy,-8.7153,-14.6153,232.83,232.85,64.218,88.6,232.982,233.033,12.836,12.837,0.0000062500,0.0004000000,119.7,0.1
2026-09-04T13:45:33.283+00:00,B_sell_A_buy,5.6671,-0.2329,232.83,232.85,64.218,88.6,232.982,233.033,12.836,12.837,0.0000062500,0.0004000000,119.7,0.1
2026-09-04T13:45:34.285+00:00,A_sell_B_buy,-12.3217,-18.2217,232.8,232.81,4.296,17.472,232.993,233.087,14.815,12.875,0.0000062500,0.0004000000,349.5,0.1
2026-09-04T13:45:34.285+00:00,B_sell_A_buy,7.8567,1.9567,232.8,232.81,4.296,17.472,232.993,233.087,14.815,12.875,0.0000062500,0.0004000000,349.5,0.1
2026-09-04T13:45:35.396+00:00,A_sell_B_buy,-9.8304,-15.7304,232.83,232.86,14.367,4.294,233.055,233.059,1.875,70.206,0.0000062500,0.0004000000,0.1,172.9
2026-09-04T13:45:35.396+00:00,B_sell_A_buy,8.3709,2.4709,232.83,232.86,14.367,4.294,233.055,233.059,1.875,70.206,0.0000062500,0.0004000000,0.1,172.9
2026-09-04T13:45:36.414+00:00,A_sell_B_buy,-10.0457,-15.9457,232.83,232.85,8.493,129.941,232.997,233.064,1.881,0.774,0.0000062500,0.0004000000,0.0,95.5
2026-09-04T13:45:36.414+00:00,B_sell_A_buy,6.3108,0.4108,232.83,232.85,8.493,129.941,232.997,233.064,1.881,0.774,0.0000062500,0.0004000000,0.0,95.5
2026-09-04T13:45:37.457+00:00,A_sell_B_buy,-10.2598,-16.1598,232.83,232.86,6.454,4.294,233.031,233.069,2.139,12.836,0.0000062500,0.0004000000,57.9,0.1
2026-09-04T13:45:37.457+00:00,B_sell_A_buy,7.3407,1.4407,232.83,232.86,6.454,4.294,233.031,233.069,2.139,12.836,0.0000062500,0.0004000000,57.9,0.1
2026-09-04T13:45:38.544+00:00,A_sell_B_buy,-11.2032,-17.1032,232.84,232.87,135.65,22.384,233.068,233.101,2.293,12.837,0.0000062500,0.0004000000,105.6,0.1
2026-09-04T13:45:38.544+00:00,B_sell_A_buy,8.4990,2.5990,232.84,232.87,135.65,22.384,233.068,233.101,2.293,12.837,0.0000062500,0.0004000000,105.6,0.1
2026-09-04T13:45:39.546+00:00,A_sell_B_buy,-9.2289,-15.1289,232.86,232.87,115.576,21.555,233.055,233.075,3.374,12.837,0.0000062500,0.0004000000,32.4,0.1
2026-09-04T13:45:39.546+00:00,B_sell_A_buy,7.9411,2.0411,232.86,232.87,115.576,21.555,233.055,233.075,3.374,12.837,0.0000062500,0.0004000000,32.4,0.1
2026-09-04T13:45:40.570+00:00,A_sell_B_buy,-10.1300,-16.0300,232.86,232.87,2.063,141.46,233.06,233.096,1.928,12.836,0.0000062500,0.0004000000,83.2,0.1
2026-09-04T13:45:40.570+00:00,B_sell_A_buy,8.1555,2.2555,232.86,232.87,2.063,141.46,233.06,233.096,1.928,12.836,0.0000062500,0.0004000000,83.2,0.1
2026-09-04T13:45:41.571+00:00,A_sell_B_buy,-9.7009,-15.6009,232.86,232.87,67.001,134.151,233.055,233.086,44.534,25.672,0.0000062500,0.0004000000,54.3,0.1
2026-09-04T13:45:41.571+00:00,B_sell_A_buy,7.9410,2.0410,232.86,232.87,67.001,134.151,233.055,233.086,44.534,25.672,0.0000062500,0.0004000000,54.3,0.1
2026-09-04T13:45:42.616+00:00,A_sell_B_buy,-10.0876,-15.9876,232.84,232.87,134.666,147.181,233.055,233.075,44.534,12.836,0.0000062500,0.0004000000,67.7,0.1
2026-09-04T13:45:42.616+00:00,B_sell_A_buy,7.9413,2.0413,232.84,232.87,134.666,147.181,233.055,233.075,44.534,12.836,0.0000062500,0.0004000000,67.7,0.1
2026-09-04T13:45:43.716+00:00,A_sell_B_buy,-9.7867,-15.6867,232.86,232.87,44.3,112.955,233.055,233.088,44.534,12.836,0.0000062500,0.0004000000,0.1,143.2
2026-09-04T13:45:43.716+00:00,B_sell_A_buy,7.9410,2.0410,232.86,232.87,44.3,112.955,233.055,233.088,44.534,12.836,0.0000062500,0.0004000000,0.1,143.2
2026-09-04T13:45:44.717+00:00,A_sell_B_buy,-9.3578,-15.2578,232.86,232.87,71.295,129.754,233.036,233.078,3.374,32.493,0.0000062500,0.0004000000,389.9,0.0
2026-09-04T13:45:44.717+00:00,B_sell_A_buy,7.1257,1.2257,232.86,232.87,71.295,129.754,233.036,233.078,3.374,32.493,0.0000062500,0.0004000000,389.9,0.0
2026-09-04T13:45:45.819+00:00,A_sell_B_buy,-8.4567,-14.3567,232.86,232.87,20.796,272.395,233.016,233.057,1.997,77.027,0.0000062500,0.0004000000,0.1,135.5
2026-09-04T13:45:45.819+00:00,B_sell_A_buy,6.2674,0.3674,232.86,232.87,20.796,272.395,233.016,233.057,1.997,77.027,0.0000062500,0.0004000000,0.1,135.5
2026-09-04T13:45:46.908+00:00,A_sell_B_buy,-8.3710,-14.2710,232.86,232.87,44.3,25.849,233.0,233.055,46.529,57.37,0.0000062500,0.0004000000,0.1,169.8
2026-09-04T13:45:46.908+00:00,B_sell_A_buy,5.5807,-0.3193,232.86,232.87,44.3,25.849,233.0,233.055,46.529,57.37,0.0000062500,0.0004000000,0.1,169.8
2026-09-04T13:45:47.914+00:00,A_sell_B_buy,-12.4522,-18.3522,232.76,232.79,149.111,44.3,232.962,233.05,2.253,0.576,0.0000062500,0.0004000000,13.0,0.2
2026-09-04T13:45:47.914+00:00,B_sell_A_buy,7.3854,1.4854,232.76,232.79,149.111,44.3,232.962,233.05,2.253,0.576,0.0000062500,0.0004000000,13.0,0.2
2026-09-04T13:45:49.133+00:00,A_sell_B_buy,-11.0778,-16.9778,232.78,232.81,92.087,17.0,232.962,233.038,2.157,32.493,0.0000062500,0.0004000000,252.3,0.1
2026-09-04T13:45:49.133+00:00,B_sell_A_buy,6.5265,0.6265,232.78,232.81,92.087,17.0,232.962,233.038,2.157,32.493,0.0000062500,0.0004000000,252.3,0.1
2026-09-04T13:45:50.194+00:00,A_sell_B_buy,-10.1328,-16.0328,232.8,232.82,64.919,244.805,232.97,233.036,47.908,57.37,0.0000062500,0.0004000000,0.1,196.4
2026-09-04T13:45:50.194+00:00,B_sell_A_buy,6.4404,0.5404,232.8,232.82,64.919,244.805,232.97,233.036,47.908,57.37,0.0000062500,0.0004000000,0.1,196.4
2026-09-04T13:45:51.276+00:00,A_sell_B_buy,-7.7299,-13.6299,232.78,232.81,65.778,28.415,232.895,232.96,10.549,25.672,0.0000062500,0.0004000000,195.7,0.1
2026-09-04T13:45:51.276+00:00,B_sell_A_buy,3.6502,-2.2498,232.78,232.81,65.778,28.415,232.895,232.96,10.549,25.672,0.0000062500,0.0004000000,195.7,0.1
2026-09-04T13:45:52.400+00:00,A_sell_B_buy,-10.2239,-16.1239,232.68,232.69,18.397,5.109,232.86,232.918,47.908,70.092,0.0000062500,0.0004000000,0.1,286.4
2026-09-04T13:45:52.400+00:00,B_sell_A_buy,7.3028,1.4028,232.68,232.69,18.397,5.109,232.86,232.918,47.908,70.092,0.0000062500,0.0004000000,0.1,286.4
2026-09-04T13:45:53.417+00:00,A_sell_B_buy,-10.6533,-16.5533,232.68,232.69,88.451,4.298,232.869,232.928,1.885,12.837,0.0000062500,0.0004000000,0.1,68.7
2026-09-04T13:45:53.417+00:00,B_sell_A_buy,7.6893,1.7893,232.68,232.69,88.451,4.298,232.869,232.928,1.885,12.837,0.0000062500,0.0004000000,0.1,68.7
2026-09-04T13:45:54.513+00:00,A_sell_B_buy,-11.5113,-17.4113,232.7,232.71,89.447,0.182,232.88,232.968,46.681,32.493,0.0000062500,0.0004000000,0.1,132.4
2026-09-04T13:45:54.513+00:00,B_sell_A_buy,7.3020,1.4020,232.7,232.71,89.447,0.182,232.88,232.968,46.681,32.493,0.0000062500,0.0004000000,0.1,132.4
2026-09-04T13:45:55.524+00:00,A_sell_B_buy,-9.7934,-15.6934,232.7,232.73,71.39,17.396,232.885,232.928,2.017,12.836,0.0000062500,0.0004000000,0.1,174.2
2026-09-04T13:45:55.524+00:00,B_sell_A_buy,6.6578,0.7578,232.7,232.73,71.39,17.396,232.885,232.928,2.017,12.836,0.0000062500,0.0004000000,0.1,174.2
2026-09-04T13:45:56.525+00:00,A_sell_B_buy,-12.0239,-17.9239,232.75,232.76,44.3,0.134,232.938,233.03,2.049,12.887,0.0000062500,0.0004000000,16.6,0.1
2026-09-04T13:45:56.525+00:00,B_sell_A_buy,7.6438,1.7438,232.75,232.76,44.3,0.134,232.938,233.03,2.049,12.887,0.0000062500,0.0004000000,16.6,0.1
2026-09-04T13:45:57.559+00:00,A_sell_B_buy,-13.0103,-18.9103,232.75,232.81,340.265,4.295,232.96,233.053,21.5,44.534,0.0000062500,0.0004000000,153.5,0.1
2026-09-04T13:45:57.559+00:00,B_sell_A_buy,6.4407,0.5407,232.75,232.81,340.265,4.295,232.96,233.053,21.5,44.534,0.0000062500,0.0004000000,153.5,0.1
2026-09-04T13:45:58.620+00:00,A_sell_B_buy,-7.7702,-13.6702,232.86,232.87,44.214,42.854,232.991,233.041,0.896,32.493,0.0000062500,0.0004000000,127.5,0.1
2026-09-04T13:45:58.620+00:00,B_sell_A_buy,5.1945,-0.7055,232.86,232.87,44.214,42.854,232.991,233.041,0.896,32.493,0.0000062500,0.0004000000,127.5,0.1
2026-09-04T13:45:59.683+00:00,A_sell_B_buy,-8.0282,-13.9282,232.83,232.85,0.858,18.359,233.016,233.017,3.374,32.493,0.0000062500,0.0004000000,177.5,0.1
2026-09-04T13:45:59.683+00:00,B_sell_A_buy,7.1267,1.2267,232.83,232.85,0.858,18.359,233.016,233.017,3.374,32.493,0.0000062500,0.0004000000,177.5,0.1
2026-09-04T13:46:00.708+00:00,A_sell_B_buy,-9.7022,-15.6022,232.82,232.86,80.6,20.287,233.021,233.046,0.914,12.836,0.0000062500,0.0004000000,0.1,36.4
2026-09-04T13:46:00.708+00:00,B_sell_A_buy,6.9117,1.0117,232.82,232.86,80.6,20.287,233.021,233.046,0.914,12.836,0.0000062500,0.0004000000,0.1,36.4
2026-09-04T13:46:01.709+00:00,A_sell_B_buy,-8.1567,-14.0567,232.84,232.86,66.262,4.294,233.025,233.03,44.534,32.493,0.0000062500,0.0004000000,220.7,0.1
2026-09-04T13:46:01.709+00:00,B_sell_A_buy,7.0834,1.1834,232.84,232.86,66.262,4.294,233.025,233.03,44.534,32.493,0.0000062500,0.0004000000,220.7,0.1
2026-09-04T13:46:02.819+00:00,A_sell_B_buy,-10.3021,-16.2021,232.84,232.87,64.919,74.117,233.057,233.08,3.374,77.027,0.0000062500,0.0004000000,285.3,0.1
2026-09-04T13:46:02.819+00:00,B_sell_A_buy,8.0271,2.1271,232.84,232.87,64.919,74.117,233.057,233.08,3.374,77.027,0.0000062500,0.0004000000,285.3,0.1
2026-09-04T13:46:03.844+00:00,A_sell_B_buy,-12.8330,-18.7330,232.86,232.87,392.104,17.309,233.085,233.159,46.602,12.836,0.0000062500,0.0004000000,0.1,84.5
2026-09-04T13:46:03.844+00:00,B_sell_A_buy,9.2277,3.3277,232.86,232.87,392.104,17.309,233.085,233.159,46.602,12.836,0.0000062500,0.0004000000,0.1,84.5
2026-09-04T13:46:04.846+00:00,A_sell_B_buy,-11.4151,-17.3151,232.91,232.92,177.2,0.294,233.091,233.176,1.85,0.55,0.0000062500,0.0004000000,327.3,0.1
2026-09-04T13:46:04.846+00:00,B_sell_A_buy,7.3383,1.4383,232.91,232.92,177.2,0.294,233.091,233.176,1.85,0.55,0.0000062500,0.0004000000,327.3,0.1
2026-09-04T13:46:05.859+00:00,A_sell_B_buy,-8.4556,-14.3556,232.91,232.92,99.986,0.294,232.992,233.107,66.034,0.551,0.0000062500,0.0004000000,46.4,0.1
2026-09-04T13:46:05.859+00:00,B_sell_A_buy,3.0904,-2.8096,232.91,232.92,99.986,0.294,232.992,233.107,66.034,0.551,0.0000062500,0.0004000000,46.4,0.1
2026-09-04T13:46:06.874+00:00,A_sell_B_buy,-10.9458,-16.8458,232.86,232.87,0.151,250.232,233.016,233.115,21.5,0.202,0.0000062500,0.0004000000,54.7,0.0
2026-09-04T13:46:06.874+00:00,B_sell_A_buy,6.2670,0.3670,232.86,232.87,0.151,250.232,233.016,233.115,21.5,0.202,0.0000062500,0.0004000000,54.7,0.0
2026-09-04T13:46:07.911+00:00,A_sell_B_buy,-8.4991,-14.3991,232.87,232.9,15.522,44.3,233.023,233.068,2.09,70.206,0.0000062500,0.0004000000,0.1,81.5
2026-09-04T13:46:07.911+00:00,B_sell_A_buy,5.2798,-0.6202,232.87,232.9,15.522,44.3,233.023,233.068,2.09,70.206,0.0000062500,0.0004000000,0.1,81.5
2026-09-04T13:46:08.912+00:00,A_sell_B_buy,-11.2875,-17.1875,232.89,232.92,40.733,197.865,233.041,233.153,2.232,0.545,0.0000062500,0.0004000000,29.1,0.1
2026-09-04T13:46:08.912+00:00,B_sell_A_buy,5.1931,-0.7069,232.89,232.92,40.733,197.865,233.041,233.153,2.232,0.545,0.0000062500,0.0004000000,29.1,0.1
2026-09-04T13:46:09.916+00:00,A_sell_B_buy,-9.7854,-15.6854,232.9,232.91,4.294,4.294,233.063,233.128,108.506,44.534,0.0000062500,0.0004000000,355.1,0.0
2026-09-04T13:46:09.916+00:00,B_sell_A_buy,6.5665,0.6665,232.9,232.91,4.294,4.294,233.063,233.128,108.506,44.534,0.0000062500,0.0004000000,355.1,0.0
2026-09-04T13:46:10.921+00:00,A_sell_B_buy,-12.5302,-18.4302,232.91,232.92,146.486,22.805,233.119,233.202,46.736,108.506,0.0000062500,0.0004000000,105.6,0.1
2026-09-04T13:46:10.921+00:00,B_sell_A_buy,8.5394,2.6394,232.91,232.92,146.486,22.805,233.119,233.202,46.736,108.506,0.0000062500,0.0004000000,105.6,0.1
2026-09-04T13:46:12.016+00:00,A_sell_B_buy,-11.6713,-17.5713,232.93,232.95,68.91,8.808,233.12,233.202,2.302,153.04,0.0000062500,0.0004000000,199.4,0.1
2026-09-04T13:46:12.016+00:00,B_sell_A_buy,7.2946,1.3946,232.93,232.95,68.91,8.808,233.12,233.202,2.302,153.04,0.0000062500,0.0004000000,199.4,0.1
2026-09-04T13:46:13.019+00:00,A_sell_B_buy,-12.7437,-18.6437,232.93,232.95,64.919,72.332,233.116,233.227,12.836,0.547,0.0000062500,0.0004000000,54.3,0.0
2026-09-04T13:46:13.019+00:00,B_sell_A_buy,7.1228,1.2228,232.93,232.95,64.919,72.332,233.116,233.227,12.836,0.547,0.0000062500,0.0004000000,54.3,0.0
2026-09-04T13:46:14.035+00:00,A_sell_B_buy,-9.9123,-15.8123,232.94,232.95,227.851,4.515,233.112,233.171,3.374,78.207,0.0000062500,0.0004000000,73.0,0.1
2026-09-04T13:46:14.035+00:00,B_sell_A_buy,6.9515,1.0515,232.94,232.95,227.851,4.515,233.112,233.171,3.374,78.207,0.0000062500,0.0004000000,73.0,0.1
2026-09-04T13:46:15.246+00:00,A_sell_B_buy,-8.4963,-14.3963,232.94,232.95,114.279,110.676,233.137,233.138,47.908,32.493,0.0000062500,0.0004000000,0.1,423.5
2026-09-04T13:46:15.246+00:00,B_sell_A_buy,8.0243,2.1243,232.94,232.95,114.279,110.676,233.137,233.138,47.908,32.493,0.0000062500,0.0004000000,0.1,423.5
2026-09-04T13:46:16.250+00:00,A_sell_B_buy,-10.9417,-16.8417,232.94,232.95,153.239,4.515,233.128,233.195,2.261,0.551,0.0000062500,0.0004000000,149.0,0.1
2026-09-04T13:46:16.250+00:00,B_sell_A_buy,7.6377,1.7377,232.94,232.95,153.239,4.515,233.128,233.195,2.261,0.551,0.0000062500,0.0004000000,149.0,0.1
2026-09-04T13:46:17.365+00:00,A_sell_B_buy,-10.8559,-16.7559,232.94,232.95,114.279,4.515,233.132,233.193,1.667,12.836,0.0000062500,0.0004000000,341.5,0.1
2026-09-04T13:46:17.365+00:00,B_sell_A_buy,7.8094,1.9094,232.94,232.95,114.279,4.515,233.132,233.193,1.667,12.836,0.0000062500,0.0004000000,341.5,0.1
2026-09-04T13:46:18.373+00:00,A_sell_B_buy,-14.1153,-20.0153,232.94,232.95,223.441,4.515,233.161,233.269,2.241,12.836,0.0000062500,0.0004000000,13.1,0.1
2026-09-04T13:46:18.373+00:00,B_sell_A_buy,9.0527,3.1527,232.94,232.95,223.441,4.515,233.161,233.269,2.241,12.836,0.0000062500,0.0004000000,13.1,0.1
2026-09-04T13:46:19.385+00:00,A_sell_B_buy,-10.5949,-16.4949,233.01,233.02,40.733,4.291,233.238,233.257,47.908,12.837,0.0000062500,0.0004000000,99.5,0.0
2026-09-04T13:46:19.385+00:00,B_sell_A_buy,9.3510,3.4510,233.01,233.02,40.733,4.291,233.238,233.257,47.908,12.837,0.0000062500,0.0004000000,99.5,0.0
2026-09-04T13:46:20.389+00:00,A_sell_B_buy,-9.3075,-15.2075,233.04,233.05,203.665,4.291,233.238,233.257,47.908,12.837,0.0000062500,0.0004000000,151.6,0.0
2026-09-04T13:46:20.389+00:00,B_sell_A_buy,8.0636,2.1636,233.04,233.05,203.665,4.291,233.238,233.257,47.908,12.837,0.0000062500,0.0004000000,151.6,0.0
2026-09-04T13:46:21.399+00:00,A_sell_B_buy,-9.7365,-15.6365,233.03,233.05,85.859,16.75,233.24,233.257,44.534,12.837,0.0000062500,0.0004000000,0.1,19.5
2026-09-04T13:46:21.399+00:00,B_sell_A_buy,8.1495,2.2495,233.03,233.05,85.859,16.75,233.24,233.257,44.534,12.837,0.0000062500,0.0004000000,0.1,19.5
2026-09-04T13:46:22.404+00:00,A_sell_B_buy,-9.7787,-15.6787,233.05,233.06,105.652,21.053,233.253,233.278,3.374,12.837,0.0000062500,0.0004000000,0.1,26.5
2026-09-04T13:46:22.404+00:00,B_sell_A_buy,8.2776,2.3776,233.05,233.06,105.652,21.053,233.253,233.278,3.374,12.837,0.0000062500,0.0004000000,0.1,26.5
2026-09-04T13:46:23.610+00:00,A_sell_B_buy,-9.7787,-15.6787,233.05,233.06,64.919,21.053,233.253,233.278,46.853,12.837,0.0000062500,0.0004000000,0.1,507.2
2026-09-04T13:46:23.610+00:00,B_sell_A_buy,8.2776,2.3776,233.05,233.06,64.919,21.053,233.253,233.278,46.853,12.837,0.0000062500,0.0004000000,0.1,507.2
2026-09-04T13:46:24.629+00:00,A_sell_B_buy,-14.2371,-20.1371,233.05,233.06,274.153,20.836,233.282,233.382,2.021,12.837,0.0000062500,0.0004000000,113.4,0.0
2026-09-04T13:46:24.629+00:00,B_sell_A_buy,9.5200,3.6200,233.05,233.06,274.153,20.836,233.282,233.382,2.021,12.837,0.0000062500,0.0004000000,113.4,0.0
2026-09-04T13:46:25.663+00:00,A_sell_B_buy,-11.5756,-17.4756,233.14,233.15,122.199,0.218,233.3,233.41,2.106,108.506,0.0000062500,0.0004000000,44.6,0.1
2026-09-04T13:46:25.663+00:00,B_sell_A_buy,6.4309,0.5309,233.14,233.15,122.199,0.218,233.3,233.41,2.106,108.506,0.0000062500,0.0004000000,44.6,0.1
2026-09-04T13:46:26.673+00:00,A_sell_B_buy,-10.8433,-16.7433,233.2,233.22,40.733,23.042,233.425,233.453,12.861,12.837,0.0000062500,0.0004000000,25.8,0.0
2026-09-04T13:46:26.673+00:00,B_sell_A_buy,8.7860,2.8860,233.2,233.22,40.733,23.042,233.425,233.453,12.861,12.837,0.0000062500,0.0004000000,25.8,0.0
2026-09-04T13:46:27.679+00:00,A_sell_B_buy,-11.4853,-17.3853,233.22,233.23,92.748,18.525,233.426,233.488,2.268,12.837,0.0000062500,0.0004000000,21.3,0.1
2026-09-04T13:46:27.679+00:00,B_sell_A_buy,8.3997,2.4997,233.22,233.23,92.748,18.525,233.426,233.488,2.268,12.837,0.0000062500,0.0004000000,21.3,0.1
2026-09-04T13:46:28.778+00:00,A_sell_B_buy,-11.0568,-16.9568,233.22,233.23,92.716,18.097,233.433,233.478,2.254,12.837,0.0000062500,0.0004000000,0.1,164.8
2026-09-04T13:46:28.778+00:00,B_sell_A_buy,8.6997,2.7997,233.22,233.23,92.716,18.097,233.433,233.478,2.254,12.837,0.0000062500,0.0004000000,0.1,164.8
2026-09-04T13:46:29.792+00:00,A_sell_B_buy,-13.2844,-19.1844,233.22,233.23,419.919,17.241,233.445,233.53,0.904,12.837,0.0000062500,0.0004000000,171.9,0.1
2026-09-04T13:46:29.792+00:00,B_sell_A_buy,9.2134,3.3134,233.22,233.23,419.919,17.241,233.445,233.53,0.904,12.837,0.0000062500,0.0004000000,171.9,0.1
2026-09-04T13:46:30.851+00:00,A_sell_B_buy,-13.7092,-19.6092,233.26,233.31,271.987,27.988,233.527,233.58,1.951,108.506,0.0000062500,0.0004000000,0.0,77.6
2026-09-04T13:46:30.851+00:00,B_sell_A_buy,9.2966,3.3966,233.26,233.31,271.987,27.988,233.527,233.58,1.951,108.506,0.0000062500,0.0004000000,0.0,77.6
2026-09-04T13:46:31.891+00:00,A_sell_B_buy,-14.3065,-20.2065,233.32,233.33,244.285,15.488,233.539,233.654,2.096,0.201,0.0000062500,0.0004000000,113.3,0.1
2026-09-04T13:46:31.891+00:00,B_sell_A_buy,8.9523,3.0523,233.32,233.33,244.285,15.488,233.539,233.654,2.096,0.201,0.0000062500,0.0004000000,113.3,0.1
2026-09-04T13:46:32.904+00:00,A_sell_B_buy,-11.9886,-17.8886,233.44,233.46,175.745,25.361,233.603,233.72,12.861,0.57,0.0000062500,0.0004000000,51.5,0.1
2026-09-04T13:46:32.904+00:00,B_sell_A_buy,6.1227,0.2227,233.44,233.46,175.745,25.361,233.603,233.72,12.861,0.57,0.0000062500,0.0004000000,51.5,0.1
2026-09-04T13:46:33.906+00:00,A_sell_B_buy,-12.6300,-18.5300,233.45,233.47,40.733,21.057,233.622,233.745,12.861,153.04,0.0000062500,0.0004000000,112.1,0.0
2026-09-04T13:46:33.906+00:00,B_sell_A_buy,6.5076,0.6076,233.45,233.47,40.733,21.057,233.622,233.745,12.861,153.04,0.0000062500,0.0004000000,112.1,0.0
2026-09-04T13:46:34.915+00:00,A_sell_B_buy,-10.9585,-16.8585,233.5,233.51,440.569,50.0,233.671,233.756,2.319,9.758,0.0000062500,0.0004000000,20.1,0.1
2026-09-04T13:46:34.915+00:00,B_sell_A_buy,6.8919,0.9919,233.5,233.51,440.569,50.0,233.671,233.756,2.319,9.758,0.0000062500,0.0004000000,20.1,0.1
2026-09-04T13:46:35.922+00:00,A_sell_B_buy,-13.0141,-18.9141,233.46,233.48,122.907,44.3,233.669,233.764,2.0,0.201,0.0000062500,0.0004000000,143.4,0.0
2026-09-04T13:46:35.922+00:00,B_sell_A_buy,8.0910,2.1910,233.46,233.48,122.907,44.3,233.669,233.764,2.0,0.201,0.0000062500,0.0004000000,143.4,0.0
2026-09-04T13:46:36.960+00:00,A_sell_B_buy,-11.7289,-17.6289,233.49,233.5,218.576,0.736,233.688,233.764,12.861,32.493,0.0000062500,0.0004000000,63.6,0.1
2026-09-04T13:46:36.960+00:00,B_sell_A_buy,8.0476,2.1476,233.49,233.5,218.576,0.736,233.688,233.764,12.861,32.493,0.0000062500,0.0004000000,63.6,0.1
2026-09-04T13:46:38.013+00:00,A_sell_B_buy,-11.0438,-16.9438,233.5,233.52,14.246,166.712,233.683,233.758,2.319,12.861,0.0000062500,0.0004000000,55.9,0.1
2026-09-04T13:46:38.013+00:00,B_sell_A_buy,6.9773,1.0773,233.5,233.52,14.246,166.712,233.683,233.758,2.319,12.861,0.0000062500,0.0004000000,55.9,0.1
2026-09-04T13:46:39.030+00:00,A_sell_B_buy,-10.6201,-16.5201,233.41,233.42,0.422,97.851,233.59,233.658,44.534,12.861,0.0000062500,0.0004000000,32.7,0.1
2026-09-04T13:46:39.030+00:00,B_sell_A_buy,7.2799,1.3799,233.41,233.42,0.422,97.851,233.59,233.658,44.534,12.861,0.0000062500,0.0004000000,32.7,0.1
2026-09-04T13:46:40.031+00:00,A_sell_B_buy,-10.6199,-16.5199,233.41,233.43,0.422,13.82,233.599,233.658,12.861,83.093,0.0000062500,0.0004000000,94.3,0.1
2026-09-04T13:46:40.031+00:00,B_sell_A_buy,7.2369,1.3369,233.41,233.43,0.422,13.82,233.599,233.658,12.861,83.093,0.0000062500,0.0004000000,94.3,0.1
2026-09-04T13:46:41.033+00:00,A_sell_B_buy,-8.7793,-14.6793,233.42,233.44,64.919,33.857,233.53,233.625,21.5,0.55,0.0000062500,0.0004000000,4.4,0.0
2026-09-04T13:46:41.033+00:00,B_sell_A_buy,3.8543,-2.0457,233.42,233.44,64.919,33.857,233.53,233.625,21.5,0.55,0.0000062500,0.0004000000,4.4,0.0
2026-09-04T13:46:42.036+00:00,A_sell_B_buy,-8.5236,-14.4236,233.38,233.39,45.165,33.414,233.534,233.579,1.698,25.722,0.0000062500,0.0004000000,0.0,346.4
2026-09-04T13:46:42.036+00:00,B_sell_A_buy,6.1678,0.2678,233.38,233.39,45.165,33.414,233.534,233.579,1.698,25.722,0.0000062500,0.0004000000,0.0,346.4
2026-09-04T13:46:43.062+00:00,A_sell_B_buy,-10.5788,-16.4788,233.38,233.39,21.4,509.955,233.548,233.627,12.861,12.861,0.0000062500,0.0004000000,307.3,0.1
2026-09-04T13:46:43.062+00:00,B_sell_A_buy,6.7670,0.8670,233.38,233.39,21.4,509.955,233.548,233.627,12.861,12.861,0.0000062500,0.0004000000,307.3,0.1
2026-09-04T13:46:44.116+00:00,A_sell_B_buy,-11.9478,-17.8478,233.4,233.42,42.414,13.82,233.565,233.679,2.131,0.545,0.0000062500,0.0004000000,112.7,0.1
2026-09-04T13:46:44.116+00:00,B_sell_A_buy,6.2094,0.3094,233.4,233.42,42.414,13.82,233.565,233.679,2.131,0.545,0.0000062500,0.0004000000,112.7,0.1
2026-09-04T13:46:45.127+00:00,A_sell_B_buy,-10.0211,-15.9211,233.4,233.42,64.919,13.392,233.576,233.634,1.953,12.861,0.0000062500,0.0004000000,210.1,0.1
2026-09-04T13:46:45.127+00:00,B_sell_A_buy,6.6807,0.7807,233.4,233.42,64.919,13.392,233.576,233.634,1.953,12.861,0.0000062500,0.0004000000,210.1,0.1
2026-09-04T13:46:46.137+00:00,A_sell_B_buy,-9.4642,-15.3642,233.41,233.42,2.463,12.227,233.581,233.631,1.957,12.861,0.0000062500,0.0004000000,106.9,0.1
2026-09-04T13:46:46.137+00:00,B_sell_A_buy,6.8948,0.9948,233.41,233.42,2.463,12.227,233.581,233.631,1.957,12.861,0.0000062500,0.0004000000,106.9,0.1
2026-09-04T13:46:47.140+00:00,A_sell_B_buy,-12.2896,-18.1896,233.41,233.43,2.463,4.284,233.587,233.697,0.905,108.506,0.0000062500,0.0004000000,34.9,0.1
2026-09-04T13:46:47.140+00:00,B_sell_A_buy,6.7229,0.8229,233.41,233.43,2.463,4.284,233.587,233.697,0.905,108.506,0.0000062500,0.0004000000,34.9,0.1
2026-09-04T13:46:48.142+00:00,A_sell_B_buy,-11.6462,-17.5462,233.43,233.46,22.518,4.283,233.616,233.702,1.972,12.861,0.0000062500,0.0004000000,90.2,0.0
2026-09-04T13:46:48.142+00:00,B_sell_A_buy,6.6795,0.7795,233.43,233.46,22.518,4.283,233.616,233.702,1.972,12.861,0.0000062500,0.0004000000,90.2,0.0
2026-09-04T13:46:49.143+00:00,A_sell_B_buy,-9.5900,-15.4900,233.48,233.49,64.919,21.253,233.635,233.704,1.852,32.493,0.0000062500,0.0004000000,97.8,0.0
2026-09-04T13:46:49.143+00:00,B_sell_A_buy,6.2078,0.3078,233.48,233.49,64.919,21.253,233.635,233.704,1.852,32.493,0.0000062500,0.0004000000,97.8,0.0
2026-09-04T13:46:50.161+00:00,A_sell_B_buy,-11.8141,-17.7141,233.51,233.52,42.414,0.736,233.659,233.786,3.03,108.506,0.0000062500,0.0004000000,45.4,0.1
2026-09-04T13:46:50.161+00:00,B_sell_A_buy,5.9499,0.0499,233.51,233.52,42.414,0.736,233.659,233.786,3.03,108.506,0.0000062500,0.0004000000,45.4,0.1
2026-09-04T13:46:51.173+00:00,A_sell_B_buy,-13.3119,-19.2119,233.5,233.51,131.504,18.349,233.678,233.811,2.121,12.837,0.0000062500,0.0004000000,34.1,0.0
2026-09-04T13:46:51.173+00:00,B_sell_A_buy,7.1910,1.2910,233.5,233.51,131.504,18.349,233.678,233.811,2.121,12.837,0.0000062500,0.0004000000,34.1,0.0
2026-09-04T13:46:52.173+00:00,A_sell_B_buy,-12.1550,-18.0550,233.53,233.55,83.547,132.9,233.698,233.814,1.907,108.506,0.0000062500,0.0004000000,92.1,0.1
2026-09-04T13:46:52.173+00:00,B_sell_A_buy,6.3343,0.4343,233.53,233.55,83.547,132.9,233.698,233.814,1.907,108.506,0.0000062500,0.0004000000,92.1,0.1
2026-09-04T13:46:53.179+00:00,A_sell_B_buy,-8.8165,-14.7165,233.56,233.57,2.159,16.508,233.71,233.766,2.152,12.837,0.0000062500,0.0004000000,0.1,128.6
2026-09-04T13:46:53.179+00:00,B_sell_A_buy,5.9918,0.0918,233.56,233.57,2.159,16.508,233.71,233.766,2.152,12.837,0.0000062500,0.0004000000,0.1,128.6
2026-09-04T13:46:54.182+00:00,A_sell_B_buy,-7.8338,-13.7338,233.53,233.55,1.024,166.314,233.615,233.713,12.861,32.493,0.0000062500,0.0004000000,133.4,0.0
2026-09-04T13:46:54.182+00:00,B_sell_A_buy,2.7825,-3.1175,233.53,233.55,1.024,166.314,233.615,233.713,12.861,32.493,0.0000062500,0.0004000000,133.4,0.0
2026-09-04T13:46:55.509+00:00,A_sell_B_buy,-9.9345,-15.8345,233.43,233.44,174.747,195.692,233.584,233.662,21.5,70.256,0.0000062500,0.0004000000,0.1,389.7
2026-09-04T13:46:55.509+00:00,B_sell_A_buy,6.1663,0.2663,233.43,233.44,174.747,195.692,233.584,233.662,21.5,70.256,0.0000062500,0.0004000000,0.1,389.7
2026-09-04T13:46:56.583+00:00,A_sell_B_buy,-10.4900,-16.3900,233.43,233.48,257.021,33.512,233.641,233.675,2.114,12.861,0.0000062500,0.0004000000,305.2,0.1
2026-09-04T13:46:56.583+00:00,B_sell_A_buy,6.8934,0.9934,233.43,233.48,257.021,33.512,233.641,233.675,2.114,12.861,0.0000062500,0.0004000000,305.2,0.1
2026-09-04T13:46:57.584+00:00,A_sell_B_buy,-10.2340,-16.1340,233.43,233.44,174.747,44.3,233.602,233.669,2.319,12.861,0.0000062500,0.0004000000,146.8,0.1
2026-09-04T13:46:57.584+00:00,B_sell_A_buy,6.9369,1.0369,233.43,233.44,174.747,44.3,233.602,233.669,2.319,12.861,0.0000062500,0.0004000000,146.8,0.1
2026-09-04T13:46:58.586+00:00,A_sell_B_buy,-9.8068,-15.7068,233.41,233.42,0.856,83.641,233.573,233.639,25.891,12.861,0.0000062500,0.0004000000,159.6,0.1
2026-09-04T13:46:58.586+00:00,B_sell_A_buy,6.5522,0.6522,233.41,233.42,0.856,83.641,233.573,233.639,25.891,12.861,0.0000062500,0.0004000000,159.6,0.1
2026-09-04T13:46:59.596+00:00,A_sell_B_buy,-11.0922,-16.9922,233.38,233.39,167.772,4.285,233.581,233.639,1.667,12.861,0.0000062500,0.0004000000,0.0,13.4
2026-09-04T13:46:59.596+00:00,B_sell_A_buy,8.1800,2.2800,233.38,233.39,167.772,4.285,233.581,233.639,1.667,12.861,0.0000062500,0.0004000000,0.0,13.4
2026-09-04T13:47:00.650+00:00,A_sell_B_buy,-10.4494,-16.3494,233.39,233.41,86.129,4.284,233.594,233.634,21.5,70.256,0.0000062500,0.0004000000,130.9,0.1
2026-09-04T13:47:00.650+00:00,B_sell_A_buy,7.8798,1.9798,233.39,233.41,86.129,4.284,233.594,233.634,21.5,70.256,0.0000062500,0.0004000000,130.9,0.1
2026-09-04T13:47:01.657+00:00,A_sell_B_buy,-8.2223,-14.1223,233.42,233.43,21.4,76.423,233.578,233.612,2.319,12.861,0.0000062500,0.0004000000,78.7,0.1
2026-09-04T13:47:01.657+00:00,B_sell_A_buy,6.3381,0.4381,233.42,233.43,21.4,76.423,233.578,233.612,2.319,12.861,0.0000062500,0.0004000000,78.7,0.1
2026-09-04T13:47:02.691+00:00,A_sell_B_buy,-12.3766,-18.2766,233.38,233.39,129.101,23.095,233.585,233.669,1.896,12.861,0.0000062500,0.0004000000,236.0,0.0
2026-09-04T13:47:02.691+00:00,B_sell_A_buy,8.3510,2.4510,233.38,233.39,129.101,23.095,233.585,233.669,1.896,12.861,0.0000062500,0.0004000000,236.0,0.0
2026-09-04T13:47:03.691+00:00,A_sell_B_buy,-10.3204,-16.2204,233.41,233.42,173.948,4.284,233.592,233.651,2.105,12.861,0.0000062500,0.0004000000,154.8,0.1
2026-09-04T13:47:03.691+00:00,B_sell_A_buy,7.3656,1.4656,233.41,233.42,173.948,4.284,233.592,233.651,2.105,12.861,0.0000062500,0.0004000000,154.8,0.1
2026-09-04T13:47:04.700+00:00,A_sell_B_buy,-10.0630,-15.9630,233.42,233.43,29.097,4.284,233.607,233.655,12.861,57.371,0.0000062500,0.0004000000,109.4,0.1
2026-09-04T13:47:04.700+00:00,B_sell_A_buy,7.5794,1.6794,233.42,233.43,29.097,4.284,233.607,233.655,12.861,57.371,0.0000062500,0.0004000000,109.4,0.1
2026-09-04T13:47:05.844+00:00,A_sell_B_buy,-10.4049,-16.3049,233.43,233.46,91.576,12.227,233.608,233.673,46.703,0.541,0.0000062500,0.0004000000,810.6,0.1
2026-09-04T13:47:05.844+00:00,B_sell_A_buy,6.3372,0.4372,233.43,233.46,91.576,12.227,233.608,233.673,46.703,0.541,0.0000062500,0.0004000000,810.6,0.1
2026-09-04T13:47:06.845+00:00,A_sell_B_buy,-11.5178,-17.4178,233.43,233.46,100.617,22.827,233.617,233.699,2.267,109.042,0.0000062500,0.0004000000,0.1,52.8
2026-09-04T13:47:06.845+00:00,B_sell_A_buy,6.7223,0.8223,233.43,233.46,100.617,22.827,233.617,233.699,2.267,109.042,0.0000062500,0.0004000000,0.1,52.8
2026-09-04T13:47:07.857+00:00,A_sell_B_buy,-11.5171,-17.4171,233.45,233.47,82.484,12.011,233.623,233.719,2.195,32.493,0.0000062500,0.0004000000,76.7,0.1
2026-09-04T13:47:07.857+00:00,B_sell_A_buy,6.5506,0.6506,233.45,233.47,82.484,12.011,233.623,233.719,2.195,32.493,0.0000062500,0.0004000000,76.7,0.1
2026-09-04T13:47:08.874+00:00,A_sell_B_buy,-11.2590,-17.1590,233.47,233.52,179.608,49.465,233.638,233.733,2.134,0.528,0.0000062500,0.0004000000,0.1,153.3
2026-09-04T13:47:08.874+00:00,B_sell_A_buy,5.0516,-0.8484,233.47,233.52,179.608,49.465,233.638,233.733,2.134,0.528,0.0000062500,0.0004000000,0.1,153.3
2026-09-04T13:47:09.915+00:00,A_sell_B_buy,-10.8323,-16.7323,233.46,233.47,0.856,301.385,233.601,233.713,2.932,0.201,0.0000062500,0.0004000000,64.8,0.1
2026-09-04T13:47:09.915+00:00,B_sell_A_buy,5.6088,-0.2912,233.46,233.47,0.856,301.385,233.601,233.713,2.932,0.201,0.0000062500,0.0004000000,64.8,0.1
2026-09-04T13:47:10.920+00:00,A_sell_B_buy,-9.5900,-15.4900,233.48,233.5,4.283,4.283,233.621,233.704,0.932,12.837,0.0000062500,0.0004000000,86.0,0.1
2026-09-04T13:47:10.920+00:00,B_sell_A_buy,5.1803,-0.7197,233.48,233.5,4.283,4.283,233.621,233.704,0.932,12.837,0.0000062500,0.0004000000,86.0,0.1
2026-09-04T13:47:11.925+00:00,A_sell_B_buy,-11.0462,-16.9462,233.45,233.47,129.838,77.333,233.628,233.708,1.988,12.837,0.0000062500,0.0004000000,17.9,0.1
2026-09-04T13:47:11.925+00:00,B_sell_A_buy,6.7647,0.8647,233.45,233.47,129.838,77.333,233.628,233.708,1.988,12.837,0.0000062500,0.0004000000,17.9,0.1
2026-09-04T13:47:12.935+00:00,A_sell_B_buy,-9.7612,-15.6612,233.48,233.49,4.283,21.716,233.636,233.708,2.125,57.371,0.0000062500,0.0004000000,112.2,0.0
2026-09-04T13:47:12.935+00:00,B_sell_A_buy,6.2506,0.3506,233.48,233.49,4.283,21.716,233.636,233.708,2.125,57.371,0.0000062500,0.0004000000,112.2,0.0
2026-09-04T13:47:13.973+00:00,A_sell_B_buy,-10.1892,-16.0892,233.48,233.49,2.166,21.638,233.636,233.718,46.659,78.207,0.0000062500,0.0004000000,54.6,0.1
2026-09-04T13:47:13.973+00:00,B_sell_A_buy,6.2505,0.3505,233.48,233.49,2.166,21.638,233.636,233.718,46.659,78.207,0.0000062500,0.0004000000,54.6,0.1
2026-09-04T13:47:14.985+00:00,A_sell_B_buy,-8.6898,-14.5898,233.51,233.53,4.282,69.145,233.671,233.713,2.319,12.861,0.0000062500,0.0004000000,0.0,34.6
2026-09-04T13:47:14.985+00:00,B_sell_A_buy,6.0358,0.1358,233.51,233.53,4.282,69.145,233.671,233.713,2.319,12.861,0.0000062500,0.0004000000,0.0,34.6
2026-09-04T13:47:16.010+00:00,A_sell_B_buy,-10.5733,-16.4733,233.49,233.52,41.595,97.316,233.679,233.737,0.934,102.749,0.0000062500,0.0004000000,61.2,0.1
2026-09-04T13:47:16.010+00:00,B_sell_A_buy,6.8063,0.9063,233.49,233.52,41.595,97.316,233.679,233.737,0.934,102.749,0.0000062500,0.0004000000,61.2,0.1
2026-09-04T13:47:17.078+00:00,A_sell_B_buy,-13.6931,-19.5931,233.57,233.58,53.517,0.053,233.736,233.89,1.968,0.53,0.0000062500,0.0004000000,0.0,99.8
2026-09-04T13:47:17.078+00:00,B_sell_A_buy,6.6754,0.7754,233.57,233.58,53.517,0.053,233.736,233.89,1.968,0.53,0.0000062500,0.0004000000,0.0,99.8
2026-09-04T13:47:18.099+00:00,A_sell_B_buy,-10.9533,-16.8533,233.61,233.62,88.6,17.954,233.78,233.866,0.986,12.837,0.0000062500,0.0004000000,117.0,0.1
2026-09-04T13:47:18.099+00:00,B_sell_A_buy,6.8458,0.9458,233.61,233.62,88.6,17.954,233.78,233.866,0.986,12.837,0.0000062500,0.0004000000,117.0,0.1
2026-09-04T13:47:19.136+00:00,A_sell_B_buy,-12.5789,-18.4789,233.6,233.62,19.2,20.03,233.785,233.894,27.731,12.861,0.0000062500,0.0004000000,132.9,0.1
2026-09-04T13:47:19.136+00:00,B_sell_A_buy,7.0596,1.1596,233.6,233.62,19.2,20.03,233.785,233.894,27.731,12.861,0.0000062500,0.0004000000,132.9,0.1
2026-09-04T13:47:20.171+00:00,A_sell_B_buy,-11.2509,-17.1509,233.65,233.67,4.28,15.18,233.803,233.913,46.821,0.507,0.0000062500,0.0004000000,0.1,71.8
2026-09-04T13:47:20.171+00:00,B_sell_A_buy,5.6896,-0.2104,233.65,233.67,4.28,15.18,233.803,233.913,46.821,0.507,0.0000062500,0.0004000000,0.1,71.8
2026-09-04T13:47:21.198+00:00,A_sell_B_buy,-9.4540,-15.3540,233.66,233.68,77.263,27.43,233.829,233.881,1.975,12.861,0.0000062500,0.0004000000,98.4,0.1
2026-09-04T13:47:21.198+00:00,B_sell_A_buy,6.3740,0.4740,233.66,233.68,77.263,27.43,233.829,233.881,1.975,12.861,0.0000062500,0.0004000000,98.4,0.1
2026-09-04T13:47:22.207+00:00,A_sell_B_buy,-10.9048,-16.8048,233.71,233.77,142.085,64.919,233.923,233.965,46.853,12.837,0.0000062500,0.0004000000,103.2,0.1
2026-09-04T13:47:22.207+00:00,B_sell_A_buy,6.5429,0.6429,233.71,233.77,142.085,64.919,233.923,233.965,46.853,12.837,0.0000062500,0.0004000000,103.2,0.1
2026-09-04T13:47:23.215+00:00,A_sell_B_buy,-11.2461,-17.1461,233.74,233.76,6.444,2.393,233.929,234.003,2.039,0.427,0.0000062500,0.0004000000,127.0,0.1
2026-09-04T13:47:23.215+00:00,B_sell_A_buy,7.2266,1.3266,233.74,233.76,6.444,2.393,233.929,234.003,2.039,0.427,0.0000062500,0.0004000000,127.0,0.1
2026-09-04T13:47:24.274+00:00,A_sell_B_buy,-10.8184,-16.7184,233.75,233.76,69.197,21.837,233.932,234.003,1.982,0.427,0.0000062500,0.0004000000,190.4,0.1
2026-09-04T13:47:24.274+00:00,B_sell_A_buy,7.3548,1.4548,233.75,233.76,69.197,21.837,233.932,234.003,1.982,0.427,0.0000062500,0.0004000000,190.4,0.1
2026-09-04T13:47:25.403+00:00,A_sell_B_buy,-10.3904,-16.2904,233.76,233.78,4.278,52.773,233.939,234.003,44.534,0.427,0.0000062500,0.0004000000,366.4,0.1
2026-09-04T13:47:25.403+00:00,B_sell_A_buy,6.7986,0.8986,233.76,233.78,4.278,52.773,233.939,234.003,44.534,0.427,0.0000062500,0.0004000000,366.4,0.1
2026-09-04T13:47:26.419+00:00,A_sell_B_buy,-9.9625,-15.8625,233.77,233.79,4.278,21.07,233.946,234.003,2.964,0.427,0.0000062500,0.0004000000,68.0,0.1
2026-09-04T13:47:26.419+00:00,B_sell_A_buy,6.6702,0.7702,233.77,233.79,4.278,21.07,233.946,234.003,2.964,0.427,0.0000062500,0.0004000000,68.0,0.1
2026-09-04T13:47:27.436+00:00,A_sell_B_buy,-8.6789,-14.5789,233.8,233.81,102.813,0.052,233.994,234.003,3.347,0.427,0.0000062500,0.0004000000,133.5,0.1
2026-09-04T13:47:27.436+00:00,B_sell_A_buy,7.8666,1.9666,233.8,233.81,102.813,0.052,233.994,234.003,3.347,0.427,0.0000062500,0.0004000000,133.5,0.1
2026-09-04T13:47:28.512+00:00,A_sell_B_buy,-11.5424,-17.4424,233.8,233.81,77.708,0.052,234.001,234.07,2.177,12.861,0.0000062500,0.0004000000,250.6,0.1
2026-09-04T13:47:28.512+00:00,B_sell_A_buy,8.1652,2.2652,233.8,233.81,77.708,0.052,234.001,234.07,2.177,12.861,0.0000062500,0.0004000000,250.6,0.1
2026-09-04T13:47:29.527+00:00,A_sell_B_buy,-10.2165,-16.1165,233.82,233.83,103.931,0.262,234.03,234.059,2.149,12.821,0.0000062500,0.0004000000,73.3,0.1
2026-09-04T13:47:29.527+00:00,B_sell_A_buy,8.5494,2.6494,233.82,233.83,103.931,0.262,234.03,234.059,2.149,12.821,0.0000062500,0.0004000000,73.3,0.1
2026-09-04T13:47:30.529+00:00,A_sell_B_buy,-9.8756,-15.7756,233.8,233.81,25.668,44.3,233.995,234.031,2.319,12.821,0.0000062500,0.0004000000,126.5,0.1
2026-09-04T13:47:30.529+00:00,B_sell_A_buy,7.9091,2.0091,233.8,233.81,25.668,44.3,233.995,234.031,2.319,12.821,0.0000062500,0.0004000000,126.5,0.1
2026-09-04T13:47:31.536+00:00,A_sell_B_buy,-9.8324,-15.7324,233.81,233.83,4.277,147.18,233.998,234.04,46.776,12.821,0.0000062500,0.0004000000,118.1,0.1
2026-09-04T13:47:31.536+00:00,B_sell_A_buy,7.1820,1.2820,233.81,233.83,4.277,147.18,233.998,234.04,46.776,12.821,0.0000062500,0.0004000000,118.1,0.1
2026-09-04T13:47:32.555+00:00,A_sell_B_buy,-8.2515,-14.1515,233.8,233.81,25.668,431.614,233.981,233.993,2.319,12.821,0.0000062500,0.0004000000,0.1,21.9
2026-09-04T13:47:32.555+00:00,B_sell_A_buy,7.3109,1.4109,233.8,233.81,25.668,431.614,233.981,233.993,2.319,12.821,0.0000062500,0.0004000000,0.1,21.9
2026-09-04T13:47:33.582+00:00,A_sell_B_buy,-15.8569,-21.7569,233.8,233.83,49.253,21.623,234.072,234.171,15.172,108.506,0.0000062500,0.0004000000,70.8,0.1
2026-09-04T13:47:33.582+00:00,B_sell_A_buy,10.3433,4.4433,233.8,233.83,49.253,21.623,234.072,234.171,15.172,108.506,0.0000062500,0.0004000000,70.8,0.1
2026-09-04T13:47:34.588+00:00,A_sell_B_buy,-10.8551,-16.7551,233.87,233.89,88.6,16.518,234.078,234.124,2.191,12.861,0.0000062500,0.0004000000,31.8,0.1
2026-09-04T13:47:34.588+00:00,B_sell_A_buy,8.0345,2.1345,233.87,233.89,88.6,16.518,234.078,234.124,2.191,12.861,0.0000062500,0.0004000000,31.8,0.1
2026-09-04T13:47:35.603+00:00,A_sell_B_buy,-11.8369,-17.7369,233.89,233.9,18.004,49.853,234.102,234.167,4.492,12.861,0.0000062500,0.0004000000,180.0,0.1
2026-09-04T13:47:35.603+00:00,B_sell_A_buy,8.6319,2.7319,233.89,233.9,18.004,49.853,234.102,234.167,4.492,12.861,0.0000062500,0.0004000000,180.0,0.1
2026-09-04T13:47:36.605+00:00,A_sell_B_buy,-10.7688,-16.6688,233.89,233.9,4.276,65.993,234.106,234.142,1.923,12.861,0.0000062500,0.0004000000,129.6,0.1
2026-09-04T13:47:36.605+00:00,B_sell_A_buy,8.8031,2.9031,233.89,233.9,4.276,65.993,234.106,234.142,1.923,12.861,0.0000062500,0.0004000000,129.6,0.1
2026-09-04T13:47:37.622+00:00,A_sell_B_buy,-11.2388,-17.1388,233.89,233.9,42.685,48.387,234.098,234.153,4.371,0.201,0.0000062500,0.0004000000,127.5,0.0
2026-09-04T13:47:37.622+00:00,B_sell_A_buy,8.4612,2.5612,233.89,233.9,42.685,48.387,234.098,234.153,4.371,0.201,0.0000062500,0.0004000000,127.5,0.0
2026-09-04T13:47:38.625+00:00,A_sell_B_buy,-12.7336,-18.6336,233.89,233.9,105.827,47.533,234.128,234.188,1.875,0.467,0.0000062500,0.0004000000,21.5,0.0
2026-09-04T13:47:38.625+00:00,B_sell_A_buy,9.7425,3.8425,233.89,233.9,105.827,47.533,234.128,234.188,1.875,0.467,0.0000062500,0.0004000000,21.5,0.0
2026-09-04T13:47:39.676+00:00,A_sell_B_buy,-11.6640,-17.5640,233.93,233.94,44.3,235.187,234.141,234.203,46.853,25.88,0.0000062500,0.0004000000,145.4,0.1
2026-09-04T13:47:39.676+00:00,B_sell_A_buy,8.5878,2.6878,233.93,233.94,44.3,235.187,234.141,234.203,46.853,25.88,0.0000062500,0.0004000000,145.4,0.1
2026-09-04T13:47:40.909+00:00,A_sell_B_buy,-9.2292,-15.1292,233.93,233.94,69.194,119.905,234.143,234.146,2.221,12.821,0.0000062500,0.0004000000,279.2,0.1
2026-09-04T13:47:40.909+00:00,B_sell_A_buy,8.6737,2.7737,233.93,233.94,69.194,119.905,234.143,234.146,2.221,12.821,0.0000062500,0.0004000000,279.2,0.1
2026-09-04T13:47:41.976+00:00,A_sell_B_buy,-8.8015,-14.7015,233.94,233.97,4.275,279.644,234.143,234.146,59.599,12.821,0.0000062500,0.0004000000,0.1,172.2
2026-09-04T13:47:41.976+00:00,B_sell_A_buy,7.3916,1.4916,233.94,233.97,4.275,279.644,234.143,234.146,59.599,12.821,0.0000062500,0.0004000000,0.1,172.2
2026-09-04T13:47:42.976+00:00,A_sell_B_buy,-12.5606,-18.4606,233.93,233.96,95.797,21.172,234.15,234.224,1.854,0.47,0.0000062500,0.0004000000,0.1,144.0
2026-09-04T13:47:42.976+00:00,B_sell_A_buy,8.1174,2.2174,233.93,233.96,95.797,21.172,234.15,234.224,1.854,0.47,0.0000062500,0.0004000000,0.1,144.0
2026-09-04T13:47:43.977+00:00,A_sell_B_buy,-11.2782,-17.1782,233.96,233.98,4.274,420.014,234.153,234.224,44.534,0.47,0.0000062500,0.0004000000,16.2,0.1
2026-09-04T13:47:43.977+00:00,B_sell_A_buy,7.3907,1.4907,233.96,233.98,4.274,420.014,234.153,234.224,44.534,0.47,0.0000062500,0.0004000000,16.2,0.1
2026-09-04T13:47:44.990+00:00,A_sell_B_buy,-9.9554,-15.8554,233.95,233.97,24.813,427.561,234.075,234.183,2.284,78.207,0.0000062500,0.0004000000,0.0,28.4
2026-09-04T13:47:44.990+00:00,B_sell_A_buy,4.4863,-1.4137,233.95,233.97,24.813,427.561,234.075,234.183,2.284,78.207,0.0000062500,0.0004000000,0.0,28.4
2026-09-04T13:47:45.995+00:00,A_sell_B_buy,-4.4446,-10.3446,233.95,233.96,24.813,813.166,234.012,234.054,2.319,32.493,0.0000062500,0.0004000000,446.2,0.0
2026-09-04T13:47:45.995+00:00,B_sell_A_buy,2.2223,-3.6777,233.95,233.96,24.813,813.166,234.012,234.054,2.319,32.493,0.0000062500,0.0004000000,446.2,0.0
2026-09-04T13:47:47.009+00:00,A_sell_B_buy,-11.3298,-17.2298,233.77,233.81,44.0,177.2,233.969,234.035,48.995,78.207,0.0000062500,0.0004000000,21.8,0.0
2026-09-04T13:47:47.009+00:00,B_sell_A_buy,6.7979,0.8979,233.77,233.81,44.0,177.2,233.969,234.035,48.995,78.207,0.0000062500,0.0004000000,21.8,0.0
2026-09-04T13:47:48.040+00:00,A_sell_B_buy,-11.2442,-17.1442,233.78,233.8,16.03,241.342,233.971,234.043,2.067,0.448,0.0000062500,0.0004000000,0.1,107.9
2026-09-04T13:47:48.040+00:00,B_sell_A_buy,7.3109,1.4109,233.78,233.8,16.03,241.342,233.971,234.043,2.067,0.448,0.0000062500,0.0004000000,0.1,107.9
2026-09-04T13:47:49.057+00:00,A_sell_B_buy,-10.4324,-16.3324,233.79,233.8,16.495,162.439,233.92,234.034,2.319,78.689,0.0000062500,0.0004000000,0.0,33.1
2026-09-04T13:47:49.057+00:00,B_sell_A_buy,5.1307,-0.7693,233.79,233.8,16.495,162.439,233.92,234.034,2.319,78.689,0.0000062500,0.0004000000,0.0,33.1
2026-09-04T13:47:50.101+00:00,A_sell_B_buy,-9.6215,-15.5215,233.75,233.76,24.813,88.6,233.92,233.975,46.853,12.861,0.0000062500,0.0004000000,74.4,0.1
2026-09-04T13:47:50.101+00:00,B_sell_A_buy,6.8420,0.9420,233.75,233.76,24.813,88.6,233.92,233.975,46.853,12.861,0.0000062500,0.0004000000,74.4,0.1
2026-09-04T13:47:51.179+00:00,A_sell_B_buy,-11.1184,-17.0184,233.73,233.74,54.951,171.502,233.925,233.99,1.978,12.821,0.0000062500,0.0004000000,0.1,89.5
2026-09-04T13:47:51.179+00:00,B_sell_A_buy,7.9112,2.0112,233.73,233.74,54.951,171.502,233.925,233.99,1.978,12.821,0.0000062500,0.0004000000,0.1,89.5
2026-09-04T13:47:52.217+00:00,A_sell_B_buy,-8.9799,-14.8799,233.76,233.77,18.867,193.444,233.921,233.97,46.672,12.861,0.0000062500,0.0004000000,78.2,0.1
2026-09-04T13:47:52.217+00:00,B_sell_A_buy,6.4570,0.5570,233.76,233.77,18.867,193.444,233.921,233.97,46.672,12.861,0.0000062500,0.0004000000,78.2,0.1
2026-09-04T13:47:53.218+00:00,A_sell_B_buy,-9.0663,-14.9663,233.73,233.74,30.948,255.383,233.921,233.942,44.534,44.534,0.0000062500,0.0004000000,0.0,23.9
2026-09-04T13:47:53.218+00:00,B_sell_A_buy,7.7406,1.8406,233.73,233.74,30.948,255.383,233.921,233.942,44.534,44.534,0.0000062500,0.0004000000,0.0,23.9
2026-09-04T13:47:54.249+00:00,A_sell_B_buy,-9.8786,-15.7786,233.73,233.74,21.956,166.291,233.924,233.961,2.239,54.732,0.0000062500,0.0004000000,0.1,142.7
2026-09-04T13:47:54.249+00:00,B_sell_A_buy,7.8687,1.9687,233.73,233.74,21.956,166.291,233.924,233.961,2.239,54.732,0.0000062500,0.0004000000,0.1,142.7
2026-09-04T13:47:55.256+00:00,A_sell_B_buy,-10.6048,-16.5048,233.74,233.76,149.132,17.08,233.935,233.988,1.684,44.534,0.0000062500,0.0004000000,0.0,10.3
2026-09-04T13:47:55.256+00:00,B_sell_A_buy,7.4832,1.5832,233.74,233.76,149.132,17.08,233.935,233.988,1.684,44.534,0.0000062500,0.0004000000,0.0,10.3
2026-09-04T13:47:56.274+00:00,A_sell_B_buy,-15.0938,-20.9938,233.71,233.74,47.968,88.6,233.968,234.063,86.489,0.49,0.0000062500,0.0004000000,134.2,0.1
2026-09-04T13:47:56.274+00:00,B_sell_A_buy,9.7490,3.8490,233.71,233.74,47.968,88.6,233.968,234.063,86.489,0.49,0.0000062500,0.0004000000,134.2,0.1
2026-09-04T13:47:57.278+00:00,A_sell_B_buy,-9.1486,-15.0486,233.82,233.83,139.485,17.473,233.983,234.034,1.913,12.821,0.0000062500,0.0004000000,71.6,0.1
2026-09-04T13:47:57.278+00:00,B_sell_A_buy,6.5408,0.6408,233.82,233.83,139.485,17.473,233.983,234.034,1.913,12.821,0.0000062500,0.0004000000,71.6,0.1
2026-09-04T13:47:58.324+00:00,A_sell_B_buy,-10.6453,-16.5453,233.79,233.81,52.584,44.3,233.988,234.039,2.125,12.861,0.0000062500,0.0004000000,64.6,0.1
2026-09-04T13:47:58.324+00:00,B_sell_A_buy,7.6099,1.7099,233.79,233.81,52.584,44.3,233.988,234.039,2.125,12.861,0.0000062500,0.0004000000,64.6,0.1
2026-09-04T13:47:59.348+00:00,A_sell_B_buy,-11.3706,-17.2706,233.82,233.83,25.759,155.968,234.011,234.086,2.203,12.74,0.0000062500,0.0004000000,0.1,77.9
2026-09-04T13:47:59.348+00:00,B_sell_A_buy,7.7371,1.8371,233.82,233.83,25.759,155.968,234.011,234.086,2.203,12.74,0.0000062500,0.0004000000,0.1,77.9
2026-09-04T13:48:00.374+00:00,A_sell_B_buy,-14.0595,-19.9595,233.86,233.87,247.068,14.97,234.102,234.189,1.693,0.488,0.0000062500,0.0004000000,115.5,0.1
2026-09-04T13:48:00.374+00:00,B_sell_A_buy,9.9143,4.0143,233.86,233.87,247.068,14.97,234.102,234.189,1.693,0.488,0.0000062500,0.0004000000,115.5,0.1
2026-09-04T13:48:01.410+00:00,A_sell_B_buy,-10.8510,-16.7510,233.96,233.97,53.427,7.693,234.174,234.214,46.853,12.861,0.0000062500,0.0004000000,158.4,0.1
2026-09-04T13:48:01.410+00:00,B_sell_A_buy,8.7150,2.8150,233.96,233.97,53.427,7.693,234.174,234.214,46.853,12.861,0.0000062500,0.0004000000,158.4,0.1
2026-09-04T13:48:02.455+00:00,A_sell_B_buy,-9.9962,-15.8962,233.98,233.99,64.919,2.001,234.175,234.214,1.878,12.821,0.0000062500,0.0004000000,63.0,0.1
2026-09-04T13:48:02.455+00:00,B_sell_A_buy,7.9030,2.0030,233.98,233.99,64.919,2.001,234.175,234.214,1.878,12.821,0.0000062500,0.0004000000,63.0,0.1
2026-09-04T13:48:03.462+00:00,A_sell_B_buy,-10.0817,-15.9817,233.98,233.99,19.932,1.632,234.164,234.216,1.684,12.821,0.0000062500,0.0004000000,64.8,0.0
2026-09-04T13:48:03.462+00:00,B_sell_A_buy,7.4331,1.5331,233.98,233.99,19.932,1.632,234.164,234.216,1.684,12.821,0.0000062500,0.0004000000,64.8,0.0
2026-09-04T13:48:04.508+00:00,A_sell_B_buy,-17.4669,-23.3669,233.97,234.0,30.192,14.804,234.28,234.379,12.861,12.821,0.0000062500,0.0004000000,46.1,0.1
2026-09-04T13:48:04.508+00:00,B_sell_A_buy,11.9578,6.0578,233.97,234.0,30.192,14.804,234.28,234.379,12.861,12.821,0.0000062500,0.0004000000,46.1,0.1
2026-09-04T13:48:05.522+00:00,A_sell_B_buy,-11.3569,-17.2569,234.1,234.11,277.489,0.077,234.299,234.366,12.861,12.821,0.0000062500,0.0004000000,0.1,21.0
2026-09-04T13:48:05.522+00:00,B_sell_A_buy,8.0694,2.1694,234.1,234.11,277.489,0.077,234.299,234.366,12.861,12.821,0.0000062500,0.0004000000,0.1,21.0
2026-09-04T13:48:06.536+00:00,A_sell_B_buy,-10.2881,-16.1881,234.14,234.17,16.292,59.105,234.313,234.381,2.111,44.534,0.0000062500,0.0004000000,0.1,50.5
2026-09-04T13:48:06.536+00:00,B_sell_A_buy,6.1046,0.2046,234.14,234.17,16.292,59.105,234.313,234.381,2.111,44.534,0.0000062500,0.0004000000,0.1,50.5
2026-09-04T13:48:07.544+00:00,A_sell_B_buy,-10.0318,-15.9318,234.15,234.16,4.271,213.024,234.322,234.385,46.459,25.722,0.0000062500,0.0004000000,26.2,0.0
2026-09-04T13:48:07.544+00:00,B_sell_A_buy,6.9156,1.0156,234.15,234.16,4.271,213.024,234.322,234.385,46.459,25.722,0.0000062500,0.0004000000,26.2,0.0
2026-09-04T13:48:08.547+00:00,A_sell_B_buy,-11.3965,-17.2965,234.17,234.19,64.919,11.88,234.335,234.437,1.902,108.506,0.0000062500,0.0004000000,140.4,0.1
2026-09-04T13:48:08.547+00:00,B_sell_A_buy,6.1891,0.2891,234.17,234.19,64.919,11.88,234.335,234.437,1.902,108.506,0.0000062500,0.0004000000,140.4,0.1
2026-09-04T13:48:09.617+00:00,A_sell_B_buy,-10.9266,-16.8266,234.18,234.19,105.126,28.583,234.354,234.436,46.398,0.515,0.0000062500,0.0004000000,0.1,73.6
2026-09-04T13:48:09.617+00:00,B_sell_A_buy,6.9999,1.0999,234.18,234.19,105.126,28.583,234.354,234.436,46.398,0.515,0.0000062500,0.0004000000,0.1,73.6
2026-09-04T13:48:10.698+00:00,A_sell_B_buy,-11.7794,-17.6794,234.18,234.19,102.255,9.077,234.405,234.456,2.025,108.506,0.0000062500,0.0004000000,0.1,82.5
2026-09-04T13:48:10.698+00:00,B_sell_A_buy,9.1760,3.2760,234.18,234.19,102.255,9.077,234.405,234.456,2.025,108.506,0.0000062500,0.0004000000,0.1,82.5
2026-09-04T13:48:11.698+00:00,A_sell_B_buy,-11.8645,-17.7645,234.18,234.19,91.968,9.077,234.419,234.458,46.487,44.534,0.0000062500,0.0004000000,769.4,0.0
2026-09-04T13:48:11.698+00:00,B_sell_A_buy,9.7733,3.8733,234.18,234.19,91.968,9.077,234.419,234.458,46.487,44.534,0.0000062500,0.0004000000,769.4,0.0
2026-09-04T13:48:12.721+00:00,A_sell_B_buy,-11.1807,-17.0807,234.21,234.22,4.27,214.725,234.426,234.472,46.833,12.821,0.0000062500,0.0004000000,201.3,0.1
2026-09-04T13:48:12.721+00:00,B_sell_A_buy,8.7909,2.8909,234.21,234.22,4.27,214.725,234.426,234.472,46.833,12.821,0.0000062500,0.0004000000,201.3,0.1
2026-09-04T13:48:13.722+00:00,A_sell_B_buy,-11.6076,-17.5076,234.2,234.22,64.919,179.775,234.427,234.472,2.298,12.821,0.0000062500,0.0004000000,44.7,0.1
2026-09-04T13:48:13.722+00:00,B_sell_A_buy,8.8337,2.9337,234.2,234.22,64.919,179.775,234.427,234.472,2.298,12.821,0.0000062500,0.0004000000,44.7,0.1
2026-09-04T13:48:14.732+00:00,A_sell_B_buy,-12.4170,-18.3170,234.22,234.23,35.042,0.16,234.467,234.511,2.239,10.174,0.0000062500,0.0004000000,0.1,43.8
2026-09-04T13:48:14.732+00:00,B_sell_A_buy,10.1128,4.2128,234.22,234.23,35.042,0.16,234.467,234.511,2.239,10.174,0.0000062500,0.0004000000,0.1,43.8
2026-09-04T13:48:15.746+00:00,A_sell_B_buy,-11.9037,-17.8037,234.26,234.27,105.126,0.174,234.456,234.539,2.053,127.958,0.0000062500,0.0004000000,0.1,70.7
2026-09-04T13:48:15.746+00:00,B_sell_A_buy,7.9358,2.0358,234.26,234.27,105.126,0.174,234.456,234.539,2.053,127.958,0.0000062500,0.0004000000,0.1,70.7
2026-09-04T13:48:16.812+00:00,A_sell_B_buy,-8.8337,-14.7337,234.24,234.25,33.414,15.881,234.385,234.447,1.931,12.821,0.0000062500,0.0004000000,0.1,84.4
2026-09-04T13:48:16.812+00:00,B_sell_A_buy,5.7611,-0.1389,234.24,234.25,33.414,15.881,234.385,234.447,1.931,12.821,0.0000062500,0.0004000000,0.1,84.4
2026-09-04T13:48:17.849+00:00,A_sell_B_buy,-10.7561,-16.6561,234.16,234.19,64.919,88.252,234.385,234.412,44.534,12.861,0.0000062500,0.0004000000,92.3,0.1
2026-09-04T13:48:17.849+00:00,B_sell_A_buy,8.3231,2.4231,234.16,234.19,64.919,88.252,234.385,234.412,44.534,12.861,0.0000062500,0.0004000000,92.3,0.1
2026-09-04T13:48:18.856+00:00,A_sell_B_buy,-10.5003,-16.4003,234.17,234.18,17.448,183.762,234.35,234.416,2.176,12.861,0.0000062500,0.0004000000,235.6,0.1
2026-09-04T13:48:18.856+00:00,B_sell_A_buy,7.2563,1.3563,234.17,234.18,17.448,183.762,234.35,234.416,2.176,12.861,0.0000062500,0.0004000000,235.6,0.1
2026-09-04T13:48:19.864+00:00,A_sell_B_buy,-10.4582,-16.3582,234.15,234.18,50.716,206.084,234.335,234.395,46.766,12.861,0.0000062500,0.0004000000,68.9,0.1
2026-09-04T13:48:19.864+00:00,B_sell_A_buy,6.6164,0.7164,234.15,234.18,50.716,206.084,234.335,234.395,46.766,12.861,0.0000062500,0.0004000000,68.9,0.1
2026-09-04T13:48:20.886+00:00,A_sell_B_buy,-10.8002,-16.7002,234.14,234.15,0.192,26.418,234.336,234.393,46.525,108.506,0.0000062500,0.0004000000,94.8,0.0
2026-09-04T13:48:20.886+00:00,B_sell_A_buy,7.9401,2.0401,234.14,234.15,0.192,26.418,234.336,234.393,46.525,108.506,0.0000062500,0.0004000000,94.8,0.0
2026-09-04T13:48:21.897+00:00,A_sell_B_buy,-9.9466,-15.8466,234.14,234.15,0.192,199.102,234.337,234.373,44.534,12.861,0.0000062500,0.0004000000,83.2,0.0
2026-09-04T13:48:21.897+00:00,B_sell_A_buy,7.9829,2.0829,234.14,234.15,0.192,199.102,234.337,234.373,44.534,12.861,0.0000062500,0.0004000000,83.2,0.0
2026-09-04T13:48:22.926+00:00,A_sell_B_buy,-11.1416,-17.0416,234.14,234.15,0.192,357.295,234.338,234.401,2.235,108.506,0.0000062500,0.0004000000,342.8,0.1
2026-09-04T13:48:22.926+00:00,B_sell_A_buy,8.0254,2.1254,234.14,234.15,0.192,357.295,234.338,234.401,2.235,108.506,0.0000062500,0.0004000000,342.8,0.1
2026-09-04T13:48:23.944+00:00,A_sell_B_buy,-9.7754,-15.6754,234.15,234.17,85.289,51.332,234.343,234.379,44.534,12.861,0.0000062500,0.0004000000,0.1,94.6
2026-09-04T13:48:23.944+00:00,B_sell_A_buy,7.3849,1.4849,234.15,234.17,85.289,51.332,234.343,234.379,44.534,12.861,0.0000062500,0.0004000000,0.1,94.6
2026-09-04T13:48:25.007+00:00,A_sell_B_buy,-10.7569,-16.6569,234.15,234.17,24.937,156.2,234.348,234.402,0.777,12.861,0.0000062500,0.0004000000,82.6,0.1
2026-09-04T13:48:25.007+00:00,B_sell_A_buy,7.5982,1.6982,234.15,234.17,24.937,156.2,234.348,234.402,0.777,12.861,0.0000062500,0.0004000000,82.6,0.1
2026-09-04T13:48:26.027+00:00,A_sell_B_buy,-11.2694,-17.1694,234.14,234.17,84.143,22.607,234.338,234.404,2.235,77.027,0.0000062500,0.0004000000,84.3,0.1
2026-09-04T13:48:26.027+00:00,B_sell_A_buy,7.1714,1.2714,234.14,234.17,84.143,22.607,234.338,234.404,2.235,77.027,0.0000062500,0.0004000000,84.3,0.1
2026-09-04T13:48:27.102+00:00,A_sell_B_buy,-11.1840,-17.0840,234.14,234.17,90.09,222.712,234.341,234.402,46.458,25.722,0.0000062500,0.0004000000,76.0,0.1
2026-09-04T13:48:27.102+00:00,B_sell_A_buy,7.2995,1.3995,234.14,234.17,90.09,222.712,234.341,234.402,46.458,25.722,0.0000062500,0.0004000000,76.0,0.1
2026-09-04T13:48:28.131+00:00,A_sell_B_buy,-13.8714,-19.7714,234.16,234.18,69.19,214.725,234.356,234.485,2.243,0.201,0.0000062500,0.0004000000,83.3,0.1
2026-09-04T13:48:28.131+00:00,B_sell_A_buy,7.5119,1.6119,234.16,234.18,69.19,214.725,234.356,234.485,2.243,0.201,0.0000062500,0.0004000000,83.3,0.1
2026-09-04T13:48:29.136+00:00,A_sell_B_buy,-9.6455,-15.5455,234.2,234.23,64.919,48.569,234.369,234.426,2.145,12.821,0.0000062500,0.0004000000,93.3,0.1
2026-09-04T13:48:29.136+00:00,B_sell_A_buy,5.9324,0.0324,234.2,234.23,64.919,48.569,234.369,234.426,2.145,12.821,0.0000062500,0.0004000000,93.3,0.1
2026-09-04T13:48:30.162+00:00,A_sell_B_buy,-9.3903,-15.2903,234.18,234.19,64.919,60.928,234.369,234.4,44.534,12.861,0.0000062500,0.0004000000,0.1,57.7
2026-09-04T13:48:30.162+00:00,B_sell_A_buy,7.6403,1.7403,234.18,234.19,64.919,60.928,234.369,234.4,44.534,12.861,0.0000062500,0.0004000000,0.1,57.7
2026-09-04T13:48:31.241+00:00,A_sell_B_buy,-10.5864,-16.4864,234.14,234.15,43.076,4.271,234.369,234.388,44.534,12.861,0.0000062500,0.0004000000,126.4,0.1
2026-09-04T13:48:31.241+00:00,B_sell_A_buy,9.3485,3.4485,234.14,234.15,43.076,4.271,234.369,234.388,44.534,12.861,0.0000062500,0.0004000000,126.4,0.1
2026-09-04T13:48:32.250+00:00,A_sell_B_buy,-12.2085,-18.1085,234.14,234.16,21.326,160.838,234.329,234.426,1.945,32.493,0.0000062500,0.0004000000,0.1,25.7
2026-09-04T13:48:32.250+00:00,B_sell_A_buy,7.2141,1.3141,234.14,234.16,21.326,160.838,234.329,234.426,1.945,32.493,0.0000062500,0.0004000000,0.1,25.7
2026-09-04T13:48:33.294+00:00,A_sell_B_buy,-10.9270,-16.8270,234.17,234.18,100.373,15.715,234.353,234.426,46.695,33.245,0.0000062500,0.0004000000,0.1,122.5
2026-09-04T13:48:33.294+00:00,B_sell_A_buy,7.3843,1.4843,234.17,234.18,100.373,15.715,234.353,234.426,46.695,33.245,0.0000062500,0.0004000000,0.1,122.5
2026-09-04T13:48:34.312+00:00,A_sell_B_buy,-12.6351,-18.5351,234.13,234.16,21.223,24.92,234.354,234.426,3.766,32.493,0.0000062500,0.0004000000,0.1,74.0
2026-09-04T13:48:34.312+00:00,B_sell_A_buy,8.2811,2.3811,234.13,234.16,21.223,24.92,234.354,234.426,3.766,32.493,0.0000062500,0.0004000000,0.1,74.0
2026-09-04T13:48:35.333+00:00,A_sell_B_buy,-9.6041,-15.5041,234.17,234.18,4.27,55.196,234.358,234.395,2.07,12.821,0.0000062500,0.0004000000,151.9,0.1
2026-09-04T13:48:35.333+00:00,B_sell_A_buy,7.5979,1.6979,234.17,234.18,4.27,55.196,234.358,234.395,2.07,12.821,0.0000062500,0.0004000000,151.9,0.1
2026-09-04T13:48:36.340+00:00,A_sell_B_buy,-10.4576,-16.3576,234.16,234.18,21.4,53.855,234.369,234.405,2.225,12.821,0.0000062500,0.0004000000,357.4,0.0
2026-09-04T13:48:36.340+00:00,B_sell_A_buy,8.0673,2.1673,234.16,234.18,21.4,53.855,234.369,234.405,2.225,12.821,0.0000062500,0.0004000000,357.4,0.0
2026-09-04T13:48:37.342+00:00,A_sell_B_buy,-8.6642,-14.5642,234.2,234.21,4.27,64.749,234.376,234.403,1.95,12.861,0.0000062500,0.0004000000,120.0,0.1
2026-09-04T13:48:37.342+00:00,B_sell_A_buy,7.0850,1.1850,234.2,234.21,4.27,64.749,234.376,234.403,1.95,12.861,0.0000062500,0.0004000000,120.0,0.1
2026-09-04T13:48:38.378+00:00,A_sell_B_buy,-10.6687,-16.5687,234.21,234.22,35.454,0.192,234.433,234.46,46.431,12.821,0.0000062500,0.0004000000,0.1,35.9
2026-09-04T13:48:38.378+00:00,B_sell_A_buy,9.0897,3.1897,234.21,234.22,35.454,0.192,234.433,234.46,46.431,12.821,0.0000062500,0.0004000000,0.1,35.9
2026-09-04T13:48:39.382+00:00,A_sell_B_buy,-8.1969,-14.0969,234.16,234.18,21.4,141.977,234.243,234.352,2.005,0.729,0.0000062500,0.0004000000,70.4,0.0
2026-09-04T13:48:39.382+00:00,B_sell_A_buy,2.6896,-3.2104,234.16,234.18,21.4,141.977,234.243,234.352,2.005,0.729,0.0000062500,0.0004000000,70.4,0.0
2026-09-04T13:48:40.384+00:00,A_sell_B_buy,-11.0165,-16.9165,234.08,234.11,0.192,565.118,234.248,234.338,1.984,70.256,0.0000062500,0.0004000000,33.4,0.1
2026-09-04T13:48:40.384+00:00,B_sell_A_buy,5.8926,-0.0074,234.08,234.11,0.192,565.118,234.248,234.338,1.984,70.256,0.0000062500,0.0004000000,33.4,0.1
2026-09-04T13:48:41.395+00:00,A_sell_B_buy,-11.7419,-17.6419,234.08,234.11,140.184,320.047,234.268,234.355,2.272,12.861,0.0000062500,0.0004000000,243.8,0.0
2026-09-04T13:48:41.395+00:00,B_sell_A_buy,6.7463,0.8463,234.08,234.11,140.184,320.047,234.268,234.355,2.272,12.861,0.0000062500,0.0004000000,243.8,0.0
2026-09-04T13:48:42.402+00:00,A_sell_B_buy,-7.7302,-13.6302,234.08,234.11,8.154,44.3,234.134,234.261,7.944,78.207,0.0000062500,0.0004000000,209.2,0.0
2026-09-04T13:48:42.402+00:00,B_sell_A_buy,1.0250,-4.8750,234.08,234.11,8.154,44.3,234.134,234.261,7.944,78.207,0.0000062500,0.0004000000,209.2,0.0
2026-09-04T13:48:43.415+00:00,A_sell_B_buy,-12.6510,-18.5510,233.85,233.86,17.604,44.242,234.039,234.146,12.861,108.506,0.0000062500,0.0004000000,107.5,0.0
2026-09-04T13:48:43.415+00:00,B_sell_A_buy,7.6504,1.7504,233.85,233.86,17.604,44.242,234.039,234.146,12.861,108.506,0.0000062500,0.0004000000,107.5,0.0
2026-09-04T13:48:44.494+00:00,A_sell_B_buy,-11.7538,-17.6538,233.85,233.86,0.855,44.3,234.033,234.125,2.026,25.722,0.0000062500,0.0004000000,125.2,0.1
2026-09-04T13:48:44.494+00:00,B_sell_A_buy,7.3942,1.4942,233.85,233.86,0.855,44.3,234.033,234.125,2.026,25.722,0.0000062500,0.0004000000,125.2,0.1
2026-09-04T13:48:45.515+00:00,A_sell_B_buy,-13.4622,-19.3622,233.85,233.86,139.271,236.651,234.078,234.165,2.103,12.861,0.0000062500,0.0004000000,109.9,0.1
2026-09-04T13:48:45.515+00:00,B_sell_A_buy,9.3167,3.4167,233.85,233.86,139.271,236.651,234.078,234.165,2.103,12.861,0.0000062500,0.0004000000,109.9,0.1
2026-09-04T13:48:46.519+00:00,A_sell_B_buy,-9.3172,-15.2172,233.88,233.89,41.568,15.165,234.035,234.098,1.924,8.466,0.0000062500,0.0004000000,289.6,0.0
2026-09-04T13:48:46.519+00:00,B_sell_A_buy,6.1972,0.2972,233.88,233.89,41.568,15.165,234.035,234.098,1.924,8.466,0.0000062500,0.0004000000,289.6,0.0
2026-09-04T13:48:47.526+00:00,A_sell_B_buy,-10.6422,-16.5422,233.85,233.88,120.799,328.313,234.065,234.099,44.534,12.861,0.0000062500,0.0004000000,27.7,0.1
2026-09-04T13:48:47.526+00:00,B_sell_A_buy,7.9069,2.0069,233.85,233.88,120.799,328.313,234.065,234.099,44.534,12.861,0.0000062500,0.0004000000,27.7,0.1
2026-09-04T13:48:48.552+00:00,A_sell_B_buy,-10.9847,-16.8847,233.84,233.87,5.131,220.508,234.036,234.097,46.496,12.861,0.0000062500,0.0004000000,0.1,36.3
2026-09-04T13:48:48.552+00:00,B_sell_A_buy,7.0952,1.1952,233.84,233.87,5.131,220.508,234.036,234.097,46.496,12.861,0.0000062500,0.0004000000,0.1,36.3
2026-09-04T13:48:49.638+00:00,A_sell_B_buy,-9.4469,-15.3469,233.84,233.85,0.855,18.271,234.007,234.061,12.861,78.207,0.0000062500,0.0004000000,151.4,0.1
2026-09-04T13:48:49.638+00:00,B_sell_A_buy,6.7111,0.8111,233.84,233.85,0.855,18.271,234.007,234.061,12.861,78.207,0.0000062500,0.0004000000,151.4,0.1
2026-09-04T13:48:50.673+00:00,A_sell_B_buy,-11.3706,-17.2706,233.81,233.84,20.121,146.153,234.022,234.076,46.584,78.207,0.0000062500,0.0004000000,0.1,73.6
2026-09-04T13:48:50.673+00:00,B_sell_A_buy,7.7799,1.8799,233.81,233.84,20.121,146.153,234.022,234.076,46.584,78.207,0.0000062500,0.0004000000,0.1,73.6
2026-09-04T13:48:51.774+00:00,A_sell_B_buy,-11.3705,-17.2705,233.81,233.84,4.329,167.649,234.031,234.076,46.486,9.894,0.0000062500,0.0004000000,0.1,251.3
2026-09-04T13:48:51.774+00:00,B_sell_A_buy,8.1645,2.2645,233.81,233.84,4.329,167.649,234.031,234.076,46.486,9.894,0.0000062500,0.0004000000,0.1,251.3
2026-09-04T13:48:52.779+00:00,A_sell_B_buy,-11.3700,-17.2700,233.82,233.85,80.084,174.812,234.043,234.086,1.995,10.0,0.0000062500,0.0004000000,154.9,0.1
2026-09-04T13:48:52.779+00:00,B_sell_A_buy,8.2496,2.3496,233.82,233.85,80.084,174.812,234.043,234.086,1.995,10.0,0.0000062500,0.0004000000,154.9,0.1
2026-09-04T13:48:53.794+00:00,A_sell_B_buy,-10.8133,-16.7133,233.86,233.88,64.919,19.12,234.03,234.113,1.886,12.861,0.0000062500,0.0004000000,89.1,0.1
2026-09-04T13:48:53.794+00:00,B_sell_A_buy,6.4111,0.5111,233.86,233.88,64.919,19.12,234.03,234.113,1.886,12.861,0.0000062500,0.0004000000,89.1,0.1
2026-09-04T13:48:54.795+00:00,A_sell_B_buy,-12.0542,-17.9542,233.81,233.82,0.052,225.777,234.049,234.092,1.888,12.861,0.0000062500,0.0004000000,11.8,0.1
2026-09-04T13:48:54.795+00:00,B_sell_A_buy,9.7887,3.8887,233.81,233.82,0.052,225.777,234.049,234.092,1.888,12.861,0.0000062500,0.0004000000,11.8,0.1
2026-09-04T13:48:55.828+00:00,A_sell_B_buy,-9.5765,-15.4765,233.81,233.82,0.052,142.059,233.957,234.034,2.221,45.086,0.0000062500,0.0004000000,76.7,0.1
2026-09-04T13:48:55.828+00:00,B_sell_A_buy,5.8571,-0.0429,233.81,233.82,0.052,142.059,233.957,234.034,2.221,45.086,0.0000062500,0.0004000000,76.7,0.1
2026-09-04T13:48:56.838+00:00,A_sell_B_buy,-10.8175,-16.7175,233.76,233.78,33.414,56.503,233.966,234.013,2.123,0.552,0.0000062500,0.0004000000,38.5,0.1
2026-09-04T13:48:56.838+00:00,B_sell_A_buy,7.9528,2.0528,233.76,233.78,33.414,56.503,233.966,234.013,2.123,0.552,0.0000062500,0.0004000000,38.5,0.1
2026-09-04T13:48:57.852+00:00,A_sell_B_buy,-11.6753,-17.5753,233.7,233.72,33.414,88.6,233.915,233.973,2.009,12.861,0.0000062500,0.0004000000,0.1,58.5
2026-09-04T13:48:57.852+00:00,B_sell_A_buy,8.3395,2.4395,233.7,233.72,33.414,88.6,233.915,233.973,2.009,12.861,0.0000062500,0.0004000000,0.1,58.5
2026-09-04T13:48:58.860+00:00,A_sell_B_buy,-11.2046,-17.1046,233.71,233.72,64.919,4.279,233.931,233.972,1.698,44.534,0.0000062500,0.0004000000,46.1,0.1
2026-09-04T13:48:58.860+00:00,B_sell_A_buy,9.0235,3.1235,233.71,233.72,64.919,4.279,233.931,233.972,1.698,44.534,0.0000062500,0.0004000000,46.1,0.1
2026-09-04T13:48:59.970+00:00,A_sell_B_buy,-10.1346,-16.0346,233.73,233.76,199.268,17.251,233.952,233.967,2.045,44.534,0.0000062500,0.0004000000,0.1,353.6
2026-09-04T13:48:59.970+00:00,B_sell_A_buy,8.2103,2.3103,233.73,233.76,199.268,17.251,233.952,233.967,2.045,44.534,0.0000062500,0.0004000000,0.1,353.6
2026-09-04T13:49:01.086+00:00,A_sell_B_buy,-9.2789,-15.1789,233.75,233.78,72.51,60.573,233.957,233.967,44.402,12.821,0.0000062500,0.0004000000,146.8,0.1
2026-09-04T13:49:01.086+00:00,B_sell_A_buy,7.5685,1.6685,233.75,233.78,72.51,60.573,233.957,233.967,44.402,12.821,0.0000062500,0.0004000000,146.8,0.1
2026-09-04T13:49:02.097+00:00,A_sell_B_buy,-10.0492,-15.9492,233.73,233.74,40.312,35.457,233.964,233.965,2.086,70.256,0.0000062500,0.0004000000,91.5,0.1
2026-09-04T13:49:02.097+00:00,B_sell_A_buy,9.5788,3.6788,233.73,233.74,40.312,35.457,233.964,233.965,2.086,70.256,0.0000062500,0.0004000000,91.5,0.1
2026-09-04T13:49:03.130+00:00,A_sell_B_buy,-10.7751,-16.6751,233.75,233.78,64.919,23.989,233.957,234.002,2.137,12.821,0.0000062500,0.0004000000,50.2,0.1
2026-09-04T13:49:03.130+00:00,B_sell_A_buy,7.5682,1.6682,233.75,233.78,64.919,23.989,233.957,234.002,2.137,12.821,0.0000062500,0.0004000000,50.2,0.1
2026-09-04T13:49:04.375+00:00,A_sell_B_buy,-9.8350,-15.7350,233.75,233.76,50.456,22.071,233.949,233.98,46.478,70.256,0.0000062500,0.0004000000,0.1,256.6
2026-09-04T13:49:04.375+00:00,B_sell_A_buy,8.0818,2.1818,233.75,233.76,50.456,22.071,233.949,233.98,46.478,70.256,0.0000062500,0.0004000000,0.1,256.6
2026-09-04T13:49:05.404+00:00,A_sell_B_buy,-9.0668,-14.9668,233.73,233.76,222.628,28.469,233.847,233.942,2.089,0.575,0.0000062500,0.0004000000,0.1,227.9
2026-09-04T13:49:05.404+00:00,B_sell_A_buy,3.7208,-2.1792,233.73,233.76,222.628,28.469,233.847,233.942,2.089,0.575,0.0000062500,0.0004000000,0.1,227.9
2026-09-04T13:49:06.420+00:00,A_sell_B_buy,-11.3765,-17.2765,233.68,233.72,39.232,23.415,233.915,233.946,1.951,12.861,0.0000062500,0.0004000000,170.2,0.1
2026-09-04T13:49:06.420+00:00,B_sell_A_buy,8.3399,2.4399,233.68,233.72,39.232,23.415,233.915,233.946,1.951,12.861,0.0000062500,0.0004000000,170.2,0.1
2026-09-04T13:49:07.424+00:00,A_sell_B_buy,-13.1709,-19.0709,233.71,233.72,64.919,16.239,233.948,234.018,2.858,12.861,0.0000062500,0.0004000000,20.4,0.0
2026-09-04T13:49:07.424+00:00,B_sell_A_buy,9.7499,3.8499,233.71,233.72,64.919,16.239,233.948,234.018,2.858,12.861,0.0000062500,0.0004000000,20.4,0.0
2026-09-04T13:49:08.429+00:00,A_sell_B_buy,-10.9454,-16.8454,233.76,233.79,49.56,43.9,233.983,234.016,2.187,25.722,0.0000062500,0.0004000000,103.9,0.0
2026-09-04T13:49:08.429+00:00,B_sell_A_buy,8.2518,2.3518,233.76,233.79,49.56,43.9,233.983,234.016,2.187,25.722,0.0000062500,0.0004000000,103.9,0.0
2026-09-04T13:49:09.584+00:00,A_sell_B_buy,-9.1069,-15.0069,233.79,233.8,64.919,16.124,233.962,234.003,1.932,12.821,0.0000062500,0.0004000000,0.1,163.9
2026-09-04T13:49:09.584+00:00,B_sell_A_buy,6.9264,1.0264,233.79,233.8,64.919,16.124,233.962,234.003,1.932,12.821,0.0000062500,0.0004000000,0.1,163.9
2026-09-04T13:49:10.605+00:00,A_sell_B_buy,-8.8942,-14.7942,233.76,233.78,0.855,88.113,233.935,233.968,1.858,12.821,0.0000062500,0.0004000000,315.7,0.0
2026-09-04T13:49:10.605+00:00,B_sell_A_buy,6.6279,0.7279,233.76,233.78,0.855,88.113,233.935,233.968,1.858,12.821,0.0000062500,0.0004000000,315.7,0.0
2026-09-04T13:49:11.612+00:00,A_sell_B_buy,-11.2892,-17.1892,233.73,233.74,98.333,194.816,233.941,233.994,46.747,108.506,0.0000062500,0.0004000000,330.0,0.1
2026-09-04T13:49:11.612+00:00,B_sell_A_buy,8.5952,2.6952,233.73,233.74,98.333,194.816,233.941,233.994,46.747,108.506,0.0000062500,0.0004000000,330.0,0.1
2026-09-04T13:49:12.622+00:00,A_sell_B_buy,-11.3718,-17.2718,233.79,233.82,92.698,27.864,233.983,234.056,1.961,12.741,0.0000062500,0.0004000000,22.0,0.0
2026-09-04T13:49:12.622+00:00,B_sell_A_buy,6.9684,1.0684,233.79,233.82,92.698,27.864,233.983,234.056,1.961,12.741,0.0000062500,0.0004000000,22.0,0.0
2026-09-04T13:49:13.676+00:00,A_sell_B_buy,-9.8319,-15.7319,233.82,233.84,4.277,66.362,234.021,234.05,46.813,25.722,0.0000062500,0.0004000000,0.1,256.9
2026-09-04T13:49:13.676+00:00,B_sell_A_buy,7.7373,1.8373,233.82,233.84,4.277,66.362,234.021,234.05,46.813,25.722,0.0000062500,0.0004000000,0.1,256.9
2026-09-04T13:49:14.687+00:00,A_sell_B_buy,-14.3583,-20.2583,233.86,233.87,39.232,18.567,234.119,234.196,2.005,12.726,0.0000062500,0.0004000000,0.1,32.7
2026-09-04T13:49:14.687+00:00,B_sell_A_buy,10.6405,4.7405,233.86,233.87,39.232,18.567,234.119,234.196,2.005,12.726,0.0000062500,0.0004000000,0.1,32.7
2026-09-04T13:49:15.693+00:00,A_sell_B_buy,-12.3058,-18.2058,233.9,233.93,38.594,8.736,234.124,234.188,2.14,12.861,0.0000062500,0.0004000000,0.1,123.8
2026-09-04T13:49:15.693+00:00,B_sell_A_buy,8.2893,2.3893,233.9,233.93,38.594,8.736,234.124,234.188,2.14,12.861,0.0000062500,0.0004000000,0.1,123.8
2026-09-04T13:49:16.696+00:00,A_sell_B_buy,-12.8167,-18.7167,233.93,233.95,69.194,57.597,234.169,234.23,1.937,108.506,0.0000062500,0.0004000000,313.6,0.0
2026-09-04T13:49:16.696+00:00,B_sell_A_buy,9.3562,3.4562,233.93,233.95,69.194,57.597,234.169,234.23,1.937,108.506,0.0000062500,0.0004000000,313.6,0.0
2026-09-04T13:49:17.809+00:00,A_sell_B_buy,-13.8397,-19.7397,233.97,233.98,191.821,0.266,234.194,234.294,108.506,25.722,0.0000062500,0.0004000000,130.6,0.1
2026-09-04T13:49:17.809+00:00,B_sell_A_buy,9.1410,3.2410,233.97,233.98,191.821,0.266,234.194,234.294,108.506,25.722,0.0000062500,0.0004000000,130.6,0.1
2026-09-04T13:49:18.825+00:00,A_sell_B_buy,-11.4054,-17.3054,233.98,233.99,69.193,4.274,234.183,234.247,44.534,0.637,0.0000062500,0.0004000000,88.6,0.1
2026-09-04T13:49:18.825+00:00,B_sell_A_buy,8.2443,2.3443,233.98,233.99,69.193,4.274,234.183,234.247,44.534,0.637,0.0000062500,0.0004000000,88.6,0.1
2026-09-04T13:49:19.839+00:00,A_sell_B_buy,-10.4227,-16.3227,233.99,234.0,17.375,0.192,234.191,234.234,2.078,44.534,0.0000062500,0.0004000000,40.2,0.0
2026-09-04T13:49:19.839+00:00,B_sell_A_buy,8.1588,2.2588,233.99,234.0,17.375,0.192,234.191,234.234,2.078,44.534,0.0000062500,0.0004000000,40.2,0.0
2026-09-04T13:49:20.908+00:00,A_sell_B_buy,-10.4227,-16.3227,233.99,234.01,2.128,47.234,234.182,234.234,2.299,44.534,0.0000062500,0.0004000000,0.1,92.2
2026-09-04T13:49:20.908+00:00,B_sell_A_buy,7.3472,1.4472,233.99,234.01,2.128,47.234,234.182,234.234,2.299,44.534,0.0000062500,0.0004000000,0.1,92.2
2026-09-04T13:49:21.929+00:00,A_sell_B_buy,-9.3978,-15.2978,233.99,234.02,2.128,17.231,234.166,234.21,44.534,78.207,0.0000062500,0.0004000000,608.8,0.0
2026-09-04T13:49:21.929+00:00,B_sell_A_buy,6.2367,0.3367,233.99,234.02,2.128,17.231,234.166,234.21,44.534,78.207,0.0000062500,0.0004000000,608.8,0.0
2026-09-04T13:49:22.952+00:00,A_sell_B_buy,-11.3213,-17.2213,233.95,233.96,15.346,44.3,234.163,234.215,46.777,0.636,0.0000062500,0.0004000000,203.7,0.0
2026-09-04T13:49:22.952+00:00,B_sell_A_buy,8.6725,2.7725,233.95,233.96,15.346,44.3,234.163,234.215,46.777,0.636,0.0000062500,0.0004000000,203.7,0.0
2026-09-04T13:49:23.972+00:00,A_sell_B_buy,-10.1244,-16.0244,233.97,234.01,19.252,34.706,234.163,234.207,2.209,44.534,0.0000062500,0.0004000000,0.0,61.2
2026-09-04T13:49:23.972+00:00,B_sell_A_buy,6.5360,0.6360,233.97,234.01,19.252,34.706,234.163,234.207,2.209,44.534,0.0000062500,0.0004000000,0.0,61.2
2026-09-04T13:49:25.023+00:00,A_sell_B_buy,-10.9400,-16.8400,233.89,233.9,18.906,88.6,234.078,234.146,46.407,25.722,0.0000062500,0.0004000000,0.1,134.8
2026-09-04T13:49:25.023+00:00,B_sell_A_buy,7.6067,1.7067,233.89,233.9,18.906,88.6,234.078,234.146,46.407,25.722,0.0000062500,0.0004000000,0.1,134.8
2026-09-04T13:49:26.028+00:00,A_sell_B_buy,-11.7094,-17.6094,233.87,233.9,19.5,151.959,234.087,234.144,1.897,45.166,0.0000062500,0.0004000000,0.0,99.6
2026-09-04T13:49:26.028+00:00,B_sell_A_buy,7.9914,2.0914,233.87,233.9,19.5,151.959,234.087,234.144,1.897,45.166,0.0000062500,0.0004000000,0.0,99.6
2026-09-04T13:49:27.064+00:00,A_sell_B_buy,-12.3077,-18.2077,233.87,233.89,24.039,132.821,234.078,234.158,15.081,25.722,0.0000062500,0.0004000000,80.8,0.1
2026-09-04T13:49:27.064+00:00,B_sell_A_buy,8.0342,2.1342,233.87,233.89,24.039,132.821,234.078,234.158,15.081,25.722,0.0000062500,0.0004000000,80.8,0.1
2026-09-04T13:49:28.066+00:00,A_sell_B_buy,-11.0245,-16.9245,233.9,233.92,79.878,22.865,234.118,234.158,1.876,12.861,0.0000062500,0.0004000000,0.0,28.2
2026-09-04T13:49:28.066+00:00,B_sell_A_buy,8.4607,2.5607,233.9,233.92,79.878,22.865,234.118,234.158,1.876,12.861,0.0000062500,0.0004000000,0.0,28.2
2026-09-04T13:49:29.085+00:00,A_sell_B_buy,-9.7001,-15.6001,233.91,233.92,2.166,44.3,234.11,234.137,2.239,12.821,0.0000062500,0.0004000000,37.0,0.1
2026-09-04T13:49:29.085+00:00,B_sell_A_buy,8.1190,2.2190,233.91,233.92,2.166,44.3,234.11,234.137,2.239,12.821,0.0000062500,0.0004000000,37.0,0.1
2026-09-04T13:49:30.118+00:00,A_sell_B_buy,-9.7016,-15.6016,233.87,233.89,15.312,13.803,234.072,234.097,1.97,12.821,0.0000062500,0.0004000000,0.0,33.4
2026-09-04T13:49:30.118+00:00,B_sell_A_buy,7.7784,1.8784,233.87,233.89,15.312,13.803,234.072,234.097,1.97,12.821,0.0000062500,0.0004000000,0.0,33.4
2026-09-04T13:49:31.142+00:00,A_sell_B_buy,-10.4691,-16.3691,233.9,233.93,88.6,13.621,234.112,234.145,44.534,70.256,0.0000062500,0.0004000000,77.3,0.0
2026-09-04T13:49:31.142+00:00,B_sell_A_buy,7.7771,1.8771,233.9,233.93,88.6,13.621,234.112,234.145,44.534,70.256,0.0000062500,0.0004000000,77.3,0.0
2026-09-04T13:49:32.187+00:00,A_sell_B_buy,-10.7702,-16.6702,233.87,233.88,16.437,44.3,234.043,234.122,1.928,22.713,0.0000062500,0.0004000000,0.0,50.0
2026-09-04T13:49:32.187+00:00,B_sell_A_buy,6.9664,1.0664,233.87,233.88,16.437,44.3,234.043,234.122,1.928,22.713,0.0000062500,0.0004000000,0.0,50.0
2026-09-04T13:49:33.187+00:00,A_sell_B_buy,-11.6673,-17.5673,233.86,233.87,20.393,44.3,234.083,234.133,2.093,9.891,0.0000062500,0.0004000000,7.5,0.1
2026-09-04T13:49:33.187+00:00,B_sell_A_buy,9.1031,3.2031,233.86,233.87,20.393,44.3,234.083,234.133,2.093,9.891,0.0000062500,0.0004000000,7.5,0.1
2026-09-04T13:49:34.217+00:00,A_sell_B_buy,-10.0868,-15.9868,233.86,233.87,0.855,44.3,234.048,234.096,1.96,0.644,0.0000062500,0.0004000000,0.1,122.2
2026-09-04T13:49:34.217+00:00,B_sell_A_buy,7.6079,1.7079,233.86,233.87,0.855,44.3,234.048,234.096,1.96,0.644,0.0000062500,0.0004000000,0.1,122.2
2026-09-04T13:49:35.272+00:00,A_sell_B_buy,-10.5559,-16.4559,233.87,233.89,4.276,305.87,234.094,234.117,1.881,12.821,0.0000062500,0.0004000000,59.5,0.1
2026-09-04T13:49:35.272+00:00,B_sell_A_buy,8.7182,2.8182,233.87,233.89,4.276,305.87,234.094,234.117,1.881,12.821,0.0000062500,0.0004000000,59.5,0.1
2026-09-04T13:49:36.302+00:00,A_sell_B_buy,-9.7011,-15.6011,233.88,233.9,14.927,54.233,234.086,234.107,1.642,12.821,0.0000062500,0.0004000000,134.9,0.0
2026-09-04T13:49:36.302+00:00,B_sell_A_buy,7.9489,2.0489,233.88,233.9,14.927,54.233,234.086,234.107,1.642,12.821,0.0000062500,0.0004000000,134.9,0.0
2026-09-04T13:49:37.308+00:00,A_sell_B_buy,-11.4104,-17.3104,233.87,233.89,85.008,4.185,234.089,234.137,1.95,0.643,0.0000062500,0.0004000000,330.3,0.1
2026-09-04T13:49:37.308+00:00,B_sell_A_buy,8.5044,2.6044,233.87,233.89,85.008,4.185,234.089,234.137,1.95,0.643,0.0000062500,0.0004000000,330.3,0.1
2026-09-04T13:49:38.366+00:00,A_sell_B_buy,-10.8101,-16.7101,233.92,233.93,64.919,88.6,234.138,234.173,2.106,32.493,0.0000062500,0.0004000000,0.1,78.1
2026-09-04T13:49:38.366+00:00,B_sell_A_buy,8.8874,2.9874,233.92,233.93,64.919,88.6,234.138,234.173,2.106,32.493,0.0000062500,0.0004000000,0.1,78.1
2026-09-04T13:49:39.377+00:00,A_sell_B_buy,-9.8273,-15.7273,233.94,233.95,69.194,102.537,234.105,234.17,1.884,0.627,0.0000062500,0.0004000000,0.0,53.8
2026-09-04T13:49:39.377+00:00,B_sell_A_buy,6.6228,0.7228,233.94,233.95,69.194,102.537,234.105,234.17,1.884,0.627,0.0000062500,0.0004000000,0.0,53.8
2026-09-04T13:49:40.387+00:00,A_sell_B_buy,-8.0338,-13.9338,233.92,233.93,0.854,17.7,234.083,234.108,1.867,12.861,0.0000062500,0.0004000000,0.0,14.2
2026-09-04T13:49:40.387+00:00,B_sell_A_buy,6.5382,0.6382,233.92,233.93,0.854,17.7,234.083,234.108,1.867,12.861,0.0000062500,0.0004000000,0.0,14.2
2026-09-04T13:49:41.561+00:00,A_sell_B_buy,-10.1714,-16.0714,233.87,233.9,23.63,71.666,234.083,234.108,44.534,70.256,0.0000062500,0.0004000000,0.1,361.7
2026-09-04T13:49:41.561+00:00,B_sell_A_buy,7.8208,1.9208,233.87,233.9,23.63,71.666,234.083,234.108,44.534,70.256,0.0000062500,0.0004000000,0.1,361.7
2026-09-04T13:49:42.562+00:00,A_sell_B_buy,-9.7446,-15.6446,233.88,233.89,2.082,42.686,234.026,234.108,32.493,12.861,0.0000062500,0.0004000000,56.4,0.0
2026-09-04T13:49:42.562+00:00,B_sell_A_buy,5.8126,-0.0874,233.88,233.89,2.082,42.686,234.026,234.108,32.493,12.861,0.0000062500,0.0004000000,56.4,0.0
2026-09-04T13:49:43.593+00:00,A_sell_B_buy,-15.1671,-21.0671,233.88,233.94,120.286,4.551,234.179,234.235,1.876,33.127,0.0000062500,0.0004000000,114.2,0.0
2026-09-04T13:49:43.593+00:00,B_sell_A_buy,10.2111,4.3111,233.88,233.94,120.286,4.551,234.179,234.235,1.876,33.127,0.0000062500,0.0004000000,114.2,0.0
2026-09-04T13:49:44.656+00:00,A_sell_B_buy,-11.1075,-17.0075,233.95,233.96,240.246,0.192,234.183,234.21,1.991,44.534,0.0000062500,0.0004000000,0.1,135.0
2026-09-04T13:49:44.656+00:00,B_sell_A_buy,9.5268,3.6268,233.95,233.96,240.246,0.192,234.183,234.21,1.991,44.534,0.0000062500,0.0004000000,0.1,135.0
2026-09-04T13:49:45.676+00:00,A_sell_B_buy,-10.3806,-16.2806,233.97,234.0,88.6,13.01,234.183,234.213,46.753,12.861,0.0000062500,0.0004000000,60.2,0.1
2026-09-04T13:49:45.676+00:00,B_sell_A_buy,7.8175,1.9175,233.97,234.0,88.6,13.01,234.183,234.213,46.753,12.861,0.0000062500,0.0004000000,60.2,0.1
2026-09-04T13:49:46.680+00:00,A_sell_B_buy,-15.0743,-20.9743,234.0,234.01,190.592,23.514,234.33,234.353,2.292,12.861,0.0000062500,0.0004000000,152.9,0.0
2026-09-04T13:49:46.680+00:00,B_sell_A_buy,13.6651,7.7651,234.0,234.01,190.592,23.514,234.33,234.353,2.292,12.861,0.0000062500,0.0004000000,152.9,0.0
2026-09-04T13:49:47.680+00:00,A_sell_B_buy,-10.2040,-16.1040,234.1,234.15,44.3,143.425,234.298,234.339,2.239,12.861,0.0000062500,0.0004000000,25.9,0.0
2026-09-04T13:49:47.680+00:00,B_sell_A_buy,6.3188,0.4188,234.1,234.15,44.3,143.425,234.298,234.339,2.239,12.861,0.0000062500,0.0004000000,25.9,0.0
2026-09-04T13:49:48.681+00:00,A_sell_B_buy,-9.8621,-15.7621,234.11,234.15,15.725,174.208,234.32,234.341,44.534,12.861,0.0000062500,0.0004000000,53.9,0.1
2026-09-04T13:49:48.681+00:00,B_sell_A_buy,7.2578,1.3578,234.11,234.15,15.725,174.208,234.32,234.341,44.534,12.861,0.0000062500,0.0004000000,53.9,0.1
2026-09-04T13:49:49.696+00:00,A_sell_B_buy,-11.2290,-17.1290,234.09,234.1,85.499,44.3,234.315,234.353,44.534,12.861,0.0000062500,0.0004000000,0.1,18.5
2026-09-04T13:49:49.696+00:00,B_sell_A_buy,9.1796,3.2796,234.09,234.1,85.499,44.3,234.315,234.353,44.534,12.861,0.0000062500,0.0004000000,0.1,18.5
2026-09-04T13:49:50.704+00:00,A_sell_B_buy,-10.8436,-16.7436,234.12,234.14,14.92,8.736,234.325,234.374,2.248,12.861,0.0000062500,0.0004000000,0.0,25.4
2026-09-04T13:49:50.704+00:00,B_sell_A_buy,7.8979,1.9979,234.12,234.14,14.92,8.736,234.325,234.374,2.248,12.861,0.0000062500,0.0004000000,0.0,25.4
2026-09-04T13:49:51.718+00:00,A_sell_B_buy,-10.9289,-16.8289,234.12,234.14,14.853,50.532,234.332,234.376,2.042,12.702,0.0000062500,0.0004000000,284.0,0.0
2026-09-04T13:49:51.718+00:00,B_sell_A_buy,8.1967,2.2967,234.12,234.14,14.853,50.532,234.332,234.376,2.042,12.702,0.0000062500,0.0004000000,284.0,0.0
2026-09-04T13:49:52.728+00:00,A_sell_B_buy,-9.6063,-15.5063,234.11,234.12,23.037,88.6,234.325,234.335,44.534,12.861,0.0000062500,0.0004000000,0.0,46.9
2026-09-04T13:49:52.728+00:00,B_sell_A_buy,8.7524,2.8524,234.11,234.12,23.037,88.6,234.325,234.335,44.534,12.861,0.0000062500,0.0004000000,0.0,46.9
2026-09-04T13:49:53.729+00:00,A_sell_B_buy,-10.3739,-16.2739,234.12,234.15,105.525,1.544,234.332,234.363,2.233,57.395,0.0000062500,0.0004000000,0.1,37.5
2026-09-04T13:49:53.729+00:00,B_sell_A_buy,7.7698,1.8698,234.12,234.15,105.525,1.544,234.332,234.363,2.233,57.395,0.0000062500,0.0004000000,0.1,37.5
2026-09-04T13:49:54.766+00:00,A_sell_B_buy,-10.5443,-16.4443,234.14,234.16,18.019,16.038,234.309,234.387,0.778,12.861,0.0000062500,0.0004000000,180.9,0.1
2026-09-04T13:49:54.766+00:00,B_sell_A_buy,6.3608,0.4608,234.14,234.16,18.019,16.038,234.309,234.387,0.778,12.861,0.0000062500,0.0004000000,180.9,0.1
2026-09-04T13:49:55.782+00:00,A_sell_B_buy,-9.0090,-14.9090,234.11,234.12,0.854,88.6,234.294,234.321,48.467,12.861,0.0000062500,0.0004000000,62.5,0.1
2026-09-04T13:49:55.782+00:00,B_sell_A_buy,7.4292,1.5292,234.11,234.12,0.854,88.6,234.294,234.321,48.467,12.861,0.0000062500,0.0004000000,62.5,0.1
2026-09-04T13:49:56.811+00:00,A_sell_B_buy,-8.1554,-14.0554,234.11,234.12,0.854,78.525,234.276,234.301,3.723,78.207,0.0000062500,0.0004000000,374.6,0.0
2026-09-04T13:49:56.811+00:00,B_sell_A_buy,6.6609,0.7609,234.11,234.12,0.854,78.525,234.276,234.301,3.723,78.207,0.0000062500,0.0004000000,374.6,0.0
2026-09-04T13:49:57.912+00:00,A_sell_B_buy,-10.8026,-16.7026,234.08,234.09,4.272,44.3,234.305,234.333,1.682,70.256,0.0000062500,0.0004000000,157.5,0.1
2026-09-04T13:49:57.912+00:00,B_sell_A_buy,9.1801,3.2801,234.08,234.09,4.272,44.3,234.305,234.333,1.682,70.256,0.0000062500,0.0004000000,157.5,0.1
2026-09-04T13:49:59.061+00:00,A_sell_B_buy,-9.7351,-15.6351,234.09,234.11,23.893,8.736,234.299,234.318,1.878,25.722,0.0000062500,0.0004000000,395.9,0.1
2026-09-04T13:49:59.061+00:00,B_sell_A_buy,8.0699,2.1699,234.09,234.11,23.893,8.736,234.299,234.318,1.878,25.722,0.0000062500,0.0004000000,395.9,0.1
2026-09-04T13:50:00.125+00:00,A_sell_B_buy,-9.6061,-15.5061,234.11,234.14,4.271,64.919,234.318,234.335,44.534,12.821,0.0000062500,0.0004000000,0.1,168.3
2026-09-04T13:50:00.125+00:00,B_sell_A_buy,7.5995,1.6995,234.11,234.14,4.271,64.919,234.318,234.335,44.534,12.821,0.0000062500,0.0004000000,0.1,168.3
2026-09-04T13:50:01.239+00:00,A_sell_B_buy,-9.6062,-15.5062,234.11,234.13,2.159,24.58,234.318,234.335,44.534,57.355,0.0000062500,0.0004000000,159.4,0.1
2026-09-04T13:50:01.239+00:00,B_sell_A_buy,8.0265,2.1265,234.11,234.13,2.159,24.58,234.318,234.335,44.534,57.355,0.0000062500,0.0004000000,159.4,0.1
2026-09-04T13:50:02.377+00:00,A_sell_B_buy,-9.5636,-15.4636,234.11,234.12,6.43,44.3,234.319,234.334,42.705,0.612,0.0000062500,0.0004000000,0.1,431.9
2026-09-04T13:50:02.377+00:00,B_sell_A_buy,8.4963,2.5963,234.11,234.12,6.43,44.3,234.319,234.334,42.705,0.612,0.0000062500,0.0004000000,0.1,431.9
2026-09-04T13:50:03.421+00:00,A_sell_B_buy,-9.9504,-15.8504,234.05,234.07,23.041,44.3,234.247,234.283,2.242,12.861,0.0000062500,0.0004000000,0.1,84.4
2026-09-04T13:50:03.421+00:00,B_sell_A_buy,7.5589,1.6589,234.05,234.07,23.041,44.3,234.247,234.283,2.242,12.861,0.0000062500,0.0004000000,0.1,84.4
2026-09-04T13:50:04.425+00:00,A_sell_B_buy,-12.6813,-18.5813,234.06,234.08,15.44,66.463,234.315,234.357,2.106,32.493,0.0000062500,0.0004000000,195.4,0.1
2026-09-04T13:50:04.425+00:00,B_sell_A_buy,10.0340,4.1340,234.06,234.08,15.44,66.463,234.315,234.357,2.106,32.493,0.0000062500,0.0004000000,195.4,0.1
2026-09-04T13:50:05.446+00:00,A_sell_B_buy,-10.4175,-16.3175,234.11,234.13,4.271,57.658,234.294,234.354,2.201,12.861,0.0000062500,0.0004000000,0.1,104.8
2026-09-04T13:50:05.446+00:00,B_sell_A_buy,7.0019,1.1019,234.11,234.13,4.271,57.658,234.294,234.354,2.201,12.861,0.0000062500,0.0004000000,0.1,104.8
2026-09-04T13:50:06.448+00:00,A_sell_B_buy,-10.2469,-16.1469,234.1,234.13,20.401,18.452,234.297,234.34,2.092,70.478,0.0000062500,0.0004000000,104.7,0.0
2026-09-04T13:50:06.448+00:00,B_sell_A_buy,7.1301,1.2301,234.1,234.13,20.401,18.452,234.297,234.34,2.092,70.478,0.0000062500,0.0004000000,104.7,0.0
2026-09-04T13:50:07.461+00:00,A_sell_B_buy,-9.7336,-15.6336,234.13,234.16,22.769,64.919,234.311,234.358,0.784,25.722,0.0000062500,0.0004000000,96.3,0.0
2026-09-04T13:50:07.461+00:00,B_sell_A_buy,6.4464,0.5464,234.13,234.16,22.769,64.919,234.311,234.358,0.784,25.722,0.0000062500,0.0004000000,96.3,0.0
2026-09-04T13:50:08.478+00:00,A_sell_B_buy,-10.0318,-15.9318,234.14,234.15,81.026,8.736,234.358,234.375,1.929,0.222,0.0000062500,0.0004000000,32.8,0.0
2026-09-04T13:50:08.478+00:00,B_sell_A_buy,8.8792,2.9792,234.14,234.15,81.026,8.736,234.358,234.375,1.929,0.222,0.0000062500,0.0004000000,32.8,0.0
2026-09-04T13:50:09.485+00:00,A_sell_B_buy,-9.0914,-14.9914,234.18,234.21,20.922,5.641,234.368,234.393,12.861,57.395,0.0000062500,0.0004000000,77.7,0.1
2026-09-04T13:50:09.485+00:00,B_sell_A_buy,6.7438,0.8438,234.18,234.21,20.922,5.641,234.368,234.393,12.861,57.395,0.0000062500,0.0004000000,77.7,0.1
2026-09-04T13:50:10.487+00:00,A_sell_B_buy,-10.7548,-16.6548,234.19,234.23,44.3,65.55,234.394,234.442,44.534,12.861,0.0000062500,0.0004000000,35.3,0.0
2026-09-04T13:50:10.487+00:00,B_sell_A_buy,6.9992,1.0992,234.19,234.23,44.3,65.55,234.394,234.442,44.534,12.861,0.0000062500,0.0004000000,35.3,0.0
2026-09-04T13:50:11.716+00:00,A_sell_B_buy,-10.2428,-16.1428,234.2,234.21,64.919,8.736,234.396,234.44,46.216,78.207,0.0000062500,0.0004000000,293.9,0.1
2026-09-04T13:50:11.716+00:00,B_sell_A_buy,7.9382,2.0382,234.2,234.21,64.919,8.736,234.396,234.44,46.216,78.207,0.0000062500,0.0004000000,293.9,0.1
2026-09-04T13:50:12.737+00:00,A_sell_B_buy,-10.2424,-16.1424,234.2,234.24,200.064,15.341,234.403,234.44,1.682,44.534,0.0000062500,0.0004000000,155.7,0.1
2026-09-04T13:50:12.737+00:00,B_sell_A_buy,6.9563,1.0563,234.2,234.24,200.064,15.341,234.403,234.44,1.682,44.534,0.0000062500,0.0004000000,155.7,0.1
2026-09-04T13:50:13.782+00:00,A_sell_B_buy,-9.8155,-15.7155,234.21,234.23,4.27,16.069,234.409,234.44,3.768,44.534,0.0000062500,0.0004000000,0.1,352.9
2026-09-04T13:50:13.782+00:00,B_sell_A_buy,7.6391,1.7391,234.21,234.23,4.27,16.069,234.409,234.44,3.768,44.534,0.0000062500,0.0004000000,0.1,352.9
2026-09-04T13:50:14.792+00:00,A_sell_B_buy,-10.4559,-16.3559,234.2,234.22,64.044,42.961,234.409,234.445,46.216,0.222,0.0000062500,0.0004000000,0.0,20.2
2026-09-04T13:50:14.792+00:00,B_sell_A_buy,8.0659,2.1659,234.2,234.22,64.044,42.961,234.409,234.445,46.216,0.222,0.0000062500,0.0004000000,0.0,20.2
2026-09-04T13:50:15.861+00:00,A_sell_B_buy,-9.7726,-15.6726,234.22,234.23,22.97,8.736,234.415,234.449,1.642,12.861,0.0000062500,0.0004000000,199.5,0.0
2026-09-04T13:50:15.861+00:00,B_sell_A_buy,7.8949,1.9949,234.22,234.23,22.97,8.736,234.415,234.449,1.642,12.861,0.0000062500,0.0004000000,199.5,0.0
2026-09-04T13:50:16.861+00:00,A_sell_B_buy,-9.5601,-15.4601,234.2,234.23,78.922,16.574,234.374,234.424,12.861,0.222,0.0000062500,0.0004000000,94.8,0.0
2026-09-04T13:50:16.861+00:00,B_sell_A_buy,6.1458,0.2458,234.2,234.23,78.922,16.574,234.374,234.424,12.861,0.222,0.0000062500,0.0004000000,94.8,0.0
2026-09-04T13:50:17.902+00:00,A_sell_B_buy,-11.0950,-16.9950,234.22,234.23,173.374,34.225,234.426,234.48,14.713,57.395,0.0000062500,0.0004000000,98.8,0.0
2026-09-04T13:50:17.902+00:00,B_sell_A_buy,8.3640,2.4640,234.22,234.23,173.374,34.225,234.426,234.48,14.713,57.395,0.0000062500,0.0004000000,98.8,0.0
2026-09-04T13:50:18.925+00:00,A_sell_B_buy,-10.5816,-16.4816,234.26,234.27,20.396,0.052,234.442,234.508,12.861,12.861,0.0000062500,0.0004000000,92.2,0.1
2026-09-04T13:50:18.925+00:00,B_sell_A_buy,7.3388,1.4388,234.26,234.27,20.396,0.052,234.442,234.508,12.861,12.861,0.0000062500,0.0004000000,92.2,0.1
2026-09-04T13:50:19.965+00:00,A_sell_B_buy,-10.1530,-16.0530,234.3,234.31,19.181,8.736,234.508,234.538,1.641,12.861,0.0000062500,0.0004000000,0.1,52.1
2026-09-04T13:50:19.965+00:00,B_sell_A_buy,8.4466,2.5466,234.3,234.31,19.181,8.736,234.508,234.538,1.641,12.861,0.0000062500,0.0004000000,0.1,52.1
2026-09-04T13:50:21.008+00:00,A_sell_B_buy,-9.7260,-15.6260,234.31,234.33,88.493,34.225,234.513,234.538,2.032,70.256,0.0000062500,0.0004000000,0.1,271.5
2026-09-04T13:50:21.008+00:00,B_sell_A_buy,7.8064,1.9064,234.31,234.33,88.493,34.225,234.513,234.538,2.032,70.256,0.0000062500,0.0004000000,0.1,271.5
2026-09-04T13:50:22.029+00:00,A_sell_B_buy,-9.6408,-15.5408,234.31,234.32,64.919,54.3,234.513,234.536,1.847,57.395,0.0000062500,0.0004000000,112.2,0.0
2026-09-04T13:50:22.029+00:00,B_sell_A_buy,8.2331,2.3331,234.31,234.32,64.919,54.3,234.513,234.536,1.847,57.395,0.0000062500,0.0004000000,112.2,0.0
2026-09-04T13:50:23.050+00:00,A_sell_B_buy,-9.6411,-15.5411,234.31,234.32,64.613,70.138,234.489,234.536,3.808,12.861,0.0000062500,0.0004000000,138.5,0.1
2026-09-04T13:50:23.050+00:00,B_sell_A_buy,7.2095,1.3095,234.31,234.32,64.613,70.138,234.489,234.536,3.808,12.861,0.0000062500,0.0004000000,138.5,0.1
2026-09-04T13:50:24.075+00:00,A_sell_B_buy,-9.6410,-15.5410,234.31,234.32,19.151,52.531,234.499,234.536,1.915,70.256,0.0000062500,0.0004000000,86.6,0.1
2026-09-04T13:50:24.075+00:00,B_sell_A_buy,7.6360,1.7360,234.31,234.32,19.151,52.531,234.499,234.536,1.915,70.256,0.0000062500,0.0004000000,86.6,0.1
2026-09-04T13:50:25.245+00:00,A_sell_B_buy,-9.0015,-14.9015,234.31,234.32,263.063,9.57,234.473,234.521,2.281,25.722,0.0000062500,0.0004000000,356.2,0.1
2026-09-04T13:50:25.245+00:00,B_sell_A_buy,6.5271,0.6271,234.31,234.32,263.063,9.57,234.473,234.521,2.281,25.722,0.0000062500,0.0004000000,356.2,0.1
2026-09-04T13:50:26.275+00:00,A_sell_B_buy,-9.8548,-15.7548,234.29,234.31,110.824,4.551,234.489,234.521,12.861,70.256,0.0000062500,0.0004000000,0.1,182.2
2026-09-04T13:50:26.275+00:00,B_sell_A_buy,7.6364,1.7364,234.29,234.31,110.824,4.551,234.489,234.521,12.861,70.256,0.0000062500,0.0004000000,0.1,182.2
2026-09-04T13:50:27.340+00:00,A_sell_B_buy,-11.1770,-17.0770,234.29,234.31,83.624,16.146,234.485,234.552,2.148,0.628,0.0000062500,0.0004000000,466.0,0.1
2026-09-04T13:50:27.340+00:00,B_sell_A_buy,7.4656,1.5656,234.29,234.31,83.624,16.146,234.485,234.552,2.148,0.628,0.0000062500,0.0004000000,466.0,0.1
2026-09-04T13:50:28.352+00:00,A_sell_B_buy,-10.3659,-16.2659,234.31,234.33,25.668,15.408,234.501,234.553,2.055,70.256,0.0000062500,0.0004000000,139.6,0.1
2026-09-04T13:50:28.352+00:00,B_sell_A_buy,7.2945,1.3945,234.31,234.33,25.668,15.408,234.501,234.553,2.055,70.256,0.0000062500,0.0004000000,139.6,0.1
2026-09-04T13:50:29.377+00:00,A_sell_B_buy,-14.3746,-20.2746,234.3,234.31,196.836,9.57,234.519,234.637,1.689,77.027,0.0000062500,0.0004000000,40.7,0.1
2026-09-04T13:50:29.377+00:00,B_sell_A_buy,8.9148,3.0148,234.3,234.31,196.836,9.57,234.519,234.637,1.689,77.027,0.0000062500,0.0004000000,40.7,0.1
2026-09-04T13:50:30.380+00:00,A_sell_B_buy,-13.0922,-18.9922,234.36,234.37,237.439,11.094,234.567,234.667,2.027,153.04,0.0000062500,0.0004000000,197.1,0.0
2026-09-04T13:50:30.380+00:00,B_sell_A_buy,8.4012,2.5012,234.36,234.37,237.439,11.094,234.567,234.667,2.027,153.04,0.0000062500,0.0004000000,197.1,0.0
2026-09-04T13:50:31.405+00:00,A_sell_B_buy,-9.8931,-15.7931,234.4,234.41,247.153,16.866,234.581,234.632,2.011,12.821,0.0000062500,0.0004000000,133.1,0.0
2026-09-04T13:50:31.405+00:00,B_sell_A_buy,7.2919,1.3919,234.4,234.41,247.153,16.866,234.581,234.632,2.011,12.821,0.0000062500,0.0004000000,133.1,0.0
2026-09-04T13:50:32.416+00:00,A_sell_B_buy,-9.9356,-15.8356,234.4,234.42,69.185,4.266,234.585,234.633,12.861,13.083,0.0000062500,0.0004000000,429.1,0.1
2026-09-04T13:50:32.416+00:00,B_sell_A_buy,7.0360,1.1360,234.4,234.42,69.185,4.266,234.585,234.633,12.861,13.083,0.0000062500,0.0004000000,429.1,0.1
2026-09-04T13:50:33.423+00:00,A_sell_B_buy,-10.2771,-16.1771,234.39,234.4,5.877,14.817,234.585,234.631,2.243,25.722,0.0000062500,0.0004000000,233.2,0.1
2026-09-04T13:50:33.423+00:00,B_sell_A_buy,7.8891,1.9891,234.39,234.4,5.877,14.817,234.585,234.631,2.243,25.722,0.0000062500,0.0004000000,233.2,0.1
2026-09-04T13:50:34.432+00:00,A_sell_B_buy,-10.3621,-16.2621,234.39,234.42,5.877,16.382,234.593,234.633,2.233,70.256,0.0000062500,0.0004000000,113.2,0.0
2026-09-04T13:50:34.432+00:00,B_sell_A_buy,7.3771,1.4771,234.39,234.42,5.877,16.382,234.593,234.633,2.233,70.256,0.0000062500,0.0004000000,113.2,0.0
2026-09-04T13:50:35.458+00:00,A_sell_B_buy,-12.4947,-18.3947,234.34,234.43,312.202,9.764,234.598,234.633,1.895,69.503,0.0000062500,0.0004000000,75.1,0.1
2026-09-04T13:50:35.458+00:00,B_sell_A_buy,7.1642,1.2642,234.34,234.43,312.202,9.764,234.598,234.633,1.895,69.503,0.0000062500,0.0004000000,75.1,0.1
2026-09-04T13:50:36.469+00:00,A_sell_B_buy,-8.8270,-14.7270,234.42,234.43,17.376,227.078,234.557,234.627,1.928,12.861,0.0000062500,0.0004000000,0.1,22.6
2026-09-04T13:50:36.469+00:00,B_sell_A_buy,5.4156,-0.4844,234.42,234.43,17.376,227.078,234.557,234.627,1.928,12.861,0.0000062500,0.0004000000,0.1,22.6
2026-09-04T13:50:37.515+00:00,A_sell_B_buy,-10.8324,-16.7324,234.36,234.38,18.403,142.633,234.569,234.614,46.614,12.861,0.0000062500,0.0004000000,96.2,0.1
2026-09-04T13:50:37.515+00:00,B_sell_A_buy,8.0604,2.1604,234.36,234.38,18.403,142.633,234.569,234.614,46.614,12.861,0.0000062500,0.0004000000,96.2,0.1
2026-09-04T13:50:38.520+00:00,A_sell_B_buy,-11.4275,-17.3275,234.4,234.41,132.9,129.327,234.611,234.668,1.847,12.861,0.0000062500,0.0004000000,106.0,0.1
2026-09-04T13:50:38.520+00:00,B_sell_A_buy,8.5706,2.6706,234.4,234.41,132.9,129.327,234.611,234.668,1.847,12.861,0.0000062500,0.0004000000,106.0,0.1
2026-09-04T13:50:39.536+00:00,A_sell_B_buy,-10.4043,-16.3043,234.41,234.42,4.266,37.68,234.593,234.654,2.107,12.861,0.0000062500,0.0004000000,125.5,0.1
2026-09-04T13:50:39.536+00:00,B_sell_A_buy,7.3768,1.4768,234.41,234.42,4.266,37.68,234.593,234.654,2.107,12.861,0.0000062500,0.0004000000,125.5,0.1
2026-09-04T13:50:40.556+00:00,A_sell_B_buy,-12.9598,-18.8598,234.43,234.46,88.6,64.919,234.665,234.734,1.953,12.821,0.0000062500,0.0004000000,101.2,0.1
2026-09-04T13:50:40.556+00:00,B_sell_A_buy,8.7393,2.8393,234.43,234.46,88.6,64.919,234.665,234.734,1.953,12.821,0.0000062500,0.0004000000,101.2,0.1
2026-09-04T13:50:41.621+00:00,A_sell_B_buy,-9.3797,-15.2797,234.44,234.47,11.632,106.296,234.629,234.66,46.683,25.722,0.0000062500,0.0004000000,0.1,75.3
2026-09-04T13:50:41.621+00:00,B_sell_A_buy,6.7789,0.8789,234.44,234.47,11.632,106.296,234.629,234.66,46.683,25.722,0.0000062500,0.0004000000,0.1,75.3
2026-09-04T13:50:42.634+00:00,A_sell_B_buy,-9.1682,-15.0682,234.41,234.45,121.081,155.33,234.539,234.625,21.5,0.693,0.0000062500,0.0004000000,211.3,0.1
2026-09-04T13:50:42.634+00:00,B_sell_A_buy,3.7952,-2.1048,234.41,234.45,121.081,155.33,234.539,234.625,21.5,0.693,0.0000062500,0.0004000000,211.3,0.1
2026-09-04T13:50:43.638+00:00,A_sell_B_buy,-11.8125,-17.7125,234.37,234.38,5.12,129.838,234.589,234.647,46.754,12.861,0.0000062500,0.0004000000,0.1,85.4
2026-09-04T13:50:43.638+00:00,B_sell_A_buy,8.9127,3.0127,234.37,234.38,5.12,129.838,234.589,234.647,46.754,12.861,0.0000062500,0.0004000000,0.1,85.4
2026-09-04T13:50:44.702+00:00,A_sell_B_buy,-13.5160,-19.4160,234.39,234.42,44.3,33.414,234.63,234.707,1.893,0.69,0.0000062500,0.0004000000,0.1,73.0
2026-09-04T13:50:44.702+00:00,B_sell_A_buy,8.9538,3.0538,234.39,234.42,44.3,33.414,234.63,234.707,1.893,0.69,0.0000062500,0.0004000000,0.1,73.0
2026-09-04T13:50:45.716+00:00,A_sell_B_buy,-12.9157,-18.8157,234.46,234.47,239.526,18.846,234.703,234.763,1.879,0.693,0.0000062500,0.0004000000,50.2,0.1
2026-09-04T13:50:45.716+00:00,B_sell_A_buy,9.9318,4.0318,234.46,234.47,239.526,18.846,234.703,234.763,1.879,0.693,0.0000062500,0.0004000000,50.2,0.1
2026-09-04T13:50:46.735+00:00,A_sell_B_buy,-12.1058,-18.0058,234.47,234.48,48.565,8.78,234.687,234.754,1.891,25.722,0.0000062500,0.0004000000,149.5,0.1
2026-09-04T13:50:46.735+00:00,B_sell_A_buy,8.8236,2.9236,234.47,234.48,48.565,8.78,234.687,234.754,1.891,25.722,0.0000062500,0.0004000000,149.5,0.1
2026-09-04T13:50:47.760+00:00,A_sell_B_buy,-9.8903,-15.7903,234.47,234.48,85.301,7.78,234.637,234.702,2.161,12.861,0.0000062500,0.0004000000,0.1,184.2
2026-09-04T13:50:47.760+00:00,B_sell_A_buy,6.6930,0.7930,234.47,234.48,85.301,7.78,234.637,234.702,2.161,12.861,0.0000062500,0.0004000000,0.1,184.2
2026-09-04T13:50:48.813+00:00,A_sell_B_buy,-10.2736,-16.1736,234.47,234.48,159.07,7.78,234.666,234.711,1.852,57.395,0.0000062500,0.0004000000,0.1,67.2
2026-09-04T13:50:48.813+00:00,B_sell_A_buy,7.9290,2.0290,234.47,234.48,159.07,7.78,234.666,234.711,1.852,57.395,0.0000062500,0.0004000000,0.1,67.2
2026-09-04T13:50:49.813+00:00,A_sell_B_buy,-10.7424,-16.6424,234.47,234.48,0.852,18.469,234.665,234.722,0.801,44.534,0.0000062500,0.0004000000,106.0,0.0
2026-09-04T13:50:49.813+00:00,B_sell_A_buy,7.8863,1.9863,234.47,234.48,0.852,18.469,234.665,234.722,0.801,44.534,0.0000062500,0.0004000000,106.0,0.0
2026-09-04T13:50:50.834+00:00,A_sell_B_buy,-9.3792,-15.2792,234.47,234.48,2.934,17.88,234.602,234.69,12.861,172.409,0.0000062500,0.0004000000,219.2,0.1
2026-09-04T13:50:50.834+00:00,B_sell_A_buy,5.2012,-0.6988,234.47,234.48,2.934,17.88,234.602,234.69,12.861,172.409,0.0000062500,0.0004000000,219.2,0.1
2026-09-04T13:50:51.838+00:00,A_sell_B_buy,-11.8105,-17.7105,234.41,234.44,18.289,132.9,234.614,234.687,2.046,79.527,0.0000062500,0.0004000000,65.5,0.0
2026-09-04T13:50:51.838+00:00,B_sell_A_buy,7.4188,1.5188,234.41,234.44,18.289,132.9,234.614,234.687,2.046,79.527,0.0000062500,0.0004000000,65.5,0.0
2026-09-04T13:50:52.860+00:00,A_sell_B_buy,-10.1038,-16.0038,234.45,234.46,44.3,14.603,234.66,234.687,12.861,57.395,0.0000062500,0.0004000000,0.1,97.4
2026-09-04T13:50:52.860+00:00,B_sell_A_buy,8.5264,2.6264,234.45,234.46,44.3,14.603,234.66,234.687,12.861,57.395,0.0000062500,0.0004000000,0.1,97.4
2026-09-04T13:50:53.927+00:00,A_sell_B_buy,-12.1488,-18.0488,234.46,234.47,4.265,33.414,234.687,234.745,2.067,0.577,0.0000062500,0.0004000000,119.8,0.1
2026-09-04T13:50:53.927+00:00,B_sell_A_buy,9.2502,3.3502,234.46,234.47,4.265,33.414,234.687,234.745,2.067,0.577,0.0000062500,0.0004000000,119.8,0.1
2026-09-04T13:50:54.932+00:00,A_sell_B_buy,-12.4468,-18.3468,234.46,234.48,278.361,1.449,234.7,234.752,2.056,32.493,0.0000062500,0.0004000000,26.8,0.1
2026-09-04T13:50:54.932+00:00,B_sell_A_buy,9.3777,3.4777,234.46,234.48,278.361,1.449,234.7,234.752,2.056,32.493,0.0000062500,0.0004000000,26.8,0.1
2026-09-04T13:50:55.955+00:00,A_sell_B_buy,-11.3405,-17.2405,234.44,234.45,0.853,141.916,234.633,234.706,1.926,12.861,0.0000062500,0.0004000000,0.0,139.8
2026-09-04T13:50:55.955+00:00,B_sell_A_buy,7.8019,1.9019,234.44,234.45,0.853,141.916,234.633,234.706,1.926,12.861,0.0000062500,0.0004000000,0.0,139.8
2026-09-04T13:50:56.958+00:00,A_sell_B_buy,-11.4255,-17.3255,234.44,234.46,2.159,0.831,234.642,234.708,59.4,12.861,0.0000062500,0.0004000000,87.4,0.1
2026-09-04T13:50:56.958+00:00,B_sell_A_buy,7.7591,1.8591,234.44,234.46,2.159,0.831,234.642,234.708,59.4,12.861,0.0000062500,0.0004000000,87.4,0.1
2026-09-04T13:50:57.969+00:00,A_sell_B_buy,-10.3181,-16.2181,234.42,234.45,46.12,15.953,234.626,234.662,46.676,12.861,0.0000062500,0.0004000000,85.3,0.1
2026-09-04T13:50:57.969+00:00,B_sell_A_buy,7.5041,1.6041,234.42,234.45,46.12,15.953,234.626,234.662,46.676,12.861,0.0000062500,0.0004000000,85.3,0.1
2026-09-04T13:50:59.001+00:00,A_sell_B_buy,-11.0000,-16.9000,234.42,234.45,19.843,85.137,234.637,234.678,2.158,12.821,0.0000062500,0.0004000000,260.2,0.1
2026-09-04T13:50:59.001+00:00,B_sell_A_buy,7.9728,2.0728,234.42,234.45,19.843,85.137,234.637,234.678,2.158,12.821,0.0000062500,0.0004000000,260.2,0.1
2026-09-04T13:51:00.033+00:00,A_sell_B_buy,-13.0453,-18.9453,234.42,234.44,4.266,69.184,234.68,234.726,2.169,9.866,0.0000062500,0.0004000000,0.1,39.9
2026-09-04T13:51:00.033+00:00,B_sell_A_buy,10.2316,4.3316,234.42,234.44,4.266,69.184,234.68,234.726,2.169,9.866,0.0000062500,0.0004000000,0.1,39.9
2026-09-04T13:51:01.036+00:00,A_sell_B_buy,-12.5745,-18.4745,234.47,234.48,221.5,14.914,234.693,234.765,1.866,32.493,0.0000062500,0.0004000000,0.1,51.3
2026-09-04T13:51:01.036+00:00,B_sell_A_buy,9.0792,3.1792,234.47,234.48,221.5,14.914,234.693,234.765,1.866,32.493,0.0000062500,0.0004000000,0.1,51.3
2026-09-04T13:51:02.069+00:00,A_sell_B_buy,-10.4441,-16.3441,234.47,234.48,21.4,44.3,234.66,234.715,23.453,57.355,0.0000062500,0.0004000000,0.1,41.0
2026-09-04T13:51:02.069+00:00,B_sell_A_buy,7.6732,1.7732,234.47,234.48,21.4,44.3,234.66,234.715,23.453,57.355,0.0000062500,0.0004000000,0.1,41.0
2026-09-04T13:51:03.104+00:00,A_sell_B_buy,-14.3627,-20.2627,234.47,234.5,49.474,65.75,234.764,234.807,12.861,12.821,0.0000062500,0.0004000000,119.8,0.0
2026-09-04T13:51:03.104+00:00,B_sell_A_buy,11.2515,5.3515,234.47,234.5,49.474,65.75,234.764,234.807,12.861,12.821,0.0000062500,0.0004000000,119.8,0.0
2026-09-04T13:51:04.111+00:00,A_sell_B_buy,-12.1021,-18.0021,234.54,234.55,150.217,1.449,234.768,234.824,12.861,44.534,0.0000062500,0.0004000000,34.6,0.0
2026-09-04T13:51:04.111+00:00,B_sell_A_buy,9.2896,3.3896,234.54,234.55,150.217,1.449,234.768,234.824,12.861,44.534,0.0000062500,0.0004000000,34.6,0.0
2026-09-04T13:51:05.120+00:00,A_sell_B_buy,-11.5910,-17.4910,234.54,234.55,550.224,1.449,234.755,234.812,1.914,12.861,0.0000062500,0.0004000000,95.8,0.0
2026-09-04T13:51:05.120+00:00,B_sell_A_buy,8.7359,2.8359,234.54,234.55,550.224,1.449,234.755,234.812,1.914,12.861,0.0000062500,0.0004000000,95.8,0.0
2026-09-04T13:51:06.313+00:00,A_sell_B_buy,-11.0808,-16.9808,234.52,234.54,16.686,4.264,234.724,234.78,2.044,12.861,0.0000062500,0.0004000000,0.1,204.1
2026-09-04T13:51:06.313+00:00,B_sell_A_buy,7.8418,1.9418,234.52,234.54,16.686,4.264,234.724,234.78,2.044,12.861,0.0000062500,0.0004000000,0.1,204.1
2026-09-04T13:51:07.323+00:00,A_sell_B_buy,-9.1637,-15.0637,234.52,234.53,0.852,150.474,234.696,234.735,1.942,70.256,0.0000062500,0.0004000000,110.1,0.0
2026-09-04T13:51:07.323+00:00,B_sell_A_buy,7.0753,1.1753,234.52,234.53,0.852,150.474,234.696,234.735,1.942,70.256,0.0000062500,0.0004000000,110.1,0.0
2026-09-04T13:51:08.425+00:00,A_sell_B_buy,-11.0838,-16.9838,234.45,234.47,17.404,88.6,234.674,234.71,44.534,70.256,0.0000062500,0.0004000000,0.1,167.5
2026-09-04T13:51:08.425+00:00,B_sell_A_buy,8.6965,2.7965,234.45,234.47,17.404,88.6,234.674,234.71,44.534,70.256,0.0000062500,0.0004000000,0.1,167.5
2026-09-04T13:51:09.448+00:00,A_sell_B_buy,-10.6573,-16.5573,234.46,234.48,21.4,19.845,234.672,234.71,2.261,70.256,0.0000062500,0.0004000000,520.6,0.1
2026-09-04T13:51:09.448+00:00,B_sell_A_buy,8.1848,2.2848,234.46,234.48,21.4,19.845,234.672,234.71,2.261,70.256,0.0000062500,0.0004000000,520.6,0.1
2026-09-04T13:51:10.474+00:00,A_sell_B_buy,-10.3599,-16.2599,234.44,234.47,0.852,0.831,234.637,234.683,2.09,12.821,0.0000062500,0.0004000000,193.6,0.1
2026-09-04T13:51:10.474+00:00,B_sell_A_buy,7.1198,1.2198,234.44,234.47,0.852,0.831,234.637,234.683,2.09,12.821,0.0000062500,0.0004000000,193.6,0.1
2026-09-04T13:51:11.481+00:00,A_sell_B_buy,-8.4431,-14.3431,234.43,234.44,4.266,15.147,234.543,234.628,12.861,78.207,0.0000062500,0.0004000000,52.0,0.0
2026-09-04T13:51:11.481+00:00,B_sell_A_buy,4.3921,-1.5079,234.43,234.44,4.266,15.147,234.543,234.628,12.861,78.207,0.0000062500,0.0004000000,52.0,0.0
2026-09-04T13:51:12.483+00:00,A_sell_B_buy,-12.0271,-17.9271,234.34,234.38,199.379,44.3,234.538,234.622,12.861,108.506,0.0000062500,0.0004000000,213.0,0.0
2026-09-04T13:51:12.483+00:00,B_sell_A_buy,6.7386,0.8386,234.34,234.38,199.379,44.3,234.538,234.622,12.861,108.506,0.0000062500,0.0004000000,213.0,0.0
2026-09-04T13:51:13.486+00:00,A_sell_B_buy,-11.7701,-17.6701,234.36,234.39,30.878,64.919,234.583,234.636,44.534,12.861,0.0000062500,0.0004000000,4.9,0.0
2026-09-04T13:51:13.486+00:00,B_sell_A_buy,8.2305,2.3305,234.36,234.39,30.878,64.919,234.583,234.636,44.534,12.861,0.0000062500,0.0004000000,4.9,0.0
2026-09-04T13:51:14.508+00:00,A_sell_B_buy,-11.9836,-17.8836,234.35,234.39,17.389,165.104,234.577,234.631,1.641,12.861,0.0000062500,0.0004000000,29.0,0.0
2026-09-04T13:51:14.508+00:00,B_sell_A_buy,7.9749,2.0749,234.35,234.39,17.389,165.104,234.577,234.631,1.641,12.861,0.0000062500,0.0004000000,29.0,0.0
2026-09-04T13:51:15.538+00:00,A_sell_B_buy,-12.1532,-18.0532,234.37,234.4,21.586,21.858,234.599,234.655,44.534,78.207,0.0000062500,0.0004000000,0.1,51.1
2026-09-04T13:51:15.538+00:00,B_sell_A_buy,8.4859,2.5859,234.37,234.4,21.586,21.858,234.599,234.655,44.534,78.207,0.0000062500,0.0004000000,0.1,51.1
2026-09-04T13:51:16.578+00:00,A_sell_B_buy,-12.3635,-18.2635,234.43,234.45,44.3,129.838,234.643,234.72,2.174,1.44,0.0000062500,0.0004000000,0.1,298.1
2026-09-04T13:51:16.578+00:00,B_sell_A_buy,8.2281,2.3281,234.43,234.45,44.3,129.838,234.643,234.72,2.174,1.44,0.0000062500,0.0004000000,0.1,298.1
2026-09-04T13:51:17.583+00:00,A_sell_B_buy,-11.7249,-17.6249,234.41,234.44,19.523,4.265,234.642,234.685,2.056,12.861,0.0000062500,0.0004000000,288.0,0.1
2026-09-04T13:51:17.583+00:00,B_sell_A_buy,8.6124,2.7124,234.41,234.44,19.523,4.265,234.642,234.685,2.056,12.861,0.0000062500,0.0004000000,288.0,0.1
2026-09-04T13:51:18.590+00:00,A_sell_B_buy,-10.1473,-16.0473,234.43,234.44,4.266,4.265,234.643,234.668,44.534,12.861,0.0000062500,0.0004000000,68.7,0.1
2026-09-04T13:51:18.590+00:00,B_sell_A_buy,8.6550,2.7550,234.43,234.44,4.266,4.265,234.643,234.668,44.534,12.861,0.0000062500,0.0004000000,68.7,0.1
2026-09-04T13:51:19.594+00:00,A_sell_B_buy,-9.8908,-15.7908,234.46,234.47,177.2,18.175,234.627,234.692,2.133,44.534,0.0000062500,0.0004000000,151.6,0.0
2026-09-04T13:51:19.594+00:00,B_sell_A_buy,6.6933,0.7933,234.46,234.47,177.2,18.175,234.627,234.692,2.133,44.534,0.0000062500,0.0004000000,151.6,0.0
2026-09-04T13:51:20.640+00:00,A_sell_B_buy,-9.8494,-15.7494,234.42,234.43,4.266,69.185,234.627,234.651,44.534,25.722,0.0000062500,0.0004000000,0.1,72.3
2026-09-04T13:51:20.640+00:00,B_sell_A_buy,8.3997,2.4997,234.42,234.43,4.266,69.185,234.627,234.651,44.534,25.722,0.0000062500,0.0004000000,0.1,72.3
2026-09-04T13:51:21.695+00:00,A_sell_B_buy,-7.9322,-13.8322,234.4,234.41,0.853,326.17,234.558,234.586,0.822,25.722,0.0000062500,0.0004000000,133.0,0.1
2026-09-04T13:51:21.695+00:00,B_sell_A_buy,6.3116,0.4116,234.4,234.41,0.853,326.17,234.558,234.586,0.822,25.722,0.0000062500,0.0004000000,133.0,0.1
2026-09-04T13:51:22.875+00:00,A_sell_B_buy,-11.7299,-17.6299,234.31,234.35,4.268,129.838,234.531,234.585,2.141,45.183,0.0000062500,0.0004000000,493.9,0.1
2026-09-04T13:51:22.875+00:00,B_sell_A_buy,7.7204,1.8204,234.31,234.35,4.268,129.838,234.531,234.585,2.141,45.183,0.0000062500,0.0004000000,493.9,0.1
2026-09-04T13:51:23.887+00:00,A_sell_B_buy,-12.9221,-18.8221,234.34,234.35,177.2,64.919,234.597,234.643,2.078,57.325,0.0000062500,0.0004000000,60.7,0.1
2026-09-04T13:51:23.887+00:00,B_sell_A_buy,10.5338,4.6338,234.34,234.35,177.2,64.919,234.597,234.643,2.078,57.325,0.0000062500,0.0004000000,60.7,0.1
2026-09-04T13:51:24.899+00:00,A_sell_B_buy,-12.7936,-18.6936,234.34,234.39,114.533,118.361,234.597,234.64,12.791,12.821,0.0000062500,0.0004000000,191.6,0.1
2026-09-04T13:51:24.899+00:00,B_sell_A_buy,8.8276,2.9276,234.34,234.39,114.533,118.361,234.597,234.64,12.791,12.821,0.0000062500,0.0004000000,191.6,0.1
2026-09-04T13:51:25.901+00:00,A_sell_B_buy,-12.4100,-18.3100,234.35,234.39,62.277,64.919,234.572,234.641,44.534,1.698,0.0000062500,0.0004000000,0.0,20.2
2026-09-04T13:51:25.901+00:00,B_sell_A_buy,7.7616,1.8616,234.35,234.39,62.277,64.919,234.572,234.641,44.534,1.698,0.0000062500,0.0004000000,0.0,20.2
2026-09-04T13:51:26.918+00:00,A_sell_B_buy,-7.6360,-13.5360,234.34,234.35,0.853,53.339,234.458,234.519,12.791,78.207,0.0000062500,0.0004000000,0.0,69.9
2026-09-04T13:51:26.918+00:00,B_sell_A_buy,4.6072,-1.2928,234.34,234.35,0.853,53.339,234.458,234.519,12.791,78.207,0.0000062500,0.0004000000,0.0,69.9
2026-09-04T13:51:27.949+00:00,A_sell_B_buy,-11.8190,-17.7190,234.24,234.27,18.167,64.919,234.448,234.517,2.151,70.116,0.0000062500,0.0004000000,133.1,0.1
2026-09-04T13:51:27.949+00:00,B_sell_A_buy,7.5949,1.6949,234.24,234.27,18.167,64.919,234.448,234.517,2.151,70.116,0.0000062500,0.0004000000,133.1,0.1
2026-09-04T13:51:29.001+00:00,A_sell_B_buy,-10.9652,-16.8652,234.26,234.27,44.3,129.838,234.468,234.517,44.534,70.116,0.0000062500,0.0004000000,101.8,0.1
2026-09-04T13:51:29.001+00:00,B_sell_A_buy,8.4479,2.5479,234.26,234.27,44.3,129.838,234.468,234.517,44.534,70.116,0.0000062500,0.0004000000,101.8,0.1
2026-09-04T13:51:30.029+00:00,A_sell_B_buy,-12.0341,-17.9341,234.2,234.23,16.857,64.919,234.423,234.482,2.189,70.116,0.0000062500,0.0004000000,0.1,52.9
2026-09-04T13:51:30.029+00:00,B_sell_A_buy,8.2361,2.3361,234.2,234.23,16.857,64.919,234.423,234.482,2.189,70.116,0.0000062500,0.0004000000,0.1,52.9
2026-09-04T13:51:31.081+00:00,A_sell_B_buy,-10.9674,-16.8674,234.2,234.23,4.27,151.346,234.438,234.457,12.791,12.821,0.0000062500,0.0004000000,189.4,0.1
2026-09-04T13:51:31.081+00:00,B_sell_A_buy,8.8763,2.9763,234.2,234.23,4.27,151.346,234.438,234.457,12.791,12.821,0.0000062500,0.0004000000,189.4,0.1
2026-09-04T13:51:32.093+00:00,A_sell_B_buy,-10.1981,-16.0981,234.24,234.25,40.033,129.838,234.456,234.479,44.534,70.116,0.0000062500,0.0004000000,259.9,0.0
2026-09-04T13:51:32.093+00:00,B_sell_A_buy,8.7900,2.8900,234.24,234.25,40.033,129.838,234.456,234.479,44.534,70.116,0.0000062500,0.0004000000,259.9,0.0
2026-09-04T13:51:33.095+00:00,A_sell_B_buy,-12.4165,-18.3165,234.22,234.26,74.712,4.269,234.471,234.511,2.213,12.821,0.0000062500,0.0004000000,826.6,0.0
2026-09-04T13:51:33.095+00:00,B_sell_A_buy,9.0030,3.1030,234.22,234.26,74.712,4.269,234.471,234.511,2.213,12.821,0.0000062500,0.0004000000,826.6,0.0
2026-09-04T13:51:34.097+00:00,A_sell_B_buy,-11.7749,-17.6749,234.27,234.3,6.332,22.404,234.471,234.546,46.747,12.821,0.0000062500,0.0004000000,32.3,0.1
2026-09-04T13:51:34.097+00:00,B_sell_A_buy,7.2953,1.3953,234.27,234.3,6.332,22.404,234.471,234.546,46.747,12.821,0.0000062500,0.0004000000,32.3,0.1
2026-09-04T13:51:35.099+00:00,A_sell_B_buy,-10.7511,-16.6511,234.29,234.32,60.147,45.708,234.426,234.542,9.431,12.821,0.0000062500,0.0004000000,65.5,0.0
2026-09-04T13:51:35.099+00:00,B_sell_A_buy,4.5223,-1.3777,234.29,234.32,60.147,45.708,234.426,234.542,9.431,12.821,0.0000062500,0.0004000000,65.5,0.0
2026-09-04T13:51:36.118+00:00,A_sell_B_buy,-13.4044,-19.3044,234.11,234.15,86.459,44.3,234.319,234.424,2.278,70.116,0.0000062500,0.0004000000,45.1,0.1
2026-09-04T13:51:36.118+00:00,B_sell_A_buy,7.2145,1.3145,234.11,234.15,86.459,44.3,234.319,234.424,2.278,70.116,0.0000062500,0.0004000000,45.1,0.1
2026-09-04T13:51:37.124+00:00,A_sell_B_buy,-11.9076,-17.8076,234.19,234.2,44.3,7.686,234.354,234.469,1.929,0.634,0.0000062500,0.0004000000,232.2,0.0
2026-09-04T13:51:37.124+00:00,B_sell_A_buy,6.5727,0.6727,234.19,234.2,44.3,7.686,234.354,234.469,1.929,0.634,0.0000062500,0.0004000000,232.2,0.0
2026-09-04T13:51:38.200+00:00,A_sell_B_buy,-12.2070,-18.1070,234.16,234.2,35.327,16.432,234.365,234.446,1.655,12.821,0.0000062500,0.0004000000,759.9,0.1
2026-09-04T13:51:38.200+00:00,B_sell_A_buy,7.0425,1.1425,234.16,234.2,35.327,16.432,234.365,234.446,1.655,12.821,0.0000062500,0.0004000000,759.9,0.1
2026-09-04T13:51:39.214+00:00,A_sell_B_buy,-11.5667,-17.4667,234.17,234.19,4.27,24.433,234.374,234.441,46.543,12.791,0.0000062500,0.0004000000,84.9,0.1
2026-09-04T13:51:39.214+00:00,B_sell_A_buy,7.8534,1.9534,234.17,234.19,4.27,24.433,234.374,234.441,46.543,12.791,0.0000062500,0.0004000000,84.9,0.1
2026-09-04T13:51:40.224+00:00,A_sell_B_buy,-9.8169,-15.7169,234.18,234.19,2.159,19.961,234.375,234.41,46.46,57.325,0.0000062500,0.0004000000,177.8,0.1
2026-09-04T13:51:40.224+00:00,B_sell_A_buy,7.8962,1.9962,234.18,234.19,2.159,19.961,234.375,234.41,46.46,57.325,0.0000062500,0.0004000000,177.8,0.1
2026-09-04T13:51:41.239+00:00,A_sell_B_buy,-10.3724,-16.2724,234.15,234.18,24.666,83.794,234.378,234.393,46.582,12.791,0.0000062500,0.0004000000,0.1,29.5
2026-09-04T13:51:41.239+00:00,B_sell_A_buy,8.4516,2.5516,234.15,234.18,24.666,83.794,234.378,234.393,46.582,12.791,0.0000062500,0.0004000000,0.1,29.5
2026-09-04T13:51:42.273+00:00,A_sell_B_buy,-12.7200,-18.6200,234.14,234.15,21.862,4.271,234.379,234.438,1.93,108.506,0.0000062500,0.0004000000,53.3,0.0
2026-09-04T13:51:42.273+00:00,B_sell_A_buy,9.7748,3.8748,234.14,234.15,21.862,4.271,234.379,234.438,1.93,108.506,0.0000062500,0.0004000000,53.3,0.0
2026-09-04T13:51:43.327+00:00,A_sell_B_buy,-9.9452,-15.8452,234.17,234.18,221.5,69.189,234.379,234.403,44.534,12.821,0.0000062500,0.0004000000,252.6,0.0
2026-09-04T13:51:43.327+00:00,B_sell_A_buy,8.4940,2.5940,234.17,234.18,221.5,69.189,234.379,234.403,44.534,12.821,0.0000062500,0.0004000000,252.6,0.0
2026-09-04T13:51:44.349+00:00,A_sell_B_buy,-10.7139,-16.6139,234.15,234.17,6.475,116.729,234.38,234.401,2.126,12.791,0.0000062500,0.0004000000,235.5,0.1
2026-09-04T13:51:44.349+00:00,B_sell_A_buy,8.9638,3.0638,234.15,234.17,6.475,116.729,234.38,234.401,2.126,12.791,0.0000062500,0.0004000000,235.5,0.1
2026-09-04T13:51:45.449+00:00,A_sell_B_buy,-12.4630,-18.3630,234.16,234.18,21.4,84.475,234.382,234.452,2.102,12.821,0.0000062500,0.0004000000,111.0,0.1
2026-09-04T13:51:45.449+00:00,B_sell_A_buy,8.6217,2.7217,234.16,234.18,21.4,84.475,234.382,234.452,2.102,12.821,0.0000062500,0.0004000000,111.0,0.1
2026-09-04T13:51:46.481+00:00,A_sell_B_buy,-11.6069,-17.5069,234.21,234.24,22.473,4.269,234.438,234.482,46.679,12.821,0.0000062500,0.0004000000,120.9,0.1
2026-09-04T13:51:46.481+00:00,B_sell_A_buy,8.4492,2.5492,234.21,234.24,22.473,4.269,234.438,234.482,46.679,12.821,0.0000062500,0.0004000000,120.9,0.1
2026-09-04T13:51:47.481+00:00,A_sell_B_buy,-12.4576,-18.3576,234.26,234.31,75.312,139.636,234.456,234.552,1.887,12.821,0.0000062500,0.0004000000,11.5,0.0
2026-09-04T13:51:47.481+00:00,B_sell_A_buy,6.2288,0.3288,234.26,234.31,75.312,139.636,234.456,234.552,1.887,12.821,0.0000062500,0.0004000000,11.5,0.0
2026-09-04T13:51:48.509+00:00,A_sell_B_buy,-9.6014,-15.5014,234.24,234.27,6.476,226.016,234.386,234.465,12.791,78.207,0.0000062500,0.0004000000,50.4,0.0
2026-09-04T13:51:48.509+00:00,B_sell_A_buy,4.9501,-0.9499,234.24,234.27,6.476,226.016,234.386,234.465,12.791,78.207,0.0000062500,0.0004000000,50.4,0.0
2026-09-04T13:51:49.578+00:00,A_sell_B_buy,-10.8831,-16.7831,234.19,234.21,6.475,148.896,234.388,234.445,2.221,25.582,0.0000062500,0.0004000000,0.1,238.9
2026-09-04T13:51:49.578+00:00,B_sell_A_buy,7.5968,1.6968,234.19,234.21,6.475,148.896,234.388,234.445,2.221,25.582,0.0000062500,0.0004000000,0.1,238.9
2026-09-04T13:51:50.596+00:00,A_sell_B_buy,-9.4330,-15.3330,234.19,234.2,6.475,34.08,234.334,234.411,32.493,12.791,0.0000062500,0.0004000000,206.5,0.1
2026-09-04T13:51:50.596+00:00,B_sell_A_buy,5.7196,-0.1804,234.19,234.2,6.475,34.08,234.334,234.411,32.493,12.791,0.0000062500,0.0004000000,206.5,0.1
2026-09-04T13:51:51.599+00:00,A_sell_B_buy,-11.9533,-17.8533,234.12,234.14,6.476,44.3,234.319,234.4,12.791,9.283,0.0000062500,0.0004000000,123.1,0.1
2026-09-04T13:51:51.599+00:00,B_sell_A_buy,7.6416,1.7416,234.12,234.14,6.476,44.3,234.319,234.4,12.791,9.283,0.0000062500,0.0004000000,123.1,0.1
2026-09-04T13:51:52.601+00:00,A_sell_B_buy,-11.6971,-17.5971,234.12,234.14,6.476,113.602,234.332,234.394,12.791,12.821,0.0000062500,0.0004000000,53.8,0.1
2026-09-04T13:51:52.601+00:00,B_sell_A_buy,8.1965,2.2965,234.12,234.14,6.476,113.602,234.332,234.394,12.791,12.821,0.0000062500,0.0004000000,53.8,0.1
2026-09-04T13:51:53.612+00:00,A_sell_B_buy,-12.9345,-18.8345,234.12,234.15,121.074,15.858,234.339,234.423,12.791,0.626,0.0000062500,0.0004000000,113.7,0.1
2026-09-04T13:51:53.612+00:00,B_sell_A_buy,8.0680,2.1680,234.12,234.15,121.074,15.858,234.339,234.423,12.791,0.626,0.0000062500,0.0004000000,113.7,0.1
2026-09-04T13:51:54.637+00:00,A_sell_B_buy,-12.3351,-18.2351,234.17,234.18,44.3,46.8,234.355,234.459,2.864,0.628,0.0000062500,0.0004000000,51.2,0.1
2026-09-04T13:51:54.637+00:00,B_sell_A_buy,7.4693,1.5693,234.17,234.18,44.3,46.8,234.355,234.459,2.864,0.628,0.0000062500,0.0004000000,51.2,0.1
2026-09-04T13:51:55.652+00:00,A_sell_B_buy,-13.5295,-19.4295,234.17,234.19,10.746,64.079,234.361,234.487,0.829,108.506,0.0000062500,0.0004000000,0.0,38.7
2026-09-04T13:51:55.652+00:00,B_sell_A_buy,7.2983,1.3983,234.17,234.19,10.746,64.079,234.361,234.487,0.829,108.506,0.0000062500,0.0004000000,0.0,38.7
2026-09-04T13:51:56.672+00:00,A_sell_B_buy,-12.0354,-17.9354,234.18,234.21,377.287,44.0,234.38,234.462,2.907,57.325,0.0000062500,0.0004000000,58.9,0.1
2026-09-04T13:51:56.672+00:00,B_sell_A_buy,7.2554,1.3554,234.18,234.21,377.287,44.0,234.38,234.462,2.907,57.325,0.0000062500,0.0004000000,58.9,0.1
2026-09-04T13:51:57.760+00:00,A_sell_B_buy,-10.6703,-16.5703,234.17,234.2,18.458,16.268,234.389,234.42,12.791,12.821,0.0000062500,0.0004000000,224.6,0.1
2026-09-04T13:51:57.760+00:00,B_sell_A_buy,8.0668,2.1668,234.17,234.2,18.458,16.268,234.389,234.42,12.791,12.821,0.0000062500,0.0004000000,224.6,0.1
2026-09-04T13:51:58.830+00:00,A_sell_B_buy,-9.8164,-15.7164,234.19,234.2,88.6,4.27,234.394,234.42,46.527,12.821,0.0000062500,0.0004000000,207.6,0.1
2026-09-04T13:51:58.830+00:00,B_sell_A_buy,8.2799,2.3799,234.19,234.2,88.6,4.27,234.394,234.42,46.527,12.821,0.0000062500,0.0004000000,207.6,0.1
2026-09-04T13:51:59.860+00:00,A_sell_B_buy,-10.1158,-16.0158,234.18,234.19,6.476,92.87,234.363,234.417,4.101,25.582,0.0000062500,0.0004000000,0.1,360.9
2026-09-04T13:51:59.860+00:00,B_sell_A_buy,7.3841,1.4841,234.18,234.19,6.476,92.87,234.363,234.417,4.101,25.582,0.0000062500,0.0004000000,0.1,360.9
2026-09-04T13:52:00.872+00:00,A_sell_B_buy,-10.5005,-16.4005,234.16,234.17,0.192,206.037,234.363,234.406,46.692,12.821,0.0000062500,0.0004000000,46.6,0.1
2026-09-04T13:52:00.872+00:00,B_sell_A_buy,8.2382,2.3382,234.16,234.17,0.192,206.037,234.363,234.406,46.692,12.821,0.0000062500,0.0004000000,46.6,0.1
2026-09-04T13:52:01.891+00:00,A_sell_B_buy,-10.2028,-16.1028,234.14,234.17,0.091,507.575,234.309,234.379,1.901,44.534,0.0000062500,0.0004000000,0.1,411.8
2026-09-04T13:52:01.891+00:00,B_sell_A_buy,5.9338,0.0338,234.14,234.17,0.091,507.575,234.309,234.379,1.901,44.534,0.0000062500,0.0004000000,0.1,411.8
2026-09-04T13:52:03.199+00:00,A_sell_B_buy,-10.9270,-16.8270,234.16,234.19,88.6,13.149,234.359,234.416,2.159,12.791,0.0000062500,0.0004000000,406.2,0.1
2026-09-04T13:52:03.199+00:00,B_sell_A_buy,7.2136,1.3136,234.16,234.19,88.6,13.149,234.359,234.416,2.159,12.791,0.0000062500,0.0004000000,406.2,0.1
2026-09-04T13:52:04.199+00:00,A_sell_B_buy,-12.2511,-18.1511,234.13,234.15,6.477,4.271,234.359,234.417,46.693,12.791,0.0000062500,0.0004000000,363.1,0.1
2026-09-04T13:52:04.199+00:00,B_sell_A_buy,8.9216,3.0216,234.13,234.15,6.477,4.271,234.359,234.417,46.693,12.791,0.0000062500,0.0004000000,363.1,0.1
2026-09-04T13:52:05.201+00:00,A_sell_B_buy,-12.4633,-18.3633,234.14,234.19,35.704,450.175,234.389,234.432,46.499,12.791,0.0000062500,0.0004000000,183.9,0.1
2026-09-04T13:52:05.201+00:00,B_sell_A_buy,8.4938,2.5938,234.14,234.19,35.704,450.175,234.389,234.432,46.499,12.791,0.0000062500,0.0004000000,183.9,0.1
2026-09-04T13:52:06.219+00:00,A_sell_B_buy,-10.5426,-16.4426,234.16,234.19,111.864,21.947,234.39,234.407,0.807,12.791,0.0000062500,0.0004000000,242.5,0.1
2026-09-04T13:52:06.219+00:00,B_sell_A_buy,8.5365,2.6365,234.16,234.19,111.864,21.947,234.39,234.407,0.807,12.791,0.0000062500,0.0004000000,242.5,0.1
2026-09-04T13:52:07.335+00:00,A_sell_B_buy,-9.6465,-15.5465,234.17,234.18,8.54,18.87,234.379,234.396,46.773,12.791,0.0000062500,0.0004000000,209.0,0.1
2026-09-04T13:52:07.335+00:00,B_sell_A_buy,8.4941,2.5941,234.17,234.18,8.54,18.87,234.379,234.396,46.773,12.791,0.0000062500,0.0004000000,209.0,0.1
2026-09-04T13:52:08.338+00:00,A_sell_B_buy,-13.0596,-18.9596,234.17,234.18,8.54,18.87,234.415,234.476,44.534,0.645,0.0000062500,0.0004000000,1212.8,0.1
2026-09-04T13:52:08.338+00:00,B_sell_A_buy,10.0294,4.1294,234.17,234.18,8.54,18.87,234.415,234.476,44.534,0.645,0.0000062500,0.0004000000,1212.8,0.1
2026-09-04T13:52:09.339+00:00,A_sell_B_buy,-10.3708,-16.2708,234.19,234.21,44.3,19.328,234.415,234.433,44.534,12.791,0.0000062500,0.0004000000,0.0,39.0
2026-09-04T13:52:09.339+00:00,B_sell_A_buy,8.7490,2.8490,234.19,234.21,44.3,19.328,234.415,234.433,44.534,12.791,0.0000062500,0.0004000000,0.0,39.0
2026-09-04T13:52:10.443+00:00,A_sell_B_buy,-9.9874,-15.8874,234.18,234.19,0.854,4.27,234.398,234.414,46.5,12.791,0.0000062500,0.0004000000,0.1,145.9
2026-09-04T13:52:10.443+00:00,B_sell_A_buy,8.8777,2.9777,234.18,234.19,0.854,4.27,234.398,234.414,46.5,12.791,0.0000062500,0.0004000000,0.1,145.9
2026-09-04T13:52:11.490+00:00,A_sell_B_buy,-10.4998,-16.3998,234.18,234.19,0.854,139.48,234.362,234.426,2.05,0.646,0.0000062500,0.0004000000,113.2,0.1
2026-09-04T13:52:11.490+00:00,B_sell_A_buy,7.3413,1.4413,234.18,234.19,0.854,139.48,234.362,234.426,2.05,0.646,0.0000062500,0.0004000000,113.2,0.1
2026-09-04T13:52:12.494+00:00,A_sell_B_buy,-10.7985,-16.6985,234.17,234.18,44.3,21.553,234.391,234.423,2.135,44.534,0.0000062500,0.0004000000,0.0,31.8
2026-09-04T13:52:12.494+00:00,B_sell_A_buy,9.0059,3.1059,234.17,234.18,44.3,21.553,234.391,234.423,2.135,44.534,0.0000062500,0.0004000000,0.0,31.8
2026-09-04T13:52:13.506+00:00,A_sell_B_buy,-10.9271,-16.8271,234.15,234.18,82.609,22.812,234.383,234.406,44.534,0.222,0.0000062500,0.0004000000,0.1,83.4
2026-09-04T13:52:13.506+00:00,B_sell_A_buy,8.6649,2.7649,234.15,234.18,82.609,22.812,234.383,234.406,44.534,0.222,0.0000062500,0.0004000000,0.1,83.4
2026-09-04T13:52:14.532+00:00,A_sell_B_buy,-11.1839,-17.0839,234.14,234.16,6.477,20.352,234.359,234.402,46.693,108.506,0.0000062500,0.0004000000,220.2,0.1
2026-09-04T13:52:14.532+00:00,B_sell_A_buy,8.4946,2.5946,234.14,234.16,6.477,20.352,234.359,234.402,46.693,108.506,0.0000062500,0.0004000000,220.2,0.1
2026-09-04T13:52:15.539+00:00,A_sell_B_buy,-10.2451,-16.1451,234.14,234.15,6.477,157.296,234.359,234.38,2.159,70.116,0.0000062500,0.0004000000,0.1,149.7
2026-09-04T13:52:15.539+00:00,B_sell_A_buy,8.9218,3.0218,234.14,234.15,6.477,157.296,234.359,234.38,2.159,70.116,0.0000062500,0.0004000000,0.1,149.7
2026-09-04T13:52:16.553+00:00,A_sell_B_buy,-10.8009,-16.7009,234.11,234.15,85.405,126.602,234.34,234.363,44.534,78.207,0.0000062500,0.0004000000,0.1,116.3
2026-09-04T13:52:16.553+00:00,B_sell_A_buy,8.1113,2.2113,234.11,234.15,85.405,126.602,234.34,234.363,44.534,78.207,0.0000062500,0.0004000000,0.1,116.3
2026-09-04T13:52:17.666+00:00,A_sell_B_buy,-10.4173,-16.3173,234.11,234.12,77.331,19.187,234.319,234.354,44.534,12.791,0.0000062500,0.0004000000,329.3,0.1
2026-09-04T13:52:17.666+00:00,B_sell_A_buy,8.4961,2.5961,234.11,234.12,77.331,19.187,234.319,234.354,44.534,12.791,0.0000062500,0.0004000000,329.3,0.1
2026-09-04T13:52:18.668+00:00,A_sell_B_buy,-11.3136,-17.2136,234.11,234.12,70.854,280.166,234.317,234.375,2.171,25.582,0.0000062500,0.0004000000,127.5,0.1
2026-09-04T13:52:18.668+00:00,B_sell_A_buy,8.4105,2.5105,234.11,234.12,70.854,280.166,234.317,234.375,2.171,25.582,0.0000062500,0.0004000000,127.5,0.1
2026-09-04T13:52:19.681+00:00,A_sell_B_buy,-9.1793,-15.0793,234.11,234.15,84.504,99.16,234.305,234.325,4.239,70.116,0.0000062500,0.0004000000,63.1,0.1
2026-09-04T13:52:19.681+00:00,B_sell_A_buy,6.6176,0.7176,234.11,234.15,84.504,99.16,234.305,234.325,4.239,70.116,0.0000062500,0.0004000000,63.1,0.1
2026-09-04T13:52:20.701+00:00,A_sell_B_buy,-8.0703,-13.9703,234.11,234.12,70.0,341.931,234.238,234.299,44.534,78.207,0.0000062500,0.0004000000,36.1,0.1
2026-09-04T13:52:20.701+00:00,B_sell_A_buy,5.0386,-0.8614,234.11,234.12,70.0,341.931,234.238,234.299,44.534,78.207,0.0000062500,0.0004000000,36.1,0.1
2026-09-04T13:52:21.719+00:00,A_sell_B_buy,-12.0859,-17.9859,234.02,234.07,187.498,4.272,234.239,234.303,2.281,1.683,0.0000062500,0.0004000000,20.8,0.0
2026-09-04T13:52:21.719+00:00,B_sell_A_buy,7.2173,1.3173,234.02,234.07,187.498,4.272,234.239,234.303,2.281,1.683,0.0000062500,0.0004000000,20.8,0.0
2026-09-04T13:52:22.772+00:00,A_sell_B_buy,-11.6142,-17.5142,234.07,234.08,44.3,64.919,234.289,234.342,2.286,2.159,0.0000062500,0.0004000000,0.1,120.4
2026-09-04T13:52:22.772+00:00,B_sell_A_buy,8.9242,3.0242,234.07,234.08,44.3,64.919,234.289,234.342,2.286,2.159,0.0000062500,0.0004000000,0.1,120.4
2026-09-04T13:52:23.781+00:00,A_sell_B_buy,-11.4013,-17.3013,234.05,234.08,115.085,4.272,234.289,234.317,44.534,25.582,0.0000062500,0.0004000000,83.8,0.1
2026-09-04T13:52:23.781+00:00,B_sell_A_buy,8.9246,3.0246,234.05,234.08,115.085,4.272,234.289,234.317,44.534,25.582,0.0000062500,0.0004000000,83.8,0.1
2026-09-04T13:52:24.794+00:00,A_sell_B_buy,-12.3404,-18.2404,234.05,234.08,71.397,21.399,234.289,234.339,44.534,0.644,0.0000062500,0.0004000000,74.3,0.0
2026-09-04T13:52:24.794+00:00,B_sell_A_buy,8.9244,3.0244,234.05,234.08,71.397,21.399,234.289,234.339,44.534,0.644,0.0000062500,0.0004000000,74.3,0.0
2026-09-04T13:52:25.808+00:00,A_sell_B_buy,-11.9133,-17.8133,234.06,234.08,2.128,22.411,234.289,234.339,44.534,44.534,0.0000062500,0.0004000000,64.3,0.1
2026-09-04T13:52:25.808+00:00,B_sell_A_buy,8.9243,3.0243,234.06,234.08,2.128,22.411,234.289,234.339,44.534,44.534,0.0000062500,0.0004000000,64.3,0.1
2026-09-04T13:52:26.816+00:00,A_sell_B_buy,-12.3804,-18.2804,234.11,234.13,177.2,226.746,234.326,234.4,2.305,1.677,0.0000062500,0.0004000000,174.3,0.0
2026-09-04T13:52:26.816+00:00,B_sell_A_buy,8.3674,2.4674,234.11,234.13,177.2,226.746,234.326,234.4,2.305,1.677,0.0000062500,0.0004000000,174.3,0.0
2026-09-04T13:52:27.830+00:00,A_sell_B_buy,-8.7961,-14.6961,234.1,234.12,14.162,19.521,234.254,234.306,1.915,25.582,0.0000062500,0.0004000000,188.7,0.1
2026-09-04T13:52:27.830+00:00,B_sell_A_buy,5.7217,-0.1783,234.1,234.12,14.162,19.521,234.254,234.306,1.915,25.582,0.0000062500,0.0004000000,188.7,0.1
2026-09-04T13:52:28.831+00:00,A_sell_B_buy,-11.7864,-17.6864,234.03,234.08,128.719,4.272,234.258,234.306,12.791,44.534,0.0000062500,0.0004000000,216.6,0.1
2026-09-04T13:52:28.831+00:00,B_sell_A_buy,7.6014,1.7014,234.03,234.08,128.719,4.272,234.258,234.306,12.791,44.534,0.0000062500,0.0004000000,216.6,0.1
2026-09-04T13:52:29.835+00:00,A_sell_B_buy,-10.1638,-16.0638,234.05,234.06,2.082,4.272,234.259,234.288,2.194,78.207,0.0000062500,0.0004000000,83.1,0.1
2026-09-04T13:52:29.835+00:00,B_sell_A_buy,8.4983,2.5983,234.05,234.06,2.082,4.272,234.259,234.288,2.194,78.207,0.0000062500,0.0004000000,83.1,0.1
2026-09-04T13:52:30.854+00:00,A_sell_B_buy,-10.4638,-16.3638,234.02,234.03,0.854,147.661,234.248,234.265,44.534,12.791,0.0000062500,0.0004000000,0.1,81.2
2026-09-04T13:52:30.854+00:00,B_sell_A_buy,9.3106,3.4106,234.02,234.03,0.854,147.661,234.248,234.265,44.534,12.791,0.0000062500,0.0004000000,0.1,81.2
2026-09-04T13:52:31.861+00:00,A_sell_B_buy,-11.6176,-17.5176,234.0,234.02,6.479,68.592,234.216,234.272,44.534,0.644,0.0000062500,0.0004000000,161.1,0.1
2026-09-04T13:52:31.861+00:00,B_sell_A_buy,8.3715,2.4715,234.0,234.02,6.479,68.592,234.216,234.272,44.534,0.644,0.0000062500,0.0004000000,161.1,0.1
2026-09-04T13:52:32.996+00:00,A_sell_B_buy,-11.4893,-17.3893,234.0,234.02,132.9,171.772,234.238,234.269,1.965,12.791,0.0000062500,0.0004000000,179.6,0.1
2026-09-04T13:52:32.996+00:00,B_sell_A_buy,9.3110,3.4110,234.0,234.02,132.9,171.772,234.238,234.269,1.965,12.791,0.0000062500,0.0004000000,179.6,0.1
2026-09-04T13:52:34.012+00:00,A_sell_B_buy,-10.6344,-16.5344,234.02,234.04,41.358,0.827,234.258,234.269,2.931,12.801,0.0000062500,0.0004000000,100.4,0.1
2026-09-04T13:52:34.012+00:00,B_sell_A_buy,9.3104,3.4104,234.02,234.04,41.358,0.827,234.258,234.269,2.931,12.801,0.0000062500,0.0004000000,100.4,0.1
2026-09-04T13:52:35.090+00:00,A_sell_B_buy,-10.2068,-16.1068,234.03,234.07,20.93,81.665,234.264,234.269,46.69,12.801,0.0000062500,0.0004000000,178.5,0.1
2026-09-04T13:52:35.090+00:00,B_sell_A_buy,8.2850,2.3850,234.03,234.07,20.93,81.665,234.264,234.269,46.69,12.801,0.0000062500,0.0004000000,178.5,0.1
2026-09-04T13:52:36.098+00:00,A_sell_B_buy,-9.7367,-15.6367,234.06,234.08,88.6,57.39,234.238,234.288,2.805,78.207,0.0000062500,0.0004000000,39.7,0.1
2026-09-04T13:52:36.098+00:00,B_sell_A_buy,6.7473,0.8473,234.06,234.08,88.6,57.39,234.238,234.288,2.805,78.207,0.0000062500,0.0004000000,39.7,0.1
2026-09-04T13:52:37.102+00:00,A_sell_B_buy,-9.5245,-15.4245,234.02,234.04,6.479,4.273,234.228,234.243,46.693,12.791,0.0000062500,0.0004000000,43.2,0.0
2026-09-04T13:52:37.102+00:00,B_sell_A_buy,8.0296,2.1296,234.02,234.04,6.479,4.273,234.228,234.243,46.693,12.791,0.0000062500,0.0004000000,43.2,0.0
2026-09-04T13:52:38.106+00:00,A_sell_B_buy,-10.0809,-15.9809,234.0,234.01,0.854,239.732,234.177,234.236,44.534,12.791,0.0000062500,0.0004000000,166.4,0.1
2026-09-04T13:52:38.106+00:00,B_sell_A_buy,7.1335,1.2335,234.0,234.01,0.854,239.732,234.177,234.236,44.534,12.791,0.0000062500,0.0004000000,166.4,0.1
2026-09-04T13:52:39.175+00:00,A_sell_B_buy,-10.8946,-16.7946,233.94,233.95,7.334,124.954,234.157,234.195,2.178,12.801,0.0000062500,0.0004000000,173.1,0.1
2026-09-04T13:52:39.175+00:00,B_sell_A_buy,8.8439,2.9439,233.94,233.95,7.334,124.954,234.157,234.195,2.178,12.801,0.0000062500,0.0004000000,173.1,0.1
2026-09-04T13:52:40.185+00:00,A_sell_B_buy,-10.8091,-16.7091,233.94,233.95,0.854,21.652,234.166,234.193,46.605,12.801,0.0000062500,0.0004000000,155.9,0.0
2026-09-04T13:52:40.185+00:00,B_sell_A_buy,9.2283,3.3283,233.94,233.95,0.854,21.652,234.166,234.193,46.605,12.801,0.0000062500,0.0004000000,155.9,0.0
2026-09-04T13:52:41.221+00:00,A_sell_B_buy,-11.7900,-17.6900,233.96,233.97,44.3,0.192,234.22,234.236,1.857,0.222,0.0000062500,0.0004000000,41.5,0.1
2026-09-04T13:52:41.221+00:00,B_sell_A_buy,10.6794,4.7794,233.96,233.97,44.3,0.192,234.22,234.236,1.857,0.222,0.0000062500,0.0004000000,41.5,0.1
2026-09-04T13:52:42.271+00:00,A_sell_B_buy,-10.8499,-16.7499,233.97,234.0,64.919,4.274,234.22,234.224,43.766,12.791,0.0000062500,0.0004000000,0.1,85.1
2026-09-04T13:52:42.271+00:00,B_sell_A_buy,9.3976,3.4976,233.97,234.0,64.919,4.274,234.22,234.224,43.766,12.791,0.0000062500,0.0004000000,0.1,85.1
2026-09-04T13:52:43.274+00:00,A_sell_B_buy,-12.3435,-18.2435,233.98,234.01,21.197,0.146,234.268,234.269,2.042,12.801,0.0000062500,0.0004000000,362.8,0.0
2026-09-04T13:52:43.274+00:00,B_sell_A_buy,11.0194,5.1194,233.98,234.01,21.197,0.146,234.268,234.269,2.042,12.801,0.0000062500,0.0004000000,362.8,0.0
2026-09-04T13:52:44.280+00:00,A_sell_B_buy,-10.6771,-16.5771,234.02,234.05,82.066,55.432,234.242,234.27,44.534,12.801,0.0000062500,0.0004000000,0.1,100.0
2026-09-04T13:52:44.280+00:00,B_sell_A_buy,8.2000,2.3000,234.02,234.05,82.066,55.432,234.242,234.27,44.534,12.801,0.0000062500,0.0004000000,0.1,100.0
2026-09-04T13:52:45.287+00:00,A_sell_B_buy,-11.2746,-17.1746,234.03,234.04,65.497,4.273,234.258,234.294,46.718,12.791,0.0000062500,0.0004000000,18.2,0.1
2026-09-04T13:52:45.287+00:00,B_sell_A_buy,9.3101,3.4101,234.03,234.04,65.497,4.273,234.258,234.294,46.718,12.791,0.0000062500,0.0004000000,18.2,0.1
2026-09-04T13:52:46.340+00:00,A_sell_B_buy,-10.3786,-16.2786,234.02,234.03,0.854,88.6,234.231,234.263,44.534,12.791,0.0000062500,0.0004000000,56.1,0.1
2026-09-04T13:52:46.340+00:00,B_sell_A_buy,8.5848,2.6848,234.02,234.03,0.854,88.6,234.231,234.263,44.534,12.791,0.0000062500,0.0004000000,56.1,0.1
2026-09-04T13:52:47.346+00:00,A_sell_B_buy,-11.7029,-17.6029,234.0,234.02,6.481,4.273,234.228,234.274,46.694,12.791,0.0000062500,0.0004000000,428.6,0.1
2026-09-04T13:52:47.346+00:00,B_sell_A_buy,8.8839,2.9839,234.0,234.02,6.481,4.273,234.228,234.274,46.694,12.791,0.0000062500,0.0004000000,428.6,0.1
2026-09-04T13:52:48.388+00:00,A_sell_B_buy,-10.5073,-16.4073,234.0,234.02,6.481,4.273,234.228,234.246,44.534,0.222,0.0000062500,0.0004000000,1471.3,0.1
2026-09-04T13:52:48.388+00:00,B_sell_A_buy,8.8842,2.9842,234.0,234.02,6.481,4.273,234.228,234.246,44.534,0.222,0.0000062500,0.0004000000,1471.3,0.1
2026-09-04T13:52:49.424+00:00,A_sell_B_buy,-11.7880,-17.6880,233.99,234.03,102.144,79.524,234.259,234.266,1.858,44.756,0.0000062500,0.0004000000,0.1,125.8
2026-09-04T13:52:49.424+00:00,B_sell_A_buy,9.7806,3.8806,233.99,234.03,102.144,79.524,234.259,234.266,1.858,44.756,0.0000062500,0.0004000000,0.1,125.8
2026-09-04T13:52:50.481+00:00,A_sell_B_buy,-10.5058,-16.4058,234.04,234.05,107.918,6.653,234.249,234.286,1.979,25.582,0.0000062500,0.0004000000,147.8,0.1
2026-09-04T13:52:50.481+00:00,B_sell_A_buy,8.4986,2.5986,234.04,234.05,107.918,6.653,234.249,234.286,1.979,25.582,0.0000062500,0.0004000000,147.8,0.1
2026-09-04T13:52:51.657+00:00,A_sell_B_buy,-10.1640,-16.0640,234.04,234.05,4.273,6.653,234.27,234.278,44.534,12.791,0.0000062500,0.0004000000,192.8,0.1
2026-09-04T13:52:51.657+00:00,B_sell_A_buy,9.3953,3.4953,234.04,234.05,4.273,6.653,234.27,234.278,44.534,12.791,0.0000062500,0.0004000000,192.8,0.1
2026-09-04T13:52:52.676+00:00,A_sell_B_buy,-11.3598,-17.2598,234.03,234.05,83.712,6.653,234.26,234.296,2.196,0.222,0.0000062500,0.0004000000,0.1,208.3
2026-09-04T13:52:52.676+00:00,B_sell_A_buy,8.9683,3.0683,234.03,234.05,83.712,6.653,234.26,234.296,2.196,0.222,0.0000062500,0.0004000000,0.1,208.3
2026-09-04T13:52:53.745+00:00,A_sell_B_buy,-10.8475,-16.7475,234.03,234.05,87.985,23.396,234.26,234.284,44.534,12.801,0.0000062500,0.0004000000,73.3,0.1
2026-09-04T13:52:53.745+00:00,B_sell_A_buy,8.9684,3.0684,234.03,234.05,87.985,23.396,234.26,234.284,44.534,12.801,0.0000062500,0.0004000000,73.3,0.1
2026-09-04T13:52:54.754+00:00,A_sell_B_buy,-9.3111,-15.2111,234.02,234.03,147.131,44.3,234.225,234.238,2.244,12.791,0.0000062500,0.0004000000,85.0,0.1
2026-09-04T13:52:54.754+00:00,B_sell_A_buy,8.3288,2.4288,234.02,234.03,147.131,44.3,234.225,234.238,2.244,12.791,0.0000062500,0.0004000000,85.0,0.1
2026-09-04T13:52:55.759+00:00,A_sell_B_buy,-9.3540,-15.2540,234.02,234.03,147.131,171.485,234.208,234.239,2.16,25.582,0.0000062500,0.0004000000,119.0,0.1
2026-09-04T13:52:55.759+00:00,B_sell_A_buy,7.6028,1.7028,234.02,234.03,147.131,171.485,234.208,234.239,2.16,25.582,0.0000062500,0.0004000000,119.0,0.1
2026-09-04T13:52:56.847+00:00,A_sell_B_buy,-9.3130,-15.2130,233.98,233.99,129.379,88.6,234.159,234.198,2.849,77.354,0.0000062500,0.0004000000,130.2,0.1
2026-09-04T13:52:56.847+00:00,B_sell_A_buy,7.2197,1.3197,233.98,233.99,129.379,88.6,234.159,234.198,2.849,77.354,0.0000062500,0.0004000000,130.2,0.1
2026-09-04T13:52:57.854+00:00,A_sell_B_buy,-9.1000,-15.0000,233.96,233.97,0.854,391.485,234.157,234.173,1.997,12.791,0.0000062500,0.0004000000,46.4,0.1
2026-09-04T13:52:57.854+00:00,B_sell_A_buy,7.9892,2.0892,233.96,233.97,0.854,391.485,234.157,234.173,1.997,12.791,0.0000062500,0.0004000000,46.4,0.1
2026-09-04T13:52:58.873+00:00,A_sell_B_buy,-11.2368,-17.1368,233.93,233.94,7.335,4.275,234.144,234.193,12.791,12.791,0.0000062500,0.0004000000,34.3,0.1
2026-09-04T13:52:58.873+00:00,B_sell_A_buy,8.7160,2.8160,233.93,233.94,7.335,4.275,234.144,234.193,12.791,12.791,0.0000062500,0.0004000000,34.3,0.1
2026-09-04T13:52:59.939+00:00,A_sell_B_buy,-11.2366,-17.1366,233.93,233.95,18.666,4.274,234.156,234.193,46.775,12.791,0.0000062500,0.0004000000,263.8,0.1
2026-09-04T13:52:59.939+00:00,B_sell_A_buy,8.8013,2.9013,233.93,233.95,18.666,4.274,234.156,234.193,46.775,12.791,0.0000062500,0.0004000000,263.8,0.1
2026-09-04T13:53:00.940+00:00,A_sell_B_buy,-11.9188,-17.8188,233.94,233.97,127.02,31.35,234.205,234.219,23.653,12.791,0.0000062500,0.0004000000,52.7,0.1
2026-09-04T13:53:00.940+00:00,B_sell_A_buy,10.0392,4.1392,233.94,233.97,127.02,31.35,234.205,234.219,23.653,12.791,0.0000062500,0.0004000000,52.7,0.1
2026-09-04T13:53:01.959+00:00,A_sell_B_buy,-11.4479,-17.3479,233.96,234.0,115.457,9.959,234.226,234.228,2.056,12.801,0.0000062500,0.0004000000,34.3,0.1
2026-09-04T13:53:01.959+00:00,B_sell_A_buy,9.6538,3.7538,233.96,234.0,115.457,9.959,234.226,234.228,2.056,12.801,0.0000062500,0.0004000000,34.3,0.1
2026-09-04T13:53:02.992+00:00,A_sell_B_buy,-10.6762,-16.5762,234.04,234.05,44.3,6.653,234.282,234.29,1.204,57.325,0.0000062500,0.0004000000,0.1,133.7
2026-09-04T13:53:02.992+00:00,B_sell_A_buy,9.9075,4.0075,234.04,234.05,44.3,6.653,234.282,234.29,1.204,57.325,0.0000062500,0.0004000000,0.1,133.7
2026-09-04T13:53:03.997+00:00,A_sell_B_buy,-13.1947,-19.0947,234.04,234.06,83.093,4.382,234.288,234.349,46.632,25.582,0.0000062500,0.0004000000,22.1,0.1
2026-09-04T13:53:03.997+00:00,B_sell_A_buy,9.7359,3.8359,234.04,234.06,83.093,4.382,234.288,234.349,46.632,25.582,0.0000062500,0.0004000000,22.1,0.1
2026-09-04T13:53:05.000+00:00,A_sell_B_buy,-12.2121,-18.1121,234.06,234.07,92.872,12.356,234.296,234.346,4.26,0.222,0.0000062500,0.0004000000,0.1,52.3
2026-09-04T13:53:05.000+00:00,B_sell_A_buy,9.6502,3.7502,234.06,234.07,92.872,12.356,234.296,234.346,4.26,0.222,0.0000062500,0.0004000000,0.1,52.3
2026-09-04T13:53:06.016+00:00,A_sell_B_buy,-9.9070,-15.8070,234.06,234.07,6.357,46.712,234.291,234.292,44.534,38.383,0.0000062500,0.0004000000,162.6,0.1
2026-09-04T13:53:06.016+00:00,B_sell_A_buy,9.4373,3.5373,234.06,234.07,6.357,46.712,234.291,234.292,44.534,38.383,0.0000062500,0.0004000000,162.6,0.1
2026-09-04T13:53:07.037+00:00,A_sell_B_buy,-11.7001,-17.6001,234.05,234.08,148.253,4.272,234.291,234.324,44.534,25.582,0.0000062500,0.0004000000,0.1,242.0
2026-09-04T13:53:07.037+00:00,B_sell_A_buy,9.0099,3.1099,234.05,234.08,148.253,4.272,234.291,234.324,44.534,25.582,0.0000062500,0.0004000000,0.1,242.0
2026-09-04T13:53:08.054+00:00,A_sell_B_buy,-9.9914,-15.8914,234.09,234.1,44.3,19.73,234.294,234.324,2.094,12.791,0.0000062500,0.0004000000,18.3,0.1
2026-09-04T13:53:08.054+00:00,B_sell_A_buy,8.2834,2.3834,234.09,234.1,44.3,19.73,234.294,234.324,2.094,12.791,0.0000062500,0.0004000000,18.3,0.1
2026-09-04T13:53:09.068+00:00,A_sell_B_buy,-12.5102,-18.4102,234.07,234.09,228.843,4.272,234.316,234.363,2.164,25.582,0.0000062500,0.0004000000,26.4,0.1
2026-09-04T13:53:09.068+00:00,B_sell_A_buy,9.6495,3.7495,234.07,234.09,228.843,4.272,234.316,234.363,2.164,25.582,0.0000062500,0.0004000000,26.4,0.1
2026-09-04T13:53:10.079+00:00,A_sell_B_buy,-11.0576,-16.9576,234.1,234.11,220.019,3.844,234.347,234.359,2.092,25.582,0.0000062500,0.0004000000,0.1,69.0
2026-09-04T13:53:10.079+00:00,B_sell_A_buy,10.1183,4.2183,234.1,234.11,220.019,3.844,234.347,234.359,2.092,25.582,0.0000062500,0.0004000000,0.1,69.0
2026-09-04T13:53:11.087+00:00,A_sell_B_buy,-12.1668,-18.0668,234.11,234.12,147.591,25.041,234.353,234.395,1.895,108.506,0.0000062500,0.0004000000,43.9,0.1
2026-09-04T13:53:11.087+00:00,B_sell_A_buy,9.9469,4.0469,234.11,234.12,147.591,25.041,234.353,234.395,1.895,108.506,0.0000062500,0.0004000000,43.9,0.1
2026-09-04T13:53:12.144+00:00,A_sell_B_buy,-11.6546,-17.5546,234.11,234.12,206.965,25.041,234.36,234.383,1.638,25.582,0.0000062500,0.0004000000,105.5,0.1
2026-09-04T13:53:12.144+00:00,B_sell_A_buy,10.2458,4.3458,234.11,234.12,206.965,25.041,234.36,234.383,1.638,25.582,0.0000062500,0.0004000000,105.5,0.1
2026-09-04T13:53:13.179+00:00,A_sell_B_buy,-11.3557,-17.2557,234.12,234.13,12.501,14.154,234.337,234.386,1.694,13.474,0.0000062500,0.0004000000,173.6,0.1
2026-09-04T13:53:13.179+00:00,B_sell_A_buy,8.8370,2.9370,234.12,234.13,12.501,14.154,234.337,234.386,1.694,13.474,0.0000062500,0.0004000000,173.6,0.1
2026-09-04T13:53:14.207+00:00,A_sell_B_buy,-12.1239,-18.0239,234.11,234.13,22.154,30.725,234.358,234.394,1.878,12.791,0.0000062500,0.0004000000,105.8,0.1
2026-09-04T13:53:14.207+00:00,B_sell_A_buy,9.7333,3.8333,234.11,234.13,22.154,30.725,234.358,234.394,1.878,12.791,0.0000062500,0.0004000000,105.8,0.1
2026-09-04T13:53:15.225+00:00,A_sell_B_buy,-11.0569,-16.9569,234.12,234.13,203.345,28.737,234.341,234.379,2.168,70.116,0.0000062500,0.0004000000,162.6,0.1
2026-09-04T13:53:15.225+00:00,B_sell_A_buy,9.0078,3.1078,234.12,234.13,203.345,28.737,234.341,234.379,2.168,70.116,0.0000062500,0.0004000000,162.6,0.1
2026-09-04T13:53:16.343+00:00,A_sell_B_buy,-10.4166,-16.3166,234.12,234.13,136.344,109.644,234.348,234.364,1.98,12.791,0.0000062500,0.0004000000,407.3,0.1
2026-09-04T13:53:16.343+00:00,B_sell_A_buy,9.3067,3.4067,234.12,234.13,136.344,109.644,234.348,234.364,1.98,12.791,0.0000062500,0.0004000000,407.3,0.1
2026-09-04T13:53:17.345+00:00,A_sell_B_buy,-11.9085,-17.8085,234.15,234.17,44.3,18.108,234.4,234.429,2.289,12.791,0.0000062500,0.0004000000,0.1,10.6
2026-09-04T13:53:17.345+00:00,B_sell_A_buy,9.8170,3.9170,234.15,234.17,44.3,18.108,234.4,234.429,2.289,12.791,0.0000062500,0.0004000000,0.1,10.6
2026-09-04T13:53:18.410+00:00,A_sell_B_buy,-11.0549,-16.9549,234.16,234.17,238.035,21.205,234.391,234.419,3.693,12.791,0.0000062500,0.0004000000,154.0,0.1
2026-09-04T13:53:18.410+00:00,B_sell_A_buy,9.4330,3.5330,234.16,234.17,238.035,21.205,234.391,234.419,3.693,12.791,0.0000062500,0.0004000000,154.0,0.1
2026-09-04T13:53:19.439+00:00,A_sell_B_buy,-11.0548,-16.9548,234.16,234.18,163.312,4.27,234.39,234.419,2.177,25.582,0.0000062500,0.0004000000,86.1,0.1
2026-09-04T13:53:19.439+00:00,B_sell_A_buy,8.9634,3.0634,234.16,234.18,163.312,4.27,234.39,234.419,2.177,25.582,0.0000062500,0.0004000000,86.1,0.1
2026-09-04T13:53:20.478+00:00,A_sell_B_buy,-10.2011,-16.1011,234.17,234.18,2.063,85.854,234.391,234.409,3.839,25.582,0.0000062500,0.0004000000,68.7,0.1
2026-09-04T13:53:20.478+00:00,B_sell_A_buy,9.0060,3.1060,234.17,234.18,2.063,85.854,234.391,234.409,3.839,25.582,0.0000062500,0.0004000000,68.7,0.1
2026-09-04T13:53:21.651+00:00,A_sell_B_buy,-9.9878,-15.8878,234.17,234.18,2.063,199.586,234.391,234.404,44.534,70.116,0.0000062500,0.0004000000,218.9,0.2
2026-09-04T13:53:21.651+00:00,B_sell_A_buy,9.0061,3.1061,234.17,234.18,2.063,199.586,234.391,234.404,44.534,70.116,0.0000062500,0.0004000000,218.9,0.2
2026-09-04T13:53:22.945+00:00,A_sell_B_buy,-9.8598,-15.7598,234.17,234.18,2.063,208.322,234.391,234.401,44.534,12.801,0.0000062500,0.0004000000,992.0,0.1
2026-09-04T13:53:22.945+00:00,B_sell_A_buy,9.0061,3.1061,234.17,234.18,2.063,208.322,234.391,234.401,44.534,12.801,0.0000062500,0.0004000000,992.0,0.1
2026-09-04T13:53:23.963+00:00,A_sell_B_buy,-9.9878,-15.8878,234.17,234.18,2.063,193.686,234.391,234.404,44.534,25.582,0.0000062500,0.0004000000,0.1,112.3
2026-09-04T13:53:23.963+00:00,B_sell_A_buy,9.0061,3.1061,234.17,234.18,2.063,193.686,234.391,234.404,44.534,25.582,0.0000062500,0.0004000000,0.1,112.3
2026-09-04T13:53:25.196+00:00,A_sell_B_buy,-9.8598,-15.7598,234.17,234.18,2.063,128.767,234.391,234.401,44.534,57.335,0.0000062500,0.0004000000,344.9,0.1
2026-09-04T13:53:25.196+00:00,B_sell_A_buy,9.0061,3.1061,234.17,234.18,2.063,128.767,234.391,234.401,44.534,57.335,0.0000062500,0.0004000000,344.9,0.1
2026-09-04T13:53:26.447+00:00,A_sell_B_buy,-9.8598,-15.7598,234.17,234.18,2.063,209.239,234.391,234.401,44.216,44.756,0.0000062500,0.0004000000,0.1,428.2
2026-09-04T13:53:26.447+00:00,B_sell_A_buy,9.0061,3.1061,234.17,234.18,2.063,209.239,234.391,234.401,44.216,44.756,0.0000062500,0.0004000000,0.1,428.2
2026-09-04T13:53:27.464+00:00,A_sell_B_buy,-9.1778,-15.0778,234.16,234.17,152.67,48.57,234.342,234.375,2.23,44.756,0.0000062500,0.0004000000,0.1,18.8
2026-09-04T13:53:27.464+00:00,B_sell_A_buy,7.3422,1.4422,234.16,234.17,152.67,48.57,234.342,234.375,2.23,44.756,0.0000062500,0.0004000000,0.1,18.8
2026-09-04T13:53:28.500+00:00,A_sell_B_buy,-9.9459,-15.8459,234.16,234.17,151.816,243.287,234.342,234.393,2.23,70.116,0.0000062500,0.0004000000,163.7,0.1
2026-09-04T13:53:28.500+00:00,B_sell_A_buy,7.3421,1.4421,234.16,234.17,151.816,243.287,234.342,234.393,2.23,70.116,0.0000062500,0.0004000000,163.7,0.1
2026-09-04T13:53:29.540+00:00,A_sell_B_buy,-10.0748,-15.9748,234.12,234.16,136.344,90.536,234.355,234.356,2.195,0.222,0.0000062500,0.0004000000,0.1,108.2
2026-09-04T13:53:29.540+00:00,B_sell_A_buy,8.3245,2.4245,234.12,234.16,136.344,90.536,234.355,234.356,2.195,0.222,0.0000062500,0.0004000000,0.1,108.2
2026-09-04T13:53:30.548+00:00,A_sell_B_buy,-9.0074,-14.9074,234.15,234.16,0.854,159.121,234.335,234.361,46.823,12.801,0.0000062500,0.0004000000,40.8,0.1
2026-09-04T13:53:30.548+00:00,B_sell_A_buy,7.4706,1.5706,234.15,234.16,0.854,159.121,234.335,234.361,46.823,12.801,0.0000062500,0.0004000000,40.8,0.1
2026-09-04T13:53:31.556+00:00,A_sell_B_buy,-9.7342,-15.6342,234.12,234.13,136.344,88.6,234.306,234.348,2.049,70.116,0.0000062500,0.0004000000,0.1,74.6
2026-09-04T13:53:31.556+00:00,B_sell_A_buy,7.5141,1.6141,234.12,234.13,136.344,88.6,234.306,234.348,2.049,70.116,0.0000062500,0.0004000000,0.1,74.6
2026-09-04T13:53:32.573+00:00,A_sell_B_buy,-14.3417,-20.2417,234.12,234.13,136.344,154.886,234.423,234.456,1.97,0.222,0.0000062500,0.0004000000,87.4,0.1
2026-09-04T13:53:32.573+00:00,B_sell_A_buy,12.5063,6.6063,234.12,234.13,136.344,154.886,234.423,234.456,1.97,0.222,0.0000062500,0.0004000000,87.4,0.1
2026-09-04T13:53:33.578+00:00,A_sell_B_buy,-15.5312,-21.4312,234.2,234.21,230.573,15.8,234.493,234.564,2.65,12.681,0.0000062500,0.0004000000,156.5,0.0
2026-09-04T13:53:33.578+00:00,B_sell_A_buy,12.0751,6.1751,234.2,234.21,230.573,15.8,234.493,234.564,2.65,12.681,0.0000062500,0.0004000000,156.5,0.0
2026-09-04T13:53:34.582+00:00,A_sell_B_buy,-11.1787,-17.0787,234.25,234.27,0.853,31.18,234.466,234.512,2.212,10.174,0.0000062500,0.0004000000,0.0,35.2
2026-09-04T13:53:34.582+00:00,B_sell_A_buy,8.3627,2.4627,234.25,234.27,0.853,31.18,234.466,234.512,2.212,10.174,0.0000062500,0.0004000000,0.0,35.2
2026-09-04T13:53:35.582+00:00,A_sell_B_buy,-11.0509,-16.9509,234.25,234.26,0.853,22.431,234.464,234.509,2.214,12.791,0.0000062500,0.0004000000,624.0,0.1
2026-09-04T13:53:35.582+00:00,B_sell_A_buy,8.7042,2.8042,234.25,234.26,0.853,22.431,234.464,234.509,2.214,12.791,0.0000062500,0.0004000000,624.0,0.1
2026-09-04T13:53:36.582+00:00,A_sell_B_buy,-11.7324,-17.6324,234.26,234.28,90.488,19.616,234.5,234.535,2.196,12.791,0.0000062500,0.0004000000,72.9,0.1
2026-09-04T13:53:36.582+00:00,B_sell_A_buy,9.3859,3.4859,234.26,234.28,90.488,19.616,234.5,234.535,2.196,12.791,0.0000062500,0.0004000000,72.9,0.1
2026-09-04T13:53:37.597+00:00,A_sell_B_buy,-9.8559,-15.7559,234.27,234.28,1.215,89.153,234.454,234.501,0.776,12.801,0.0000062500,0.0004000000,22.0,0.1
2026-09-04T13:53:37.597+00:00,B_sell_A_buy,7.4240,1.5240,234.27,234.28,1.215,89.153,234.454,234.501,0.776,12.801,0.0000062500,0.0004000000,22.0,0.1
2026-09-04T13:53:38.793+00:00,A_sell_B_buy,-10.6666,-16.5666,234.25,234.26,0.853,25.244,234.496,234.5,2.285,12.791,0.0000062500,0.0004000000,260.7,0.1
2026-09-04T13:53:38.793+00:00,B_sell_A_buy,10.0693,4.1693,234.25,234.26,0.853,25.244,234.496,234.5,2.285,12.791,0.0000062500,0.0004000000,260.7,0.1
2026-09-04T13:53:40.029+00:00,A_sell_B_buy,-10.9644,-16.8644,234.27,234.28,197.79,0.044,234.502,234.527,3.611,12.791,0.0000062500,0.0004000000,0.1,238.0
2026-09-04T13:53:40.029+00:00,B_sell_A_buy,9.4712,3.5712,234.27,234.28,197.79,0.044,234.502,234.527,3.611,12.791,0.0000062500,0.0004000000,0.1,238.0
2026-09-04T13:53:41.115+00:00,A_sell_B_buy,-10.5373,-16.4373,234.28,234.31,13.687,17.813,234.507,234.527,2.084,57.325,0.0000062500,0.0004000000,0.1,121.0
2026-09-04T13:53:41.115+00:00,B_sell_A_buy,8.4042,2.5042,234.28,234.31,13.687,17.813,234.507,234.527,2.084,57.325,0.0000062500,0.0004000000,0.1,121.0
2026-09-04T13:53:42.124+00:00,A_sell_B_buy,-11.7309,-17.6309,234.29,234.3,339.485,0.065,234.538,234.565,44.534,12.791,0.0000062500,0.0004000000,0.1,112.5
2026-09-04T13:53:42.124+00:00,B_sell_A_buy,10.1526,4.2526,234.29,234.3,339.485,0.065,234.538,234.565,44.534,12.791,0.0000062500,0.0004000000,0.1,112.5
2026-09-04T13:53:43.146+00:00,A_sell_B_buy,-11.8996,-17.7996,234.32,234.34,88.6,4.267,234.584,234.599,2.294,45.599,0.0000062500,0.0004000000,141.3,0.1
2026-09-04T13:53:43.146+00:00,B_sell_A_buy,10.4069,4.5069,234.32,234.34,88.6,4.267,234.584,234.599,2.294,45.599,0.0000062500,0.0004000000,141.3,0.1
2026-09-04T13:53:44.175+00:00,A_sell_B_buy,-10.6194,-16.5194,234.35,234.37,50.488,4.267,234.589,234.599,3.955,1.065,0.0000062500,0.0004000000,165.7,0.1
2026-09-04T13:53:44.175+00:00,B_sell_A_buy,9.3399,3.4399,234.35,234.37,50.488,4.267,234.589,234.599,3.955,1.065,0.0000062500,0.0004000000,165.7,0.1
2026-09-04T13:53:45.230+00:00,A_sell_B_buy,-10.4482,-16.3482,234.37,234.38,46.483,4.267,234.592,234.615,46.689,12.791,0.0000062500,0.0004000000,188.8,0.1
2026-09-04T13:53:45.230+00:00,B_sell_A_buy,9.0409,3.1409,234.37,234.38,46.483,4.267,234.592,234.615,46.689,12.791,0.0000062500,0.0004000000,188.8,0.1
2026-09-04T13:53:46.280+00:00,A_sell_B_buy,-10.5748,-16.4748,234.4,234.41,80.903,0.827,234.62,234.648,2.158,77.354,0.0000062500,0.0004000000,91.6,0.1
2026-09-04T13:53:46.280+00:00,B_sell_A_buy,8.9545,3.0545,234.4,234.41,80.903,0.827,234.62,234.648,2.158,77.354,0.0000062500,0.0004000000,91.6,0.1
2026-09-04T13:53:47.286+00:00,A_sell_B_buy,-10.3619,-16.2619,234.4,234.42,130.731,192.923,234.593,234.643,2.154,25.582,0.0000062500,0.0004000000,13.1,0.1
2026-09-04T13:53:47.286+00:00,B_sell_A_buy,7.3770,1.4770,234.4,234.42,130.731,192.923,234.593,234.643,2.154,25.582,0.0000062500,0.0004000000,13.1,0.1
2026-09-04T13:53:48.290+00:00,A_sell_B_buy,-10.6171,-16.5171,234.41,234.42,4.266,4.458,234.618,234.659,46.831,70.116,0.0000062500,0.0004000000,0.1,128.1
2026-09-04T13:53:48.290+00:00,B_sell_A_buy,8.4425,2.5425,234.41,234.42,4.266,4.458,234.618,234.659,46.831,70.116,0.0000062500,0.0004000000,0.1,128.1
2026-09-04T13:53:49.406+00:00,A_sell_B_buy,-10.6169,-16.5169,234.41,234.42,202.119,4.266,234.634,234.659,44.534,70.116,0.0000062500,0.0004000000,0.1,413.8
2026-09-04T13:53:49.406+00:00,B_sell_A_buy,9.1246,3.2246,234.41,234.42,202.119,4.266,234.634,234.659,44.534,70.116,0.0000062500,0.0004000000,0.1,413.8
2026-09-04T13:53:50.492+00:00,A_sell_B_buy,-9.6366,-15.5366,234.41,234.42,0.853,64.134,234.62,234.636,2.157,25.582,0.0000062500,0.0004000000,0.1,352.0
2026-09-04T13:53:50.492+00:00,B_sell_A_buy,8.5280,2.6280,234.41,234.42,0.853,64.134,234.62,234.636,2.157,25.582,0.0000062500,0.0004000000,0.1,352.0
2026-09-04T13:53:51.674+00:00,A_sell_B_buy,-9.6366,-15.5366,234.41,234.42,8.601,107.095,234.62,234.636,46.691,57.325,0.0000062500,0.0004000000,598.2,0.1
2026-09-04T13:53:51.674+00:00,B_sell_A_buy,8.5280,2.6280,234.41,234.42,8.601,107.095,234.62,234.636,46.691,57.325,0.0000062500,0.0004000000,598.2,0.1
2026-09-04T13:53:52.687+00:00,A_sell_B_buy,-10.1482,-16.0482,234.41,234.42,29.933,52.986,234.62,234.648,46.691,25.582,0.0000062500,0.0004000000,111.1,0.1
2026-09-04T13:53:52.687+00:00,B_sell_A_buy,8.5279,2.6279,234.41,234.42,29.933,52.986,234.62,234.648,46.691,25.582,0.0000062500,0.0004000000,111.1,0.1
2026-09-04T13:53:53.982+00:00,A_sell_B_buy,-10.1481,-16.0481,234.41,234.42,5.161,38.491,234.633,234.648,10.919,57.325,0.0000062500,0.0004000000,455.5,0.1
2026-09-04T13:53:53.982+00:00,B_sell_A_buy,9.0821,3.1821,234.41,234.42,5.161,38.491,234.633,234.648,10.919,57.325,0.0000062500,0.0004000000,455.5,0.1
2026-09-04T13:53:54.984+00:00,A_sell_B_buy,-9.7214,-15.6214,234.42,234.43,223.119,5.093,234.643,234.648,10.919,57.325,0.0000062500,0.0004000000,0.1,613.0
2026-09-04T13:53:54.984+00:00,B_sell_A_buy,9.0818,3.1818,234.42,234.43,223.119,5.093,234.643,234.648,10.919,57.325,0.0000062500,0.0004000000,0.1,613.0
2026-09-04T13:53:56.017+00:00,A_sell_B_buy,-9.6793,-15.5793,234.41,234.42,26.461,88.6,234.62,234.637,46.189,57.325,0.0000062500,0.0004000000,0.1,39.5
2026-09-04T13:53:56.017+00:00,B_sell_A_buy,8.5280,2.6280,234.41,234.42,26.461,88.6,234.62,234.637,46.189,57.325,0.0000062500,0.0004000000,0.1,39.5
2026-09-04T13:53:57.069+00:00,A_sell_B_buy,-8.9126,-14.8126,234.4,234.41,148.273,92.866,234.577,234.609,48.09,57.325,0.0000062500,0.0004000000,0.1,146.9
2026-09-04T13:53:57.069+00:00,B_sell_A_buy,7.1216,1.2216,234.4,234.41,148.273,92.866,234.577,234.609,48.09,57.325,0.0000062500,0.0004000000,0.1,146.9
2026-09-04T13:53:58.076+00:00,A_sell_B_buy,-9.9357,-15.8357,234.4,234.41,126.973,154.92,234.59,234.633,1.993,12.791,0.0000062500,0.0004000000,0.1,295.3
2026-09-04T13:53:58.076+00:00,B_sell_A_buy,7.6756,1.7756,234.4,234.41,126.973,154.92,234.59,234.633,1.993,12.791,0.0000062500,0.0004000000,0.1,295.3
2026-09-04T13:53:59.091+00:00,A_sell_B_buy,-10.6602,-16.5602,234.4,234.41,308.123,4.266,234.608,234.65,2.768,44.534,0.0000062500,0.0004000000,479.0,0.1
2026-09-04T13:53:59.091+00:00,B_sell_A_buy,8.4429,2.5429,234.4,234.41,308.123,4.266,234.608,234.65,2.768,44.534,0.0000062500,0.0004000000,479.0,0.1
2026-09-04T13:54:00.133+00:00,A_sell_B_buy,-11.3840,-17.2840,234.41,234.44,86.966,66.851,234.633,234.677,10.919,25.582,0.0000062500,0.0004000000,80.5,0.1
2026-09-04T13:54:00.133+00:00,B_sell_A_buy,8.2289,2.3289,234.41,234.44,86.966,66.851,234.633,234.677,10.919,25.582,0.0000062500,0.0004000000,80.5,0.1
2026-09-04T13:54:01.231+00:00,A_sell_B_buy,-10.5309,-16.4309,234.43,234.45,85.436,47.518,234.637,234.677,46.495,70.116,0.0000062500,0.0004000000,0.1,241.3
2026-09-04T13:54:01.231+00:00,B_sell_A_buy,7.9728,2.0728,234.43,234.45,85.436,47.518,234.637,234.677,46.495,70.116,0.0000062500,0.0004000000,0.1,241.3
2026-09-04T13:54:02.284+00:00,A_sell_B_buy,-10.1043,-16.0043,234.44,234.45,206.836,4.265,234.647,234.677,3.633,70.116,0.0000062500,0.0004000000,265.3,0.1
2026-09-04T13:54:02.284+00:00,B_sell_A_buy,8.3989,2.4989,234.44,234.45,206.836,4.265,234.647,234.677,3.633,70.116,0.0000062500,0.0004000000,265.3,0.1
2026-09-04T13:54:03.309+00:00,A_sell_B_buy,-9.6777,-15.5777,234.45,234.46,21.3,53.994,234.656,234.677,48.411,70.116,0.0000062500,0.0004000000,149.3,0.1
2026-09-04T13:54:03.309+00:00,B_sell_A_buy,8.3560,2.4560,234.45,234.46,21.3,53.994,234.656,234.677,48.411,70.116,0.0000062500,0.0004000000,149.3,0.1
2026-09-04T13:54:04.312+00:00,A_sell_B_buy,-12.5325,-18.4325,234.45,234.46,29.834,38.442,234.703,234.744,1.966,0.222,0.0000062500,0.0004000000,135.0,0.1
2026-09-04T13:54:04.312+00:00,B_sell_A_buy,10.3585,4.4585,234.45,234.46,29.834,38.442,234.703,234.744,1.966,0.222,0.0000062500,0.0004000000,135.0,0.1
2026-09-04T13:54:05.371+00:00,A_sell_B_buy,-10.3147,-16.2147,234.5,234.52,4.264,22.803,234.708,234.742,1.913,25.582,0.0000062500,0.0004000000,0.1,214.4
2026-09-04T13:54:05.371+00:00,B_sell_A_buy,8.0130,2.1130,234.5,234.52,4.264,22.803,234.708,234.742,1.913,25.582,0.0000062500,0.0004000000,0.1,214.4
2026-09-04T13:54:06.394+00:00,A_sell_B_buy,-9.5903,-15.4903,234.51,234.52,21.183,231.246,234.687,234.735,2.076,12.791,0.0000062500,0.0004000000,0.1,61.0
2026-09-04T13:54:06.394+00:00,B_sell_A_buy,7.1181,1.2181,234.51,234.52,21.183,231.246,234.687,234.735,2.076,12.791,0.0000062500,0.0004000000,0.1,61.0
2026-09-04T13:54:07.444+00:00,A_sell_B_buy,-10.0166,-15.9166,234.5,234.51,6.471,87.219,234.693,234.735,56.672,57.325,0.0000062500,0.0004000000,0.1,443.1
2026-09-04T13:54:07.444+00:00,B_sell_A_buy,7.8002,1.9002,234.5,234.51,6.471,87.219,234.693,234.735,56.672,57.325,0.0000062500,0.0004000000,0.1,443.1
2026-09-04T13:54:08.454+00:00,A_sell_B_buy,-9.2507,-15.1507,234.5,234.51,8.637,225.49,234.581,234.717,0.2,12.791,0.0000062500,0.0004000000,14.9,0.0
2026-09-04T13:54:08.454+00:00,B_sell_A_buy,3.0267,-2.8733,234.5,234.51,8.637,225.49,234.581,234.717,0.2,12.791,0.0000062500,0.0004000000,14.9,0.0
2026-09-04T13:54:09.456+00:00,A_sell_B_buy,-10.7028,-16.6028,234.4,234.45,125.473,132.9,234.573,234.651,21.5,53.206,0.0000062500,0.0004000000,40.8,0.1
2026-09-04T13:54:09.456+00:00,B_sell_A_buy,5.2448,-0.6552,234.4,234.45,125.473,132.9,234.573,234.651,21.5,53.206,0.0000062500,0.0004000000,40.8,0.1
2026-09-04T13:54:10.464+00:00,A_sell_B_buy,-10.7869,-16.6869,234.42,234.45,44.3,163.003,234.632,234.673,2.235,44.534,0.0000062500,0.0004000000,0.1,88.8
2026-09-04T13:54:10.464+00:00,B_sell_A_buy,7.7597,1.8597,234.42,234.45,44.3,163.003,234.632,234.673,2.235,44.534,0.0000062500,0.0004000000,0.1,88.8
2026-09-04T13:54:11.504+00:00,A_sell_B_buy,-10.5296,-16.4296,234.46,234.48,44.94,13.528,234.656,234.707,1.931,12.791,0.0000062500,0.0004000000,0.1,264.9
2026-09-04T13:54:11.504+00:00,B_sell_A_buy,7.5029,1.6029,234.46,234.48,44.94,13.528,234.656,234.707,1.931,12.791,0.0000062500,0.0004000000,0.1,264.9
2026-09-04T13:54:12.509+00:00,A_sell_B_buy,-10.0611,-15.9611,234.46,234.47,22.153,120.175,234.645,234.696,2.028,12.791,0.0000062500,0.0004000000,83.5,0.1
2026-09-04T13:54:12.509+00:00,B_sell_A_buy,7.4605,1.5605,234.46,234.47,22.153,120.175,234.645,234.696,2.028,12.791,0.0000062500,0.0004000000,83.5,0.1
2026-09-04T13:54:13.681+00:00,A_sell_B_buy,-10.3166,-16.2166,234.46,234.48,28.546,98.084,234.655,234.702,46.55,70.116,0.0000062500,0.0004000000,173.7,0.1
2026-09-04T13:54:13.681+00:00,B_sell_A_buy,7.4603,1.5603,234.46,234.48,28.546,98.084,234.655,234.702,46.55,70.116,0.0000062500,0.0004000000,173.7,0.1
2026-09-04T13:54:14.716+00:00,A_sell_B_buy,-11.5932,-17.4932,234.49,234.52,290.684,47.397,234.71,234.762,2.171,12.791,0.0000062500,0.0004000000,105.7,0.1
2026-09-04T13:54:14.716+00:00,B_sell_A_buy,8.0982,2.1982,234.49,234.52,290.684,47.397,234.71,234.762,2.171,12.791,0.0000062500,0.0004000000,105.7,0.1
2026-09-04T13:54:15.730+00:00,A_sell_B_buy,-11.3351,-17.2351,234.55,234.56,44.3,5.826,234.748,234.816,44.534,8.887,0.0000062500,0.0004000000,66.3,0.1
2026-09-04T13:54:15.730+00:00,B_sell_A_buy,8.0113,2.1113,234.55,234.56,44.3,5.826,234.748,234.816,44.534,8.887,0.0000062500,0.0004000000,66.3,0.1
2026-09-04T13:54:16.738+00:00,A_sell_B_buy,-10.3981,-16.2981,234.55,234.56,159.153,10.089,234.732,234.794,2.156,0.693,0.0000062500,0.0004000000,70.8,0.1
2026-09-04T13:54:16.738+00:00,B_sell_A_buy,7.3298,1.4298,234.55,234.56,159.153,10.089,234.732,234.794,2.156,0.693,0.0000062500,0.0004000000,70.8,0.1
2026-09-04T13:54:17.743+00:00,A_sell_B_buy,-8.8230,-14.7230,234.52,234.53,109.632,88.6,234.682,234.727,44.534,0.67,0.0000062500,0.0004000000,0.1,82.3
2026-09-04T13:54:17.743+00:00,B_sell_A_buy,6.4787,0.5787,234.52,234.53,109.632,88.6,234.682,234.727,44.534,0.67,0.0000062500,0.0004000000,0.1,82.3
2026-09-04T13:54:18.795+00:00,A_sell_B_buy,-9.8892,-15.7892,234.49,234.5,21.3,4.264,234.681,234.722,46.69,77.354,0.0000062500,0.0004000000,145.4,0.1
2026-09-04T13:54:18.795+00:00,B_sell_A_buy,7.7153,1.8153,234.49,234.5,21.3,4.264,234.681,234.722,46.69,77.354,0.0000062500,0.0004000000,145.4,0.1
2026-09-04T13:54:19.907+00:00,A_sell_B_buy,-9.8040,-15.7040,234.49,234.5,9.676,220.556,234.681,234.72,46.69,70.116,0.0000062500,0.0004000000,0.1,587.1
2026-09-04T13:54:19.907+00:00,B_sell_A_buy,7.7153,1.8153,234.49,234.5,9.676,220.556,234.681,234.72,46.69,70.116,0.0000062500,0.0004000000,0.1,587.1
2026-09-04T13:54:20.909+00:00,A_sell_B_buy,-9.6762,-15.5762,234.49,234.5,9.676,220.251,234.681,234.717,46.69,0.222,0.0000062500,0.0004000000,220.9,0.0
2026-09-04T13:54:20.909+00:00,B_sell_A_buy,7.7154,1.8154,234.49,234.5,9.676,220.251,234.681,234.717,46.69,0.222,0.0000062500,0.0004000000,220.9,0.0
2026-09-04T13:54:21.950+00:00,A_sell_B_buy,-9.1223,-15.0223,234.49,234.5,0.092,220.53,234.662,234.704,23.54,102.831,0.0000062500,0.0004000000,165.4,0.1
2026-09-04T13:54:21.950+00:00,B_sell_A_buy,6.9057,1.0057,234.49,234.5,0.092,220.53,234.662,234.704,23.54,102.831,0.0000062500,0.0004000000,165.4,0.1
2026-09-04T13:54:22.952+00:00,A_sell_B_buy,-8.5687,-14.4687,234.48,234.49,21.3,286.194,234.649,234.681,44.534,12.801,0.0000062500,0.0004000000,0.1,69.7
2026-09-04T13:54:22.952+00:00,B_sell_A_buy,6.7782,0.8782,234.48,234.49,21.3,286.194,234.649,234.681,44.534,12.801,0.0000062500,0.0004000000,0.1,69.7
2026-09-04T13:54:24.070+00:00,A_sell_B_buy,-8.7399,-14.6399,234.46,234.47,0.852,132.9,234.632,234.665,21.5,9.272,0.0000062500,0.0004000000,473.0,0.1
2026-09-04T13:54:24.070+00:00,B_sell_A_buy,6.9066,1.0066,234.46,234.47,0.852,132.9,234.632,234.665,21.5,9.272,0.0000062500,0.0004000000,473.0,0.1
2026-09-04T13:54:25.122+00:00,A_sell_B_buy,-12.1905,-18.0905,234.48,234.49,150.918,8.364,234.698,234.766,1.969,0.668,0.0000062500,0.0004000000,0.1,82.6
2026-09-04T13:54:25.122+00:00,B_sell_A_buy,8.8658,2.9658,234.48,234.49,150.918,8.364,234.698,234.766,1.969,0.668,0.0000062500,0.0004000000,0.1,82.6
2026-09-04T13:54:26.271+00:00,A_sell_B_buy,-11.2947,-17.1947,234.5,234.52,44.3,4.264,234.705,234.765,2.299,25.582,0.0000062500,0.0004000000,0.1,239.1
2026-09-04T13:54:26.271+00:00,B_sell_A_buy,7.8850,1.9850,234.5,234.52,44.3,4.264,234.705,234.765,2.299,25.582,0.0000062500,0.0004000000,0.1,239.1
2026-09-04T13:54:27.291+00:00,A_sell_B_buy,-9.2489,-15.1489,234.52,234.53,27.769,33.165,234.698,234.737,2.081,57.335,0.0000062500,0.0004000000,0.1,143.5
2026-09-04T13:54:27.291+00:00,B_sell_A_buy,7.1605,1.2605,234.52,234.53,27.769,33.165,234.698,234.737,2.081,57.335,0.0000062500,0.0004000000,0.1,143.5
2026-09-04T13:54:28.394+00:00,A_sell_B_buy,-7.7154,-13.6154,234.51,234.52,148.931,246.383,234.668,234.691,3.868,44.534,0.0000062500,0.0004000000,0.1,111.5
2026-09-04T13:54:28.394+00:00,B_sell_A_buy,6.3087,0.4087,234.51,234.52,148.931,246.383,234.668,234.691,3.868,44.534,0.0000062500,0.0004000000,0.1,111.5
2026-09-04T13:54:29.430+00:00,A_sell_B_buy,-9.1655,-15.0655,234.48,234.49,0.852,88.6,234.636,234.695,1.861,124.044,0.0000062500,0.0004000000,659.3,0.1
2026-09-04T13:54:29.430+00:00,B_sell_A_buy,6.2240,0.3240,234.48,234.49,0.852,88.6,234.636,234.695,1.861,124.044,0.0000062500,0.0004000000,659.3,0.1
2026-09-04T13:54:30.523+00:00,A_sell_B_buy,-8.6122,-14.5122,234.46,234.47,112.811,233.238,234.607,234.662,108.506,77.354,0.0000062500,0.0004000000,107.3,0.1
2026-09-04T13:54:30.523+00:00,B_sell_A_buy,5.8410,-0.0590,234.46,234.47,112.811,233.238,234.607,234.662,108.506,77.354,0.0000062500,0.0004000000,107.3,0.1
2026-09-04T13:54:31.612+00:00,A_sell_B_buy,-10.2332,-16.1332,234.42,234.43,112.831,4.266,234.609,234.66,46.38,70.338,0.0000062500,0.0004000000,99.9,0.1
2026-09-04T13:54:31.612+00:00,B_sell_A_buy,7.6323,1.7323,234.42,234.43,112.831,4.266,234.609,234.66,46.38,70.338,0.0000062500,0.0004000000,99.9,0.1
2026-09-04T13:54:32.626+00:00,A_sell_B_buy,-9.7643,-15.6643,234.42,234.43,121.141,201.397,234.611,234.649,3.616,25.582,0.0000062500,0.0004000000,88.6,0.1
2026-09-04T13:54:32.626+00:00,B_sell_A_buy,7.7176,1.8176,234.42,234.43,121.141,201.397,234.611,234.649,3.616,25.582,0.0000062500,0.0004000000,88.6,0.1
2026-09-04T13:54:33.627+00:00,A_sell_B_buy,-8.7844,-14.6844,234.42,234.43,3.634,465.596,234.548,234.626,12.791,153.04,0.0000062500,0.0004000000,0.1,41.8
2026-09-04T13:54:33.627+00:00,B_sell_A_buy,5.0319,-0.8681,234.42,234.43,3.634,465.596,234.548,234.626,12.791,153.04,0.0000062500,0.0004000000,0.1,41.8
2026-09-04T13:54:34.759+00:00,A_sell_B_buy,-9.1687,-15.0687,234.4,234.41,0.192,652.912,234.549,234.615,46.723,25.582,0.0000062500,0.0004000000,340.8,0.1
2026-09-04T13:54:34.759+00:00,B_sell_A_buy,5.9277,0.0277,234.4,234.41,0.192,652.912,234.549,234.615,46.723,25.582,0.0000062500,0.0004000000,340.8,0.1
2026-09-04T13:54:35.764+00:00,A_sell_B_buy,-9.8096,-15.7096,234.36,234.37,4.267,64.919,234.534,234.59,2.009,12.791,0.0000062500,0.0004000000,25.6,0.1
2026-09-04T13:54:35.764+00:00,B_sell_A_buy,6.9947,1.0947,234.36,234.37,4.267,64.919,234.534,234.59,2.009,12.791,0.0000062500,0.0004000000,25.6,0.1
2026-09-04T13:54:36.769+00:00,A_sell_B_buy,-10.4495,-16.3495,234.35,234.36,2.128,21.435,234.542,234.595,1.901,25.582,0.0000062500,0.0004000000,25.4,0.1
2026-09-04T13:54:36.769+00:00,B_sell_A_buy,7.7625,1.8625,234.35,234.36,2.128,21.435,234.542,234.595,1.901,25.582,0.0000062500,0.0004000000,25.4,0.1
2026-09-04T13:54:37.837+00:00,A_sell_B_buy,-10.0225,-15.9225,234.36,234.37,25.567,4.267,234.566,234.595,1.87,70.116,0.0000062500,0.0004000000,0.1,98.4
2026-09-04T13:54:37.837+00:00,B_sell_A_buy,8.3592,2.4592,234.36,234.37,25.567,4.267,234.566,234.595,1.87,70.116,0.0000062500,0.0004000000,0.1,98.4
2026-09-04T13:54:38.911+00:00,A_sell_B_buy,-10.9610,-16.8610,234.34,234.37,0.853,76.116,234.566,234.597,44.534,0.222,0.0000062500,0.0004000000,0.1,189.8
2026-09-04T13:54:38.911+00:00,B_sell_A_buy,8.3593,2.4593,234.34,234.37,0.853,76.116,234.566,234.597,44.534,0.222,0.0000062500,0.0004000000,0.1,189.8
2026-09-04T13:54:39.913+00:00,A_sell_B_buy,-10.4071,-16.3071,234.35,234.36,23.852,4.267,234.519,234.594,2.159,77.354,0.0000062500,0.0004000000,375.7,0.1
2026-09-04T13:54:39.913+00:00,B_sell_A_buy,6.7817,0.8817,234.35,234.36,23.852,4.267,234.519,234.594,2.159,77.354,0.0000062500,0.0004000000,375.7,0.1
2026-09-04T13:54:40.984+00:00,A_sell_B_buy,-9.6398,-15.5398,234.34,234.35,0.853,173.644,234.523,234.566,2.216,25.582,0.0000062500,0.0004000000,0.1,202.6
2026-09-04T13:54:40.984+00:00,B_sell_A_buy,7.3791,1.4791,234.34,234.35,0.853,173.644,234.523,234.566,2.216,25.582,0.0000062500,0.0004000000,0.1,202.6
2026-09-04T13:54:42.004+00:00,A_sell_B_buy,-9.2137,-15.1137,234.33,234.34,99.06,92.867,234.521,234.546,44.534,25.582,0.0000062500,0.0004000000,0.1,586.2
2026-09-04T13:54:42.004+00:00,B_sell_A_buy,7.7207,1.8207,234.33,234.34,99.06,92.867,234.521,234.546,44.534,25.582,0.0000062500,0.0004000000,0.1,586.2
2026-09-04T13:54:43.042+00:00,A_sell_B_buy,-9.2140,-15.1140,234.33,234.34,99.06,249.924,234.486,234.546,2.156,70.116,0.0000062500,0.0004000000,347.4,0.1
2026-09-04T13:54:43.042+00:00,B_sell_A_buy,6.2280,0.3280,234.33,234.34,99.06,249.924,234.486,234.546,2.156,70.116,0.0000062500,0.0004000000,347.4,0.1
2026-09-04T13:54:44.069+00:00,A_sell_B_buy,-12.6259,-18.5259,234.29,234.35,103.616,6.471,234.528,234.586,12.791,0.222,0.0000062500,0.0004000000,205.6,0.1
2026-09-04T13:54:44.069+00:00,B_sell_A_buy,7.5926,1.6926,234.29,234.35,103.616,6.471,234.528,234.586,12.791,0.222,0.0000062500,0.0004000000,205.6,0.1
2026-09-04T13:54:45.096+00:00,A_sell_B_buy,-10.4925,-16.3925,234.34,234.35,23.159,41.643,234.533,234.586,12.791,0.222,0.0000062500,0.0004000000,0.1,30.8
2026-09-04T13:54:45.096+00:00,B_sell_A_buy,7.8054,1.9054,234.34,234.35,23.159,41.643,234.533,234.586,12.791,0.222,0.0000062500,0.0004000000,0.1,30.8
2026-09-04T13:54:46.136+00:00,A_sell_B_buy,-11.3444,-17.2444,234.36,234.38,177.2,11.443,234.544,234.626,2.178,0.222,0.0000062500,0.0004000000,95.2,0.1
2026-09-04T13:54:46.136+00:00,B_sell_A_buy,6.9943,1.0943,234.36,234.38,177.2,11.443,234.544,234.626,2.178,0.222,0.0000062500,0.0004000000,95.2,0.1
2026-09-04T13:54:47.145+00:00,A_sell_B_buy,-9.5958,-15.4958,234.37,234.4,220.081,56.54,234.547,234.595,2.234,12.791,0.0000062500,0.0004000000,125.0,0.1
2026-09-04T13:54:47.145+00:00,B_sell_A_buy,6.2692,0.3692,234.37,234.4,220.081,56.54,234.547,234.595,2.234,12.791,0.0000062500,0.0004000000,125.0,0.1
2026-09-04T13:54:48.205+00:00,A_sell_B_buy,-11.1310,-17.0310,234.36,234.37,4.267,4.267,234.573,234.621,12.791,0.222,0.0000062500,0.0004000000,125.1,0.1
2026-09-04T13:54:48.205+00:00,B_sell_A_buy,8.6574,2.7574,234.36,234.37,4.267,4.267,234.573,234.621,12.791,0.222,0.0000062500,0.0004000000,125.1,0.1
2026-09-04T13:54:49.409+00:00,A_sell_B_buy,-10.4049,-16.3049,234.39,234.41,26.635,22.365,234.582,234.634,2.105,70.116,0.0000062500,0.0004000000,0.1,284.8
2026-09-04T13:54:49.409+00:00,B_sell_A_buy,7.3346,1.4346,234.39,234.41,26.635,22.365,234.582,234.634,2.105,70.116,0.0000062500,0.0004000000,0.1,284.8
2026-09-04T13:54:50.538+00:00,A_sell_B_buy,-9.9776,-15.8776,234.42,234.43,83.585,4.266,234.6,234.654,1.958,12.791,0.0000062500,0.0004000000,0.1,229.7
2026-09-04T13:54:50.538+00:00,B_sell_A_buy,7.2487,1.3487,234.42,234.43,83.585,4.266,234.6,234.654,1.958,12.791,0.0000062500,0.0004000000,0.1,229.7
2026-09-04T13:54:51.565+00:00,A_sell_B_buy,-9.8502,-15.7502,234.4,234.42,254.753,44.3,234.6,234.631,44.534,25.582,0.0000062500,0.0004000000,0.0,253.8
2026-09-04T13:54:51.565+00:00,B_sell_A_buy,7.6755,1.7755,234.4,234.42,254.753,44.3,234.6,234.631,44.534,25.582,0.0000062500,0.0004000000,0.0,253.8
2026-09-04T13:54:52.606+00:00,A_sell_B_buy,-10.7036,-16.6036,234.38,234.4,196.025,13.002,234.591,234.631,12.791,70.116,0.0000062500,0.0004000000,260.5,0.1
2026-09-04T13:54:52.606+00:00,B_sell_A_buy,8.1450,2.2450,234.38,234.4,196.025,13.002,234.591,234.631,12.791,70.116,0.0000062500,0.0004000000,260.5,0.1
2026-09-04T13:54:53.606+00:00,A_sell_B_buy,-11.2571,-17.1571,234.4,234.41,21.3,20.819,234.598,234.664,2.205,12.791,0.0000062500,0.0004000000,215.1,0.1
2026-09-04T13:54:53.606+00:00,B_sell_A_buy,8.0164,2.1164,234.4,234.41,21.3,20.819,234.598,234.664,2.205,12.791,0.0000062500,0.0004000000,215.1,0.1
2026-09-04T13:54:54.607+00:00,A_sell_B_buy,-11.2555,-17.1555,234.43,234.46,137.166,4.265,234.621,234.694,1.997,25.582,0.0000062500,0.0004000000,132.4,0.1
2026-09-04T13:54:54.607+00:00,B_sell_A_buy,6.8642,0.9642,234.43,234.46,137.166,4.265,234.621,234.694,1.997,25.582,0.0000062500,0.0004000000,132.4,0.1
2026-09-04T13:54:55.672+00:00,A_sell_B_buy,-10.0604,-15.9604,234.48,234.49,88.6,0.192,234.645,234.716,21.5,25.582,0.0000062500,0.0004000000,71.0,0.1
2026-09-04T13:54:55.672+00:00,B_sell_A_buy,6.6075,0.7075,234.48,234.49,88.6,0.192,234.645,234.716,21.5,25.582,0.0000062500,0.0004000000,71.0,0.1
2026-09-04T13:54:56.872+00:00,A_sell_B_buy,-10.0602,-15.9602,234.48,234.49,72.248,15.513,234.662,234.716,2.08,70.116,0.0000062500,0.0004000000,0.1,427.1
2026-09-04T13:54:56.872+00:00,B_sell_A_buy,7.3320,1.4320,234.48,234.49,72.248,15.513,234.662,234.716,2.08,70.116,0.0000062500,0.0004000000,0.1,427.1
2026-09-04T13:54:57.886+00:00,A_sell_B_buy,-9.6336,-15.5336,234.49,234.51,21.3,22.354,234.667,234.716,2.219,70.116,0.0000062500,0.0004000000,85.8,0.1
2026-09-04T13:54:57.886+00:00,B_sell_A_buy,6.6924,0.7924,234.49,234.51,21.3,22.354,234.667,234.716,2.219,70.116,0.0000062500,0.0004000000,85.8,0.1
2026-09-04T13:54:58.902+00:00,A_sell_B_buy,-8.7391,-14.6391,234.48,234.49,0.852,276.381,234.66,234.685,2.107,0.222,0.0000062500,0.0004000000,40.8,0.1
2026-09-04T13:54:58.902+00:00,B_sell_A_buy,7.2470,1.3470,234.48,234.49,0.852,276.381,234.66,234.685,2.107,0.222,0.0000062500,0.0004000000,40.8,0.1
2026-09-04T13:54:59.994+00:00,A_sell_B_buy,-10.3159,-16.2159,234.47,234.49,64.919,10.091,234.689,234.712,10.08,70.116,0.0000062500,0.0004000000,0.1,395.2
2026-09-04T13:54:59.994+00:00,B_sell_A_buy,8.4829,2.5829,234.47,234.49,64.919,10.091,234.689,234.712,10.08,70.116,0.0000062500,0.0004000000,0.1,395.2
2026-09-04T13:55:01.023+00:00,A_sell_B_buy,-9.8900,-15.7900,234.48,234.49,206.671,5.826,234.64,234.712,2.276,70.116,0.0000062500,0.0004000000,140.6,0.1
2026-09-04T13:55:01.023+00:00,B_sell_A_buy,6.3944,0.4944,234.48,234.49,206.671,5.826,234.64,234.712,2.276,70.116,0.0000062500,0.0004000000,140.6,0.1
2026-09-04T13:55:02.101+00:00,A_sell_B_buy,-9.5064,-15.4064,234.47,234.49,21.3,143.243,234.666,234.693,44.534,25.582,0.0000062500,0.0004000000,0.1,182.2
2026-09-04T13:55:02.101+00:00,B_sell_A_buy,7.5028,1.6028,234.47,234.49,21.3,143.243,234.666,234.693,44.534,25.582,0.0000062500,0.0004000000,0.1,182.2
2026-09-04T13:55:03.270+00:00,A_sell_B_buy,-10.3594,-16.2594,234.45,234.47,196.117,28.101,234.666,234.693,44.534,70.116,0.0000062500,0.0004000000,0.1,819.4
2026-09-04T13:55:03.270+00:00,B_sell_A_buy,8.3557,2.4557,234.45,234.47,196.117,28.101,234.666,234.693,44.534,70.116,0.0000062500,0.0004000000,0.1,819.4
2026-09-04T13:55:04.298+00:00,A_sell_B_buy,-10.4863,-16.3863,234.47,234.49,26.717,71.52,234.688,234.716,10.08,70.116,0.0000062500,0.0004000000,340.8,0.1
2026-09-04T13:55:04.298+00:00,B_sell_A_buy,8.4402,2.5402,234.47,234.49,26.717,71.52,234.688,234.716,10.08,70.116,0.0000062500,0.0004000000,340.8,0.1
2026-09-04T13:55:05.315+00:00,A_sell_B_buy,-10.9128,-16.8128,234.48,234.49,185.482,10.091,234.642,234.736,12.791,12.627,0.0000062500,0.0004000000,252.5,0.1
2026-09-04T13:55:05.315+00:00,B_sell_A_buy,6.4795,0.5795,234.48,234.49,185.482,10.091,234.642,234.736,12.791,12.627,0.0000062500,0.0004000000,252.5,0.1
2026-09-04T13:55:06.391+00:00,A_sell_B_buy,-10.9562,-16.8562,234.45,234.46,121.981,44.3,234.662,234.707,10.08,25.582,0.0000062500,0.0004000000,0.1,353.8
2026-09-04T13:55:06.391+00:00,B_sell_A_buy,8.6115,2.7115,234.45,234.46,121.981,44.3,234.662,234.707,10.08,25.582,0.0000062500,0.0004000000,0.1,353.8
2026-09-04T13:55:07.416+00:00,A_sell_B_buy,-10.0605,-15.9605,234.47,234.48,2.128,31.018,234.669,234.706,1.677,0.713,0.0000062500,0.0004000000,350.7,0.1
2026-09-04T13:55:07.416+00:00,B_sell_A_buy,8.0569,2.1569,234.47,234.48,2.128,31.018,234.669,234.706,1.677,0.713,0.0000062500,0.0004000000,350.7,0.1
2026-09-04T13:55:08.463+00:00,A_sell_B_buy,-8.8682,-14.7682,234.45,234.47,0.092,97.611,234.608,234.658,1.981,25.582,0.0000062500,0.0004000000,0.1,228.7
2026-09-04T13:55:08.463+00:00,B_sell_A_buy,5.8837,-0.0163,234.45,234.47,0.092,97.611,234.608,234.658,1.981,25.582,0.0000062500,0.0004000000,0.1,228.7
2026-09-04T13:55:09.469+00:00,A_sell_B_buy,-10.5743,-16.4743,234.41,234.44,218.928,44.3,234.618,234.658,1.637,70.075,0.0000062500,0.0004000000,596.6,0.1
2026-09-04T13:55:09.469+00:00,B_sell_A_buy,7.5896,1.6896,234.41,234.44,218.928,44.3,234.618,234.658,1.637,70.075,0.0000062500,0.0004000000,596.6,0.1
2026-09-04T13:55:10.503+00:00,A_sell_B_buy,-9.7211,-15.6211,234.43,234.45,44.263,22.329,234.623,234.658,3.651,70.075,0.0000062500,0.0004000000,0.1,403.8
2026-09-04T13:55:10.503+00:00,B_sell_A_buy,7.3761,1.4761,234.43,234.45,44.263,22.329,234.623,234.658,3.651,70.075,0.0000062500,0.0004000000,0.1,403.8
2026-09-04T13:55:11.729+00:00,A_sell_B_buy,-10.1477,-16.0477,234.42,234.44,21.3,4.265,234.625,234.658,1.956,70.297,0.0000062500,0.0004000000,0.1,254.1
2026-09-04T13:55:11.729+00:00,B_sell_A_buy,7.8879,1.9879,234.42,234.44,21.3,4.265,234.625,234.658,1.956,70.297,0.0000062500,0.0004000000,0.1,254.1
2026-09-04T13:55:12.769+00:00,A_sell_B_buy,-9.9764,-15.8764,234.44,234.45,4.265,4.265,234.649,234.674,1.895,70.116,0.0000062500,0.0004000000,313.4,0.1
2026-09-04T13:55:12.769+00:00,B_sell_A_buy,8.4842,2.5842,234.44,234.45,4.265,4.265,234.649,234.674,1.895,70.116,0.0000062500,0.0004000000,313.4,0.1
2026-09-04T13:55:13.890+00:00,A_sell_B_buy,-11.6802,-17.5802,234.45,234.47,205.064,21.564,234.695,234.724,1.889,25.582,0.0000062500,0.0004000000,0.1,164.0
2026-09-04T13:55:13.890+00:00,B_sell_A_buy,9.5914,3.6914,234.45,234.47,205.064,21.564,234.695,234.724,1.889,25.582,0.0000062500,0.0004000000,0.1,164.0
2026-09-04T13:55:14.915+00:00,A_sell_B_buy,-9.9743,-15.8743,234.49,234.5,27.026,0.073,234.702,234.724,2.255,70.116,0.0000062500,0.0004000000,91.2,0.1
2026-09-04T13:55:14.915+00:00,B_sell_A_buy,8.6103,2.7103,234.49,234.5,27.026,0.073,234.702,234.724,2.255,70.116,0.0000062500,0.0004000000,91.2,0.1
2026-09-04T13:55:15.934+00:00,A_sell_B_buy,-9.5477,-15.4477,234.5,234.52,91.005,19.68,234.706,234.724,2.046,57.325,0.0000062500,0.0004000000,104.0,0.0
2026-09-04T13:55:15.934+00:00,B_sell_A_buy,7.9280,2.0280,234.5,234.52,91.005,19.68,234.706,234.724,2.046,57.325,0.0000062500,0.0004000000,104.0,0.0
2026-09-04T13:55:16.955+00:00,A_sell_B_buy,-10.5699,-16.4699,234.51,234.53,238.393,17.426,234.717,234.758,54.614,0.713,0.0000062500,0.0004000000,27.2,0.1
2026-09-04T13:55:16.955+00:00,B_sell_A_buy,7.9700,2.0700,234.51,234.53,238.393,17.426,234.717,234.758,54.614,0.713,0.0000062500,0.0004000000,27.2,0.1
2026-09-04T13:55:17.971+00:00,A_sell_B_buy,-10.9144,-16.8144,234.44,234.46,344.607,137.165,234.615,234.696,110.452,0.765,0.0000062500,0.0004000000,30.8,0.1
2026-09-04T13:55:17.971+00:00,B_sell_A_buy,6.6083,0.7083,234.44,234.46,344.607,137.165,234.615,234.696,110.452,0.765,0.0000062500,0.0004000000,30.8,0.1
2026-09-04T13:55:18.985+00:00,A_sell_B_buy,-9.9775,-15.8775,234.41,234.45,0.853,268.233,234.608,234.644,1.106,25.582,0.0000062500,0.0004000000,21.4,0.1
2026-09-04T13:55:18.985+00:00,B_sell_A_buy,6.7369,0.8369,234.41,234.45,0.853,268.233,234.608,234.644,1.106,25.582,0.0000062500,0.0004000000,21.4,0.1
2026-09-04T13:55:20.008+00:00,A_sell_B_buy,-10.8726,-16.7726,234.41,234.44,64.724,18.006,234.627,234.665,13.792,70.116,0.0000062500,0.0004000000,0.1,139.6
2026-09-04T13:55:20.008+00:00,B_sell_A_buy,7.9732,2.0732,234.41,234.44,64.724,18.006,234.627,234.665,13.792,70.116,0.0000062500,0.0004000000,0.1,139.6
2026-09-04T13:55:21.013+00:00,A_sell_B_buy,-10.1905,-16.0905,234.41,234.44,217.608,49.974,234.627,234.649,1.655,77.354,0.0000062500,0.0004000000,359.4,0.1
2026-09-04T13:55:21.013+00:00,B_sell_A_buy,7.9733,2.0733,234.41,234.44,217.608,49.974,234.627,234.649,1.655,77.354,0.0000062500,0.0004000000,359.4,0.1
2026-09-04T13:55:22.015+00:00,A_sell_B_buy,-9.0428,-14.9428,234.35,234.36,0.192,44.3,234.487,234.562,10.08,12.791,0.0000062500,0.0004000000,138.2,0.1
2026-09-04T13:55:22.015+00:00,B_sell_A_buy,5.4172,-0.4828,234.35,234.36,0.192,44.3,234.487,234.562,10.08,12.791,0.0000062500,0.0004000000,138.2,0.1
2026-09-04T13:55:23.016+00:00,A_sell_B_buy,-10.1982,-16.0982,234.25,234.26,22.275,53.359,234.417,234.489,12.791,2.934,0.0000062500,0.0004000000,49.2,0.1
2026-09-04T13:55:23.016+00:00,B_sell_A_buy,6.6993,0.7993,234.25,234.26,22.275,53.359,234.417,234.489,12.791,2.934,0.0000062500,0.0004000000,49.2,0.1
2026-09-04T13:55:24.018+00:00,A_sell_B_buy,-10.5395,-16.4395,234.24,234.25,44.845,0.775,234.448,234.487,44.098,25.582,0.0000062500,0.0004000000,4.4,0.0
2026-09-04T13:55:24.018+00:00,B_sell_A_buy,8.4487,2.5487,234.24,234.25,44.845,0.775,234.448,234.487,44.098,25.582,0.0000062500,0.0004000000,4.4,0.0
2026-09-04T13:55:25.021+00:00,A_sell_B_buy,-10.9243,-16.8243,234.23,234.25,36.905,0.775,234.395,234.486,12.791,0.772,0.0000062500,0.0004000000,81.2,0.1
2026-09-04T13:55:25.021+00:00,B_sell_A_buy,6.1876,0.2876,234.23,234.25,36.905,0.775,234.395,234.486,12.791,0.772,0.0000062500,0.0004000000,81.2,0.1
2026-09-04T13:55:26.028+00:00,A_sell_B_buy,-9.9009,-15.8009,234.21,234.24,139.442,18.878,234.399,234.442,44.534,25.582,0.0000062500,0.0004000000,55.5,0.1
2026-09-04T13:55:26.028+00:00,B_sell_A_buy,6.7855,0.8855,234.21,234.24,139.442,18.878,234.399,234.442,44.534,25.582,0.0000062500,0.0004000000,55.5,0.1
2026-09-04T13:55:27.051+00:00,A_sell_B_buy,-9.8587,-15.7587,234.2,234.21,15.665,4.27,234.399,234.431,44.534,12.791,0.0000062500,0.0004000000,0.1,33.9
2026-09-04T13:55:27.051+00:00,B_sell_A_buy,8.0662,2.1662,234.2,234.21,15.665,4.27,234.399,234.431,44.534,12.791,0.0000062500,0.0004000000,0.1,33.9
2026-09-04T13:55:28.059+00:00,A_sell_B_buy,-10.8840,-16.7840,234.17,234.21,52.682,229.326,234.352,234.425,2.156,77.354,0.0000062500,0.0004000000,141.8,0.1
2026-09-04T13:55:28.059+00:00,B_sell_A_buy,6.0609,0.1609,234.17,234.21,52.682,229.326,234.352,234.425,2.156,77.354,0.0000062500,0.0004000000,141.8,0.1
2026-09-04T13:55:29.101+00:00,A_sell_B_buy,-11.0975,-16.9975,234.17,234.18,14.63,4.27,234.37,234.43,2.162,25.582,0.0000062500,0.0004000000,0.1,74.4
2026-09-04T13:55:29.101+00:00,B_sell_A_buy,8.1097,2.2097,234.17,234.18,14.63,4.27,234.37,234.43,2.162,25.582,0.0000062500,0.0004000000,0.1,74.4
2026-09-04T13:55:30.171+00:00,A_sell_B_buy,-10.7563,-16.6563,234.16,234.17,22.017,134.108,234.384,234.412,44.534,12.801,0.0000062500,0.0004000000,0.1,174.2
2026-09-04T13:55:30.171+00:00,B_sell_A_buy,9.1343,3.2343,234.16,234.17,22.017,134.108,234.384,234.412,44.534,12.801,0.0000062500,0.0004000000,0.1,174.2
2026-09-04T13:55:31.185+00:00,A_sell_B_buy,-10.1585,-16.0585,234.17,234.18,56.633,4.27,234.384,234.408,44.534,77.354,0.0000062500,0.0004000000,239.5,0.1
2026-09-04T13:55:31.185+00:00,B_sell_A_buy,8.7073,2.8073,234.17,234.18,56.633,4.27,234.384,234.408,44.534,77.354,0.0000062500,0.0004000000,239.5,0.1
2026-09-04T13:55:32.254+00:00,A_sell_B_buy,-9.3910,-15.2910,234.16,234.17,0.854,192.277,234.355,234.38,46.639,25.582,0.0000062500,0.0004000000,92.2,0.1
2026-09-04T13:55:32.254+00:00,B_sell_A_buy,7.8970,1.9970,234.16,234.17,0.854,192.277,234.355,234.38,46.639,25.582,0.0000062500,0.0004000000,92.2,0.1
2026-09-04T13:55:33.318+00:00,A_sell_B_buy,-11.6526,-17.5526,234.16,234.17,18.545,129.963,234.363,234.433,0.745,25.582,0.0000062500,0.0004000000,100.5,0.1
2026-09-04T13:55:33.318+00:00,B_sell_A_buy,8.2380,2.3380,234.16,234.17,18.545,129.963,234.363,234.433,0.745,25.582,0.0000062500,0.0004000000,100.5,0.1
2026-09-04T13:55:34.368+00:00,A_sell_B_buy,-10.5429,-16.4429,234.16,234.18,0.854,168.236,234.377,234.407,3.92,70.116,0.0000062500,0.0004000000,0.1,134.5
2026-09-04T13:55:34.368+00:00,B_sell_A_buy,8.4087,2.5087,234.16,234.18,0.854,168.236,234.377,234.407,3.92,70.116,0.0000062500,0.0004000000,0.1,134.5
2026-09-04T13:55:35.381+00:00,A_sell_B_buy,-17.1932,-23.0932,234.18,234.28,312.417,17.234,234.539,234.583,2.244,0.2,0.0000062500,0.0004000000,0.1,37.9
2026-09-04T13:55:35.381+00:00,B_sell_A_buy,11.0497,5.1497,234.18,234.28,312.417,17.234,234.539,234.583,2.244,0.2,0.0000062500,0.0004000000,0.1,37.9
2026-09-04T13:55:36.393+00:00,A_sell_B_buy,-11.9411,-17.8411,234.35,234.36,44.3,14.664,234.594,234.63,2.212,57.325,0.0000062500,0.0004000000,0.1,107.1
2026-09-04T13:55:36.393+00:00,B_sell_A_buy,9.9794,4.0794,234.35,234.36,44.3,14.664,234.594,234.63,2.212,57.325,0.0000062500,0.0004000000,0.1,107.1
2026-09-04T13:55:37.400+00:00,A_sell_B_buy,-10.6190,-16.5190,234.38,234.39,4.267,51.431,234.54,234.629,2.158,44.534,0.0000062500,0.0004000000,95.8,0.1
2026-09-04T13:55:37.400+00:00,B_sell_A_buy,6.3970,0.4970,234.38,234.39,4.267,51.431,234.54,234.629,2.158,44.534,0.0000062500,0.0004000000,95.8,0.1
2026-09-04T13:55:38.408+00:00,A_sell_B_buy,-10.3639,-16.2639,234.36,234.37,20.205,4.267,234.541,234.603,2.249,25.582,0.0000062500,0.0004000000,0.1,15.9
2026-09-04T13:55:38.408+00:00,B_sell_A_buy,7.2931,1.3931,234.36,234.37,20.205,4.267,234.541,234.603,2.249,25.582,0.0000062500,0.0004000000,0.1,15.9
2026-09-04T13:55:39.420+00:00,A_sell_B_buy,-6.8246,-12.7246,234.37,234.38,2.063,103.314,234.498,234.53,1.655,77.354,0.0000062500,0.0004000000,433.4,0.0
2026-09-04T13:55:39.420+00:00,B_sell_A_buy,5.0332,-0.8668,234.37,234.38,2.063,103.314,234.498,234.53,1.655,77.354,0.0000062500,0.0004000000,433.4,0.0
2026-09-04T13:55:40.458+00:00,A_sell_B_buy,-10.5802,-16.4802,234.28,234.3,14.613,132.9,234.49,234.528,44.534,70.116,0.0000062500,0.0004000000,0.1,400.1
2026-09-04T13:55:40.458+00:00,B_sell_A_buy,8.1058,2.2058,234.28,234.3,14.613,132.9,234.49,234.528,44.534,70.116,0.0000062500,0.0004000000,0.1,400.1
2026-09-04T13:55:41.567+00:00,A_sell_B_buy,-9.9391,-15.8391,234.31,234.33,44.3,6.474,234.528,234.543,1.954,2.158,0.0000062500,0.0004000000,0.1,181.0
2026-09-04T13:55:41.567+00:00,B_sell_A_buy,8.4461,2.5461,234.31,234.33,44.3,6.474,234.528,234.543,1.954,2.158,0.0000062500,0.0004000000,0.1,181.0
2026-09-04T13:55:42.577+00:00,A_sell_B_buy,-11.0038,-16.9038,234.34,234.35,141.941,6.378,234.569,234.598,1.693,70.116,0.0000062500,0.0004000000,72.5,0.1
2026-09-04T13:55:42.577+00:00,B_sell_A_buy,9.3404,3.4404,234.34,234.35,141.941,6.378,234.569,234.598,1.693,70.116,0.0000062500,0.0004000000,72.5,0.1
2026-09-04T13:55:43.581+00:00,A_sell_B_buy,-11.0039,-16.9039,234.34,234.35,243.748,6.378,234.565,234.598,2.1,70.116,0.0000062500,0.0004000000,0.1,294.9
2026-09-04T13:55:43.581+00:00,B_sell_A_buy,9.1699,3.2699,234.34,234.35,243.748,6.378,234.565,234.598,2.1,70.116,0.0000062500,0.0004000000,0.1,294.9
2026-09-04T13:55:44.782+00:00,A_sell_B_buy,-10.5766,-16.4766,234.35,234.39,52.23,118.639,234.585,234.598,12.791,57.325,0.0000062500,0.0004000000,385.5,0.1
2026-09-04T13:55:44.782+00:00,B_sell_A_buy,8.3162,2.4162,234.35,234.39,52.23,118.639,234.585,234.598,12.791,57.325,0.0000062500,0.0004000000,385.5,0.1
2026-09-04T13:55:45.839+00:00,A_sell_B_buy,-9.0414,-14.9414,234.38,234.39,2.063,237.978,234.541,234.592,4.031,0.81,0.0000062500,0.0004000000,0.1,61.4
2026-09-04T13:55:45.839+00:00,B_sell_A_buy,6.4399,0.5399,234.38,234.39,2.063,237.978,234.541,234.592,4.031,0.81,0.0000062500,0.0004000000,0.1,61.4
2026-09-04T13:55:46.904+00:00,A_sell_B_buy,-10.3214,-16.2214,234.35,234.36,4.267,20.13,234.556,234.592,10.08,44.534,0.0000062500,0.0004000000,322.4,0.1
2026-09-04T13:55:46.904+00:00,B_sell_A_buy,8.3595,2.4595,234.35,234.36,4.267,20.13,234.556,234.592,10.08,44.534,0.0000062500,0.0004000000,322.4,0.1
2026-09-04T13:55:47.912+00:00,A_sell_B_buy,-13.0474,-18.9474,234.39,234.4,175.343,0.192,234.63,234.696,46.824,0.813,0.0000062500,0.0004000000,66.4,0.1
2026-09-04T13:55:47.912+00:00,B_sell_A_buy,9.8069,3.9069,234.39,234.4,175.343,0.192,234.63,234.696,46.824,0.813,0.0000062500,0.0004000000,66.4,0.1
2026-09-04T13:55:48.929+00:00,A_sell_B_buy,-10.6182,-16.5182,234.4,234.41,106.081,17.39,234.552,234.649,46.691,1.87,0.0000062500,0.0004000000,0.1,46.6
2026-09-04T13:55:48.929+00:00,B_sell_A_buy,6.0554,0.1554,234.4,234.41,106.081,17.39,234.552,234.649,46.691,1.87,0.0000062500,0.0004000000,0.1,46.6
2026-09-04T13:55:49.930+00:00,A_sell_B_buy,-8.5311,-14.4311,234.34,234.36,123.838,44.3,234.5,234.54,2.032,77.354,0.0000062500,0.0004000000,0.0,7.9
2026-09-04T13:55:49.930+00:00,B_sell_A_buy,5.9718,0.0718,234.34,234.36,123.838,44.3,234.5,234.54,2.032,77.354,0.0000062500,0.0004000000,0.0,7.9
2026-09-04T13:55:50.935+00:00,A_sell_B_buy,-8.2765,-14.1765,234.32,234.33,0.853,351.338,234.43,234.514,2.157,77.354,0.0000062500,0.0004000000,0.1,30.6
2026-09-04T13:55:50.935+00:00,B_sell_A_buy,4.2662,-1.6338,234.32,234.33,0.853,351.338,234.43,234.514,2.157,77.354,0.0000062500,0.0004000000,0.1,30.6
2026-09-04T13:55:51.945+00:00,A_sell_B_buy,-11.3499,-17.2499,234.24,234.26,44.3,4.269,234.449,234.506,2.138,25.582,0.0000062500,0.0004000000,0.1,91.4
2026-09-04T13:55:51.945+00:00,B_sell_A_buy,8.0644,2.1644,234.24,234.26,44.3,4.269,234.449,234.506,2.138,25.582,0.0000062500,0.0004000000,0.1,91.4
2026-09-04T13:55:52.949+00:00,A_sell_B_buy,-11.0936,-16.9936,234.25,234.26,27.735,14.416,234.458,234.51,12.791,2.157,0.0000062500,0.0004000000,42.8,0.1
2026-09-04T13:55:52.949+00:00,B_sell_A_buy,8.4482,2.5482,234.25,234.26,27.735,14.416,234.458,234.51,12.791,2.157,0.0000062500,0.0004000000,42.8,0.1
2026-09-04T13:55:53.965+00:00,A_sell_B_buy,-11.0079,-16.9079,234.25,234.27,15.172,138.237,234.483,234.508,1.864,25.582,0.0000062500,0.0004000000,51.5,0.1
2026-09-04T13:55:53.965+00:00,B_sell_A_buy,9.0879,3.1879,234.25,234.27,15.172,138.237,234.483,234.508,1.864,25.582,0.0000062500,0.0004000000,51.5,0.1
2026-09-04T13:55:55.005+00:00,A_sell_B_buy,-12.3709,-18.2709,234.28,234.3,88.6,17.513,234.535,234.57,23.714,57.325,0.0000062500,0.0004000000,0.1,64.4
2026-09-04T13:55:55.005+00:00,B_sell_A_buy,10.0247,4.1247,234.28,234.3,88.6,17.513,234.535,234.57,23.714,57.325,0.0000062500,0.0004000000,0.1,64.4
2026-09-04T13:55:56.107+00:00,A_sell_B_buy,-10.2371,-16.1371,234.33,234.35,4.267,26.346,234.514,234.57,2.095,70.116,0.0000062500,0.0004000000,138.2,0.1
2026-09-04T13:55:56.107+00:00,B_sell_A_buy,6.9954,1.0954,234.33,234.35,4.267,26.346,234.514,234.57,2.095,70.116,0.0000062500,0.0004000000,138.2,0.1
2026-09-04T13:55:57.114+00:00,A_sell_B_buy,-10.3223,-16.2223,234.33,234.34,21.3,25.371,234.534,234.572,21.5,46.691,0.0000062500,0.0004000000,0.1,120.7
2026-09-04T13:55:57.114+00:00,B_sell_A_buy,8.2749,2.3749,234.33,234.34,21.3,25.371,234.534,234.572,21.5,46.691,0.0000062500,0.0004000000,0.1,120.7
2026-09-04T13:55:58.126+00:00,A_sell_B_buy,-12.4104,-18.3104,234.35,234.37,44.3,39.433,234.562,234.641,2.621,0.2,0.0000062500,0.0004000000,245.3,0.1
2026-09-04T13:55:58.126+00:00,B_sell_A_buy,8.1883,2.2883,234.35,234.37,44.3,39.433,234.562,234.641,2.621,0.2,0.0000062500,0.0004000000,245.3,0.1
2026-09-04T13:55:59.156+00:00,A_sell_B_buy,-10.5749,-16.4749,234.4,234.41,4.266,17.39,234.616,234.648,12.791,57.325,0.0000062500,0.0004000000,96.5,0.1
2026-09-04T13:55:59.156+00:00,B_sell_A_buy,8.7840,2.8840,234.4,234.41,4.266,17.39,234.616,234.648,12.791,57.325,0.0000062500,0.0004000000,96.5,0.1
2026-09-04T13:56:00.168+00:00,A_sell_B_buy,-11.8962,-17.7962,234.4,234.41,325.665,0.637,234.622,234.679,1.941,12.791,0.0000062500,0.0004000000,114.0,0.1
2026-09-04T13:56:00.168+00:00,B_sell_A_buy,9.0394,3.1394,234.4,234.41,325.665,0.637,234.622,234.679,1.941,12.791,0.0000062500,0.0004000000,114.0,0.1
2026-09-04T13:56:01.292+00:00,A_sell_B_buy,-11.4694,-17.3694,234.41,234.42,283.899,19.179,234.641,234.679,2.249,70.116,0.0000062500,0.0004000000,0.1,466.6
2026-09-04T13:56:01.292+00:00,B_sell_A_buy,9.4228,3.5228,234.41,234.42,283.899,19.179,234.641,234.679,2.249,70.116,0.0000062500,0.0004000000,0.1,466.6
2026-09-04T13:56:02.373+00:00,A_sell_B_buy,-11.0427,-16.9427,234.42,234.43,55.735,0.105,234.648,234.679,2.03,70.116,0.0000062500,0.0004000000,0.1,269.3
2026-09-04T13:56:02.373+00:00,B_sell_A_buy,9.2946,3.3946,234.42,234.43,55.735,0.105,234.648,234.679,2.03,70.116,0.0000062500,0.0004000000,0.1,269.3
2026-09-04T13:56:03.378+00:00,A_sell_B_buy,-11.0428,-16.9428,234.41,234.43,92.691,47.417,234.655,234.669,2.112,12.791,0.0000062500,0.0004000000,103.5,0.1
2026-09-04T13:56:03.378+00:00,B_sell_A_buy,9.5932,3.6932,234.41,234.43,92.691,47.417,234.655,234.669,2.112,12.791,0.0000062500,0.0004000000,103.5,0.1
2026-09-04T13:56:04.380+00:00,A_sell_B_buy,-11.7655,-17.6655,234.46,234.48,44.3,0.11,234.664,234.736,44.534,2.98,0.0000062500,0.0004000000,25.7,0.0
2026-09-04T13:56:04.380+00:00,B_sell_A_buy,7.8436,1.9436,234.46,234.48,44.3,0.11,234.664,234.736,44.534,2.98,0.0000062500,0.0004000000,25.7,0.0
2026-09-04T13:56:05.386+00:00,A_sell_B_buy,-10.8269,-16.7269,234.48,234.5,108.216,18.336,234.691,234.734,2.216,25.582,0.0000062500,0.0004000000,0.1,137.6
2026-09-04T13:56:05.386+00:00,B_sell_A_buy,8.1415,2.2415,234.48,234.5,108.216,18.336,234.691,234.734,2.216,25.582,0.0000062500,0.0004000000,0.1,137.6
2026-09-04T13:56:06.395+00:00,A_sell_B_buy,-9.3351,-15.2351,234.49,234.51,161.757,20.226,234.687,234.709,44.534,12.791,0.0000062500,0.0004000000,82.8,0.1
2026-09-04T13:56:06.395+00:00,B_sell_A_buy,7.5448,1.6448,234.49,234.51,161.757,20.226,234.687,234.709,44.534,12.791,0.0000062500,0.0004000000,82.8,0.1
2026-09-04T13:56:07.480+00:00,A_sell_B_buy,-9.0381,-14.9381,234.46,234.47,121.455,277.589,234.649,234.672,2.108,12.791,0.0000062500,0.0004000000,131.1,0.1
2026-09-04T13:56:07.480+00:00,B_sell_A_buy,7.6312,1.7312,234.46,234.47,121.455,277.589,234.649,234.672,2.108,12.791,0.0000062500,0.0004000000,131.1,0.1
2026-09-04T13:56:08.480+00:00,A_sell_B_buy,-8.6123,-14.5123,234.45,234.46,21.3,23.105,234.632,234.652,44.534,77.354,0.0000062500,0.0004000000,166.3,0.1
2026-09-04T13:56:08.480+00:00,B_sell_A_buy,7.3332,1.4332,234.45,234.46,21.3,23.105,234.632,234.652,44.534,77.354,0.0000062500,0.0004000000,166.3,0.1
2026-09-04T13:56:09.946+00:00,A_sell_B_buy,-9.2943,-15.1943,234.45,234.46,21.3,164.852,234.632,234.668,44.534,2.157,0.0000062500,0.0004000000,556.4,0.1
2026-09-04T13:56:09.946+00:00,B_sell_A_buy,7.3331,1.4331,234.45,234.46,21.3,164.852,234.632,234.668,44.534,2.157,0.0000062500,0.0004000000,556.4,0.1
2026-09-04T13:56:10.970+00:00,A_sell_B_buy,-9.7610,-15.6610,234.49,234.52,44.3,46.965,234.7,234.719,44.534,57.325,0.0000062500,0.0004000000,0.1,212.1
2026-09-04T13:56:10.970+00:00,B_sell_A_buy,7.6724,1.7724,234.49,234.52,44.3,46.965,234.7,234.719,44.534,57.325,0.0000062500,0.0004000000,0.1,212.1
2026-09-04T13:56:12.055+00:00,A_sell_B_buy,-10.2303,-16.1303,234.48,234.49,4.265,4.265,234.7,234.72,43.416,70.116,0.0000062500,0.0004000000,0.1,307.8
2026-09-04T13:56:12.055+00:00,B_sell_A_buy,8.9515,3.0515,234.48,234.49,4.265,4.265,234.7,234.72,43.416,70.116,0.0000062500,0.0004000000,0.1,307.8
2026-09-04T13:56:13.056+00:00,A_sell_B_buy,-10.2715,-16.1715,234.51,234.54,88.6,72.941,234.72,234.751,2.099,12.801,0.0000062500,0.0004000000,36.5,0.1
2026-09-04T13:56:13.056+00:00,B_sell_A_buy,7.6716,1.7716,234.51,234.54,88.6,72.941,234.72,234.751,2.099,12.801,0.0000062500,0.0004000000,36.5,0.1
2026-09-04T13:56:14.057+00:00,A_sell_B_buy,-10.2713,-16.1713,234.52,234.56,75.125,42.263,234.701,234.761,46.74,12.801,0.0000062500,0.0004000000,53.6,0.1
2026-09-04T13:56:14.057+00:00,B_sell_A_buy,6.0093,0.1093,234.52,234.56,75.125,42.263,234.701,234.761,46.74,12.801,0.0000062500,0.0004000000,53.6,0.1
2026-09-04T13:56:15.166+00:00,A_sell_B_buy,-11.3362,-17.2362,234.52,234.55,166.061,82.419,234.728,234.786,46.594,0.823,0.0000062500,0.0004000000,119.4,0.1
2026-09-04T13:56:15.166+00:00,B_sell_A_buy,7.5859,1.6859,234.52,234.55,166.061,82.419,234.728,234.786,46.594,0.823,0.0000062500,0.0004000000,119.4,0.1
2026-09-04T13:56:16.187+00:00,A_sell_B_buy,-13.0821,-18.9821,234.53,234.55,25.538,64.919,234.773,234.837,0.737,2.156,0.0000062500,0.0004000000,85.1,0.1
2026-09-04T13:56:16.187+00:00,B_sell_A_buy,9.5026,3.6026,234.53,234.55,25.538,64.919,234.773,234.837,0.737,2.156,0.0000062500,0.0004000000,85.1,0.1
2026-09-04T13:56:17.311+00:00,A_sell_B_buy,-10.4385,-16.3385,234.59,234.6,63.249,0.07,234.805,234.835,12.791,57.325,0.0000062500,0.0004000000,0.1,126.6
2026-09-04T13:56:17.311+00:00,B_sell_A_buy,8.7343,2.8343,234.59,234.6,63.249,0.07,234.805,234.835,12.791,57.325,0.0000062500,0.0004000000,0.1,126.6
2026-09-04T13:56:18.342+00:00,A_sell_B_buy,-10.5237,-16.4237,234.59,234.6,154.278,0.07,234.805,234.837,0.73,2.156,0.0000062500,0.0004000000,480.4,0.1
2026-09-04T13:56:18.342+00:00,B_sell_A_buy,8.7343,2.8343,234.59,234.6,154.278,0.07,234.805,234.837,0.73,2.156,0.0000062500,0.0004000000,480.4,0.1
2026-09-04T13:56:19.346+00:00,A_sell_B_buy,-10.4380,-16.3380,234.59,234.64,110.116,146.15,234.811,234.835,1.878,12.791,0.0000062500,0.0004000000,57.4,0.1
2026-09-04T13:56:19.346+00:00,B_sell_A_buy,7.2853,1.3853,234.59,234.64,110.116,146.15,234.811,234.835,1.878,12.791,0.0000062500,0.0004000000,57.4,0.1
2026-09-04T13:56:20.429+00:00,A_sell_B_buy,-9.1596,-15.0596,234.62,234.64,4.262,139.67,234.813,234.835,1.899,12.791,0.0000062500,0.0004000000,0.1,322.0
2026-09-04T13:56:20.429+00:00,B_sell_A_buy,7.3703,1.4703,234.62,234.64,4.262,139.67,234.813,234.835,1.899,12.791,0.0000062500,0.0004000000,0.1,322.0
2026-09-04T13:56:21.469+00:00,A_sell_B_buy,-9.1596,-15.0596,234.62,234.63,2.581,38.925,234.816,234.835,3.692,12.791,0.0000062500,0.0004000000,0.1,233.6
2026-09-04T13:56:21.469+00:00,B_sell_A_buy,7.9242,2.0242,234.62,234.63,2.581,38.925,234.816,234.835,3.692,12.791,0.0000062500,0.0004000000,0.1,233.6
2026-09-04T13:56:22.668+00:00,A_sell_B_buy,-9.2877,-15.1877,234.61,234.62,4.262,4.262,234.816,234.828,44.534,12.775,0.0000062500,0.0004000000,0.1,331.8
2026-09-04T13:56:22.668+00:00,B_sell_A_buy,8.3504,2.4504,234.61,234.62,4.262,4.262,234.816,234.828,44.534,12.775,0.0000062500,0.0004000000,0.1,331.8
2026-09-04T13:56:23.668+00:00,A_sell_B_buy,-6.5627,-12.4627,234.61,234.62,6.428,4.262,234.651,234.764,44.734,1.699,0.0000062500,0.0004000000,298.3,0.1
2026-09-04T13:56:23.668+00:00,B_sell_A_buy,1.3211,-4.5789,234.61,234.62,6.428,4.262,234.651,234.764,44.734,1.699,0.0000062500,0.0004000000,298.3,0.1
2026-09-04T13:56:24.686+00:00,A_sell_B_buy,-7.5920,-13.4920,234.39,234.4,17.285,132.9,234.473,234.568,1.927,108.506,0.0000062500,0.0004000000,177.0,0.1
2026-09-04T13:56:24.686+00:00,B_sell_A_buy,3.1136,-2.7864,234.39,234.4,17.285,132.9,234.473,234.568,1.927,108.506,0.0000062500,0.0004000000,177.0,0.1
2026-09-04T13:56:25.738+00:00,A_sell_B_buy,-11.6885,-17.5885,234.29,234.32,86.401,51.046,234.501,234.564,44.534,0.777,0.0000062500,0.0004000000,0.1,306.6
2026-09-04T13:56:25.738+00:00,B_sell_A_buy,7.7212,1.8212,234.29,234.32,86.401,51.046,234.501,234.564,44.534,0.777,0.0000062500,0.0004000000,0.1,306.6
2026-09-04T13:56:26.896+00:00,A_sell_B_buy,-11.6459,-17.5459,234.29,234.3,18.599,4.268,234.515,234.563,12.775,44.534,0.0000062500,0.0004000000,0.1,172.6
2026-09-04T13:56:26.896+00:00,B_sell_A_buy,9.1717,3.2717,234.29,234.3,18.599,4.268,234.515,234.563,12.775,44.534,0.0000062500,0.0004000000,0.1,172.6
2026-09-04T13:56:27.912+00:00,A_sell_B_buy,-9.7673,-15.6673,234.34,234.35,88.6,14.347,234.56,234.569,2.017,12.775,0.0000062500,0.0004000000,246.6,0.1
2026-09-04T13:56:27.912+00:00,B_sell_A_buy,8.9570,3.0570,234.34,234.35,88.6,14.347,234.56,234.569,2.017,12.775,0.0000062500,0.0004000000,246.6,0.1
2026-09-04T13:56:28.947+00:00,A_sell_B_buy,-8.9137,-14.8137,234.36,234.38,142.534,6.469,234.568,234.569,46.733,11.923,0.0000062500,0.0004000000,134.0,0.1
2026-09-04T13:56:28.947+00:00,B_sell_A_buy,8.0181,2.1181,234.36,234.38,142.534,6.469,234.568,234.569,46.733,11.923,0.0000062500,0.0004000000,134.0,0.1
2026-09-04T13:56:29.953+00:00,A_sell_B_buy,-10.7467,-16.6467,234.37,234.38,25.567,18.863,234.591,234.622,2.158,25.55,0.0000062500,0.0004000000,233.8,0.1
2026-09-04T13:56:29.953+00:00,B_sell_A_buy,8.9982,3.0982,234.37,234.38,25.567,18.863,234.591,234.622,2.158,25.55,0.0000062500,0.0004000000,233.8,0.1
2026-09-04T13:56:30.961+00:00,A_sell_B_buy,-9.9362,-15.8362,234.39,234.4,88.6,13.865,234.575,234.623,2.183,12.775,0.0000062500,0.0004000000,73.0,0.1
2026-09-04T13:56:30.961+00:00,B_sell_A_buy,7.4628,1.5628,234.39,234.4,88.6,13.865,234.575,234.623,2.183,12.775,0.0000062500,0.0004000000,73.0,0.1
2026-09-04T13:56:31.965+00:00,A_sell_B_buy,-9.0425,-14.9425,234.35,234.37,36.06,88.6,234.513,234.562,1.911,57.309,0.0000062500,0.0004000000,54.8,0.0
2026-09-04T13:56:31.965+00:00,B_sell_A_buy,6.0994,0.1994,234.35,234.37,36.06,88.6,234.513,234.562,1.911,57.309,0.0000062500,0.0004000000,54.8,0.0
2026-09-04T13:56:32.975+00:00,A_sell_B_buy,-9.0849,-14.9849,234.35,234.37,21.544,4.267,234.539,234.563,44.534,12.775,0.0000062500,0.0004000000,66.4,0.1
2026-09-04T13:56:32.975+00:00,B_sell_A_buy,7.2082,1.3082,234.35,234.37,21.544,4.267,234.539,234.563,44.534,12.775,0.0000062500,0.0004000000,66.4,0.1
2026-09-04T13:56:33.982+00:00,A_sell_B_buy,-10.7927,-16.6927,234.3,234.32,17.273,44.3,234.502,234.553,2.151,25.55,0.0000062500,0.0004000000,65.9,0.1
2026-09-04T13:56:33.982+00:00,B_sell_A_buy,7.7639,1.8639,234.3,234.32,17.273,44.3,234.502,234.553,2.151,25.55,0.0000062500,0.0004000000,65.9,0.1
2026-09-04T13:56:35.038+00:00,A_sell_B_buy,-9.3417,-15.2417,234.33,234.34,88.6,6.47,234.514,234.549,2.294,44.534,0.0000062500,0.0004000000,337.2,0.1
2026-09-04T13:56:35.038+00:00,B_sell_A_buy,7.4222,1.5222,234.33,234.34,88.6,6.47,234.514,234.549,2.294,44.534,0.0000062500,0.0004000000,337.2,0.1
2026-09-04T13:56:36.044+00:00,A_sell_B_buy,-9.9384,-15.8384,234.33,234.36,44.3,64.919,234.523,234.563,10.08,70.084,0.0000062500,0.0004000000,0.1,20.3
2026-09-04T13:56:36.044+00:00,B_sell_A_buy,6.9526,1.0526,234.33,234.36,44.3,64.919,234.523,234.563,10.08,70.084,0.0000062500,0.0004000000,0.1,20.3
2026-09-04T13:56:37.052+00:00,A_sell_B_buy,-9.6420,-15.5420,234.29,234.3,0.853,175.367,234.46,234.516,54.614,25.55,0.0000062500,0.0004000000,0.1,83.6
2026-09-04T13:56:37.052+00:00,B_sell_A_buy,6.8262,0.9262,234.29,234.3,0.853,175.367,234.46,234.516,54.614,25.55,0.0000062500,0.0004000000,0.1,83.6
2026-09-04T13:56:38.097+00:00,A_sell_B_buy,-9.4723,-15.3723,234.26,234.27,147.031,125.454,234.46,234.482,44.534,77.354,0.0000062500,0.0004000000,104.5,0.1
2026-09-04T13:56:38.097+00:00,B_sell_A_buy,8.1069,2.2069,234.26,234.27,147.031,125.454,234.46,234.482,44.534,77.354,0.0000062500,0.0004000000,104.5,0.1
2026-09-04T13:56:39.102+00:00,A_sell_B_buy,-9.9842,-15.8842,234.26,234.27,85.811,144.509,234.46,234.494,44.534,70.084,0.0000062500,0.0004000000,147.8,0.1
2026-09-04T13:56:39.102+00:00,B_sell_A_buy,8.1068,2.2068,234.26,234.27,85.811,144.509,234.46,234.494,44.534,70.084,0.0000062500,0.0004000000,147.8,0.1
2026-09-04T13:56:40.105+00:00,A_sell_B_buy,-11.8617,-17.7617,234.23,234.27,0.853,122.279,234.461,234.508,1.89,12.658,0.0000062500,0.0004000000,346.8,0.1
2026-09-04T13:56:40.105+00:00,B_sell_A_buy,8.1496,2.2496,234.23,234.27,0.853,122.279,234.461,234.508,1.89,12.658,0.0000062500,0.0004000000,346.8,0.1
2026-09-04T13:56:41.115+00:00,A_sell_B_buy,-10.8801,-16.7801,234.26,234.27,178.994,19.357,234.449,234.515,1.9,2.157,0.0000062500,0.0004000000,52.0,0.1
2026-09-04T13:56:41.115+00:00,B_sell_A_buy,7.6374,1.7374,234.26,234.27,178.994,19.357,234.449,234.515,1.9,2.157,0.0000062500,0.0004000000,52.0,0.1
2026-09-04T13:56:42.152+00:00,A_sell_B_buy,-10.2826,-16.1826,234.27,234.28,9.731,20.603,234.446,234.511,12.021,0.761,0.0000062500,0.0004000000,236.7,0.1
2026-09-04T13:56:42.152+00:00,B_sell_A_buy,7.0826,1.1826,234.27,234.28,9.731,20.603,234.446,234.511,12.021,0.761,0.0000062500,0.0004000000,236.7,0.1
2026-09-04T13:56:43.165+00:00,A_sell_B_buy,-10.1978,-16.0978,234.25,234.27,20.554,32.387,234.448,234.489,12.775,57.309,0.0000062500,0.0004000000,174.1,0.1
2026-09-04T13:56:43.165+00:00,B_sell_A_buy,7.5950,1.6950,234.25,234.27,20.554,32.387,234.448,234.489,12.775,57.309,0.0000062500,0.0004000000,174.1,0.1
2026-09-04T13:56:44.271+00:00,A_sell_B_buy,-10.0685,-15.9685,234.28,234.29,132.9,20.208,234.488,234.516,46.716,25.55,0.0000062500,0.0004000000,0.1,166.8
2026-09-04T13:56:44.271+00:00,B_sell_A_buy,8.4473,2.5473,234.28,234.29,132.9,20.208,234.488,234.516,46.716,25.55,0.0000062500,0.0004000000,0.1,166.8
2026-09-04T13:56:45.270+00:00,A_sell_B_buy,-10.8796,-16.7796,234.26,234.27,179.547,41.558,234.488,234.515,44.534,0.767,0.0000062500,0.0004000000,790.3,0.1
2026-09-04T13:56:45.270+00:00,B_sell_A_buy,9.3010,3.4010,234.26,234.27,179.547,41.558,234.488,234.515,44.534,0.767,0.0000062500,0.0004000000,790.3,0.1
2026-09-04T13:56:46.317+00:00,A_sell_B_buy,-10.4527,-16.3527,234.27,234.3,56.173,4.268,234.473,234.515,44.534,25.55,0.0000062500,0.0004000000,0.1,61.5
2026-09-04T13:56:46.317+00:00,B_sell_A_buy,7.3809,1.4809,234.27,234.3,56.173,4.268,234.473,234.515,44.534,25.55,0.0000062500,0.0004000000,0.1,61.5
2026-09-04T13:56:47.327+00:00,A_sell_B_buy,-9.9853,-15.8853,234.23,234.24,0.192,44.3,234.442,234.464,1.656,12.775,0.0000062500,0.0004000000,0.0,13.6
2026-09-04T13:56:47.327+00:00,B_sell_A_buy,8.6198,2.7198,234.23,234.24,0.192,44.3,234.442,234.464,1.656,12.775,0.0000062500,0.0004000000,0.0,13.6
2026-09-04T13:56:48.337+00:00,A_sell_B_buy,-9.5581,-15.4581,234.24,234.26,221.265,71.392,234.458,234.464,2.116,12.775,0.0000062500,0.0004000000,113.2,0.1
2026-09-04T13:56:48.337+00:00,B_sell_A_buy,8.4487,2.5487,234.24,234.26,221.265,71.392,234.458,234.464,2.116,12.775,0.0000062500,0.0004000000,113.2,0.1
2026-09-04T13:56:49.377+00:00,A_sell_B_buy,-9.2164,-15.1164,234.25,234.28,21.308,143.106,234.463,234.466,12.076,2.157,0.0000062500,0.0004000000,0.1,178.8
2026-09-04T13:56:49.377+00:00,B_sell_A_buy,7.8083,1.9083,234.25,234.28,21.308,143.106,234.463,234.466,12.076,2.157,0.0000062500,0.0004000000,0.1,178.8
2026-09-04T13:56:50.384+00:00,A_sell_B_buy,-8.7049,-14.6049,234.26,234.27,169.316,86.971,234.405,234.464,2.191,25.55,0.0000062500,0.0004000000,0.1,210.5
2026-09-04T13:56:50.384+00:00,B_sell_A_buy,5.7606,-0.1394,234.26,234.27,169.316,86.971,234.405,234.464,2.191,25.55,0.0000062500,0.0004000000,0.1,210.5
2026-09-04T13:56:51.450+00:00,A_sell_B_buy,-10.3709,-16.2709,234.19,234.21,15.297,88.6,234.402,234.433,44.534,109.279,0.0000062500,0.0004000000,0.1,178.8
2026-09-04T13:56:51.450+00:00,B_sell_A_buy,8.1943,2.2943,234.19,234.21,15.297,88.6,234.402,234.433,44.534,109.279,0.0000062500,0.0004000000,0.1,178.8
2026-09-04T13:56:52.465+00:00,A_sell_B_buy,-10.7554,-16.6554,234.18,234.19,18.586,4.27,234.402,234.432,44.534,44.534,0.0000062500,0.0004000000,0.1,63.5
2026-09-04T13:56:52.465+00:00,B_sell_A_buy,9.0482,3.1482,234.18,234.19,18.586,4.27,234.402,234.432,44.534,44.534,0.0000062500,0.0004000000,0.1,63.5
2026-09-04T13:56:53.467+00:00,A_sell_B_buy,-10.1581,-16.0581,234.19,234.2,18.744,6.474,234.365,234.428,1.952,77.354,0.0000062500,0.0004000000,437.8,0.1
2026-09-04T13:56:53.467+00:00,B_sell_A_buy,7.0424,1.1424,234.19,234.2,18.744,6.474,234.365,234.428,1.952,77.354,0.0000062500,0.0004000000,437.8,0.1
2026-09-04T13:56:54.474+00:00,A_sell_B_buy,-10.6288,-16.5288,234.15,234.18,225.679,35.523,234.345,234.399,2.001,2.158,0.0000062500,0.0004000000,36.2,0.1
2026-09-04T13:56:54.474+00:00,B_sell_A_buy,7.0432,1.1432,234.15,234.18,225.679,35.523,234.345,234.399,2.001,2.158,0.0000062500,0.0004000000,36.2,0.1
2026-09-04T13:56:55.767+00:00,A_sell_B_buy,-9.3057,-15.2057,234.16,234.17,14.098,41.998,234.355,234.378,2.005,12.801,0.0000062500,0.0004000000,323.6,0.1
2026-09-04T13:56:55.767+00:00,B_sell_A_buy,7.8970,1.9970,234.16,234.17,14.098,41.998,234.355,234.378,2.005,12.801,0.0000062500,0.0004000000,323.6,0.1
2026-09-04T13:56:56.820+00:00,A_sell_B_buy,-9.6891,-15.5891,234.17,234.19,88.6,30.125,234.378,234.397,46.502,12.775,0.0000062500,0.0004000000,74.0,0.1
2026-09-04T13:56:56.820+00:00,B_sell_A_buy,8.0245,2.1245,234.17,234.19,88.6,30.125,234.378,234.397,46.502,12.775,0.0000062500,0.0004000000,74.0,0.1
2026-09-04T13:56:57.831+00:00,A_sell_B_buy,-10.2017,-16.1017,234.16,234.19,64.919,31.253,234.348,234.399,2.047,46.692,0.0000062500,0.0004000000,0.1,66.2
2026-09-04T13:56:57.831+00:00,B_sell_A_buy,6.7442,0.8442,234.16,234.19,64.919,31.253,234.348,234.399,2.047,46.692,0.0000062500,0.0004000000,0.1,66.2
2026-09-04T13:56:58.837+00:00,A_sell_B_buy,-9.6471,-15.5471,234.16,234.17,4.271,96.172,234.349,234.386,2.293,12.775,0.0000062500,0.0004000000,149.1,0.1
2026-09-04T13:56:58.837+00:00,B_sell_A_buy,7.6409,1.7409,234.16,234.17,4.271,96.172,234.349,234.386,2.293,12.775,0.0000062500,0.0004000000,149.1,0.1
2026-09-04T13:56:59.946+00:00,A_sell_B_buy,-9.6893,-15.5893,234.17,234.18,41.142,6.475,234.373,234.397,1.968,12.775,0.0000062500,0.0004000000,0.1,151.6
2026-09-04T13:56:59.946+00:00,B_sell_A_buy,8.2380,2.3380,234.17,234.18,41.142,6.475,234.373,234.397,1.968,12.775,0.0000062500,0.0004000000,0.1,151.6
2026-09-04T13:57:01.028+00:00,A_sell_B_buy,-8.9203,-14.8203,234.19,234.2,2.166,6.476,234.398,234.399,59.319,2.158,0.0000062500,0.0004000000,0.1,248.7
2026-09-04T13:57:01.028+00:00,B_sell_A_buy,8.4508,2.5508,234.19,234.2,2.166,6.476,234.398,234.399,59.319,2.158,0.0000062500,0.0004000000,0.1,248.7
2026-09-04T13:57:02.064+00:00,A_sell_B_buy,-8.9203,-14.8203,234.19,234.2,22.197,4.484,234.398,234.399,44.534,2.158,0.0000062500,0.0004000000,0.1,598.9
2026-09-04T13:57:02.064+00:00,B_sell_A_buy,8.4508,2.5508,234.19,234.2,22.197,4.484,234.398,234.399,44.534,2.158,0.0000062500,0.0004000000,0.1,598.9
2026-09-04T13:57:03.210+00:00,A_sell_B_buy,-8.9203,-14.8203,234.19,234.2,34.698,4.484,234.398,234.399,44.534,1.305,0.0000062500,0.0004000000,0.1,754.5
2026-09-04T13:57:03.210+00:00,B_sell_A_buy,8.4508,2.5508,234.19,234.2,34.698,4.484,234.398,234.399,44.534,1.305,0.0000062500,0.0004000000,0.1,754.5
2026-09-04T13:57:04.260+00:00,A_sell_B_buy,-8.4936,-14.3936,234.2,234.21,4.27,4.27,234.364,234.399,12.775,0.452,0.0000062500,0.0004000000,254.3,0.1
2026-09-04T13:57:04.260+00:00,B_sell_A_buy,6.5730,0.6730,234.2,234.21,4.27,4.27,234.364,234.399,12.775,0.452,0.0000062500,0.0004000000,254.3,0.1
2026-09-04T13:57:05.291+00:00,A_sell_B_buy,-10.1166,-16.0166,234.16,234.17,4.271,4.27,234.344,234.397,2.149,153.262,0.0000062500,0.0004000000,307.4,0.1
2026-09-04T13:57:05.291+00:00,B_sell_A_buy,7.4274,1.5274,234.16,234.17,4.271,4.27,234.344,234.397,2.149,153.262,0.0000062500,0.0004000000,307.4,0.1
2026-09-04T13:57:06.331+00:00,A_sell_B_buy,-10.0311,-15.9311,234.16,234.17,4.271,6.476,234.358,234.395,1.924,70.084,0.0000062500,0.0004000000,0.1,502.3
2026-09-04T13:57:06.331+00:00,B_sell_A_buy,8.0249,2.1249,234.16,234.17,4.271,6.476,234.358,234.395,1.924,70.084,0.0000062500,0.0004000000,0.1,502.3
2026-09-04T13:57:07.407+00:00,A_sell_B_buy,-10.9704,-16.8704,234.14,234.17,194.18,26.682,234.358,234.397,43.803,153.262,0.0000062500,0.0004000000,0.1,264.1
2026-09-04T13:57:07.407+00:00,B_sell_A_buy,8.0251,2.1251,234.14,234.17,194.18,26.682,234.358,234.397,43.803,153.262,0.0000062500,0.0004000000,0.1,264.1
2026-09-04T13:57:08.417+00:00,A_sell_B_buy,-10.1174,-16.0174,234.15,234.16,4.271,69.19,234.303,234.387,110.536,25.55,0.0000062500,0.0004000000,158.3,0.0
2026-09-04T13:57:08.417+00:00,B_sell_A_buy,6.1046,0.2046,234.15,234.16,4.271,69.19,234.303,234.387,110.536,25.55,0.0000062500,0.0004000000,158.3,0.0
2026-09-04T13:57:09.455+00:00,A_sell_B_buy,-11.6972,-17.5972,234.11,234.14,80.821,4.271,234.344,234.384,21.5,70.084,0.0000062500,0.0004000000,0.1,76.9
2026-09-04T13:57:09.455+00:00,B_sell_A_buy,8.7088,2.8088,234.11,234.14,80.821,4.271,234.344,234.384,21.5,70.084,0.0000062500,0.0004000000,0.1,76.9
2026-09-04T13:57:10.582+00:00,A_sell_B_buy,-9.9887,-15.8887,234.15,234.16,4.912,75.667,234.363,234.384,66.034,70.084,0.0000062500,0.0004000000,0.1,162.0
2026-09-04T13:57:10.582+00:00,B_sell_A_buy,8.6654,2.7654,234.15,234.16,4.912,75.667,234.363,234.384,66.034,70.084,0.0000062500,0.0004000000,0.1,162.0
2026-09-04T13:57:11.640+00:00,A_sell_B_buy,-10.0745,-15.9745,234.14,234.16,21.3,44.132,234.342,234.376,12.775,12.775,0.0000062500,0.0004000000,215.0,0.1
2026-09-04T13:57:11.640+00:00,B_sell_A_buy,7.7693,1.8693,234.14,234.16,21.3,44.132,234.342,234.376,12.775,12.775,0.0000062500,0.0004000000,215.0,0.1
2026-09-04T13:57:12.899+00:00,A_sell_B_buy,-10.4158,-16.3158,234.14,234.16,22.564,24.994,234.356,234.384,2.3,12.775,0.0000062500,0.0004000000,0.1,264.7
2026-09-04T13:57:12.899+00:00,B_sell_A_buy,8.3668,2.4668,234.14,234.16,22.564,24.994,234.356,234.384,2.3,12.775,0.0000062500,0.0004000000,0.1,264.7
2026-09-04T13:57:13.937+00:00,A_sell_B_buy,-10.8869,-16.7869,234.11,234.14,17.483,44.3,234.293,234.365,1.996,0.761,0.0000062500,0.0004000000,0.1,41.3
2026-09-04T13:57:13.937+00:00,B_sell_A_buy,6.5321,0.6321,234.11,234.14,17.483,44.3,234.293,234.365,1.996,0.761,0.0000062500,0.0004000000,0.1,41.3
2026-09-04T13:57:14.967+00:00,A_sell_B_buy,-9.8628,-15.7628,234.11,234.13,58.809,4.271,234.274,234.341,1.941,46.693,0.0000062500,0.0004000000,0.1,64.1
2026-09-04T13:57:14.967+00:00,B_sell_A_buy,6.1482,0.2482,234.11,234.13,58.809,4.271,234.274,234.341,1.941,46.693,0.0000062500,0.0004000000,0.1,64.1
2026-09-04T13:57:15.988+00:00,A_sell_B_buy,-10.2048,-16.1048,234.09,234.1,14.278,4.272,234.291,234.329,2.298,12.801,0.0000062500,0.0004000000,130.4,0.1
2026-09-04T13:57:15.988+00:00,B_sell_A_buy,8.1553,2.2553,234.09,234.1,14.278,4.272,234.291,234.329,2.298,12.801,0.0000062500,0.0004000000,130.4,0.1
2026-09-04T13:57:17.009+00:00,A_sell_B_buy,-9.2651,-15.1651,234.11,234.12,44.3,82.407,234.297,234.327,44.534,12.775,0.0000062500,0.0004000000,118.8,0.1
2026-09-04T13:57:17.009+00:00,B_sell_A_buy,7.5572,1.6572,234.11,234.12,44.3,82.407,234.297,234.327,44.534,12.775,0.0000062500,0.0004000000,118.8,0.1
2026-09-04T13:57:18.120+00:00,A_sell_B_buy,-10.1192,-16.0192,234.09,234.12,33.363,89.623,234.298,234.327,44.534,12.775,0.0000062500,0.0004000000,219.0,0.1
2026-09-04T13:57:18.120+00:00,B_sell_A_buy,7.6001,1.7001,234.09,234.12,33.363,89.623,234.298,234.327,44.534,12.775,0.0000062500,0.0004000000,219.0,0.1
2026-09-04T13:57:19.207+00:00,A_sell_B_buy,-10.6313,-16.5313,234.09,234.12,127.604,23.439,234.31,234.339,44.534,12.775,0.0000062500,0.0004000000,0.1,135.6
2026-09-04T13:57:19.207+00:00,B_sell_A_buy,8.1122,2.2122,234.09,234.12,127.604,23.439,234.31,234.339,44.534,12.775,0.0000062500,0.0004000000,0.1,135.6
2026-09-04T13:57:20.274+00:00,A_sell_B_buy,-10.6315,-16.5315,234.09,234.12,18.322,89.738,234.286,234.339,2.213,70.084,0.0000062500,0.0004000000,391.7,0.1
2026-09-04T13:57:20.274+00:00,B_sell_A_buy,7.0877,1.1877,234.09,234.12,18.322,89.738,234.286,234.339,2.213,70.084,0.0000062500,0.0004000000,391.7,0.1
2026-09-04T13:57:21.284+00:00,A_sell_B_buy,-9.9915,-15.8915,234.09,234.11,15.544,196.643,234.272,234.324,44.534,12.775,0.0000062500,0.0004000000,19.8,0.1
2026-09-04T13:57:21.284+00:00,B_sell_A_buy,6.9172,1.0172,234.09,234.11,15.544,196.643,234.272,234.324,44.534,12.775,0.0000062500,0.0004000000,19.8,0.1
2026-09-04T13:57:22.286+00:00,A_sell_B_buy,-10.9743,-16.8743,234.06,234.08,18.926,10.75,234.279,234.317,2.162,12.775,0.0000062500,0.0004000000,0.1,53.6
2026-09-04T13:57:22.286+00:00,B_sell_A_buy,8.4976,2.5976,234.06,234.08,18.926,10.75,234.279,234.317,2.162,12.775,0.0000062500,0.0004000000,0.1,53.6
2026-09-04T13:57:23.290+00:00,A_sell_B_buy,-10.1205,-16.0205,234.07,234.08,23.459,4.272,234.253,234.307,1.847,12.775,0.0000062500,0.0004000000,86.0,0.1
2026-09-04T13:57:23.290+00:00,B_sell_A_buy,7.3876,1.4876,234.07,234.08,23.459,4.272,234.253,234.307,1.847,12.775,0.0000062500,0.0004000000,86.0,0.1
2026-09-04T13:57:24.335+00:00,A_sell_B_buy,-10.5054,-16.4054,234.04,234.07,33.466,4.272,234.261,234.286,12.775,12.775,0.0000062500,0.0004000000,254.5,0.1
2026-09-04T13:57:24.335+00:00,B_sell_A_buy,8.1567,2.2567,234.04,234.07,33.466,4.272,234.261,234.286,12.775,12.775,0.0000062500,0.0004000000,254.5,0.1
2026-09-04T13:57:25.504+00:00,A_sell_B_buy,-9.7364,-15.6364,234.06,234.07,102.524,69.191,234.275,234.288,3.751,2.159,0.0000062500,0.0004000000,171.6,0.1
2026-09-04T13:57:25.504+00:00,B_sell_A_buy,8.7542,2.8542,234.06,234.07,102.524,69.191,234.275,234.288,3.751,2.159,0.0000062500,0.0004000000,171.6,0.1
2026-09-04T13:57:26.512+00:00,A_sell_B_buy,-10.5460,-16.4460,234.1,234.11,221.5,64.919,234.287,234.347,58.507,12.801,0.0000062500,0.0004000000,58.5,0.1
2026-09-04T13:57:26.512+00:00,B_sell_A_buy,7.5573,1.6573,234.1,234.11,221.5,64.919,234.287,234.347,58.507,12.801,0.0000062500,0.0004000000,58.5,0.1
2026-09-04T13:57:27.549+00:00,A_sell_B_buy,-10.5884,-16.4884,234.1,234.12,198.367,19.993,234.302,234.348,46.787,70.084,0.0000062500,0.0004000000,0.1,68.3
2026-09-04T13:57:27.549+00:00,B_sell_A_buy,7.7706,1.8706,234.1,234.12,198.367,19.993,234.302,234.348,46.787,70.084,0.0000062500,0.0004000000,0.1,68.3
2026-09-04T13:57:28.551+00:00,A_sell_B_buy,-10.5461,-16.4461,234.09,234.12,21.3,62.857,234.291,234.337,54.306,12.802,0.0000062500,0.0004000000,60.2,0.1
2026-09-04T13:57:28.551+00:00,B_sell_A_buy,7.3012,1.4012,234.09,234.12,21.3,62.857,234.291,234.337,54.306,12.802,0.0000062500,0.0004000000,60.2,0.1
2026-09-04T13:57:29.554+00:00,A_sell_B_buy,-10.5463,-16.4463,234.09,234.1,196.025,20.059,234.292,234.337,3.581,57.336,0.0000062500,0.0004000000,189.1,0.1
2026-09-04T13:57:29.554+00:00,B_sell_A_buy,8.1980,2.2980,234.09,234.1,196.025,20.059,234.292,234.337,3.581,57.336,0.0000062500,0.0004000000,189.1,0.1
2026-09-04T13:57:30.555+00:00,A_sell_B_buy,-9.6925,-15.5925,234.09,234.1,265.225,6.479,234.303,234.317,44.534,12.802,0.0000062500,0.0004000000,265.1,0.1
2026-09-04T13:57:30.555+00:00,B_sell_A_buy,8.6677,2.7677,234.09,234.1,265.225,6.479,234.303,234.317,44.534,12.802,0.0000062500,0.0004000000,265.1,0.1
2026-09-04T13:57:31.658+00:00,A_sell_B_buy,-11.2288,-17.1288,234.09,234.1,23.466,6.479,234.331,234.353,3.677,12.775,0.0000062500,0.0004000000,107.4,0.1
2026-09-04T13:57:31.658+00:00,B_sell_A_buy,9.8626,3.9626,234.09,234.1,23.466,6.479,234.331,234.353,3.677,12.775,0.0000062500,0.0004000000,107.4,0.1
2026-09-04T13:57:32.680+00:00,A_sell_B_buy,-10.8014,-16.7014,234.1,234.13,12.184,69.19,234.331,234.353,44.534,57.309,0.0000062500,0.0004000000,0.1,668.8
2026-09-04T13:57:32.680+00:00,B_sell_A_buy,8.5814,2.6814,234.1,234.13,12.184,69.19,234.331,234.353,44.534,57.309,0.0000062500,0.0004000000,0.1,668.8
2026-09-04T13:57:33.733+00:00,A_sell_B_buy,-10.3741,-16.2741,234.11,234.14,346.928,26.159,234.344,234.353,2.263,12.775,0.0000062500,0.0004000000,0.1,147.3
2026-09-04T13:57:33.733+00:00,B_sell_A_buy,8.7091,2.8091,234.11,234.14,346.928,26.159,234.344,234.353,2.263,12.775,0.0000062500,0.0004000000,0.1,147.3
2026-09-04T13:57:35.138+00:00,A_sell_B_buy,-9.5201,-15.4201,234.13,234.14,176.807,10.942,234.338,234.353,48.246,12.775,0.0000062500,0.0004000000,490.4,0.1
2026-09-04T13:57:35.138+00:00,B_sell_A_buy,8.4529,2.5529,234.13,234.14,176.807,10.942,234.338,234.353,48.246,12.775,0.0000062500,0.0004000000,490.4,0.1
2026-09-04T13:57:36.263+00:00,A_sell_B_buy,-9.5203,-15.4203,234.13,234.14,197.362,10.942,234.323,234.353,2.199,12.775,0.0000062500,0.0004000000,0.1,125.7
2026-09-04T13:57:36.263+00:00,B_sell_A_buy,7.8126,1.9126,234.13,234.14,197.362,10.942,234.323,234.353,2.199,12.775,0.0000062500,0.0004000000,0.1,125.7
2026-09-04T13:57:37.294+00:00,A_sell_B_buy,-10.3743,-16.2743,234.11,234.14,126.26,25.07,234.332,234.353,46.572,12.775,0.0000062500,0.0004000000,0.1,114.5
2026-09-04T13:57:37.294+00:00,B_sell_A_buy,8.1969,2.2969,234.11,234.14,126.26,25.07,234.332,234.353,46.572,12.775,0.0000062500,0.0004000000,0.1,114.5
2026-09-04T13:57:38.379+00:00,A_sell_B_buy,-9.6053,-15.5053,234.13,234.14,293.355,10.942,234.354,234.355,1.969,2.159,0.0000062500,0.0004000000,0.1,401.5
2026-09-04T13:57:38.379+00:00,B_sell_A_buy,9.1357,3.2357,234.13,234.14,293.355,10.942,234.354,234.355,1.969,2.159,0.0000062500,0.0004000000,0.1,401.5
2026-09-04T13:57:39.448+00:00,A_sell_B_buy,-9.2203,-15.1203,234.16,234.17,21.3,4.27,234.354,234.376,44.534,12.802,0.0000062500,0.0004000000,246.9,0.1
2026-09-04T13:57:39.448+00:00,B_sell_A_buy,7.8544,1.9544,234.16,234.17,21.3,4.27,234.354,234.376,44.534,12.802,0.0000062500,0.0004000000,246.9,0.1
2026-09-04T13:57:40.675+00:00,A_sell_B_buy,-10.5016,-16.4016,234.13,234.14,206.168,4.271,234.354,234.376,44.534,12.802,0.0000062500,0.0004000000,372.2,0.1
2026-09-04T13:57:40.675+00:00,B_sell_A_buy,9.1355,3.2355,234.13,234.14,206.168,4.271,234.354,234.376,44.534,12.802,0.0000062500,0.0004000000,372.2,0.1
2026-09-04T13:57:41.709+00:00,A_sell_B_buy,-10.8002,-16.7002,234.13,234.15,265.639,4.271,234.357,234.383,3.834,70.084,0.0000062500,0.0004000000,0.1,375.2
2026-09-04T13:57:41.709+00:00,B_sell_A_buy,8.8365,2.9365,234.13,234.15,265.639,4.271,234.357,234.383,3.834,70.084,0.0000062500,0.0004000000,0.1,375.2
2026-09-04T13:57:42.780+00:00,A_sell_B_buy,-9.9461,-15.8461,234.15,234.16,192.449,10.749,234.357,234.383,46.173,70.084,0.0000062500,0.0004000000,222.0,0.1
2026-09-04T13:57:42.780+00:00,B_sell_A_buy,8.4094,2.5094,234.15,234.16,192.449,10.749,234.357,234.383,46.173,70.084,0.0000062500,0.0004000000,222.0,0.1
2026-09-04T13:57:43.831+00:00,A_sell_B_buy,-10.2903,-16.1903,234.08,234.11,174.725,132.9,234.291,234.321,1.639,70.084,0.0000062500,0.0004000000,0.1,75.6
2026-09-04T13:57:43.831+00:00,B_sell_A_buy,7.7284,1.8284,234.08,234.11,174.725,132.9,234.291,234.321,1.639,70.084,0.0000062500,0.0004000000,0.1,75.6
2026-09-04T13:57:44.859+00:00,A_sell_B_buy,-10.6755,-16.5755,234.07,234.08,174.725,20.086,234.256,234.32,3.632,0.764,0.0000062500,0.0004000000,0.1,111.2
2026-09-04T13:57:44.859+00:00,B_sell_A_buy,7.5155,1.6155,234.07,234.08,174.725,20.086,234.256,234.32,3.632,0.764,0.0000062500,0.0004000000,0.1,111.2
2026-09-04T13:57:45.930+00:00,A_sell_B_buy,-11.0600,-16.9600,234.06,234.07,174.725,18.258,234.258,234.319,3.961,78.188,0.0000062500,0.0004000000,433.7,0.1
2026-09-04T13:57:45.930+00:00,B_sell_A_buy,8.0281,2.1281,234.06,234.07,174.725,18.258,234.258,234.319,3.961,78.188,0.0000062500,0.0004000000,433.7,0.1
2026-09-04T13:57:46.994+00:00,A_sell_B_buy,-10.5487,-16.4487,234.04,234.06,0.052,4.272,234.225,234.287,12.775,46.693,0.0000062500,0.0004000000,0.1,91.5
2026-09-04T13:57:46.994+00:00,B_sell_A_buy,7.0467,1.1467,234.04,234.06,0.052,4.272,234.225,234.287,12.775,46.693,0.0000062500,0.0004000000,0.1,91.5
2026-09-04T13:57:48.009+00:00,A_sell_B_buy,-10.4632,-16.3632,234.04,234.05,0.052,4.273,234.245,234.285,2.061,25.55,0.0000062500,0.0004000000,284.0,0.1
2026-09-04T13:57:48.009+00:00,B_sell_A_buy,8.3278,2.4278,234.04,234.05,0.052,4.273,234.245,234.285,2.061,25.55,0.0000062500,0.0004000000,284.0,0.1
2026-09-04T13:57:49.050+00:00,A_sell_B_buy,-10.4632,-16.3632,234.04,234.05,2.134,33.478,234.241,234.285,48.138,70.084,0.0000062500,0.0004000000,0.1,181.4
2026-09-04T13:57:49.050+00:00,B_sell_A_buy,8.1570,2.2570,234.04,234.05,2.134,33.478,234.241,234.285,48.138,70.084,0.0000062500,0.0004000000,0.1,181.4
2026-09-04T13:57:50.146+00:00,A_sell_B_buy,-10.3353,-16.2353,234.04,234.05,4.325,0.129,234.226,234.282,1.866,77.354,0.0000062500,0.0004000000,123.2,0.1
2026-09-04T13:57:50.146+00:00,B_sell_A_buy,7.5166,1.6166,234.04,234.05,4.325,0.129,234.226,234.282,1.866,77.354,0.0000062500,0.0004000000,123.2,0.1
2026-09-04T13:57:51.185+00:00,A_sell_B_buy,-9.9509,-15.8509,234.04,234.05,0.052,14.629,234.238,234.273,3.708,70.084,0.0000062500,0.0004000000,48.2,0.1
2026-09-04T13:57:51.185+00:00,B_sell_A_buy,8.0290,2.1290,234.04,234.05,0.052,14.629,234.238,234.273,3.708,70.084,0.0000062500,0.0004000000,48.2,0.1
2026-09-04T13:57:52.987+00:00,A_sell_B_buy,-9.8654,-15.7654,234.04,234.06,2.18,12.924,234.24,234.271,48.17,25.55,0.0000062500,0.0004000000,0.1,1076.1
2026-09-04T13:57:52.987+00:00,B_sell_A_buy,7.6873,1.7873,234.04,234.06,2.18,12.924,234.24,234.271,48.17,25.55,0.0000062500,0.0004000000,0.1,1076.1
2026-09-04T13:57:54.031+00:00,A_sell_B_buy,-10.0357,-15.9357,234.05,234.06,76.723,4.267,234.26,234.285,1.687,12.775,0.0000062500,0.0004000000,132.4,0.1
2026-09-04T13:57:54.031+00:00,B_sell_A_buy,8.5410,2.6410,234.05,234.06,76.723,4.267,234.26,234.285,1.687,12.775,0.0000062500,0.0004000000,132.4,0.1
2026-09-04T13:57:55.214+00:00,A_sell_B_buy,-9.1812,-15.0812,234.07,234.08,2.166,4.272,234.26,234.285,46.221,12.775,0.0000062500,0.0004000000,0.1,1154.6
2026-09-04T13:57:55.214+00:00,B_sell_A_buy,7.6866,1.7866,234.07,234.08,2.166,4.272,234.26,234.285,46.221,12.775,0.0000062500,0.0004000000,0.1,1154.6
2026-09-04T13:57:56.242+00:00,A_sell_B_buy,-9.2665,-15.1665,234.07,234.08,1.384,4.272,234.273,234.287,3.882,2.159,0.0000062500,0.0004000000,0.1,304.1
2026-09-04T13:57:56.242+00:00,B_sell_A_buy,8.2416,2.3416,234.07,234.08,1.384,4.272,234.273,234.287,3.882,2.159,0.0000062500,0.0004000000,0.1,304.1
2026-09-04T13:57:57.259+00:00,A_sell_B_buy,-8.8392,-14.7392,234.08,234.09,6.354,69.191,234.279,234.287,1.657,2.159,0.0000062500,0.0004000000,52.1,0.1
2026-09-04T13:57:57.259+00:00,B_sell_A_buy,8.0706,2.1706,234.08,234.09,6.354,69.191,234.279,234.287,1.657,2.159,0.0000062500,0.0004000000,52.1,0.1
2026-09-04T13:57:58.272+00:00,A_sell_B_buy,-10.0773,-15.9773,234.08,234.1,209.386,6.647,234.267,234.316,2.604,2.16,0.0000062500,0.0004000000,83.9,0.1
2026-09-04T13:57:58.272+00:00,B_sell_A_buy,7.1309,1.2309,234.08,234.1,209.386,6.647,234.267,234.316,2.604,2.16,0.0000062500,0.0004000000,83.9,0.1
2026-09-04T13:57:59.464+00:00,A_sell_B_buy,-10.4189,-16.3189,234.07,234.1,34.774,58.538,234.273,234.314,12.775,25.55,0.0000062500,0.0004000000,243.0,0.1
2026-09-04T13:57:59.464+00:00,B_sell_A_buy,7.3872,1.4872,234.07,234.1,34.774,58.538,234.273,234.314,12.775,25.55,0.0000062500,0.0004000000,243.0,0.1
2026-09-04T13:58:00.484+00:00,A_sell_B_buy,-9.5646,-15.4646,234.09,234.1,15.724,0.707,234.285,234.314,1.949,12.775,0.0000062500,0.0004000000,42.0,0.1
2026-09-04T13:58:00.484+00:00,B_sell_A_buy,7.8993,1.9993,234.09,234.1,15.724,0.707,234.285,234.314,1.949,12.775,0.0000062500,0.0004000000,42.0,0.1
2026-09-04T13:58:01.490+00:00,A_sell_B_buy,-12.3806,-18.2806,234.1,234.11,88.6,14.105,234.346,234.39,2.039,12.775,0.0000062500,0.0004000000,96.1,0.1
2026-09-04T13:58:01.490+00:00,B_sell_A_buy,10.0753,4.1753,234.1,234.11,88.6,14.105,234.346,234.39,2.039,12.775,0.0000062500,0.0004000000,96.1,0.1
2026-09-04T13:58:02.632+00:00,A_sell_B_buy,-10.2448,-16.1448,234.15,234.17,19.304,25.323,234.347,234.39,59.217,70.084,0.0000062500,0.0004000000,0.1,210.3
2026-09-04T13:58:02.632+00:00,B_sell_A_buy,7.5556,1.6556,234.15,234.17,19.304,25.323,234.347,234.39,59.217,70.084,0.0000062500,0.0004000000,0.1,210.3
2026-09-04T13:58:03.637+00:00,A_sell_B_buy,-8.7086,-14.6086,234.16,234.17,4.271,44.94,234.312,234.364,2.006,12.802,0.0000062500,0.0004000000,317.9,0.1
2026-09-04T13:58:03.637+00:00,B_sell_A_buy,6.0619,0.1619,234.16,234.17,4.271,44.94,234.312,234.364,2.006,12.802,0.0000062500,0.0004000000,317.9,0.1
2026-09-04T13:58:04.655+00:00,A_sell_B_buy,-9.1357,-15.0357,234.15,234.16,14.098,79.841,234.314,234.364,25.55,12.802,0.0000062500,0.0004000000,76.3,0.1
2026-09-04T13:58:04.655+00:00,B_sell_A_buy,6.5743,0.6743,234.15,234.16,14.098,79.841,234.314,234.364,25.55,12.802,0.0000062500,0.0004000000,76.3,0.1
2026-09-04T13:58:05.670+00:00,A_sell_B_buy,-9.9912,-15.8912,234.1,234.11,0.854,132.9,234.283,234.334,2.103,12.802,0.0000062500,0.0004000000,137.0,0.1
2026-09-04T13:58:05.670+00:00,B_sell_A_buy,7.3866,1.4866,234.1,234.11,0.854,132.9,234.283,234.334,2.103,12.802,0.0000062500,0.0004000000,137.0,0.1
2026-09-04T13:58:06.734+00:00,A_sell_B_buy,-10.2900,-16.1900,234.09,234.11,13.949,10.75,234.297,234.331,57.309,70.084,0.0000062500,0.0004000000,0.1,112.4
2026-09-04T13:58:06.734+00:00,B_sell_A_buy,7.9844,2.0844,234.09,234.11,13.949,10.75,234.297,234.331,57.309,70.084,0.0000062500,0.0004000000,0.1,112.4
2026-09-04T13:58:07.746+00:00,A_sell_B_buy,-9.8630,-15.7630,234.1,234.11,49.224,6.479,234.296,234.331,1.886,25.55,0.0000062500,0.0004000000,0.1,309.9
2026-09-04T13:58:07.746+00:00,B_sell_A_buy,7.9416,2.0416,234.1,234.11,49.224,6.479,234.296,234.331,1.886,25.55,0.0000062500,0.0004000000,0.1,309.9
2026-09-04T13:58:08.794+00:00,A_sell_B_buy,-9.8625,-15.7625,234.1,234.14,37.729,178.92,234.315,234.331,2.037,70.084,0.0000062500,0.0004000000,0.1,200.3
2026-09-04T13:58:08.794+00:00,B_sell_A_buy,7.4716,1.5716,234.1,234.14,37.729,178.92,234.315,234.331,2.037,70.084,0.0000062500,0.0004000000,0.1,200.3
2026-09-04T13:58:09.802+00:00,A_sell_B_buy,-10.9295,-16.8295,234.11,234.13,14.489,52.794,234.309,234.366,12.775,25.55,0.0000062500,0.0004000000,88.7,0.1
2026-09-04T13:58:09.802+00:00,B_sell_A_buy,7.6421,1.7421,234.11,234.13,14.489,52.794,234.309,234.366,12.775,25.55,0.0000062500,0.0004000000,88.7,0.1
2026-09-04T13:58:10.837+00:00,A_sell_B_buy,-10.5024,-16.4024,234.12,234.13,14.41,4.271,234.314,234.366,48.06,25.55,0.0000062500,0.0004000000,332.3,0.1
2026-09-04T13:58:10.837+00:00,B_sell_A_buy,7.8554,1.9554,234.12,234.13,14.41,4.271,234.314,234.366,48.06,25.55,0.0000062500,0.0004000000,332.3,0.1
2026-09-04T13:58:11.881+00:00,A_sell_B_buy,-10.5877,-16.4877,234.12,234.13,14.71,4.271,234.316,234.368,48.192,0.222,0.0000062500,0.0004000000,148.8,0.1
2026-09-04T13:58:11.881+00:00,B_sell_A_buy,7.9408,2.0408,234.12,234.13,14.71,4.271,234.316,234.368,48.192,0.222,0.0000062500,0.0004000000,148.8,0.1
2026-09-04T13:58:12.887+00:00,A_sell_B_buy,-9.1794,-15.0794,234.11,234.13,21.3,102.615,234.316,234.325,1.963,0.771,0.0000062500,0.0004000000,15.5,0.1
2026-09-04T13:58:12.887+00:00,B_sell_A_buy,7.9412,2.0412,234.11,234.13,21.3,102.615,234.316,234.325,1.963,0.771,0.0000062500,0.0004000000,15.5,0.1
2026-09-04T13:58:13.935+00:00,A_sell_B_buy,-10.8903,-16.7903,234.04,234.06,21.3,132.9,234.221,234.295,46.429,56.456,0.0000062500,0.0004000000,0.1,90.5
2026-09-04T13:58:13.935+00:00,B_sell_A_buy,6.8758,0.9758,234.04,234.06,21.3,132.9,234.221,234.295,46.429,56.456,0.0000062500,0.0004000000,0.1,90.5
2026-09-04T13:58:14.990+00:00,A_sell_B_buy,-11.0188,-16.9188,234.03,234.04,15.757,176.524,234.222,234.288,1.92,0.222,0.0000062500,0.0004000000,144.0,0.1
2026-09-04T13:58:14.990+00:00,B_sell_A_buy,7.7730,1.8730,234.03,234.04,15.757,176.524,234.222,234.288,1.92,0.222,0.0000062500,0.0004000000,144.0,0.1
2026-09-04T13:58:16.026+00:00,A_sell_B_buy,-9.9086,-15.8086,234.03,234.04,213.267,4.273,234.224,234.262,57.309,12.775,0.0000062500,0.0004000000,410.2,0.1
2026-09-04T13:58:16.026+00:00,B_sell_A_buy,7.8586,1.9586,234.03,234.04,213.267,4.273,234.224,234.262,57.309,12.775,0.0000062500,0.0004000000,410.2,0.1
2026-09-04T13:58:17.085+00:00,A_sell_B_buy,-12.0421,-17.9421,234.04,234.11,385.338,17.546,234.242,234.322,2.134,25.55,0.0000062500,0.0004000000,69.2,0.1
2026-09-04T13:58:17.085+00:00,B_sell_A_buy,5.6367,-0.2633,234.04,234.11,385.338,17.546,234.242,234.322,2.134,25.55,0.0000062500,0.0004000000,69.2,0.1
2026-09-04T13:58:18.189+00:00,A_sell_B_buy,-10.3335,-16.2335,234.08,234.1,190.437,54.529,234.259,234.322,21.3,70.084,0.0000062500,0.0004000000,153.4,0.1
2026-09-04T13:58:18.189+00:00,B_sell_A_buy,6.7894,0.8894,234.08,234.1,190.437,54.529,234.259,234.322,21.3,70.084,0.0000062500,0.0004000000,153.4,0.1
2026-09-04T13:58:19.215+00:00,A_sell_B_buy,-10.7598,-16.6598,234.09,234.12,238.377,223.973,234.267,234.342,1.973,108.506,0.0000062500,0.0004000000,0.1,76.5
2026-09-04T13:58:19.215+00:00,B_sell_A_buy,6.2766,0.3766,234.09,234.12,238.377,223.973,234.267,234.342,1.973,108.506,0.0000062500,0.0004000000,0.1,76.5
2026-09-04T13:58:20.229+00:00,A_sell_B_buy,-10.5888,-16.4888,234.1,234.11,4.198,4.271,234.277,234.348,46.443,25.55,0.0000062500,0.0004000000,103.8,0.1
2026-09-04T13:58:20.229+00:00,B_sell_A_buy,7.1304,1.2304,234.1,234.11,4.198,4.271,234.277,234.348,46.443,25.55,0.0000062500,0.0004000000,103.8,0.1
2026-09-04T13:58:21.382+00:00,A_sell_B_buy,-10.1614,-16.0614,234.11,234.12,4.271,4.271,234.304,234.348,1.976,70.084,0.0000062500,0.0004000000,155.2,0.1
2026-09-04T13:58:21.382+00:00,B_sell_A_buy,7.8558,1.9558,234.11,234.12,4.271,4.271,234.304,234.348,1.976,70.084,0.0000062500,0.0004000000,155.2,0.1
2026-09-04T13:58:22.441+00:00,A_sell_B_buy,-12.5506,-18.4506,234.11,234.14,78.414,70.972,234.352,234.404,2.061,12.802,0.0000062500,0.0004000000,65.0,0.1
2026-09-04T13:58:22.441+00:00,B_sell_A_buy,9.0501,3.1501,234.11,234.14,78.414,70.972,234.352,234.404,2.061,12.802,0.0000062500,0.0004000000,65.0,0.1
2026-09-04T13:58:23.442+00:00,A_sell_B_buy,-10.4584,-16.3584,234.16,234.17,44.3,0.09,234.313,234.405,2.269,0.769,0.0000062500,0.0004000000,108.1,0.1
2026-09-04T13:58:23.442+00:00,B_sell_A_buy,6.1043,0.2043,234.16,234.17,44.3,0.09,234.313,234.405,2.269,0.769,0.0000062500,0.0004000000,108.1,0.1
2026-09-04T13:58:24.478+00:00,A_sell_B_buy,-10.3743,-16.2743,234.12,234.15,21.154,223.929,234.3,234.363,12.775,12.775,0.0000062500,0.0004000000,0.1,200.8
2026-09-04T13:58:24.478+00:00,B_sell_A_buy,6.4039,0.5039,234.12,234.15,21.154,223.929,234.3,234.363,12.775,12.775,0.0000062500,0.0004000000,0.1,200.8
2026-09-04T13:58:25.529+00:00,A_sell_B_buy,-11.0148,-16.9148,234.11,234.13,239.839,69.19,234.317,234.368,9.772,0.222,0.0000062500,0.0004000000,97.1,0.1
2026-09-04T13:58:25.529+00:00,B_sell_A_buy,7.9836,2.0836,234.11,234.13,239.839,69.19,234.317,234.368,9.772,0.222,0.0000062500,0.0004000000,97.1,0.1
2026-09-04T13:58:26.533+00:00,A_sell_B_buy,-13.4451,-19.3451,234.15,234.19,4.271,18.299,234.337,234.465,24.274,0.751,0.0000062500,0.0004000000,11.8,0.1
2026-09-04T13:58:26.533+00:00,B_sell_A_buy,6.2744,0.3744,234.15,234.19,4.271,18.299,234.337,234.465,24.274,0.751,0.0000062500,0.0004000000,11.8,0.1
2026-09-04T13:58:27.585+00:00,A_sell_B_buy,-10.0725,-15.9725,234.2,234.21,2.082,78.434,234.36,234.436,1.877,44.534,0.0000062500,0.0004000000,0.1,99.1
2026-09-04T13:58:27.585+00:00,B_sell_A_buy,6.4020,0.5020,234.2,234.21,2.082,78.434,234.36,234.436,1.877,44.534,0.0000062500,0.0004000000,0.1,99.1
2026-09-04T13:58:28.606+00:00,A_sell_B_buy,-11.0971,-16.9971,234.18,234.19,0.853,33.88,234.369,234.44,25.55,0.222,0.0000062500,0.0004000000,40.5,0.1
2026-09-04T13:58:28.606+00:00,B_sell_A_buy,7.6399,1.7399,234.18,234.19,0.853,33.88,234.369,234.44,25.55,0.222,0.0000062500,0.0004000000,40.5,0.1
2026-09-04T13:58:29.607+00:00,A_sell_B_buy,-10.7977,-16.6977,234.19,234.21,88.6,4.27,234.39,234.443,25.55,12.802,0.0000062500,0.0004000000,46.6,0.1
2026-09-04T13:58:29.607+00:00,B_sell_A_buy,7.6822,1.7822,234.19,234.21,88.6,4.27,234.39,234.443,25.55,12.802,0.0000062500,0.0004000000,46.6,0.1
2026-09-04T13:58:30.608+00:00,A_sell_B_buy,-11.4376,-17.3376,234.19,234.21,244.81,4.27,234.401,234.458,25.55,44.534,0.0000062500,0.0004000000,375.8,0.1
2026-09-04T13:58:30.608+00:00,B_sell_A_buy,8.1514,2.2514,234.19,234.21,244.81,4.27,234.401,234.458,25.55,44.534,0.0000062500,0.0004000000,375.8,0.1
2026-09-04T13:58:31.636+00:00,A_sell_B_buy,-10.4979,-16.3979,234.22,234.23,120.053,10.756,234.413,234.466,1.962,70.084,0.0000062500,0.0004000000,260.4,0.1
2026-09-04T13:58:31.636+00:00,B_sell_A_buy,7.8094,1.9094,234.22,234.23,120.053,10.756,234.413,234.466,1.962,70.084,0.0000062500,0.0004000000,260.4,0.1
2026-09-04T13:58:32.641+00:00,A_sell_B_buy,-9.6439,-15.5439,234.24,234.25,4.269,4.269,234.422,234.466,46.436,25.55,0.0000062500,0.0004000000,0.1,242.3
2026-09-04T13:58:32.641+00:00,B_sell_A_buy,7.3396,1.4396,234.24,234.25,4.269,4.269,234.422,234.466,46.436,25.55,0.0000062500,0.0004000000,0.1,242.3
2026-09-04T13:58:33.652+00:00,A_sell_B_buy,-11.3923,-17.2923,234.25,234.27,16.038,0.052,234.441,234.517,47.398,2.159,0.0000062500,0.0004000000,28.6,0.1
2026-09-04T13:58:33.652+00:00,B_sell_A_buy,7.2962,1.3962,234.25,234.27,16.038,0.052,234.441,234.517,47.398,2.159,0.0000062500,0.0004000000,28.6,0.1
2026-09-04T13:58:34.675+00:00,A_sell_B_buy,-10.7934,-16.6934,234.29,234.31,95.33,69.761,234.469,234.543,67.473,70.084,0.0000062500,0.0004000000,0.1,43.1
2026-09-04T13:58:34.675+00:00,B_sell_A_buy,6.7832,0.8832,234.29,234.31,95.33,69.761,234.469,234.543,67.473,70.084,0.0000062500,0.0004000000,0.1,43.1
2026-09-04T13:58:35.683+00:00,A_sell_B_buy,-11.3472,-17.2472,234.3,234.32,115.915,2.0,234.487,234.566,0.815,25.55,0.0000062500,0.0004000000,75.9,0.1
2026-09-04T13:58:35.683+00:00,B_sell_A_buy,7.1240,1.2240,234.3,234.32,115.915,2.0,234.487,234.566,0.815,25.55,0.0000062500,0.0004000000,75.9,0.1
2026-09-04T13:58:36.687+00:00,A_sell_B_buy,-10.7909,-16.6909,234.35,234.36,181.467,14.613,234.514,234.603,2.251,25.55,0.0000062500,0.0004000000,15.7,0.1
2026-09-04T13:58:36.687+00:00,B_sell_A_buy,6.5684,0.6684,234.35,234.36,181.467,14.613,234.514,234.603,2.251,25.55,0.0000062500,0.0004000000,15.7,0.1
2026-09-04T13:58:37.730+00:00,A_sell_B_buy,-10.3212,-16.2212,234.36,234.38,12.088,60.304,234.535,234.602,9.772,44.534,0.0000062500,0.0004000000,130.3,0.1
2026-09-04T13:58:37.730+00:00,B_sell_A_buy,6.6107,0.7107,234.36,234.38,12.088,60.304,234.535,234.602,9.772,44.534,0.0000062500,0.0004000000,130.3,0.1
2026-09-04T13:58:38.767+00:00,A_sell_B_buy,-9.3420,-15.2420,234.33,234.34,154.326,137.167,234.477,234.549,9.772,12.775,0.0000062500,0.0004000000,0.1,39.0
2026-09-04T13:58:38.767+00:00,B_sell_A_buy,5.8441,-0.0559,234.33,234.34,154.326,137.167,234.477,234.549,9.772,12.775,0.0000062500,0.0004000000,0.1,39.0
2026-09-04T13:58:39.818+00:00,A_sell_B_buy,-10.8377,-16.7377,234.25,234.27,308.736,88.6,234.446,234.504,54.306,70.084,0.0000062500,0.0004000000,0.1,73.0
2026-09-04T13:58:39.818+00:00,B_sell_A_buy,7.5096,1.6096,234.25,234.27,308.736,88.6,234.446,234.504,54.306,70.084,0.0000062500,0.0004000000,0.1,73.0
2026-09-04T13:58:40.882+00:00,A_sell_B_buy,-9.9836,-15.8836,234.27,234.3,15.555,129.467,234.465,234.504,9.772,70.084,0.0000062500,0.0004000000,0.1,164.5
2026-09-04T13:58:40.882+00:00,B_sell_A_buy,7.0397,1.1397,234.27,234.3,15.555,129.467,234.465,234.504,9.772,70.084,0.0000062500,0.0004000000,0.1,164.5
2026-09-04T13:58:41.970+00:00,A_sell_B_buy,-9.9837,-15.8837,234.27,234.29,45.189,21.676,234.465,234.504,54.306,70.084,0.0000062500,0.0004000000,0.1,737.7
2026-09-04T13:58:41.970+00:00,B_sell_A_buy,7.4664,1.5664,234.27,234.29,45.189,21.676,234.465,234.504,54.306,70.084,0.0000062500,0.0004000000,0.1,737.7
2026-09-04T13:58:43.363+00:00,A_sell_B_buy,-9.5569,-15.4569,234.28,234.29,2.159,55.804,234.466,234.504,48.174,70.084,0.0000062500,0.0004000000,705.7,0.1
2026-09-04T13:58:43.363+00:00,B_sell_A_buy,7.5090,1.6090,234.28,234.29,2.159,55.804,234.466,234.504,48.174,70.084,0.0000062500,0.0004000000,705.7,0.1
2026-09-04T13:58:44.414+00:00,A_sell_B_buy,-11.8190,-17.7190,234.24,234.27,54.76,113.924,234.444,234.517,12.775,0.771,0.0000062500,0.0004000000,72.4,0.1
2026-09-04T13:58:44.414+00:00,B_sell_A_buy,7.4242,1.5242,234.24,234.27,54.76,113.924,234.444,234.517,12.775,0.771,0.0000062500,0.0004000000,72.4,0.1
2026-09-04T13:58:45.439+00:00,A_sell_B_buy,-10.8798,-16.7798,234.26,234.27,2.159,17.385,234.473,234.515,3.637,25.55,0.0000062500,0.0004000000,0.1,25.9
2026-09-04T13:58:45.439+00:00,B_sell_A_buy,8.6612,2.7612,234.26,234.27,2.159,17.385,234.473,234.515,3.637,25.55,0.0000062500,0.0004000000,0.1,25.9
2026-09-04T13:58:46.481+00:00,A_sell_B_buy,-10.1964,-16.0964,234.28,234.3,4.268,83.433,234.485,234.519,9.772,70.084,0.0000062500,0.0004000000,91.9,0.1
2026-09-04T13:58:46.481+00:00,B_sell_A_buy,7.8926,1.9926,234.28,234.3,4.268,83.433,234.485,234.519,9.772,70.084,0.0000062500,0.0004000000,91.9,0.1
2026-09-04T13:58:47.491+00:00,A_sell_B_buy,-10.1964,-16.0964,234.28,234.3,213.431,4.268,234.491,234.519,2.19,70.084,0.0000062500,0.0004000000,0.1,83.6
2026-09-04T13:58:47.491+00:00,B_sell_A_buy,8.1486,2.2486,234.28,234.3,213.431,4.268,234.491,234.519,2.19,70.084,0.0000062500,0.0004000000,0.1,83.6
2026-09-04T13:58:48.492+00:00,A_sell_B_buy,-10.7911,-16.6911,234.33,234.35,177.2,16.693,234.549,234.583,1.657,12.775,0.0000062500,0.0004000000,0.1,44.4
2026-09-04T13:58:48.492+00:00,B_sell_A_buy,8.4878,2.5878,234.33,234.35,177.2,16.693,234.549,234.583,1.657,12.775,0.0000062500,0.0004000000,0.1,44.4
2026-09-04T13:58:49.494+00:00,A_sell_B_buy,-9.9377,-15.8377,234.35,234.36,33.703,4.267,234.549,234.583,46.191,70.084,0.0000062500,0.0004000000,0.1,147.6
2026-09-04T13:58:49.494+00:00,B_sell_A_buy,8.0611,2.1611,234.35,234.36,33.703,4.267,234.549,234.583,46.191,70.084,0.0000062500,0.0004000000,0.1,147.6
2026-09-04T13:58:50.519+00:00,A_sell_B_buy,-10.2361,-16.1361,234.35,234.36,32.992,4.115,234.56,234.59,12.775,12.775,0.0000062500,0.0004000000,0.1,67.0
2026-09-04T13:58:50.519+00:00,B_sell_A_buy,8.5301,2.6301,234.35,234.36,32.992,4.115,234.56,234.59,12.775,12.775,0.0000062500,0.0004000000,0.1,67.0
2026-09-04T13:58:51.536+00:00,A_sell_B_buy,-9.8092,-15.7092,234.36,234.38,20.346,12.033,234.565,234.59,44.534,70.084,0.0000062500,0.0004000000,51.8,0.1
2026-09-04T13:58:51.536+00:00,B_sell_A_buy,7.8900,1.9900,234.36,234.38,20.346,12.033,234.565,234.59,44.534,70.084,0.0000062500,0.0004000000,51.8,0.1
2026-09-04T13:58:52.811+00:00,A_sell_B_buy,-9.8093,-15.7093,234.36,234.37,21.3,4.267,234.567,234.59,46.229,70.084,0.0000062500,0.0004000000,0.1,388.5
2026-09-04T13:58:52.811+00:00,B_sell_A_buy,8.4019,2.5019,234.36,234.37,21.3,4.267,234.567,234.59,46.229,70.084,0.0000062500,0.0004000000,0.1,388.5
2026-09-04T13:58:53.855+00:00,A_sell_B_buy,-11.1305,-17.0305,234.37,234.38,67.142,7.766,234.583,234.631,57.309,57.336,0.0000062500,0.0004000000,0.1,165.3
2026-09-04T13:58:53.855+00:00,B_sell_A_buy,8.6570,2.7570,234.37,234.38,67.142,7.766,234.583,234.631,57.309,57.336,0.0000062500,0.0004000000,0.1,165.3
2026-09-04T13:58:54.859+00:00,A_sell_B_buy,-11.6413,-17.5413,234.38,234.39,33.817,4.266,234.619,234.653,2.002,12.775,0.0000062500,0.0004000000,59.7,0.1
2026-09-04T13:58:54.859+00:00,B_sell_A_buy,9.7650,3.8650,234.38,234.39,33.817,4.266,234.619,234.653,2.002,12.775,0.0000062500,0.0004000000,59.7,0.1
2026-09-04T13:58:55.865+00:00,A_sell_B_buy,-11.3430,-17.2430,234.38,234.42,14.188,94.948,234.581,234.646,70.084,25.55,0.0000062500,0.0004000000,47.1,0.1
2026-09-04T13:58:55.865+00:00,B_sell_A_buy,6.8655,0.9655,234.38,234.42,14.188,94.948,234.581,234.646,70.084,25.55,0.0000062500,0.0004000000,47.1,0.1
2026-09-04T13:58:56.882+00:00,A_sell_B_buy,-10.9162,-16.8162,234.39,234.42,4.001,71.584,234.601,234.646,1.875,12.775,0.0000062500,0.0004000000,156.1,0.1
2026-09-04T13:58:56.882+00:00,B_sell_A_buy,7.7181,1.8181,234.39,234.42,4.001,71.584,234.601,234.646,1.875,12.775,0.0000062500,0.0004000000,156.1,0.1
2026-09-04T13:58:57.886+00:00,A_sell_B_buy,-11.1719,-17.0719,234.39,234.42,0.426,0.192,234.609,234.652,25.55,12.775,0.0000062500,0.0004000000,0.0,6.1
2026-09-04T13:58:57.886+00:00,B_sell_A_buy,8.0591,2.1591,234.39,234.42,0.426,0.192,234.609,234.652,25.55,12.775,0.0000062500,0.0004000000,0.0,6.1
2026-09-04T13:58:58.898+00:00,A_sell_B_buy,-10.5760,-16.4760,234.38,234.42,0.448,118.723,234.547,234.628,46.703,12.775,0.0000062500,0.0004000000,17.2,0.1
2026-09-04T13:58:58.898+00:00,B_sell_A_buy,5.4159,-0.4841,234.38,234.42,0.448,118.723,234.547,234.628,46.703,12.775,0.0000062500,0.0004000000,17.2,0.1
2026-09-04T13:58:59.902+00:00,A_sell_B_buy,-10.7904,-16.6904,234.35,234.38,4.267,15.542,234.539,234.603,25.55,12.802,0.0000062500,0.0004000000,56.9,0.1
2026-09-04T13:58:59.902+00:00,B_sell_A_buy,6.7813,0.8813,234.35,234.38,4.267,15.542,234.539,234.603,25.55,12.802,0.0000062500,0.0004000000,56.9,0.1
2026-09-04T13:59:00.907+00:00,A_sell_B_buy,-10.3644,-16.2644,234.34,234.37,156.957,78.86,234.537,234.583,46.462,12.802,0.0000062500,0.0004000000,281.4,0.1
2026-09-04T13:59:00.907+00:00,B_sell_A_buy,7.1228,1.2228,234.34,234.37,156.957,78.86,234.537,234.583,46.462,12.802,0.0000062500,0.0004000000,281.4,0.1
2026-09-04T13:59:01.911+00:00,A_sell_B_buy,-10.4495,-16.3495,234.34,234.37,4.267,143.779,234.547,234.585,12.775,12.802,0.0000062500,0.0004000000,243.0,0.1
2026-09-04T13:59:01.911+00:00,B_sell_A_buy,7.5492,1.6492,234.34,234.37,4.267,143.779,234.547,234.585,12.775,12.802,0.0000062500,0.0004000000,243.0,0.1
2026-09-04T13:59:02.914+00:00,A_sell_B_buy,-10.8767,-16.7767,234.33,234.38,23.426,248.056,234.488,234.585,12.775,1.92,0.0000062500,0.0004000000,58.9,0.1
2026-09-04T13:59:02.914+00:00,B_sell_A_buy,4.6066,-1.2934,234.33,234.38,23.426,248.056,234.488,234.585,12.775,1.92,0.0000062500,0.0004000000,58.9,0.1
2026-09-04T13:59:03.915+00:00,A_sell_B_buy,-10.1084,-16.0084,234.34,234.36,86.277,64.919,234.561,234.577,12.775,12.802,0.0000062500,0.0004000000,34.4,0.1
2026-09-04T13:59:03.915+00:00,B_sell_A_buy,8.5729,2.6729,234.34,234.36,86.277,64.919,234.561,234.577,12.775,12.802,0.0000062500,0.0004000000,34.4,0.1
2026-09-04T13:59:04.919+00:00,A_sell_B_buy,-8.2326,-14.1326,234.35,234.37,17.458,113.486,234.474,234.543,12.775,12.802,0.0000062500,0.0004000000,187.2,0.1
2026-09-04T13:59:04.919+00:00,B_sell_A_buy,4.4362,-1.4638,234.35,234.37,17.458,113.486,234.474,234.543,12.775,12.802,0.0000062500,0.0004000000,187.2,0.1
2026-09-04T13:59:06.000+00:00,A_sell_B_buy,-10.2383,-16.1383,234.3,234.32,14.067,64.919,234.496,234.54,12.775,12.775,0.0000062500,0.0004000000,385.6,0.1
2026-09-04T13:59:06.000+00:00,B_sell_A_buy,7.5081,1.6081,234.3,234.32,14.067,64.919,234.496,234.54,12.775,12.775,0.0000062500,0.0004000000,385.6,0.1
2026-09-04T13:59:07.004+00:00,A_sell_B_buy,-9.8116,-15.7116,234.31,234.32,44.3,64.919,234.499,234.54,25.55,12.775,0.0000062500,0.0004000000,399.6,0.1
2026-09-04T13:59:07.004+00:00,B_sell_A_buy,7.6360,1.7360,234.31,234.32,44.3,64.919,234.499,234.54,25.55,12.775,0.0000062500,0.0004000000,399.6,0.1
2026-09-04T13:59:08.141+00:00,A_sell_B_buy,-9.4699,-15.3699,234.32,234.33,16.21,6.472,234.517,234.542,12.775,2.157,0.0000062500,0.0004000000,0.1,140.2
2026-09-04T13:59:08.141+00:00,B_sell_A_buy,7.9769,2.0769,234.32,234.33,16.21,6.472,234.517,234.542,12.775,2.157,0.0000062500,0.0004000000,0.1,140.2
2026-09-04T13:59:09.257+00:00,A_sell_B_buy,-9.4699,-15.3699,234.32,234.33,168.126,2.205,234.52,234.542,25.55,2.157,0.0000062500,0.0004000000,0.1,305.0
2026-09-04T13:59:09.257+00:00,B_sell_A_buy,8.1048,2.2048,234.32,234.33,168.126,2.205,234.52,234.542,25.55,2.157,0.0000062500,0.0004000000,0.1,305.0
2026-09-04T13:59:10.337+00:00,A_sell_B_buy,-9.4697,-15.3697,234.32,234.35,13.966,122.296,234.52,234.542,70.084,2.157,0.0000062500,0.0004000000,0.1,875.6
2026-09-04T13:59:10.337+00:00,B_sell_A_buy,7.2515,1.3515,234.32,234.35,13.966,122.296,234.52,234.542,70.084,2.157,0.0000062500,0.0004000000,0.1,875.6
2026-09-04T13:59:11.414+00:00,A_sell_B_buy,-9.4696,-15.3696,234.32,234.35,18.234,122.296,234.522,234.542,70.084,2.157,0.0000062500,0.0004000000,664.3,0.1
2026-09-04T13:59:11.414+00:00,B_sell_A_buy,7.3368,1.4368,234.32,234.35,18.234,122.296,234.522,234.542,70.084,2.157,0.0000062500,0.0004000000,664.3,0.1
2026-09-04T13:59:12.510+00:00,A_sell_B_buy,-9.4696,-15.3696,234.32,234.35,38.791,75.659,234.522,234.542,25.55,2.157,0.0000062500,0.0004000000,0.1,487.3
2026-09-04T13:59:12.510+00:00,B_sell_A_buy,7.3368,1.4368,234.32,234.35,38.791,75.659,234.522,234.542,25.55,2.157,0.0000062500,0.0004000000,0.1,487.3
2026-09-04T13:59:13.521+00:00,A_sell_B_buy,-10.3232,-16.2232,234.3,234.33,111.212,64.919,234.521,234.542,2.016,2.157,0.0000062500,0.0004000000,0.1,20.9
2026-09-04T13:59:13.521+00:00,B_sell_A_buy,8.1477,2.2477,234.3,234.33,111.212,64.919,234.521,234.542,2.016,2.157,0.0000062500,0.0004000000,0.1,20.9
2026-09-04T13:59:14.559+00:00,A_sell_B_buy,-9.8101,-15.7101,234.34,234.37,16.898,15.355,234.525,234.57,12.775,1.917,0.0000062500,0.0004000000,133.3,0.1
2026-09-04T13:59:14.559+00:00,B_sell_A_buy,6.6112,0.7112,234.34,234.37,16.898,15.355,234.525,234.57,12.775,1.917,0.0000062500,0.0004000000,133.3,0.1
2026-09-04T13:59:15.563+00:00,A_sell_B_buy,-8.8727,-14.7727,234.33,234.35,0.853,36.075,234.493,234.538,12.775,1.919,0.0000062500,0.0004000000,0.0,5.7
2026-09-04T13:59:15.563+00:00,B_sell_A_buy,6.1000,0.2000,234.33,234.35,0.853,36.075,234.493,234.538,12.775,1.919,0.0000062500,0.0004000000,0.0,5.7
2026-09-04T13:59:16.668+00:00,A_sell_B_buy,-9.9396,-15.8396,234.3,234.34,15.207,196.845,234.493,234.533,70.084,12.802,0.0000062500,0.0004000000,125.5,0.1
2026-09-04T13:59:16.668+00:00,B_sell_A_buy,6.5268,0.6268,234.3,234.34,15.207,196.845,234.493,234.533,70.084,12.802,0.0000062500,0.0004000000,125.5,0.1
2026-09-04T13:59:17.728+00:00,A_sell_B_buy,-9.6410,-15.5410,234.31,234.32,8.554,75.391,234.497,234.536,57.336,25.55,0.0000062500,0.0004000000,330.9,0.1
2026-09-04T13:59:17.728+00:00,B_sell_A_buy,7.5507,1.6507,234.31,234.32,8.554,75.391,234.497,234.536,57.336,25.55,0.0000062500,0.0004000000,330.9,0.1
2026-09-04T13:59:18.925+00:00,A_sell_B_buy,-9.4704,-15.3704,234.31,234.32,8.554,64.919,234.5,234.532,70.084,12.802,0.0000062500,0.0004000000,574.4,0.1
2026-09-04T13:59:18.925+00:00,B_sell_A_buy,7.6787,1.7787,234.31,234.32,8.554,64.919,234.5,234.532,70.084,12.802,0.0000062500,0.0004000000,574.4,0.1
2026-09-04T13:59:20.039+00:00,A_sell_B_buy,-9.6408,-15.5408,234.31,234.32,8.554,64.919,234.512,234.536,44.534,25.55,0.0000062500,0.0004000000,0.1,309.4
2026-09-04T13:59:20.039+00:00,B_sell_A_buy,8.1904,2.2904,234.31,234.32,8.554,64.919,234.512,234.536,44.534,25.55,0.0000062500,0.0004000000,0.1,309.4
2026-09-04T13:59:21.459+00:00,A_sell_B_buy,-9.5555,-15.4555,234.31,234.32,8.554,64.919,234.512,234.534,44.534,12.802,0.0000062500,0.0004000000,556.6,0.1
2026-09-04T13:59:21.459+00:00,B_sell_A_buy,8.1905,2.2905,234.31,234.32,8.554,64.919,234.512,234.534,44.534,12.802,0.0000062500,0.0004000000,556.6,0.1
2026-09-04T13:59:22.756+00:00,A_sell_B_buy,-9.5129,-15.4129,234.31,234.32,6.472,192.744,234.512,234.533,44.534,1.92,0.0000062500,0.0004000000,0.1,514.4
2026-09-04T13:59:22.756+00:00,B_sell_A_buy,8.1905,2.2905,234.31,234.32,6.472,192.744,234.512,234.533,44.534,1.92,0.0000062500,0.0004000000,0.1,514.4
2026-09-04T13:59:23.797+00:00,A_sell_B_buy,-12.6265,-18.5265,234.29,234.31,41.749,4.268,234.526,234.586,2.009,44.734,0.0000062500,0.0004000000,205.2,0.1
2026-09-04T13:59:23.797+00:00,B_sell_A_buy,9.2139,3.3139,234.29,234.31,41.749,4.268,234.526,234.586,2.009,44.734,0.0000062500,0.0004000000,205.2,0.1
2026-09-04T13:59:24.813+00:00,A_sell_B_buy,-9.8524,-15.7524,234.35,234.36,4.267,64.919,234.547,234.581,1.693,46.455,0.0000062500,0.0004000000,0.1,38.7
2026-09-04T13:59:24.813+00:00,B_sell_A_buy,7.9758,2.0758,234.35,234.36,4.267,64.919,234.547,234.581,1.693,46.455,0.0000062500,0.0004000000,0.1,38.7
2026-09-04T13:59:25.951+00:00,A_sell_B_buy,-9.2555,-15.1555,234.35,234.37,4.334,51.736,234.532,234.567,25.55,12.802,0.0000062500,0.0004000000,375.4,0.1
2026-09-04T13:59:25.951+00:00,B_sell_A_buy,6.9096,1.0096,234.35,234.37,4.334,51.736,234.532,234.567,25.55,12.802,0.0000062500,0.0004000000,375.4,0.1
2026-09-04T13:59:26.959+00:00,A_sell_B_buy,-7.2093,-13.1093,234.35,234.36,4.334,86.57,234.451,234.519,1.976,77.576,0.0000062500,0.0004000000,0.1,13.4
2026-09-04T13:59:26.959+00:00,B_sell_A_buy,3.8819,-2.0181,234.35,234.36,4.334,86.57,234.451,234.519,1.976,77.576,0.0000062500,0.0004000000,0.1,13.4
2026-09-04T13:59:27.998+00:00,A_sell_B_buy,-10.3250,-16.2250,234.27,234.28,21.98,64.919,234.465,234.512,1.974,11.65,0.0000062500,0.0004000000,0.1,416.2
2026-09-04T13:59:27.998+00:00,B_sell_A_buy,7.8931,1.9931,234.27,234.28,21.98,64.919,234.465,234.512,1.974,11.65,0.0000062500,0.0004000000,0.1,416.2
2026-09-04T13:59:29.008+00:00,A_sell_B_buy,-9.5146,-15.4146,234.27,234.28,6.473,69.187,234.466,234.493,1.693,12.16,0.0000062500,0.0004000000,81.3,0.1
2026-09-04T13:59:29.008+00:00,B_sell_A_buy,7.9359,2.0359,234.27,234.28,6.473,69.187,234.466,234.493,1.693,12.16,0.0000062500,0.0004000000,81.3,0.1
2026-09-04T13:59:30.201+00:00,A_sell_B_buy,-10.1544,-16.0544,234.27,234.28,0.027,64.703,234.47,234.508,46.189,1.925,0.0000062500,0.0004000000,241.2,0.1
2026-09-04T13:59:30.201+00:00,B_sell_A_buy,8.1064,2.2064,234.27,234.28,0.027,64.703,234.47,234.508,46.189,1.925,0.0000062500,0.0004000000,241.2,0.1
2026-09-04T13:59:31.232+00:00,A_sell_B_buy,-8.9199,-14.8199,234.22,234.24,5.122,4.269,234.343,234.429,12.775,108.506,0.0000062500,0.0004000000,295.6,0.1
2026-09-04T13:59:31.232+00:00,B_sell_A_buy,4.3959,-1.5041,234.22,234.24,5.122,4.269,234.343,234.429,12.775,108.506,0.0000062500,0.0004000000,295.6,0.1
2026-09-04T13:59:32.301+00:00,A_sell_B_buy,-10.3713,-16.2713,234.18,234.21,16.9,80.262,234.386,234.423,25.55,12.775,0.0000062500,0.0004000000,104.0,0.1
2026-09-04T13:59:32.301+00:00,B_sell_A_buy,7.5117,1.6117,234.18,234.21,16.9,80.262,234.386,234.423,25.55,12.775,0.0000062500,0.0004000000,104.0,0.1
2026-09-04T13:59:33.314+00:00,A_sell_B_buy,-10.3709,-16.2709,234.19,234.21,4.27,84.76,234.409,234.433,44.534,25.55,0.0000062500,0.0004000000,81.8,0.1
2026-09-04T13:59:33.314+00:00,B_sell_A_buy,8.4930,2.5930,234.19,234.21,4.27,84.76,234.409,234.433,44.534,25.55,0.0000062500,0.0004000000,81.8,0.1
2026-09-04T13:59:34.415+00:00,A_sell_B_buy,-10.3711,-16.2711,234.18,234.21,140.725,64.919,234.409,234.423,44.534,12.802,0.0000062500,0.0004000000,0.1,187.8
2026-09-04T13:59:34.415+00:00,B_sell_A_buy,8.4932,2.5932,234.18,234.21,140.725,64.919,234.409,234.423,44.534,12.802,0.0000062500,0.0004000000,0.1,187.8
2026-09-04T13:59:35.426+00:00,A_sell_B_buy,-10.6665,-16.5665,234.26,234.28,186.259,64.824,234.468,234.51,1.914,1.935,0.0000062500,0.0004000000,56.9,0.1
2026-09-04T13:59:35.426+00:00,B_sell_A_buy,8.0212,2.1212,234.26,234.28,186.259,64.824,234.468,234.51,1.914,1.935,0.0000062500,0.0004000000,56.9,0.1
2026-09-04T13:59:36.429+00:00,A_sell_B_buy,-8.3632,-14.2632,234.26,234.28,7.511,121.821,234.44,234.456,46.692,1.954,0.0000062500,0.0004000000,180.0,0.1
2026-09-04T13:59:36.429+00:00,B_sell_A_buy,6.8271,0.9271,234.26,234.28,7.511,121.821,234.44,234.456,46.692,1.954,0.0000062500,0.0004000000,180.0,0.1
2026-09-04T13:59:37.504+00:00,A_sell_B_buy,-9.0041,-14.9041,234.23,234.24,0.853,44.3,234.44,234.441,46.692,12.802,0.0000062500,0.0004000000,0.1,269.9
2026-09-04T13:59:37.504+00:00,B_sell_A_buy,8.5347,2.6347,234.23,234.24,0.853,44.3,234.44,234.441,46.692,12.802,0.0000062500,0.0004000000,0.1,269.9
2026-09-04T13:59:38.518+00:00,A_sell_B_buy,-12.2892,-18.1892,234.22,234.24,6.474,64.919,234.442,234.508,12.775,0.222,0.0000062500,0.0004000000,303.0,0.1
2026-09-04T13:59:38.518+00:00,B_sell_A_buy,8.6195,2.7195,234.22,234.24,6.474,64.919,234.442,234.508,12.775,0.222,0.0000062500,0.0004000000,303.0,0.1
2026-09-04T13:59:39.542+00:00,A_sell_B_buy,-12.9253,-18.8253,234.27,234.28,795.047,0.121,234.571,234.573,2.136,12.802,0.0000062500,0.0004000000,103.0,0.1
2026-09-04T13:59:39.542+00:00,B_sell_A_buy,12.4134,6.5134,234.27,234.28,795.047,0.121,234.571,234.573,2.136,12.802,0.0000062500,0.0004000000,103.0,0.1
2026-09-04T13:59:40.575+00:00,A_sell_B_buy,-10.3194,-16.2194,234.39,234.44,29.896,119.251,234.575,234.632,12.775,1.914,0.0000062500,0.0004000000,99.5,0.1
2026-09-04T13:59:40.575+00:00,B_sell_A_buy,5.7567,-0.1433,234.39,234.44,29.896,119.251,234.575,234.632,12.775,1.914,0.0000062500,0.0004000000,99.5,0.1
2026-09-04T13:59:41.585+00:00,A_sell_B_buy,-10.1075,-16.0075,234.37,234.4,17.663,69.185,234.545,234.607,32.493,12.802,0.0000062500,0.0004000000,411.0,0.1
2026-09-04T13:59:41.585+00:00,B_sell_A_buy,6.1839,0.2839,234.37,234.4,17.663,69.185,234.545,234.607,32.493,12.802,0.0000062500,0.0004000000,411.0,0.1
2026-09-04T13:59:42.587+00:00,A_sell_B_buy,-9.6818,-15.5818,234.35,234.37,0.853,36.678,234.547,234.577,57.309,12.775,0.0000062500,0.0004000000,0.1,89.5
2026-09-04T13:59:42.587+00:00,B_sell_A_buy,7.5492,1.6492,234.35,234.37,0.853,36.678,234.547,234.577,57.309,12.775,0.0000062500,0.0004000000,0.1,89.5
2026-09-04T13:59:43.638+00:00,A_sell_B_buy,-8.8717,-14.7717,234.35,234.36,0.853,143.996,234.547,234.558,44.534,12.775,0.0000062500,0.0004000000,230.8,0.1
2026-09-04T13:59:43.638+00:00,B_sell_A_buy,7.9760,2.0760,234.35,234.36,0.853,143.996,234.547,234.558,44.534,12.775,0.0000062500,0.0004000000,230.8,0.1
2026-09-04T13:59:44.741+00:00,A_sell_B_buy,-9.7254,-15.6254,234.32,234.34,4.268,162.249,234.547,234.548,44.534,37.499,0.0000062500,0.0004000000,189.2,0.1
2026-09-04T13:59:44.741+00:00,B_sell_A_buy,8.8296,2.9296,234.32,234.34,4.268,162.249,234.547,234.548,44.534,37.499,0.0000062500,0.0004000000,189.2,0.1
2026-09-04T13:59:45.749+00:00,A_sell_B_buy,-11.0047,-16.9047,234.33,234.35,58.699,31.0,234.517,234.588,32.493,1.906,0.0000062500,0.0004000000,198.8,0.1
2026-09-04T13:59:45.749+00:00,B_sell_A_buy,7.1232,1.2232,234.33,234.35,58.699,31.0,234.517,234.588,32.493,1.906,0.0000062500,0.0004000000,198.8,0.1
2026-09-04T13:59:46.802+00:00,A_sell_B_buy,-8.9149,-14.8149,234.34,234.35,37.474,51.957,234.514,234.549,2.077,12.775,0.0000062500,0.0004000000,135.0,0.1
2026-09-04T13:59:46.802+00:00,B_sell_A_buy,6.9954,1.0954,234.34,234.35,37.474,51.957,234.514,234.549,2.077,12.775,0.0000062500,0.0004000000,135.0,0.1
2026-09-04T13:59:47.836+00:00,A_sell_B_buy,-10.3220,-16.2220,234.34,234.36,92.9,80.067,234.523,234.582,44.534,44.534,0.0000062500,0.0004000000,166.4,0.1
2026-09-04T13:59:47.836+00:00,B_sell_A_buy,6.9524,1.0524,234.34,234.36,92.9,80.067,234.523,234.582,44.534,44.534,0.0000062500,0.0004000000,166.4,0.1
2026-09-04T13:59:48.873+00:00,A_sell_B_buy,-10.4079,-16.3079,234.32,234.34,4.268,69.186,234.527,234.564,2.207,46.432,0.0000062500,0.0004000000,0.1,73.3
2026-09-04T13:59:48.873+00:00,B_sell_A_buy,7.9765,2.0765,234.32,234.34,4.268,69.186,234.527,234.564,2.207,46.432,0.0000062500,0.0004000000,0.1,73.3
2026-09-04T13:59:50.033+00:00,A_sell_B_buy,-10.3652,-16.2652,234.33,234.34,8.536,64.919,234.51,234.573,1.997,1.901,0.0000062500,0.0004000000,213.3,0.1
2026-09-04T13:59:50.033+00:00,B_sell_A_buy,7.2514,1.3514,234.33,234.34,8.536,64.919,234.51,234.573,1.997,1.901,0.0000062500,0.0004000000,213.3,0.1
2026-09-04T13:59:51.085+00:00,A_sell_B_buy,-8.7035,-14.6035,234.3,234.32,0.853,44.3,234.426,234.504,2.245,108.506,0.0000062500,0.0004000000,70.9,0.1
2026-09-04T13:59:51.085+00:00,B_sell_A_buy,4.5224,-1.3776,234.3,234.32,0.853,44.3,234.426,234.504,2.245,108.506,0.0000062500,0.0004000000,70.9,0.1
2026-09-04T13:59:52.101+00:00,A_sell_B_buy,-10.0246,-15.9246,234.32,234.33,44.3,0.558,234.486,234.555,2.24,1.901,0.0000062500,0.0004000000,0.1,70.1
2026-09-04T13:59:52.101+00:00,B_sell_A_buy,6.6546,0.7546,234.32,234.33,44.3,0.558,234.486,234.555,2.24,1.901,0.0000062500,0.0004000000,0.1,70.1
2026-09-04T13:59:53.228+00:00,A_sell_B_buy,-9.0442,-14.9442,234.3,234.31,0.853,34.992,234.5,234.512,46.514,12.802,0.0000062500,0.0004000000,0.1,213.4
2026-09-04T13:59:53.228+00:00,B_sell_A_buy,8.1056,2.2056,234.3,234.31,0.853,34.992,234.5,234.512,46.514,12.802,0.0000062500,0.0004000000,0.1,213.4
2026-09-04T13:59:54.287+00:00,A_sell_B_buy,-9.4702,-15.3702,234.31,234.33,132.9,44.888,234.508,234.532,25.55,12.775,0.0000062500,0.0004000000,88.9,0.1
2026-09-04T13:59:54.287+00:00,B_sell_A_buy,7.5932,1.6932,234.31,234.33,132.9,44.888,234.508,234.532,25.55,12.775,0.0000062500,0.0004000000,88.9,0.1
2026-09-04T13:59:55.291+00:00,A_sell_B_buy,-14.3308,-20.2308,234.3,234.32,10.741,118.365,234.586,234.636,2.076,14.677,0.0000062500,0.0004000000,49.0,0.1
2026-09-04T13:59:55.291+00:00,B_sell_A_buy,11.3452,5.4452,234.3,234.32,10.741,118.365,234.586,234.636,2.076,14.677,0.0000062500,0.0004000000,49.0,0.1
2026-09-04T13:59:56.300+00:00,A_sell_B_buy,-12.6201,-18.5201,234.42,234.45,186.223,122.168,234.599,234.716,68.113,25.55,0.0000062500,0.0004000000,46.9,0.1
2026-09-04T13:59:56.300+00:00,B_sell_A_buy,6.3527,0.4527,234.42,234.45,186.223,122.168,234.599,234.716,68.113,25.55,0.0000062500,0.0004000000,46.9,0.1
2026-09-04T13:59:57.306+00:00,A_sell_B_buy,-9.0803,-14.9803,234.47,234.48,132.9,17.904,234.659,234.683,2.157,1.913,0.0000062500,0.0004000000,96.4,0.0
2026-09-04T13:59:57.306+00:00,B_sell_A_buy,7.6309,1.7309,234.47,234.48,132.9,17.904,234.659,234.683,2.157,1.913,0.0000062500,0.0004000000,96.4,0.0
2026-09-04T13:59:58.329+00:00,A_sell_B_buy,-12.1492,-18.0492,234.45,234.48,29.141,32.855,234.665,234.735,2.296,25.55,0.0000062500,0.0004000000,30.5,0.1
2026-09-04T13:59:58.329+00:00,B_sell_A_buy,7.8864,1.9864,234.45,234.48,29.141,32.855,234.665,234.735,2.296,25.55,0.0000062500,0.0004000000,30.5,0.1
2026-09-04T13:59:59.331+00:00,A_sell_B_buy,-13.3831,-19.2831,234.49,234.5,88.6,8.334,234.706,234.804,2.114,25.55,0.0000062500,0.0004000000,21.8,0.1
2026-09-04T13:59:59.331+00:00,B_sell_A_buy,8.7800,2.8800,234.49,234.5,88.6,8.334,234.706,234.804,2.114,25.55,0.0000062500,0.0004000000,21.8,0.1
2026-09-04T14:00:00.338+00:00,A_sell_B_buy,-9.9296,-15.8296,234.55,234.56,132.9,51.003,234.718,234.783,2.184,1.909,0.0000062500,0.0004000000,80.5,0.1
2026-09-04T14:00:00.338+00:00,B_sell_A_buy,6.7334,0.8334,234.55,234.56,132.9,51.003,234.718,234.783,2.184,1.909,0.0000062500,0.0004000000,80.5,0.1
2026-09-04T14:00:01.379+00:00,A_sell_B_buy,-9.1199,-15.0199,234.55,234.57,41.148,17.621,234.721,234.764,44.534,1.911,0.0000062500,0.0004000000,359.5,0.1
2026-09-04T14:00:01.379+00:00,B_sell_A_buy,6.4351,0.5351,234.55,234.57,41.148,17.621,234.721,234.764,44.534,1.911,0.0000062500,0.0004000000,359.5,0.1
2026-09-04T14:00:02.409+00:00,A_sell_B_buy,-5.8400,-11.7400,234.55,234.56,7.323,14.02,234.567,234.687,32.493,4.457,0.0000062500,0.0004000000,266.3,0.1
2026-09-04T14:00:02.409+00:00,B_sell_A_buy,0.2984,-5.6016,234.55,234.56,7.323,14.02,234.567,234.687,32.493,4.457,0.0000062500,0.0004000000,266.3,0.1
2026-09-04T14:00:03.438+00:00,A_sell_B_buy,-10.4907,-16.3907,234.38,234.4,85.87,85.682,234.571,234.626,2.263,12.775,0.0000062500,0.0004000000,56.1,0.1
2026-09-04T14:00:03.438+00:00,B_sell_A_buy,7.2923,1.3923,234.38,234.4,85.87,85.682,234.571,234.626,2.263,12.775,0.0000062500,0.0004000000,56.1,0.1
2026-09-04T14:00:04.462+00:00,A_sell_B_buy,-9.7250,-15.6250,234.35,234.36,0.192,53.336,234.503,234.578,46.69,1.91,0.0000062500,0.0004000000,70.9,0.1
2026-09-04T14:00:04.462+00:00,B_sell_A_buy,6.0994,0.1994,234.35,234.36,0.192,53.336,234.503,234.578,46.69,1.91,0.0000062500,0.0004000000,70.9,0.1
2026-09-04T14:00:05.464+00:00,A_sell_B_buy,-11.9854,-17.8854,234.33,234.36,44.3,237.003,234.509,234.611,1.935,25.55,0.0000062500,0.0004000000,0.1,23.3
2026-09-04T14:00:05.464+00:00,B_sell_A_buy,6.3552,0.4552,234.33,234.36,44.3,237.003,234.509,234.611,1.935,25.55,0.0000062500,0.0004000000,0.1,23.3
2026-09-04T14:00:06.466+00:00,A_sell_B_buy,-10.0654,-15.9654,234.35,234.39,32.754,95.89,234.542,234.586,46.726,12.775,0.0000062500,0.0004000000,0.0,14.9
2026-09-04T14:00:06.466+00:00,B_sell_A_buy,6.4828,0.5828,234.35,234.39,32.754,95.89,234.542,234.586,46.726,12.775,0.0000062500,0.0004000000,0.0,14.9
2026-09-04T14:00:07.564+00:00,A_sell_B_buy,-10.0233,-15.9233,234.35,234.36,0.119,82.259,234.516,234.585,44.534,46.436,0.0000062500,0.0004000000,171.2,0.1
2026-09-04T14:00:07.564+00:00,B_sell_A_buy,6.6538,0.7538,234.35,234.36,0.119,82.259,234.516,234.585,44.534,46.436,0.0000062500,0.0004000000,171.2,0.1
2026-09-04T14:00:08.581+00:00,A_sell_B_buy,-10.0230,-15.9230,234.35,234.38,50.977,278.272,234.528,234.585,1.693,14.701,0.0000062500,0.0004000000,17.0,0.1
2026-09-04T14:00:08.581+00:00,B_sell_A_buy,6.3124,0.4124,234.35,234.38,50.977,278.272,234.528,234.585,1.693,14.701,0.0000062500,0.0004000000,17.0,0.1
2026-09-04T14:00:09.588+00:00,A_sell_B_buy,-12.8832,-18.7832,234.27,234.31,86.555,88.6,234.505,234.572,12.775,1.896,0.0000062500,0.0004000000,0.1,173.1
2026-09-04T14:00:09.588+00:00,B_sell_A_buy,8.3186,2.4186,234.27,234.31,86.555,88.6,234.505,234.572,12.775,1.896,0.0000062500,0.0004000000,0.1,173.1
2026-09-04T14:00:10.593+00:00,A_sell_B_buy,-9.3007,-15.2007,234.3,234.31,7.324,218.619,234.431,234.518,2.03,12.775,0.0000062500,0.0004000000,201.8,0.1
2026-09-04T14:00:10.593+00:00,B_sell_A_buy,5.1623,-0.7377,234.3,234.31,7.324,218.619,234.431,234.518,2.03,12.775,0.0000062500,0.0004000000,201.8,0.1
2026-09-04T14:00:11.593+00:00,A_sell_B_buy,-11.8625,-17.7625,234.23,234.24,27.244,64.919,234.426,234.508,2.157,12.775,0.0000062500,0.0004000000,423.8,0.1
2026-09-04T14:00:11.593+00:00,B_sell_A_buy,7.9368,2.0368,234.23,234.24,27.244,64.919,234.426,234.508,2.157,12.775,0.0000062500,0.0004000000,423.8,0.1
2026-09-04T14:00:12.712+00:00,A_sell_B_buy,-10.4121,-16.3121,234.23,234.24,27.244,64.919,234.429,234.474,44.534,1.892,0.0000062500,0.0004000000,1542.9,0.1
2026-09-04T14:00:12.712+00:00,B_sell_A_buy,8.0651,2.1651,234.23,234.24,27.244,64.919,234.429,234.474,44.534,1.892,0.0000062500,0.0004000000,1542.9,0.1
2026-09-04T14:00:13.740+00:00,A_sell_B_buy,-9.3028,-15.2028,234.23,234.25,1.329,73.339,234.429,234.448,44.534,12.775,0.0000062500,0.0004000000,84.6,0.1
2026-09-04T14:00:13.740+00:00,B_sell_A_buy,7.6385,1.7385,234.23,234.25,1.329,73.339,234.429,234.448,44.534,12.775,0.0000062500,0.0004000000,84.6,0.1
2026-09-04T14:00:14.765+00:00,A_sell_B_buy,-12.1187,-18.0187,234.2,234.23,19.399,64.919,234.483,234.484,46.691,12.802,0.0000062500,0.0004000000,44.9,0.1
2026-09-04T14:00:14.765+00:00,B_sell_A_buy,10.7959,4.8959,234.2,234.23,19.399,64.919,234.483,234.484,46.691,12.802,0.0000062500,0.0004000000,44.9,0.1
2026-09-04T14:00:15.868+00:00,A_sell_B_buy,-9.9841,-15.8841,234.25,234.27,46.999,64.919,234.483,234.484,2.157,13.857,0.0000062500,0.0004000000,0.1,141.2
2026-09-04T14:00:15.868+00:00,B_sell_A_buy,9.0881,3.1881,234.25,234.27,46.999,64.919,234.483,234.484,2.157,13.857,0.0000062500,0.0004000000,0.1,141.2
2026-09-04T14:00:16.958+00:00,A_sell_B_buy,-9.5162,-15.4162,234.23,234.24,1.494,88.6,234.427,234.453,46.691,1.91,0.0000062500,0.0004000000,398.2,0.1
2026-09-04T14:00:16.958+00:00,B_sell_A_buy,7.9799,2.0799,234.23,234.24,1.494,88.6,234.427,234.453,46.691,1.91,0.0000062500,0.0004000000,398.2,0.1
2026-09-04T14:00:18.091+00:00,A_sell_B_buy,-11.2664,-17.1664,234.2,234.21,1.93,64.919,234.427,234.464,46.691,108.506,0.0000062500,0.0004000000,212.3,0.1
2026-09-04T14:00:18.091+00:00,B_sell_A_buy,9.2606,3.3606,234.2,234.21,1.93,64.919,234.427,234.464,46.691,108.506,0.0000062500,0.0004000000,212.3,0.1
2026-09-04T14:00:19.238+00:00,A_sell_B_buy,-9.9005,-15.8005,234.21,234.24,47.834,14.308,234.431,234.442,46.39,12.802,0.0000062500,0.0004000000,0.1,470.9
2026-09-04T14:00:19.238+00:00,B_sell_A_buy,8.1509,2.2509,234.21,234.24,47.834,14.308,234.431,234.442,46.39,12.802,0.0000062500,0.0004000000,0.1,470.9
2026-09-04T14:00:20.260+00:00,A_sell_B_buy,-12.0333,-17.9333,234.22,234.24,11.893,79.71,234.435,234.502,1.656,1.919,0.0000062500,0.0004000000,30.8,0.2
2026-09-04T14:00:20.260+00:00,B_sell_A_buy,8.3209,2.4209,234.22,234.24,11.893,79.71,234.435,234.502,1.656,1.919,0.0000062500,0.0004000000,30.8,0.2
2026-09-04T14:00:21.268+00:00,A_sell_B_buy,-11.2213,-17.1213,234.26,234.28,132.9,14.502,234.441,234.523,46.612,1.934,0.0000062500,0.0004000000,33.0,0.1
2026-09-04T14:00:21.268+00:00,B_sell_A_buy,6.8693,0.9693,234.26,234.28,132.9,14.502,234.441,234.523,46.612,1.934,0.0000062500,0.0004000000,33.0,0.1
2026-09-04T14:00:22.370+00:00,A_sell_B_buy,-9.6433,-15.5433,234.25,234.27,4.269,18.566,234.441,234.476,46.612,12.802,0.0000062500,0.0004000000,0.1,759.0
2026-09-04T14:00:22.370+00:00,B_sell_A_buy,7.2965,1.3965,234.25,234.27,4.269,18.566,234.441,234.476,46.612,12.802,0.0000062500,0.0004000000,0.1,759.0
2026-09-04T14:00:23.385+00:00,A_sell_B_buy,-9.8132,-15.7132,234.27,234.28,44.3,132.34,234.465,234.5,2.201,12.802,0.0000062500,0.0004000000,0.1,126.9
2026-09-04T14:00:23.385+00:00,B_sell_A_buy,7.8932,1.9932,234.27,234.28,44.3,132.34,234.465,234.5,2.201,12.802,0.0000062500,0.0004000000,0.1,126.9
2026-09-04T14:00:24.543+00:00,A_sell_B_buy,-10.2399,-16.1399,234.26,234.28,4.269,86.808,234.47,234.5,25.55,12.802,0.0000062500,0.0004000000,187.5,0.1
2026-09-04T14:00:24.543+00:00,B_sell_A_buy,8.1066,2.2066,234.26,234.28,4.269,86.808,234.47,234.5,25.55,12.802,0.0000062500,0.0004000000,187.5,0.1
2026-09-04T14:00:25.576+00:00,A_sell_B_buy,-10.5391,-16.4391,234.25,234.26,12.746,79.318,234.455,234.497,1.924,1.896,0.0000062500,0.0004000000,120.6,0.1
2026-09-04T14:00:25.576+00:00,B_sell_A_buy,8.3203,2.4203,234.25,234.26,12.746,79.318,234.455,234.497,1.924,1.896,0.0000062500,0.0004000000,120.6,0.1
2026-09-04T14:00:26.648+00:00,A_sell_B_buy,-9.7288,-15.6288,234.25,234.26,12.746,78.749,234.438,234.478,25.55,1.905,0.0000062500,0.0004000000,229.0,0.1
2026-09-04T14:00:26.648+00:00,B_sell_A_buy,7.5953,1.6953,234.25,234.26,12.746,78.749,234.438,234.478,25.55,1.905,0.0000062500,0.0004000000,229.0,0.1
2026-09-04T14:00:27.651+00:00,A_sell_B_buy,-11.4796,-17.3796,234.2,234.22,1.93,64.919,234.429,234.469,57.309,46.441,0.0000062500,0.0004000000,47.9,0.1
2026-09-04T14:00:27.651+00:00,B_sell_A_buy,8.9191,3.0191,234.2,234.22,1.93,64.919,234.429,234.469,57.309,46.441,0.0000062500,0.0004000000,47.9,0.1
2026-09-04T14:00:28.663+00:00,A_sell_B_buy,-10.4981,-16.3981,234.21,234.22,41.955,64.919,234.429,234.456,44.534,12.775,0.0000062500,0.0004000000,155.8,0.1
2026-09-04T14:00:28.663+00:00,B_sell_A_buy,8.9191,3.0191,234.21,234.22,41.955,64.919,234.429,234.456,44.534,12.775,0.0000062500,0.0004000000,155.8,0.1
2026-09-04T14:00:29.673+00:00,A_sell_B_buy,-10.7123,-16.6123,234.2,234.22,11.894,170.318,234.372,234.451,27.852,1.673,0.0000062500,0.0004000000,0.1,22.4
2026-09-04T14:00:29.673+00:00,B_sell_A_buy,6.4871,0.5871,234.2,234.22,11.894,170.318,234.372,234.451,27.852,1.673,0.0000062500,0.0004000000,0.1,22.4
2026-09-04T14:00:30.707+00:00,A_sell_B_buy,-12.7200,-18.6200,234.14,234.17,2.263,64.919,234.356,234.438,14.993,128.009,0.0000062500,0.0004000000,118.2,0.1
2026-09-04T14:00:30.707+00:00,B_sell_A_buy,7.9394,2.0394,234.14,234.17,2.263,64.919,234.356,234.438,14.993,128.009,0.0000062500,0.0004000000,118.2,0.1
2026-09-04T14:00:31.724+00:00,A_sell_B_buy,-9.3910,-15.2910,234.16,234.17,0.854,283.219,234.358,234.38,14.799,12.775,0.0000062500,0.0004000000,215.0,0.1
2026-09-04T14:00:31.724+00:00,B_sell_A_buy,8.0250,2.1250,234.16,234.17,0.854,283.219,234.358,234.38,14.799,12.775,0.0000062500,0.0004000000,215.0,0.1
2026-09-04T14:00:32.739+00:00,A_sell_B_buy,-9.4763,-15.3763,234.16,234.17,88.6,218.816,234.361,234.382,14.742,12.802,0.0000062500,0.0004000000,189.5,0.1
2026-09-04T14:00:32.739+00:00,B_sell_A_buy,8.1530,2.2530,234.16,234.17,88.6,218.816,234.361,234.382,14.742,12.802,0.0000062500,0.0004000000,189.5,0.1
2026-09-04T14:00:33.833+00:00,A_sell_B_buy,-9.5200,-15.4200,234.14,234.17,4.271,311.877,234.299,234.363,1.87,12.775,0.0000062500,0.0004000000,0.1,115.1
2026-09-04T14:00:33.833+00:00,B_sell_A_buy,5.5071,-0.3929,234.14,234.17,4.271,311.877,234.299,234.363,1.87,12.775,0.0000062500,0.0004000000,0.1,115.1
2026-09-04T14:00:34.843+00:00,A_sell_B_buy,-10.8879,-16.7879,234.1,234.11,0.854,80.515,234.251,234.355,3.965,4.463,0.0000062500,0.0004000000,118.8,0.1
2026-09-04T14:00:34.843+00:00,B_sell_A_buy,6.0204,0.1204,234.1,234.11,0.854,80.515,234.251,234.355,3.965,4.463,0.0000062500,0.0004000000,118.8,0.1
2026-09-04T14:00:35.843+00:00,A_sell_B_buy,-13.2796,-19.1796,234.04,234.07,4.325,44.3,234.312,234.351,1.947,46.448,0.0000062500,0.0004000000,301.0,0.1
2026-09-04T14:00:35.843+00:00,B_sell_A_buy,10.3333,4.4333,234.04,234.07,4.325,44.3,234.312,234.351,1.947,46.448,0.0000062500,0.0004000000,301.0,0.1
2026-09-04T14:00:36.848+00:00,A_sell_B_buy,-9.6492,-15.5492,234.1,234.11,45.424,341.288,234.325,234.326,1.877,12.802,0.0000062500,0.0004000000,219.0,0.1
2026-09-04T14:00:36.848+00:00,B_sell_A_buy,9.1796,3.2796,234.1,234.11,45.424,341.288,234.325,234.326,1.877,12.802,0.0000062500,0.0004000000,219.0,0.1
2026-09-04T14:00:37.859+00:00,A_sell_B_buy,-8.9217,-14.8217,234.16,234.17,132.9,64.919,234.343,234.369,14.653,1.914,0.0000062500,0.0004000000,61.2,0.1
2026-09-04T14:00:37.859+00:00,B_sell_A_buy,7.3849,1.4849,234.16,234.17,132.9,64.919,234.343,234.369,14.653,1.914,0.0000062500,0.0004000000,61.2,0.1
2026-09-04T14:00:38.902+00:00,A_sell_B_buy,-13.9134,-19.8134,234.15,234.17,5.125,283.71,234.432,234.476,1.854,25.55,0.0000062500,0.0004000000,70.9,0.1
2026-09-04T14:00:38.902+00:00,B_sell_A_buy,11.1819,5.2819,234.15,234.17,5.125,283.71,234.432,234.476,1.854,25.55,0.0000062500,0.0004000000,70.9,0.1
2026-09-04T14:00:39.970+00:00,A_sell_B_buy,-8.0663,-13.9663,234.22,234.24,4.269,83.655,234.358,234.409,2.023,12.802,0.0000062500,0.0004000000,91.8,0.1
2026-09-04T14:00:39.970+00:00,B_sell_A_buy,5.0361,-0.8639,234.22,234.24,4.269,83.655,234.358,234.409,2.023,12.802,0.0000062500,0.0004000000,91.8,0.1
2026-09-04T14:00:40.971+00:00,A_sell_B_buy,-9.9024,-15.8024,234.17,234.2,144.386,48.243,234.372,234.402,57.309,12.802,0.0000062500,0.0004000000,30.5,0.1
2026-09-04T14:00:40.971+00:00,B_sell_A_buy,7.3415,1.4415,234.17,234.2,144.386,48.243,234.372,234.402,57.309,12.802,0.0000062500,0.0004000000,30.5,0.1
2026-09-04T14:00:41.985+00:00,A_sell_B_buy,-8.6659,-14.5659,234.17,234.18,95.676,55.993,234.28,234.373,108.506,17.246,0.0000062500,0.0004000000,311.6,0.1
2026-09-04T14:00:41.985+00:00,B_sell_A_buy,4.2689,-1.6311,234.17,234.18,95.676,55.993,234.28,234.373,108.506,17.246,0.0000062500,0.0004000000,311.6,0.1
2026-09-04T14:00:42.998+00:00,A_sell_B_buy,-10.8442,-16.7442,234.11,234.12,67.599,44.084,234.312,234.364,12.775,1.921,0.0000062500,0.0004000000,79.4,0.1
2026-09-04T14:00:42.998+00:00,B_sell_A_buy,8.1972,2.2972,234.11,234.12,67.599,44.084,234.312,234.364,12.775,1.921,0.0000062500,0.0004000000,79.4,0.1
2026-09-04T14:00:44.036+00:00,A_sell_B_buy,-10.8441,-16.7441,234.11,234.12,77.05,101.386,234.319,234.364,46.742,1.921,0.0000062500,0.0004000000,375.7,0.1
2026-09-04T14:00:44.036+00:00,B_sell_A_buy,8.4960,2.5960,234.11,234.12,77.05,101.386,234.319,234.364,46.742,1.921,0.0000062500,0.0004000000,375.7,0.1
2026-09-04T14:00:45.072+00:00,A_sell_B_buy,-9.6916,-15.5916,234.11,234.12,62.456,84.869,234.325,234.337,2.033,12.775,0.0000062500,0.0004000000,314.5,0.1
2026-09-04T14:00:45.072+00:00,B_sell_A_buy,8.7523,2.8523,234.11,234.12,62.456,84.869,234.325,234.337,2.033,12.775,0.0000062500,0.0004000000,314.5,0.1
2026-09-04T14:00:46.102+00:00,A_sell_B_buy,-11.1426,-17.0426,234.11,234.13,25.571,18.816,234.337,234.371,2.227,1.907,0.0000062500,0.0004000000,52.1,0.1
2026-09-04T14:00:46.102+00:00,B_sell_A_buy,8.8372,2.9372,234.11,234.13,25.571,18.816,234.337,234.371,2.227,1.907,0.0000062500,0.0004000000,52.1,0.1
2026-09-04T14:00:47.192+00:00,A_sell_B_buy,-11.4827,-17.3827,234.13,234.14,4.271,69.19,234.389,234.399,2.166,12.802,0.0000062500,0.0004000000,527.4,0.1
2026-09-04T14:00:47.192+00:00,B_sell_A_buy,10.6290,4.7290,234.13,234.14,4.271,69.19,234.389,234.399,2.166,12.802,0.0000062500,0.0004000000,527.4,0.1
2026-09-04T14:00:48.228+00:00,A_sell_B_buy,-8.9213,-14.8213,234.17,234.18,11.9,79.058,234.355,234.379,2.301,12.802,0.0000062500,0.0004000000,121.5,0.1
2026-09-04T14:00:48.228+00:00,B_sell_A_buy,7.4700,1.5700,234.17,234.18,11.9,79.058,234.355,234.379,2.301,12.802,0.0000062500,0.0004000000,121.5,0.1
2026-09-04T14:00:49.258+00:00,A_sell_B_buy,-9.3054,-15.2054,234.17,234.18,3.101,97.262,234.351,234.388,3.966,1.921,0.0000062500,0.0004000000,0.1,103.5
2026-09-04T14:00:49.258+00:00,B_sell_A_buy,7.2992,1.3992,234.17,234.18,3.101,97.262,234.351,234.388,3.966,1.921,0.0000062500,0.0004000000,0.1,103.5
2026-09-04T14:00:50.266+00:00,A_sell_B_buy,-10.5001,-16.4001,234.16,234.18,16.17,250.431,234.392,234.406,2.209,1.929,0.0000062500,0.0004000000,9.6,0.1
2026-09-04T14:00:50.266+00:00,B_sell_A_buy,9.0488,3.1488,234.16,234.18,16.17,250.431,234.392,234.406,2.209,1.929,0.0000062500,0.0004000000,9.6,0.1
2026-09-04T14:00:51.290+00:00,A_sell_B_buy,-9.9884,-15.8884,234.16,234.18,11.899,14.203,234.351,234.394,48.5,77.354,0.0000062500,0.0004000000,37.7,0.1
2026-09-04T14:00:51.290+00:00,B_sell_A_buy,7.2992,1.3992,234.16,234.18,11.899,14.203,234.351,234.394,48.5,77.354,0.0000062500,0.0004000000,37.7,0.1
2026-09-04T14:00:52.332+00:00,A_sell_B_buy,-7.8979,-13.7979,234.16,234.17,11.899,587.439,234.278,234.345,59.546,1.699,0.0000062500,0.0004000000,375.1,0.1
2026-09-04T14:00:52.332+00:00,B_sell_A_buy,4.6107,-1.2893,234.16,234.17,11.899,587.439,234.278,234.345,59.546,1.699,0.0000062500,0.0004000000,375.1,0.1
2026-09-04T14:00:53.341+00:00,A_sell_B_buy,-10.6324,-16.5324,234.08,234.11,0.854,21.341,234.243,234.329,1.905,1.677,0.0000062500,0.0004000000,123.2,0.1
2026-09-04T14:00:53.341+00:00,B_sell_A_buy,5.6791,-0.2209,234.08,234.11,0.854,21.341,234.243,234.329,1.905,1.677,0.0000062500,0.0004000000,123.2,0.1
2026-09-04T14:00:54.349+00:00,A_sell_B_buy,-10.8468,-16.7468,234.06,234.07,0.854,64.919,234.237,234.314,2.128,77.354,0.0000062500,0.0004000000,0.1,47.5
2026-09-04T14:00:54.349+00:00,B_sell_A_buy,7.1316,1.2316,234.06,234.07,0.854,64.919,234.237,234.314,2.128,77.354,0.0000062500,0.0004000000,0.1,47.5
2026-09-04T14:00:55.358+00:00,A_sell_B_buy,-10.9747,-16.8747,234.05,234.07,27.546,217.519,234.271,234.307,59.545,12.775,0.0000062500,0.0004000000,49.0,0.1
2026-09-04T14:00:55.358+00:00,B_sell_A_buy,8.5833,2.6833,234.05,234.07,27.546,217.519,234.271,234.307,59.545,12.775,0.0000062500,0.0004000000,49.0,0.1
2026-09-04T14:00:56.357+00:00,A_sell_B_buy,-9.3095,-15.2095,234.07,234.08,4.272,4.272,234.241,234.288,2.004,12.775,0.0000062500,0.0004000000,0.1,140.7
2026-09-04T14:00:56.357+00:00,B_sell_A_buy,6.8754,0.9754,234.07,234.08,4.272,4.272,234.241,234.288,2.004,12.775,0.0000062500,0.0004000000,0.1,140.7
2026-09-04T14:00:57.365+00:00,A_sell_B_buy,-11.0176,-16.9176,234.05,234.06,0.854,4.272,234.269,234.308,46.475,12.775,0.0000062500,0.0004000000,435.1,0.1
2026-09-04T14:00:57.365+00:00,B_sell_A_buy,8.9251,3.0251,234.05,234.06,0.854,4.272,234.269,234.308,46.475,12.775,0.0000062500,0.0004000000,435.1,0.1
2026-09-04T14:00:58.487+00:00,A_sell_B_buy,-11.0176,-16.9176,234.05,234.06,0.854,17.857,234.269,234.308,44.534,1.942,0.0000062500,0.0004000000,196.9,0.1
2026-09-04T14:00:58.487+00:00,B_sell_A_buy,8.9251,3.0251,234.05,234.06,0.854,17.857,234.269,234.308,44.534,1.942,0.0000062500,0.0004000000,196.9,0.1
2026-09-04T14:00:59.497+00:00,A_sell_B_buy,-10.4614,-16.3614,234.08,234.09,132.9,278.465,234.286,234.325,12.775,1.947,0.0000062500,0.0004000000,130.9,0.1
2026-09-04T14:00:59.497+00:00,B_sell_A_buy,8.3691,2.4691,234.08,234.09,132.9,278.465,234.286,234.325,12.775,1.947,0.0000062500,0.0004000000,130.9,0.1
2026-09-04T14:01:00.632+00:00,A_sell_B_buy,-10.2908,-16.1908,234.07,234.09,11.312,64.919,234.284,234.311,2.083,25.577,0.0000062500,0.0004000000,0.1,238.1
2026-09-04T14:01:00.632+00:00,B_sell_A_buy,8.2839,2.3839,234.07,234.09,11.312,64.919,234.284,234.311,2.083,25.577,0.0000062500,0.0004000000,0.1,238.1
