ts_utc,direction,gross_bps,net_bps,bid_A,ask_A,bid_size_A,ask_size_A,bid_B,ask_B,bid_size_B,ask_size_B,funding_A,funding_B,age_A_ms,age_B_ms
2026-09-05T17:07:48.400+00:00,A_sell_B_buy,-1.4858,-7.3858,4441.69,4441.97,0.4366,0.1903,4442.34,4442.35,3.443,22.843,0.0004000000,,0.6,2.3
2026-09-05T17:07:48.400+00:00,B_sell_A_buy,0.8329,-5.0671,4441.69,4441.97,0.4366,0.1903,4442.34,4442.35,3.443,22.843,0.0004000000,,0.6,2.3
2026-09-05T17:07:49.477+00:00,A_sell_B_buy,-1.4858,-7.3858,4441.69,4441.97,0.4366,0.1903,4442.34,4442.35,0.754,21.927,0.0004000000,0.0000000000,1076.4,0.2
2026-09-05T17:07:49.477+00:00,B_sell_A_buy,0.8329,-5.0671,4441.69,4441.97,0.4366,0.1903,4442.34,4442.35,0.754,21.927,0.0004000000,0.0000000000,1076.4,0.2
2026-09-05T17:07:56.002+00:00,A_sell_B_buy,-1.8685,-7.7685,4441.52,4441.97,0.8028,0.1903,4442.34,4442.35,5.102,14.019,0.0004000000,0.0000000000,0.3,86.5
2026-09-05T17:07:56.002+00:00,B_sell_A_buy,0.8329,-5.0671,4441.52,4441.97,0.8028,0.1903,4442.34,4442.35,5.102,14.019,0.0004000000,0.0000000000,0.3,86.5
2026-09-05T17:07:57.010+00:00,A_sell_B_buy,-1.8235,-7.7235,4441.54,4441.97,0.4282,0.1903,4442.34,4442.35,10.504,13.103,0.0004000000,0.0000000000,22.8,0.2
2026-09-05T17:07:57.010+00:00,B_sell_A_buy,0.8329,-5.0671,4441.54,4441.97,0.4282,0.1903,4442.34,4442.35,10.504,13.103,0.0004000000,0.0000000000,22.8,0.2
2026-09-05T17:07:58.069+00:00,A_sell_B_buy,-1.8235,-7.7235,4441.54,4441.97,0.7496,0.1903,4442.34,4442.35,9.588,11.983,0.0004000000,0.0000000000,940.8,0.2
2026-09-05T17:07:58.069+00:00,B_sell_A_buy,0.8329,-5.0671,4441.54,4441.97,0.7496,0.1903,4442.34,4442.35,9.588,11.983,0.0004000000,0.0000000000,940.8,0.2
2026-09-05T17:08:02.477+00:00,A_sell_B_buy,-1.4408,-7.3408,4441.71,4441.97,0.2146,0.4464,4442.34,4442.35,6.674,27.089,0.0004000000,0.0000000000,0.2,7.5
2026-09-05T17:08:02.477+00:00,B_sell_A_buy,0.8329,-5.0671,4441.71,4441.97,0.2146,0.4464,4442.34,4442.35,6.674,27.089,0.0004000000,0.0000000000,0.2,7.5
2026-09-05T17:08:03.565+00:00,A_sell_B_buy,-1.8235,-7.7235,4441.54,4441.97,0.7496,0.4464,4442.34,4442.35,5.89,27.295,0.0004000000,0.0000000000,942.0,0.2
2026-09-05T17:08:03.565+00:00,B_sell_A_buy,0.8329,-5.0671,4441.54,4441.97,0.7496,0.4464,4442.34,4442.35,5.89,27.295,0.0004000000,0.0000000000,942.0,0.2
2026-09-05T17:08:07.628+00:00,A_sell_B_buy,-1.5308,-7.4308,4441.67,4441.97,0.2382,0.4464,4442.34,4442.35,3.171,24.007,0.0004000000,0.0000000000,0.3,56.1
2026-09-05T17:08:07.628+00:00,B_sell_A_buy,0.8329,-5.0671,4441.67,4441.97,0.2382,0.4464,4442.34,4442.35,3.171,24.007,0.0004000000,0.0000000000,0.3,56.1
2026-09-05T17:08:08.712+00:00,A_sell_B_buy,-1.5308,-7.4308,4441.67,4441.97,0.3352,0.4464,4442.34,4442.35,7.493,21.447,0.0004000000,0.0000000000,97.8,0.1
2026-09-05T17:08:08.712+00:00,B_sell_A_buy,0.8329,-5.0671,4441.67,4441.97,0.3352,0.4464,4442.34,4442.35,7.493,21.447,0.0004000000,0.0000000000,97.8,0.1
2026-09-05T17:08:09.770+00:00,A_sell_B_buy,-1.5308,-7.4308,4441.67,4441.97,0.2382,0.4464,4442.34,4442.35,7.93,20.419,0.0004000000,0.0000000000,146.7,0.2
2026-09-05T17:08:09.770+00:00,B_sell_A_buy,0.8329,-5.0671,4441.67,4441.97,0.2382,0.4464,4442.34,4442.35,7.93,20.419,0.0004000000,0.0000000000,146.7,0.2
2026-09-05T17:08:10.821+00:00,A_sell_B_buy,-1.5308,-7.4308,4441.67,4441.97,0.2382,0.4464,4442.34,4442.35,3.568,19.635,0.0004000000,0.0000000000,1198.1,0.2
2026-09-05T17:08:10.821+00:00,B_sell_A_buy,0.8329,-5.0671,4441.67,4441.97,0.2382,0.4464,4442.34,4442.35,3.568,19.635,0.0004000000,0.0000000000,1198.1,0.2
2026-09-05T17:08:12.629+00:00,A_sell_B_buy,-1.8235,-7.7235,4441.54,4441.97,0.7496,0.4464,4442.34,4442.35,2.908,16.24,0.0004000000,0.0000000000,0.2,21.6
2026-09-05T17:08:12.629+00:00,B_sell_A_buy,0.8329,-5.0671,4441.54,4441.97,0.7496,0.4464,4442.34,4442.35,2.908,16.24,0.0004000000,0.0000000000,0.2,21.6
2026-09-05T17:08:13.661+00:00,A_sell_B_buy,-1.8235,-7.7235,4441.54,4441.97,0.7496,0.4464,4442.34,4442.35,4.891,11.878,0.0004000000,0.0000000000,1032.7,0.1
2026-09-05T17:08:13.661+00:00,B_sell_A_buy,0.8329,-5.0671,4441.54,4441.97,0.7496,0.4464,4442.34,4442.35,4.891,11.878,0.0004000000,0.0000000000,1032.7,0.1
2026-09-05T17:08:17.629+00:00,A_sell_B_buy,-1.4633,-7.3633,4441.7,4441.97,0.2716,0.4464,4442.34,4442.35,8.673,6.17,0.0004000000,0.0000000000,0.2,6.5
2026-09-05T17:08:17.629+00:00,B_sell_A_buy,0.8329,-5.0671,4441.7,4441.97,0.2716,0.4464,4442.34,4442.35,8.673,6.17,0.0004000000,0.0000000000,0.2,6.5
2026-09-05T17:08:18.717+00:00,A_sell_B_buy,-1.4633,-7.3633,4441.7,4441.97,0.2716,0.4464,4442.34,4442.35,7.601,26.809,0.0004000000,0.0000000000,1087.9,0.2
2026-09-05T17:08:18.717+00:00,B_sell_A_buy,0.8329,-5.0671,4441.7,4441.97,0.2716,0.4464,4442.34,4442.35,7.601,26.809,0.0004000000,0.0000000000,1087.9,0.2
2026-09-05T17:08:19.722+00:00,A_sell_B_buy,-1.8235,-7.7235,4441.54,4441.97,0.7496,0.4464,4442.34,4442.35,7.915,22.659,0.0004000000,0.0000000000,682.5,0.2
2026-09-05T17:08:19.722+00:00,B_sell_A_buy,0.8329,-5.0671,4441.54,4441.97,0.7496,0.4464,4442.34,4442.35,7.915,22.659,0.0004000000,0.0000000000,682.5,0.2
2026-09-05T17:08:20.805+00:00,A_sell_B_buy,-1.8235,-7.7235,4441.54,4441.97,0.7496,0.4464,4442.34,4442.35,6.999,25.159,0.0004000000,0.0000000000,1764.7,0.1
2026-09-05T17:08:20.805+00:00,B_sell_A_buy,0.8329,-5.0671,4441.54,4441.97,0.7496,0.4464,4442.34,4442.35,6.999,25.159,0.0004000000,0.0000000000,1764.7,0.1
2026-09-05T17:08:21.814+00:00,A_sell_B_buy,-1.8235,-7.7235,4441.54,4441.97,0.7496,0.4202,4442.34,4442.35,6.215,24.243,0.0004000000,0.0000000000,962.0,0.2
2026-09-05T17:08:21.814+00:00,B_sell_A_buy,0.8329,-5.0671,4441.54,4441.97,0.7496,0.4202,4442.34,4442.35,6.215,24.243,0.0004000000,0.0000000000,962.0,0.2
2026-09-05T17:08:24.070+00:00,A_sell_B_buy,-1.5083,-7.4083,4441.68,4441.97,0.2806,0.4202,4442.34,4442.35,6.028,22.431,0.0004000000,0.0000000000,0.3,52.5
2026-09-05T17:08:24.070+00:00,B_sell_A_buy,0.8329,-5.0671,4441.68,4441.97,0.2806,0.4202,4442.34,4442.35,6.028,22.431,0.0004000000,0.0000000000,0.3,52.5
2026-09-05T17:08:25.126+00:00,A_sell_B_buy,-1.5083,-7.4083,4441.68,4441.97,0.2806,0.4202,4442.34,4442.35,5.224,21.647,0.0004000000,0.0000000000,1056.4,0.2
2026-09-05T17:08:25.126+00:00,B_sell_A_buy,0.8329,-5.0671,4441.68,4441.97,0.2806,0.4202,4442.34,4442.35,5.224,21.647,0.0004000000,0.0000000000,1056.4,0.2
2026-09-05T17:08:29.056+00:00,A_sell_B_buy,-1.8235,-7.7235,4441.54,4441.97,0.7496,0.4202,4442.34,4442.35,5.721,14.936,0.0004000000,0.0000000000,0.3,40.8
2026-09-05T17:08:29.056+00:00,B_sell_A_buy,0.8329,-5.0671,4441.54,4441.97,0.7496,0.4202,4442.34,4442.35,5.721,14.936,0.0004000000,0.0000000000,0.3,40.8
2026-09-05T17:08:30.107+00:00,A_sell_B_buy,-1.4633,-7.3633,4441.7,4441.97,0.2841,0.4202,4442.34,4442.35,5.049,14.132,0.0004000000,0.0000000000,136.9,0.2
2026-09-05T17:08:30.107+00:00,B_sell_A_buy,0.8329,-5.0671,4441.7,4441.97,0.2841,0.4202,4442.34,4442.35,5.049,14.132,0.0004000000,0.0000000000,136.9,0.2
2026-09-05T17:08:31.164+00:00,A_sell_B_buy,-1.8235,-7.7235,4441.54,4441.97,0.7496,0.4202,4442.34,4442.35,4.357,13.46,0.0004000000,0.0000000000,1014.1,0.2
2026-09-05T17:08:31.164+00:00,B_sell_A_buy,0.8329,-5.0671,4441.54,4441.97,0.7496,0.4202,4442.34,4442.35,4.357,13.46,0.0004000000,0.0000000000,1014.1,0.2
2026-09-05T17:08:34.821+00:00,A_sell_B_buy,-1.8010,-7.7010,4441.54,4441.97,0.4282,0.4202,4442.33,4442.34,6.336,25.13,0.0004000000,0.0000000000,0.2,12.6
2026-09-05T17:08:34.821+00:00,B_sell_A_buy,0.8104,-5.0896,4441.54,4441.97,0.4282,0.4202,4442.33,4442.34,6.336,25.13,0.0004000000,0.0000000000,0.2,12.6
2026-09-05T17:08:35.921+00:00,A_sell_B_buy,-1.5534,-7.4534,4441.49,4441.97,1.5296,0.4202,4442.17,4442.18,10.285,24.324,0.0004000000,0.0000000000,986.3,0.2
2026-09-05T17:08:35.921+00:00,B_sell_A_buy,0.4503,-5.4497,4441.49,4441.97,1.5296,0.4202,4442.17,4442.18,10.285,24.324,0.0004000000,0.0000000000,986.3,0.2
2026-09-05T17:08:39.821+00:00,A_sell_B_buy,-1.5534,-7.4534,4441.49,4441.97,0.638,0.4202,4442.17,4442.18,3.723,23.875,0.0004000000,0.0000000000,0.2,8.1
2026-09-05T17:08:39.821+00:00,B_sell_A_buy,0.4503,-5.4497,4441.49,4441.97,0.638,0.4202,4442.17,4442.18,3.723,23.875,0.0004000000,0.0000000000,0.2,8.1
2026-09-05T17:08:40.823+00:00,A_sell_B_buy,-1.5534,-7.4534,4441.49,4441.97,0.638,0.4202,4442.17,4442.18,2.807,22.979,0.0004000000,0.0000000000,1002.2,0.1
2026-09-05T17:08:40.823+00:00,B_sell_A_buy,0.4503,-5.4497,4441.49,4441.97,0.638,0.4202,4442.17,4442.18,2.807,22.979,0.0004000000,0.0000000000,1002.2,0.1
2026-09-05T17:08:41.917+00:00,A_sell_B_buy,-1.5759,-7.4759,4441.48,4441.97,1.3438,0.4202,4442.17,4442.18,2.023,21.178,0.0004000000,0.0000000000,790.7,0.2
2026-09-05T17:08:41.917+00:00,B_sell_A_buy,0.4503,-5.4497,4441.48,4441.97,1.3438,0.4202,4442.17,4442.18,2.023,21.178,0.0004000000,0.0000000000,790.7,0.2
2026-09-05T17:08:42.951+00:00,A_sell_B_buy,-1.5759,-7.4759,4441.48,4441.97,1.3438,0.4202,4442.17,4442.18,1.331,22.732,0.0004000000,0.0000000000,1824.9,0.1
2026-09-05T17:08:42.951+00:00,B_sell_A_buy,0.4503,-5.4497,4441.48,4441.97,1.3438,0.4202,4442.17,4442.18,1.331,22.732,0.0004000000,0.0000000000,1824.9,0.1
2026-09-05T17:08:44.824+00:00,A_sell_B_buy,-1.5759,-7.4759,4441.46,4441.97,0.2234,0.4202,4442.15,4442.16,10.492,27.692,0.0004000000,0.0000000000,0.2,7.5
2026-09-05T17:08:44.824+00:00,B_sell_A_buy,0.4052,-5.4948,4441.46,4441.97,0.2234,0.4202,4442.15,4442.16,10.492,27.692,0.0004000000,0.0000000000,0.2,7.5
2026-09-05T17:08:45.913+00:00,A_sell_B_buy,-1.5534,-7.4534,4441.47,4441.96,2.1876,0.1823,4442.15,4442.16,8.035,26.668,0.0004000000,0.0000000000,1031.7,0.2
2026-09-05T17:08:45.913+00:00,B_sell_A_buy,0.4277,-5.4723,4441.47,4441.96,2.1876,0.1823,4442.15,4442.16,8.035,26.668,0.0004000000,0.0000000000,1031.7,0.2
2026-09-05T17:08:46.916+00:00,A_sell_B_buy,-1.5534,-7.4534,4441.47,4441.96,1.5496,0.1823,4442.15,4442.16,8.42,25.759,0.0004000000,0.0000000000,652.5,0.3
2026-09-05T17:08:46.916+00:00,B_sell_A_buy,0.4277,-5.4723,4441.47,4441.96,1.5496,0.1823,4442.15,4442.16,8.42,25.759,0.0004000000,0.0000000000,652.5,0.3
2026-09-05T17:08:47.957+00:00,A_sell_B_buy,-1.5534,-7.4534,4441.47,4441.96,1.5496,0.1823,4442.15,4442.16,2.695,24.529,0.0004000000,0.0000000000,1694.0,0.2
2026-09-05T17:08:47.957+00:00,B_sell_A_buy,0.4277,-5.4723,4441.47,4441.96,1.5496,0.1823,4442.15,4442.16,2.695,24.529,0.0004000000,0.0000000000,1694.0,0.2
2026-09-05T17:08:48.961+00:00,A_sell_B_buy,-1.9587,-7.8587,4441.22,4441.96,0.0506,0.968,4441.27,4442.09,0.901,31.524,0.0004000000,0.0000000000,22.1,0.1
2026-09-05T17:08:48.961+00:00,B_sell_A_buy,-1.5535,-7.4535,4441.22,4441.96,0.0506,0.968,4441.27,4442.09,0.901,31.524,0.0004000000,0.0000000000,22.1,0.1
2026-09-05T17:08:50.016+00:00,A_sell_B_buy,-1.0807,-6.9807,4441.42,4441.8,0.5071,0.2612,4441.89,4441.9,9.269,19.486,0.0004000000,0.0000000000,332.1,0.2
2026-09-05T17:08:50.016+00:00,B_sell_A_buy,0.2026,-5.6974,4441.42,4441.8,0.5071,0.2612,4441.89,4441.9,9.269,19.486,0.0004000000,0.0000000000,332.1,0.2
2026-09-05T17:08:51.018+00:00,A_sell_B_buy,-1.0807,-6.9807,4441.42,4441.8,0.5071,0.2612,4441.89,4441.9,8.241,15.322,0.0004000000,0.0000000000,1333.7,0.2
2026-09-05T17:08:51.018+00:00,B_sell_A_buy,0.2026,-5.6974,4441.42,4441.8,0.5071,0.2612,4441.89,4441.9,8.241,15.322,0.0004000000,0.0000000000,1333.7,0.2
2026-09-05T17:08:52.895+00:00,A_sell_B_buy,-1.0807,-6.9807,4441.42,4441.8,0.3367,0.2612,4441.89,4441.9,6.745,20.963,0.0004000000,0.0000000000,0.3,129.9
2026-09-05T17:08:52.895+00:00,B_sell_A_buy,0.2026,-5.6974,4441.42,4441.8,0.3367,0.2612,4441.89,4441.9,6.745,20.963,0.0004000000,0.0000000000,0.3,129.9
2026-09-05T17:08:53.921+00:00,A_sell_B_buy,-1.0807,-6.9807,4441.42,4441.8,0.3367,0.2612,4441.89,4441.9,2.813,20.179,0.0004000000,0.0000000000,1026.1,0.2
2026-09-05T17:08:53.921+00:00,B_sell_A_buy,0.2026,-5.6974,4441.42,4441.8,0.3367,0.2612,4441.89,4441.9,2.813,20.179,0.0004000000,0.0000000000,1026.1,0.2
2026-09-05T17:08:54.952+00:00,A_sell_B_buy,-1.1032,-7.0032,4441.41,4441.8,0.6197,0.2612,4441.89,4441.9,2.253,19.375,0.0004000000,0.0000000000,493.7,0.2
2026-09-05T17:08:54.952+00:00,B_sell_A_buy,0.2026,-5.6974,4441.41,4441.8,0.6197,0.2612,4441.89,4441.9,2.253,19.375,0.0004000000,0.0000000000,493.7,0.2
2026-09-05T17:08:56.275+00:00,A_sell_B_buy,-1.1032,-7.0032,4441.41,4441.8,1.0403,0.2612,4441.89,4441.9,0.001,18.803,0.0004000000,0.0000000000,345.1,0.3
2026-09-05T17:08:56.275+00:00,B_sell_A_buy,0.2026,-5.6974,4441.41,4441.8,1.0403,0.2612,4441.89,4441.9,0.001,18.803,0.0004000000,0.0000000000,345.1,0.3
2026-09-05T17:08:57.312+00:00,A_sell_B_buy,-1.0807,-6.9807,4441.41,4441.8,1.0403,0.2612,4441.88,4441.89,10.292,26.014,0.0004000000,0.0000000000,1383.4,0.1
2026-09-05T17:08:57.312+00:00,B_sell_A_buy,0.1801,-5.7199,4441.41,4441.8,1.0403,0.2612,4441.88,4441.89,10.292,26.014,0.0004000000,0.0000000000,1383.4,0.1
2026-09-05T17:08:58.315+00:00,A_sell_B_buy,-1.0807,-6.9807,4441.41,4441.8,0.6197,0.2612,4441.88,4441.89,9.396,23.438,0.0004000000,0.0000000000,287.9,0.2
2026-09-05T17:08:58.315+00:00,B_sell_A_buy,0.1801,-5.7199,4441.41,4441.8,0.6197,0.2612,4441.88,4441.89,9.396,23.438,0.0004000000,0.0000000000,287.9,0.2
2026-09-05T17:08:59.322+00:00,A_sell_B_buy,-1.0807,-6.9807,4441.41,4441.8,0.6197,0.2612,4441.88,4441.89,8.5,22.522,0.0004000000,0.0000000000,1295.0,0.2
2026-09-05T17:08:59.322+00:00,B_sell_A_buy,0.1801,-5.7199,4441.41,4441.8,0.6197,0.2612,4441.88,4441.89,8.5,22.522,0.0004000000,0.0000000000,1295.0,0.2
2026-09-05T17:09:00.474+00:00,A_sell_B_buy,-0.8330,-6.7330,4441.52,4441.8,0.3716,0.2612,4441.88,4441.89,0.641,21.718,0.0004000000,0.0000000000,1042.0,0.2
2026-09-05T17:09:00.474+00:00,B_sell_A_buy,0.1801,-5.7199,4441.52,4441.8,0.3716,0.2612,4441.88,4441.89,0.641,21.718,0.0004000000,0.0000000000,1042.0,0.2
2026-09-05T17:09:04.977+00:00,A_sell_B_buy,-0.1351,-6.0351,4441.81,4441.93,0.7278,0.3144,4441.86,4441.87,4.024,21.866,0.0004000000,0.0000000000,0.2,20.4
2026-09-05T17:09:04.977+00:00,B_sell_A_buy,-0.1576,-6.0576,4441.81,4441.93,0.7278,0.3144,4441.86,4441.87,4.024,21.866,0.0004000000,0.0000000000,0.2,20.4
2026-09-05T17:09:06.012+00:00,A_sell_B_buy,-1.0131,-6.9131,4441.42,4441.92,0.3997,1.1362,4441.86,4441.87,3.24,21.073,0.0004000000,0.0000000000,219.0,0.2
2026-09-05T17:09:06.012+00:00,B_sell_A_buy,-0.1351,-6.0351,4441.42,4441.92,0.3997,1.1362,4441.86,4441.87,3.24,21.073,0.0004000000,0.0000000000,219.0,0.2
2026-09-05T17:09:07.166+00:00,A_sell_B_buy,-1.0131,-6.9131,4441.42,4441.92,0.3997,1.1362,4441.86,4441.87,2.456,20.057,0.0004000000,0.0000000000,1372.6,0.2
2026-09-05T17:09:07.166+00:00,B_sell_A_buy,-0.1351,-6.0351,4441.42,4441.92,0.3997,1.1362,4441.86,4441.87,2.456,20.057,0.0004000000,0.0000000000,1372.6,0.2
2026-09-05T17:09:09.401+00:00,A_sell_B_buy,-0.9906,-6.8906,4441.43,4441.92,0.6197,1.1362,4441.86,4441.87,10.702,16.965,0.0004000000,0.0000000000,0.3,87.7
2026-09-05T17:09:09.401+00:00,B_sell_A_buy,-0.1351,-6.0351,4441.43,4441.92,0.6197,1.1362,4441.86,4441.87,10.702,16.965,0.0004000000,0.0000000000,0.3,87.7
2026-09-05T17:09:10.410+00:00,A_sell_B_buy,-0.6979,-6.5979,4441.56,4441.92,0.1597,1.1362,4441.86,4441.87,6.155,16.065,0.0004000000,0.0000000000,89.9,0.1
2026-09-05T17:09:10.410+00:00,B_sell_A_buy,-0.1351,-6.0351,4441.56,4441.92,0.1597,1.1362,4441.86,4441.87,6.155,16.065,0.0004000000,0.0000000000,89.9,0.1
2026-09-05T17:09:11.476+00:00,A_sell_B_buy,-0.6979,-6.5979,4441.56,4441.92,0.1597,0.2126,4441.86,4441.87,6.854,15.165,0.0004000000,0.0000000000,952.1,0.1
2026-09-05T17:09:11.476+00:00,B_sell_A_buy,-0.1351,-6.0351,4441.56,4441.92,0.1597,0.2126,4441.86,4441.87,6.854,15.165,0.0004000000,0.0000000000,952.1,0.1
2026-09-05T17:09:12.513+00:00,A_sell_B_buy,-0.6979,-6.5979,4441.56,4441.92,0.1597,0.2126,4441.86,4441.87,11.26,14.266,0.0004000000,0.0000000000,1989.2,0.2
2026-09-05T17:09:12.513+00:00,B_sell_A_buy,-0.1351,-6.0351,4441.56,4441.92,0.1597,0.2126,4441.86,4441.87,11.26,14.266,0.0004000000,0.0000000000,1989.2,0.2
2026-09-05T17:09:13.564+00:00,A_sell_B_buy,-1.3058,-7.2058,4441.39,4441.87,0.6229,0.9239,4441.66,4441.97,9.369,0.02,0.0004000000,0.0000000000,329.4,0.1
2026-09-05T17:09:13.564+00:00,B_sell_A_buy,-0.4728,-6.3728,4441.39,4441.87,0.6229,0.9239,4441.66,4441.97,9.369,0.02,0.0004000000,0.0000000000,329.4,0.1
2026-09-05T17:09:14.635+00:00,A_sell_B_buy,-0.7655,-6.6655,4441.39,4441.78,0.6229,0.8875,4441.72,4441.73,9.031,25.295,0.0004000000,0.0000000000,0.3,123.7
2026-09-05T17:09:14.635+00:00,B_sell_A_buy,-0.1351,-6.0351,4441.39,4441.78,0.6229,0.8875,4441.72,4441.73,9.031,25.295,0.0004000000,0.0000000000,0.3,123.7
2026-09-05T17:09:15.668+00:00,A_sell_B_buy,-0.7655,-6.6655,4441.39,4441.77,0.6229,0.4591,4441.72,4441.73,8.135,24.58,0.0004000000,0.0000000000,985.8,0.1
2026-09-05T17:09:15.668+00:00,B_sell_A_buy,-0.1126,-6.0126,4441.39,4441.77,0.6229,0.4591,4441.72,4441.73,8.135,24.58,0.0004000000,0.0000000000,985.8,0.1
2026-09-05T17:09:18.635+00:00,A_sell_B_buy,-0.7655,-6.6655,4441.39,4441.78,0.6229,0.8875,4441.72,4441.73,5.159,20.854,0.0004000000,0.0000000000,0.2,74.4
2026-09-05T17:09:18.635+00:00,B_sell_A_buy,-0.1351,-6.0351,4441.39,4441.78,0.6229,0.8875,4441.72,4441.73,5.159,20.854,0.0004000000,0.0000000000,0.2,74.4
2026-09-05T17:09:19.668+00:00,A_sell_B_buy,-0.7655,-6.6655,4441.39,4441.78,0.6229,0.8875,4441.72,4441.73,0.872,19.956,0.0004000000,0.0000000000,1033.7,0.1
2026-09-05T17:09:19.668+00:00,B_sell_A_buy,-0.1351,-6.0351,4441.39,4441.78,0.6229,0.8875,4441.72,4441.73,0.872,19.956,0.0004000000,0.0000000000,1033.7,0.1
2026-09-05T17:09:20.690+00:00,A_sell_B_buy,-0.7655,-6.6655,4441.39,4441.77,0.6229,1.0514,4441.72,4441.73,9.502,19.06,0.0004000000,0.0000000000,0.2,32.9
2026-09-05T17:09:20.690+00:00,B_sell_A_buy,-0.1126,-6.0126,4441.39,4441.77,0.6229,1.0514,4441.72,4441.73,9.502,19.06,0.0004000000,0.0000000000,0.2,32.9
2026-09-05T17:09:21.760+00:00,A_sell_B_buy,-0.7655,-6.6655,4441.39,4441.77,0.6229,0.9388,4441.72,4441.73,8.494,14.261,0.0004000000,0.0000000000,457.2,0.2
2026-09-05T17:09:21.760+00:00,B_sell_A_buy,-0.1126,-6.0126,4441.39,4441.77,0.6229,0.9388,4441.72,4441.73,8.494,14.261,0.0004000000,0.0000000000,457.2,0.2
2026-09-05T17:09:22.818+00:00,A_sell_B_buy,-0.7655,-6.6655,4441.39,4441.77,0.6229,0.9388,4441.72,4441.73,7.71,13.253,0.0004000000,0.0000000000,1514.6,0.1
2026-09-05T17:09:22.818+00:00,B_sell_A_buy,-0.1126,-6.0126,4441.39,4441.77,0.6229,0.9388,4441.72,4441.73,7.71,13.253,0.0004000000,0.0000000000,1514.6,0.1
2026-09-05T17:09:23.851+00:00,A_sell_B_buy,-0.7655,-6.6655,4441.39,4441.64,0.6229,0.4776,4441.72,4441.73,3.283,12.469,0.0004000000,0.0000000000,213.2,0.1
2026-09-05T17:09:23.851+00:00,B_sell_A_buy,0.1801,-5.7199,4441.39,4441.64,0.6229,0.4776,4441.72,4441.73,3.283,12.469,0.0004000000,0.0000000000,213.2,0.1
2026-09-05T17:09:24.922+00:00,A_sell_B_buy,-0.7655,-6.6655,4441.39,4441.64,0.6229,0.4776,4441.72,4441.73,2.275,11.349,0.0004000000,0.0000000000,1283.6,0.1
2026-09-05T17:09:24.922+00:00,B_sell_A_buy,0.1801,-5.7199,4441.39,4441.64,0.6229,0.4776,4441.72,4441.73,2.275,11.349,0.0004000000,0.0000000000,1283.6,0.1
2026-09-05T17:09:41.022+00:00,A_sell_B_buy,-0.7655,-6.6655,4441.39,4441.64,0.621,0.4776,4441.72,4441.73,0.665,8.349,0.0004000000,0.0000000000,0.3,62.3
2026-09-05T17:09:41.022+00:00,B_sell_A_buy,0.1801,-5.7199,4441.39,4441.64,0.621,0.4776,4441.72,4441.73,0.665,8.349,0.0004000000,0.0000000000,0.3,62.3
2026-09-05T17:09:42.075+00:00,A_sell_B_buy,-0.7655,-6.6655,4441.39,4441.64,0.621,0.4776,4441.72,4441.73,10.109,7.565,0.0004000000,0.0000000000,1053.1,0.2
2026-09-05T17:09:42.075+00:00,B_sell_A_buy,0.1801,-5.7199,4441.39,4441.64,0.621,0.4776,4441.72,4441.73,10.109,7.565,0.0004000000,0.0000000000,1053.1,0.2
2026-09-05T17:10:19.568+00:00,A_sell_B_buy,-0.9456,-6.8456,4441.3,4441.64,1.9576,0.4776,4441.71,4441.72,2.532,26.072,0.0004000000,0.0000000000,0.3,705.4
2026-09-05T17:10:19.568+00:00,B_sell_A_buy,0.1576,-5.7424,4441.3,4441.64,1.9576,0.4776,4441.71,4441.72,2.532,26.072,0.0004000000,0.0000000000,0.3,705.4
2026-09-05T17:10:20.740+00:00,A_sell_B_buy,-1.3059,-7.2059,4441.14,4441.6,0.1256,0.8404,4441.71,4441.72,1.484,26.072,0.0004000000,0.0000000000,0.3,794.4
2026-09-05T17:10:20.740+00:00,B_sell_A_buy,0.2477,-5.6523,4441.14,4441.6,0.1256,0.8404,4441.71,4441.72,1.484,26.072,0.0004000000,0.0000000000,0.3,794.4
2026-09-05T17:10:21.862+00:00,A_sell_B_buy,-1.1933,-7.0933,4441.14,4441.59,0.1277,1.0849,4441.66,4441.67,4.662,27.338,0.0004000000,0.0000000000,498.5,0.3
2026-09-05T17:10:21.862+00:00,B_sell_A_buy,0.1576,-5.7424,4441.14,4441.59,0.1277,1.0849,4441.66,4441.67,4.662,27.338,0.0004000000,0.0000000000,498.5,0.3
2026-09-05T17:10:22.894+00:00,A_sell_B_buy,-1.2158,-7.1158,4441.13,4441.59,0.1022,1.0849,4441.66,4441.67,1.266,27.338,0.0004000000,0.0000000000,0.3,1032.6
2026-09-05T17:10:22.894+00:00,B_sell_A_buy,0.1576,-5.7424,4441.13,4441.59,0.1022,1.0849,4441.66,4441.67,1.266,27.338,0.0004000000,0.0000000000,0.3,1032.6
2026-09-05T17:10:27.955+00:00,A_sell_B_buy,-0.9456,-6.8456,4441.16,4441.59,0.9886,0.1582,4441.57,4441.58,11.982,21.695,0.0004000000,0.0000000000,0.3,1754.9
2026-09-05T17:10:27.955+00:00,B_sell_A_buy,-0.0450,-5.9450,4441.16,4441.59,0.9886,0.1582,4441.57,4441.58,11.982,21.695,0.0004000000,0.0000000000,0.3,1754.9
2026-09-05T17:10:29.301+00:00,A_sell_B_buy,-0.9456,-6.8456,4441.16,4441.59,0.9886,1.0866,4441.57,4441.58,10.586,19.289,0.0004000000,0.0000000000,1311.7,0.3
2026-09-05T17:10:29.301+00:00,B_sell_A_buy,-0.0450,-5.9450,4441.16,4441.59,0.9886,1.0866,4441.57,4441.58,10.586,19.289,0.0004000000,0.0000000000,1311.7,0.3
2026-09-05T17:10:32.955+00:00,A_sell_B_buy,-1.1483,-7.0483,4441.07,4441.59,0.0934,1.0866,4441.57,4441.58,7.089,17.893,0.0004000000,0.0000000000,0.4,830.0
2026-09-05T17:10:32.955+00:00,B_sell_A_buy,-0.0450,-5.9450,4441.07,4441.59,0.0934,1.0866,4441.57,4441.58,7.089,17.893,0.0004000000,0.0000000000,0.4,830.0
2026-09-05T17:10:34.061+00:00,A_sell_B_buy,-1.6662,-7.5662,4440.8,4441.46,2.3318,0.6179,4441.36,4441.54,9.239,22.965,0.0004000000,0.0000000000,581.1,0.2
2026-09-05T17:10:34.061+00:00,B_sell_A_buy,-0.2252,-6.1252,4440.8,4441.46,2.3318,0.6179,4441.36,4441.54,9.239,22.965,0.0004000000,0.0000000000,581.1,0.2
2026-09-05T17:10:35.206+00:00,A_sell_B_buy,-0.8106,-6.7106,4441.01,4441.46,1.0132,0.7612,4441.36,4441.37,9.239,22.419,0.0004000000,0.0000000000,351.4,0.3
2026-09-05T17:10:35.206+00:00,B_sell_A_buy,-0.2252,-6.1252,4441.01,4441.46,1.0132,0.7612,4441.36,4441.37,9.239,22.419,0.0004000000,0.0000000000,351.4,0.3
2026-09-05T17:10:36.321+00:00,A_sell_B_buy,-0.8106,-6.7106,4441.01,4441.46,1.0132,0.7612,4441.36,4441.37,5.754,22.419,0.0004000000,0.0000000000,1466.8,0.2
2026-09-05T17:10:36.321+00:00,B_sell_A_buy,-0.2252,-6.1252,4441.01,4441.46,1.0132,0.7612,4441.36,4441.37,5.754,22.419,0.0004000000,0.0000000000,1466.8,0.2
2026-09-05T17:10:39.640+00:00,A_sell_B_buy,-0.8106,-6.7106,4441.01,4441.31,1.0132,0.3173,4441.36,4441.37,7.889,22.419,0.0004000000,0.0000000000,0.3,21.9
2026-09-05T17:10:39.640+00:00,B_sell_A_buy,0.1126,-5.7874,4441.01,4441.31,1.0132,0.3173,4441.36,4441.37,7.889,22.419,0.0004000000,0.0000000000,0.3,21.9
2026-09-05T17:10:40.859+00:00,A_sell_B_buy,-0.8106,-6.7106,4441.01,4441.31,1.0132,0.3173,4441.36,4441.37,0.849,17.549,0.0004000000,0.0000000000,1219.9,0.2
2026-09-05T17:10:40.859+00:00,B_sell_A_buy,0.1126,-5.7874,4441.01,4441.31,1.0132,0.3173,4441.36,4441.37,0.849,17.549,0.0004000000,0.0000000000,1219.9,0.2
2026-09-05T17:10:44.638+00:00,A_sell_B_buy,-0.7655,-6.6655,4441.01,4441.46,1.0132,0.7612,4441.34,4441.35,9.233,19.456,0.0004000000,0.0000000000,0.3,931.7
2026-09-05T17:10:44.638+00:00,B_sell_A_buy,-0.2702,-6.1702,4441.01,4441.46,1.0132,0.7612,4441.34,4441.35,9.233,19.456,0.0004000000,0.0000000000,0.3,931.7
2026-09-05T17:10:45.960+00:00,A_sell_B_buy,-0.7655,-6.6655,4441.01,4441.46,1.0132,0.7612,4441.34,4441.35,7.862,19.456,0.0004000000,0.0000000000,1322.9,0.2
2026-09-05T17:10:45.960+00:00,B_sell_A_buy,-0.2702,-6.1702,4441.01,4441.46,1.0132,0.7612,4441.34,4441.35,7.862,19.456,0.0004000000,0.0000000000,1322.9,0.2
2026-09-05T17:10:49.642+00:00,A_sell_B_buy,-0.7655,-6.6655,4441.01,4441.34,1.0132,0.3104,4441.34,4441.35,4.438,14.661,0.0004000000,0.0000000000,0.3,127.8
2026-09-05T17:10:49.642+00:00,B_sell_A_buy,0.0000,-5.9000,4441.01,4441.34,1.0132,0.3104,4441.34,4441.35,4.438,14.661,0.0004000000,0.0000000000,0.3,127.8
2026-09-05T17:10:51.234+00:00,A_sell_B_buy,-0.7655,-6.6655,4441.01,4441.34,1.013,0.2893,4441.34,4441.35,0.992,14.661,0.0004000000,0.0000000000,0.3,724.6
2026-09-05T17:10:51.234+00:00,B_sell_A_buy,0.0000,-5.9000,4441.01,4441.34,1.013,0.2893,4441.34,4441.35,0.992,14.661,0.0004000000,0.0000000000,0.3,724.6
2026-09-05T17:10:53.210+00:00,A_sell_B_buy,-0.7655,-6.6655,4441.01,4441.34,1.013,0.2893,4441.34,4441.35,0.992,11.215,0.0004000000,0.0000000000,1975.0,0.2
2026-09-05T17:10:53.210+00:00,B_sell_A_buy,0.0000,-5.9000,4441.01,4441.34,1.013,0.2893,4441.34,4441.35,0.992,11.215,0.0004000000,0.0000000000,1975.0,0.2
2026-09-05T17:10:54.215+00:00,A_sell_B_buy,-0.5404,-6.4404,4440.84,4441.25,0.638,0.777,4441.07,4441.08,12.617,20.137,0.0004000000,0.0000000000,399.6,0.1
2026-09-05T17:10:54.215+00:00,B_sell_A_buy,-0.4053,-6.3053,4440.84,4441.25,0.638,0.777,4441.07,4441.08,12.617,20.137,0.0004000000,0.0000000000,399.6,0.1
2026-09-05T17:10:55.335+00:00,A_sell_B_buy,-0.5629,-6.4629,4440.83,4441.13,1.9772,1.3073,4441.07,4441.08,12.617,20.107,0.0004000000,0.0000000000,0.3,1061.5
2026-09-05T17:10:55.335+00:00,B_sell_A_buy,-0.1351,-6.0351,4440.83,4441.13,1.9772,1.3073,4441.07,4441.08,12.617,20.107,0.0004000000,0.0000000000,0.3,1061.5
2026-09-05T17:11:00.968+00:00,A_sell_B_buy,-1.4637,-7.3637,4440.42,4441.13,0.1432,1.3073,4441.06,4441.07,0.225,22.107,0.0004000000,0.0000000000,0.2,2.6
2026-09-05T17:11:00.968+00:00,B_sell_A_buy,-0.1576,-6.0576,4440.42,4441.13,0.1432,1.3073,4441.06,4441.07,0.225,22.107,0.0004000000,0.0000000000,0.2,2.6
2026-09-05T17:11:02.960+00:00,A_sell_B_buy,-0.8557,-6.7557,4440.69,4441.12,0.638,0.7816,4441.06,4441.07,3.615,22.107,0.0004000000,0.0000000000,1758.6,0.2
2026-09-05T17:11:02.960+00:00,B_sell_A_buy,-0.1351,-6.0351,4440.69,4441.12,0.638,0.7816,4441.06,4441.07,3.615,22.107,0.0004000000,0.0000000000,1758.6,0.2
2026-09-05T17:11:04.199+00:00,A_sell_B_buy,-0.8557,-6.7557,4440.69,4441.23,0.638,1.2676,4441.01,4441.07,4.059,20.671,0.0004000000,0.0000000000,252.8,0.2
2026-09-05T17:11:04.199+00:00,B_sell_A_buy,-0.4954,-6.3954,4440.69,4441.23,0.638,1.2676,4441.01,4441.07,4.059,20.671,0.0004000000,0.0000000000,252.8,0.2
2026-09-05T17:11:05.363+00:00,A_sell_B_buy,-0.7431,-6.6431,4440.69,4441.23,0.638,1.2676,4441.01,4441.02,17.243,22.037,0.0004000000,0.0000000000,1416.7,0.2
2026-09-05T17:11:05.363+00:00,B_sell_A_buy,-0.4954,-6.3954,4440.69,4441.23,0.638,1.2676,4441.01,4441.02,17.243,22.037,0.0004000000,0.0000000000,1416.7,0.2
2026-09-05T17:11:07.997+00:00,A_sell_B_buy,-0.7431,-6.6431,4440.69,4441.04,0.638,0.2126,4441.01,4441.02,11.862,21.812,0.0004000000,0.0000000000,0.3,984.1
2026-09-05T17:11:07.997+00:00,B_sell_A_buy,-0.0676,-5.9676,4440.69,4441.04,0.638,0.2126,4441.01,4441.02,11.862,21.812,0.0004000000,0.0000000000,0.3,984.1
2026-09-05T17:11:09.213+00:00,A_sell_B_buy,-0.6980,-6.5980,4440.71,4441.23,0.6197,1.2676,4441.01,4441.02,8.035,21.812,0.0004000000,0.0000000000,784.4,0.2
2026-09-05T17:11:09.213+00:00,B_sell_A_buy,-0.4954,-6.3954,4440.71,4441.23,0.6197,1.2676,4441.01,4441.02,8.035,21.812,0.0004000000,0.0000000000,784.4,0.2
2026-09-05T17:11:10.400+00:00,A_sell_B_buy,-0.6980,-6.5980,4440.71,4441.23,0.6197,1.2676,4441.01,4441.02,8.035,18.415,0.0004000000,0.0000000000,1970.6,0.2
2026-09-05T17:11:10.400+00:00,B_sell_A_buy,-0.4954,-6.3954,4440.71,4441.23,0.6197,1.2676,4441.01,4441.02,8.035,18.415,0.0004000000,0.0000000000,1970.6,0.2
2026-09-05T17:11:13.493+00:00,A_sell_B_buy,-0.6530,-6.5530,4440.71,4441.01,0.6197,0.1836,4440.99,4441.0,13.023,21.57,0.0004000000,0.0000000000,0.3,227.9
2026-09-05T17:11:13.493+00:00,B_sell_A_buy,-0.0450,-5.9450,4440.71,4441.01,0.6197,0.1836,4440.99,4441.0,13.023,21.57,0.0004000000,0.0000000000,0.3,227.9
2026-09-05T17:11:14.578+00:00,A_sell_B_buy,-0.6530,-6.5530,4440.71,4441.23,0.6197,1.2676,4440.99,4441.0,14.494,21.57,0.0004000000,0.0000000000,0.2,104.8
2026-09-05T17:11:14.578+00:00,B_sell_A_buy,-0.5404,-6.4404,4440.71,4441.23,0.6197,1.2676,4440.99,4441.0,14.494,21.57,0.0004000000,0.0000000000,0.2,104.8
2026-09-05T17:11:15.661+00:00,A_sell_B_buy,-0.6530,-6.5530,4440.71,4441.23,0.6197,1.2676,4440.99,4441.0,9.653,21.57,0.0004000000,0.0000000000,1083.2,0.2
2026-09-05T17:11:15.661+00:00,B_sell_A_buy,-0.5404,-6.4404,4440.71,4441.23,0.6197,1.2676,4440.99,4441.0,9.653,21.57,0.0004000000,0.0000000000,1083.2,0.2
2026-09-05T17:11:17.086+00:00,A_sell_B_buy,-0.6530,-6.5530,4440.71,4441.02,0.6197,0.1958,4440.99,4441.0,9.653,21.57,0.0004000000,0.0000000000,0.3,1425.2
2026-09-05T17:11:17.086+00:00,B_sell_A_buy,-0.0676,-5.9676,4440.71,4441.02,0.6197,0.1958,4440.99,4441.0,9.653,21.57,0.0004000000,0.0000000000,0.3,1425.2
2026-09-05T17:11:18.262+00:00,A_sell_B_buy,-0.6530,-6.5530,4440.71,4441.23,0.6197,1.2676,4440.99,4441.0,7.952,20.111,0.0004000000,0.0000000000,420.9,0.2
2026-09-05T17:11:18.262+00:00,B_sell_A_buy,-0.5404,-6.4404,4440.71,4441.23,0.6197,1.2676,4440.99,4441.0,7.952,20.111,0.0004000000,0.0000000000,420.9,0.2
2026-09-05T17:11:19.390+00:00,A_sell_B_buy,-0.6530,-6.5530,4440.71,4441.01,0.6197,0.1802,4440.99,4441.0,7.952,16.729,0.0004000000,0.0000000000,0.4,984.2
2026-09-05T17:11:19.390+00:00,B_sell_A_buy,-0.0450,-5.9450,4440.71,4441.01,0.6197,0.1802,4440.99,4441.0,7.952,16.729,0.0004000000,0.0000000000,0.4,984.2
2026-09-05T17:11:21.201+00:00,A_sell_B_buy,-0.6530,-6.5530,4440.71,4441.01,0.6197,0.1802,4440.96,4441.0,1.266,16.729,0.0004000000,0.0000000000,1810.3,0.2
2026-09-05T17:11:21.201+00:00,B_sell_A_buy,-0.1126,-6.0126,4440.71,4441.01,0.6197,0.1802,4440.96,4441.0,1.266,16.729,0.0004000000,0.0000000000,1810.3,0.2
2026-09-05T17:11:22.453+00:00,A_sell_B_buy,-0.5855,-6.4855,4440.71,4440.97,0.6197,0.2086,4440.85,4440.97,15.067,22.349,0.0004000000,0.0000000000,958.8,0.2
2026-09-05T17:11:22.453+00:00,B_sell_A_buy,-0.2702,-6.1702,4440.71,4440.97,0.6197,0.2086,4440.85,4440.97,15.067,22.349,0.0004000000,0.0000000000,958.8,0.2
2026-09-05T17:11:23.466+00:00,A_sell_B_buy,-0.3378,-6.2378,4440.71,4441.2,0.6197,1.0788,4440.85,4440.86,18.476,1.266,0.0004000000,0.0000000000,30.0,0.1
2026-09-05T17:11:23.466+00:00,B_sell_A_buy,-0.7881,-6.6881,4440.71,4441.2,0.6197,1.0788,4440.85,4440.86,18.476,1.266,0.0004000000,0.0000000000,30.0,0.1
2026-09-05T17:11:25.565+00:00,A_sell_B_buy,-0.3603,-6.2603,4440.71,4441.02,0.4387,0.943,4440.86,4440.87,13.805,0.579,0.0004000000,0.0000000000,1367.6,0.2
2026-09-05T17:11:25.565+00:00,B_sell_A_buy,-0.3603,-6.2603,4440.71,4441.02,0.4387,0.943,4440.86,4440.87,13.805,0.579,0.0004000000,0.0000000000,1367.6,0.2
2026-09-05T17:11:30.481+00:00,A_sell_B_buy,-0.4954,-6.3954,4440.71,4441.01,0.4387,0.1126,4440.92,4440.93,13.369,21.799,0.0004000000,0.0000000000,0.2,208.2
2026-09-05T17:11:30.481+00:00,B_sell_A_buy,-0.2027,-6.1027,4440.71,4441.01,0.4387,0.1126,4440.92,4440.93,13.369,21.799,0.0004000000,0.0000000000,0.2,208.2
2026-09-05T17:11:31.514+00:00,A_sell_B_buy,-0.4954,-6.3954,4440.71,4441.01,0.4387,0.8829,4440.92,4440.93,9.776,21.799,0.0004000000,0.0000000000,978.0,0.1
2026-09-05T17:11:31.514+00:00,B_sell_A_buy,-0.2027,-6.1027,4440.71,4441.01,0.4387,0.8829,4440.92,4440.93,9.776,21.799,0.0004000000,0.0000000000,978.0,0.1
2026-09-05T17:11:32.952+00:00,A_sell_B_buy,-0.4954,-6.3954,4440.71,4441.01,0.4387,0.7703,4440.92,4440.93,8.281,21.799,0.0004000000,0.0000000000,0.3,298.2
2026-09-05T17:11:32.952+00:00,B_sell_A_buy,-0.2027,-6.1027,4440.71,4441.01,0.4387,0.7703,4440.92,4440.93,8.281,21.799,0.0004000000,0.0000000000,0.3,298.2
2026-09-05T17:11:38.111+00:00,A_sell_B_buy,-0.4954,-6.3954,4440.71,4441.02,0.4387,0.943,4440.92,4440.93,4.744,20.247,0.0004000000,0.0000000000,0.3,1856.3
2026-09-05T17:11:38.111+00:00,B_sell_A_buy,-0.2252,-6.1252,4440.71,4441.02,0.4387,0.943,4440.92,4440.93,4.744,20.247,0.0004000000,0.0000000000,0.3,1856.3
2026-09-05T17:11:39.704+00:00,A_sell_B_buy,-0.4954,-6.3954,4440.71,4441.02,0.4387,0.1264,4440.92,4440.93,6.157,16.71,0.0004000000,0.0000000000,870.7,0.2
2026-09-05T17:11:39.704+00:00,B_sell_A_buy,-0.2252,-6.1252,4440.71,4441.02,0.4387,0.1264,4440.92,4440.93,6.157,16.71,0.0004000000,0.0000000000,870.7,0.2
2026-09-05T17:11:41.726+00:00,A_sell_B_buy,-0.4954,-6.3954,4440.71,4441.02,0.2711,0.1264,4440.92,4440.93,11.771,16.71,0.0004000000,0.0000000000,0.3,675.0
2026-09-05T17:11:41.726+00:00,B_sell_A_buy,-0.2252,-6.1252,4440.71,4441.02,0.2711,0.1264,4440.92,4440.93,11.771,16.71,0.0004000000,0.0000000000,0.3,675.0
2026-09-05T17:11:43.657+00:00,A_sell_B_buy,-0.4954,-6.3954,4440.71,4441.01,0.2711,0.1126,4440.92,4440.93,11.771,15.428,0.0004000000,0.0000000000,1506.3,0.2
2026-09-05T17:11:43.657+00:00,B_sell_A_buy,-0.2027,-6.1027,4440.71,4441.01,0.2711,0.1126,4440.92,4440.93,11.771,15.428,0.0004000000,0.0000000000,1506.3,0.2
2026-09-05T17:11:55.252+00:00,A_sell_B_buy,-0.4954,-6.3954,4440.71,4441.01,0.2711,0.1124,4440.92,4440.93,12.358,23.438,0.0004000000,0.0000000000,0.3,151.9
2026-09-05T17:11:55.252+00:00,B_sell_A_buy,-0.2027,-6.1027,4440.71,4441.01,0.2711,0.1124,4440.92,4440.93,12.358,23.438,0.0004000000,0.0000000000,0.3,151.9
2026-09-05T17:11:57.163+00:00,A_sell_B_buy,-0.4954,-6.3954,4440.71,4441.02,0.2711,0.1262,4440.92,4440.93,15.907,23.438,0.0004000000,0.0000000000,1709.5,0.3
2026-09-05T17:11:57.163+00:00,B_sell_A_buy,-0.2252,-6.1252,4440.71,4441.02,0.2711,0.1262,4440.92,4440.93,15.907,23.438,0.0004000000,0.0000000000,1709.5,0.3
2026-09-05T17:12:17.990+00:00,A_sell_B_buy,-0.4954,-6.3954,4440.71,4441.02,0.2711,1.1123,4440.92,4440.93,5.046,9.612,0.0004000000,0.0000000000,0.3,788.1
2026-09-05T17:12:17.990+00:00,B_sell_A_buy,-0.2252,-6.1252,4440.71,4441.02,0.2711,1.1123,4440.92,4440.93,5.046,9.612,0.0004000000,0.0000000000,0.3,788.1
2026-09-05T17:12:19.072+00:00,A_sell_B_buy,-0.4954,-6.3954,4440.71,4441.02,0.2711,0.1262,4440.92,4440.93,5.046,9.612,0.0004000000,0.0000000000,1012.8,0.2
2026-09-05T17:12:19.072+00:00,B_sell_A_buy,-0.2252,-6.1252,4440.71,4441.02,0.2711,0.1262,4440.92,4440.93,5.046,9.612,0.0004000000,0.0000000000,1012.8,0.2
2026-09-05T17:12:20.471+00:00,A_sell_B_buy,-0.4954,-6.3954,4440.71,4441.02,0.2711,0.9874,4440.92,4440.93,10.128,6.117,0.0004000000,0.0000000000,0.2,167.2
2026-09-05T17:12:20.471+00:00,B_sell_A_buy,-0.2252,-6.1252,4440.71,4441.02,0.2711,0.9874,4440.92,4440.93,10.128,6.117,0.0004000000,0.0000000000,0.2,167.2
2026-09-05T17:12:21.651+00:00,A_sell_B_buy,-0.4954,-6.3954,4440.71,4441.02,0.2711,0.1262,4440.92,4440.93,8.656,6.117,0.0004000000,0.0000000000,0.3,893.7
2026-09-05T17:12:21.651+00:00,B_sell_A_buy,-0.2252,-6.1252,4440.71,4441.02,0.2711,0.1262,4440.92,4440.93,8.656,6.117,0.0004000000,0.0000000000,0.3,893.7
2026-09-05T17:12:23.115+00:00,A_sell_B_buy,-0.4954,-6.3954,4440.71,4441.02,0.2711,0.1262,4440.92,4440.93,8.656,2.731,0.0004000000,0.0000000000,1464.7,0.3
2026-09-05T17:12:23.115+00:00,B_sell_A_buy,-0.2252,-6.1252,4440.71,4441.02,0.2711,0.1262,4440.92,4440.93,8.656,2.731,0.0004000000,0.0000000000,1464.7,0.3
2026-09-05T17:12:34.569+00:00,A_sell_B_buy,-0.4954,-6.3954,4440.71,4441.02,0.2707,0.1262,4440.92,4440.93,4.186,14.548,0.0004000000,0.0000000000,63.8,0.2
2026-09-05T17:12:34.569+00:00,B_sell_A_buy,-0.2252,-6.1252,4440.71,4441.02,0.2707,0.1262,4440.92,4440.93,4.186,14.548,0.0004000000,0.0000000000,63.8,0.2
2026-09-05T17:12:35.612+00:00,A_sell_B_buy,-0.4954,-6.3954,4440.71,4441.01,0.2707,0.1126,4440.92,4440.93,4.186,10.927,0.0004000000,0.0000000000,810.3,0.2
2026-09-05T17:12:35.612+00:00,B_sell_A_buy,-0.2027,-6.1027,4440.71,4441.01,0.2707,0.1126,4440.92,4440.93,4.186,10.927,0.0004000000,0.0000000000,810.3,0.2
2026-09-05T17:12:51.152+00:00,A_sell_B_buy,-0.4954,-6.3954,4440.71,4441.02,0.2707,0.1262,4440.92,4440.93,8.857,1.266,0.0004000000,0.0000000000,0.3,888.3
2026-09-05T17:12:51.152+00:00,B_sell_A_buy,-0.2252,-6.1252,4440.71,4441.02,0.2707,0.1262,4440.92,4440.93,8.857,1.266,0.0004000000,0.0000000000,0.3,888.3
2026-09-05T17:12:52.758+00:00,A_sell_B_buy,-0.5179,-6.4179,4440.71,4441.02,0.2707,0.1262,4440.92,4440.94,6.996,1.689,0.0004000000,0.0000000000,1606.0,0.2
2026-09-05T17:12:52.758+00:00,B_sell_A_buy,-0.2252,-6.1252,4440.71,4441.02,0.2707,0.1262,4440.92,4440.94,6.996,1.689,0.0004000000,0.0000000000,1606.0,0.2
2026-09-05T17:13:00.386+00:00,A_sell_B_buy,-0.5629,-6.4629,4440.71,4441.02,0.2707,0.1258,4440.95,4440.96,12.756,1.266,0.0004000000,0.0000000000,0.3,1451.7
2026-09-05T17:13:00.386+00:00,B_sell_A_buy,-0.1576,-6.0576,4440.71,4441.02,0.2707,0.1258,4440.95,4440.96,12.756,1.266,0.0004000000,0.0000000000,0.3,1451.7
2026-09-05T17:13:01.597+00:00,A_sell_B_buy,-0.7206,-6.6206,4440.71,4441.02,0.2707,0.1258,4440.95,4441.03,14.579,1.689,0.0004000000,0.0000000000,1212.6,0.3
2026-09-05T17:13:01.597+00:00,B_sell_A_buy,-0.1576,-6.0576,4440.71,4441.02,0.2707,0.1258,4440.95,4441.03,14.579,1.689,0.0004000000,0.0000000000,1212.6,0.3
2026-09-05T17:13:44.469+00:00,A_sell_B_buy,-0.6980,-6.5980,4440.71,4441.21,0.2707,1.1459,4441.01,4441.02,1.757,1.689,0.0004000000,0.0000000000,0.2,9.2
2026-09-05T17:13:44.469+00:00,B_sell_A_buy,-0.4504,-6.3504,4440.71,4441.21,0.2707,1.1459,4441.01,4441.02,1.757,1.689,0.0004000000,0.0000000000,0.2,9.2
2026-09-05T17:13:45.599+00:00,A_sell_B_buy,-0.9232,-6.8232,4440.97,4441.29,0.6444,0.4265,4441.02,4441.38,1.757,1.689,0.0004000000,0.0000000000,820.9,0.1
2026-09-05T17:13:45.599+00:00,B_sell_A_buy,-0.6079,-6.5079,4440.97,4441.29,0.6444,0.4265,4441.02,4441.38,1.757,1.689,0.0004000000,0.0000000000,820.9,0.1
2026-09-05T17:13:46.605+00:00,A_sell_B_buy,-1.0358,-6.9358,4440.97,4441.29,0.6444,0.4265,4441.03,4441.43,1.689,1.689,0.0004000000,0.0000000000,1827.2,0.1
2026-09-05T17:13:46.605+00:00,B_sell_A_buy,-0.5854,-6.4854,4440.97,4441.29,0.6444,0.4265,4441.03,4441.43,1.689,1.689,0.0004000000,0.0000000000,1827.2,0.1
2026-09-05T17:13:47.615+00:00,A_sell_B_buy,-1.0357,-6.9357,4440.97,4441.33,1.7748,0.1406,4441.42,4441.43,2.859,2.955,0.0004000000,0.0000000000,125.3,0.1
2026-09-05T17:13:47.615+00:00,B_sell_A_buy,0.2026,-5.6974,4440.97,4441.33,1.7748,0.1406,4441.42,4441.43,2.859,2.955,0.0004000000,0.0000000000,125.3,0.1
2026-09-05T17:13:49.168+00:00,A_sell_B_buy,-0.5404,-6.4404,4441.19,4441.33,1.6023,0.1406,4441.42,4441.43,1.478,1.196,0.0004000000,0.0000000000,735.1,0.2
2026-09-05T17:13:49.168+00:00,B_sell_A_buy,0.2026,-5.6974,4441.19,4441.33,1.6023,0.1406,4441.42,4441.43,1.478,1.196,0.0004000000,0.0000000000,735.1,0.2
2026-09-05T17:13:50.169+00:00,A_sell_B_buy,-0.5404,-6.4404,4441.19,4441.33,0.9579,0.1406,4441.3,4441.43,1.266,1.196,0.0004000000,0.0000000000,899.0,0.2
2026-09-05T17:13:50.169+00:00,B_sell_A_buy,-0.0675,-5.9675,4441.19,4441.33,0.9579,0.1406,4441.3,4441.43,1.266,1.196,0.0004000000,0.0000000000,899.0,0.2
2026-09-05T17:13:51.256+00:00,A_sell_B_buy,-0.5404,-6.4404,4441.19,4441.33,0.7859,0.1406,4441.25,4441.43,0.02,1.196,0.0004000000,0.0000000000,988.4,0.2
2026-09-05T17:13:51.256+00:00,B_sell_A_buy,-0.1801,-6.0801,4441.19,4441.33,0.7859,0.1406,4441.25,4441.43,0.02,1.196,0.0004000000,0.0000000000,988.4,0.2
2026-09-05T17:13:52.264+00:00,A_sell_B_buy,-0.6980,-6.5980,4441.19,4441.33,0.7859,0.1406,4441.29,4441.5,1.266,1.266,0.0004000000,0.0000000000,1997.0,0.3
2026-09-05T17:13:52.264+00:00,B_sell_A_buy,-0.0901,-5.9901,4441.19,4441.33,0.7859,0.1406,4441.29,4441.5,1.266,1.266,0.0004000000,0.0000000000,1997.0,0.3
2026-09-05T17:13:53.265+00:00,A_sell_B_buy,-0.3377,-6.2377,4441.3,4441.33,1.3482,0.1406,4441.29,4441.45,1.266,1.266,0.0004000000,0.0000000000,678.8,0.2
2026-09-05T17:13:53.265+00:00,B_sell_A_buy,-0.0901,-5.9901,4441.3,4441.33,1.3482,0.1406,4441.29,4441.45,1.266,1.266,0.0004000000,0.0000000000,678.8,0.2
2026-09-05T17:13:54.322+00:00,A_sell_B_buy,-0.5179,-6.4179,4441.3,4441.33,0.3754,0.1406,4441.04,4441.53,0.167,1.689,0.0004000000,0.0000000000,780.1,0.2
2026-09-05T17:13:54.322+00:00,B_sell_A_buy,-0.6530,-6.5530,4441.3,4441.33,0.3754,0.1406,4441.04,4441.53,0.167,1.689,0.0004000000,0.0000000000,780.1,0.2
2026-09-05T17:13:55.348+00:00,A_sell_B_buy,-0.9006,-6.8006,4441.19,4441.33,0.7859,0.1406,4441.08,4441.59,1.689,7.211,0.0004000000,0.0000000000,882.1,0.1
2026-09-05T17:13:55.348+00:00,B_sell_A_buy,-0.5629,-6.4629,4441.19,4441.33,0.7859,0.1406,4441.08,4441.59,1.689,7.211,0.0004000000,0.0000000000,882.1,0.1
2026-09-05T17:13:56.354+00:00,A_sell_B_buy,-0.7430,-6.6430,4441.19,4441.33,0.7859,0.1406,4441.07,4441.52,1.266,1.689,0.0004000000,0.0000000000,1888.9,0.2
2026-09-05T17:13:56.354+00:00,B_sell_A_buy,-0.5854,-6.4854,4441.19,4441.33,0.7859,0.1406,4441.07,4441.52,1.266,1.689,0.0004000000,0.0000000000,1888.9,0.2
2026-09-05T17:13:57.529+00:00,A_sell_B_buy,-0.7430,-6.6430,4441.17,4441.33,0.6845,0.1406,4441.12,4441.5,1.689,1.266,0.0004000000,0.0000000000,0.2,173.4
2026-09-05T17:13:57.529+00:00,B_sell_A_buy,-0.4728,-6.3728,4441.17,4441.33,0.6845,0.1406,4441.12,4441.5,1.689,1.266,0.0004000000,0.0000000000,0.2,173.4
2026-09-05T17:13:58.603+00:00,A_sell_B_buy,-0.7430,-6.6430,4441.32,4441.33,0.8159,0.1406,4441.2,4441.65,1.856,1.266,0.0004000000,0.0000000000,712.7,0.1
2026-09-05T17:13:58.603+00:00,B_sell_A_buy,-0.2927,-6.1927,4441.32,4441.33,0.8159,0.1406,4441.2,4441.65,1.856,1.266,0.0004000000,0.0000000000,712.7,0.1
2026-09-05T17:13:59.610+00:00,A_sell_B_buy,-0.7205,-6.6205,4441.32,4441.75,0.8159,0.1301,4441.1,4441.64,28.256,1.266,0.0004000000,0.0000000000,25.7,0.1
2026-09-05T17:13:59.610+00:00,B_sell_A_buy,-1.4635,-7.3635,4441.32,4441.75,0.8159,0.1301,4441.1,4441.64,28.256,1.266,0.0004000000,0.0000000000,25.7,0.1
2026-09-05T17:14:00.668+00:00,A_sell_B_buy,-0.3152,-6.2152,4441.5,4441.75,0.2571,0.1301,4441.63,4441.64,1.988,2.532,0.0004000000,0.0000000000,0.2,57.5
2026-09-05T17:14:00.668+00:00,B_sell_A_buy,-0.2702,-6.1702,4441.5,4441.75,0.2571,0.1301,4441.63,4441.64,1.988,2.532,0.0004000000,0.0000000000,0.2,57.5
2026-09-05T17:14:01.762+00:00,A_sell_B_buy,-0.9681,-6.8681,4441.34,4441.75,0.9421,0.1301,4441.76,4441.77,0.136,31.531,0.0004000000,0.0000000000,919.5,0.1
2026-09-05T17:14:01.762+00:00,B_sell_A_buy,0.0225,-5.8775,4441.34,4441.75,0.9421,0.1301,4441.76,4441.77,0.136,31.531,0.0004000000,0.0000000000,919.5,0.1
2026-09-05T17:14:03.558+00:00,A_sell_B_buy,-0.5628,-6.4628,4441.52,4441.75,0.1028,0.1301,4441.76,4441.77,0.136,31.531,0.0004000000,0.0000000000,0.3,1795.6
2026-09-05T17:14:03.558+00:00,B_sell_A_buy,0.0225,-5.8775,4441.52,4441.75,0.1028,0.1301,4441.76,4441.77,0.136,31.531,0.0004000000,0.0000000000,0.3,1795.6
2026-09-05T17:14:31.005+00:00,A_sell_B_buy,-0.6528,-6.5528,4442.54,4442.63,0.0441,0.6333,4442.6,4442.83,1.266,34.252,0.0004000000,0.0000000000,0.3,87.3
2026-09-05T17:14:31.005+00:00,B_sell_A_buy,-0.0675,-5.9675,4442.54,4442.63,0.0441,0.6333,4442.6,4442.83,1.266,34.252,0.0004000000,0.0000000000,0.3,87.3
2026-09-05T17:14:32.659+00:00,A_sell_B_buy,-0.6302,-6.5302,4442.55,4442.63,0.0444,0.6333,4442.82,4442.83,3.369,30.88,0.0004000000,0.0000000000,0.3,1137.1
2026-09-05T17:14:32.659+00:00,B_sell_A_buy,0.4277,-5.4723,4442.55,4442.63,0.0444,0.6333,4442.82,4442.83,3.369,30.88,0.0004000000,0.0000000000,0.3,1137.1
2026-09-05T17:14:33.664+00:00,A_sell_B_buy,-0.5627,-6.4627,4442.58,4442.63,0.4299,0.6333,4442.82,4442.83,3.369,30.88,0.0004000000,0.0000000000,819.0,0.2
2026-09-05T17:14:33.664+00:00,B_sell_A_buy,0.4277,-5.4723,4442.58,4442.63,0.4299,0.6333,4442.82,4442.83,3.369,30.88,0.0004000000,0.0000000000,819.0,0.2
2026-09-05T17:14:34.667+00:00,A_sell_B_buy,-0.5627,-6.4627,4442.58,4442.63,0.4299,0.6333,4442.82,4442.83,3.532,30.661,0.0004000000,0.0000000000,1822.6,0.1
2026-09-05T17:14:34.667+00:00,B_sell_A_buy,0.4277,-5.4723,4442.58,4442.63,0.4299,0.6333,4442.82,4442.83,3.532,30.661,0.0004000000,0.0000000000,1822.6,0.1
2026-09-05T17:14:35.706+00:00,A_sell_B_buy,-0.5627,-6.4627,4442.58,4442.63,0.9084,0.6333,4442.82,4442.83,1.532,30.661,0.0004000000,0.0000000000,0.3,890.1
2026-09-05T17:14:35.706+00:00,B_sell_A_buy,0.4277,-5.4723,4442.58,4442.63,0.9084,0.6333,4442.82,4442.83,1.532,30.661,0.0004000000,0.0000000000,0.3,890.1
2026-09-05T17:14:37.326+00:00,A_sell_B_buy,-0.6302,-6.5302,4442.58,4442.63,0.4299,0.6333,4442.84,4442.86,0.219,1.266,0.0004000000,0.0000000000,0.3,760.3
2026-09-05T17:14:37.326+00:00,B_sell_A_buy,0.4727,-5.4273,4442.58,4442.63,0.4299,0.6333,4442.84,4442.86,0.219,1.266,0.0004000000,0.0000000000,0.3,760.3
2026-09-05T17:14:38.357+00:00,A_sell_B_buy,-0.5402,-6.4402,4442.5,4442.63,1.4019,0.6333,4442.73,4442.74,1.516,26.635,0.0004000000,0.0000000000,255.4,0.1
2026-09-05T17:14:38.357+00:00,B_sell_A_buy,0.2251,-5.6749,4442.5,4442.63,1.4019,0.6333,4442.73,4442.74,1.516,26.635,0.0004000000,0.0000000000,255.4,0.1
2026-09-05T17:14:39.472+00:00,A_sell_B_buy,-0.5402,-6.4402,4442.5,4442.63,1.4019,0.6333,4442.73,4442.74,1.385,32.442,0.0004000000,0.0000000000,1370.5,0.3
2026-09-05T17:14:39.472+00:00,B_sell_A_buy,0.2251,-5.6749,4442.5,4442.63,1.4019,0.6333,4442.73,4442.74,1.385,32.442,0.0004000000,0.0000000000,1370.5,0.3
2026-09-05T17:14:41.011+00:00,A_sell_B_buy,-0.4727,-6.3727,4442.52,4442.75,0.0624,0.6181,4442.72,4442.73,0.372,31.792,0.0004000000,0.0000000000,912.8,0.2
2026-09-05T17:14:41.011+00:00,B_sell_A_buy,-0.0675,-5.9675,4442.52,4442.75,0.0624,0.6181,4442.72,4442.73,0.372,31.792,0.0004000000,0.0000000000,912.8,0.2
2026-09-05T17:14:42.019+00:00,A_sell_B_buy,-0.4727,-6.3727,4442.52,4442.75,0.0692,0.6181,4442.72,4442.73,2.618,31.792,0.0004000000,0.0000000000,0.3,898.0
2026-09-05T17:14:42.019+00:00,B_sell_A_buy,-0.0675,-5.9675,4442.52,4442.75,0.0692,0.6181,4442.72,4442.73,2.618,31.792,0.0004000000,0.0000000000,0.3,898.0
2026-09-05T17:14:43.063+00:00,A_sell_B_buy,-0.4502,-6.3502,4442.53,4442.75,0.0697,0.6181,4442.72,4442.73,0.372,31.792,0.0004000000,0.0000000000,0.3,601.2
2026-09-05T17:14:43.063+00:00,B_sell_A_buy,-0.0675,-5.9675,4442.53,4442.75,0.0697,0.6181,4442.72,4442.73,0.372,31.792,0.0004000000,0.0000000000,0.3,601.2
2026-09-05T17:14:44.726+00:00,A_sell_B_buy,-0.4502,-6.3502,4442.52,4442.75,0.0701,0.6181,4442.71,4442.72,1.073,3.166,0.0004000000,0.0000000000,1141.6,0.2
2026-09-05T17:14:44.726+00:00,B_sell_A_buy,-0.0900,-5.9900,4442.52,4442.75,0.0701,0.6181,4442.71,4442.72,1.073,3.166,0.0004000000,0.0000000000,1141.6,0.2
2026-09-05T17:14:46.864+00:00,A_sell_B_buy,-0.4727,-6.3727,4442.52,4442.75,0.0704,0.6181,4442.63,4442.73,1.688,33.095,0.0004000000,0.0000000000,1443.2,0.2
2026-09-05T17:14:46.864+00:00,B_sell_A_buy,-0.2701,-6.1701,4442.52,4442.75,0.0704,0.6181,4442.63,4442.73,1.688,33.095,0.0004000000,0.0000000000,1443.2,0.2
2026-09-05T17:14:48.093+00:00,A_sell_B_buy,-0.3376,-6.2376,4442.49,4442.75,0.0718,0.6181,4442.63,4442.64,1.688,28.112,0.0004000000,0.0000000000,0.3,637.9
2026-09-05T17:14:48.093+00:00,B_sell_A_buy,-0.2701,-6.1701,4442.49,4442.75,0.0718,0.6181,4442.63,4442.64,1.688,28.112,0.0004000000,0.0000000000,0.3,637.9
2026-09-05T17:14:49.140+00:00,A_sell_B_buy,-0.4952,-6.3952,4442.42,4442.75,0.0602,0.6181,4442.63,4442.64,1.688,28.112,0.0004000000,0.0000000000,0.3,1685.0
2026-09-05T17:14:49.140+00:00,B_sell_A_buy,-0.2701,-6.1701,4442.42,4442.75,0.0602,0.6181,4442.63,4442.64,1.688,28.112,0.0004000000,0.0000000000,0.3,1685.0
2026-09-05T17:14:50.214+00:00,A_sell_B_buy,-0.9904,-6.8904,4442.18,4442.75,2.2054,0.6181,4442.61,4442.62,7.224,28.586,0.0004000000,0.0000000000,76.3,0.3
2026-09-05T17:14:50.214+00:00,B_sell_A_buy,-0.3151,-6.2151,4442.18,4442.75,2.2054,0.6181,4442.61,4442.62,7.224,28.586,0.0004000000,0.0000000000,76.3,0.3
2026-09-05T17:14:51.519+00:00,A_sell_B_buy,-0.6303,-6.5303,4442.34,4442.75,0.3543,0.6181,4442.61,4442.62,1.287,29.852,0.0004000000,0.0000000000,381.9,0.2
2026-09-05T17:14:51.519+00:00,B_sell_A_buy,-0.3151,-6.2151,4442.34,4442.75,0.3543,0.6181,4442.61,4442.62,1.287,29.852,0.0004000000,0.0000000000,381.9,0.2
2026-09-05T17:14:53.048+00:00,A_sell_B_buy,-0.3827,-6.2827,4442.39,4442.75,0.3732,0.6181,4442.55,4442.56,0.901,32.209,0.0004000000,0.0000000000,0.3,636.6
2026-09-05T17:14:53.048+00:00,B_sell_A_buy,-0.4502,-6.3502,4442.39,4442.75,0.3732,0.6181,4442.55,4442.56,0.901,32.209,0.0004000000,0.0000000000,0.3,636.6
2026-09-05T17:14:54.281+00:00,A_sell_B_buy,-0.3376,-6.2376,4442.41,4442.75,0.2812,0.6181,4442.55,4442.56,0.901,32.209,0.0004000000,0.0000000000,0.3,1869.9
2026-09-05T17:14:54.281+00:00,B_sell_A_buy,-0.4502,-6.3502,4442.41,4442.75,0.2812,0.6181,4442.55,4442.56,0.901,32.209,0.0004000000,0.0000000000,0.3,1869.9
2026-09-05T17:14:55.315+00:00,A_sell_B_buy,-0.1801,-6.0801,4442.45,4442.75,0.4086,0.6181,4442.5,4442.53,9.905,27.048,0.0004000000,0.0000000000,475.7,0.2
2026-09-05T17:14:55.315+00:00,B_sell_A_buy,-0.5627,-6.4627,4442.45,4442.75,0.4086,0.6181,4442.5,4442.53,9.905,27.048,0.0004000000,0.0000000000,475.7,0.2
2026-09-05T17:14:58.156+00:00,A_sell_B_buy,-0.1576,-6.0576,4442.45,4442.75,1.1017,0.6181,4442.51,4442.52,1.287,32.88,0.0004000000,0.0000000000,0.3,853.2
2026-09-05T17:14:58.156+00:00,B_sell_A_buy,-0.5402,-6.4402,4442.45,4442.75,1.1017,0.6181,4442.51,4442.52,1.287,32.88,0.0004000000,0.0000000000,0.3,853.2
2026-09-05T17:14:59.172+00:00,A_sell_B_buy,-0.3827,-6.2827,4442.45,4442.75,0.4086,0.6181,4442.51,4442.62,1.266,33.328,0.0004000000,0.0000000000,250.9,0.2
2026-09-05T17:14:59.172+00:00,B_sell_A_buy,-0.5402,-6.4402,4442.45,4442.75,0.4086,0.6181,4442.51,4442.62,1.266,33.328,0.0004000000,0.0000000000,250.9,0.2
2026-09-05T17:15:00.344+00:00,A_sell_B_buy,-0.4052,-6.3052,4442.34,4442.75,0.2916,0.6181,4442.51,4442.52,1.91,30.569,0.0004000000,0.0000000000,0.3,279.7
2026-09-05T17:15:00.344+00:00,B_sell_A_buy,-0.5402,-6.4402,4442.34,4442.75,0.2916,0.6181,4442.51,4442.52,1.91,30.569,0.0004000000,0.0000000000,0.3,279.7
2026-09-05T17:15:01.953+00:00,A_sell_B_buy,-0.4052,-6.3052,4442.34,4442.75,0.2916,0.6181,4442.51,4442.52,1.493,31.883,0.0004000000,0.0000000000,1608.3,0.2
2026-09-05T17:15:01.953+00:00,B_sell_A_buy,-0.5402,-6.4402,4442.34,4442.75,0.2916,0.6181,4442.51,4442.52,1.493,31.883,0.0004000000,0.0000000000,1608.3,0.2
2026-09-05T17:15:03.664+00:00,A_sell_B_buy,-0.0675,-5.9675,4442.48,4442.75,0.3594,0.6181,4442.5,4442.51,9.905,34.257,0.0004000000,0.0000000000,0.2,58.0
2026-09-05T17:15:03.664+00:00,B_sell_A_buy,-0.5627,-6.4627,4442.48,4442.75,0.3594,0.6181,4442.5,4442.51,9.905,34.257,0.0004000000,0.0000000000,0.2,58.0
2026-09-05T17:15:04.666+00:00,A_sell_B_buy,-0.3827,-6.2827,4442.34,4442.75,0.2916,0.6181,4442.5,4442.51,9.905,33.843,0.0004000000,0.0000000000,557.8,0.2
2026-09-05T17:15:04.666+00:00,B_sell_A_buy,-0.5627,-6.4627,4442.34,4442.75,0.2916,0.6181,4442.5,4442.51,9.905,33.843,0.0004000000,0.0000000000,557.8,0.2
2026-09-05T17:15:05.917+00:00,A_sell_B_buy,-0.4502,-6.3502,4442.26,4442.65,0.0702,0.6333,4442.45,4442.46,2.759,33.589,0.0004000000,0.0000000000,346.3,0.2
2026-09-05T17:15:05.917+00:00,B_sell_A_buy,-0.4502,-6.3502,4442.26,4442.65,0.0702,0.6333,4442.45,4442.46,2.759,33.589,0.0004000000,0.0000000000,346.3,0.2
2026-09-05T17:15:06.967+00:00,A_sell_B_buy,-0.0450,-5.9450,4441.98,4442.3,0.6814,0.9589,4441.99,4442.0,2.167,29.072,0.0004000000,0.0000000000,680.2,0.2
2026-09-05T17:15:06.967+00:00,B_sell_A_buy,-0.6979,-6.5979,4441.98,4442.3,0.6814,0.9589,4441.99,4442.0,2.167,29.072,0.0004000000,0.0000000000,680.2,0.2
2026-09-05T17:15:11.942+00:00,A_sell_B_buy,-0.4728,-6.3728,4441.76,4442.3,0.0594,0.9589,4441.96,4441.97,5.489,25.487,0.0004000000,0.0000000000,0.3,923.9
2026-09-05T17:15:11.942+00:00,B_sell_A_buy,-0.7654,-6.6654,4441.76,4442.3,0.0594,0.9589,4441.96,4441.97,5.489,25.487,0.0004000000,0.0000000000,0.3,923.9
2026-09-05T17:15:13.053+00:00,A_sell_B_buy,-0.5178,-6.4178,4441.74,4442.29,0.0711,0.9541,4441.96,4441.97,5.259,23.994,0.0004000000,0.0000000000,0.3,520.1
2026-09-05T17:15:13.053+00:00,B_sell_A_buy,-0.7429,-6.6429,4441.74,4442.29,0.0711,0.9541,4441.96,4441.97,5.259,23.994,0.0004000000,0.0000000000,0.3,520.1
2026-09-05T17:15:14.107+00:00,A_sell_B_buy,-0.9230,-6.8230,4441.55,4442.1,0.0709,0.1208,4441.83,4441.96,1.266,0.02,0.0004000000,0.0000000000,78.3,0.1
2026-09-05T17:15:14.107+00:00,B_sell_A_buy,-0.6079,-6.5079,4441.55,4442.1,0.0709,0.1208,4441.83,4441.96,1.266,0.02,0.0004000000,0.0000000000,78.3,0.1
2026-09-05T17:15:15.172+00:00,A_sell_B_buy,-0.1576,-6.0576,4441.53,4442.02,0.8291,0.9237,4441.59,4441.6,10.675,26.261,0.0004000000,0.0000000000,577.5,0.1
2026-09-05T17:15:15.172+00:00,B_sell_A_buy,-0.9681,-6.8681,4441.53,4442.02,0.8291,0.9237,4441.59,4441.6,10.675,26.261,0.0004000000,0.0000000000,577.5,0.1
2026-09-05T17:15:16.270+00:00,A_sell_B_buy,-0.1801,-6.0801,4441.52,4442.01,1.7089,0.2183,4441.59,4441.6,20.58,27.949,0.0004000000,0.0000000000,229.7,0.2
2026-09-05T17:15:16.270+00:00,B_sell_A_buy,-0.9456,-6.8456,4441.52,4442.01,1.7089,0.2183,4441.59,4441.6,20.58,27.949,0.0004000000,0.0000000000,229.7,0.2
2026-09-05T17:15:18.139+00:00,A_sell_B_buy,-0.4278,-6.3278,4441.41,4442.01,0.072,0.2183,4441.59,4441.6,9.108,29.215,0.0004000000,0.0000000000,0.2,20.6
2026-09-05T17:15:18.139+00:00,B_sell_A_buy,-0.9456,-6.8456,4441.41,4442.01,0.072,0.2183,4441.59,4441.6,9.108,29.215,0.0004000000,0.0000000000,0.2,20.6
2026-09-05T17:15:19.262+00:00,A_sell_B_buy,-0.3602,-6.2602,4441.44,4441.81,0.9699,1.0763,4441.57,4441.6,0.225,29.215,0.0004000000,0.0000000000,774.8,0.2
2026-09-05T17:15:19.262+00:00,B_sell_A_buy,-0.5403,-6.4403,4441.44,4441.81,0.9699,1.0763,4441.57,4441.6,0.225,29.215,0.0004000000,0.0000000000,774.8,0.2
2026-09-05T17:15:20.317+00:00,A_sell_B_buy,-0.4053,-6.3053,4441.14,4441.81,1.8764,1.0763,4441.31,4441.32,34.856,26.579,0.0004000000,0.0000000000,0.3,82.6
2026-09-05T17:15:20.317+00:00,B_sell_A_buy,-1.1258,-7.0258,4441.14,4441.81,1.8764,1.0763,4441.31,4441.32,34.856,26.579,0.0004000000,0.0000000000,0.3,82.6
2026-09-05T17:15:21.918+00:00,A_sell_B_buy,-0.0675,-5.9675,4441.29,4441.78,0.9889,1.0397,4441.31,4441.32,32.752,25.037,0.0004000000,0.0000000000,733.8,0.2
2026-09-05T17:15:21.918+00:00,B_sell_A_buy,-1.0582,-6.9582,4441.29,4441.78,0.9889,1.0397,4441.31,4441.32,32.752,25.037,0.0004000000,0.0000000000,733.8,0.2
2026-09-05T17:15:23.388+00:00,A_sell_B_buy,-0.0675,-5.9675,4441.29,4441.55,0.9889,0.2941,4441.31,4441.32,29.368,22.199,0.0004000000,0.0000000000,0.2,26.5
2026-09-05T17:15:23.388+00:00,B_sell_A_buy,-0.5404,-6.4404,4441.29,4441.55,0.9889,0.2941,4441.31,4441.32,29.368,22.199,0.0004000000,0.0000000000,0.2,26.5
2026-09-05T17:15:25.059+00:00,A_sell_B_buy,-0.0675,-5.9675,4441.29,4441.78,0.9889,1.0397,4441.31,4441.32,29.557,21.478,0.0004000000,0.0000000000,1517.5,0.2
2026-09-05T17:15:25.059+00:00,B_sell_A_buy,-1.0582,-6.9582,4441.29,4441.78,0.9889,1.0397,4441.31,4441.32,29.557,21.478,0.0004000000,0.0000000000,1517.5,0.2
2026-09-05T17:15:26.314+00:00,A_sell_B_buy,0.0225,-5.8775,4441.33,4441.59,1.0528,0.2888,4441.31,4441.32,27.557,11.537,0.0004000000,0.0000000000,428.9,0.2
2026-09-05T17:15:26.314+00:00,B_sell_A_buy,-0.6304,-6.5304,4441.33,4441.59,1.0528,0.2888,4441.31,4441.32,27.557,11.537,0.0004000000,0.0000000000,428.9,0.2
2026-09-05T17:15:27.770+00:00,A_sell_B_buy,0.0225,-5.8775,4441.33,4441.59,1.0528,0.2888,4441.31,4441.32,26.836,2.954,0.0004000000,0.0000000000,1883.9,0.2
2026-09-05T17:15:27.770+00:00,B_sell_A_buy,-0.6304,-6.5304,4441.33,4441.59,1.0528,0.2888,4441.31,4441.32,26.836,2.954,0.0004000000,0.0000000000,1883.9,0.2
2026-09-05T17:15:30.882+00:00,A_sell_B_buy,0.0225,-5.8775,4441.33,4441.78,1.0528,1.0397,4441.31,4441.32,39.843,2.954,0.0004000000,0.0000000000,0.3,117.4
2026-09-05T17:15:30.882+00:00,B_sell_A_buy,-1.0582,-6.9582,4441.33,4441.78,1.0528,1.0397,4441.31,4441.32,39.843,2.954,0.0004000000,0.0000000000,0.3,117.4
2026-09-05T17:15:33.912+00:00,A_sell_B_buy,0.0225,-5.8775,4441.33,4441.78,1.0528,0.0411,4441.31,4441.32,38.967,5.908,0.0004000000,0.0000000000,0.3,186.2
2026-09-05T17:15:33.912+00:00,B_sell_A_buy,-1.0582,-6.9582,4441.33,4441.78,1.0528,0.0411,4441.31,4441.32,38.967,5.908,0.0004000000,0.0000000000,0.3,186.2
2026-09-05T17:15:35.506+00:00,A_sell_B_buy,0.0225,-5.8775,4441.33,4441.78,1.0323,0.985,4441.31,4441.32,10.713,2.454,0.0004000000,0.0000000000,879.4,0.2
2026-09-05T17:15:35.506+00:00,B_sell_A_buy,-1.0582,-6.9582,4441.33,4441.78,1.0323,0.985,4441.31,4441.32,10.713,2.454,0.0004000000,0.0000000000,879.4,0.2
2026-09-05T17:15:37.074+00:00,A_sell_B_buy,0.0225,-5.8775,4441.33,4441.6,1.0323,0.3549,4441.31,4441.32,7.211,2.454,0.0004000000,0.0000000000,1187.2,0.2
2026-09-05T17:15:37.074+00:00,B_sell_A_buy,-0.6529,-6.5529,4441.33,4441.6,1.0323,0.3549,4441.31,4441.32,7.211,2.454,0.0004000000,0.0000000000,1187.2,0.2
2026-09-05T17:15:38.948+00:00,A_sell_B_buy,0.0225,-5.8775,4441.33,4441.8,1.0323,0.9106,4441.31,4441.32,5.259,2.454,0.0004000000,0.0000000000,0.2,130.9
2026-09-05T17:15:38.948+00:00,B_sell_A_buy,-1.1032,-7.0032,4441.33,4441.8,1.0323,0.9106,4441.31,4441.32,5.259,2.454,0.0004000000,0.0000000000,0.2,130.9
2026-09-05T17:15:40.010+00:00,A_sell_B_buy,-0.0901,-5.9901,4441.34,4441.81,0.5162,0.5826,4441.31,4441.38,30.727,1.266,0.0004000000,0.0000000000,323.3,0.2
2026-09-05T17:15:40.010+00:00,B_sell_A_buy,-1.1258,-7.0258,4441.34,4441.81,0.5162,0.5826,4441.31,4441.38,30.727,1.266,0.0004000000,0.0000000000,323.3,0.2
2026-09-05T17:15:41.965+00:00,A_sell_B_buy,-0.0901,-5.9901,4441.34,4441.81,0.3352,0.5826,4441.37,4441.38,32.532,2.758,0.0004000000,0.0000000000,1763.0,0.3
2026-09-05T17:15:41.965+00:00,B_sell_A_buy,-0.9907,-6.8907,4441.34,4441.81,0.3352,0.5826,4441.37,4441.38,32.532,2.758,0.0004000000,0.0000000000,1763.0,0.3
2026-09-05T17:15:44.133+00:00,A_sell_B_buy,-0.3377,-6.2377,4441.34,4441.81,0.3352,0.4632,4441.48,4441.49,3.192,1.266,0.0004000000,0.0000000000,0.3,609.0
2026-09-05T17:15:44.133+00:00,B_sell_A_buy,-0.7430,-6.6430,4441.34,4441.81,0.3352,0.4632,4441.48,4441.49,3.192,1.266,0.0004000000,0.0000000000,0.3,609.0
2026-09-05T17:15:45.173+00:00,A_sell_B_buy,-0.4953,-6.3953,4441.54,4441.89,0.7432,0.5843,4441.75,4441.76,1.926,1.266,0.0004000000,0.0000000000,0.3,703.7
2026-09-05T17:15:45.173+00:00,B_sell_A_buy,-0.3152,-6.2152,4441.54,4441.89,0.7432,0.5843,4441.75,4441.76,1.926,1.266,0.0004000000,0.0000000000,0.3,703.7
2026-09-05T17:15:47.282+00:00,A_sell_B_buy,-0.4953,-6.3953,4441.54,4441.88,0.7432,0.1126,4441.71,4441.76,1.192,1.135,0.0004000000,0.0000000000,0.3,1171.0
2026-09-05T17:15:47.282+00:00,B_sell_A_buy,-0.3827,-6.2827,4441.54,4441.88,0.7432,0.1126,4441.71,4441.76,1.192,1.135,0.0004000000,0.0000000000,0.3,1171.0
2026-09-05T17:15:48.366+00:00,A_sell_B_buy,-0.6754,-6.5754,4441.54,4441.88,0.6967,0.1126,4441.73,4441.84,1.688,34.24,0.0004000000,0.0000000000,375.7,0.1
2026-09-05T17:15:48.366+00:00,B_sell_A_buy,-0.3377,-6.2377,4441.54,4441.88,0.6967,0.1126,4441.73,4441.84,1.688,34.24,0.0004000000,0.0000000000,375.7,0.1
2026-09-05T17:15:49.418+00:00,A_sell_B_buy,-0.5853,-6.4853,4441.55,4442.21,0.4484,0.7666,4441.8,4441.81,22.512,0.649,0.0004000000,0.0000000000,215.2,0.2
2026-09-05T17:15:49.418+00:00,B_sell_A_buy,-0.9230,-6.8230,4441.55,4442.21,0.4484,0.7666,4441.8,4441.81,22.512,0.649,0.0004000000,0.0000000000,215.2,0.2
2026-09-05T17:15:50.622+00:00,A_sell_B_buy,-0.8330,-6.7330,4441.76,4441.99,0.0455,0.3665,4442.04,4442.13,28.252,27.032,0.0004000000,0.0000000000,403.1,0.2
2026-09-05T17:15:50.622+00:00,B_sell_A_buy,0.1126,-5.7874,4441.76,4441.99,0.0455,0.3665,4442.04,4442.13,28.252,27.032,0.0004000000,0.0000000000,403.1,0.2
2026-09-05T17:15:51.672+00:00,A_sell_B_buy,-0.7654,-6.6654,4441.76,4441.99,0.0498,0.3665,4442.04,4442.1,28.252,27.032,0.0004000000,0.0000000000,409.3,0.2
2026-09-05T17:15:51.672+00:00,B_sell_A_buy,0.1126,-5.7874,4441.76,4441.99,0.0498,0.3665,4442.04,4442.1,28.252,27.032,0.0004000000,0.0000000000,409.3,0.2
2026-09-05T17:15:52.795+00:00,A_sell_B_buy,-1.3733,-7.2733,4441.49,4441.99,0.094,0.3665,4442.09,4442.1,1.676,33.818,0.0004000000,0.0000000000,0.3,135.7
2026-09-05T17:15:52.795+00:00,B_sell_A_buy,0.2251,-5.6749,4441.49,4441.99,0.094,0.3665,4442.09,4442.1,1.676,33.818,0.0004000000,0.0000000000,0.3,135.7
2026-09-05T17:15:53.815+00:00,A_sell_B_buy,-0.5629,-6.4629,4441.29,4441.68,0.632,0.9687,4441.47,4441.54,1.688,24.67,0.0004000000,0.0000000000,151.4,0.2
2026-09-05T17:15:53.815+00:00,B_sell_A_buy,-0.4728,-6.3728,4441.29,4441.68,0.632,0.9687,4441.47,4441.54,1.688,24.67,0.0004000000,0.0000000000,151.4,0.2
2026-09-05T17:15:56.214+00:00,A_sell_B_buy,-0.5404,-6.4404,4441.29,4441.67,0.632,0.6564,4441.52,4441.53,1.266,26.449,0.0004000000,0.0000000000,0.3,1895.2
2026-09-05T17:15:56.214+00:00,B_sell_A_buy,-0.3377,-6.2377,4441.29,4441.67,0.632,0.6564,4441.52,4441.53,1.266,26.449,0.0004000000,0.0000000000,0.3,1895.2
2026-09-05T17:15:58.075+00:00,A_sell_B_buy,-0.5178,-6.4178,4441.29,4441.67,0.632,0.6564,4441.49,4441.52,0.224,28.602,0.0004000000,0.0000000000,1860.5,0.3
2026-09-05T17:15:58.075+00:00,B_sell_A_buy,-0.4053,-6.3053,4441.29,4441.67,0.632,0.6564,4441.49,4441.52,0.224,28.602,0.0004000000,0.0000000000,1860.5,0.3
2026-09-05T17:15:59.162+00:00,A_sell_B_buy,-0.3602,-6.2602,4441.26,4441.65,0.632,0.6852,4441.21,4441.42,17.01,7.209,0.0004000000,0.0000000000,580.6,0.2
2026-09-05T17:15:59.162+00:00,B_sell_A_buy,-0.9907,-6.8907,4441.26,4441.65,0.632,0.6852,4441.21,4441.42,17.01,7.209,0.0004000000,0.0000000000,580.6,0.2
2026-09-05T17:16:00.164+00:00,A_sell_B_buy,0.0901,-5.8099,4441.26,4441.65,0.632,0.6852,4441.21,4441.22,21.24,27.272,0.0004000000,0.0000000000,1582.2,0.2
2026-09-05T17:16:00.164+00:00,B_sell_A_buy,-0.9907,-6.8907,4441.26,4441.65,0.632,0.6852,4441.21,4441.22,21.24,27.272,0.0004000000,0.0000000000,1582.2,0.2
2026-09-05T17:16:03.549+00:00,A_sell_B_buy,0.0901,-5.8099,4441.26,4441.6,0.632,0.3337,4441.21,4441.22,32.149,27.141,0.0004000000,0.0000000000,0.3,1228.0
2026-09-05T17:16:03.549+00:00,B_sell_A_buy,-0.8781,-6.7781,4441.26,4441.6,0.632,0.3337,4441.21,4441.22,32.149,27.141,0.0004000000,0.0000000000,0.3,1228.0
2026-09-05T17:16:06.567+00:00,A_sell_B_buy,0.1351,-5.7649,4441.28,4441.66,0.6198,0.1203,4441.21,4441.22,30.149,27.141,0.0004000000,0.0000000000,35.1,0.1
2026-09-05T17:16:06.567+00:00,B_sell_A_buy,-1.0132,-6.9132,4441.28,4441.66,0.6198,0.1203,4441.21,4441.22,30.149,27.141,0.0004000000,0.0000000000,35.1,0.1
2026-09-05T17:16:07.569+00:00,A_sell_B_buy,0.0000,-5.9000,4441.34,4441.66,0.632,0.1203,4441.33,4441.34,13.758,1.266,0.0004000000,0.0000000000,659.7,0.2
2026-09-05T17:16:07.569+00:00,B_sell_A_buy,-0.7430,-6.6430,4441.34,4441.66,0.632,0.1203,4441.33,4441.34,13.758,1.266,0.0004000000,0.0000000000,659.7,0.2
2026-09-05T17:16:09.672+00:00,A_sell_B_buy,-0.3377,-6.2377,4441.33,4441.66,0.405,0.1203,4441.47,4441.48,0.948,31.39,0.0004000000,0.0000000000,0.4,1261.2
2026-09-05T17:16:09.672+00:00,B_sell_A_buy,-0.4278,-6.3278,4441.33,4441.66,0.405,0.1203,4441.47,4441.48,0.948,31.39,0.0004000000,0.0000000000,0.4,1261.2
2026-09-05T17:16:11.224+00:00,A_sell_B_buy,-0.3377,-6.2377,4441.33,4441.66,0.405,0.1203,4441.47,4441.48,0.948,27.973,0.0004000000,0.0000000000,1553.0,0.2
2026-09-05T17:16:11.224+00:00,B_sell_A_buy,-0.4278,-6.3278,4441.33,4441.66,0.405,0.1203,4441.47,4441.48,0.948,27.973,0.0004000000,0.0000000000,1553.0,0.2
2026-09-05T17:16:12.314+00:00,A_sell_B_buy,0.0225,-5.8775,4441.45,4441.66,0.2619,0.1203,4441.43,4441.44,18.764,27.187,0.0004000000,0.0000000000,459.6,0.2
2026-09-05T17:16:12.314+00:00,B_sell_A_buy,-0.5178,-6.4178,4441.45,4441.66,0.2619,0.1203,4441.43,4441.44,18.764,27.187,0.0004000000,0.0000000000,459.6,0.2
2026-09-05T17:16:21.850+00:00,A_sell_B_buy,-0.2477,-6.1477,4441.33,4441.66,0.405,0.1203,4441.43,4441.44,15.68,18.807,0.0004000000,0.0000000000,0.3,182.2
2026-09-05T17:16:21.850+00:00,B_sell_A_buy,-0.5178,-6.4178,4441.33,4441.66,0.405,0.1203,4441.43,4441.44,15.68,18.807,0.0004000000,0.0000000000,0.3,182.2
2026-09-05T17:16:23.615+00:00,A_sell_B_buy,-0.2252,-6.1252,4441.34,4441.66,0.623,0.1203,4441.43,4441.44,15.564,18.807,0.0004000000,0.0000000000,1730.4,0.2
2026-09-05T17:16:23.615+00:00,B_sell_A_buy,-0.5178,-6.4178,4441.34,4441.66,0.623,0.1203,4441.43,4441.44,15.564,18.807,0.0004000000,0.0000000000,1730.4,0.2
2026-09-05T17:16:31.858+00:00,A_sell_B_buy,-0.0225,-5.9225,4441.43,4441.66,0.46,0.1203,4441.43,4441.44,11.697,13.779,0.0004000000,0.0000000000,0.3,329.1
2026-09-05T17:16:31.858+00:00,B_sell_A_buy,-0.5178,-6.4178,4441.43,4441.66,0.46,0.1203,4441.43,4441.44,11.697,13.779,0.0004000000,0.0000000000,0.3,329.1
2026-09-05T17:16:32.917+00:00,A_sell_B_buy,-0.0225,-5.9225,4441.43,4441.66,0.46,0.1203,4441.43,4441.44,15.279,13.779,0.0004000000,0.0000000000,1058.6,0.2
2026-09-05T17:16:32.917+00:00,B_sell_A_buy,-0.5178,-6.4178,4441.43,4441.66,0.46,0.1203,4441.43,4441.44,15.279,13.779,0.0004000000,0.0000000000,1058.6,0.2
2026-09-05T17:16:41.603+00:00,A_sell_B_buy,-0.3828,-6.2828,4441.27,4441.66,0.5788,0.1203,4441.43,4441.44,21.565,26.108,0.0004000000,0.0000000000,0.2,26.2
2026-09-05T17:16:41.603+00:00,B_sell_A_buy,-0.5178,-6.4178,4441.27,4441.66,0.5788,0.1203,4441.43,4441.44,21.565,26.108,0.0004000000,0.0000000000,0.2,26.2
2026-09-05T17:16:42.704+00:00,A_sell_B_buy,-0.3602,-6.2602,4441.28,4441.66,0.632,0.1203,4441.43,4441.44,8.085,26.108,0.0004000000,0.0000000000,1075.3,0.2
2026-09-05T17:16:42.704+00:00,B_sell_A_buy,-0.5178,-6.4178,4441.28,4441.66,0.632,0.1203,4441.43,4441.44,8.085,26.108,0.0004000000,0.0000000000,1075.3,0.2
2026-09-05T17:16:44.634+00:00,A_sell_B_buy,-0.3602,-6.2602,4441.28,4441.66,0.632,0.9495,4441.43,4441.44,6.66,26.108,0.0004000000,0.0000000000,0.3,284.1
2026-09-05T17:16:44.634+00:00,B_sell_A_buy,-0.5178,-6.4178,4441.28,4441.66,0.632,0.9495,4441.43,4441.44,6.66,26.108,0.0004000000,0.0000000000,0.3,284.1
2026-09-05T17:16:45.762+00:00,A_sell_B_buy,-0.1801,-6.0801,4441.36,4441.66,0.8168,0.1203,4441.42,4441.44,1.266,22.692,0.0004000000,0.0000000000,705.2,0.3
2026-09-05T17:16:45.762+00:00,B_sell_A_buy,-0.5404,-6.4404,4441.36,4441.66,0.8168,0.1203,4441.42,4441.44,1.266,22.692,0.0004000000,0.0000000000,705.2,0.3
2026-09-05T17:16:46.970+00:00,A_sell_B_buy,-0.0450,-5.9450,4441.36,4441.66,0.8168,0.1203,4441.37,4441.38,0.954,30.841,0.0004000000,0.0000000000,1913.0,0.3
2026-09-05T17:16:46.970+00:00,B_sell_A_buy,-0.6529,-6.5529,4441.36,4441.66,0.8168,0.1203,4441.37,4441.38,0.954,30.841,0.0004000000,0.0000000000,1913.0,0.3
2026-09-05T17:17:04.740+00:00,A_sell_B_buy,0.6079,-5.2921,4441.67,4441.72,0.8797,0.3289,4441.39,4441.4,15.198,29.693,0.0004000000,0.0000000000,0.3,423.7
2026-09-05T17:17:04.740+00:00,B_sell_A_buy,-0.7430,-6.6430,4441.67,4441.72,0.8797,0.3289,4441.39,4441.4,15.198,29.693,0.0004000000,0.0000000000,0.3,423.7
2026-09-05T17:17:05.812+00:00,A_sell_B_buy,0.9681,-4.9319,4441.85,4442.0,0.7636,0.058,4441.39,4441.42,2.388,1.688,0.0004000000,0.0000000000,265.2,0.2
2026-09-05T17:17:05.812+00:00,B_sell_A_buy,-1.3734,-7.2734,4441.85,4442.0,0.7636,0.058,4441.39,4441.42,2.388,1.688,0.0004000000,0.0000000000,265.2,0.2
2026-09-05T17:17:07.113+00:00,A_sell_B_buy,0.0000,-5.9000,4441.42,4442.19,1.8653,0.1733,4441.41,4441.42,15.111,1.688,0.0004000000,0.0000000000,393.5,0.2
2026-09-05T17:17:07.113+00:00,B_sell_A_buy,-1.7561,-7.6561,4441.42,4442.19,1.8653,0.1733,4441.41,4441.42,15.111,1.688,0.0004000000,0.0000000000,393.5,0.2
2026-09-05T17:17:08.361+00:00,A_sell_B_buy,0.4953,-5.4047,4441.69,4441.95,0.714,0.0851,4441.41,4441.47,17.111,1.266,0.0004000000,0.0000000000,641.6,0.3
2026-09-05T17:17:08.361+00:00,B_sell_A_buy,-1.2158,-7.1158,4441.69,4441.95,0.714,0.0851,4441.41,4441.47,17.111,1.266,0.0004000000,0.0000000000,641.6,0.3
2026-09-05T17:17:09.408+00:00,A_sell_B_buy,0.4953,-5.4047,4441.69,4442.19,0.714,0.1733,4441.46,4441.47,2.425,24.335,0.0004000000,0.0000000000,426.8,0.2
2026-09-05T17:17:09.408+00:00,B_sell_A_buy,-1.6435,-7.5435,4441.69,4442.19,0.714,0.1733,4441.46,4441.47,2.425,24.335,0.0004000000,0.0000000000,426.8,0.2
2026-09-05T17:17:10.426+00:00,A_sell_B_buy,0.4953,-5.4047,4441.69,4442.04,0.714,0.0873,4441.46,4441.47,2.425,24.335,0.0004000000,0.0000000000,0.2,1017.6
2026-09-05T17:17:10.426+00:00,B_sell_A_buy,-1.3058,-7.2058,4441.69,4442.04,0.714,0.0873,4441.46,4441.47,2.425,24.335,0.0004000000,0.0000000000,0.2,1017.6
2026-09-05T17:17:12.170+00:00,A_sell_B_buy,0.2251,-5.6749,4441.69,4442.04,0.714,0.0873,4441.58,4441.59,12.211,28.724,0.0004000000,0.0000000000,1743.8,0.2
2026-09-05T17:17:12.170+00:00,B_sell_A_buy,-1.0356,-6.9356,4441.69,4442.04,0.714,0.0873,4441.58,4441.59,12.211,28.724,0.0004000000,0.0000000000,1743.8,0.2
2026-09-05T17:17:21.260+00:00,A_sell_B_buy,0.1576,-5.7424,4441.69,4442.04,1.6913,0.0873,4441.61,4441.62,5.662,28.749,0.0004000000,0.0000000000,0.3,87.5
2026-09-05T17:17:21.260+00:00,B_sell_A_buy,-0.9681,-6.8681,4441.69,4442.04,1.6913,0.0873,4441.61,4441.62,5.662,28.749,0.0004000000,0.0000000000,0.3,87.5
2026-09-05T17:17:22.315+00:00,A_sell_B_buy,0.1801,-5.7199,4441.7,4442.19,0.3747,0.1733,4441.61,4441.62,4.267,28.749,0.0004000000,0.0000000000,524.7,0.2
2026-09-05T17:17:22.315+00:00,B_sell_A_buy,-1.3058,-7.2058,4441.7,4442.19,0.3747,0.1733,4441.61,4441.62,4.267,28.749,0.0004000000,0.0000000000,524.7,0.2
2026-09-05T17:17:26.311+00:00,A_sell_B_buy,0.2251,-5.6749,4441.7,4442.08,0.3747,0.0884,4441.59,4441.6,1.382,32.256,0.0004000000,0.0000000000,0.2,7.4
2026-09-05T17:17:26.311+00:00,B_sell_A_buy,-1.1032,-7.0032,4441.7,4442.08,0.3747,0.0884,4441.59,4441.6,1.382,32.256,0.0004000000,0.0000000000,0.2,7.4
2026-09-05T17:17:31.309+00:00,A_sell_B_buy,0.2251,-5.6749,4441.7,4442.08,0.3747,0.0884,4441.59,4441.6,2.096,29.327,0.0004000000,0.0000000000,0.3,192.7
2026-09-05T17:17:31.309+00:00,B_sell_A_buy,-1.1032,-7.0032,4441.7,4442.08,0.3747,0.0884,4441.59,4441.6,2.096,29.327,0.0004000000,0.0000000000,0.3,192.7
2026-09-05T17:17:32.671+00:00,A_sell_B_buy,-0.4053,-6.3053,4441.42,4442.08,1.9184,0.0884,4441.59,4441.6,2.096,29.327,0.0004000000,0.0000000000,0.3,1554.4
2026-09-05T17:17:32.671+00:00,B_sell_A_buy,-1.1032,-7.0032,4441.42,4442.08,1.9184,0.0884,4441.59,4441.6,2.096,29.327,0.0004000000,0.0000000000,0.3,1554.4
2026-09-05T17:17:33.772+00:00,A_sell_B_buy,-0.4053,-6.3053,4441.42,4442.08,1.8653,0.0884,4441.59,4441.6,3.545,29.327,0.0004000000,0.0000000000,334.2,0.2
2026-09-05T17:17:33.772+00:00,B_sell_A_buy,-1.1032,-7.0032,4441.42,4442.08,1.8653,0.0884,4441.59,4441.6,3.545,29.327,0.0004000000,0.0000000000,334.2,0.2
2026-09-05T17:17:34.905+00:00,A_sell_B_buy,0.4953,-5.4047,4441.82,4442.18,0.7286,0.5966,4441.59,4441.6,3.337,1.688,0.0004000000,0.0000000000,0.3,493.7
2026-09-05T17:17:34.905+00:00,B_sell_A_buy,-1.3283,-7.2283,4441.82,4442.18,0.7286,0.5966,4441.59,4441.6,3.337,1.688,0.0004000000,0.0000000000,0.3,493.7
2026-09-05T17:17:36.021+00:00,A_sell_B_buy,0.5178,-5.3822,4441.82,4442.18,0.7286,0.5966,4441.58,4441.59,2.167,2.152,0.0004000000,0.0000000000,1117.0,0.2
2026-09-05T17:17:36.021+00:00,B_sell_A_buy,-1.3508,-7.2508,4441.82,4442.18,0.7286,0.5966,4441.58,4441.59,2.167,2.152,0.0004000000,0.0000000000,1117.0,0.2
2026-09-05T17:17:37.167+00:00,A_sell_B_buy,0.4953,-5.4047,4441.82,4442.18,1.6342,0.5966,4441.58,4441.6,2.167,1.467,0.0004000000,0.0000000000,844.3,0.2
2026-09-05T17:17:37.167+00:00,B_sell_A_buy,-1.3508,-7.2508,4441.82,4442.18,1.6342,0.5966,4441.58,4441.6,2.167,1.467,0.0004000000,0.0000000000,844.3,0.2
2026-09-05T17:17:38.267+00:00,A_sell_B_buy,0.2251,-5.6749,4441.83,4442.29,1.2295,0.6204,4441.68,4441.73,0.901,1.266,0.0004000000,0.0000000000,882.9,0.1
2026-09-05T17:17:38.267+00:00,B_sell_A_buy,-1.3733,-7.2733,4441.83,4442.29,1.2295,0.6204,4441.68,4441.73,0.901,1.266,0.0004000000,0.0000000000,882.9,0.1
2026-09-05T17:17:39.485+00:00,A_sell_B_buy,-0.2701,-6.1701,4441.86,4442.43,1.2765,0.6181,4441.97,4441.98,3.634,32.743,0.0004000000,0.0000000000,592.0,0.2
2026-09-05T17:17:39.485+00:00,B_sell_A_buy,-1.0356,-6.9356,4441.86,4442.43,1.2765,0.6181,4441.97,4441.98,3.634,32.743,0.0004000000,0.0000000000,592.0,0.2
2026-09-05T17:17:41.766+00:00,A_sell_B_buy,0.9232,-4.9768,4441.35,4441.79,1.197,0.7533,4440.93,4440.94,2.306,29.331,0.0004000000,0.0000000000,1973.3,0.3
2026-09-05T17:17:41.766+00:00,B_sell_A_buy,-1.9364,-7.8364,4441.35,4441.79,1.197,0.7533,4440.93,4440.94,2.306,29.331,0.0004000000,0.0000000000,1973.3,0.3
2026-09-05T17:17:44.912+00:00,A_sell_B_buy,0.9457,-4.9543,4441.35,4441.61,1.197,0.6204,4440.92,4440.93,2.488,32.596,0.0004000000,0.0000000000,0.3,1281.9
2026-09-05T17:17:44.912+00:00,B_sell_A_buy,-1.5536,-7.4536,4441.35,4441.61,1.197,0.6204,4440.92,4440.93,2.488,32.596,0.0004000000,0.0000000000,0.3,1281.9
2026-09-05T17:17:45.914+00:00,A_sell_B_buy,0.9457,-4.9543,4441.35,4441.61,1.197,0.6204,4440.92,4440.93,2.488,31.292,0.0004000000,0.0000000000,1002.0,0.2
2026-09-05T17:17:45.914+00:00,B_sell_A_buy,-1.5536,-7.4536,4441.35,4441.61,1.197,0.6204,4440.92,4440.93,2.488,31.292,0.0004000000,0.0000000000,1002.0,0.2
2026-09-05T17:17:46.918+00:00,A_sell_B_buy,0.0450,-5.8550,4440.95,4441.61,2.1385,0.6204,4440.92,4440.93,1.736,29.14,0.0004000000,0.0000000000,26.9,0.1
2026-09-05T17:17:46.918+00:00,B_sell_A_buy,-1.5537,-7.4537,4440.95,4441.61,2.1385,0.6204,4440.92,4440.93,1.736,29.14,0.0004000000,0.0000000000,26.9,0.1
2026-09-05T17:17:48.582+00:00,A_sell_B_buy,0.0450,-5.8550,4440.95,4441.57,1.9557,0.6181,4440.92,4440.93,1.736,29.14,0.0004000000,0.0000000000,0.3,864.3
2026-09-05T17:17:48.582+00:00,B_sell_A_buy,-1.4636,-7.3636,4440.95,4441.57,1.9557,0.6181,4440.92,4440.93,1.736,29.14,0.0004000000,0.0000000000,0.3,864.3
2026-09-05T17:17:49.718+00:00,A_sell_B_buy,0.0450,-5.8550,4440.95,4441.55,1.9557,0.6172,4440.92,4440.93,0.349,29.14,0.0004000000,0.0000000000,0.3,456.9
2026-09-05T17:17:49.718+00:00,B_sell_A_buy,-1.4186,-7.3186,4440.95,4441.55,1.9557,0.6172,4440.92,4440.93,0.349,29.14,0.0004000000,0.0000000000,0.3,456.9
2026-09-05T17:17:51.029+00:00,A_sell_B_buy,0.0450,-5.8550,4440.95,4441.59,1.9557,0.6204,4440.92,4440.93,3.897,29.14,0.0004000000,0.0000000000,592.3,0.2
2026-09-05T17:17:51.029+00:00,B_sell_A_buy,-1.5086,-7.4086,4440.95,4441.59,1.9557,0.6204,4440.92,4440.93,3.897,29.14,0.0004000000,0.0000000000,592.3,0.2
2026-09-05T17:17:52.416+00:00,A_sell_B_buy,0.1576,-5.7424,4440.95,4441.59,1.9557,0.6204,4440.87,4440.88,1.303,30.229,0.0004000000,0.0000000000,1979.5,0.2
2026-09-05T17:17:52.416+00:00,B_sell_A_buy,-1.6212,-7.5212,4440.95,4441.59,1.9557,0.6204,4440.87,4440.88,1.303,30.229,0.0004000000,0.0000000000,1979.5,0.2
2026-09-05T17:17:54.727+00:00,A_sell_B_buy,0.7205,-5.1795,4441.2,4441.46,0.7125,0.1844,4440.87,4440.88,1.303,33.183,0.0004000000,0.0000000000,0.4,857.3
2026-09-05T17:17:54.727+00:00,B_sell_A_buy,-1.3285,-7.2285,4441.2,4441.46,0.7125,0.1844,4440.87,4440.88,1.303,33.183,0.0004000000,0.0000000000,0.4,857.3
2026-09-05T17:17:56.531+00:00,A_sell_B_buy,0.7656,-5.1344,4441.2,4441.59,0.7125,0.6204,4440.85,4440.86,0.67,31.554,0.0004000000,0.0000000000,1125.3,0.2
2026-09-05T17:17:56.531+00:00,B_sell_A_buy,-1.6662,-7.5662,4441.2,4441.59,0.7125,0.6204,4440.85,4440.86,0.67,31.554,0.0004000000,0.0000000000,1125.3,0.2
2026-09-05T17:18:00.408+00:00,A_sell_B_buy,1.1033,-4.7967,4441.2,4441.53,0.7125,0.305,4440.7,4440.71,6.163,29.504,0.0004000000,0.0000000000,0.3,241.9
2026-09-05T17:18:00.408+00:00,B_sell_A_buy,-1.8689,-7.7689,4441.2,4441.53,0.7125,0.305,4440.7,4440.71,6.163,29.504,0.0004000000,0.0000000000,0.3,241.9
2026-09-05T17:18:01.558+00:00,A_sell_B_buy,1.1033,-4.7967,4441.2,4441.53,0.5315,0.305,4440.7,4440.71,6.163,25.568,0.0004000000,0.0000000000,0.3,333.2
2026-09-05T17:18:01.558+00:00,B_sell_A_buy,-1.8689,-7.7689,4441.2,4441.53,0.5315,0.305,4440.7,4440.71,6.163,25.568,0.0004000000,0.0000000000,0.3,333.2
2026-09-05T17:18:02.567+00:00,A_sell_B_buy,1.1033,-4.7967,4441.2,4441.53,0.5315,0.305,4440.7,4440.71,7.605,25.568,0.0004000000,0.0000000000,1009.3,0.3
2026-09-05T17:18:02.567+00:00,B_sell_A_buy,-1.8689,-7.7689,4441.2,4441.53,0.5315,0.305,4440.7,4440.71,7.605,25.568,0.0004000000,0.0000000000,1009.3,0.3
2026-09-05T17:18:04.575+00:00,A_sell_B_buy,1.1033,-4.7967,4441.2,4441.79,0.5315,0.1329,4440.7,4440.71,3.936,25.568,0.0004000000,0.0000000000,0.3,772.2
2026-09-05T17:18:04.575+00:00,B_sell_A_buy,-2.4543,-8.3543,4441.2,4441.79,0.5315,0.1329,4440.7,4440.71,3.936,25.568,0.0004000000,0.0000000000,0.3,772.2
2026-09-05T17:18:05.659+00:00,A_sell_B_buy,1.1709,-4.7291,4441.34,4441.59,0.333,0.2065,4440.69,4440.82,2.954,1.266,0.0004000000,0.0000000000,502.6,0.2
2026-09-05T17:18:05.659+00:00,B_sell_A_buy,-2.0265,-7.9265,4441.34,4441.59,0.333,0.2065,4440.69,4440.82,2.954,1.266,0.0004000000,0.0000000000,502.6,0.2
2026-09-05T17:18:06.727+00:00,A_sell_B_buy,1.2609,-4.6391,4441.34,4441.59,0.333,0.2065,4440.77,4440.78,0.348,30.224,0.0004000000,0.0000000000,1571.2,0.2
2026-09-05T17:18:06.727+00:00,B_sell_A_buy,-1.8464,-7.7464,4441.34,4441.59,0.333,0.2065,4440.77,4440.78,0.348,30.224,0.0004000000,0.0000000000,1571.2,0.2
2026-09-05T17:18:08.012+00:00,A_sell_B_buy,0.4954,-5.4046,4440.99,4441.59,0.8095,0.2065,4440.76,4440.77,3.442,30.42,0.0004000000,0.0000000000,0.3,198.8
2026-09-05T17:18:08.012+00:00,B_sell_A_buy,-1.8689,-7.7689,4440.99,4441.59,0.8095,0.2065,4440.76,4440.77,3.442,30.42,0.0004000000,0.0000000000,0.3,198.8
2026-09-05T17:18:09.872+00:00,A_sell_B_buy,0.5179,-5.3821,4441.0,4441.59,1.4522,0.2065,4440.76,4440.77,6.997,30.42,0.0004000000,0.0000000000,1777.2,0.2
2026-09-05T17:18:09.872+00:00,B_sell_A_buy,-1.8689,-7.7689,4441.0,4441.59,1.4522,0.2065,4440.76,4440.77,6.997,30.42,0.0004000000,0.0000000000,1777.2,0.2
2026-09-05T17:18:11.295+00:00,A_sell_B_buy,0.4503,-5.4497,4441.03,4441.68,0.3394,0.6337,4440.82,4440.83,0.721,1.688,0.0004000000,0.0000000000,0.3,623.9
2026-09-05T17:18:11.295+00:00,B_sell_A_buy,-1.9365,-7.8365,4441.03,4441.68,0.3394,0.6337,4440.82,4440.83,0.721,1.688,0.0004000000,0.0000000000,0.3,623.9
2026-09-05T17:18:12.374+00:00,A_sell_B_buy,0.4503,-5.4497,4441.03,4441.68,1.2293,0.6337,4440.82,4440.83,3.588,1.688,0.0004000000,0.0000000000,1027.7,0.2
2026-09-05T17:18:12.374+00:00,B_sell_A_buy,-1.9365,-7.8365,4441.03,4441.68,1.2293,0.6337,4440.82,4440.83,3.588,1.688,0.0004000000,0.0000000000,1027.7,0.2
2026-09-05T17:18:14.782+00:00,A_sell_B_buy,0.2477,-5.6523,4441.03,4441.68,1.2601,0.6337,4440.86,4440.92,0.901,33.069,0.0004000000,0.0000000000,0.3,218.1
2026-09-05T17:18:14.782+00:00,B_sell_A_buy,-1.8464,-7.7464,4441.03,4441.68,1.2601,0.6337,4440.86,4440.92,0.901,33.069,0.0004000000,0.0000000000,0.3,218.1
2026-09-05T17:18:15.811+00:00,A_sell_B_buy,0.4503,-5.4497,4441.42,4442.07,0.9806,1.2322,4441.02,4441.22,0.901,34.228,0.0004000000,0.0000000000,222.3,0.1
2026-09-05T17:18:15.811+00:00,B_sell_A_buy,-2.3641,-8.2641,4441.42,4442.07,0.9806,1.2322,4441.02,4441.22,0.901,34.228,0.0004000000,0.0000000000,222.3,0.1
2026-09-05T17:18:16.912+00:00,A_sell_B_buy,0.4728,-5.4272,4441.42,4442.07,0.9469,1.2322,4441.12,4441.21,1.266,34.228,0.0004000000,0.0000000000,989.1,0.2
2026-09-05T17:18:16.912+00:00,B_sell_A_buy,-2.1389,-8.0389,4441.42,4442.07,0.9469,1.2322,4441.12,4441.21,1.266,34.228,0.0004000000,0.0000000000,989.1,0.2
2026-09-05T17:18:19.353+00:00,A_sell_B_buy,0.8331,-5.0669,4441.57,4441.83,0.1012,0.3476,4441.19,4441.2,0.901,32.783,0.0004000000,0.0000000000,0.3,133.3
2026-09-05T17:18:19.353+00:00,B_sell_A_buy,-1.4410,-7.3410,4441.57,4441.83,0.1012,0.3476,4441.19,4441.2,0.901,32.783,0.0004000000,0.0000000000,0.3,133.3
2026-09-05T17:18:20.557+00:00,A_sell_B_buy,0.8331,-5.0669,4441.57,4441.89,1.0857,0.3157,4441.19,4441.2,0.901,31.409,0.0004000000,0.0000000000,219.4,0.2
2026-09-05T17:18:20.557+00:00,B_sell_A_buy,-1.5761,-7.4761,4441.57,4441.89,1.0857,0.3157,4441.19,4441.2,0.901,31.409,0.0004000000,0.0000000000,219.4,0.2
2026-09-05T17:18:22.065+00:00,A_sell_B_buy,0.8331,-5.0669,4441.57,4441.89,1.0857,0.3157,4441.19,4441.2,1.855,31.409,0.0004000000,0.0000000000,1728.4,0.2
2026-09-05T17:18:22.065+00:00,B_sell_A_buy,-1.5761,-7.4761,4441.57,4441.89,1.0857,0.3157,4441.19,4441.2,1.855,31.409,0.0004000000,0.0000000000,1728.4,0.2
2026-09-05T17:18:23.444+00:00,A_sell_B_buy,0.8331,-5.0669,4441.57,4441.89,1.0182,0.3157,4441.19,4441.2,1.862,31.409,0.0004000000,0.0000000000,0.2,70.4
2026-09-05T17:18:23.444+00:00,B_sell_A_buy,-1.5761,-7.4761,4441.57,4441.89,1.0182,0.3157,4441.19,4441.2,1.862,31.409,0.0004000000,0.0000000000,0.2,70.4
2026-09-05T17:18:24.522+00:00,A_sell_B_buy,0.8331,-5.0669,4441.57,4441.89,1.0182,0.3157,4441.18,4441.2,0.068,31.409,0.0004000000,0.0000000000,1079.6,0.2
2026-09-05T17:18:24.522+00:00,B_sell_A_buy,-1.5986,-7.4986,4441.57,4441.89,1.0182,0.3157,4441.18,4441.2,0.068,31.409,0.0004000000,0.0000000000,1079.6,0.2
2026-09-05T17:18:26.649+00:00,A_sell_B_buy,0.9681,-4.9319,4441.62,4441.88,0.0856,0.1126,4441.18,4441.19,0.969,34.237,0.0004000000,0.0000000000,0.3,1976.4
2026-09-05T17:18:26.649+00:00,B_sell_A_buy,-1.5761,-7.4761,4441.62,4441.88,0.0856,0.1126,4441.18,4441.19,0.969,34.237,0.0004000000,0.0000000000,0.3,1976.4
2026-09-05T17:18:27.650+00:00,A_sell_B_buy,1.0132,-4.8868,4441.62,4441.88,0.079,0.1126,4441.16,4441.17,2.097,28.803,0.0004000000,0.0000000000,0.2,81.3
2026-09-05T17:18:27.650+00:00,B_sell_A_buy,-1.6211,-7.5211,4441.62,4441.88,0.079,0.1126,4441.16,4441.17,2.097,28.803,0.0004000000,0.0000000000,0.2,81.3
2026-09-05T17:18:29.057+00:00,A_sell_B_buy,1.0132,-4.8868,4441.62,4441.88,0.0617,0.1126,4441.16,4441.17,1.862,27.229,0.0004000000,0.0000000000,714.8,0.3
2026-09-05T17:18:29.057+00:00,B_sell_A_buy,-1.6211,-7.5211,4441.62,4441.88,0.0617,0.1126,4441.16,4441.17,1.862,27.229,0.0004000000,0.0000000000,714.8,0.3
2026-09-05T17:18:30.405+00:00,A_sell_B_buy,0.8781,-5.0219,4441.56,4441.62,0.0406,0.6693,4441.16,4441.17,0.331,27.229,0.0004000000,0.0000000000,913.3,0.2
2026-09-05T17:18:30.405+00:00,B_sell_A_buy,-1.0357,-6.9357,4441.56,4441.62,0.0406,0.6693,4441.16,4441.17,0.331,27.229,0.0004000000,0.0000000000,913.3,0.2
2026-09-05T17:18:32.942+00:00,A_sell_B_buy,0.5179,-5.3821,4441.38,4441.62,0.0351,0.6693,4441.14,4441.15,2.473,30.767,0.0004000000,0.0000000000,0.3,629.7
2026-09-05T17:18:32.942+00:00,B_sell_A_buy,-1.0808,-6.9808,4441.38,4441.62,0.0351,0.6693,4441.14,4441.15,2.473,30.767,0.0004000000,0.0000000000,0.3,629.7
2026-09-05T17:18:34.014+00:00,A_sell_B_buy,0.8556,-5.0444,4441.56,4442.03,0.1991,0.8599,4441.12,4441.18,0.92,1.266,0.0004000000,0.0000000000,268.0,0.3
2026-09-05T17:18:34.014+00:00,B_sell_A_buy,-2.0489,-7.9489,4441.56,4442.03,0.1991,0.8599,4441.12,4441.18,0.92,1.266,0.0004000000,0.0000000000,268.0,0.3
2026-09-05T17:18:35.539+00:00,A_sell_B_buy,0.9681,-4.9319,4441.61,4442.05,0.2921,0.4427,4441.17,4441.18,2.797,1.175,0.0004000000,0.0000000000,0.3,671.9
2026-09-05T17:18:35.539+00:00,B_sell_A_buy,-1.9813,-7.8813,4441.61,4442.05,0.2921,0.4427,4441.17,4441.18,2.797,1.175,0.0004000000,0.0000000000,0.3,671.9
2026-09-05T17:18:37.475+00:00,A_sell_B_buy,0.9681,-4.9319,4441.61,4442.04,0.2921,0.1126,4441.17,4441.18,0.797,1.175,0.0004000000,0.0000000000,1515.6,0.2
2026-09-05T17:18:37.475+00:00,B_sell_A_buy,-1.9588,-7.8588,4441.61,4442.04,0.2921,0.1126,4441.17,4441.18,0.797,1.175,0.0004000000,0.0000000000,1515.6,0.2
2026-09-05T17:18:39.629+00:00,A_sell_B_buy,0.8556,-5.0444,4441.59,4441.6,0.5049,0.7079,4441.18,4441.21,1.266,1.688,0.0004000000,0.0000000000,0.3,1266.6
2026-09-05T17:18:39.629+00:00,B_sell_A_buy,-0.9456,-6.8456,4441.59,4441.6,0.5049,0.7079,4441.18,4441.21,1.266,1.688,0.0004000000,0.0000000000,0.3,1266.6
2026-09-05T17:18:40.672+00:00,A_sell_B_buy,0.8106,-5.0894,4441.56,4441.58,0.1991,0.7079,4441.18,4441.2,1.266,3.545,0.0004000000,0.0000000000,367.7,0.2
2026-09-05T17:18:40.672+00:00,B_sell_A_buy,-0.9006,-6.8006,4441.56,4441.58,0.1991,0.7079,4441.18,4441.2,1.266,3.545,0.0004000000,0.0000000000,367.7,0.2
2026-09-05T17:18:42.132+00:00,A_sell_B_buy,0.3828,-5.5172,4441.38,4441.39,0.8912,0.0252,4441.18,4441.21,0.091,1.688,0.0004000000,0.0000000000,0.4,1215.3
2026-09-05T17:18:42.132+00:00,B_sell_A_buy,-0.4728,-6.3728,4441.38,4441.39,0.8912,0.0252,4441.18,4441.21,0.091,1.688,0.0004000000,0.0000000000,0.4,1215.3
2026-09-05T17:18:44.411+00:00,A_sell_B_buy,0.7880,-5.1120,4441.56,4442.07,0.0317,0.9044,4441.2,4441.21,2.591,0.891,0.0004000000,0.0000000000,1507.7,0.2
2026-09-05T17:18:44.411+00:00,B_sell_A_buy,-1.9588,-7.8588,4441.56,4442.07,0.0317,0.9044,4441.2,4441.21,2.591,0.891,0.0004000000,0.0000000000,1507.7,0.2
2026-09-05T17:18:45.658+00:00,A_sell_B_buy,0.7205,-5.1795,4441.53,4441.76,0.0317,0.3376,4441.18,4441.21,0.091,0.891,0.0004000000,0.0000000000,0.3,1247.4
2026-09-05T17:18:45.658+00:00,B_sell_A_buy,-1.3059,-7.2059,4441.53,4441.76,0.0317,0.3376,4441.18,4441.21,0.091,0.891,0.0004000000,0.0000000000,0.3,1247.4
2026-09-05T17:18:46.805+00:00,A_sell_B_buy,0.7205,-5.1795,4441.53,4441.76,0.0352,0.3376,4441.18,4441.21,0.091,0.891,0.0004000000,0.0000000000,0.4,733.7
2026-09-05T17:18:46.805+00:00,B_sell_A_buy,-1.3059,-7.2059,4441.53,4441.76,0.0352,0.3376,4441.18,4441.21,0.091,0.891,0.0004000000,0.0000000000,0.4,733.7
2026-09-05T17:18:47.830+00:00,A_sell_B_buy,0.7655,-5.1345,4441.53,4441.76,0.0321,0.3376,4441.18,4441.19,0.091,1.536,0.0004000000,0.0000000000,301.7,0.2
2026-09-05T17:18:47.830+00:00,B_sell_A_buy,-1.3059,-7.2059,4441.53,4441.76,0.0321,0.3376,4441.18,4441.19,0.091,1.536,0.0004000000,0.0000000000,301.7,0.2
2026-09-05T17:18:49.475+00:00,A_sell_B_buy,0.7655,-5.1345,4441.53,4441.76,0.0321,0.3376,4441.18,4441.19,3.51,23.607,0.0004000000,0.0000000000,1947.6,0.2
2026-09-05T17:18:49.475+00:00,B_sell_A_buy,-1.3059,-7.2059,4441.53,4441.76,0.0321,0.3376,4441.18,4441.19,3.51,23.607,0.0004000000,0.0000000000,1947.6,0.2
2026-09-05T17:18:50.865+00:00,A_sell_B_buy,0.7655,-5.1345,4441.53,4441.76,0.0385,0.3376,4441.18,4441.19,2.802,30.814,0.0004000000,0.0000000000,501.3,0.2
2026-09-05T17:18:50.865+00:00,B_sell_A_buy,-1.3059,-7.2059,4441.53,4441.76,0.0385,0.3376,4441.18,4441.19,2.802,30.814,0.0004000000,0.0000000000,501.3,0.2
2026-09-05T17:18:52.315+00:00,A_sell_B_buy,0.7655,-5.1345,4441.53,4441.76,0.0414,0.3376,4441.14,4441.19,0.068,30.814,0.0004000000,0.0000000000,1255.3,0.3
2026-09-05T17:18:52.315+00:00,B_sell_A_buy,-1.3960,-7.2960,4441.53,4441.76,0.0414,0.3376,4441.14,4441.19,0.068,30.814,0.0004000000,0.0000000000,1255.3,0.3
2026-09-05T17:18:53.679+00:00,A_sell_B_buy,0.8556,-5.0444,4441.53,4441.76,0.0439,0.3376,4441.14,4441.15,0.068,33.525,0.0004000000,0.0000000000,382.2,0.3
2026-09-05T17:18:53.679+00:00,B_sell_A_buy,-1.3960,-7.2960,4441.53,4441.76,0.0439,0.3376,4441.14,4441.15,0.068,33.525,0.0004000000,0.0000000000,382.2,0.3
2026-09-05T17:18:57.568+00:00,A_sell_B_buy,0.8331,-5.0669,4441.52,4441.76,0.0439,0.3376,4441.14,4441.15,1.417,31.989,0.0004000000,0.0000000000,0.3,560.1
2026-09-05T17:18:57.568+00:00,B_sell_A_buy,-1.3960,-7.2960,4441.52,4441.76,0.0439,0.3376,4441.14,4441.15,1.417,31.989,0.0004000000,0.0000000000,0.3,560.1
2026-09-05T17:18:58.631+00:00,A_sell_B_buy,0.4953,-5.4047,4441.36,4441.76,0.0508,0.3376,4441.13,4441.14,3.907,31.791,0.0004000000,0.0000000000,0.3,412.2
2026-09-05T17:18:58.631+00:00,B_sell_A_buy,-1.4185,-7.3185,4441.36,4441.76,0.0508,0.3376,4441.13,4441.14,3.907,31.791,0.0004000000,0.0000000000,0.3,412.2
2026-09-05T17:18:59.703+00:00,A_sell_B_buy,0.5629,-5.3371,4441.35,4441.76,0.585,0.3376,4441.09,4441.1,0.068,31.791,0.0004000000,0.0000000000,0.3,391.4
2026-09-05T17:18:59.703+00:00,B_sell_A_buy,-1.5086,-7.4086,4441.35,4441.76,0.585,0.3376,4441.09,4441.1,0.068,31.791,0.0004000000,0.0000000000,0.3,391.4
2026-09-05T17:19:00.762+00:00,A_sell_B_buy,0.5854,-5.3146,4441.36,4441.6,0.0527,0.1922,4441.09,4441.1,0.068,30.369,0.0004000000,0.0000000000,0.3,440.0
2026-09-05T17:19:00.762+00:00,B_sell_A_buy,-1.1483,-7.0483,4441.36,4441.6,0.0527,0.1922,4441.09,4441.1,0.068,30.369,0.0004000000,0.0000000000,0.3,440.0
2026-09-05T17:19:01.778+00:00,A_sell_B_buy,0.6079,-5.2921,4441.37,4441.6,0.0573,0.1922,4441.09,4441.1,0.068,25.329,0.0004000000,0.0000000000,0.3,721.4
2026-09-05T17:19:01.778+00:00,B_sell_A_buy,-1.1483,-7.0483,4441.37,4441.6,0.0573,0.1922,4441.09,4441.1,0.068,25.329,0.0004000000,0.0000000000,0.3,721.4
2026-09-05T17:19:03.827+00:00,A_sell_B_buy,0.4728,-5.4272,4441.31,4441.93,0.0906,1.2533,4440.99,4441.1,1.266,25.329,0.0004000000,0.0000000000,272.5,0.2
2026-09-05T17:19:03.827+00:00,B_sell_A_buy,-2.1165,-8.0165,4441.31,4441.93,0.0906,1.2533,4440.99,4441.1,1.266,25.329,0.0004000000,0.0000000000,272.5,0.2
2026-09-05T17:19:05.473+00:00,A_sell_B_buy,0.7430,-5.1570,4441.33,4441.93,0.0937,1.2533,4440.92,4441.0,0.225,27.825,0.0004000000,0.0000000000,878.7,0.2
2026-09-05T17:19:05.473+00:00,B_sell_A_buy,-2.2741,-8.1741,4441.33,4441.93,0.0937,1.2533,4440.92,4441.0,0.225,27.825,0.0004000000,0.0000000000,878.7,0.2
2026-09-05T17:19:06.926+00:00,A_sell_B_buy,1.0583,-4.8417,4441.4,4441.66,0.1417,0.166,4440.92,4440.93,0.293,27.825,0.0004000000,0.0000000000,0.3,295.0
2026-09-05T17:19:06.926+00:00,B_sell_A_buy,-1.6662,-7.5662,4441.4,4441.66,0.1417,0.166,4440.92,4440.93,0.293,27.825,0.0004000000,0.0000000000,0.3,295.0
2026-09-05T17:19:08.204+00:00,A_sell_B_buy,1.0582,-4.8418,4441.4,4441.93,0.1808,0.2947,4440.92,4440.93,6.341,27.825,0.0004000000,0.0000000000,0.4,831.7
2026-09-05T17:19:08.204+00:00,B_sell_A_buy,-2.2741,-8.1741,4441.4,4441.93,0.1808,0.2947,4440.92,4440.93,6.341,27.825,0.0004000000,0.0000000000,0.4,831.7
2026-09-05T17:19:09.238+00:00,A_sell_B_buy,1.0582,-4.8418,4441.4,4441.93,0.1808,1.2498,4440.92,4440.93,6.409,27.825,0.0004000000,0.0000000000,0.3,813.1
2026-09-05T17:19:09.238+00:00,B_sell_A_buy,-2.2741,-8.1741,4441.4,4441.93,0.1808,1.2498,4440.92,4440.93,6.409,27.825,0.0004000000,0.0000000000,0.3,813.1
2026-09-05T17:19:11.109+00:00,A_sell_B_buy,1.0582,-4.8418,4441.4,4441.93,0.1808,1.2498,4440.92,4440.93,2.93,27.825,0.0004000000,0.0000000000,1870.9,0.2
2026-09-05T17:19:11.109+00:00,B_sell_A_buy,-2.2741,-8.1741,4441.4,4441.93,0.1808,1.2498,4440.92,4440.93,2.93,27.825,0.0004000000,0.0000000000,1870.9,0.2
2026-09-05T17:19:13.170+00:00,A_sell_B_buy,1.0583,-4.8417,4441.4,4441.72,0.1417,0.1528,4440.92,4440.93,2.998,27.825,0.0004000000,0.0000000000,1175.1,0.2
2026-09-05T17:19:13.170+00:00,B_sell_A_buy,-1.8013,-7.7013,4441.4,4441.72,0.1417,0.1528,4440.92,4440.93,2.998,27.825,0.0004000000,0.0000000000,1175.1,0.2
2026-09-05T17:19:26.791+00:00,A_sell_B_buy,0.8781,-5.0219,4441.29,4441.72,0.0456,0.1528,4440.89,4440.9,7.95,28.067,0.0004000000,0.0000000000,0.3,726.5
2026-09-05T17:19:26.791+00:00,B_sell_A_buy,-1.8689,-7.7689,4441.29,4441.72,0.0456,0.1528,4440.89,4440.9,7.95,28.067,0.0004000000,0.0000000000,0.3,726.5
2026-09-05T17:19:28.371+00:00,A_sell_B_buy,0.9007,-4.9993,4441.3,4441.71,0.149,1.0256,4440.89,4440.9,1.266,26.801,0.0004000000,0.0000000000,1429.9,0.2
2026-09-05T17:19:28.371+00:00,B_sell_A_buy,-1.8463,-7.7463,4441.3,4441.71,0.149,1.0256,4440.89,4440.9,1.266,26.801,0.0004000000,0.0000000000,1429.9,0.2
2026-09-05T17:19:31.864+00:00,A_sell_B_buy,1.0808,-4.8192,4441.27,4441.71,0.0556,1.0256,4440.78,4440.79,8.007,26.77,0.0004000000,0.0000000000,0.3,343.8
2026-09-05T17:19:31.864+00:00,B_sell_A_buy,-2.0941,-7.9941,4441.27,4441.71,0.0556,1.0256,4440.78,4440.79,8.007,26.77,0.0004000000,0.0000000000,0.3,343.8
2026-09-05T17:19:34.767+00:00,A_sell_B_buy,1.0583,-4.8417,4441.26,4441.71,0.0561,1.0256,4440.78,4440.79,8.007,24.62,0.0004000000,0.0000000000,0.4,552.4
2026-09-05T17:19:34.767+00:00,B_sell_A_buy,-2.0941,-7.9941,4441.26,4441.71,0.0561,1.0256,4440.78,4440.79,8.007,24.62,0.0004000000,0.0000000000,0.4,552.4
2026-09-05T17:19:35.770+00:00,A_sell_B_buy,1.0583,-4.8417,4441.26,4441.71,0.0561,1.0256,4440.78,4440.79,6.626,25.886,0.0004000000,0.0000000000,1003.9,0.2
2026-09-05T17:19:35.770+00:00,B_sell_A_buy,-2.0941,-7.9941,4441.26,4441.71,0.0561,1.0256,4440.78,4440.79,6.626,25.886,0.0004000000,0.0000000000,1003.9,0.2
2026-09-05T17:19:36.865+00:00,A_sell_B_buy,1.0808,-4.8192,4441.27,4441.55,0.0561,0.0458,4440.78,4440.79,4.628,25.886,0.0004000000,0.0000000000,0.3,211.6
2026-09-05T17:19:36.865+00:00,B_sell_A_buy,-1.7338,-7.6338,4441.27,4441.55,0.0561,0.0458,4440.78,4440.79,4.628,25.886,0.0004000000,0.0000000000,0.3,211.6
2026-09-05T17:19:39.233+00:00,A_sell_B_buy,1.1258,-4.7742,4441.29,4441.55,0.1535,0.1151,4440.78,4440.79,6.647,25.886,0.0004000000,0.0000000000,265.4,0.3
2026-09-05T17:19:39.233+00:00,B_sell_A_buy,-1.7338,-7.6338,4441.29,4441.55,0.1535,0.1151,4440.78,4440.79,6.647,25.886,0.0004000000,0.0000000000,265.4,0.3
2026-09-05T17:19:40.362+00:00,A_sell_B_buy,1.1258,-4.7742,4441.29,4441.55,0.1535,0.1151,4440.78,4440.79,4.231,22.814,0.0004000000,0.0000000000,1394.9,0.2
2026-09-05T17:19:40.362+00:00,B_sell_A_buy,-1.7338,-7.6338,4441.29,4441.55,0.1535,0.1151,4440.78,4440.79,4.231,22.814,0.0004000000,0.0000000000,1394.9,0.2
2026-09-05T17:19:43.925+00:00,A_sell_B_buy,1.1258,-4.7742,4441.29,4441.71,0.1535,1.0256,4440.78,4440.79,4.231,19.567,0.0004000000,0.0000000000,0.3,562.9
2026-09-05T17:19:43.925+00:00,B_sell_A_buy,-2.0941,-7.9941,4441.29,4441.71,0.1535,1.0256,4440.78,4440.79,4.231,19.567,0.0004000000,0.0000000000,0.3,562.9
2026-09-05T17:19:45.110+00:00,A_sell_B_buy,1.1258,-4.7742,4441.29,4441.71,0.1535,1.0211,4440.78,4440.79,4.078,19.567,0.0004000000,0.0000000000,607.9,0.2
2026-09-05T17:19:45.110+00:00,B_sell_A_buy,-2.0941,-7.9941,4441.29,4441.71,0.1535,1.0211,4440.78,4440.79,4.078,19.567,0.0004000000,0.0000000000,607.9,0.2
2026-09-05T17:19:46.261+00:00,A_sell_B_buy,1.1258,-4.7742,4441.29,4441.71,0.1535,1.0211,4440.77,4440.79,0.068,19.567,0.0004000000,0.0000000000,1758.8,0.2
2026-09-05T17:19:46.261+00:00,B_sell_A_buy,-2.1166,-8.0166,4441.29,4441.71,0.1535,1.0211,4440.77,4440.79,0.068,19.567,0.0004000000,0.0000000000,1758.8,0.2
2026-09-05T17:19:48.929+00:00,A_sell_B_buy,1.1484,-4.7516,4441.29,4441.55,0.1535,0.0992,4440.77,4440.78,8.075,24.529,0.0004000000,0.0000000000,0.3,155.5
2026-09-05T17:19:48.929+00:00,B_sell_A_buy,-1.7563,-7.6563,4441.29,4441.55,0.1535,0.0992,4440.77,4440.78,8.075,24.529,0.0004000000,0.0000000000,0.3,155.5
2026-09-05T17:19:50.367+00:00,A_sell_B_buy,1.1484,-4.7516,4441.29,4441.55,0.1535,0.0992,4440.77,4440.78,7.316,24.376,0.0004000000,0.0000000000,1437.8,0.2
2026-09-05T17:19:50.367+00:00,B_sell_A_buy,-1.7563,-7.6563,4441.29,4441.55,0.1535,0.0992,4440.77,4440.78,7.316,24.376,0.0004000000,0.0000000000,1437.8,0.2
2026-09-05T17:19:53.937+00:00,A_sell_B_buy,1.1484,-4.7516,4441.29,4441.71,0.1535,1.0211,4440.77,4440.78,7.316,24.376,0.0004000000,0.0000000000,0.3,504.6
2026-09-05T17:19:53.937+00:00,B_sell_A_buy,-2.1166,-8.0166,4441.29,4441.71,0.1535,1.0211,4440.77,4440.78,7.316,24.376,0.0004000000,0.0000000000,0.3,504.6
2026-09-05T17:19:55.408+00:00,A_sell_B_buy,1.1258,-4.7742,4441.28,4441.71,0.1626,1.0211,4440.76,4440.78,0.068,24.883,0.0004000000,0.0000000000,1164.1,0.2
2026-09-05T17:19:55.408+00:00,B_sell_A_buy,-2.1391,-8.0391,4441.28,4441.71,0.1626,1.0211,4440.76,4440.78,0.068,24.883,0.0004000000,0.0000000000,1164.1,0.2
2026-09-05T17:19:59.245+00:00,A_sell_B_buy,1.1484,-4.7516,4441.28,4441.56,0.1626,0.1136,4440.76,4440.77,9.058,24.356,0.0004000000,0.0000000000,0.3,231.7
2026-09-05T17:19:59.245+00:00,B_sell_A_buy,-1.8014,-7.7014,4441.28,4441.56,0.1626,0.1136,4440.76,4440.77,9.058,24.356,0.0004000000,0.0000000000,0.3,231.7
2026-09-05T17:20:01.075+00:00,A_sell_B_buy,1.1484,-4.7516,4441.28,4441.56,0.1626,0.1136,4440.76,4440.77,4.089,24.356,0.0004000000,0.0000000000,1830.5,0.3
2026-09-05T17:20:01.075+00:00,B_sell_A_buy,-1.8014,-7.7014,4441.28,4441.56,0.1626,0.1136,4440.76,4440.77,4.089,24.356,0.0004000000,0.0000000000,1830.5,0.3
2026-09-05T17:20:02.857+00:00,A_sell_B_buy,0.9457,-4.9543,4441.19,4441.56,0.0487,0.1136,4440.76,4440.77,4.089,19.557,0.0004000000,0.0000000000,0.3,383.5
2026-09-05T17:20:02.857+00:00,B_sell_A_buy,-1.8014,-7.7014,4441.19,4441.56,0.0487,0.1136,4440.76,4440.77,4.089,19.557,0.0004000000,0.0000000000,0.3,383.5
2026-09-05T17:20:03.923+00:00,A_sell_B_buy,1.3514,-4.5486,4440.18,4440.65,2.0234,0.8247,4439.57,4439.58,10.036,25.607,0.0004000000,0.0000000000,155.2,0.2
2026-09-05T17:20:03.923+00:00,B_sell_A_buy,-2.4324,-8.3324,4440.18,4440.65,2.0234,0.8247,4439.57,4439.58,10.036,25.607,0.0004000000,0.0000000000,155.2,0.2
2026-09-05T17:20:05.066+00:00,A_sell_B_buy,0.6982,-5.2018,4439.89,4440.58,1.9292,0.4742,4439.57,4439.58,2.954,25.607,0.0004000000,0.0000000000,355.7,0.2
2026-09-05T17:20:05.066+00:00,B_sell_A_buy,-2.2748,-8.1748,4439.89,4440.58,1.9292,0.4742,4439.57,4439.58,2.954,25.607,0.0004000000,0.0000000000,355.7,0.2
2026-09-05T17:20:06.728+00:00,A_sell_B_buy,1.3063,-4.5937,4440.16,4440.58,1.1413,0.4742,4439.57,4439.58,4.392,25.607,0.0004000000,0.0000000000,885.6,0.2
2026-09-05T17:20:06.728+00:00,B_sell_A_buy,-2.2748,-8.1748,4440.16,4440.58,1.1413,0.4742,4439.57,4439.58,4.392,25.607,0.0004000000,0.0000000000,885.6,0.2
2026-09-05T17:20:10.831+00:00,A_sell_B_buy,1.5316,-4.3684,4440.16,4440.65,1.1413,0.8247,4439.47,4439.48,8.649,22.249,0.0004000000,0.0000000000,0.3,223.7
2026-09-05T17:20:10.831+00:00,B_sell_A_buy,-2.6577,-8.5577,4440.16,4440.65,1.1413,0.8247,4439.47,4439.48,8.649,22.249,0.0004000000,0.0000000000,0.3,223.7
2026-09-05T17:20:15.473+00:00,A_sell_B_buy,1.5541,-4.3459,4440.17,4440.64,0.1126,0.9159,4439.47,4439.48,4.621,19.123,0.0004000000,0.0000000000,0.3,912.1
2026-09-05T17:20:15.473+00:00,B_sell_A_buy,-2.6352,-8.5352,4440.17,4440.64,0.1126,0.9159,4439.47,4439.48,4.621,19.123,0.0004000000,0.0000000000,0.3,912.1
2026-09-05T17:20:16.569+00:00,A_sell_B_buy,1.5766,-4.3234,4440.17,4440.48,0.1126,0.3978,4439.45,4439.47,1.688,7.207,0.0004000000,0.0000000000,736.1,0.1
2026-09-05T17:20:16.569+00:00,B_sell_A_buy,-2.3199,-8.2199,4440.17,4440.48,0.1126,0.3978,4439.45,4439.47,1.688,7.207,0.0004000000,0.0000000000,736.1,0.1
2026-09-05T17:20:18.028+00:00,A_sell_B_buy,1.0361,-4.8639,4439.89,4440.64,1.3724,0.9159,4439.42,4439.43,9.211,23.666,0.0004000000,0.0000000000,930.8,0.2
2026-09-05T17:20:18.028+00:00,B_sell_A_buy,-2.7478,-8.6478,4439.89,4440.64,1.3724,0.9159,4439.42,4439.43,9.211,23.666,0.0004000000,0.0000000000,930.8,0.2
2026-09-05T17:20:19.153+00:00,A_sell_B_buy,1.6442,-4.2558,4440.16,4440.42,0.1285,0.4208,4439.42,4439.43,10.784,23.666,0.0004000000,0.0000000000,0.3,739.7
2026-09-05T17:20:19.153+00:00,B_sell_A_buy,-2.2523,-8.1523,4440.16,4440.42,0.1285,0.4208,4439.42,4439.43,10.784,23.666,0.0004000000,0.0000000000,0.3,739.7
2026-09-05T17:20:21.173+00:00,A_sell_B_buy,1.1262,-4.7738,4439.93,4440.42,0.4974,0.4208,4439.42,4439.43,5.793,24.932,0.0004000000,0.0000000000,1834.4,0.2
2026-09-05T17:20:21.173+00:00,B_sell_A_buy,-2.2524,-8.1524,4439.93,4440.42,0.4974,0.4208,4439.42,4439.43,5.793,24.932,0.0004000000,0.0000000000,1834.4,0.2
2026-09-05T17:20:23.332+00:00,A_sell_B_buy,1.6442,-4.2558,4440.16,4440.42,0.1465,0.4208,4439.42,4439.43,5.793,18.675,0.0004000000,0.0000000000,0.2,714.3
2026-09-05T17:20:23.332+00:00,B_sell_A_buy,-2.2523,-8.1523,4440.16,4440.42,0.1465,0.4208,4439.42,4439.43,5.793,18.675,0.0004000000,0.0000000000,0.2,714.3
2026-09-05T17:20:24.616+00:00,A_sell_B_buy,1.6442,-4.2558,4440.16,4440.42,0.1465,0.4208,4439.42,4439.43,2.298,19.941,0.0004000000,0.0000000000,1284.7,0.2
2026-09-05T17:20:24.616+00:00,B_sell_A_buy,-2.2523,-8.1523,4440.16,4440.42,0.1465,0.4208,4439.42,4439.43,2.298,19.941,0.0004000000,0.0000000000,1284.7,0.2
2026-09-05T17:20:26.607+00:00,A_sell_B_buy,1.6442,-4.2558,4440.16,4440.42,0.1283,0.4182,4439.42,4439.43,2.298,21.63,0.0004000000,0.0000000000,0.3,1371.5
2026-09-05T17:20:26.607+00:00,B_sell_A_buy,-2.2523,-8.1523,4440.16,4440.42,0.1283,0.4182,4439.42,4439.43,2.298,21.63,0.0004000000,0.0000000000,0.3,1371.5
2026-09-05T17:20:27.616+00:00,A_sell_B_buy,1.8246,-4.0754,4439.53,4440.02,0.9981,0.8349,4438.71,4438.72,10.685,14.182,0.0004000000,0.0000000000,19.4,0.1
2026-09-05T17:20:27.616+00:00,B_sell_A_buy,-2.9510,-8.8510,4439.53,4440.02,0.9981,0.8349,4438.71,4438.72,10.685,14.182,0.0004000000,0.0000000000,19.4,0.1
2026-09-05T17:20:28.919+00:00,A_sell_B_buy,0.9686,-4.9314,4439.42,4439.94,1.6772,1.6139,4438.98,4438.99,13.28,22.761,0.0004000000,0.0000000000,676.5,0.2
2026-09-05T17:20:28.919+00:00,B_sell_A_buy,-2.1625,-8.0625,4439.42,4439.94,1.6772,1.6139,4438.98,4438.99,13.28,22.761,0.0004000000,0.0000000000,676.5,0.2
2026-09-05T17:20:29.986+00:00,A_sell_B_buy,0.9686,-4.9314,4439.42,4439.93,0.6229,1.2896,4438.74,4438.99,11.235,1.266,0.0004000000,0.0000000000,0.4,160.6
2026-09-05T17:20:29.986+00:00,B_sell_A_buy,-2.6806,-8.5806,4439.42,4439.93,0.6229,1.2896,4438.74,4438.99,11.235,1.266,0.0004000000,0.0000000000,0.4,160.6
2026-09-05T17:20:31.423+00:00,A_sell_B_buy,1.5093,-4.3907,4439.42,4439.93,0.6229,1.2896,4438.74,4438.75,7.841,23.697,0.0004000000,0.0000000000,1437.2,0.3
2026-09-05T17:20:31.423+00:00,B_sell_A_buy,-2.6807,-8.5807,4439.42,4439.93,0.6229,1.2896,4438.74,4438.75,7.841,23.697,0.0004000000,0.0000000000,1437.2,0.3
2026-09-05T17:20:34.994+00:00,A_sell_B_buy,1.7345,-4.1655,4439.52,4439.93,1.034,1.2896,4438.74,4438.75,4.265,24.964,0.0004000000,0.0000000000,0.3,126.1
2026-09-05T17:20:34.994+00:00,B_sell_A_buy,-2.6806,-8.5806,4439.52,4439.93,1.034,1.2896,4438.74,4438.75,4.265,24.964,0.0004000000,0.0000000000,0.3,126.1
2026-09-05T17:20:36.044+00:00,A_sell_B_buy,1.7345,-4.1655,4439.52,4439.77,1.034,0.2537,4438.74,4438.75,4.265,21.476,0.0004000000,0.0000000000,0.3,114.8
2026-09-05T17:20:36.044+00:00,B_sell_A_buy,-2.3202,-8.2202,4439.52,4439.77,1.034,0.2537,4438.74,4438.75,4.265,21.476,0.0004000000,0.0000000000,0.3,114.8
2026-09-05T17:20:37.118+00:00,A_sell_B_buy,1.7345,-4.1655,4439.52,4439.77,1.034,0.2537,4438.74,4438.75,11.326,21.476,0.0004000000,0.0000000000,1075.0,0.2
2026-09-05T17:20:37.118+00:00,B_sell_A_buy,-2.3202,-8.2202,4439.52,4439.77,1.034,0.2537,4438.74,4438.75,11.326,21.476,0.0004000000,0.0000000000,1075.0,0.2
2026-09-05T17:20:38.663+00:00,A_sell_B_buy,1.7571,-4.1429,4439.53,4439.77,0.6197,0.2537,4438.74,4438.75,7.847,21.476,0.0004000000,0.0000000000,0.3,695.5
2026-09-05T17:20:38.663+00:00,B_sell_A_buy,-2.3202,-8.2202,4439.53,4439.77,0.6197,0.2537,4438.74,4438.75,7.847,21.476,0.0004000000,0.0000000000,0.3,695.5
2026-09-05T17:20:39.917+00:00,A_sell_B_buy,1.7571,-4.1429,4439.53,4439.77,0.6197,1.0835,4438.74,4438.75,7.847,20.69,0.0004000000,0.0000000000,951.7,0.2
2026-09-05T17:20:39.917+00:00,B_sell_A_buy,-2.3202,-8.2202,4439.53,4439.77,0.6197,1.0835,4438.74,4438.75,7.847,20.69,0.0004000000,0.0000000000,951.7,0.2
2026-09-05T17:20:42.882+00:00,A_sell_B_buy,1.7571,-4.1429,4439.53,4439.76,0.6197,0.1126,4438.74,4438.75,3.661,17.211,0.0004000000,0.0000000000,0.3,70.5
2026-09-05T17:20:42.882+00:00,B_sell_A_buy,-2.2977,-8.1977,4439.53,4439.76,0.6197,0.1126,4438.74,4438.75,3.661,17.211,0.0004000000,0.0000000000,0.3,70.5
2026-09-05T17:20:44.068+00:00,A_sell_B_buy,1.7571,-4.1429,4439.53,4439.76,0.6197,0.9239,4438.74,4438.75,3.661,13.785,0.0004000000,0.0000000000,540.5,0.2
2026-09-05T17:20:44.068+00:00,B_sell_A_buy,-2.2977,-8.1977,4439.53,4439.76,0.6197,0.9239,4438.74,4438.75,3.661,13.785,0.0004000000,0.0000000000,540.5,0.2
2026-09-05T17:20:45.566+00:00,A_sell_B_buy,1.7571,-4.1429,4439.53,4439.93,0.6197,1.2896,4438.74,4438.75,0.19,13.785,0.0004000000,0.0000000000,1432.2,0.2
2026-09-05T17:20:45.566+00:00,B_sell_A_buy,-2.6806,-8.5806,4439.53,4439.93,0.6197,1.2896,4438.74,4438.75,0.19,13.785,0.0004000000,0.0000000000,1432.2,0.2
2026-09-05T17:20:49.140+00:00,A_sell_B_buy,1.7571,-4.1429,4439.53,4439.81,0.6197,0.5973,4438.74,4438.75,0.19,13.025,0.0004000000,0.0000000000,0.3,512.7
2026-09-05T17:20:49.140+00:00,B_sell_A_buy,-2.4103,-8.3103,4439.53,4439.81,0.6197,0.5973,4438.74,4438.75,0.19,13.025,0.0004000000,0.0000000000,0.3,512.7
2026-09-05T17:20:50.165+00:00,A_sell_B_buy,1.8021,-4.0979,4439.53,4439.81,0.6197,0.5973,4438.71,4438.73,9.495,27.682,0.0004000000,0.0000000000,1025.0,0.1
2026-09-05T17:20:50.165+00:00,B_sell_A_buy,-2.4779,-8.3779,4439.53,4439.81,0.6197,0.5973,4438.71,4438.73,9.495,27.682,0.0004000000,0.0000000000,1025.0,0.1
2026-09-05T17:20:51.418+00:00,A_sell_B_buy,1.8246,-4.0754,4439.53,4439.93,0.6197,0.4598,4438.71,4438.72,9.495,27.209,0.0004000000,0.0000000000,0.3,1204.2
2026-09-05T17:20:51.418+00:00,B_sell_A_buy,-2.7482,-8.6482,4439.53,4439.93,0.6197,0.4598,4438.71,4438.72,9.495,27.209,0.0004000000,0.0000000000,0.3,1204.2
2026-09-05T17:20:52.727+00:00,A_sell_B_buy,1.7794,-4.1206,4439.97,4440.22,0.4387,0.7903,4439.17,4439.18,9.973,2.766,0.0004000000,0.0000000000,743.7,0.2
2026-09-05T17:20:52.727+00:00,B_sell_A_buy,-2.3651,-8.2651,4439.97,4440.22,0.4387,0.7903,4439.17,4439.18,9.973,2.766,0.0004000000,0.0000000000,743.7,0.2
2026-09-05T17:21:11.903+00:00,A_sell_B_buy,1.6443,-4.2557,4439.86,4440.22,0.3801,0.7903,4439.12,4439.13,1.001,26.419,0.0004000000,0.0000000000,0.3,1735.1
2026-09-05T17:21:11.903+00:00,B_sell_A_buy,-2.4777,-8.3777,4439.86,4440.22,0.3801,0.7903,4439.12,4439.13,1.001,26.419,0.0004000000,0.0000000000,0.3,1735.1
2026-09-05T17:21:14.552+00:00,A_sell_B_buy,1.6668,-4.2332,4439.87,4440.22,0.834,0.7903,4439.12,4439.13,1.001,25.022,0.0004000000,0.0000000000,0.3,1730.7
2026-09-05T17:21:14.552+00:00,B_sell_A_buy,-2.4777,-8.3777,4439.87,4440.22,0.834,0.7903,4439.12,4439.13,1.001,25.022,0.0004000000,0.0000000000,0.3,1730.7
2026-09-05T17:21:16.129+00:00,A_sell_B_buy,1.7794,-4.1206,4439.91,4440.55,0.8614,1.6603,4439.02,4439.12,1.267,2.43,0.0004000000,0.0000000000,86.8,0.1
2026-09-05T17:21:16.129+00:00,B_sell_A_buy,-3.4462,-9.3462,4439.91,4440.55,0.8614,1.6603,4439.02,4439.12,1.267,2.43,0.0004000000,0.0000000000,86.8,0.1
2026-09-05T17:21:20.356+00:00,A_sell_B_buy,2.0948,-3.8052,4440.06,4440.32,0.026,0.5218,4439.12,4439.13,4.364,29.961,0.0004000000,0.0000000000,0.4,648.8
2026-09-05T17:21:20.356+00:00,B_sell_A_buy,-2.7029,-8.6029,4440.06,4440.32,0.026,0.5218,4439.12,4439.13,4.364,29.961,0.0004000000,0.0000000000,0.4,648.8
2026-09-05T17:21:21.762+00:00,A_sell_B_buy,1.7569,-4.1431,4439.91,4440.32,0.6446,0.5218,4439.12,4439.13,0.933,27.715,0.0004000000,0.0000000000,1306.3,0.2
2026-09-05T17:21:21.762+00:00,B_sell_A_buy,-2.7029,-8.6029,4439.91,4440.32,0.6446,0.5218,4439.12,4439.13,0.933,27.715,0.0004000000,0.0000000000,1306.3,0.2
2026-09-05T17:21:25.460+00:00,A_sell_B_buy,2.0272,-3.8728,4440.03,4440.32,1.0129,0.5218,4439.12,4439.13,0.933,22.736,0.0004000000,0.0000000000,0.4,938.3
2026-09-05T17:21:25.460+00:00,B_sell_A_buy,-2.7029,-8.6029,4440.03,4440.32,1.0129,0.5218,4439.12,4439.13,0.933,22.736,0.0004000000,0.0000000000,0.4,938.3
2026-09-05T17:21:27.028+00:00,A_sell_B_buy,2.0272,-3.8728,4440.03,4440.32,1.0129,0.5218,4439.12,4439.13,2.342,31.311,0.0004000000,0.0000000000,1567.7,0.3
2026-09-05T17:21:27.028+00:00,B_sell_A_buy,-2.7029,-8.6029,4440.03,4440.32,1.0129,0.5218,4439.12,4439.13,2.342,31.311,0.0004000000,0.0000000000,1567.7,0.3
2026-09-05T17:21:28.500+00:00,A_sell_B_buy,2.0497,-3.8503,4440.03,4440.55,1.0129,1.6603,4439.11,4439.12,1.267,30.044,0.0004000000,0.0000000000,0.3,286.9
2026-09-05T17:21:28.500+00:00,B_sell_A_buy,-3.2435,-9.1435,4440.03,4440.55,1.0129,1.6603,4439.11,4439.12,1.267,30.044,0.0004000000,0.0000000000,0.3,286.9
2026-09-05T17:21:30.223+00:00,A_sell_B_buy,2.0497,-3.8503,4440.03,4440.38,1.0129,0.5408,4439.11,4439.12,6.803,30.044,0.0004000000,0.0000000000,0.4,984.8
2026-09-05T17:21:30.223+00:00,B_sell_A_buy,-2.8606,-8.7606,4440.03,4440.38,1.0129,0.5408,4439.11,4439.12,6.803,30.044,0.0004000000,0.0000000000,0.4,984.8
2026-09-05T17:21:31.515+00:00,A_sell_B_buy,2.0497,-3.8503,4440.03,4440.38,1.0129,0.5408,4439.11,4439.12,0.933,29.111,0.0004000000,0.0000000000,1292.1,0.2
2026-09-05T17:21:31.515+00:00,B_sell_A_buy,-2.8606,-8.7606,4440.03,4440.38,1.0129,0.5408,4439.11,4439.12,0.933,29.111,0.0004000000,0.0000000000,1292.1,0.2
2026-09-05T17:22:00.510+00:00,A_sell_B_buy,2.1623,-3.7377,4440.04,4440.38,0.6199,0.5408,4439.07,4439.08,1.107,26.074,0.0004000000,0.0000000000,0.2,432.3
2026-09-05T17:22:00.510+00:00,B_sell_A_buy,-2.9507,-8.8507,4440.04,4440.38,0.6199,0.5408,4439.07,4439.08,1.107,26.074,0.0004000000,0.0000000000,0.2,432.3
2026-09-05T17:22:05.401+00:00,A_sell_B_buy,2.2299,-3.6701,4440.04,4440.55,0.6199,0.7678,4439.04,4439.05,1.689,25.37,0.0004000000,0.0000000000,0.3,384.8
2026-09-05T17:22:05.401+00:00,B_sell_A_buy,-3.4012,-9.3012,4440.04,4440.55,0.6199,0.7678,4439.04,4439.05,1.689,25.37,0.0004000000,0.0000000000,0.3,384.8
2026-09-05T17:22:06.448+00:00,A_sell_B_buy,2.2524,-3.6476,4440.05,4440.64,0.7042,0.9159,4439.04,4439.05,1.689,25.37,0.0004000000,0.0000000000,0.3,1028.3
2026-09-05T17:22:06.448+00:00,B_sell_A_buy,-3.6039,-9.5039,4440.05,4440.64,0.7042,0.9159,4439.04,4439.05,1.689,25.37,0.0004000000,0.0000000000,0.3,1028.3
2026-09-05T17:22:07.583+00:00,A_sell_B_buy,2.2975,-3.6025,4440.07,4440.64,0.4644,4.0244,4439.04,4439.05,1.689,23.571,0.0004000000,0.0000000000,432.1,0.2
2026-09-05T17:22:07.583+00:00,B_sell_A_buy,-3.6038,-9.5038,4440.07,4440.64,0.4644,4.0244,4439.04,4439.05,1.689,23.571,0.0004000000,0.0000000000,432.1,0.2
2026-09-05T17:22:11.450+00:00,A_sell_B_buy,2.7930,-3.1070,4440.23,4440.49,0.1576,0.823,4438.98,4438.99,0.748,24.529,0.0004000000,0.0000000000,0.2,371.7
2026-09-05T17:22:11.450+00:00,B_sell_A_buy,-3.4012,-9.3012,4440.23,4440.49,0.1576,0.823,4438.98,4438.99,0.748,24.529,0.0004000000,0.0000000000,0.2,371.7
2026-09-05T17:22:16.444+00:00,A_sell_B_buy,2.5002,-3.3998,4440.07,4440.49,0.2754,0.823,4438.95,4438.96,12.393,23.737,0.0004000000,0.0000000000,0.3,464.8
2026-09-05T17:22:16.444+00:00,B_sell_A_buy,-3.4688,-9.3688,4440.07,4440.49,0.2754,0.823,4438.95,4438.96,12.393,23.737,0.0004000000,0.0000000000,0.3,464.8
2026-09-05T17:22:19.640+00:00,A_sell_B_buy,2.5002,-3.3998,4440.07,4440.49,0.2754,1.6675,4438.95,4438.96,5.393,20.273,0.0004000000,0.0000000000,0.3,470.4
2026-09-05T17:22:19.640+00:00,B_sell_A_buy,-3.4688,-9.3688,4440.07,4440.49,0.2754,1.6675,4438.95,4438.96,5.393,20.273,0.0004000000,0.0000000000,0.3,470.4
2026-09-05T17:22:21.455+00:00,A_sell_B_buy,2.7480,-3.1520,4440.18,4440.49,0.8613,0.8011,4438.95,4438.96,3.933,16.737,0.0004000000,0.0000000000,0.3,1429.8
2026-09-05T17:22:21.455+00:00,B_sell_A_buy,-3.4687,-9.3687,4440.18,4440.49,0.8613,0.8011,4438.95,4438.96,3.933,16.737,0.0004000000,0.0000000000,0.3,1429.8
2026-09-05T17:22:26.210+00:00,A_sell_B_buy,2.1173,-3.7827,4439.9,4440.49,0.0659,0.8011,4438.95,4438.96,1.51,26.29,0.0004000000,0.0000000000,0.3,687.6
2026-09-05T17:22:26.210+00:00,B_sell_A_buy,-3.4688,-9.3688,4439.9,4440.49,0.0659,0.8011,4438.95,4438.96,1.51,26.29,0.0004000000,0.0000000000,0.3,687.6
2026-09-05T17:22:27.548+00:00,A_sell_B_buy,2.4101,-3.4899,4440.01,4440.49,0.8294,0.8011,4438.93,4438.94,1.689,24.601,0.0004000000,0.0000000000,0.3,729.7
2026-09-05T17:22:27.548+00:00,B_sell_A_buy,-3.5138,-9.4138,4440.01,4440.49,0.8294,0.8011,4438.93,4438.94,1.689,24.601,0.0004000000,0.0000000000,0.3,729.7
2026-09-05T17:22:28.920+00:00,A_sell_B_buy,2.4101,-3.4899,4440.01,4440.49,1.0201,0.8011,4438.93,4438.94,3.129,22.521,0.0004000000,0.0000000000,1372.5,0.2
2026-09-05T17:22:28.920+00:00,B_sell_A_buy,-3.5138,-9.4138,4440.01,4440.49,1.0201,0.8011,4438.93,4438.94,3.129,22.521,0.0004000000,0.0000000000,1372.5,0.2
2026-09-05T17:22:31.353+00:00,A_sell_B_buy,2.7705,-3.1295,4440.13,4440.49,0.1915,0.8011,4438.89,4438.9,10.329,19.296,0.0004000000,0.0000000000,0.4,488.7
2026-09-05T17:22:31.353+00:00,B_sell_A_buy,-3.6039,-9.5039,4440.13,4440.49,0.1915,0.8011,4438.89,4438.9,10.329,19.296,0.0004000000,0.0000000000,0.4,488.7
2026-09-05T17:22:32.729+00:00,A_sell_B_buy,2.7705,-3.1295,4440.13,4440.49,0.1915,0.8011,4438.89,4438.9,10.329,17.786,0.0004000000,0.0000000000,1377.2,0.2
2026-09-05T17:22:32.729+00:00,B_sell_A_buy,-3.6039,-9.5039,4440.13,4440.49,0.1915,0.8011,4438.89,4438.9,10.329,17.786,0.0004000000,0.0000000000,1377.2,0.2
2026-09-05T17:22:49.078+00:00,A_sell_B_buy,2.6579,-3.2421,4440.13,4440.49,0.3802,0.8011,4438.94,4438.95,5.712,19.718,0.0004000000,0.0000000000,0.3,819.2
2026-09-05T17:22:49.078+00:00,B_sell_A_buy,-3.4913,-9.3913,4440.13,4440.49,0.3802,0.8011,4438.94,4438.95,5.712,19.718,0.0004000000,0.0000000000,0.3,819.2
2026-09-05T17:22:50.084+00:00,A_sell_B_buy,2.6579,-3.2421,4440.13,4440.49,0.1915,0.8011,4438.94,4438.95,5.712,18.193,0.0004000000,0.0000000000,0.4,655.4
2026-09-05T17:22:50.084+00:00,B_sell_A_buy,-3.4913,-9.3913,4440.13,4440.49,0.1915,0.8011,4438.94,4438.95,5.712,18.193,0.0004000000,0.0000000000,0.4,655.4
2026-09-05T17:22:52.665+00:00,A_sell_B_buy,2.6579,-3.2421,4440.13,4440.49,0.3899,0.8011,4438.94,4438.95,5.712,18.047,0.0004000000,0.0000000000,0.2,96.1
2026-09-05T17:22:52.665+00:00,B_sell_A_buy,-3.4913,-9.3913,4440.13,4440.49,0.3899,0.8011,4438.94,4438.95,5.712,18.047,0.0004000000,0.0000000000,0.2,96.1
2026-09-05T17:22:53.671+00:00,A_sell_B_buy,2.6579,-3.2421,4440.13,4440.49,0.1915,0.8011,4438.94,4438.95,2.325,10.835,0.0004000000,0.0000000000,1006.1,0.2
2026-09-05T17:22:53.671+00:00,B_sell_A_buy,-3.4913,-9.3913,4440.13,4440.49,0.1915,0.8011,4438.94,4438.95,2.325,10.835,0.0004000000,0.0000000000,1006.1,0.2
2026-09-05T17:22:55.419+00:00,A_sell_B_buy,2.6579,-3.2421,4440.13,4440.49,0.377,0.8011,4438.94,4438.95,0.896,18.045,0.0004000000,0.0000000000,0.3,353.8
2026-09-05T17:22:55.419+00:00,B_sell_A_buy,-3.4913,-9.3913,4440.13,4440.49,0.377,0.8011,4438.94,4438.95,0.896,18.045,0.0004000000,0.0000000000,0.3,353.8
2026-09-05T17:22:56.422+00:00,A_sell_B_buy,2.6579,-3.2421,4440.13,4440.64,0.3871,3.1678,4438.94,4438.95,10.572,10.835,0.0004000000,0.0000000000,0.1,253.1
2026-09-05T17:22:56.422+00:00,B_sell_A_buy,-3.8291,-9.7291,4440.13,4440.64,0.3871,3.1678,4438.94,4438.95,10.572,10.835,0.0004000000,0.0000000000,0.1,253.1
2026-09-05T17:22:57.628+00:00,A_sell_B_buy,2.8830,-3.0170,4440.34,4440.59,0.0956,1.3397,4439.05,4439.06,12.632,26.125,0.0004000000,0.0000000000,0.3,420.3
2026-09-05T17:22:57.628+00:00,B_sell_A_buy,-3.4687,-9.3687,4440.34,4440.59,0.0956,1.3397,4439.05,4439.06,12.632,26.125,0.0004000000,0.0000000000,0.3,420.3
2026-09-05T17:23:00.985+00:00,A_sell_B_buy,2.8605,-3.0395,4440.33,4440.59,0.2939,1.3397,4439.05,4439.06,12.632,23.369,0.0004000000,0.0000000000,0.3,1021.6
2026-09-05T17:23:00.985+00:00,B_sell_A_buy,-3.4687,-9.3687,4440.33,4440.59,0.2939,1.3397,4439.05,4439.06,12.632,23.369,0.0004000000,0.0000000000,0.3,1021.6
2026-09-05T17:23:02.020+00:00,A_sell_B_buy,2.2524,-3.6476,4440.14,4440.59,0.3026,1.3397,4439.13,4439.14,10.846,1.267,0.0004000000,0.0000000000,1032.1,0.2
2026-09-05T17:23:02.020+00:00,B_sell_A_buy,-3.2885,-9.1885,4440.14,4440.59,0.3026,1.3397,4439.13,4439.14,10.846,1.267,0.0004000000,0.0000000000,1032.1,0.2
2026-09-05T17:23:03.177+00:00,A_sell_B_buy,2.3875,-3.5125,4440.2,4440.8,0.2872,1.2703,4439.13,4439.14,10.857,4.716,0.0004000000,0.0000000000,328.2,0.2
2026-09-05T17:23:03.177+00:00,B_sell_A_buy,-3.7614,-9.6614,4440.2,4440.8,0.2872,1.2703,4439.13,4439.14,10.857,4.716,0.0004000000,0.0000000000,328.2,0.2
2026-09-05T17:23:04.329+00:00,A_sell_B_buy,2.2523,-3.6477,4440.2,4440.8,0.2872,1.2703,4439.13,4439.2,10.787,24.556,0.0004000000,0.0000000000,1480.2,0.2
2026-09-05T17:23:04.329+00:00,B_sell_A_buy,-3.7614,-9.6614,4440.2,4440.8,0.2872,1.2703,4439.13,4439.2,10.787,24.556,0.0004000000,0.0000000000,1480.2,0.2
2026-09-05T17:23:07.613+00:00,A_sell_B_buy,2.5677,-3.3323,4440.34,4440.6,0.1143,0.6607,4439.19,4439.2,9.959,21.928,0.0004000000,0.0000000000,0.3,391.1
2026-09-05T17:23:07.613+00:00,B_sell_A_buy,-3.1758,-9.0758,4440.34,4440.6,0.1143,0.6607,4439.19,4439.2,9.959,21.928,0.0004000000,0.0000000000,0.3,391.1
2026-09-05T17:23:09.267+00:00,A_sell_B_buy,2.5677,-3.3323,4440.34,4440.6,0.1143,0.6607,4439.19,4439.2,7.777,21.928,0.0004000000,0.0000000000,1654.4,0.2
2026-09-05T17:23:09.267+00:00,B_sell_A_buy,-3.1758,-9.0758,4440.34,4440.6,0.1143,0.6607,4439.19,4439.2,7.777,21.928,0.0004000000,0.0000000000,1654.4,0.2
2026-09-05T17:23:10.586+00:00,A_sell_B_buy,2.2524,-3.6476,4440.2,4440.6,0.1857,0.6607,4439.19,4439.2,7.847,20.493,0.0004000000,0.0000000000,0.2,60.5
2026-09-05T17:23:10.586+00:00,B_sell_A_buy,-3.1758,-9.0758,4440.2,4440.6,0.1857,0.6607,4439.19,4439.2,7.847,20.493,0.0004000000,0.0000000000,0.2,60.5
2026-09-05T17:23:11.670+00:00,A_sell_B_buy,2.2524,-3.6476,4440.2,4440.6,0.1857,0.6607,4439.19,4439.2,4.459,20.493,0.0004000000,0.0000000000,1085.1,0.2
2026-09-05T17:23:11.670+00:00,B_sell_A_buy,-3.1758,-9.0758,4440.2,4440.6,0.1857,0.6607,4439.19,4439.2,4.459,20.493,0.0004000000,0.0000000000,1085.1,0.2
2026-09-05T17:23:19.727+00:00,A_sell_B_buy,2.2749,-3.6251,4440.21,4440.6,0.6199,0.6607,4439.19,4439.2,12.612,13.401,0.0004000000,0.0000000000,0.3,301.4
2026-09-05T17:23:19.727+00:00,B_sell_A_buy,-3.1758,-9.0758,4440.21,4440.6,0.6199,0.6607,4439.19,4439.2,12.612,13.401,0.0004000000,0.0000000000,0.3,301.4
2026-09-05T17:23:21.679+00:00,A_sell_B_buy,2.4551,-3.4449,4440.29,4440.6,0.2623,0.6607,4439.19,4439.2,5.548,13.401,0.0004000000,0.0000000000,1064.1,0.2
2026-09-05T17:23:21.679+00:00,B_sell_A_buy,-3.1758,-9.0758,4440.29,4440.6,0.2623,0.6607,4439.19,4439.2,5.548,13.401,0.0004000000,0.0000000000,1064.1,0.2
2026-09-05T17:23:22.873+00:00,A_sell_B_buy,2.4550,-3.4450,4440.29,4440.8,0.4345,1.2703,4439.19,4439.2,5.548,13.401,0.0004000000,0.0000000000,273.9,0.2
2026-09-05T17:23:22.873+00:00,B_sell_A_buy,-3.6262,-9.5262,4440.29,4440.8,0.4345,1.2703,4439.19,4439.2,5.548,13.401,0.0004000000,0.0000000000,273.9,0.2
2026-09-05T17:23:27.602+00:00,A_sell_B_buy,2.4551,-3.4449,4440.29,4440.62,0.4345,0.6219,4439.19,4439.2,4.888,25.401,0.0004000000,0.0000000000,0.3,1833.0
2026-09-05T17:23:27.602+00:00,B_sell_A_buy,-3.2208,-9.1208,4440.29,4440.62,0.4345,0.6219,4439.19,4439.2,4.888,25.401,0.0004000000,0.0000000000,0.3,1833.0
2026-09-05T17:23:29.525+00:00,A_sell_B_buy,2.4551,-3.4449,4440.29,4440.62,0.4345,0.6219,4439.19,4439.2,1.333,23.872,0.0004000000,0.0000000000,1922.5,0.2
2026-09-05T17:23:29.525+00:00,B_sell_A_buy,-3.2208,-9.1208,4440.29,4440.62,0.4345,0.6219,4439.19,4439.2,1.333,23.872,0.0004000000,0.0000000000,1922.5,0.2
2026-09-05T17:23:31.557+00:00,A_sell_B_buy,2.4551,-3.4449,4440.29,4440.62,0.2623,0.6219,4439.19,4439.2,9.602,23.872,0.0004000000,0.0000000000,1858.1,0.2
2026-09-05T17:23:31.557+00:00,B_sell_A_buy,-3.2208,-9.1208,4440.29,4440.62,0.2623,0.6219,4439.19,4439.2,9.602,23.872,0.0004000000,0.0000000000,1858.1,0.2
2026-09-05T17:23:54.470+00:00,A_sell_B_buy,2.5001,-3.3999,4440.29,4440.83,0.2623,2.2518,4439.17,4439.18,0.861,2.956,0.0004000000,0.0000000000,0.2,48.0
2026-09-05T17:23:54.470+00:00,B_sell_A_buy,-3.7389,-9.6389,4440.29,4440.83,0.2623,2.2518,4439.17,4439.18,0.861,2.956,0.0004000000,0.0000000000,0.2,48.0
2026-09-05T17:23:55.670+00:00,A_sell_B_buy,2.8604,-3.0396,4440.45,4440.7,0.1342,0.6249,4439.17,4439.18,8.559,26.014,0.0004000000,0.0000000000,1081.6,0.2
2026-09-05T17:23:55.670+00:00,B_sell_A_buy,-3.4460,-9.3460,4440.45,4440.7,0.1342,0.6249,4439.17,4439.18,8.559,26.014,0.0004000000,0.0000000000,1081.6,0.2
2026-09-05T17:23:59.585+00:00,A_sell_B_buy,2.5226,-3.3774,4440.3,4440.7,0.8046,0.6249,4439.17,4439.18,4.906,25.153,0.0004000000,0.0000000000,0.3,1358.0
2026-09-05T17:23:59.585+00:00,B_sell_A_buy,-3.4461,-9.3461,4440.3,4440.7,0.8046,0.6249,4439.17,4439.18,4.906,25.153,0.0004000000,0.0000000000,0.3,1358.0
2026-09-05T17:24:01.113+00:00,A_sell_B_buy,2.5451,-3.3549,4440.31,4440.7,0.4952,0.6249,4439.17,4439.18,5.636,21.724,0.0004000000,0.0000000000,1421.6,0.2
2026-09-05T17:24:01.113+00:00,B_sell_A_buy,-3.4461,-9.3461,4440.31,4440.7,0.4952,0.6249,4439.17,4439.18,5.636,21.724,0.0004000000,0.0000000000,1421.6,0.2
2026-09-05T17:24:04.597+00:00,A_sell_B_buy,2.5451,-3.3549,4440.31,4440.83,0.4952,2.2518,4439.17,4439.18,5.636,17.634,0.0004000000,0.0000000000,0.3,571.5
2026-09-05T17:24:04.597+00:00,B_sell_A_buy,-3.7388,-9.6388,4440.31,4440.83,0.4952,2.2518,4439.17,4439.18,5.636,17.634,0.0004000000,0.0000000000,0.3,571.5
2026-09-05T17:24:06.213+00:00,A_sell_B_buy,2.5451,-3.3549,4440.31,4440.83,0.4952,2.2518,4439.17,4439.18,7.508,17.634,0.0004000000,0.0000000000,1617.1,0.2
2026-09-05T17:24:06.213+00:00,B_sell_A_buy,-3.7388,-9.6388,4440.31,4440.83,0.4952,2.2518,4439.17,4439.18,7.508,17.634,0.0004000000,0.0000000000,1617.1,0.2
2026-09-05T17:24:09.693+00:00,A_sell_B_buy,2.9956,-2.9044,4440.51,4440.76,0.1412,1.202,4439.17,4439.18,7.792,14.082,0.0004000000,0.0000000000,0.3,426.0
2026-09-05T17:24:09.693+00:00,B_sell_A_buy,-3.5812,-9.4812,4440.51,4440.76,0.1412,1.202,4439.17,4439.18,7.792,14.082,0.0004000000,0.0000000000,0.3,426.0
2026-09-05T17:24:10.801+00:00,A_sell_B_buy,2.5676,-3.3324,4440.32,4440.76,0.6199,1.202,4439.17,4439.18,6.353,10.567,0.0004000000,0.0000000000,0.2,328.6
2026-09-05T17:24:10.801+00:00,B_sell_A_buy,-3.5812,-9.4812,4440.32,4440.76,0.6199,1.202,4439.17,4439.18,6.353,10.567,0.0004000000,0.0000000000,0.2,328.6
2026-09-05T17:24:13.990+00:00,A_sell_B_buy,2.9956,-2.9044,4440.51,4440.76,0.1348,1.202,4439.17,4439.18,6.353,9.128,0.0004000000,0.0000000000,0.3,23.3
2026-09-05T17:24:13.990+00:00,B_sell_A_buy,-3.5812,-9.4812,4440.51,4440.76,0.1348,1.202,4439.17,4439.18,6.353,9.128,0.0004000000,0.0000000000,0.3,23.3
2026-09-05T17:24:15.113+00:00,A_sell_B_buy,2.5902,-3.3098,4440.33,4440.76,0.3129,1.202,4439.17,4439.18,11.418,9.128,0.0004000000,0.0000000000,165.7,0.2
2026-09-05T17:24:15.113+00:00,B_sell_A_buy,-3.5812,-9.4812,4440.33,4440.76,0.3129,1.202,4439.17,4439.18,11.418,9.128,0.0004000000,0.0000000000,165.7,0.2
2026-09-05T17:24:16.731+00:00,A_sell_B_buy,2.5902,-3.3098,4440.33,4440.76,0.3129,1.202,4439.17,4439.18,11.418,12.607,0.0004000000,0.0000000000,1783.7,0.2
2026-09-05T17:24:16.731+00:00,B_sell_A_buy,-3.5812,-9.4812,4440.33,4440.76,0.3129,1.202,4439.17,4439.18,11.418,12.607,0.0004000000,0.0000000000,1783.7,0.2
2026-09-05T17:24:19.000+00:00,A_sell_B_buy,2.8830,-3.0170,4440.46,4440.76,0.0873,1.202,4439.17,4439.18,11.418,17.152,0.0004000000,0.0000000000,0.3,88.3
2026-09-05T17:24:19.000+00:00,B_sell_A_buy,-3.5812,-9.4812,4440.46,4440.76,0.0873,1.202,4439.17,4439.18,11.418,17.152,0.0004000000,0.0000000000,0.3,88.3
2026-09-05T17:24:20.834+00:00,A_sell_B_buy,2.8830,-3.0170,4440.46,4440.76,0.0873,1.202,4439.17,4439.18,7.939,17.152,0.0004000000,0.0000000000,1834.1,0.2
2026-09-05T17:24:20.834+00:00,B_sell_A_buy,-3.5812,-9.4812,4440.46,4440.76,0.0873,1.202,4439.17,4439.18,7.939,17.152,0.0004000000,0.0000000000,1834.1,0.2
2026-09-05T17:24:24.000+00:00,A_sell_B_buy,2.5902,-3.3098,4440.33,4440.76,0.3129,1.202,4439.17,4439.18,10.239,17.152,0.0004000000,0.0000000000,0.3,422.5
2026-09-05T17:24:24.000+00:00,B_sell_A_buy,-3.5812,-9.4812,4440.33,4440.76,0.3129,1.202,4439.17,4439.18,10.239,17.152,0.0004000000,0.0000000000,0.3,422.5
2026-09-05T17:24:25.425+00:00,A_sell_B_buy,2.5902,-3.3098,4440.33,4440.76,0.3129,1.202,4439.17,4439.18,3.231,17.152,0.0004000000,0.0000000000,1425.8,0.3
2026-09-05T17:24:25.425+00:00,B_sell_A_buy,-3.5812,-9.4812,4440.33,4440.76,0.3129,1.202,4439.17,4439.18,3.231,17.152,0.0004000000,0.0000000000,1425.8,0.3
2026-09-05T17:24:29.007+00:00,A_sell_B_buy,2.8604,-3.0396,4440.45,4440.76,0.0851,1.202,4439.17,4439.18,8.838,18.995,0.0004000000,0.0000000000,0.4,1080.0
2026-09-05T17:24:29.007+00:00,B_sell_A_buy,-3.5812,-9.4812,4440.45,4440.76,0.0851,1.202,4439.17,4439.18,8.838,18.995,0.0004000000,0.0000000000,0.4,1080.0
2026-09-05T17:24:30.533+00:00,A_sell_B_buy,2.8604,-3.0396,4440.45,4440.76,0.0851,1.202,4439.17,4439.18,8.838,13.936,0.0004000000,0.0000000000,1526.9,0.2
2026-09-05T17:24:30.533+00:00,B_sell_A_buy,-3.5812,-9.4812,4440.45,4440.76,0.0851,1.202,4439.17,4439.18,8.838,13.936,0.0004000000,0.0000000000,1526.9,0.2
2026-09-05T17:24:38.597+00:00,A_sell_B_buy,2.5902,-3.3098,4440.33,4440.76,0.1921,1.202,4439.17,4439.18,9.297,6.839,0.0004000000,0.0000000000,0.3,478.2
2026-09-05T17:24:38.597+00:00,B_sell_A_buy,-3.5812,-9.4812,4440.33,4440.76,0.1921,1.202,4439.17,4439.18,9.297,6.839,0.0004000000,0.0000000000,0.3,478.2
2026-09-05T17:24:40.644+00:00,A_sell_B_buy,2.5676,-3.3324,4440.32,4440.76,0.1825,1.202,4439.17,4439.18,9.297,5.345,0.0004000000,0.0000000000,0.3,1715.4
2026-09-05T17:24:40.644+00:00,B_sell_A_buy,-3.5812,-9.4812,4440.32,4440.76,0.1825,1.202,4439.17,4439.18,9.297,5.345,0.0004000000,0.0000000000,0.3,1715.4
2026-09-05T17:24:41.717+00:00,A_sell_B_buy,2.5676,-3.3324,4440.32,4440.76,0.1825,1.202,4439.17,4439.18,9.297,20.731,0.0004000000,0.0000000000,1073.2,0.2
2026-09-05T17:24:41.717+00:00,B_sell_A_buy,-3.5812,-9.4812,4440.32,4440.76,0.1825,1.202,4439.17,4439.18,9.297,20.731,0.0004000000,0.0000000000,1073.2,0.2
2026-09-05T17:24:42.745+00:00,A_sell_B_buy,2.5451,-3.3549,4440.31,4440.76,0.2026,1.202,4439.17,4439.18,9.297,17.266,0.0004000000,0.0000000000,0.2,31.8
2026-09-05T17:24:42.745+00:00,B_sell_A_buy,-3.5812,-9.4812,4440.31,4440.76,0.2026,1.202,4439.17,4439.18,9.297,17.266,0.0004000000,0.0000000000,0.2,31.8
2026-09-05T17:24:43.968+00:00,A_sell_B_buy,2.7478,-3.1522,4440.4,4440.76,0.2953,1.202,4439.17,4439.18,9.986,17.266,0.0004000000,0.0000000000,367.7,0.2
2026-09-05T17:24:43.968+00:00,B_sell_A_buy,-3.5812,-9.4812,4440.4,4440.76,0.2953,1.202,4439.17,4439.18,9.986,17.266,0.0004000000,0.0000000000,367.7,0.2
2026-09-05T17:24:45.010+00:00,A_sell_B_buy,2.7478,-3.1522,4440.4,4440.76,0.2953,1.202,4439.17,4439.18,8.416,17.266,0.0004000000,0.0000000000,1408.9,0.2
2026-09-05T17:24:45.010+00:00,B_sell_A_buy,-3.5812,-9.4812,4440.4,4440.76,0.2953,1.202,4439.17,4439.18,8.416,17.266,0.0004000000,0.0000000000,1408.9,0.2
2026-09-05T17:24:57.344+00:00,A_sell_B_buy,2.7703,-3.1297,4440.4,4440.76,0.4739,1.202,4439.16,4439.17,1.266,15.522,0.0004000000,0.0000000000,0.3,552.4
2026-09-05T17:24:57.344+00:00,B_sell_A_buy,-3.6037,-9.5037,4440.4,4440.76,0.4739,1.202,4439.16,4439.17,1.266,15.522,0.0004000000,0.0000000000,0.3,552.4
2026-09-05T17:24:58.652+00:00,A_sell_B_buy,2.7703,-3.1297,4440.4,4440.76,0.2953,1.202,4439.16,4439.17,1.123,15.522,0.0004000000,0.0000000000,873.4,0.3
2026-09-05T17:24:58.652+00:00,B_sell_A_buy,-3.6037,-9.5037,4440.4,4440.76,0.2953,1.202,4439.16,4439.17,1.123,15.522,0.0004000000,0.0000000000,873.4,0.3
2026-09-05T17:25:04.684+00:00,A_sell_B_buy,2.8154,-3.0846,4440.4,4440.76,0.4895,1.202,4439.14,4439.15,14.555,18.514,0.0004000000,0.0000000000,0.3,834.6
2026-09-05T17:25:04.684+00:00,B_sell_A_buy,-3.6488,-9.5488,4440.4,4440.76,0.4895,1.202,4439.14,4439.15,14.555,18.514,0.0004000000,0.0000000000,0.3,834.6
2026-09-05T17:25:05.686+00:00,A_sell_B_buy,2.8154,-3.0846,4440.4,4440.76,0.4895,1.202,4439.14,4439.15,16.618,18.514,0.0004000000,0.0000000000,1002.1,0.2
2026-09-05T17:25:05.686+00:00,B_sell_A_buy,-3.6488,-9.5488,4440.4,4440.76,0.4895,1.202,4439.14,4439.15,16.618,18.514,0.0004000000,0.0000000000,1002.1,0.2
2026-09-05T17:25:06.842+00:00,A_sell_B_buy,2.4101,-3.4899,4440.22,4440.31,0.6546,0.5095,4439.14,4439.15,6.148,18.514,0.0004000000,0.0000000000,206.2,0.3
2026-09-05T17:25:06.842+00:00,B_sell_A_buy,-2.6353,-8.5353,4440.22,4440.31,0.6546,0.5095,4439.14,4439.15,6.148,18.514,0.0004000000,0.0000000000,206.2,0.3
2026-09-05T17:25:11.541+00:00,A_sell_B_buy,2.5226,-3.3774,4440.27,4440.56,0.2449,0.7942,4439.14,4439.15,5.521,10.107,0.0004000000,0.0000000000,0.2,1856.9
2026-09-05T17:25:11.541+00:00,B_sell_A_buy,-3.1984,-9.0984,4440.27,4440.56,0.2449,0.7942,4439.14,4439.15,5.521,10.107,0.0004000000,0.0000000000,0.2,1856.9
2026-09-05T17:25:13.275+00:00,A_sell_B_buy,2.5226,-3.3774,4440.27,4440.56,0.2609,0.7942,4439.14,4439.15,4.01,10.107,0.0004000000,0.0000000000,866.9,0.2
2026-09-05T17:25:13.275+00:00,B_sell_A_buy,-3.1984,-9.0984,4440.27,4440.56,0.2609,0.7942,4439.14,4439.15,4.01,10.107,0.0004000000,0.0000000000,866.9,0.2
2026-09-05T17:25:20.534+00:00,A_sell_B_buy,2.5226,-3.3774,4440.27,4440.56,0.2449,0.7942,4439.14,4439.15,13.019,16.614,0.0004000000,0.0000000000,0.3,406.2
2026-09-05T17:25:20.534+00:00,B_sell_A_buy,-3.1984,-9.0984,4440.27,4440.56,0.2449,0.7942,4439.14,4439.15,13.019,16.614,0.0004000000,0.0000000000,0.3,406.2
2026-09-05T17:25:22.176+00:00,A_sell_B_buy,2.5226,-3.3774,4440.27,4440.56,0.2603,0.7942,4439.14,4439.15,8.629,16.614,0.0004000000,0.0000000000,892.3,0.2
2026-09-05T17:25:22.176+00:00,B_sell_A_buy,-3.1984,-9.0984,4440.27,4440.56,0.2603,0.7942,4439.14,4439.15,8.629,16.614,0.0004000000,0.0000000000,892.3,0.2
2026-09-05T17:25:25.345+00:00,A_sell_B_buy,2.5226,-3.3774,4440.27,4440.56,0.2449,0.7942,4439.14,4439.15,8.629,15.841,0.0004000000,0.0000000000,0.3,427.8
2026-09-05T17:25:25.345+00:00,B_sell_A_buy,-3.1984,-9.0984,4440.27,4440.56,0.2449,0.7942,4439.14,4439.15,8.629,15.841,0.0004000000,0.0000000000,0.3,427.8
2026-09-05T17:25:26.420+00:00,A_sell_B_buy,2.5226,-3.3774,4440.27,4440.56,0.2582,0.7942,4439.14,4439.15,9.895,15.841,0.0004000000,0.0000000000,0.3,1001.3
2026-09-05T17:25:26.420+00:00,B_sell_A_buy,-3.1984,-9.0984,4440.27,4440.56,0.2582,0.7942,4439.14,4439.15,9.895,15.841,0.0004000000,0.0000000000,0.3,1001.3
2026-09-05T17:25:27.915+00:00,A_sell_B_buy,2.5226,-3.3774,4440.27,4440.56,0.2449,0.7942,4439.14,4439.15,6.462,15.841,0.0004000000,0.0000000000,501.3,0.2
2026-09-05T17:25:27.915+00:00,B_sell_A_buy,-3.1984,-9.0984,4440.27,4440.56,0.2449,0.7942,4439.14,4439.15,6.462,15.841,0.0004000000,0.0000000000,501.3,0.2
2026-09-05T17:25:29.378+00:00,A_sell_B_buy,2.5226,-3.3774,4440.27,4440.56,0.2449,0.7942,4439.14,4439.15,7.99,15.841,0.0004000000,0.0000000000,1963.8,0.2
2026-09-05T17:25:29.378+00:00,B_sell_A_buy,-3.1984,-9.0984,4440.27,4440.56,0.2449,0.7942,4439.14,4439.15,7.99,15.841,0.0004000000,0.0000000000,1963.8,0.2
2026-09-05T17:25:35.409+00:00,A_sell_B_buy,2.5226,-3.3774,4440.27,4440.56,0.2587,0.7942,4439.14,4439.15,11.052,7.392,0.0004000000,0.0000000000,0.3,1639.7
2026-09-05T17:25:35.409+00:00,B_sell_A_buy,-3.1984,-9.0984,4440.27,4440.56,0.2587,0.7942,4439.14,4439.15,11.052,7.392,0.0004000000,0.0000000000,0.3,1639.7
2026-09-05T17:25:37.015+00:00,A_sell_B_buy,2.5226,-3.3774,4440.27,4440.56,0.2587,0.7942,4439.14,4439.15,11.052,3.955,0.0004000000,0.0000000000,1606.5,0.2
2026-09-05T17:25:37.015+00:00,B_sell_A_buy,-3.1984,-9.0984,4440.27,4440.56,0.2587,0.7942,4439.14,4439.15,11.052,3.955,0.0004000000,0.0000000000,1606.5,0.2
2026-09-05T17:25:41.371+00:00,A_sell_B_buy,2.5226,-3.3774,4440.27,4440.56,0.2449,0.7942,4439.14,4439.15,8.492,15.013,0.0004000000,0.0000000000,0.3,1206.5
2026-09-05T17:25:41.371+00:00,B_sell_A_buy,-3.1984,-9.0984,4440.27,4440.56,0.2449,0.7942,4439.14,4439.15,8.492,15.013,0.0004000000,0.0000000000,0.3,1206.5
2026-09-05T17:25:42.926+00:00,A_sell_B_buy,2.5226,-3.3774,4440.27,4440.56,0.2449,0.7942,4439.14,4439.15,7.103,11.521,0.0004000000,0.0000000000,1555.8,0.2
2026-09-05T17:25:42.926+00:00,B_sell_A_buy,-3.1984,-9.0984,4440.27,4440.56,0.2449,0.7942,4439.14,4439.15,7.103,11.521,0.0004000000,0.0000000000,1555.8,0.2
2026-09-05T17:25:56.553+00:00,A_sell_B_buy,2.3425,-3.5575,4440.19,4440.56,0.1709,0.7942,4439.14,4439.15,10.018,16.617,0.0004000000,0.0000000000,0.3,34.8
2026-09-05T17:25:56.553+00:00,B_sell_A_buy,-3.1984,-9.0984,4440.19,4440.56,0.1709,0.7942,4439.14,4439.15,10.018,16.617,0.0004000000,0.0000000000,0.3,34.8
2026-09-05T17:25:57.823+00:00,A_sell_B_buy,2.3425,-3.5575,4440.19,4440.56,0.1709,0.7942,4439.14,4439.15,3.095,16.617,0.0004000000,0.0000000000,1270.1,0.2
2026-09-05T17:25:57.823+00:00,B_sell_A_buy,-3.1984,-9.0984,4440.19,4440.56,0.1709,0.7942,4439.14,4439.15,3.095,16.617,0.0004000000,0.0000000000,1270.1,0.2
2026-09-05T17:25:59.215+00:00,A_sell_B_buy,2.2974,-3.6026,4440.17,4440.56,0.2056,0.7942,4439.14,4439.15,3.095,15.099,0.0004000000,0.0000000000,487.3,0.2
2026-09-05T17:25:59.215+00:00,B_sell_A_buy,-3.1984,-9.0984,4440.17,4440.56,0.2056,0.7942,4439.14,4439.15,3.095,15.099,0.0004000000,0.0000000000,487.3,0.2
2026-09-05T17:26:00.522+00:00,A_sell_B_buy,2.2299,-3.6701,4440.14,4440.56,0.3026,0.7942,4439.14,4439.15,3.095,11.555,0.0004000000,0.0000000000,785.2,0.2
2026-09-05T17:26:00.522+00:00,B_sell_A_buy,-3.1984,-9.0984,4440.14,4440.56,0.3026,0.7942,4439.14,4439.15,3.095,11.555,0.0004000000,0.0000000000,785.2,0.2
2026-09-05T17:26:01.552+00:00,A_sell_B_buy,2.2299,-3.6701,4440.14,4440.56,0.182,0.7942,4439.14,4439.15,3.095,15.116,0.0004000000,0.0000000000,0.3,924.9
2026-09-05T17:26:01.552+00:00,B_sell_A_buy,-3.1984,-9.0984,4440.14,4440.56,0.182,0.7942,4439.14,4439.15,3.095,15.116,0.0004000000,0.0000000000,0.3,924.9
2026-09-05T17:26:02.808+00:00,A_sell_B_buy,2.0722,-3.8278,4440.07,4440.56,0.0255,0.7942,4439.14,4439.15,14.72,15.116,0.0004000000,0.0000000000,0.3,848.4
2026-09-05T17:26:02.808+00:00,B_sell_A_buy,-3.1984,-9.0984,4440.07,4440.56,0.0255,0.7942,4439.14,4439.15,14.72,15.116,0.0004000000,0.0000000000,0.3,848.4
2026-09-05T17:26:04.761+00:00,A_sell_B_buy,2.3650,-3.5350,4440.2,4440.56,0.1646,0.7942,4439.14,4439.15,10.184,15.116,0.0004000000,0.0000000000,1884.2,0.3
2026-09-05T17:26:04.761+00:00,B_sell_A_buy,-3.1984,-9.0984,4440.2,4440.56,0.1646,0.7942,4439.14,4439.15,10.184,15.116,0.0004000000,0.0000000000,1884.2,0.3
2026-09-05T17:26:26.052+00:00,A_sell_B_buy,2.3650,-3.5350,4440.2,4440.56,0.1803,0.7942,4439.14,4439.15,14.304,15.269,0.0004000000,0.0000000000,0.4,523.8
2026-09-05T17:26:26.052+00:00,B_sell_A_buy,-3.1984,-9.0984,4440.2,4440.56,0.1803,0.7942,4439.14,4439.15,14.304,15.269,0.0004000000,0.0000000000,0.4,523.8
2026-09-05T17:26:27.103+00:00,A_sell_B_buy,2.3650,-3.5350,4440.2,4440.56,0.1646,0.7942,4439.14,4439.15,7.23,15.269,0.0004000000,0.0000000000,0.4,184.0
2026-09-05T17:26:27.103+00:00,B_sell_A_buy,-3.1984,-9.0984,4440.2,4440.56,0.1646,0.7942,4439.14,4439.15,7.23,15.269,0.0004000000,0.0000000000,0.4,184.0
2026-09-05T17:26:28.133+00:00,A_sell_B_buy,2.3650,-3.5350,4440.2,4440.56,0.1812,0.7942,4439.14,4439.15,7.23,13.84,0.0004000000,0.0000000000,0.4,403.8
2026-09-05T17:26:28.133+00:00,B_sell_A_buy,-3.1984,-9.0984,4440.2,4440.56,0.1812,0.7942,4439.14,4439.15,7.23,13.84,0.0004000000,0.0000000000,0.4,403.8
2026-09-05T17:26:29.137+00:00,A_sell_B_buy,2.3650,-3.5350,4440.2,4440.56,0.1646,0.7942,4439.14,4439.15,7.23,13.84,0.0004000000,0.0000000000,0.3,1407.0
2026-09-05T17:26:29.137+00:00,B_sell_A_buy,-3.1984,-9.0984,4440.2,4440.56,0.1646,0.7942,4439.14,4439.15,7.23,13.84,0.0004000000,0.0000000000,0.3,1407.0
2026-09-05T17:26:30.292+00:00,A_sell_B_buy,2.3650,-3.5350,4440.2,4440.56,0.1646,0.7942,4439.14,4439.15,7.23,6.755,0.0004000000,0.0000000000,1155.2,0.3
2026-09-05T17:26:30.292+00:00,B_sell_A_buy,-3.1984,-9.0984,4440.2,4440.56,0.1646,0.7942,4439.14,4439.15,7.23,6.755,0.0004000000,0.0000000000,1155.2,0.3
2026-09-05T17:26:32.149+00:00,A_sell_B_buy,2.3650,-3.5350,4440.2,4440.56,0.1812,0.7942,4439.14,4439.15,7.23,6.755,0.0004000000,0.0000000000,0.3,1858.8
2026-09-05T17:26:32.149+00:00,B_sell_A_buy,-3.1984,-9.0984,4440.2,4440.56,0.1812,0.7942,4439.14,4439.15,7.23,6.755,0.0004000000,0.0000000000,0.3,1858.8
2026-09-05T17:26:33.761+00:00,A_sell_B_buy,2.3650,-3.5350,4440.2,4440.56,0.1646,0.7942,4439.14,4439.15,7.23,5.293,0.0004000000,0.0000000000,612.7,0.3
2026-09-05T17:26:33.761+00:00,B_sell_A_buy,-3.1984,-9.0984,4440.2,4440.56,0.1646,0.7942,4439.14,4439.15,7.23,5.293,0.0004000000,0.0000000000,612.7,0.3
2026-09-05T17:26:34.793+00:00,A_sell_B_buy,2.6352,-3.2648,4440.33,4440.63,0.0247,0.9006,4439.14,4439.16,7.23,0.766,0.0004000000,0.0000000000,0.3,714.2
2026-09-05T17:26:34.793+00:00,B_sell_A_buy,-3.3560,-9.2560,4440.33,4440.63,0.0247,0.9006,4439.14,4439.16,7.23,0.766,0.0004000000,0.0000000000,0.3,714.2
2026-09-05T17:26:36.351+00:00,A_sell_B_buy,2.6352,-3.2648,4440.33,4440.63,0.0246,0.9006,4439.15,4439.16,16.573,0.766,0.0004000000,0.0000000000,0.3,822.3
2026-09-05T17:26:36.351+00:00,B_sell_A_buy,-3.3335,-9.2335,4440.33,4440.63,0.0246,0.9006,4439.15,4439.16,16.573,0.766,0.0004000000,0.0000000000,0.3,822.3
2026-09-05T17:26:38.092+00:00,A_sell_B_buy,2.7028,-3.1972,4440.36,4440.63,0.0248,0.9006,4439.15,4439.16,8.093,0.618,0.0004000000,0.0000000000,0.3,753.4
2026-09-05T17:26:38.092+00:00,B_sell_A_buy,-3.3335,-9.2335,4440.36,4440.63,0.0248,0.9006,4439.15,4439.16,8.093,0.618,0.0004000000,0.0000000000,0.3,753.4
2026-09-05T17:26:39.223+00:00,A_sell_B_buy,2.3424,-3.5576,4440.37,4440.63,0.0263,0.9006,4439.15,4439.33,8.093,3.895,0.0004000000,0.0000000000,134.1,0.3
2026-09-05T17:26:39.223+00:00,B_sell_A_buy,-3.3334,-9.2334,4440.37,4440.63,0.0263,0.9006,4439.15,4439.33,8.093,3.895,0.0004000000,0.0000000000,134.1,0.3
2026-09-05T17:26:40.777+00:00,A_sell_B_buy,2.4550,-3.4450,4440.42,4440.63,0.0263,0.9006,4439.32,4439.33,13.475,21.553,0.0004000000,0.0000000000,0.3,596.3
2026-09-05T17:26:40.777+00:00,B_sell_A_buy,-2.9505,-8.8505,4440.42,4440.63,0.0263,0.9006,4439.32,4439.33,13.475,21.553,0.0004000000,0.0000000000,0.3,596.3
2026-09-05T17:26:41.790+00:00,A_sell_B_buy,2.1621,-3.7379,4440.4,4441.11,0.0413,0.6339,4439.32,4439.44,12.053,1.266,0.0004000000,0.0000000000,0.2,81.9
2026-09-05T17:26:41.790+00:00,B_sell_A_buy,-4.0315,-9.9315,4440.4,4441.11,0.0413,0.6339,4439.32,4439.44,12.053,1.266,0.0004000000,0.0000000000,0.2,81.9
2026-09-05T17:26:43.587+00:00,A_sell_B_buy,2.1847,-3.7153,4440.46,4440.69,0.0337,0.6283,4439.18,4439.49,1.266,19.916,0.0004000000,0.0000000000,1022.2,0.2
2026-09-05T17:26:43.587+00:00,B_sell_A_buy,-3.4009,-9.3009,4440.46,4440.69,0.0337,0.6283,4439.18,4439.49,1.266,19.916,0.0004000000,0.0000000000,1022.2,0.2
2026-09-05T17:26:44.598+00:00,A_sell_B_buy,2.7028,-3.1972,4440.42,4440.69,0.048,0.6283,4439.21,4439.22,14.755,19.974,0.0004000000,0.0000000000,443.4,0.2
2026-09-05T17:26:44.598+00:00,B_sell_A_buy,-3.3334,-9.2334,4440.42,4440.69,0.048,0.6283,4439.21,4439.22,14.755,19.974,0.0004000000,0.0000000000,443.4,0.2
2026-09-05T17:26:45.677+00:00,A_sell_B_buy,2.7253,-3.1747,4440.43,4440.69,0.0481,0.6283,4439.21,4439.22,18.207,19.974,0.0004000000,0.0000000000,962.5,0.3
2026-09-05T17:26:45.677+00:00,B_sell_A_buy,-3.3334,-9.2334,4440.43,4440.69,0.0481,0.6283,4439.21,4439.22,18.207,19.974,0.0004000000,0.0000000000,962.5,0.3
2026-09-05T17:26:47.016+00:00,A_sell_B_buy,2.7703,-3.1297,4440.45,4440.69,0.0482,0.6283,4439.21,4439.22,11.303,18.552,0.0004000000,0.0000000000,447.0,0.2
2026-09-05T17:26:47.016+00:00,B_sell_A_buy,-3.3334,-9.2334,4440.45,4440.69,0.0482,0.6283,4439.21,4439.22,11.303,18.552,0.0004000000,0.0000000000,447.0,0.2
2026-09-05T17:26:48.494+00:00,A_sell_B_buy,2.7253,-3.1747,4440.43,4440.69,0.0481,0.6283,4439.21,4439.22,9.128,18.552,0.0004000000,0.0000000000,871.9,0.2
2026-09-05T17:26:48.494+00:00,B_sell_A_buy,-3.3334,-9.2334,4440.43,4440.69,0.0481,0.6283,4439.21,4439.22,9.128,18.552,0.0004000000,0.0000000000,871.9,0.2
2026-09-05T17:26:49.938+00:00,A_sell_B_buy,2.7703,-3.1297,4440.45,4440.69,0.0482,0.6283,4439.21,4439.22,9.128,18.552,0.0004000000,0.0000000000,0.3,1443.9
2026-09-05T17:26:49.938+00:00,B_sell_A_buy,-3.3334,-9.2334,4440.45,4440.69,0.0482,0.6283,4439.21,4439.22,9.128,18.552,0.0004000000,0.0000000000,0.3,1443.9
2026-09-05T17:26:50.966+00:00,A_sell_B_buy,2.7703,-3.1297,4440.45,4440.69,0.0482,0.6283,4439.21,4439.22,7.576,11.659,0.0004000000,0.0000000000,1027.5,0.3
2026-09-05T17:26:50.966+00:00,B_sell_A_buy,-3.3334,-9.2334,4440.45,4440.69,0.0482,0.6283,4439.21,4439.22,7.576,11.659,0.0004000000,0.0000000000,1027.5,0.3
2026-09-05T17:26:52.209+00:00,A_sell_B_buy,2.7478,-3.1522,4440.44,4440.69,0.0482,0.6283,4439.21,4439.22,7.576,11.659,0.0004000000,0.0000000000,638.4,0.3
2026-09-05T17:26:52.209+00:00,B_sell_A_buy,-3.3334,-9.2334,4440.44,4440.69,0.0482,0.6283,4439.21,4439.22,7.576,11.659,0.0004000000,0.0000000000,638.4,0.3
2026-09-05T17:26:53.872+00:00,A_sell_B_buy,2.7028,-3.1972,4440.42,4440.69,0.0481,0.6283,4439.21,4439.22,7.576,11.659,0.0004000000,0.0000000000,0.3,1662.7
2026-09-05T17:26:53.872+00:00,B_sell_A_buy,-3.3334,-9.2334,4440.42,4440.69,0.0481,0.6283,4439.21,4439.22,7.576,11.659,0.0004000000,0.0000000000,0.3,1662.7
2026-09-05T17:26:54.974+00:00,A_sell_B_buy,2.7028,-3.1972,4440.42,4440.69,0.0481,0.6283,4439.21,4439.22,7.576,10.107,0.0004000000,0.0000000000,1103.8,0.3
2026-09-05T17:26:54.974+00:00,B_sell_A_buy,-3.3334,-9.2334,4440.42,4440.69,0.0481,0.6283,4439.21,4439.22,7.576,10.107,0.0004000000,0.0000000000,1103.8,0.3
2026-09-05T17:26:56.212+00:00,A_sell_B_buy,2.7028,-3.1972,4440.42,4440.69,0.0481,0.6283,4439.21,4439.22,17.795,10.107,0.0004000000,0.0000000000,0.4,982.7
2026-09-05T17:26:56.212+00:00,B_sell_A_buy,-3.3334,-9.2334,4440.42,4440.69,0.0481,0.6283,4439.21,4439.22,17.795,10.107,0.0004000000,0.0000000000,0.4,982.7
2026-09-05T17:26:57.964+00:00,A_sell_B_buy,2.7028,-3.1972,4440.42,4440.69,0.0481,0.6283,4439.21,4439.22,14.359,6.682,0.0004000000,0.0000000000,1751.6,0.2
2026-09-05T17:26:57.964+00:00,B_sell_A_buy,-3.3334,-9.2334,4440.42,4440.69,0.0481,0.6283,4439.21,4439.22,14.359,6.682,0.0004000000,0.0000000000,1751.6,0.2
2026-09-05T17:26:59.023+00:00,A_sell_B_buy,2.2074,-3.6926,4440.19,4440.68,0.09,0.6326,4438.43,4439.21,2.806,0.02,0.0004000000,0.0000000000,146.2,0.2
2026-09-05T17:26:59.023+00:00,B_sell_A_buy,-5.0680,-10.9680,4440.19,4440.68,0.09,0.6326,4438.43,4439.21,2.806,0.02,0.0004000000,0.0000000000,146.2,0.2
2026-09-05T17:27:00.783+00:00,A_sell_B_buy,3.2886,-2.6114,4440.21,4440.65,0.4393,0.7414,4438.74,4438.75,13.859,18.794,0.0004000000,0.0000000000,885.4,0.3
2026-09-05T17:27:00.783+00:00,B_sell_A_buy,-4.3022,-10.2022,4440.21,4440.65,0.4393,0.7414,4438.74,4438.75,13.859,18.794,0.0004000000,0.0000000000,885.4,0.3
2026-09-05T17:27:02.541+00:00,A_sell_B_buy,2.7255,-3.1745,4439.96,4440.65,1.464,0.7414,4438.74,4438.75,13.789,16.756,0.0004000000,0.0000000000,0.3,1518.6
2026-09-05T17:27:02.541+00:00,B_sell_A_buy,-4.3023,-10.2023,4439.96,4440.65,1.464,0.7414,4438.74,4438.75,13.789,16.756,0.0004000000,0.0000000000,0.3,1518.6
2026-09-05T17:27:06.044+00:00,A_sell_B_buy,2.7255,-3.1745,4439.96,4440.46,0.827,0.6198,4438.74,4438.75,12.232,16.756,0.0004000000,0.0000000000,0.3,59.0
2026-09-05T17:27:06.044+00:00,B_sell_A_buy,-3.8743,-9.7743,4439.96,4440.46,0.827,0.6198,4438.74,4438.75,12.232,16.756,0.0004000000,0.0000000000,0.3,59.0
2026-09-05T17:27:07.080+00:00,A_sell_B_buy,2.7255,-3.1745,4439.96,4440.65,0.6824,0.7414,4438.74,4438.75,6.526,16.776,0.0004000000,0.0000000000,0.3,270.1
2026-09-05T17:27:07.080+00:00,B_sell_A_buy,-4.3023,-10.2023,4439.96,4440.65,0.6824,0.7414,4438.74,4438.75,6.526,16.776,0.0004000000,0.0000000000,0.3,270.1
2026-09-05T17:27:08.674+00:00,A_sell_B_buy,2.7255,-3.1745,4439.96,4440.65,0.6824,0.7414,4438.74,4438.75,2.666,16.776,0.0004000000,0.0000000000,1593.5,0.2
2026-09-05T17:27:08.674+00:00,B_sell_A_buy,-4.3023,-10.2023,4439.96,4440.65,0.6824,0.7414,4438.74,4438.75,2.666,16.776,0.0004000000,0.0000000000,1593.5,0.2
2026-09-05T17:27:11.101+00:00,A_sell_B_buy,3.1760,-2.7240,4440.16,4440.41,0.4635,0.5977,4438.74,4438.75,2.666,9.817,0.0004000000,0.0000000000,0.3,874.0
2026-09-05T17:27:11.101+00:00,B_sell_A_buy,-3.7617,-9.6617,4440.16,4440.41,0.4635,0.5977,4438.74,4438.75,2.666,9.817,0.0004000000,0.0000000000,0.3,874.0
2026-09-05T17:27:14.428+00:00,A_sell_B_buy,3.7841,-2.1159,4440.42,4440.53,0.4013,0.3059,4438.61,4438.74,2.891,0.794,0.0004000000,0.0000000000,231.8,0.3
2026-09-05T17:27:14.428+00:00,B_sell_A_buy,-4.3247,-10.2247,4440.42,4440.53,0.4013,0.3059,4438.61,4438.74,2.891,0.794,0.0004000000,0.0000000000,231.8,0.3
2026-09-05T17:27:15.569+00:00,A_sell_B_buy,3.1985,-2.7015,4440.17,4440.53,0.7056,0.6226,4438.62,4438.75,1.218,16.194,0.0004000000,0.0000000000,667.8,0.2
2026-09-05T17:27:15.569+00:00,B_sell_A_buy,-4.3023,-10.2023,4440.17,4440.53,0.7056,0.6226,4438.62,4438.75,1.218,16.194,0.0004000000,0.0000000000,667.8,0.2
2026-09-05T17:27:19.899+00:00,A_sell_B_buy,3.4463,-2.4537,4440.16,4440.53,0.4635,0.6226,4438.62,4438.63,12.389,14.931,0.0004000000,0.0000000000,0.3,773.5
2026-09-05T17:27:19.899+00:00,B_sell_A_buy,-4.3023,-10.2023,4440.16,4440.53,0.4635,0.6226,4438.62,4438.63,12.389,14.931,0.0004000000,0.0000000000,0.3,773.5
2026-09-05T17:27:21.483+00:00,A_sell_B_buy,3.4464,-2.4536,4440.16,4440.42,0.4635,0.5095,4438.62,4438.63,12.389,14.875,0.0004000000,0.0000000000,0.3,650.1
2026-09-05T17:27:21.483+00:00,B_sell_A_buy,-4.0545,-9.9545,4440.16,4440.42,0.4635,0.5095,4438.62,4438.63,12.389,14.875,0.0004000000,0.0000000000,0.3,650.1
2026-09-05T17:27:24.284+00:00,A_sell_B_buy,2.9959,-2.9041,4439.96,4440.42,0.6824,1.5016,4438.62,4438.63,8.047,13.393,0.0004000000,0.0000000000,1881.2,0.2
2026-09-05T17:27:24.284+00:00,B_sell_A_buy,-4.0546,-9.9546,4439.96,4440.42,0.6824,1.5016,4438.62,4438.63,8.047,13.393,0.0004000000,0.0000000000,1881.2,0.2
2026-09-05T17:27:27.415+00:00,A_sell_B_buy,3.2437,-2.6563,4440.07,4440.42,0.8412,1.5016,4438.62,4438.63,8.047,12.543,0.0004000000,0.0000000000,0.3,1173.6
2026-09-05T17:27:27.415+00:00,B_sell_A_buy,-4.0546,-9.9546,4440.07,4440.42,0.8412,1.5016,4438.62,4438.63,8.047,12.543,0.0004000000,0.0000000000,0.3,1173.6
2026-09-05T17:27:31.260+00:00,A_sell_B_buy,2.6130,-3.2870,4439.79,4440.42,0.1204,1.5016,4438.62,4438.63,6.633,7.525,0.0004000000,0.0000000000,0.4,1131.3
2026-09-05T17:27:31.260+00:00,B_sell_A_buy,-4.0546,-9.9546,4439.79,4440.42,0.1204,1.5016,4438.62,4438.63,6.633,7.525,0.0004000000,0.0000000000,0.4,1131.3
2026-09-05T17:27:32.276+00:00,A_sell_B_buy,2.5230,-3.3770,4439.59,4440.09,0.6231,0.9009,4438.46,4438.47,1.452,18.237,0.0004000000,0.0000000000,0.1,641.5
2026-09-05T17:27:32.276+00:00,B_sell_A_buy,-3.6719,-9.5719,4439.59,4440.09,0.6231,0.9009,4438.46,4438.47,1.452,18.237,0.0004000000,0.0000000000,0.1,641.5
2026-09-05T17:27:33.281+00:00,A_sell_B_buy,2.8609,-3.0391,4439.73,4440.13,0.6445,1.2208,4438.44,4438.46,1.089,1.945,0.0004000000,0.0000000000,484.0,0.2
2026-09-05T17:27:33.281+00:00,B_sell_A_buy,-3.8070,-9.7070,4439.73,4440.13,0.6445,1.2208,4438.44,4438.46,1.089,1.945,0.0004000000,0.0000000000,484.0,0.2
2026-09-05T17:27:34.372+00:00,A_sell_B_buy,2.8609,-3.0391,4439.73,4440.13,0.6445,1.2208,4438.44,4438.46,1.089,0.047,0.0004000000,0.0000000000,1574.6,0.3
2026-09-05T17:27:34.372+00:00,B_sell_A_buy,-3.8070,-9.7070,4439.73,4440.13,0.6445,1.2208,4438.44,4438.46,1.089,0.047,0.0004000000,0.0000000000,1574.6,0.3
2026-09-05T17:27:35.373+00:00,A_sell_B_buy,2.9510,-2.9490,4439.73,4440.08,0.6445,1.0563,4438.4,4438.42,7.238,18.237,0.0004000000,0.0000000000,229.8,0.1
2026-09-05T17:27:35.373+00:00,B_sell_A_buy,-3.7845,-9.6845,4439.73,4440.08,0.6445,1.0563,4438.4,4438.42,7.238,18.237,0.0004000000,0.0000000000,229.8,0.1
2026-09-05T17:27:37.511+00:00,A_sell_B_buy,2.9735,-2.9265,4439.73,4440.08,0.6445,0.1048,4438.4,4438.41,7.238,17.795,0.0004000000,0.0000000000,0.3,87.8
2026-09-05T17:27:37.511+00:00,B_sell_A_buy,-3.7845,-9.6845,4439.73,4440.08,0.6445,0.1048,4438.4,4438.41,7.238,17.795,0.0004000000,0.0000000000,0.3,87.8
2026-09-05T17:27:38.616+00:00,A_sell_B_buy,2.9736,-2.9264,4439.73,4439.89,0.6445,0.9658,4438.4,4438.41,1.499,17.795,0.0004000000,0.0000000000,1105.1,0.2
2026-09-05T17:27:38.616+00:00,B_sell_A_buy,-3.3565,-9.2565,4439.73,4439.89,0.6445,0.9658,4438.4,4438.41,1.499,17.795,0.0004000000,0.0000000000,1105.1,0.2
2026-09-05T17:27:39.684+00:00,A_sell_B_buy,3.4917,-2.4083,4439.73,4440.08,0.6445,0.9407,4438.17,4438.18,14.413,17.89,0.0004000000,0.0000000000,681.6,0.3
2026-09-05T17:27:39.684+00:00,B_sell_A_buy,-4.3027,-10.2027,4439.73,4440.08,0.6445,0.9407,4438.17,4438.18,14.413,17.89,0.0004000000,0.0000000000,681.6,0.3
2026-09-05T17:27:42.508+00:00,A_sell_B_buy,3.4918,-2.4082,4439.73,4439.97,0.6445,0.313,4438.17,4438.18,11.016,14.12,0.0004000000,0.0000000000,0.2,188.6
2026-09-05T17:27:42.508+00:00,B_sell_A_buy,-4.0550,-9.9550,4439.73,4439.97,0.6445,0.313,4438.17,4438.18,11.016,14.12,0.0004000000,0.0000000000,0.2,188.6
2026-09-05T17:28:04.492+00:00,A_sell_B_buy,3.4918,-2.4082,4439.73,4439.97,0.6445,0.313,4438.17,4438.18,6.976,8.91,0.0004000000,0.0000000000,0.2,3.7
2026-09-05T17:28:04.492+00:00,B_sell_A_buy,-4.0550,-9.9550,4439.73,4439.97,0.6445,0.313,4438.17,4438.18,6.976,8.91,0.0004000000,0.0000000000,0.2,3.7
2026-09-05T17:28:05.622+00:00,A_sell_B_buy,3.5368,-2.3632,4439.73,4439.95,0.6445,0.4714,4438.15,4438.16,16.175,2.956,0.0004000000,0.0000000000,0.3,398.5
2026-09-05T17:28:05.622+00:00,B_sell_A_buy,-4.0550,-9.9550,4439.73,4439.95,0.6445,0.4714,4438.15,4438.16,16.175,2.956,0.0004000000,0.0000000000,0.3,398.5
2026-09-05T17:28:06.630+00:00,A_sell_B_buy,3.5368,-2.3632,4439.73,4439.95,0.6445,0.4714,4438.15,4438.16,17.551,16.371,0.0004000000,0.0000000000,596.6,0.3
2026-09-05T17:28:06.630+00:00,B_sell_A_buy,-4.0550,-9.9550,4439.73,4439.95,0.6445,0.4714,4438.15,4438.16,17.551,16.371,0.0004000000,0.0000000000,596.6,0.3
2026-09-05T17:28:07.776+00:00,A_sell_B_buy,3.5368,-2.3632,4439.73,4439.95,0.6445,0.4714,4438.15,4438.16,14.799,16.371,0.0004000000,0.0000000000,1742.2,0.3
2026-09-05T17:28:07.776+00:00,B_sell_A_buy,-4.0550,-9.9550,4439.73,4439.95,0.6445,0.4714,4438.15,4438.16,14.799,16.371,0.0004000000,0.0000000000,1742.2,0.3
2026-09-05T17:28:36.717+00:00,A_sell_B_buy,3.5368,-2.3632,4439.74,4439.95,1.3318,0.4714,4438.16,4438.17,4.81,13.842,0.0004000000,0.0000000000,0.3,1791.5
2026-09-05T17:28:36.717+00:00,B_sell_A_buy,-4.0324,-9.9324,4439.74,4439.95,1.3318,0.4714,4438.16,4438.17,4.81,13.842,0.0004000000,0.0000000000,0.3,1791.5
2026-09-05T17:28:37.929+00:00,A_sell_B_buy,3.5594,-2.3406,4439.75,4439.95,0.6381,0.4714,4438.16,4438.17,17.086,10.38,0.0004000000,0.0000000000,1180.1,0.2
2026-09-05T17:28:37.929+00:00,B_sell_A_buy,-4.0324,-9.9324,4439.75,4439.95,0.6381,0.4714,4438.16,4438.17,17.086,10.38,0.0004000000,0.0000000000,1180.1,0.2
2026-09-05T17:29:17.393+00:00,A_sell_B_buy,3.4918,-2.4082,4439.75,4439.95,1.5515,0.4714,4438.19,4438.2,14.448,8.117,0.0004000000,0.0000000000,0.3,463.0
2026-09-05T17:29:17.393+00:00,B_sell_A_buy,-3.9648,-9.8648,4439.75,4439.95,1.5515,0.4714,4438.19,4438.2,14.448,8.117,0.0004000000,0.0000000000,0.3,463.0
2026-09-05T17:29:18.533+00:00,A_sell_B_buy,3.4918,-2.4082,4439.75,4439.95,0.6381,0.4714,4438.19,4438.2,15.521,27.906,0.0004000000,0.0000000000,1136.6,0.2
2026-09-05T17:29:18.533+00:00,B_sell_A_buy,-3.9648,-9.8648,4439.75,4439.95,0.6381,0.4714,4438.19,4438.2,15.521,27.906,0.0004000000,0.0000000000,1136.6,0.2
2026-09-05T17:29:25.221+00:00,A_sell_B_buy,3.2665,-2.6335,4439.65,4439.95,2.196,0.4714,4438.19,4438.2,4.115,20.992,0.0004000000,0.0000000000,0.3,690.0
2026-09-05T17:29:25.221+00:00,B_sell_A_buy,-3.9649,-9.8649,4439.65,4439.95,2.196,0.4714,4438.19,4438.2,4.115,20.992,0.0004000000,0.0000000000,0.3,690.0
2026-09-05T17:30:12.901+00:00,A_sell_B_buy,3.3791,-2.5209,4439.68,4439.95,0.9976,0.4714,4438.17,4438.18,10.723,16.244,0.0004000000,0.0000000000,0.3,688.5
2026-09-05T17:30:12.901+00:00,B_sell_A_buy,-4.0099,-9.9099,4439.68,4439.95,0.9976,0.4714,4438.17,4438.18,10.723,16.244,0.0004000000,0.0000000000,0.3,688.5
2026-09-05T17:30:14.483+00:00,A_sell_B_buy,3.2440,-2.6560,4439.62,4439.95,0.6629,0.4714,4438.17,4438.18,11.746,16.021,0.0004000000,0.0000000000,1031.1,0.3
2026-09-05T17:30:14.483+00:00,B_sell_A_buy,-4.0099,-9.9099,4439.62,4439.95,0.6629,0.4714,4438.17,4438.18,11.746,16.021,0.0004000000,0.0000000000,1031.1,0.3
2026-09-05T17:30:16.720+00:00,A_sell_B_buy,3.5819,-2.3181,4439.77,4439.95,0.6383,0.4714,4438.17,4438.18,4.641,14.445,0.0004000000,0.0000000000,1597.5,0.3
2026-09-05T17:30:16.720+00:00,B_sell_A_buy,-4.0099,-9.9099,4439.77,4439.95,0.6383,0.4714,4438.17,4438.18,4.641,14.445,0.0004000000,0.0000000000,1597.5,0.3
2026-09-05T17:31:08.133+00:00,A_sell_B_buy,3.6495,-2.2505,4439.77,4439.95,0.6383,0.4539,4438.14,4438.15,7.406,27.902,0.0004000000,0.0000000000,13.2,0.3
2026-09-05T17:31:08.133+00:00,B_sell_A_buy,-4.0775,-9.9775,4439.77,4439.95,0.6383,0.4539,4438.14,4438.15,7.406,27.902,0.0004000000,0.0000000000,13.2,0.3
2026-09-05T17:31:09.266+00:00,A_sell_B_buy,3.6495,-2.2505,4439.77,4439.95,0.6383,0.4539,4438.14,4438.15,0.206,27.902,0.0004000000,0.0000000000,1062.4,0.3
2026-09-05T17:31:09.266+00:00,B_sell_A_buy,-4.0775,-9.9775,4439.77,4439.95,0.6383,0.4539,4438.14,4438.15,0.206,27.902,0.0004000000,0.0000000000,1062.4,0.3
2026-09-05T17:31:11.641+00:00,A_sell_B_buy,3.6495,-2.2505,4439.77,4440.02,0.6383,0.6613,4438.13,4438.15,2.485,31.282,0.0004000000,0.0000000000,0.2,26.1
2026-09-05T17:31:11.641+00:00,B_sell_A_buy,-4.2577,-10.1577,4439.77,4440.02,0.6383,0.6613,4438.13,4438.15,2.485,31.282,0.0004000000,0.0000000000,0.2,26.1
2026-09-05T17:31:13.484+00:00,A_sell_B_buy,3.6720,-2.2280,4439.77,4439.95,0.6383,0.4539,4438.13,4438.14,2.485,23.77,0.0004000000,0.0000000000,1825.0,0.2
2026-09-05T17:31:13.484+00:00,B_sell_A_buy,-4.1000,-10.0000,4439.77,4439.95,0.6383,0.4539,4438.13,4438.14,2.485,23.77,0.0004000000,0.0000000000,1825.0,0.2
2026-09-05T17:31:29.625+00:00,A_sell_B_buy,3.6720,-2.2280,4439.75,4439.95,0.0358,0.4539,4438.11,4438.12,7.128,21.607,0.0004000000,0.0000000000,0.4,1014.8
2026-09-05T17:31:29.625+00:00,B_sell_A_buy,-4.1451,-10.0451,4439.75,4439.95,0.0358,0.4539,4438.11,4438.12,7.128,21.607,0.0004000000,0.0000000000,0.4,1014.8
2026-09-05T17:31:30.827+00:00,A_sell_B_buy,3.6945,-2.2055,4439.76,4439.95,0.6446,0.4539,4438.11,4438.12,5.627,21.551,0.0004000000,0.0000000000,547.0,0.2
2026-09-05T17:31:30.827+00:00,B_sell_A_buy,-4.1451,-10.0451,4439.76,4439.95,0.6446,0.4539,4438.11,4438.12,5.627,21.551,0.0004000000,0.0000000000,547.0,0.2
2026-09-05T17:31:31.828+00:00,A_sell_B_buy,3.6945,-2.2055,4439.76,4439.95,0.6446,0.4539,4438.11,4438.12,7.128,19.756,0.0004000000,0.0000000000,1548.2,0.1
2026-09-05T17:31:31.828+00:00,B_sell_A_buy,-4.1451,-10.0451,4439.76,4439.95,0.6446,0.4539,4438.11,4438.12,7.128,19.756,0.0004000000,0.0000000000,1548.2,0.1
2026-09-05T17:31:39.205+00:00,A_sell_B_buy,4.1450,-1.7550,4439.96,4440.02,1.5461,0.6613,4438.11,4438.12,7.514,14.831,0.0004000000,0.0000000000,0.2,28.2
2026-09-05T17:31:39.205+00:00,B_sell_A_buy,-4.3027,-10.2027,4439.96,4440.02,1.5461,0.6613,4438.11,4438.12,7.514,14.831,0.0004000000,0.0000000000,0.2,28.2
2026-09-05T17:31:40.523+00:00,A_sell_B_buy,3.7170,-2.1830,4439.77,4440.16,0.9752,0.3345,4438.11,4438.12,11.078,14.831,0.0004000000,0.0000000000,521.3,0.3
2026-09-05T17:31:40.523+00:00,B_sell_A_buy,-4.6181,-10.5181,4439.77,4440.16,0.9752,0.3345,4438.11,4438.12,11.078,14.831,0.0004000000,0.0000000000,521.3,0.3
2026-09-05T17:31:41.683+00:00,A_sell_B_buy,3.7170,-2.1830,4439.77,4440.16,0.9752,0.3345,4438.11,4438.12,6.097,14.775,0.0004000000,0.0000000000,1680.6,0.3
2026-09-05T17:31:41.683+00:00,B_sell_A_buy,-4.6181,-10.5181,4439.77,4440.16,0.9752,0.3345,4438.11,4438.12,6.097,14.775,0.0004000000,0.0000000000,1680.6,0.3
2026-09-05T17:31:44.244+00:00,A_sell_B_buy,3.7170,-2.1830,4439.77,4440.16,0.737,0.3345,4438.11,4438.12,2.533,9.945,0.0004000000,0.0000000000,0.4,772.8
2026-09-05T17:31:44.244+00:00,B_sell_A_buy,-4.6181,-10.5181,4439.77,4440.16,0.737,0.3345,4438.11,4438.12,2.533,9.945,0.0004000000,0.0000000000,0.4,772.8
2026-09-05T17:31:49.275+00:00,A_sell_B_buy,3.9873,-1.9127,4439.87,4440.12,0.2667,0.3342,4438.09,4438.1,9.892,24.575,0.0004000000,0.0000000000,0.3,60.6
2026-09-05T17:31:49.275+00:00,B_sell_A_buy,-4.5731,-10.4731,4439.87,4440.12,0.2667,0.3342,4438.09,4438.1,9.892,24.575,0.0004000000,0.0000000000,0.3,60.6
2026-09-05T17:31:51.017+00:00,A_sell_B_buy,3.9873,-1.9127,4439.87,4440.12,0.2667,0.3342,4438.09,4438.1,10.776,25.767,0.0004000000,0.0000000000,1742.3,0.2
2026-09-05T17:31:51.017+00:00,B_sell_A_buy,-4.5731,-10.4731,4439.87,4440.12,0.2667,0.3342,4438.09,4438.1,10.776,25.767,0.0004000000,0.0000000000,1742.3,0.2
2026-09-05T17:31:54.251+00:00,A_sell_B_buy,3.9873,-1.9127,4439.87,4440.16,0.2667,0.3345,4438.09,4438.1,7.339,24.192,0.0004000000,0.0000000000,0.3,436.6
2026-09-05T17:31:54.251+00:00,B_sell_A_buy,-4.6632,-10.5632,4439.87,4440.16,0.2667,0.3345,4438.09,4438.1,7.339,24.192,0.0004000000,0.0000000000,0.3,436.6
2026-09-05T17:31:56.032+00:00,A_sell_B_buy,3.9873,-1.9127,4439.87,4440.16,0.2667,0.3345,4438.09,4438.1,5.469,24.192,0.0004000000,0.0000000000,1781.4,0.2
2026-09-05T17:31:56.032+00:00,B_sell_A_buy,-4.6632,-10.5632,4439.87,4440.16,0.2667,0.3345,4438.09,4438.1,5.469,24.192,0.0004000000,0.0000000000,1781.4,0.2
2026-09-05T17:31:59.270+00:00,A_sell_B_buy,3.9873,-1.9127,4439.87,4440.14,0.2667,0.3387,4438.09,4438.1,1.431,17.304,0.0004000000,0.0000000000,0.3,1940.3
2026-09-05T17:31:59.270+00:00,B_sell_A_buy,-4.6181,-10.5181,4439.87,4440.14,0.2667,0.3387,4438.09,4438.1,1.431,17.304,0.0004000000,0.0000000000,0.3,1940.3
2026-09-05T17:32:04.252+00:00,A_sell_B_buy,3.7846,-2.1154,4439.76,4440.12,0.6446,0.3345,4438.07,4438.08,10.23,22.222,0.0004000000,0.0000000000,0.3,678.8
2026-09-05T17:32:04.252+00:00,B_sell_A_buy,-4.6181,-10.5181,4439.76,4440.12,0.6446,0.3345,4438.07,4438.08,10.23,22.222,0.0004000000,0.0000000000,0.3,678.8
2026-09-05T17:32:05.515+00:00,A_sell_B_buy,3.7846,-2.1154,4439.76,4440.12,0.6446,0.3345,4438.07,4438.08,10.23,22.222,0.0004000000,0.0000000000,0.3,993.8
2026-09-05T17:32:05.515+00:00,B_sell_A_buy,-4.6181,-10.5181,4439.76,4440.12,0.6446,0.3345,4438.07,4438.08,10.23,22.222,0.0004000000,0.0000000000,0.3,993.8
2026-09-05T17:32:06.539+00:00,A_sell_B_buy,3.7846,-2.1154,4439.76,4440.12,1.5296,0.3345,4438.07,4438.08,8.853,20.791,0.0004000000,0.0000000000,0.4,758.8
2026-09-05T17:32:06.539+00:00,B_sell_A_buy,-4.6181,-10.5181,4439.76,4440.12,1.5296,0.3345,4438.07,4438.08,8.853,20.791,0.0004000000,0.0000000000,0.4,758.8
2026-09-05T17:32:07.622+00:00,A_sell_B_buy,3.7846,-2.1154,4439.76,4440.12,1.5296,0.3345,4438.07,4438.08,7.398,20.791,0.0004000000,0.0000000000,1083.7,0.2
2026-09-05T17:32:07.622+00:00,B_sell_A_buy,-4.6181,-10.5181,4439.76,4440.12,1.5296,0.3345,4438.07,4438.08,7.398,20.791,0.0004000000,0.0000000000,1083.7,0.2
2026-09-05T17:32:08.763+00:00,A_sell_B_buy,3.7846,-2.1154,4439.76,4440.12,0.885,0.3345,4438.07,4438.08,3.118,19.414,0.0004000000,0.0000000000,404.9,0.3
2026-09-05T17:32:08.763+00:00,B_sell_A_buy,-4.6181,-10.5181,4439.76,4440.12,0.885,0.3345,4438.07,4438.08,3.118,19.414,0.0004000000,0.0000000000,404.9,0.3
2026-09-05T17:32:13.668+00:00,A_sell_B_buy,3.9648,-1.9352,4439.84,4440.12,1.2144,0.3345,4438.07,4438.08,1.526,26.867,0.0004000000,0.0000000000,0.4,401.9
2026-09-05T17:32:13.668+00:00,B_sell_A_buy,-4.6181,-10.5181,4439.84,4440.12,1.2144,0.3345,4438.07,4438.08,1.526,26.867,0.0004000000,0.0000000000,0.4,401.9
2026-09-05T17:32:14.718+00:00,A_sell_B_buy,3.9648,-1.9352,4439.84,4440.12,0.2973,0.3345,4438.07,4438.08,9.741,26.867,0.0004000000,0.0000000000,1047.5,0.2
2026-09-05T17:32:14.718+00:00,B_sell_A_buy,-4.6181,-10.5181,4439.84,4440.12,0.2973,0.3345,4438.07,4438.08,9.741,26.867,0.0004000000,0.0000000000,1047.5,0.2
2026-09-05T17:32:46.307+00:00,A_sell_B_buy,4.0775,-1.8225,4439.84,4440.12,1.273,0.3345,4438.02,4438.03,5.081,20.296,0.0004000000,0.0000000000,0.4,536.5
2026-09-05T17:32:46.307+00:00,B_sell_A_buy,-4.7308,-10.6308,4439.84,4440.12,1.273,0.3345,4438.02,4438.03,5.081,20.296,0.0004000000,0.0000000000,0.4,536.5
2026-09-05T17:32:47.566+00:00,A_sell_B_buy,4.0775,-1.8225,4439.87,4440.12,0.6057,0.3345,4438.04,4438.06,11.853,0.781,0.0004000000,0.0000000000,391.9,0.2
2026-09-05T17:32:47.566+00:00,B_sell_A_buy,-4.6857,-10.5857,4439.87,4440.12,0.6057,0.3345,4438.04,4438.06,11.853,0.781,0.0004000000,0.0000000000,391.9,0.2
2026-09-05T17:32:48.949+00:00,A_sell_B_buy,4.0775,-1.8225,4439.87,4440.12,0.6057,0.3345,4438.05,4438.06,9.491,0.781,0.0004000000,0.0000000000,0.3,1266.7
2026-09-05T17:32:48.949+00:00,B_sell_A_buy,-4.6632,-10.5632,4439.87,4440.12,0.6057,0.3345,4438.05,4438.06,9.491,0.781,0.0004000000,0.0000000000,0.3,1266.7
2026-09-05T17:32:50.027+00:00,A_sell_B_buy,3.9197,-1.9803,4439.87,4440.12,0.6057,0.3345,4438.12,4438.13,10.528,27.656,0.0004000000,0.0000000000,1078.3,0.2
2026-09-05T17:32:50.027+00:00,B_sell_A_buy,-4.5055,-10.4055,4439.87,4440.12,0.6057,0.3345,4438.12,4438.13,10.528,27.656,0.0004000000,0.0000000000,1078.3,0.2
2026-09-05T17:32:51.311+00:00,A_sell_B_buy,3.9423,-1.9577,4439.88,4440.12,0.0344,0.3345,4438.12,4438.13,8.516,27.656,0.0004000000,0.0000000000,0.3,30.3
2026-09-05T17:32:51.311+00:00,B_sell_A_buy,-4.5055,-10.4055,4439.88,4440.12,0.0344,0.3345,4438.12,4438.13,8.516,27.656,0.0004000000,0.0000000000,0.3,30.3
2026-09-05T17:32:52.321+00:00,A_sell_B_buy,3.9648,-1.9352,4439.89,4440.12,0.7945,0.3345,4438.12,4438.13,11.911,23.455,0.0004000000,0.0000000000,0.4,391.5
2026-09-05T17:32:52.321+00:00,B_sell_A_buy,-4.5055,-10.4055,4439.89,4440.12,0.7945,0.3345,4438.12,4438.13,11.911,23.455,0.0004000000,0.0000000000,0.4,391.5
2026-09-05T17:32:53.756+00:00,A_sell_B_buy,3.9648,-1.9352,4439.89,4440.12,0.76,0.3345,4438.12,4438.13,8.516,23.455,0.0004000000,0.0000000000,0.3,1039.6
2026-09-05T17:32:53.756+00:00,B_sell_A_buy,-4.5055,-10.4055,4439.89,4440.12,0.76,0.3345,4438.12,4438.13,8.516,23.455,0.0004000000,0.0000000000,0.3,1039.6
2026-09-05T17:32:55.471+00:00,A_sell_B_buy,3.9648,-1.9352,4439.89,4440.12,0.7944,0.3345,4438.12,4438.13,8.516,20.06,0.0004000000,0.0000000000,607.0,0.3
2026-09-05T17:32:55.471+00:00,B_sell_A_buy,-4.5055,-10.4055,4439.89,4440.12,0.7944,0.3345,4438.12,4438.13,8.516,20.06,0.0004000000,0.0000000000,607.0,0.3
2026-09-05T17:32:58.270+00:00,A_sell_B_buy,4.2126,-1.6874,4440.0,4440.12,0.1453,0.3345,4438.12,4438.13,6.981,20.06,0.0004000000,0.0000000000,0.4,899.8
2026-09-05T17:32:58.270+00:00,B_sell_A_buy,-4.5054,-10.4054,4440.0,4440.12,0.1453,0.3345,4438.12,4438.13,6.981,20.06,0.0004000000,0.0000000000,0.4,899.8
2026-09-05T17:32:59.941+00:00,A_sell_B_buy,4.2126,-1.6874,4440.0,4440.12,0.1453,0.3345,4438.12,4438.13,3.411,18.525,0.0004000000,0.0000000000,1672.1,0.3
2026-09-05T17:32:59.941+00:00,B_sell_A_buy,-4.5054,-10.4054,4440.0,4440.12,0.1453,0.3345,4438.12,4438.13,3.411,18.525,0.0004000000,0.0000000000,1672.1,0.3
2026-09-05T17:33:00.975+00:00,A_sell_B_buy,3.9873,-1.9127,4439.9,4440.12,0.291,0.3345,4438.12,4438.13,6.87,18.525,0.0004000000,0.0000000000,125.7,0.3
2026-09-05T17:33:00.975+00:00,B_sell_A_buy,-4.5055,-10.4055,4439.9,4440.12,0.291,0.3345,4438.12,4438.13,6.87,18.525,0.0004000000,0.0000000000,125.7,0.3
2026-09-05T17:33:02.173+00:00,A_sell_B_buy,3.9873,-1.9127,4439.9,4440.12,0.291,0.3345,4438.12,4438.13,9.776,14.955,0.0004000000,0.0000000000,1324.0,0.3
2026-09-05T17:33:02.173+00:00,B_sell_A_buy,-4.5055,-10.4055,4439.9,4440.12,0.291,0.3345,4438.12,4438.13,9.776,14.955,0.0004000000,0.0000000000,1324.0,0.3
2026-09-05T17:33:14.882+00:00,A_sell_B_buy,3.9873,-1.9127,4439.9,4440.12,1.2809,0.3345,4438.12,4438.13,3.22,22.745,0.0004000000,0.0000000000,0.3,1256.0
2026-09-05T17:33:14.882+00:00,B_sell_A_buy,-4.5055,-10.4055,4439.9,4440.12,1.2809,0.3345,4438.12,4438.13,3.22,22.745,0.0004000000,0.0000000000,0.3,1256.0
2026-09-05T17:33:16.132+00:00,A_sell_B_buy,4.0099,-1.8901,4439.9,4440.12,1.2602,0.3345,4438.11,4438.12,13.989,23.985,0.0004000000,0.0000000000,914.7,0.3
2026-09-05T17:33:16.132+00:00,B_sell_A_buy,-4.5280,-10.4280,4439.9,4440.12,1.2602,0.3345,4438.11,4438.12,13.989,23.985,0.0004000000,0.0000000000,914.7,0.3
2026-09-05T17:33:17.266+00:00,A_sell_B_buy,4.0099,-1.8901,4439.9,4440.12,0.291,0.3345,4438.11,4438.12,7.082,22.458,0.0004000000,0.0000000000,1122.7,0.3
2026-09-05T17:33:17.266+00:00,B_sell_A_buy,-4.5280,-10.4280,4439.9,4440.12,0.291,0.3345,4438.11,4438.12,7.082,22.458,0.0004000000,0.0000000000,1122.7,0.3
2026-09-05T17:33:25.054+00:00,A_sell_B_buy,3.6945,-2.2055,4439.76,4440.12,0.9134,0.3345,4438.11,4438.12,2.321,14.128,0.0004000000,0.0000000000,0.3,67.9
2026-09-05T17:33:25.054+00:00,B_sell_A_buy,-4.5280,-10.4280,4439.76,4440.12,0.9134,0.3345,4438.11,4438.12,2.321,14.128,0.0004000000,0.0000000000,0.3,67.9
2026-09-05T17:33:26.577+00:00,A_sell_B_buy,3.7396,-2.1604,4439.78,4440.12,1.1758,0.3345,4438.1,4438.12,0.96,14.128,0.0004000000,0.0000000000,1418.5,0.3
2026-09-05T17:33:26.577+00:00,B_sell_A_buy,-4.5505,-10.4505,4439.78,4440.12,1.1758,0.3345,4438.1,4438.12,0.96,14.128,0.0004000000,0.0000000000,1418.5,0.3
2026-09-05T17:33:27.734+00:00,A_sell_B_buy,3.8297,-2.0703,4439.8,4440.12,0.865,0.3345,4438.08,4438.1,1.358,2.422,0.0004000000,0.0000000000,278.9,0.2
2026-09-05T17:33:27.734+00:00,B_sell_A_buy,-4.5956,-10.4956,4439.8,4440.12,0.865,0.3345,4438.08,4438.1,1.358,2.422,0.0004000000,0.0000000000,278.9,0.2
2026-09-05T17:33:28.977+00:00,A_sell_B_buy,3.8071,-2.0929,4439.8,4440.12,0.8365,0.3345,4438.1,4438.11,0.927,22.974,0.0004000000,0.0000000000,1036.0,0.2
2026-09-05T17:33:28.977+00:00,B_sell_A_buy,-4.5505,-10.4505,4439.8,4440.12,0.8365,0.3345,4438.1,4438.11,0.927,22.974,0.0004000000,0.0000000000,1036.0,0.2
2026-09-05T17:33:30.128+00:00,A_sell_B_buy,3.8297,-2.0703,4439.81,4440.12,1.0722,0.3345,4438.1,4438.11,0.927,20.653,0.0004000000,0.0000000000,719.5,0.2
2026-09-05T17:33:30.128+00:00,B_sell_A_buy,-4.5505,-10.4505,4439.81,4440.12,1.0722,0.3345,4438.1,4438.11,0.927,20.653,0.0004000000,0.0000000000,719.5,0.2
2026-09-05T17:33:34.328+00:00,A_sell_B_buy,4.2126,-1.6874,4439.96,4440.12,0.0512,0.3345,4438.08,4438.09,11.513,22.732,0.0004000000,0.0000000000,0.4,1210.4
2026-09-05T17:33:34.328+00:00,B_sell_A_buy,-4.5956,-10.4956,4439.96,4440.12,0.0512,0.3345,4438.08,4438.09,11.513,22.732,0.0004000000,0.0000000000,0.4,1210.4
2026-09-05T17:33:35.770+00:00,A_sell_B_buy,4.2126,-1.6874,4439.96,4440.12,0.0512,0.3345,4438.08,4438.09,11.083,22.732,0.0004000000,0.0000000000,1442.5,0.3
2026-09-05T17:33:35.770+00:00,B_sell_A_buy,-4.5956,-10.4956,4439.96,4440.12,0.0512,0.3345,4438.08,4438.09,11.083,22.732,0.0004000000,0.0000000000,1442.5,0.3
2026-09-05T17:33:41.870+00:00,A_sell_B_buy,4.2126,-1.6874,4439.96,4440.12,0.5424,0.3345,4438.08,4438.09,7.699,17.815,0.0004000000,0.0000000000,0.4,301.3
2026-09-05T17:33:41.870+00:00,B_sell_A_buy,-4.5956,-10.4956,4439.96,4440.12,0.5424,0.3345,4438.08,4438.09,7.699,17.815,0.0004000000,0.0000000000,0.4,301.3
2026-09-05T17:33:43.074+00:00,A_sell_B_buy,4.2126,-1.6874,4439.96,4440.12,0.5424,0.3345,4438.08,4438.09,2.844,17.759,0.0004000000,0.0000000000,1204.4,0.3
2026-09-05T17:33:43.074+00:00,B_sell_A_buy,-4.5956,-10.4956,4439.96,4440.12,0.5424,0.3345,4438.08,4438.09,2.844,17.759,0.0004000000,0.0000000000,1204.4,0.3
2026-09-05T17:33:44.331+00:00,A_sell_B_buy,4.2126,-1.6874,4439.96,4440.12,0.4912,0.3345,4438.08,4438.09,2.844,17.759,0.0004000000,0.0000000000,0.2,17.9
2026-09-05T17:33:44.331+00:00,B_sell_A_buy,-4.5956,-10.4956,4439.96,4440.12,0.4912,0.3345,4438.08,4438.09,2.844,17.759,0.0004000000,0.0000000000,0.2,17.9
2026-09-05T17:33:45.473+00:00,A_sell_B_buy,3.8747,-2.0253,4439.81,4440.12,1.0722,0.3345,4438.08,4438.09,2.844,14.291,0.0004000000,0.0000000000,563.4,0.3
2026-09-05T17:33:45.473+00:00,B_sell_A_buy,-4.5956,-10.4956,4439.81,4440.12,1.0722,0.3345,4438.08,4438.09,2.844,14.291,0.0004000000,0.0000000000,563.4,0.3
2026-09-05T17:33:46.720+00:00,A_sell_B_buy,3.8747,-2.0253,4439.81,4440.12,1.0722,0.3345,4438.05,4438.09,11.148,14.289,0.0004000000,0.0000000000,1810.3,0.2
2026-09-05T17:33:46.720+00:00,B_sell_A_buy,-4.6632,-10.5632,4439.81,4440.12,1.0722,0.3345,4438.05,4438.09,11.148,14.289,0.0004000000,0.0000000000,1810.3,0.2
2026-09-05T17:33:49.074+00:00,A_sell_B_buy,4.3478,-1.5522,4440.0,4440.12,0.0518,0.3345,4438.06,4438.07,11.148,21.604,0.0004000000,0.0000000000,0.4,1701.6
2026-09-05T17:33:49.074+00:00,B_sell_A_buy,-4.6406,-10.5406,4440.0,4440.12,0.0518,0.3345,4438.06,4438.07,11.148,21.604,0.0004000000,0.0000000000,0.4,1701.6
2026-09-05T17:33:50.133+00:00,A_sell_B_buy,3.9198,-1.9802,4439.81,4440.12,1.0722,0.3345,4438.06,4438.07,11.148,8.351,0.0004000000,0.0000000000,86.2,0.2
2026-09-05T17:33:50.133+00:00,B_sell_A_buy,-4.6407,-10.5407,4439.81,4440.12,1.0722,0.3345,4438.06,4438.07,11.148,8.351,0.0004000000,0.0000000000,86.2,0.2
2026-09-05T17:33:51.681+00:00,A_sell_B_buy,3.9198,-1.9802,4439.81,4440.12,1.0722,0.3345,4438.06,4438.07,11.161,4.708,0.0004000000,0.0000000000,1633.4,0.3
2026-09-05T17:33:51.681+00:00,B_sell_A_buy,-4.6407,-10.5407,4439.81,4440.12,1.0722,0.3345,4438.06,4438.07,11.161,4.708,0.0004000000,0.0000000000,1633.4,0.3
2026-09-05T17:33:52.920+00:00,A_sell_B_buy,4.3252,-1.5748,4439.99,4440.26,0.0465,0.5751,4438.06,4438.07,11.161,1.11,0.0004000000,0.0000000000,275.6,0.2
2026-09-05T17:33:52.920+00:00,B_sell_A_buy,-4.9560,-10.8560,4439.99,4440.26,0.0465,0.5751,4438.06,4438.07,11.161,1.11,0.0004000000,0.0000000000,275.6,0.2
2026-09-05T17:33:54.076+00:00,A_sell_B_buy,4.3252,-1.5748,4439.99,4440.26,0.0465,0.5751,4438.06,4438.07,13.184,0.369,0.0004000000,0.0000000000,1432.0,0.3
2026-09-05T17:33:54.076+00:00,B_sell_A_buy,-4.9560,-10.8560,4439.99,4440.26,0.0465,0.5751,4438.06,4438.07,13.184,0.369,0.0004000000,0.0000000000,1432.0,0.3
2026-09-05T17:33:57.643+00:00,A_sell_B_buy,4.2801,-1.6199,4439.99,4440.33,0.0465,0.3345,4438.08,4438.09,11.928,15.083,0.0004000000,0.0000000000,0.3,1814.0
2026-09-05T17:33:57.643+00:00,B_sell_A_buy,-5.0686,-10.9686,4439.99,4440.33,0.0465,0.3345,4438.08,4438.09,11.928,15.083,0.0004000000,0.0000000000,0.3,1814.0
2026-09-05T17:34:02.651+00:00,A_sell_B_buy,4.2801,-1.6199,4439.99,4440.3,0.0465,0.4744,4438.08,4438.09,10.184,22.178,0.0004000000,0.0000000000,0.3,222.6
2026-09-05T17:34:02.651+00:00,B_sell_A_buy,-5.0010,-10.9010,4439.99,4440.3,0.0465,0.4744,4438.08,4438.09,10.184,22.178,0.0004000000,0.0000000000,0.3,222.6
2026-09-05T17:34:04.441+00:00,A_sell_B_buy,4.2801,-1.6199,4439.99,4440.28,0.0465,0.3345,4438.08,4438.09,3.166,22.178,0.0004000000,0.0000000000,1735.4,0.2
2026-09-05T17:34:04.441+00:00,B_sell_A_buy,-4.9559,-10.8559,4439.99,4440.28,0.0465,0.3345,4438.08,4438.09,3.166,22.178,0.0004000000,0.0000000000,1735.4,0.2
2026-09-05T17:34:15.871+00:00,A_sell_B_buy,4.2801,-1.6199,4439.99,4440.28,0.7768,0.3345,4438.08,4438.09,12.159,20.28,0.0004000000,0.0000000000,0.4,448.8
2026-09-05T17:34:15.871+00:00,B_sell_A_buy,-4.9559,-10.8559,4439.99,4440.28,0.7768,0.3345,4438.08,4438.09,12.159,20.28,0.0004000000,0.0000000000,0.4,448.8
2026-09-05T17:34:16.930+00:00,A_sell_B_buy,4.2801,-1.6199,4439.99,4440.28,0.7768,0.3345,4438.08,4438.09,13.046,20.28,0.0004000000,0.0000000000,1059.1,0.2
2026-09-05T17:34:16.930+00:00,B_sell_A_buy,-4.9559,-10.8559,4439.99,4440.28,0.7768,0.3345,4438.08,4438.09,13.046,20.28,0.0004000000,0.0000000000,1059.1,0.2
2026-09-05T17:34:19.951+00:00,A_sell_B_buy,4.2801,-1.6199,4439.99,4440.28,0.0465,0.3345,4438.08,4438.09,6.566,20.28,0.0004000000,0.0000000000,0.3,1374.3
2026-09-05T17:34:19.951+00:00,B_sell_A_buy,-4.9559,-10.8559,4439.99,4440.28,0.0465,0.3345,4438.08,4438.09,6.566,20.28,0.0004000000,0.0000000000,0.3,1374.3
2026-09-05T17:34:21.135+00:00,A_sell_B_buy,4.2801,-1.6199,4439.99,4440.28,0.0465,0.3345,4438.08,4438.09,6.566,18.584,0.0004000000,0.0000000000,1184.1,0.2
2026-09-05T17:34:21.135+00:00,B_sell_A_buy,-4.9559,-10.8559,4439.99,4440.28,0.0465,0.3345,4438.08,4438.09,6.566,18.584,0.0004000000,0.0000000000,1184.1,0.2
2026-09-05T17:35:00.601+00:00,A_sell_B_buy,4.2801,-1.6199,4439.99,4440.28,0.8464,0.3345,4438.08,4438.09,12.076,9.901,0.0004000000,0.0000000000,0.3,181.2
2026-09-05T17:35:00.601+00:00,B_sell_A_buy,-4.9559,-10.8559,4439.99,4440.28,0.8464,0.3345,4438.08,4438.09,12.076,9.901,0.0004000000,0.0000000000,0.3,181.2
2026-09-05T17:35:14.091+00:00,A_sell_B_buy,4.2801,-1.6199,4439.99,4440.28,0.0465,0.3345,4438.08,4438.09,11.974,19.4,0.0004000000,0.0000000000,0.4,160.4
2026-09-05T17:35:14.091+00:00,B_sell_A_buy,-4.9559,-10.8559,4439.99,4440.28,0.0465,0.3345,4438.08,4438.09,11.974,19.4,0.0004000000,0.0000000000,0.4,160.4
2026-09-05T17:35:15.715+00:00,A_sell_B_buy,4.2801,-1.6199,4439.99,4440.28,0.0465,0.3345,4438.08,4438.09,8.59,19.4,0.0004000000,0.0000000000,1624.7,0.2
2026-09-05T17:35:15.715+00:00,B_sell_A_buy,-4.9559,-10.8559,4439.99,4440.28,0.0465,0.3345,4438.08,4438.09,8.59,19.4,0.0004000000,0.0000000000,1624.7,0.2
2026-09-05T17:36:01.786+00:00,A_sell_B_buy,4.2801,-1.6199,4439.99,4440.28,0.8617,0.3345,4438.08,4438.09,5.522,20.285,0.0004000000,0.0000000000,0.4,1668.9
2026-09-05T17:36:01.786+00:00,B_sell_A_buy,-4.9559,-10.8559,4439.99,4440.28,0.8617,0.3345,4438.08,4438.09,5.522,20.285,0.0004000000,0.0000000000,0.4,1668.9
2026-09-05T17:36:02.854+00:00,A_sell_B_buy,4.2801,-1.6199,4439.99,4440.28,0.0465,0.3345,4438.08,4438.09,5.522,21.846,0.0004000000,0.0000000000,0.3,578.1
2026-09-05T17:36:02.854+00:00,B_sell_A_buy,-4.9559,-10.8559,4439.99,4440.28,0.0465,0.3345,4438.08,4438.09,5.522,21.846,0.0004000000,0.0000000000,0.3,578.1
2026-09-05T17:37:01.627+00:00,A_sell_B_buy,4.4604,-1.4396,4439.99,4440.28,0.8533,0.3345,4438.0,4438.01,6.918,22.168,0.0004000000,0.0000000000,0.3,352.3
2026-09-05T17:37:01.627+00:00,B_sell_A_buy,-5.1362,-11.0362,4439.99,4440.28,0.8533,0.3345,4438.0,4438.01,6.918,22.168,0.0004000000,0.0000000000,0.3,352.3
2026-09-05T17:37:02.650+00:00,A_sell_B_buy,4.4604,-1.4396,4439.99,4440.28,0.0465,0.3345,4438.0,4438.01,3.408,22.168,0.0004000000,0.0000000000,0.4,123.1
2026-09-05T17:37:02.650+00:00,B_sell_A_buy,-5.1362,-11.0362,4439.99,4440.28,0.0465,0.3345,4438.0,4438.01,3.408,22.168,0.0004000000,0.0000000000,0.4,123.1
2026-09-05T17:37:38.785+00:00,A_sell_B_buy,4.6181,-1.2819,4439.99,4440.28,0.0465,0.3259,4437.93,4437.94,1.363,20.962,0.0004000000,0.0000000000,0.3,560.2
2026-09-05T17:37:38.785+00:00,B_sell_A_buy,-5.2939,-11.1939,4439.99,4440.28,0.0465,0.3259,4437.93,4437.94,1.363,20.962,0.0004000000,0.0000000000,0.3,560.2
2026-09-05T17:37:40.128+00:00,A_sell_B_buy,4.6857,-1.2143,4439.99,4440.28,0.0465,0.3259,4437.9,4437.91,13.033,22.067,0.0004000000,0.0000000000,1343.6,0.2
2026-09-05T17:37:40.128+00:00,B_sell_A_buy,-5.3615,-11.2615,4439.99,4440.28,0.0465,0.3259,4437.9,4437.91,13.033,22.067,0.0004000000,0.0000000000,1343.6,0.2
2026-09-05T17:37:42.080+00:00,A_sell_B_buy,4.6857,-1.2143,4439.99,4440.28,0.0465,0.3259,4437.9,4437.91,9.71,19.638,0.0004000000,0.0000000000,1753.8,0.3
2026-09-05T17:37:42.080+00:00,B_sell_A_buy,-5.3615,-11.2615,4439.99,4440.28,0.0465,0.3259,4437.9,4437.91,9.71,19.638,0.0004000000,0.0000000000,1753.8,0.3
