ts_utc,direction,gross_bps,net_bps,bid_A,ask_A,bid_size_A,ask_size_A,bid_B,ask_B,bid_size_B,ask_size_B,funding_A,funding_B,age_A_ms,age_B_ms
2026-09-04T13:31:02.574+00:00,B_sell_A_buy,15.9213,10.0213,363.91,363.94,2.719,3.663,364.52,364.8,1.0603,0.0384,0.0000062500,0.0004000000,0.1,19.2
2026-09-04T13:31:02.600+00:00,B_sell_A_buy,15.9223,10.0223,363.91,363.94,2.719,3.663,364.52,364.71,1.0603,0.2726,0.0000062500,0.0004000000,26.3,0.0
2026-09-04T13:31:02.664+00:00,B_sell_A_buy,16.4715,10.5715,363.91,363.92,1.92,22.329,364.52,364.71,1.0603,0.2726,0.0000062500,0.0004000000,0.1,64.9
2026-09-04T13:31:02.696+00:00,B_sell_A_buy,16.1971,10.2971,363.91,363.92,1.92,22.329,364.51,364.71,2.262,0.2726,0.0000062500,0.0004000000,31.8,0.1
2026-09-04T13:31:02.696+00:00,B_sell_A_buy,7.1393,1.2393,363.91,363.92,1.92,22.329,364.18,364.71,0.2742,0.2726,0.0000062500,0.0004000000,32.1,0.4
2026-09-04T13:31:02.719+00:00,B_sell_A_buy,10.7080,4.8080,363.91,363.92,1.92,22.329,364.31,364.71,82.2304,0.2726,0.0000062500,0.0004000000,54.3,0.1
2026-09-04T13:31:02.730+00:00,B_sell_A_buy,10.7085,4.8085,363.84,363.92,0.413,22.329,364.31,364.71,82.2304,0.2726,0.0000062500,0.0004000000,0.1,10.6
2026-09-04T13:31:02.762+00:00,B_sell_A_buy,7.4150,1.5150,363.84,363.92,0.413,22.329,364.19,364.55,2.262,1.0935,0.0000062500,0.0004000000,32.8,0.0
2026-09-04T13:31:02.786+00:00,B_sell_A_buy,7.4156,1.5156,363.84,363.92,0.413,22.329,364.19,364.44,2.262,0.2711,0.0000062500,0.0004000000,56.8,0.1
2026-09-04T13:31:02.814+00:00,B_sell_A_buy,7.6902,1.7902,363.84,363.92,0.413,22.329,364.2,364.44,1.0554,0.2711,0.0000062500,0.0004000000,84.8,0.1
2026-09-04T13:31:03.708+00:00,B_sell_A_buy,7.1363,1.2363,364.09,364.1,7.506,22.334,364.36,364.78,1.005,16.5656,0.0000062500,0.0004000000,0.1,53.1
2026-09-04T13:31:05.488+00:00,A_sell_B_buy,6.3166,0.4166,364.23,364.29,5.638,5.448,363.96,364.0,1.0102,8.2828,0.0000062500,0.0004000000,139.4,0.0
2026-09-04T13:31:05.488+00:00,A_sell_B_buy,6.3166,0.4166,364.23,364.29,5.638,5.448,363.96,364.0,0.0755,8.2828,0.0000062500,0.0004000000,139.5,0.1
2026-09-04T13:31:05.507+00:00,A_sell_B_buy,10.4382,4.5382,364.23,364.29,5.638,5.448,363.82,363.85,0.0384,5.9453,0.0000062500,0.0004000000,158.2,0.1
2026-09-04T13:31:06.239+00:00,B_sell_A_buy,6.5911,0.6911,363.84,363.99,0.031,88.287,364.23,364.45,0.0391,68.6949,0.0000062500,0.0004000000,142.1,0.1
2026-09-04T13:31:06.921+00:00,B_sell_A_buy,6.0399,0.1399,364.03,364.1,22.33,6.182,364.32,364.52,1.0379,0.0755,0.0000062500,0.0004000000,137.5,0.0
2026-09-04T13:31:07.008+00:00,B_sell_A_buy,6.0400,0.1400,364.03,364.1,22.33,6.182,364.32,364.51,1.0379,8.2828,0.0000062500,0.0004000000,224.8,0.0
2026-09-04T13:31:07.008+00:00,B_sell_A_buy,6.0399,0.1399,364.03,364.1,22.33,6.182,364.32,364.52,1.0379,0.0755,0.0000062500,0.0004000000,224.8,0.1
2026-09-04T13:31:07.315+00:00,B_sell_A_buy,7.4102,1.5102,364.18,364.24,6.052,0.412,364.51,364.52,0.8921,0.0755,0.0000062500,0.0004000000,153.5,0.1
2026-09-04T13:31:07.315+00:00,B_sell_A_buy,6.0376,0.1376,364.21,364.29,0.412,0.549,364.51,364.52,0.8921,0.0755,0.0000062500,0.0004000000,0.2,0.2
2026-09-04T13:31:07.365+00:00,B_sell_A_buy,6.0376,0.1376,364.21,364.29,0.412,0.549,364.51,364.52,6.3788,0.0755,0.0000062500,0.0004000000,50.0,0.1
2026-09-04T13:31:11.574+00:00,A_sell_B_buy,6.3223,0.4223,363.91,363.98,2.748,27.605,363.6,363.68,1.0742,8.2828,0.0000062500,0.0004000000,15.1,0.0
2026-09-04T13:31:19.574+00:00,B_sell_A_buy,8.8123,2.9123,362.9,362.99,27.605,6.343,363.31,363.32,1.0075,8.2443,0.0000062500,0.0004000000,171.0,0.1
2026-09-04T13:31:19.615+00:00,B_sell_A_buy,8.8123,2.9123,362.9,362.99,27.605,6.343,363.31,363.32,1.0941,8.2443,0.0000062500,0.0004000000,212.1,0.0
2026-09-04T13:31:19.643+00:00,B_sell_A_buy,9.0877,3.1877,362.91,362.98,2.756,27.7,363.31,363.32,1.0941,8.2443,0.0000062500,0.0004000000,0.0,28.2
2026-09-04T13:31:19.686+00:00,B_sell_A_buy,10.1895,4.2895,362.91,362.94,2.756,0.535,363.31,363.32,1.0941,8.2443,0.0000062500,0.0004000000,0.1,70.6
2026-09-04T13:31:19.846+00:00,B_sell_A_buy,9.3631,3.4631,362.91,362.97,2.756,1.68,363.31,363.32,1.0941,8.2443,0.0000062500,0.0004000000,0.1,230.8
2026-09-04T13:31:20.049+00:00,B_sell_A_buy,9.0877,3.1877,362.91,362.98,98.022,5.965,363.31,363.32,1.0941,8.2443,0.0000062500,0.0004000000,0.1,433.9
2026-09-04T13:31:20.115+00:00,B_sell_A_buy,9.0876,3.1876,362.92,362.98,0.413,5.965,363.31,363.32,1.0941,8.2443,0.0000062500,0.0004000000,0.1,500.1
2026-09-04T13:31:20.244+00:00,B_sell_A_buy,9.0873,3.1873,362.97,362.98,34.096,5.896,363.31,363.32,1.0941,8.2443,0.0000062500,0.0004000000,0.1,629.4
2026-09-04T13:31:20.244+00:00,B_sell_A_buy,6.8843,0.9843,362.9,363.06,126.037,0.55,363.31,363.32,1.0941,8.2443,0.0000062500,0.0004000000,0.2,629.5
2026-09-04T13:31:21.205+00:00,B_sell_A_buy,8.5300,2.6300,363.25,363.27,0.088,0.035,363.58,363.59,0.9595,0.0758,0.0000062500,0.0004000000,136.5,0.0
2026-09-04T13:31:21.415+00:00,B_sell_A_buy,8.5300,2.6300,363.25,363.27,0.016,0.035,363.58,363.59,0.9595,0.0758,0.0000062500,0.0004000000,0.0,210.3
2026-09-04T13:31:21.526+00:00,B_sell_A_buy,8.5300,2.6300,363.25,363.27,82.83,0.035,363.58,363.59,0.9595,0.0758,0.0000062500,0.0004000000,0.1,320.6
2026-09-04T13:31:26.721+00:00,B_sell_A_buy,12.9446,7.0446,362.84,362.85,27.605,27.7,363.32,363.33,0.8973,8.2828,0.0000062500,0.0004000000,108.1,0.1
2026-09-04T13:31:26.760+00:00,B_sell_A_buy,12.9446,7.0446,362.84,362.85,27.605,27.383,363.32,363.33,0.8973,8.2828,0.0000062500,0.0004000000,0.1,38.3
2026-09-04T13:31:26.816+00:00,B_sell_A_buy,12.9436,7.0436,362.84,362.85,27.605,27.383,363.32,363.44,0.8973,0.2726,0.0000062500,0.0004000000,57.5,0.0
2026-09-04T13:31:26.858+00:00,B_sell_A_buy,11.5663,5.6663,362.84,362.9,27.605,6.215,363.32,363.44,0.8973,0.2726,0.0000062500,0.0004000000,0.0,41.3
2026-09-04T13:31:26.860+00:00,B_sell_A_buy,11.8416,5.9416,362.84,362.9,27.605,6.215,363.33,363.44,1.0698,0.2726,0.0000062500,0.0004000000,2.1,0.0
2026-09-04T13:31:26.971+00:00,B_sell_A_buy,8.8114,2.9114,362.89,363.01,5.373,102.995,363.33,363.44,1.0698,0.2726,0.0000062500,0.0004000000,0.1,110.9
2026-09-04T13:31:26.980+00:00,B_sell_A_buy,8.8112,2.9112,362.89,363.01,5.373,102.995,363.33,363.47,1.0698,8.2828,0.0000062500,0.0004000000,9.0,0.1
2026-09-04T13:31:26.985+00:00,B_sell_A_buy,8.8111,2.9111,362.89,363.01,5.373,102.995,363.33,363.49,1.0698,8.2828,0.0000062500,0.0004000000,14.5,0.0
2026-09-04T13:31:27.004+00:00,B_sell_A_buy,8.8105,2.9105,362.89,363.01,5.373,102.995,363.33,363.59,1.0698,11.0802,0.0000062500,0.0004000000,32.8,0.0
2026-09-04T13:31:27.016+00:00,B_sell_A_buy,8.8105,2.9105,362.89,363.01,5.373,182.193,363.33,363.59,1.0698,11.0802,0.0000062500,0.0004000000,0.1,12.9
2026-09-04T13:31:27.139+00:00,B_sell_A_buy,8.8105,2.9105,362.89,363.01,5.373,182.193,363.33,363.58,1.0698,8.2828,0.0000062500,0.0004000000,122.5,0.1
2026-09-04T13:31:27.198+00:00,B_sell_A_buy,8.8098,2.9098,363.0,363.01,9.809,3.995,363.33,363.58,1.0698,8.2828,0.0000062500,0.0004000000,0.0,58.3
2026-09-04T13:31:27.300+00:00,B_sell_A_buy,8.8098,2.9098,363.0,363.01,9.809,3.995,363.33,363.58,1.0535,8.2828,0.0000062500,0.0004000000,102.2,0.1
2026-09-04T13:31:27.358+00:00,B_sell_A_buy,9.0851,3.1851,363.0,363.01,9.809,3.995,363.34,363.58,0.9272,8.2828,0.0000062500,0.0004000000,160.9,0.1
2026-09-04T13:31:27.386+00:00,B_sell_A_buy,8.8098,2.9098,363.0,363.01,9.809,3.995,363.33,363.58,0.9696,8.2828,0.0000062500,0.0004000000,189.0,0.1
2026-09-04T13:31:28.504+00:00,B_sell_A_buy,9.6313,3.7313,363.19,363.23,27.605,87.846,363.58,363.59,0.9007,0.0758,0.0000062500,0.0004000000,474.7,0.1
2026-09-04T13:31:28.607+00:00,B_sell_A_buy,9.6313,3.7313,363.19,363.23,27.605,87.846,363.58,363.59,9.1835,0.0758,0.0000062500,0.0004000000,577.1,0.1
2026-09-04T13:31:28.633+00:00,B_sell_A_buy,9.6305,3.7305,363.19,363.23,27.605,87.846,363.58,363.72,0.9007,0.0392,0.0000062500,0.0004000000,604.3,0.1
2026-09-04T13:31:28.790+00:00,B_sell_A_buy,9.6305,3.7305,363.19,363.23,27.605,7.372,363.58,363.72,0.9007,0.0392,0.0000062500,0.0004000000,0.1,156.0
2026-09-04T13:31:28.790+00:00,B_sell_A_buy,9.0800,3.1800,363.19,363.25,27.605,6.499,363.58,363.72,0.9007,0.0392,0.0000062500,0.0004000000,0.2,156.1
2026-09-04T13:31:28.790+00:00,B_sell_A_buy,9.0798,3.1798,363.22,363.25,2.714,6.499,363.58,363.72,0.9007,0.0392,0.0000062500,0.0004000000,0.2,156.1
2026-09-04T13:31:28.790+00:00,B_sell_A_buy,8.5294,2.6294,363.22,363.27,5.612,0.035,363.58,363.72,0.9007,0.0392,0.0000062500,0.0004000000,0.3,156.2
2026-09-04T13:31:28.790+00:00,B_sell_A_buy,8.5303,2.6303,363.08,363.27,0.414,28.053,363.58,363.72,0.9007,0.0392,0.0000062500,0.0004000000,0.3,156.2
2026-09-04T13:31:28.790+00:00,B_sell_A_buy,10.4572,4.5572,363.04,363.2,2.567,10.991,363.58,363.72,0.9007,0.0392,0.0000062500,0.0004000000,0.3,156.2
2026-09-04T13:31:28.802+00:00,B_sell_A_buy,14.0334,8.1334,363.04,363.2,2.567,10.991,363.71,363.72,0.9536,0.0392,0.0000062500,0.0004000000,12.6,0.1
2026-09-04T13:31:28.841+00:00,B_sell_A_buy,10.4572,4.5572,363.04,363.2,2.567,10.991,363.58,363.72,0.9007,0.0392,0.0000062500,0.0004000000,52.0,0.1
2026-09-04T13:31:28.846+00:00,B_sell_A_buy,7.7059,1.8059,363.04,363.2,2.567,10.991,363.48,363.72,68.6949,0.0392,0.0000062500,0.0004000000,56.8,0.1
2026-09-04T13:31:28.858+00:00,B_sell_A_buy,12.1079,6.2079,363.04,363.2,2.567,10.991,363.64,363.72,8.2828,0.0392,0.0000062500,0.0004000000,68.5,0.0
2026-09-04T13:31:28.867+00:00,B_sell_A_buy,14.0334,8.1334,363.04,363.2,2.567,10.991,363.71,363.72,0.9735,0.0392,0.0000062500,0.0004000000,77.2,0.0
2026-09-04T13:31:28.987+00:00,B_sell_A_buy,7.1565,1.2565,363.04,363.1,79.753,22.396,363.36,363.72,1.0879,0.0392,0.0000062500,0.0004000000,0.1,26.3
2026-09-04T13:31:29.016+00:00,B_sell_A_buy,16.7863,10.8863,363.04,363.1,79.753,22.396,363.71,363.72,0.9378,0.0392,0.0000062500,0.0004000000,28.4,0.0
2026-09-04T13:31:29.026+00:00,B_sell_A_buy,14.3087,8.4087,363.04,363.19,85.761,4.038,363.71,363.72,0.9378,0.0392,0.0000062500,0.0004000000,0.0,10.5
2026-09-04T13:31:29.042+00:00,B_sell_A_buy,14.3077,8.4077,363.14,363.19,2.567,4.038,363.71,363.72,0.9378,0.0392,0.0000062500,0.0004000000,0.0,26.9
2026-09-04T13:31:29.293+00:00,B_sell_A_buy,6.3270,0.4270,363.17,363.48,6.5,0.039,363.71,363.72,0.9378,0.0392,0.0000062500,0.0004000000,0.1,277.4
2026-09-04T13:31:29.319+00:00,B_sell_A_buy,6.3260,0.4260,363.17,363.48,6.5,0.039,363.71,363.96,0.9378,0.0757,0.0000062500,0.0004000000,25.5,0.1
2026-09-04T13:31:29.319+00:00,B_sell_A_buy,6.6010,0.7010,363.17,363.48,6.5,0.039,363.72,363.96,8.2828,0.0757,0.0000062500,0.0004000000,25.5,0.2
2026-09-04T13:31:29.319+00:00,B_sell_A_buy,6.3260,0.4260,363.17,363.48,6.5,0.039,363.71,363.96,0.9378,0.0757,0.0000062500,0.0004000000,25.6,0.2
2026-09-04T13:31:29.319+00:00,B_sell_A_buy,6.6010,0.7010,363.17,363.48,6.5,0.039,363.72,363.96,1.003,0.0757,0.0000062500,0.0004000000,25.6,0.2
2026-09-04T13:31:29.336+00:00,B_sell_A_buy,6.6003,0.7003,363.17,363.48,6.5,0.039,363.72,364.1,1.003,0.2677,0.0000062500,0.0004000000,42.6,0.1
2026-09-04T13:31:29.388+00:00,B_sell_A_buy,7.6974,1.7974,363.29,363.62,12.752,0.035,363.9,364.23,8.2828,0.0391,0.0000062500,0.0004000000,42.0,0.0
2026-09-04T13:31:29.408+00:00,B_sell_A_buy,7.9722,2.0722,363.29,363.62,12.752,0.035,363.91,364.23,0.9064,0.0391,0.0000062500,0.0004000000,60.9,0.0
2026-09-04T13:31:29.461+00:00,B_sell_A_buy,7.9714,2.0714,363.45,363.62,12.752,0.035,363.91,364.23,0.9064,0.0391,0.0000062500,0.0004000000,0.0,53.1
2026-09-04T13:31:29.501+00:00,B_sell_A_buy,7.9714,2.0714,363.45,363.62,12.752,0.035,363.91,364.22,0.9064,8.2828,0.0000062500,0.0004000000,40.6,0.1
2026-09-04T13:31:29.566+00:00,B_sell_A_buy,7.9714,2.0714,363.45,363.62,12.752,0.035,363.91,364.22,0.9064,16.5656,0.0000062500,0.0004000000,104.8,0.1
2026-09-04T13:31:29.630+00:00,B_sell_A_buy,7.9712,2.0712,363.48,363.62,12.752,0.035,363.91,364.22,0.9064,16.5656,0.0000062500,0.0004000000,0.1,64.3
2026-09-04T13:31:29.728+00:00,B_sell_A_buy,7.9710,2.0710,363.53,363.62,12.752,0.035,363.91,364.22,0.9064,16.5656,0.0000062500,0.0004000000,0.1,161.9
2026-09-04T13:31:29.762+00:00,B_sell_A_buy,7.9705,2.0705,363.61,363.62,2.325,0.035,363.91,364.22,0.9064,16.5656,0.0000062500,0.0004000000,0.1,196.7
2026-09-04T13:31:29.798+00:00,B_sell_A_buy,7.9705,2.0705,363.61,363.62,39.884,0.035,363.91,364.22,0.9064,16.5656,0.0000062500,0.0004000000,0.1,232.5
2026-09-04T13:31:29.844+00:00,B_sell_A_buy,7.9705,2.0705,363.61,363.62,39.884,0.035,363.91,364.22,0.9064,8.2828,0.0000062500,0.0004000000,46.7,0.1
2026-09-04T13:31:29.844+00:00,B_sell_A_buy,7.9705,2.0705,363.61,363.62,39.884,0.035,363.91,364.23,0.9064,0.0391,0.0000062500,0.0004000000,46.8,0.2
2026-09-04T13:31:29.977+00:00,B_sell_A_buy,7.9705,2.0705,363.61,363.62,51.522,0.035,363.91,364.23,0.9064,0.0391,0.0000062500,0.0004000000,0.1,132.4
2026-09-04T13:31:29.977+00:00,B_sell_A_buy,7.9705,2.0705,363.61,363.62,52.056,0.035,363.91,364.23,0.9064,0.0391,0.0000062500,0.0004000000,0.2,132.5
2026-09-04T13:31:36.606+00:00,B_sell_A_buy,7.7145,1.8145,362.79,362.8,0.038,27.7,363.08,363.14,1.0251,1.0055,0.0000062500,0.0004000000,64.4,0.1
2026-09-04T13:31:36.630+00:00,B_sell_A_buy,7.7147,1.8147,362.76,362.8,0.11,53.306,363.08,363.14,1.0251,1.0055,0.0000062500,0.0004000000,0.1,23.5
2026-09-04T13:31:36.631+00:00,B_sell_A_buy,8.5414,2.6414,362.76,362.77,0.11,22.416,363.08,363.14,1.0251,1.0055,0.0000062500,0.0004000000,0.2,23.6
2026-09-04T13:31:36.642+00:00,B_sell_A_buy,8.5414,2.6414,362.76,362.77,0.11,50.116,363.08,363.14,1.0251,1.0055,0.0000062500,0.0004000000,0.1,35.4
2026-09-04T13:31:36.996+00:00,B_sell_A_buy,6.0619,0.1619,362.76,362.77,0.11,27.622,362.99,363.17,0.9023,0.9521,0.0000062500,0.0004000000,286.9,0.0
2026-09-04T13:31:37.002+00:00,B_sell_A_buy,6.0624,0.1624,362.76,362.77,0.11,27.622,362.99,363.05,0.9023,1.006,0.0000062500,0.0004000000,292.5,0.0
2026-09-04T13:31:42.063+00:00,A_sell_B_buy,6.3535,0.4535,362.12,362.14,4.928,27.7,361.88,361.89,0.0387,0.992,0.0000062500,0.0004000000,63.8,0.0
2026-09-04T13:31:42.175+00:00,A_sell_B_buy,6.9066,1.0066,362.12,362.14,4.928,27.7,361.75,361.87,0.0761,8.2441,0.0000062500,0.0004000000,176.4,0.0
2026-09-04T13:31:42.182+00:00,A_sell_B_buy,6.3540,0.4540,362.12,362.14,4.928,27.7,361.75,361.89,0.0761,7.2054,0.0000062500,0.0004000000,182.9,0.0
2026-09-04T13:31:42.182+00:00,A_sell_B_buy,6.3541,0.4541,362.12,362.13,4.928,22.45,361.75,361.89,0.0761,7.2054,0.0000062500,0.0004000000,0.1,0.1
2026-09-04T13:31:42.184+00:00,A_sell_B_buy,9.9464,4.0464,362.12,362.13,4.928,22.45,361.75,361.76,0.0761,1.0446,0.0000062500,0.0004000000,2.0,0.0
2026-09-04T13:31:42.312+00:00,A_sell_B_buy,9.9485,4.0485,362.12,362.13,4.928,22.45,361.44,361.76,1.0968,1.0446,0.0000062500,0.0004000000,130.7,0.1
2026-09-04T13:31:42.312+00:00,A_sell_B_buy,10.2249,4.3249,362.12,362.13,4.928,22.45,361.45,361.75,0.8855,0.903,0.0000062500,0.0004000000,130.8,0.2
2026-09-04T13:31:42.321+00:00,A_sell_B_buy,15.2004,9.3004,362.12,362.13,4.928,22.45,361.51,361.57,1.0485,1.0192,0.0000062500,0.0004000000,139.1,0.1
2026-09-04T13:31:42.326+00:00,A_sell_B_buy,15.2010,9.3010,362.12,362.13,4.928,22.45,361.45,361.57,0.8855,1.0192,0.0000062500,0.0004000000,144.0,0.1
2026-09-04T13:31:42.360+00:00,A_sell_B_buy,15.4775,9.5775,362.12,362.13,4.928,22.45,361.45,361.56,0.8855,0.9884,0.0000062500,0.0004000000,178.0,0.1
2026-09-04T13:31:42.364+00:00,A_sell_B_buy,9.6720,3.7720,362.12,362.13,4.928,22.45,361.45,361.77,0.8855,10.9865,0.0000062500,0.0004000000,182.0,0.0
2026-09-04T13:31:42.374+00:00,A_sell_B_buy,6.3554,0.4554,362.12,362.13,4.928,22.45,361.45,361.89,0.8855,6.2134,0.0000062500,0.0004000000,192.3,0.1
2026-09-04T13:31:42.403+00:00,A_sell_B_buy,6.3553,0.4553,362.12,362.13,4.928,22.45,361.47,361.89,10.9865,6.2134,0.0000062500,0.0004000000,221.3,0.1
2026-09-04T13:31:42.409+00:00,A_sell_B_buy,6.3553,0.4553,362.12,362.13,4.928,22.45,361.47,361.89,10.9865,7.2936,0.0000062500,0.0004000000,227.9,0.1
2026-09-04T13:31:42.417+00:00,A_sell_B_buy,6.3551,0.4551,362.12,362.13,4.928,22.45,361.52,361.89,0.7886,7.2936,0.0000062500,0.0004000000,235.3,0.1
2026-09-04T13:31:42.431+00:00,A_sell_B_buy,6.3551,0.4551,362.12,362.13,4.928,140.908,361.52,361.89,0.7886,7.2936,0.0000062500,0.0004000000,0.1,14.4
2026-09-04T13:31:42.439+00:00,A_sell_B_buy,6.3549,0.4549,362.12,362.13,4.928,140.908,361.56,361.89,0.5386,7.2936,0.0000062500,0.0004000000,7.7,0.0
2026-09-04T13:31:42.462+00:00,A_sell_B_buy,6.6312,0.7312,362.12,362.13,4.928,140.908,361.57,361.88,0.9982,0.9048,0.0000062500,0.0004000000,30.2,0.0
2026-09-04T13:31:42.471+00:00,A_sell_B_buy,12.4351,6.5351,362.12,362.13,4.928,140.908,361.6,361.67,0.919,1.025,0.0000062500,0.0004000000,40.2,0.1
2026-09-04T13:31:42.475+00:00,A_sell_B_buy,12.4351,6.5351,362.12,362.13,4.928,469.702,361.6,361.67,0.919,1.025,0.0000062500,0.0004000000,0.0,3.6
2026-09-04T13:31:42.501+00:00,A_sell_B_buy,12.4350,6.5350,362.12,362.13,4.928,469.702,361.61,361.67,8.2828,1.025,0.0000062500,0.0004000000,25.9,0.0
2026-09-04T13:31:42.531+00:00,A_sell_B_buy,8.2908,2.3908,361.97,362.13,0.03,528.815,361.61,361.67,8.2828,1.025,0.0000062500,0.0004000000,0.0,29.5
2026-09-04T13:31:42.579+00:00,A_sell_B_buy,8.2908,2.3908,361.97,362.13,0.03,528.815,361.61,361.67,16.5656,1.0233,0.0000062500,0.0004000000,48.2,0.1
2026-09-04T13:31:42.606+00:00,A_sell_B_buy,8.2915,2.3915,361.97,362.02,0.03,22.462,361.61,361.67,16.5656,1.0233,0.0000062500,0.0004000000,0.1,26.9
2026-09-04T13:31:43.906+00:00,B_sell_A_buy,6.6324,0.7324,361.63,361.72,0.077,2.765,361.96,362.12,0.9573,0.0761,0.0000062500,0.0004000000,107.7,0.0
2026-09-04T13:31:44.098+00:00,B_sell_A_buy,7.1834,1.2834,361.72,361.84,5.684,79.455,362.1,362.12,1.0372,0.0761,0.0000062500,0.0004000000,56.3,0.0
2026-09-04T13:31:44.110+00:00,B_sell_A_buy,7.4596,1.5596,361.72,361.84,5.684,79.455,362.11,362.12,0.9271,0.0761,0.0000062500,0.0004000000,69.1,0.0
2026-09-04T13:31:44.121+00:00,B_sell_A_buy,7.4596,1.5596,361.72,361.84,5.684,79.455,362.11,362.12,9.2099,0.0761,0.0000062500,0.0004000000,79.9,0.0
2026-09-04T13:31:44.200+00:00,B_sell_A_buy,7.4596,1.5596,361.72,361.84,6.308,79.455,362.11,362.12,9.2099,0.0761,0.0000062500,0.0004000000,0.0,78.7
2026-09-04T13:31:44.210+00:00,B_sell_A_buy,7.4593,1.5593,361.72,361.84,6.308,79.455,362.11,362.19,9.2099,0.0394,0.0000062500,0.0004000000,10.4,0.1
2026-09-04T13:31:44.210+00:00,B_sell_A_buy,7.7355,1.8355,361.72,361.84,6.308,79.455,362.12,362.19,0.9924,0.0394,0.0000062500,0.0004000000,10.5,0.2
2026-09-04T13:31:46.317+00:00,B_sell_A_buy,10.2269,4.3269,361.5,361.59,0.141,22.64,361.96,362.11,8.2828,0.9956,0.0000062500,0.0004000000,7.6,0.0
2026-09-04T13:31:46.320+00:00,B_sell_A_buy,6.0815,0.1815,361.5,361.59,0.141,22.64,361.81,362.11,0.893,0.9956,0.0000062500,0.0004000000,11.7,0.0
2026-09-04T13:31:46.364+00:00,B_sell_A_buy,6.9109,1.0109,361.5,361.56,0.141,27.7,361.81,362.11,0.893,0.9956,0.0000062500,0.0004000000,0.1,43.4
2026-09-04T13:31:49.520+00:00,A_sell_B_buy,8.8579,2.9579,361.42,361.43,0.03,10.987,361.09,361.1,0.0686,0.9922,0.0000062500,0.0004000000,14.7,0.1
2026-09-04T13:31:49.523+00:00,A_sell_B_buy,8.8583,2.9583,361.42,361.43,0.03,10.987,361.02,361.1,0.0763,0.9922,0.0000062500,0.0004000000,17.9,0.0
2026-09-04T13:31:49.530+00:00,A_sell_B_buy,6.3673,0.4673,361.33,361.43,0.041,14.594,361.02,361.1,0.0763,0.9922,0.0000062500,0.0004000000,0.0,6.2
2026-09-04T13:31:49.530+00:00,A_sell_B_buy,6.3677,0.4677,361.33,361.34,0.041,3.607,361.02,361.1,0.0763,0.9922,0.0000062500,0.0004000000,0.1,6.2
2026-09-04T13:31:49.541+00:00,A_sell_B_buy,6.3677,0.4677,361.33,361.34,0.041,29.71,361.02,361.1,0.0763,0.9922,0.0000062500,0.0004000000,0.0,18.3
2026-09-04T13:31:49.541+00:00,A_sell_B_buy,8.3061,2.4061,361.33,361.34,0.041,29.71,361.02,361.03,0.0763,1.0886,0.0000062500,0.0004000000,0.1,0.1
2026-09-04T13:31:49.575+00:00,A_sell_B_buy,8.3076,2.4076,361.33,361.34,0.041,29.71,360.76,361.03,16.4006,1.0886,0.0000062500,0.0004000000,33.3,0.1
2026-09-04T13:31:49.577+00:00,A_sell_B_buy,8.3076,2.4076,361.33,361.34,0.041,29.71,360.76,361.03,8.1178,1.0886,0.0000062500,0.0004000000,35.3,0.0
2026-09-04T13:31:49.580+00:00,A_sell_B_buy,8.3082,2.4082,361.33,361.34,0.041,29.71,360.66,361.03,0.0395,1.0886,0.0000062500,0.0004000000,38.3,0.1
2026-09-04T13:31:49.584+00:00,A_sell_B_buy,8.5852,2.6852,361.33,361.34,0.041,29.71,360.66,361.02,0.0395,1.0392,0.0000062500,0.0004000000,42.6,0.0
2026-09-04T13:31:49.613+00:00,A_sell_B_buy,8.5852,2.6852,361.33,361.34,0.041,29.71,360.66,361.02,0.9874,1.0392,0.0000062500,0.0004000000,71.4,0.1
2026-09-04T13:31:49.650+00:00,A_sell_B_buy,8.5852,2.6852,361.33,361.34,0.041,33.317,360.66,361.02,0.9874,1.0392,0.0000062500,0.0004000000,0.1,38.0
2026-09-04T13:31:49.662+00:00,A_sell_B_buy,8.5851,2.6851,361.33,361.34,0.041,33.317,360.67,361.02,0.9512,1.0392,0.0000062500,0.0004000000,11.0,0.1
2026-09-04T13:31:49.797+00:00,A_sell_B_buy,8.5851,2.6851,361.33,361.34,0.041,33.317,360.68,361.02,8.2828,1.0392,0.0000062500,0.0004000000,146.0,0.1
2026-09-04T13:31:49.813+00:00,A_sell_B_buy,7.7544,1.8544,361.3,361.34,0.152,83.421,360.68,361.02,8.2828,1.0392,0.0000062500,0.0004000000,0.1,16.4
2026-09-04T13:31:49.862+00:00,A_sell_B_buy,7.7544,1.8544,361.3,361.34,0.152,83.421,360.69,361.02,1.0257,1.0392,0.0000062500,0.0004000000,48.8,0.1
2026-09-04T13:31:49.888+00:00,A_sell_B_buy,7.7545,1.8545,361.3,361.31,0.152,0.166,360.69,361.02,1.0257,1.0392,0.0000062500,0.0004000000,0.1,26.2
2026-09-04T13:32:02.870+00:00,B_sell_A_buy,6.1015,0.2015,360.33,360.36,0.031,28.187,360.58,360.99,83.0929,0.9951,0.0000062500,0.0004000000,105.4,0.0
2026-09-04T13:32:02.915+00:00,B_sell_A_buy,6.3788,0.4788,360.33,360.36,0.031,28.187,360.59,360.99,1.0095,0.9951,0.0000062500,0.0004000000,150.9,0.1
2026-09-04T13:32:02.946+00:00,B_sell_A_buy,6.3788,0.4788,360.33,360.36,0.031,28.187,360.59,360.99,9.2923,0.9951,0.0000062500,0.0004000000,181.4,0.1
2026-09-04T13:32:02.949+00:00,B_sell_A_buy,6.3788,0.4788,360.33,360.36,0.031,28.187,360.59,360.99,1.0095,0.9951,0.0000062500,0.0004000000,184.6,0.0
2026-09-04T13:32:02.957+00:00,B_sell_A_buy,6.3791,0.4791,360.26,360.36,6.288,30.962,360.59,360.99,1.0095,0.9951,0.0000062500,0.0004000000,0.0,9.0
2026-09-04T13:32:02.962+00:00,B_sell_A_buy,6.3791,0.4791,360.26,360.36,6.288,30.962,360.59,360.99,1.0095,11.9474,0.0000062500,0.0004000000,4.4,0.1
2026-09-04T13:32:02.987+00:00,B_sell_A_buy,6.3795,0.4795,360.26,360.36,6.288,30.962,360.59,360.91,1.0095,0.0388,0.0000062500,0.0004000000,30.0,0.1
2026-09-04T13:32:03.015+00:00,B_sell_A_buy,6.3795,0.4795,360.26,360.36,6.288,30.962,360.59,360.9,1.0095,0.8921,0.0000062500,0.0004000000,57.1,0.1
2026-09-04T13:32:03.042+00:00,B_sell_A_buy,6.3791,0.4791,360.35,360.36,12.334,28.187,360.59,360.9,1.0095,0.8921,0.0000062500,0.0004000000,0.0,27.7
2026-09-04T13:32:03.126+00:00,B_sell_A_buy,6.3792,0.4792,360.35,360.36,12.334,28.187,360.59,360.89,1.0095,8.2828,0.0000062500,0.0004000000,83.3,0.1
2026-09-04T13:32:04.208+00:00,B_sell_A_buy,6.3757,0.4757,360.51,360.67,79.748,27.7,360.9,360.91,0.907,0.0388,0.0000062500,0.0004000000,279.6,0.1
2026-09-04T13:32:04.218+00:00,B_sell_A_buy,7.2075,1.3075,360.5,360.64,0.541,6.793,360.9,360.91,0.907,0.0388,0.0000062500,0.0004000000,0.1,9.5
2026-09-04T13:32:04.291+00:00,B_sell_A_buy,7.2072,1.3072,360.56,360.64,22.96,6.793,360.9,360.91,0.907,0.0388,0.0000062500,0.0004000000,0.1,83.0
2026-09-04T13:32:04.349+00:00,B_sell_A_buy,7.2071,1.3071,360.58,360.64,27.605,6.793,360.9,360.91,0.907,0.0388,0.0000062500,0.0004000000,0.1,140.4
2026-09-04T13:32:04.373+00:00,B_sell_A_buy,7.7616,1.8616,360.58,360.62,27.7,6.201,360.9,360.91,0.907,0.0388,0.0000062500,0.0004000000,0.1,164.4
2026-09-04T13:32:04.399+00:00,B_sell_A_buy,6.6524,0.7524,360.61,360.66,61.506,2.773,360.9,360.91,0.907,0.0388,0.0000062500,0.0004000000,0.0,190.3
2026-09-04T13:32:04.477+00:00,B_sell_A_buy,6.9290,1.0290,360.61,360.66,61.506,2.773,360.91,361.02,8.244,0.0763,0.0000062500,0.0004000000,78.0,0.1
2026-09-04T13:32:04.481+00:00,B_sell_A_buy,6.6519,0.7519,360.61,360.66,61.506,2.773,360.9,361.02,0.907,0.0763,0.0000062500,0.0004000000,81.7,0.0
2026-09-04T13:32:04.501+00:00,B_sell_A_buy,7.2052,1.3052,360.61,360.66,61.506,2.773,360.92,361.22,8.2828,8.2828,0.0000062500,0.0004000000,102.5,0.1
2026-09-04T13:32:04.501+00:00,B_sell_A_buy,6.6510,0.7510,360.61,360.66,61.506,2.773,360.9,361.22,0.907,8.2828,0.0000062500,0.0004000000,102.5,0.1
2026-09-04T13:32:04.501+00:00,B_sell_A_buy,9.6986,3.7986,360.61,360.66,61.506,2.773,361.01,361.22,1.0557,8.2828,0.0000062500,0.0004000000,102.6,0.1
2026-09-04T13:32:04.501+00:00,B_sell_A_buy,9.6975,3.7975,360.61,360.66,61.506,2.773,361.01,361.39,1.0557,0.0763,0.0000062500,0.0004000000,102.6,0.1
2026-09-04T13:32:04.501+00:00,B_sell_A_buy,9.6975,3.7975,360.61,360.66,61.506,2.773,361.01,361.39,1.0557,1.0811,0.0000062500,0.0004000000,102.6,0.1
2026-09-04T13:32:04.509+00:00,B_sell_A_buy,9.9746,4.0746,360.61,360.66,61.506,2.773,361.02,361.38,1.0482,0.958,0.0000062500,0.0004000000,109.9,0.1
2026-09-04T13:32:04.548+00:00,B_sell_A_buy,9.9743,4.0743,360.65,360.66,27.7,0.993,361.02,361.38,1.0482,0.958,0.0000062500,0.0004000000,0.0,39.7
2026-09-04T13:32:04.566+00:00,B_sell_A_buy,9.9744,4.0744,360.65,360.66,27.7,0.993,361.02,361.36,1.0482,68.6949,0.0000062500,0.0004000000,18.7,0.1
2026-09-04T13:32:04.573+00:00,B_sell_A_buy,10.2514,4.3514,360.65,360.66,27.7,0.993,361.03,361.36,8.2828,68.6949,0.0000062500,0.0004000000,24.7,0.1
2026-09-04T13:32:04.579+00:00,B_sell_A_buy,12.7442,6.8442,360.65,360.66,27.7,0.993,361.12,361.36,8.2828,68.6949,0.0000062500,0.0004000000,30.6,0.1
2026-09-04T13:32:04.586+00:00,B_sell_A_buy,10.2514,4.3514,360.65,360.66,27.7,0.993,361.03,361.36,8.2828,68.6949,0.0000062500,0.0004000000,38.0,0.1
2026-09-04T13:32:04.616+00:00,B_sell_A_buy,10.5285,4.6285,360.65,360.66,27.7,0.993,361.04,361.35,0.8883,0.9164,0.0000062500,0.0004000000,68.7,0.0
2026-09-04T13:32:04.733+00:00,B_sell_A_buy,9.6971,3.7971,360.65,360.69,50.231,0.072,361.04,361.35,0.8883,0.9164,0.0000062500,0.0004000000,0.1,116.1
2026-09-04T13:32:04.733+00:00,B_sell_A_buy,9.6970,3.7970,360.66,360.69,0.416,0.072,361.04,361.35,0.8883,0.9164,0.0000062500,0.0004000000,0.2,116.2
2026-09-04T13:32:04.769+00:00,B_sell_A_buy,9.6970,3.7970,360.66,360.69,0.416,0.072,361.04,361.35,0.8883,0.8776,0.0000062500,0.0004000000,35.8,0.0
2026-09-04T13:32:04.806+00:00,B_sell_A_buy,9.6971,3.7971,360.66,360.69,0.416,0.072,361.04,361.34,0.8883,8.2828,0.0000062500,0.0004000000,72.7,0.0
2026-09-04T13:32:04.806+00:00,B_sell_A_buy,9.6970,3.7970,360.68,360.69,16.845,0.072,361.04,361.34,0.8883,8.2828,0.0000062500,0.0004000000,0.1,0.1
2026-09-04T13:32:04.858+00:00,B_sell_A_buy,9.6970,3.7970,360.68,360.69,16.845,0.072,361.04,361.33,0.8883,0.9362,0.0000062500,0.0004000000,52.0,0.0
2026-09-04T13:32:04.910+00:00,B_sell_A_buy,9.6970,3.7970,360.68,360.69,17.011,0.072,361.04,361.33,0.8883,0.9362,0.0000062500,0.0004000000,0.1,52.6
2026-09-04T13:32:05.762+00:00,B_sell_A_buy,9.9688,4.0688,360.91,360.92,27.7,0.076,361.28,361.39,1.0593,1.0811,0.0000062500,0.0004000000,369.4,0.0
2026-09-04T13:32:05.792+00:00,B_sell_A_buy,9.9688,4.0688,360.91,360.92,95.319,0.076,361.28,361.39,1.0593,1.0811,0.0000062500,0.0004000000,0.0,29.0
2026-09-04T13:32:05.797+00:00,B_sell_A_buy,9.9688,4.0688,360.91,360.92,95.319,0.076,361.28,361.39,1.0593,0.0763,0.0000062500,0.0004000000,5.1,0.0
2026-09-04T13:32:05.816+00:00,B_sell_A_buy,12.7371,6.8371,360.91,360.92,95.319,0.076,361.38,361.39,0.9978,0.0763,0.0000062500,0.0004000000,24.1,0.0
2026-09-04T13:32:05.824+00:00,B_sell_A_buy,12.7371,6.8371,360.91,360.92,329.668,0.076,361.38,361.39,0.9978,0.0763,0.0000062500,0.0004000000,0.0,7.5
2026-09-04T13:32:05.846+00:00,B_sell_A_buy,12.7371,6.8371,360.91,360.92,329.668,0.076,361.38,361.39,9.2806,0.0763,0.0000062500,0.0004000000,22.5,0.0
2026-09-04T13:32:05.851+00:00,B_sell_A_buy,12.7371,6.8371,360.91,360.92,329.668,0.076,361.38,361.39,8.2828,0.0763,0.0000062500,0.0004000000,27.4,0.0
2026-09-04T13:32:05.851+00:00,B_sell_A_buy,12.7371,6.8371,360.91,360.92,27.7,0.076,361.38,361.39,8.2828,0.0763,0.0000062500,0.0004000000,0.1,0.1
2026-09-04T13:32:05.853+00:00,B_sell_A_buy,9.9688,4.0688,360.91,360.92,27.7,0.076,361.28,361.39,1.0593,1.1213,0.0000062500,0.0004000000,2.0,0.0
2026-09-04T13:32:05.941+00:00,B_sell_A_buy,13.0138,7.1138,360.91,360.92,27.7,0.076,361.39,361.4,7.3053,0.0387,0.0000062500,0.0004000000,91.2,0.1
2026-09-04T13:32:06.000+00:00,B_sell_A_buy,12.7357,6.8357,360.92,360.97,2.771,6.187,361.43,361.44,7.3012,29.0,0.0000062500,0.0004000000,11.8,0.0
2026-09-04T13:32:11.127+00:00,B_sell_A_buy,9.1426,3.2426,360.75,360.79,110.8,27.605,361.12,361.13,0.9944,69.0,0.0000062500,0.0004000000,193.8,0.0
2026-09-04T13:32:11.153+00:00,B_sell_A_buy,9.1422,3.2422,360.75,360.79,110.8,27.605,361.12,361.19,0.9944,0.2715,0.0000062500,0.0004000000,219.9,0.0
2026-09-04T13:32:11.158+00:00,B_sell_A_buy,9.1413,3.2413,360.75,360.79,110.8,27.605,361.12,361.34,0.9944,8.2828,0.0000062500,0.0004000000,225.2,0.0
2026-09-04T13:32:11.173+00:00,B_sell_A_buy,9.1410,3.2410,360.75,360.79,110.8,27.605,361.12,361.39,0.9944,0.0763,0.0000062500,0.0004000000,239.0,0.0
2026-09-04T13:32:11.176+00:00,B_sell_A_buy,8.3094,2.4094,360.81,360.82,50.218,6.707,361.12,361.39,0.9944,0.0763,0.0000062500,0.0004000000,0.0,3.6
2026-09-04T13:32:11.299+00:00,B_sell_A_buy,8.3095,2.4095,360.81,360.82,50.218,6.707,361.12,361.38,0.9944,0.9825,0.0000062500,0.0004000000,122.8,0.1
2026-09-04T13:32:11.299+00:00,B_sell_A_buy,8.5864,2.6864,360.81,360.82,50.218,6.707,361.13,361.38,8.2828,0.9825,0.0000062500,0.0004000000,123.0,0.2
2026-09-04T13:32:11.299+00:00,B_sell_A_buy,8.8633,2.9633,360.81,360.82,50.218,6.707,361.14,361.38,8.2828,0.9825,0.0000062500,0.0004000000,123.0,0.2
2026-09-04T13:32:11.299+00:00,B_sell_A_buy,8.5865,2.6865,360.81,360.82,50.218,6.707,361.13,361.37,8.2828,0.9922,0.0000062500,0.0004000000,123.0,0.2
2026-09-04T13:32:11.299+00:00,B_sell_A_buy,6.3703,0.4703,360.81,360.9,50.218,0.554,361.13,361.37,8.2828,0.9922,0.0000062500,0.0004000000,0.3,0.3
2026-09-04T13:32:11.299+00:00,B_sell_A_buy,6.6472,0.7472,360.81,360.9,50.218,0.554,361.14,361.37,0.9006,0.9922,0.0000062500,0.0004000000,0.3,0.3
2026-09-04T13:32:11.311+00:00,B_sell_A_buy,6.6468,0.7468,360.89,360.9,22.524,0.554,361.14,361.37,0.9006,0.9922,0.0000062500,0.0004000000,0.1,12.2
2026-09-04T13:32:11.393+00:00,B_sell_A_buy,6.6467,0.7467,360.89,360.9,22.524,0.554,361.14,361.39,0.9006,0.0763,0.0000062500,0.0004000000,81.5,0.1
2026-09-04T13:32:11.409+00:00,B_sell_A_buy,6.6468,0.7468,360.89,360.9,22.524,0.554,361.14,361.38,0.9006,0.9129,0.0000062500,0.0004000000,98.4,0.1
2026-09-04T13:32:11.450+00:00,B_sell_A_buy,6.9237,1.0237,360.89,360.9,22.524,0.554,361.15,361.38,8.2828,0.9129,0.0000062500,0.0004000000,139.1,0.1
2026-09-04T13:32:11.506+00:00,B_sell_A_buy,7.2006,1.3006,360.89,360.9,22.524,0.554,361.16,361.38,1.0421,0.9129,0.0000062500,0.0004000000,195.0,0.0
2026-09-04T13:32:11.537+00:00,B_sell_A_buy,6.0926,0.1926,360.89,360.94,50.224,2.633,361.16,361.38,1.0421,0.9129,0.0000062500,0.0004000000,0.1,31.2
2026-09-04T13:32:11.537+00:00,B_sell_A_buy,6.0925,0.1925,360.93,360.94,50.23,2.633,361.16,361.38,1.0421,0.9129,0.0000062500,0.0004000000,0.2,31.3
2026-09-04T13:32:11.580+00:00,B_sell_A_buy,6.3693,0.4693,360.93,360.94,50.23,2.633,361.17,361.39,8.2828,0.0763,0.0000062500,0.0004000000,42.8,0.1
2026-09-04T13:32:11.591+00:00,B_sell_A_buy,6.3693,0.4693,360.93,360.94,50.23,2.633,361.17,361.38,8.2828,1.0129,0.0000062500,0.0004000000,54.0,0.1
2026-09-04T13:32:11.594+00:00,B_sell_A_buy,6.0925,0.1925,360.93,360.94,50.23,2.633,361.16,361.38,1.0421,1.0129,0.0000062500,0.0004000000,56.5,0.0
2026-09-04T13:32:11.611+00:00,B_sell_A_buy,6.3694,0.4694,360.93,360.94,50.23,2.633,361.17,361.37,1.0313,0.9227,0.0000062500,0.0004000000,73.9,0.0
2026-09-04T13:32:13.562+00:00,B_sell_A_buy,7.1979,1.2979,361.06,361.08,27.7,2.769,361.34,361.39,0.9147,0.0763,0.0000062500,0.0004000000,67.9,0.0
2026-09-04T13:32:13.571+00:00,B_sell_A_buy,7.4748,1.5748,361.06,361.07,82.814,27.7,361.34,361.39,0.9147,0.0763,0.0000062500,0.0004000000,0.0,8.8
2026-09-04T13:32:13.614+00:00,B_sell_A_buy,7.7516,1.8516,361.06,361.07,82.814,27.7,361.35,361.39,1.0521,0.0763,0.0000062500,0.0004000000,44.3,0.0
2026-09-04T13:32:13.664+00:00,B_sell_A_buy,8.5819,2.6819,361.06,361.07,82.814,27.7,361.38,361.39,0.8811,0.0763,0.0000062500,0.0004000000,93.4,0.0
2026-09-04T13:32:13.718+00:00,B_sell_A_buy,7.7516,1.8516,361.06,361.07,82.814,27.7,361.35,361.39,1.0521,0.0763,0.0000062500,0.0004000000,147.2,0.0
2026-09-04T13:32:13.889+00:00,B_sell_A_buy,6.9209,1.0209,361.06,361.1,140.984,2.769,361.35,361.39,1.0521,0.0763,0.0000062500,0.0004000000,0.1,171.7
2026-09-04T13:32:13.889+00:00,B_sell_A_buy,6.9208,1.0208,361.09,361.1,27.7,2.728,361.35,361.39,1.0521,0.0763,0.0000062500,0.0004000000,0.2,171.9
2026-09-04T13:32:13.890+00:00,B_sell_A_buy,6.9208,1.0208,361.09,361.1,0.403,2.728,361.35,361.39,1.0521,0.0763,0.0000062500,0.0004000000,0.3,171.9
2026-09-04T13:32:13.991+00:00,B_sell_A_buy,6.9207,1.0207,361.09,361.1,0.403,2.728,361.35,361.4,1.0521,0.0387,0.0000062500,0.0004000000,100.6,0.1
2026-09-04T13:32:14.036+00:00,B_sell_A_buy,6.6435,0.7435,361.09,361.15,28.103,2.769,361.39,361.4,0.9537,0.0387,0.0000062500,0.0004000000,27.7,0.1
2026-09-04T13:32:14.063+00:00,B_sell_A_buy,6.6435,0.7435,361.09,361.15,83.503,2.769,361.39,361.4,0.9537,0.0387,0.0000062500,0.0004000000,0.1,25.9
2026-09-04T13:32:14.063+00:00,B_sell_A_buy,6.6432,0.7432,361.14,361.15,27.7,0.769,361.39,361.4,0.9537,0.0387,0.0000062500,0.0004000000,0.1,25.9
2026-09-04T13:32:14.139+00:00,B_sell_A_buy,6.6427,0.7427,361.14,361.15,27.7,0.769,361.39,361.51,0.9537,0.2656,0.0000062500,0.0004000000,76.6,0.1
2026-09-04T13:32:14.139+00:00,B_sell_A_buy,6.6428,0.7428,361.14,361.15,27.7,0.769,361.39,361.5,0.9537,0.9774,0.0000062500,0.0004000000,76.7,0.1
2026-09-04T13:32:14.139+00:00,B_sell_A_buy,6.9195,1.0195,361.14,361.15,27.7,0.769,361.4,361.5,0.8966,0.9774,0.0000062500,0.0004000000,76.7,0.1
2026-09-04T13:32:15.794+00:00,B_sell_A_buy,11.3503,5.4503,360.98,361.0,76.647,22.526,361.41,361.51,0.9868,0.2656,0.0000062500,0.0004000000,133.9,0.0
2026-09-04T13:32:15.806+00:00,B_sell_A_buy,11.3503,5.4503,360.98,361.0,76.647,22.526,361.41,361.5,0.9868,28.6,0.0000062500,0.0004000000,146.2,0.0
2026-09-04T13:32:15.813+00:00,B_sell_A_buy,11.3503,5.4503,360.98,361.0,76.647,22.526,361.41,361.51,0.9868,0.2656,0.0000062500,0.0004000000,153.3,0.0
2026-09-04T13:32:15.930+00:00,B_sell_A_buy,11.3503,5.4503,360.98,361.0,76.647,22.526,361.41,361.5,1.0154,1.0754,0.0000062500,0.0004000000,269.3,0.1
2026-09-04T13:32:15.975+00:00,B_sell_A_buy,11.3503,5.4503,360.99,361.0,2.77,20.376,361.41,361.5,1.0154,1.0754,0.0000062500,0.0004000000,0.1,45.4
2026-09-04T13:32:16.017+00:00,B_sell_A_buy,11.3503,5.4503,360.99,361.0,113.189,20.376,361.41,361.5,1.0154,1.0754,0.0000062500,0.0004000000,0.1,87.9
2026-09-04T13:32:16.064+00:00,B_sell_A_buy,11.3502,5.4502,360.99,361.0,113.189,20.376,361.41,361.51,1.0154,8.5484,0.0000062500,0.0004000000,46.8,0.0
2026-09-04T13:32:16.064+00:00,B_sell_A_buy,11.3502,5.4502,360.99,361.0,113.189,20.376,361.41,361.51,1.0154,0.2656,0.0000062500,0.0004000000,46.9,0.1
2026-09-04T13:32:16.072+00:00,B_sell_A_buy,11.6269,5.7269,360.99,361.0,113.189,20.376,361.42,361.51,0.9024,0.2656,0.0000062500,0.0004000000,54.5,0.0
2026-09-04T13:32:16.072+00:00,B_sell_A_buy,7.7505,1.8505,360.99,361.14,124.235,4.624,361.42,361.51,0.9024,0.2656,0.0000062500,0.0004000000,0.0,0.1
2026-09-04T13:32:16.100+00:00,B_sell_A_buy,7.7497,1.8497,360.99,361.14,124.235,4.624,361.42,361.67,0.9024,0.0394,0.0000062500,0.0004000000,27.9,0.0
2026-09-04T13:32:16.116+00:00,B_sell_A_buy,7.7497,1.8497,360.99,361.14,124.235,4.624,361.42,361.66,0.9024,34.2,0.0000062500,0.0004000000,44.3,0.0
2026-09-04T13:32:16.126+00:00,B_sell_A_buy,7.7498,1.8498,360.99,361.14,124.235,4.624,361.42,361.65,0.9024,8.2828,0.0000062500,0.0004000000,55.0,0.0
2026-09-04T13:32:16.194+00:00,B_sell_A_buy,7.7493,1.8493,361.08,361.14,0.543,4.624,361.42,361.65,0.9024,8.2828,0.0000062500,0.0004000000,0.1,67.4
2026-09-04T13:32:21.207+00:00,B_sell_A_buy,11.6216,5.7216,361.14,361.18,0.031,0.051,361.6,361.67,6.1576,0.0394,0.0000062500,0.0004000000,46.2,0.1
2026-09-04T13:32:21.208+00:00,B_sell_A_buy,10.5150,4.6150,361.14,361.18,0.031,0.051,361.56,361.67,1.0617,0.0394,0.0000062500,0.0004000000,46.3,0.2
2026-09-04T13:32:21.251+00:00,B_sell_A_buy,10.7911,4.8911,361.14,361.18,0.031,0.051,361.57,361.74,8.2828,8.2828,0.0000062500,0.0004000000,89.8,0.0
2026-09-04T13:32:21.253+00:00,B_sell_A_buy,11.6215,5.7215,361.14,361.15,0.031,22.514,361.57,361.74,8.2828,8.2828,0.0000062500,0.0004000000,0.0,3.4
2026-09-04T13:32:24.236+00:00,B_sell_A_buy,6.6369,0.7369,361.47,361.5,2.766,6.01,361.74,361.75,0.9678,0.0761,0.0000062500,0.0004000000,0.1,76.5
2026-09-04T13:32:24.308+00:00,B_sell_A_buy,6.0837,0.1837,361.49,361.52,27.665,6.465,361.74,361.75,0.9678,0.0761,0.0000062500,0.0004000000,0.0,148.2
2026-09-04T13:32:24.458+00:00,B_sell_A_buy,6.0836,0.1836,361.5,361.52,27.669,27.7,361.74,361.75,0.9678,0.0761,0.0000062500,0.0004000000,0.1,298.8
2026-09-04T13:32:24.473+00:00,B_sell_A_buy,6.0831,0.1831,361.5,361.52,27.669,27.7,361.74,361.88,0.9678,0.0387,0.0000062500,0.0004000000,14.6,0.0
2026-09-04T13:32:24.485+00:00,B_sell_A_buy,9.6767,3.7767,361.5,361.52,27.669,27.7,361.87,361.88,0.8867,0.0387,0.0000062500,0.0004000000,26.7,0.0
2026-09-04T13:32:24.494+00:00,B_sell_A_buy,8.0175,2.1175,361.51,361.58,27.7,7.522,361.87,361.88,0.8867,0.0387,0.0000062500,0.0004000000,0.0,8.7
2026-09-04T13:32:24.672+00:00,B_sell_A_buy,8.0175,2.1175,361.51,361.58,27.7,6.692,361.87,361.88,0.8867,0.0387,0.0000062500,0.0004000000,0.1,187.3
2026-09-04T13:32:24.672+00:00,B_sell_A_buy,8.0172,2.1172,361.56,361.58,12.658,6.692,361.87,361.88,0.8867,0.0387,0.0000062500,0.0004000000,0.2,187.4
2026-09-04T13:32:24.672+00:00,B_sell_A_buy,8.0172,2.1172,361.56,361.58,17.866,6.692,361.87,361.88,0.8867,0.0387,0.0000062500,0.0004000000,0.2,187.4
2026-09-04T13:32:24.760+00:00,B_sell_A_buy,8.0171,2.1171,361.57,361.58,27.7,5.701,361.87,361.88,0.8867,0.0387,0.0000062500,0.0004000000,0.1,275.3
2026-09-04T13:32:24.809+00:00,B_sell_A_buy,7.7406,1.8406,361.57,361.59,77.876,0.029,361.87,361.88,0.8867,0.0387,0.0000062500,0.0004000000,0.1,323.4
2026-09-04T13:32:24.939+00:00,B_sell_A_buy,7.7406,1.8406,361.58,361.59,0.165,0.029,361.87,361.88,0.8867,0.0387,0.0000062500,0.0004000000,0.1,454.8
2026-09-04T13:32:24.998+00:00,B_sell_A_buy,7.7406,1.8406,361.58,361.59,22.8,0.029,361.87,361.88,0.8867,0.0387,0.0000062500,0.0004000000,0.0,512.8
2026-09-04T13:32:34.966+00:00,B_sell_A_buy,9.6793,3.7793,361.35,361.4,2.738,27.605,361.75,361.88,1.0248,0.0387,0.0000062500,0.0004000000,65.0,0.0
2026-09-04T13:32:35.513+00:00,B_sell_A_buy,12.7205,6.8205,361.36,361.39,82.327,2.767,361.85,361.88,1.0909,0.0387,0.0000062500,0.0004000000,176.6,0.1
2026-09-04T13:32:35.523+00:00,B_sell_A_buy,9.4014,3.5014,361.36,361.51,82.327,79.527,361.85,361.88,1.0909,0.0387,0.0000062500,0.0004000000,0.0,10.3
2026-09-04T13:32:35.523+00:00,B_sell_A_buy,8.2943,2.3943,361.5,361.55,22.492,2.567,361.85,361.88,1.0909,0.0387,0.0000062500,0.0004000000,0.1,10.3
2026-09-04T13:32:35.562+00:00,B_sell_A_buy,8.5707,2.6707,361.5,361.55,22.492,2.567,361.86,361.88,0.9586,0.0387,0.0000062500,0.0004000000,38.2,0.1
2026-09-04T13:32:35.564+00:00,B_sell_A_buy,6.6351,0.7351,361.5,361.62,22.492,1.214,361.86,361.88,0.9586,0.0387,0.0000062500,0.0004000000,0.1,2.4
2026-09-04T13:32:35.612+00:00,B_sell_A_buy,6.9115,1.0115,361.5,361.62,22.492,1.214,361.87,361.88,1.0763,0.0387,0.0000062500,0.0004000000,47.7,0.1
2026-09-04T13:32:35.614+00:00,B_sell_A_buy,7.7415,1.8415,361.4,361.59,9.901,2.567,361.87,361.88,1.0763,0.0387,0.0000062500,0.0004000000,0.0,2.3
2026-09-04T13:32:35.772+00:00,B_sell_A_buy,9.1242,3.2242,361.42,361.54,1.084,0.542,361.87,361.88,1.0763,0.0387,0.0000062500,0.0004000000,0.1,160.3
2026-09-04T13:32:35.792+00:00,B_sell_A_buy,12.1665,6.2665,361.42,361.43,1.084,22.493,361.87,361.88,1.0763,0.0387,0.0000062500,0.0004000000,0.0,180.6
2026-09-04T13:32:35.869+00:00,B_sell_A_buy,12.1655,6.2655,361.42,361.43,1.084,22.493,361.87,361.99,1.0763,16.5656,0.0000062500,0.0004000000,76.6,0.1
2026-09-04T13:32:35.875+00:00,B_sell_A_buy,12.1655,6.2655,361.42,361.43,1.084,22.493,361.87,361.99,1.0763,8.2828,0.0000062500,0.0004000000,82.7,0.0
2026-09-04T13:32:35.879+00:00,B_sell_A_buy,12.1647,6.2647,361.42,361.43,1.084,22.493,361.87,362.09,1.0763,10.9739,0.0000062500,0.0004000000,86.8,0.0
2026-09-04T13:32:35.883+00:00,B_sell_A_buy,12.4411,6.5411,361.42,361.43,1.084,22.493,361.88,362.09,0.9594,10.9739,0.0000062500,0.0004000000,90.6,0.0
2026-09-04T13:32:35.976+00:00,B_sell_A_buy,12.4412,6.5412,361.42,361.43,1.084,22.493,361.88,362.08,0.9594,16.5656,0.0000062500,0.0004000000,184.1,0.1
2026-09-04T13:32:36.001+00:00,B_sell_A_buy,9.9522,4.0522,361.44,361.52,4.756,27.7,361.88,362.08,0.9594,16.5656,0.0000062500,0.0004000000,0.1,25.4
2026-09-04T13:32:36.019+00:00,B_sell_A_buy,9.3987,3.4987,361.51,361.54,85.58,2.766,361.88,362.08,0.9594,16.5656,0.0000062500,0.0004000000,0.0,43.5
2026-09-04T13:32:36.039+00:00,B_sell_A_buy,9.1221,3.2221,361.52,361.55,0.071,7.162,361.88,362.08,0.9594,16.5656,0.0000062500,0.0004000000,0.0,62.7
2026-09-04T13:32:36.150+00:00,B_sell_A_buy,9.1221,3.2221,361.52,361.55,27.676,7.162,361.88,362.08,0.9594,16.5656,0.0000062500,0.0004000000,0.0,174.6
2026-09-04T13:32:36.173+00:00,B_sell_A_buy,9.1222,3.2222,361.51,361.55,1.633,7.162,361.88,362.08,0.9594,16.5656,0.0000062500,0.0004000000,0.1,197.0
2026-09-04T13:32:36.195+00:00,B_sell_A_buy,9.1221,3.2221,361.53,361.55,12.849,7.162,361.88,362.08,0.9594,16.5656,0.0000062500,0.0004000000,0.1,219.2
2026-09-04T13:32:44.311+00:00,B_sell_A_buy,6.0896,0.1896,361.12,361.17,0.038,27.7,361.39,361.4,0.0761,8.2441,0.0000062500,0.0004000000,0.1,86.8
2026-09-04T13:32:58.693+00:00,B_sell_A_buy,7.2264,1.3264,359.62,359.63,78.004,0.463,359.89,360.02,0.9491,68.6949,0.0000062500,0.0004000000,23.1,0.0
2026-09-04T13:33:04.428+00:00,B_sell_A_buy,6.4045,0.5045,358.93,358.98,83.1,80.088,359.21,359.36,53.7866,0.2689,0.0000062500,0.0004000000,396.7,0.1
2026-09-04T13:33:04.446+00:00,B_sell_A_buy,6.4037,0.5037,358.93,358.98,83.1,80.088,359.21,359.55,53.7866,0.0766,0.0000062500,0.0004000000,414.3,0.1
2026-09-04T13:33:04.461+00:00,B_sell_A_buy,10.3006,4.4006,358.93,358.98,83.1,80.088,359.35,359.55,0.9412,0.0766,0.0000062500,0.0004000000,430.1,0.1
2026-09-04T13:33:04.498+00:00,B_sell_A_buy,10.3006,4.4006,358.93,358.98,83.1,78.974,359.35,359.55,0.9412,0.0766,0.0000062500,0.0004000000,0.1,37.2
2026-09-04T13:33:04.498+00:00,B_sell_A_buy,11.4147,5.5147,358.91,358.94,2.786,5.134,359.35,359.55,0.9412,0.0766,0.0000062500,0.0004000000,0.2,37.3
2026-09-04T13:33:04.498+00:00,B_sell_A_buy,11.4150,5.5150,358.86,358.94,35.963,3.764,359.35,359.55,0.9412,0.0766,0.0000062500,0.0004000000,0.2,37.3
2026-09-04T13:33:04.498+00:00,B_sell_A_buy,11.4150,5.5150,358.87,358.94,2.567,12.117,359.35,359.55,0.9412,0.0766,0.0000062500,0.0004000000,0.2,37.4
2026-09-04T13:33:04.519+00:00,B_sell_A_buy,11.6933,5.7933,358.87,358.94,2.567,12.117,359.36,359.55,1.0394,0.0766,0.0000062500,0.0004000000,20.8,0.1
2026-09-04T13:33:04.566+00:00,B_sell_A_buy,11.6933,5.7933,358.87,358.94,2.567,12.117,359.36,359.55,9.3222,0.0766,0.0000062500,0.0004000000,67.8,0.0
2026-09-04T13:33:04.566+00:00,B_sell_A_buy,16.7026,10.8026,358.87,358.94,2.567,12.117,359.54,359.55,0.9689,0.0766,0.0000062500,0.0004000000,67.9,0.1
2026-09-04T13:33:04.577+00:00,B_sell_A_buy,11.6933,5.7933,358.87,358.94,2.567,12.117,359.36,359.55,17.605,0.0766,0.0000062500,0.0004000000,78.5,0.0
2026-09-04T13:33:04.579+00:00,B_sell_A_buy,11.6933,5.7933,358.87,358.94,2.567,12.117,359.36,359.55,9.3222,0.0766,0.0000062500,0.0004000000,80.6,0.0
2026-09-04T13:33:04.651+00:00,B_sell_A_buy,13.9216,8.0216,358.85,358.86,0.044,22.657,359.36,359.55,9.3222,0.0766,0.0000062500,0.0004000000,0.0,73.0
2026-09-04T13:33:04.651+00:00,B_sell_A_buy,11.9720,6.0720,358.85,358.93,0.044,4.891,359.36,359.55,9.3222,0.0766,0.0000062500,0.0004000000,0.1,73.1
2026-09-04T13:33:04.752+00:00,B_sell_A_buy,11.9720,6.0720,358.85,358.93,0.044,4.891,359.36,359.55,1.0394,0.0766,0.0000062500,0.0004000000,100.4,0.1
2026-09-04T13:33:04.789+00:00,B_sell_A_buy,11.9720,6.0720,358.85,358.93,0.044,4.891,359.36,359.54,1.0394,8.2828,0.0000062500,0.0004000000,136.7,0.0
2026-09-04T13:33:04.803+00:00,B_sell_A_buy,11.9718,6.0718,358.88,358.93,8.764,4.891,359.36,359.54,1.0394,8.2828,0.0000062500,0.0004000000,0.0,13.6
2026-09-04T13:33:04.837+00:00,B_sell_A_buy,11.9718,6.0718,358.88,358.93,8.764,4.891,359.36,359.54,0.9709,8.2828,0.0000062500,0.0004000000,35.1,0.0
2026-09-04T13:33:04.858+00:00,B_sell_A_buy,11.9718,6.0718,358.88,358.93,8.764,4.891,359.36,359.54,0.9709,16.5656,0.0000062500,0.0004000000,55.8,0.0
2026-09-04T13:33:04.896+00:00,B_sell_A_buy,11.6933,5.7933,358.88,358.94,8.764,5.645,359.36,359.54,0.9709,16.5656,0.0000062500,0.0004000000,0.0,37.6
2026-09-04T13:33:05.146+00:00,B_sell_A_buy,10.5792,4.6792,358.9,358.98,0.167,1.929,359.36,359.54,0.9709,16.5656,0.0000062500,0.0004000000,0.1,287.8
2026-09-04T13:33:05.513+00:00,B_sell_A_buy,6.3994,0.4994,359.24,359.31,55.4,27.605,359.54,359.55,0.8908,0.0766,0.0000062500,0.0004000000,100.1,0.1
2026-09-04T13:33:05.637+00:00,B_sell_A_buy,7.5125,1.6125,359.24,359.27,55.4,27.605,359.54,359.55,0.8908,0.0766,0.0000062500,0.0004000000,0.1,124.0
2026-09-04T13:33:05.637+00:00,B_sell_A_buy,7.7910,1.8910,359.21,359.26,27.7,8.924,359.54,359.55,0.8908,0.0766,0.0000062500,0.0004000000,0.2,124.1
2026-09-04T13:33:05.684+00:00,B_sell_A_buy,7.7908,1.8908,359.25,359.26,30.389,8.924,359.54,359.55,0.8908,0.0766,0.0000062500,0.0004000000,0.1,171.1
2026-09-04T13:33:05.727+00:00,B_sell_A_buy,6.3993,0.4993,359.25,359.31,8.611,8.924,359.54,359.55,0.8908,0.0766,0.0000062500,0.0004000000,0.1,214.2
2026-09-04T13:33:05.799+00:00,B_sell_A_buy,6.6776,0.7776,359.25,359.3,1.393,6.57,359.54,359.55,0.8908,0.0766,0.0000062500,0.0004000000,0.1,285.5
2026-09-04T13:33:06.260+00:00,B_sell_A_buy,6.1210,0.2210,359.3,359.31,27.605,2.848,359.53,359.54,0.9574,8.2828,0.0000062500,0.0004000000,0.1,0.1
2026-09-04T13:33:11.361+00:00,B_sell_A_buy,8.3459,2.4459,359.24,359.33,80.03,22.631,359.63,359.64,1.0984,0.0396,0.0000062500,0.0004000000,35.4,0.0
2026-09-04T13:33:13.536+00:00,B_sell_A_buy,7.5080,1.6080,359.41,359.43,0.052,57.407,359.7,359.92,8.2828,0.0765,0.0000062500,0.0004000000,4.3,0.0
2026-09-04T13:33:13.560+00:00,B_sell_A_buy,6.3960,0.4960,359.41,359.43,0.052,57.407,359.66,359.91,8.2828,57.8,0.0000062500,0.0004000000,28.7,0.0
2026-09-04T13:33:13.591+00:00,B_sell_A_buy,6.6739,0.7739,359.41,359.43,0.052,57.407,359.67,359.92,8.2828,0.0765,0.0000062500,0.0004000000,59.9,0.0
2026-09-04T13:33:13.617+00:00,B_sell_A_buy,6.9520,1.0520,359.41,359.43,0.052,57.407,359.68,359.92,1.0548,0.0765,0.0000062500,0.0004000000,85.3,0.0
2026-09-04T13:33:13.651+00:00,B_sell_A_buy,6.9520,1.0520,359.41,359.43,0.052,7.102,359.68,359.92,1.0548,0.0765,0.0000062500,0.0004000000,0.0,34.8
2026-09-04T13:33:13.651+00:00,B_sell_A_buy,7.2301,1.3301,359.41,359.42,0.052,27.7,359.68,359.92,1.0548,0.0765,0.0000062500,0.0004000000,0.1,34.9
2026-09-04T13:33:13.688+00:00,B_sell_A_buy,7.5081,1.6081,359.41,359.42,0.052,27.7,359.69,359.92,8.2828,0.0765,0.0000062500,0.0004000000,36.9,0.0
2026-09-04T13:33:13.717+00:00,B_sell_A_buy,7.7862,1.8862,359.41,359.42,0.052,27.7,359.7,359.92,0.9141,0.0765,0.0000062500,0.0004000000,65.1,0.0
2026-09-04T13:33:13.754+00:00,B_sell_A_buy,6.6737,0.7737,359.41,359.46,0.052,7.354,359.7,359.92,0.9141,0.0765,0.0000062500,0.0004000000,0.1,38.0
2026-09-04T13:33:13.854+00:00,B_sell_A_buy,6.6735,0.7735,359.44,359.46,108.305,7.354,359.7,359.92,0.9141,0.0765,0.0000062500,0.0004000000,0.1,137.9
2026-09-04T13:33:13.893+00:00,B_sell_A_buy,6.6735,0.7735,359.44,359.46,2.463,7.354,359.7,359.92,0.9141,0.0765,0.0000062500,0.0004000000,0.0,177.3
2026-09-04T13:33:13.900+00:00,B_sell_A_buy,6.9515,1.0515,359.44,359.46,2.463,7.354,359.71,359.92,8.2828,0.0765,0.0000062500,0.0004000000,6.4,0.1
2026-09-04T13:33:13.950+00:00,B_sell_A_buy,6.9515,1.0515,359.44,359.46,2.463,7.354,359.71,359.92,16.5656,0.0765,0.0000062500,0.0004000000,56.1,0.1
2026-09-04T13:33:13.962+00:00,B_sell_A_buy,12.5110,6.6110,359.44,359.46,2.463,7.354,359.91,359.92,0.9014,0.0765,0.0000062500,0.0004000000,68.1,0.1
2026-09-04T13:33:14.006+00:00,B_sell_A_buy,12.5109,6.6109,359.45,359.46,22.775,7.354,359.91,359.92,0.9014,0.0765,0.0000062500,0.0004000000,0.1,45.2
2026-09-04T13:33:14.089+00:00,B_sell_A_buy,12.5108,6.6108,359.45,359.46,22.775,7.354,359.91,359.94,0.9014,0.0389,0.0000062500,0.0004000000,81.4,0.0
2026-09-04T13:33:14.089+00:00,B_sell_A_buy,12.5089,6.6089,359.45,359.46,22.775,7.354,359.91,360.15,0.9014,0.0396,0.0000062500,0.0004000000,81.5,0.1
2026-09-04T13:33:14.094+00:00,B_sell_A_buy,13.0647,7.1647,359.45,359.46,22.775,7.354,359.93,360.15,0.9635,0.0396,0.0000062500,0.0004000000,88.8,0.0
2026-09-04T13:33:14.161+00:00,B_sell_A_buy,13.3426,7.4426,359.45,359.46,22.775,7.354,359.94,360.15,0.9118,0.0396,0.0000062500,0.0004000000,154.1,0.1
2026-09-04T13:33:14.249+00:00,B_sell_A_buy,13.6205,7.7205,359.45,359.46,22.775,7.354,359.95,360.15,8.2828,0.0396,0.0000062500,0.0004000000,241.7,0.1
2026-09-04T13:33:14.263+00:00,B_sell_A_buy,13.8983,7.9983,359.45,359.46,22.775,7.354,359.96,360.15,0.9043,0.0396,0.0000062500,0.0004000000,256.5,0.0
2026-09-04T13:33:14.279+00:00,B_sell_A_buy,14.1762,8.2762,359.45,359.46,22.775,7.354,359.97,360.15,8.2828,0.0396,0.0000062500,0.0004000000,271.6,0.0
2026-09-04T13:33:14.279+00:00,B_sell_A_buy,13.8983,7.9983,359.45,359.46,22.775,7.354,359.96,360.15,0.9043,0.0396,0.0000062500,0.0004000000,271.7,0.1
2026-09-04T13:33:14.496+00:00,B_sell_A_buy,10.5619,4.6619,359.45,359.58,18.816,0.034,359.96,360.15,0.9043,0.0396,0.0000062500,0.0004000000,0.1,217.9
2026-09-04T13:33:14.496+00:00,B_sell_A_buy,10.5614,4.6614,359.51,359.58,22.619,0.034,359.96,360.15,0.9043,0.0396,0.0000062500,0.0004000000,0.1,218.0
2026-09-04T13:33:14.496+00:00,B_sell_A_buy,8.6155,2.7155,359.51,359.65,22.619,0.033,359.96,360.15,0.9043,0.0396,0.0000062500,0.0004000000,0.2,218.0
2026-09-04T13:33:14.571+00:00,B_sell_A_buy,13.6163,7.7163,359.51,359.65,22.619,0.033,360.14,360.15,1.0062,0.0396,0.0000062500,0.0004000000,74.3,0.1
2026-09-04T13:33:14.571+00:00,B_sell_A_buy,13.6151,7.7151,359.64,359.65,22.611,0.033,360.14,360.15,1.0062,0.0396,0.0000062500,0.0004000000,0.1,0.2
2026-09-04T13:33:14.571+00:00,B_sell_A_buy,9.7241,3.8241,359.64,359.79,21.806,0.634,360.14,360.15,1.0062,0.0396,0.0000062500,0.0004000000,0.1,0.2
2026-09-04T13:33:14.695+00:00,B_sell_A_buy,9.7236,3.8236,359.71,359.79,22.607,0.634,360.14,360.15,1.0062,0.0396,0.0000062500,0.0004000000,0.0,123.7
2026-09-04T13:33:14.874+00:00,B_sell_A_buy,9.7241,3.8241,359.64,359.79,82.814,0.634,360.14,360.15,1.0616,0.0396,0.0000062500,0.0004000000,115.2,0.0
2026-09-04T13:33:16.804+00:00,A_sell_B_buy,6.9499,1.0499,359.81,359.94,27.573,22.575,359.55,359.56,0.0765,8.2432,0.0000062500,0.0004000000,130.1,0.1
2026-09-04T13:33:16.844+00:00,A_sell_B_buy,6.3941,0.4941,359.82,359.87,79.901,27.7,359.55,359.59,0.0765,8.2828,0.0000062500,0.0004000000,9.5,0.0
2026-09-04T13:33:23.607+00:00,B_sell_A_buy,6.1270,0.2270,358.94,358.96,4.971,27.7,359.18,359.19,1.0668,8.2062,0.0000062500,0.0004000000,9.5,0.1
2026-09-04T13:33:23.748+00:00,B_sell_A_buy,6.1271,0.2271,358.92,358.96,0.107,27.7,359.18,359.19,1.0668,8.2062,0.0000062500,0.0004000000,0.1,141.2
2026-09-04T13:33:40.413+00:00,B_sell_A_buy,6.6823,0.7823,359.02,359.03,0.036,53.115,359.27,359.32,8.2828,1.086,0.0000062500,0.0004000000,116.0,0.0
2026-09-04T13:33:40.605+00:00,B_sell_A_buy,10.8597,4.9597,358.92,358.93,0.107,22.65,359.32,359.33,8.2828,0.9772,0.0000062500,0.0004000000,109.6,0.1
2026-09-04T13:33:40.611+00:00,B_sell_A_buy,11.4147,5.5147,358.92,358.93,0.107,22.65,359.34,359.55,7.3056,0.0766,0.0000062500,0.0004000000,115.5,0.1
2026-09-04T13:33:40.704+00:00,B_sell_A_buy,11.4147,5.5147,358.92,358.93,0.107,22.65,359.34,359.55,83.3669,0.0766,0.0000062500,0.0004000000,208.5,0.1
2026-09-04T13:33:40.704+00:00,B_sell_A_buy,9.1872,3.2872,358.88,359.01,27.605,0.548,359.34,359.55,83.3669,0.0766,0.0000062500,0.0004000000,0.1,0.2
2026-09-04T13:33:40.822+00:00,B_sell_A_buy,9.1865,3.2865,358.99,359.01,0.548,0.548,359.34,359.55,83.3669,0.0766,0.0000062500,0.0004000000,0.1,118.0
2026-09-04T13:33:40.822+00:00,B_sell_A_buy,8.9081,3.0081,358.98,359.02,8.195,4.227,359.34,359.55,83.3669,0.0766,0.0000062500,0.0004000000,0.1,118.1
2026-09-04T13:33:40.882+00:00,B_sell_A_buy,9.1864,3.2864,358.98,359.02,8.195,4.227,359.35,359.55,8.2828,0.0766,0.0000062500,0.0004000000,60.0,0.1
2026-09-04T13:33:42.447+00:00,A_sell_B_buy,6.6791,0.7791,359.45,359.46,2.782,7.095,359.19,359.21,0.0766,0.882,0.0000062500,0.0004000000,63.5,0.0
2026-09-04T13:33:42.472+00:00,A_sell_B_buy,6.9575,1.0575,359.45,359.46,2.782,7.095,359.19,359.2,0.0766,1.0258,0.0000062500,0.0004000000,89.1,0.0
2026-09-04T13:33:42.509+00:00,A_sell_B_buy,6.4010,0.5010,359.43,359.46,0.525,34.795,359.19,359.2,0.0766,1.0258,0.0000062500,0.0004000000,0.0,36.7
2026-09-04T13:33:42.579+00:00,A_sell_B_buy,6.4010,0.5010,359.43,359.46,0.525,34.795,359.19,359.2,0.0766,9.3086,0.0000062500,0.0004000000,70.5,0.0
2026-09-04T13:33:42.606+00:00,A_sell_B_buy,6.4011,0.5011,359.43,359.44,0.525,15.618,359.19,359.2,0.0766,9.3086,0.0000062500,0.0004000000,0.0,26.7
2026-09-04T13:33:49.679+00:00,B_sell_A_buy,13.6393,7.7393,358.98,359.0,27.7,35.926,359.49,359.55,8.2828,0.0766,0.0000062500,0.0004000000,456.2,0.1
2026-09-04T13:33:49.684+00:00,B_sell_A_buy,13.3611,7.4611,358.98,359.0,27.7,35.926,359.48,359.55,8.2828,0.0766,0.0000062500,0.0004000000,460.3,0.0
2026-09-04T13:33:49.765+00:00,B_sell_A_buy,7.5176,1.6176,358.93,358.94,0.547,22.647,359.21,359.55,68.6949,1.0208,0.0000062500,0.0004000000,0.1,10.6
2026-09-04T13:33:49.765+00:00,B_sell_A_buy,7.5180,1.6180,358.86,358.94,4.0,22.647,359.21,359.55,68.6949,1.0208,0.0000062500,0.0004000000,0.1,10.6
2026-09-04T13:33:49.765+00:00,B_sell_A_buy,7.2395,1.3395,358.86,358.95,4.0,27.605,359.21,359.55,68.6949,1.0208,0.0000062500,0.0004000000,0.1,10.6
2026-09-04T13:33:58.290+00:00,B_sell_A_buy,7.2389,1.3389,358.97,359.0,2.786,7.98,359.26,359.46,8.2061,0.0389,0.0000062500,0.0004000000,75.1,0.1
2026-09-04T13:33:58.290+00:00,B_sell_A_buy,6.9605,1.0605,358.97,359.0,2.786,7.98,359.25,359.46,8.2828,0.0389,0.0000062500,0.0004000000,75.2,0.1
2026-09-04T13:34:07.782+00:00,B_sell_A_buy,6.4090,0.5090,358.69,358.76,0.582,27.7,358.99,359.05,0.9834,0.9134,0.0000062500,0.0004000000,53.5,0.1
2026-09-04T13:34:07.782+00:00,B_sell_A_buy,6.6876,0.7876,358.69,358.76,0.582,27.7,359.0,359.05,0.954,0.9134,0.0000062500,0.0004000000,53.6,0.1
2026-09-04T13:34:11.333+00:00,B_sell_A_buy,6.4098,0.5098,358.65,358.7,8.245,27.605,358.93,359.03,16.1993,1.0137,0.0000062500,0.0004000000,21.2,0.0
2026-09-04T13:34:11.340+00:00,B_sell_A_buy,7.5248,1.6248,358.64,358.66,65.201,17.696,358.93,359.03,16.1993,1.0137,0.0000062500,0.0004000000,0.0,7.2
2026-09-04T13:34:11.359+00:00,B_sell_A_buy,7.5248,1.6248,358.64,358.66,65.201,17.696,358.93,359.03,17.2963,1.0137,0.0000062500,0.0004000000,19.8,0.0
2026-09-04T13:34:11.369+00:00,B_sell_A_buy,7.5248,1.6248,358.64,358.66,65.201,17.696,358.93,359.03,16.1993,1.0137,0.0000062500,0.0004000000,29.3,0.1
2026-09-04T13:34:11.386+00:00,B_sell_A_buy,7.8034,1.9034,358.64,358.66,65.201,17.696,358.94,359.03,3.2397,1.0137,0.0000062500,0.0004000000,45.9,0.0
2026-09-04T13:34:11.391+00:00,B_sell_A_buy,7.8035,1.9035,358.64,358.66,65.201,17.696,358.94,359.02,3.2397,8.2828,0.0000062500,0.0004000000,51.5,0.0
2026-09-04T13:34:11.412+00:00,B_sell_A_buy,8.0821,2.1821,358.64,358.66,65.201,17.696,358.95,359.02,1.0947,8.2828,0.0000062500,0.0004000000,71.7,0.0
2026-09-04T13:34:11.465+00:00,B_sell_A_buy,8.0822,2.1822,358.64,358.66,65.201,17.696,358.95,359.01,1.0947,1.0163,0.0000062500,0.0004000000,124.8,0.1
2026-09-04T13:34:11.466+00:00,B_sell_A_buy,8.0820,2.1820,358.64,358.66,65.201,17.696,358.95,359.03,1.0947,1.0137,0.0000062500,0.0004000000,126.8,0.0
2026-09-04T13:34:11.573+00:00,B_sell_A_buy,7.8034,1.9034,358.64,358.66,65.201,17.696,358.94,359.03,3.2397,1.0137,0.0000062500,0.0004000000,233.0,0.1
2026-09-04T13:34:15.015+00:00,B_sell_A_buy,7.2452,1.3452,358.69,358.7,44.072,22.654,358.96,359.08,0.19,0.9571,0.0000062500,0.0004000000,30.7,0.0
2026-09-04T13:34:15.056+00:00,B_sell_A_buy,7.5238,1.6238,358.69,358.7,44.072,22.654,358.97,359.08,0.1957,0.9571,0.0000062500,0.0004000000,71.4,0.1
2026-09-04T13:34:15.491+00:00,B_sell_A_buy,6.1309,0.2309,358.69,358.7,44.072,45.138,358.92,359.04,16.1993,1.0708,0.0000062500,0.0004000000,270.9,0.1
2026-09-04T13:34:35.694+00:00,B_sell_A_buy,6.1273,0.2273,358.86,358.89,8.099,22.639,359.11,359.33,8.3563,10.9256,0.0000062500,0.0004000000,86.6,0.0
2026-09-04T13:34:35.721+00:00,B_sell_A_buy,6.1274,0.2274,358.86,358.89,8.099,22.639,359.11,359.32,8.3563,1.0367,0.0000062500,0.0004000000,114.3,0.1
2026-09-04T13:34:35.748+00:00,B_sell_A_buy,6.4058,0.5058,358.86,358.89,8.099,22.639,359.12,359.32,1.0166,1.0367,0.0000062500,0.0004000000,141.6,0.1
2026-09-04T13:34:35.763+00:00,B_sell_A_buy,6.4058,0.5058,358.86,358.89,8.099,22.639,359.12,359.32,1.0166,32.5367,0.0000062500,0.0004000000,155.1,0.0
2026-09-04T13:34:35.810+00:00,B_sell_A_buy,6.4058,0.5058,358.86,358.89,8.099,8.984,359.12,359.32,1.0166,32.5367,0.0000062500,0.0004000000,0.0,47.7
2026-09-04T13:34:39.057+00:00,B_sell_A_buy,6.4065,0.5065,358.8,358.85,0.04,27.7,359.08,359.31,8.3563,0.9663,0.0000062500,0.0004000000,0.0,34.4
2026-09-04T13:34:39.066+00:00,B_sell_A_buy,6.6850,0.7850,358.8,358.85,0.04,27.7,359.09,359.31,1.0638,0.9663,0.0000062500,0.0004000000,8.7,0.0
2026-09-04T13:34:39.121+00:00,B_sell_A_buy,6.6851,0.7851,358.8,358.85,0.04,27.7,359.09,359.3,1.0638,8.3563,0.0000062500,0.0004000000,63.5,0.1
2026-09-04T13:34:39.128+00:00,B_sell_A_buy,6.6851,0.7851,358.8,358.85,0.04,27.7,359.09,359.3,1.0638,16.7126,0.0000062500,0.0004000000,71.2,0.0
2026-09-04T13:34:39.159+00:00,B_sell_A_buy,6.6851,0.7851,358.8,358.85,0.04,27.7,359.09,359.29,1.0638,0.9013,0.0000062500,0.0004000000,102.4,0.1
2026-09-04T13:34:39.233+00:00,B_sell_A_buy,6.1281,0.2281,358.8,358.85,0.04,27.7,359.07,359.29,17.2942,0.9013,0.0000062500,0.0004000000,175.7,0.1
2026-09-04T13:34:39.267+00:00,B_sell_A_buy,6.1281,0.2281,358.8,358.85,0.04,27.7,359.07,359.28,17.2942,32.0,0.0000062500,0.0004000000,210.0,0.1
2026-09-04T13:34:39.324+00:00,B_sell_A_buy,6.1281,0.2281,358.8,358.85,0.04,27.7,359.07,359.28,16.1993,32.0,0.0000062500,0.0004000000,266.6,0.1
2026-09-04T13:34:39.358+00:00,B_sell_A_buy,6.1282,0.2282,358.8,358.85,0.04,27.7,359.07,359.27,1.0311,0.9435,0.0000062500,0.0004000000,300.2,0.1
2026-09-04T13:34:42.080+00:00,B_sell_A_buy,8.0737,2.1737,359.0,359.02,27.7,6.946,359.31,359.44,8.3563,0.9139,0.0000062500,0.0004000000,120.7,0.1
2026-09-04T13:34:50.192+00:00,B_sell_A_buy,6.1257,0.2257,359.01,359.02,127.473,22.647,359.24,359.3,0.9544,0.8849,0.0000062500,0.0004000000,0.0,11.8
2026-09-04T13:34:50.261+00:00,B_sell_A_buy,6.1257,0.2257,359.01,359.02,127.473,22.647,359.24,359.29,0.9544,0.954,0.0000062500,0.0004000000,68.7,0.1
2026-09-04T13:34:50.294+00:00,B_sell_A_buy,6.1257,0.2257,359.01,359.02,127.473,22.647,359.24,359.29,0.9544,9.3103,0.0000062500,0.0004000000,101.7,0.0
2026-09-04T13:34:50.301+00:00,B_sell_A_buy,6.1257,0.2257,359.01,359.02,127.473,45.291,359.24,359.29,0.9544,9.3103,0.0000062500,0.0004000000,0.0,7.7
2026-09-04T13:34:50.338+00:00,B_sell_A_buy,6.1257,0.2257,359.01,359.02,127.473,45.291,359.24,359.29,0.9544,8.3563,0.0000062500,0.0004000000,36.7,0.1
2026-09-04T13:34:51.366+00:00,B_sell_A_buy,6.1240,0.2240,359.02,359.14,1.645,23.903,359.36,359.46,0.9229,0.0389,0.0000062500,0.0004000000,129.8,0.0
2026-09-04T13:34:51.402+00:00,B_sell_A_buy,6.1240,0.2240,359.02,359.14,1.645,23.903,359.36,359.46,0.9229,0.9321,0.0000062500,0.0004000000,165.9,0.0
2026-09-04T13:34:51.421+00:00,B_sell_A_buy,6.1239,0.2239,359.03,359.14,80.076,63.092,359.36,359.46,0.9229,0.9321,0.0000062500,0.0004000000,0.0,18.7
2026-09-04T13:34:51.524+00:00,B_sell_A_buy,7.2371,1.3371,359.03,359.14,80.076,63.092,359.4,359.46,0.909,0.0389,0.0000062500,0.0004000000,103.9,0.1
2026-09-04T13:34:51.552+00:00,B_sell_A_buy,7.5154,1.6154,359.03,359.14,80.076,63.092,359.41,359.46,8.3563,0.0389,0.0000062500,0.0004000000,131.5,0.1
2026-09-04T13:34:51.570+00:00,B_sell_A_buy,7.2371,1.3371,359.03,359.14,80.076,63.092,359.4,359.46,0.909,0.0389,0.0000062500,0.0004000000,150.1,0.0
2026-09-04T13:34:51.574+00:00,B_sell_A_buy,8.6286,2.7286,359.03,359.14,80.076,63.092,359.45,359.46,0.9425,0.0389,0.0000062500,0.0004000000,153.9,0.0
2026-09-04T13:34:51.576+00:00,B_sell_A_buy,7.2371,1.3371,359.03,359.14,80.076,63.092,359.4,359.46,0.909,0.0389,0.0000062500,0.0004000000,156.5,0.0
2026-09-04T13:34:51.576+00:00,B_sell_A_buy,7.2371,1.3371,359.03,359.14,80.076,40.45,359.4,359.46,0.909,0.0389,0.0000062500,0.0004000000,0.0,0.1
2026-09-04T13:34:51.610+00:00,B_sell_A_buy,7.5154,1.6154,359.03,359.14,80.076,40.45,359.41,359.46,1.0739,0.0389,0.0000062500,0.0004000000,33.5,0.0
2026-09-04T13:34:52.275+00:00,B_sell_A_buy,6.6783,0.7783,359.23,359.24,128.354,0.556,359.48,359.55,8.3174,0.0766,0.0000062500,0.0004000000,3.3,0.0
2026-09-04T13:34:52.287+00:00,B_sell_A_buy,8.3475,2.4475,359.23,359.24,128.354,0.556,359.54,359.55,1.0282,0.0766,0.0000062500,0.0004000000,14.6,0.0
2026-09-04T13:35:00.810+00:00,B_sell_A_buy,6.1225,0.2225,359.13,359.22,180.391,27.7,359.44,359.54,0.9557,1.0812,0.0000062500,0.0004000000,60.9,0.0
2026-09-04T13:35:00.825+00:00,B_sell_A_buy,6.1225,0.2225,359.13,359.22,180.391,27.7,359.44,359.54,0.9557,9.4375,0.0000062500,0.0004000000,74.5,0.0
2026-09-04T13:35:00.839+00:00,B_sell_A_buy,6.1225,0.2225,359.13,359.22,180.391,27.7,359.44,359.54,0.9557,1.0812,0.0000062500,0.0004000000,89.4,0.0
2026-09-04T13:35:00.839+00:00,B_sell_A_buy,6.1224,0.2224,359.13,359.22,180.391,27.7,359.44,359.55,0.9557,0.0766,0.0000062500,0.0004000000,89.4,0.1
2026-09-04T13:35:00.848+00:00,B_sell_A_buy,6.1224,0.2224,359.13,359.22,180.391,27.7,359.44,359.55,22.5548,0.0766,0.0000062500,0.0004000000,98.8,0.0
2026-09-04T13:35:00.865+00:00,B_sell_A_buy,6.1225,0.2225,359.13,359.22,180.391,27.7,359.44,359.53,22.5548,0.2758,0.0000062500,0.0004000000,115.1,0.0
2026-09-04T13:35:00.921+00:00,B_sell_A_buy,7.5130,1.6130,359.19,359.25,13.7,22.219,359.52,359.55,0.8954,0.0766,0.0000062500,0.0004000000,23.8,0.0
2026-09-04T13:35:00.973+00:00,B_sell_A_buy,7.5130,1.6130,359.19,359.25,13.7,22.219,359.52,359.55,9.2517,0.0766,0.0000062500,0.0004000000,76.2,0.0
2026-09-04T13:35:00.973+00:00,B_sell_A_buy,8.0694,2.1694,359.19,359.25,13.7,22.219,359.54,359.55,0.8792,0.0766,0.0000062500,0.0004000000,76.3,0.1
2026-09-04T13:35:00.988+00:00,B_sell_A_buy,6.6777,0.7777,359.24,359.3,101.502,7.088,359.54,359.55,0.8792,0.0766,0.0000062500,0.0004000000,0.0,15.0
2026-09-04T13:35:00.993+00:00,B_sell_A_buy,7.2337,1.3337,359.24,359.3,101.502,7.088,359.56,359.61,8.2797,8.3563,0.0000062500,0.0004000000,4.7,0.0
2026-09-04T13:35:00.997+00:00,B_sell_A_buy,6.6774,0.7774,359.24,359.3,101.502,7.088,359.54,359.61,0.8792,8.3563,0.0000062500,0.0004000000,8.7,0.0
2026-09-04T13:35:01.002+00:00,B_sell_A_buy,6.6772,0.7772,359.24,359.3,101.502,7.088,359.54,359.64,0.8792,0.0396,0.0000062500,0.0004000000,13.1,0.0
2026-09-04T13:35:01.022+00:00,B_sell_A_buy,6.6774,0.7774,359.24,359.3,101.502,7.088,359.54,359.6,0.8792,0.9901,0.0000062500,0.0004000000,34.1,0.0
2026-09-04T13:35:01.028+00:00,B_sell_A_buy,6.1211,0.2211,359.24,359.3,101.502,7.088,359.52,359.6,17.0947,0.9901,0.0000062500,0.0004000000,40.5,0.0
2026-09-04T13:35:01.060+00:00,B_sell_A_buy,6.6774,0.7774,359.24,359.3,101.502,7.088,359.54,359.6,16.1993,0.9901,0.0000062500,0.0004000000,71.5,0.0
2026-09-04T13:35:01.079+00:00,B_sell_A_buy,6.6773,0.7773,359.24,359.3,101.502,7.088,359.54,359.63,16.1993,0.27,0.0000062500,0.0004000000,90.4,0.0
2026-09-04T13:35:01.120+00:00,B_sell_A_buy,6.6774,0.7774,359.24,359.3,101.502,7.088,359.54,359.6,16.1993,1.0598,0.0000062500,0.0004000000,131.9,0.0
2026-09-04T13:35:01.125+00:00,B_sell_A_buy,6.6773,0.7773,359.24,359.3,101.502,7.088,359.54,359.63,16.1993,0.27,0.0000062500,0.0004000000,136.5,0.0
2026-09-04T13:35:01.140+00:00,B_sell_A_buy,6.6772,0.7772,359.24,359.3,101.502,7.088,359.54,359.64,16.1993,0.0396,0.0000062500,0.0004000000,151.1,0.0
2026-09-04T13:35:01.148+00:00,B_sell_A_buy,6.6773,0.7773,359.24,359.3,101.502,7.088,359.54,359.63,16.1993,1.0212,0.0000062500,0.0004000000,159.0,0.0
2026-09-04T13:35:01.191+00:00,B_sell_A_buy,6.6771,0.7771,359.28,359.3,0.167,7.088,359.54,359.63,16.1993,1.0212,0.0000062500,0.0004000000,0.1,44.1
2026-09-04T13:35:01.205+00:00,B_sell_A_buy,6.1208,0.2208,359.28,359.3,0.167,7.088,359.52,359.63,16.1993,1.0212,0.0000062500,0.0004000000,14.0,0.1
2026-09-04T13:35:09.491+00:00,B_sell_A_buy,7.2376,1.3376,359.06,359.08,8.099,13.787,359.34,359.46,8.3563,8.3563,0.0000062500,0.0004000000,15.4,0.1
2026-09-04T13:35:09.711+00:00,B_sell_A_buy,6.1239,0.2239,359.06,359.08,10.884,11.002,359.3,359.55,1.0932,0.0766,0.0000062500,0.0004000000,96.8,0.1
2026-09-04T13:35:09.771+00:00,B_sell_A_buy,6.1240,0.2240,359.06,359.08,10.884,11.002,359.3,359.54,1.0932,8.3563,0.0000062500,0.0004000000,156.2,0.1
2026-09-04T13:35:09.771+00:00,B_sell_A_buy,6.1240,0.2240,359.06,359.08,10.884,11.002,359.3,359.54,1.0932,16.7126,0.0000062500,0.0004000000,156.3,0.1
2026-09-04T13:35:10.310+00:00,B_sell_A_buy,6.1237,0.2237,359.07,359.11,10.071,3.798,359.33,359.54,8.3563,31.8,0.0000062500,0.0004000000,486.5,0.1
2026-09-04T13:35:10.365+00:00,B_sell_A_buy,6.4020,0.5020,359.07,359.11,10.071,3.798,359.34,359.54,0.9888,31.8,0.0000062500,0.0004000000,540.7,0.0
2026-09-04T13:35:10.405+00:00,B_sell_A_buy,6.4020,0.5020,359.07,359.11,10.071,3.798,359.34,359.54,0.9888,42.7306,0.0000062500,0.0004000000,581.3,0.1
2026-09-04T13:35:10.410+00:00,B_sell_A_buy,6.6803,0.7803,359.07,359.11,10.071,3.798,359.35,359.54,8.3563,10.9306,0.0000062500,0.0004000000,586.8,0.0
2026-09-04T13:35:10.410+00:00,B_sell_A_buy,6.6803,0.7803,359.07,359.11,10.071,3.798,359.35,359.53,8.3563,8.3563,0.0000062500,0.0004000000,586.9,0.1
2026-09-04T13:35:13.438+00:00,B_sell_A_buy,9.4532,3.5532,359.44,359.48,9.858,2.782,359.82,359.92,8.3563,0.0395,0.0000062500,0.0004000000,115.4,0.0
2026-09-04T13:35:13.439+00:00,B_sell_A_buy,6.9513,1.0513,359.44,359.48,9.858,2.782,359.73,359.92,8.3563,0.0395,0.0000062500,0.0004000000,117.4,0.0
2026-09-04T13:35:13.614+00:00,B_sell_A_buy,11.9551,6.0551,359.41,359.48,79.992,9.854,359.91,359.92,1.0737,0.0395,0.0000062500,0.0004000000,60.7,0.1
2026-09-04T13:35:13.614+00:00,B_sell_A_buy,11.3984,5.4984,359.47,359.5,27.866,30.278,359.91,359.92,1.0737,0.0395,0.0000062500,0.0004000000,0.1,0.2
2026-09-04T13:35:13.636+00:00,B_sell_A_buy,11.3984,5.4984,359.47,359.5,27.866,30.278,359.91,359.92,9.43,0.0395,0.0000062500,0.0004000000,22.0,0.0
2026-09-04T13:35:13.638+00:00,B_sell_A_buy,11.3984,5.4984,359.47,359.5,27.866,30.278,359.91,359.92,1.0737,0.0395,0.0000062500,0.0004000000,24.2,0.0
2026-09-04T13:35:13.769+00:00,B_sell_A_buy,11.3984,5.4984,359.47,359.5,27.866,30.278,359.91,359.92,9.43,0.0395,0.0000062500,0.0004000000,155.7,0.1
2026-09-04T13:35:13.773+00:00,B_sell_A_buy,11.3984,5.4984,359.47,359.5,27.866,30.278,359.91,359.92,1.0737,0.0395,0.0000062500,0.0004000000,159.2,0.0
2026-09-04T13:35:13.794+00:00,B_sell_A_buy,11.3982,5.4982,359.49,359.5,22.77,0.078,359.91,359.92,1.0737,0.0395,0.0000062500,0.0004000000,0.0,21.1
2026-09-04T13:35:13.906+00:00,B_sell_A_buy,11.3982,5.4982,359.49,359.5,45.371,0.078,359.91,359.92,1.0737,0.0395,0.0000062500,0.0004000000,0.0,133.2
2026-09-04T13:35:13.940+00:00,B_sell_A_buy,7.2274,1.3274,359.49,359.65,45.537,0.033,359.91,359.92,1.0737,0.0395,0.0000062500,0.0004000000,0.0,167.5
2026-09-04T13:35:14.058+00:00,B_sell_A_buy,7.2273,1.3273,359.49,359.65,45.537,0.033,359.91,359.94,1.0737,0.0389,0.0000062500,0.0004000000,118.0,0.0
2026-09-04T13:35:14.072+00:00,B_sell_A_buy,7.7831,1.8831,359.49,359.65,45.537,0.033,359.93,359.94,0.9629,0.0389,0.0000062500,0.0004000000,132.4,0.0
2026-09-04T13:35:14.405+00:00,B_sell_A_buy,6.1121,0.2121,359.79,359.8,27.7,0.119,360.02,360.15,8.3563,0.0396,0.0000062500,0.0004000000,267.6,0.1
2026-09-04T13:35:14.499+00:00,B_sell_A_buy,7.2232,1.3232,359.79,359.8,27.7,0.119,360.06,360.15,8.3563,0.0396,0.0000062500,0.0004000000,362.1,0.1
2026-09-04T13:35:16.708+00:00,B_sell_A_buy,6.1075,0.2075,360.03,360.08,11.781,12.756,360.3,360.43,8.3563,0.0389,0.0000062500,0.0004000000,80.4,0.1
2026-09-04T13:35:16.763+00:00,B_sell_A_buy,6.3851,0.4851,360.03,360.08,11.781,12.756,360.31,360.43,0.998,0.0389,0.0000062500,0.0004000000,135.7,0.1
2026-09-04T13:35:16.768+00:00,B_sell_A_buy,6.3850,0.4850,360.05,360.08,2.567,12.756,360.31,360.43,0.998,0.0389,0.0000062500,0.0004000000,0.0,4.6
2026-09-04T13:35:16.800+00:00,B_sell_A_buy,6.9402,1.0402,360.05,360.08,2.567,12.756,360.33,360.43,8.3563,0.0389,0.0000062500,0.0004000000,32.1,0.1
2026-09-04T13:35:16.802+00:00,B_sell_A_buy,6.3850,0.4850,360.05,360.08,2.567,12.756,360.31,360.43,0.998,0.0389,0.0000062500,0.0004000000,34.1,0.0
2026-09-04T13:35:16.805+00:00,B_sell_A_buy,6.3851,0.4851,360.03,360.08,27.605,12.756,360.31,360.43,0.998,0.0389,0.0000062500,0.0004000000,0.0,3.4
2026-09-04T13:35:16.876+00:00,B_sell_A_buy,6.6627,0.7627,360.03,360.08,27.605,12.756,360.32,360.43,8.3563,0.0389,0.0000062500,0.0004000000,70.8,0.0
2026-09-04T13:35:16.900+00:00,B_sell_A_buy,6.3849,0.4849,360.07,360.09,10.856,12.569,360.32,360.43,8.3563,0.0389,0.0000062500,0.0004000000,0.0,24.3
2026-09-04T13:35:16.917+00:00,B_sell_A_buy,6.1073,0.2073,360.07,360.09,10.856,12.569,360.31,360.43,0.998,0.0389,0.0000062500,0.0004000000,17.0,0.1
2026-09-04T13:35:19.963+00:00,B_sell_A_buy,6.3840,0.4840,360.06,360.19,52.069,11.374,360.42,360.43,0.9741,0.0389,0.0000062500,0.0004000000,14.3,0.0
2026-09-04T13:35:20.031+00:00,B_sell_A_buy,6.3840,0.4840,360.06,360.19,52.069,11.374,360.42,360.43,0.9688,0.0389,0.0000062500,0.0004000000,82.1,0.0
2026-09-04T13:35:20.074+00:00,B_sell_A_buy,6.6608,0.7608,360.06,360.19,52.069,11.374,360.43,360.59,8.3174,0.2734,0.0000062500,0.0004000000,124.7,0.0
2026-09-04T13:35:20.531+00:00,B_sell_A_buy,6.3811,0.4811,360.17,360.35,27.7,4.957,360.58,360.65,8.3563,0.0764,0.0000062500,0.0004000000,13.1,0.0
2026-09-04T13:35:22.747+00:00,B_sell_A_buy,6.9321,1.0321,360.47,360.48,19.813,0.029,360.73,360.89,8.3563,0.2691,0.0000062500,0.0004000000,0.1,0.1
2026-09-04T13:35:24.667+00:00,B_sell_A_buy,6.3750,0.4750,360.65,360.67,2.773,1.165,360.9,360.91,1.0106,0.0388,0.0000062500,0.0004000000,108.9,0.0
2026-09-04T13:35:24.792+00:00,B_sell_A_buy,6.6526,0.7526,360.58,360.66,27.69,20.456,360.9,360.91,1.0106,0.0388,0.0000062500,0.0004000000,0.0,125.7
2026-09-04T13:35:24.802+00:00,B_sell_A_buy,6.6521,0.7521,360.58,360.66,27.69,20.456,360.9,361.02,1.0106,0.0763,0.0000062500,0.0004000000,9.3,0.1
2026-09-04T13:35:24.802+00:00,B_sell_A_buy,6.9292,1.0292,360.58,360.66,27.69,20.456,360.91,361.02,8.3563,0.0763,0.0000062500,0.0004000000,9.4,0.1
2026-09-04T13:35:24.802+00:00,B_sell_A_buy,9.7002,3.8002,360.58,360.66,27.69,20.456,361.01,361.02,1.0266,0.0763,0.0000062500,0.0004000000,9.4,0.2
2026-09-04T13:35:24.838+00:00,B_sell_A_buy,10.2546,4.3546,360.58,360.64,27.69,20.456,361.01,361.02,1.0266,0.0763,0.0000062500,0.0004000000,0.0,36.6
2026-09-04T13:35:24.892+00:00,B_sell_A_buy,10.2545,4.3545,360.6,360.64,2.773,40.912,361.01,361.02,1.0266,0.0763,0.0000062500,0.0004000000,0.0,90.8
2026-09-04T13:35:24.901+00:00,B_sell_A_buy,10.2545,4.3545,360.6,360.64,2.773,40.912,361.01,361.02,9.3829,0.0763,0.0000062500,0.0004000000,9.0,0.0
2026-09-04T13:35:24.905+00:00,B_sell_A_buy,10.2545,4.3545,360.6,360.64,2.773,40.912,361.01,361.02,1.0266,0.0763,0.0000062500,0.0004000000,13.3,0.0
2026-09-04T13:35:25.160+00:00,B_sell_A_buy,10.2535,4.3535,360.6,360.64,2.773,40.912,361.01,361.16,1.0266,0.0395,0.0000062500,0.0004000000,267.5,0.1
2026-09-04T13:35:25.160+00:00,B_sell_A_buy,10.5305,4.6305,360.6,360.64,2.773,40.912,361.02,361.16,1.041,0.0395,0.0000062500,0.0004000000,267.6,0.2
2026-09-04T13:35:25.160+00:00,B_sell_A_buy,12.1928,6.2928,360.6,360.64,2.773,40.912,361.08,361.16,8.3563,0.0395,0.0000062500,0.0004000000,267.6,0.2
2026-09-04T13:35:25.160+00:00,B_sell_A_buy,10.5305,4.6305,360.6,360.64,2.773,40.912,361.02,361.16,1.041,0.0395,0.0000062500,0.0004000000,267.6,0.3
2026-09-04T13:35:25.262+00:00,B_sell_A_buy,14.1318,8.2318,360.6,360.64,2.773,40.912,361.15,361.16,0.9787,0.0395,0.0000062500,0.0004000000,369.5,0.1
2026-09-04T13:35:25.266+00:00,B_sell_A_buy,10.5305,4.6305,360.6,360.64,2.773,40.912,361.02,361.16,1.041,0.0395,0.0000062500,0.0004000000,374.0,0.0
2026-09-04T13:35:25.378+00:00,B_sell_A_buy,10.5305,4.6305,360.6,360.64,2.773,81.824,361.02,361.16,1.041,0.0395,0.0000062500,0.0004000000,0.1,112.1
2026-09-04T13:35:25.378+00:00,B_sell_A_buy,9.6989,3.7989,360.62,360.67,36.761,0.072,361.02,361.16,1.041,0.0395,0.0000062500,0.0004000000,0.2,112.2
2026-09-04T13:35:25.382+00:00,B_sell_A_buy,9.9759,4.0759,360.62,360.67,36.761,0.072,361.03,361.16,8.3563,0.0395,0.0000062500,0.0004000000,4.8,0.0
2026-09-04T13:35:25.416+00:00,B_sell_A_buy,10.2529,4.3529,360.62,360.67,36.761,0.072,361.04,361.16,1.0012,0.0395,0.0000062500,0.0004000000,37.4,0.1
2026-09-04T13:35:25.440+00:00,B_sell_A_buy,10.2526,4.3526,360.66,360.67,1.284,0.072,361.04,361.16,1.0012,0.0395,0.0000062500,0.0004000000,0.1,24.7
2026-09-04T13:35:25.440+00:00,B_sell_A_buy,10.2526,4.3526,360.66,360.67,22.753,0.072,361.04,361.16,1.0012,0.0395,0.0000062500,0.0004000000,0.2,24.8
2026-09-04T13:35:25.925+00:00,B_sell_A_buy,6.0935,0.1935,360.92,360.93,110.8,0.514,361.15,361.16,0.9139,0.0395,0.0000062500,0.0004000000,53.5,0.0
2026-09-04T13:35:25.934+00:00,B_sell_A_buy,6.0935,0.1935,360.92,360.93,110.8,0.357,361.15,361.16,0.9139,0.0395,0.0000062500,0.0004000000,0.0,9.7
2026-09-04T13:35:26.025+00:00,B_sell_A_buy,6.0935,0.1935,360.92,360.93,111.626,0.357,361.15,361.16,0.9139,0.0395,0.0000062500,0.0004000000,0.1,100.2
2026-09-04T13:35:26.078+00:00,B_sell_A_buy,6.0935,0.1935,360.92,360.93,99.724,0.357,361.15,361.16,0.9139,0.0395,0.0000062500,0.0004000000,0.1,153.2
2026-09-04T13:35:26.164+00:00,B_sell_A_buy,6.0935,0.1935,360.92,360.93,92.033,0.357,361.15,361.16,0.9139,0.0395,0.0000062500,0.0004000000,0.1,239.7
2026-09-04T13:35:26.322+00:00,B_sell_A_buy,6.0925,0.1925,360.92,360.94,122.205,0.03,361.16,361.39,0.9985,68.7712,0.0000062500,0.0004000000,113.1,0.0
2026-09-04T13:35:26.385+00:00,B_sell_A_buy,6.0925,0.1925,360.92,360.94,122.205,0.03,361.16,361.38,0.9985,8.3563,0.0000062500,0.0004000000,175.1,0.1
2026-09-04T13:35:26.428+00:00,B_sell_A_buy,6.0925,0.1925,360.92,360.94,122.205,0.03,361.16,361.38,0.9985,16.7126,0.0000062500,0.0004000000,218.4,0.1
2026-09-04T13:35:26.459+00:00,B_sell_A_buy,6.0925,0.1925,360.93,360.94,77.911,0.03,361.16,361.38,0.9985,16.7126,0.0000062500,0.0004000000,0.1,31.6
2026-09-04T13:35:26.593+00:00,B_sell_A_buy,6.0925,0.1925,360.93,360.94,108.382,0.03,361.16,361.38,0.9985,16.7126,0.0000062500,0.0004000000,0.1,166.2
2026-09-04T13:35:26.629+00:00,B_sell_A_buy,6.0925,0.1925,360.93,360.94,158.759,0.03,361.16,361.38,0.9985,16.7126,0.0000062500,0.0004000000,0.1,201.8
2026-09-04T13:35:26.796+00:00,B_sell_A_buy,6.0925,0.1925,360.93,360.94,133.951,0.03,361.16,361.38,0.9985,16.7126,0.0000062500,0.0004000000,0.1,367.8
2026-09-04T13:35:26.798+00:00,B_sell_A_buy,6.3693,0.4693,360.93,360.94,133.951,0.03,361.17,361.38,8.3563,16.7126,0.0000062500,0.0004000000,3.1,0.1
2026-09-04T13:35:26.856+00:00,B_sell_A_buy,6.6462,0.7462,360.93,360.94,133.951,0.03,361.18,361.38,0.9279,16.7126,0.0000062500,0.0004000000,61.4,0.0
2026-09-04T13:35:26.910+00:00,B_sell_A_buy,6.6462,0.7462,360.93,360.94,233.235,0.03,361.18,361.38,0.9279,16.7126,0.0000062500,0.0004000000,0.0,53.6
2026-09-04T13:35:29.117+00:00,B_sell_A_buy,7.4742,1.5742,361.1,361.11,2.769,0.122,361.38,361.39,0.9734,0.0763,0.0000062500,0.0004000000,213.4,0.1
2026-09-04T13:35:29.196+00:00,B_sell_A_buy,7.4742,1.5742,361.1,361.11,22.295,0.122,361.38,361.39,0.9734,0.0763,0.0000062500,0.0004000000,0.1,79.7
2026-09-04T13:35:29.212+00:00,B_sell_A_buy,7.4742,1.5742,361.1,361.11,12.671,7.734,361.38,361.39,0.9734,0.0763,0.0000062500,0.0004000000,0.1,95.6
2026-09-04T13:35:29.324+00:00,B_sell_A_buy,7.4742,1.5742,361.1,361.11,12.555,7.734,361.38,361.39,0.9734,0.0763,0.0000062500,0.0004000000,0.1,208.2
2026-09-04T13:35:29.342+00:00,B_sell_A_buy,7.4742,1.5742,361.1,361.11,50.041,7.734,361.38,361.39,0.9734,0.0763,0.0000062500,0.0004000000,0.0,225.5
2026-09-04T13:35:29.455+00:00,B_sell_A_buy,7.4742,1.5742,361.1,361.11,188.936,7.239,361.38,361.39,0.9734,0.0763,0.0000062500,0.0004000000,0.1,337.7
2026-09-04T13:35:29.455+00:00,B_sell_A_buy,7.4742,1.5742,361.1,361.11,130.767,7.239,361.38,361.39,0.9734,0.0763,0.0000062500,0.0004000000,0.1,337.8
2026-09-04T13:35:29.459+00:00,B_sell_A_buy,7.4741,1.5741,361.1,361.11,130.767,7.239,361.38,361.4,0.9734,0.0387,0.0000062500,0.0004000000,4.2,0.0
2026-09-04T13:35:29.477+00:00,B_sell_A_buy,8.3029,2.4029,361.1,361.11,130.767,7.239,361.41,361.66,8.3176,0.27,0.0000062500,0.0004000000,22.6,0.1
2026-09-04T13:35:29.495+00:00,B_sell_A_buy,7.7495,1.8495,361.1,361.11,130.767,7.239,361.39,361.66,1.0656,0.27,0.0000062500,0.0004000000,40.5,0.0
2026-09-04T13:35:29.507+00:00,B_sell_A_buy,7.7495,1.8495,361.1,361.11,213.153,7.239,361.39,361.66,1.0656,0.27,0.0000062500,0.0004000000,0.0,12.3
2026-09-04T13:35:29.512+00:00,B_sell_A_buy,8.0262,2.1262,361.1,361.11,213.153,7.239,361.4,361.66,8.3563,0.27,0.0000062500,0.0004000000,4.7,0.0
2026-09-04T13:35:29.516+00:00,B_sell_A_buy,7.7495,1.8495,361.1,361.11,213.153,7.239,361.39,361.66,1.0656,0.27,0.0000062500,0.0004000000,9.0,0.0
2026-09-04T13:35:29.516+00:00,B_sell_A_buy,8.0262,2.1262,361.1,361.11,213.153,7.239,361.4,361.66,0.9687,0.27,0.0000062500,0.0004000000,9.0,0.1
2026-09-04T13:35:29.584+00:00,B_sell_A_buy,9.4097,3.5097,361.1,361.11,213.153,7.239,361.45,361.66,8.3563,0.27,0.0000062500,0.0004000000,77.7,0.1
2026-09-04T13:35:29.584+00:00,B_sell_A_buy,8.0262,2.1262,361.1,361.11,213.153,7.239,361.4,361.66,0.9687,0.27,0.0000062500,0.0004000000,77.8,0.2
2026-09-04T13:35:31.615+00:00,B_sell_A_buy,6.9213,1.0213,360.97,361.04,89.748,110.8,361.29,361.51,0.9,68.6949,0.0000062500,0.0004000000,6.9,0.1
2026-09-04T13:35:31.626+00:00,B_sell_A_buy,6.9214,1.0214,360.97,361.04,89.748,110.8,361.29,361.5,0.9,8.3563,0.0000062500,0.0004000000,18.1,0.0
2026-09-04T13:35:31.659+00:00,B_sell_A_buy,6.9212,1.0212,360.97,361.04,89.748,110.8,361.29,361.53,0.9,0.27,0.0000062500,0.0004000000,50.7,0.1
2026-09-04T13:35:31.667+00:00,B_sell_A_buy,6.9213,1.0213,360.97,361.04,89.748,110.8,361.29,361.51,0.9,10.9679,0.0000062500,0.0004000000,58.1,0.1
2026-09-04T13:35:31.713+00:00,B_sell_A_buy,7.1981,1.2981,360.97,361.04,89.748,110.8,361.3,361.51,8.3563,10.9679,0.0000062500,0.0004000000,104.7,0.0
2026-09-04T13:35:31.715+00:00,B_sell_A_buy,7.1981,1.2981,360.97,361.04,89.748,110.8,361.3,361.51,9.3603,10.9679,0.0000062500,0.0004000000,106.7,0.0
2026-09-04T13:35:31.753+00:00,B_sell_A_buy,7.1981,1.2981,360.97,361.04,89.748,110.8,361.3,361.51,1.004,10.9679,0.0000062500,0.0004000000,144.1,0.0
2026-09-04T13:35:31.773+00:00,B_sell_A_buy,7.4749,1.5749,360.97,361.04,89.748,110.8,361.31,361.51,0.8961,10.9679,0.0000062500,0.0004000000,164.8,0.0
2026-09-04T13:35:31.800+00:00,B_sell_A_buy,7.1981,1.2981,360.97,361.04,89.748,110.8,361.3,361.51,1.004,10.9679,0.0000062500,0.0004000000,191.4,0.0
2026-09-04T13:35:31.812+00:00,B_sell_A_buy,7.4749,1.5749,360.97,361.04,89.748,110.8,361.31,361.51,0.9732,10.9679,0.0000062500,0.0004000000,204.0,0.0
2026-09-04T13:35:31.825+00:00,B_sell_A_buy,7.4750,1.5750,360.97,361.04,89.748,110.8,361.31,361.5,0.9732,8.3563,0.0000062500,0.0004000000,216.8,0.0
2026-09-04T13:35:31.867+00:00,B_sell_A_buy,7.7518,1.8518,360.97,361.04,89.748,110.8,361.32,361.5,0.8986,8.3563,0.0000062500,0.0004000000,258.8,0.0
2026-09-04T13:35:31.867+00:00,B_sell_A_buy,8.5823,2.6823,361.0,361.01,85.584,27.7,361.32,361.5,0.8986,8.3563,0.0000062500,0.0004000000,0.1,0.1
2026-09-04T13:35:32.454+00:00,B_sell_A_buy,7.4729,1.5729,361.14,361.16,19.84,27.605,361.43,361.5,1.0262,8.3563,0.0000062500,0.0004000000,29.7,0.0
2026-09-04T13:35:32.461+00:00,B_sell_A_buy,7.4727,1.5727,361.14,361.16,19.84,27.605,361.43,361.53,1.0262,0.27,0.0000062500,0.0004000000,36.9,0.0
2026-09-04T13:35:33.224+00:00,B_sell_A_buy,7.7468,1.8468,361.24,361.28,5.191,7.741,361.56,361.67,8.3563,0.0394,0.0000062500,0.0004000000,203.3,0.0
2026-09-04T13:35:33.228+00:00,B_sell_A_buy,6.3637,0.4637,361.24,361.28,5.191,7.741,361.51,361.67,0.9727,0.0394,0.0000062500,0.0004000000,206.6,0.0
2026-09-04T13:35:33.236+00:00,B_sell_A_buy,6.3636,0.4636,361.26,361.28,22.507,7.741,361.51,361.67,0.9727,0.0394,0.0000062500,0.0004000000,0.0,8.0
2026-09-04T13:35:33.394+00:00,B_sell_A_buy,6.0885,0.1885,361.14,361.19,2.567,27.7,361.41,361.6,0.9353,10.9692,0.0000062500,0.0004000000,0.0,7.1
2026-09-04T13:35:33.396+00:00,B_sell_A_buy,8.0254,2.1254,361.14,361.19,2.567,27.7,361.48,361.6,1.0196,10.9692,0.0000062500,0.0004000000,2.1,0.0
2026-09-04T13:35:33.404+00:00,B_sell_A_buy,8.3021,2.4021,361.14,361.19,2.567,27.7,361.49,361.6,0.9579,10.9692,0.0000062500,0.0004000000,9.3,0.1
2026-09-04T13:35:33.411+00:00,B_sell_A_buy,6.0885,0.1885,361.14,361.19,2.567,27.7,361.41,361.6,0.9353,10.9692,0.0000062500,0.0004000000,15.9,0.0
2026-09-04T13:35:33.421+00:00,B_sell_A_buy,8.5788,2.6788,361.14,361.19,2.567,27.7,361.5,361.6,1.0874,10.9692,0.0000062500,0.0004000000,25.9,0.1
2026-09-04T13:35:33.430+00:00,B_sell_A_buy,6.0885,0.1885,361.14,361.19,2.567,27.7,361.41,361.6,0.9353,10.9692,0.0000062500,0.0004000000,34.9,0.0
2026-09-04T13:35:33.451+00:00,B_sell_A_buy,8.3021,2.4021,361.14,361.19,2.567,27.7,361.49,361.6,8.3563,10.9692,0.0000062500,0.0004000000,57.1,0.0
2026-09-04T13:35:33.465+00:00,B_sell_A_buy,6.0885,0.1885,361.14,361.19,2.567,27.7,361.41,361.6,0.9353,10.9692,0.0000062500,0.0004000000,70.4,0.0
2026-09-04T13:35:33.537+00:00,B_sell_A_buy,9.1321,3.2321,361.14,361.19,2.567,27.7,361.52,361.6,0.8952,10.9692,0.0000062500,0.0004000000,142.4,0.0
2026-09-04T13:35:33.537+00:00,B_sell_A_buy,9.6854,3.7854,361.14,361.19,2.567,27.7,361.54,361.6,0.8825,10.9692,0.0000062500,0.0004000000,142.4,0.1
2026-09-04T13:35:33.557+00:00,B_sell_A_buy,9.6850,3.7850,361.14,361.19,2.567,27.7,361.54,361.67,0.8825,0.0394,0.0000062500,0.0004000000,163.4,0.0
2026-09-04T13:35:33.627+00:00,B_sell_A_buy,9.6850,3.7850,361.14,361.19,2.567,27.7,361.54,361.66,0.8825,8.3563,0.0000062500,0.0004000000,233.2,0.0
2026-09-04T13:35:33.665+00:00,B_sell_A_buy,9.9617,4.0617,361.14,361.19,2.567,27.7,361.55,361.66,1.0748,8.3563,0.0000062500,0.0004000000,270.6,0.0
2026-09-04T13:35:33.665+00:00,B_sell_A_buy,9.4079,3.5079,361.17,361.21,79.602,27.7,361.55,361.66,1.0748,8.3563,0.0000062500,0.0004000000,0.1,0.1
2026-09-04T13:35:33.692+00:00,B_sell_A_buy,9.6846,3.7846,361.17,361.21,79.602,27.7,361.56,361.66,0.9987,8.3563,0.0000062500,0.0004000000,27.1,0.0
2026-09-04T13:35:33.692+00:00,B_sell_A_buy,9.9612,4.0612,361.17,361.21,79.602,27.7,361.57,361.66,0.924,8.3563,0.0000062500,0.0004000000,27.2,0.1
2026-09-04T13:35:33.694+00:00,B_sell_A_buy,10.2378,4.3378,361.17,361.21,79.602,27.7,361.58,361.66,1.0816,8.3563,0.0000062500,0.0004000000,29.7,0.0
2026-09-04T13:35:33.698+00:00,B_sell_A_buy,10.5144,4.6144,361.17,361.21,79.602,27.7,361.59,361.66,0.9114,8.3563,0.0000062500,0.0004000000,33.5,0.0
2026-09-04T13:35:33.712+00:00,B_sell_A_buy,10.5144,4.6144,361.17,361.21,79.602,27.7,361.59,361.66,0.9114,16.7126,0.0000062500,0.0004000000,47.3,0.0
2026-09-04T13:35:33.751+00:00,B_sell_A_buy,10.2378,4.3378,361.15,361.22,20.59,7.401,361.59,361.66,0.9114,16.7126,0.0000062500,0.0004000000,0.0,38.7
2026-09-04T13:35:33.813+00:00,B_sell_A_buy,9.1313,3.2313,361.15,361.22,20.59,7.401,361.55,361.66,1.0748,16.7126,0.0000062500,0.0004000000,62.1,0.1
2026-09-04T13:35:33.861+00:00,B_sell_A_buy,9.1309,3.2309,361.21,361.22,28.244,7.401,361.55,361.66,1.0748,16.7126,0.0000062500,0.0004000000,0.0,48.4
2026-09-04T13:35:33.907+00:00,B_sell_A_buy,7.7477,1.8477,361.21,361.22,28.244,7.401,361.5,361.66,8.3563,16.7126,0.0000062500,0.0004000000,45.7,0.1
2026-09-04T13:35:34.016+00:00,B_sell_A_buy,7.7477,1.8477,361.21,361.22,28.244,7.401,361.5,361.66,0.9141,16.7126,0.0000062500,0.0004000000,154.7,0.1
2026-09-04T13:35:34.409+00:00,B_sell_A_buy,6.3623,0.4623,361.3,361.41,55.4,4.942,361.64,361.67,0.9892,0.0394,0.0000062500,0.0004000000,246.8,0.0
2026-09-04T13:35:34.950+00:00,B_sell_A_buy,6.0853,0.1853,361.4,361.41,147.634,4.942,361.63,361.67,1.0227,0.0394,0.0000062500,0.0004000000,25.9,0.1
2026-09-04T13:35:34.962+00:00,B_sell_A_buy,6.6384,0.7384,361.4,361.41,147.634,4.942,361.65,361.67,0.8962,0.0394,0.0000062500,0.0004000000,38.8,0.1
2026-09-04T13:35:34.967+00:00,B_sell_A_buy,6.9150,1.0150,361.4,361.41,147.634,4.942,361.66,361.67,1.0897,0.0394,0.0000062500,0.0004000000,43.9,0.1
2026-09-04T13:35:34.972+00:00,B_sell_A_buy,6.6384,0.7384,361.4,361.41,147.634,4.942,361.65,361.67,0.8962,0.0394,0.0000062500,0.0004000000,48.7,0.0
2026-09-04T13:35:34.989+00:00,B_sell_A_buy,6.9150,1.0150,361.4,361.41,147.634,4.942,361.66,361.67,0.9593,0.0394,0.0000062500,0.0004000000,64.8,0.1
2026-09-04T13:35:35.084+00:00,B_sell_A_buy,6.3619,0.4619,361.4,361.41,147.634,4.942,361.64,361.67,0.8834,0.0394,0.0000062500,0.0004000000,160.6,0.1
2026-09-04T13:35:35.117+00:00,B_sell_A_buy,6.3619,0.4619,361.4,361.41,175.239,4.942,361.64,361.67,0.8834,0.0394,0.0000062500,0.0004000000,0.1,33.1
2026-09-04T13:35:35.165+00:00,B_sell_A_buy,6.9150,1.0150,361.4,361.41,175.239,4.942,361.66,361.67,0.9118,0.0394,0.0000062500,0.0004000000,46.8,0.1
2026-09-04T13:35:35.171+00:00,B_sell_A_buy,6.3619,0.4619,361.4,361.41,175.239,4.942,361.64,361.67,0.8834,0.0394,0.0000062500,0.0004000000,53.6,0.1
2026-09-04T13:35:35.196+00:00,B_sell_A_buy,6.3619,0.4619,361.4,361.41,175.239,4.942,361.64,361.67,0.996,0.0394,0.0000062500,0.0004000000,78.9,0.1
2026-09-04T13:35:35.210+00:00,B_sell_A_buy,6.3615,0.4615,361.4,361.41,175.239,4.942,361.64,361.75,1.0321,0.0761,0.0000062500,0.0004000000,92.5,0.1
2026-09-04T13:35:35.224+00:00,B_sell_A_buy,6.6380,0.7380,361.4,361.41,175.239,4.942,361.65,361.75,1.0301,0.0761,0.0000062500,0.0004000000,106.5,0.0
2026-09-04T13:35:35.291+00:00,B_sell_A_buy,6.9146,1.0146,361.4,361.41,175.239,4.942,361.66,361.75,0.9827,0.0761,0.0000062500,0.0004000000,173.3,0.0
2026-09-04T13:35:35.390+00:00,B_sell_A_buy,6.9146,1.0146,361.4,361.41,175.239,4.942,361.66,361.74,0.9827,8.3563,0.0000062500,0.0004000000,272.1,0.1
2026-09-04T13:35:35.422+00:00,B_sell_A_buy,6.9146,1.0146,361.4,361.41,175.239,4.942,361.66,361.75,0.9827,0.0761,0.0000062500,0.0004000000,305.0,0.1
2026-09-04T13:35:35.428+00:00,B_sell_A_buy,7.7442,1.8442,361.4,361.41,175.239,4.942,361.69,361.75,0.9326,0.0761,0.0000062500,0.0004000000,310.0,0.0
2026-09-04T13:35:35.434+00:00,B_sell_A_buy,6.0844,0.1844,361.4,361.47,280.821,11.524,361.69,361.75,0.9326,0.0761,0.0000062500,0.0004000000,0.0,6.2
2026-09-04T13:35:35.434+00:00,B_sell_A_buy,6.0844,0.1844,361.4,361.47,147.539,0.121,361.69,361.75,0.9326,0.0761,0.0000062500,0.0004000000,0.1,6.3
2026-09-04T13:35:36.120+00:00,B_sell_A_buy,8.2941,2.3941,361.54,361.55,22.487,55.019,361.85,361.88,1.0546,0.0387,0.0000062500,0.0004000000,212.0,0.0
2026-09-04T13:35:36.127+00:00,B_sell_A_buy,8.8469,2.9469,361.54,361.55,22.487,55.019,361.87,361.88,0.8859,0.0387,0.0000062500,0.0004000000,218.6,0.0
2026-09-04T13:35:36.130+00:00,B_sell_A_buy,9.9534,4.0534,361.48,361.51,38.198,10.585,361.87,361.88,0.8859,0.0387,0.0000062500,0.0004000000,0.0,3.4
2026-09-04T13:35:36.359+00:00,B_sell_A_buy,6.0829,0.1829,361.49,361.55,85.58,2.611,361.77,361.88,0.9709,0.0387,0.0000062500,0.0004000000,40.0,0.0
2026-09-04T13:35:36.389+00:00,B_sell_A_buy,6.3593,0.4593,361.49,361.55,85.58,2.611,361.78,361.88,1.0066,0.0387,0.0000062500,0.0004000000,70.3,0.1
2026-09-04T13:35:36.390+00:00,B_sell_A_buy,6.3593,0.4593,361.49,361.55,85.58,2.611,361.78,361.87,1.0066,8.3563,0.0000062500,0.0004000000,70.4,0.2
2026-09-04T13:35:36.440+00:00,B_sell_A_buy,6.3591,0.4591,361.54,361.55,184.875,2.611,361.78,361.87,1.0066,8.3563,0.0000062500,0.0004000000,0.0,51.0
2026-09-04T13:35:36.463+00:00,B_sell_A_buy,6.6356,0.7356,361.54,361.55,184.875,2.611,361.79,361.87,1.0751,8.3563,0.0000062500,0.0004000000,22.8,0.0
2026-09-04T13:36:01.744+00:00,B_sell_A_buy,6.6540,0.7540,360.47,360.53,0.065,2.774,360.77,360.98,16.1993,16.1993,0.0000062500,0.0004000000,202.0,0.0
2026-09-04T13:36:01.767+00:00,B_sell_A_buy,6.9312,1.0312,360.47,360.53,0.065,2.774,360.78,360.98,1.0213,16.1993,0.0000062500,0.0004000000,225.0,0.0
2026-09-04T13:36:01.786+00:00,B_sell_A_buy,6.9312,1.0312,360.47,360.53,0.065,2.774,360.78,360.97,9.3776,68.6949,0.0000062500,0.0004000000,243.7,0.0
2026-09-04T13:36:01.797+00:00,B_sell_A_buy,6.9312,1.0312,360.47,360.53,0.065,2.774,360.78,360.97,9.3776,77.0512,0.0000062500,0.0004000000,254.9,0.0
2026-09-04T13:36:01.813+00:00,B_sell_A_buy,6.9312,1.0312,360.47,360.53,0.065,2.774,360.78,360.97,25.5769,77.0512,0.0000062500,0.0004000000,271.1,0.0
2026-09-04T13:36:01.925+00:00,B_sell_A_buy,6.9313,1.0313,360.47,360.53,0.065,2.774,360.78,360.96,25.5769,8.3563,0.0000062500,0.0004000000,382.4,0.1
2026-09-04T13:36:01.951+00:00,B_sell_A_buy,6.9313,1.0313,360.47,360.53,0.065,2.774,360.78,360.96,17.2206,8.3563,0.0000062500,0.0004000000,408.6,0.1
2026-09-04T13:36:01.955+00:00,B_sell_A_buy,6.9313,1.0313,360.47,360.53,0.065,2.774,360.78,360.96,20.4603,8.3563,0.0000062500,0.0004000000,412.6,0.0
2026-09-04T13:36:02.005+00:00,B_sell_A_buy,7.2086,1.3086,360.47,360.52,0.065,15.385,360.78,360.96,20.4603,8.3563,0.0000062500,0.0004000000,0.0,50.7
2026-09-04T13:36:02.026+00:00,B_sell_A_buy,7.7630,1.8630,360.47,360.52,0.065,15.385,360.8,360.96,16.1993,8.3563,0.0000062500,0.0004000000,20.7,0.0
2026-09-04T13:36:02.035+00:00,B_sell_A_buy,7.7629,1.8629,360.47,360.52,0.065,15.385,360.8,360.97,16.1993,8.3563,0.0000062500,0.0004000000,29.5,0.1
2026-09-04T13:36:02.035+00:00,B_sell_A_buy,7.7628,1.8628,360.47,360.52,0.065,15.385,360.8,360.98,16.1993,43.6993,0.0000062500,0.0004000000,29.6,0.1
2026-09-04T13:36:02.035+00:00,B_sell_A_buy,8.8716,2.9716,360.47,360.52,0.065,15.385,360.84,360.98,16.1993,27.5,0.0000062500,0.0004000000,29.6,0.2
2026-09-04T13:36:02.047+00:00,B_sell_A_buy,8.3165,2.4165,360.47,360.52,0.065,15.385,360.82,361.1,21.5991,16.1993,0.0000062500,0.0004000000,41.7,0.0
2026-09-04T13:36:02.047+00:00,B_sell_A_buy,7.7624,1.8624,360.47,360.52,0.065,15.385,360.8,361.07,16.1993,16.1993,0.0000062500,0.0004000000,41.8,0.1
2026-09-04T13:36:02.054+00:00,B_sell_A_buy,7.7625,1.8625,360.47,360.52,0.065,15.385,360.8,361.05,16.1993,29.2,0.0000062500,0.0004000000,48.7,0.0
2026-09-04T13:36:02.065+00:00,B_sell_A_buy,7.7627,1.8627,360.47,360.52,0.065,15.385,360.8,361.0,16.1993,16.1993,0.0000062500,0.0004000000,59.2,0.0
2026-09-04T13:36:02.065+00:00,B_sell_A_buy,7.7631,1.8631,360.47,360.52,0.065,15.385,360.8,360.93,16.1993,16.1993,0.0000062500,0.0004000000,59.2,0.1
2026-09-04T13:36:02.120+00:00,B_sell_A_buy,8.0403,2.1403,360.47,360.52,0.065,15.385,360.81,360.93,1.0502,16.1993,0.0000062500,0.0004000000,114.7,0.0
2026-09-04T13:36:02.138+00:00,B_sell_A_buy,7.7631,1.8631,360.47,360.52,0.065,15.385,360.8,360.93,16.1993,16.1993,0.0000062500,0.0004000000,132.6,0.0
2026-09-04T13:36:02.143+00:00,B_sell_A_buy,8.0404,2.1404,360.47,360.51,0.065,1.009,360.8,360.93,16.1993,16.1993,0.0000062500,0.0004000000,0.0,4.7
2026-09-04T13:36:02.147+00:00,B_sell_A_buy,7.4860,1.5860,360.47,360.51,0.065,1.009,360.78,360.93,4.261,16.1993,0.0000062500,0.0004000000,3.8,0.0
2026-09-04T13:36:02.186+00:00,B_sell_A_buy,7.4860,1.5860,360.47,360.51,0.065,1.009,360.78,360.93,4.261,43.9301,0.0000062500,0.0004000000,43.5,0.0
2026-09-04T13:36:02.198+00:00,B_sell_A_buy,7.4860,1.5860,360.47,360.51,0.065,1.009,360.78,360.93,31.9918,43.9301,0.0000062500,0.0004000000,55.3,0.0
2026-09-04T13:36:02.228+00:00,B_sell_A_buy,7.4861,1.5861,360.47,360.51,0.065,1.009,360.78,360.92,31.9918,8.3563,0.0000062500,0.0004000000,84.5,0.1
2026-09-04T13:36:02.262+00:00,B_sell_A_buy,7.4861,1.5861,360.47,360.51,0.065,1.009,360.78,360.92,4.261,8.3563,0.0000062500,0.0004000000,118.8,0.0
2026-09-04T13:36:02.265+00:00,B_sell_A_buy,7.4861,1.5861,360.47,360.51,0.065,1.009,360.78,360.92,3.2397,8.3563,0.0000062500,0.0004000000,122.6,0.0
2026-09-04T13:36:02.270+00:00,B_sell_A_buy,6.1000,0.2000,360.47,360.51,0.065,1.009,360.73,360.92,16.1993,8.3563,0.0000062500,0.0004000000,127.3,0.0
2026-09-04T13:36:02.275+00:00,B_sell_A_buy,6.1000,0.2000,360.47,360.51,0.065,1.009,360.73,360.91,16.1993,0.2689,0.0000062500,0.0004000000,132.1,0.0
2026-09-04T13:36:06.749+00:00,B_sell_A_buy,6.1063,0.2063,360.08,360.09,0.036,22.566,360.31,360.65,0.985,0.0764,0.0000062500,0.0004000000,0.0,13.0
2026-09-04T13:36:06.787+00:00,B_sell_A_buy,6.3838,0.4838,360.08,360.09,0.036,22.566,360.32,360.65,3.2397,0.0764,0.0000062500,0.0004000000,37.9,0.0
2026-09-04T13:36:06.804+00:00,B_sell_A_buy,6.6613,0.7613,360.08,360.09,0.036,22.566,360.33,360.65,8.3563,0.0764,0.0000062500,0.0004000000,55.6,0.0
2026-09-04T13:36:06.828+00:00,B_sell_A_buy,6.6613,0.7613,360.08,360.09,0.036,22.566,360.33,360.65,9.3227,0.0764,0.0000062500,0.0004000000,79.7,0.0
2026-09-04T13:36:06.839+00:00,B_sell_A_buy,6.6614,0.7614,360.08,360.09,0.036,22.566,360.33,360.63,9.3227,68.6949,0.0000062500,0.0004000000,90.7,0.0
2026-09-04T13:36:06.845+00:00,B_sell_A_buy,6.9390,1.0390,360.08,360.09,0.036,22.566,360.34,360.63,8.3563,68.6949,0.0000062500,0.0004000000,96.3,0.0
2026-09-04T13:36:06.869+00:00,B_sell_A_buy,7.2165,1.3165,360.08,360.09,0.036,22.566,360.35,360.63,1.062,68.6949,0.0000062500,0.0004000000,121.1,0.0
2026-09-04T13:36:06.893+00:00,B_sell_A_buy,7.2165,1.3165,360.08,360.09,0.036,22.566,360.35,360.62,1.062,8.3563,0.0000062500,0.0004000000,144.7,0.0
2026-09-04T13:36:06.910+00:00,B_sell_A_buy,7.2165,1.3165,360.08,360.09,0.036,22.566,360.35,360.62,1.062,36.0871,0.0000062500,0.0004000000,161.6,0.0
2026-09-04T13:36:06.937+00:00,B_sell_A_buy,7.2169,1.3169,360.01,360.09,0.034,27.605,360.35,360.62,1.062,36.0871,0.0000062500,0.0004000000,0.0,26.2
2026-09-04T13:36:06.965+00:00,B_sell_A_buy,7.2169,1.3169,360.01,360.09,0.034,27.605,360.35,360.62,28.7928,36.0871,0.0000062500,0.0004000000,28.7,0.0
2026-09-04T13:36:07.008+00:00,B_sell_A_buy,7.2169,1.3169,360.01,360.09,0.034,27.605,360.35,360.62,37.1491,36.0871,0.0000062500,0.0004000000,71.9,0.0
2026-09-04T13:36:07.071+00:00,B_sell_A_buy,7.2166,1.3166,360.07,360.09,10.796,0.405,360.35,360.62,37.1491,36.0871,0.0000062500,0.0004000000,0.1,62.5
2026-09-04T13:36:07.079+00:00,B_sell_A_buy,7.2166,1.3166,360.07,360.09,10.796,0.405,360.35,360.61,37.1491,8.3563,0.0000062500,0.0004000000,8.4,0.0
2026-09-04T13:36:07.104+00:00,B_sell_A_buy,6.6614,0.7614,360.07,360.11,10.796,10.399,360.35,360.61,37.1491,8.3563,0.0000062500,0.0004000000,0.0,24.6
2026-09-04T13:36:07.114+00:00,B_sell_A_buy,6.6613,0.7613,360.07,360.11,10.796,10.399,360.35,360.62,37.1491,8.3563,0.0000062500,0.0004000000,10.0,0.0
2026-09-04T13:36:07.127+00:00,B_sell_A_buy,6.6613,0.7613,360.07,360.11,10.796,10.399,360.35,360.63,37.1491,68.6949,0.0000062500,0.0004000000,23.3,0.0
2026-09-04T13:36:07.146+00:00,B_sell_A_buy,6.6612,0.7612,360.1,360.11,27.7,7.622,360.35,360.63,37.1491,68.6949,0.0000062500,0.0004000000,0.0,19.0
2026-09-04T13:36:07.208+00:00,B_sell_A_buy,6.6612,0.7612,360.1,360.11,55.4,7.622,360.35,360.63,37.1491,68.6949,0.0000062500,0.0004000000,0.1,80.8
2026-09-04T13:36:07.333+00:00,B_sell_A_buy,6.6612,0.7612,360.1,360.11,55.4,7.622,360.35,360.63,37.1491,97.6949,0.0000062500,0.0004000000,125.5,0.1
2026-09-04T13:36:07.350+00:00,B_sell_A_buy,6.6612,0.7612,360.1,360.11,77.963,7.622,360.35,360.63,37.1491,97.6949,0.0000062500,0.0004000000,0.0,17.4
2026-09-04T13:36:07.360+00:00,B_sell_A_buy,6.6612,0.7612,360.1,360.11,77.963,7.622,360.35,360.62,37.1491,8.3563,0.0000062500,0.0004000000,10.6,0.1
2026-09-04T13:36:22.142+00:00,A_sell_B_buy,9.4492,3.5492,359.99,360.0,4.957,83.1,359.64,359.65,0.0396,1.0983,0.0000062500,0.0004000000,121.1,0.2
2026-09-04T13:36:22.142+00:00,A_sell_B_buy,8.6152,2.7152,359.99,360.0,4.957,83.1,359.64,359.68,0.0396,8.3563,0.0000062500,0.0004000000,121.1,0.2
2026-09-04T13:36:22.142+00:00,A_sell_B_buy,8.6152,2.7152,359.99,360.0,4.957,83.1,359.64,359.68,0.1155,8.3563,0.0000062500,0.0004000000,121.2,0.2
2026-09-04T13:36:30.319+00:00,B_sell_A_buy,7.5041,1.6041,359.61,359.63,27.7,6.596,359.9,360.07,0.084,0.2748,0.0000062500,0.0004000000,5.9,0.0
2026-09-04T13:36:30.350+00:00,B_sell_A_buy,7.5030,1.6030,359.61,359.63,27.7,6.596,359.9,360.28,0.084,0.5495,0.0000062500,0.0004000000,36.5,0.1
2026-09-04T13:36:30.366+00:00,B_sell_A_buy,7.5031,1.6031,359.61,359.63,27.7,6.596,359.9,360.27,0.084,34.1,0.0000062500,0.0004000000,52.5,0.1
2026-09-04T13:36:30.379+00:00,B_sell_A_buy,7.5031,1.6031,359.61,359.63,27.7,6.596,359.9,360.27,0.084,61.8308,0.0000062500,0.0004000000,66.0,0.1
2026-09-04T13:36:54.805+00:00,B_sell_A_buy,6.1087,0.2087,359.96,359.98,18.401,0.555,360.2,360.43,16.7126,0.0389,0.0000062500,0.0004000000,47.6,0.0
2026-09-04T13:36:54.813+00:00,B_sell_A_buy,6.1087,0.2087,359.96,359.98,18.401,0.555,360.2,360.42,16.7126,1.0916,0.0000062500,0.0004000000,55.8,0.0
2026-09-04T13:37:00.859+00:00,B_sell_A_buy,6.0995,0.1995,360.53,360.56,45.529,13.447,360.78,360.87,3.2397,0.9778,0.0000062500,0.0004000000,226.8,0.0
2026-09-04T13:37:00.981+00:00,B_sell_A_buy,6.0994,0.1994,360.53,360.56,45.529,13.447,360.78,360.89,3.2397,0.9585,0.0000062500,0.0004000000,348.2,0.1
2026-09-04T13:37:00.996+00:00,B_sell_A_buy,6.0995,0.1995,360.53,360.56,45.529,13.447,360.78,360.87,3.2397,0.9665,0.0000062500,0.0004000000,363.7,0.0
2026-09-04T13:37:11.543+00:00,B_sell_A_buy,7.2046,1.3046,360.74,360.75,22.523,2.772,361.01,361.02,0.8639,0.0763,0.0000062500,0.0004000000,9.5,0.1
2026-09-04T13:37:11.751+00:00,B_sell_A_buy,7.2047,1.3047,360.73,360.75,10.579,2.772,361.01,361.02,0.8639,0.0763,0.0000062500,0.0004000000,0.1,207.5
2026-09-04T13:37:15.613+00:00,B_sell_A_buy,6.0918,0.1918,360.95,361.0,27.7,27.605,361.22,361.39,8.3563,1.1587,0.0000062500,0.0004000000,79.0,0.1
2026-09-04T13:37:15.823+00:00,B_sell_A_buy,10.5211,4.6211,360.95,361.0,27.7,27.605,361.38,361.39,0.7759,0.0763,0.0000062500,0.0004000000,289.0,0.0
2026-09-04T13:37:15.896+00:00,B_sell_A_buy,10.5211,4.6211,360.95,361.0,27.7,27.605,361.38,361.39,0.7759,27.8071,0.0000062500,0.0004000000,361.7,0.0
2026-09-04T13:37:15.896+00:00,B_sell_A_buy,10.5211,4.6211,360.95,361.0,27.7,27.605,361.38,361.39,0.7759,0.0763,0.0000062500,0.0004000000,361.8,0.1
2026-09-04T13:37:15.902+00:00,B_sell_A_buy,10.5211,4.6211,360.95,361.0,27.7,27.605,361.38,361.39,9.1322,0.0763,0.0000062500,0.0004000000,367.6,0.0
2026-09-04T13:37:15.914+00:00,B_sell_A_buy,10.5211,4.6211,360.95,361.0,27.7,27.605,361.38,361.39,0.7759,0.0763,0.0000062500,0.0004000000,379.5,0.1
2026-09-04T13:37:16.119+00:00,B_sell_A_buy,9.6907,3.7907,360.95,361.0,27.7,27.605,361.35,361.39,8.3563,0.0763,0.0000062500,0.0004000000,584.3,0.1
2026-09-04T13:37:16.133+00:00,B_sell_A_buy,6.6455,0.7455,360.95,361.0,27.7,27.605,361.24,361.39,68.6949,0.0763,0.0000062500,0.0004000000,599.1,0.0
2026-09-04T13:37:16.152+00:00,B_sell_A_buy,10.5211,4.6211,360.95,361.0,27.7,27.605,361.38,361.39,0.878,0.0763,0.0000062500,0.0004000000,617.5,0.0
2026-09-04T13:37:16.263+00:00,B_sell_A_buy,10.5211,4.6211,360.95,361.0,27.7,27.605,361.38,361.39,0.8117,0.0763,0.0000062500,0.0004000000,728.7,0.1
2026-09-04T13:37:16.263+00:00,B_sell_A_buy,10.5211,4.6211,360.95,361.0,27.7,27.605,361.38,361.39,28.5425,0.0763,0.0000062500,0.0004000000,728.8,0.1
2026-09-04T13:37:16.280+00:00,B_sell_A_buy,10.5213,4.6213,360.92,361.0,2.771,27.605,361.38,361.39,28.5425,0.0763,0.0000062500,0.0004000000,0.1,16.9
2026-09-04T13:37:16.280+00:00,B_sell_A_buy,10.7982,4.8982,360.92,360.99,2.771,2.77,361.38,361.39,28.5425,0.0763,0.0000062500,0.0004000000,0.1,16.9
2026-09-04T13:37:16.280+00:00,B_sell_A_buy,10.7978,4.8978,360.98,360.99,27.7,2.77,361.38,361.39,28.5425,0.0763,0.0000062500,0.0004000000,0.1,17.0
2026-09-04T13:37:16.280+00:00,B_sell_A_buy,9.9670,4.0670,360.98,361.02,27.7,0.554,361.38,361.39,28.5425,0.0763,0.0000062500,0.0004000000,0.1,17.0
2026-09-04T13:37:16.280+00:00,B_sell_A_buy,9.9668,4.0668,361.01,361.02,0.166,0.554,361.38,361.39,28.5425,0.0763,0.0000062500,0.0004000000,0.1,17.0
2026-09-04T13:37:16.280+00:00,B_sell_A_buy,9.9668,4.0668,361.01,361.02,22.672,0.554,361.38,361.39,28.5425,0.0763,0.0000062500,0.0004000000,0.1,17.0
2026-09-04T13:37:16.386+00:00,B_sell_A_buy,6.9219,1.0219,361.01,361.02,22.672,0.554,361.27,361.39,68.6949,0.0763,0.0000062500,0.0004000000,106.5,0.0
2026-09-04T13:37:41.217+00:00,B_sell_A_buy,6.9066,1.0066,361.81,361.86,27.605,12.058,362.11,362.12,0.8137,0.0761,0.0000062500,0.0004000000,164.8,0.1
2026-09-04T13:37:41.476+00:00,B_sell_A_buy,6.3538,0.4538,361.84,361.88,10.311,2.763,362.11,362.12,0.677,0.0761,0.0000062500,0.0004000000,131.5,0.2
2026-09-04T13:37:43.966+00:00,B_sell_A_buy,6.0738,0.1738,362.06,362.1,39.779,12.204,362.32,362.37,0.7243,0.0387,0.0000062500,0.0004000000,88.4,0.1
2026-09-04T13:37:43.972+00:00,B_sell_A_buy,6.6260,0.7260,362.06,362.08,27.605,10.024,362.32,362.37,0.7243,0.0387,0.0000062500,0.0004000000,0.0,5.7
2026-09-04T13:37:44.013+00:00,B_sell_A_buy,7.7302,1.8302,362.06,362.08,27.605,10.024,362.36,362.37,0.8078,0.0387,0.0000062500,0.0004000000,41.0,0.1
2026-09-04T13:37:44.019+00:00,B_sell_A_buy,7.1779,1.2779,362.07,362.1,0.182,0.03,362.36,362.37,0.8078,0.0387,0.0000062500,0.0004000000,0.0,6.3
2026-09-04T13:37:44.090+00:00,B_sell_A_buy,7.4533,1.5533,362.07,362.1,0.182,0.03,362.37,362.49,8.3176,0.076,0.0000062500,0.0004000000,70.6,0.0
2026-09-04T13:37:44.092+00:00,B_sell_A_buy,7.1773,1.2773,362.07,362.1,0.182,0.03,362.36,362.49,0.8078,0.076,0.0000062500,0.0004000000,72.9,0.0
2026-09-04T13:37:44.096+00:00,B_sell_A_buy,10.4890,4.5890,362.07,362.1,0.182,0.03,362.48,362.49,0.7968,0.076,0.0000062500,0.0004000000,76.5,0.0
2026-09-04T13:37:44.184+00:00,B_sell_A_buy,10.2128,4.3128,362.08,362.11,27.7,0.002,362.48,362.49,0.7968,0.076,0.0000062500,0.0004000000,0.0,88.8
2026-09-04T13:37:44.204+00:00,B_sell_A_buy,10.2128,4.3128,362.08,362.11,55.4,0.002,362.48,362.49,0.7968,0.076,0.0000062500,0.0004000000,0.1,108.7
2026-09-04T13:37:44.236+00:00,B_sell_A_buy,10.2127,4.3127,362.1,362.11,50.138,0.002,362.48,362.49,0.7968,0.076,0.0000062500,0.0004000000,0.0,141.1
2026-09-04T13:37:44.328+00:00,B_sell_A_buy,8.2801,2.3801,362.1,362.18,78.003,0.088,362.48,362.49,0.7968,0.076,0.0000062500,0.0004000000,0.1,232.8
2026-09-04T13:37:44.414+00:00,B_sell_A_buy,8.2801,2.3801,362.1,362.18,78.003,0.088,362.48,362.49,28.5276,0.076,0.0000062500,0.0004000000,85.8,0.1
2026-09-04T13:37:44.433+00:00,B_sell_A_buy,8.2797,2.3797,362.17,362.18,22.445,0.088,362.48,362.49,28.5276,0.076,0.0000062500,0.0004000000,0.0,19.0
2026-09-04T13:37:44.515+00:00,B_sell_A_buy,8.2797,2.3797,362.17,362.18,22.445,0.088,362.48,362.49,27.7308,0.076,0.0000062500,0.0004000000,82.6,0.1
2026-09-04T13:37:44.644+00:00,B_sell_A_buy,8.2797,2.3797,362.17,362.18,22.445,0.088,362.48,362.49,27.7308,8.4323,0.0000062500,0.0004000000,211.3,0.1
2026-09-04T13:37:59.002+00:00,B_sell_A_buy,6.0743,0.1743,361.99,362.04,12.233,2.762,362.26,362.44,1.0037,1.0252,0.0000062500,0.0004000000,62.5,0.0
2026-09-04T13:37:59.057+00:00,B_sell_A_buy,6.0743,0.1743,361.99,362.04,12.233,2.762,362.26,362.44,9.36,1.0252,0.0000062500,0.0004000000,117.3,0.0
2026-09-04T13:37:59.059+00:00,B_sell_A_buy,6.0743,0.1743,361.99,362.04,12.233,2.762,362.26,362.44,1.0037,1.0252,0.0000062500,0.0004000000,119.8,0.0
2026-09-04T13:37:59.062+00:00,B_sell_A_buy,6.0743,0.1743,361.98,362.04,12.233,2.762,362.26,362.44,1.0037,1.0252,0.0000062500,0.0004000000,0.0,3.1
2026-09-04T13:37:59.223+00:00,B_sell_A_buy,6.0742,0.1742,362.0,362.04,27.605,2.762,362.26,362.44,1.0037,1.0252,0.0000062500,0.0004000000,0.1,163.0
2026-09-04T13:38:16.172+00:00,B_sell_A_buy,8.8359,2.9359,361.99,362.0,22.464,0.54,362.32,362.33,0.9753,0.2738,0.0000062500,0.0004000000,235.0,0.1
2026-09-04T13:38:16.197+00:00,B_sell_A_buy,8.8349,2.9349,361.99,362.0,22.464,0.54,362.32,362.49,0.9753,11.0568,0.0000062500,0.0004000000,260.9,0.0
2026-09-04T13:38:16.262+00:00,B_sell_A_buy,9.1110,3.2110,361.99,362.0,22.464,0.54,362.33,362.48,1.0159,0.907,0.0000062500,0.0004000000,325.5,0.1
2026-09-04T13:38:16.464+00:00,B_sell_A_buy,9.1110,3.2110,361.99,362.0,22.464,0.54,362.33,362.48,28.7467,0.907,0.0000062500,0.0004000000,527.2,0.1
2026-09-04T13:38:16.468+00:00,B_sell_A_buy,9.1111,3.2111,361.99,362.0,22.464,0.54,362.33,362.47,28.7467,8.3563,0.0000062500,0.0004000000,531.8,0.1
2026-09-04T13:38:16.470+00:00,B_sell_A_buy,9.1111,3.2111,361.99,362.0,22.464,0.54,362.33,362.47,28.7467,16.7126,0.0000062500,0.0004000000,533.7,0.0
2026-09-04T13:38:16.542+00:00,B_sell_A_buy,9.1111,3.2111,361.99,362.0,22.464,0.54,362.33,362.46,28.7467,1.0094,0.0000062500,0.0004000000,606.6,0.1
2026-09-04T13:38:16.580+00:00,B_sell_A_buy,9.1112,3.2112,361.99,362.0,22.464,0.54,362.33,362.45,28.7467,8.3563,0.0000062500,0.0004000000,643.7,0.1
2026-09-04T13:38:16.607+00:00,B_sell_A_buy,9.1114,3.2114,361.95,362.0,82.814,0.54,362.33,362.45,28.7467,8.3563,0.0000062500,0.0004000000,0.1,27.5
2026-09-04T13:38:16.607+00:00,B_sell_A_buy,7.1782,1.2782,361.99,362.07,21.847,0.938,362.33,362.45,28.7467,8.3563,0.0000062500,0.0004000000,0.2,27.6
2026-09-04T13:38:16.607+00:00,B_sell_A_buy,7.1778,1.2778,362.06,362.07,50.143,0.398,362.33,362.45,28.7467,8.3563,0.0000062500,0.0004000000,0.2,27.6
2026-09-04T13:38:16.622+00:00,B_sell_A_buy,7.1778,1.2778,362.06,362.07,50.143,0.398,362.33,362.45,27.7714,8.3563,0.0000062500,0.0004000000,14.9,0.1
2026-09-04T13:38:16.622+00:00,B_sell_A_buy,7.1779,1.2779,362.06,362.07,50.143,0.398,362.33,362.44,27.7714,1.0856,0.0000062500,0.0004000000,15.0,0.1
2026-09-04T13:38:18.883+00:00,B_sell_A_buy,6.0712,0.1712,362.23,362.26,2.761,0.54,362.48,362.49,8.977,0.076,0.0000062500,0.0004000000,0.1,57.4
2026-09-04T13:38:18.884+00:00,B_sell_A_buy,6.0713,0.1713,362.22,362.26,2.761,0.54,362.48,362.49,8.977,0.076,0.0000062500,0.0004000000,0.1,57.5
2026-09-04T13:38:18.936+00:00,B_sell_A_buy,6.0713,0.1713,362.22,362.26,2.761,0.54,362.48,362.49,0.6207,0.076,0.0000062500,0.0004000000,52.4,0.1
2026-09-04T13:38:24.375+00:00,B_sell_A_buy,8.2726,2.3726,362.45,362.49,2.759,11.755,362.79,362.84,8.3563,0.9507,0.0000062500,0.0004000000,34.9,0.0
2026-09-04T13:38:24.403+00:00,B_sell_A_buy,6.6184,0.7184,362.45,362.49,2.759,11.755,362.73,362.84,8.3563,0.9507,0.0000062500,0.0004000000,63.1,0.0
2026-09-04T13:39:05.473+00:00,B_sell_A_buy,6.0967,0.1967,360.7,360.71,4.98,22.541,360.93,361.07,16.1993,0.9678,0.0000062500,0.0004000000,0.0,50.4
2026-09-04T13:39:05.503+00:00,B_sell_A_buy,6.0967,0.1967,360.7,360.71,4.98,22.541,360.93,361.07,27.7308,0.9678,0.0000062500,0.0004000000,31.3,0.1
2026-09-04T13:39:16.119+00:00,B_sell_A_buy,9.1523,3.2523,360.32,360.37,0.182,27.605,360.7,360.87,0.2173,0.2712,0.0000062500,0.0004000000,73.5,0.0
2026-09-04T13:39:16.133+00:00,B_sell_A_buy,9.1524,3.2524,360.32,360.37,0.182,27.605,360.7,360.86,0.2173,8.3563,0.0000062500,0.0004000000,87.9,0.1
2026-09-04T13:39:16.141+00:00,B_sell_A_buy,9.1524,3.2524,360.32,360.37,0.182,27.605,360.7,360.85,0.2173,68.6949,0.0000062500,0.0004000000,95.8,0.0
2026-09-04T13:39:16.166+00:00,B_sell_A_buy,9.4298,3.5298,360.32,360.36,0.182,16.065,360.7,360.85,0.2173,68.6949,0.0000062500,0.0004000000,0.0,24.7
2026-09-04T13:39:16.166+00:00,B_sell_A_buy,9.4299,3.5299,360.32,360.36,0.182,16.065,360.7,360.84,0.2173,1.0279,0.0000062500,0.0004000000,0.1,0.1
2026-09-04T13:39:16.193+00:00,B_sell_A_buy,9.4297,3.5297,360.32,360.36,0.182,16.065,360.7,360.87,0.2173,0.2712,0.0000062500,0.0004000000,27.1,0.0
2026-09-04T13:39:16.220+00:00,B_sell_A_buy,9.4297,3.5297,360.32,360.36,2.957,32.077,360.7,360.87,0.2173,0.2712,0.0000062500,0.0004000000,0.1,27.2
2026-09-04T13:39:16.222+00:00,B_sell_A_buy,13.8657,7.9657,360.32,360.36,2.957,32.077,360.86,360.87,0.2391,0.2712,0.0000062500,0.0004000000,2.1,0.0
2026-09-04T13:39:16.250+00:00,B_sell_A_buy,13.8642,7.9642,360.32,360.36,2.957,32.077,360.86,361.02,0.2391,0.0763,0.0000062500,0.0004000000,30.5,0.0
2026-09-04T13:39:16.296+00:00,B_sell_A_buy,11.9238,6.0238,360.32,360.36,2.957,32.077,360.79,361.02,13.9,0.0763,0.0000062500,0.0004000000,75.3,0.0
2026-09-04T13:39:16.316+00:00,B_sell_A_buy,12.2010,6.3010,360.32,360.36,2.957,32.077,360.8,361.02,0.2215,0.0763,0.0000062500,0.0004000000,95.6,0.1
2026-09-04T13:39:16.316+00:00,B_sell_A_buy,12.2011,6.3011,360.32,360.36,2.957,32.077,360.8,361.01,0.2215,1.0048,0.0000062500,0.0004000000,95.7,0.2
2026-09-04T13:39:16.320+00:00,B_sell_A_buy,12.2010,6.3010,360.32,360.36,2.957,32.077,360.8,361.02,0.2215,0.0763,0.0000062500,0.0004000000,100.4,0.0
2026-09-04T13:39:16.336+00:00,B_sell_A_buy,12.2010,6.3010,360.32,360.36,2.957,32.077,360.8,361.02,0.2215,1.033,0.0000062500,0.0004000000,116.2,0.0
2026-09-04T13:39:16.366+00:00,B_sell_A_buy,12.2011,6.3011,360.32,360.36,2.957,32.077,360.8,361.01,0.2215,1.024,0.0000062500,0.0004000000,145.2,0.0
2026-09-04T13:39:16.387+00:00,B_sell_A_buy,11.9237,6.0237,360.32,360.37,0.182,27.605,360.8,361.01,0.2215,1.024,0.0000062500,0.0004000000,0.0,21.6
2026-09-04T13:39:16.396+00:00,B_sell_A_buy,14.1413,8.2413,360.32,360.37,0.182,27.605,360.88,361.01,8.3563,1.024,0.0000062500,0.0004000000,9.0,0.0
2026-09-04T13:39:16.400+00:00,B_sell_A_buy,13.8641,7.9641,360.32,360.37,0.182,27.605,360.87,361.01,8.3563,1.024,0.0000062500,0.0004000000,12.5,0.0
2026-09-04T13:39:16.400+00:00,B_sell_A_buy,11.9237,6.0237,360.32,360.37,0.182,27.605,360.8,361.01,0.2215,1.024,0.0000062500,0.0004000000,12.6,0.1
2026-09-04T13:39:16.413+00:00,B_sell_A_buy,11.9237,6.0237,360.32,360.37,2.957,44.392,360.8,361.01,0.2215,1.024,0.0000062500,0.0004000000,0.0,13.6
2026-09-04T13:39:16.417+00:00,B_sell_A_buy,14.1413,8.2413,360.32,360.37,2.957,44.392,360.88,361.01,0.2256,1.024,0.0000062500,0.0004000000,3.9,0.0
2026-09-04T13:39:16.450+00:00,B_sell_A_buy,14.1412,8.2412,360.33,360.37,94.14,4.779,360.88,361.01,0.2256,1.024,0.0000062500,0.0004000000,0.0,33.6
2026-09-04T13:39:16.501+00:00,B_sell_A_buy,14.4184,8.5184,360.33,360.37,94.14,4.779,360.89,361.01,8.3563,1.024,0.0000062500,0.0004000000,51.5,0.0
2026-09-04T13:39:16.512+00:00,B_sell_A_buy,14.1412,8.2412,360.33,360.37,94.14,4.779,360.88,361.01,0.2256,1.024,0.0000062500,0.0004000000,62.2,0.0
2026-09-04T13:39:16.518+00:00,B_sell_A_buy,14.1412,8.2412,360.33,360.37,94.14,4.779,360.88,361.01,0.2256,28.7548,0.0000062500,0.0004000000,67.6,0.0
2026-09-04T13:39:16.688+00:00,B_sell_A_buy,14.1413,8.2413,360.33,360.37,94.14,4.779,360.88,361.0,0.2256,8.3563,0.0000062500,0.0004000000,237.4,0.1
2026-09-04T13:39:16.688+00:00,B_sell_A_buy,14.1413,8.2413,360.33,360.37,94.14,4.779,360.88,361.0,27.9564,8.3563,0.0000062500,0.0004000000,237.5,0.2
2026-09-04T13:39:16.755+00:00,B_sell_A_buy,14.4185,8.5185,360.33,360.37,94.14,4.779,360.89,361.0,8.3563,8.3563,0.0000062500,0.0004000000,304.7,0.1
2026-09-04T13:39:16.795+00:00,B_sell_A_buy,14.4185,8.5185,360.33,360.37,94.14,4.779,360.89,361.0,7.9092,8.3563,0.0000062500,0.0004000000,345.5,0.1
2026-09-04T13:39:16.795+00:00,B_sell_A_buy,14.4186,8.5186,360.33,360.37,94.14,4.779,360.89,360.99,7.9092,0.2727,0.0000062500,0.0004000000,345.6,0.2
2026-09-04T13:39:16.819+00:00,B_sell_A_buy,14.6958,8.7958,360.33,360.37,94.14,4.779,360.9,360.99,0.2545,0.2727,0.0000062500,0.0004000000,368.7,0.0
2026-09-04T13:39:16.867+00:00,B_sell_A_buy,14.6959,8.7959,360.33,360.37,94.14,4.779,360.9,360.98,0.2545,1.0575,0.0000062500,0.0004000000,416.5,0.0
2026-09-04T13:39:16.869+00:00,B_sell_A_buy,14.6956,8.7956,360.36,360.37,10.968,4.779,360.9,360.98,0.2545,1.0575,0.0000062500,0.0004000000,0.0,2.5
2026-09-04T13:39:16.869+00:00,B_sell_A_buy,14.6956,8.7956,360.36,360.37,11.15,4.779,360.9,360.98,0.2545,1.0575,0.0000062500,0.0004000000,0.1,2.5
2026-09-04T13:39:16.869+00:00,B_sell_A_buy,14.6956,8.7956,360.36,360.37,34.069,4.779,360.9,360.98,0.2545,1.0575,0.0000062500,0.0004000000,0.2,2.6
2026-09-04T13:39:16.937+00:00,B_sell_A_buy,14.6956,8.7956,360.36,360.37,34.069,4.779,360.9,360.98,0.2545,9.4138,0.0000062500,0.0004000000,68.3,0.1
2026-09-04T13:39:16.941+00:00,B_sell_A_buy,14.6956,8.7956,360.36,360.37,34.069,4.779,360.9,360.98,0.2545,1.0575,0.0000062500,0.0004000000,72.1,0.0
2026-09-04T13:39:16.947+00:00,B_sell_A_buy,14.6957,8.7957,360.36,360.37,34.069,4.779,360.9,360.97,0.2545,0.2727,0.0000062500,0.0004000000,77.5,0.0
2026-09-04T13:39:16.959+00:00,B_sell_A_buy,14.6957,8.7957,360.36,360.37,34.235,4.779,360.9,360.97,0.2545,0.2727,0.0000062500,0.0004000000,0.1,12.9
2026-09-04T13:39:23.337+00:00,B_sell_A_buy,6.0971,0.1971,360.68,360.69,2.773,22.526,360.91,361.02,0.2511,0.0763,0.0000062500,0.0004000000,0.0,30.8
2026-09-04T13:39:23.364+00:00,B_sell_A_buy,6.0972,0.1972,360.68,360.69,2.773,22.526,360.91,361.01,0.2511,0.969,0.0000062500,0.0004000000,28.0,0.1
2026-09-04T13:39:35.119+00:00,B_sell_A_buy,7.2047,1.3047,360.72,360.75,2.772,11.027,361.01,361.02,0.239,0.0763,0.0000062500,0.0004000000,212.0,0.0
2026-09-04T13:39:35.198+00:00,B_sell_A_buy,7.2048,1.3048,360.71,360.75,32.425,11.027,361.01,361.02,0.239,0.0763,0.0000062500,0.0004000000,0.0,78.7
2026-09-04T13:39:35.283+00:00,B_sell_A_buy,7.2041,1.3041,360.71,360.75,32.425,11.027,361.01,361.16,0.239,0.0395,0.0000062500,0.0004000000,84.7,0.1
2026-09-04T13:39:35.306+00:00,B_sell_A_buy,11.0821,5.1821,360.71,360.75,32.425,11.027,361.15,361.16,0.2573,0.0395,0.0000062500,0.0004000000,108.0,0.1
2026-09-04T13:39:35.388+00:00,B_sell_A_buy,11.0821,5.1821,360.71,360.75,32.425,11.027,361.15,361.16,27.9881,0.0395,0.0000062500,0.0004000000,190.1,0.0
2026-09-04T13:39:35.465+00:00,B_sell_A_buy,9.1421,3.2421,360.74,360.82,70.042,0.067,361.15,361.16,27.9881,0.0395,0.0000062500,0.0004000000,0.0,77.3
2026-09-04T13:39:35.528+00:00,B_sell_A_buy,9.9714,4.0714,360.74,360.82,70.042,0.067,361.18,361.39,8.2809,0.0763,0.0000062500,0.0004000000,63.3,0.0
2026-09-04T13:39:35.541+00:00,B_sell_A_buy,9.9714,4.0714,360.74,360.82,70.042,0.067,361.18,361.39,8.3204,0.0763,0.0000062500,0.0004000000,75.8,0.0
2026-09-04T13:39:35.564+00:00,B_sell_A_buy,9.4176,3.5176,360.74,360.82,70.042,0.067,361.16,361.39,0.2304,0.0763,0.0000062500,0.0004000000,99.1,0.0
2026-09-04T13:39:35.590+00:00,B_sell_A_buy,10.8021,4.9021,360.74,360.82,70.042,0.067,361.21,361.39,16.1993,0.0763,0.0000062500,0.0004000000,124.9,0.0
2026-09-04T13:39:35.620+00:00,B_sell_A_buy,9.4176,3.5176,360.74,360.82,70.042,0.067,361.16,361.39,0.2304,28.8823,0.0000062500,0.0004000000,155.5,0.0
2026-09-04T13:39:35.620+00:00,B_sell_A_buy,11.0791,5.1791,360.74,360.82,70.042,0.067,361.22,361.38,0.2357,0.9821,0.0000062500,0.0004000000,155.5,0.1
2026-09-04T13:39:35.633+00:00,B_sell_A_buy,11.0787,5.1787,360.79,360.82,0.166,0.067,361.22,361.38,0.2357,0.9821,0.0000062500,0.0004000000,0.0,11.9
2026-09-04T13:39:35.702+00:00,B_sell_A_buy,11.0788,5.1788,360.79,360.82,0.166,0.067,361.22,361.37,0.2357,8.3204,0.0000062500,0.0004000000,69.3,0.0
2026-09-04T13:39:35.768+00:00,B_sell_A_buy,11.0789,5.1789,360.79,360.82,0.166,0.067,361.22,361.36,0.2357,0.9356,0.0000062500,0.0004000000,135.5,0.1
2026-09-04T13:39:35.859+00:00,B_sell_A_buy,8.0315,2.1315,360.81,360.93,22.524,0.806,361.22,361.36,0.2357,0.9356,0.0000062500,0.0004000000,0.0,90.7
2026-09-04T13:39:35.899+00:00,B_sell_A_buy,8.0313,2.1313,360.81,360.93,22.524,0.806,361.22,361.38,0.2357,0.9821,0.0000062500,0.0004000000,40.5,0.1
2026-09-04T13:39:35.899+00:00,B_sell_A_buy,8.0313,2.1313,360.81,360.93,22.524,0.806,361.22,361.38,27.9665,0.9821,0.0000062500,0.0004000000,40.6,0.1
2026-09-04T13:39:35.922+00:00,B_sell_A_buy,8.0315,2.1315,360.81,360.93,22.524,0.806,361.22,361.36,27.9665,1.0552,0.0000062500,0.0004000000,63.0,0.0
2026-09-04T13:39:35.925+00:00,B_sell_A_buy,8.0313,2.1313,360.81,360.93,22.524,0.806,361.22,361.38,27.9665,0.9821,0.0000062500,0.0004000000,66.0,0.0
2026-09-04T13:39:35.974+00:00,B_sell_A_buy,8.0313,2.1313,360.81,360.93,22.524,0.806,361.22,361.39,27.9665,0.0763,0.0000062500,0.0004000000,115.2,0.0
2026-09-04T13:39:36.160+00:00,B_sell_A_buy,9.1370,3.2370,360.86,361.05,0.332,0.072,361.38,361.39,0.2556,0.0763,0.0000062500,0.0004000000,8.2,0.0
2026-09-04T13:39:36.257+00:00,B_sell_A_buy,6.6448,0.7448,360.82,361.14,85.585,0.208,361.38,361.39,0.2556,0.0763,0.0000062500,0.0004000000,0.1,97.1
2026-09-04T13:39:36.271+00:00,B_sell_A_buy,6.6444,0.7444,360.92,361.14,32.425,0.208,361.38,361.39,0.2556,0.0763,0.0000062500,0.0004000000,0.0,111.7
2026-09-04T13:39:36.307+00:00,B_sell_A_buy,6.6434,0.7434,361.13,361.14,55.4,0.208,361.38,361.39,0.2556,0.0763,0.0000062500,0.0004000000,0.0,147.7
2026-09-04T13:39:36.384+00:00,B_sell_A_buy,6.6434,0.7434,361.13,361.14,55.4,0.208,361.38,361.39,0.2263,0.0763,0.0000062500,0.0004000000,76.6,0.0
2026-09-04T13:39:36.437+00:00,B_sell_A_buy,6.6434,0.7434,361.13,361.14,55.4,0.208,361.38,361.39,27.9571,0.0763,0.0000062500,0.0004000000,129.1,0.0
2026-09-04T13:39:36.502+00:00,B_sell_A_buy,6.6434,0.7434,361.13,361.14,55.4,0.208,361.38,361.39,36.2775,0.0763,0.0000062500,0.0004000000,194.6,0.0
2026-09-04T13:39:36.534+00:00,B_sell_A_buy,6.6434,0.7434,361.13,361.14,55.4,0.208,361.38,361.39,36.0219,0.0763,0.0000062500,0.0004000000,226.6,0.0
2026-09-04T13:39:36.638+00:00,B_sell_A_buy,6.6434,0.7434,361.13,361.14,77.907,0.208,361.38,361.39,36.0219,0.0763,0.0000062500,0.0004000000,0.0,104.7
2026-09-04T13:39:36.700+00:00,B_sell_A_buy,6.6434,0.7434,361.13,361.14,77.907,0.208,361.38,361.39,44.3423,0.0763,0.0000062500,0.0004000000,60.9,0.0
2026-09-04T13:39:36.739+00:00,B_sell_A_buy,6.6434,0.7434,361.13,361.14,77.907,0.208,361.38,361.39,27.7015,0.0763,0.0000062500,0.0004000000,99.6,0.0
2026-09-04T13:39:39.915+00:00,A_sell_B_buy,8.3144,2.4144,360.97,360.98,0.04,50.216,360.66,360.67,0.0395,1.0156,0.0000062500,0.0004000000,139.1,0.0
2026-09-04T13:39:39.976+00:00,A_sell_B_buy,8.3144,2.4144,360.97,360.98,0.04,72.735,360.66,360.67,0.0395,1.0156,0.0000062500,0.0004000000,0.1,61.2
2026-09-04T13:39:39.976+00:00,A_sell_B_buy,8.3144,2.4144,360.97,360.98,0.04,100.435,360.66,360.67,0.0395,1.0156,0.0000062500,0.0004000000,0.1,61.3
2026-09-04T13:39:39.976+00:00,A_sell_B_buy,8.3144,2.4144,360.97,360.98,0.04,128.135,360.66,360.67,0.0395,1.0156,0.0000062500,0.0004000000,0.1,61.3
2026-09-04T13:39:40.061+00:00,A_sell_B_buy,8.3156,2.4156,360.97,360.98,0.04,128.135,360.45,360.67,0.2694,1.0156,0.0000062500,0.0004000000,84.8,0.1
2026-09-04T13:39:40.079+00:00,A_sell_B_buy,8.5929,2.6929,360.97,360.98,0.04,128.135,360.45,360.66,0.2694,1.0778,0.0000062500,0.0004000000,102.7,0.1
2026-09-04T13:39:40.081+00:00,A_sell_B_buy,9.7019,3.8019,360.97,360.98,0.04,128.135,360.45,360.62,0.2694,8.3204,0.0000062500,0.0004000000,104.7,0.0
2026-09-04T13:39:40.084+00:00,A_sell_B_buy,8.5929,2.6929,360.97,360.98,0.04,128.135,360.45,360.66,0.2694,1.0778,0.0000062500,0.0004000000,108.5,0.0
2026-09-04T13:39:40.135+00:00,A_sell_B_buy,8.5929,2.6929,360.97,360.98,0.04,128.135,360.45,360.66,28.0002,1.0778,0.0000062500,0.0004000000,159.8,0.0
2026-09-04T13:39:40.139+00:00,A_sell_B_buy,8.5929,2.6929,360.97,360.98,0.04,128.135,360.45,360.66,0.2694,1.0778,0.0000062500,0.0004000000,163.8,0.0
2026-09-04T13:39:40.144+00:00,A_sell_B_buy,8.5929,2.6929,360.97,360.98,0.04,124.32,360.45,360.66,0.2694,1.0778,0.0000062500,0.0004000000,0.0,4.9
2026-09-04T13:39:40.151+00:00,A_sell_B_buy,9.1474,3.2474,360.97,360.98,0.04,124.32,360.45,360.64,0.2694,8.3204,0.0000062500,0.0004000000,6.2,0.0
2026-09-04T13:39:40.154+00:00,A_sell_B_buy,9.1474,3.2474,360.97,360.98,0.04,124.32,360.45,360.64,0.3798,8.3204,0.0000062500,0.0004000000,9.8,0.0
2026-09-04T13:39:40.154+00:00,A_sell_B_buy,8.5929,2.6929,360.97,360.98,0.04,124.32,360.45,360.66,0.3798,1.0778,0.0000062500,0.0004000000,9.8,0.1
2026-09-04T13:39:40.160+00:00,A_sell_B_buy,8.5929,2.6929,360.97,360.98,0.04,124.32,360.45,360.66,0.2694,1.0778,0.0000062500,0.0004000000,15.6,0.0
2026-09-04T13:39:40.199+00:00,A_sell_B_buy,8.5929,2.6929,360.97,360.98,0.04,170.477,360.45,360.66,0.2694,1.0778,0.0000062500,0.0004000000,0.0,38.9
2026-09-04T13:39:40.203+00:00,A_sell_B_buy,8.5929,2.6929,360.97,360.98,0.04,170.477,360.45,360.66,0.3819,1.0778,0.0000062500,0.0004000000,3.9,0.0
2026-09-04T13:39:40.231+00:00,A_sell_B_buy,8.0386,2.1386,360.95,360.98,0.117,264.14,360.45,360.66,0.3819,1.0778,0.0000062500,0.0004000000,0.0,27.7
2026-09-04T13:39:40.253+00:00,A_sell_B_buy,8.3158,2.4158,360.95,360.98,0.117,264.14,360.45,360.65,0.3819,8.3204,0.0000062500,0.0004000000,22.8,0.0
2026-09-04T13:39:40.262+00:00,A_sell_B_buy,8.3158,2.4158,360.95,360.98,0.117,311.883,360.45,360.65,0.3819,8.3204,0.0000062500,0.0004000000,0.0,8.2
2026-09-04T13:39:40.318+00:00,A_sell_B_buy,8.5931,2.6931,360.95,360.98,0.117,311.883,360.45,360.64,0.3819,0.9036,0.0000062500,0.0004000000,56.4,0.0
2026-09-04T13:39:40.323+00:00,A_sell_B_buy,8.5931,2.6931,360.95,360.98,0.117,535.035,360.45,360.64,0.3819,0.9036,0.0000062500,0.0004000000,0.0,4.9
2026-09-04T13:39:40.327+00:00,A_sell_B_buy,8.5931,2.6931,360.95,360.98,0.117,535.035,360.45,360.64,0.3819,28.6344,0.0000062500,0.0004000000,4.6,0.0
2026-09-04T13:39:40.394+00:00,A_sell_B_buy,8.5931,2.6931,360.95,360.98,0.117,535.035,360.45,360.64,0.2694,28.6344,0.0000062500,0.0004000000,71.2,0.1
2026-09-04T13:39:40.954+00:00,A_sell_B_buy,8.6011,2.7011,360.61,360.62,0.04,22.753,360.15,360.3,0.0395,1.0446,0.0000062500,0.0004000000,105.7,0.2
2026-09-04T13:39:40.989+00:00,A_sell_B_buy,12.4866,6.5866,360.61,360.62,0.04,22.753,360.15,360.16,0.0395,0.8962,0.0000062500,0.0004000000,140.4,0.1
2026-09-04T13:39:40.989+00:00,A_sell_B_buy,8.6027,2.7027,360.47,360.62,0.051,22.753,360.15,360.16,0.0395,0.8962,0.0000062500,0.0004000000,0.2,0.2
2026-09-04T13:39:41.016+00:00,A_sell_B_buy,8.6039,2.7039,360.47,360.62,0.051,22.753,359.96,360.16,16.1993,0.8962,0.0000062500,0.0004000000,28.0,0.1
2026-09-04T13:39:41.020+00:00,A_sell_B_buy,8.8814,2.9814,360.47,360.62,0.051,22.753,359.97,360.15,0.1906,1.0626,0.0000062500,0.0004000000,31.7,0.0
2026-09-04T13:39:41.023+00:00,A_sell_B_buy,8.8820,2.9820,360.47,360.52,0.051,27.7,359.97,360.15,0.1906,1.0626,0.0000062500,0.0004000000,0.0,3.1
2026-09-04T13:39:41.077+00:00,A_sell_B_buy,9.1597,3.2597,360.47,360.52,0.051,27.7,359.97,360.14,0.1906,8.3204,0.0000062500,0.0004000000,53.6,0.1
2026-09-04T13:39:41.194+00:00,A_sell_B_buy,9.1599,3.2599,360.47,360.49,0.011,54.928,359.97,360.14,0.1906,8.3204,0.0000062500,0.0004000000,0.1,117.5
2026-09-04T13:39:41.306+00:00,A_sell_B_buy,9.4375,3.5375,360.47,360.49,0.011,54.928,359.97,360.13,0.1906,1.0815,0.0000062500,0.0004000000,111.7,0.1
2026-09-04T13:39:41.329+00:00,A_sell_B_buy,9.4375,3.5375,360.47,360.49,0.011,54.928,359.97,360.13,27.9214,1.0815,0.0000062500,0.0004000000,134.7,0.0
2026-09-04T13:39:43.764+00:00,B_sell_A_buy,6.1092,0.2092,359.95,359.96,12.986,6.19,360.18,360.36,0.6616,1.0368,0.0000062500,0.0004000000,84.5,0.0
2026-09-04T13:39:50.534+00:00,B_sell_A_buy,6.3842,0.4842,360.06,360.09,32.01,27.605,360.32,360.58,16.1993,8.3204,0.0000062500,0.0004000000,114.8,0.1
2026-09-04T13:39:50.570+00:00,B_sell_A_buy,6.6618,0.7618,360.06,360.09,32.01,27.605,360.33,360.58,0.1796,8.3204,0.0000062500,0.0004000000,151.9,0.1
2026-09-04T13:39:50.574+00:00,B_sell_A_buy,6.6618,0.7618,360.06,360.09,32.01,27.605,360.33,360.57,0.1796,1.0369,0.0000062500,0.0004000000,155.2,0.0
2026-09-04T13:39:50.578+00:00,B_sell_A_buy,6.6618,0.7618,360.06,360.09,32.01,27.605,360.33,360.57,8.5,1.0369,0.0000062500,0.0004000000,159.3,0.0
2026-09-04T13:39:50.629+00:00,B_sell_A_buy,9.4374,3.5374,360.06,360.09,32.01,27.605,360.43,360.49,0.1607,0.9426,0.0000062500,0.0004000000,210.4,0.1
2026-09-04T13:39:50.629+00:00,B_sell_A_buy,9.4369,3.5369,360.06,360.09,32.01,27.605,360.43,360.57,0.1607,1.0369,0.0000062500,0.0004000000,210.5,0.2
2026-09-04T13:39:50.629+00:00,B_sell_A_buy,9.4372,3.5372,360.06,360.09,32.01,27.605,360.43,360.52,0.1607,10.9484,0.0000062500,0.0004000000,210.5,0.2
2026-09-04T13:39:50.632+00:00,B_sell_A_buy,6.6620,0.7620,360.06,360.09,32.01,27.605,360.33,360.52,0.1796,10.9484,0.0000062500,0.0004000000,213.3,0.1
2026-09-04T13:39:50.639+00:00,B_sell_A_buy,6.6620,0.7620,360.06,360.09,43.569,27.605,360.33,360.52,0.1796,10.9484,0.0000062500,0.0004000000,0.0,6.9
2026-09-04T13:39:50.666+00:00,B_sell_A_buy,6.6621,0.7621,360.06,360.09,43.569,27.605,360.33,360.51,0.1796,0.9521,0.0000062500,0.0004000000,26.4,0.1
2026-09-04T13:39:50.742+00:00,B_sell_A_buy,8.0494,2.1494,360.08,360.13,39.511,2.777,360.42,360.48,0.1834,0.933,0.0000062500,0.0004000000,62.0,0.0
2026-09-04T13:39:50.749+00:00,B_sell_A_buy,8.0492,2.1492,360.08,360.13,39.511,2.777,360.42,360.5,0.1834,36.0512,0.0000062500,0.0004000000,68.4,0.0
2026-09-04T13:39:50.749+00:00,B_sell_A_buy,8.0492,2.1492,360.08,360.13,39.511,2.777,360.42,360.5,0.1834,27.7308,0.0000062500,0.0004000000,68.4,0.1
2026-09-04T13:39:50.753+00:00,B_sell_A_buy,8.0492,2.1492,360.08,360.13,39.511,2.777,360.42,360.51,0.1834,0.9521,0.0000062500,0.0004000000,73.2,0.0
2026-09-04T13:39:50.763+00:00,B_sell_A_buy,8.0494,2.1494,360.08,360.13,39.511,2.777,360.42,360.48,0.1834,0.9986,0.0000062500,0.0004000000,82.5,0.0
2026-09-04T13:39:50.798+00:00,B_sell_A_buy,8.0494,2.1494,360.08,360.13,39.511,2.777,360.42,360.47,0.1834,8.3204,0.0000062500,0.0004000000,118.8,0.0
2026-09-04T13:39:50.809+00:00,B_sell_A_buy,6.6612,0.7612,360.12,360.18,31.45,7.546,360.42,360.47,0.1834,8.3204,0.0000062500,0.0004000000,0.0,10.5
2026-09-04T13:39:58.957+00:00,B_sell_A_buy,6.1094,0.2094,359.92,359.93,11.715,7.604,360.15,360.41,10.9454,0.8906,0.0000062500,0.0004000000,6.9,0.0
2026-09-04T13:39:58.971+00:00,B_sell_A_buy,6.1093,0.2093,359.92,359.93,11.715,7.604,360.15,360.43,10.9454,0.2678,0.0000062500,0.0004000000,20.5,0.0
2026-09-04T13:39:59.062+00:00,B_sell_A_buy,6.3869,0.4869,359.92,359.93,11.715,7.604,360.16,360.43,8.3204,0.2678,0.0000062500,0.0004000000,111.6,0.0
2026-09-04T13:39:59.068+00:00,B_sell_A_buy,6.3869,0.4869,359.92,359.93,11.715,7.604,360.16,360.43,22.2204,0.2678,0.0000062500,0.0004000000,118.3,0.0
2026-09-04T13:39:59.072+00:00,B_sell_A_buy,6.3870,0.4870,359.9,359.93,16.772,7.604,360.16,360.43,22.2204,0.2678,0.0000062500,0.0004000000,0.1,4.1
2026-09-04T13:39:59.072+00:00,B_sell_A_buy,7.4983,1.5983,359.84,359.89,3.373,5.071,360.16,360.43,22.2204,0.2678,0.0000062500,0.0004000000,0.1,4.2
2026-09-04T13:39:59.093+00:00,B_sell_A_buy,7.4983,1.5983,359.84,359.89,3.373,5.071,360.16,360.43,43.8195,0.2678,0.0000062500,0.0004000000,21.0,0.0
2026-09-04T13:39:59.143+00:00,B_sell_A_buy,7.4975,1.5975,359.84,359.89,3.373,5.071,360.16,360.59,43.8195,0.5374,0.0000062500,0.0004000000,70.2,0.1
2026-09-04T13:39:59.144+00:00,B_sell_A_buy,10.5512,4.6512,359.84,359.89,3.373,5.071,360.27,360.59,53.8254,0.5374,0.0000062500,0.0004000000,72.1,0.0
2026-09-04T13:39:59.153+00:00,B_sell_A_buy,10.8288,4.9288,359.84,359.89,3.373,5.071,360.28,360.59,10.9454,0.5374,0.0000062500,0.0004000000,80.1,0.0
2026-09-04T13:39:59.175+00:00,B_sell_A_buy,10.8289,4.9289,359.84,359.89,3.373,5.071,360.28,360.58,10.9454,0.9691,0.0000062500,0.0004000000,103.7,0.0
2026-09-04T13:39:59.189+00:00,B_sell_A_buy,10.8286,4.9286,359.88,359.89,14.446,5.071,360.28,360.58,10.9454,0.9691,0.0000062500,0.0004000000,0.0,13.4
2026-09-04T13:39:59.202+00:00,B_sell_A_buy,11.1062,5.2062,359.88,359.89,14.446,5.071,360.29,360.58,8.3204,0.9691,0.0000062500,0.0004000000,13.1,0.1
2026-09-04T13:39:59.202+00:00,B_sell_A_buy,11.1063,5.2063,359.88,359.89,14.446,5.071,360.29,360.57,8.3204,8.3204,0.0000062500,0.0004000000,13.2,0.1
2026-09-04T13:39:59.203+00:00,B_sell_A_buy,11.3838,5.4838,359.88,359.89,14.446,5.071,360.3,360.57,21.5991,8.3204,0.0000062500,0.0004000000,15.1,0.0
2026-09-04T13:39:59.208+00:00,B_sell_A_buy,11.3838,5.4838,359.88,359.89,14.446,5.071,360.3,360.57,21.5991,9.3859,0.0000062500,0.0004000000,18.9,0.0
2026-09-04T13:39:59.230+00:00,B_sell_A_buy,11.3838,5.4838,359.88,359.89,14.446,5.071,360.3,360.57,21.5991,8.3204,0.0000062500,0.0004000000,40.7,0.0
2026-09-04T13:39:59.234+00:00,B_sell_A_buy,11.3838,5.4838,359.88,359.89,14.446,5.071,360.3,360.58,21.5991,0.9691,0.0000062500,0.0004000000,44.3,0.0
2026-09-04T13:39:59.272+00:00,B_sell_A_buy,11.3838,5.4838,359.88,359.89,14.446,5.071,360.3,360.58,21.5991,28.6999,0.0000062500,0.0004000000,83.2,0.0
2026-09-04T13:39:59.275+00:00,B_sell_A_buy,11.6613,5.7613,359.88,359.89,14.446,5.071,360.31,360.58,13.9,28.6999,0.0000062500,0.0004000000,86.2,0.0
2026-09-04T13:39:59.296+00:00,B_sell_A_buy,11.3838,5.4838,359.88,359.89,14.446,5.071,360.3,360.58,21.5991,28.6999,0.0000062500,0.0004000000,106.5,0.0
2026-09-04T13:40:06.215+00:00,B_sell_A_buy,6.1048,0.2048,360.17,360.25,79.823,21.132,360.47,360.61,1.0285,10.9549,0.0000062500,0.0004000000,116.1,0.1
2026-09-04T13:40:13.011+00:00,A_sell_B_buy,7.5014,1.6014,360.11,360.12,0.163,21.203,359.67,359.84,43.9301,8.3232,0.0000062500,0.0004000000,23.6,0.1
2026-09-04T13:40:13.084+00:00,A_sell_B_buy,6.6677,0.7677,360.11,360.12,0.163,41.828,359.68,359.87,0.2639,8.3204,0.0000062500,0.0004000000,16.2,0.1
2026-09-04T13:40:13.124+00:00,A_sell_B_buy,11.6699,5.7699,360.11,360.12,0.163,41.828,359.68,359.69,0.2639,0.975,0.0000062500,0.0004000000,56.1,0.1
2026-09-04T13:40:13.264+00:00,A_sell_B_buy,11.6702,5.7702,360.11,360.12,0.163,41.828,359.64,359.69,0.0396,0.975,0.0000062500,0.0004000000,196.7,0.1
2026-09-04T13:40:13.279+00:00,A_sell_B_buy,12.7820,6.8820,360.11,360.12,0.163,41.828,359.64,359.65,0.0396,1.0281,0.0000062500,0.0004000000,210.7,0.0
2026-09-04T13:40:13.290+00:00,A_sell_B_buy,12.7820,6.8820,360.11,360.12,0.163,179.972,359.64,359.65,0.0396,1.0281,0.0000062500,0.0004000000,0.0,11.3
2026-09-04T13:40:13.290+00:00,A_sell_B_buy,11.6702,5.7702,360.11,360.12,0.163,179.972,359.64,359.69,0.0396,0.975,0.0000062500,0.0004000000,0.1,0.1
2026-09-04T13:40:13.323+00:00,A_sell_B_buy,11.6702,5.7702,360.11,360.12,0.163,179.972,359.64,359.69,1.0638,0.975,0.0000062500,0.0004000000,32.3,0.0
2026-09-04T13:40:13.323+00:00,A_sell_B_buy,11.6702,5.7702,360.11,360.12,0.163,179.972,359.64,359.69,0.0396,0.975,0.0000062500,0.0004000000,32.3,0.1
2026-09-04T13:40:13.387+00:00,A_sell_B_buy,11.6702,5.7702,360.11,360.12,0.163,252.719,359.64,359.69,0.0396,0.975,0.0000062500,0.0004000000,0.0,64.8
2026-09-04T13:40:13.422+00:00,A_sell_B_buy,12.7820,6.8820,360.11,360.12,0.163,252.719,359.64,359.65,0.0396,0.9848,0.0000062500,0.0004000000,34.8,0.0
2026-09-04T13:40:13.537+00:00,A_sell_B_buy,6.6700,0.7700,359.89,360.11,0.091,5.388,359.64,359.65,0.0396,0.9848,0.0000062500,0.0004000000,0.0,114.5
2026-09-04T13:40:13.603+00:00,A_sell_B_buy,6.6700,0.7700,359.89,360.11,0.091,5.388,359.64,359.65,0.9943,27.7308,0.0000062500,0.0004000000,67.2,0.1
2026-09-04T13:40:13.609+00:00,A_sell_B_buy,6.6700,0.7700,359.89,360.11,0.091,5.388,359.64,359.65,28.7251,27.7308,0.0000062500,0.0004000000,72.5,0.0
2026-09-04T13:40:13.609+00:00,A_sell_B_buy,6.6705,0.7705,359.89,359.99,0.091,21.23,359.64,359.65,28.7251,27.7308,0.0000062500,0.0004000000,0.1,0.1
2026-09-04T13:40:15.659+00:00,B_sell_A_buy,6.1123,0.2123,359.71,359.79,27.605,0.052,360.01,360.21,16.6436,0.9415,0.0000062500,0.0004000000,91.3,0.1
2026-09-04T13:40:15.659+00:00,B_sell_A_buy,6.1123,0.2123,359.71,359.79,27.605,0.052,360.01,360.21,16.6436,28.6723,0.0000062500,0.0004000000,91.4,0.2
2026-09-04T13:40:15.659+00:00,B_sell_A_buy,6.1121,0.2121,359.76,359.79,11.601,0.052,360.01,360.21,16.6436,28.6723,0.0000062500,0.0004000000,0.2,0.2
2026-09-04T13:40:15.659+00:00,B_sell_A_buy,6.1120,0.2120,359.78,359.79,95.933,0.052,360.01,360.21,16.6436,28.6723,0.0000062500,0.0004000000,0.2,0.3
2026-09-04T13:40:15.675+00:00,B_sell_A_buy,6.3898,0.4898,359.78,359.79,95.933,0.052,360.02,360.21,1.0938,28.6723,0.0000062500,0.0004000000,15.8,0.0
2026-09-04T13:40:15.682+00:00,B_sell_A_buy,6.3898,0.4898,359.78,359.79,95.933,0.052,360.02,360.2,1.0938,10.9469,0.0000062500,0.0004000000,23.0,0.1
2026-09-04T13:40:15.702+00:00,B_sell_A_buy,6.3898,0.4898,359.78,359.79,95.933,0.052,360.02,360.21,1.0938,0.9415,0.0000062500,0.0004000000,42.5,0.0
2026-09-04T13:40:15.730+00:00,B_sell_A_buy,6.3899,0.4899,359.78,359.79,95.933,0.052,360.02,360.19,1.0938,8.3232,0.0000062500,0.0004000000,70.3,0.0
2026-09-04T13:40:15.769+00:00,B_sell_A_buy,6.3898,0.4898,359.78,359.79,95.933,0.052,360.02,360.21,1.0938,0.9415,0.0000062500,0.0004000000,110.0,0.0
2026-09-04T13:40:15.769+00:00,B_sell_A_buy,6.3899,0.4899,359.78,359.79,95.933,0.052,360.02,360.18,1.0938,0.9105,0.0000062500,0.0004000000,110.1,0.1
2026-09-04T13:40:15.799+00:00,B_sell_A_buy,6.3899,0.4899,359.78,359.79,120.119,0.052,360.02,360.18,1.0938,0.9105,0.0000062500,0.0004000000,0.0,29.2
2026-09-04T13:40:15.897+00:00,B_sell_A_buy,6.6677,0.7677,359.78,359.79,120.119,0.052,360.03,360.18,8.3232,0.9105,0.0000062500,0.0004000000,98.1,0.1
2026-09-04T13:40:15.924+00:00,B_sell_A_buy,6.9455,1.0455,359.78,359.79,120.119,0.052,360.04,360.18,0.985,0.9105,0.0000062500,0.0004000000,126.2,0.0
2026-09-04T13:40:28.821+00:00,B_sell_A_buy,6.1148,0.2148,359.54,359.65,0.182,62.997,359.87,360.08,1.093,0.9284,0.0000062500,0.0004000000,99.6,0.1
2026-09-04T13:40:28.832+00:00,B_sell_A_buy,6.1148,0.2148,359.54,359.65,0.182,62.997,359.87,360.08,28.8238,0.9284,0.0000062500,0.0004000000,110.9,0.1
2026-09-04T13:40:28.842+00:00,B_sell_A_buy,6.1148,0.2148,359.54,359.65,0.182,62.997,359.87,360.06,28.8238,68.6949,0.0000062500,0.0004000000,121.0,0.0
2026-09-04T13:40:28.853+00:00,B_sell_A_buy,6.1145,0.2145,359.62,359.65,16.489,0.401,359.87,360.06,28.8238,68.6949,0.0000062500,0.0004000000,0.1,10.9
2026-09-04T13:40:28.868+00:00,B_sell_A_buy,6.1146,0.2146,359.62,359.65,16.489,0.401,359.87,360.05,28.8238,1.085,0.0000062500,0.0004000000,16.1,0.1
2026-09-04T13:40:28.883+00:00,B_sell_A_buy,6.1147,0.2147,359.62,359.65,16.489,0.401,359.87,360.02,28.8238,8.3232,0.0000062500,0.0004000000,30.0,0.0
2026-09-04T13:40:28.883+00:00,B_sell_A_buy,6.1146,0.2146,359.62,359.65,16.489,0.401,359.87,360.05,28.8238,1.085,0.0000062500,0.0004000000,30.1,0.1
2026-09-04T13:40:28.894+00:00,B_sell_A_buy,6.1146,0.2146,359.62,359.65,16.489,0.401,359.87,360.05,1.093,1.085,0.0000062500,0.0004000000,40.5,0.0
2026-09-04T13:40:28.899+00:00,B_sell_A_buy,6.1146,0.2146,359.62,359.65,16.489,0.401,359.87,360.04,1.093,8.3232,0.0000062500,0.0004000000,45.8,0.1
2026-09-04T13:40:28.922+00:00,B_sell_A_buy,6.1146,0.2146,359.62,359.65,16.489,0.401,359.87,360.03,1.093,1.0409,0.0000062500,0.0004000000,68.6,0.0
2026-09-04T13:40:28.934+00:00,B_sell_A_buy,6.1146,0.2146,359.62,359.65,16.489,3.181,359.87,360.03,1.093,1.0409,0.0000062500,0.0004000000,0.0,12.8
2026-09-04T13:40:28.934+00:00,B_sell_A_buy,6.1146,0.2146,359.62,359.65,13.708,3.181,359.87,360.03,1.093,1.0409,0.0000062500,0.0004000000,0.1,12.9
2026-09-04T13:40:28.977+00:00,B_sell_A_buy,6.1146,0.2146,359.63,359.65,27.7,0.401,359.87,360.03,1.093,1.0409,0.0000062500,0.0004000000,0.0,54.8
2026-09-04T13:40:29.034+00:00,B_sell_A_buy,6.1146,0.2146,359.63,359.65,27.7,0.401,359.87,360.03,1.093,28.7717,0.0000062500,0.0004000000,57.0,0.1
2026-09-04T13:40:34.171+00:00,B_sell_A_buy,7.5020,1.6020,359.75,359.76,12.004,2.78,360.03,360.08,8.3232,9.3872,0.0000062500,0.0004000000,39.4,0.1
2026-09-04T13:40:34.179+00:00,B_sell_A_buy,7.2242,1.3242,359.75,359.76,12.004,2.78,360.02,360.08,8.3204,9.3872,0.0000062500,0.0004000000,47.6,0.0
2026-09-04T13:40:41.224+00:00,B_sell_A_buy,8.6083,2.7083,359.93,359.97,2.778,14.455,360.28,360.29,0.8893,0.0765,0.0000062500,0.0004000000,204.9,0.1
2026-09-04T13:40:41.270+00:00,B_sell_A_buy,8.6082,2.7082,359.94,359.97,27.7,14.455,360.28,360.29,0.8893,0.0765,0.0000062500,0.0004000000,0.1,46.1
2026-09-04T13:40:41.291+00:00,B_sell_A_buy,8.6082,2.7082,359.94,359.97,30.478,11.677,360.28,360.29,0.8893,0.0765,0.0000062500,0.0004000000,0.0,66.4
2026-09-04T13:40:41.406+00:00,B_sell_A_buy,8.6082,2.7082,359.94,359.97,30.478,11.677,360.28,360.29,9.2097,0.0765,0.0000062500,0.0004000000,115.8,0.1
2026-09-04T13:40:41.406+00:00,B_sell_A_buy,8.8860,2.9860,359.94,359.96,55.4,2.778,360.28,360.29,9.2097,0.0765,0.0000062500,0.0004000000,0.2,0.2
2026-09-04T13:40:41.406+00:00,B_sell_A_buy,9.1637,3.2637,359.94,359.95,27.7,27.605,360.28,360.29,9.2097,0.0765,0.0000062500,0.0004000000,0.1,0.2
2026-09-04T13:40:41.409+00:00,B_sell_A_buy,9.1637,3.2637,359.94,359.95,27.7,27.605,360.28,360.29,0.8893,0.0765,0.0000062500,0.0004000000,3.3,0.0
2026-09-04T13:40:41.516+00:00,B_sell_A_buy,9.1637,3.2637,359.94,359.95,27.7,27.605,360.28,360.29,9.2097,0.0765,0.0000062500,0.0004000000,109.7,0.1
2026-09-04T13:40:41.518+00:00,B_sell_A_buy,9.1637,3.2637,359.94,359.95,27.7,27.605,360.28,360.29,0.8893,0.0765,0.0000062500,0.0004000000,112.1,0.1
2026-09-04T13:40:41.570+00:00,B_sell_A_buy,9.1647,3.2647,359.79,359.95,0.555,27.605,360.28,360.29,0.8893,0.0765,0.0000062500,0.0004000000,0.1,51.1
2026-09-04T13:40:41.595+00:00,B_sell_A_buy,8.8860,2.9860,359.94,359.96,143.392,8.02,360.28,360.29,0.8893,0.0765,0.0000062500,0.0004000000,0.1,76.5
2026-09-04T13:40:41.707+00:00,B_sell_A_buy,8.8859,2.9859,359.95,359.96,310.286,8.02,360.28,360.29,0.8893,0.0765,0.0000062500,0.0004000000,0.1,189.3
2026-09-04T13:40:41.717+00:00,B_sell_A_buy,8.8859,2.9859,359.95,359.96,310.286,8.02,360.28,360.29,9.2125,0.0765,0.0000062500,0.0004000000,9.5,0.1
2026-09-04T13:40:41.720+00:00,B_sell_A_buy,8.8859,2.9859,359.95,359.96,310.286,8.02,360.28,360.29,0.8893,0.0765,0.0000062500,0.0004000000,12.5,0.0
2026-09-04T13:40:41.736+00:00,B_sell_A_buy,8.8859,2.9859,359.95,359.96,310.286,8.02,360.28,360.29,28.6201,0.0765,0.0000062500,0.0004000000,28.1,0.0
2026-09-04T13:40:41.746+00:00,B_sell_A_buy,8.8859,2.9859,359.95,359.96,314.624,8.02,360.28,360.29,28.6201,0.0765,0.0000062500,0.0004000000,0.0,10.5
2026-09-04T13:40:41.821+00:00,B_sell_A_buy,8.8859,2.9859,359.95,359.96,328.051,2.494,360.28,360.29,28.6201,0.0765,0.0000062500,0.0004000000,0.0,85.6
2026-09-04T13:41:30.955+00:00,B_sell_A_buy,9.2014,3.3014,358.45,358.48,2.79,11.406,358.81,358.82,0.9479,0.0768,0.0000062500,0.0004000000,272.0,0.1
2026-09-04T13:41:31.012+00:00,B_sell_A_buy,9.2016,3.3016,358.43,358.48,48.613,11.406,358.81,358.82,0.9479,0.0768,0.0000062500,0.0004000000,0.0,57.3
2026-09-04T13:41:31.155+00:00,B_sell_A_buy,7.8069,1.9069,358.47,358.53,50.176,2.567,358.81,358.82,0.9479,0.0768,0.0000062500,0.0004000000,0.1,200.3
2026-09-04T13:41:31.155+00:00,B_sell_A_buy,7.8060,1.9060,358.47,358.53,50.176,2.567,358.81,358.98,0.9479,0.039,0.0000062500,0.0004000000,0.2,0.2
2026-09-04T13:41:31.173+00:00,B_sell_A_buy,8.0848,2.1848,358.47,358.53,50.176,2.567,358.82,358.98,0.9823,1.0687,0.0000062500,0.0004000000,18.4,0.0
2026-09-04T13:41:31.179+00:00,B_sell_A_buy,7.8060,1.9060,358.47,358.53,50.176,2.567,358.81,358.98,0.9479,1.0687,0.0000062500,0.0004000000,25.0,0.0
2026-09-04T13:41:31.205+00:00,B_sell_A_buy,7.8060,1.9060,358.47,358.53,50.176,2.567,358.81,358.98,0.9479,28.7995,0.0000062500,0.0004000000,50.4,0.0
2026-09-04T13:41:31.212+00:00,B_sell_A_buy,8.0848,2.1848,358.47,358.53,50.176,2.567,358.82,358.97,1.0449,1.0965,0.0000062500,0.0004000000,58.1,0.1
2026-09-04T13:41:31.233+00:00,B_sell_A_buy,8.0848,2.1848,358.47,358.53,50.176,2.567,358.82,358.97,9.3653,1.0965,0.0000062500,0.0004000000,78.3,0.0
2026-09-04T13:41:31.233+00:00,B_sell_A_buy,8.0848,2.1848,358.47,358.53,50.176,2.567,358.82,358.97,16.6436,1.0965,0.0000062500,0.0004000000,78.4,0.1
2026-09-04T13:41:31.233+00:00,B_sell_A_buy,8.0848,2.1848,358.47,358.53,50.176,2.567,358.82,358.97,8.3232,1.0965,0.0000062500,0.0004000000,78.4,0.1
2026-09-04T13:41:31.264+00:00,B_sell_A_buy,6.4124,0.5124,358.47,358.53,50.176,2.567,358.76,358.97,8.3232,1.0965,0.0000062500,0.0004000000,109.4,0.0
2026-09-04T13:41:31.281+00:00,B_sell_A_buy,6.6911,0.7911,358.47,358.53,50.176,2.567,358.77,358.97,0.9275,1.0965,0.0000062500,0.0004000000,126.2,0.0
2026-09-04T13:41:31.829+00:00,B_sell_A_buy,6.1314,0.2314,358.53,358.75,82.814,0.078,358.97,358.98,0.9624,0.039,0.0000062500,0.0004000000,28.4,0.0
2026-09-04T13:41:39.224+00:00,B_sell_A_buy,9.4721,3.5721,358.76,358.78,50.255,2.787,359.12,359.13,0.9925,0.0397,0.0000062500,0.0004000000,31.4,0.1
2026-09-04T13:41:39.304+00:00,B_sell_A_buy,6.6867,0.7867,358.76,358.78,50.255,2.787,359.02,359.13,8.3204,27.7705,0.0000062500,0.0004000000,112.3,0.0
2026-09-04T13:41:39.309+00:00,B_sell_A_buy,6.4081,0.5081,358.76,358.78,50.255,2.787,359.01,359.13,8.3232,27.7705,0.0000062500,0.0004000000,117.3,0.0
2026-09-04T13:41:39.404+00:00,B_sell_A_buy,8.9151,3.0151,358.76,358.78,61.17,2.787,359.1,359.13,1.0461,27.7705,0.0000062500,0.0004000000,49.4,0.1
2026-09-04T13:41:39.455+00:00,B_sell_A_buy,7.5218,1.6218,358.77,358.83,2.787,0.55,359.1,359.13,1.0461,27.7705,0.0000062500,0.0004000000,0.0,50.5
2026-09-04T13:41:42.976+00:00,B_sell_A_buy,6.1280,0.2280,358.87,358.9,124.32,4.974,359.12,359.13,1.0296,0.0397,0.0000062500,0.0004000000,609.6,0.0
2026-09-04T13:41:42.980+00:00,B_sell_A_buy,6.1280,0.2280,358.89,358.9,14.341,4.974,359.12,359.13,1.0296,0.0397,0.0000062500,0.0004000000,0.0,4.8
2026-09-04T13:41:50.135+00:00,B_sell_A_buy,6.4081,0.5081,358.75,358.76,0.079,11.872,358.99,359.18,16.1993,0.5395,0.0000062500,0.0004000000,37.1,0.0
2026-09-04T13:41:50.166+00:00,B_sell_A_buy,6.6867,0.7867,358.75,358.76,0.079,11.872,359.0,359.18,8.3204,0.5395,0.0000062500,0.0004000000,68.1,0.1
2026-09-04T13:41:50.173+00:00,B_sell_A_buy,6.6867,0.7867,358.75,358.76,0.079,11.872,359.0,359.17,9.3587,1.0846,0.0000062500,0.0004000000,75.5,0.0
2026-09-04T13:41:50.259+00:00,B_sell_A_buy,6.6868,0.7868,358.75,358.76,0.079,11.872,359.0,359.16,9.3587,0.2755,0.0000062500,0.0004000000,161.4,0.1
2026-09-04T13:41:50.326+00:00,B_sell_A_buy,6.6868,0.7868,358.75,358.76,0.079,11.872,359.0,359.15,9.3587,0.897,0.0000062500,0.0004000000,228.1,0.1
2026-09-04T13:41:50.337+00:00,B_sell_A_buy,6.6868,0.7868,358.75,358.76,0.079,11.872,359.0,359.15,9.3587,28.6278,0.0000062500,0.0004000000,238.9,0.0
2026-09-04T13:41:50.371+00:00,B_sell_A_buy,6.6869,0.7869,358.75,358.76,0.079,11.872,359.0,359.14,9.3587,0.2697,0.0000062500,0.0004000000,273.2,0.0
2026-09-04T13:41:50.398+00:00,B_sell_A_buy,6.6869,0.7869,358.75,358.76,0.079,11.872,359.0,359.14,9.3587,8.5901,0.0000062500,0.0004000000,299.7,0.0
2026-09-04T13:41:50.398+00:00,B_sell_A_buy,6.9654,1.0654,358.75,358.76,0.079,11.872,359.01,359.14,8.3232,8.5901,0.0000062500,0.0004000000,299.8,0.1
2026-09-04T13:41:50.412+00:00,B_sell_A_buy,6.9654,1.0654,358.75,358.76,0.079,11.872,359.01,359.14,36.054,8.5901,0.0000062500,0.0004000000,313.3,0.1
2026-09-04T13:41:50.424+00:00,B_sell_A_buy,7.2441,1.3441,358.75,358.76,0.079,11.872,359.02,359.13,0.9645,1.0699,0.0000062500,0.0004000000,326.2,0.1
2026-09-04T13:42:05.073+00:00,A_sell_B_buy,6.6921,0.7921,358.75,358.76,0.083,27.7,358.5,358.51,0.2771,0.9819,0.0000062500,0.0004000000,10.8,0.0
2026-09-04T13:42:05.173+00:00,A_sell_B_buy,6.6921,0.7921,358.75,358.76,0.083,27.7,358.5,358.51,0.2771,1.0479,0.0000062500,0.0004000000,110.9,0.1
2026-09-04T13:42:05.254+00:00,A_sell_B_buy,6.6921,0.7921,358.75,358.76,0.083,39.401,358.5,358.51,0.2771,1.0479,0.0000062500,0.0004000000,0.1,80.5
2026-09-04T13:42:18.623+00:00,B_sell_A_buy,12.5495,6.6495,358.33,358.36,11.61,36.811,358.81,358.82,0.9826,0.0768,0.0000062500,0.0004000000,24.1,0.0
2026-09-04T13:42:18.663+00:00,B_sell_A_buy,12.5495,6.6495,358.33,358.36,11.61,36.811,358.81,358.82,0.9826,1.0591,0.0000062500,0.0004000000,65.1,0.0
2026-09-04T13:42:18.669+00:00,B_sell_A_buy,12.5495,6.6495,358.33,358.36,11.61,36.811,358.81,358.82,0.9826,0.0768,0.0000062500,0.0004000000,70.9,0.0
2026-09-04T13:42:18.680+00:00,B_sell_A_buy,12.5495,6.6495,358.33,358.36,11.61,36.811,358.81,358.82,0.9826,1.0519,0.0000062500,0.0004000000,82.0,0.1
2026-09-04T13:42:18.681+00:00,B_sell_A_buy,12.5495,6.6495,358.33,358.36,11.61,36.811,358.81,358.82,0.9826,0.0768,0.0000062500,0.0004000000,82.1,0.1
2026-09-04T13:42:18.691+00:00,B_sell_A_buy,12.5495,6.6495,358.33,358.36,11.61,36.811,358.81,358.82,0.9826,1.0303,0.0000062500,0.0004000000,93.1,0.1
2026-09-04T13:42:18.695+00:00,B_sell_A_buy,12.5495,6.6495,358.33,358.36,11.61,36.811,358.81,358.82,0.9826,0.0768,0.0000062500,0.0004000000,96.5,0.0
2026-09-04T13:42:18.723+00:00,B_sell_A_buy,12.5495,6.6495,358.33,358.36,11.61,36.811,358.81,358.82,0.9826,0.9817,0.0000062500,0.0004000000,125.0,0.1
2026-09-04T13:42:18.730+00:00,B_sell_A_buy,11.9919,6.0919,358.33,358.36,11.61,36.811,358.79,358.82,8.3204,0.9817,0.0000062500,0.0004000000,132.1,0.0
2026-09-04T13:42:18.735+00:00,B_sell_A_buy,11.9919,6.0919,358.33,358.36,11.61,36.811,358.79,358.82,8.3204,0.0768,0.0000062500,0.0004000000,136.2,0.0
2026-09-04T13:42:18.978+00:00,B_sell_A_buy,6.1363,0.2363,358.35,358.36,45.509,6.522,358.58,358.8,0.9593,8.3232,0.0000062500,0.0004000000,75.3,0.0
2026-09-04T13:42:19.053+00:00,B_sell_A_buy,6.1363,0.2363,358.35,358.36,45.509,6.522,358.58,358.79,0.9593,0.2688,0.0000062500,0.0004000000,150.0,0.1
2026-09-04T13:42:19.084+00:00,B_sell_A_buy,6.1363,0.2363,358.35,358.36,45.509,6.522,358.58,358.79,0.9593,1.34,0.0000062500,0.0004000000,181.0,0.1
2026-09-04T13:42:55.475+00:00,B_sell_A_buy,6.1478,0.2478,357.73,357.74,16.024,2.45,357.96,357.97,0.942,27.7308,0.0000062500,0.0004000000,74.5,0.0
2026-09-04T13:43:47.119+00:00,B_sell_A_buy,6.7168,0.8168,357.14,357.15,62.755,3.993,357.39,357.58,0.9435,0.2711,0.0000062500,0.0004000000,143.9,0.1
2026-09-04T13:44:00.969+00:00,B_sell_A_buy,6.1526,0.2526,357.38,357.49,144.963,0.402,357.71,357.72,0.9763,0.077,0.0000062500,0.0004000000,127.6,0.1
2026-09-04T13:44:00.985+00:00,B_sell_A_buy,6.4322,0.5322,357.4,357.48,18.092,2.797,357.71,357.72,0.9763,0.077,0.0000062500,0.0004000000,0.0,15.6
2026-09-04T13:44:01.006+00:00,B_sell_A_buy,7.2713,1.3713,357.4,357.45,18.092,13.291,357.71,357.72,0.9763,0.077,0.0000062500,0.0004000000,0.0,36.6
2026-09-04T13:44:01.017+00:00,B_sell_A_buy,6.1528,0.2528,357.4,357.45,18.092,13.291,357.67,357.72,1.0382,0.077,0.0000062500,0.0004000000,11.5,0.1
2026-09-04T13:44:01.017+00:00,B_sell_A_buy,6.1528,0.2528,357.4,357.45,18.092,13.291,357.67,357.72,9.3614,0.077,0.0000062500,0.0004000000,11.7,0.1
2026-09-04T13:44:01.020+00:00,B_sell_A_buy,6.1528,0.2528,357.4,357.45,18.092,13.291,357.67,357.72,8.3232,0.077,0.0000062500,0.0004000000,14.3,0.0
2026-09-04T13:44:01.161+00:00,B_sell_A_buy,7.5508,1.6508,357.4,357.45,18.092,13.291,357.72,357.75,5.06,16.1993,0.0000062500,0.0004000000,155.0,0.1
2026-09-04T13:44:37.232+00:00,B_sell_A_buy,7.5596,1.6596,357.0,357.01,906.622,110.8,357.28,357.35,1.0241,0.2746,0.0000062500,0.0004000000,357.8,0.1
2026-09-04T13:44:37.232+00:00,B_sell_A_buy,8.1195,2.2195,357.0,357.01,906.622,110.8,357.3,357.35,1.0095,0.2746,0.0000062500,0.0004000000,357.8,0.1
2026-09-04T13:44:37.236+00:00,B_sell_A_buy,7.5596,1.6596,357.0,357.01,906.622,110.8,357.28,357.35,1.0241,0.2746,0.0000062500,0.0004000000,362.3,0.0
2026-09-04T13:44:37.279+00:00,B_sell_A_buy,7.8396,1.9396,357.0,357.01,906.622,110.8,357.29,357.35,1.0855,0.2746,0.0000062500,0.0004000000,405.1,0.0
2026-09-04T13:44:37.395+00:00,B_sell_A_buy,7.8396,1.9396,357.0,357.01,906.622,27.7,357.29,357.35,1.0855,0.2746,0.0000062500,0.0004000000,0.1,116.9
2026-09-04T13:44:37.524+00:00,B_sell_A_buy,8.3994,2.4994,357.0,357.01,906.622,219.718,357.31,357.35,0.9,0.2746,0.0000062500,0.0004000000,52.5,0.0
2026-09-04T13:44:37.528+00:00,B_sell_A_buy,7.5596,1.6596,357.0,357.01,906.622,219.718,357.28,357.35,0.8972,0.2746,0.0000062500,0.0004000000,57.3,0.0
2026-09-04T13:44:37.653+00:00,B_sell_A_buy,6.9989,1.0989,357.0,357.01,906.622,168.017,357.26,357.52,0.9074,0.2746,0.0000062500,0.0004000000,114.8,0.1
2026-09-04T13:44:37.676+00:00,B_sell_A_buy,6.9990,1.0990,357.0,357.01,906.622,168.017,357.26,357.5,0.9074,68.6949,0.0000062500,0.0004000000,138.0,0.1
2026-09-04T13:44:37.686+00:00,B_sell_A_buy,6.9991,1.0991,357.0,357.01,906.622,168.017,357.26,357.49,0.9074,8.3753,0.0000062500,0.0004000000,147.3,0.1
2026-09-04T13:44:37.728+00:00,B_sell_A_buy,7.2790,1.3790,357.0,357.01,906.622,168.017,357.27,357.49,1.0711,8.3753,0.0000062500,0.0004000000,188.7,0.1
2026-09-04T13:44:37.764+00:00,B_sell_A_buy,7.2790,1.3790,357.0,357.01,906.622,168.017,357.27,357.48,1.0711,8.3877,0.0000062500,0.0004000000,225.2,0.1
2026-09-04T13:44:37.780+00:00,B_sell_A_buy,7.5589,1.6589,357.0,357.01,906.622,168.017,357.28,357.48,1.0684,8.3877,0.0000062500,0.0004000000,241.6,0.0
2026-09-04T13:44:37.780+00:00,B_sell_A_buy,7.8389,1.9389,357.0,357.01,906.622,168.017,357.29,357.48,0.8869,8.3877,0.0000062500,0.0004000000,241.7,0.1
2026-09-04T13:44:37.788+00:00,B_sell_A_buy,7.8389,1.9389,357.0,357.01,906.622,57.949,357.29,357.48,0.8869,8.3877,0.0000062500,0.0004000000,0.0,7.5
2026-09-04T13:44:37.792+00:00,B_sell_A_buy,7.8389,1.9389,357.0,357.01,906.622,57.949,357.29,357.48,0.8869,16.7754,0.0000062500,0.0004000000,4.2,0.0
2026-09-04T13:44:37.792+00:00,B_sell_A_buy,7.8389,1.9389,357.0,357.01,906.622,57.949,357.29,357.48,0.8869,8.3877,0.0000062500,0.0004000000,4.2,0.1
2026-09-04T13:44:37.798+00:00,B_sell_A_buy,7.8387,1.9387,357.0,357.01,906.622,57.949,357.29,357.5,0.8869,68.6949,0.0000062500,0.0004000000,11.6,0.1
2026-09-04T13:44:37.823+00:00,B_sell_A_buy,8.1186,2.2186,357.0,357.01,906.622,57.949,357.3,357.5,0.8952,68.6949,0.0000062500,0.0004000000,35.0,0.1
2026-09-04T13:44:37.862+00:00,B_sell_A_buy,7.2789,1.3789,357.0,357.01,906.622,57.949,357.27,357.5,1.0711,68.6949,0.0000062500,0.0004000000,74.1,0.1
2026-09-04T13:44:37.996+00:00,B_sell_A_buy,6.9989,1.0989,357.01,357.03,2.801,27.605,357.28,357.47,8.3877,8.3753,0.0000062500,0.0004000000,0.0,27.2
2026-09-04T13:44:38.025+00:00,B_sell_A_buy,7.2788,1.3788,357.01,357.03,2.801,27.605,357.29,357.47,1.0501,8.3753,0.0000062500,0.0004000000,30.0,0.0
2026-09-04T13:44:38.050+00:00,B_sell_A_buy,7.5587,1.6587,357.01,357.03,2.801,27.605,357.3,357.47,1.0414,8.3753,0.0000062500,0.0004000000,53.5,0.0
2026-09-04T13:44:38.077+00:00,B_sell_A_buy,7.8386,1.9386,357.01,357.03,2.801,27.605,357.31,357.47,0.9758,8.3753,0.0000062500,0.0004000000,81.2,0.0
2026-09-04T13:44:38.077+00:00,B_sell_A_buy,8.1185,2.2185,357.01,357.03,2.801,27.605,357.32,357.47,1.0423,8.3753,0.0000062500,0.0004000000,81.2,0.1
2026-09-04T13:44:38.097+00:00,B_sell_A_buy,7.2788,1.3788,357.01,357.03,2.801,27.605,357.29,357.47,1.0501,8.3753,0.0000062500,0.0004000000,101.4,0.0
2026-09-04T13:44:45.682+00:00,B_sell_A_buy,8.1191,2.2191,357.0,357.01,280.92,50.91,357.3,357.42,0.9307,0.2773,0.0000062500,0.0004000000,55.3,0.0
2026-09-04T13:44:45.682+00:00,B_sell_A_buy,8.1193,2.2193,357.0,357.01,280.92,50.91,357.3,357.39,0.9307,8.3753,0.0000062500,0.0004000000,55.3,0.0
2026-09-04T13:44:45.697+00:00,B_sell_A_buy,8.6791,2.7791,357.0,357.01,280.92,50.91,357.32,357.39,1.0921,8.3753,0.0000062500,0.0004000000,70.0,0.1
2026-09-04T13:44:45.710+00:00,B_sell_A_buy,10.0786,4.1786,357.0,357.01,280.92,50.91,357.37,357.39,1.0136,8.3753,0.0000062500,0.0004000000,83.2,0.0
2026-09-04T13:44:45.710+00:00,B_sell_A_buy,8.9590,3.0590,357.0,357.01,280.92,50.91,357.33,357.39,1.0139,8.3753,0.0000062500,0.0004000000,83.3,0.1
2026-09-04T13:44:45.710+00:00,B_sell_A_buy,8.9589,3.0589,357.0,357.01,280.92,50.91,357.33,357.4,1.0139,68.6949,0.0000062500,0.0004000000,83.3,0.1
2026-09-04T13:44:45.865+00:00,B_sell_A_buy,9.7982,3.8982,357.0,357.01,278.68,50.91,357.36,357.46,0.9308,68.6949,0.0000062500,0.0004000000,132.5,0.2
2026-09-04T13:44:46.035+00:00,B_sell_A_buy,8.9586,3.0586,357.0,357.01,278.68,50.101,357.33,357.46,1.0192,68.6949,0.0000062500,0.0004000000,61.0,0.0
2026-09-04T13:44:47.772+00:00,B_sell_A_buy,6.7169,0.8169,357.11,357.19,119.298,11.347,357.43,357.51,0.9065,68.6949,0.0000062500,0.0004000000,60.2,0.0
2026-09-04T13:44:47.772+00:00,B_sell_A_buy,6.7168,0.8168,357.11,357.19,119.298,11.347,357.43,357.53,0.9065,0.0391,0.0000062500,0.0004000000,60.3,0.1
2026-09-04T13:44:47.780+00:00,B_sell_A_buy,6.7169,0.8169,357.11,357.19,119.298,11.347,357.43,357.5,0.9065,0.2715,0.0000062500,0.0004000000,68.8,0.0
2026-09-04T13:44:47.784+00:00,B_sell_A_buy,6.4370,0.5370,357.11,357.2,119.298,9.834,357.43,357.5,0.9065,0.2715,0.0000062500,0.0004000000,0.0,3.8
2026-09-04T13:44:47.825+00:00,B_sell_A_buy,8.1159,2.2159,357.11,357.2,119.298,9.834,357.49,357.5,0.9872,0.2715,0.0000062500,0.0004000000,40.6,0.1
2026-09-04T13:44:47.846+00:00,B_sell_A_buy,8.1157,2.2157,357.11,357.2,119.298,9.834,357.49,357.53,0.9872,0.0391,0.0000062500,0.0004000000,62.8,0.1
2026-09-04T13:44:47.856+00:00,B_sell_A_buy,8.1157,2.2157,357.11,357.2,224.212,9.421,357.49,357.53,0.9872,0.0391,0.0000062500,0.0004000000,0.0,8.7
2026-09-04T13:44:47.872+00:00,B_sell_A_buy,8.3955,2.4955,357.11,357.2,224.212,9.421,357.5,357.53,1.0311,0.0391,0.0000062500,0.0004000000,17.2,0.0
2026-09-04T13:44:47.940+00:00,B_sell_A_buy,6.4369,0.5369,357.11,357.2,224.212,9.421,357.43,357.53,0.9065,0.0391,0.0000062500,0.0004000000,84.7,0.0
2026-09-04T13:44:47.968+00:00,B_sell_A_buy,6.7167,0.8167,357.11,357.2,224.212,9.421,357.44,357.53,8.3877,0.0391,0.0000062500,0.0004000000,112.4,0.0
2026-09-04T13:44:47.974+00:00,B_sell_A_buy,6.7167,0.8167,357.11,357.2,224.212,9.421,357.44,357.53,9.4365,0.0391,0.0000062500,0.0004000000,118.5,0.0
2026-09-04T13:44:47.988+00:00,B_sell_A_buy,6.7167,0.8167,357.11,357.2,224.212,9.421,357.44,357.53,9.4365,27.7699,0.0000062500,0.0004000000,131.9,0.0
2026-09-04T13:44:48.044+00:00,B_sell_A_buy,7.8359,1.9359,357.11,357.2,224.212,9.421,357.48,357.53,0.9837,27.7699,0.0000062500,0.0004000000,188.7,0.0
2026-09-04T13:44:48.061+00:00,B_sell_A_buy,7.8355,1.9355,357.18,357.2,27.605,9.421,357.48,357.53,0.9837,27.7699,0.0000062500,0.0004000000,0.0,17.2
2026-09-04T13:44:48.077+00:00,B_sell_A_buy,6.7163,0.8163,357.18,357.2,27.605,9.421,357.44,357.53,9.4365,27.7699,0.0000062500,0.0004000000,15.1,0.0
2026-09-04T13:44:48.201+00:00,B_sell_A_buy,6.7163,0.8163,357.19,357.2,22.746,9.421,357.44,357.53,9.4365,27.7699,0.0000062500,0.0004000000,0.1,124.6
2026-09-04T13:44:48.201+00:00,B_sell_A_buy,7.8355,1.9355,357.19,357.2,22.746,9.421,357.48,357.53,1.0799,27.7699,0.0000062500,0.0004000000,0.2,0.1
2026-09-04T13:44:48.201+00:00,B_sell_A_buy,7.8355,1.9355,357.19,357.2,22.746,9.421,357.48,357.52,1.0799,8.3877,0.0000062500,0.0004000000,0.2,0.2
2026-09-04T13:44:48.216+00:00,B_sell_A_buy,7.8355,1.9355,357.19,357.2,22.746,9.421,357.48,357.52,0.0927,8.3877,0.0000062500,0.0004000000,14.6,0.1
2026-09-04T13:44:48.222+00:00,B_sell_A_buy,7.8355,1.9355,357.19,357.2,22.746,9.421,357.48,357.53,0.0927,0.0391,0.0000062500,0.0004000000,20.7,0.1
2026-09-04T13:44:48.222+00:00,B_sell_A_buy,6.7163,0.8163,357.19,357.2,22.746,9.421,357.44,357.53,1.0488,0.0391,0.0000062500,0.0004000000,20.8,0.1
2026-09-04T13:44:48.226+00:00,B_sell_A_buy,8.1152,2.2152,357.19,357.2,22.746,9.421,357.49,357.53,1.0661,0.0391,0.0000062500,0.0004000000,25.1,0.0
2026-09-04T13:44:48.226+00:00,B_sell_A_buy,8.3950,2.4950,357.19,357.2,22.746,9.421,357.5,357.53,0.9566,0.0391,0.0000062500,0.0004000000,25.2,0.1
2026-09-04T13:44:48.434+00:00,B_sell_A_buy,6.9936,1.0936,357.33,357.34,22.752,0.039,357.59,357.61,0.9859,0.0399,0.0000062500,0.0004000000,24.8,0.0
2026-09-04T13:44:48.517+00:00,B_sell_A_buy,7.2733,1.3733,357.33,357.34,22.752,0.039,357.6,357.61,1.0364,0.0399,0.0000062500,0.0004000000,107.8,0.1
2026-09-04T13:44:48.530+00:00,B_sell_A_buy,7.2733,1.3733,357.33,357.34,22.752,0.039,357.6,357.61,1.0364,27.7707,0.0000062500,0.0004000000,120.6,0.1
2026-09-04T13:44:49.152+00:00,B_sell_A_buy,6.4309,0.5309,357.39,357.48,23.99,32.905,357.71,358.01,0.9434,0.0391,0.0000062500,0.0004000000,66.1,0.1
2026-09-04T13:44:49.152+00:00,B_sell_A_buy,11.4624,5.5624,357.39,357.48,23.99,32.905,357.89,358.01,0.9966,0.0391,0.0000062500,0.0004000000,66.2,0.1
2026-09-04T13:44:49.152+00:00,B_sell_A_buy,11.7418,5.8418,357.39,357.48,23.99,32.905,357.9,358.01,0.8947,0.0391,0.0000062500,0.0004000000,66.2,0.1
2026-09-04T13:44:49.183+00:00,B_sell_A_buy,11.7421,5.8421,357.39,357.48,23.99,32.905,357.9,357.98,0.8947,27.7308,0.0000062500,0.0004000000,97.3,0.0
2026-09-04T13:44:49.199+00:00,B_sell_A_buy,11.7418,5.8418,357.39,357.48,23.99,32.905,357.9,358.01,0.8947,0.0391,0.0000062500,0.0004000000,113.4,0.0
2026-09-04T13:44:49.216+00:00,B_sell_A_buy,11.7421,5.8421,357.39,357.48,23.99,32.905,357.9,357.98,0.8947,8.3753,0.0000062500,0.0004000000,130.2,0.1
2026-09-04T13:44:49.236+00:00,B_sell_A_buy,11.7421,5.8421,357.39,357.48,23.99,32.905,357.9,357.98,9.2824,8.3753,0.0000062500,0.0004000000,150.1,0.1
2026-09-04T13:44:49.251+00:00,B_sell_A_buy,11.7421,5.8421,357.39,357.48,23.99,32.905,357.9,357.98,0.8947,8.3753,0.0000062500,0.0004000000,165.2,0.1
2026-09-04T13:44:49.272+00:00,B_sell_A_buy,11.7421,5.8421,357.39,357.48,23.99,32.905,357.9,357.98,0.9028,8.3753,0.0000062500,0.0004000000,186.2,0.1
2026-09-04T13:44:49.317+00:00,B_sell_A_buy,12.0216,6.1216,357.39,357.48,23.99,32.905,357.91,357.98,0.9713,8.3753,0.0000062500,0.0004000000,230.5,0.1
2026-09-04T13:44:49.323+00:00,B_sell_A_buy,12.0213,6.1213,357.39,357.48,23.99,32.905,357.91,358.01,0.9713,0.0391,0.0000062500,0.0004000000,236.8,0.0
2026-09-04T13:44:49.326+00:00,B_sell_A_buy,11.7418,5.8418,357.39,357.48,23.99,32.905,357.9,358.01,0.9028,0.0391,0.0000062500,0.0004000000,239.9,0.0
2026-09-04T13:44:49.326+00:00,B_sell_A_buy,12.3008,6.4008,357.39,357.48,23.99,32.905,357.92,358.01,0.8966,0.0391,0.0000062500,0.0004000000,240.0,0.1
2026-09-04T13:44:49.335+00:00,B_sell_A_buy,12.5803,6.6803,357.39,357.48,23.99,32.905,357.93,358.01,0.886,0.0391,0.0000062500,0.0004000000,248.9,0.1
2026-09-04T13:44:49.347+00:00,B_sell_A_buy,11.7418,5.8418,357.39,357.48,23.99,32.905,357.9,358.01,0.9028,0.0391,0.0000062500,0.0004000000,260.4,0.0
2026-09-04T13:44:49.371+00:00,B_sell_A_buy,12.0213,6.1213,357.39,357.48,23.99,32.905,357.91,358.01,1.0976,0.0391,0.0000062500,0.0004000000,284.7,0.0
2026-09-04T13:44:49.385+00:00,B_sell_A_buy,12.0213,6.1213,357.39,357.48,23.99,32.905,357.91,358.01,28.8284,0.0391,0.0000062500,0.0004000000,298.4,0.1
2026-09-04T13:44:49.407+00:00,B_sell_A_buy,12.0213,6.1213,357.39,357.48,23.99,32.905,357.91,358.01,37.2161,0.0391,0.0000062500,0.0004000000,321.6,0.1
2026-09-04T13:44:49.483+00:00,B_sell_A_buy,12.0209,6.1209,357.39,357.48,23.99,32.905,357.91,358.06,37.2161,68.6941,0.0000062500,0.0004000000,397.0,0.1
2026-09-04T13:44:49.483+00:00,B_sell_A_buy,12.0208,6.1208,357.39,357.48,23.99,32.905,357.91,358.07,37.2161,0.2773,0.0000062500,0.0004000000,397.1,0.1
2026-09-04T13:44:49.514+00:00,B_sell_A_buy,12.0207,6.1207,357.39,357.48,23.99,32.905,357.91,358.09,37.2161,0.0769,0.0000062500,0.0004000000,428.1,0.1
2026-09-04T13:44:49.553+00:00,B_sell_A_buy,12.5799,6.6799,357.39,357.46,23.99,30.108,357.91,358.09,37.2161,0.0769,0.0000062500,0.0004000000,0.1,39.0
2026-09-04T13:44:49.553+00:00,B_sell_A_buy,13.4189,7.5189,357.39,357.43,23.99,11.017,357.91,358.09,37.2161,0.0769,0.0000062500,0.0004000000,0.2,39.1
2026-09-04T13:44:49.554+00:00,B_sell_A_buy,12.5798,6.6798,357.41,357.46,18.339,30.108,357.91,358.09,37.2161,0.0769,0.0000062500,0.0004000000,0.2,39.2
2026-09-04T13:44:49.554+00:00,B_sell_A_buy,11.1815,5.2815,357.42,357.51,27.772,0.072,357.91,358.09,37.2161,0.0769,0.0000062500,0.0004000000,0.2,39.2
2026-09-04T13:44:49.566+00:00,B_sell_A_buy,11.1815,5.2815,357.42,357.51,27.772,0.072,357.91,358.09,28.8284,0.0769,0.0000062500,0.0004000000,13.1,0.1
2026-09-04T13:44:49.575+00:00,B_sell_A_buy,11.7405,5.8405,357.42,357.51,27.772,0.072,357.93,358.09,0.9411,0.0769,0.0000062500,0.0004000000,21.7,0.0
2026-09-04T13:44:49.578+00:00,B_sell_A_buy,12.0199,6.1199,357.42,357.51,27.772,0.072,357.94,358.09,1.0101,0.0769,0.0000062500,0.0004000000,24.6,0.0
2026-09-04T13:44:49.582+00:00,B_sell_A_buy,11.1815,5.2815,357.42,357.51,27.772,0.072,357.91,358.09,28.8284,0.0769,0.0000062500,0.0004000000,28.6,0.0
2026-09-04T13:44:49.585+00:00,B_sell_A_buy,11.1816,5.2816,357.42,357.51,27.772,0.072,357.91,358.08,1.0976,8.3877,0.0000062500,0.0004000000,32.5,0.0
2026-09-04T13:44:49.614+00:00,B_sell_A_buy,11.1810,5.2810,357.5,357.51,22.902,0.072,357.91,358.08,1.0976,8.3877,0.0000062500,0.0004000000,0.0,28.1
2026-09-04T13:44:49.666+00:00,B_sell_A_buy,11.1810,5.2810,357.5,357.51,22.902,0.072,357.91,358.08,1.0976,16.7754,0.0000062500,0.0004000000,52.2,0.1
2026-09-04T13:44:49.685+00:00,B_sell_A_buy,11.1810,5.2810,357.5,357.51,22.902,0.072,357.91,358.08,1.0976,44.5062,0.0000062500,0.0004000000,71.7,0.1
2026-09-04T13:44:49.688+00:00,B_sell_A_buy,11.1812,5.2812,357.5,357.51,22.902,0.072,357.91,358.05,1.0976,8.3753,0.0000062500,0.0004000000,74.7,0.0
2026-09-04T13:44:49.708+00:00,B_sell_A_buy,11.4607,5.5607,357.5,357.51,22.902,0.072,357.92,358.05,1.0717,8.3753,0.0000062500,0.0004000000,95.8,0.1
2026-09-04T13:44:49.711+00:00,B_sell_A_buy,11.4604,5.5604,357.5,357.51,22.902,0.072,357.92,358.09,1.0717,0.0769,0.0000062500,0.0004000000,98.3,0.0
2026-09-04T13:44:49.723+00:00,B_sell_A_buy,11.1809,5.2809,357.5,357.51,22.902,0.072,357.91,358.09,1.0976,0.0769,0.0000062500,0.0004000000,109.6,0.0
2026-09-04T13:44:49.725+00:00,B_sell_A_buy,7.2683,1.3683,357.5,357.51,22.902,0.072,357.77,358.09,68.6949,0.0769,0.0000062500,0.0004000000,112.4,0.0
2026-09-04T13:44:51.273+00:00,B_sell_A_buy,6.1479,0.2479,357.7,357.71,0.559,9.661,357.93,358.05,1.0802,0.2749,0.0000062500,0.0004000000,0.0,0.1
2026-09-04T13:44:51.279+00:00,B_sell_A_buy,6.1477,0.2477,357.7,357.71,0.559,9.661,357.93,358.08,1.0802,16.7657,0.0000062500,0.0004000000,6.7,0.1
2026-09-04T13:45:10.433+00:00,B_sell_A_buy,6.1635,0.2635,356.77,356.78,0.348,39.423,357.0,357.21,8.3877,0.8849,0.0000062500,0.0004000000,86.3,0.2
2026-09-04T13:45:10.481+00:00,B_sell_A_buy,6.1635,0.2635,356.77,356.78,0.348,39.423,357.0,357.21,8.3877,0.8849,0.0000062500,0.0004000000,134.5,0.1
2026-09-04T13:45:10.501+00:00,B_sell_A_buy,6.1635,0.2635,356.77,356.78,0.348,39.423,357.0,357.21,8.3877,69.5798,0.0000062500,0.0004000000,153.1,0.0
2026-09-04T13:45:10.507+00:00,B_sell_A_buy,6.1639,0.2639,356.67,356.78,131.191,39.423,357.0,357.21,8.3877,69.5798,0.0000062500,0.0004000000,0.0,6.5
2026-09-04T13:45:10.517+00:00,B_sell_A_buy,6.4441,0.5441,356.67,356.78,131.191,39.423,357.01,357.21,0.9318,69.5798,0.0000062500,0.0004000000,10.3,0.1
2026-09-04T13:45:10.526+00:00,B_sell_A_buy,6.4437,0.5437,356.75,356.78,2.803,2.803,357.01,357.21,0.9318,69.5798,0.0000062500,0.0004000000,0.0,8.2
2026-09-04T13:45:10.534+00:00,B_sell_A_buy,6.4437,0.5437,356.75,356.78,2.803,2.803,357.01,357.21,0.9318,97.3106,0.0000062500,0.0004000000,9.1,0.1
2026-09-04T13:45:10.562+00:00,B_sell_A_buy,6.4438,0.5438,356.75,356.78,2.803,2.803,357.01,357.18,0.9318,8.3753,0.0000062500,0.0004000000,36.5,0.1
2026-09-04T13:45:10.581+00:00,B_sell_A_buy,6.4439,0.5439,356.75,356.78,2.803,2.803,357.01,357.17,0.9318,16.7657,0.0000062500,0.0004000000,55.6,0.1
2026-09-04T13:45:10.619+00:00,B_sell_A_buy,6.4439,0.5439,356.75,356.78,2.803,2.803,357.01,357.16,0.9318,1.0481,0.0000062500,0.0004000000,94.1,0.1
2026-09-04T13:45:10.633+00:00,B_sell_A_buy,6.4439,0.5439,356.76,356.78,13.382,2.803,357.01,357.16,0.9318,1.0481,0.0000062500,0.0004000000,0.0,14.1
2026-09-04T13:45:14.577+00:00,B_sell_A_buy,6.1584,0.2584,357.11,357.13,13.38,2.8,357.35,357.36,0.9582,0.0771,0.0000062500,0.0004000000,243.0,0.1
2026-09-04T13:45:14.691+00:00,B_sell_A_buy,6.4386,0.5386,357.06,357.12,13.943,13.172,357.35,357.36,0.9582,0.0771,0.0000062500,0.0004000000,0.2,114.5
2026-09-04T13:45:20.331+00:00,B_sell_A_buy,6.1554,0.2554,357.28,357.3,14.912,13.506,357.52,357.53,1.0029,0.0391,0.0000062500,0.0004000000,71.7,0.1
2026-09-04T13:45:20.371+00:00,B_sell_A_buy,6.1554,0.2554,357.29,357.3,19.636,42.806,357.52,357.53,1.0029,0.0391,0.0000062500,0.0004000000,0.0,39.5
2026-09-04T13:45:20.438+00:00,B_sell_A_buy,6.1554,0.2554,357.29,357.3,19.636,13.506,357.52,357.53,1.0029,0.0391,0.0000062500,0.0004000000,0.1,106.9
2026-09-04T13:45:20.443+00:00,B_sell_A_buy,6.1551,0.2551,357.29,357.3,19.636,13.506,357.52,357.61,1.0029,0.0399,0.0000062500,0.0004000000,5.0,0.1
2026-09-04T13:45:20.443+00:00,B_sell_A_buy,6.7145,0.8145,357.29,357.3,19.636,13.506,357.54,357.61,8.3877,0.0399,0.0000062500,0.0004000000,5.0,0.1
2026-09-04T13:45:20.443+00:00,B_sell_A_buy,6.7145,0.8145,357.29,357.3,19.636,13.506,357.54,357.61,16.7754,0.0399,0.0000062500,0.0004000000,5.1,0.2
2026-09-04T13:45:20.443+00:00,B_sell_A_buy,6.7145,0.8145,357.29,357.3,19.636,13.506,357.54,357.61,8.3877,0.0399,0.0000062500,0.0004000000,5.1,0.2
2026-09-04T13:45:20.443+00:00,B_sell_A_buy,6.1551,0.2551,357.29,357.3,19.636,13.506,357.52,357.61,1.0029,0.0399,0.0000062500,0.0004000000,5.1,0.2
2026-09-04T13:45:20.443+00:00,B_sell_A_buy,6.4348,0.5348,357.29,357.3,19.636,13.506,357.53,357.61,0.9953,0.0399,0.0000062500,0.0004000000,5.2,0.2
2026-09-04T13:45:20.443+00:00,B_sell_A_buy,6.4348,0.5348,357.29,357.3,19.636,13.506,357.53,357.61,0.9953,27.7707,0.0000062500,0.0004000000,5.2,0.3
2026-09-04T13:45:20.447+00:00,B_sell_A_buy,6.4348,0.5348,357.29,357.3,19.636,13.506,357.53,357.61,0.9953,0.0399,0.0000062500,0.0004000000,8.2,0.0
2026-09-04T13:45:20.479+00:00,B_sell_A_buy,8.3928,2.4928,357.29,357.3,19.636,13.506,357.6,357.61,0.9904,0.0399,0.0000062500,0.0004000000,40.7,0.0
2026-09-04T13:45:20.563+00:00,B_sell_A_buy,8.3928,2.4928,357.29,357.3,19.636,13.506,357.6,357.61,28.7212,0.0399,0.0000062500,0.0004000000,124.7,0.1
2026-09-04T13:45:20.608+00:00,B_sell_A_buy,6.9937,1.0937,357.29,357.35,47.241,105.725,357.6,357.61,28.7212,0.0399,0.0000062500,0.0004000000,0.0,45.2
2026-09-04T13:45:20.625+00:00,B_sell_A_buy,6.9937,1.0937,357.29,357.35,50.04,105.725,357.6,357.61,28.7212,0.0399,0.0000062500,0.0004000000,0.1,62.1
2026-09-04T13:45:20.632+00:00,B_sell_A_buy,6.9937,1.0937,357.29,357.35,50.04,105.725,357.6,357.61,45.4966,0.0399,0.0000062500,0.0004000000,7.4,0.1
2026-09-04T13:45:20.766+00:00,B_sell_A_buy,6.9937,1.0937,357.3,357.35,2.799,105.725,357.6,357.61,45.4966,0.0399,0.0000062500,0.0004000000,0.1,133.5
2026-09-04T13:45:20.858+00:00,B_sell_A_buy,6.4341,0.5341,357.31,357.37,22.739,32.274,357.6,357.61,45.4966,0.0399,0.0000062500,0.0004000000,0.1,225.7
2026-09-04T13:45:28.403+00:00,B_sell_A_buy,6.1540,0.2540,357.34,357.35,14.322,58.886,357.57,357.7,8.3877,0.9748,0.0000062500,0.0004000000,93.1,0.1
2026-09-04T13:45:28.670+00:00,B_sell_A_buy,6.1536,0.2536,357.35,357.39,2.798,2.798,357.61,357.7,8.3877,28.7056,0.0000062500,0.0004000000,155.2,0.1
2026-09-04T13:45:56.125+00:00,B_sell_A_buy,10.0623,4.1623,357.55,357.58,12.945,5.771,357.94,358.01,0.8912,0.0391,0.0000062500,0.0004000000,145.4,0.0
2026-09-04T13:45:56.129+00:00,B_sell_A_buy,10.0623,4.1623,357.56,357.58,2.797,5.771,357.94,358.01,0.8912,0.0391,0.0000062500,0.0004000000,0.0,4.2
2026-09-04T13:45:56.170+00:00,B_sell_A_buy,11.7388,5.8388,357.56,357.58,2.797,5.771,358.0,358.01,1.01,0.0391,0.0000062500,0.0004000000,41.2,0.1
2026-09-04T13:45:56.216+00:00,B_sell_A_buy,11.7389,5.8389,357.55,357.58,15.742,5.771,358.0,358.01,1.01,0.0391,0.0000062500,0.0004000000,0.1,45.7
2026-09-04T13:45:56.291+00:00,B_sell_A_buy,11.7389,5.8389,357.55,357.58,15.742,5.771,358.0,358.01,9.3977,0.0391,0.0000062500,0.0004000000,74.5,0.1
2026-09-04T13:45:56.300+00:00,B_sell_A_buy,11.7389,5.8389,357.55,357.58,15.742,5.771,358.0,358.01,1.01,0.0391,0.0000062500,0.0004000000,83.2,0.0
2026-09-04T13:45:56.300+00:00,B_sell_A_buy,10.0613,4.1613,357.57,357.64,23.682,0.052,358.0,358.01,1.01,0.0391,0.0000062500,0.0004000000,0.1,0.1
2026-09-04T13:45:56.306+00:00,B_sell_A_buy,10.0613,4.1613,357.57,357.64,23.682,0.052,358.0,358.01,9.3977,0.0391,0.0000062500,0.0004000000,6.6,0.0
2026-09-04T13:45:56.311+00:00,B_sell_A_buy,10.0613,4.1613,357.57,357.64,23.682,0.052,358.0,358.01,1.01,0.0391,0.0000062500,0.0004000000,12.0,0.0
2026-09-04T13:45:56.417+00:00,B_sell_A_buy,10.0613,4.1613,357.57,357.64,23.682,0.052,358.0,358.01,28.7408,0.0391,0.0000062500,0.0004000000,118.1,0.1
2026-09-04T13:45:56.501+00:00,B_sell_A_buy,10.0609,4.1609,357.63,357.64,22.727,0.052,358.0,358.01,28.7408,0.0391,0.0000062500,0.0004000000,0.1,83.3
2026-09-04T13:45:56.543+00:00,B_sell_A_buy,10.0609,4.1609,357.63,357.64,22.727,0.052,358.0,358.01,27.3436,0.0391,0.0000062500,0.0004000000,41.8,0.1
2026-09-04T13:45:56.589+00:00,B_sell_A_buy,10.0609,4.1609,357.63,357.64,22.727,0.052,358.0,358.01,35.7313,0.0391,0.0000062500,0.0004000000,87.9,0.1
2026-09-04T13:45:56.648+00:00,B_sell_A_buy,8.3834,2.4834,357.69,357.7,22.715,0.068,358.0,358.01,35.7313,0.0391,0.0000062500,0.0004000000,0.1,59.1
2026-09-04T13:45:56.736+00:00,B_sell_A_buy,8.3834,2.4834,357.69,357.7,22.715,0.068,358.0,358.01,44.119,0.0391,0.0000062500,0.0004000000,88.6,0.1
2026-09-04T13:45:56.799+00:00,B_sell_A_buy,8.3834,2.4834,357.69,357.7,22.715,0.068,358.0,358.01,35.7313,0.0391,0.0000062500,0.0004000000,151.4,0.1
2026-09-04T13:45:56.801+00:00,B_sell_A_buy,6.7070,0.8070,357.69,357.7,22.715,0.068,357.94,358.01,0.8912,0.0391,0.0000062500,0.0004000000,153.9,0.0
2026-09-04T13:46:10.850+00:00,B_sell_A_buy,6.1486,0.2486,357.64,357.67,2.796,2.796,357.89,358.01,10.9238,29.4635,0.0000062500,0.0004000000,60.5,0.0
2026-09-04T13:46:10.873+00:00,B_sell_A_buy,6.1485,0.2485,357.66,357.68,23.322,7.876,357.9,358.0,0.9009,1.0869,0.0000062500,0.0004000000,21.6,0.1
2026-09-04T13:46:49.282+00:00,B_sell_A_buy,6.1475,0.2475,357.74,357.75,80.406,22.719,357.97,358.02,0.9185,1.0909,0.0000062500,0.0004000000,60.7,0.0
2026-09-04T13:46:49.367+00:00,B_sell_A_buy,6.4269,0.5269,357.74,357.75,80.406,22.719,357.98,358.02,8.3877,1.0909,0.0000062500,0.0004000000,145.4,0.1
2026-09-04T13:46:49.388+00:00,B_sell_A_buy,6.4269,0.5269,357.74,357.75,80.406,22.719,357.98,358.02,8.3877,9.4786,0.0000062500,0.0004000000,166.3,0.1
2026-09-04T13:46:49.393+00:00,B_sell_A_buy,6.4269,0.5269,357.74,357.75,80.406,22.719,357.98,358.02,8.3877,1.0909,0.0000062500,0.0004000000,171.3,0.1
2026-09-04T13:47:37.335+00:00,B_sell_A_buy,7.5431,1.6431,357.8,357.81,14.954,7.394,358.08,358.09,1.0479,0.0769,0.0000062500,0.0004000000,73.6,0.1
2026-09-04T13:47:37.424+00:00,B_sell_A_buy,7.5431,1.6431,357.8,357.81,14.954,7.394,358.08,358.09,9.4356,0.0769,0.0000062500,0.0004000000,163.2,0.1
2026-09-04T13:47:37.424+00:00,B_sell_A_buy,7.5431,1.6431,357.8,357.81,14.954,7.394,358.08,358.09,1.0479,0.0769,0.0000062500,0.0004000000,163.2,0.1
2026-09-04T13:47:37.491+00:00,B_sell_A_buy,7.5431,1.6431,357.8,357.81,14.954,7.394,358.08,358.09,28.7787,0.0769,0.0000062500,0.0004000000,229.7,0.1
2026-09-04T13:47:37.518+00:00,B_sell_A_buy,7.5431,1.6431,357.8,357.81,17.749,7.394,358.08,358.09,28.7787,0.0769,0.0000062500,0.0004000000,0.0,26.9
2026-09-04T13:47:37.600+00:00,B_sell_A_buy,7.5431,1.6431,357.8,357.81,17.749,7.394,358.08,358.09,37.1664,0.0769,0.0000062500,0.0004000000,82.3,0.1
2026-09-04T13:47:37.641+00:00,B_sell_A_buy,7.5431,1.6431,357.8,357.81,17.749,7.394,358.08,358.09,45.5541,0.0769,0.0000062500,0.0004000000,123.2,0.0
2026-09-04T13:48:32.028+00:00,B_sell_A_buy,6.1468,0.2468,357.78,357.79,12.767,2.795,358.01,358.06,8.3877,0.969,0.0000062500,0.0004000000,247.3,0.0
2026-09-04T13:49:11.391+00:00,B_sell_A_buy,7.8291,1.9291,357.46,357.49,27.045,12.204,357.77,357.84,0.9411,8.3777,0.0000062500,0.0004000000,88.4,0.1
2026-09-04T13:49:11.391+00:00,B_sell_A_buy,6.7108,0.8108,357.46,357.49,27.045,12.204,357.73,357.84,0.9182,8.3777,0.0000062500,0.0004000000,88.5,0.1
2026-09-04T13:49:11.418+00:00,B_sell_A_buy,6.7109,0.8109,357.46,357.49,27.045,12.204,357.73,357.83,0.9182,8.3877,0.0000062500,0.0004000000,115.1,0.1
2026-09-04T13:49:11.418+00:00,B_sell_A_buy,6.7109,0.8109,357.46,357.49,27.045,12.204,357.73,357.83,0.9182,16.7754,0.0000062500,0.0004000000,115.2,0.2
2026-09-04T13:49:11.430+00:00,B_sell_A_buy,6.9905,1.0905,357.46,357.49,27.045,12.204,357.74,357.83,0.9735,16.7754,0.0000062500,0.0004000000,128.1,0.1
2026-09-04T13:49:11.445+00:00,B_sell_A_buy,6.9903,1.0903,357.46,357.49,27.045,12.204,357.74,357.87,0.9735,68.6949,0.0000062500,0.0004000000,141.9,0.1
2026-09-04T13:49:11.486+00:00,B_sell_A_buy,6.9901,1.0901,357.46,357.49,27.045,12.204,357.74,357.91,0.9735,0.2743,0.0000062500,0.0004000000,182.6,0.1
2026-09-04T13:49:11.596+00:00,B_sell_A_buy,6.9901,1.0901,357.46,357.49,27.045,12.204,357.74,357.91,0.4145,0.2743,0.0000062500,0.0004000000,293.0,0.1
2026-09-04T13:49:11.596+00:00,B_sell_A_buy,6.9902,1.0902,357.46,357.49,27.045,12.204,357.74,357.89,0.4145,68.6949,0.0000062500,0.0004000000,293.1,0.2
2026-09-04T13:49:11.596+00:00,B_sell_A_buy,7.5493,1.6493,357.46,357.49,27.045,12.204,357.76,357.89,1.0058,68.6949,0.0000062500,0.0004000000,293.1,0.2
2026-09-04T13:49:11.643+00:00,B_sell_A_buy,7.5494,1.6494,357.46,357.49,27.045,12.204,357.76,357.86,1.0058,8.3777,0.0000062500,0.0004000000,339.7,0.0
2026-09-04T13:49:11.657+00:00,B_sell_A_buy,7.5494,1.6494,357.46,357.49,27.045,12.204,357.76,357.86,1.0058,36.1085,0.0000062500,0.0004000000,354.3,0.0
2026-09-04T13:49:11.664+00:00,B_sell_A_buy,7.5494,1.6494,357.46,357.49,27.045,12.204,357.76,357.86,1.0058,27.7308,0.0000062500,0.0004000000,362.0,0.1
2026-09-04T13:49:11.724+00:00,B_sell_A_buy,6.9900,1.0900,357.48,357.51,27.7,7.615,357.76,357.86,1.0058,27.7308,0.0000062500,0.0004000000,0.1,59.5
2026-09-04T13:49:11.857+00:00,B_sell_A_buy,6.4309,0.5309,357.48,357.5,13.447,2.797,357.73,357.89,1.0666,68.6949,0.0000062500,0.0004000000,0.0,3.6
2026-09-04T13:49:11.857+00:00,B_sell_A_buy,6.4308,0.5308,357.49,357.5,2.797,2.797,357.73,357.89,1.0666,68.6949,0.0000062500,0.0004000000,0.1,3.7
2026-09-04T13:49:13.271+00:00,B_sell_A_buy,6.4318,0.5318,357.44,357.46,0.182,45.481,357.69,357.8,1.0813,0.2699,0.0000062500,0.0004000000,26.2,0.1
2026-09-04T13:49:13.287+00:00,B_sell_A_buy,6.7115,0.8115,357.44,357.45,0.182,22.73,357.69,357.8,1.0813,0.2699,0.0000062500,0.0004000000,0.0,15.7
2026-09-04T13:49:13.287+00:00,B_sell_A_buy,6.7116,0.8116,357.44,357.45,0.182,22.73,357.69,357.77,1.0813,8.3777,0.0000062500,0.0004000000,0.1,0.1
2026-09-04T13:49:13.321+00:00,B_sell_A_buy,6.7117,0.8117,357.44,357.45,0.182,22.73,357.69,357.76,1.0813,0.2766,0.0000062500,0.0004000000,33.8,0.0
2026-09-04T13:49:13.414+00:00,B_sell_A_buy,6.1525,0.2525,357.44,357.45,0.182,22.73,357.67,357.76,1.0407,0.2766,0.0000062500,0.0004000000,127.3,0.1
2026-09-04T13:49:13.414+00:00,B_sell_A_buy,6.1525,0.2525,357.44,357.45,0.182,22.73,357.67,357.75,1.0407,8.3877,0.0000062500,0.0004000000,127.4,0.2
2026-09-04T13:49:13.420+00:00,B_sell_A_buy,6.1525,0.2525,357.44,357.45,0.182,22.73,357.67,357.75,1.0407,16.7754,0.0000062500,0.0004000000,132.6,0.0
2026-09-04T13:49:13.496+00:00,B_sell_A_buy,6.1526,0.2526,357.43,357.45,2.798,22.73,357.67,357.75,1.0407,16.7754,0.0000062500,0.0004000000,0.1,76.6
2026-09-04T13:49:13.526+00:00,B_sell_A_buy,6.1521,0.2521,357.43,357.45,2.798,22.73,357.67,357.86,1.0407,68.6949,0.0000062500,0.0004000000,30.8,0.1
2026-09-04T13:49:13.527+00:00,B_sell_A_buy,6.1526,0.2526,357.43,357.45,2.798,22.73,357.67,357.74,1.0407,0.2766,0.0000062500,0.0004000000,30.9,0.2
2026-09-04T13:49:13.573+00:00,B_sell_A_buy,6.4322,0.5322,357.43,357.45,2.798,22.73,357.68,357.74,0.9075,0.2766,0.0000062500,0.0004000000,77.2,0.1
2026-09-04T13:49:13.587+00:00,B_sell_A_buy,6.1526,0.2526,357.43,357.45,2.798,22.73,357.67,357.74,1.0407,0.2766,0.0000062500,0.0004000000,90.6,0.1
2026-09-04T13:49:13.587+00:00,B_sell_A_buy,6.9914,1.0914,357.43,357.45,2.798,22.73,357.7,357.74,0.8797,0.2766,0.0000062500,0.0004000000,90.7,0.1
2026-09-04T13:49:14.477+00:00,B_sell_A_buy,6.9925,1.0925,357.37,357.41,0.182,27.7,357.66,357.67,0.979,0.2708,0.0000062500,0.0004000000,6.3,0.0
2026-09-04T13:49:14.537+00:00,B_sell_A_buy,6.9925,1.0925,357.37,357.41,0.182,55.4,357.66,357.67,0.979,0.2708,0.0000062500,0.0004000000,0.0,60.9
2026-09-04T13:49:14.717+00:00,B_sell_A_buy,6.4318,0.5318,357.43,357.45,55.305,10.792,357.68,357.83,1.0206,68.6949,0.0000062500,0.0004000000,0.1,12.1
2026-09-04T13:49:14.737+00:00,B_sell_A_buy,6.4316,0.5316,357.43,357.45,55.305,10.792,357.68,357.88,1.0206,0.2743,0.0000062500,0.0004000000,20.5,0.1
2026-09-04T13:49:14.752+00:00,B_sell_A_buy,6.4316,0.5316,357.43,357.45,55.305,10.792,357.68,357.87,1.0206,8.3877,0.0000062500,0.0004000000,35.1,0.1
2026-09-04T13:49:14.779+00:00,B_sell_A_buy,6.4316,0.5316,357.43,357.45,55.305,10.792,357.68,357.87,1.0206,16.7754,0.0000062500,0.0004000000,61.5,0.1
2026-09-04T13:49:14.847+00:00,B_sell_A_buy,6.4317,0.5317,357.43,357.45,55.305,10.792,357.68,357.85,1.0206,68.6949,0.0000062500,0.0004000000,129.5,0.0
2026-09-04T13:49:14.882+00:00,B_sell_A_buy,6.4316,0.5316,357.43,357.45,55.305,10.792,357.68,357.88,1.0206,0.2743,0.0000062500,0.0004000000,164.1,0.1
2026-09-04T13:49:21.788+00:00,B_sell_A_buy,6.1541,0.2541,357.35,357.36,0.029,27.7,357.58,357.65,1.0244,0.8797,0.0000062500,0.0004000000,436.6,0.0
2026-09-04T13:49:23.665+00:00,B_sell_A_buy,6.4335,0.5335,357.35,357.38,33.172,55.4,357.61,357.68,0.9757,0.9108,0.0000062500,0.0004000000,114.5,0.0
2026-09-04T13:49:23.681+00:00,B_sell_A_buy,6.7131,0.8131,357.35,357.38,33.172,55.4,357.62,357.68,0.9266,0.9108,0.0000062500,0.0004000000,131.1,0.0
2026-09-04T13:49:23.684+00:00,B_sell_A_buy,6.7131,0.8131,357.35,357.38,33.172,55.4,357.62,357.7,0.9266,0.8345,0.0000062500,0.0004000000,134.1,0.0
2026-09-04T13:49:23.713+00:00,B_sell_A_buy,6.7132,0.8132,357.35,357.38,33.172,55.4,357.62,357.67,0.9266,8.3777,0.0000062500,0.0004000000,162.8,0.0
2026-09-04T13:49:23.734+00:00,B_sell_A_buy,6.9929,1.0929,357.35,357.38,33.172,55.4,357.63,357.67,1.0968,8.3777,0.0000062500,0.0004000000,184.1,0.0
2026-09-04T13:49:23.799+00:00,B_sell_A_buy,6.4337,0.5337,357.35,357.36,0.029,22.744,357.59,357.67,10.9461,8.3777,0.0000062500,0.0004000000,0.0,42.3
2026-09-04T13:49:26.904+00:00,B_sell_A_buy,6.9915,1.0915,357.41,357.43,2.798,13.193,357.68,357.78,0.8903,8.3777,0.0000062500,0.0004000000,0.1,9.1
2026-09-04T13:49:26.914+00:00,B_sell_A_buy,6.9914,1.0914,357.41,357.43,2.798,13.193,357.68,357.81,0.8903,1.2207,0.0000062500,0.0004000000,10.0,0.1
2026-09-04T13:49:26.926+00:00,B_sell_A_buy,7.2712,1.3712,357.41,357.43,2.798,13.193,357.69,357.77,0.9322,1.0781,0.0000062500,0.0004000000,22.1,0.1
2026-09-04T13:49:27.005+00:00,B_sell_A_buy,7.2712,1.3712,357.41,357.43,13.604,13.193,357.69,357.77,0.9322,1.0781,0.0000062500,0.0004000000,0.1,79.4
2026-09-04T13:49:27.041+00:00,B_sell_A_buy,7.2713,1.3713,357.41,357.43,13.604,13.193,357.69,357.76,0.9322,8.3877,0.0000062500,0.0004000000,35.6,0.1
2026-09-04T13:49:27.045+00:00,B_sell_A_buy,7.2713,1.3713,357.41,357.43,13.604,13.193,357.69,357.76,0.9322,16.7754,0.0000062500,0.0004000000,40.5,0.1
2026-09-04T13:49:27.049+00:00,B_sell_A_buy,7.2713,1.3713,357.41,357.43,13.604,13.193,357.69,357.76,0.9322,44.5062,0.0000062500,0.0004000000,44.0,0.0
2026-09-04T13:49:27.079+00:00,B_sell_A_buy,7.2713,1.3713,357.41,357.43,13.604,13.193,357.69,357.75,0.9322,1.027,0.0000062500,0.0004000000,73.5,0.1
2026-09-04T13:49:27.214+00:00,B_sell_A_buy,7.2714,1.3714,357.41,357.43,13.604,13.193,357.69,357.74,0.9322,0.2758,0.0000062500,0.0004000000,209.3,0.1
2026-09-04T13:49:27.283+00:00,B_sell_A_buy,6.1522,0.2522,357.47,357.48,55.4,7.403,357.7,357.74,1.0208,0.2758,0.0000062500,0.0004000000,0.1,0.1
2026-09-04T13:49:36.323+00:00,B_sell_A_buy,6.1566,0.2566,357.13,357.21,27.7,85.95,357.43,357.59,0.2938,0.28,0.0000062500,0.0004000000,112.2,0.1
2026-09-04T13:49:36.346+00:00,B_sell_A_buy,6.1564,0.2564,357.13,357.21,27.7,85.95,357.43,357.64,0.2938,0.2766,0.0000062500,0.0004000000,136.2,0.0
2026-09-04T13:49:38.275+00:00,B_sell_A_buy,6.1550,0.2550,357.26,357.28,13.444,32.228,357.5,357.69,0.2452,8.3777,0.0000062500,0.0004000000,132.6,0.0
2026-09-04T13:49:38.298+00:00,B_sell_A_buy,6.1550,0.2550,357.26,357.28,10.645,24.028,357.5,357.69,0.2452,8.3777,0.0000062500,0.0004000000,0.0,23.1
2026-09-04T13:49:38.326+00:00,B_sell_A_buy,6.1551,0.2551,357.26,357.28,10.645,24.028,357.5,357.68,0.2452,1.0153,0.0000062500,0.0004000000,27.7,0.1
2026-09-04T13:49:38.441+00:00,B_sell_A_buy,6.1551,0.2551,357.26,357.28,10.645,24.028,357.5,357.67,0.2452,8.387,0.0000062500,0.0004000000,143.4,0.0
2026-09-04T13:49:38.446+00:00,B_sell_A_buy,6.1551,0.2551,357.26,357.28,10.645,24.028,357.5,357.67,0.2452,16.774,0.0000062500,0.0004000000,147.7,0.0
2026-09-04T13:49:38.486+00:00,B_sell_A_buy,6.1555,0.2555,357.2,357.27,2.8,30.156,357.49,357.66,10.9485,0.8795,0.0000062500,0.0004000000,0.1,6.0
2026-09-04T13:49:38.577+00:00,B_sell_A_buy,6.1554,0.2554,357.21,357.27,40.731,8.198,357.49,357.66,10.9485,0.8795,0.0000062500,0.0004000000,0.1,98.1
2026-09-04T13:49:38.619+00:00,B_sell_A_buy,6.1552,0.2552,357.26,357.27,82.814,8.198,357.49,357.66,10.9485,0.8795,0.0000062500,0.0004000000,0.1,138.6
2026-09-04T13:49:38.742+00:00,B_sell_A_buy,6.1552,0.2552,357.26,357.27,17.68,8.198,357.49,357.66,10.9485,0.8795,0.0000062500,0.0004000000,0.1,262.8
2026-09-04T13:49:38.749+00:00,B_sell_A_buy,6.1553,0.2553,357.26,357.27,17.68,8.198,357.49,357.65,10.9485,8.387,0.0000062500,0.0004000000,5.9,0.1
2026-09-04T13:49:38.749+00:00,B_sell_A_buy,6.1553,0.2553,357.26,357.27,17.68,8.198,357.49,357.65,10.9485,16.774,0.0000062500,0.0004000000,5.9,0.1
2026-09-04T13:49:51.498+00:00,B_sell_A_buy,7.8393,1.9393,357.0,357.01,55.305,0.405,357.29,357.39,16.1993,45.547,0.0000062500,0.0004000000,52.0,0.0
2026-09-04T13:49:51.530+00:00,B_sell_A_buy,8.1193,2.2193,357.0,357.01,55.305,0.405,357.3,357.39,0.2299,45.547,0.0000062500,0.0004000000,84.3,0.0
2026-09-04T13:49:51.582+00:00,B_sell_A_buy,8.1193,2.2193,357.0,357.01,55.305,0.405,357.3,357.39,0.2299,44.5048,0.0000062500,0.0004000000,136.2,0.0
2026-09-04T13:49:51.584+00:00,B_sell_A_buy,8.1193,2.2193,357.0,357.01,55.305,0.405,357.3,357.39,0.2299,36.1178,0.0000062500,0.0004000000,138.7,0.0
2026-09-04T13:49:51.591+00:00,B_sell_A_buy,8.3992,2.4992,357.0,357.01,55.305,0.405,357.31,357.39,16.1993,36.1178,0.0000062500,0.0004000000,144.4,0.0
2026-09-04T13:49:51.625+00:00,B_sell_A_buy,8.6791,2.7791,357.0,357.01,55.305,0.405,357.32,357.39,0.2176,36.1178,0.0000062500,0.0004000000,179.2,0.0
2026-09-04T13:49:51.830+00:00,B_sell_A_buy,8.6791,2.7791,357.0,357.01,55.305,0.405,357.32,357.39,0.2176,37.104,0.0000062500,0.0004000000,383.6,0.1
2026-09-04T13:49:51.880+00:00,B_sell_A_buy,8.3992,2.4992,357.0,357.01,55.305,0.405,357.31,357.39,10.9531,37.104,0.0000062500,0.0004000000,434.0,0.1
2026-09-04T13:49:51.886+00:00,B_sell_A_buy,8.3992,2.4992,357.0,357.01,55.305,0.405,357.31,357.38,10.9531,8.387,0.0000062500,0.0004000000,440.1,0.1
2026-09-04T13:49:51.912+00:00,B_sell_A_buy,8.6792,2.7792,357.0,357.01,55.305,0.405,357.32,357.38,0.1891,8.387,0.0000062500,0.0004000000,465.7,0.0
2026-09-04T13:49:51.929+00:00,B_sell_A_buy,8.6792,2.7792,357.0,357.01,55.305,0.405,357.32,357.38,0.1891,9.3411,0.0000062500,0.0004000000,483.5,0.0
2026-09-04T13:49:51.929+00:00,B_sell_A_buy,8.6792,2.7792,357.0,357.01,55.305,0.405,357.32,357.38,0.1891,8.387,0.0000062500,0.0004000000,483.5,0.1
2026-09-04T13:49:51.929+00:00,B_sell_A_buy,8.6791,2.7791,357.0,357.01,55.305,0.405,357.32,357.39,0.1891,8.387,0.0000062500,0.0004000000,483.5,0.1
2026-09-04T13:49:51.935+00:00,B_sell_A_buy,8.6784,2.7784,357.0,357.01,55.305,0.405,357.32,357.5,0.1891,10.9531,0.0000062500,0.0004000000,488.5,0.0
2026-09-04T13:49:51.950+00:00,B_sell_A_buy,8.6783,2.7783,357.0,357.01,55.305,0.405,357.32,357.52,0.1891,0.5527,0.0000062500,0.0004000000,504.1,0.0
2026-09-04T13:49:51.973+00:00,B_sell_A_buy,8.6783,2.7783,357.0,357.01,55.305,0.405,357.32,357.52,27.9199,0.5527,0.0000062500,0.0004000000,526.6,0.0
2026-09-04T13:49:51.978+00:00,B_sell_A_buy,8.9582,3.0582,357.0,357.01,55.305,0.405,357.33,357.52,0.1945,1.5913,0.0000062500,0.0004000000,533.0,0.0
2026-09-04T13:49:52.019+00:00,B_sell_A_buy,8.9584,3.0584,357.0,357.01,55.305,0.405,357.33,357.49,0.1945,8.3777,0.0000062500,0.0004000000,573.5,0.1
2026-09-04T13:49:52.082+00:00,B_sell_A_buy,8.9584,3.0584,357.0,357.01,55.305,0.405,357.33,357.48,0.1945,0.9503,0.0000062500,0.0004000000,636.0,0.1
2026-09-04T13:49:52.086+00:00,B_sell_A_buy,8.9585,3.0585,357.0,357.01,55.305,0.405,357.33,357.47,0.1945,16.774,0.0000062500,0.0004000000,640.1,0.1
2026-09-04T13:49:52.090+00:00,B_sell_A_buy,8.9585,3.0585,357.0,357.01,55.305,0.405,357.33,357.47,16.3938,16.774,0.0000062500,0.0004000000,644.2,0.0
2026-09-04T13:49:52.939+00:00,B_sell_A_buy,8.3942,2.4942,357.19,357.2,83.1,8.232,357.5,357.66,0.1871,0.274,0.0000062500,0.0004000000,52.5,0.0
2026-09-04T13:49:52.947+00:00,B_sell_A_buy,8.3942,2.4942,357.19,357.2,83.1,8.232,357.5,357.66,0.1871,11.2244,0.0000062500,0.0004000000,60.2,0.0
2026-09-04T13:49:52.975+00:00,B_sell_A_buy,8.3942,2.4942,357.19,357.2,83.1,8.232,357.5,357.66,0.1871,0.274,0.0000062500,0.0004000000,87.8,0.0
2026-09-04T13:49:52.980+00:00,B_sell_A_buy,8.6741,2.7741,357.19,357.2,83.1,8.232,357.51,357.65,0.2035,1.0308,0.0000062500,0.0004000000,94.5,0.0
2026-09-04T13:49:52.980+00:00,B_sell_A_buy,8.6741,2.7741,357.19,357.2,110.8,8.232,357.51,357.65,0.2035,1.0308,0.0000062500,0.0004000000,0.0,0.1
2026-09-04T13:49:52.983+00:00,B_sell_A_buy,8.6740,2.7740,357.19,357.2,110.8,8.232,357.51,357.66,0.2035,0.274,0.0000062500,0.0004000000,2.5,0.0
2026-09-04T13:49:53.008+00:00,B_sell_A_buy,8.6736,2.7736,357.19,357.2,110.8,8.232,357.51,357.72,0.2035,0.077,0.0000062500,0.0004000000,27.1,0.0
2026-09-04T13:49:53.026+00:00,B_sell_A_buy,14.2675,8.3675,357.19,357.2,110.8,8.232,357.71,357.72,0.1964,0.077,0.0000062500,0.0004000000,45.1,0.0
2026-09-04T13:49:53.054+00:00,B_sell_A_buy,13.1481,7.2481,357.19,357.24,110.8,3.353,357.71,357.72,0.1964,0.077,0.0000062500,0.0004000000,0.0,28.2
2026-09-04T13:49:53.161+00:00,B_sell_A_buy,13.1456,7.2456,357.19,357.24,110.8,3.353,357.71,358.0,0.1964,0.2706,0.0000062500,0.0004000000,107.1,0.1
2026-09-04T13:49:53.161+00:00,B_sell_A_buy,13.4253,7.5253,357.19,357.24,110.8,3.353,357.72,357.99,0.2059,1.0827,0.0000062500,0.0004000000,107.1,0.1
2026-09-04T13:49:53.215+00:00,B_sell_A_buy,13.1457,7.2457,357.19,357.24,110.8,3.353,357.71,357.99,0.1964,1.0827,0.0000062500,0.0004000000,160.9,0.1
2026-09-04T13:49:53.215+00:00,B_sell_A_buy,17.0597,11.1597,357.19,357.24,110.8,3.353,357.85,357.99,8.387,1.0827,0.0000062500,0.0004000000,160.9,0.1
2026-09-04T13:49:53.215+00:00,B_sell_A_buy,13.1457,7.2457,357.19,357.24,110.8,3.353,357.71,357.99,0.1964,1.0827,0.0000062500,0.0004000000,160.9,0.1
2026-09-04T13:49:53.215+00:00,B_sell_A_buy,13.4253,7.5253,357.19,357.24,110.8,3.353,357.72,357.99,0.1917,1.0827,0.0000062500,0.0004000000,161.0,0.1
2026-09-04T13:49:53.230+00:00,B_sell_A_buy,13.4265,7.5265,357.19,357.24,110.8,3.353,357.72,357.86,0.1917,0.9723,0.0000062500,0.0004000000,176.2,0.1
2026-09-04T13:49:53.238+00:00,B_sell_A_buy,13.4253,7.5253,357.19,357.24,110.8,3.353,357.72,357.99,0.1917,1.0827,0.0000062500,0.0004000000,184.6,0.0
2026-09-04T13:49:53.264+00:00,B_sell_A_buy,13.4253,7.5253,357.19,357.24,13.83,13.853,357.72,357.99,0.1917,1.0827,0.0000062500,0.0004000000,0.0,25.7
2026-09-04T13:49:53.264+00:00,B_sell_A_buy,13.4252,7.5252,357.2,357.24,2.8,16.652,357.72,357.99,0.1917,1.0827,0.0000062500,0.0004000000,0.1,25.7
2026-09-04T13:49:53.281+00:00,B_sell_A_buy,13.7048,7.8048,357.2,357.24,2.8,16.652,357.73,357.99,0.2221,1.0827,0.0000062500,0.0004000000,16.9,0.0
2026-09-04T13:49:53.306+00:00,B_sell_A_buy,13.4247,7.5247,357.23,357.25,50.444,105.725,357.73,357.99,0.2221,1.0827,0.0000062500,0.0004000000,0.1,25.0
2026-09-04T13:49:53.358+00:00,B_sell_A_buy,12.8657,6.9657,357.23,357.25,50.444,105.725,357.71,357.97,0.1964,68.6949,0.0000062500,0.0004000000,51.8,0.1
2026-09-04T13:49:53.364+00:00,B_sell_A_buy,8.3915,2.4915,357.23,357.25,50.444,105.725,357.55,357.99,68.6949,28.8135,0.0000062500,0.0004000000,57.9,0.0
2026-09-04T13:49:53.367+00:00,B_sell_A_buy,13.4247,7.5247,357.23,357.25,50.444,105.725,357.73,357.99,27.7308,28.8135,0.0000062500,0.0004000000,60.4,0.0
2026-09-04T13:49:53.367+00:00,B_sell_A_buy,8.3915,2.4915,357.23,357.25,50.444,105.725,357.55,357.99,68.6949,28.8135,0.0000062500,0.0004000000,60.4,0.1
2026-09-04T13:49:55.367+00:00,B_sell_A_buy,6.4364,0.5364,357.19,357.2,0.554,22.751,357.43,357.54,0.2221,0.9766,0.0000062500,0.0004000000,0.0,77.6
2026-09-04T13:49:55.451+00:00,B_sell_A_buy,6.4365,0.5365,357.19,357.2,0.554,22.751,357.43,357.53,0.2221,16.774,0.0000062500,0.0004000000,84.7,0.0
2026-09-04T13:50:14.835+00:00,B_sell_A_buy,8.4036,2.5036,356.79,356.82,2.803,2.803,357.12,357.23,0.2833,1.0285,0.0000062500,0.0004000000,86.1,0.1
2026-09-04T13:50:14.835+00:00,B_sell_A_buy,8.4039,2.5039,356.79,356.82,2.803,2.803,357.12,357.18,0.2833,0.9952,0.0000062500,0.0004000000,86.1,0.1
2026-09-04T13:50:14.964+00:00,B_sell_A_buy,7.2833,1.3833,356.79,356.85,2.803,82.814,357.11,357.17,0.2681,0.8833,0.0000062500,0.0004000000,87.8,0.0
2026-09-04T13:50:14.968+00:00,B_sell_A_buy,7.5634,1.6634,356.79,356.85,2.803,82.814,357.12,357.17,0.2495,0.8833,0.0000062500,0.0004000000,91.9,0.0
2026-09-04T13:50:15.000+00:00,B_sell_A_buy,7.5634,1.6634,356.79,356.85,2.803,82.814,357.12,357.17,8.6365,0.8833,0.0000062500,0.0004000000,124.5,0.1
2026-09-04T13:50:15.000+00:00,B_sell_A_buy,7.5634,1.6634,356.79,356.85,2.803,82.814,357.12,357.17,0.2495,0.8833,0.0000062500,0.0004000000,124.6,0.1
2026-09-04T13:50:15.047+00:00,B_sell_A_buy,7.5631,1.6631,356.79,356.85,2.803,82.814,357.12,357.23,0.2495,1.0285,0.0000062500,0.0004000000,170.8,0.1
2026-09-04T13:50:15.084+00:00,B_sell_A_buy,7.8433,1.9433,356.78,356.84,2.803,16.24,357.12,357.23,0.2495,1.0285,0.0000062500,0.0004000000,0.0,38.4
2026-09-04T13:50:15.084+00:00,B_sell_A_buy,8.4037,2.5037,356.78,356.82,2.803,13.438,357.12,357.23,0.2495,1.0285,0.0000062500,0.0004000000,0.1,38.5
2026-09-04T13:50:15.152+00:00,B_sell_A_buy,8.4037,2.5037,356.78,356.82,2.803,13.438,357.12,357.22,0.2495,8.387,0.0000062500,0.0004000000,67.8,0.1
2026-09-04T13:50:15.174+00:00,B_sell_A_buy,7.8432,1.9432,356.81,356.84,69.283,2.802,357.12,357.22,0.2495,8.387,0.0000062500,0.0004000000,0.1,21.5
2026-09-04T13:50:20.379+00:00,B_sell_A_buy,6.1691,0.2691,356.45,356.49,11.696,92.922,356.71,356.82,0.2326,8.387,0.0000062500,0.0004000000,29.8,0.1
2026-09-04T13:50:20.387+00:00,B_sell_A_buy,6.1691,0.2691,356.45,356.49,11.696,92.922,356.71,356.81,0.2326,0.8925,0.0000062500,0.0004000000,37.4,0.0
2026-09-04T13:50:20.399+00:00,B_sell_A_buy,6.1692,0.2692,356.43,356.49,0.039,100.738,356.71,356.81,0.2326,0.8925,0.0000062500,0.0004000000,0.0,12.3
2026-09-04T13:50:20.438+00:00,B_sell_A_buy,6.1692,0.2692,356.43,356.49,0.039,100.738,356.71,356.81,0.262,0.8925,0.0000062500,0.0004000000,38.6,0.1
2026-09-04T13:50:20.456+00:00,B_sell_A_buy,6.1693,0.2693,356.43,356.49,0.039,100.738,356.71,356.78,0.262,8.3777,0.0000062500,0.0004000000,57.1,0.0
2026-09-04T13:50:20.482+00:00,B_sell_A_buy,6.1694,0.2694,356.43,356.49,0.039,100.738,356.71,356.77,0.262,0.9911,0.0000062500,0.0004000000,83.7,0.0
2026-09-04T13:50:20.550+00:00,B_sell_A_buy,6.1694,0.2694,356.43,356.49,0.039,100.738,356.71,356.76,0.262,8.387,0.0000062500,0.0004000000,150.9,0.1
2026-09-04T13:50:20.574+00:00,B_sell_A_buy,6.1694,0.2694,356.43,356.49,0.039,100.738,356.71,356.76,0.262,16.774,0.0000062500,0.0004000000,175.1,0.0
2026-09-04T13:50:20.600+00:00,B_sell_A_buy,6.1694,0.2694,356.43,356.49,0.039,100.738,356.71,356.76,0.262,17.7813,0.0000062500,0.0004000000,201.0,0.0
2026-09-04T13:50:20.626+00:00,B_sell_A_buy,6.1694,0.2694,356.43,356.49,0.039,100.738,356.71,356.76,0.1923,17.7813,0.0000062500,0.0004000000,226.6,0.0
2026-09-04T13:50:20.643+00:00,B_sell_A_buy,6.1694,0.2694,356.43,356.49,0.039,100.738,356.71,356.76,0.1923,16.774,0.0000062500,0.0004000000,244.5,0.0
2026-09-04T13:51:06.628+00:00,B_sell_A_buy,9.5266,3.6266,356.7,356.71,12.534,2.803,357.05,357.12,8.387,1.0371,0.0000062500,0.0004000000,36.3,0.0
2026-09-04T13:51:06.632+00:00,B_sell_A_buy,9.5267,3.6267,356.7,356.71,12.534,2.803,357.05,357.11,8.387,0.2714,0.0000062500,0.0004000000,40.2,0.0
2026-09-04T13:51:06.657+00:00,B_sell_A_buy,8.6863,2.7863,356.7,356.71,12.534,2.803,357.02,357.11,8.387,0.2714,0.0000062500,0.0004000000,65.1,0.1
2026-09-04T13:51:07.444+00:00,B_sell_A_buy,8.6813,2.7813,356.89,356.9,27.7,0.035,357.21,357.36,16.774,0.0771,0.0000062500,0.0004000000,115.3,0.0
2026-09-04T13:51:07.689+00:00,B_sell_A_buy,13.1589,7.2589,356.89,356.9,27.7,0.035,357.37,357.53,8.3099,0.0391,0.0000062500,0.0004000000,359.8,0.1
2026-09-04T13:51:07.776+00:00,B_sell_A_buy,7.2802,1.3802,356.91,356.92,55.4,0.029,357.18,357.52,60.0,28.6849,0.0000062500,0.0004000000,27.6,0.0
2026-09-04T13:51:07.788+00:00,B_sell_A_buy,7.2802,1.3802,356.91,356.92,55.4,0.029,357.18,357.52,60.0,0.9541,0.0000062500,0.0004000000,39.2,0.0
2026-09-04T13:51:07.831+00:00,B_sell_A_buy,7.2803,1.3803,356.91,356.92,55.4,0.029,357.18,357.5,60.0,0.9138,0.0000062500,0.0004000000,82.5,0.0
2026-09-04T13:51:07.846+00:00,B_sell_A_buy,7.2802,1.3802,356.91,356.92,55.4,0.029,357.18,357.52,60.0,0.9541,0.0000062500,0.0004000000,97.3,0.0
2026-09-04T13:51:07.846+00:00,B_sell_A_buy,7.2802,1.3802,356.91,356.92,106.044,0.029,357.18,357.52,60.0,0.9541,0.0000062500,0.0004000000,0.0,0.1
2026-09-04T13:51:07.846+00:00,B_sell_A_buy,7.2802,1.3802,356.91,356.92,128.808,0.029,357.18,357.52,60.0,0.9541,0.0000062500,0.0004000000,0.1,0.1
2026-09-04T13:51:07.873+00:00,B_sell_A_buy,7.2802,1.3802,356.91,356.92,128.808,0.029,357.18,357.53,60.0,1.0563,0.0000062500,0.0004000000,26.9,0.1
2026-09-04T13:51:07.876+00:00,B_sell_A_buy,7.2802,1.3802,356.91,356.92,156.39,0.029,357.18,357.53,60.0,1.0563,0.0000062500,0.0004000000,0.0,3.6
2026-09-04T13:51:07.895+00:00,B_sell_A_buy,7.8401,1.9401,356.91,356.92,156.39,0.029,357.2,357.53,70.097,1.0563,0.0000062500,0.0004000000,18.0,0.0
2026-09-04T13:51:07.898+00:00,B_sell_A_buy,7.8401,1.9401,356.91,356.92,379.504,0.029,357.2,357.53,70.097,1.0563,0.0000062500,0.0004000000,0.0,3.3
2026-09-04T13:51:07.977+00:00,B_sell_A_buy,7.8401,1.9401,356.91,356.92,379.504,0.029,357.2,357.53,70.097,0.0391,0.0000062500,0.0004000000,79.5,0.1
2026-09-04T13:51:07.992+00:00,B_sell_A_buy,7.8401,1.9401,356.91,356.92,379.504,0.029,357.2,357.53,70.097,1.1149,0.0000062500,0.0004000000,94.8,0.0
2026-09-04T13:51:08.548+00:00,B_sell_A_buy,6.7161,0.8161,357.21,357.22,182.578,0.07,357.46,357.52,16.1993,0.975,0.0000062500,0.0004000000,8.0,0.1
2026-09-04T13:51:08.581+00:00,B_sell_A_buy,6.7161,0.8161,357.21,357.22,182.578,0.07,357.46,357.52,86.2963,0.975,0.0000062500,0.0004000000,40.7,0.0
2026-09-04T13:51:08.587+00:00,B_sell_A_buy,6.7161,0.8161,357.21,357.22,182.578,0.07,357.46,357.52,16.1993,0.975,0.0000062500,0.0004000000,46.6,0.0
2026-09-04T13:51:08.593+00:00,B_sell_A_buy,7.2756,1.3756,357.21,357.22,182.578,0.07,357.48,357.52,10.9537,0.975,0.0000062500,0.0004000000,53.2,0.0
2026-09-04T13:51:43.259+00:00,B_sell_A_buy,6.1425,0.2425,357.96,358.0,27.605,6.673,358.22,358.45,16.1993,0.8962,0.0000062500,0.0004000000,11.8,0.0
2026-09-04T13:51:43.286+00:00,B_sell_A_buy,6.1426,0.2426,357.96,358.0,27.605,6.673,358.22,358.43,16.1993,70.097,0.0000062500,0.0004000000,39.7,0.0
2026-09-04T13:51:43.302+00:00,B_sell_A_buy,6.1430,0.2430,357.96,358.0,27.605,6.673,358.22,358.35,24.5863,0.9629,0.0000062500,0.0004000000,55.3,0.0
2026-09-04T13:51:43.307+00:00,B_sell_A_buy,6.1429,0.2429,357.98,358.0,22.716,6.673,358.22,358.35,24.5863,0.9629,0.0000062500,0.0004000000,0.0,4.4
2026-09-04T13:51:43.325+00:00,B_sell_A_buy,6.1425,0.2425,357.98,358.0,22.716,6.673,358.22,358.43,24.5863,70.097,0.0000062500,0.0004000000,18.2,0.0
2026-09-04T13:51:43.325+00:00,B_sell_A_buy,6.1429,0.2429,357.98,358.0,22.716,6.673,358.22,358.34,24.5863,0.9904,0.0000062500,0.0004000000,18.2,0.1
2026-09-04T13:51:43.344+00:00,B_sell_A_buy,6.4221,0.5221,357.98,358.0,22.716,6.673,358.23,358.34,5.6734,0.9904,0.0000062500,0.0004000000,36.9,0.0
2026-09-04T13:51:43.469+00:00,B_sell_A_buy,6.4221,0.5221,357.98,358.0,22.716,6.673,358.23,358.34,33.4042,0.9904,0.0000062500,0.0004000000,162.2,0.1
2026-09-04T13:51:43.628+00:00,B_sell_A_buy,6.4221,0.5221,357.99,358.0,66.737,6.673,358.23,358.34,33.4042,0.9904,0.0000062500,0.0004000000,0.1,159.8
2026-09-04T13:52:55.664+00:00,B_sell_A_buy,6.1541,0.2541,357.34,357.35,12.547,12.9,357.57,357.68,16.774,0.967,0.0000062500,0.0004000000,34.2,0.1
2026-09-04T13:52:55.675+00:00,B_sell_A_buy,6.1541,0.2541,357.34,357.35,12.547,12.9,357.57,357.68,16.774,28.6978,0.0000062500,0.0004000000,45.1,0.1
2026-09-04T13:52:55.776+00:00,B_sell_A_buy,6.1541,0.2541,357.34,357.35,12.547,12.9,357.57,357.67,16.774,0.9046,0.0000062500,0.0004000000,145.9,0.1
2026-09-04T13:52:55.783+00:00,B_sell_A_buy,6.1542,0.2542,357.34,357.35,12.547,12.9,357.57,357.65,16.774,1.0537,0.0000062500,0.0004000000,152.8,0.0
2026-09-04T13:52:55.845+00:00,B_sell_A_buy,6.1542,0.2542,357.34,357.35,12.547,12.9,357.57,357.65,8.387,1.0537,0.0000062500,0.0004000000,214.8,0.1
2026-09-04T13:52:55.861+00:00,B_sell_A_buy,6.1543,0.2543,357.34,357.35,12.547,12.9,357.57,357.64,8.387,8.387,0.0000062500,0.0004000000,230.7,0.1
2026-09-04T13:52:55.865+00:00,B_sell_A_buy,6.1542,0.2542,357.34,357.35,12.547,12.9,357.57,357.65,8.387,1.0537,0.0000062500,0.0004000000,234.7,0.0
2026-09-04T13:52:55.910+00:00,B_sell_A_buy,6.1542,0.2542,357.34,357.35,125.753,12.9,357.57,357.65,8.387,1.0537,0.0000062500,0.0004000000,0.0,45.4
2026-09-04T13:52:55.924+00:00,B_sell_A_buy,6.1543,0.2543,357.34,357.35,125.753,12.9,357.57,357.64,8.387,1.0297,0.0000062500,0.0004000000,13.9,0.1
2026-09-04T13:52:55.987+00:00,B_sell_A_buy,6.1541,0.2541,357.34,357.35,125.753,12.9,357.57,357.69,8.387,9.3622,0.0000062500,0.0004000000,77.2,0.1
2026-09-04T13:52:55.987+00:00,B_sell_A_buy,6.1543,0.2543,357.34,357.35,125.753,12.9,357.57,357.63,8.387,8.387,0.0000062500,0.0004000000,77.2,0.1
2026-09-04T13:52:55.987+00:00,B_sell_A_buy,6.1543,0.2543,357.34,357.35,125.753,12.9,357.57,357.63,36.1178,8.387,0.0000062500,0.0004000000,77.3,0.2
2026-09-04T13:52:55.987+00:00,B_sell_A_buy,6.1541,0.2541,357.34,357.35,125.753,12.9,357.57,357.69,36.1178,9.3622,0.0000062500,0.0004000000,77.3,0.2
2026-09-04T13:52:56.000+00:00,B_sell_A_buy,6.1541,0.2541,357.34,357.35,251.529,12.9,357.57,357.69,36.1178,9.3622,0.0000062500,0.0004000000,0.0,12.3
2026-09-04T13:52:56.026+00:00,B_sell_A_buy,6.1541,0.2541,357.34,357.35,251.529,12.9,357.57,357.68,36.1178,0.2757,0.0000062500,0.0004000000,25.9,0.1
2026-09-04T13:52:56.039+00:00,B_sell_A_buy,6.1541,0.2541,357.34,357.35,251.529,12.9,357.57,357.68,36.1178,1.276,0.0000062500,0.0004000000,39.7,0.1
2026-09-04T13:52:56.039+00:00,B_sell_A_buy,6.1541,0.2541,357.34,357.35,251.529,12.9,357.57,357.68,36.1178,9.663,0.0000062500,0.0004000000,39.8,0.1
2026-09-04T13:52:56.046+00:00,B_sell_A_buy,6.1541,0.2541,357.34,357.35,279.134,12.9,357.57,357.68,36.1178,9.663,0.0000062500,0.0004000000,0.0,7.0
2026-09-04T13:53:00.493+00:00,B_sell_A_buy,6.9897,1.0897,357.48,357.49,39.74,5.222,357.74,357.96,8.31,0.2757,0.0000062500,0.0004000000,71.1,0.1
2026-09-04T13:53:00.498+00:00,B_sell_A_buy,6.4306,0.5306,357.48,357.49,39.74,5.222,357.72,357.96,8.387,0.2757,0.0000062500,0.0004000000,76.6,0.0
2026-09-04T13:53:00.537+00:00,B_sell_A_buy,8.9467,3.0467,357.48,357.49,39.74,5.222,357.81,357.91,10.9443,1.0525,0.0000062500,0.0004000000,115.3,0.1
2026-09-04T13:53:00.561+00:00,B_sell_A_buy,8.9464,3.0464,357.48,357.49,39.74,5.222,357.81,357.96,10.9443,0.2757,0.0000062500,0.0004000000,139.2,0.1
2026-09-04T13:53:00.574+00:00,B_sell_A_buy,8.9464,3.0464,357.48,357.49,67.345,5.222,357.81,357.96,10.9443,0.2757,0.0000062500,0.0004000000,0.0,13.1
2026-09-04T13:53:00.578+00:00,B_sell_A_buy,8.9462,3.0462,357.48,357.49,67.345,5.222,357.81,357.99,10.9443,70.097,0.0000062500,0.0004000000,4.1,0.0
2026-09-04T13:53:00.586+00:00,B_sell_A_buy,8.9461,3.0461,357.48,357.49,67.345,5.222,357.81,358.01,10.9443,0.0391,0.0000062500,0.0004000000,11.8,0.0
2026-09-04T13:53:00.617+00:00,B_sell_A_buy,8.9465,3.0465,357.48,357.49,67.345,5.222,357.81,357.95,10.9443,0.9293,0.0000062500,0.0004000000,43.6,0.1
2026-09-04T13:53:00.635+00:00,B_sell_A_buy,8.9465,3.0465,357.48,357.49,67.345,5.222,357.81,357.94,10.9443,8.3873,0.0000062500,0.0004000000,62.1,0.1
2026-09-04T13:53:00.639+00:00,B_sell_A_buy,8.9465,3.0465,357.48,357.49,67.345,5.222,357.81,357.95,10.9443,0.9293,0.0000062500,0.0004000000,65.9,0.1
2026-09-04T13:53:00.678+00:00,B_sell_A_buy,8.9465,3.0465,357.48,357.49,177.859,5.222,357.81,357.95,10.9443,0.9293,0.0000062500,0.0004000000,0.1,38.8
2026-09-04T13:53:00.685+00:00,B_sell_A_buy,8.9466,3.0466,357.48,357.49,177.859,5.222,357.81,357.93,10.9443,0.9653,0.0000062500,0.0004000000,7.7,0.0
2026-09-04T13:53:00.732+00:00,B_sell_A_buy,8.9467,3.0467,357.48,357.49,177.859,5.222,357.81,357.92,10.9443,1.0697,0.0000062500,0.0004000000,53.2,0.1
2026-09-04T13:53:00.805+00:00,B_sell_A_buy,6.1502,0.2502,357.52,357.59,0.167,0.03,357.81,357.92,10.9443,1.0697,0.0000062500,0.0004000000,0.1,74.4
2026-09-04T13:53:00.889+00:00,B_sell_A_buy,6.1500,0.2500,357.58,357.59,22.727,0.03,357.81,357.92,10.9443,1.0697,0.0000062500,0.0004000000,0.1,157.8
2026-09-04T13:53:00.896+00:00,B_sell_A_buy,6.1500,0.2500,357.58,357.59,22.727,0.03,357.81,357.92,27.1436,1.0697,0.0000062500,0.0004000000,7.2,0.1
2026-09-04T13:53:00.919+00:00,B_sell_A_buy,6.4295,0.5295,357.58,357.59,22.727,0.03,357.82,357.91,8.387,8.387,0.0000062500,0.0004000000,29.7,0.1
2026-09-04T13:53:00.928+00:00,B_sell_A_buy,6.4295,0.5295,357.58,357.59,22.727,0.03,357.82,357.91,36.1178,8.387,0.0000062500,0.0004000000,38.9,0.0
2026-09-04T13:53:00.999+00:00,B_sell_A_buy,6.4295,0.5295,357.58,357.59,22.727,0.03,357.82,357.91,36.1178,9.3128,0.0000062500,0.0004000000,110.7,0.1
2026-09-04T13:53:01.050+00:00,B_sell_A_buy,6.4296,0.5296,357.58,357.59,22.727,0.03,357.82,357.9,36.1178,8.387,0.0000062500,0.0004000000,161.4,0.1
2026-09-04T13:53:01.058+00:00,B_sell_A_buy,6.4296,0.5296,357.58,357.59,22.727,0.03,357.82,357.9,36.1178,36.1178,0.0000062500,0.0004000000,169.0,0.1
2026-09-04T13:53:01.058+00:00,B_sell_A_buy,6.9886,1.0886,357.58,357.59,22.727,0.03,357.84,357.9,16.1993,36.1178,0.0000062500,0.0004000000,169.1,0.1
2026-09-04T13:53:01.080+00:00,B_sell_A_buy,6.9886,1.0886,357.58,357.59,22.727,0.03,357.84,357.9,16.1993,37.1337,0.0000062500,0.0004000000,190.6,0.1
2026-09-04T13:53:01.166+00:00,B_sell_A_buy,6.9886,1.0886,357.58,357.59,22.727,0.03,357.84,357.9,24.5863,37.1337,0.0000062500,0.0004000000,277.4,0.1
2026-09-04T13:53:02.914+00:00,B_sell_A_buy,6.1483,0.2483,357.68,357.69,215.508,0.105,357.91,358.0,8.387,1.0728,0.0000062500,0.0004000000,99.0,0.1
2026-09-04T13:53:02.944+00:00,B_sell_A_buy,6.1484,0.2484,357.68,357.69,215.508,0.105,357.91,357.99,8.387,0.9769,0.0000062500,0.0004000000,128.4,0.1
2026-09-04T13:53:02.992+00:00,B_sell_A_buy,6.1483,0.2483,357.68,357.69,215.508,0.105,357.91,358.0,8.387,1.0728,0.0000062500,0.0004000000,177.0,0.1
2026-09-04T13:53:02.996+00:00,B_sell_A_buy,6.1484,0.2484,357.68,357.69,215.508,0.105,357.91,357.99,8.387,27.7308,0.0000062500,0.0004000000,180.2,0.0
2026-09-04T13:53:03.014+00:00,B_sell_A_buy,6.1483,0.2483,357.68,357.69,215.508,0.105,357.91,358.0,8.387,1.0728,0.0000062500,0.0004000000,198.4,0.1
2026-09-04T13:53:03.016+00:00,B_sell_A_buy,6.1484,0.2484,357.68,357.69,215.508,0.105,357.91,357.99,8.387,1.0918,0.0000062500,0.0004000000,200.4,0.0
2026-09-04T13:53:18.742+00:00,B_sell_A_buy,6.7131,0.8131,357.36,357.38,2.798,22.477,357.62,357.68,1.0177,0.2403,0.0000062500,0.0004000000,31.3,0.0
2026-09-04T13:53:18.864+00:00,B_sell_A_buy,6.7131,0.8131,357.36,357.38,14.526,10.53,357.62,357.68,1.0177,0.2403,0.0000062500,0.0004000000,0.0,122.4
2026-09-04T13:53:18.898+00:00,B_sell_A_buy,6.9929,1.0929,357.36,357.37,11.728,2.798,357.62,357.68,1.0177,0.2403,0.0000062500,0.0004000000,0.1,156.5
2026-09-04T13:53:18.903+00:00,B_sell_A_buy,6.9929,1.0929,357.36,357.37,11.728,2.798,357.62,357.67,1.0177,8.387,0.0000062500,0.0004000000,4.8,0.0
2026-09-04T13:53:18.915+00:00,B_sell_A_buy,6.9929,1.0929,357.36,357.37,11.728,2.798,357.62,357.67,1.0177,36.1178,0.0000062500,0.0004000000,16.6,0.0
2026-09-04T13:53:18.922+00:00,B_sell_A_buy,6.9929,1.0929,357.36,357.37,11.728,2.798,357.62,357.67,1.0177,36.3753,0.0000062500,0.0004000000,23.6,0.1
2026-09-04T13:53:18.941+00:00,B_sell_A_buy,6.9929,1.0929,357.36,357.37,11.728,2.798,357.62,357.67,1.0177,36.1178,0.0000062500,0.0004000000,42.3,0.1
2026-09-04T13:53:18.999+00:00,B_sell_A_buy,6.9929,1.0929,357.36,357.37,11.728,2.798,357.62,357.67,1.0177,36.3704,0.0000062500,0.0004000000,101.0,0.1
2026-09-04T13:53:19.033+00:00,B_sell_A_buy,6.9929,1.0929,357.36,357.37,11.728,2.798,357.62,357.67,1.0177,36.1178,0.0000062500,0.0004000000,134.8,0.1
2026-09-04T13:53:25.233+00:00,B_sell_A_buy,6.1532,0.2532,357.39,357.43,12.995,12.794,357.65,357.69,0.9863,8.387,0.0000062500,0.0004000000,174.2,0.1
2026-09-04T13:53:26.246+00:00,B_sell_A_buy,6.1531,0.2531,357.37,357.41,27.605,22.732,357.63,357.76,0.9645,0.5253,0.0000062500,0.0004000000,0.2,0.2
2026-09-04T13:53:26.246+00:00,B_sell_A_buy,6.1532,0.2532,357.37,357.41,27.605,22.732,357.63,357.75,0.9645,8.387,0.0000062500,0.0004000000,0.2,0.2
2026-09-04T13:53:26.282+00:00,B_sell_A_buy,6.1532,0.2532,357.37,357.41,27.605,22.732,357.63,357.74,0.9645,0.2266,0.0000062500,0.0004000000,35.1,0.1
2026-09-04T13:53:26.299+00:00,B_sell_A_buy,6.9921,1.0921,357.37,357.41,27.605,22.732,357.66,357.74,0.9994,0.2266,0.0000062500,0.0004000000,52.5,0.1
2026-09-04T13:53:26.315+00:00,B_sell_A_buy,6.9921,1.0921,357.37,357.41,27.605,22.732,357.66,357.74,0.9994,0.5031,0.0000062500,0.0004000000,69.4,0.1
2026-09-04T13:53:26.357+00:00,B_sell_A_buy,6.9922,1.0922,357.37,357.41,27.605,22.732,357.66,357.72,0.9994,0.2704,0.0000062500,0.0004000000,110.4,0.1
2026-09-04T13:53:26.383+00:00,B_sell_A_buy,6.9921,1.0921,357.37,357.41,27.605,22.732,357.66,357.74,0.9994,0.5031,0.0000062500,0.0004000000,136.2,0.1
2026-09-04T13:53:26.423+00:00,B_sell_A_buy,7.2718,1.3718,357.37,357.41,27.605,22.732,357.67,357.74,0.9187,0.5031,0.0000062500,0.0004000000,176.0,0.1
2026-09-04T13:53:47.029+00:00,B_sell_A_buy,6.9988,1.0988,357.03,357.07,113.601,11.072,357.32,357.39,0.976,0.9411,0.0000062500,0.0004000000,64.8,0.0
2026-09-04T13:53:47.036+00:00,B_sell_A_buy,6.9989,1.0989,357.03,357.07,113.601,11.072,357.32,357.38,0.976,8.387,0.0000062500,0.0004000000,71.9,0.0
2026-09-04T13:53:47.049+00:00,B_sell_A_buy,6.9989,1.0989,357.03,357.07,113.601,11.072,357.32,357.38,0.976,9.2532,0.0000062500,0.0004000000,85.5,0.0
2026-09-04T13:53:47.078+00:00,B_sell_A_buy,6.9989,1.0989,357.03,357.07,113.601,11.072,357.32,357.37,0.976,8.387,0.0000062500,0.0004000000,114.7,0.0
2026-09-04T13:53:47.090+00:00,B_sell_A_buy,6.4389,0.5389,357.03,357.09,141.301,11.61,357.32,357.37,0.976,8.387,0.0000062500,0.0004000000,0.0,12.1
2026-09-04T13:53:47.169+00:00,B_sell_A_buy,6.4389,0.5389,357.03,357.09,141.301,11.61,357.32,357.38,0.976,8.387,0.0000062500,0.0004000000,78.2,0.1
2026-09-04T13:53:47.169+00:00,B_sell_A_buy,6.4387,0.5387,357.03,357.09,141.301,11.61,357.32,357.43,0.976,8.3873,0.0000062500,0.0004000000,78.3,0.2
2026-09-04T13:53:47.179+00:00,B_sell_A_buy,6.7182,0.8182,357.03,357.09,141.301,11.61,357.33,357.51,1.0035,0.2702,0.0000062500,0.0004000000,89.2,0.1
2026-09-04T13:53:47.235+00:00,B_sell_A_buy,6.7182,0.8182,357.03,357.09,141.301,11.61,357.33,357.51,1.0035,1.2107,0.0000062500,0.0004000000,144.8,0.1
2026-09-04T13:53:47.271+00:00,B_sell_A_buy,7.2784,1.3784,357.03,357.09,141.301,11.61,357.35,357.42,0.9026,0.8549,0.0000062500,0.0004000000,180.4,0.1
2026-09-04T13:53:47.319+00:00,B_sell_A_buy,7.2784,1.3784,357.03,357.09,141.301,11.61,357.35,357.41,0.9026,8.387,0.0000062500,0.0004000000,228.0,0.1
2026-09-04T13:53:47.319+00:00,B_sell_A_buy,7.2784,1.3784,357.03,357.09,141.301,11.61,357.35,357.41,0.9026,16.774,0.0000062500,0.0004000000,228.1,0.2
2026-09-04T13:53:47.319+00:00,B_sell_A_buy,7.2783,1.3783,357.05,357.09,11.856,11.61,357.35,357.41,0.9026,16.774,0.0000062500,0.0004000000,0.2,0.2
2026-09-04T13:53:47.335+00:00,B_sell_A_buy,7.2783,1.3783,357.05,357.09,11.856,11.61,357.35,357.41,0.9026,17.6645,0.0000062500,0.0004000000,16.6,0.1
2026-09-04T13:53:47.335+00:00,B_sell_A_buy,6.7185,0.8185,357.05,357.09,11.856,11.61,357.33,357.41,1.0035,17.6645,0.0000062500,0.0004000000,16.7,0.1
2026-09-04T13:53:51.081+00:00,B_sell_A_buy,6.1583,0.2583,357.05,357.09,41.143,11.034,357.31,357.51,16.1993,0.2702,0.0000062500,0.0004000000,0.1,24.6
2026-09-04T13:53:51.081+00:00,B_sell_A_buy,6.1574,0.2574,357.05,357.09,41.143,11.034,357.31,357.72,16.1993,0.077,0.0000062500,0.0004000000,0.2,0.2
2026-09-04T13:53:51.081+00:00,B_sell_A_buy,6.1584,0.2584,357.05,357.09,41.143,11.034,357.31,357.5,16.1993,0.8878,0.0000062500,0.0004000000,0.2,0.2
2026-09-04T13:53:51.081+00:00,B_sell_A_buy,6.1584,0.2584,357.05,357.09,41.143,11.034,357.31,357.5,16.1993,9.2748,0.0000062500,0.0004000000,0.3,0.2
2026-09-04T13:53:51.085+00:00,B_sell_A_buy,6.4382,0.5382,357.05,357.09,41.143,11.034,357.32,357.5,8.387,9.2748,0.0000062500,0.0004000000,3.3,0.0
2026-09-04T13:53:51.092+00:00,B_sell_A_buy,6.4382,0.5382,357.05,357.09,41.143,11.034,357.32,357.5,8.387,0.8878,0.0000062500,0.0004000000,10.2,0.0
2026-09-04T13:53:51.094+00:00,B_sell_A_buy,6.4382,0.5382,357.05,357.09,41.143,11.034,357.32,357.5,9.0866,0.8878,0.0000062500,0.0004000000,12.8,0.0
2026-09-04T13:53:51.107+00:00,B_sell_A_buy,6.4382,0.5382,357.05,357.09,41.143,11.034,357.32,357.5,0.6996,0.8878,0.0000062500,0.0004000000,25.6,0.0
2026-09-04T13:53:51.134+00:00,B_sell_A_buy,6.4382,0.5382,357.05,357.09,41.143,11.034,357.32,357.5,0.9131,0.8878,0.0000062500,0.0004000000,52.7,0.0
2026-09-04T13:53:51.167+00:00,B_sell_A_buy,6.4382,0.5382,357.05,357.09,41.143,11.034,357.32,357.5,9.3001,0.8878,0.0000062500,0.0004000000,86.3,0.1
2026-09-04T13:53:51.175+00:00,B_sell_A_buy,6.4382,0.5382,357.05,357.09,41.143,11.034,357.32,357.5,0.9131,0.8878,0.0000062500,0.0004000000,93.4,0.0
2026-09-04T13:53:51.192+00:00,B_sell_A_buy,6.4383,0.5383,357.05,357.09,41.143,11.034,357.32,357.49,0.9131,8.387,0.0000062500,0.0004000000,110.3,0.0
2026-09-04T13:53:51.232+00:00,B_sell_A_buy,6.4383,0.5383,357.05,357.09,41.143,11.034,357.32,357.48,0.9131,0.9972,0.0000062500,0.0004000000,150.8,0.1
2026-09-04T13:53:51.242+00:00,B_sell_A_buy,6.4383,0.5383,357.05,357.09,41.143,11.034,357.32,357.48,28.6439,0.9972,0.0000062500,0.0004000000,161.3,0.0
2026-09-04T13:53:51.264+00:00,B_sell_A_buy,6.4383,0.5383,357.06,357.09,2.801,11.034,357.32,357.48,28.6439,0.9972,0.0000062500,0.0004000000,0.0,21.6
2026-09-04T13:53:51.332+00:00,B_sell_A_buy,6.4383,0.5383,357.06,357.09,2.801,11.034,357.32,357.47,28.6439,8.387,0.0000062500,0.0004000000,67.7,0.1
2026-09-04T13:53:51.343+00:00,B_sell_A_buy,6.4383,0.5383,357.06,357.09,2.801,11.034,357.32,357.47,28.6439,36.1178,0.0000062500,0.0004000000,78.1,0.1
2026-09-04T13:53:51.362+00:00,B_sell_A_buy,6.4384,0.5384,357.06,357.09,2.801,11.034,357.32,357.46,28.6439,8.3873,0.0000062500,0.0004000000,98.6,0.0
2026-09-04T13:53:51.384+00:00,B_sell_A_buy,6.4384,0.5384,357.06,357.09,2.801,11.034,357.32,357.45,28.6439,0.8843,0.0000062500,0.0004000000,119.3,0.1
2026-09-04T13:53:51.384+00:00,B_sell_A_buy,6.9982,1.0982,357.06,357.09,2.801,11.034,357.34,357.45,1.0086,0.8843,0.0000062500,0.0004000000,119.4,0.1
2026-09-04T13:53:51.401+00:00,B_sell_A_buy,6.9984,1.0984,357.06,357.09,2.801,11.034,357.34,357.4,1.0086,0.8846,0.0000062500,0.0004000000,137.0,0.1
2026-09-04T13:53:51.409+00:00,B_sell_A_buy,6.4387,0.5387,357.06,357.09,2.801,11.034,357.32,357.39,0.9131,0.9818,0.0000062500,0.0004000000,145.7,0.0
2026-09-04T13:53:51.437+00:00,B_sell_A_buy,6.4384,0.5384,357.06,357.09,2.801,11.034,357.32,357.45,0.9131,0.8843,0.0000062500,0.0004000000,172.8,0.0
2026-09-04T13:53:51.556+00:00,B_sell_A_buy,6.7182,0.8182,357.08,357.11,49.426,7.745,357.35,357.42,0.9587,0.9569,0.0000062500,0.0004000000,57.9,0.1
2026-09-04T13:53:51.641+00:00,B_sell_A_buy,6.7182,0.8182,357.08,357.11,49.426,7.745,357.35,357.41,0.9587,0.9713,0.0000062500,0.0004000000,143.0,0.1
2026-09-04T13:53:51.966+00:00,B_sell_A_buy,6.1557,0.2557,357.23,357.24,22.752,12.9,357.46,357.65,5.4868,8.3873,0.0000062500,0.0004000000,139.3,0.0
2026-09-04T13:53:51.984+00:00,B_sell_A_buy,6.1557,0.2557,357.23,357.24,22.752,12.9,357.46,357.64,5.4868,0.9782,0.0000062500,0.0004000000,156.8,0.1
2026-09-04T13:53:51.984+00:00,B_sell_A_buy,6.1557,0.2557,357.23,357.24,22.752,12.9,357.46,357.64,13.8738,0.9782,0.0000062500,0.0004000000,156.8,0.1
2026-09-04T13:53:51.984+00:00,B_sell_A_buy,6.1557,0.2557,357.23,357.24,22.752,12.9,357.46,357.64,22.2608,0.9782,0.0000062500,0.0004000000,156.9,0.1
2026-09-04T13:53:51.984+00:00,B_sell_A_buy,7.2751,1.3751,357.23,357.24,22.752,12.9,357.5,357.57,1.0932,1.0621,0.0000062500,0.0004000000,156.9,0.2
2026-09-04T13:53:51.991+00:00,B_sell_A_buy,6.4357,0.5357,357.18,357.27,27.7,18.467,357.5,357.57,1.0932,1.0621,0.0000062500,0.0004000000,0.0,7.7
2026-09-04T13:53:51.998+00:00,B_sell_A_buy,6.7155,0.8155,357.18,357.27,27.7,18.467,357.51,357.57,1.0006,1.0621,0.0000062500,0.0004000000,6.9,0.0
2026-09-04T13:53:52.102+00:00,B_sell_A_buy,7.5556,1.6556,357.18,357.2,27.7,9.707,357.47,357.55,1.0197,17.7504,0.0000062500,0.0004000000,0.0,17.7
2026-09-04T13:53:52.184+00:00,B_sell_A_buy,7.5557,1.6557,357.18,357.2,27.7,9.707,357.47,357.53,1.0197,1.0683,0.0000062500,0.0004000000,82.3,0.1
2026-09-04T13:53:52.224+00:00,B_sell_A_buy,7.8355,1.9355,357.18,357.2,27.7,9.707,357.48,357.53,1.0692,1.0683,0.0000062500,0.0004000000,121.2,0.1
2026-09-04T13:53:52.228+00:00,B_sell_A_buy,7.8354,1.9354,357.18,357.2,27.7,9.707,357.48,357.55,1.0692,0.9764,0.0000062500,0.0004000000,126.1,0.1
2026-09-04T13:53:52.277+00:00,B_sell_A_buy,7.8355,1.9355,357.17,357.2,31.497,9.707,357.48,357.55,1.0692,0.9764,0.0000062500,0.0004000000,0.1,49.2
2026-09-04T13:53:52.294+00:00,B_sell_A_buy,7.8355,1.9355,357.17,357.2,31.497,9.707,357.48,357.54,1.0692,8.387,0.0000062500,0.0004000000,16.1,0.1
2026-09-04T13:53:58.562+00:00,B_sell_A_buy,7.5549,1.6549,357.21,357.24,2.799,2.799,357.51,357.57,1.0378,0.8895,0.0000062500,0.0004000000,12.3,0.0
2026-09-04T13:53:58.577+00:00,B_sell_A_buy,7.5545,1.6545,357.21,357.24,2.799,2.799,357.51,357.65,1.0378,8.3873,0.0000062500,0.0004000000,25.8,0.0
2026-09-04T13:53:58.595+00:00,B_sell_A_buy,7.5546,1.6546,357.21,357.24,2.799,2.799,357.51,357.64,1.0378,0.891,0.0000062500,0.0004000000,44.3,0.0
2026-09-04T13:53:58.634+00:00,B_sell_A_buy,7.8343,1.9343,357.21,357.24,2.799,2.799,357.52,357.64,0.9315,0.891,0.0000062500,0.0004000000,84.2,0.0
2026-09-04T13:53:58.673+00:00,B_sell_A_buy,7.8344,1.9344,357.21,357.24,2.799,2.799,357.52,357.63,0.9315,8.387,0.0000062500,0.0004000000,122.1,0.1
2026-09-04T13:53:58.728+00:00,B_sell_A_buy,7.8344,1.9344,357.21,357.24,2.799,2.799,357.52,357.62,0.9315,0.9214,0.0000062500,0.0004000000,177.2,0.1
2026-09-04T13:53:58.808+00:00,B_sell_A_buy,8.3940,2.4940,357.21,357.24,2.799,2.799,357.54,357.61,1.0316,0.976,0.0000062500,0.0004000000,257.7,0.1
2026-09-04T13:53:58.958+00:00,B_sell_A_buy,8.3940,2.4940,357.21,357.24,2.799,2.799,357.54,357.6,1.0316,0.9208,0.0000062500,0.0004000000,407.7,0.1
2026-09-04T13:53:58.988+00:00,B_sell_A_buy,8.3941,2.4941,357.21,357.24,2.799,2.799,357.54,357.59,1.0316,16.774,0.0000062500,0.0004000000,438.1,0.1
2026-09-04T13:53:58.995+00:00,B_sell_A_buy,8.3941,2.4941,357.21,357.24,2.799,2.799,357.54,357.59,1.0316,17.8213,0.0000062500,0.0004000000,444.8,0.1
2026-09-04T13:53:59.006+00:00,B_sell_A_buy,7.8346,1.9346,357.21,357.24,2.799,2.799,357.52,357.59,0.9315,17.8213,0.0000062500,0.0004000000,455.7,0.0
2026-09-04T13:53:59.018+00:00,B_sell_A_buy,8.3941,2.4941,357.21,357.24,2.799,2.799,357.54,357.59,0.8967,17.8213,0.0000062500,0.0004000000,468.0,0.1
2026-09-04T13:53:59.033+00:00,B_sell_A_buy,8.3941,2.4941,357.21,357.24,2.799,2.799,357.54,357.59,0.8967,45.5521,0.0000062500,0.0004000000,482.8,0.0
2026-09-04T13:53:59.058+00:00,B_sell_A_buy,7.8346,1.9346,357.21,357.24,2.799,2.799,357.52,357.59,0.9315,45.5521,0.0000062500,0.0004000000,507.9,0.0
2026-09-04T13:53:59.119+00:00,B_sell_A_buy,7.8346,1.9346,357.21,357.24,2.799,14.648,357.52,357.59,0.9315,45.5521,0.0000062500,0.0004000000,0.0,60.7
2026-09-04T13:54:00.038+00:00,B_sell_A_buy,7.2723,1.3723,357.36,357.38,14.637,0.041,357.64,357.71,0.9711,0.966,0.0000062500,0.0004000000,196.1,0.1
2026-09-04T13:54:00.086+00:00,B_sell_A_buy,7.2723,1.3723,357.36,357.38,14.637,0.041,357.64,357.7,0.9711,8.387,0.0000062500,0.0004000000,244.7,0.1
2026-09-04T13:54:00.103+00:00,B_sell_A_buy,7.2723,1.3723,357.36,357.38,14.637,0.041,357.64,357.7,0.9711,36.1178,0.0000062500,0.0004000000,261.9,0.0
2026-09-04T13:54:00.276+00:00,B_sell_A_buy,7.2723,1.3723,357.37,357.38,2.798,0.041,357.64,357.7,0.9711,36.1178,0.0000062500,0.0004000000,0.1,173.8
2026-09-04T13:54:00.281+00:00,B_sell_A_buy,7.5519,1.6519,357.37,357.38,2.798,0.041,357.65,357.7,1.0809,37.0544,0.0000062500,0.0004000000,5.2,0.1
2026-09-04T13:54:00.488+00:00,B_sell_A_buy,6.1537,0.2537,357.37,357.38,110.758,0.041,357.6,357.69,1.0309,8.387,0.0000062500,0.0004000000,70.3,0.1
2026-09-04T13:54:00.615+00:00,B_sell_A_buy,6.1537,0.2537,357.37,357.38,193.754,0.041,357.6,357.69,1.0309,8.387,0.0000062500,0.0004000000,0.1,126.3
2026-09-04T13:54:00.630+00:00,B_sell_A_buy,6.1537,0.2537,357.37,357.38,193.754,0.041,357.6,357.69,1.0309,9.462,0.0000062500,0.0004000000,15.4,0.1
2026-09-04T13:54:00.630+00:00,B_sell_A_buy,6.7130,0.8130,357.37,357.38,193.754,0.041,357.62,357.69,1.0808,9.462,0.0000062500,0.0004000000,15.5,0.1
2026-09-04T13:54:00.695+00:00,B_sell_A_buy,6.7130,0.8130,357.37,357.38,193.754,0.041,357.62,357.69,0.5217,9.462,0.0000062500,0.0004000000,80.0,0.1
2026-09-04T13:54:03.212+00:00,B_sell_A_buy,6.4304,0.5304,357.54,357.55,27.7,10.558,357.78,357.84,1.0715,9.3822,0.0000062500,0.0004000000,34.6,0.1
2026-09-04T13:54:03.222+00:00,B_sell_A_buy,6.7099,0.8099,357.54,357.55,27.7,10.558,357.79,357.84,1.0142,9.3822,0.0000062500,0.0004000000,44.8,0.1
2026-09-04T13:54:03.275+00:00,B_sell_A_buy,6.7100,0.8100,357.53,357.55,2.797,10.558,357.79,357.84,1.0142,9.3822,0.0000062500,0.0004000000,0.1,52.9
2026-09-04T13:54:03.292+00:00,B_sell_A_buy,6.7100,0.8100,357.53,357.55,2.797,10.558,357.79,357.84,0.4551,9.3822,0.0000062500,0.0004000000,17.3,0.1
2026-09-04T13:54:03.311+00:00,B_sell_A_buy,6.4303,0.5303,357.53,357.56,13.393,12.09,357.79,357.84,0.4551,9.3822,0.0000062500,0.0004000000,0.1,19.4
2026-09-04T13:54:03.311+00:00,B_sell_A_buy,6.7099,0.8099,357.54,357.55,10.021,2.797,357.79,357.84,0.4551,9.3822,0.0000062500,0.0004000000,0.1,19.5
2026-09-04T13:54:03.314+00:00,B_sell_A_buy,6.7099,0.8099,357.54,357.55,10.021,2.797,357.79,357.84,0.4551,8.387,0.0000062500,0.0004000000,2.6,0.0
2026-09-04T13:54:03.320+00:00,B_sell_A_buy,6.7093,0.8093,357.54,357.55,10.021,2.797,357.79,357.97,0.4551,70.097,0.0000062500,0.0004000000,9.0,0.1
2026-09-04T13:54:03.326+00:00,B_sell_A_buy,6.7091,0.8091,357.54,357.55,10.021,2.797,357.79,358.01,0.4551,0.0391,0.0000062500,0.0004000000,14.3,0.0
2026-09-04T13:54:03.334+00:00,B_sell_A_buy,6.7093,0.8093,357.54,357.55,10.021,2.797,357.79,357.97,0.4551,27.7308,0.0000062500,0.0004000000,22.9,0.1
2026-09-04T13:54:03.334+00:00,B_sell_A_buy,6.9888,1.0888,357.54,357.55,10.021,2.797,357.8,357.97,1.0717,27.7308,0.0000062500,0.0004000000,23.0,0.2
2026-09-04T13:54:03.334+00:00,B_sell_A_buy,6.9886,1.0886,357.54,357.55,10.021,2.797,357.8,358.01,1.0717,0.0391,0.0000062500,0.0004000000,23.0,0.2
2026-09-04T13:54:03.449+00:00,B_sell_A_buy,6.9887,1.0887,357.54,357.55,10.021,2.797,357.8,358.0,1.0717,8.387,0.0000062500,0.0004000000,137.7,0.1
2026-09-04T13:54:03.449+00:00,B_sell_A_buy,6.9887,1.0887,357.54,357.55,10.021,2.797,357.8,357.99,1.0717,70.097,0.0000062500,0.0004000000,137.8,0.2
2026-09-04T13:54:03.491+00:00,B_sell_A_buy,6.9888,1.0888,357.54,357.55,10.021,2.797,357.8,357.98,1.0717,0.8808,0.0000062500,0.0004000000,178.6,0.1
2026-09-04T13:54:03.495+00:00,B_sell_A_buy,6.9888,1.0888,357.54,357.55,10.021,2.797,357.8,357.98,1.0717,9.2678,0.0000062500,0.0004000000,182.9,0.1
2026-09-04T13:54:03.536+00:00,B_sell_A_buy,6.9889,1.0889,357.54,357.55,10.021,2.797,357.8,357.95,1.0717,8.3873,0.0000062500,0.0004000000,224.0,0.1
2026-09-04T13:54:03.548+00:00,B_sell_A_buy,6.7093,0.8093,357.54,357.56,91.438,12.09,357.8,357.95,1.0717,8.3873,0.0000062500,0.0004000000,0.1,12.8
2026-09-04T13:54:03.548+00:00,B_sell_A_buy,6.7093,0.8093,357.55,357.56,27.7,12.09,357.8,357.95,1.0717,8.3873,0.0000062500,0.0004000000,0.1,12.8
2026-09-04T13:54:03.554+00:00,B_sell_A_buy,6.7097,0.8097,357.55,357.56,27.7,12.09,357.8,357.86,28.8025,0.9747,0.0000062500,0.0004000000,5.7,0.1
2026-09-04T13:54:03.557+00:00,B_sell_A_buy,6.7093,0.8093,357.55,357.56,27.7,12.09,357.8,357.95,28.8025,8.3873,0.0000062500,0.0004000000,8.7,0.1
2026-09-04T13:54:03.587+00:00,B_sell_A_buy,6.7093,0.8093,357.55,357.56,27.7,12.09,357.8,357.94,28.8025,0.9126,0.0000062500,0.0004000000,38.9,0.1
2026-09-04T13:54:03.634+00:00,B_sell_A_buy,6.9888,1.0888,357.55,357.56,27.7,12.09,357.81,357.94,8.387,0.9126,0.0000062500,0.0004000000,85.3,0.1
2026-09-04T13:54:03.657+00:00,B_sell_A_buy,8.6658,2.7658,357.55,357.56,27.7,12.09,357.87,357.94,0.9202,0.9126,0.0000062500,0.0004000000,109.7,0.1
2026-09-04T13:54:03.847+00:00,B_sell_A_buy,8.6658,2.7658,357.55,357.56,27.7,12.09,357.87,357.94,0.3613,0.9126,0.0000062500,0.0004000000,299.1,0.1
2026-09-04T13:54:03.872+00:00,B_sell_A_buy,6.7093,0.8093,357.55,357.56,27.7,12.09,357.8,357.94,1.0717,0.9126,0.0000062500,0.0004000000,323.9,0.1
2026-09-04T13:54:03.888+00:00,B_sell_A_buy,6.7093,0.8093,357.55,357.56,27.7,12.09,357.8,357.94,1.0717,28.6434,0.0000062500,0.0004000000,340.3,0.1
2026-09-04T13:54:04.041+00:00,B_sell_A_buy,6.9888,1.0888,357.55,357.56,27.7,12.09,357.81,357.94,8.387,28.6434,0.0000062500,0.0004000000,492.6,0.1
2026-09-04T13:54:04.075+00:00,B_sell_A_buy,8.1068,2.2068,357.55,357.56,27.7,12.09,357.85,357.94,0.9767,28.6434,0.0000062500,0.0004000000,526.6,0.1
2026-09-04T13:54:04.079+00:00,B_sell_A_buy,8.1070,2.2070,357.55,357.56,27.7,12.09,357.85,357.91,0.9767,0.9822,0.0000062500,0.0004000000,531.5,0.1
2026-09-04T13:54:04.089+00:00,B_sell_A_buy,8.1070,2.2070,357.55,357.56,27.7,12.09,357.85,357.91,28.7075,0.9822,0.0000062500,0.0004000000,540.7,0.1
2026-09-04T13:54:04.152+00:00,B_sell_A_buy,8.1070,2.2070,357.55,357.56,27.7,12.09,357.85,357.91,28.1487,0.9822,0.0000062500,0.0004000000,603.8,0.1
2026-09-04T13:54:04.152+00:00,B_sell_A_buy,8.1070,2.2070,357.55,357.56,27.7,12.09,357.85,357.9,28.1487,16.774,0.0000062500,0.0004000000,604.0,0.2
2026-09-04T13:54:04.189+00:00,B_sell_A_buy,8.1070,2.2070,357.55,357.56,71.58,12.09,357.85,357.9,28.1487,16.774,0.0000062500,0.0004000000,0.1,36.6
2026-09-04T13:54:06.925+00:00,B_sell_A_buy,7.8243,1.9243,357.7,357.72,30.496,0.032,358.0,358.01,0.8806,0.0391,0.0000062500,0.0004000000,156.3,0.1
2026-09-04T13:54:06.978+00:00,B_sell_A_buy,7.8243,1.9243,357.7,357.72,30.496,0.032,358.0,358.01,9.2676,0.0391,0.0000062500,0.0004000000,210.5,0.1
2026-09-04T13:54:06.983+00:00,B_sell_A_buy,7.8243,1.9243,357.7,357.72,30.496,0.032,358.0,358.01,0.8806,0.0391,0.0000062500,0.0004000000,214.2,0.0
2026-09-04T13:54:06.983+00:00,B_sell_A_buy,7.8243,1.9243,357.71,357.72,9.542,0.032,358.0,358.01,0.8806,0.0391,0.0000062500,0.0004000000,0.1,0.1
2026-09-04T13:54:07.038+00:00,B_sell_A_buy,7.8243,1.9243,357.71,357.72,9.542,0.032,358.0,358.01,9.2676,0.0391,0.0000062500,0.0004000000,56.2,0.1
2026-09-04T13:54:07.055+00:00,B_sell_A_buy,7.8243,1.9243,357.71,357.72,9.542,0.032,358.0,358.01,0.8806,0.0391,0.0000062500,0.0004000000,71.8,0.1
2026-09-04T13:54:07.244+00:00,B_sell_A_buy,7.8239,1.9239,357.71,357.72,9.542,0.032,358.0,358.09,0.8806,1.0402,0.0000062500,0.0004000000,261.5,0.1
2026-09-04T13:54:07.257+00:00,B_sell_A_buy,8.1032,2.2032,357.71,357.72,9.542,0.032,358.01,358.09,1.0965,1.0402,0.0000062500,0.0004000000,274.5,0.1
2026-09-04T13:54:07.259+00:00,B_sell_A_buy,8.6619,2.7619,357.71,357.72,9.542,0.032,358.03,358.09,0.9797,28.771,0.0000062500,0.0004000000,277.3,0.0
2026-09-04T13:54:07.285+00:00,B_sell_A_buy,8.1032,2.2032,357.71,357.72,9.542,0.032,358.01,358.09,9.4835,28.771,0.0000062500,0.0004000000,302.4,0.1
2026-09-04T13:54:07.294+00:00,B_sell_A_buy,8.1032,2.2032,357.71,357.72,9.542,0.032,358.01,358.09,1.0965,28.771,0.0000062500,0.0004000000,311.9,0.1
2026-09-04T13:54:07.294+00:00,B_sell_A_buy,8.6619,2.7619,357.71,357.72,9.542,0.032,358.03,358.09,0.9103,28.771,0.0000062500,0.0004000000,312.0,0.1
2026-09-04T13:54:07.308+00:00,B_sell_A_buy,8.6619,2.7619,357.71,357.72,8.764,0.032,358.03,358.09,0.9103,28.771,0.0000062500,0.0004000000,0.0,14.1
2026-09-04T13:54:07.386+00:00,B_sell_A_buy,8.1032,2.2032,357.71,357.72,8.764,0.032,358.01,358.09,1.0965,28.771,0.0000062500,0.0004000000,78.0,0.1
2026-09-04T13:54:07.392+00:00,B_sell_A_buy,7.8239,1.9239,357.71,357.72,8.764,0.032,358.0,358.09,0.8806,28.771,0.0000062500,0.0004000000,83.3,0.1
2026-09-04T13:54:07.392+00:00,B_sell_A_buy,8.6619,2.7619,357.71,357.72,8.764,0.032,358.03,358.09,27.7308,28.771,0.0000062500,0.0004000000,83.4,0.2
2026-09-04T13:54:07.457+00:00,B_sell_A_buy,6.1476,0.2476,357.71,357.72,265.092,0.032,357.94,358.08,0.9603,1.0875,0.0000062500,0.0004000000,15.6,0.1
2026-09-04T13:54:07.473+00:00,B_sell_A_buy,6.1476,0.2476,357.71,357.72,265.092,0.032,357.94,358.09,0.9603,1.0402,0.0000062500,0.0004000000,31.7,0.0
2026-09-04T13:54:07.476+00:00,B_sell_A_buy,6.1476,0.2476,357.71,357.72,265.092,0.032,357.94,358.09,0.9603,0.0769,0.0000062500,0.0004000000,34.8,0.0
2026-09-04T13:54:07.482+00:00,B_sell_A_buy,7.2651,1.3651,357.71,357.72,265.092,0.032,357.98,358.09,16.1993,0.0769,0.0000062500,0.0004000000,40.9,0.0
2026-09-04T13:54:07.530+00:00,B_sell_A_buy,7.5445,1.6445,357.71,357.72,265.092,0.032,357.99,358.08,1.0018,0.8957,0.0000062500,0.0004000000,88.9,0.1
2026-09-04T13:54:07.562+00:00,B_sell_A_buy,7.5445,1.6445,357.71,357.72,448.449,0.032,357.99,358.08,1.0018,0.8957,0.0000062500,0.0004000000,0.1,32.8
2026-09-04T13:54:07.627+00:00,B_sell_A_buy,7.5446,1.6446,357.71,357.72,448.449,0.032,357.99,358.07,1.0018,0.9057,0.0000062500,0.0004000000,64.9,0.1
2026-09-04T13:54:07.627+00:00,B_sell_A_buy,8.1033,2.2033,357.71,357.72,448.449,0.032,358.01,358.07,0.945,0.9057,0.0000062500,0.0004000000,65.0,0.2
2026-09-04T13:54:07.633+00:00,B_sell_A_buy,7.5446,1.6446,357.71,357.72,448.449,0.032,357.99,358.07,1.0018,0.9057,0.0000062500,0.0004000000,71.0,0.1
2026-09-04T13:54:07.633+00:00,B_sell_A_buy,8.3826,2.4826,357.71,357.72,448.449,0.032,358.02,358.08,1.0495,0.8957,0.0000062500,0.0004000000,71.0,0.1
2026-09-04T13:54:07.644+00:00,B_sell_A_buy,7.5445,1.6445,357.71,357.72,448.449,0.032,357.99,358.08,1.0018,0.8957,0.0000062500,0.0004000000,80.6,0.0
2026-09-04T13:54:07.648+00:00,B_sell_A_buy,7.5446,1.6446,357.71,357.72,448.449,0.032,357.99,358.06,1.0018,8.387,0.0000062500,0.0004000000,85.2,0.0
2026-09-04T13:54:07.704+00:00,B_sell_A_buy,7.5445,1.6445,357.71,357.72,448.449,0.032,357.99,358.08,1.0018,0.8957,0.0000062500,0.0004000000,141.2,0.1
2026-09-04T13:54:07.741+00:00,B_sell_A_buy,6.9856,1.0856,357.71,357.74,448.449,0.041,357.99,358.08,1.0018,0.8957,0.0000062500,0.0004000000,0.1,37.0
2026-09-04T13:54:13.127+00:00,B_sell_A_buy,6.9842,1.0842,357.81,357.83,0.386,36.298,358.08,358.09,0.9439,0.0769,0.0000062500,0.0004000000,271.4,0.1
2026-09-04T13:54:13.216+00:00,B_sell_A_buy,6.9842,1.0842,357.81,357.83,0.386,36.298,358.08,358.09,9.3309,0.0769,0.0000062500,0.0004000000,360.3,0.1
2026-09-04T13:54:13.222+00:00,B_sell_A_buy,6.9842,1.0842,357.81,357.83,0.386,36.298,358.08,358.09,0.9439,0.0769,0.0000062500,0.0004000000,366.7,0.1
2026-09-04T13:54:13.296+00:00,B_sell_A_buy,6.7047,0.8047,357.82,357.84,2.795,18.149,358.08,358.09,0.9439,0.0769,0.0000062500,0.0004000000,0.1,74.3
2026-09-04T13:54:13.353+00:00,B_sell_A_buy,6.7047,0.8047,357.82,357.84,2.795,18.149,358.08,358.09,28.6747,0.0769,0.0000062500,0.0004000000,56.7,0.1
2026-09-04T13:54:13.400+00:00,B_sell_A_buy,6.1459,0.2459,357.81,357.86,0.386,24.272,358.08,358.09,28.6747,0.0769,0.0000062500,0.0004000000,0.1,46.6
2026-09-04T13:54:13.441+00:00,B_sell_A_buy,6.1459,0.2459,357.81,357.86,0.386,51.877,358.08,358.09,28.6747,0.0769,0.0000062500,0.0004000000,0.1,88.4
2026-09-04T13:54:13.461+00:00,B_sell_A_buy,6.1459,0.2459,357.81,357.86,0.386,51.877,358.08,358.11,28.6747,0.0398,0.0000062500,0.0004000000,19.0,0.1
2026-09-04T13:54:15.849+00:00,B_sell_A_buy,6.4253,0.5253,357.81,357.85,0.386,18.709,358.08,358.11,16.1993,0.0398,0.0000062500,0.0004000000,161.0,0.1
2026-09-04T13:54:15.969+00:00,B_sell_A_buy,6.7045,0.8045,357.83,357.85,27.605,9.862,358.09,358.11,8.387,0.0398,0.0000062500,0.0004000000,0.0,35.6
2026-09-04T13:54:16.048+00:00,B_sell_A_buy,6.9838,1.0838,357.83,357.85,27.605,9.862,358.1,358.11,0.9757,0.0398,0.0000062500,0.0004000000,79.3,0.1
2026-09-04T13:54:16.061+00:00,B_sell_A_buy,6.1455,0.2455,357.85,357.88,27.7,4.889,358.1,358.11,0.9757,0.0398,0.0000062500,0.0004000000,0.0,13.0
2026-09-04T13:54:16.104+00:00,B_sell_A_buy,6.1455,0.2455,357.85,357.88,27.7,4.889,358.1,358.11,0.9757,8.4268,0.0000062500,0.0004000000,43.0,0.1
2026-09-04T13:54:16.108+00:00,B_sell_A_buy,6.1455,0.2455,357.85,357.88,27.7,4.889,358.1,358.11,0.9757,0.0398,0.0000062500,0.0004000000,47.2,0.1
2026-09-04T13:54:16.179+00:00,B_sell_A_buy,6.1455,0.2455,357.86,357.88,27.7,4.889,358.1,358.11,0.9757,0.0398,0.0000062500,0.0004000000,0.1,71.0
2026-09-04T13:54:16.221+00:00,B_sell_A_buy,6.1451,0.2451,357.86,357.88,27.7,4.889,358.1,358.2,0.9757,8.387,0.0000062500,0.0004000000,41.3,0.1
2026-09-04T13:54:16.230+00:00,B_sell_A_buy,6.4244,0.5244,357.86,357.88,27.7,4.889,358.11,358.2,0.9644,9.3347,0.0000062500,0.0004000000,51.2,0.1
2026-09-04T13:54:16.248+00:00,B_sell_A_buy,6.4244,0.5244,357.86,357.88,27.7,4.889,358.11,358.2,0.9644,37.0655,0.0000062500,0.0004000000,68.9,0.1
2026-09-04T13:54:18.332+00:00,B_sell_A_buy,6.1462,0.2462,357.81,357.82,0.386,18.709,358.04,358.12,0.8827,0.9599,0.0000062500,0.0004000000,0.1,50.0
2026-09-04T13:54:18.520+00:00,B_sell_A_buy,6.1462,0.2462,357.8,357.83,2.514,4.796,358.05,358.1,37.1711,36.1178,0.0000062500,0.0004000000,0.0,11.1
2026-09-04T13:54:18.526+00:00,B_sell_A_buy,6.1462,0.2462,357.8,357.83,2.514,4.796,358.05,358.1,28.7841,36.1178,0.0000062500,0.0004000000,6.4,0.0
2026-09-04T13:54:18.533+00:00,B_sell_A_buy,6.4255,0.5255,357.8,357.83,2.514,4.796,358.06,358.1,1.0563,36.1178,0.0000062500,0.0004000000,13.0,0.0
2026-09-04T13:54:18.571+00:00,B_sell_A_buy,6.4255,0.5255,357.8,357.83,11.793,4.796,358.06,358.1,1.0563,36.1178,0.0000062500,0.0004000000,0.1,37.7
2026-09-04T13:54:18.594+00:00,B_sell_A_buy,6.4255,0.5255,357.81,357.83,82.814,4.796,358.06,358.1,1.0563,36.1178,0.0000062500,0.0004000000,0.1,61.3
2026-09-04T13:54:18.668+00:00,B_sell_A_buy,6.4255,0.5255,357.81,357.83,82.814,4.796,358.06,358.1,1.0563,27.7308,0.0000062500,0.0004000000,73.2,0.1
2026-09-04T13:54:18.670+00:00,B_sell_A_buy,6.4249,0.5249,357.81,357.83,82.814,4.796,358.06,358.24,1.0563,70.097,0.0000062500,0.0004000000,75.1,0.0
2026-09-04T13:54:18.674+00:00,B_sell_A_buy,6.4247,0.5247,357.81,357.83,82.814,4.796,358.06,358.28,1.0563,10.9385,0.0000062500,0.0004000000,79.6,0.0
2026-09-04T13:54:18.700+00:00,B_sell_A_buy,6.4247,0.5247,357.81,357.83,82.814,4.796,358.06,358.27,1.0563,0.2711,0.0000062500,0.0004000000,105.7,0.0
2026-09-04T13:54:18.739+00:00,B_sell_A_buy,6.4247,0.5247,357.81,357.83,82.814,4.796,358.06,358.27,1.0563,1.3683,0.0000062500,0.0004000000,144.6,0.1
2026-09-04T13:54:18.747+00:00,B_sell_A_buy,6.4249,0.5249,357.81,357.83,82.814,4.796,358.06,358.24,1.0563,8.3873,0.0000062500,0.0004000000,152.8,0.1
2026-09-04T13:54:18.754+00:00,B_sell_A_buy,6.4249,0.5249,357.81,357.83,82.814,4.796,358.06,358.24,11.9957,8.3873,0.0000062500,0.0004000000,160.6,0.1
2026-09-04T13:54:18.787+00:00,B_sell_A_buy,6.4249,0.5249,357.81,357.83,82.814,4.796,358.06,358.23,11.9957,1.0171,0.0000062500,0.0004000000,192.1,0.1
2026-09-04T13:54:18.795+00:00,B_sell_A_buy,6.4249,0.5249,357.81,357.83,82.814,4.796,358.06,358.23,11.9957,1.2873,0.0000062500,0.0004000000,200.2,0.1
2026-09-04T13:54:18.855+00:00,B_sell_A_buy,6.9839,1.0839,357.81,357.83,82.814,4.796,358.08,358.15,0.8829,1.0362,0.0000062500,0.0004000000,260.9,0.1
2026-09-04T13:54:18.904+00:00,B_sell_A_buy,6.9835,1.0835,357.81,357.83,82.814,4.796,358.08,358.23,0.8829,1.2873,0.0000062500,0.0004000000,310.4,0.1
2026-09-04T13:54:18.930+00:00,B_sell_A_buy,7.2628,1.3628,357.81,357.83,82.814,4.796,358.09,358.23,8.387,1.2873,0.0000062500,0.0004000000,335.4,0.1
2026-09-04T13:54:18.932+00:00,B_sell_A_buy,7.2628,1.3628,357.81,357.83,82.814,4.796,358.09,358.23,9.3484,1.2873,0.0000062500,0.0004000000,337.9,0.0
2026-09-04T13:54:19.021+00:00,B_sell_A_buy,7.5424,1.6424,357.81,357.83,82.814,4.796,358.1,358.17,0.9666,1.0221,0.0000062500,0.0004000000,426.4,0.1
2026-09-04T13:54:19.021+00:00,B_sell_A_buy,7.5424,1.6424,357.81,357.83,82.814,4.796,358.1,358.16,0.9666,0.9255,0.0000062500,0.0004000000,426.5,0.2
2026-09-04T13:54:19.037+00:00,B_sell_A_buy,7.5425,1.6425,357.81,357.83,82.814,4.796,358.1,358.15,0.9666,8.387,0.0000062500,0.0004000000,442.6,0.0
2026-09-04T13:54:19.082+00:00,B_sell_A_buy,7.5424,1.6424,357.82,357.83,79.596,4.796,358.1,358.15,0.9666,8.387,0.0000062500,0.0004000000,0.1,45.4
2026-09-04T13:54:19.082+00:00,B_sell_A_buy,7.5424,1.6424,357.82,357.83,47.014,4.796,358.1,358.15,0.9666,8.387,0.0000062500,0.0004000000,0.2,45.5
2026-09-04T13:54:21.068+00:00,B_sell_A_buy,6.9822,1.0822,357.92,357.93,39.842,0.111,358.18,358.19,0.9501,27.7308,0.0000062500,0.0004000000,242.1,0.1
2026-09-04T13:54:21.266+00:00,B_sell_A_buy,6.1444,0.2444,357.92,357.93,39.842,0.111,358.15,358.19,1.0086,27.7308,0.0000062500,0.0004000000,439.4,0.2
2026-09-04T13:54:21.454+00:00,B_sell_A_buy,6.1444,0.2444,357.92,357.93,60.187,0.111,358.15,358.19,1.0086,27.7308,0.0000062500,0.0004000000,0.1,188.1
2026-09-04T13:54:21.454+00:00,B_sell_A_buy,6.1444,0.2444,357.92,357.93,60.607,0.111,358.15,358.19,1.0086,27.7308,0.0000062500,0.0004000000,0.2,188.2
2026-09-04T13:54:21.533+00:00,B_sell_A_buy,6.1444,0.2444,357.92,357.93,208.716,0.111,358.15,358.19,1.0086,27.7308,0.0000062500,0.0004000000,0.1,267.6
2026-09-04T13:54:21.545+00:00,B_sell_A_buy,6.1445,0.2445,357.92,357.93,208.716,0.111,358.15,358.18,1.0086,8.387,0.0000062500,0.0004000000,12.3,0.1
2026-09-04T13:54:21.612+00:00,B_sell_A_buy,6.1444,0.2444,357.92,357.93,208.716,0.111,358.15,358.2,1.0086,9.4672,0.0000062500,0.0004000000,79.5,0.1
2026-09-04T13:54:21.625+00:00,B_sell_A_buy,6.1444,0.2444,357.92,357.93,208.716,0.111,358.15,358.2,1.0086,8.387,0.0000062500,0.0004000000,92.9,0.1
2026-09-04T13:54:21.689+00:00,B_sell_A_buy,6.1438,0.2438,357.92,357.93,208.716,0.111,358.15,358.34,1.0086,70.2369,0.0000062500,0.0004000000,156.0,0.1
2026-09-04T13:54:21.689+00:00,B_sell_A_buy,6.1438,0.2438,357.92,357.93,208.716,0.111,358.15,358.34,1.0086,0.1399,0.0000062500,0.0004000000,156.2,0.2
2026-09-04T13:54:21.697+00:00,B_sell_A_buy,6.1438,0.2438,357.92,357.93,208.716,0.111,358.15,358.33,1.0086,8.387,0.0000062500,0.0004000000,164.1,0.1
2026-09-04T13:54:21.785+00:00,B_sell_A_buy,6.1438,0.2438,357.92,357.93,208.716,0.111,358.15,358.33,28.7394,8.387,0.0000062500,0.0004000000,252.1,0.1
2026-09-04T13:54:21.785+00:00,B_sell_A_buy,6.1439,0.2439,357.92,357.93,208.716,0.111,358.15,358.32,28.7394,0.9181,0.0000062500,0.0004000000,252.3,0.2
2026-09-04T13:54:21.785+00:00,B_sell_A_buy,6.1440,0.2440,357.92,357.93,208.716,0.111,358.15,358.3,28.7394,8.3873,0.0000062500,0.0004000000,252.3,0.2
2026-09-04T13:54:21.785+00:00,B_sell_A_buy,6.7024,0.8024,357.92,357.93,208.716,0.111,358.17,358.3,10.9379,8.3873,0.0000062500,0.0004000000,252.4,0.3
2026-09-04T13:54:21.785+00:00,B_sell_A_buy,6.7024,0.8024,357.92,357.93,390.006,0.111,358.17,358.3,10.9379,8.3873,0.0000062500,0.0004000000,0.3,0.3
2026-09-04T13:54:28.519+00:00,B_sell_A_buy,6.9806,1.0806,357.99,358.0,0.182,22.698,358.25,358.31,0.8817,16.774,0.0000062500,0.0004000000,0.1,22.9
2026-09-04T13:54:28.537+00:00,B_sell_A_buy,7.5389,1.6389,357.99,358.0,0.182,22.698,358.27,358.31,0.9341,16.774,0.0000062500,0.0004000000,19.0,0.0
2026-09-04T13:54:28.697+00:00,B_sell_A_buy,7.5389,1.6389,357.99,358.0,2.975,22.698,358.27,358.31,0.9341,16.774,0.0000062500,0.0004000000,0.1,159.4
2026-09-04T13:54:28.775+00:00,B_sell_A_buy,6.7011,0.8011,358.0,358.03,125.767,4.805,358.27,358.31,0.9341,16.774,0.0000062500,0.0004000000,0.1,236.9
2026-09-04T13:54:28.780+00:00,B_sell_A_buy,6.7011,0.8011,358.0,358.03,125.767,4.805,358.27,358.3,0.9341,0.2702,0.0000062500,0.0004000000,5.7,0.0
2026-09-04T13:54:28.791+00:00,B_sell_A_buy,6.7011,0.8011,358.0,358.03,125.767,4.805,358.27,358.29,0.9341,16.774,0.0000062500,0.0004000000,17.4,0.0
2026-09-04T13:54:28.834+00:00,B_sell_A_buy,6.1428,0.2428,358.0,358.03,125.767,4.805,358.25,358.29,0.8817,16.774,0.0000062500,0.0004000000,59.4,0.1
2026-09-04T13:54:28.850+00:00,B_sell_A_buy,6.1427,0.2427,358.0,358.03,125.767,4.805,358.25,358.32,0.8817,0.8806,0.0000062500,0.0004000000,76.1,0.1
2026-09-04T13:54:28.881+00:00,B_sell_A_buy,6.7010,0.8010,358.0,358.03,125.767,4.805,358.27,358.32,0.8966,0.8806,0.0000062500,0.0004000000,106.8,0.0
2026-09-04T13:54:28.898+00:00,B_sell_A_buy,6.7011,0.8011,358.0,358.03,125.767,4.805,358.27,358.31,0.8966,0.2702,0.0000062500,0.0004000000,123.4,0.0
2026-09-04T13:54:28.946+00:00,B_sell_A_buy,6.7011,0.8011,358.0,358.03,125.767,4.805,358.27,358.3,0.8966,8.387,0.0000062500,0.0004000000,171.6,0.1
2026-09-04T13:54:28.987+00:00,B_sell_A_buy,6.7010,0.8010,358.0,358.03,125.767,4.805,358.27,358.32,0.8966,0.8806,0.0000062500,0.0004000000,213.1,0.1
2026-09-04T13:54:29.087+00:00,B_sell_A_buy,6.1426,0.2426,358.0,358.03,125.767,4.805,358.25,358.34,0.8817,0.1399,0.0000062500,0.0004000000,312.4,0.1
2026-09-04T13:54:29.102+00:00,B_sell_A_buy,6.7009,0.8009,358.0,358.03,125.767,4.805,358.27,358.34,0.949,0.1399,0.0000062500,0.0004000000,327.0,0.1
2026-09-04T13:54:29.127+00:00,B_sell_A_buy,6.9801,1.0801,358.0,358.03,125.767,4.805,358.28,358.34,0.9533,1.1154,0.0000062500,0.0004000000,353.0,0.0
2026-09-04T13:54:29.143+00:00,B_sell_A_buy,6.1426,0.2426,358.0,358.03,125.767,4.805,358.25,358.34,28.6125,1.1154,0.0000062500,0.0004000000,368.6,0.0
2026-09-04T13:54:29.150+00:00,B_sell_A_buy,6.7009,0.8009,358.0,358.03,125.767,4.805,358.27,358.34,1.0923,1.1154,0.0000062500,0.0004000000,376.6,0.0
2026-09-04T13:54:29.185+00:00,B_sell_A_buy,6.1426,0.2426,358.0,358.03,125.767,4.805,358.25,358.34,28.6125,1.1154,0.0000062500,0.0004000000,410.9,0.0
2026-09-04T13:54:29.185+00:00,B_sell_A_buy,6.1426,0.2426,358.0,358.03,125.767,4.805,358.25,358.33,28.6125,1.0819,0.0000062500,0.0004000000,410.9,0.1
2026-09-04T13:54:29.196+00:00,B_sell_A_buy,6.1426,0.2426,358.0,358.03,125.767,4.805,358.25,358.33,0.8817,1.0819,0.0000062500,0.0004000000,421.4,0.0
2026-09-04T13:54:29.206+00:00,B_sell_A_buy,6.1427,0.2427,358.0,358.03,125.767,4.805,358.25,358.32,0.8817,8.3727,0.0000062500,0.0004000000,431.9,0.0
2026-09-04T13:54:29.218+00:00,B_sell_A_buy,6.1426,0.2426,358.02,358.03,55.4,4.805,358.25,358.32,0.8817,8.3727,0.0000062500,0.0004000000,0.0,11.8
2026-09-04T13:54:29.218+00:00,B_sell_A_buy,6.1426,0.2426,358.02,358.03,78.099,4.805,358.25,358.32,0.8817,8.3727,0.0000062500,0.0004000000,0.1,11.9
2026-09-04T13:54:29.218+00:00,B_sell_A_buy,6.1426,0.2426,358.02,358.03,105.799,4.805,358.25,358.32,0.8817,8.3727,0.0000062500,0.0004000000,0.1,11.9
2026-09-04T13:54:30.079+00:00,B_sell_A_buy,6.4210,0.5210,358.07,358.08,30.398,0.072,358.31,358.34,0.996,0.1399,0.0000062500,0.0004000000,88.9,0.1
2026-09-04T13:54:30.154+00:00,B_sell_A_buy,6.4208,0.5208,358.07,358.08,30.398,0.072,358.31,358.39,0.996,8.3727,0.0000062500,0.0004000000,163.4,0.1
2026-09-04T13:54:30.157+00:00,B_sell_A_buy,6.4205,0.5205,358.07,358.08,30.398,0.072,358.31,358.46,0.996,70.1739,0.0000062500,0.0004000000,166.6,0.0
2026-09-04T13:54:30.189+00:00,B_sell_A_buy,6.4205,0.5205,358.07,358.08,30.398,0.072,358.31,358.45,0.996,1.0563,0.0000062500,0.0004000000,198.0,0.1
2026-09-04T13:54:30.193+00:00,B_sell_A_buy,6.4205,0.5205,358.07,358.08,30.398,0.072,358.31,358.45,0.996,1.3274,0.0000062500,0.0004000000,202.0,0.0
2026-09-04T13:54:30.255+00:00,B_sell_A_buy,6.4206,0.5206,358.07,358.08,30.398,0.072,358.31,358.42,0.996,8.3873,0.0000062500,0.0004000000,265.0,0.1
2026-09-04T13:54:30.294+00:00,B_sell_A_buy,6.4207,0.5207,358.07,358.08,30.398,0.072,358.31,358.41,0.996,0.9067,0.0000062500,0.0004000000,303.2,0.1
2026-09-04T13:54:30.324+00:00,B_sell_A_buy,6.4207,0.5207,358.07,358.08,30.398,0.072,358.31,358.41,0.996,1.1813,0.0000062500,0.0004000000,333.1,0.1
2026-09-04T13:54:30.353+00:00,B_sell_A_buy,6.4208,0.5208,358.07,358.08,30.398,0.072,358.31,358.38,0.996,0.9596,0.0000062500,0.0004000000,362.6,0.1
2026-09-04T13:54:30.390+00:00,B_sell_A_buy,6.4207,0.5207,358.07,358.08,30.398,0.072,358.31,358.41,0.996,0.9067,0.0000062500,0.0004000000,399.4,0.1
2026-09-04T13:54:30.390+00:00,B_sell_A_buy,6.6999,0.7999,358.07,358.08,30.398,0.072,358.32,358.39,1.0334,0.9501,0.0000062500,0.0004000000,399.5,0.1
2026-09-04T13:54:30.402+00:00,B_sell_A_buy,6.6998,0.7998,358.07,358.08,30.398,0.072,358.32,358.41,1.0334,0.9067,0.0000062500,0.0004000000,412.5,0.0
2026-09-04T13:54:30.490+00:00,B_sell_A_buy,6.6999,0.7999,358.07,358.08,30.398,0.072,358.32,358.39,1.0334,0.9839,0.0000062500,0.0004000000,500.6,0.1
2026-09-04T13:54:30.503+00:00,B_sell_A_buy,6.6999,0.7999,358.07,358.08,30.398,0.072,358.32,358.39,1.0334,28.7147,0.0000062500,0.0004000000,513.7,0.1
2026-09-04T13:54:30.564+00:00,B_sell_A_buy,6.6999,0.7999,358.07,358.08,30.398,0.072,358.32,358.38,1.0334,0.9559,0.0000062500,0.0004000000,573.3,0.1
2026-09-04T13:54:30.582+00:00,B_sell_A_buy,6.6999,0.7999,358.07,358.08,62.688,0.072,358.32,358.38,1.0334,0.9559,0.0000062500,0.0004000000,0.1,18.6
2026-09-04T13:54:30.583+00:00,B_sell_A_buy,6.6999,0.7999,358.07,358.08,178.266,0.072,358.32,358.38,1.0334,0.9559,0.0000062500,0.0004000000,0.2,18.7
2026-09-04T13:54:30.619+00:00,B_sell_A_buy,6.7000,0.8000,358.07,358.08,178.266,0.072,358.32,358.37,1.0334,8.3873,0.0000062500,0.0004000000,37.2,0.1
2026-09-04T13:54:30.644+00:00,B_sell_A_buy,6.7000,0.8000,358.07,358.08,178.266,0.072,358.32,358.37,1.0334,9.3108,0.0000062500,0.0004000000,62.8,0.1
2026-09-04T13:54:30.752+00:00,B_sell_A_buy,6.7000,0.8000,358.07,358.08,178.266,0.072,358.32,358.36,1.0334,8.3727,0.0000062500,0.0004000000,170.8,0.1
2026-09-04T13:54:32.073+00:00,B_sell_A_buy,6.1409,0.2409,358.11,358.12,60.187,0.022,358.34,358.44,8.3727,8.3727,0.0000062500,0.0004000000,195.7,0.2
2026-09-04T13:54:32.076+00:00,B_sell_A_buy,6.1410,0.2410,358.11,358.12,60.187,0.022,358.34,358.43,8.3727,8.3873,0.0000062500,0.0004000000,198.2,0.1
2026-09-04T13:54:32.099+00:00,B_sell_A_buy,6.1410,0.2410,358.11,358.12,60.187,0.022,358.34,358.42,8.3727,8.3727,0.0000062500,0.0004000000,221.1,0.1
2026-09-04T13:54:43.002+00:00,B_sell_A_buy,6.6992,0.7992,358.1,358.11,2.793,24.636,358.35,358.45,0.3304,0.8792,0.0000062500,0.0004000000,83.1,0.1
2026-09-04T13:54:43.005+00:00,B_sell_A_buy,6.6993,0.7993,358.1,358.11,2.793,24.636,358.35,358.42,0.3304,1.0675,0.0000062500,0.0004000000,85.4,0.0
2026-09-04T13:54:59.862+00:00,B_sell_A_buy,6.6961,0.7961,358.28,358.29,37.441,0.07,358.53,358.58,0.6276,0.2746,0.0000062500,0.0004000000,154.8,0.1
2026-09-04T13:54:59.862+00:00,B_sell_A_buy,6.9750,1.0750,358.28,358.29,37.441,0.07,358.54,358.58,0.3254,0.2746,0.0000062500,0.0004000000,154.9,0.2
2026-09-04T13:54:59.880+00:00,B_sell_A_buy,6.9748,1.0748,358.28,358.29,37.441,0.07,358.54,358.62,0.3254,0.0398,0.0000062500,0.0004000000,172.3,0.1
2026-09-04T13:54:59.880+00:00,B_sell_A_buy,7.8116,1.9116,358.28,358.29,37.441,0.07,358.57,358.62,0.2351,0.0398,0.0000062500,0.0004000000,172.4,0.2
2026-09-04T13:54:59.880+00:00,B_sell_A_buy,6.9748,1.0748,358.28,358.29,37.441,0.07,358.54,358.62,0.3254,0.0398,0.0000062500,0.0004000000,172.4,0.2
2026-09-04T13:54:59.897+00:00,B_sell_A_buy,6.9749,1.0749,358.28,358.29,37.441,0.07,358.54,358.61,0.3254,8.3727,0.0000062500,0.0004000000,188.9,0.1
2026-09-04T13:54:59.974+00:00,B_sell_A_buy,6.4167,0.5167,358.29,358.31,27.7,0.11,358.54,358.61,0.3254,8.3727,0.0000062500,0.0004000000,0.1,76.9
2026-09-04T13:54:59.974+00:00,B_sell_A_buy,6.4167,0.5167,358.3,358.31,22.676,0.11,358.54,358.61,0.3254,8.3727,0.0000062500,0.0004000000,0.2,77.0
2026-09-04T13:55:00.044+00:00,B_sell_A_buy,6.4167,0.5167,358.3,358.31,22.676,0.11,358.54,358.61,0.9277,9.2803,0.0000062500,0.0004000000,69.9,0.1
2026-09-04T13:55:00.071+00:00,B_sell_A_buy,6.4167,0.5167,358.3,358.31,22.676,0.11,358.54,358.6,0.9277,0.9729,0.0000062500,0.0004000000,98.2,0.1
2026-09-04T13:55:23.146+00:00,B_sell_A_buy,6.1412,0.2412,358.08,358.12,2.793,27.605,358.34,358.41,0.2141,0.9219,0.0000062500,0.0004000000,189.8,0.1
2026-09-04T13:55:23.164+00:00,B_sell_A_buy,6.1412,0.2412,358.08,358.12,2.793,27.605,358.34,358.4,0.2141,8.3727,0.0000062500,0.0004000000,207.3,0.0
2026-09-04T13:55:23.220+00:00,B_sell_A_buy,6.1412,0.2412,358.08,358.12,2.793,27.605,358.34,358.4,0.2141,16.7454,0.0000062500,0.0004000000,264.7,0.1
2026-09-04T13:55:23.356+00:00,B_sell_A_buy,7.2587,1.3587,358.01,358.02,0.052,22.705,358.28,358.46,0.208,8.3873,0.0000062500,0.0004000000,0.1,6.7
2026-09-04T13:55:23.487+00:00,B_sell_A_buy,7.5367,1.6367,358.09,358.1,94.585,3.609,358.37,358.43,0.1963,1.0791,0.0000062500,0.0004000000,20.8,0.0
2026-09-04T13:55:23.555+00:00,B_sell_A_buy,7.5367,1.6367,358.09,358.1,94.585,3.609,358.37,358.42,0.1963,8.3727,0.0000062500,0.0004000000,88.6,0.1
2026-09-04T13:55:29.372+00:00,B_sell_A_buy,6.6964,0.7964,358.25,358.27,2.791,0.401,358.51,358.57,0.1916,0.9692,0.0000062500,0.0004000000,682.6,0.1
2026-09-04T13:55:29.399+00:00,B_sell_A_buy,6.6965,0.7965,358.25,358.27,2.791,0.401,358.51,358.56,0.1916,0.9046,0.0000062500,0.0004000000,708.6,0.0
2026-09-04T13:55:29.399+00:00,B_sell_A_buy,6.6962,0.7962,358.25,358.27,2.791,0.401,358.51,358.61,0.1916,1.0809,0.0000062500,0.0004000000,708.7,0.1
2026-09-04T13:55:29.438+00:00,B_sell_A_buy,6.9752,1.0752,358.25,358.27,2.791,0.401,358.52,358.61,0.2112,1.0809,0.0000062500,0.0004000000,747.8,0.1
2026-09-04T13:55:29.507+00:00,B_sell_A_buy,6.9753,1.0753,358.25,358.27,2.791,0.401,358.52,358.6,0.2112,8.3727,0.0000062500,0.0004000000,816.3,0.1
2026-09-04T13:55:29.546+00:00,B_sell_A_buy,6.9753,1.0753,358.25,358.27,2.791,0.401,358.52,358.59,0.2112,0.9716,0.0000062500,0.0004000000,855.4,0.1
2026-09-04T13:55:29.789+00:00,B_sell_A_buy,6.9753,1.0753,358.25,358.27,2.791,0.401,358.52,358.58,0.2112,0.8879,0.0000062500,0.0004000000,1098.3,0.1
2026-09-04T13:55:29.801+00:00,B_sell_A_buy,7.2543,1.3543,358.25,358.27,2.791,0.401,358.53,358.58,0.204,0.8879,0.0000062500,0.0004000000,1110.6,0.1
2026-09-04T13:55:29.801+00:00,B_sell_A_buy,7.2543,1.3543,358.25,358.27,2.791,0.401,358.53,358.58,0.204,28.6187,0.0000062500,0.0004000000,1110.7,0.1
2026-09-04T13:55:29.814+00:00,B_sell_A_buy,7.2543,1.3543,358.25,358.27,2.791,11.8,358.53,358.58,0.204,28.6187,0.0000062500,0.0004000000,0.1,12.9
2026-09-04T13:55:29.814+00:00,B_sell_A_buy,6.6962,0.7962,358.25,358.29,14.591,0.419,358.53,358.58,0.204,28.6187,0.0000062500,0.0004000000,0.2,13.0
2026-09-04T13:55:45.488+00:00,B_sell_A_buy,6.1387,0.2387,358.25,358.26,0.182,55.4,358.48,358.53,0.1946,0.9941,0.0000062500,0.0004000000,0.1,165.0
2026-09-04T13:55:47.328+00:00,B_sell_A_buy,7.5319,1.6319,358.33,358.34,2.791,2.791,358.61,358.62,0.2256,0.0398,0.0000062500,0.0004000000,139.9,0.1
2026-09-04T13:55:47.354+00:00,B_sell_A_buy,7.5319,1.6319,358.33,358.34,2.791,2.791,358.61,358.62,0.1558,0.0398,0.0000062500,0.0004000000,165.6,0.1
2026-09-04T13:55:47.404+00:00,B_sell_A_buy,7.5319,1.6319,358.33,358.34,2.791,2.791,358.61,358.62,0.086,0.0398,0.0000062500,0.0004000000,215.6,0.1
2026-09-04T13:55:47.436+00:00,B_sell_A_buy,7.5319,1.6319,358.33,358.34,2.791,2.791,358.61,358.62,27.8168,0.0398,0.0000062500,0.0004000000,248.7,0.1
2026-09-04T13:55:47.506+00:00,B_sell_A_buy,7.5309,1.6309,358.33,358.34,2.791,2.791,358.61,358.82,27.8168,0.0768,0.0000062500,0.0004000000,317.5,0.1
2026-09-04T13:55:47.512+00:00,B_sell_A_buy,13.1074,7.2074,358.33,358.34,2.791,2.791,358.81,358.82,0.0753,0.0768,0.0000062500,0.0004000000,323.3,0.0
2026-09-04T13:55:47.520+00:00,B_sell_A_buy,13.1075,7.2075,358.32,358.34,27.605,2.791,358.81,358.82,0.0753,0.0768,0.0000062500,0.0004000000,0.1,9.0
2026-09-04T13:55:47.556+00:00,B_sell_A_buy,9.7600,3.8600,358.33,358.46,15.703,32.001,358.81,358.82,0.0753,0.0768,0.0000062500,0.0004000000,0.1,43.9
2026-09-04T13:55:47.626+00:00,B_sell_A_buy,9.7600,3.8600,358.33,358.46,15.703,32.001,358.81,358.82,8.448,0.0768,0.0000062500,0.0004000000,70.7,0.1
2026-09-04T13:55:47.630+00:00,B_sell_A_buy,9.7600,3.8600,358.33,358.46,15.703,32.001,358.81,358.82,0.0753,0.0768,0.0000062500,0.0004000000,74.5,0.0
2026-09-04T13:55:47.721+00:00,B_sell_A_buy,10.0382,4.1382,358.44,358.45,22.687,100.376,358.81,358.82,0.0753,0.0768,0.0000062500,0.0004000000,0.1,91.4
2026-09-04T13:55:47.799+00:00,B_sell_A_buy,10.0382,4.1382,358.44,358.45,22.687,100.376,358.81,358.82,8.448,0.0768,0.0000062500,0.0004000000,78.4,0.1
2026-09-04T13:55:47.799+00:00,B_sell_A_buy,10.0382,4.1382,358.44,358.45,22.687,100.376,358.81,358.82,0.0753,0.0768,0.0000062500,0.0004000000,78.5,0.2
2026-09-04T13:55:47.832+00:00,B_sell_A_buy,9.2013,3.3013,358.47,358.48,27.7,0.052,358.81,358.82,0.0753,0.0768,0.0000062500,0.0004000000,0.1,32.6
2026-09-04T13:55:47.974+00:00,B_sell_A_buy,9.2013,3.3013,358.47,358.48,27.867,0.052,358.81,358.82,0.0753,0.0768,0.0000062500,0.0004000000,0.1,174.2
2026-09-04T13:55:48.077+00:00,B_sell_A_buy,6.4126,0.5126,358.47,358.58,50.705,4.287,358.81,358.82,0.0753,0.0768,0.0000062500,0.0004000000,0.1,277.3
2026-09-04T13:55:48.198+00:00,B_sell_A_buy,6.4125,0.5125,358.49,358.58,0.167,3.427,358.81,358.82,0.0753,0.0768,0.0000062500,0.0004000000,0.1,398.2
2026-09-04T13:55:48.282+00:00,B_sell_A_buy,6.4121,0.5121,358.57,358.58,22.673,3.427,358.81,358.82,0.0753,0.0768,0.0000062500,0.0004000000,0.1,482.9
2026-09-04T13:55:48.384+00:00,B_sell_A_buy,6.4121,0.5121,358.57,358.58,22.673,3.427,358.81,358.82,27.8061,0.0768,0.0000062500,0.0004000000,102.0,0.1
2026-09-04T13:55:49.087+00:00,B_sell_A_buy,6.1319,0.2319,358.65,358.66,27.7,0.036,358.88,358.93,0.0758,8.3727,0.0000062500,0.0004000000,96.3,0.1
2026-09-04T13:55:49.090+00:00,B_sell_A_buy,6.1319,0.2319,358.65,358.66,27.7,0.036,358.88,358.93,0.0758,16.7454,0.0000062500,0.0004000000,99.8,0.0
2026-09-04T13:55:52.988+00:00,B_sell_A_buy,6.4083,0.5083,358.77,358.78,32.623,0.119,359.01,359.07,0.0714,1.096,0.0000062500,0.0004000000,2.8,0.1
2026-09-04T13:55:53.010+00:00,B_sell_A_buy,6.4083,0.5083,358.77,358.78,9.974,0.119,359.01,359.07,0.0714,1.096,0.0000062500,0.0004000000,0.1,22.3
2026-09-04T13:56:17.892+00:00,B_sell_A_buy,6.6821,0.7821,359.02,359.03,80.261,22.644,359.27,359.35,8.3727,0.9477,0.0000062500,0.0004000000,0.1,27.0
2026-09-04T13:56:17.930+00:00,B_sell_A_buy,6.6820,0.7820,359.02,359.03,80.261,22.644,359.27,359.37,8.3727,1.054,0.0000062500,0.0004000000,38.2,0.1
2026-09-04T13:56:17.957+00:00,B_sell_A_buy,6.6821,0.7821,359.02,359.03,80.261,22.644,359.27,359.36,8.3727,8.3727,0.0000062500,0.0004000000,66.4,0.1
2026-09-04T13:56:17.977+00:00,B_sell_A_buy,6.6821,0.7821,359.02,359.03,80.261,22.644,359.27,359.36,36.1035,8.3727,0.0000062500,0.0004000000,85.6,0.1
2026-09-04T13:56:46.959+00:00,B_sell_A_buy,7.5125,1.6125,359.23,359.24,2.784,2.784,359.51,359.63,16.1993,0.8796,0.0000062500,0.0004000000,140.7,0.1
2026-09-04T13:56:46.995+00:00,B_sell_A_buy,7.5124,1.6124,359.23,359.24,2.784,2.784,359.51,359.64,16.1993,0.0396,0.0000062500,0.0004000000,176.4,0.1
2026-09-04T13:56:47.005+00:00,B_sell_A_buy,8.0688,2.1688,359.23,359.24,2.784,2.784,359.53,359.64,16.1993,0.0396,0.0000062500,0.0004000000,186.7,0.1
2026-09-04T13:56:47.045+00:00,B_sell_A_buy,8.0688,2.1688,359.23,359.24,2.784,2.784,359.53,359.64,16.1993,1.0724,0.0000062500,0.0004000000,226.6,0.1
2026-09-04T13:56:47.052+00:00,B_sell_A_buy,8.3470,2.4470,359.23,359.24,2.784,2.784,359.54,359.64,16.7454,1.0724,0.0000062500,0.0004000000,234.0,0.1
2026-09-04T13:56:47.052+00:00,B_sell_A_buy,8.3471,2.4471,359.21,359.24,12.129,2.784,359.54,359.64,16.7454,1.0724,0.0000062500,0.0004000000,0.1,0.2
2026-09-04T13:56:47.063+00:00,B_sell_A_buy,8.3471,2.4471,359.21,359.24,12.129,2.784,359.54,359.64,16.7454,0.0396,0.0000062500,0.0004000000,10.0,0.1
2026-09-04T13:56:47.081+00:00,B_sell_A_buy,8.3471,2.4471,359.21,359.24,12.129,2.784,359.54,359.64,16.7454,1.005,0.0000062500,0.0004000000,28.0,0.1
2026-09-04T13:56:47.111+00:00,B_sell_A_buy,8.3471,2.4471,359.21,359.24,12.129,2.784,359.54,359.64,16.7454,0.0396,0.0000062500,0.0004000000,59.3,0.1
2026-09-04T13:56:47.121+00:00,B_sell_A_buy,8.3471,2.4471,359.21,359.24,12.129,2.784,359.54,359.64,16.7454,0.9969,0.0000062500,0.0004000000,68.9,0.1
2026-09-04T13:56:47.134+00:00,B_sell_A_buy,8.3471,2.4471,359.21,359.24,12.129,2.784,359.54,359.63,16.7454,1.0394,0.0000062500,0.0004000000,81.1,0.1
2026-09-04T13:56:47.137+00:00,B_sell_A_buy,8.3471,2.4471,359.21,359.24,12.129,2.784,359.54,359.63,16.7454,9.4121,0.0000062500,0.0004000000,84.2,0.1
2026-09-04T13:56:47.157+00:00,B_sell_A_buy,6.6773,0.7773,359.23,359.3,20.138,32.402,359.54,359.63,16.7454,9.4121,0.0000062500,0.0004000000,0.1,20.3
2026-09-04T13:56:47.168+00:00,B_sell_A_buy,6.6773,0.7773,359.23,359.3,20.138,32.402,359.54,359.63,8.3727,9.4121,0.0000062500,0.0004000000,10.3,0.1
2026-09-04T13:57:57.470+00:00,B_sell_A_buy,6.1161,0.2161,359.57,359.58,30.481,10.464,359.8,359.88,16.7454,0.9332,0.0000062500,0.0004000000,25.7,0.1
2026-09-04T13:57:57.477+00:00,B_sell_A_buy,6.1160,0.2160,359.57,359.58,30.481,10.464,359.8,359.91,16.7454,1.0249,0.0000062500,0.0004000000,32.6,0.1
2026-09-04T13:57:57.490+00:00,B_sell_A_buy,6.1159,0.2159,359.57,359.58,30.481,10.464,359.8,359.92,16.7454,0.0765,0.0000062500,0.0004000000,45.3,0.1
2026-09-04T13:57:57.541+00:00,B_sell_A_buy,6.1159,0.2159,359.57,359.58,30.481,10.464,359.8,359.92,16.7454,0.9834,0.0000062500,0.0004000000,96.3,0.1
2026-09-04T13:57:58.299+00:00,B_sell_A_buy,6.1153,0.2153,359.62,359.63,162.739,0.155,359.85,359.92,10.9186,0.0765,0.0000062500,0.0004000000,239.4,0.1
2026-09-04T13:57:58.315+00:00,B_sell_A_buy,6.1153,0.2153,359.62,359.63,162.739,0.155,359.85,359.92,10.9186,27.8073,0.0000062500,0.0004000000,255.7,0.1
2026-09-04T13:58:05.256+00:00,B_sell_A_buy,6.3923,0.4923,359.66,359.67,0.547,22.598,359.9,360.01,8.3404,1.0427,0.0000062500,0.0004000000,221.4,0.0
2026-09-04T13:58:05.265+00:00,B_sell_A_buy,7.2263,1.3263,359.63,359.64,0.182,8.715,359.9,360.01,8.3404,1.0427,0.0000062500,0.0004000000,0.0,9.8
2026-09-04T13:58:05.287+00:00,B_sell_A_buy,7.5042,1.6042,359.63,359.64,0.182,8.715,359.91,360.01,16.676,1.0427,0.0000062500,0.0004000000,21.0,0.0
2026-09-04T13:58:05.339+00:00,B_sell_A_buy,6.1147,0.2147,359.63,359.64,0.182,8.715,359.86,360.02,0.2714,1.0203,0.0000062500,0.0004000000,73.5,0.1
2026-09-04T13:58:05.412+00:00,B_sell_A_buy,6.1146,0.2146,359.63,359.64,0.182,8.715,359.86,360.04,0.2714,1.0098,0.0000062500,0.0004000000,146.1,0.1
2026-09-04T13:58:05.412+00:00,B_sell_A_buy,6.1146,0.2146,359.63,359.64,0.182,8.715,359.86,360.04,16.9474,1.0098,0.0000062500,0.0004000000,146.2,0.2
2026-09-04T13:58:05.432+00:00,B_sell_A_buy,6.1146,0.2146,359.63,359.64,0.182,8.715,359.86,360.04,25.2878,1.0098,0.0000062500,0.0004000000,166.0,0.1
2026-09-04T13:58:05.454+00:00,B_sell_A_buy,6.1146,0.2146,359.63,359.64,2.963,8.715,359.86,360.04,25.2878,1.0098,0.0000062500,0.0004000000,0.0,22.8
2026-09-04T13:58:05.492+00:00,B_sell_A_buy,6.1146,0.2146,359.63,359.64,31.124,8.715,359.86,360.04,25.2878,1.0098,0.0000062500,0.0004000000,0.1,60.5
2026-09-04T13:58:05.599+00:00,B_sell_A_buy,6.1146,0.2146,359.63,359.64,31.124,8.715,359.86,360.04,16.9474,1.0098,0.0000062500,0.0004000000,107.3,0.1
2026-09-04T13:58:05.616+00:00,B_sell_A_buy,6.1147,0.2147,359.63,359.64,31.124,8.715,359.86,360.03,16.9474,28.004,0.0000062500,0.0004000000,123.7,0.1
2026-09-04T13:58:05.665+00:00,B_sell_A_buy,6.1147,0.2147,359.63,359.64,31.124,8.715,359.86,360.03,16.9474,28.8931,0.0000062500,0.0004000000,173.2,0.1
2026-09-04T13:58:05.730+00:00,B_sell_A_buy,6.1147,0.2147,359.63,359.64,31.124,8.715,359.86,360.03,25.2878,28.8931,0.0000062500,0.0004000000,238.9,0.1
2026-09-04T13:58:05.750+00:00,B_sell_A_buy,6.1148,0.2148,359.63,359.64,31.124,8.715,359.86,359.99,25.2878,1.0193,0.0000062500,0.0004000000,258.1,0.1
2026-09-04T13:58:05.759+00:00,B_sell_A_buy,6.1148,0.2148,359.63,359.64,31.124,8.715,359.86,359.99,16.9474,1.0193,0.0000062500,0.0004000000,266.9,0.1
2026-09-04T13:58:05.759+00:00,B_sell_A_buy,6.3928,0.4928,359.63,359.64,31.124,8.715,359.87,359.99,8.3727,1.0193,0.0000062500,0.0004000000,267.0,0.2
2026-09-04T13:58:05.774+00:00,B_sell_A_buy,6.3926,0.4926,359.63,359.64,31.124,8.715,359.87,360.03,8.3727,0.2732,0.0000062500,0.0004000000,282.1,0.1
2026-09-04T13:58:05.774+00:00,B_sell_A_buy,6.3925,0.4925,359.63,359.64,31.124,8.715,359.87,360.04,8.3727,1.0098,0.0000062500,0.0004000000,282.2,0.1
2026-09-04T13:58:05.786+00:00,B_sell_A_buy,6.3926,0.4926,359.63,359.64,31.124,8.715,359.87,360.02,8.3727,0.9467,0.0000062500,0.0004000000,294.4,0.0
2026-09-04T13:58:05.810+00:00,B_sell_A_buy,6.3927,0.4927,359.63,359.64,31.124,8.715,359.87,360.0,8.3727,0.9066,0.0000062500,0.0004000000,318.2,0.1
2026-09-04T13:58:05.814+00:00,B_sell_A_buy,6.3927,0.4927,359.63,359.64,31.124,8.715,359.87,360.01,8.3727,0.975,0.0000062500,0.0004000000,322.3,0.1
2026-09-04T13:58:05.826+00:00,B_sell_A_buy,6.3926,0.4926,359.63,359.64,31.124,8.715,359.87,360.02,8.3727,0.9467,0.0000062500,0.0004000000,334.1,0.1
2026-09-04T13:58:05.890+00:00,B_sell_A_buy,6.3926,0.4926,359.63,359.64,31.124,8.715,359.87,360.02,16.7454,0.9467,0.0000062500,0.0004000000,398.1,0.1
2026-09-04T13:58:05.962+00:00,B_sell_A_buy,6.3927,0.4927,359.63,359.64,31.124,8.715,359.87,360.01,16.7454,8.3727,0.0000062500,0.0004000000,471.1,0.1
2026-09-04T13:58:05.976+00:00,B_sell_A_buy,6.3927,0.4927,359.63,359.64,31.124,8.715,359.87,360.01,16.7454,16.7454,0.0000062500,0.0004000000,483.6,0.1
2026-09-04T13:58:06.005+00:00,B_sell_A_buy,6.3927,0.4927,359.63,359.64,31.124,8.715,359.87,360.01,16.7454,17.8361,0.0000062500,0.0004000000,513.2,0.1
2026-09-04T13:58:06.005+00:00,B_sell_A_buy,6.3927,0.4927,359.63,359.64,140.434,8.715,359.87,360.01,16.7454,17.8361,0.0000062500,0.0004000000,0.2,0.2
2026-09-04T13:58:09.373+00:00,B_sell_A_buy,6.1146,0.2146,359.66,359.67,45.562,22.601,359.89,359.95,16.1993,0.9161,0.0000062500,0.0004000000,0.1,92.7
2026-09-04T13:58:32.099+00:00,B_sell_A_buy,9.9997,4.0997,359.79,359.8,188.985,129.354,360.16,360.29,8.3727,0.0765,0.0000062500,0.0004000000,138.1,0.0
2026-09-04T13:58:32.099+00:00,B_sell_A_buy,10.0004,4.1004,359.79,359.8,188.985,129.354,360.16,360.19,8.3727,1.0582,0.0000062500,0.0004000000,138.2,0.1
2026-09-04T13:58:32.112+00:00,B_sell_A_buy,7.2230,1.3230,359.79,359.8,188.985,18.554,360.06,360.19,16.1993,1.0582,0.0000062500,0.0004000000,11.1,0.0
2026-09-04T13:58:32.116+00:00,B_sell_A_buy,7.2225,1.3225,359.79,359.8,188.985,18.554,360.06,360.29,16.1993,0.0765,0.0000062500,0.0004000000,15.5,0.0
2026-09-04T13:58:32.124+00:00,B_sell_A_buy,7.2225,1.3225,359.79,359.8,188.985,13.751,360.06,360.29,16.1993,0.0765,0.0000062500,0.0004000000,0.0,8.4
2026-09-04T13:58:32.189+00:00,B_sell_A_buy,7.2225,1.3225,359.79,359.8,188.985,13.751,360.06,360.29,16.1993,1.084,0.0000062500,0.0004000000,64.2,0.1
2026-09-04T13:58:32.189+00:00,B_sell_A_buy,7.2226,1.3226,359.79,359.8,188.985,13.751,360.06,360.28,16.1993,0.9023,0.0000062500,0.0004000000,64.3,0.2
2026-09-04T13:58:32.189+00:00,B_sell_A_buy,7.5003,1.6003,359.79,359.8,188.985,13.751,360.07,360.28,8.3727,0.9023,0.0000062500,0.0004000000,64.3,0.2
2026-09-04T13:58:32.189+00:00,B_sell_A_buy,7.5003,1.6003,359.79,359.8,188.985,13.751,360.07,360.28,16.7454,0.9023,0.0000062500,0.0004000000,64.3,0.2
2026-09-04T13:58:32.189+00:00,B_sell_A_buy,7.5003,1.6003,359.79,359.8,188.985,13.751,360.07,360.28,16.7454,28.6331,0.0000062500,0.0004000000,64.3,0.2
2026-09-04T13:58:32.206+00:00,B_sell_A_buy,7.7780,1.8780,359.79,359.8,188.985,13.751,360.08,360.28,5.4805,28.6331,0.0000062500,0.0004000000,81.5,0.1
2026-09-04T13:58:32.206+00:00,B_sell_A_buy,7.7781,1.8781,359.79,359.8,188.985,13.751,360.08,360.27,5.4805,8.3727,0.0000062500,0.0004000000,81.7,0.2
2026-09-04T13:58:32.261+00:00,B_sell_A_buy,6.9446,1.0446,359.79,359.83,188.985,11.948,360.08,360.27,5.4805,8.3727,0.0000062500,0.0004000000,0.1,55.8
2026-09-04T13:58:32.264+00:00,B_sell_A_buy,6.9446,1.0446,359.79,359.83,188.985,11.948,360.08,360.27,5.4805,16.7454,0.0000062500,0.0004000000,2.7,0.1
2026-09-04T13:58:32.264+00:00,B_sell_A_buy,6.9446,1.0446,359.79,359.83,188.985,11.948,360.08,360.26,5.4805,0.9115,0.0000062500,0.0004000000,2.8,0.1
2026-09-04T13:58:32.269+00:00,B_sell_A_buy,6.9447,1.0447,359.79,359.83,188.985,11.948,360.08,360.24,5.4805,1.0724,0.0000062500,0.0004000000,7.5,0.0
2026-09-04T13:58:32.285+00:00,B_sell_A_buy,6.6668,0.7668,359.82,359.84,22.586,25.951,360.08,360.24,5.4805,1.0724,0.0000062500,0.0004000000,0.0,15.2
2026-09-04T13:58:32.318+00:00,B_sell_A_buy,6.9445,1.0445,359.82,359.84,22.586,25.951,360.09,360.24,8.3727,1.0724,0.0000062500,0.0004000000,33.1,0.1
2026-09-04T13:58:32.369+00:00,B_sell_A_buy,6.9445,1.0445,359.82,359.84,22.586,25.951,360.09,360.24,16.7454,1.0724,0.0000062500,0.0004000000,84.4,0.1
2026-09-04T13:58:32.369+00:00,B_sell_A_buy,6.9445,1.0445,359.82,359.84,22.586,25.951,360.09,360.23,16.7454,0.9354,0.0000062500,0.0004000000,84.5,0.1
2026-09-04T13:58:40.158+00:00,B_sell_A_buy,6.9409,1.0409,359.97,360.06,0.555,27.7,360.31,360.39,16.1993,0.8928,0.0000062500,0.0004000000,104.7,0.1
2026-09-04T13:58:40.162+00:00,B_sell_A_buy,6.9412,1.0412,359.97,360.06,0.555,27.7,360.31,360.33,16.1993,0.9724,0.0000062500,0.0004000000,108.5,0.0
2026-09-04T13:58:40.760+00:00,B_sell_A_buy,6.1072,0.2072,360.09,360.1,121.241,5.136,360.32,360.41,16.7454,1.0245,0.0000062500,0.0004000000,87.3,0.1
2026-09-04T13:58:40.766+00:00,B_sell_A_buy,6.1072,0.2072,360.09,360.1,148.941,5.136,360.32,360.41,16.7454,1.0245,0.0000062500,0.0004000000,0.1,6.0
2026-09-04T13:58:40.831+00:00,B_sell_A_buy,6.1073,0.2073,360.09,360.1,148.941,5.136,360.32,360.4,16.7454,8.3727,0.0000062500,0.0004000000,65.4,0.1
2026-09-04T13:58:40.895+00:00,B_sell_A_buy,6.1073,0.2073,360.09,360.1,93.541,5.136,360.32,360.4,16.7454,8.3727,0.0000062500,0.0004000000,0.1,63.8
2026-09-04T13:58:57.891+00:00,B_sell_A_buy,6.9381,1.0381,360.17,360.18,0.398,83.1,360.43,360.54,10.9109,0.8951,0.0000062500,0.0004000000,140.2,0.1
2026-09-04T13:58:59.845+00:00,B_sell_A_buy,6.1057,0.2057,360.14,360.21,8.611,27.7,360.43,360.49,8.3404,0.9829,0.0000062500,0.0004000000,18.3,0.1
2026-09-04T13:58:59.857+00:00,B_sell_A_buy,6.3832,0.4832,360.14,360.21,8.611,27.7,360.44,360.49,16.676,0.9829,0.0000062500,0.0004000000,29.5,0.0
2026-09-04T13:58:59.863+00:00,B_sell_A_buy,6.3832,0.4832,360.14,360.21,8.611,27.7,360.44,360.49,16.676,28.7137,0.0000062500,0.0004000000,36.1,0.1
2026-09-04T13:58:59.876+00:00,B_sell_A_buy,6.3833,0.4833,360.14,360.21,8.611,27.7,360.44,360.48,16.676,16.7454,0.0000062500,0.0004000000,49.2,0.0
2026-09-04T13:58:59.891+00:00,B_sell_A_buy,6.3833,0.4833,360.14,360.21,8.611,27.7,360.44,360.48,16.676,17.7298,0.0000062500,0.0004000000,64.6,0.0
2026-09-04T13:58:59.913+00:00,B_sell_A_buy,7.4936,1.5936,360.14,360.17,8.611,22.419,360.44,360.48,16.676,17.7298,0.0000062500,0.0004000000,0.0,21.3
2026-09-04T13:59:22.836+00:00,B_sell_A_buy,6.6693,0.7693,359.7,359.72,13.043,4.339,359.96,360.06,16.1993,1.0281,0.0000062500,0.0004000000,79.8,0.1
2026-09-04T13:59:22.836+00:00,B_sell_A_buy,6.9471,1.0471,359.7,359.72,13.043,4.339,359.97,360.06,8.3727,1.0281,0.0000062500,0.0004000000,79.9,0.2
2026-09-04T13:59:22.908+00:00,B_sell_A_buy,7.5028,1.6028,359.7,359.72,13.043,4.339,359.99,360.06,16.1993,1.0281,0.0000062500,0.0004000000,151.7,0.1
2026-09-04T13:59:22.908+00:00,B_sell_A_buy,7.5024,1.6024,359.7,359.72,13.043,4.339,359.99,360.13,16.1993,1.0308,0.0000062500,0.0004000000,151.9,0.4
2026-09-04T13:59:54.756+00:00,B_sell_A_buy,7.2284,1.3284,359.44,359.48,12.025,14.796,359.74,360.11,10.9204,0.28,0.0000062500,0.0004000000,73.6,0.1
2026-09-04T13:59:54.765+00:00,B_sell_A_buy,7.2290,1.3290,359.44,359.48,12.025,14.796,359.74,359.99,10.9204,10.9204,0.0000062500,0.0004000000,82.6,0.0
2026-09-04T13:59:54.817+00:00,B_sell_A_buy,7.2292,1.3292,359.44,359.48,12.025,14.796,359.74,359.96,10.9204,8.3404,0.0000062500,0.0004000000,133.5,0.1
2026-09-04T13:59:54.880+00:00,B_sell_A_buy,7.2294,1.3294,359.44,359.48,12.025,14.796,359.74,359.91,10.9204,1.0522,0.0000062500,0.0004000000,197.3,0.1
2026-09-04T13:59:54.881+00:00,B_sell_A_buy,7.2294,1.3294,359.44,359.48,12.025,14.796,359.74,359.91,10.9204,28.783,0.0000062500,0.0004000000,197.4,0.2
2026-09-04T13:59:54.942+00:00,B_sell_A_buy,7.2295,1.3295,359.44,359.48,12.025,14.796,359.74,359.9,10.9204,0.8867,0.0000062500,0.0004000000,258.5,0.1
2026-09-04T13:59:54.958+00:00,B_sell_A_buy,7.5076,1.6076,359.44,359.47,12.025,2.782,359.74,359.9,10.9204,0.8867,0.0000062500,0.0004000000,0.0,17.7
2026-09-04T13:59:54.964+00:00,B_sell_A_buy,7.5076,1.6076,359.44,359.47,12.025,2.782,359.74,359.89,10.9204,1.0599,0.0000062500,0.0004000000,5.2,0.1
2026-09-04T13:59:54.965+00:00,B_sell_A_buy,7.5072,1.6072,359.44,359.47,12.025,2.782,359.74,359.97,10.9204,70.097,0.0000062500,0.0004000000,5.2,0.1
2026-09-04T13:59:54.989+00:00,B_sell_A_buy,7.5072,1.6072,359.44,359.47,12.025,2.782,359.74,359.96,10.9204,0.8838,0.0000062500,0.0004000000,30.0,0.1
2026-09-04T13:59:55.001+00:00,B_sell_A_buy,7.5074,1.6074,359.44,359.47,12.025,2.782,359.74,359.94,10.9204,8.3404,0.0000062500,0.0004000000,41.8,0.0
2026-09-04T13:59:55.010+00:00,B_sell_A_buy,6.3949,0.4949,359.45,359.51,27.605,32.741,359.74,359.94,10.9204,8.3404,0.0000062500,0.0004000000,0.1,9.1
2026-09-04T13:59:55.036+00:00,B_sell_A_buy,6.3948,0.4948,359.45,359.51,27.605,32.741,359.74,359.96,10.9204,0.8838,0.0000062500,0.0004000000,26.5,0.1
2026-09-04T13:59:55.040+00:00,B_sell_A_buy,6.3950,0.4950,359.45,359.51,27.605,32.741,359.74,359.93,10.9204,0.9964,0.0000062500,0.0004000000,30.2,0.1
2026-09-04T13:59:55.061+00:00,B_sell_A_buy,7.5074,1.6074,359.45,359.47,58.766,2.782,359.74,359.93,10.9204,0.9964,0.0000062500,0.0004000000,0.1,21.7
2026-09-04T13:59:55.081+00:00,B_sell_A_buy,7.5074,1.6074,359.45,359.47,58.766,2.782,359.74,359.92,10.9204,1.0861,0.0000062500,0.0004000000,19.7,0.1
2026-09-04T13:59:55.092+00:00,B_sell_A_buy,7.5076,1.6076,359.45,359.47,58.766,2.782,359.74,359.89,10.9204,0.9821,0.0000062500,0.0004000000,29.9,0.0
2026-09-04T13:59:55.094+00:00,B_sell_A_buy,7.5076,1.6076,359.45,359.47,58.766,2.782,359.74,359.89,38.6512,0.9821,0.0000062500,0.0004000000,33.0,0.0
2026-09-04T13:59:55.168+00:00,B_sell_A_buy,7.5076,1.6076,359.45,359.47,58.766,2.782,359.74,359.88,38.6512,0.9842,0.0000062500,0.0004000000,106.0,0.1
2026-09-04T13:59:55.174+00:00,B_sell_A_buy,7.5074,1.6074,359.45,359.47,58.766,2.782,359.74,359.93,38.6512,0.9964,0.0000062500,0.0004000000,111.9,0.1
2026-09-04T13:59:55.196+00:00,B_sell_A_buy,7.5072,1.6072,359.45,359.47,58.766,2.782,359.74,359.96,38.6512,0.8838,0.0000062500,0.0004000000,134.4,0.1
2026-09-04T13:59:59.651+00:00,B_sell_A_buy,6.1140,0.2140,359.66,359.69,13.624,7.122,359.91,360.05,16.1993,70.097,0.0000062500,0.0004000000,123.1,0.0
2026-09-04T13:59:59.672+00:00,B_sell_A_buy,6.1141,0.2141,359.66,359.69,13.624,7.122,359.91,360.04,16.1993,8.3347,0.0000062500,0.0004000000,144.3,0.1
2026-09-04T13:59:59.686+00:00,B_sell_A_buy,6.1141,0.2141,359.66,359.69,13.624,7.122,359.91,360.04,16.1993,9.2647,0.0000062500,0.0004000000,159.2,0.1
2026-09-04T13:59:59.694+00:00,B_sell_A_buy,6.1141,0.2141,359.66,359.69,13.624,7.122,359.91,360.03,16.1993,8.3404,0.0000062500,0.0004000000,166.3,0.0
2026-09-04T13:59:59.740+00:00,B_sell_A_buy,6.1142,0.2142,359.66,359.69,13.624,7.122,359.91,360.02,16.1993,1.0665,0.0000062500,0.0004000000,212.2,0.1
2026-09-04T13:59:59.794+00:00,B_sell_A_buy,6.1144,0.2144,359.66,359.69,13.624,7.122,359.91,359.96,16.1993,0.9106,0.0000062500,0.0004000000,266.1,0.1
2026-09-04T13:59:59.814+00:00,B_sell_A_buy,6.6704,0.7704,359.65,359.67,0.182,11.64,359.91,359.96,16.1993,0.9106,0.0000062500,0.0004000000,0.1,21.1
2026-09-04T14:00:01.865+00:00,B_sell_A_buy,6.1143,0.2143,359.65,359.71,0.182,30.097,359.93,359.97,16.1993,0.9375,0.0000062500,0.0004000000,844.6,0.1
2026-09-04T14:00:02.042+00:00,B_sell_A_buy,6.1149,0.2149,359.65,359.66,0.182,22.599,359.88,359.92,16.1993,8.3347,0.0000062500,0.0004000000,0.0,2.8
2026-09-04T14:00:02.042+00:00,B_sell_A_buy,6.1149,0.2149,359.65,359.66,0.182,22.599,359.88,359.92,16.1993,36.0655,0.0000062500,0.0004000000,0.1,0.1
2026-09-04T14:00:02.073+00:00,B_sell_A_buy,6.1149,0.2149,359.65,359.66,0.182,22.599,359.88,359.92,16.1993,37.0461,0.0000062500,0.0004000000,31.6,0.1
