ts_utc,direction,gross_bps,net_bps,bid_A,ask_A,bid_size_A,ask_size_A,bid_B,ask_B,bid_size_B,ask_size_B,funding_A,funding_B,age_A_ms,age_B_ms
2026-09-04T11:34:54.602+00:00,A_sell_B_buy,-12.4402,-18.3402,4466.7,4466.8,8.2131,3.8132,4471.72,4472.26,1.0036,3.2974,0.0000062500,0.0008000000,0.1,21.0
2026-09-04T11:34:54.602+00:00,B_sell_A_buy,11.0083,5.1083,4466.7,4466.8,8.2131,3.8132,4471.72,4472.26,1.0036,3.2974,0.0000062500,0.0008000000,0.1,21.0
2026-09-04T11:34:55.622+00:00,A_sell_B_buy,-11.4561,-17.3561,4466.7,4466.8,1.3644,24.3791,4471.56,4471.82,3.1515,2.2413,0.0000062500,0.0008000000,0.1,477.6
2026-09-04T11:34:55.622+00:00,B_sell_A_buy,10.6506,4.7506,4466.7,4466.8,1.3644,24.3791,4471.56,4471.82,3.1515,2.2413,0.0000062500,0.0008000000,0.1,477.6
2026-09-04T11:34:57.010+00:00,A_sell_B_buy,-11.4561,-17.3561,4466.7,4466.8,1.3644,24.3791,4471.56,4471.82,1.0036,2.0066,0.0000062500,0.0008000000,1388.2,0.1
2026-09-04T11:34:57.010+00:00,B_sell_A_buy,10.6506,4.7506,4466.7,4466.8,1.3644,24.3791,4471.56,4471.82,1.0036,2.0066,0.0000062500,0.0008000000,1388.2,0.1
2026-09-04T11:34:58.381+00:00,A_sell_B_buy,-11.4561,-17.3561,4466.7,4466.8,1.3644,23.577,4471.56,4471.82,1.0036,2.0066,0.0000062500,0.0008000000,0.1,768.3
2026-09-04T11:34:58.381+00:00,B_sell_A_buy,10.6506,4.7506,4466.7,4466.8,1.3644,23.577,4471.56,4471.82,1.0036,2.0066,0.0000062500,0.0008000000,0.1,768.3
2026-09-04T11:34:59.461+00:00,A_sell_B_buy,-12.1280,-18.0280,4466.4,4466.5,3.999,1.2693,4471.34,4471.82,2.075,2.0066,0.0000062500,0.0008000000,0.1,348.5
2026-09-04T11:34:59.461+00:00,B_sell_A_buy,10.8301,4.9301,4466.4,4466.5,3.999,1.2693,4471.34,4471.82,2.075,2.0066,0.0000062500,0.0008000000,0.1,348.5
2026-09-04T11:35:00.629+00:00,A_sell_B_buy,-11.9490,-17.8490,4466.4,4466.5,3.999,21.3844,4471.39,4471.74,0.659,0.0319,0.0000062500,0.0008000000,708.2,0.1
2026-09-04T11:35:00.629+00:00,B_sell_A_buy,10.9420,5.0420,4466.4,4466.5,3.999,21.3844,4471.39,4471.74,0.659,0.0319,0.0000062500,0.0008000000,708.2,0.1
2026-09-04T11:35:01.722+00:00,A_sell_B_buy,-12.4632,-18.3632,4466.4,4466.5,3.999,18.1655,4471.77,4471.97,3.2354,2.0494,0.0000062500,0.0008000000,0.1,111.8
2026-09-04T11:35:01.722+00:00,B_sell_A_buy,11.7919,5.8919,4466.4,4466.5,3.999,18.1655,4471.77,4471.97,3.2354,2.0494,0.0000062500,0.0008000000,0.1,111.8
2026-09-04T11:35:02.956+00:00,A_sell_B_buy,-12.5303,-18.4303,4466.4,4466.5,11.6055,10.6973,4471.77,4472.0,3.2354,2.0417,0.0000062500,0.0008000000,1037.0,0.1
2026-09-04T11:35:02.956+00:00,B_sell_A_buy,11.7919,5.8919,4466.4,4466.5,11.6055,10.6973,4471.77,4472.0,3.2354,2.0417,0.0000062500,0.0008000000,1037.0,0.1
2026-09-04T11:35:04.091+00:00,A_sell_B_buy,-12.7092,-18.6092,4466.4,4466.5,11.6055,12.6973,4471.86,4472.08,1.0445,2.0378,0.0000062500,0.0008000000,0.1,123.0
2026-09-04T11:35:04.091+00:00,B_sell_A_buy,11.9932,6.0932,4466.4,4466.5,11.6055,12.6973,4471.86,4472.08,1.0445,2.0378,0.0000062500,0.0008000000,0.1,123.0
2026-09-04T11:35:05.211+00:00,A_sell_B_buy,-12.7316,-18.6316,4466.4,4466.5,37.353,12.6973,4471.85,4472.09,1.0036,2.0354,0.0000062500,0.0008000000,1050.0,0.1
2026-09-04T11:35:05.211+00:00,B_sell_A_buy,11.9708,6.0708,4466.4,4466.5,37.353,12.6973,4471.85,4472.09,1.0036,2.0354,0.0000062500,0.0008000000,1050.0,0.1
2026-09-04T11:35:06.409+00:00,A_sell_B_buy,-13.2011,-19.1011,4466.4,4466.5,40.4984,12.68,4472.07,4472.3,0.2103,2.0436,0.0000062500,0.0008000000,255.9,0.1
2026-09-04T11:35:06.409+00:00,B_sell_A_buy,12.4628,6.5628,4466.4,4466.5,40.4984,12.68,4472.07,4472.3,0.2103,2.0436,0.0000062500,0.0008000000,255.9,0.1
2026-09-04T11:35:07.448+00:00,A_sell_B_buy,-13.2011,-19.1011,4466.4,4466.5,43.8568,12.68,4472.07,4472.3,0.2103,2.0395,0.0000062500,0.0008000000,0.1,498.5
2026-09-04T11:35:07.448+00:00,B_sell_A_buy,12.4628,6.5628,4466.4,4466.5,43.8568,12.68,4472.07,4472.3,0.2103,2.0395,0.0000062500,0.0008000000,0.1,498.5
2026-09-04T11:35:08.462+00:00,A_sell_B_buy,-13.2011,-19.1011,4466.4,4466.5,43.8568,14.68,4472.07,4472.3,0.2103,2.0335,0.0000062500,0.0008000000,167.8,0.1
2026-09-04T11:35:08.462+00:00,B_sell_A_buy,12.4628,6.5628,4466.4,4466.5,43.8568,14.68,4472.07,4472.3,0.2103,2.0335,0.0000062500,0.0008000000,167.8,0.1
2026-09-04T11:35:09.699+00:00,A_sell_B_buy,-13.2011,-19.1011,4466.4,4466.5,44.0407,12.68,4472.07,4472.3,0.2103,2.0382,0.0000062500,0.0008000000,432.7,0.1
2026-09-04T11:35:09.699+00:00,B_sell_A_buy,12.4628,6.5628,4466.4,4466.5,44.0407,12.68,4472.07,4472.3,0.2103,2.0382,0.0000062500,0.0008000000,432.7,0.1
2026-09-04T11:35:10.705+00:00,A_sell_B_buy,-13.6485,-19.5485,4466.4,4466.5,44.0407,12.68,4472.08,4472.5,1.0606,2.0368,0.0000062500,0.0008000000,1438.3,0.1
2026-09-04T11:35:10.705+00:00,B_sell_A_buy,12.4850,6.5850,4466.4,4466.5,44.0407,12.68,4472.08,4472.5,1.0606,2.0368,0.0000062500,0.0008000000,1438.3,0.1
2026-09-04T11:35:12.681+00:00,A_sell_B_buy,-13.4024,-19.3024,4466.4,4466.5,43.7926,12.68,4472.13,4472.39,1.2276,1.0195,0.0000062500,0.0008000000,1197.1,0.1
2026-09-04T11:35:12.681+00:00,B_sell_A_buy,12.5969,6.6969,4466.4,4466.5,43.7926,12.68,4472.13,4472.39,1.2276,1.0195,0.0000062500,0.0008000000,1197.1,0.1
2026-09-04T11:35:13.702+00:00,A_sell_B_buy,-13.6707,-19.5707,4466.4,4466.5,47.9203,12.68,4472.28,4472.51,1.0036,2.0419,0.0000062500,0.0008000000,358.4,0.1
2026-09-04T11:35:13.702+00:00,B_sell_A_buy,12.9323,7.0323,4466.4,4466.5,47.9203,12.68,4472.28,4472.51,1.0036,2.0419,0.0000062500,0.0008000000,358.4,0.1
2026-09-04T11:35:14.742+00:00,A_sell_B_buy,-13.6483,-19.5483,4466.4,4466.5,43.9203,12.68,4472.28,4472.5,1.0036,2.9185,0.0000062500,0.0008000000,0.0,55.1
2026-09-04T11:35:14.742+00:00,B_sell_A_buy,12.9323,7.0323,4466.4,4466.5,43.9203,12.68,4472.28,4472.5,1.0036,2.9185,0.0000062500,0.0008000000,0.0,55.1
2026-09-04T11:35:15.912+00:00,A_sell_B_buy,-13.3575,-19.2575,4466.4,4466.5,43.7953,14.68,4472.29,4472.37,0.1118,2.6117,0.0000062500,0.0008000000,337.9,0.1
2026-09-04T11:35:15.912+00:00,B_sell_A_buy,12.9548,7.0548,4466.4,4466.5,43.7953,14.68,4472.29,4472.37,0.1118,2.6117,0.0000062500,0.0008000000,337.9,0.1
2026-09-04T11:35:16.938+00:00,A_sell_B_buy,-13.3576,-19.2576,4466.4,4466.5,40.8953,16.68,4472.21,4472.37,1.0036,2.6117,0.0000062500,0.0008000000,0.0,41.0
2026-09-04T11:35:16.938+00:00,B_sell_A_buy,12.7758,6.8758,4466.4,4466.5,40.8953,16.68,4472.21,4472.37,1.0036,2.6117,0.0000062500,0.0008000000,0.0,41.0
2026-09-04T11:35:19.096+00:00,A_sell_B_buy,-13.2681,-19.1681,4466.4,4466.5,41.2684,16.68,4472.21,4472.33,1.0036,3.1758,0.0000062500,0.0008000000,0.1,1167.5
2026-09-04T11:35:19.096+00:00,B_sell_A_buy,12.7759,6.8759,4466.4,4466.5,41.2684,16.68,4472.21,4472.33,1.0036,3.1758,0.0000062500,0.0008000000,0.1,1167.5
2026-09-04T11:35:20.121+00:00,A_sell_B_buy,-13.4694,-19.3694,4466.4,4466.5,41.4923,14.68,4472.21,4472.42,1.0036,3.2752,0.0000062500,0.0008000000,0.1,284.8
2026-09-04T11:35:20.121+00:00,B_sell_A_buy,12.7758,6.8758,4466.4,4466.5,41.4923,14.68,4472.21,4472.42,1.0036,3.2752,0.0000062500,0.0008000000,0.1,284.8
2026-09-04T11:35:21.150+00:00,A_sell_B_buy,-13.4695,-19.3695,4466.4,4466.5,41.4923,16.68,4472.09,4472.42,1.0036,3.2752,0.0000062500,0.0008000000,434.5,0.1
2026-09-04T11:35:21.150+00:00,B_sell_A_buy,12.5074,6.6074,4466.4,4466.5,41.4923,16.68,4472.09,4472.42,1.0036,3.2752,0.0000062500,0.0008000000,434.5,0.1
2026-09-04T11:35:22.368+00:00,A_sell_B_buy,-13.2458,-19.1458,4466.4,4466.5,41.4923,16.68,4472.09,4472.32,1.0036,2.0279,0.0000062500,0.0008000000,1652.9,0.1
2026-09-04T11:35:22.368+00:00,B_sell_A_buy,12.5075,6.6075,4466.4,4466.5,41.4923,16.68,4472.09,4472.32,1.0036,2.0279,0.0000062500,0.0008000000,1652.9,0.1
2026-09-04T11:35:23.502+00:00,A_sell_B_buy,-13.3576,-19.2576,4466.4,4466.5,40.6986,12.68,4472.14,4472.37,4.239,2.0362,0.0000062500,0.0008000000,469.3,0.1
2026-09-04T11:35:23.502+00:00,B_sell_A_buy,12.6193,6.7193,4466.4,4466.5,40.6986,12.68,4472.14,4472.37,4.239,2.0362,0.0000062500,0.0008000000,469.3,0.1
2026-09-04T11:35:24.586+00:00,A_sell_B_buy,-13.4694,-19.3694,4466.4,4466.5,40.6986,12.6773,4472.19,4472.42,1.1554,2.0385,0.0000062500,0.0008000000,589.9,0.1
2026-09-04T11:35:24.586+00:00,B_sell_A_buy,12.7311,6.8311,4466.4,4466.5,40.6986,12.6773,4472.19,4472.42,1.1554,2.0385,0.0000062500,0.0008000000,589.9,0.1
2026-09-04T11:35:25.668+00:00,A_sell_B_buy,-13.4694,-19.3694,4466.4,4466.5,40.6986,12.6773,4472.19,4472.42,0.2325,2.0372,0.0000062500,0.0008000000,1671.6,0.1
2026-09-04T11:35:25.668+00:00,B_sell_A_buy,12.7311,6.8311,4466.4,4466.5,40.6986,12.6773,4472.19,4472.42,0.2325,2.0372,0.0000062500,0.0008000000,1671.6,0.1
2026-09-04T11:35:26.668+00:00,A_sell_B_buy,-13.9390,-19.8390,4466.4,4466.5,40.6986,10.6773,4472.33,4472.63,0.5981,2.741,0.0000062500,0.0008000000,0.1,467.0
2026-09-04T11:35:26.668+00:00,B_sell_A_buy,13.0441,7.1441,4466.4,4466.5,40.6986,10.6773,4472.33,4472.63,0.5981,2.741,0.0000062500,0.0008000000,0.1,467.0
2026-09-04T11:35:27.754+00:00,A_sell_B_buy,-13.3800,-19.2800,4466.4,4466.5,40.3255,10.6773,4472.15,4472.38,0.8404,0.005,0.0000062500,0.0008000000,444.5,0.1
2026-09-04T11:35:27.754+00:00,B_sell_A_buy,12.6416,6.7416,4466.4,4466.5,40.3255,10.6773,4472.15,4472.38,0.8404,0.005,0.0000062500,0.0008000000,444.5,0.1
2026-09-04T11:35:28.905+00:00,A_sell_B_buy,-13.5589,-19.4589,4466.4,4466.5,43.2403,10.6773,4472.23,4472.46,0.1118,0.0054,0.0000062500,0.0008000000,708.2,0.1
2026-09-04T11:35:28.905+00:00,B_sell_A_buy,12.8205,6.9205,4466.4,4466.5,43.2403,10.6773,4472.23,4472.46,0.1118,0.0054,0.0000062500,0.0008000000,708.2,0.1
2026-09-04T11:35:29.982+00:00,A_sell_B_buy,-13.5589,-19.4589,4466.4,4466.5,43.2403,10.6773,4472.23,4472.46,0.9787,2.0134,0.0000062500,0.0008000000,1786.1,0.1
2026-09-04T11:35:29.982+00:00,B_sell_A_buy,12.8205,6.9205,4466.4,4466.5,43.2403,10.6773,4472.23,4472.46,0.9787,2.0134,0.0000062500,0.0008000000,1786.1,0.1
2026-09-04T11:35:32.658+00:00,A_sell_B_buy,-13.8495,-19.7495,4466.4,4466.5,43.368,10.6773,4472.36,4472.59,0.3888,2.0146,0.0000062500,0.0008000000,0.1,346.5
2026-09-04T11:35:32.658+00:00,B_sell_A_buy,13.1112,7.2112,4466.4,4466.5,43.368,10.6773,4472.36,4472.59,0.3888,2.0146,0.0000062500,0.0008000000,0.1,346.5
2026-09-04T11:35:33.745+00:00,A_sell_B_buy,-13.3800,-19.2800,4466.4,4466.5,42.9949,10.6773,4472.18,4472.38,1.5594,2.0205,0.0000062500,0.0008000000,0.1,151.9
2026-09-04T11:35:33.745+00:00,B_sell_A_buy,12.7087,6.8087,4466.4,4466.5,42.9949,10.6773,4472.18,4472.38,1.5594,2.0205,0.0000062500,0.0008000000,0.1,151.9
2026-09-04T11:35:34.985+00:00,A_sell_B_buy,-13.4471,-19.3471,4466.4,4466.5,42.9949,10.6773,4472.18,4472.41,1.5594,2.0231,0.0000062500,0.0008000000,1240.6,0.1
2026-09-04T11:35:34.985+00:00,B_sell_A_buy,12.7087,6.8087,4466.4,4466.5,42.9949,10.6773,4472.18,4472.41,1.5594,2.0231,0.0000062500,0.0008000000,1240.6,0.1
2026-09-04T11:35:36.050+00:00,A_sell_B_buy,-13.4471,-19.3471,4466.4,4466.5,42.9949,10.6543,4472.18,4472.41,1.5594,2.0238,0.0000062500,0.0008000000,0.1,36.9
2026-09-04T11:35:36.050+00:00,B_sell_A_buy,12.7087,6.8087,4466.4,4466.5,42.9949,10.6543,4472.18,4472.41,1.5594,2.0238,0.0000062500,0.0008000000,0.1,36.9
2026-09-04T11:35:37.097+00:00,A_sell_B_buy,-13.4469,-19.3469,4466.4,4466.5,42.9949,10.6543,4472.39,4472.41,3.2354,2.0243,0.0000062500,0.0008000000,1047.2,0.1
2026-09-04T11:35:37.097+00:00,B_sell_A_buy,13.1784,7.2784,4466.4,4466.5,42.9949,10.6543,4472.39,4472.41,3.2354,2.0243,0.0000062500,0.0008000000,1047.2,0.1
2026-09-04T11:35:38.183+00:00,A_sell_B_buy,-13.9389,-19.8389,4466.4,4466.5,46.9949,10.6543,4472.44,4472.63,0.3073,1.9976,0.0000062500,0.0008000000,598.1,0.1
2026-09-04T11:35:38.183+00:00,B_sell_A_buy,13.2901,7.3901,4466.4,4466.5,46.9949,10.6543,4472.44,4472.63,0.3073,1.9976,0.0000062500,0.0008000000,598.1,0.1
2026-09-04T11:35:39.190+00:00,A_sell_B_buy,-14.0284,-19.9284,4466.4,4466.5,46.9949,10.6543,4472.44,4472.67,0.3073,2.0353,0.0000062500,0.0008000000,1605.7,0.1
2026-09-04T11:35:39.190+00:00,B_sell_A_buy,13.2901,7.3901,4466.4,4466.5,46.9949,10.6543,4472.44,4472.67,0.3073,2.0353,0.0000062500,0.0008000000,1605.7,0.1
2026-09-04T11:35:42.455+00:00,A_sell_B_buy,-14.4308,-20.3308,4466.4,4466.5,93.9628,4.0,4472.64,4472.85,0.1118,0.0448,0.0000062500,0.0008000000,0.1,49.7
2026-09-04T11:35:42.455+00:00,B_sell_A_buy,13.7373,7.8373,4466.4,4466.5,93.9628,4.0,4472.64,4472.85,0.1118,0.0448,0.0000062500,0.0008000000,0.1,49.7
2026-09-04T11:35:43.931+00:00,A_sell_B_buy,-14.4977,-20.3977,4466.4,4466.5,93.9628,4.0,4472.86,4472.88,0.8465,2.0,0.0000062500,0.0008000000,1476.0,0.1
2026-09-04T11:35:43.931+00:00,B_sell_A_buy,14.2293,8.3293,4466.4,4466.5,93.9628,4.0,4472.86,4472.88,0.8465,2.0,0.0000062500,0.0008000000,1476.0,0.1
2026-09-04T11:35:44.942+00:00,A_sell_B_buy,-15.0121,-20.9121,4466.4,4466.5,98.4356,3.5,4472.88,4473.11,1.4789,0.044,0.0000062500,0.0008000000,23.9,0.1
2026-09-04T11:35:44.942+00:00,B_sell_A_buy,14.2738,8.3738,4466.4,4466.5,98.4356,3.5,4472.88,4473.11,1.4789,0.044,0.0000062500,0.0008000000,23.9,0.1
2026-09-04T11:35:45.993+00:00,A_sell_B_buy,-14.9674,-20.8674,4466.4,4466.5,98.4356,3.5,4472.86,4473.09,0.9583,0.0439,0.0000062500,0.0008000000,1075.2,0.1
2026-09-04T11:35:45.993+00:00,B_sell_A_buy,14.2291,8.3291,4466.4,4466.5,98.4356,3.5,4472.86,4473.09,0.9583,0.0439,0.0000062500,0.0008000000,1075.2,0.1
2026-09-04T11:35:50.973+00:00,A_sell_B_buy,-14.9450,-20.8450,4466.4,4466.5,98.3342,3.5,4472.85,4473.08,3.2354,2.0419,0.0000062500,0.0008000000,0.1,865.2
2026-09-04T11:35:50.973+00:00,B_sell_A_buy,14.2067,8.3067,4466.4,4466.5,98.3342,3.5,4472.85,4473.08,3.2354,2.0419,0.0000062500,0.0008000000,0.1,865.2
2026-09-04T11:35:52.215+00:00,A_sell_B_buy,-14.9450,-20.8450,4466.4,4466.5,98.3342,3.5,4472.85,4473.08,3.2354,2.0462,0.0000062500,0.0008000000,1242.4,0.1
2026-09-04T11:35:52.215+00:00,B_sell_A_buy,14.2067,8.3067,4466.4,4466.5,98.3342,3.5,4472.85,4473.08,3.2354,2.0462,0.0000062500,0.0008000000,1242.4,0.1
2026-09-04T11:36:01.440+00:00,A_sell_B_buy,-14.6544,-20.5544,4466.4,4466.5,96.3342,3.5,4472.8,4472.95,1.0751,2.1118,0.0000062500,0.0008000000,0.1,355.6
2026-09-04T11:36:01.440+00:00,B_sell_A_buy,14.0950,8.1950,4466.4,4466.5,96.3342,3.5,4472.8,4472.95,1.0751,2.1118,0.0000062500,0.0008000000,0.1,355.6
2026-09-04T11:36:03.640+00:00,A_sell_B_buy,-14.4979,-20.3979,4466.4,4466.5,98.3342,3.4652,4472.62,4472.88,2.4744,0.7303,0.0000062500,0.0008000000,1839.7,0.1
2026-09-04T11:36:03.640+00:00,B_sell_A_buy,13.6925,7.7925,4466.4,4466.5,98.3342,3.4652,4472.62,4472.88,2.4744,0.7303,0.0000062500,0.0008000000,1839.7,0.1
2026-09-04T11:36:05.378+00:00,A_sell_B_buy,-14.3414,-20.2414,4466.4,4466.5,93.5584,10.1625,4472.55,4472.81,1.2284,0.6283,0.0000062500,0.0008000000,745.6,0.1
2026-09-04T11:36:05.378+00:00,B_sell_A_buy,13.5360,7.6360,4466.4,4466.5,93.5584,10.1625,4472.55,4472.81,1.2284,0.6283,0.0000062500,0.0008000000,745.6,0.1
2026-09-04T11:36:07.496+00:00,A_sell_B_buy,-14.2520,-20.1520,4466.4,4466.5,95.7973,10.1426,4472.55,4472.77,1.3536,2.1094,0.0000062500,0.0008000000,1401.3,0.1
2026-09-04T11:36:07.496+00:00,B_sell_A_buy,13.5360,7.6360,4466.4,4466.5,95.7973,10.1426,4472.55,4472.77,1.3536,2.1094,0.0000062500,0.0008000000,1401.3,0.1
2026-09-04T11:36:14.096+00:00,A_sell_B_buy,-14.1179,-20.0179,4466.4,4466.5,96.4767,10.1426,4472.45,4472.71,0.7314,2.1118,0.0000062500,0.0008000000,0.1,60.8
2026-09-04T11:36:14.096+00:00,B_sell_A_buy,13.3124,7.4124,4466.4,4466.5,96.4767,10.1426,4472.45,4472.71,0.7314,2.1118,0.0000062500,0.0008000000,0.1,60.8
2026-09-04T11:36:15.670+00:00,A_sell_B_buy,-14.1179,-20.0179,4466.4,4466.5,96.4767,10.1426,4472.43,4472.71,1.4668,2.1118,0.0000062500,0.0008000000,956.6,0.1
2026-09-04T11:36:15.670+00:00,B_sell_A_buy,13.2677,7.3677,4466.4,4466.5,96.4767,10.1426,4472.43,4472.71,1.4668,2.1118,0.0000062500,0.0008000000,956.6,0.1
2026-09-04T11:36:17.802+00:00,A_sell_B_buy,-13.7601,-19.6601,4466.4,4466.5,49.1566,10.1426,4472.3,4472.55,1.0036,3.2226,0.0000062500,0.0008000000,0.1,383.3
2026-09-04T11:36:17.802+00:00,B_sell_A_buy,12.9770,7.0770,4466.4,4466.5,49.1566,10.1426,4472.3,4472.55,1.0036,3.2226,0.0000062500,0.0008000000,0.1,383.3
2026-09-04T11:36:18.897+00:00,A_sell_B_buy,-13.7602,-19.6602,4466.4,4466.5,46.9177,10.4618,4472.2,4472.55,1.1383,2.0,0.0000062500,0.0008000000,1039.8,0.1
2026-09-04T11:36:18.897+00:00,B_sell_A_buy,12.7534,6.8534,4466.4,4466.5,46.9177,10.4618,4472.2,4472.55,1.1383,2.0,0.0000062500,0.0008000000,1039.8,0.1
2026-09-04T11:36:20.184+00:00,A_sell_B_buy,-13.9168,-19.8168,4466.4,4466.5,47.1416,10.4579,4472.2,4472.62,1.1383,3.2779,0.0000062500,0.0008000000,0.1,740.1
2026-09-04T11:36:20.184+00:00,B_sell_A_buy,12.7533,6.8533,4466.4,4466.5,47.1416,10.4579,4472.2,4472.62,1.1383,3.2779,0.0000062500,0.0008000000,0.1,740.1
2026-09-04T11:36:21.489+00:00,A_sell_B_buy,-13.4024,-19.3024,4466.4,4466.5,47.1416,10.4579,4472.14,4472.39,2.8773,0.6446,0.0000062500,0.0008000000,1305.9,0.1
2026-09-04T11:36:21.489+00:00,B_sell_A_buy,12.6193,6.7193,4466.4,4466.5,47.1416,10.4579,4472.14,4472.39,2.8773,0.6446,0.0000062500,0.0008000000,1305.9,0.1
2026-09-04T11:36:23.074+00:00,A_sell_B_buy,-13.6037,-19.5037,4466.4,4466.5,47.2908,10.4579,4472.14,4472.48,2.8773,1.234,0.0000062500,0.0008000000,791.6,0.1
2026-09-04T11:36:23.074+00:00,B_sell_A_buy,12.6192,6.7192,4466.4,4466.5,47.2908,10.4579,4472.14,4472.48,2.8773,1.234,0.0000062500,0.0008000000,791.6,0.1
2026-09-04T11:36:24.111+00:00,A_sell_B_buy,-13.6037,-19.5037,4466.4,4466.5,45.2908,10.4579,4472.14,4472.48,0.3773,2.0,0.0000062500,0.0008000000,97.1,0.1
2026-09-04T11:36:24.111+00:00,B_sell_A_buy,12.6192,6.7192,4466.4,4466.5,45.2908,10.4579,4472.14,4472.48,0.3773,2.0,0.0000062500,0.0008000000,97.1,0.1
2026-09-04T11:36:25.146+00:00,A_sell_B_buy,-13.4024,-19.3024,4466.4,4466.5,44.6966,10.4579,4472.14,4472.39,0.3773,2.1514,0.0000062500,0.0008000000,0.1,486.8
2026-09-04T11:36:25.146+00:00,B_sell_A_buy,12.6193,6.7193,4466.4,4466.5,44.6966,10.4579,4472.14,4472.39,0.3773,2.1514,0.0000062500,0.0008000000,0.1,486.8
2026-09-04T11:36:26.241+00:00,A_sell_B_buy,-13.8497,-19.7497,4466.4,4466.5,45.0697,10.4579,4472.14,4472.59,0.3773,0.1118,0.0000062500,0.0008000000,96.1,0.1
2026-09-04T11:36:26.241+00:00,B_sell_A_buy,12.6191,6.7191,4466.4,4466.5,45.0697,10.4579,4472.14,4472.59,0.3773,0.1118,0.0000062500,0.0008000000,96.1,0.1
2026-09-04T11:36:27.385+00:00,A_sell_B_buy,-13.8274,-19.7274,4466.4,4466.5,42.6966,10.4579,4472.07,4472.58,1.0036,2.3218,0.0000062500,0.0008000000,0.1,478.9
2026-09-04T11:36:27.385+00:00,B_sell_A_buy,12.4626,6.5626,4466.4,4466.5,42.6966,10.4579,4472.07,4472.58,1.0036,2.3218,0.0000062500,0.0008000000,0.1,478.9
2026-09-04T11:36:29.823+00:00,A_sell_B_buy,-13.4695,-19.3695,4466.4,4466.5,45.0697,10.4579,4472.16,4472.42,1.2026,0.1378,0.0000062500,0.0008000000,1683.3,0.1
2026-09-04T11:36:29.823+00:00,B_sell_A_buy,12.6640,6.7640,4466.4,4466.5,45.0697,10.4579,4472.16,4472.42,1.2026,0.1378,0.0000062500,0.0008000000,1683.3,0.1
2026-09-04T11:36:32.201+00:00,A_sell_B_buy,-13.9392,-19.8392,4466.4,4466.5,45.0697,10.1387,4472.17,4472.63,0.0027,5.233,0.0000062500,0.0008000000,0.1,30.0
2026-09-04T11:36:32.201+00:00,B_sell_A_buy,12.6862,6.7862,4466.4,4466.5,45.0697,10.1387,4472.17,4472.63,0.0027,5.233,0.0000062500,0.0008000000,0.1,30.0
2026-09-04T11:36:33.235+00:00,A_sell_B_buy,-13.9168,-19.8168,4466.4,4466.5,45.0697,10.1387,4472.19,4472.62,0.5086,2.0,0.0000062500,0.0008000000,1034.1,0.1
2026-09-04T11:36:33.235+00:00,B_sell_A_buy,12.7309,6.8309,4466.4,4466.5,45.0697,10.1387,4472.19,4472.62,0.5086,2.0,0.0000062500,0.0008000000,1034.1,0.1
2026-09-04T11:36:34.720+00:00,A_sell_B_buy,-13.9391,-19.8391,4466.4,4466.5,98.9375,10.1387,4472.18,4472.63,1.2062,3.233,0.0000062500,0.0008000000,1134.7,0.1
2026-09-04T11:36:34.720+00:00,B_sell_A_buy,12.7086,6.8086,4466.4,4466.5,98.9375,10.1387,4472.18,4472.63,1.2062,3.233,0.0000062500,0.0008000000,1134.7,0.1
2026-09-04T11:36:36.122+00:00,A_sell_B_buy,-13.9391,-19.8391,4466.4,4466.5,96.2097,3.4414,4472.2,4472.63,0.8369,3.233,0.0000062500,0.0008000000,0.1,797.2
2026-09-04T11:36:36.122+00:00,B_sell_A_buy,12.7533,6.8533,4466.4,4466.5,96.2097,3.4414,4472.2,4472.63,0.8369,3.233,0.0000062500,0.0008000000,0.1,797.2
2026-09-04T11:36:39.500+00:00,A_sell_B_buy,-14.2969,-20.1969,4466.4,4466.5,98.7336,3.4263,4472.3,4472.79,0.7039,2.7127,0.0000062500,0.0008000000,0.1,55.1
2026-09-04T11:36:39.500+00:00,B_sell_A_buy,12.9769,7.0769,4466.4,4466.5,98.7336,3.4263,4472.3,4472.79,0.7039,2.7127,0.0000062500,0.0008000000,0.1,55.1
2026-09-04T11:36:40.555+00:00,A_sell_B_buy,-13.9614,-19.8614,4466.4,4466.5,98.7336,3.4263,4472.29,4472.64,3.9233,1.8737,0.0000062500,0.0008000000,1055.9,0.1
2026-09-04T11:36:40.555+00:00,B_sell_A_buy,12.9546,7.0546,4466.4,4466.5,98.7336,3.4263,4472.29,4472.64,3.9233,1.8737,0.0000062500,0.0008000000,1055.9,0.1
2026-09-04T11:36:42.402+00:00,A_sell_B_buy,-14.3640,-20.2640,4466.4,4466.5,98.7182,3.4263,4472.3,4472.82,0.7422,2.1118,0.0000062500,0.0008000000,0.1,429.1
2026-09-04T11:36:42.402+00:00,B_sell_A_buy,12.9768,7.0768,4466.4,4466.5,98.7182,3.4263,4472.3,4472.82,0.7422,2.1118,0.0000062500,0.0008000000,0.1,429.1
2026-09-04T11:36:43.431+00:00,A_sell_B_buy,-14.3640,-20.2640,4466.4,4466.5,98.7182,3.4263,4472.3,4472.82,0.4745,2.1118,0.0000062500,0.0008000000,1029.5,0.1
2026-09-04T11:36:43.431+00:00,B_sell_A_buy,12.9768,7.0768,4466.4,4466.5,98.7182,3.4263,4472.3,4472.82,0.4745,2.1118,0.0000062500,0.0008000000,1029.5,0.1
2026-09-04T11:36:44.491+00:00,A_sell_B_buy,-14.5875,-20.4875,4466.4,4466.5,98.7182,3.4263,4472.52,4472.92,1.0036,4.5407,0.0000062500,0.0008000000,280.1,0.1
2026-09-04T11:36:44.491+00:00,B_sell_A_buy,13.4688,7.5688,4466.4,4466.5,98.7182,3.4263,4472.52,4472.92,1.0036,4.5407,0.0000062500,0.0008000000,280.1,0.1
2026-09-04T11:36:45.899+00:00,A_sell_B_buy,-14.1625,-20.0625,4466.4,4466.5,99.7182,3.4263,4472.52,4472.73,1.6914,1.3932,0.0000062500,0.0008000000,619.1,0.1
2026-09-04T11:36:45.899+00:00,B_sell_A_buy,13.4690,7.5690,4466.4,4466.5,99.7182,3.4263,4472.52,4472.73,1.6914,1.3932,0.0000062500,0.0008000000,619.1,0.1
2026-09-04T11:36:48.629+00:00,A_sell_B_buy,-14.2744,-20.1744,4466.4,4466.5,97.9909,3.4263,4472.52,4472.78,1.6914,2.3473,0.0000062500,0.0008000000,0.1,334.5
2026-09-04T11:36:48.629+00:00,B_sell_A_buy,13.4689,7.5689,4466.4,4466.5,97.9909,3.4263,4472.52,4472.78,1.6914,2.3473,0.0000062500,0.0008000000,0.1,334.5
2026-09-04T11:36:49.667+00:00,A_sell_B_buy,-14.2744,-20.1744,4466.4,4466.5,97.9909,3.4263,4472.52,4472.78,1.0036,2.3473,0.0000062500,0.0008000000,1038.1,0.1
2026-09-04T11:36:49.667+00:00,B_sell_A_buy,13.4689,7.5689,4466.4,4466.5,97.9909,3.4263,4472.52,4472.78,1.0036,2.3473,0.0000062500,0.0008000000,1038.1,0.1
2026-09-04T11:36:50.818+00:00,A_sell_B_buy,-14.6097,-20.5097,4466.4,4466.5,100.5247,3.4263,4472.65,4472.93,1.056,3.2354,0.0000062500,0.0008000000,0.1,353.9
2026-09-04T11:36:50.818+00:00,B_sell_A_buy,13.7596,7.8596,4466.4,4466.5,100.5247,3.4263,4472.65,4472.93,1.056,3.2354,0.0000062500,0.0008000000,0.1,353.9
2026-09-04T11:36:52.193+00:00,A_sell_B_buy,-14.6097,-20.5097,4466.4,4466.5,100.8978,1.1878,4472.66,4472.93,1.0036,3.2354,0.0000062500,0.0008000000,867.2,0.1
2026-09-04T11:36:52.193+00:00,B_sell_A_buy,13.7819,7.8819,4466.4,4466.5,100.8978,1.1878,4472.66,4472.93,1.0036,3.2354,0.0000062500,0.0008000000,867.2,0.1
2026-09-04T11:36:54.532+00:00,A_sell_B_buy,-14.5875,-20.4875,4466.4,4466.5,101.233,1.1878,4472.47,4472.92,0.7812,0.1118,0.0000062500,0.0008000000,1506.4,0.1
2026-09-04T11:36:54.532+00:00,B_sell_A_buy,13.3570,7.4570,4466.4,4466.5,101.233,1.1878,4472.47,4472.92,0.7812,0.1118,0.0000062500,0.0008000000,1506.4,0.1
2026-09-04T11:36:56.404+00:00,A_sell_B_buy,-14.5653,-20.4653,4466.4,4466.5,100.8599,1.1878,4472.31,4472.91,3.0059,1.5477,0.0000062500,0.0008000000,0.1,12.4
2026-09-04T11:36:56.404+00:00,B_sell_A_buy,12.9991,7.0991,4466.4,4466.5,100.8599,1.1878,4472.31,4472.91,3.0059,1.5477,0.0000062500,0.0008000000,0.1,12.4
2026-09-04T11:36:57.405+00:00,A_sell_B_buy,-14.4982,-20.3982,4466.4,4466.5,98.8599,1.1878,4472.31,4472.88,1.0059,0.1118,0.0000062500,0.0008000000,376.3,0.0
2026-09-04T11:36:57.405+00:00,B_sell_A_buy,12.9992,7.0992,4466.4,4466.5,98.8599,1.1878,4472.31,4472.88,1.0059,0.1118,0.0000062500,0.0008000000,376.3,0.0
2026-09-04T11:36:59.221+00:00,A_sell_B_buy,-14.1404,-20.0404,4466.4,4466.5,100.8599,1.1878,4472.29,4472.72,2.8362,1.3443,0.0000062500,0.0008000000,1690.5,0.1
2026-09-04T11:36:59.221+00:00,B_sell_A_buy,12.9545,7.0545,4466.4,4466.5,100.8599,1.1878,4472.29,4472.72,2.8362,1.3443,0.0000062500,0.0008000000,1690.5,0.1
2026-09-04T11:37:02.623+00:00,A_sell_B_buy,-14.3638,-20.2638,4466.4,4466.5,101.5799,1.1878,4472.57,4472.82,1.0036,1.7813,0.0000062500,0.0008000000,0.1,220.3
2026-09-04T11:37:02.623+00:00,B_sell_A_buy,13.5807,7.6807,4466.4,4466.5,101.5799,1.1878,4472.57,4472.82,1.0036,1.7813,0.0000062500,0.0008000000,0.1,220.3
2026-09-04T11:37:03.663+00:00,A_sell_B_buy,-14.2967,-20.1967,4466.4,4466.5,101.5799,1.1878,4472.57,4472.79,1.0036,0.6258,0.0000062500,0.0008000000,1039.7,0.1
2026-09-04T11:37:03.663+00:00,B_sell_A_buy,13.5807,7.6807,4466.4,4466.5,101.5799,1.1878,4472.57,4472.79,1.0036,0.6258,0.0000062500,0.0008000000,1039.7,0.1
2026-09-04T11:37:06.029+00:00,A_sell_B_buy,-14.2969,-20.1969,4466.4,4466.5,101.2447,1.1701,4472.29,4472.79,2.1158,0.6258,0.0000062500,0.0008000000,0.1,326.6
2026-09-04T11:37:06.029+00:00,B_sell_A_buy,12.9545,7.0545,4466.4,4466.5,101.2447,1.1701,4472.29,4472.79,2.1158,0.6258,0.0000062500,0.0008000000,0.1,326.6
2026-09-04T11:37:07.070+00:00,A_sell_B_buy,-14.2969,-20.1969,4466.4,4466.5,101.2447,1.1701,4472.29,4472.79,1.6158,0.6258,0.0000062500,0.0008000000,1040.3,0.1
2026-09-04T11:37:07.070+00:00,B_sell_A_buy,12.9545,7.0545,4466.4,4466.5,101.2447,1.1701,4472.29,4472.79,1.6158,0.6258,0.0000062500,0.0008000000,1040.3,0.1
2026-09-04T11:37:08.486+00:00,A_sell_B_buy,-14.5204,-20.4204,4466.4,4466.5,168.4111,1.1701,4472.48,4472.89,2.2532,1.0816,0.0000062500,0.0008000000,0.1,277.9
2026-09-04T11:37:08.486+00:00,B_sell_A_buy,13.3794,7.4794,4466.4,4466.5,168.4111,1.1701,4472.48,4472.89,2.2532,1.0816,0.0000062500,0.0008000000,0.1,277.9
2026-09-04T11:37:09.701+00:00,A_sell_B_buy,-15.3701,-21.2701,4466.4,4466.5,168.8575,0.6701,4472.65,4473.27,1.8868,0.8174,0.0000062500,0.0008000000,802.7,0.1
2026-09-04T11:37:09.701+00:00,B_sell_A_buy,13.7593,7.8593,4466.4,4466.5,168.8575,0.6701,4472.65,4473.27,1.8868,0.8174,0.0000062500,0.0008000000,802.7,0.1
2026-09-04T11:37:12.343+00:00,A_sell_B_buy,-14.6769,-20.5769,4466.4,4466.5,168.4111,0.6701,4472.58,4472.96,0.1638,0.9064,0.0000062500,0.0008000000,1742.5,0.1
2026-09-04T11:37:12.343+00:00,B_sell_A_buy,13.6030,7.7030,4466.4,4466.5,168.4111,0.6701,4472.58,4472.96,0.1638,0.9064,0.0000062500,0.0008000000,1742.5,0.1
2026-09-04T11:37:13.689+00:00,A_sell_B_buy,-14.5429,-20.4429,4466.4,4466.5,213.1767,0.6701,4472.39,4472.9,0.5259,2.8537,0.0000062500,0.0008000000,0.1,234.0
2026-09-04T11:37:13.689+00:00,B_sell_A_buy,13.1781,7.2781,4466.4,4466.5,213.1767,0.6701,4472.39,4472.9,0.5259,2.8537,0.0000062500,0.0008000000,0.1,234.0
2026-09-04T11:37:14.899+00:00,A_sell_B_buy,-14.1403,-20.0403,4466.4,4466.5,145.2903,0.6701,4472.39,4472.72,0.5259,0.9311,0.0000062500,0.0008000000,314.9,0.1
2026-09-04T11:37:14.899+00:00,B_sell_A_buy,13.1782,7.2782,4466.4,4466.5,145.2903,0.6701,4472.39,4472.72,0.5259,0.9311,0.0000062500,0.0008000000,314.9,0.1
2026-09-04T11:37:16.547+00:00,A_sell_B_buy,-13.5588,-19.4588,4466.4,4466.5,145.2903,0.6701,4472.39,4472.46,0.5259,0.0087,0.0000062500,0.0008000000,1963.1,0.1
2026-09-04T11:37:16.547+00:00,B_sell_A_buy,13.1784,7.2784,4466.4,4466.5,145.2903,0.6701,4472.39,4472.46,0.5259,0.0087,0.0000062500,0.0008000000,1963.1,0.1
2026-09-04T11:37:17.896+00:00,A_sell_B_buy,-14.0284,-19.9284,4466.4,4466.5,143.2903,0.6701,4472.39,4472.67,0.5259,0.9276,0.0000062500,0.0008000000,0.1,195.5
2026-09-04T11:37:17.896+00:00,B_sell_A_buy,13.1782,7.2782,4466.4,4466.5,143.2903,0.6701,4472.39,4472.67,0.5259,0.9276,0.0000062500,0.0008000000,0.1,195.5
2026-09-04T11:37:19.285+00:00,A_sell_B_buy,-14.0508,-19.9508,4466.4,4466.5,143.2903,0.6701,4472.39,4472.68,0.5259,3.2354,0.0000062500,0.0008000000,1389.0,0.1
2026-09-04T11:37:19.285+00:00,B_sell_A_buy,13.1782,7.2782,4466.4,4466.5,143.2903,0.6701,4472.39,4472.68,0.5259,3.2354,0.0000062500,0.0008000000,1389.0,0.1
2026-09-04T11:37:21.050+00:00,A_sell_B_buy,-13.8942,-19.7942,4466.4,4466.5,145.6634,0.6701,4472.39,4472.61,0.5259,0.0084,0.0000062500,0.0008000000,1186.0,0.1
2026-09-04T11:37:21.050+00:00,B_sell_A_buy,13.1783,7.2783,4466.4,4466.5,145.6634,0.6701,4472.39,4472.61,0.5259,0.0084,0.0000062500,0.0008000000,1186.0,0.1
2026-09-04T11:37:23.515+00:00,A_sell_B_buy,-13.8943,-19.7943,4466.4,4466.5,145.2903,0.6701,4472.28,4472.61,0.1638,0.0084,0.0000062500,0.0008000000,1897.9,0.1
2026-09-04T11:37:23.515+00:00,B_sell_A_buy,12.9322,7.0322,4466.4,4466.5,145.2903,0.6701,4472.28,4472.61,0.1638,0.0084,0.0000062500,0.0008000000,1897.9,0.1
2026-09-04T11:37:24.864+00:00,A_sell_B_buy,-14.0509,-19.9509,4466.4,4466.5,142.7903,0.6701,4472.28,4472.68,2.2944,3.2354,0.0000062500,0.0008000000,1165.0,0.1
2026-09-04T11:37:24.864+00:00,B_sell_A_buy,12.9322,7.0322,4466.4,4466.5,142.7903,0.6701,4472.28,4472.68,2.2944,3.2354,0.0000062500,0.0008000000,1165.0,0.1
2026-09-04T11:37:36.019+00:00,A_sell_B_buy,-14.0285,-19.9285,4466.4,4466.5,142.7903,0.6458,4472.28,4472.67,2.7021,0.0023,0.0000062500,0.0008000000,0.1,23.1
2026-09-04T11:37:36.019+00:00,B_sell_A_buy,12.9322,7.0322,4466.4,4466.5,142.7903,0.6458,4472.28,4472.67,2.7021,0.0023,0.0000062500,0.0008000000,0.1,23.1
2026-09-04T11:37:40.029+00:00,A_sell_B_buy,-14.0509,-19.9509,4466.4,4466.5,140.7903,0.6458,4472.29,4472.68,0.1118,3.0539,0.0000062500,0.0008000000,0.1,448.0
2026-09-04T11:37:40.029+00:00,B_sell_A_buy,12.9546,7.0546,4466.4,4466.5,140.7903,0.6458,4472.29,4472.68,0.1118,3.0539,0.0000062500,0.0008000000,0.1,448.0
2026-09-04T11:37:41.961+00:00,A_sell_B_buy,-14.0508,-19.9508,4466.4,4466.5,142.7903,0.6458,4472.42,4472.68,1.17,3.0539,0.0000062500,0.0008000000,1496.4,0.1
2026-09-04T11:37:41.961+00:00,B_sell_A_buy,13.2453,7.3453,4466.4,4466.5,142.7903,0.6458,4472.42,4472.68,1.17,3.0539,0.0000062500,0.0008000000,1496.4,0.1
2026-09-04T11:37:43.675+00:00,A_sell_B_buy,-14.6769,-20.5769,4466.4,4466.5,143.5103,0.6458,4472.55,4472.96,0.1118,0.0164,0.0000062500,0.0008000000,0.0,3.6
2026-09-04T11:37:43.675+00:00,B_sell_A_buy,13.5359,7.6359,4466.4,4466.5,143.5103,0.6458,4472.55,4472.96,0.1118,0.0164,0.0000062500,0.0008000000,0.0,3.6
2026-09-04T11:37:45.111+00:00,A_sell_B_buy,-14.4309,-20.3309,4466.4,4466.5,143.5103,0.6458,4472.55,4472.85,0.1118,0.0204,0.0000062500,0.0008000000,1436.6,0.1
2026-09-04T11:37:45.111+00:00,B_sell_A_buy,13.5360,7.6360,4466.4,4466.5,143.5103,0.6458,4472.55,4472.85,0.1118,0.0204,0.0000062500,0.0008000000,1436.6,0.1
2026-09-04T11:37:48.365+00:00,A_sell_B_buy,-14.4309,-20.3309,4466.4,4466.5,143.4376,0.6458,4472.55,4472.85,0.1118,1.0123,0.0000062500,0.0008000000,325.4,0.1
2026-09-04T11:37:48.365+00:00,B_sell_A_buy,13.5360,7.6360,4466.4,4466.5,143.4376,0.6458,4472.55,4472.85,0.1118,1.0123,0.0000062500,0.0008000000,325.4,0.1
2026-09-04T11:37:49.670+00:00,A_sell_B_buy,-14.6769,-20.5769,4466.4,4466.5,143.4376,0.6458,4472.57,4472.96,0.1118,0.0181,0.0000062500,0.0008000000,1630.5,0.1
2026-09-04T11:37:49.670+00:00,B_sell_A_buy,13.5806,7.6806,4466.4,4466.5,143.4376,0.6458,4472.57,4472.96,0.1118,0.0181,0.0000062500,0.0008000000,1630.5,0.1
2026-09-04T11:37:59.819+00:00,A_sell_B_buy,-14.6992,-20.5992,4466.4,4466.5,141.4376,0.6458,4472.71,4472.97,0.1118,2.3746,0.0000062500,0.0008000000,0.1,132.2
2026-09-04T11:37:59.819+00:00,B_sell_A_buy,13.8937,7.9937,4466.4,4466.5,141.4376,0.6458,4472.71,4472.97,0.1118,2.3746,0.0000062500,0.0008000000,0.1,132.2
2026-09-04T11:38:00.867+00:00,A_sell_B_buy,-14.6768,-20.5768,4466.4,4466.5,143.4376,0.6458,4472.71,4472.96,0.1118,1.0157,0.0000062500,0.0008000000,671.3,0.1
2026-09-04T11:38:00.867+00:00,B_sell_A_buy,13.8937,7.9937,4466.4,4466.5,143.4376,0.6458,4472.71,4472.96,0.1118,1.0157,0.0000062500,0.0008000000,671.3,0.1
2026-09-04T11:38:02.165+00:00,A_sell_B_buy,-14.6097,-20.5097,4466.4,4466.5,143.4376,0.6458,4472.71,4472.93,1.1154,0.1351,0.0000062500,0.0008000000,1968.7,0.1
2026-09-04T11:38:02.165+00:00,B_sell_A_buy,13.8938,7.9938,4466.4,4466.5,143.4376,0.6458,4472.71,4472.93,1.1154,0.1351,0.0000062500,0.0008000000,1968.7,0.1
2026-09-04T11:38:06.108+00:00,A_sell_B_buy,-14.6992,-20.5992,4466.4,4466.5,143.4376,0.6283,4472.71,4472.97,1.1154,2.233,0.0000062500,0.0008000000,69.9,0.1
2026-09-04T11:38:06.108+00:00,B_sell_A_buy,13.8937,7.9937,4466.4,4466.5,143.4376,0.6283,4472.71,4472.97,1.1154,2.233,0.0000062500,0.0008000000,69.9,0.1
2026-09-04T11:38:07.841+00:00,A_sell_B_buy,-14.3637,-20.2637,4466.4,4466.5,143.4376,0.6283,4472.71,4472.82,1.1154,0.082,0.0000062500,0.0008000000,1803.3,0.1
2026-09-04T11:38:07.841+00:00,B_sell_A_buy,13.8938,7.9938,4466.4,4466.5,143.4376,0.6283,4472.71,4472.82,1.1154,0.082,0.0000062500,0.0008000000,1803.3,0.1
2026-09-04T11:38:11.156+00:00,A_sell_B_buy,-14.1401,-20.0401,4466.4,4466.5,143.0033,1.0293,4472.55,4472.72,1.1154,3.2354,0.0000062500,0.0008000000,0.1,297.3
2026-09-04T11:38:11.156+00:00,B_sell_A_buy,13.5361,7.6361,4466.4,4466.5,143.0033,1.0293,4472.55,4472.72,1.1154,3.2354,0.0000062500,0.0008000000,0.1,297.3
2026-09-04T11:38:12.183+00:00,A_sell_B_buy,-13.8941,-19.7941,4466.4,4466.5,138.9249,1.2699,4472.55,4472.61,1.1154,0.1434,0.0000062500,0.0008000000,313.4,0.1
2026-09-04T11:38:12.183+00:00,B_sell_A_buy,13.5361,7.6361,4466.4,4466.5,138.9249,1.2699,4472.55,4472.61,1.1154,0.1434,0.0000062500,0.0008000000,313.4,0.1
2026-09-04T11:38:13.447+00:00,A_sell_B_buy,-14.1401,-20.0401,4466.4,4466.5,136.7642,1.2699,4472.55,4472.72,1.1154,3.2354,0.0000062500,0.0008000000,379.4,0.1
2026-09-04T11:38:13.447+00:00,B_sell_A_buy,13.5361,7.6361,4466.4,4466.5,136.7642,1.2699,4472.55,4472.72,1.1154,3.2354,0.0000062500,0.0008000000,379.4,0.1
2026-09-04T11:38:14.658+00:00,A_sell_B_buy,-14.1401,-20.0401,4466.4,4466.5,140.0034,0.6283,4472.6,4472.72,0.1118,0.2274,0.0000062500,0.0008000000,538.7,0.1
2026-09-04T11:38:14.658+00:00,B_sell_A_buy,13.6479,7.7479,4466.4,4466.5,140.0034,0.6283,4472.6,4472.72,0.1118,0.2274,0.0000062500,0.0008000000,538.7,0.1
2026-09-04T11:38:15.701+00:00,A_sell_B_buy,-14.5650,-20.4650,4466.4,4466.5,140.0034,0.6283,4472.68,4472.91,1.3765,0.017,0.0000062500,0.0008000000,1581.4,0.1
2026-09-04T11:38:15.701+00:00,B_sell_A_buy,13.8267,7.9267,4466.4,4466.5,140.0034,0.6283,4472.68,4472.91,1.3765,0.017,0.0000062500,0.0008000000,1581.4,0.1
2026-09-04T11:38:16.728+00:00,A_sell_B_buy,-15.1910,-21.0910,4466.4,4466.5,205.798,0.6283,4472.96,4473.19,2.3222,0.0171,0.0000062500,0.0008000000,360.9,0.1
2026-09-04T11:38:16.728+00:00,B_sell_A_buy,14.4527,8.5527,4466.4,4466.5,205.798,0.6283,4472.96,4473.19,2.3222,0.0171,0.0000062500,0.0008000000,360.9,0.1
2026-09-04T11:38:17.774+00:00,A_sell_B_buy,-15.5486,-21.4486,4466.4,4466.5,209.5907,0.6283,4473.12,4473.35,0.2652,0.0208,0.0000062500,0.0008000000,890.5,0.1
2026-09-04T11:38:17.774+00:00,B_sell_A_buy,14.8104,8.9104,4466.4,4466.5,209.5907,0.6283,4473.12,4473.35,0.2652,0.0208,0.0000062500,0.0008000000,890.5,0.1
2026-09-04T11:38:18.957+00:00,A_sell_B_buy,-15.5486,-21.4486,4466.4,4466.5,214.0303,0.6283,4473.12,4473.35,0.5081,0.0208,0.0000062500,0.0008000000,373.5,0.1
2026-09-04T11:38:18.957+00:00,B_sell_A_buy,14.8104,8.9104,4466.4,4466.5,214.0303,0.6283,4473.12,4473.35,0.5081,0.0208,0.0000062500,0.0008000000,373.5,0.1
2026-09-04T11:38:20.044+00:00,A_sell_B_buy,-15.6381,-21.5381,4466.4,4466.5,218.41,0.6283,4473.13,4473.39,0.523,0.0207,0.0000062500,0.0008000000,510.1,0.1
2026-09-04T11:38:20.044+00:00,B_sell_A_buy,14.8327,8.9327,4466.4,4466.5,218.41,0.6283,4473.13,4473.39,0.523,0.0207,0.0000062500,0.0008000000,510.1,0.1
2026-09-04T11:38:21.173+00:00,A_sell_B_buy,-15.6605,-21.5605,4466.4,4466.5,218.41,0.6283,4473.13,4473.4,0.523,0.0206,0.0000062500,0.0008000000,1638.7,0.1
2026-09-04T11:38:21.173+00:00,B_sell_A_buy,14.8327,8.9327,4466.4,4466.5,218.41,0.6283,4473.13,4473.4,0.523,0.0206,0.0000062500,0.0008000000,1638.7,0.1
2026-09-04T11:38:22.311+00:00,A_sell_B_buy,-15.6605,-21.5605,4466.4,4466.5,223.6,0.6283,4473.13,4473.4,0.1118,0.0206,0.0000062500,0.0008000000,381.7,0.1
2026-09-04T11:38:22.311+00:00,B_sell_A_buy,14.8327,8.9327,4466.4,4466.5,223.6,0.6283,4473.13,4473.4,0.1118,0.0206,0.0000062500,0.0008000000,381.7,0.1
2026-09-04T11:38:23.322+00:00,A_sell_B_buy,-15.6828,-21.5828,4466.4,4466.5,214.8406,0.6283,4473.13,4473.41,0.3772,0.0203,0.0000062500,0.0008000000,463.3,0.1
2026-09-04T11:38:23.322+00:00,B_sell_A_buy,14.8327,8.9327,4466.4,4466.5,214.8406,0.6283,4473.13,4473.41,0.3772,0.0203,0.0000062500,0.0008000000,463.3,0.1
2026-09-04T11:38:24.731+00:00,A_sell_B_buy,-15.9064,-21.8064,4466.4,4466.5,223.6,0.6283,4473.13,4473.51,0.2654,0.0206,0.0000062500,0.0008000000,704.7,0.1
2026-09-04T11:38:24.731+00:00,B_sell_A_buy,14.8326,8.9326,4466.4,4466.5,223.6,0.6283,4473.13,4473.51,0.2654,0.0206,0.0000062500,0.0008000000,704.7,0.1
2026-09-04T11:38:25.938+00:00,A_sell_B_buy,-16.1969,-22.0969,4466.4,4466.5,230.3196,0.1283,4473.46,4473.64,0.0085,0.0465,0.0000062500,0.0008000000,324.9,0.1
2026-09-04T11:38:25.938+00:00,B_sell_A_buy,15.5705,9.6705,4466.4,4466.5,230.3196,0.1283,4473.46,4473.64,0.0085,0.0465,0.0000062500,0.0008000000,324.9,0.1
2026-09-04T11:38:27.016+00:00,A_sell_B_buy,-14.6740,-20.5740,4467.2,4467.3,10.6128,1.2,4473.65,4473.76,1.3317,0.1118,0.0000062500,0.0008000000,0.1,298.9
2026-09-04T11:38:27.016+00:00,B_sell_A_buy,14.2043,8.3043,4467.2,4467.3,10.6128,1.2,4473.65,4473.76,1.3317,0.1118,0.0000062500,0.0008000000,0.1,298.9
2026-09-04T11:38:28.057+00:00,A_sell_B_buy,-14.8298,-20.7298,4467.5,4467.6,2.7055,0.7111,4473.71,4474.13,1.0256,0.1118,0.0000062500,0.0008000000,0.0,85.3
2026-09-04T11:38:28.057+00:00,B_sell_A_buy,13.6667,7.7667,4467.5,4467.6,2.7055,0.7111,4473.71,4474.13,1.0256,0.1118,0.0000062500,0.0008000000,0.0,85.3
2026-09-04T11:38:29.098+00:00,A_sell_B_buy,-14.3820,-20.2820,4467.7,4467.8,94.2828,1.0,4473.85,4474.13,0.8149,0.1118,0.0000062500,0.0008000000,0.1,467.9
2026-09-04T11:38:29.098+00:00,B_sell_A_buy,13.5320,7.6320,4467.7,4467.8,94.2828,1.0,4473.85,4474.13,0.8149,0.1118,0.0000062500,0.0008000000,0.1,467.9
2026-09-04T11:38:30.161+00:00,A_sell_B_buy,-14.1361,-20.0361,4467.7,4467.8,102.4625,1.4105,4473.76,4474.02,2.0895,1.1529,0.0000062500,0.0008000000,0.1,141.2
2026-09-04T11:38:30.161+00:00,B_sell_A_buy,13.3309,7.4309,4467.7,4467.8,102.4625,1.4105,4473.76,4474.02,2.0895,1.1529,0.0000062500,0.0008000000,0.1,141.2
2026-09-04T11:38:31.478+00:00,A_sell_B_buy,-14.1584,-20.0584,4467.7,4467.8,102.4625,2.5523,4473.87,4474.03,1.0036,0.1118,0.0000062500,0.0008000000,1260.8,0.1
2026-09-04T11:38:31.478+00:00,B_sell_A_buy,13.5768,7.6768,4467.7,4467.8,102.4625,2.5523,4473.87,4474.03,1.0036,0.1118,0.0000062500,0.0008000000,1260.8,0.1
2026-09-04T11:38:33.317+00:00,A_sell_B_buy,-14.1584,-20.0584,4467.7,4467.8,102.4625,2.306,4473.89,4474.03,1.0036,0.1094,0.0000062500,0.0008000000,0.1,67.4
2026-09-04T11:38:33.317+00:00,B_sell_A_buy,13.6216,7.7216,4467.7,4467.8,102.4625,2.306,4473.89,4474.03,1.0036,0.1094,0.0000062500,0.0008000000,0.1,67.4
2026-09-04T11:38:36.119+00:00,A_sell_B_buy,-14.2254,-20.1254,4467.7,4467.8,102.7601,2.2911,4473.95,4474.06,1.0036,0.1094,0.0000062500,0.0008000000,0.0,15.4
2026-09-04T11:38:36.119+00:00,B_sell_A_buy,13.7557,7.8557,4467.7,4467.8,102.7601,2.2911,4473.95,4474.06,1.0036,0.1094,0.0000062500,0.0008000000,0.0,15.4
2026-09-04T11:38:37.129+00:00,A_sell_B_buy,-14.2254,-20.1254,4467.7,4467.8,102.7601,2.2884,4473.95,4474.06,1.0036,0.1094,0.0000062500,0.0008000000,0.1,1025.7
2026-09-04T11:38:37.129+00:00,B_sell_A_buy,13.7557,7.8557,4467.7,4467.8,102.7601,2.2884,4473.95,4474.06,1.0036,0.1094,0.0000062500,0.0008000000,0.1,1025.7
2026-09-04T11:38:38.149+00:00,A_sell_B_buy,-14.3366,-20.2366,4467.9,4468.0,2.2057,9.8,4474.09,4474.31,1.0036,0.1094,0.0000062500,0.0008000000,0.1,49.4
2026-09-04T11:38:38.149+00:00,B_sell_A_buy,13.6209,7.7209,4467.9,4468.0,2.2057,9.8,4474.09,4474.31,1.0036,0.1094,0.0000062500,0.0008000000,0.1,49.4
2026-09-04T11:38:39.655+00:00,A_sell_B_buy,-14.3366,-20.2366,4467.9,4468.0,140.3203,10.6955,4474.09,4474.31,1.0036,0.1094,0.0000062500,0.0008000000,654.4,0.1
2026-09-04T11:38:39.655+00:00,B_sell_A_buy,13.6209,7.7209,4467.9,4468.0,140.3203,10.6955,4474.09,4474.31,1.0036,0.1094,0.0000062500,0.0008000000,654.4,0.1
2026-09-04T11:38:40.664+00:00,A_sell_B_buy,-14.3811,-20.2811,4467.9,4468.0,140.3203,8.3,4474.3,4474.33,0.2428,0.1094,0.0000062500,0.0008000000,144.2,0.1
2026-09-04T11:38:40.664+00:00,B_sell_A_buy,14.0904,8.1904,4467.9,4468.0,140.3203,8.3,4474.3,4474.33,0.2428,0.1094,0.0000062500,0.0008000000,144.2,0.1
2026-09-04T11:38:42.289+00:00,A_sell_B_buy,-14.3813,-20.2813,4467.9,4468.0,140.3203,8.3,4474.16,4474.33,0.5217,0.1094,0.0000062500,0.0008000000,1768.1,0.1
2026-09-04T11:38:42.289+00:00,B_sell_A_buy,13.7774,7.8774,4467.9,4468.0,140.3203,8.3,4474.16,4474.33,0.5217,0.1094,0.0000062500,0.0008000000,1768.1,0.1
2026-09-04T11:38:43.662+00:00,A_sell_B_buy,-14.3812,-20.2812,4467.9,4468.0,140.2756,8.3,4474.18,4474.33,1.025,0.1094,0.0000062500,0.0008000000,509.3,0.1
2026-09-04T11:38:43.662+00:00,B_sell_A_buy,13.8221,7.9221,4467.9,4468.0,140.2756,8.3,4474.18,4474.33,1.025,0.1094,0.0000062500,0.0008000000,509.3,0.1
2026-09-04T11:38:44.860+00:00,A_sell_B_buy,-14.3812,-20.2812,4467.9,4468.0,140.2756,8.3,4474.18,4474.33,1.0036,0.1094,0.0000062500,0.0008000000,1707.2,0.1
2026-09-04T11:38:44.860+00:00,B_sell_A_buy,13.8221,7.9221,4467.9,4468.0,140.2756,8.3,4474.18,4474.33,1.0036,0.1094,0.0000062500,0.0008000000,1707.2,0.1
2026-09-04T11:38:46.032+00:00,A_sell_B_buy,-14.3812,-20.2812,4467.9,4468.0,140.2756,8.2901,4474.18,4474.33,1.0036,0.1094,0.0000062500,0.0008000000,0.1,1172.1
2026-09-04T11:38:46.032+00:00,B_sell_A_buy,13.8221,7.9221,4467.9,4468.0,140.2756,8.2901,4474.18,4474.33,1.0036,0.1094,0.0000062500,0.0008000000,0.1,1172.1
2026-09-04T11:38:57.972+00:00,A_sell_B_buy,-14.3813,-20.2813,4467.9,4468.0,140.955,9.1856,4474.1,4474.33,5.7235,0.1094,0.0000062500,0.0008000000,0.1,154.9
2026-09-04T11:38:57.972+00:00,B_sell_A_buy,13.6432,7.7432,4467.9,4468.0,140.955,9.1856,4474.1,4474.33,5.7235,0.1094,0.0000062500,0.0008000000,0.1,154.9
2026-09-04T11:38:59.081+00:00,A_sell_B_buy,-14.3812,-20.2812,4467.9,4468.0,140.955,9.1856,4474.24,4474.33,1.0249,0.1094,0.0000062500,0.0008000000,1109.6,0.1
2026-09-04T11:38:59.081+00:00,B_sell_A_buy,13.9562,8.0562,4467.9,4468.0,140.955,9.1856,4474.24,4474.33,1.0249,0.1094,0.0000062500,0.0008000000,1109.6,0.1
2026-09-04T11:39:01.753+00:00,A_sell_B_buy,-14.3812,-20.2812,4467.9,4468.0,140.955,9.8189,4474.24,4474.33,1.0036,0.107,0.0000062500,0.0008000000,2.4,0.1
2026-09-04T11:39:01.753+00:00,B_sell_A_buy,13.9562,8.0562,4467.9,4468.0,140.955,9.8189,4474.24,4474.33,1.0036,0.107,0.0000062500,0.0008000000,2.4,0.1
2026-09-04T11:39:02.766+00:00,A_sell_B_buy,-14.0237,-19.9237,4467.9,4468.0,140.955,9.5814,4473.98,4474.17,0.0048,1.0945,0.0000062500,0.0008000000,278.0,0.0
2026-09-04T11:39:02.766+00:00,B_sell_A_buy,13.3750,7.4750,4467.9,4468.0,140.955,9.5814,4473.98,4474.17,0.0048,1.0945,0.0000062500,0.0008000000,278.0,0.0
2026-09-04T11:39:03.902+00:00,A_sell_B_buy,-13.4202,-19.3202,4467.9,4468.0,127.5495,26.1229,4473.65,4473.9,0.0048,0.2435,0.0000062500,0.0008000000,240.5,0.1
2026-09-04T11:39:03.902+00:00,B_sell_A_buy,12.6374,6.7374,4467.9,4468.0,127.5495,26.1229,4473.65,4473.9,0.0048,0.2435,0.0000062500,0.0008000000,240.5,0.1
2026-09-04T11:39:05.447+00:00,A_sell_B_buy,-13.3755,-19.2755,4467.9,4468.0,127.9225,30.3453,4473.71,4473.88,1.0036,0.107,0.0000062500,0.0008000000,0.1,847.5
2026-09-04T11:39:05.447+00:00,B_sell_A_buy,12.7716,6.8716,4467.9,4468.0,127.9225,30.3453,4473.71,4473.88,1.0036,0.107,0.0000062500,0.0008000000,0.1,847.5
2026-09-04T11:39:09.837+00:00,A_sell_B_buy,-13.1742,-19.0742,4467.9,4468.0,129.713,23.6313,4473.74,4473.79,1.0036,0.107,0.0000062500,0.0008000000,0.1,837.5
2026-09-04T11:39:09.837+00:00,B_sell_A_buy,12.8387,6.9387,4467.9,4468.0,129.713,23.6313,4473.74,4473.79,1.0036,0.107,0.0000062500,0.0008000000,0.1,837.5
2026-09-04T11:39:11.650+00:00,A_sell_B_buy,-13.5767,-19.4767,4467.9,4468.0,129.713,23.6313,4473.74,4473.97,1.0036,0.0244,0.0000062500,0.0008000000,140.6,0.1
2026-09-04T11:39:11.650+00:00,B_sell_A_buy,12.8386,6.9386,4467.9,4468.0,129.713,23.6313,4473.74,4473.97,1.0036,0.0244,0.0000062500,0.0008000000,140.6,0.1
2026-09-04T11:39:12.694+00:00,A_sell_B_buy,-13.8673,-19.7673,4467.9,4468.0,131.7392,10.6971,4473.85,4474.1,1.3433,0.107,0.0000062500,0.0008000000,157.2,0.0
2026-09-04T11:39:12.694+00:00,B_sell_A_buy,13.0844,7.1844,4467.9,4468.0,131.7392,10.6971,4473.85,4474.1,1.3433,0.107,0.0000062500,0.0008000000,157.2,0.0
2026-09-04T11:39:13.764+00:00,A_sell_B_buy,-14.4484,-20.3484,4467.9,4468.0,137.9596,10.0644,4474.09,4474.36,0.1118,0.5635,0.0000062500,0.0008000000,673.1,0.1
2026-09-04T11:39:13.764+00:00,B_sell_A_buy,13.6208,7.7208,4467.9,4468.0,137.9596,10.0644,4474.09,4474.36,0.1118,0.5635,0.0000062500,0.0008000000,673.1,0.1
2026-09-04T11:39:15.174+00:00,A_sell_B_buy,-14.0907,-19.9907,4467.9,4468.0,134.9892,10.0644,4474.09,4474.2,0.1118,0.3225,0.0000062500,0.0008000000,1085.5,0.1
2026-09-04T11:39:15.174+00:00,B_sell_A_buy,13.6210,7.7210,4467.9,4468.0,134.9892,10.0644,4474.09,4474.2,0.1118,0.3225,0.0000062500,0.0008000000,1085.5,0.1
2026-09-04T11:39:16.316+00:00,A_sell_B_buy,-13.6213,-19.5213,4467.9,4468.0,130.3217,12.4981,4473.86,4473.99,0.1118,3.2354,0.0000062500,0.0008000000,0.1,323.9
2026-09-04T11:39:16.316+00:00,B_sell_A_buy,13.1069,7.2069,4467.9,4468.0,130.3217,12.4981,4473.86,4473.99,0.1118,3.2354,0.0000062500,0.0008000000,0.1,323.9
2026-09-04T11:39:17.325+00:00,A_sell_B_buy,-13.6213,-19.5213,4467.9,4468.0,132.1122,19.1954,4473.89,4473.99,1.0036,3.2354,0.0000062500,0.0008000000,617.8,0.1
2026-09-04T11:39:17.325+00:00,B_sell_A_buy,13.1739,7.2739,4467.9,4468.0,132.1122,19.1954,4473.89,4473.99,1.0036,3.2354,0.0000062500,0.0008000000,617.8,0.1
2026-09-04T11:39:18.355+00:00,A_sell_B_buy,-13.6213,-19.5213,4467.9,4468.0,132.1122,12.4981,4473.89,4473.99,1.0036,3.2354,0.0000062500,0.0008000000,943.7,0.1
2026-09-04T11:39:18.355+00:00,B_sell_A_buy,13.1739,7.2739,4467.9,4468.0,132.1122,12.4981,4473.89,4473.99,1.0036,3.2354,0.0000062500,0.0008000000,943.7,0.1
2026-09-04T11:39:19.715+00:00,A_sell_B_buy,-13.6213,-19.5213,4467.9,4468.0,132.1122,12.4981,4473.89,4473.99,1.0036,3.2354,0.0000062500,0.0008000000,842.8,0.1
2026-09-04T11:39:19.715+00:00,B_sell_A_buy,13.1739,7.2739,4467.9,4468.0,132.1122,12.4981,4473.89,4473.99,1.0036,3.2354,0.0000062500,0.0008000000,842.8,0.1
2026-09-04T11:39:20.898+00:00,A_sell_B_buy,-13.6213,-19.5213,4467.9,4468.0,131.777,12.4981,4473.89,4473.99,1.0036,3.2354,0.0000062500,0.0008000000,0.1,1183.9
2026-09-04T11:39:20.898+00:00,B_sell_A_buy,13.1739,7.2739,4467.9,4468.0,131.777,12.4981,4473.89,4473.99,1.0036,3.2354,0.0000062500,0.0008000000,0.1,1183.9
2026-09-04T11:39:22.766+00:00,A_sell_B_buy,-13.6213,-19.5213,4467.9,4468.0,131.777,19.1954,4473.89,4473.99,1.0036,3.2354,0.0000062500,0.0008000000,1135.5,0.1
2026-09-04T11:39:22.766+00:00,B_sell_A_buy,13.1739,7.2739,4467.9,4468.0,131.777,19.1954,4473.89,4473.99,1.0036,3.2354,0.0000062500,0.0008000000,1135.5,0.1
2026-09-04T11:39:26.198+00:00,A_sell_B_buy,-13.2413,-19.1413,4467.9,4468.0,131.404,12.4981,4473.68,4473.82,0.7672,0.0129,0.0000062500,0.0008000000,0.0,6.9
2026-09-04T11:39:26.198+00:00,B_sell_A_buy,12.7045,6.8045,4467.9,4468.0,131.404,12.4981,4473.68,4473.82,0.7672,0.0129,0.0000062500,0.0008000000,0.0,6.9
2026-09-04T11:39:27.484+00:00,A_sell_B_buy,-13.5767,-19.4767,4467.9,4468.0,131.777,15.8553,4473.68,4473.97,0.7871,0.0161,0.0000062500,0.0008000000,0.1,366.7
2026-09-04T11:39:27.484+00:00,B_sell_A_buy,12.7044,6.8044,4467.9,4468.0,131.777,15.8553,4473.68,4473.97,0.7871,0.0161,0.0000062500,0.0008000000,0.1,366.7
2026-09-04T11:39:28.791+00:00,A_sell_B_buy,-13.4873,-19.3873,4467.9,4468.0,131.777,15.8553,4473.7,4473.93,1.0036,0.0201,0.0000062500,0.0008000000,1308.4,0.1
2026-09-04T11:39:28.791+00:00,B_sell_A_buy,12.7492,6.8492,4467.9,4468.0,131.777,15.8553,4473.7,4473.93,1.0036,0.0201,0.0000062500,0.0008000000,1308.4,0.1
2026-09-04T11:39:29.877+00:00,A_sell_B_buy,-13.4873,-19.3873,4467.9,4468.0,131.404,22.5526,4473.7,4473.93,1.0036,0.0218,0.0000062500,0.0008000000,736.2,0.1
2026-09-04T11:39:29.877+00:00,B_sell_A_buy,12.7492,6.8492,4467.9,4468.0,131.404,22.5526,4473.7,4473.93,1.0036,0.0218,0.0000062500,0.0008000000,736.2,0.1
2026-09-04T11:39:31.048+00:00,A_sell_B_buy,-13.4426,-19.3426,4467.9,4468.0,129.6135,15.8553,4473.7,4473.91,1.0036,1.2333,0.0000062500,0.0008000000,0.1,472.7
2026-09-04T11:39:31.048+00:00,B_sell_A_buy,12.7492,6.8492,4467.9,4468.0,129.6135,15.8553,4473.7,4473.91,1.0036,1.2333,0.0000062500,0.0008000000,0.1,472.7
2026-09-04T11:39:32.386+00:00,A_sell_B_buy,-13.4425,-19.3425,4467.9,4468.0,131.404,22.5526,4473.71,4473.91,0.1118,1.2309,0.0000062500,0.0008000000,879.0,0.1
2026-09-04T11:39:32.386+00:00,B_sell_A_buy,12.7715,6.8715,4467.9,4468.0,131.404,22.5526,4473.71,4473.91,0.1118,1.2309,0.0000062500,0.0008000000,879.0,0.1
2026-09-04T11:39:33.397+00:00,A_sell_B_buy,-13.1519,-19.0519,4467.9,4468.0,84.407,25.7419,4473.72,4473.78,1.0036,0.6127,0.0000062500,0.0008000000,0.0,181.0
2026-09-04T11:39:33.397+00:00,B_sell_A_buy,12.7940,6.8940,4467.9,4468.0,84.407,25.7419,4473.72,4473.78,1.0036,0.6127,0.0000062500,0.0008000000,0.0,181.0
2026-09-04T11:39:34.398+00:00,A_sell_B_buy,-12.4816,-18.3816,4467.9,4468.0,23.6737,32.1341,4472.92,4473.48,0.1118,0.347,0.0000062500,0.0008000000,15.1,0.0
2026-09-04T11:39:34.398+00:00,B_sell_A_buy,11.0053,5.1053,4467.9,4468.0,23.6737,32.1341,4472.92,4473.48,0.1118,0.347,0.0000062500,0.0008000000,15.1,0.0
2026-09-04T11:39:35.436+00:00,A_sell_B_buy,-11.9896,-17.8896,4467.9,4468.0,22.9943,35.2374,4473.04,4473.26,0.1118,1.2354,0.0000062500,0.0008000000,881.6,0.1
2026-09-04T11:39:35.436+00:00,B_sell_A_buy,11.2738,5.3738,4467.9,4468.0,22.9943,35.2374,4473.04,4473.26,0.1118,1.2354,0.0000062500,0.0008000000,881.6,0.1
2026-09-04T11:39:37.223+00:00,A_sell_B_buy,-11.9672,-17.8672,4467.9,4468.0,22.6052,39.5042,4473.09,4473.25,1.0036,0.2215,0.0000062500,0.0008000000,0.1,1065.4
2026-09-04T11:39:37.223+00:00,B_sell_A_buy,11.3856,5.4856,4467.9,4468.0,22.6052,39.5042,4473.09,4473.25,1.0036,0.2215,0.0000062500,0.0008000000,0.1,1065.4
2026-09-04T11:39:38.383+00:00,A_sell_B_buy,-11.9672,-17.8672,4467.9,4468.0,0.2238,39.5042,4473.09,4473.25,1.0036,0.2215,0.0000062500,0.0008000000,517.8,0.1
2026-09-04T11:39:38.383+00:00,B_sell_A_buy,11.3856,5.4856,4467.9,4468.0,0.2238,39.5042,4473.09,4473.25,1.0036,0.2215,0.0000062500,0.0008000000,517.8,0.1
2026-09-04T11:39:41.758+00:00,A_sell_B_buy,-10.8940,-16.7940,4467.9,4468.0,0.2238,39.6358,4472.68,4472.77,0.6808,0.3282,0.0000062500,0.0008000000,0.1,180.3
2026-09-04T11:39:41.758+00:00,B_sell_A_buy,10.4690,4.5690,4467.9,4468.0,0.2238,39.6358,4472.68,4472.77,0.6808,0.3282,0.0000062500,0.0008000000,0.1,180.3
2026-09-04T11:39:43.460+00:00,A_sell_B_buy,-10.8717,-16.7717,4467.9,4468.0,0.2238,39.6358,4472.61,4472.76,0.1118,3.2354,0.0000062500,0.0008000000,1702.6,0.1
2026-09-04T11:39:43.460+00:00,B_sell_A_buy,10.3125,4.4125,4467.9,4468.0,0.2238,39.6358,4472.61,4472.76,0.1118,3.2354,0.0000062500,0.0008000000,1702.6,0.1
2026-09-04T11:39:44.527+00:00,A_sell_B_buy,-10.8717,-16.7717,4467.9,4468.0,0.2238,39.2668,4472.61,4472.76,0.1118,3.2354,0.0000062500,0.0008000000,0.1,1066.6
2026-09-04T11:39:44.527+00:00,B_sell_A_buy,10.3125,4.4125,4467.9,4468.0,0.2238,39.2668,4472.61,4472.76,0.1118,3.2354,0.0000062500,0.0008000000,0.1,1066.6
2026-09-04T11:39:45.857+00:00,A_sell_B_buy,-10.7823,-16.6823,4467.9,4468.0,0.2238,39.2668,4472.6,4472.72,1.0036,0.3723,0.0000062500,0.0008000000,1329.8,0.1
2026-09-04T11:39:45.857+00:00,B_sell_A_buy,10.2901,4.3901,4467.9,4468.0,0.2238,39.2668,4472.6,4472.72,1.0036,0.3723,0.0000062500,0.0008000000,1329.8,0.1
2026-09-04T11:39:47.065+00:00,A_sell_B_buy,-12.0343,-17.9343,4467.9,4468.0,22.6047,32.6336,4473.08,4473.28,0.1118,3.0823,0.0000062500,0.0008000000,0.1,581.0
2026-09-04T11:39:47.065+00:00,B_sell_A_buy,11.3632,5.4632,4467.9,4468.0,22.6047,32.6336,4473.08,4473.28,0.1118,3.0823,0.0000062500,0.0008000000,0.1,581.0
2026-09-04T11:39:48.247+00:00,A_sell_B_buy,-12.1684,-18.0684,4467.9,4468.0,22.6047,36.1148,4473.08,4473.34,0.1118,3.2354,0.0000062500,0.0008000000,1182.5,0.1
2026-09-04T11:39:48.247+00:00,B_sell_A_buy,11.3632,5.4632,4467.9,4468.0,22.6047,36.1148,4473.08,4473.34,0.1118,3.2354,0.0000062500,0.0008000000,1182.5,0.1
2026-09-04T11:39:49.321+00:00,A_sell_B_buy,-12.1014,-18.0014,4467.9,4468.0,22.6047,36.7116,4473.08,4473.31,0.1118,0.0252,0.0000062500,0.0008000000,334.7,0.1
2026-09-04T11:39:49.321+00:00,B_sell_A_buy,11.3632,5.4632,4467.9,4468.0,22.6047,36.7116,4473.08,4473.31,0.1118,0.0252,0.0000062500,0.0008000000,334.7,0.1
2026-09-04T11:39:50.359+00:00,A_sell_B_buy,-12.1014,-18.0014,4467.9,4468.0,22.6047,36.7116,4473.08,4473.31,0.1118,0.0225,0.0000062500,0.0008000000,1373.0,0.1
2026-09-04T11:39:50.359+00:00,B_sell_A_buy,11.3632,5.4632,4467.9,4468.0,22.6047,36.7116,4473.08,4473.31,0.1118,0.0225,0.0000062500,0.0008000000,1373.0,0.1
2026-09-04T11:39:53.495+00:00,A_sell_B_buy,-12.0566,-17.9566,4467.9,4468.0,0.2238,39.2782,4473.18,4473.29,1.0036,2.1118,0.0000062500,0.0008000000,0.1,562.1
2026-09-04T11:39:53.495+00:00,B_sell_A_buy,11.5868,5.6868,4467.9,4468.0,0.2238,39.2782,4473.18,4473.29,1.0036,2.1118,0.0000062500,0.0008000000,0.1,562.1
2026-09-04T11:39:55.019+00:00,A_sell_B_buy,-11.8329,-17.7329,4467.9,4468.0,0.2238,39.2782,4473.18,4473.19,1.0036,0.5639,0.0000062500,0.0008000000,1523.6,0.1
2026-09-04T11:39:55.019+00:00,B_sell_A_buy,11.5869,5.6869,4467.9,4468.0,0.2238,39.2782,4473.18,4473.19,1.0036,0.5639,0.0000062500,0.0008000000,1523.6,0.1
2026-09-04T11:39:58.696+00:00,A_sell_B_buy,-11.7883,-17.6883,4467.9,4468.0,0.2238,38.9052,4473.07,4473.17,0.9478,0.1118,0.0000062500,0.0008000000,0.1,392.4
2026-09-04T11:39:58.696+00:00,B_sell_A_buy,11.3409,5.4409,4467.9,4468.0,0.2238,38.9052,4473.07,4473.17,0.9478,0.1118,0.0000062500,0.0008000000,0.1,392.4
2026-09-04T11:40:00.597+00:00,A_sell_B_buy,-11.7883,-17.6883,4467.9,4468.0,0.2238,38.9052,4473.07,4473.17,0.9694,0.1118,0.0000062500,0.0008000000,1900.7,0.1
2026-09-04T11:40:00.597+00:00,B_sell_A_buy,11.3409,5.4409,4467.9,4468.0,0.2238,38.9052,4473.07,4473.17,0.9694,0.1118,0.0000062500,0.0008000000,1900.7,0.1
2026-09-04T11:40:01.618+00:00,A_sell_B_buy,-12.8167,-18.7167,4467.9,4468.0,27.5772,23.8627,4473.35,4473.63,1.0036,0.1118,0.0000062500,0.0008000000,0.0,323.9
2026-09-04T11:40:01.618+00:00,B_sell_A_buy,11.9668,6.0668,4467.9,4468.0,27.5772,23.8627,4473.35,4473.63,1.0036,0.1118,0.0000062500,0.0008000000,0.0,323.9
2026-09-04T11:40:02.622+00:00,A_sell_B_buy,-12.6826,-18.5826,4467.9,4468.0,25.0437,24.0926,4473.35,4473.57,1.2521,0.1118,0.0000062500,0.0008000000,405.1,0.1
2026-09-04T11:40:02.622+00:00,B_sell_A_buy,11.9668,6.0668,4467.9,4468.0,25.0437,24.0926,4473.35,4473.57,1.2521,0.1118,0.0000062500,0.0008000000,405.1,0.1
2026-09-04T11:40:03.962+00:00,A_sell_B_buy,-12.6826,-18.5826,4467.9,4468.0,27.1676,25.8831,4473.35,4473.57,1.0845,0.1118,0.0000062500,0.0008000000,1217.6,0.1
2026-09-04T11:40:03.962+00:00,B_sell_A_buy,11.9668,6.0668,4467.9,4468.0,27.1676,25.8831,4473.35,4473.57,1.0845,0.1118,0.0000062500,0.0008000000,1217.6,0.1
2026-09-04T11:40:05.087+00:00,A_sell_B_buy,-12.6826,-18.5826,4467.9,4468.0,29.1676,25.8831,4473.35,4473.57,1.1065,0.1118,0.0000062500,0.0008000000,0.1,271.7
2026-09-04T11:40:05.087+00:00,B_sell_A_buy,11.9668,6.0668,4467.9,4468.0,29.1676,25.8831,4473.35,4473.57,1.1065,0.1118,0.0000062500,0.0008000000,0.1,271.7
2026-09-04T11:40:06.115+00:00,A_sell_B_buy,-12.6826,-18.5826,4467.9,4468.0,31.1676,25.8632,4473.36,4473.57,0.2597,0.1118,0.0000062500,0.0008000000,36.6,0.1
2026-09-04T11:40:06.115+00:00,B_sell_A_buy,11.9892,6.0892,4467.9,4468.0,31.1676,25.8632,4473.36,4473.57,0.2597,0.1118,0.0000062500,0.0008000000,36.6,0.1
2026-09-04T11:40:07.456+00:00,A_sell_B_buy,-12.6825,-18.5825,4467.9,4468.0,29.1676,25.8632,4473.39,4473.57,3.2354,0.1118,0.0000062500,0.0008000000,649.1,0.1
2026-09-04T11:40:07.456+00:00,B_sell_A_buy,12.0562,6.1562,4467.9,4468.0,29.1676,25.8632,4473.39,4473.57,3.2354,0.1118,0.0000062500,0.0008000000,649.1,0.1
2026-09-04T11:40:08.492+00:00,A_sell_B_buy,-12.8836,-18.7836,4467.9,4468.0,41.0461,9.5291,4473.65,4473.66,3.2029,0.1118,0.0000062500,0.0008000000,0.1,360.9
2026-09-04T11:40:08.492+00:00,B_sell_A_buy,12.6376,6.7376,4467.9,4468.0,41.0461,9.5291,4473.65,4473.66,3.2029,0.1118,0.0000062500,0.0008000000,0.1,360.9
2026-09-04T11:40:10.055+00:00,A_sell_B_buy,-13.3531,-19.2531,4467.9,4468.0,38.7279,9.5291,4473.66,4473.87,0.1846,0.1118,0.0000062500,0.0008000000,0.1,1141.1
2026-09-04T11:40:10.055+00:00,B_sell_A_buy,12.6598,6.7598,4467.9,4468.0,38.7279,9.5291,4473.66,4473.87,0.1846,0.1118,0.0000062500,0.0008000000,0.1,1141.1
2026-09-04T11:40:11.859+00:00,A_sell_B_buy,-12.9954,-18.8954,4467.9,4468.0,41.1899,9.5291,4473.65,4473.71,3.2029,0.1118,0.0000062500,0.0008000000,1542.3,0.1
2026-09-04T11:40:11.859+00:00,B_sell_A_buy,12.6375,6.7375,4467.9,4468.0,41.1899,9.5291,4473.65,4473.71,3.2029,0.1118,0.0000062500,0.0008000000,1542.3,0.1
2026-09-04T11:40:13.034+00:00,A_sell_B_buy,-13.4424,-19.3424,4467.9,4468.0,85.5795,7.7381,4473.9,4473.91,0.0712,0.1118,0.0000062500,0.0008000000,0.1,439.7
2026-09-04T11:40:13.034+00:00,B_sell_A_buy,13.1964,7.2964,4467.9,4468.0,85.5795,7.7381,4473.9,4473.91,0.0712,0.1118,0.0000062500,0.0008000000,0.1,439.7
2026-09-04T11:40:15.016+00:00,A_sell_B_buy,-14.4483,-20.3483,4467.9,4468.0,91.1749,7.7381,4474.16,4474.36,1.6331,3.1684,0.0000062500,0.0008000000,1344.9,0.1
2026-09-04T11:40:15.016+00:00,B_sell_A_buy,13.7774,7.8774,4467.9,4468.0,91.1749,7.7381,4474.16,4474.36,1.6331,3.1684,0.0000062500,0.0008000000,1344.9,0.1
2026-09-04T11:40:16.051+00:00,A_sell_B_buy,-15.6108,-21.5108,4467.9,4468.0,92.7024,7.2381,4474.33,4474.88,1.0036,1.5508,0.0000062500,0.0008000000,183.1,0.1
2026-09-04T11:40:16.051+00:00,B_sell_A_buy,14.1570,8.2570,4467.9,4468.0,92.7024,7.2381,4474.33,4474.88,1.0036,1.5508,0.0000062500,0.0008000000,183.1,0.1
2026-09-04T11:40:17.061+00:00,A_sell_B_buy,-15.4764,-21.3764,4467.9,4468.0,159.846,6.4724,4474.55,4474.82,1.0036,0.6694,0.0000062500,0.0008000000,0.1,267.6
2026-09-04T11:40:17.061+00:00,B_sell_A_buy,14.6489,8.7489,4467.9,4468.0,159.846,6.4724,4474.55,4474.82,1.0036,0.6694,0.0000062500,0.0008000000,0.1,267.6
2026-09-04T11:40:18.083+00:00,A_sell_B_buy,-16.3928,-22.2928,4467.9,4468.0,159.846,6.3565,4474.82,4475.23,1.0036,0.1396,0.0000062500,0.0008000000,146.9,0.0
2026-09-04T11:40:18.083+00:00,B_sell_A_buy,15.2522,9.3522,4467.9,4468.0,159.846,6.3565,4474.82,4475.23,1.0036,0.1396,0.0000062500,0.0008000000,146.9,0.0
2026-09-04T11:40:19.116+00:00,A_sell_B_buy,-16.6833,-22.5833,4467.9,4468.0,166.9897,5.8565,4474.94,4475.36,0.3198,0.6263,0.0000062500,0.0008000000,222.0,0.0
2026-09-04T11:40:19.116+00:00,B_sell_A_buy,15.5203,9.6203,4467.9,4468.0,166.9897,5.8565,4474.94,4475.36,0.3198,0.6263,0.0000062500,0.0008000000,222.0,0.0
2026-09-04T11:40:20.196+00:00,A_sell_B_buy,-16.2585,-22.1585,4467.9,4468.0,166.6167,0.3545,4474.94,4475.17,0.3411,0.006,0.0000062500,0.0008000000,313.4,0.1
2026-09-04T11:40:20.196+00:00,B_sell_A_buy,15.5205,9.6205,4467.9,4468.0,166.6167,0.3545,4474.94,4475.17,0.3411,0.006,0.0000062500,0.0008000000,313.4,0.1
2026-09-04T11:40:21.239+00:00,A_sell_B_buy,-14.7139,-20.6139,4468.7,4468.8,14.9462,0.2,4475.1,4475.28,0.7267,0.6622,0.0000062500,0.0008000000,108.1,0.1
2026-09-04T11:40:21.239+00:00,B_sell_A_buy,14.0878,8.1878,4468.7,4468.8,14.9462,0.2,4475.1,4475.28,0.7267,0.6622,0.0000062500,0.0008000000,108.1,0.1
2026-09-04T11:40:22.284+00:00,A_sell_B_buy,-14.5574,-20.4574,4468.7,4468.8,158.651,0.2,4475.1,4475.21,0.3852,4.5844,0.0000062500,0.0008000000,260.7,0.1
2026-09-04T11:40:22.284+00:00,B_sell_A_buy,14.0878,8.1878,4468.7,4468.8,158.651,0.2,4475.1,4475.21,0.3852,4.5844,0.0000062500,0.0008000000,260.7,0.1
2026-09-04T11:40:23.308+00:00,A_sell_B_buy,-13.7978,-19.6978,4468.7,4468.8,144.7189,7.8857,4474.58,4474.87,1.0036,0.0983,0.0000062500,0.0008000000,0.0,417.1
2026-09-04T11:40:23.308+00:00,B_sell_A_buy,12.9256,7.0256,4468.7,4468.8,144.7189,7.8857,4474.58,4474.87,1.0036,0.0983,0.0000062500,0.0008000000,0.0,417.1
2026-09-04T11:40:24.375+00:00,A_sell_B_buy,-14.0212,-19.9212,4468.7,4468.8,145.0918,1.523,4474.77,4474.97,1.0036,0.0101,0.0000062500,0.0008000000,486.7,0.0
2026-09-04T11:40:24.375+00:00,B_sell_A_buy,13.3503,7.4503,4468.7,4468.8,145.0918,1.523,4474.77,4474.97,1.0036,0.0101,0.0000062500,0.0008000000,486.7,0.0
2026-09-04T11:40:26.266+00:00,A_sell_B_buy,-14.0435,-19.9435,4468.7,4468.8,147.9834,1.0955,4474.77,4474.98,1.0036,0.3373,0.0000062500,0.0008000000,0.1,1179.6
2026-09-04T11:40:26.266+00:00,B_sell_A_buy,13.3503,7.4503,4468.7,4468.8,147.9834,1.0955,4474.77,4474.98,1.0036,0.3373,0.0000062500,0.0008000000,0.1,1179.6
2026-09-04T11:40:27.329+00:00,A_sell_B_buy,-13.9541,-19.8541,4468.7,4468.8,148.7276,1.0955,4474.77,4474.94,0.9992,0.6521,0.0000062500,0.0008000000,479.5,0.1
2026-09-04T11:40:27.329+00:00,B_sell_A_buy,13.3503,7.4503,4468.7,4468.8,148.7276,1.0955,4474.77,4474.94,0.9992,0.6521,0.0000062500,0.0008000000,479.5,0.1
2026-09-04T11:40:28.381+00:00,A_sell_B_buy,-14.0882,-19.9882,4468.7,4468.8,148.7276,1.0955,4474.77,4475.0,0.9992,0.0148,0.0000062500,0.0008000000,1532.5,0.1
2026-09-04T11:40:28.381+00:00,B_sell_A_buy,13.3503,7.4503,4468.7,4468.8,148.7276,1.0955,4474.77,4475.0,0.9992,0.0148,0.0000062500,0.0008000000,1532.5,0.1
2026-09-04T11:40:33.066+00:00,A_sell_B_buy,-14.0882,-19.9882,4468.7,4468.8,148.3547,1.0955,4474.77,4475.0,0.9992,0.0142,0.0000062500,0.0008000000,0.1,254.6
2026-09-04T11:40:33.066+00:00,B_sell_A_buy,13.3503,7.4503,4468.7,4468.8,148.3547,1.0955,4474.77,4475.0,0.9992,0.0142,0.0000062500,0.0008000000,0.1,254.6
2026-09-04T11:40:34.096+00:00,A_sell_B_buy,-14.1553,-20.0553,4468.7,4468.8,148.7276,1.0955,4474.8,4475.03,0.9992,0.0169,0.0000062500,0.0008000000,882.6,0.1
2026-09-04T11:40:34.096+00:00,B_sell_A_buy,13.4173,7.5173,4468.7,4468.8,148.7276,1.0955,4474.8,4475.03,0.9992,0.0169,0.0000062500,0.0008000000,882.6,0.1
2026-09-04T11:40:35.114+00:00,A_sell_B_buy,-14.1552,-20.0552,4468.7,4468.8,148.7276,1.0955,4474.86,4475.03,0.1791,0.0154,0.0000062500,0.0008000000,1901.5,0.1
2026-09-04T11:40:35.114+00:00,B_sell_A_buy,13.5514,7.6514,4468.7,4468.8,148.7276,1.0955,4474.86,4475.03,0.1791,0.0154,0.0000062500,0.0008000000,1901.5,0.1
2026-09-04T11:40:36.212+00:00,A_sell_B_buy,-14.7139,-20.6139,4468.7,4468.8,154.9874,0.1797,4475.05,4475.28,0.9992,0.0172,0.0000062500,0.0008000000,171.7,0.1
2026-09-04T11:40:36.212+00:00,B_sell_A_buy,13.9760,8.0760,4468.7,4468.8,154.9874,0.1797,4475.05,4475.28,0.9992,0.0172,0.0000062500,0.0008000000,171.7,0.1
2026-09-04T11:40:37.272+00:00,A_sell_B_buy,-14.7139,-20.6139,4468.7,4468.8,154.9874,0.1797,4475.05,4475.28,0.9992,2.0165,0.0000062500,0.0008000000,1231.6,0.1
2026-09-04T11:40:37.272+00:00,B_sell_A_buy,13.9760,8.0760,4468.7,4468.8,154.9874,0.1797,4475.05,4475.28,0.9992,2.0165,0.0000062500,0.0008000000,1231.6,0.1
2026-09-04T11:40:38.561+00:00,A_sell_B_buy,-14.7139,-20.6139,4468.7,4468.8,152.4313,0.1797,4475.05,4475.28,0.9992,2.0167,0.0000062500,0.0008000000,0.1,720.6
2026-09-04T11:40:38.561+00:00,B_sell_A_buy,13.9760,8.0760,4468.7,4468.8,152.4313,0.1797,4475.05,4475.28,0.9992,2.0167,0.0000062500,0.0008000000,0.1,720.6
2026-09-04T11:40:39.570+00:00,A_sell_B_buy,-14.7139,-20.6139,4468.7,4468.8,152.0842,0.1797,4475.05,4475.28,0.9992,1.9164,0.0000062500,0.0008000000,0.1,173.9
2026-09-04T11:40:39.570+00:00,B_sell_A_buy,13.9760,8.0760,4468.7,4468.8,152.0842,0.1797,4475.05,4475.28,0.9992,1.9164,0.0000062500,0.0008000000,0.1,173.9
2026-09-04T11:40:41.161+00:00,A_sell_B_buy,-14.4457,-20.3457,4468.7,4468.8,152.0842,0.1797,4475.05,4475.16,0.9992,1.9,0.0000062500,0.0008000000,736.9,0.1
2026-09-04T11:40:41.161+00:00,B_sell_A_buy,13.9761,8.0761,4468.7,4468.8,152.0842,0.1797,4475.05,4475.16,0.9992,1.9,0.0000062500,0.0008000000,736.9,0.1
2026-09-04T11:40:43.609+00:00,A_sell_B_buy,-14.6692,-20.5692,4468.7,4468.8,151.7113,0.1797,4475.05,4475.26,0.8317,2.5823,0.0000062500,0.0008000000,0.0,3.3
2026-09-04T11:40:43.609+00:00,B_sell_A_buy,13.9760,8.0760,4468.7,4468.8,151.7113,0.1797,4475.05,4475.26,0.8317,2.5823,0.0000062500,0.0008000000,0.0,3.3
2026-09-04T11:40:44.913+00:00,A_sell_B_buy,-14.6697,-20.5697,4468.7,4468.8,152.0842,0.1797,4474.5,4475.26,0.0211,3.393,0.0000062500,0.0008000000,362.6,0.1
2026-09-04T11:40:44.913+00:00,B_sell_A_buy,12.7465,6.8465,4468.7,4468.8,152.0842,0.1797,4474.5,4475.26,0.0211,3.393,0.0000062500,0.0008000000,362.6,0.1
2026-09-04T11:40:46.550+00:00,A_sell_B_buy,-14.1329,-20.0329,4468.7,4468.8,145.5231,7.7725,4474.79,4475.02,0.1118,1.9164,0.0000062500,0.0008000000,0.1,1017.5
2026-09-04T11:40:46.550+00:00,B_sell_A_buy,13.3950,7.4950,4468.7,4468.8,145.5231,7.7725,4474.79,4475.02,0.1118,1.9164,0.0000062500,0.0008000000,0.1,1017.5
2026-09-04T11:40:47.632+00:00,A_sell_B_buy,-14.1776,-20.0776,4468.7,4468.8,145.5231,7.7725,4474.81,4475.04,1.0036,1.917,0.0000062500,0.0008000000,1082.7,0.1
2026-09-04T11:40:47.632+00:00,B_sell_A_buy,13.4397,7.5397,4468.7,4468.8,145.5231,7.7725,4474.81,4475.04,1.0036,1.917,0.0000062500,0.0008000000,1082.7,0.1
2026-09-04T11:40:50.696+00:00,A_sell_B_buy,-14.0435,-19.9435,4468.7,4468.8,145.1502,7.7725,4474.81,4474.98,1.0036,3.2354,0.0000062500,0.0008000000,0.1,9.2
2026-09-04T11:40:50.696+00:00,B_sell_A_buy,13.4397,7.5397,4468.7,4468.8,145.1502,7.7725,4474.81,4474.98,1.0036,3.2354,0.0000062500,0.0008000000,0.1,9.2
2026-09-04T11:40:51.836+00:00,A_sell_B_buy,-13.5296,-19.4296,4468.7,4468.8,35.7149,14.4147,4474.52,4474.75,0.1118,1.9139,0.0000062500,0.0008000000,239.3,0.1
2026-09-04T11:40:51.836+00:00,B_sell_A_buy,12.7916,6.8916,4468.7,4468.8,35.7149,14.4147,4474.52,4474.75,0.1118,1.9139,0.0000062500,0.0008000000,239.3,0.1
2026-09-04T11:40:53.011+00:00,A_sell_B_buy,-13.5295,-19.4295,4468.7,4468.8,35.7149,14.4147,4474.54,4474.75,1.0036,1.9142,0.0000062500,0.0008000000,1414.1,0.1
2026-09-04T11:40:53.011+00:00,B_sell_A_buy,12.8363,6.9363,4468.7,4468.8,35.7149,14.4147,4474.54,4474.75,1.0036,1.9142,0.0000062500,0.0008000000,1414.1,0.1
2026-09-04T11:40:54.743+00:00,A_sell_B_buy,-13.5742,-19.4742,4468.7,4468.8,33.7149,14.4147,4474.54,4474.77,0.836,1.9137,0.0000062500,0.0008000000,0.1,7.4
2026-09-04T11:40:54.743+00:00,B_sell_A_buy,12.8363,6.9363,4468.7,4468.8,33.7149,14.4147,4474.54,4474.77,0.836,1.9137,0.0000062500,0.0008000000,0.1,7.4
2026-09-04T11:40:56.289+00:00,A_sell_B_buy,-13.3954,-19.2954,4468.7,4468.8,33.7149,14.4147,4474.54,4474.69,0.836,3.2354,0.0000062500,0.0008000000,1545.6,0.1
2026-09-04T11:40:56.289+00:00,B_sell_A_buy,12.8363,6.9363,4468.7,4468.8,33.7149,14.4147,4474.54,4474.69,0.836,3.2354,0.0000062500,0.0008000000,1545.6,0.1
2026-09-04T11:40:57.580+00:00,A_sell_B_buy,-12.8814,-18.7814,4468.7,4468.8,23.5701,22.0118,4474.35,4474.46,1.0036,5.1354,0.0000062500,0.0008000000,634.0,0.1
2026-09-04T11:40:57.580+00:00,B_sell_A_buy,12.4117,6.5117,4468.7,4468.8,23.5701,22.0118,4474.35,4474.46,1.0036,5.1354,0.0000062500,0.0008000000,634.0,0.1
2026-09-04T11:40:58.729+00:00,A_sell_B_buy,-12.8814,-18.7814,4468.7,4468.8,23.5701,24.0118,4474.35,4474.46,0.8918,5.1354,0.0000062500,0.0008000000,0.1,907.3
2026-09-04T11:40:58.729+00:00,B_sell_A_buy,12.4117,6.5117,4468.7,4468.8,23.5701,24.0118,4474.35,4474.46,0.8918,5.1354,0.0000062500,0.0008000000,0.1,907.3
2026-09-04T11:41:00.118+00:00,A_sell_B_buy,-12.8814,-18.7814,4468.7,4468.8,23.5701,22.0118,4474.35,4474.46,0.8918,3.2354,0.0000062500,0.0008000000,671.5,0.1
2026-09-04T11:41:00.118+00:00,B_sell_A_buy,12.4117,6.5117,4468.7,4468.8,23.5701,22.0118,4474.35,4474.46,0.8918,3.2354,0.0000062500,0.0008000000,671.5,0.1
2026-09-04T11:41:01.168+00:00,A_sell_B_buy,-13.7308,-19.6308,4468.7,4468.8,85.4199,8.5983,4474.46,4474.84,0.1319,2.0272,0.0000062500,0.0008000000,0.1,114.3
2026-09-04T11:41:01.168+00:00,B_sell_A_buy,12.6574,6.7574,4468.7,4468.8,85.4199,8.5983,4474.46,4474.84,0.1319,2.0272,0.0000062500,0.0008000000,0.1,114.3
2026-09-04T11:41:02.254+00:00,A_sell_B_buy,-13.5072,-19.4072,4468.7,4468.8,83.1821,8.5983,4474.46,4474.74,0.1118,5.233,0.0000062500,0.0008000000,0.1,96.1
2026-09-04T11:41:02.254+00:00,B_sell_A_buy,12.6574,6.7574,4468.7,4468.8,83.1821,8.5983,4474.46,4474.74,0.1118,5.233,0.0000062500,0.0008000000,0.1,96.1
2026-09-04T11:41:03.368+00:00,A_sell_B_buy,-13.3731,-19.2731,4468.7,4468.8,35.7397,11.0506,4474.46,4474.68,0.1118,1.9976,0.0000062500,0.0008000000,505.0,0.1
2026-09-04T11:41:03.368+00:00,B_sell_A_buy,12.6575,6.7575,4468.7,4468.8,35.7397,11.0506,4474.46,4474.68,0.1118,1.9976,0.0000062500,0.0008000000,505.0,0.1
2026-09-04T11:41:04.964+00:00,A_sell_B_buy,-13.0154,-18.9154,4468.7,4468.8,29.5056,14.4072,4474.46,4474.52,0.1118,0.0262,0.0000062500,0.0008000000,640.4,0.1
2026-09-04T11:41:04.964+00:00,B_sell_A_buy,12.6576,6.7576,4468.7,4468.8,29.5056,14.4072,4474.46,4474.52,0.1118,0.0262,0.0000062500,0.0008000000,640.4,0.1
2026-09-04T11:41:06.015+00:00,A_sell_B_buy,-13.3955,-19.2955,4468.7,4468.8,29.6384,14.2768,4474.46,4474.69,0.1118,2.0277,0.0000062500,0.0008000000,0.1,514.7
2026-09-04T11:41:06.015+00:00,B_sell_A_buy,12.6575,6.7575,4468.7,4468.8,29.6384,14.2768,4474.46,4474.69,0.1118,2.0277,0.0000062500,0.0008000000,0.1,514.7
2026-09-04T11:41:07.093+00:00,A_sell_B_buy,-13.3955,-19.2955,4468.7,4468.8,29.6384,14.2768,4474.46,4474.69,0.1118,0.0303,0.0000062500,0.0008000000,1077.7,0.1
2026-09-04T11:41:07.093+00:00,B_sell_A_buy,12.6575,6.7575,4468.7,4468.8,29.6384,14.2768,4474.46,4474.69,0.1118,0.0303,0.0000062500,0.0008000000,1077.7,0.1
2026-09-04T11:41:08.689+00:00,A_sell_B_buy,-13.3955,-19.2955,4468.7,4468.8,31.6384,14.2768,4474.46,4474.69,0.1118,0.0357,0.0000062500,0.0008000000,1175.2,0.1
2026-09-04T11:41:08.689+00:00,B_sell_A_buy,12.6575,6.7575,4468.7,4468.8,31.6384,14.2768,4474.46,4474.69,0.1118,0.0357,0.0000062500,0.0008000000,1175.2,0.1
2026-09-04T11:41:09.711+00:00,A_sell_B_buy,-13.3955,-19.2955,4468.7,4468.8,42.0553,8.8817,4474.46,4474.69,0.1118,0.0414,0.0000062500,0.0008000000,0.0,501.8
2026-09-04T11:41:09.711+00:00,B_sell_A_buy,12.6575,6.7575,4468.7,4468.8,42.0553,8.8817,4474.46,4474.69,0.1118,0.0414,0.0000062500,0.0008000000,0.0,501.8
2026-09-04T11:41:10.857+00:00,A_sell_B_buy,-13.3955,-19.2955,4468.7,4468.8,39.5579,10.6719,4474.46,4474.69,0.1118,0.0363,0.0000062500,0.0008000000,0.1,424.1
2026-09-04T11:41:10.857+00:00,B_sell_A_buy,12.6575,6.7575,4468.7,4468.8,39.5579,10.6719,4474.46,4474.69,0.1118,0.0363,0.0000062500,0.0008000000,0.1,424.1
2026-09-04T11:41:11.907+00:00,A_sell_B_buy,-13.4178,-19.3178,4468.7,4468.8,84.3134,8.8817,4474.46,4474.7,1.6373,0.0345,0.0000062500,0.0008000000,157.0,0.1
2026-09-04T11:41:11.907+00:00,B_sell_A_buy,12.6575,6.7575,4468.7,4468.8,84.3134,8.8817,4474.46,4474.7,1.6373,0.0345,0.0000062500,0.0008000000,157.0,0.1
2026-09-04T11:41:13.170+00:00,A_sell_B_buy,-13.4395,-19.3395,4468.9,4469.1,0.8658,5.2518,4474.69,4474.91,0.1118,0.6393,0.0000062500,0.0008000000,273.6,0.1
2026-09-04T11:41:13.170+00:00,B_sell_A_buy,12.5003,6.6003,4468.9,4469.1,0.8658,5.2518,4474.69,4474.91,0.1118,0.6393,0.0000062500,0.0008000000,273.6,0.1
2026-09-04T11:41:14.646+00:00,A_sell_B_buy,-13.4396,-19.3396,4468.9,4469.0,36.5435,9.7914,4474.69,4474.91,0.1118,0.6416,0.0000062500,0.0008000000,0.1,636.1
2026-09-04T11:41:14.646+00:00,B_sell_A_buy,12.7240,6.8240,4468.9,4469.0,36.5435,9.7914,4474.69,4474.91,0.1118,0.6416,0.0000062500,0.0008000000,0.1,636.1
2026-09-04T11:41:15.722+00:00,A_sell_B_buy,-13.1042,-19.0042,4468.9,4469.0,31.2124,13.3926,4474.69,4474.76,0.1118,3.2354,0.0000062500,0.0008000000,0.1,394.1
2026-09-04T11:41:15.722+00:00,B_sell_A_buy,12.7241,6.8241,4468.9,4469.0,31.2124,13.3926,4474.69,4474.76,0.1118,3.2354,0.0000062500,0.0008000000,0.1,394.1
2026-09-04T11:41:16.781+00:00,A_sell_B_buy,-13.1042,-19.0042,4468.9,4469.0,32.8343,13.3926,4474.69,4474.76,0.1118,3.2354,0.0000062500,0.0008000000,0.1,1453.0
2026-09-04T11:41:16.781+00:00,B_sell_A_buy,12.7241,6.8241,4468.9,4469.0,32.8343,13.3926,4474.69,4474.76,0.1118,3.2354,0.0000062500,0.0008000000,0.1,1453.0
2026-09-04T11:41:19.371+00:00,A_sell_B_buy,-13.5960,-19.4960,4468.9,4469.0,91.2066,9.383,4474.69,4474.98,0.1118,1.5829,0.0000062500,0.0008000000,1631.2,0.1
2026-09-04T11:41:19.371+00:00,B_sell_A_buy,12.7239,6.8239,4468.9,4469.0,91.2066,9.383,4474.69,4474.98,0.1118,1.5829,0.0000062500,0.0008000000,1631.2,0.1
2026-09-04T11:41:20.454+00:00,A_sell_B_buy,-13.2608,-19.1608,4468.9,4469.0,90.9828,9.781,4474.58,4474.83,0.1118,0.1841,0.0000062500,0.0008000000,0.1,440.9
2026-09-04T11:41:20.454+00:00,B_sell_A_buy,12.4781,6.5781,4468.9,4469.0,90.9828,9.781,4474.58,4474.83,0.1118,0.1841,0.0000062500,0.0008000000,0.1,440.9
2026-09-04T11:41:21.512+00:00,A_sell_B_buy,-13.1043,-19.0043,4468.9,4469.0,40.2019,10.0196,4474.6,4474.76,1.0036,3.2354,0.0000062500,0.0008000000,0.1,195.0
2026-09-04T11:41:21.512+00:00,B_sell_A_buy,12.5229,6.6229,4468.9,4469.0,40.2019,10.0196,4474.6,4474.76,1.0036,3.2354,0.0000062500,0.0008000000,0.1,195.0
2026-09-04T11:41:23.235+00:00,A_sell_B_buy,-12.7913,-18.6913,4468.9,4469.0,41.992,10.0196,4474.6,4474.62,1.0036,0.0387,0.0000062500,0.0008000000,978.4,0.1
2026-09-04T11:41:23.235+00:00,B_sell_A_buy,12.5230,6.6230,4468.9,4469.0,41.992,10.0196,4474.6,4474.62,1.0036,0.0387,0.0000062500,0.0008000000,978.4,0.1
2026-09-04T11:41:24.239+00:00,A_sell_B_buy,-13.0596,-18.9596,4468.9,4469.0,25.0161,16.5959,4474.6,4474.74,1.0036,2.0205,0.0000062500,0.0008000000,45.6,0.1
2026-09-04T11:41:24.239+00:00,B_sell_A_buy,12.5229,6.6229,4468.9,4469.0,25.0161,16.5959,4474.6,4474.74,1.0036,2.0205,0.0000062500,0.0008000000,45.6,0.1
2026-09-04T11:41:25.280+00:00,A_sell_B_buy,-12.7690,-18.6690,4468.9,4469.0,24.7496,21.8123,4474.6,4474.61,1.0036,2.0129,0.0000062500,0.0008000000,0.1,738.9
2026-09-04T11:41:25.280+00:00,B_sell_A_buy,12.5230,6.6230,4468.9,4469.0,24.7496,21.8123,4474.6,4474.61,1.0036,2.0129,0.0000062500,0.0008000000,0.1,738.9
2026-09-04T11:41:26.638+00:00,A_sell_B_buy,-12.7690,-18.6690,4468.9,4469.0,22.8142,29.9648,4474.6,4474.61,0.0036,2.884,0.0000062500,0.0008000000,752.0,0.1
2026-09-04T11:41:26.638+00:00,B_sell_A_buy,12.5230,6.6230,4468.9,4469.0,22.8142,29.9648,4474.6,4474.61,0.0036,2.884,0.0000062500,0.0008000000,752.0,0.1
2026-09-04T11:41:27.718+00:00,A_sell_B_buy,-12.3668,-18.2668,4468.9,4469.0,22.8142,29.9648,4474.2,4474.43,1.0036,2.0205,0.0000062500,0.0008000000,1832.5,0.1
2026-09-04T11:41:27.718+00:00,B_sell_A_buy,11.6289,5.7289,4468.9,4469.0,22.8142,29.9648,4474.2,4474.43,1.0036,2.0205,0.0000062500,0.0008000000,1832.5,0.1
2026-09-04T11:41:28.789+00:00,A_sell_B_buy,-12.3445,-18.2445,4468.9,4469.0,22.8171,33.3212,4474.18,4474.42,0.1118,0.0296,0.0000062500,0.0008000000,146.5,0.1
2026-09-04T11:41:28.789+00:00,B_sell_A_buy,11.5842,5.6842,4468.9,4469.0,22.8171,33.3212,4474.18,4474.42,0.1118,0.0296,0.0000062500,0.0008000000,146.5,0.1
2026-09-04T11:41:29.886+00:00,A_sell_B_buy,-12.3668,-18.2668,4468.9,4469.0,2.069,23.5759,4474.2,4474.43,3.2354,0.0255,0.0000062500,0.0008000000,0.1,581.3
2026-09-04T11:41:29.886+00:00,B_sell_A_buy,11.6289,5.7289,4468.9,4469.0,2.069,23.5759,4474.2,4474.43,3.2354,0.0255,0.0000062500,0.0008000000,0.1,581.3
2026-09-04T11:41:30.932+00:00,A_sell_B_buy,-12.3668,-18.2668,4468.9,4469.0,1.9047,21.9488,4474.2,4474.43,3.2354,0.0347,0.0000062500,0.0008000000,84.6,0.1
2026-09-04T11:41:30.932+00:00,B_sell_A_buy,11.6289,5.7289,4468.9,4469.0,1.9047,21.9488,4474.2,4474.43,3.2354,0.0347,0.0000062500,0.0008000000,84.6,0.1
2026-09-04T11:41:31.958+00:00,A_sell_B_buy,-12.3668,-18.2668,4468.9,4469.0,22.8169,21.9488,4474.2,4474.43,3.2354,0.0302,0.0000062500,0.0008000000,85.0,0.1
2026-09-04T11:41:31.958+00:00,B_sell_A_buy,11.6289,5.7289,4468.9,4469.0,22.8169,21.9488,4474.2,4474.43,3.2354,0.0302,0.0000062500,0.0008000000,85.0,0.1
2026-09-04T11:41:33.089+00:00,A_sell_B_buy,-12.3668,-18.2668,4468.9,4469.0,0.4405,21.9488,4474.2,4474.43,3.2354,0.0314,0.0000062500,0.0008000000,0.1,447.6
2026-09-04T11:41:33.089+00:00,B_sell_A_buy,11.6289,5.7289,4468.9,4469.0,0.4405,21.9488,4474.2,4474.43,3.2354,0.0314,0.0000062500,0.0008000000,0.1,447.6
2026-09-04T11:41:34.204+00:00,A_sell_B_buy,-12.5680,-18.4680,4468.9,4469.0,0.4405,21.9488,4474.29,4474.52,0.1118,0.0307,0.0000062500,0.0008000000,200.0,0.1
2026-09-04T11:41:34.204+00:00,B_sell_A_buy,11.8300,5.9300,4468.9,4469.0,0.4405,21.9488,4474.29,4474.52,0.1118,0.0307,0.0000062500,0.0008000000,200.0,0.1
2026-09-04T11:41:35.344+00:00,A_sell_B_buy,-12.5681,-18.4681,4468.9,4469.0,22.8169,21.9488,4474.2,4474.52,3.2354,2.9178,0.0000062500,0.0008000000,204.3,0.1
2026-09-04T11:41:35.344+00:00,B_sell_A_buy,11.6288,5.7288,4468.9,4469.0,22.8169,21.9488,4474.2,4474.52,3.2354,2.9178,0.0000062500,0.0008000000,204.3,0.1
2026-09-04T11:41:36.583+00:00,A_sell_B_buy,-12.3892,-18.2892,4468.9,4469.0,0.4405,23.9326,4474.21,4474.44,0.1117,2.0306,0.0000062500,0.0008000000,255.1,0.1
2026-09-04T11:41:36.583+00:00,B_sell_A_buy,11.6512,5.7512,4468.9,4469.0,0.4405,23.9326,4474.21,4474.44,0.1117,2.0306,0.0000062500,0.0008000000,255.1,0.1
2026-09-04T11:41:37.819+00:00,A_sell_B_buy,-12.3892,-18.2892,4468.9,4469.0,22.8169,23.5597,4474.21,4474.44,2.9976,0.0313,0.0000062500,0.0008000000,323.7,0.1
2026-09-04T11:41:37.819+00:00,B_sell_A_buy,11.6512,5.7512,4468.9,4469.0,22.8169,23.5597,4474.21,4474.44,2.9976,0.0313,0.0000062500,0.0008000000,323.7,0.1
2026-09-04T11:41:38.980+00:00,A_sell_B_buy,-12.3892,-18.2892,4468.9,4469.0,0.4405,23.9326,4474.21,4474.44,2.9976,0.03,0.0000062500,0.0008000000,274.0,0.1
2026-09-04T11:41:38.980+00:00,B_sell_A_buy,11.6512,5.7512,4468.9,4469.0,0.4405,23.9326,4474.21,4474.44,2.9976,0.03,0.0000062500,0.0008000000,274.0,0.1
2026-09-04T11:41:39.990+00:00,A_sell_B_buy,-12.3892,-18.2892,4468.9,4469.0,24.1919,21.3913,4474.21,4474.44,2.9976,0.0315,0.0000062500,0.0008000000,133.0,0.1
2026-09-04T11:41:39.990+00:00,B_sell_A_buy,11.6512,5.7512,4468.9,4469.0,24.1919,21.3913,4474.21,4474.44,2.9976,0.0315,0.0000062500,0.0008000000,133.0,0.1
2026-09-04T11:41:41.199+00:00,A_sell_B_buy,-12.3892,-18.2892,4468.9,4469.0,24.607,21.3913,4474.21,4474.44,2.9976,2.0315,0.0000062500,0.0008000000,271.9,0.1
2026-09-04T11:41:41.199+00:00,B_sell_A_buy,11.6512,5.7512,4468.9,4469.0,24.607,21.3913,4474.21,4474.44,2.9976,2.0315,0.0000062500,0.0008000000,271.9,0.1
2026-09-04T11:41:42.218+00:00,A_sell_B_buy,-12.7244,-18.6244,4468.9,4469.0,24.607,21.3913,4474.36,4474.59,1.4561,0.0423,0.0000062500,0.0008000000,1290.9,0.1
2026-09-04T11:41:42.218+00:00,B_sell_A_buy,11.9865,6.0865,4468.9,4469.0,24.607,21.3913,4474.36,4474.59,1.4561,0.0423,0.0000062500,0.0008000000,1290.9,0.1
2026-09-04T11:41:43.434+00:00,A_sell_B_buy,-13.2385,-19.1385,4468.9,4469.0,26.7523,13.3598,4474.51,4474.82,0.1117,0.3704,0.0000062500,0.0008000000,670.3,0.1
2026-09-04T11:41:43.434+00:00,B_sell_A_buy,12.3216,6.4216,4468.9,4469.0,26.7523,13.3598,4474.51,4474.82,0.1117,0.3704,0.0000062500,0.0008000000,670.3,0.1
2026-09-04T11:41:45.344+00:00,A_sell_B_buy,-13.2161,-19.1161,4468.9,4469.0,28.8212,10.0034,4474.51,4474.81,2.0563,0.615,0.0000062500,0.0008000000,0.0,15.7
2026-09-04T11:41:45.344+00:00,B_sell_A_buy,12.3216,6.4216,4468.9,4469.0,28.8212,10.0034,4474.51,4474.81,2.0563,0.615,0.0000062500,0.0008000000,0.0,15.7
2026-09-04T11:41:46.406+00:00,A_sell_B_buy,-13.1267,-19.0267,4468.9,4469.0,29.045,9.7648,4474.51,4474.77,0.1117,0.6264,0.0000062500,0.0008000000,861.5,0.1
2026-09-04T11:41:46.406+00:00,B_sell_A_buy,12.3217,6.4217,4468.9,4469.0,29.045,9.7648,4474.51,4474.77,0.1117,0.6264,0.0000062500,0.0008000000,861.5,0.1
2026-09-04T11:41:47.455+00:00,A_sell_B_buy,-13.1267,-19.0267,4468.9,4469.0,26.8212,10.3704,4474.51,4474.77,0.1058,2.0059,0.0000062500,0.0008000000,0.1,236.4
2026-09-04T11:41:47.455+00:00,B_sell_A_buy,12.3217,6.4217,4468.9,4469.0,26.8212,10.3704,4474.51,4474.77,0.1058,2.0059,0.0000062500,0.0008000000,0.1,236.4
2026-09-04T11:41:48.772+00:00,A_sell_B_buy,-13.1044,-19.0044,4468.9,4469.0,26.8212,10.5942,4474.51,4474.76,0.1058,0.0048,0.0000062500,0.0008000000,902.0,0.1
2026-09-04T11:41:48.772+00:00,B_sell_A_buy,12.3217,6.4217,4468.9,4469.0,26.8212,10.5942,4474.51,4474.76,0.1058,0.0048,0.0000062500,0.0008000000,902.0,0.1
2026-09-04T11:41:49.879+00:00,A_sell_B_buy,-13.0149,-18.9149,4468.9,4469.0,26.8212,10.2213,4474.51,4474.72,0.1058,2.0968,0.0000062500,0.0008000000,0.1,375.8
2026-09-04T11:41:49.879+00:00,B_sell_A_buy,12.3217,6.4217,4468.9,4469.0,26.8212,10.2213,4474.51,4474.72,0.1058,2.0968,0.0000062500,0.0008000000,0.1,375.8
2026-09-04T11:41:51.156+00:00,A_sell_B_buy,-13.0149,-18.9149,4468.9,4469.0,26.8212,10.5942,4474.51,4474.72,0.1058,2.0968,0.0000062500,0.0008000000,0.1,1653.1
2026-09-04T11:41:51.156+00:00,B_sell_A_buy,12.3217,6.4217,4468.9,4469.0,26.8212,10.5942,4474.51,4474.72,0.1058,2.0968,0.0000062500,0.0008000000,0.1,1653.1
2026-09-04T11:41:55.353+00:00,A_sell_B_buy,-13.0149,-18.9149,4468.9,4469.0,26.6759,10.3704,4474.51,4474.72,0.1058,2.0,0.0000062500,0.0008000000,1019.5,0.1
2026-09-04T11:41:55.353+00:00,B_sell_A_buy,12.3217,6.4217,4468.9,4469.0,26.6759,10.3704,4474.51,4474.72,0.1058,2.0,0.0000062500,0.0008000000,1019.5,0.1
2026-09-04T11:41:57.297+00:00,A_sell_B_buy,-13.3278,-19.2278,4468.9,4469.0,38.0878,7.5928,4474.62,4474.86,0.4023,0.0059,0.0000062500,0.0008000000,1259.2,0.1
2026-09-04T11:41:57.297+00:00,B_sell_A_buy,12.5675,6.6675,4468.9,4469.0,38.0878,7.5928,4474.62,4474.86,0.4023,0.0059,0.0000062500,0.0008000000,1259.2,0.1
2026-09-04T11:41:58.313+00:00,A_sell_B_buy,-13.2830,-19.1830,4468.9,4469.0,35.2966,7.5928,4474.74,4474.84,1.0036,0.6416,0.0000062500,0.0008000000,0.0,5.9
2026-09-04T11:41:58.313+00:00,B_sell_A_buy,12.8358,6.9358,4468.9,4469.0,35.2966,7.5928,4474.74,4474.84,1.0036,0.6416,0.0000062500,0.0008000000,0.0,5.9
2026-09-04T11:42:00.605+00:00,A_sell_B_buy,-13.0818,-18.9818,4468.9,4469.0,26.6571,13.2157,4474.74,4474.75,1.0036,0.1841,0.0000062500,0.0008000000,1463.7,0.1
2026-09-04T11:42:00.605+00:00,B_sell_A_buy,12.8359,6.9359,4468.9,4469.0,26.6571,13.2157,4474.74,4474.75,1.0036,0.1841,0.0000062500,0.0008000000,1463.7,0.1
2026-09-04T11:42:01.645+00:00,A_sell_B_buy,-12.9032,-18.8032,4468.9,4469.0,24.7523,19.2208,4474.47,4474.67,1.0036,2.0059,0.0000062500,0.0008000000,0.1,266.7
2026-09-04T11:42:01.645+00:00,B_sell_A_buy,12.2323,6.3323,4468.9,4469.0,24.7523,19.2208,4474.47,4474.67,1.0036,2.0059,0.0000062500,0.0008000000,0.1,266.7
2026-09-04T11:42:03.229+00:00,A_sell_B_buy,-12.8808,-18.7808,4468.9,4469.0,24.7523,16.5721,4474.48,4474.66,2.5497,2.1117,0.0000062500,0.0008000000,1395.9,0.1
2026-09-04T11:42:03.229+00:00,B_sell_A_buy,12.2547,6.3547,4468.9,4469.0,24.7523,16.5721,4474.48,4474.66,2.5497,2.1117,0.0000062500,0.0008000000,1395.9,0.1
2026-09-04T11:42:04.403+00:00,A_sell_B_buy,-12.6575,-18.5575,4468.9,4469.0,24.7523,18.945,4474.21,4474.56,2.5741,0.1117,0.0000062500,0.0008000000,0.1,426.9
2026-09-04T11:42:04.403+00:00,B_sell_A_buy,11.6511,5.7511,4468.9,4469.0,24.7523,18.945,4474.21,4474.56,2.5741,0.1117,0.0000062500,0.0008000000,0.1,426.9
2026-09-04T11:42:06.005+00:00,A_sell_B_buy,-12.6574,-18.5574,4468.9,4469.0,24.7523,16.9256,4474.35,4474.56,2.7492,0.1117,0.0000062500,0.0008000000,0.1,817.0
2026-09-04T11:42:06.005+00:00,B_sell_A_buy,11.9641,6.0641,4468.9,4469.0,24.7523,16.9256,4474.35,4474.56,2.7492,0.1117,0.0000062500,0.0008000000,0.1,817.0
2026-09-04T11:42:07.204+00:00,A_sell_B_buy,-12.6575,-18.5575,4468.9,4469.0,24.7523,18.9256,4474.2,4474.56,3.2354,0.1117,0.0000062500,0.0008000000,1103.4,0.1
2026-09-04T11:42:07.204+00:00,B_sell_A_buy,11.6288,5.7288,4468.9,4469.0,24.7523,18.9256,4474.2,4474.56,3.2354,0.1117,0.0000062500,0.0008000000,1103.4,0.1
2026-09-04T11:42:08.689+00:00,A_sell_B_buy,-12.5235,-18.4235,4468.9,4469.0,24.607,23.8826,4473.94,4474.5,3.2221,2.1117,0.0000062500,0.0008000000,823.4,0.1
2026-09-04T11:42:08.689+00:00,B_sell_A_buy,11.0475,5.1475,4468.9,4469.0,24.607,23.8826,4473.94,4474.5,3.2221,2.1117,0.0000062500,0.0008000000,823.4,0.1
2026-09-04T11:42:09.761+00:00,A_sell_B_buy,-12.1210,-18.0210,4468.9,4469.0,22.8168,23.8826,4474.07,4474.32,1.7096,0.1118,0.0000062500,0.0008000000,0.1,603.1
2026-09-04T11:42:09.761+00:00,B_sell_A_buy,11.3383,5.4383,4468.9,4469.0,22.8168,23.8826,4474.07,4474.32,1.7096,0.1118,0.0000062500,0.0008000000,0.1,603.1
2026-09-04T11:42:11.395+00:00,A_sell_B_buy,-11.1375,-17.0375,4468.9,4469.0,0.2237,31.0419,4473.75,4473.88,0.5798,5.2354,0.0000062500,0.0008000000,0.1,1224.3
2026-09-04T11:42:11.395+00:00,B_sell_A_buy,10.6231,4.7231,4468.9,4469.0,0.2237,31.0419,4473.75,4473.88,0.5798,5.2354,0.0000062500,0.0008000000,0.1,1224.3
2026-09-04T11:42:12.439+00:00,A_sell_B_buy,-11.1375,-17.0375,4468.9,4469.0,0.2237,31.0419,4473.75,4473.88,0.5798,2.0,0.0000062500,0.0008000000,1044.6,0.1
2026-09-04T11:42:12.439+00:00,B_sell_A_buy,10.6231,4.7231,4468.9,4469.0,0.2237,31.0419,4473.75,4473.88,0.5798,2.0,0.0000062500,0.0008000000,1044.6,0.1
2026-09-04T11:42:13.579+00:00,A_sell_B_buy,-11.3834,-17.2834,4468.9,4469.0,0.2237,30.6888,4473.75,4473.99,2.1027,0.0293,0.0000062500,0.0008000000,417.4,0.1
2026-09-04T11:42:13.579+00:00,B_sell_A_buy,10.6230,4.7230,4468.9,4469.0,0.2237,30.6888,4473.75,4473.99,2.1027,0.0293,0.0000062500,0.0008000000,417.4,0.1
2026-09-04T11:42:15.467+00:00,A_sell_B_buy,-11.2716,-17.1716,4468.9,4469.0,0.2237,30.6888,4473.75,4473.94,0.5798,0.1836,0.0000062500,0.0008000000,905.6,0.1
2026-09-04T11:42:15.467+00:00,B_sell_A_buy,10.6231,4.7231,4468.9,4469.0,0.2237,30.6888,4473.75,4473.94,0.5798,0.1836,0.0000062500,0.0008000000,905.6,0.1
2026-09-04T11:42:16.498+00:00,A_sell_B_buy,-11.2940,-17.1940,4468.9,4469.0,0.2237,30.6888,4473.75,4473.95,0.5798,2.4022,0.0000062500,0.0008000000,1935.5,0.1
2026-09-04T11:42:16.498+00:00,B_sell_A_buy,10.6231,4.7231,4468.9,4469.0,0.2237,30.6888,4473.75,4473.95,0.5798,2.4022,0.0000062500,0.0008000000,1935.5,0.1
2026-09-04T11:42:24.611+00:00,A_sell_B_buy,-11.0704,-16.9704,4468.9,4469.0,0.2237,31.0419,4473.75,4473.85,0.5798,2.6267,0.0000062500,0.0008000000,0.1,215.9
2026-09-04T11:42:24.611+00:00,B_sell_A_buy,10.6231,4.7231,4468.9,4469.0,0.2237,31.0419,4473.75,4473.85,0.5798,2.6267,0.0000062500,0.0008000000,0.1,215.9
2026-09-04T11:42:25.701+00:00,A_sell_B_buy,-10.0200,-15.9200,4468.9,4469.0,0.2237,53.4188,4473.02,4473.38,2.4032,0.0254,0.0000062500,0.0008000000,262.4,0.1
2026-09-04T11:42:25.701+00:00,B_sell_A_buy,8.9911,3.0911,4468.9,4469.0,0.2237,53.4188,4473.02,4473.38,2.4032,0.0254,0.0000062500,0.0008000000,262.4,0.1
2026-09-04T11:42:26.929+00:00,A_sell_B_buy,-12.1682,-18.0682,4468.0,4468.1,24.3949,23.8319,4473.21,4473.44,1.7161,0.0301,0.0000062500,0.0008000000,237.8,0.1
2026-09-04T11:42:26.929+00:00,B_sell_A_buy,11.4300,5.5300,4468.0,4468.1,24.3949,23.8319,4473.21,4473.44,1.7161,0.0301,0.0000062500,0.0008000000,237.8,0.1
2026-09-04T11:42:28.294+00:00,A_sell_B_buy,-12.2352,-18.1352,4468.0,4468.1,24.3949,24.0555,4473.24,4473.47,1.5278,0.0281,0.0000062500,0.0008000000,1197.7,0.1
2026-09-04T11:42:28.294+00:00,B_sell_A_buy,11.4971,5.5971,4468.0,4468.1,24.3949,24.0555,4473.24,4473.47,1.5278,0.0281,0.0000062500,0.0008000000,1197.7,0.1
2026-09-04T11:42:29.757+00:00,A_sell_B_buy,-12.2352,-18.1352,4468.0,4468.1,24.3949,22.0555,4473.24,4473.47,1.7029,0.0285,0.0000062500,0.0008000000,0.1,407.2
2026-09-04T11:42:29.757+00:00,B_sell_A_buy,11.4971,5.5971,4468.0,4468.1,24.3949,22.0555,4473.24,4473.47,1.7029,0.0285,0.0000062500,0.0008000000,0.1,407.2
2026-09-04T11:42:30.782+00:00,A_sell_B_buy,-12.2351,-18.1351,4468.0,4468.1,24.3949,24.0555,4473.37,4473.47,0.9279,0.0281,0.0000062500,0.0008000000,692.1,0.1
2026-09-04T11:42:30.782+00:00,B_sell_A_buy,11.7878,5.8878,4468.0,4468.1,24.3949,24.0555,4473.37,4473.47,0.9279,0.0281,0.0000062500,0.0008000000,692.1,0.1
2026-09-04T11:42:31.784+00:00,A_sell_B_buy,-12.5258,-18.4258,4468.0,4468.1,24.3027,16.5191,4473.37,4473.6,0.9279,0.0317,0.0000062500,0.0008000000,109.7,0.1
2026-09-04T11:42:31.784+00:00,B_sell_A_buy,11.7877,5.8877,4468.0,4468.1,24.3027,16.5191,4473.37,4473.6,0.9279,0.0317,0.0000062500,0.0008000000,109.7,0.1
2026-09-04T11:42:32.821+00:00,A_sell_B_buy,-12.1458,-18.0458,4468.0,4468.1,24.3027,22.7415,4473.14,4473.43,1.8454,0.0302,0.0000062500,0.0008000000,0.0,101.0
2026-09-04T11:42:32.821+00:00,B_sell_A_buy,11.2735,5.3735,4468.0,4468.1,24.3027,22.7415,4473.14,4473.43,1.8454,0.0302,0.0000062500,0.0008000000,0.0,101.0
2026-09-04T11:42:34.831+00:00,A_sell_B_buy,-12.1010,-18.0010,4468.0,4468.1,24.3027,24.7415,4473.29,4473.41,0.7627,0.0305,0.0000062500,0.0008000000,1561.8,0.1
2026-09-04T11:42:34.831+00:00,B_sell_A_buy,11.6089,5.7089,4468.0,4468.1,24.3027,24.7415,4473.29,4473.41,0.7627,0.0305,0.0000062500,0.0008000000,1561.8,0.1
2026-09-04T11:42:36.050+00:00,A_sell_B_buy,-12.3693,-18.2693,4468.0,4468.1,24.3027,24.7239,4473.3,4473.53,0.1118,0.03,0.0000062500,0.0008000000,0.1,72.3
2026-09-04T11:42:36.050+00:00,B_sell_A_buy,11.6312,5.7312,4468.0,4468.1,24.3027,24.7239,4473.3,4473.53,0.1118,0.03,0.0000062500,0.0008000000,0.1,72.3
2026-09-04T11:42:37.148+00:00,A_sell_B_buy,-12.3693,-18.2693,4468.0,4468.1,24.3027,26.9294,4473.3,4473.53,0.1118,0.0303,0.0000062500,0.0008000000,357.5,0.1
2026-09-04T11:42:37.148+00:00,B_sell_A_buy,11.6312,5.7312,4468.0,4468.1,24.3027,26.9294,4473.3,4473.53,0.1118,0.0303,0.0000062500,0.0008000000,357.5,0.1
2026-09-04T11:42:38.193+00:00,A_sell_B_buy,-12.3693,-18.2693,4468.0,4468.1,24.3027,27.3024,4473.3,4473.53,0.1118,2.0292,0.0000062500,0.0008000000,657.1,0.1
2026-09-04T11:42:38.193+00:00,B_sell_A_buy,11.6312,5.7312,4468.0,4468.1,24.3027,27.3024,4473.3,4473.53,0.1118,2.0292,0.0000062500,0.0008000000,657.1,0.1
2026-09-04T11:42:41.380+00:00,A_sell_B_buy,-12.3693,-18.2693,4468.0,4468.1,24.3027,26.9294,4473.3,4473.53,0.1118,2.0311,0.0000062500,0.0008000000,0.1,217.2
2026-09-04T11:42:41.380+00:00,B_sell_A_buy,11.6312,5.7312,4468.0,4468.1,24.3027,26.9294,4473.3,4473.53,0.1118,2.0311,0.0000062500,0.0008000000,0.1,217.2
2026-09-04T11:42:42.693+00:00,A_sell_B_buy,-12.3693,-18.2693,4468.0,4468.1,24.3027,21.2485,4473.3,4473.53,0.1118,0.0319,0.0000062500,0.0008000000,804.2,0.1
2026-09-04T11:42:42.693+00:00,B_sell_A_buy,11.6312,5.7312,4468.0,4468.1,24.3027,21.2485,4473.3,4473.53,0.1118,0.0319,0.0000062500,0.0008000000,804.2,0.1
2026-09-04T11:42:44.101+00:00,A_sell_B_buy,-10.9608,-16.8608,4468.0,4468.1,0.2238,33.116,4472.86,4472.9,0.1118,5.4999,0.0000062500,0.0008000000,0.1,428.7
2026-09-04T11:42:44.101+00:00,B_sell_A_buy,10.6477,4.7477,4468.0,4468.1,0.2238,33.116,4472.86,4472.9,0.1118,5.4999,0.0000062500,0.0008000000,0.1,428.7
2026-09-04T11:42:45.342+00:00,A_sell_B_buy,-10.3573,-16.2573,4468.0,4468.1,0.2238,33.116,4472.37,4472.63,2.8126,0.1919,0.0000062500,0.0008000000,1241.4,0.1
2026-09-04T11:42:45.342+00:00,B_sell_A_buy,9.5520,3.6520,4468.0,4468.1,0.2238,33.116,4472.37,4472.63,2.8126,0.1919,0.0000062500,0.0008000000,1241.4,0.1
2026-09-04T11:42:46.365+00:00,A_sell_B_buy,-9.6642,-15.5642,4468.0,4468.1,0.2238,70.6773,4472.06,4472.32,2.6153,2.0503,0.0000062500,0.0008000000,0.1,70.7
2026-09-04T11:42:46.365+00:00,B_sell_A_buy,8.8588,2.9588,4468.0,4468.1,0.2238,70.6773,4472.06,4472.32,2.6153,2.0503,0.0000062500,0.0008000000,0.1,70.7
2026-09-04T11:42:47.414+00:00,A_sell_B_buy,-9.5971,-15.4971,4468.0,4468.1,0.2238,70.3043,4472.0,4472.29,0.4808,0.1118,0.0000062500,0.0008000000,0.1,265.8
2026-09-04T11:42:47.414+00:00,B_sell_A_buy,8.7246,2.8246,4468.0,4468.1,0.2238,70.3043,4472.0,4472.29,0.4808,0.1118,0.0000062500,0.0008000000,0.1,265.8
2026-09-04T11:42:48.575+00:00,A_sell_B_buy,-10.6270,-16.5270,4467.4,4467.5,0.2,38.3405,4472.0,4472.15,0.4808,2.1118,0.0000062500,0.0008000000,0.1,847.8
2026-09-04T11:42:48.575+00:00,B_sell_A_buy,10.0676,4.1676,4467.4,4467.5,0.2,38.3405,4472.0,4472.15,0.4808,2.1118,0.0000062500,0.0008000000,0.1,847.8
2026-09-04T11:42:49.964+00:00,A_sell_B_buy,-10.6270,-16.5270,4467.4,4467.5,0.4238,52.9119,4472.0,4472.15,0.4808,2.0,0.0000062500,0.0008000000,818.1,0.1
2026-09-04T11:42:49.964+00:00,B_sell_A_buy,10.0676,4.1676,4467.4,4467.5,0.4238,52.9119,4472.0,4472.15,0.4808,2.0,0.0000062500,0.0008000000,818.1,0.1
2026-09-04T11:42:54.377+00:00,A_sell_B_buy,-10.7612,-16.6612,4467.4,4467.5,0.4238,53.0393,4472.0,4472.21,0.4732,2.1118,0.0000062500,0.0008000000,0.1,1309.8
2026-09-04T11:42:54.377+00:00,B_sell_A_buy,10.0676,4.1676,4467.4,4467.5,0.4238,53.0393,4472.0,4472.21,0.4732,2.1118,0.0000062500,0.0008000000,0.1,1309.8
2026-09-04T11:42:55.482+00:00,A_sell_B_buy,-10.6493,-16.5493,4467.4,4467.5,0.4238,53.0393,4472.0,4472.16,0.4732,0.0623,0.0000062500,0.0008000000,1105.2,0.1
2026-09-04T11:42:55.482+00:00,B_sell_A_buy,10.0676,4.1676,4467.4,4467.5,0.4238,53.0393,4472.0,4472.16,0.4732,0.0623,0.0000062500,0.0008000000,1105.2,0.1
2026-09-04T11:42:56.523+00:00,A_sell_B_buy,-10.3138,-16.2138,4467.4,4467.5,0.4238,53.2695,4472.0,4472.01,0.4732,2.1861,0.0000062500,0.0008000000,982.6,0.1
2026-09-04T11:42:56.523+00:00,B_sell_A_buy,10.0677,4.1677,4467.4,4467.5,0.4238,53.2695,4472.0,4472.01,0.4732,2.1861,0.0000062500,0.0008000000,982.6,0.1
2026-09-04T11:42:57.536+00:00,A_sell_B_buy,-11.5685,-17.4685,4466.5,4466.6,0.2167,17.0759,4471.37,4471.67,2.8401,0.1118,0.0000062500,0.0008000000,0.0,475.6
2026-09-04T11:42:57.536+00:00,B_sell_A_buy,10.6734,4.7734,4466.5,4466.6,0.2167,17.0759,4471.37,4471.67,2.8401,0.1118,0.0000062500,0.0008000000,0.0,475.6
2026-09-04T11:42:58.630+00:00,A_sell_B_buy,-11.5685,-17.4685,4466.5,4466.6,0.2167,25.5642,4471.38,4471.67,1.824,0.1118,0.0000062500,0.0008000000,732.7,0.1
2026-09-04T11:42:58.630+00:00,B_sell_A_buy,10.6958,4.7958,4466.5,4466.6,0.2167,25.5642,4471.38,4471.67,1.824,0.1118,0.0000062500,0.0008000000,732.7,0.1
2026-09-04T11:42:59.992+00:00,A_sell_B_buy,-11.5683,-17.4683,4466.5,4466.6,2.2315,25.5642,4471.62,4471.67,0.7752,0.1118,0.0000062500,0.0008000000,791.7,0.1
2026-09-04T11:42:59.992+00:00,B_sell_A_buy,11.2327,5.3327,4466.5,4466.6,2.2315,25.5642,4471.62,4471.67,0.7752,0.1118,0.0000062500,0.0008000000,791.7,0.1
2026-09-04T11:43:03.431+00:00,A_sell_B_buy,-11.6132,-17.5132,4466.5,4466.6,2.2315,22.809,4471.38,4471.69,2.7761,0.1094,0.0000062500,0.0008000000,0.1,188.8
2026-09-04T11:43:03.431+00:00,B_sell_A_buy,10.6958,4.7958,4466.5,4466.6,2.2315,22.809,4471.38,4471.69,2.7761,0.1094,0.0000062500,0.0008000000,0.1,188.8
2026-09-04T11:43:04.668+00:00,A_sell_B_buy,-11.6132,-17.5132,4466.5,4466.6,2.2315,22.809,4471.38,4471.69,1.3816,0.1094,0.0000062500,0.0008000000,1237.3,0.1
2026-09-04T11:43:04.668+00:00,B_sell_A_buy,10.6958,4.7958,4466.5,4466.6,2.2315,22.809,4471.38,4471.69,1.3816,0.1094,0.0000062500,0.0008000000,1237.3,0.1
2026-09-04T11:43:06.033+00:00,A_sell_B_buy,-11.6132,-17.5132,4466.5,4466.6,2.2315,22.792,4471.41,4471.69,1.0036,0.1094,0.0000062500,0.0008000000,0.0,66.9
2026-09-04T11:43:06.033+00:00,B_sell_A_buy,10.7629,4.8629,4466.5,4466.6,2.2315,22.792,4471.41,4471.69,1.0036,0.1094,0.0000062500,0.0008000000,0.0,66.9
2026-09-04T11:43:07.167+00:00,A_sell_B_buy,-11.2330,-17.1330,4466.5,4466.6,2.2315,25.9334,4471.29,4471.52,3.2354,0.0224,0.0000062500,0.0008000000,0.1,159.4
2026-09-04T11:43:07.167+00:00,B_sell_A_buy,10.4946,4.5946,4466.5,4466.6,2.2315,25.9334,4471.29,4471.52,3.2354,0.0224,0.0000062500,0.0008000000,0.1,159.4
2026-09-04T11:43:08.823+00:00,A_sell_B_buy,-11.2106,-17.1106,4466.5,4466.6,2.2315,26.3065,4471.29,4471.51,3.2354,0.1094,0.0000062500,0.0008000000,1447.7,0.1
2026-09-04T11:43:08.823+00:00,B_sell_A_buy,10.4946,4.5946,4466.5,4466.6,2.2315,26.3065,4471.29,4471.51,3.2354,0.1094,0.0000062500,0.0008000000,1447.7,0.1
2026-09-04T11:43:09.892+00:00,A_sell_B_buy,-11.1883,-17.0883,4466.5,4466.6,0.4405,25.9334,4471.27,4471.5,1.0036,2.0246,0.0000062500,0.0008000000,241.5,0.1
2026-09-04T11:43:09.892+00:00,B_sell_A_buy,10.4498,4.5498,4466.5,4466.6,0.4405,25.9334,4471.27,4471.5,1.0036,2.0246,0.0000062500,0.0008000000,241.5,0.1
2026-09-04T11:43:11.010+00:00,A_sell_B_buy,-11.1212,-17.0212,4466.5,4466.6,0.4405,25.9334,4471.27,4471.47,1.0036,2.0,0.0000062500,0.0008000000,1360.1,0.1
2026-09-04T11:43:11.010+00:00,B_sell_A_buy,10.4499,4.5499,4466.5,4466.6,0.4405,25.9334,4471.27,4471.47,1.0036,2.0,0.0000062500,0.0008000000,1360.1,0.1
2026-09-04T11:43:18.709+00:00,A_sell_B_buy,-11.1883,-17.0883,4466.5,4466.6,0.4405,26.202,4471.27,4471.5,1.0036,2.0239,0.0000062500,0.0008000000,0.1,1413.5
2026-09-04T11:43:18.709+00:00,B_sell_A_buy,10.4498,4.5498,4466.5,4466.6,0.4405,26.202,4471.27,4471.5,1.0036,2.0239,0.0000062500,0.0008000000,0.1,1413.5
2026-09-04T11:43:20.024+00:00,A_sell_B_buy,-11.1659,-17.0659,4466.5,4466.6,0.4405,26.202,4471.27,4471.49,1.0036,0.0239,0.0000062500,0.0008000000,1314.7,0.1
2026-09-04T11:43:20.024+00:00,B_sell_A_buy,10.4498,4.5498,4466.5,4466.6,0.4405,26.202,4471.27,4471.49,1.0036,0.0239,0.0000062500,0.0008000000,1314.7,0.1
2026-09-04T11:43:21.493+00:00,A_sell_B_buy,-11.2329,-17.1329,4466.5,4466.6,0.4405,22.926,4471.43,4471.52,2.3178,0.1094,0.0000062500,0.0008000000,0.1,123.0
2026-09-04T11:43:21.493+00:00,B_sell_A_buy,10.8078,4.9078,4466.5,4466.6,0.4405,22.926,4471.43,4471.52,2.3178,0.1094,0.0000062500,0.0008000000,0.1,123.0
2026-09-04T11:43:23.063+00:00,A_sell_B_buy,-11.5684,-17.4684,4466.5,4466.6,2.2315,22.543,4471.44,4471.67,0.4685,0.1094,0.0000062500,0.0008000000,0.1,1394.6
2026-09-04T11:43:23.063+00:00,B_sell_A_buy,10.8300,4.9300,4466.5,4466.6,2.2315,22.543,4471.44,4471.67,0.4685,0.1094,0.0000062500,0.0008000000,0.1,1394.6
2026-09-04T11:43:25.055+00:00,A_sell_B_buy,-11.5461,-17.4461,4466.5,4466.6,2.2315,22.543,4471.43,4471.66,1.0036,3.2354,0.0000062500,0.0008000000,0.1,1818.0
2026-09-04T11:43:25.055+00:00,B_sell_A_buy,10.8077,4.9077,4466.5,4466.6,2.2315,22.543,4471.43,4471.66,1.0036,3.2354,0.0000062500,0.0008000000,0.1,1818.0
2026-09-04T11:43:26.124+00:00,A_sell_B_buy,-11.5460,-17.4460,4466.5,4466.6,2.2315,22.9161,4471.54,4471.66,1.1288,3.2354,0.0000062500,0.0008000000,0.1,432.9
2026-09-04T11:43:26.124+00:00,B_sell_A_buy,11.0537,5.1537,4466.5,4466.6,2.2315,22.9161,4471.54,4471.66,1.1288,3.2354,0.0000062500,0.0008000000,0.1,432.9
2026-09-04T11:43:28.100+00:00,A_sell_B_buy,-11.5460,-17.4460,4466.5,4466.6,2.2315,23.172,4471.56,4471.66,1.0036,3.2354,0.0000062500,0.0008000000,0.1,1315.5
2026-09-04T11:43:28.100+00:00,B_sell_A_buy,11.0985,5.1985,4466.5,4466.6,2.2315,23.172,4471.56,4471.66,1.0036,3.2354,0.0000062500,0.0008000000,0.1,1315.5
2026-09-04T11:43:29.565+00:00,A_sell_B_buy,-11.5460,-17.4460,4466.5,4466.6,2.2315,23.172,4471.56,4471.66,1.0036,3.5674,0.0000062500,0.0008000000,142.4,0.1
2026-09-04T11:43:29.565+00:00,B_sell_A_buy,11.0985,5.1985,4466.5,4466.6,2.2315,23.172,4471.56,4471.66,1.0036,3.5674,0.0000062500,0.0008000000,142.4,0.1
2026-09-04T11:43:31.311+00:00,A_sell_B_buy,-11.5460,-17.4460,4466.5,4466.6,2.2315,23.172,4471.56,4471.66,1.0036,3.2354,0.0000062500,0.0008000000,1888.4,0.1
2026-09-04T11:43:31.311+00:00,B_sell_A_buy,11.0985,5.1985,4466.5,4466.6,2.2315,23.172,4471.56,4471.66,1.0036,3.2354,0.0000062500,0.0008000000,1888.4,0.1
2026-09-04T11:43:43.910+00:00,A_sell_B_buy,-11.5684,-17.4684,4466.5,4466.6,2.4402,22.6073,4471.56,4471.67,1.0036,0.1094,0.0000062500,0.0008000000,1207.1,0.1
2026-09-04T11:43:43.910+00:00,B_sell_A_buy,11.0985,5.1985,4466.5,4466.6,2.4402,22.6073,4471.56,4471.67,1.0036,0.1094,0.0000062500,0.0008000000,1207.1,0.1
2026-09-04T11:43:45.032+00:00,A_sell_B_buy,-12.1500,-18.0500,4466.5,4466.6,4.991,13.7984,4471.58,4471.93,3.9851,0.1094,0.0000062500,0.0008000000,0.1,164.3
2026-09-04T11:43:45.032+00:00,B_sell_A_buy,11.1431,5.2431,4466.5,4466.6,4.991,13.7984,4471.58,4471.93,3.9851,0.1094,0.0000062500,0.0008000000,0.1,164.3
2026-09-04T11:43:46.203+00:00,A_sell_B_buy,-12.1499,-18.0499,4466.5,4466.6,43.6063,9.4926,4471.59,4471.93,1.0036,0.1094,0.0000062500,0.0008000000,348.3,0.1
2026-09-04T11:43:46.203+00:00,B_sell_A_buy,11.1654,5.2654,4466.5,4466.6,43.6063,9.4926,4471.59,4471.93,1.0036,0.1094,0.0000062500,0.0008000000,348.3,0.1
2026-09-04T11:43:48.663+00:00,A_sell_B_buy,-12.3735,-18.2735,4466.5,4466.6,27.4624,7.4926,4471.8,4472.03,1.3905,2.9189,0.0000062500,0.0008000000,0.1,1939.1
2026-09-04T11:43:48.663+00:00,B_sell_A_buy,11.6351,5.7351,4466.5,4466.6,27.4624,7.4926,4471.8,4472.03,1.3905,2.9189,0.0000062500,0.0008000000,0.1,1939.1
2026-09-04T11:43:49.721+00:00,A_sell_B_buy,-12.7761,-18.6761,4466.5,4466.6,30.8207,6.6973,4471.86,4472.21,0.5226,0.0291,0.0000062500,0.0008000000,0.1,147.1
2026-09-04T11:43:49.721+00:00,B_sell_A_buy,11.7692,5.8692,4466.5,4466.6,30.8207,6.6973,4471.86,4472.21,0.5226,0.0291,0.0000062500,0.0008000000,0.1,147.1
2026-09-04T11:43:51.499+00:00,A_sell_B_buy,-12.8207,-18.7207,4466.5,4466.6,31.2552,6.6973,4472.0,4472.23,1.5338,0.0298,0.0000062500,0.0008000000,1352.6,0.1
2026-09-04T11:43:51.499+00:00,B_sell_A_buy,12.0823,6.1823,4466.5,4466.6,31.2552,6.6973,4472.0,4472.23,1.5338,0.0298,0.0000062500,0.0008000000,1352.6,0.1
2026-09-04T11:43:52.520+00:00,A_sell_B_buy,-12.9324,-18.8324,4466.5,4466.6,33.2552,6.6973,4472.13,4472.28,0.0877,3.2354,0.0000062500,0.0008000000,0.1,466.5
2026-09-04T11:43:52.520+00:00,B_sell_A_buy,12.3731,6.4731,4466.5,4466.6,33.2552,6.6973,4472.13,4472.28,0.0877,3.2354,0.0000062500,0.0008000000,0.1,466.5
2026-09-04T11:43:53.536+00:00,A_sell_B_buy,-13.4021,-19.3021,4466.5,4466.6,90.5604,6.6973,4472.26,4472.49,1.3473,0.0311,0.0000062500,0.0008000000,167.2,0.1
2026-09-04T11:43:53.536+00:00,B_sell_A_buy,12.6637,6.7637,4466.5,4466.6,90.5604,6.6973,4472.26,4472.49,1.3473,0.0311,0.0000062500,0.0008000000,167.2,0.1
2026-09-04T11:43:54.979+00:00,A_sell_B_buy,-13.6927,-19.5927,4466.5,4466.6,90.8956,6.6973,4472.39,4472.62,1.0036,0.0273,0.0000062500,0.0008000000,1242.2,0.1
2026-09-04T11:43:54.979+00:00,B_sell_A_buy,12.9544,7.0544,4466.5,4466.6,90.8956,6.6973,4472.39,4472.62,1.0036,0.0273,0.0000062500,0.0008000000,1242.2,0.1
2026-09-04T11:43:56.118+00:00,A_sell_B_buy,-13.5362,-19.4362,4466.5,4466.6,96.4928,6.6973,4472.39,4472.55,1.0036,0.4586,0.0000062500,0.0008000000,755.1,0.1
2026-09-04T11:43:56.118+00:00,B_sell_A_buy,12.9544,7.0544,4466.5,4466.6,96.4928,6.6973,4472.39,4472.55,1.0036,0.4586,0.0000062500,0.0008000000,755.1,0.1
2026-09-04T11:43:57.451+00:00,A_sell_B_buy,-13.6480,-19.5480,4466.5,4466.6,49.1032,6.6973,4472.39,4472.6,1.0036,5.2354,0.0000062500,0.0008000000,0.1,472.5
2026-09-04T11:43:57.451+00:00,B_sell_A_buy,12.9544,7.0544,4466.5,4466.6,49.1032,6.6973,4472.39,4472.6,1.0036,5.2354,0.0000062500,0.0008000000,0.1,472.5
2026-09-04T11:43:58.513+00:00,A_sell_B_buy,-13.6480,-19.5480,4466.5,4466.6,49.4763,6.6973,4472.39,4472.6,1.0036,5.2354,0.0000062500,0.0008000000,0.1,1534.7
2026-09-04T11:43:58.513+00:00,B_sell_A_buy,12.9544,7.0544,4466.5,4466.6,49.4763,6.6973,4472.39,4472.6,1.0036,5.2354,0.0000062500,0.0008000000,0.1,1534.7
2026-09-04T11:43:59.840+00:00,A_sell_B_buy,-13.6704,-19.5704,4466.5,4466.6,47.1032,6.6973,4472.39,4472.61,1.0036,0.5091,0.0000062500,0.0008000000,332.4,0.1
2026-09-04T11:43:59.840+00:00,B_sell_A_buy,12.9544,7.0544,4466.5,4466.6,47.1032,6.6973,4472.39,4472.61,1.0036,0.5091,0.0000062500,0.0008000000,332.4,0.1
2026-09-04T11:44:01.197+00:00,A_sell_B_buy,-13.6704,-19.5704,4466.5,4466.6,45.1032,6.6973,4472.39,4472.61,1.0036,1.6913,0.0000062500,0.0008000000,844.9,0.1
2026-09-04T11:44:01.197+00:00,B_sell_A_buy,12.9544,7.0544,4466.5,4466.6,45.1032,6.6973,4472.39,4472.61,1.0036,1.6913,0.0000062500,0.0008000000,844.9,0.1
2026-09-04T11:44:03.774+00:00,A_sell_B_buy,-13.6927,-19.5927,4466.5,4466.6,47.1805,6.6973,4472.39,4472.62,0.988,0.2598,0.0000062500,0.0008000000,1752.9,0.1
2026-09-04T11:44:03.774+00:00,B_sell_A_buy,12.9544,7.0544,4466.5,4466.6,47.1805,6.6973,4472.39,4472.62,0.988,0.2598,0.0000062500,0.0008000000,1752.9,0.1
2026-09-04T11:44:04.799+00:00,A_sell_B_buy,-13.6927,-19.5927,4466.5,4466.6,47.1805,6.6973,4472.39,4472.62,0.988,2.0268,0.0000062500,0.0008000000,0.1,363.4
2026-09-04T11:44:04.799+00:00,B_sell_A_buy,12.9544,7.0544,4466.5,4466.6,47.1805,6.6973,4472.39,4472.62,0.988,2.0268,0.0000062500,0.0008000000,0.1,363.4
2026-09-04T11:44:05.800+00:00,A_sell_B_buy,-13.6927,-19.5927,4466.5,4466.6,47.1805,6.6973,4472.39,4472.62,0.988,0.0265,0.0000062500,0.0008000000,1001.4,0.1
2026-09-04T11:44:05.800+00:00,B_sell_A_buy,12.9544,7.0544,4466.5,4466.6,47.1805,6.6973,4472.39,4472.62,0.988,0.0265,0.0000062500,0.0008000000,1001.4,0.1
2026-09-04T11:44:06.897+00:00,A_sell_B_buy,-14.0728,-19.9728,4466.5,4466.6,98.1055,6.6754,4472.56,4472.79,0.0582,2.0304,0.0000062500,0.0008000000,0.1,176.0
2026-09-04T11:44:06.897+00:00,B_sell_A_buy,13.3345,7.4345,4466.5,4466.6,98.1055,6.6754,4472.56,4472.79,0.0582,2.0304,0.0000062500,0.0008000000,0.1,176.0
2026-09-04T11:44:08.024+00:00,A_sell_B_buy,-14.2290,-20.1290,4466.5,4467.0,102.5833,4.2224,4472.63,4472.86,0.1118,0.0269,0.0000062500,0.0008000000,179.1,0.1
2026-09-04T11:44:08.024+00:00,B_sell_A_buy,12.5958,6.6958,4466.5,4467.0,102.5833,4.2224,4472.63,4472.86,0.1118,0.0269,0.0000062500,0.0008000000,179.1,0.1
2026-09-04T11:44:09.036+00:00,A_sell_B_buy,-13.3785,-19.2785,4466.9,4467.0,41.418,10.4197,4472.68,4472.88,1.0036,2.2948,0.0000062500,0.0008000000,179.4,0.1
2026-09-04T11:44:09.036+00:00,B_sell_A_buy,12.7073,6.8073,4466.9,4467.0,41.418,10.4197,4472.68,4472.88,1.0036,2.2948,0.0000062500,0.0008000000,179.4,0.1
2026-09-04T11:44:10.090+00:00,A_sell_B_buy,-13.3785,-19.2785,4466.9,4467.0,50.3149,10.4197,4472.68,4472.88,1.0036,2.8439,0.0000062500,0.0008000000,0.1,979.1
2026-09-04T11:44:10.090+00:00,B_sell_A_buy,12.7073,6.8073,4466.9,4467.0,50.3149,10.4197,4472.68,4472.88,1.0036,2.8439,0.0000062500,0.0008000000,0.1,979.1
2026-09-04T11:44:11.203+00:00,A_sell_B_buy,-13.4456,-19.3456,4466.9,4467.0,50.3149,10.4197,4472.68,4472.91,1.0036,2.4999,0.0000062500,0.0008000000,1114.0,0.1
2026-09-04T11:44:11.203+00:00,B_sell_A_buy,12.7073,6.8073,4466.9,4467.0,50.3149,10.4197,4472.68,4472.91,1.0036,2.4999,0.0000062500,0.0008000000,1114.0,0.1
2026-09-04T11:44:12.512+00:00,A_sell_B_buy,-13.4456,-19.3456,4466.9,4467.0,54.5046,10.4197,4472.68,4472.91,1.0036,2.0247,0.0000062500,0.0008000000,0.1,436.9
2026-09-04T11:44:12.512+00:00,B_sell_A_buy,12.7073,6.8073,4466.9,4467.0,54.5046,10.4197,4472.68,4472.91,1.0036,2.0247,0.0000062500,0.0008000000,0.1,436.9
2026-09-04T11:44:13.548+00:00,A_sell_B_buy,-13.4455,-19.3455,4466.9,4467.0,54.5046,10.4197,4472.74,4472.91,0.7334,2.0247,0.0000062500,0.0008000000,166.8,0.1
2026-09-04T11:44:13.548+00:00,B_sell_A_buy,12.8415,6.9415,4466.9,4467.0,54.5046,10.4197,4472.74,4472.91,0.7334,2.0247,0.0000062500,0.0008000000,166.8,0.1
2026-09-04T11:44:14.690+00:00,A_sell_B_buy,-13.6468,-19.5468,4466.9,4467.0,54.2494,10.4197,4472.77,4473.0,3.2354,0.0341,0.0000062500,0.0008000000,766.3,0.1
2026-09-04T11:44:14.690+00:00,B_sell_A_buy,12.9085,7.0085,4466.9,4467.0,54.2494,10.4197,4472.77,4473.0,3.2354,0.0341,0.0000062500,0.0008000000,766.3,0.1
2026-09-04T11:44:15.735+00:00,A_sell_B_buy,-13.6468,-19.5468,4466.9,4467.0,53.1015,10.4197,4472.77,4473.0,4.239,2.0341,0.0000062500,0.0008000000,0.1,977.5
2026-09-04T11:44:15.735+00:00,B_sell_A_buy,12.9085,7.0085,4466.9,4467.0,53.1015,10.4197,4472.77,4473.0,4.239,2.0341,0.0000062500,0.0008000000,0.1,977.5
2026-09-04T11:44:16.799+00:00,A_sell_B_buy,-13.6468,-19.5468,4466.9,4467.0,55.1015,10.4197,4472.77,4473.0,4.239,2.0333,0.0000062500,0.0008000000,696.5,0.1
2026-09-04T11:44:16.799+00:00,B_sell_A_buy,12.9085,7.0085,4466.9,4467.0,55.1015,10.4197,4472.77,4473.0,4.239,2.0333,0.0000062500,0.0008000000,696.5,0.1
2026-09-04T11:44:18.684+00:00,A_sell_B_buy,-13.6468,-19.5468,4466.9,4467.0,53.1015,10.4197,4472.77,4473.0,4.0714,0.0242,0.0000062500,0.0008000000,0.1,18.0
2026-09-04T11:44:18.684+00:00,B_sell_A_buy,12.9085,7.0085,4466.9,4467.0,53.1015,10.4197,4472.77,4473.0,4.0714,0.0242,0.0000062500,0.0008000000,0.1,18.0
2026-09-04T11:44:19.815+00:00,A_sell_B_buy,-13.6244,-19.5244,4466.9,4467.0,50.9523,10.4197,4472.77,4472.99,4.0714,3.0046,0.0000062500,0.0008000000,0.1,711.8
2026-09-04T11:44:19.815+00:00,B_sell_A_buy,12.9085,7.0085,4466.9,4467.0,50.9523,10.4197,4472.77,4472.99,4.0714,3.0046,0.0000062500,0.0008000000,0.1,711.8
2026-09-04T11:44:20.842+00:00,A_sell_B_buy,-13.6468,-19.5468,4466.9,4467.0,49.5193,10.4197,4472.81,4473.0,0.7247,2.0193,0.0000062500,0.0008000000,0.1,28.2
2026-09-04T11:44:20.842+00:00,B_sell_A_buy,12.9980,7.0980,4466.9,4467.0,49.5193,10.4197,4472.81,4473.0,0.7247,2.0193,0.0000062500,0.0008000000,0.1,28.2
2026-09-04T11:44:22.313+00:00,A_sell_B_buy,-13.6468,-19.5468,4466.9,4467.0,51.7019,10.4197,4472.77,4473.0,3.9038,2.0228,0.0000062500,0.0008000000,1059.4,0.1
2026-09-04T11:44:22.313+00:00,B_sell_A_buy,12.9085,7.0085,4466.9,4467.0,51.7019,10.4197,4472.77,4473.0,3.9038,2.0228,0.0000062500,0.0008000000,1059.4,0.1
2026-09-04T11:44:23.408+00:00,A_sell_B_buy,-13.6468,-19.5468,4466.9,4467.0,53.7019,10.4197,4472.77,4473.0,3.9038,2.0235,0.0000062500,0.0008000000,706.0,0.1
2026-09-04T11:44:23.408+00:00,B_sell_A_buy,12.9085,7.0085,4466.9,4467.0,53.7019,10.4197,4472.77,4473.0,3.9038,2.0235,0.0000062500,0.0008000000,706.0,0.1
2026-09-04T11:44:24.981+00:00,A_sell_B_buy,-13.2891,-19.1891,4466.9,4467.0,39.8132,10.8429,4472.54,4472.84,0.988,2.1535,0.0000062500,0.0008000000,0.1,974.5
2026-09-04T11:44:24.981+00:00,B_sell_A_buy,12.3942,6.4942,4466.9,4467.0,39.8132,10.8429,4472.54,4472.84,0.988,2.1535,0.0000062500,0.0008000000,0.1,974.5
2026-09-04T11:44:26.021+00:00,A_sell_B_buy,-13.1326,-19.0326,4466.9,4467.0,39.8132,10.8429,4472.54,4472.77,0.988,0.0233,0.0000062500,0.0008000000,1040.0,0.1
2026-09-04T11:44:26.021+00:00,B_sell_A_buy,12.3943,6.4943,4466.9,4467.0,39.8132,10.8429,4472.54,4472.77,0.988,0.0233,0.0000062500,0.0008000000,1040.0,0.1
2026-09-04T11:44:28.137+00:00,A_sell_B_buy,-13.1326,-19.0326,4466.9,4467.0,39.8132,12.8429,4472.54,4472.77,0.988,2.8509,0.0000062500,0.0008000000,0.1,367.8
2026-09-04T11:44:28.137+00:00,B_sell_A_buy,12.3943,6.4943,4466.9,4467.0,39.8132,12.8429,4472.54,4472.77,0.988,2.8509,0.0000062500,0.0008000000,0.1,367.8
2026-09-04T11:44:29.309+00:00,A_sell_B_buy,-13.1326,-19.0326,4466.9,4467.0,39.8132,14.6338,4472.54,4472.77,0.988,2.0236,0.0000062500,0.0008000000,499.6,0.1
2026-09-04T11:44:29.309+00:00,B_sell_A_buy,12.3943,6.4943,4466.9,4467.0,39.8132,14.6338,4472.54,4472.77,0.988,2.0236,0.0000062500,0.0008000000,499.6,0.1
2026-09-04T11:44:30.322+00:00,A_sell_B_buy,-13.1328,-19.0328,4466.9,4467.0,39.4921,17.7532,4472.28,4472.77,1.0036,3.2133,0.0000062500,0.0008000000,188.2,0.0
2026-09-04T11:44:30.322+00:00,B_sell_A_buy,11.8128,5.9128,4466.9,4467.0,39.4921,17.7532,4472.28,4472.77,1.0036,3.2133,0.0000062500,0.0008000000,188.2,0.0
2026-09-04T11:44:31.781+00:00,A_sell_B_buy,-12.6631,-18.5631,4466.9,4467.0,2.2044,25.1324,4472.3,4472.56,0.8254,2.255,0.0000062500,0.0008000000,681.8,0.1
2026-09-04T11:44:31.781+00:00,B_sell_A_buy,11.8576,5.9576,4466.9,4467.0,2.2044,25.1324,4472.3,4472.56,0.8254,2.255,0.0000062500,0.0008000000,681.8,0.1
2026-09-04T11:44:32.853+00:00,A_sell_B_buy,-12.5513,-18.4513,4466.9,4467.0,2.1975,25.1324,4472.28,4472.51,1.0036,0.0264,0.0000062500,0.0008000000,643.0,0.1
2026-09-04T11:44:32.853+00:00,B_sell_A_buy,11.8129,5.9129,4466.9,4467.0,2.1975,25.1324,4472.28,4472.51,1.0036,0.0264,0.0000062500,0.0008000000,643.0,0.1
2026-09-04T11:44:33.870+00:00,A_sell_B_buy,-12.5289,-18.4289,4466.9,4467.0,2.1975,21.7745,4472.28,4472.5,1.0036,0.3792,0.0000062500,0.0008000000,22.9,0.0
2026-09-04T11:44:33.870+00:00,B_sell_A_buy,11.8130,5.9130,4466.9,4467.0,2.1975,21.7745,4472.28,4472.5,1.0036,0.3792,0.0000062500,0.0008000000,22.9,0.0
2026-09-04T11:44:34.906+00:00,A_sell_B_buy,-12.0370,-17.9370,4466.9,4467.0,0.4066,28.5908,4472.0,4472.28,0.1118,2.0219,0.0000062500,0.0008000000,71.4,0.0
2026-09-04T11:44:34.906+00:00,B_sell_A_buy,11.1868,5.2868,4466.9,4467.0,0.4066,28.5908,4472.0,4472.28,0.1118,2.0219,0.0000062500,0.0008000000,71.4,0.0
2026-09-04T11:44:36.016+00:00,A_sell_B_buy,-11.8357,-17.7357,4466.9,4467.0,0.4066,31.6918,4472.0,4472.19,0.1118,2.0662,0.0000062500,0.0008000000,0.1,1080.5
2026-09-04T11:44:36.016+00:00,B_sell_A_buy,11.1869,5.2869,4466.9,4467.0,0.4066,31.6918,4472.0,4472.19,0.1118,2.0662,0.0000062500,0.0008000000,0.1,1080.5
2026-09-04T11:44:37.144+00:00,A_sell_B_buy,-11.8357,-17.7357,4466.9,4467.0,0.4066,32.1082,4472.0,4472.19,0.1118,0.1828,0.0000062500,0.0008000000,679.9,0.1
2026-09-04T11:44:37.144+00:00,B_sell_A_buy,11.1869,5.2869,4466.9,4467.0,0.4066,32.1082,4472.0,4472.19,0.1118,0.1828,0.0000062500,0.0008000000,679.9,0.1
2026-09-04T11:44:38.180+00:00,A_sell_B_buy,-11.8357,-17.7357,4466.9,4467.0,0.4066,32.1082,4472.0,4472.19,0.1118,2.1828,0.0000062500,0.0008000000,1714.8,0.1
2026-09-04T11:44:38.180+00:00,B_sell_A_buy,11.1869,5.2869,4466.9,4467.0,0.4066,32.1082,4472.0,4472.19,0.1118,2.1828,0.0000062500,0.0008000000,1714.8,0.1
2026-09-04T11:44:40.697+00:00,A_sell_B_buy,-11.9028,-17.8028,4466.9,4467.0,0.4066,27.9899,4472.0,4472.22,0.1118,2.1087,0.0000062500,0.0008000000,0.1,207.7
2026-09-04T11:44:40.697+00:00,B_sell_A_buy,11.1869,5.2869,4466.9,4467.0,0.4066,27.9899,4472.0,4472.22,0.1118,2.1087,0.0000062500,0.0008000000,0.1,207.7
2026-09-04T11:44:41.706+00:00,A_sell_B_buy,-12.5736,-18.4736,4466.9,4467.0,2.1975,18.3081,4472.31,4472.52,1.0036,0.6152,0.0000062500,0.0008000000,77.6,0.1
2026-09-04T11:44:41.706+00:00,B_sell_A_buy,11.8800,5.9800,4466.9,4467.0,2.1975,18.3081,4472.31,4472.52,1.0036,0.6152,0.0000062500,0.0008000000,77.6,0.1
2026-09-04T11:44:42.773+00:00,A_sell_B_buy,-12.5736,-18.4736,4466.9,4467.0,38.5667,13.8164,4472.31,4472.52,1.0036,2.6152,0.0000062500,0.0008000000,0.1,279.7
2026-09-04T11:44:42.773+00:00,B_sell_A_buy,11.8800,5.9800,4466.9,4467.0,38.5667,13.8164,4472.31,4472.52,1.0036,2.6152,0.0000062500,0.0008000000,0.1,279.7
2026-09-04T11:44:44.296+00:00,A_sell_B_buy,-12.5736,-18.4736,4466.9,4467.0,38.5667,13.8164,4472.31,4472.52,1.0036,2.6152,0.0000062500,0.0008000000,1523.0,0.1
2026-09-04T11:44:44.296+00:00,B_sell_A_buy,11.8800,5.9800,4466.9,4467.0,38.5667,13.8164,4472.31,4472.52,1.0036,2.6152,0.0000062500,0.0008000000,1523.0,0.1
2026-09-04T11:44:45.637+00:00,A_sell_B_buy,-12.5736,-18.4736,4466.9,4467.0,38.5667,11.8164,4472.31,4472.52,1.0036,0.6152,0.0000062500,0.0008000000,0.1,1135.2
2026-09-04T11:44:45.637+00:00,B_sell_A_buy,11.8800,5.9800,4466.9,4467.0,38.5667,11.8164,4472.31,4472.52,1.0036,0.6152,0.0000062500,0.0008000000,0.1,1135.2
2026-09-04T11:44:46.989+00:00,A_sell_B_buy,-12.5736,-18.4736,4466.9,4467.0,38.5667,11.8164,4472.38,4472.52,0.5805,0.6152,0.0000062500,0.0008000000,1351.8,0.1
2026-09-04T11:44:46.989+00:00,B_sell_A_buy,12.0366,6.1366,4466.9,4467.0,38.5667,11.8164,4472.38,4472.52,0.5805,0.6152,0.0000062500,0.0008000000,1351.8,0.1
2026-09-04T11:44:48.054+00:00,A_sell_B_buy,-12.5959,-18.4959,4466.9,4467.0,38.5667,7.8573,4472.39,4472.53,1.0036,0.1118,0.0000062500,0.0008000000,605.0,0.1
2026-09-04T11:44:48.054+00:00,B_sell_A_buy,12.0590,6.1590,4466.9,4467.0,38.5667,7.8573,4472.39,4472.53,1.0036,0.1118,0.0000062500,0.0008000000,605.0,0.1
2026-09-04T11:44:49.816+00:00,A_sell_B_buy,-12.5959,-18.4959,4466.9,4467.0,38.5667,11.9756,4472.4,4472.53,3.2354,0.1118,0.0000062500,0.0008000000,1606.0,0.1
2026-09-04T11:44:49.816+00:00,B_sell_A_buy,12.0813,6.1813,4466.9,4467.0,38.5667,11.9756,4472.4,4472.53,3.2354,0.1118,0.0000062500,0.0008000000,1606.0,0.1
2026-09-04T11:44:50.870+00:00,A_sell_B_buy,-13.5797,-19.4797,4466.9,4467.0,48.5074,10.8156,4472.74,4472.97,0.3785,0.0312,0.0000062500,0.0008000000,236.9,0.0
2026-09-04T11:44:50.870+00:00,B_sell_A_buy,12.8414,6.9414,4466.9,4467.0,48.5074,10.8156,4472.74,4472.97,0.3785,0.0312,0.0000062500,0.0008000000,236.9,0.0
2026-09-04T11:44:52.337+00:00,A_sell_B_buy,-13.5573,-19.4573,4466.9,4467.0,51.5537,10.8156,4472.76,4472.96,0.7431,0.1118,0.0000062500,0.0008000000,846.9,0.1
2026-09-04T11:44:52.337+00:00,B_sell_A_buy,12.8862,6.9862,4466.9,4467.0,51.5537,10.8156,4472.76,4472.96,0.7431,0.1118,0.0000062500,0.0008000000,846.9,0.1
2026-09-04T11:44:53.545+00:00,A_sell_B_buy,-14.2951,-20.1951,4466.9,4467.0,104.1604,3.6183,4473.06,4473.29,0.836,0.0299,0.0000062500,0.0008000000,234.1,0.1
2026-09-04T11:44:53.545+00:00,B_sell_A_buy,13.5569,7.6569,4466.9,4467.0,104.1604,3.6183,4473.06,4473.29,0.836,0.0299,0.0000062500,0.0008000000,234.1,0.1
2026-09-04T11:44:54.553+00:00,A_sell_B_buy,-14.2727,-20.1727,4466.9,4467.0,103.7874,2.5492,4473.06,4473.28,1.1925,0.1118,0.0000062500,0.0008000000,70.7,0.0
2026-09-04T11:44:54.553+00:00,B_sell_A_buy,13.5569,7.6569,4466.9,4467.0,103.7874,2.5492,4473.06,4473.28,1.1925,0.1118,0.0000062500,0.0008000000,70.7,0.0
2026-09-04T11:44:55.583+00:00,A_sell_B_buy,-14.3167,-20.2167,4466.9,4467.8,103.7874,1.1796,4473.24,4473.3,0.4717,0.1118,0.0000062500,0.0008000000,0.1,343.4
2026-09-04T11:44:55.583+00:00,B_sell_A_buy,12.1692,6.2692,4466.9,4467.8,103.7874,1.1796,4473.24,4473.3,0.4717,0.1118,0.0000062500,0.0008000000,0.1,343.4
2026-09-04T11:44:56.914+00:00,A_sell_B_buy,-12.5266,-18.4266,4467.7,4467.8,33.7729,10.8768,4473.19,4473.3,3.2354,0.1118,0.0000062500,0.0008000000,0.1,891.3
2026-09-04T11:44:56.914+00:00,B_sell_A_buy,12.0568,6.1568,4467.7,4467.8,33.7729,10.8768,4473.19,4473.3,3.2354,0.1118,0.0000062500,0.0008000000,0.1,891.3
2026-09-04T11:44:58.098+00:00,A_sell_B_buy,-12.5266,-18.4266,4467.7,4467.8,33.9967,10.8768,4473.19,4473.3,3.2354,0.1118,0.0000062500,0.0008000000,297.3,0.1
2026-09-04T11:44:58.098+00:00,B_sell_A_buy,12.0568,6.1568,4467.7,4467.8,33.9967,10.8768,4473.19,4473.3,3.2354,0.1118,0.0000062500,0.0008000000,297.3,0.1
2026-09-04T11:44:59.282+00:00,A_sell_B_buy,-12.7949,-18.6949,4467.7,4467.8,33.7729,10.8768,4473.2,4473.42,1.3204,0.0311,0.0000062500,0.0008000000,485.7,0.1
2026-09-04T11:44:59.282+00:00,B_sell_A_buy,12.0791,6.1791,4467.7,4467.8,33.7729,10.8768,4473.2,4473.42,1.3204,0.0311,0.0000062500,0.0008000000,485.7,0.1
2026-09-04T11:45:00.430+00:00,A_sell_B_buy,-12.7502,-18.6502,4467.7,4467.8,34.1081,8.0859,4473.22,4473.4,1.614,0.1118,0.0000062500,0.0008000000,0.1,562.0
2026-09-04T11:45:00.430+00:00,B_sell_A_buy,12.1238,6.2238,4467.7,4467.8,34.1081,8.0859,4473.22,4473.4,1.614,0.1118,0.0000062500,0.0008000000,0.1,562.0
2026-09-04T11:45:01.796+00:00,A_sell_B_buy,-12.7502,-18.6502,4467.7,4467.8,34.4292,9.8765,4473.22,4473.4,1.2125,0.1118,0.0000062500,0.0008000000,368.4,0.1
2026-09-04T11:45:01.796+00:00,B_sell_A_buy,12.1238,6.2238,4467.7,4467.8,34.4292,9.8765,4473.22,4473.4,1.2125,0.1118,0.0000062500,0.0008000000,368.4,0.1
2026-09-04T11:45:03.182+00:00,A_sell_B_buy,-12.7502,-18.6502,4467.7,4467.8,34.4292,9.8765,4473.22,4473.4,1.0449,0.1094,0.0000062500,0.0008000000,0.1,1047.7
2026-09-04T11:45:03.182+00:00,B_sell_A_buy,12.1238,6.2238,4467.7,4467.8,34.4292,9.8765,4473.22,4473.4,1.0449,0.1094,0.0000062500,0.0008000000,0.1,1047.7
2026-09-04T11:45:05.428+00:00,A_sell_B_buy,-12.7502,-18.6502,4467.7,4467.8,34.4292,13.6809,4473.22,4473.4,1.0898,0.1094,0.0000062500,0.0008000000,1538.1,0.1
2026-09-04T11:45:05.428+00:00,B_sell_A_buy,12.1238,6.2238,4467.7,4467.8,34.4292,13.6809,4473.22,4473.4,1.0898,0.1094,0.0000062500,0.0008000000,1538.1,0.1
2026-09-04T11:45:06.443+00:00,A_sell_B_buy,-13.2420,-19.1420,4467.7,4467.8,49.9072,6.6973,4473.43,4473.62,1.4301,0.1094,0.0000062500,0.0008000000,127.8,0.1
2026-09-04T11:45:06.443+00:00,B_sell_A_buy,12.5933,6.6933,4467.7,4467.8,49.9072,6.6973,4473.43,4473.62,1.4301,0.1094,0.0000062500,0.0008000000,127.8,0.1
2026-09-04T11:45:07.761+00:00,A_sell_B_buy,-13.5996,-19.4996,4467.7,4467.8,100.1805,6.1973,4473.55,4473.78,1.0036,0.1094,0.0000062500,0.0008000000,359.2,0.1
2026-09-04T11:45:07.761+00:00,B_sell_A_buy,12.8615,6.9615,4467.7,4467.8,100.1805,6.1973,4473.55,4473.78,1.0036,0.1094,0.0000062500,0.0008000000,359.2,0.1
2026-09-04T11:45:08.839+00:00,A_sell_B_buy,-13.8678,-19.7678,4467.7,4467.8,102.4188,6.1973,4473.72,4473.9,1.0036,0.1094,0.0000062500,0.0008000000,168.0,0.1
2026-09-04T11:45:08.839+00:00,B_sell_A_buy,13.2415,7.3415,4467.7,4467.8,102.4188,6.1973,4473.72,4473.9,1.0036,0.1094,0.0000062500,0.0008000000,168.0,0.1
2026-09-04T11:45:10.067+00:00,A_sell_B_buy,-13.8678,-19.7678,4467.7,4467.8,102.0458,6.1973,4473.73,4473.9,0.409,0.1094,0.0000062500,0.0008000000,733.5,0.1
2026-09-04T11:45:10.067+00:00,B_sell_A_buy,13.2639,7.3639,4467.7,4467.8,102.0458,6.1973,4473.73,4473.9,0.409,0.1094,0.0000062500,0.0008000000,733.5,0.1
2026-09-04T11:45:11.069+00:00,A_sell_B_buy,-13.3292,-19.2292,4468.4,4468.5,2.5759,3.8044,4474.25,4474.36,4.1124,0.1094,0.0000062500,0.0008000000,0.0,362.8
2026-09-04T11:45:11.069+00:00,B_sell_A_buy,12.8596,6.9596,4468.4,4468.5,2.5759,3.8044,4474.25,4474.36,4.1124,0.1094,0.0000062500,0.0008000000,0.0,362.8
2026-09-04T11:45:12.086+00:00,A_sell_B_buy,-13.3740,-19.2740,4468.4,4468.5,47.7482,10.4017,4474.16,4474.38,1.0036,0.1268,0.0000062500,0.0008000000,0.1,325.8
2026-09-04T11:45:12.086+00:00,B_sell_A_buy,12.6583,6.7583,4468.4,4468.5,47.7482,10.4017,4474.16,4474.38,1.0036,0.1268,0.0000062500,0.0008000000,0.1,325.8
2026-09-04T11:45:13.191+00:00,A_sell_B_buy,-13.3740,-19.2740,4468.4,4468.5,49.7482,10.7439,4474.16,4474.38,1.0036,2.1094,0.0000062500,0.0008000000,0.1,670.7
2026-09-04T11:45:13.191+00:00,B_sell_A_buy,12.6583,6.7583,4468.4,4468.5,49.7482,10.7439,4474.16,4474.38,1.0036,2.1094,0.0000062500,0.0008000000,0.1,670.7
2026-09-04T11:45:14.252+00:00,A_sell_B_buy,-13.3739,-19.2739,4468.4,4468.5,51.7482,10.7439,4474.26,4474.38,0.2973,2.1094,0.0000062500,0.0008000000,957.8,0.1
2026-09-04T11:45:14.252+00:00,B_sell_A_buy,12.8819,6.9819,4468.4,4468.5,51.7482,10.7439,4474.26,4474.38,0.2973,2.1094,0.0000062500,0.0008000000,957.8,0.1
2026-09-04T11:45:15.265+00:00,A_sell_B_buy,-13.7540,-19.6540,4468.4,4468.5,52.1211,10.4017,4474.27,4474.55,0.4281,0.1094,0.0000062500,0.0008000000,598.0,0.0
2026-09-04T11:45:15.265+00:00,B_sell_A_buy,12.9041,7.0041,4468.4,4468.5,52.1211,10.4017,4474.27,4474.55,0.4281,0.1094,0.0000062500,0.0008000000,598.0,0.0
2026-09-04T11:45:16.273+00:00,A_sell_B_buy,-13.7540,-19.6540,4468.4,4468.5,52.4422,10.4017,4474.26,4474.55,0.4133,0.1094,0.0000062500,0.0008000000,0.0,197.9
2026-09-04T11:45:16.273+00:00,B_sell_A_buy,12.8818,6.9818,4468.4,4468.5,52.4422,10.4017,4474.26,4474.55,0.4133,0.1094,0.0000062500,0.0008000000,0.0,197.9
2026-09-04T11:45:17.293+00:00,A_sell_B_buy,-13.7539,-19.6539,4468.4,4468.5,52.4422,10.4017,4474.4,4474.55,0.5227,0.1094,0.0000062500,0.0008000000,1020.4,0.1
2026-09-04T11:45:17.293+00:00,B_sell_A_buy,13.1948,7.2948,4468.4,4468.5,52.4422,10.4017,4474.4,4474.55,0.5227,0.1094,0.0000062500,0.0008000000,1020.4,0.1
2026-09-04T11:45:20.524+00:00,A_sell_B_buy,-13.7539,-19.6539,4468.4,4468.5,52.0693,10.4017,4474.34,4474.55,1.0036,2.1075,0.0000062500,0.0008000000,0.1,47.9
2026-09-04T11:45:20.524+00:00,B_sell_A_buy,13.0606,7.1606,4468.4,4468.5,52.0693,10.4017,4474.34,4474.55,1.0036,2.1075,0.0000062500,0.0008000000,0.1,47.9
2026-09-04T11:45:22.593+00:00,A_sell_B_buy,-13.7539,-19.6539,4468.4,4468.5,52.666,10.4017,4474.34,4474.55,1.0036,2.1075,0.0000062500,0.0008000000,0.1,1962.5
2026-09-04T11:45:22.593+00:00,B_sell_A_buy,13.0606,7.1606,4468.4,4468.5,52.666,10.4017,4474.34,4474.55,1.0036,2.1075,0.0000062500,0.0008000000,0.1,1962.5
2026-09-04T11:45:23.633+00:00,A_sell_B_buy,-13.7539,-19.6539,4468.4,4468.5,52.4422,10.4017,4474.34,4474.55,1.0036,0.1075,0.0000062500,0.0008000000,893.1,0.1
2026-09-04T11:45:23.633+00:00,B_sell_A_buy,13.0606,7.1606,4468.4,4468.5,52.4422,10.4017,4474.34,4474.55,1.0036,0.1075,0.0000062500,0.0008000000,893.1,0.1
2026-09-04T11:45:26.530+00:00,A_sell_B_buy,-13.5752,-19.4752,4468.4,4468.5,49.8055,10.9468,4474.23,4474.47,0.0042,2.0183,0.0000062500,0.0008000000,0.1,409.7
2026-09-04T11:45:26.530+00:00,B_sell_A_buy,12.8148,6.9148,4468.4,4468.5,49.8055,10.9468,4474.23,4474.47,0.0042,2.0183,0.0000062500,0.0008000000,0.1,409.7
2026-09-04T11:45:27.663+00:00,A_sell_B_buy,-13.4634,-19.3634,4468.4,4468.5,50.1784,10.7424,4474.23,4474.42,0.0042,0.1075,0.0000062500,0.0008000000,0.1,547.1
2026-09-04T11:45:27.663+00:00,B_sell_A_buy,12.8148,6.9148,4468.4,4468.5,50.1784,10.7424,4474.23,4474.42,0.0042,0.1075,0.0000062500,0.0008000000,0.1,547.1
2026-09-04T11:45:28.711+00:00,A_sell_B_buy,-13.4634,-19.3634,4468.4,4468.5,50.1784,10.7424,4474.23,4474.42,0.0042,0.1075,0.0000062500,0.0008000000,1047.9,0.1
2026-09-04T11:45:28.711+00:00,B_sell_A_buy,12.8148,6.9148,4468.4,4468.5,50.1784,10.7424,4474.23,4474.42,0.0042,0.1075,0.0000062500,0.0008000000,1047.9,0.1
2026-09-04T11:45:30.573+00:00,A_sell_B_buy,-13.4633,-19.3633,4468.4,4468.5,49.8055,10.7424,4474.32,4474.42,0.2701,0.1075,0.0000062500,0.0008000000,0.1,260.0
2026-09-04T11:45:30.573+00:00,B_sell_A_buy,13.0160,7.1160,4468.4,4468.5,49.8055,10.7424,4474.32,4474.42,0.2701,0.1075,0.0000062500,0.0008000000,0.1,260.0
2026-09-04T11:45:31.658+00:00,A_sell_B_buy,-14.4468,-20.3468,4468.4,4468.5,100.8238,3.7044,4474.57,4474.86,1.8515,0.1117,0.0000062500,0.0008000000,0.1,183.5
2026-09-04T11:45:31.658+00:00,B_sell_A_buy,13.5746,7.6746,4468.4,4468.5,100.8238,3.7044,4474.57,4474.86,1.8515,0.1117,0.0000062500,0.0008000000,0.1,183.5
2026-09-04T11:45:32.658+00:00,A_sell_B_buy,-14.4468,-20.3468,4468.4,4468.5,146.2285,3.7044,4474.56,4474.86,3.0544,0.1093,0.0000062500,0.0008000000,0.1,580.7
2026-09-04T11:45:32.658+00:00,B_sell_A_buy,13.5523,7.6523,4468.4,4468.5,146.2285,3.7044,4474.56,4474.86,3.0544,0.1093,0.0000062500,0.0008000000,0.1,580.7
2026-09-04T11:45:34.066+00:00,A_sell_B_buy,-14.4467,-20.3467,4468.4,4468.5,145.1387,3.7044,4474.65,4474.86,2.3012,0.1093,0.0000062500,0.0008000000,0.1,1075.9
2026-09-04T11:45:34.066+00:00,B_sell_A_buy,13.7535,7.8535,4468.4,4468.5,145.1387,3.7044,4474.65,4474.86,2.3012,0.1093,0.0000062500,0.0008000000,0.1,1075.9
2026-09-04T11:45:35.194+00:00,A_sell_B_buy,-14.4466,-20.3466,4468.4,4468.5,145.1387,3.7044,4474.81,4474.86,0.5144,0.1093,0.0000062500,0.0008000000,1129.1,0.1
2026-09-04T11:45:35.194+00:00,B_sell_A_buy,14.1111,8.2111,4468.4,4468.5,145.1387,3.7044,4474.81,4474.86,0.5144,0.1093,0.0000062500,0.0008000000,1129.1,0.1
2026-09-04T11:45:36.403+00:00,A_sell_B_buy,-14.8490,-20.7490,4468.4,4468.5,145.1387,3.6866,4474.81,4475.04,0.5144,0.0173,0.0000062500,0.0008000000,325.6,0.1
2026-09-04T11:45:36.403+00:00,B_sell_A_buy,14.1110,8.2110,4468.4,4468.5,145.1387,3.6866,4474.81,4475.04,0.5144,0.0173,0.0000062500,0.0008000000,325.6,0.1
2026-09-04T11:45:38.004+00:00,A_sell_B_buy,-14.6480,-20.5480,4468.4,4468.5,145.1387,3.1866,4474.51,4474.95,3.222,2.1093,0.0000062500,0.0008000000,880.0,0.1
2026-09-04T11:45:38.004+00:00,B_sell_A_buy,13.4404,7.5404,4468.4,4468.5,145.1387,3.1866,4474.51,4474.95,3.222,2.1093,0.0000062500,0.0008000000,880.0,0.1
2026-09-04T11:45:40.980+00:00,A_sell_B_buy,-14.2229,-20.1229,4468.5,4468.6,2.1413,4.5725,4474.63,4474.86,1.0036,2.1093,0.0000062500,0.0008000000,0.1,909.4
2026-09-04T11:45:40.980+00:00,B_sell_A_buy,13.4850,7.5850,4468.5,4468.6,2.1413,4.5725,4474.63,4474.86,1.0036,2.1093,0.0000062500,0.0008000000,0.1,909.4
2026-09-04T11:45:42.618+00:00,A_sell_B_buy,-14.2229,-20.1229,4468.5,4468.6,92.2948,6.6973,4474.63,4474.86,0.846,2.1093,0.0000062500,0.0008000000,740.8,0.1
2026-09-04T11:45:42.618+00:00,B_sell_A_buy,13.4850,7.5850,4468.5,4468.6,92.2948,6.6973,4474.63,4474.86,0.846,2.1093,0.0000062500,0.0008000000,740.8,0.1
2026-09-04T11:45:43.906+00:00,A_sell_B_buy,-14.2226,-20.1226,4468.5,4469.0,92.9888,0.2076,4474.63,4474.86,0.846,0.1093,0.0000062500,0.0008000000,0.1,387.3
2026-09-04T11:45:43.906+00:00,B_sell_A_buy,12.5902,6.6902,4468.5,4469.0,92.9888,0.2076,4474.63,4474.86,0.846,0.1093,0.0000062500,0.0008000000,0.1,387.3
2026-09-04T11:45:44.918+00:00,A_sell_B_buy,-13.2384,-19.1384,4468.9,4469.0,40.8894,10.1889,4474.63,4474.82,0.01,0.4902,0.0000062500,0.0008000000,0.1,94.9
2026-09-04T11:45:44.918+00:00,B_sell_A_buy,12.5899,6.6899,4468.9,4469.0,40.8894,10.1889,4474.63,4474.82,0.01,0.4902,0.0000062500,0.0008000000,0.1,94.9
2026-09-04T11:45:46.107+00:00,A_sell_B_buy,-12.8809,-18.7809,4468.9,4469.0,28.9848,10.5618,4474.43,4474.66,1.0136,2.1093,0.0000062500,0.0008000000,234.9,0.1
2026-09-04T11:45:46.107+00:00,B_sell_A_buy,12.1429,6.2429,4468.9,4469.0,28.9848,10.5618,4474.43,4474.66,1.0136,2.1093,0.0000062500,0.0008000000,234.9,0.1
2026-09-04T11:45:48.155+00:00,A_sell_B_buy,-12.8809,-18.7809,4468.9,4469.0,30.7749,10.1889,4474.43,4474.66,1.0136,0.1093,0.0000062500,0.0008000000,1227.2,0.1
2026-09-04T11:45:48.155+00:00,B_sell_A_buy,12.1429,6.2429,4468.9,4469.0,30.7749,10.1889,4474.43,4474.66,1.0136,0.1093,0.0000062500,0.0008000000,1227.2,0.1
2026-09-04T11:45:50.000+00:00,A_sell_B_buy,-12.8808,-18.7808,4468.9,4469.0,30.7749,13.7898,4474.55,4474.66,0.1998,0.1093,0.0000062500,0.0008000000,0.1,464.0
2026-09-04T11:45:50.000+00:00,B_sell_A_buy,12.4112,6.5112,4468.9,4469.0,30.7749,13.7898,4474.55,4474.66,0.1998,0.1093,0.0000062500,0.0008000000,0.1,464.0
2026-09-04T11:45:51.200+00:00,A_sell_B_buy,-12.8808,-18.7808,4468.9,4469.0,27.804,16.6853,4474.47,4474.66,1.0036,0.1093,0.0000062500,0.0008000000,0.1,384.7
2026-09-04T11:45:51.200+00:00,B_sell_A_buy,12.2323,6.3323,4468.9,4469.0,27.804,16.6853,4474.47,4474.66,1.0036,0.1093,0.0000062500,0.0008000000,0.1,384.7
2026-09-04T11:45:52.330+00:00,A_sell_B_buy,-12.8808,-18.7808,4468.9,4469.0,30.2338,15.0582,4474.53,4474.66,0.3278,0.1093,0.0000062500,0.0008000000,246.1,0.1
2026-09-04T11:45:52.330+00:00,B_sell_A_buy,12.3665,6.4665,4468.9,4469.0,30.2338,15.0582,4474.53,4474.66,0.3278,0.1093,0.0000062500,0.0008000000,246.1,0.1
2026-09-04T11:45:53.719+00:00,A_sell_B_buy,-12.8808,-18.7808,4468.9,4469.0,30.2338,14.6853,4474.47,4474.66,1.0036,2.1093,0.0000062500,0.0008000000,1011.2,0.1
2026-09-04T11:45:53.719+00:00,B_sell_A_buy,12.2323,6.3323,4468.9,4469.0,30.2338,14.6853,4474.47,4474.66,1.0036,2.1093,0.0000062500,0.0008000000,1011.2,0.1
2026-09-04T11:45:56.334+00:00,A_sell_B_buy,-12.8808,-18.7808,4468.9,4469.0,30.2338,11.0844,4474.47,4474.66,0.836,2.1093,0.0000062500,0.0008000000,0.1,413.8
2026-09-04T11:45:56.334+00:00,B_sell_A_buy,12.2323,6.3323,4468.9,4469.0,30.2338,11.0844,4474.47,4474.66,0.836,2.1093,0.0000062500,0.0008000000,0.1,413.8
2026-09-04T11:45:57.344+00:00,A_sell_B_buy,-12.4339,-18.3339,4468.9,4469.0,23.1134,24.6267,4474.28,4474.46,3.2221,0.1093,0.0000062500,0.0008000000,148.3,0.1
2026-09-04T11:45:57.344+00:00,B_sell_A_buy,11.8077,5.9077,4468.9,4469.0,23.1134,24.6267,4474.28,4474.46,3.2221,0.1093,0.0000062500,0.0008000000,148.3,0.1
2026-09-04T11:45:58.399+00:00,A_sell_B_buy,-12.4339,-18.3339,4468.9,4469.0,23.4486,21.3532,4474.28,4474.46,3.2221,0.1093,0.0000062500,0.0008000000,0.1,95.8
2026-09-04T11:45:58.399+00:00,B_sell_A_buy,11.8077,5.9077,4468.9,4469.0,23.4486,21.3532,4474.28,4474.46,3.2221,0.1093,0.0000062500,0.0008000000,0.1,95.8
2026-09-04T11:45:59.497+00:00,A_sell_B_buy,-12.4339,-18.3339,4468.9,4469.0,23.4486,21.4803,4474.29,4474.46,3.2354,0.1093,0.0000062500,0.0008000000,0.1,172.1
2026-09-04T11:45:59.497+00:00,B_sell_A_buy,11.8301,5.9301,4468.9,4469.0,23.4486,21.4803,4474.29,4474.46,3.2354,0.1093,0.0000062500,0.0008000000,0.1,172.1
2026-09-04T11:46:00.517+00:00,A_sell_B_buy,-13.5513,-19.4513,4468.9,4469.0,27.8696,10.328,4474.75,4474.96,0.6208,0.1093,0.0000062500,0.0008000000,493.0,0.1
2026-09-04T11:46:00.517+00:00,B_sell_A_buy,12.8581,6.9581,4468.9,4469.0,27.8696,10.328,4474.75,4474.96,0.6208,0.1093,0.0000062500,0.0008000000,493.0,0.1
2026-09-04T11:46:01.805+00:00,A_sell_B_buy,-13.5512,-19.4512,4468.9,4469.0,53.96,6.6973,4474.8,4474.96,2.0141,0.1069,0.0000062500,0.0008000000,522.1,0.1
2026-09-04T11:46:01.805+00:00,B_sell_A_buy,12.9698,7.0698,4468.9,4469.0,53.96,6.6973,4474.8,4474.96,2.0141,0.1069,0.0000062500,0.0008000000,522.1,0.1
2026-09-04T11:46:02.924+00:00,A_sell_B_buy,-13.4618,-19.3618,4468.9,4469.0,54.3329,6.6973,4474.77,4474.92,0.836,0.6514,0.0000062500,0.0008000000,1034.4,0.1
2026-09-04T11:46:02.924+00:00,B_sell_A_buy,12.9028,7.0028,4468.9,4469.0,54.3329,6.6973,4474.77,4474.92,0.836,0.6514,0.0000062500,0.0008000000,1034.4,0.1
2026-09-04T11:46:04.058+00:00,A_sell_B_buy,-13.5513,-19.4513,4468.9,4469.0,51.0249,8.4874,4474.77,4474.96,0.836,2.1069,0.0000062500,0.0008000000,0.1,686.2
2026-09-04T11:46:04.058+00:00,B_sell_A_buy,12.9028,7.0028,4468.9,4469.0,51.0249,8.4874,4474.77,4474.96,0.836,2.1069,0.0000062500,0.0008000000,0.1,686.2
2026-09-04T11:46:05.322+00:00,A_sell_B_buy,-13.5513,-19.4513,4468.9,4469.0,49.1601,13.1924,4474.67,4474.96,1.0919,0.1069,0.0000062500,0.0008000000,437.9,0.1
2026-09-04T11:46:05.322+00:00,B_sell_A_buy,12.6792,6.7792,4468.9,4469.0,49.1601,13.1924,4474.67,4474.96,1.0919,0.1069,0.0000062500,0.0008000000,437.9,0.1
2026-09-04T11:46:06.371+00:00,A_sell_B_buy,-13.5513,-19.4513,4468.9,4469.0,49.1601,13.1797,4474.67,4474.96,1.0659,0.1069,0.0000062500,0.0008000000,392.9,0.1
2026-09-04T11:46:06.371+00:00,B_sell_A_buy,12.6792,6.7792,4468.9,4469.0,49.1601,13.1797,4474.67,4474.96,1.0659,0.1069,0.0000062500,0.0008000000,392.9,0.1
2026-09-04T11:46:07.721+00:00,A_sell_B_buy,-13.5513,-19.4513,4468.9,4469.0,49.1601,13.1797,4474.67,4474.96,1.0659,0.1069,0.0000062500,0.0008000000,1742.4,0.1
2026-09-04T11:46:07.721+00:00,B_sell_A_buy,12.6792,6.7792,4468.9,4469.0,49.1601,13.1797,4474.67,4474.96,1.0659,0.1069,0.0000062500,0.0008000000,1742.4,0.1
2026-09-04T11:46:09.009+00:00,A_sell_B_buy,-13.5514,-19.4514,4468.9,4469.0,48.7872,13.1797,4474.6,4474.96,3.2219,0.1069,0.0000062500,0.0008000000,662.6,0.1
2026-09-04T11:46:09.009+00:00,B_sell_A_buy,12.5227,6.6227,4468.9,4469.0,48.7872,13.1797,4474.6,4474.96,3.2219,0.1069,0.0000062500,0.0008000000,662.6,0.1
2026-09-04T11:46:10.059+00:00,A_sell_B_buy,-13.5513,-19.4513,4468.9,4469.0,45.8036,13.1797,4474.74,4474.96,1.9975,0.1069,0.0000062500,0.0008000000,0.1,594.3
2026-09-04T11:46:10.059+00:00,B_sell_A_buy,12.8357,6.9357,4468.9,4469.0,45.8036,13.1797,4474.74,4474.96,1.9975,0.1069,0.0000062500,0.0008000000,0.1,594.3
2026-09-04T11:46:11.079+00:00,A_sell_B_buy,-13.5512,-19.4512,4468.9,4469.0,45.8036,12.5085,4474.88,4474.96,0.8846,0.1069,0.0000062500,0.0008000000,0.1,984.9
2026-09-04T11:46:11.079+00:00,B_sell_A_buy,13.1487,7.2487,4468.9,4469.0,45.8036,12.5085,4474.88,4474.96,0.8846,0.1069,0.0000062500,0.0008000000,0.1,984.9
2026-09-04T11:46:12.942+00:00,A_sell_B_buy,-13.5513,-19.4513,4468.9,4469.0,45.8036,12.5085,4474.78,4474.96,0.9236,0.1069,0.0000062500,0.0008000000,906.6,0.1
2026-09-04T11:46:12.942+00:00,B_sell_A_buy,12.9251,7.0251,4468.9,4469.0,45.8036,12.5085,4474.78,4474.96,0.9236,0.1069,0.0000062500,0.0008000000,906.6,0.1
2026-09-04T11:46:14.411+00:00,A_sell_B_buy,-13.5513,-19.4513,4468.9,4469.0,43.8036,12.5085,4474.78,4474.96,0.756,0.1069,0.0000062500,0.0008000000,0.1,808.9
2026-09-04T11:46:14.411+00:00,B_sell_A_buy,12.9251,7.0251,4468.9,4469.0,43.8036,12.5085,4474.78,4474.96,0.756,0.1069,0.0000062500,0.0008000000,0.1,808.9
2026-09-04T11:46:15.809+00:00,A_sell_B_buy,-13.5514,-19.4514,4468.9,4469.0,45.8036,12.5085,4474.61,4474.96,1.8892,0.1069,0.0000062500,0.0008000000,916.1,0.1
2026-09-04T11:46:15.809+00:00,B_sell_A_buy,12.5451,6.6451,4468.9,4469.0,45.8036,12.5085,4474.61,4474.96,1.8892,0.1069,0.0000062500,0.0008000000,916.1,0.1
2026-09-04T11:46:17.011+00:00,A_sell_B_buy,-13.3725,-19.2725,4468.9,4469.0,42.9346,12.5085,4474.66,4474.88,1.0036,0.1069,0.0000062500,0.0008000000,309.1,0.1
2026-09-04T11:46:17.011+00:00,B_sell_A_buy,12.6569,6.7569,4468.9,4469.0,42.9346,12.5085,4474.66,4474.88,1.0036,0.1069,0.0000062500,0.0008000000,309.1,0.1
2026-09-04T11:46:19.693+00:00,A_sell_B_buy,-13.3724,-19.2724,4468.9,4469.0,42.9346,6.0809,4474.77,4474.88,1.0237,0.1069,0.0000062500,0.0008000000,123.0,0.1
2026-09-04T11:46:19.693+00:00,B_sell_A_buy,12.9028,7.0028,4468.9,4469.0,42.9346,6.0809,4474.77,4474.88,1.0237,0.1069,0.0000062500,0.0008000000,123.0,0.1
2026-09-04T11:46:20.740+00:00,A_sell_B_buy,-13.6407,-19.5407,4468.9,4469.0,46.3443,6.0809,4474.79,4475.0,0.3853,0.0183,0.0000062500,0.0008000000,116.7,0.1
2026-09-04T11:46:20.740+00:00,B_sell_A_buy,12.9475,7.0475,4468.9,4469.0,46.3443,6.0809,4474.79,4475.0,0.3853,0.0183,0.0000062500,0.0008000000,116.7,0.1
2026-09-04T11:46:22.165+00:00,A_sell_B_buy,-13.9311,-19.8311,4468.9,4469.0,104.4616,3.6009,4474.98,4475.13,1.0174,0.1065,0.0000062500,0.0008000000,0.1,455.4
2026-09-04T11:46:22.165+00:00,B_sell_A_buy,13.3721,7.4721,4468.9,4469.0,104.4616,3.6009,4474.98,4475.13,1.0174,0.1065,0.0000062500,0.0008000000,0.1,455.4
2026-09-04T11:46:23.225+00:00,A_sell_B_buy,-13.9310,-19.8310,4468.9,4469.0,104.4616,3.6009,4475.11,4475.13,0.7817,0.1065,0.0000062500,0.0008000000,1059.4,0.1
2026-09-04T11:46:23.225+00:00,B_sell_A_buy,13.6627,7.7627,4468.9,4469.0,104.4616,3.6009,4475.11,4475.13,0.7817,0.1065,0.0000062500,0.0008000000,1059.4,0.1
2026-09-04T11:46:25.969+00:00,A_sell_B_buy,-14.5338,-20.4338,4469.0,4469.5,4.2021,0.2,4475.29,4475.5,0.7142,0.1065,0.0000062500,0.0008000000,0.0,49.7
2026-09-04T11:46:25.969+00:00,B_sell_A_buy,12.9463,7.0463,4469.0,4469.5,4.2021,0.2,4475.29,4475.5,0.7142,0.1065,0.0000062500,0.0008000000,0.0,49.7
2026-09-04T11:46:27.159+00:00,A_sell_B_buy,-12.9678,-18.8678,4469.7,4469.8,35.5604,7.2008,4475.41,4475.5,0.5816,0.1065,0.0000062500,0.0008000000,0.1,1031.0
2026-09-04T11:46:27.159+00:00,B_sell_A_buy,12.5430,6.6430,4469.7,4469.8,35.5604,7.2008,4475.41,4475.5,0.5816,0.1065,0.0000062500,0.0008000000,0.1,1031.0
2026-09-04T11:46:28.619+00:00,A_sell_B_buy,-12.9680,-18.8680,4469.7,4469.8,39.153,13.8981,4475.26,4475.5,3.2354,0.1065,0.0000062500,0.0008000000,0.1,469.6
2026-09-04T11:46:28.619+00:00,B_sell_A_buy,12.2078,6.3078,4469.7,4469.8,39.153,13.8981,4475.26,4475.5,3.2354,0.1065,0.0000062500,0.0008000000,0.1,469.6
2026-09-04T11:46:29.693+00:00,A_sell_B_buy,-12.9679,-18.8679,4469.7,4469.8,29.3627,14.2707,4475.3,4475.5,0.0052,0.1065,0.0000062500,0.0008000000,0.1,760.4
2026-09-04T11:46:29.693+00:00,B_sell_A_buy,12.2972,6.3972,4469.7,4469.8,29.3627,14.2707,4475.3,4475.5,0.0052,0.1065,0.0000062500,0.0008000000,0.1,760.4
2026-09-04T11:46:30.711+00:00,A_sell_B_buy,-12.9679,-18.8679,4469.7,4469.8,29.3627,14.2707,4475.3,4475.5,0.0052,0.1065,0.0000062500,0.0008000000,0.0,1777.9
2026-09-04T11:46:30.711+00:00,B_sell_A_buy,12.2972,6.3972,4469.7,4469.8,29.3627,14.2707,4475.3,4475.5,0.0052,0.1065,0.0000062500,0.0008000000,0.0,1777.9
2026-09-04T11:46:31.843+00:00,A_sell_B_buy,-12.9679,-18.8679,4469.7,4469.8,27.3627,14.2707,4475.3,4475.5,0.0052,0.1041,0.0000062500,0.0008000000,316.6,0.1
2026-09-04T11:46:31.843+00:00,B_sell_A_buy,12.2972,6.3972,4469.7,4469.8,27.3627,14.2707,4475.3,4475.5,0.0052,0.1041,0.0000062500,0.0008000000,316.6,0.1
2026-09-04T11:46:32.904+00:00,A_sell_B_buy,-12.9680,-18.8680,4469.7,4469.8,29.3627,14.2707,4475.26,4475.5,3.0755,0.1041,0.0000062500,0.0008000000,1008.0,0.1
2026-09-04T11:46:32.904+00:00,B_sell_A_buy,12.2078,6.3078,4469.7,4469.8,29.3627,14.2707,4475.26,4475.5,3.0755,0.1041,0.0000062500,0.0008000000,1008.0,0.1
2026-09-04T11:46:36.370+00:00,A_sell_B_buy,-12.9678,-18.8678,4469.7,4469.8,27.7252,14.2517,4475.45,4475.5,0.7978,0.1041,0.0000062500,0.0008000000,306.3,0.1
2026-09-04T11:46:36.370+00:00,B_sell_A_buy,12.6324,6.7324,4469.7,4469.8,27.7252,14.2517,4475.45,4475.5,0.7978,0.1041,0.0000062500,0.0008000000,306.3,0.1
2026-09-04T11:46:37.378+00:00,A_sell_B_buy,-12.9678,-18.8678,4469.7,4469.8,30.6111,14.2517,4475.4,4475.5,1.4631,0.1041,0.0000062500,0.0008000000,0.1,234.6
2026-09-04T11:46:37.378+00:00,B_sell_A_buy,12.5207,6.6207,4469.7,4469.8,30.6111,14.2517,4475.4,4475.5,1.4631,0.1041,0.0000062500,0.0008000000,0.1,234.6
2026-09-04T11:46:38.711+00:00,A_sell_B_buy,-12.9678,-18.8678,4469.7,4469.8,28.0803,14.2517,4475.4,4475.5,1.3294,0.1041,0.0000062500,0.0008000000,546.1,0.1
2026-09-04T11:46:38.711+00:00,B_sell_A_buy,12.5207,6.6207,4469.7,4469.8,28.0803,14.2517,4475.4,4475.5,1.3294,0.1041,0.0000062500,0.0008000000,546.1,0.1
2026-09-04T11:46:41.368+00:00,A_sell_B_buy,-12.9679,-18.8679,4469.7,4469.8,25.8566,14.2517,4475.27,4475.5,1.2648,0.1041,0.0000062500,0.0008000000,0.1,9.3
2026-09-04T11:46:41.368+00:00,B_sell_A_buy,12.2301,6.3301,4469.7,4469.8,25.8566,14.2517,4475.27,4475.5,1.2648,0.1041,0.0000062500,0.0008000000,0.1,9.3
2026-09-04T11:46:42.683+00:00,A_sell_B_buy,-12.9680,-18.8680,4469.7,4469.8,23.8566,14.2517,4475.26,4475.5,3.0755,0.1237,0.0000062500,0.0008000000,895.1,0.1
2026-09-04T11:46:42.683+00:00,B_sell_A_buy,12.2078,6.3078,4469.7,4469.8,23.8566,14.2517,4475.26,4475.5,3.0755,0.1237,0.0000062500,0.0008000000,895.1,0.1
2026-09-04T11:46:43.764+00:00,A_sell_B_buy,-12.9679,-18.8679,4469.7,4469.8,25.8566,14.2517,4475.27,4475.5,1.2356,0.1276,0.0000062500,0.0008000000,243.4,0.1
2026-09-04T11:46:43.764+00:00,B_sell_A_buy,12.2301,6.3301,4469.7,4469.8,25.8566,14.2517,4475.27,4475.5,1.2356,0.1276,0.0000062500,0.0008000000,243.4,0.1
2026-09-04T11:46:44.803+00:00,A_sell_B_buy,-12.9680,-18.8680,4469.7,4469.8,25.8566,14.2517,4475.26,4475.5,3.0755,0.0571,0.0000062500,0.0008000000,1281.7,0.1
2026-09-04T11:46:44.803+00:00,B_sell_A_buy,12.2078,6.3078,4469.7,4469.8,25.8566,14.2517,4475.26,4475.5,3.0755,0.0571,0.0000062500,0.0008000000,1281.7,0.1
2026-09-04T11:46:46.231+00:00,A_sell_B_buy,-12.9680,-18.8680,4469.7,4469.8,25.8566,14.2517,4475.26,4475.5,4.2794,0.0344,0.0000062500,0.0008000000,0.1,922.2
2026-09-04T11:46:46.231+00:00,B_sell_A_buy,12.2078,6.3078,4469.7,4469.8,25.8566,14.2517,4475.26,4475.5,4.2794,0.0344,0.0000062500,0.0008000000,0.1,922.2
2026-09-04T11:46:47.290+00:00,A_sell_B_buy,-12.9680,-18.8680,4469.7,4469.8,25.8566,14.2517,4475.26,4475.5,4.1119,0.0344,0.0000062500,0.0008000000,0.1,713.6
2026-09-04T11:46:47.290+00:00,B_sell_A_buy,12.2078,6.3078,4469.7,4469.8,25.8566,14.2517,4475.26,4475.5,4.1119,0.0344,0.0000062500,0.0008000000,0.1,713.6
2026-09-04T11:46:57.824+00:00,A_sell_B_buy,-12.9679,-18.8679,4469.7,4469.8,23.7942,13.5707,4475.27,4475.5,0.7273,0.0344,0.0000062500,0.0008000000,25.4,0.1
2026-09-04T11:46:57.824+00:00,B_sell_A_buy,12.2301,6.3301,4469.7,4469.8,23.7942,13.5707,4475.27,4475.5,0.7273,0.0344,0.0000062500,0.0008000000,25.4,0.1
2026-09-04T11:46:58.838+00:00,A_sell_B_buy,-12.9680,-18.8680,4469.7,4469.8,25.8157,13.1981,4475.26,4475.5,3.7769,0.0344,0.0000062500,0.0008000000,0.1,138.1
2026-09-04T11:46:58.838+00:00,B_sell_A_buy,12.2078,6.3078,4469.7,4469.8,25.8157,13.1981,4475.26,4475.5,3.7769,0.0344,0.0000062500,0.0008000000,0.1,138.1
2026-09-04T11:46:59.868+00:00,A_sell_B_buy,-12.7892,-18.6892,4469.7,4469.8,23.8157,13.5656,4475.13,4475.42,0.2131,3.2354,0.0000062500,0.0008000000,660.8,0.1
2026-09-04T11:46:59.868+00:00,B_sell_A_buy,11.9172,6.0172,4469.7,4469.8,23.8157,13.5656,4475.13,4475.42,0.2131,3.2354,0.0000062500,0.0008000000,660.8,0.1
2026-09-04T11:47:00.871+00:00,A_sell_B_buy,-13.0575,-18.9575,4469.7,4469.8,33.1255,11.4082,4475.03,4475.54,0.0568,3.2354,0.0000062500,0.0008000000,363.5,0.0
2026-09-04T11:47:00.871+00:00,B_sell_A_buy,11.6936,5.7936,4469.7,4469.8,33.1255,11.4082,4475.03,4475.54,0.0568,3.2354,0.0000062500,0.0008000000,363.5,0.0
2026-09-04T11:47:01.882+00:00,A_sell_B_buy,-12.9458,-18.8458,4469.7,4469.8,42.0455,12.9835,4475.03,4475.49,0.0568,1.2671,0.0000062500,0.0008000000,40.7,0.1
2026-09-04T11:47:01.882+00:00,B_sell_A_buy,11.6937,5.7937,4469.7,4469.8,42.0455,12.9835,4475.03,4475.49,0.0568,1.2671,0.0000062500,0.0008000000,40.7,0.1
2026-09-04T11:47:03.410+00:00,A_sell_B_buy,-12.5658,-18.4658,4469.7,4469.8,37.0722,12.9835,4475.06,4475.32,0.2165,0.7668,0.0000062500,0.0008000000,0.1,1103.5
2026-09-04T11:47:03.410+00:00,B_sell_A_buy,11.7608,5.8608,4469.7,4469.8,37.0722,12.9835,4475.06,4475.32,0.2165,0.7668,0.0000062500,0.0008000000,0.1,1103.5
2026-09-04T11:47:04.998+00:00,A_sell_B_buy,-12.2529,-18.1529,4469.7,4469.8,35.0722,12.9835,4474.92,4475.18,0.2059,1.4919,0.0000062500,0.0008000000,745.4,0.1
2026-09-04T11:47:04.998+00:00,B_sell_A_buy,11.4480,5.5480,4469.7,4469.8,35.0722,12.9835,4474.92,4475.18,0.2059,1.4919,0.0000062500,0.0008000000,745.4,0.1
2026-09-04T11:47:06.082+00:00,A_sell_B_buy,-12.2529,-18.1529,4469.7,4469.8,34.9408,19.0102,4474.92,4475.18,0.2196,1.4919,0.0000062500,0.0008000000,0.1,443.5
2026-09-04T11:47:06.082+00:00,B_sell_A_buy,11.4480,5.5480,4469.7,4469.8,34.9408,19.0102,4474.92,4475.18,0.2196,1.4919,0.0000062500,0.0008000000,0.1,443.5
2026-09-04T11:47:07.678+00:00,A_sell_B_buy,-12.5212,-18.4212,4469.7,4469.8,34.9408,16.5563,4474.92,4475.3,0.2196,3.2354,0.0000062500,0.0008000000,669.5,0.1
2026-09-04T11:47:07.678+00:00,B_sell_A_buy,11.4479,5.5479,4469.7,4469.8,34.9408,16.5563,4474.92,4475.3,0.2196,3.2354,0.0000062500,0.0008000000,669.5,0.1
2026-09-04T11:47:08.746+00:00,A_sell_B_buy,-11.9850,-17.8850,4469.7,4469.8,34.9408,16.5563,4474.45,4475.06,0.4774,3.2354,0.0000062500,0.0008000000,1738.1,0.1
2026-09-04T11:47:08.746+00:00,B_sell_A_buy,10.3974,4.4974,4469.7,4469.8,34.9408,16.5563,4474.45,4475.06,0.4774,3.2354,0.0000062500,0.0008000000,1738.1,0.1
2026-09-04T11:47:10.319+00:00,A_sell_B_buy,-11.9848,-17.8848,4469.7,4469.8,22.3707,24.9632,4474.73,4475.06,0.6249,3.2774,0.0000062500,0.0008000000,1025.6,0.1
2026-09-04T11:47:10.319+00:00,B_sell_A_buy,11.0234,5.1234,4469.7,4469.8,22.3707,24.9632,4474.73,4475.06,0.6249,3.2774,0.0000062500,0.0008000000,1025.6,0.1
2026-09-04T11:47:11.873+00:00,A_sell_B_buy,-11.9848,-17.8848,4469.7,4469.8,24.1605,24.9632,4474.73,4475.06,0.6249,3.2774,0.0000062500,0.0008000000,0.1,1125.8
2026-09-04T11:47:11.873+00:00,B_sell_A_buy,11.0234,5.1234,4469.7,4469.8,24.1605,24.9632,4474.73,4475.06,0.6249,3.2774,0.0000062500,0.0008000000,0.1,1125.8
2026-09-04T11:47:12.922+00:00,A_sell_B_buy,-11.4040,-17.3040,4469.6,4469.7,0.2237,16.2366,4474.42,4474.7,0.6266,3.2354,0.0000062500,0.0008000000,0.1,265.6
2026-09-04T11:47:12.922+00:00,B_sell_A_buy,10.5543,4.6543,4469.6,4469.7,0.2237,16.2366,4474.42,4474.7,0.6266,3.2354,0.0000062500,0.0008000000,0.1,265.6
2026-09-04T11:47:14.127+00:00,A_sell_B_buy,-11.4040,-17.3040,4469.6,4469.7,0.2237,35.9319,4474.45,4474.7,1.2097,3.1701,0.0000062500,0.0008000000,769.8,0.1
2026-09-04T11:47:14.127+00:00,B_sell_A_buy,10.6214,4.7214,4469.6,4469.7,0.2237,35.9319,4474.45,4474.7,1.2097,3.1701,0.0000062500,0.0008000000,769.8,0.1
2026-09-04T11:47:18.996+00:00,A_sell_B_buy,-11.4040,-17.3040,4469.6,4469.7,0.2189,36.3047,4474.46,4474.7,0.6372,4.3979,0.0000062500,0.0008000000,1393.0,0.1
2026-09-04T11:47:18.996+00:00,B_sell_A_buy,10.6437,4.7437,4469.6,4469.7,0.2189,36.3047,4474.46,4474.7,0.6372,4.3979,0.0000062500,0.0008000000,1393.0,0.1
2026-09-04T11:47:20.021+00:00,A_sell_B_buy,-11.2476,-17.1476,4469.6,4469.7,0.2189,36.7923,4474.26,4474.63,0.551,0.042,0.0000062500,0.0008000000,130.9,0.1
2026-09-04T11:47:20.021+00:00,B_sell_A_buy,10.1967,4.2967,4469.6,4469.7,0.2189,36.7923,4474.26,4474.63,0.551,0.042,0.0000062500,0.0008000000,130.9,0.1
2026-09-04T11:47:21.023+00:00,A_sell_B_buy,-11.8515,-17.7515,4469.4,4469.5,0.2237,0.6435,4474.38,4474.7,0.0309,1.2121,0.0000062500,0.0008000000,521.5,0.1
2026-09-04T11:47:21.023+00:00,B_sell_A_buy,10.9124,5.0124,4469.4,4469.5,0.2237,0.6435,4474.38,4474.7,0.0309,1.2121,0.0000062500,0.0008000000,521.5,0.1
2026-09-04T11:47:22.586+00:00,A_sell_B_buy,-11.8514,-17.7514,4469.4,4469.5,0.2237,23.304,4474.58,4474.7,0.1117,0.2121,0.0000062500,0.0008000000,1091.5,0.1
2026-09-04T11:47:22.586+00:00,B_sell_A_buy,11.3595,5.4595,4469.4,4469.5,0.2237,23.304,4474.58,4474.7,0.1117,0.2121,0.0000062500,0.0008000000,1091.5,0.1
2026-09-04T11:47:23.670+00:00,A_sell_B_buy,-11.8514,-17.7514,4469.4,4469.5,0.5589,21.4594,4474.6,4474.7,0.1117,0.2121,0.0000062500,0.0008000000,0.1,154.2
2026-09-04T11:47:23.670+00:00,B_sell_A_buy,11.4042,5.5042,4469.4,4469.5,0.5589,21.4594,4474.6,4474.7,0.1117,0.2121,0.0000062500,0.0008000000,0.1,154.2
2026-09-04T11:47:24.870+00:00,A_sell_B_buy,-11.8514,-17.7514,4469.4,4469.5,22.9331,23.9532,4474.6,4474.7,0.1117,0.2121,0.0000062500,0.0008000000,0.1,1353.5
2026-09-04T11:47:24.870+00:00,B_sell_A_buy,11.4042,5.5042,4469.4,4469.5,22.9331,23.9532,4474.6,4474.7,0.1117,0.2121,0.0000062500,0.0008000000,0.1,1353.5
2026-09-04T11:47:26.087+00:00,A_sell_B_buy,-11.8290,-17.7290,4469.4,4469.5,2.1072,25.9532,4474.6,4474.69,0.1117,0.5917,0.0000062500,0.0008000000,482.0,0.1
2026-09-04T11:47:26.087+00:00,B_sell_A_buy,11.4042,5.5042,4469.4,4469.5,2.1072,25.9532,4474.6,4474.69,0.1117,0.5917,0.0000062500,0.0008000000,482.0,0.1
2026-09-04T11:47:27.180+00:00,A_sell_B_buy,-11.8290,-17.7290,4469.4,4469.5,0.5589,25.9532,4474.6,4474.69,0.1117,0.6453,0.0000062500,0.0008000000,514.7,0.1
2026-09-04T11:47:27.180+00:00,B_sell_A_buy,11.4042,5.5042,4469.4,4469.5,0.5589,25.9532,4474.6,4474.69,0.1117,0.6453,0.0000062500,0.0008000000,514.7,0.1
2026-09-04T11:47:28.641+00:00,A_sell_B_buy,-11.8514,-17.7514,4469.4,4469.5,0.5589,23.9532,4474.61,4474.7,0.6317,0.2121,0.0000062500,0.0008000000,533.6,0.1
2026-09-04T11:47:28.641+00:00,B_sell_A_buy,11.4265,5.5265,4469.4,4469.5,0.5589,23.9532,4474.61,4474.7,0.6317,0.2121,0.0000062500,0.0008000000,533.6,0.1
2026-09-04T11:47:29.674+00:00,A_sell_B_buy,-11.8513,-17.7513,4469.4,4469.5,24.7229,21.6804,4474.67,4474.7,0.1117,0.2121,0.0000062500,0.0008000000,0.1,714.9
2026-09-04T11:47:29.674+00:00,B_sell_A_buy,11.5606,5.6606,4469.4,4469.5,24.7229,21.6804,4474.67,4474.7,0.1117,0.2121,0.0000062500,0.0008000000,0.1,714.9
2026-09-04T11:47:30.893+00:00,A_sell_B_buy,-11.8514,-17.7514,4469.4,4469.5,24.7054,21.6804,4474.61,4474.7,0.7434,0.2121,0.0000062500,0.0008000000,408.2,0.1
2026-09-04T11:47:30.893+00:00,B_sell_A_buy,11.4265,5.5265,4469.4,4469.5,24.7054,21.6804,4474.61,4474.7,0.7434,0.2121,0.0000062500,0.0008000000,408.2,0.1
2026-09-04T11:47:31.965+00:00,A_sell_B_buy,-11.8514,-17.7514,4469.4,4469.5,2.3313,21.6804,4474.61,4474.7,1.2172,0.2097,0.0000062500,0.0008000000,557.8,0.1
2026-09-04T11:47:31.965+00:00,B_sell_A_buy,11.4265,5.5265,4469.4,4469.5,2.3313,21.6804,4474.61,4474.7,1.2172,0.2097,0.0000062500,0.0008000000,557.8,0.1
2026-09-04T11:47:33.391+00:00,A_sell_B_buy,-11.8514,-17.7514,4469.4,4469.5,24.7054,21.6804,4474.61,4474.7,0.7434,0.2097,0.0000062500,0.0008000000,0.1,642.7
2026-09-04T11:47:33.391+00:00,B_sell_A_buy,11.4265,5.5265,4469.4,4469.5,24.7054,21.6804,4474.61,4474.7,0.7434,0.2097,0.0000062500,0.0008000000,0.1,642.7
2026-09-04T11:47:34.938+00:00,A_sell_B_buy,-12.1420,-18.0420,4469.4,4469.5,24.7054,21.6804,4474.61,4474.83,1.2573,3.2354,0.0000062500,0.0008000000,0.1,779.0
2026-09-04T11:47:34.938+00:00,B_sell_A_buy,11.4264,5.5264,4469.4,4469.5,24.7054,21.6804,4474.61,4474.83,1.2573,3.2354,0.0000062500,0.0008000000,0.1,779.0
2026-09-04T11:47:36.777+00:00,A_sell_B_buy,-12.1420,-18.0420,4469.4,4469.5,24.7054,21.4402,4474.61,4474.83,0.7434,3.2354,0.0000062500,0.0008000000,350.2,0.1
2026-09-04T11:47:36.777+00:00,B_sell_A_buy,11.4264,5.5264,4469.4,4469.5,24.7054,21.4402,4474.61,4474.83,0.7434,3.2354,0.0000062500,0.0008000000,350.2,0.1
2026-09-04T11:47:37.824+00:00,A_sell_B_buy,-12.1420,-18.0420,4469.4,4469.5,24.7054,21.4402,4474.61,4474.83,0.7434,3.2354,0.0000062500,0.0008000000,0.1,1046.6
2026-09-04T11:47:37.824+00:00,B_sell_A_buy,11.4264,5.5264,4469.4,4469.5,24.7054,21.4402,4474.61,4474.83,0.7434,3.2354,0.0000062500,0.0008000000,0.1,1046.6
2026-09-04T11:47:40.976+00:00,A_sell_B_buy,-12.1420,-18.0420,4469.4,4469.5,24.7054,21.4402,4474.64,4474.83,0.4893,3.2354,0.0000062500,0.0008000000,310.1,0.1
2026-09-04T11:47:40.976+00:00,B_sell_A_buy,11.4935,5.5935,4469.4,4469.5,24.7054,21.4402,4474.64,4474.83,0.4893,3.2354,0.0000062500,0.0008000000,310.1,0.1
2026-09-04T11:47:42.062+00:00,A_sell_B_buy,-12.1420,-18.0420,4469.4,4469.5,28.7054,17.8393,4474.65,4474.83,0.7434,1.2354,0.0000062500,0.0008000000,0.1,584.9
2026-09-04T11:47:42.062+00:00,B_sell_A_buy,11.5159,5.6159,4469.4,4469.5,28.7054,17.8393,4474.65,4474.83,0.7434,1.2354,0.0000062500,0.0008000000,0.1,584.9
2026-09-04T11:47:43.167+00:00,A_sell_B_buy,-12.2984,-18.1984,4469.4,4469.5,29.1652,14.4833,4474.67,4474.9,0.6317,0.0153,0.0000062500,0.0008000000,558.1,0.1
2026-09-04T11:47:43.167+00:00,B_sell_A_buy,11.5605,5.6605,4469.4,4469.5,29.1652,14.4833,4474.67,4474.9,0.6317,0.0153,0.0000062500,0.0008000000,558.1,0.1
2026-09-04T11:47:44.215+00:00,A_sell_B_buy,-12.2984,-18.1984,4469.4,4469.5,29.1652,14.4833,4474.67,4474.9,0.6317,0.0163,0.0000062500,0.0007000000,1605.9,0.1
2026-09-04T11:47:44.215+00:00,B_sell_A_buy,11.5605,5.6605,4469.4,4469.5,29.1652,14.4833,4474.67,4474.9,0.6317,0.0163,0.0000062500,0.0007000000,1605.9,0.1
2026-09-04T11:47:45.234+00:00,A_sell_B_buy,-12.2984,-18.1984,4469.4,4469.5,25.1652,14.4833,4474.67,4474.9,0.6317,0.0171,0.0000062500,0.0007000000,100.2,0.1
2026-09-04T11:47:45.234+00:00,B_sell_A_buy,11.5605,5.6605,4469.4,4469.5,25.1652,14.4833,4474.67,4474.9,0.6317,0.0171,0.0000062500,0.0007000000,100.2,0.1
2026-09-04T11:47:46.425+00:00,A_sell_B_buy,-12.2984,-18.1984,4469.4,4469.5,25.1652,14.4833,4474.67,4474.9,0.6317,0.0175,0.0000062500,0.0007000000,655.4,0.1
2026-09-04T11:47:46.425+00:00,B_sell_A_buy,11.5605,5.6605,4469.4,4469.5,25.1652,14.4833,4474.67,4474.9,0.6317,0.0175,0.0000062500,0.0007000000,655.4,0.1
2026-09-04T11:47:47.561+00:00,A_sell_B_buy,-12.2984,-18.1984,4469.4,4469.5,25.1652,14.4241,4474.67,4474.9,0.6317,0.0186,0.0000062500,0.0007000000,612.4,0.1
2026-09-04T11:47:47.561+00:00,B_sell_A_buy,11.5605,5.6605,4469.4,4469.5,25.1652,14.4241,4474.67,4474.9,0.6317,0.0186,0.0000062500,0.0007000000,612.4,0.1
2026-09-04T11:47:48.610+00:00,A_sell_B_buy,-12.3208,-18.2208,4469.4,4469.5,26.9415,14.2848,4474.68,4474.91,0.6,0.0189,0.0000062500,0.0007000000,67.4,0.1
2026-09-04T11:47:48.610+00:00,B_sell_A_buy,11.5829,5.6829,4469.4,4469.5,26.9415,14.2848,4474.68,4474.91,0.6,0.0189,0.0000062500,0.0007000000,67.4,0.1
2026-09-04T11:47:49.655+00:00,A_sell_B_buy,-12.3431,-18.2431,4469.4,4469.5,28.9415,14.2848,4474.69,4474.92,0.6217,0.0193,0.0000062500,0.0007000000,934.7,0.1
2026-09-04T11:47:49.655+00:00,B_sell_A_buy,11.6052,5.7052,4469.4,4469.5,28.9415,14.2848,4474.69,4474.92,0.6217,0.0193,0.0000062500,0.0007000000,934.7,0.1
2026-09-04T11:47:50.728+00:00,A_sell_B_buy,-12.3431,-18.2431,4469.4,4469.5,28.9415,17.8857,4474.69,4474.92,0.6217,0.0197,0.0000062500,0.0007000000,815.5,0.1
2026-09-04T11:47:50.728+00:00,B_sell_A_buy,11.6052,5.7052,4469.4,4469.5,28.9415,17.8857,4474.69,4474.92,0.6217,0.0197,0.0000062500,0.0007000000,815.5,0.1
2026-09-04T11:47:51.751+00:00,A_sell_B_buy,-12.0525,-17.9525,4469.4,4469.5,29.1652,17.8857,4474.69,4474.79,0.6217,0.2387,0.0000062500,0.0007000000,0.1,735.3
2026-09-04T11:47:51.751+00:00,B_sell_A_buy,11.6053,5.7053,4469.4,4469.5,29.1652,17.8857,4474.69,4474.79,0.6217,0.2387,0.0000062500,0.0007000000,0.1,735.3
2026-09-04T11:47:53.731+00:00,A_sell_B_buy,-12.0525,-17.9525,4469.4,4469.5,26.9415,17.8857,4474.68,4474.79,0.1117,0.2387,0.0000062500,0.0007000000,19.5,0.1
2026-09-04T11:47:53.731+00:00,B_sell_A_buy,11.5829,5.6829,4469.4,4469.5,26.9415,17.8857,4474.68,4474.79,0.1117,0.2387,0.0000062500,0.0007000000,19.5,0.1
2026-09-04T11:47:54.823+00:00,A_sell_B_buy,-12.6561,-18.5561,4469.4,4469.5,25.1652,17.8857,4474.69,4475.06,0.6266,2.702,0.0000062500,0.0007000000,206.6,0.1
2026-09-04T11:47:54.823+00:00,B_sell_A_buy,11.6051,5.7051,4469.4,4469.5,25.1652,17.8857,4474.69,4475.06,0.6266,2.702,0.0000062500,0.0007000000,206.6,0.1
2026-09-04T11:47:55.924+00:00,A_sell_B_buy,-12.6561,-18.5561,4469.4,4469.5,25.1652,17.8857,4474.69,4475.06,0.6266,2.702,0.0000062500,0.0007000000,1307.5,0.1
2026-09-04T11:47:55.924+00:00,B_sell_A_buy,11.6051,5.7051,4469.4,4469.5,25.1652,17.8857,4474.69,4475.06,0.6266,2.702,0.0000062500,0.0007000000,1307.5,0.1
2026-09-04T11:47:57.066+00:00,A_sell_B_buy,-12.8347,-18.7347,4469.4,4469.5,31.8156,7.7443,4474.91,4475.14,0.6266,0.0086,0.0000062500,0.0007000000,207.7,0.1
2026-09-04T11:47:57.066+00:00,B_sell_A_buy,12.0969,6.1969,4469.4,4469.5,31.8156,7.7443,4474.91,4475.14,0.6266,0.0086,0.0000062500,0.0007000000,207.7,0.1
2026-09-04T11:47:58.183+00:00,A_sell_B_buy,-12.8347,-18.7347,4469.4,4469.5,41.1084,7.7443,4474.91,4475.14,0.6266,0.0106,0.0000062500,0.0007000000,842.1,0.1
2026-09-04T11:47:58.183+00:00,B_sell_A_buy,12.0969,6.1969,4469.4,4469.5,41.1084,7.7443,4474.91,4475.14,0.6266,0.0106,0.0000062500,0.0007000000,842.1,0.1
2026-09-04T11:47:59.212+00:00,A_sell_B_buy,-12.5434,-18.4434,4469.7,4469.8,8.3137,0.8955,4475.06,4475.31,1.0036,0.0111,0.0000062500,0.0007000000,30.3,0.1
2026-09-04T11:47:59.212+00:00,B_sell_A_buy,11.7608,5.8608,4469.7,4469.8,8.3137,0.8955,4475.06,4475.31,1.0036,0.0111,0.0000062500,0.0007000000,30.3,0.1
2026-09-04T11:48:00.718+00:00,A_sell_B_buy,-12.6775,-18.5775,4469.7,4469.8,30.8412,10.4965,4475.06,4475.37,1.1153,1.6358,0.0000062500,0.0007000000,933.4,0.1
2026-09-04T11:48:00.718+00:00,B_sell_A_buy,11.7608,5.8608,4469.7,4469.8,30.8412,10.4965,4475.06,4475.37,1.1153,1.6358,0.0000062500,0.0007000000,933.4,0.1
2026-09-04T11:48:01.782+00:00,A_sell_B_buy,-12.4987,-18.3987,4469.7,4469.8,30.8412,10.4965,4475.06,4475.29,1.1153,0.0108,0.0000062500,0.0007000000,1996.9,0.1
2026-09-04T11:48:01.782+00:00,B_sell_A_buy,11.7609,5.8609,4469.7,4469.8,30.8412,10.4965,4475.06,4475.29,1.1153,0.0108,0.0000062500,0.0007000000,1996.9,0.1
2026-09-04T11:48:02.807+00:00,A_sell_B_buy,-12.4987,-18.3987,4469.7,4469.8,30.8412,10.7202,4475.06,4475.29,1.1153,0.012,0.0000062500,0.0007000000,0.1,258.7
2026-09-04T11:48:02.807+00:00,B_sell_A_buy,11.7609,5.8609,4469.7,4469.8,30.8412,10.7202,4475.06,4475.29,1.1153,0.012,0.0000062500,0.0007000000,0.1,258.7
2026-09-04T11:48:04.089+00:00,A_sell_B_buy,-12.5881,-18.4881,4469.7,4469.8,30.8412,10.4965,4475.1,4475.33,1.1153,0.0138,0.0000062500,0.0007000000,774.5,0.1
2026-09-04T11:48:04.089+00:00,B_sell_A_buy,11.8502,5.9502,4469.7,4469.8,30.8412,10.4965,4475.1,4475.33,1.1153,0.0138,0.0000062500,0.0007000000,774.5,0.1
2026-09-04T11:48:05.228+00:00,A_sell_B_buy,-12.5881,-18.4881,4469.7,4469.8,30.8412,14.0974,4475.1,4475.33,1.1153,0.0149,0.0000062500,0.0007000000,226.9,0.1
2026-09-04T11:48:05.228+00:00,B_sell_A_buy,11.8502,5.9502,4469.7,4469.8,30.8412,14.0974,4475.1,4475.33,1.1153,0.0149,0.0000062500,0.0007000000,226.9,0.1
2026-09-04T11:48:06.514+00:00,A_sell_B_buy,-12.5881,-18.4881,4469.7,4469.8,30.8412,14.0791,4475.1,4475.33,1.1153,0.0152,0.0000062500,0.0007000000,499.8,0.1
2026-09-04T11:48:06.514+00:00,B_sell_A_buy,11.8502,5.9502,4469.7,4469.8,30.8412,14.0791,4475.1,4475.33,1.1153,0.0152,0.0000062500,0.0007000000,499.8,0.1
2026-09-04T11:48:07.561+00:00,A_sell_B_buy,-12.5881,-18.4881,4469.7,4469.8,26.8412,14.3028,4475.1,4475.33,1.1153,0.016,0.0000062500,0.0007000000,0.1,84.0
2026-09-04T11:48:07.561+00:00,B_sell_A_buy,11.8502,5.9502,4469.7,4469.8,26.8412,14.3028,4475.1,4475.33,1.1153,0.016,0.0000062500,0.0007000000,0.1,84.0
2026-09-04T11:48:08.564+00:00,A_sell_B_buy,-12.3646,-18.2646,4469.7,4469.8,26.8412,14.3028,4475.1,4475.23,1.1153,1.3948,0.0000062500,0.0007000000,1003.1,0.1
2026-09-04T11:48:08.564+00:00,B_sell_A_buy,11.8503,5.9503,4469.7,4469.8,26.8412,14.3028,4475.1,4475.23,1.1153,1.3948,0.0000062500,0.0007000000,1003.1,0.1
2026-09-04T11:48:12.059+00:00,A_sell_B_buy,-11.7613,-17.6613,4469.7,4469.8,23.3337,17.2301,4474.74,4474.96,0.6249,3.3471,0.0000062500,0.0007000000,0.0,0.1
2026-09-04T11:48:12.059+00:00,B_sell_A_buy,11.0458,5.1458,4469.7,4469.8,23.3337,17.2301,4474.74,4474.96,0.6249,3.3471,0.0000062500,0.0007000000,0.0,0.1
2026-09-04T11:48:13.062+00:00,A_sell_B_buy,-11.4036,-17.3036,4469.7,4469.8,23.1206,23.839,4474.74,4474.8,0.6249,0.5308,0.0000062500,0.0007000000,523.6,0.1
2026-09-04T11:48:13.062+00:00,B_sell_A_buy,11.0459,5.1459,4469.7,4469.8,23.1206,23.839,4474.74,4474.8,0.6249,0.5308,0.0000062500,0.0007000000,523.6,0.1
2026-09-04T11:48:14.317+00:00,A_sell_B_buy,-11.4036,-17.3036,4469.7,4469.8,23.1206,23.839,4474.74,4474.8,0.6249,0.4907,0.0000062500,0.0007000000,1778.5,0.1
2026-09-04T11:48:14.317+00:00,B_sell_A_buy,11.0459,5.1459,4469.7,4469.8,23.1206,23.839,4474.74,4474.8,0.6249,0.4907,0.0000062500,0.0007000000,1778.5,0.1
2026-09-04T11:48:16.831+00:00,A_sell_B_buy,-11.2250,-17.1250,4469.7,4469.8,0.749,24.2417,4474.42,4474.72,0.6372,1.1384,0.0000062500,0.0007000000,0.1,392.3
2026-09-04T11:48:16.831+00:00,B_sell_A_buy,10.3306,4.4306,4469.7,4469.8,0.749,24.2417,4474.42,4474.72,0.6372,1.1384,0.0000062500,0.0007000000,0.1,392.3
2026-09-04T11:48:18.249+00:00,A_sell_B_buy,-11.2473,-17.1473,4469.7,4469.8,0.4825,27.3919,4474.44,4474.73,2.6372,3.2354,0.0000062500,0.0007000000,1183.3,0.1
2026-09-04T11:48:18.249+00:00,B_sell_A_buy,10.3753,4.4753,4469.7,4469.8,0.4825,27.3919,4474.44,4474.73,2.6372,3.2354,0.0000062500,0.0007000000,1183.3,0.1
2026-09-04T11:48:20.694+00:00,A_sell_B_buy,-11.2473,-17.1473,4469.7,4469.8,0.4825,30.9928,4474.44,4474.73,0.6372,3.2354,0.0000062500,0.0007000000,419.2,0.1
2026-09-04T11:48:20.694+00:00,B_sell_A_buy,10.3753,4.4753,4469.7,4469.8,0.4825,30.9928,4474.44,4474.73,0.6372,3.2354,0.0000062500,0.0007000000,419.2,0.1
2026-09-04T11:48:21.819+00:00,A_sell_B_buy,-11.2473,-17.1473,4469.7,4469.8,0.4825,30.9928,4474.44,4474.73,0.6372,4.1016,0.0000062500,0.0007000000,1543.8,0.1
2026-09-04T11:48:21.819+00:00,B_sell_A_buy,10.3753,4.4753,4469.7,4469.8,0.4825,30.9928,4474.44,4474.73,0.6372,4.1016,0.0000062500,0.0007000000,1543.8,0.1
2026-09-04T11:48:23.223+00:00,A_sell_B_buy,-11.2473,-17.1473,4469.7,4469.8,0.4825,28.2154,4474.44,4474.73,2.6372,3.2354,0.0000062500,0.0007000000,945.8,0.1
2026-09-04T11:48:23.223+00:00,B_sell_A_buy,10.3753,4.4753,4469.7,4469.8,0.4825,28.2154,4474.44,4474.73,2.6372,3.2354,0.0000062500,0.0007000000,945.8,0.1
2026-09-04T11:48:24.416+00:00,A_sell_B_buy,-11.4037,-17.3037,4469.7,4469.8,0.4825,28.2154,4474.68,4474.8,0.5063,0.1117,0.0000062500,0.0007000000,365.2,0.1
2026-09-04T11:48:24.416+00:00,B_sell_A_buy,10.9117,5.0117,4469.7,4469.8,0.4825,28.2154,4474.68,4474.8,0.5063,0.1117,0.0000062500,0.0007000000,365.2,0.1
2026-09-04T11:48:25.650+00:00,A_sell_B_buy,-11.1356,-17.0356,4469.7,4469.8,0.4825,28.2257,4474.42,4474.68,0.6267,0.1087,0.0000062500,0.0007000000,0.1,254.3
2026-09-04T11:48:25.650+00:00,B_sell_A_buy,10.3306,4.4306,4469.7,4469.8,0.4825,28.2257,4474.42,4474.68,0.6267,0.1087,0.0000062500,0.0007000000,0.1,254.3
2026-09-04T11:48:27.019+00:00,A_sell_B_buy,-11.6721,-17.5721,4469.7,4469.8,0.4825,28.2257,4474.42,4474.92,2.6267,0.9704,0.0000062500,0.0007000000,1369.2,0.1
2026-09-04T11:48:27.019+00:00,B_sell_A_buy,10.3305,4.4305,4469.7,4469.8,0.4825,28.2257,4474.42,4474.92,2.6267,0.9704,0.0000062500,0.0007000000,1369.2,0.1
2026-09-04T11:48:28.486+00:00,A_sell_B_buy,-11.6050,-17.5050,4469.7,4469.8,0.4825,22.6248,4474.5,4474.89,2.6217,0.0065,0.0000062500,0.0007000000,950.7,0.1
2026-09-04T11:48:28.486+00:00,B_sell_A_buy,10.5093,4.6093,4469.7,4469.8,0.4825,22.6248,4474.5,4474.89,2.6217,0.0065,0.0000062500,0.0007000000,950.7,0.1
2026-09-04T11:48:30.473+00:00,A_sell_B_buy,-11.6049,-17.5049,4469.7,4469.8,0.4825,20.6248,4474.65,4474.89,0.5875,0.0123,0.0000062500,0.0007000000,0.1,171.2
2026-09-04T11:48:30.473+00:00,B_sell_A_buy,10.8446,4.9446,4469.7,4469.8,0.4825,20.6248,4474.65,4474.89,0.5875,0.0123,0.0000062500,0.0007000000,0.1,171.2
2026-09-04T11:48:31.806+00:00,A_sell_B_buy,-12.2530,-18.1530,4469.7,4469.8,0.4825,14.4454,4474.83,4475.18,0.1117,2.5226,0.0000062500,0.0007000000,468.0,0.1
2026-09-04T11:48:31.806+00:00,B_sell_A_buy,11.2468,5.3468,4469.7,4469.8,0.4825,14.4454,4474.83,4475.18,0.1117,2.5226,0.0000062500,0.0007000000,468.0,0.1
2026-09-04T11:48:33.015+00:00,A_sell_B_buy,-12.2753,-18.1753,4469.7,4469.8,0.4825,14.4454,4474.83,4475.19,0.1117,4.6887,0.0000062500,0.0007000000,1676.9,0.1
2026-09-04T11:48:33.015+00:00,B_sell_A_buy,11.2468,5.3468,4469.7,4469.8,0.4825,14.4454,4474.83,4475.19,0.1117,4.6887,0.0000062500,0.0007000000,1676.9,0.1
2026-09-04T11:48:35.238+00:00,A_sell_B_buy,-11.7613,-17.6613,4469.7,4469.8,0.4825,18.0463,4474.73,4474.96,0.1117,0.0064,0.0000062500,0.0007000000,0.1,51.6
2026-09-04T11:48:35.238+00:00,B_sell_A_buy,11.0234,5.1234,4469.7,4469.8,0.4825,18.0463,4474.73,4474.96,0.1117,0.0064,0.0000062500,0.0007000000,0.1,51.6
2026-09-04T11:48:36.239+00:00,A_sell_B_buy,-11.4710,-17.3710,4469.7,4469.8,0.4825,27.597,4474.22,4474.83,2.0031,4.6321,0.0000062500,0.0007000000,171.6,0.0
2026-09-04T11:48:36.239+00:00,B_sell_A_buy,9.8834,3.9834,4469.7,4469.8,0.4825,27.597,4474.22,4474.83,2.0031,4.6321,0.0000062500,0.0007000000,171.6,0.0
2026-09-04T11:48:37.346+00:00,A_sell_B_buy,-11.4710,-17.3710,4469.7,4469.8,0.4825,25.597,4474.25,4474.83,2.6249,1.3471,0.0000062500,0.0007000000,483.6,0.1
2026-09-04T11:48:37.346+00:00,B_sell_A_buy,9.9505,4.0505,4469.7,4469.8,0.4825,25.597,4474.25,4474.83,2.6249,1.3471,0.0000062500,0.0007000000,483.6,0.1
2026-09-04T11:48:38.468+00:00,A_sell_B_buy,-11.7168,-17.6168,4469.7,4469.8,0.4825,23.597,4474.36,4474.94,2.1117,1.6929,0.0000062500,0.0007000000,1002.4,0.1
2026-09-04T11:48:38.468+00:00,B_sell_A_buy,10.1963,4.2963,4469.7,4469.8,0.4825,23.597,4474.36,4474.94,2.1117,1.6929,0.0000062500,0.0007000000,1002.4,0.1
2026-09-04T11:48:40.421+00:00,A_sell_B_buy,-11.7389,-17.6389,4469.7,4469.8,0.4825,21.217,4474.72,4474.95,2.1117,0.0049,0.0000062500,0.0007000000,1177.4,0.1
2026-09-04T11:48:40.421+00:00,B_sell_A_buy,11.0011,5.1011,4469.7,4469.8,0.4825,21.217,4474.72,4474.95,2.1117,0.0049,0.0000062500,0.0007000000,1177.4,0.1
2026-09-04T11:48:42.270+00:00,A_sell_B_buy,-11.8283,-17.7283,4469.7,4469.8,4.2723,17.8907,4474.82,4474.99,0.1117,0.0093,0.0000062500,0.0007000000,0.1,207.0
2026-09-04T11:48:42.270+00:00,B_sell_A_buy,11.2246,5.3246,4469.7,4469.8,4.2723,17.8907,4474.82,4474.99,0.1117,0.0093,0.0000062500,0.0007000000,0.1,207.0
2026-09-04T11:48:43.287+00:00,A_sell_B_buy,-11.9177,-17.8177,4469.7,4469.8,28.8459,14.054,4474.82,4475.03,2.1117,0.3156,0.0000062500,0.0007000000,533.4,0.1
2026-09-04T11:48:43.287+00:00,B_sell_A_buy,11.2246,5.3246,4469.7,4469.8,28.8459,14.054,4474.82,4475.03,2.1117,0.3156,0.0000062500,0.0007000000,533.4,0.1
2026-09-04T11:48:44.294+00:00,A_sell_B_buy,-11.4933,-17.3933,4469.7,4469.8,0.4825,25.8052,4474.36,4474.84,1.9152,0.0051,0.0000062500,0.0007000000,0.1,195.9
2026-09-04T11:48:44.294+00:00,B_sell_A_buy,10.1964,4.2964,4469.7,4469.8,0.4825,25.8052,4474.36,4474.84,1.9152,0.0051,0.0000062500,0.0007000000,0.1,195.9
2026-09-04T11:48:45.308+00:00,A_sell_B_buy,-11.4932,-17.3932,4469.7,4469.8,0.4825,25.8052,4474.54,4474.84,2.1117,0.0068,0.0000062500,0.0007000000,0.1,128.3
2026-09-04T11:48:45.308+00:00,B_sell_A_buy,10.5988,4.6988,4469.7,4469.8,0.4825,25.8052,4474.54,4474.84,2.1117,0.0068,0.0000062500,0.0007000000,0.1,128.3
2026-09-04T11:48:46.365+00:00,A_sell_B_buy,-11.4708,-17.3708,4469.7,4469.8,0.4825,27.8052,4474.54,4474.83,2.1117,1.5786,0.0000062500,0.0007000000,291.7,0.1
2026-09-04T11:48:46.365+00:00,B_sell_A_buy,10.5988,4.6988,4469.7,4469.8,0.4825,27.8052,4474.54,4474.83,2.1117,1.5786,0.0000062500,0.0007000000,291.7,0.1
2026-09-04T11:48:47.626+00:00,A_sell_B_buy,-11.4708,-17.3708,4469.7,4469.8,0.4825,27.8052,4474.54,4474.83,0.1117,1.5878,0.0000062500,0.0007000000,1553.8,0.1
2026-09-04T11:48:47.626+00:00,B_sell_A_buy,10.5988,4.6988,4469.7,4469.8,0.4825,27.8052,4474.54,4474.83,0.1117,1.5878,0.0000062500,0.0007000000,1553.8,0.1
2026-09-04T11:48:49.540+00:00,A_sell_B_buy,-11.4708,-17.3708,4469.7,4469.8,0.4825,25.8052,4474.54,4474.83,2.1117,1.5891,0.0000062500,0.0007000000,0.1,259.7
2026-09-04T11:48:49.540+00:00,B_sell_A_buy,10.5988,4.6988,4469.7,4469.8,0.4825,25.8052,4474.54,4474.83,2.1117,1.5891,0.0000062500,0.0007000000,0.1,259.7
2026-09-04T11:48:50.980+00:00,A_sell_B_buy,-11.4485,-17.3485,4469.7,4469.8,0.4825,27.8052,4474.54,4474.82,0.1117,0.0115,0.0000062500,0.0007000000,1097.8,0.1
2026-09-04T11:48:50.980+00:00,B_sell_A_buy,10.5988,4.6988,4469.7,4469.8,0.4825,27.8052,4474.54,4474.82,0.1117,0.0115,0.0000062500,0.0007000000,1097.8,0.1
2026-09-04T11:48:53.636+00:00,A_sell_B_buy,-11.4485,-17.3485,4469.7,4469.8,0.4825,25.4324,4474.54,4474.82,0.1117,0.0126,0.0000062500,0.0007000000,0.1,74.0
2026-09-04T11:48:53.636+00:00,B_sell_A_buy,10.5988,4.6988,4469.7,4469.8,0.4825,25.4324,4474.54,4474.82,0.1117,0.0126,0.0000062500,0.0007000000,0.1,74.0
2026-09-04T11:48:54.705+00:00,A_sell_B_buy,-11.4261,-17.3261,4469.7,4469.8,0.4825,27.8052,4474.54,4474.81,0.1117,0.0131,0.0000062500,0.0007000000,0.1,485.0
2026-09-04T11:48:54.705+00:00,B_sell_A_buy,10.5988,4.6988,4469.7,4469.8,0.4825,27.8052,4474.54,4474.81,0.1117,0.0131,0.0000062500,0.0007000000,0.1,485.0
2026-09-04T11:48:55.712+00:00,A_sell_B_buy,-10.5098,-16.4098,4469.7,4469.8,0.2237,30.8301,4474.15,4474.4,2.1118,0.1326,0.0000062500,0.0007000000,0.1,287.9
2026-09-04T11:48:55.712+00:00,B_sell_A_buy,9.7272,3.8272,4469.7,4469.8,0.2237,30.8301,4474.15,4474.4,2.1118,0.1326,0.0000062500,0.0007000000,0.1,287.9
2026-09-04T11:48:56.836+00:00,A_sell_B_buy,-10.5992,-16.4992,4469.7,4469.8,0.2237,30.4572,4474.15,4474.44,2.1118,0.0115,0.0000062500,0.0007000000,381.5,0.1
2026-09-04T11:48:56.836+00:00,B_sell_A_buy,9.7271,3.8271,4469.7,4469.8,0.2237,30.4572,4474.15,4474.44,2.1118,0.0115,0.0000062500,0.0007000000,381.5,0.1
2026-09-04T11:48:57.862+00:00,A_sell_B_buy,-10.5992,-16.4992,4469.7,4469.8,0.2237,30.9036,4474.15,4474.44,2.1118,0.0115,0.0000062500,0.0007000000,628.2,0.1
2026-09-04T11:48:57.862+00:00,B_sell_A_buy,9.7271,3.8271,4469.7,4469.8,0.2237,30.9036,4474.15,4474.44,2.1118,0.0115,0.0000062500,0.0007000000,628.2,0.1
2026-09-04T11:49:00.233+00:00,A_sell_B_buy,-9.7051,-15.6051,4469.7,4469.8,0.2237,34.6322,4473.98,4474.04,0.56,0.3832,0.0000062500,0.0007000000,0.1,62.4
2026-09-04T11:49:00.233+00:00,B_sell_A_buy,9.3473,3.4473,4469.7,4469.8,0.2237,34.6322,4473.98,4474.04,0.56,0.3832,0.0000062500,0.0007000000,0.1,62.4
2026-09-04T11:49:01.797+00:00,A_sell_B_buy,-9.7051,-15.6051,4469.7,4469.8,0.2237,56.6634,4473.98,4474.04,0.56,0.3808,0.0000062500,0.0007000000,1099.1,0.1
2026-09-04T11:49:01.797+00:00,B_sell_A_buy,9.3473,3.4473,4469.7,4469.8,0.2237,56.6634,4473.98,4474.04,0.56,0.3808,0.0000062500,0.0007000000,1099.1,0.1
2026-09-04T11:49:05.518+00:00,A_sell_B_buy,-9.5936,-15.4936,4469.7,4469.8,0.2237,55.4597,4473.52,4473.99,2.4714,0.8699,0.0000062500,0.0007000000,0.1,242.5
2026-09-04T11:49:05.518+00:00,B_sell_A_buy,8.3189,2.4189,4469.7,4469.8,0.2237,55.4597,4473.52,4473.99,2.4714,0.8699,0.0000062500,0.0007000000,0.1,242.5
2026-09-04T11:49:06.540+00:00,A_sell_B_buy,-9.0346,-14.9346,4469.7,4469.8,0.2237,55.508,4473.52,4473.74,0.1118,0.067,0.0000062500,0.0007000000,169.1,0.1
2026-09-04T11:49:06.540+00:00,B_sell_A_buy,8.3190,2.4190,4469.7,4469.8,0.2237,55.508,4473.52,4473.74,0.1118,0.067,0.0000062500,0.0007000000,169.1,0.1
2026-09-04T11:49:07.576+00:00,A_sell_B_buy,-8.9228,-14.8228,4469.7,4469.8,0.2237,55.9684,4473.52,4473.69,0.1118,1.1571,0.0000062500,0.0007000000,489.1,0.1
2026-09-04T11:49:07.576+00:00,B_sell_A_buy,8.3190,2.4190,4469.7,4469.8,0.2237,55.9684,4473.52,4473.69,0.1118,1.1571,0.0000062500,0.0007000000,489.1,0.1
2026-09-04T11:49:08.856+00:00,A_sell_B_buy,-8.6322,-14.5322,4469.7,4469.8,0.2237,57.9841,4473.52,4473.56,0.1118,0.1331,0.0000062500,0.0007000000,0.1,1042.6
2026-09-04T11:49:08.856+00:00,B_sell_A_buy,8.3191,2.4191,4469.7,4469.8,0.2237,57.9841,4473.52,4473.56,0.1118,0.1331,0.0000062500,0.0007000000,0.1,1042.6
2026-09-04T11:49:11.663+00:00,A_sell_B_buy,-8.4311,-14.3311,4469.7,4469.8,0.2237,57.5377,4473.22,4473.47,0.1118,3.2354,0.0000062500,0.0007000000,0.1,256.6
2026-09-04T11:49:11.663+00:00,B_sell_A_buy,7.6484,1.7484,4469.7,4469.8,0.2237,57.5377,4473.22,4473.47,0.1118,3.2354,0.0000062500,0.0007000000,0.1,256.6
2026-09-04T11:49:12.663+00:00,A_sell_B_buy,-9.5498,-15.4498,4469.2,4469.3,0.2,45.5939,4473.22,4473.47,0.1118,3.2354,0.0000062500,0.0007000000,0.1,454.5
2026-09-04T11:49:12.663+00:00,B_sell_A_buy,8.7670,2.8670,4469.2,4469.3,0.2,45.5939,4473.22,4473.47,0.1118,3.2354,0.0000062500,0.0007000000,0.1,454.5
2026-09-04T11:49:13.735+00:00,A_sell_B_buy,-9.5498,-15.4498,4469.2,4469.3,0.4237,74.63,4473.22,4473.47,0.1118,3.2354,0.0000062500,0.0007000000,697.0,0.1
2026-09-04T11:49:13.735+00:00,B_sell_A_buy,8.7670,2.8670,4469.2,4469.3,0.4237,74.63,4473.22,4473.47,0.1118,3.2354,0.0000062500,0.0007000000,697.0,0.1
2026-09-04T11:49:16.485+00:00,A_sell_B_buy,-9.5498,-15.4498,4469.2,4469.3,0.4237,75.0327,4473.22,4473.47,0.1118,3.2354,0.0000062500,0.0007000000,0.1,120.4
2026-09-04T11:49:16.485+00:00,B_sell_A_buy,8.7670,2.8670,4469.2,4469.3,0.4237,75.0327,4473.22,4473.47,0.1118,3.2354,0.0000062500,0.0007000000,0.1,120.4
2026-09-04T11:49:24.529+00:00,A_sell_B_buy,-9.1921,-15.0921,4469.2,4469.3,0.4237,74.9111,4473.05,4473.31,2.5799,0.0196,0.0000062500,0.0007000000,0.0,2.0
2026-09-04T11:49:24.529+00:00,B_sell_A_buy,8.3870,2.4870,4469.2,4469.3,0.4237,74.9111,4473.05,4473.31,2.5799,0.0196,0.0000062500,0.0007000000,0.0,2.0
2026-09-04T11:49:25.664+00:00,A_sell_B_buy,-9.1698,-15.0698,4469.2,4469.3,0.4237,74.9111,4473.05,4473.3,0.5799,0.0193,0.0000062500,0.0007000000,1135.8,0.1
2026-09-04T11:49:25.664+00:00,B_sell_A_buy,8.3870,2.4870,4469.2,4469.3,0.4237,74.9111,4473.05,4473.3,0.5799,0.0193,0.0000062500,0.0007000000,1135.8,0.1
2026-09-04T11:49:28.662+00:00,A_sell_B_buy,-9.1698,-15.0698,4469.2,4469.3,0.4237,72.9111,4473.05,4473.3,0.5799,0.0188,0.0000062500,0.0007000000,0.1,1909.1
2026-09-04T11:49:28.662+00:00,B_sell_A_buy,8.3870,2.4870,4469.2,4469.3,0.4237,72.9111,4473.05,4473.3,0.5799,0.0188,0.0000062500,0.0007000000,0.1,1909.1
2026-09-04T11:49:29.717+00:00,A_sell_B_buy,-9.1474,-15.0474,4469.2,4469.3,0.4237,74.9111,4473.05,4473.29,0.5799,0.0187,0.0000062500,0.0007000000,0.1,281.7
2026-09-04T11:49:29.717+00:00,B_sell_A_buy,8.3870,2.4870,4469.2,4469.3,0.4237,74.9111,4473.05,4473.29,0.5799,0.0187,0.0000062500,0.0007000000,0.1,281.7
2026-09-04T11:49:30.777+00:00,A_sell_B_buy,-8.8344,-14.7344,4469.2,4469.3,0.4237,74.9111,4472.96,4473.15,0.0536,0.3903,0.0000062500,0.0007000000,1059.6,0.1
2026-09-04T11:49:30.777+00:00,B_sell_A_buy,8.1858,2.2858,4469.2,4469.3,0.4237,74.9111,4472.96,4473.15,0.0536,0.3903,0.0000062500,0.0007000000,1059.6,0.1
2026-09-04T11:49:31.821+00:00,A_sell_B_buy,-8.8344,-14.7344,4469.2,4469.3,0.4237,77.0757,4472.96,4473.15,0.0536,0.8619,0.0000062500,0.0007000000,750.2,0.1
2026-09-04T11:49:31.821+00:00,B_sell_A_buy,8.1858,2.2858,4469.2,4469.3,0.4237,77.0757,4472.96,4473.15,0.0536,0.8619,0.0000062500,0.0007000000,750.2,0.1
2026-09-04T11:49:33.038+00:00,A_sell_B_buy,-8.5884,-14.4884,4469.2,4469.3,0.4237,76.8185,4472.96,4473.04,0.0536,0.9016,0.0000062500,0.0007000000,651.6,0.1
2026-09-04T11:49:33.038+00:00,B_sell_A_buy,8.1859,2.2859,4469.2,4469.3,0.4237,76.8185,4472.96,4473.04,0.0536,0.9016,0.0000062500,0.0007000000,651.6,0.1
2026-09-04T11:49:34.175+00:00,A_sell_B_buy,-8.4319,-14.3319,4469.2,4469.3,0.2,121.1223,4472.96,4472.97,0.0536,0.4156,0.0000062500,0.0007000000,699.0,0.1
2026-09-04T11:49:34.175+00:00,B_sell_A_buy,8.1859,2.2859,4469.2,4469.3,0.2,121.1223,4472.96,4472.97,0.0536,0.4156,0.0000062500,0.0007000000,699.0,0.1
2026-09-04T11:49:35.750+00:00,A_sell_B_buy,-8.4319,-14.3319,4469.2,4469.3,0.2,122.3795,4472.96,4472.97,0.0536,1.3014,0.0000062500,0.0007000000,0.1,1520.9
2026-09-04T11:49:35.750+00:00,B_sell_A_buy,8.1859,2.2859,4469.2,4469.3,0.2,122.3795,4472.96,4472.97,0.0536,1.3014,0.0000062500,0.0007000000,0.1,1520.9
2026-09-04T11:49:36.817+00:00,A_sell_B_buy,-9.5507,-15.4507,4468.7,4468.8,0.2237,49.135,4472.96,4472.97,0.0449,1.3014,0.0000062500,0.0007000000,0.1,438.1
2026-09-04T11:49:36.817+00:00,B_sell_A_buy,9.3047,3.4047,4468.7,4468.8,0.2237,49.135,4472.96,4472.97,0.0449,1.3014,0.0000062500,0.0007000000,0.1,438.1
2026-09-04T11:49:38.094+00:00,A_sell_B_buy,-9.5507,-15.4507,4468.7,4468.8,0.2237,68.837,4472.96,4472.97,0.0449,1.3014,0.0000062500,0.0007000000,0.1,372.1
2026-09-04T11:49:38.094+00:00,B_sell_A_buy,9.3047,3.4047,4468.7,4468.8,0.2237,68.837,4472.96,4472.97,0.0449,1.3014,0.0000062500,0.0007000000,0.1,372.1
2026-09-04T11:49:39.180+00:00,A_sell_B_buy,-10.2221,-16.1221,4468.4,4468.5,8.92,0.2616,4472.96,4472.97,0.0449,3.7164,0.0000062500,0.0007000000,0.1,451.7
2026-09-04T11:49:39.180+00:00,B_sell_A_buy,9.9760,4.0760,4468.4,4468.5,8.92,0.2616,4472.96,4472.97,0.0449,3.7164,0.0000062500,0.0007000000,0.1,451.7
2026-09-04T11:49:40.466+00:00,A_sell_B_buy,-10.2225,-16.1225,4468.4,4468.5,8.92,59.9376,4472.27,4472.97,0.5802,3.7164,0.0000062500,0.0007000000,422.0,0.1
2026-09-04T11:49:40.466+00:00,B_sell_A_buy,8.4330,2.5330,4468.4,4468.5,8.92,59.9376,4472.27,4472.97,0.5802,3.7164,0.0000062500,0.0007000000,422.0,0.1
2026-09-04T11:49:41.541+00:00,A_sell_B_buy,-9.1714,-15.0714,4468.4,4468.5,9.1437,59.9376,4472.27,4472.5,0.5802,0.0224,0.0000062500,0.0007000000,396.2,0.1
2026-09-04T11:49:41.541+00:00,B_sell_A_buy,8.4332,2.5332,4468.4,4468.5,9.1437,59.9376,4472.27,4472.5,0.5802,0.0224,0.0000062500,0.0007000000,396.2,0.1
2026-09-04T11:49:42.616+00:00,A_sell_B_buy,-9.2608,-15.1608,4468.4,4468.5,9.1437,59.9376,4472.31,4472.54,1.7598,0.0218,0.0000062500,0.0007000000,1470.8,0.1
2026-09-04T11:49:42.616+00:00,B_sell_A_buy,8.5227,2.6227,4468.4,4468.5,9.1437,59.9376,4472.31,4472.54,1.7598,0.0218,0.0000062500,0.0007000000,1470.8,0.1
2026-09-04T11:49:43.675+00:00,A_sell_B_buy,-9.2609,-15.1609,4468.4,4468.5,9.1437,60.3403,4472.27,4472.54,0.5802,0.0218,0.0000062500,0.0007000000,469.6,0.1
2026-09-04T11:49:43.675+00:00,B_sell_A_buy,8.4332,2.5332,4468.4,4468.5,9.1437,60.3403,4472.27,4472.54,0.5802,0.0218,0.0000062500,0.0007000000,469.6,0.1
2026-09-04T11:49:44.832+00:00,A_sell_B_buy,-8.9030,-14.8030,4468.4,4468.5,9.1437,60.3403,4472.27,4472.38,0.5802,3.2354,0.0000062500,0.0007000000,1627.5,0.1
2026-09-04T11:49:44.832+00:00,B_sell_A_buy,8.4333,2.5333,4468.4,4468.5,9.1437,60.3403,4472.27,4472.38,0.5802,3.2354,0.0000062500,0.0007000000,1627.5,0.1
2026-09-04T11:49:46.183+00:00,A_sell_B_buy,-9.0376,-14.9376,4468.3,4468.4,0.7054,48.0421,4471.83,4472.34,4.3539,1.1489,0.0000062500,0.0007000000,0.1,606.2
2026-09-04T11:49:46.183+00:00,B_sell_A_buy,7.6730,1.7730,4468.3,4468.4,0.7054,48.0421,4471.83,4472.34,4.3539,1.1489,0.0000062500,0.0007000000,0.1,606.2
2026-09-04T11:49:47.420+00:00,A_sell_B_buy,-9.1271,-15.0271,4468.3,4468.4,0.7054,54.7394,4471.83,4472.38,4.3539,3.2042,0.0000062500,0.0007000000,1159.5,0.1
2026-09-04T11:49:47.420+00:00,B_sell_A_buy,7.6730,1.7730,4468.3,4468.4,0.7054,54.7394,4471.83,4472.38,4.3539,3.2042,0.0000062500,0.0007000000,1159.5,0.1
2026-09-04T11:49:48.777+00:00,A_sell_B_buy,-8.9257,-14.8257,4468.3,4468.4,0.7054,55.1421,4472.06,4472.29,0.9073,0.0068,0.0000062500,0.0007000000,0.1,192.6
2026-09-04T11:49:48.777+00:00,B_sell_A_buy,8.1874,2.2874,4468.3,4468.4,0.7054,55.1421,4472.06,4472.29,0.9073,0.0068,0.0000062500,0.0007000000,0.1,192.6
2026-09-04T11:49:49.831+00:00,A_sell_B_buy,-8.9256,-14.8256,4468.3,4468.4,0.7054,55.1421,4472.07,4472.29,0.6015,0.0078,0.0000062500,0.0007000000,1054.0,0.1
2026-09-04T11:49:49.831+00:00,B_sell_A_buy,8.2098,2.3098,4468.3,4468.4,0.7054,55.1421,4472.07,4472.29,0.6015,0.0078,0.0000062500,0.0007000000,1054.0,0.1
2026-09-04T11:49:51.039+00:00,A_sell_B_buy,-9.0822,-14.9822,4468.3,4468.4,0.7054,58.743,4472.07,4472.36,0.6015,0.0085,0.0000062500,0.0007000000,0.1,252.0
2026-09-04T11:49:51.039+00:00,B_sell_A_buy,8.2098,2.3098,4468.3,4468.4,0.7054,58.743,4472.07,4472.36,0.6015,0.0085,0.0000062500,0.0007000000,0.1,252.0
2026-09-04T11:49:52.848+00:00,A_sell_B_buy,-9.2165,-15.1165,4468.3,4468.4,0.7054,58.6597,4471.84,4472.42,2.2362,0.0102,0.0000062500,0.0007000000,945.0,0.1
2026-09-04T11:49:52.848+00:00,B_sell_A_buy,7.6953,1.7953,4468.3,4468.4,0.7054,58.6597,4471.84,4472.42,2.2362,0.0102,0.0000062500,0.0007000000,945.0,0.1
2026-09-04T11:49:54.602+00:00,A_sell_B_buy,-9.0821,-14.9821,4468.3,4468.4,0.7054,56.6597,4472.25,4472.36,0.1581,0.0148,0.0000062500,0.0007000000,0.0,111.1
2026-09-04T11:49:54.602+00:00,B_sell_A_buy,8.6123,2.7123,4468.3,4468.4,0.7054,56.6597,4472.25,4472.36,0.1581,0.0148,0.0000062500,0.0007000000,0.0,111.1
2026-09-04T11:49:55.608+00:00,A_sell_B_buy,-9.3506,-15.2506,4468.3,4468.4,0.7054,58.4359,4472.1,4472.48,2.0,0.0168,0.0000062500,0.0007000000,619.6,0.1
2026-09-04T11:49:55.608+00:00,B_sell_A_buy,8.2768,2.3768,4468.3,4468.4,0.7054,58.4359,4472.1,4472.48,2.0,0.0168,0.0000062500,0.0007000000,619.6,0.1
2026-09-04T11:49:56.738+00:00,A_sell_B_buy,-9.2387,-15.1387,4468.3,4468.4,0.7054,58.4359,4472.2,4472.43,0.2747,0.0147,0.0000062500,0.0007000000,1749.4,0.1
2026-09-04T11:49:56.738+00:00,B_sell_A_buy,8.5005,2.6005,4468.3,4468.4,0.7054,58.4359,4472.2,4472.43,0.2747,0.0147,0.0000062500,0.0007000000,1749.4,0.1
2026-09-04T11:49:57.901+00:00,A_sell_B_buy,-9.2389,-15.1389,4468.3,4468.4,5.1813,58.4359,4471.87,4472.43,3.1896,0.0155,0.0000062500,0.0007000000,0.1,126.1
2026-09-04T11:49:57.901+00:00,B_sell_A_buy,7.7624,1.8624,4468.3,4468.4,5.1813,58.4359,4471.87,4472.43,3.1896,0.0155,0.0000062500,0.0007000000,0.1,126.1
2026-09-04T11:49:59.074+00:00,A_sell_B_buy,-9.0822,-14.9822,4468.3,4468.4,5.1813,58.4359,4472.07,4472.36,0.2734,0.0143,0.0000062500,0.0007000000,1174.1,0.1
2026-09-04T11:49:59.074+00:00,B_sell_A_buy,8.2098,2.3098,4468.3,4468.4,5.1813,58.4359,4472.07,4472.36,0.2734,0.0143,0.0000062500,0.0007000000,1174.1,0.1
2026-09-04T11:50:03.707+00:00,A_sell_B_buy,-8.8140,-14.7140,4468.3,4468.4,5.1813,62.8156,4471.66,4472.24,6.5886,0.9358,0.0000062500,0.0007000000,0.1,89.4
2026-09-04T11:50:03.707+00:00,B_sell_A_buy,7.2928,1.3928,4468.3,4468.4,5.1813,62.8156,4471.66,4472.24,6.5886,0.9358,0.0000062500,0.0007000000,0.1,89.4
2026-09-04T11:50:04.737+00:00,A_sell_B_buy,-9.0151,-14.9151,4468.3,4468.4,5.1813,62.8156,4472.05,4472.33,0.1979,0.0149,0.0000062500,0.0007000000,1030.0,0.1
2026-09-04T11:50:04.737+00:00,B_sell_A_buy,8.1651,2.2651,4468.3,4468.4,5.1813,62.8156,4472.05,4472.33,0.1979,0.0149,0.0000062500,0.0007000000,1030.0,0.1
2026-09-04T11:50:06.042+00:00,A_sell_B_buy,-8.9033,-14.8033,4468.3,4468.4,5.1813,62.7976,4472.05,4472.28,0.1979,0.0216,0.0000062500,0.0007000000,0.1,220.5
2026-09-04T11:50:06.042+00:00,B_sell_A_buy,8.1651,2.2651,4468.3,4468.4,5.1813,62.7976,4472.05,4472.28,0.1979,0.0216,0.0000062500,0.0007000000,0.1,220.5
2026-09-04T11:50:07.050+00:00,A_sell_B_buy,-9.1941,-15.0941,4468.3,4468.4,5.1813,62.7976,4471.89,4472.41,2.2362,0.0212,0.0000062500,0.0007000000,1007.2,0.1
2026-09-04T11:50:07.050+00:00,B_sell_A_buy,7.8072,1.9072,4468.3,4468.4,5.1813,62.7976,4471.89,4472.41,2.2362,0.0212,0.0000062500,0.0007000000,1007.2,0.1
2026-09-04T11:50:08.314+00:00,A_sell_B_buy,-9.1494,-15.0494,4468.3,4468.4,5.098,62.7976,4471.9,4472.39,3.3049,0.019,0.0000062500,0.0007000000,411.7,0.1
2026-09-04T11:50:08.314+00:00,B_sell_A_buy,7.8295,1.9295,4468.3,4468.4,5.098,62.7976,4471.9,4472.39,3.3049,0.019,0.0000062500,0.0007000000,411.7,0.1
2026-09-04T11:50:09.508+00:00,A_sell_B_buy,-9.3729,-15.2729,4468.3,4468.4,5.2932,59.33,4472.12,4472.49,2.3696,0.0217,0.0000062500,0.0007000000,346.2,0.1
2026-09-04T11:50:09.508+00:00,B_sell_A_buy,8.3215,2.4215,4468.3,4468.4,5.2932,59.33,4472.12,4472.49,2.3696,0.0217,0.0000062500,0.0007000000,346.2,0.1
2026-09-04T11:50:10.514+00:00,A_sell_B_buy,-9.9095,-15.8095,4468.3,4468.4,5.2932,59.33,4472.37,4472.73,3.2354,0.0164,0.0000062500,0.0007000000,1351.8,0.0
2026-09-04T11:50:10.514+00:00,B_sell_A_buy,8.8805,2.9805,4468.3,4468.4,5.2932,59.33,4472.37,4472.73,3.2354,0.0164,0.0000062500,0.0007000000,1351.8,0.0
2026-09-04T11:50:11.530+00:00,A_sell_B_buy,-10.2225,-16.1225,4468.3,4468.4,7.4738,19.2833,4472.63,4472.87,2.0618,0.027,0.0000062500,0.0007000000,0.1,76.8
2026-09-04T11:50:11.530+00:00,B_sell_A_buy,9.4619,3.5619,4468.3,4468.4,7.4738,19.2833,4472.63,4472.87,2.0618,0.027,0.0000062500,0.0007000000,0.1,76.8
2026-09-04T11:50:12.762+00:00,A_sell_B_buy,-10.2225,-16.1225,4468.3,4468.4,8.3687,18.8806,4472.62,4472.87,5.2354,0.0232,0.0000062500,0.0007000000,751.5,0.1
2026-09-04T11:50:12.762+00:00,B_sell_A_buy,9.4396,3.5396,4468.3,4468.4,8.3687,18.8806,4472.62,4472.87,5.2354,0.0232,0.0000062500,0.0007000000,751.5,0.1
2026-09-04T11:50:13.906+00:00,A_sell_B_buy,-10.2448,-16.1448,4468.3,4468.4,8.3687,19.2536,4472.74,4472.88,0.1041,0.0236,0.0000062500,0.0007000000,625.2,0.1
2026-09-04T11:50:13.906+00:00,B_sell_A_buy,9.7079,3.8079,4468.3,4468.4,8.3687,19.2536,4472.74,4472.88,0.1041,0.0236,0.0000062500,0.0007000000,625.2,0.1
2026-09-04T11:50:14.928+00:00,A_sell_B_buy,-10.7144,-16.6144,4468.3,4468.4,8.3687,19.2536,4472.63,4473.09,2.6216,0.0207,0.0000062500,0.0007000000,1647.9,0.0
2026-09-04T11:50:14.928+00:00,B_sell_A_buy,9.4618,3.5618,4468.3,4468.4,8.3687,19.2536,4472.63,4473.09,2.6216,0.0207,0.0000062500,0.0007000000,1647.9,0.0
2026-09-04T11:50:16.744+00:00,A_sell_B_buy,-10.4907,-16.3907,4468.3,4468.4,11.8753,19.2535,4472.9,4472.99,0.034,0.0183,0.0000062500,0.0007000000,897.6,0.1
2026-09-04T11:50:16.744+00:00,B_sell_A_buy,10.0657,4.1657,4468.3,4468.4,11.8753,19.2535,4472.9,4472.99,0.034,0.0183,0.0000062500,0.0007000000,897.6,0.1
2026-09-04T11:50:22.144+00:00,A_sell_B_buy,-10.4013,-16.3013,4468.3,4468.4,11.8753,18.8806,4472.76,4472.95,2.0488,0.0195,0.0000062500,0.0007000000,907.7,0.1
2026-09-04T11:50:22.144+00:00,B_sell_A_buy,9.7526,3.8526,4468.3,4468.4,11.8753,18.8806,4472.76,4472.95,2.0488,0.0195,0.0000062500,0.0007000000,907.7,0.1
2026-09-04T11:50:23.523+00:00,A_sell_B_buy,-10.1108,-16.0108,4468.3,4468.4,5.098,31.6811,4472.35,4472.82,2.6266,0.9895,0.0000062500,0.0007000000,0.1,480.1
2026-09-04T11:50:23.523+00:00,B_sell_A_buy,8.8358,2.9358,4468.3,4468.4,5.098,31.6811,4472.35,4472.82,2.6266,0.9895,0.0000062500,0.0007000000,0.1,480.1
2026-09-04T11:50:24.694+00:00,A_sell_B_buy,-9.5741,-15.4741,4468.3,4468.4,5.098,31.6811,4472.35,4472.58,2.6266,0.0203,0.0000062500,0.0007000000,1171.3,0.1
2026-09-04T11:50:24.694+00:00,B_sell_A_buy,8.8359,2.9359,4468.3,4468.4,5.098,31.6811,4472.35,4472.58,2.6266,0.0203,0.0000062500,0.0007000000,1171.3,0.1
2026-09-04T11:50:36.049+00:00,A_sell_B_buy,-9.7306,-15.6306,4468.3,4468.4,5.098,31.6597,4472.43,4472.65,1.3226,0.0131,0.0000062500,0.0007000000,0.1,168.6
2026-09-04T11:50:36.049+00:00,B_sell_A_buy,9.0148,3.1148,4468.3,4468.4,5.098,31.6597,4472.43,4472.65,1.3226,0.0131,0.0000062500,0.0007000000,0.1,168.6
2026-09-04T11:50:37.084+00:00,A_sell_B_buy,-10.0883,-15.9883,4468.3,4468.4,5.2784,25.3303,4472.58,4472.81,2.7509,0.0184,0.0000062500,0.0007000000,0.1,161.4
2026-09-04T11:50:37.084+00:00,B_sell_A_buy,9.3501,3.4501,4468.3,4468.4,5.2784,25.3303,4472.58,4472.81,2.7509,0.0184,0.0000062500,0.0007000000,0.1,161.4
2026-09-04T11:50:38.484+00:00,A_sell_B_buy,-10.0883,-15.9883,4468.3,4468.4,5.2784,25.3303,4472.58,4472.81,2.7509,0.0194,0.0000062500,0.0007000000,1402.2,0.1
2026-09-04T11:50:38.484+00:00,B_sell_A_buy,9.3501,3.4501,4468.3,4468.4,5.2784,25.3303,4472.58,4472.81,2.7509,0.0194,0.0000062500,0.0007000000,1402.2,0.1
2026-09-04T11:50:39.519+00:00,A_sell_B_buy,-9.9095,-15.8095,4468.3,4468.4,5.6095,25.3303,4472.41,4472.73,2.4392,0.0206,0.0000062500,0.0007000000,80.9,0.1
2026-09-04T11:50:39.519+00:00,B_sell_A_buy,8.9700,3.0700,4468.3,4468.4,5.6095,25.3303,4472.41,4472.73,2.4392,0.0206,0.0000062500,0.0007000000,80.9,0.1
2026-09-04T11:50:40.629+00:00,A_sell_B_buy,-9.9095,-15.8095,4468.3,4468.4,5.5022,25.3303,4472.41,4472.73,0.6216,0.0195,0.0000062500,0.0007000000,599.2,0.1
2026-09-04T11:50:40.629+00:00,B_sell_A_buy,8.9700,3.0700,4468.3,4468.4,5.5022,25.3303,4472.41,4472.73,0.6216,0.0195,0.0000062500,0.0007000000,599.2,0.1
2026-09-04T11:50:41.735+00:00,A_sell_B_buy,-9.9095,-15.8095,4468.3,4468.4,5.5022,24.9573,4472.45,4472.73,1.8382,0.0199,0.0000062500,0.0007000000,118.7,0.1
2026-09-04T11:50:41.735+00:00,B_sell_A_buy,9.0595,3.1595,4468.3,4468.4,5.5022,24.9573,4472.45,4472.73,1.8382,0.0199,0.0000062500,0.0007000000,118.7,0.1
2026-09-04T11:50:42.776+00:00,A_sell_B_buy,-10.3342,-16.2342,4468.3,4468.4,5.5022,24.9573,4472.69,4472.92,3.0123,0.0217,0.0000062500,0.0007000000,1159.8,0.1
2026-09-04T11:50:42.776+00:00,B_sell_A_buy,9.5961,3.6961,4468.3,4468.4,5.5022,24.9573,4472.69,4472.92,3.0123,0.0217,0.0000062500,0.0007000000,1159.8,0.1
2026-09-04T11:50:43.918+00:00,A_sell_B_buy,-11.2062,-17.1062,4468.3,4468.4,11.7005,11.0055,4472.89,4473.31,0.5941,3.2354,0.0000062500,0.0007000000,164.0,0.1
2026-09-04T11:50:43.918+00:00,B_sell_A_buy,10.0431,4.1431,4468.3,4468.4,11.7005,11.0055,4472.89,4473.31,0.5941,3.2354,0.0000062500,0.0007000000,164.0,0.1
2026-09-04T11:50:45.043+00:00,A_sell_B_buy,-11.2062,-17.1062,4468.3,4468.4,11.7005,12.7958,4473.02,4473.31,0.5158,3.2354,0.0000062500,0.0007000000,673.9,0.1
2026-09-04T11:50:45.043+00:00,B_sell_A_buy,10.3338,4.4338,4468.3,4468.4,11.7005,12.7958,4473.02,4473.31,0.5158,3.2354,0.0000062500,0.0007000000,673.9,0.1
2026-09-04T11:50:46.114+00:00,A_sell_B_buy,-10.6921,-16.5921,4468.3,4468.4,9.9102,13.1688,4472.56,4473.08,2.1465,3.2354,0.0000062500,0.0007000000,397.5,0.1
2026-09-04T11:50:46.114+00:00,B_sell_A_buy,9.3053,3.4053,4468.3,4468.4,9.9102,13.1688,4472.56,4473.08,2.1465,3.2354,0.0000062500,0.0007000000,397.5,0.1
2026-09-04T11:50:47.230+00:00,A_sell_B_buy,-11.2732,-17.1732,4468.3,4468.4,14.0454,12.7958,4473.15,4473.34,2.0232,0.0089,0.0000062500,0.0007000000,335.1,0.1
2026-09-04T11:50:47.230+00:00,B_sell_A_buy,10.6245,4.7245,4468.3,4468.4,14.0454,12.7958,4473.15,4473.34,2.0232,0.0089,0.0000062500,0.0007000000,335.1,0.1
2026-09-04T11:50:48.265+00:00,A_sell_B_buy,-11.3627,-17.2627,4468.3,4468.4,37.0561,9.0055,4472.92,4473.38,2.0201,0.0057,0.0000062500,0.0007000000,230.7,0.1
2026-09-04T11:50:48.265+00:00,B_sell_A_buy,10.1102,4.2102,4468.3,4468.4,37.0561,9.0055,4472.92,4473.38,2.0201,0.0057,0.0000062500,0.0007000000,230.7,0.1
2026-09-04T11:50:49.275+00:00,A_sell_B_buy,-11.3627,-17.2627,4468.3,4468.4,37.0561,11.0055,4472.92,4473.38,0.0189,0.007,0.0000062500,0.0007000000,265.8,0.1
2026-09-04T11:50:49.275+00:00,B_sell_A_buy,10.1102,4.2102,4468.3,4468.4,37.0561,11.0055,4472.92,4473.38,0.0189,0.007,0.0000062500,0.0007000000,265.8,0.1
2026-09-04T11:50:50.326+00:00,A_sell_B_buy,-11.8767,-17.7767,4468.3,4468.4,37.429,7.0055,4473.38,4473.61,0.0055,0.0171,0.0000062500,0.0007000000,130.2,0.1
2026-09-04T11:50:50.326+00:00,B_sell_A_buy,11.1386,5.2386,4468.3,4468.4,37.429,7.0055,4473.38,4473.61,0.0055,0.0171,0.0000062500,0.0007000000,130.2,0.1
2026-09-04T11:50:51.361+00:00,A_sell_B_buy,-11.6085,-17.5085,4468.3,4468.4,39.7458,6.6973,4473.25,4473.49,2.6266,0.0188,0.0000062500,0.0007000000,320.9,0.1
2026-09-04T11:50:51.361+00:00,B_sell_A_buy,10.8480,4.9480,4468.3,4468.4,39.7458,6.6973,4473.25,4473.49,2.6266,0.0188,0.0000062500,0.0007000000,320.9,0.1
2026-09-04T11:50:52.463+00:00,A_sell_B_buy,-11.9215,-17.8215,4468.3,4468.4,39.7458,9.7982,4473.4,4473.63,0.0123,0.0188,0.0000062500,0.0007000000,559.9,0.1
2026-09-04T11:50:52.463+00:00,B_sell_A_buy,11.1833,5.2833,4468.3,4468.4,39.7458,9.7982,4473.4,4473.63,0.0123,0.0188,0.0000062500,0.0007000000,559.9,0.1
2026-09-04T11:50:53.519+00:00,A_sell_B_buy,-12.1450,-18.0450,4468.3,4468.4,41.7458,6.1973,4473.49,4473.73,0.6216,0.0255,0.0000062500,0.0007000000,228.9,0.1
2026-09-04T11:50:53.519+00:00,B_sell_A_buy,11.3845,5.4845,4468.3,4468.4,41.7458,6.1973,4473.49,4473.73,0.6216,0.0255,0.0000062500,0.0007000000,228.9,0.1
2026-09-04T11:50:54.529+00:00,A_sell_B_buy,-12.1450,-18.0450,4468.3,4468.4,43.7458,6.1973,4473.45,4473.73,3.2354,0.0169,0.0000062500,0.0007000000,618.3,0.1
2026-09-04T11:50:54.529+00:00,B_sell_A_buy,11.2951,5.3951,4468.3,4468.4,43.7458,6.1973,4473.45,4473.73,3.2354,0.0169,0.0000062500,0.0007000000,618.3,0.1
2026-09-04T11:50:55.541+00:00,A_sell_B_buy,-11.7204,-17.6204,4468.3,4468.4,39.7458,6.1973,4473.15,4473.54,0.6248,0.5211,0.0000062500,0.0007000000,813.4,0.1
2026-09-04T11:50:55.541+00:00,B_sell_A_buy,10.6244,4.7244,4468.3,4468.4,39.7458,6.1973,4473.15,4473.54,0.6248,0.5211,0.0000062500,0.0007000000,813.4,0.1
2026-09-04T11:50:57.355+00:00,A_sell_B_buy,-11.7204,-17.6204,4468.3,4468.4,37.0561,10.1118,4473.18,4473.54,1.0316,0.5211,0.0000062500,0.0007000000,1317.3,0.1
2026-09-04T11:50:57.355+00:00,B_sell_A_buy,10.6915,4.7915,4468.3,4468.4,37.0561,10.1118,4473.18,4473.54,1.0316,0.5211,0.0000062500,0.0007000000,1317.3,0.1
2026-09-04T11:50:59.210+00:00,A_sell_B_buy,-11.7426,-17.6426,4468.3,4468.4,37.0561,6.1118,4473.42,4473.55,0.6183,0.0103,0.0000062500,0.0007000000,0.1,115.1
2026-09-04T11:50:59.210+00:00,B_sell_A_buy,11.2281,5.3281,4468.3,4468.4,37.0561,6.1118,4473.42,4473.55,0.6183,0.0103,0.0000062500,0.0007000000,0.1,115.1
2026-09-04T11:51:00.366+00:00,A_sell_B_buy,-11.9885,-17.8885,4468.3,4468.4,40.0574,6.1118,4473.43,4473.66,0.8112,0.0205,0.0000062500,0.0007000000,279.6,0.1
2026-09-04T11:51:00.366+00:00,B_sell_A_buy,11.2504,5.3504,4468.3,4468.4,40.0574,6.1118,4473.43,4473.66,0.8112,0.0205,0.0000062500,0.0007000000,279.6,0.1
2026-09-04T11:51:01.430+00:00,A_sell_B_buy,-12.3685,-18.2685,4468.3,4468.4,40.0574,6.1118,4473.6,4473.83,0.8722,0.0219,0.0000062500,0.0007000000,1343.9,0.1
2026-09-04T11:51:01.430+00:00,B_sell_A_buy,11.6304,5.7304,4468.3,4468.4,40.0574,6.1118,4473.6,4473.83,0.8722,0.0219,0.0000062500,0.0007000000,1343.9,0.1
2026-09-04T11:51:02.448+00:00,A_sell_B_buy,-12.3238,-18.2238,4468.3,4468.4,42.0574,6.1118,4473.58,4473.81,0.6602,0.0186,0.0000062500,0.0007000000,460.2,0.1
2026-09-04T11:51:02.448+00:00,B_sell_A_buy,11.5857,5.6857,4468.3,4468.4,42.0574,6.1118,4473.58,4473.81,0.6602,0.0186,0.0000062500,0.0007000000,460.2,0.1
2026-09-04T11:51:03.480+00:00,A_sell_B_buy,-13.3296,-19.2296,4468.3,4468.4,94.9122,5.6118,4474.03,4474.26,1.2539,0.0197,0.0000062500,0.0007000000,0.0,61.0
2026-09-04T11:51:03.480+00:00,B_sell_A_buy,12.5916,6.6916,4468.3,4468.4,94.9122,5.6118,4474.03,4474.26,1.2539,0.0197,0.0000062500,0.0007000000,0.0,61.0
2026-09-04T11:51:04.571+00:00,A_sell_B_buy,-12.0538,-17.9538,4469.0,4469.1,46.6973,5.6452,4474.04,4474.39,0.6374,0.0177,0.0000062500,0.0007000000,0.1,195.7
2026-09-04T11:51:04.571+00:00,B_sell_A_buy,11.0474,5.1474,4469.0,4469.1,46.6973,5.6452,4474.04,4474.39,0.6374,0.0177,0.0000062500,0.0007000000,0.1,195.7
2026-09-04T11:51:05.578+00:00,A_sell_B_buy,-12.0314,-17.9314,4469.0,4469.1,46.6973,12.3425,4473.99,4474.38,1.2406,0.0187,0.0000062500,0.0007000000,118.7,0.1
2026-09-04T11:51:05.578+00:00,B_sell_A_buy,10.9356,5.0356,4469.0,4469.1,46.6973,12.3425,4473.99,4474.38,1.2406,0.0187,0.0000062500,0.0007000000,118.7,0.1
2026-09-04T11:51:06.988+00:00,A_sell_B_buy,-12.0313,-17.9313,4469.0,4469.1,47.0702,10.2808,4474.15,4474.38,0.5725,0.0189,0.0000062500,0.0007000000,0.1,442.5
2026-09-04T11:51:06.988+00:00,B_sell_A_buy,11.2934,5.3934,4469.0,4469.1,47.0702,10.2808,4474.15,4474.38,0.5725,0.0189,0.0000062500,0.0007000000,0.1,442.5
2026-09-04T11:51:08.232+00:00,A_sell_B_buy,-11.8750,-17.7750,4469.0,4469.1,47.0702,10.2808,4473.98,4474.31,3.2354,0.0196,0.0000062500,0.0007000000,1244.5,0.1
2026-09-04T11:51:08.232+00:00,B_sell_A_buy,10.9133,5.0133,4469.0,4469.1,47.0702,10.2808,4473.98,4474.31,3.2354,0.0196,0.0000062500,0.0007000000,1244.5,0.1
2026-09-04T11:51:09.729+00:00,A_sell_B_buy,-11.9197,-17.8197,4469.0,4469.1,47.2378,10.0571,4473.98,4474.33,3.2354,0.02,0.0000062500,0.0007000000,830.2,0.1
2026-09-04T11:51:09.729+00:00,B_sell_A_buy,10.9133,5.0133,4469.0,4469.1,47.2378,10.0571,4473.98,4474.33,3.2354,0.02,0.0000062500,0.0007000000,830.2,0.1
2026-09-04T11:51:12.086+00:00,A_sell_B_buy,-13.7967,-19.6967,4469.0,4469.1,103.4169,3.3598,4475.04,4475.17,0.129,0.0253,0.0000062500,0.0007000000,0.1,229.2
2026-09-04T11:51:12.086+00:00,B_sell_A_buy,13.2824,7.3824,4469.0,4469.1,103.4169,3.3598,4475.04,4475.17,0.129,0.0253,0.0000062500,0.0007000000,0.1,229.2
2026-09-04T11:51:13.172+00:00,A_sell_B_buy,-12.1407,-18.0407,4469.8,4470.2,45.6516,1.0443,4475.0,4475.23,0.3576,0.0119,0.0000062500,0.0007000000,0.1,361.6
2026-09-04T11:51:13.172+00:00,B_sell_A_buy,10.7321,4.8321,4469.8,4470.2,45.6516,1.0443,4475.0,4475.23,0.3576,0.0119,0.0000062500,0.0007000000,0.1,361.6
2026-09-04T11:51:14.253+00:00,A_sell_B_buy,-11.9838,-17.8838,4470.1,4470.2,47.2076,14.9895,4474.99,4475.46,0.701,1.4807,0.0000062500,0.0007000000,0.1,218.0
2026-09-04T11:51:14.253+00:00,B_sell_A_buy,10.7094,4.8094,4470.1,4470.2,47.2076,14.9895,4474.99,4475.46,0.701,1.4807,0.0000062500,0.0007000000,0.1,218.0
2026-09-04T11:51:15.276+00:00,A_sell_B_buy,-11.0229,-16.9229,4470.1,4470.2,44.3463,13.5316,4474.77,4475.03,1.1262,0.2807,0.0000062500,0.0007000000,419.7,0.1
2026-09-04T11:51:15.276+00:00,B_sell_A_buy,10.2179,4.3179,4470.1,4470.2,44.3463,13.5316,4474.77,4475.03,1.1262,0.2807,0.0000062500,0.0007000000,419.7,0.1
2026-09-04T11:51:16.385+00:00,A_sell_B_buy,-11.3358,-17.2358,4470.1,4470.2,44.3463,13.5316,4474.73,4475.17,3.2354,0.8726,0.0000062500,0.0007000000,1527.7,0.1
2026-09-04T11:51:16.385+00:00,B_sell_A_buy,10.1285,4.2285,4470.1,4470.2,44.3463,13.5316,4474.73,4475.17,3.2354,0.8726,0.0000062500,0.0007000000,1527.7,0.1
2026-09-04T11:51:19.614+00:00,A_sell_B_buy,-11.1793,-17.0793,4470.1,4470.2,44.3463,16.3147,4474.74,4475.1,0.6332,0.0126,0.0000062500,0.0007000000,0.1,43.8
2026-09-04T11:51:19.614+00:00,B_sell_A_buy,10.1508,4.2508,4470.1,4470.2,44.3463,16.3147,4474.74,4475.1,0.6332,0.0126,0.0000062500,0.0007000000,0.1,43.8
2026-09-04T11:51:20.902+00:00,A_sell_B_buy,-11.2017,-17.1017,4470.1,4470.2,44.3463,17.1437,4474.76,4475.11,0.8306,0.0208,0.0000062500,0.0007000000,0.1,350.9
2026-09-04T11:51:20.902+00:00,B_sell_A_buy,10.1955,4.2955,4470.1,4470.2,44.3463,17.1437,4474.76,4475.11,0.8306,0.0208,0.0000062500,0.0007000000,0.1,350.9
2026-09-04T11:51:22.084+00:00,A_sell_B_buy,-11.1570,-17.0570,4470.1,4470.2,44.3463,17.1437,4474.74,4475.09,0.647,0.0208,0.0000062500,0.0007000000,1181.3,0.1
2026-09-04T11:51:22.084+00:00,B_sell_A_buy,10.1508,4.2508,4470.1,4470.2,44.3463,17.1437,4474.74,4475.09,0.647,0.0208,0.0000062500,0.0007000000,1181.3,0.1
2026-09-04T11:51:23.282+00:00,A_sell_B_buy,-11.1570,-17.0570,4470.1,4470.2,46.8143,17.1437,4474.74,4475.09,0.647,0.0212,0.0000062500,0.0007000000,0.1,80.0
2026-09-04T11:51:23.282+00:00,B_sell_A_buy,10.1508,4.2508,4470.1,4470.2,46.8143,17.1437,4474.74,4475.09,0.647,0.0212,0.0000062500,0.0007000000,0.1,80.0
2026-09-04T11:51:24.306+00:00,A_sell_B_buy,-10.8888,-16.7888,4470.1,4470.2,44.461,17.5165,4474.74,4474.97,0.015,0.0135,0.0000062500,0.0007000000,294.8,0.1
2026-09-04T11:51:24.306+00:00,B_sell_A_buy,10.1509,4.2509,4470.1,4470.2,44.461,17.5165,4474.74,4474.97,0.015,0.0135,0.0000062500,0.0007000000,294.8,0.1
2026-09-04T11:51:25.395+00:00,A_sell_B_buy,-10.8217,-16.7217,4470.1,4470.2,14.1437,26.5188,4474.74,4474.94,0.015,3.2354,0.0000062500,0.0007000000,101.7,0.1
2026-09-04T11:51:25.395+00:00,B_sell_A_buy,10.1509,4.2509,4470.1,4470.2,14.1437,26.5188,4474.74,4474.94,0.015,3.2354,0.0000062500,0.0007000000,101.7,0.1
2026-09-04T11:51:28.004+00:00,A_sell_B_buy,-10.6652,-16.5652,4470.1,4470.2,0.2237,18.7963,4474.74,4474.87,0.015,1.0007,0.0000062500,0.0007000000,344.9,0.1
2026-09-04T11:51:28.004+00:00,B_sell_A_buy,10.1510,4.2510,4470.1,4470.2,0.2237,18.7963,4474.74,4474.87,0.015,1.0007,0.0000062500,0.0007000000,344.9,0.1
2026-09-04T11:51:29.403+00:00,A_sell_B_buy,-10.7770,-16.6770,4470.1,4470.2,16.1437,18.7963,4474.74,4474.92,0.015,0.9664,0.0000062500,0.0007000000,0.1,637.4
2026-09-04T11:51:29.403+00:00,B_sell_A_buy,10.1509,4.2509,4470.1,4470.2,16.1437,18.7963,4474.74,4474.92,0.015,0.9664,0.0000062500,0.0007000000,0.1,637.4
2026-09-04T11:51:30.427+00:00,A_sell_B_buy,-11.0452,-16.9452,4470.1,4470.2,0.2237,18.5726,4474.81,4475.04,0.4685,0.0257,0.0000062500,0.0007000000,0.1,159.0
2026-09-04T11:51:30.427+00:00,B_sell_A_buy,10.3073,4.4073,4470.1,4470.2,0.2237,18.5726,4474.81,4475.04,0.4685,0.0257,0.0000062500,0.0007000000,0.1,159.0
2026-09-04T11:51:31.797+00:00,A_sell_B_buy,-10.9111,-16.8111,4470.1,4470.2,18.4547,18.1998,4474.74,4474.98,0.015,0.0237,0.0000062500,0.0007000000,0.1,490.9
2026-09-04T11:51:31.797+00:00,B_sell_A_buy,10.1509,4.2509,4470.1,4470.2,18.4547,18.1998,4474.74,4474.98,0.015,0.0237,0.0000062500,0.0007000000,0.1,490.9
2026-09-04T11:51:33.393+00:00,A_sell_B_buy,-10.8888,-16.7888,4470.1,4470.2,18.4547,18.1998,4474.74,4474.97,0.015,0.0199,0.0000062500,0.0007000000,637.2,0.1
2026-09-04T11:51:33.393+00:00,B_sell_A_buy,10.1509,4.2509,4470.1,4470.2,18.4547,18.1998,4474.74,4474.97,0.015,0.0199,0.0000062500,0.0007000000,637.2,0.1
2026-09-04T11:51:34.489+00:00,A_sell_B_buy,-10.5982,-16.4982,4470.1,4470.2,16.4789,21.3827,4474.74,4474.84,0.015,0.5671,0.0000062500,0.0007000000,0.1,944.0
2026-09-04T11:51:34.489+00:00,B_sell_A_buy,10.1510,4.2510,4470.1,4470.2,16.4789,21.3827,4474.74,4474.84,0.015,0.5671,0.0000062500,0.0007000000,0.1,944.0
2026-09-04T11:51:35.504+00:00,A_sell_B_buy,-10.8888,-16.7888,4470.1,4470.2,0.5589,21.3446,4474.74,4474.97,0.015,0.8909,0.0000062500,0.0007000000,117.6,0.1
2026-09-04T11:51:35.504+00:00,B_sell_A_buy,10.1509,4.2509,4470.1,4470.2,0.5589,21.3446,4474.74,4474.97,0.015,0.8909,0.0000062500,0.0007000000,117.6,0.1
2026-09-04T11:51:36.654+00:00,A_sell_B_buy,-10.8664,-16.7664,4470.1,4470.2,0.5589,21.3251,4474.74,4474.96,0.015,0.5022,0.0000062500,0.0007000000,0.1,724.1
2026-09-04T11:51:36.654+00:00,B_sell_A_buy,10.1509,4.2509,4470.1,4470.2,0.5589,21.3251,4474.74,4474.96,0.015,0.5022,0.0000062500,0.0007000000,0.1,724.1
2026-09-04T11:51:38.283+00:00,A_sell_B_buy,-10.8664,-16.7664,4470.1,4470.2,0.5589,18.5933,4474.74,4474.96,0.015,0.5022,0.0000062500,0.0007000000,852.1,0.1
2026-09-04T11:51:38.283+00:00,B_sell_A_buy,10.1509,4.2509,4470.1,4470.2,0.5589,18.5933,4474.74,4474.96,0.015,0.5022,0.0000062500,0.0007000000,852.1,0.1
2026-09-04T11:51:39.617+00:00,A_sell_B_buy,-10.6205,-16.5205,4470.1,4470.2,0.5589,18.5933,4474.74,4474.85,0.015,0.8867,0.0000062500,0.0007000000,1035.1,0.1
2026-09-04T11:51:39.617+00:00,B_sell_A_buy,10.1510,4.2510,4470.1,4470.2,0.5589,18.5933,4474.74,4474.85,0.015,0.8867,0.0000062500,0.0007000000,1035.1,0.1
2026-09-04T11:51:40.858+00:00,A_sell_B_buy,-10.7770,-16.6770,4470.1,4470.2,0.5589,18.5933,4474.74,4474.92,0.015,0.91,0.0000062500,0.0007000000,627.9,0.1
2026-09-04T11:51:40.858+00:00,B_sell_A_buy,10.1509,4.2509,4470.1,4470.2,0.5589,18.5933,4474.74,4474.92,0.015,0.91,0.0000062500,0.0007000000,627.9,0.1
2026-09-04T11:51:41.877+00:00,A_sell_B_buy,-10.8664,-16.7664,4470.1,4470.2,0.5589,18.5933,4474.74,4474.96,0.015,1.0663,0.0000062500,0.0007000000,0.1,906.9
2026-09-04T11:51:41.877+00:00,B_sell_A_buy,10.1509,4.2509,4470.1,4470.2,0.5589,18.5933,4474.74,4474.96,0.015,1.0663,0.0000062500,0.0007000000,0.1,906.9
2026-09-04T11:51:42.897+00:00,A_sell_B_buy,-10.5088,-16.4088,4470.1,4470.2,0.5589,18.5933,4474.74,4474.8,0.015,0.4622,0.0000062500,0.0007000000,301.2,0.1
2026-09-04T11:51:42.897+00:00,B_sell_A_buy,10.1510,4.2510,4470.1,4470.2,0.5589,18.5933,4474.74,4474.8,0.015,0.4622,0.0000062500,0.0007000000,301.2,0.1
2026-09-04T11:51:44.403+00:00,A_sell_B_buy,-10.6652,-16.5652,4470.1,4470.2,16.4789,18.5933,4474.74,4474.87,0.015,0.8639,0.0000062500,0.0007000000,0.1,1017.7
2026-09-04T11:51:44.403+00:00,B_sell_A_buy,10.1510,4.2510,4470.1,4470.2,16.4789,18.5933,4474.74,4474.87,0.015,0.8639,0.0000062500,0.0007000000,0.1,1017.7
2026-09-04T11:51:45.655+00:00,A_sell_B_buy,-10.3972,-16.2972,4470.1,4470.2,16.4789,18.2205,4474.45,4474.75,0.6269,0.0189,0.0000062500,0.0007000000,0.1,282.9
2026-09-04T11:51:45.655+00:00,B_sell_A_buy,9.5028,3.6028,4470.1,4470.2,16.4789,18.2205,4474.45,4474.75,0.6269,0.0189,0.0000062500,0.0007000000,0.1,282.9
2026-09-04T11:51:46.712+00:00,A_sell_B_buy,-10.3972,-16.2972,4470.1,4470.2,0.5589,18.2205,4474.45,4474.75,0.6269,0.0204,0.0000062500,0.0007000000,0.1,302.9
2026-09-04T11:51:46.712+00:00,B_sell_A_buy,9.5028,3.6028,4470.1,4470.2,0.5589,18.2205,4474.45,4474.75,0.6269,0.0204,0.0000062500,0.0007000000,0.1,302.9
2026-09-04T11:51:47.720+00:00,A_sell_B_buy,-10.3077,-16.2077,4470.1,4470.2,0.5589,18.8726,4474.52,4474.71,0.6269,0.0112,0.0000062500,0.0007000000,0.0,10.3
2026-09-04T11:51:47.720+00:00,B_sell_A_buy,9.6593,3.7593,4470.1,4470.2,0.5589,18.8726,4474.52,4474.71,0.6269,0.0112,0.0000062500,0.0007000000,0.0,10.3
2026-09-04T11:51:48.733+00:00,A_sell_B_buy,-10.9782,-16.8782,4470.1,4470.2,2.5208,16.5647,4474.77,4475.01,0.5128,0.0119,0.0000062500,0.0007000000,0.1,300.1
2026-09-04T11:51:48.733+00:00,B_sell_A_buy,10.2180,4.3180,4470.1,4470.2,2.5208,16.5647,4474.77,4475.01,0.5128,0.0119,0.0000062500,0.0007000000,0.1,300.1
2026-09-04T11:51:49.938+00:00,A_sell_B_buy,-11.4698,-17.3698,4470.1,4470.2,33.0401,15.9452,4475.0,4475.23,0.3499,0.0199,0.0000062500,0.0007000000,206.1,0.1
2026-09-04T11:51:49.938+00:00,B_sell_A_buy,10.7319,4.8319,4470.1,4470.2,33.0401,15.9452,4475.0,4475.23,0.3499,0.0199,0.0000062500,0.0007000000,206.1,0.1
2026-09-04T11:51:51.028+00:00,A_sell_B_buy,-11.8049,-17.7049,4470.1,4470.2,47.6704,6.6973,4475.16,4475.38,0.1647,0.0233,0.0000062500,0.0007000000,0.1,468.3
2026-09-04T11:51:51.028+00:00,B_sell_A_buy,11.0895,5.1895,4470.1,4470.2,47.6704,6.6973,4475.16,4475.38,0.1647,0.0233,0.0000062500,0.0007000000,0.1,468.3
2026-09-04T11:51:52.152+00:00,A_sell_B_buy,-11.8943,-17.7943,4470.1,4470.2,47.6704,10.1552,4475.16,4475.42,0.1647,0.0075,0.0000062500,0.0007000000,665.9,0.1
2026-09-04T11:51:52.152+00:00,B_sell_A_buy,11.0894,5.1894,4470.1,4470.2,47.6704,10.1552,4475.16,4475.42,0.1647,0.0075,0.0000062500,0.0007000000,665.9,0.1
2026-09-04T11:51:53.289+00:00,A_sell_B_buy,-11.8720,-17.7720,4470.1,4470.2,47.2976,10.1552,4475.16,4475.41,0.2564,0.0082,0.0000062500,0.0007000000,185.7,0.1
2026-09-04T11:51:53.289+00:00,B_sell_A_buy,11.0895,5.1895,4470.1,4470.2,47.2976,10.1552,4475.16,4475.41,0.2564,0.0082,0.0000062500,0.0007000000,185.7,0.1
2026-09-04T11:51:54.344+00:00,A_sell_B_buy,-11.9167,-17.8167,4470.1,4470.2,47.2976,12.1552,4475.16,4475.43,0.2564,1.5582,0.0000062500,0.0007000000,230.0,0.1
2026-09-04T11:51:54.344+00:00,B_sell_A_buy,11.0894,5.1894,4470.1,4470.2,47.2976,12.1552,4475.16,4475.43,0.2564,1.5582,0.0000062500,0.0007000000,230.0,0.1
2026-09-04T11:51:55.368+00:00,A_sell_B_buy,-11.9167,-17.8167,4470.1,4470.2,47.2976,10.1552,4475.16,4475.43,0.2564,0.0099,0.0000062500,0.0007000000,185.5,0.1
2026-09-04T11:51:55.368+00:00,B_sell_A_buy,11.0894,5.1894,4470.1,4470.2,47.2976,10.1552,4475.16,4475.43,0.2564,0.0099,0.0000062500,0.0007000000,185.5,0.1
2026-09-04T11:51:56.526+00:00,A_sell_B_buy,-12.2742,-18.1742,4470.1,4470.2,47.2976,10.1552,4475.35,4475.59,0.1272,0.0108,0.0000062500,0.0007000000,1344.4,0.1
2026-09-04T11:51:56.526+00:00,B_sell_A_buy,11.5140,5.6140,4470.1,4470.2,47.2976,10.1552,4475.35,4475.59,0.1272,0.0108,0.0000062500,0.0007000000,1344.4,0.1
2026-09-04T11:51:57.841+00:00,A_sell_B_buy,-12.2518,-18.1518,4470.1,4470.2,47.6704,10.1552,4475.35,4475.58,0.1272,0.0111,0.0000062500,0.0007000000,0.1,276.3
2026-09-04T11:51:57.841+00:00,B_sell_A_buy,11.5140,5.6140,4470.1,4470.2,47.6704,10.1552,4475.35,4475.58,0.1272,0.0111,0.0000062500,0.0007000000,0.1,276.3
2026-09-04T11:51:59.110+00:00,A_sell_B_buy,-12.1848,-18.0848,4470.1,4470.2,47.6704,10.1552,4475.22,4475.55,3.2354,0.0116,0.0000062500,0.0007000000,1268.5,0.1
2026-09-04T11:51:59.110+00:00,B_sell_A_buy,11.2235,5.3235,4470.1,4470.2,47.6704,10.1552,4475.22,4475.55,3.2354,0.0116,0.0000062500,0.0007000000,1268.5,0.1
2026-09-04T11:52:00.406+00:00,A_sell_B_buy,-12.1848,-18.0848,4470.1,4470.2,49.6704,10.1552,4475.32,4475.55,0.8461,0.0122,0.0000062500,0.0007000000,0.1,61.8
2026-09-04T11:52:00.406+00:00,B_sell_A_buy,11.4470,5.5470,4470.1,4470.2,49.6704,10.1552,4475.32,4475.55,0.8461,0.0122,0.0000062500,0.0007000000,0.1,61.8
2026-09-04T11:52:01.544+00:00,A_sell_B_buy,-12.3413,-18.2413,4470.1,4470.2,49.6704,10.1552,4475.22,4475.62,3.2354,1.012,0.0000062500,0.0007000000,1137.7,0.1
2026-09-04T11:52:01.544+00:00,B_sell_A_buy,11.2234,5.3234,4470.1,4470.2,49.6704,10.1552,4475.22,4475.62,3.2354,1.012,0.0000062500,0.0007000000,1137.7,0.1
2026-09-04T11:52:03.129+00:00,A_sell_B_buy,-12.3413,-18.2413,4470.1,4470.2,47.6704,10.1552,4475.22,4475.62,3.2354,0.0101,0.0000062500,0.0007000000,1370.7,0.1
2026-09-04T11:52:03.129+00:00,B_sell_A_buy,11.2234,5.3234,4470.1,4470.2,47.6704,10.1552,4475.22,4475.62,3.2354,0.0101,0.0000062500,0.0007000000,1370.7,0.1
2026-09-04T11:52:04.236+00:00,A_sell_B_buy,-12.2966,-18.1966,4470.1,4470.2,47.4467,10.1552,4475.28,4475.6,0.7538,0.0104,0.0000062500,0.0007000000,531.5,0.1
2026-09-04T11:52:04.236+00:00,B_sell_A_buy,11.3576,5.4576,4470.1,4470.2,47.4467,10.1552,4475.28,4475.6,0.7538,0.0104,0.0000062500,0.0007000000,531.5,0.1
2026-09-04T11:52:05.275+00:00,A_sell_B_buy,-12.3413,-18.2413,4470.1,4470.2,47.4467,10.1552,4475.28,4475.62,0.7538,0.8195,0.0000062500,0.0007000000,1570.2,0.1
2026-09-04T11:52:05.275+00:00,B_sell_A_buy,11.3575,5.4575,4470.1,4470.2,47.4467,10.1552,4475.28,4475.62,0.7538,0.8195,0.0000062500,0.0007000000,1570.2,0.1
2026-09-04T11:52:06.603+00:00,A_sell_B_buy,-12.3413,-18.2413,4470.1,4470.2,47.0739,10.1393,4475.29,4475.62,0.8822,0.0094,0.0000062500,0.0007000000,570.7,0.1
2026-09-04T11:52:06.603+00:00,B_sell_A_buy,11.3799,5.4799,4470.1,4470.2,47.0739,10.1393,4475.29,4475.62,0.8822,0.0094,0.0000062500,0.0007000000,570.7,0.1
2026-09-04T11:52:07.650+00:00,A_sell_B_buy,-12.3189,-18.2189,4470.1,4470.2,47.0739,10.1393,4475.29,4475.61,0.8822,0.9952,0.0000062500,0.0007000000,1617.3,0.1
2026-09-04T11:52:07.650+00:00,B_sell_A_buy,11.3799,5.4799,4470.1,4470.2,47.0739,10.1393,4475.29,4475.61,0.8822,0.9952,0.0000062500,0.0007000000,1617.3,0.1
2026-09-04T11:52:08.744+00:00,A_sell_B_buy,-12.2966,-18.1966,4470.1,4470.2,47.0739,10.1393,4475.29,4475.6,0.8822,0.0102,0.0000062500,0.0007000000,0.1,290.8
2026-09-04T11:52:08.744+00:00,B_sell_A_buy,11.3799,5.4799,4470.1,4470.2,47.0739,10.1393,4475.29,4475.6,0.8822,0.0102,0.0000062500,0.0007000000,0.1,290.8
2026-09-04T11:52:10.230+00:00,A_sell_B_buy,-12.3189,-18.2189,4470.1,4470.2,47.0739,10.1393,4475.29,4475.61,0.8822,0.0107,0.0000062500,0.0007000000,1486.0,0.1
2026-09-04T11:52:10.230+00:00,B_sell_A_buy,11.3799,5.4799,4470.1,4470.2,47.0739,10.1393,4475.29,4475.61,0.8822,0.0107,0.0000062500,0.0007000000,1486.0,0.1
2026-09-04T11:52:11.524+00:00,A_sell_B_buy,-12.0509,-17.9509,4470.1,4470.2,47.0739,13.9289,4475.01,4475.49,1.1056,0.9405,0.0000062500,0.0007000000,0.1,94.2
2026-09-04T11:52:11.524+00:00,B_sell_A_buy,10.7541,4.8541,4470.1,4470.2,47.0739,13.9289,4475.01,4475.49,1.1056,0.9405,0.0000062500,0.0007000000,0.1,94.2
2026-09-04T11:52:12.824+00:00,A_sell_B_buy,-11.7380,-17.6380,4470.1,4470.2,43.6396,15.9289,4475.01,4475.35,1.1056,0.0088,0.0000062500,0.0007000000,971.1,0.1
2026-09-04T11:52:12.824+00:00,B_sell_A_buy,10.7542,4.8542,4470.1,4470.2,43.6396,15.9289,4475.01,4475.35,1.1056,0.0088,0.0000062500,0.0007000000,971.1,0.1
2026-09-04T11:52:14.174+00:00,A_sell_B_buy,-11.6709,-17.5709,4470.1,4470.2,43.6396,16.0463,4475.01,4475.32,1.1056,0.9326,0.0000062500,0.0007000000,0.1,840.0
2026-09-04T11:52:14.174+00:00,B_sell_A_buy,10.7542,4.8542,4470.1,4470.2,43.6396,16.0463,4475.01,4475.32,1.1056,0.9326,0.0000062500,0.0007000000,0.1,840.0
2026-09-04T11:52:15.707+00:00,A_sell_B_buy,-11.7380,-17.6380,4470.1,4470.2,43.6396,16.0463,4475.01,4475.35,1.1056,0.0087,0.0000062500,0.0007000000,1532.9,0.1
2026-09-04T11:52:15.707+00:00,B_sell_A_buy,10.7542,4.8542,4470.1,4470.2,43.6396,16.0463,4475.01,4475.35,1.1056,0.0087,0.0000062500,0.0007000000,1532.9,0.1
2026-09-04T11:52:17.175+00:00,A_sell_B_buy,-11.6709,-17.5709,4470.1,4470.2,43.2632,16.0463,4474.99,4475.32,3.2354,0.4918,0.0000062500,0.0007000000,990.5,0.1
2026-09-04T11:52:17.175+00:00,B_sell_A_buy,10.7095,4.8095,4470.1,4470.2,43.2632,16.0463,4474.99,4475.32,3.2354,0.4918,0.0000062500,0.0007000000,990.5,0.1
2026-09-04T11:52:18.961+00:00,A_sell_B_buy,-11.3581,-17.2581,4470.1,4470.2,17.6172,17.202,4474.76,4475.18,3.2354,0.0114,0.0000062500,0.0007000000,929.1,0.1
2026-09-04T11:52:18.961+00:00,B_sell_A_buy,10.1955,4.2955,4470.1,4470.2,17.6172,17.202,4474.76,4475.18,3.2354,0.0114,0.0000062500,0.0007000000,929.1,0.1
2026-09-04T11:52:20.016+00:00,A_sell_B_buy,-11.2687,-17.1687,4470.1,4470.2,17.6172,17.202,4474.76,4475.14,3.2354,0.1514,0.0000062500,0.0007000000,1983.7,0.1
2026-09-04T11:52:20.016+00:00,B_sell_A_buy,10.1955,4.2955,4470.1,4470.2,17.6172,17.202,4474.76,4475.14,3.2354,0.1514,0.0000062500,0.0007000000,1983.7,0.1
2026-09-04T11:52:21.241+00:00,A_sell_B_buy,-10.7771,-16.6771,4470.1,4470.2,14.4789,18.9804,4474.54,4474.92,1.4525,0.0109,0.0000062500,0.0007000000,0.1,417.6
2026-09-04T11:52:21.241+00:00,B_sell_A_buy,9.7039,3.8039,4470.1,4470.2,14.4789,18.9804,4474.54,4474.92,1.4525,0.0109,0.0000062500,0.0007000000,0.1,417.6
2026-09-04T11:52:22.467+00:00,A_sell_B_buy,-10.9558,-16.8558,4470.1,4470.2,14.4789,18.9804,4474.69,4475.0,0.7636,3.2354,0.0000062500,0.0007000000,1225.3,0.1
2026-09-04T11:52:22.467+00:00,B_sell_A_buy,10.0391,4.1391,4470.1,4470.2,14.4789,18.9804,4474.69,4475.0,0.7636,3.2354,0.0000062500,0.0007000000,1225.3,0.1
2026-09-04T11:52:24.832+00:00,A_sell_B_buy,-10.9559,-16.8559,4470.1,4470.2,14.4789,18.6076,4474.53,4475.0,0.5795,3.2354,0.0000062500,0.0007000000,0.1,216.7
2026-09-04T11:52:24.832+00:00,B_sell_A_buy,9.6815,3.7815,4470.1,4470.2,14.4789,18.6076,4474.53,4475.0,0.5795,3.2354,0.0000062500,0.0007000000,0.1,216.7
2026-09-04T11:52:25.870+00:00,A_sell_B_buy,-10.4418,-16.3418,4470.1,4470.2,14.4789,18.9804,4474.53,4474.77,0.5795,0.1295,0.0000062500,0.0007000000,0.0,115.2
2026-09-04T11:52:25.870+00:00,B_sell_A_buy,9.6816,3.7816,4470.1,4470.2,14.4789,18.9804,4474.53,4474.77,0.5795,0.1295,0.0000062500,0.0007000000,0.0,115.2
2026-09-04T11:52:26.913+00:00,A_sell_B_buy,-10.4418,-16.3418,4470.1,4470.2,14.4789,22.3359,4474.53,4474.77,0.5795,3.2354,0.0000062500,0.0007000000,0.1,383.1
2026-09-04T11:52:26.913+00:00,B_sell_A_buy,9.6816,3.7816,4470.1,4470.2,14.4789,22.3359,4474.53,4474.77,0.5795,3.2354,0.0000062500,0.0007000000,0.1,383.1
2026-09-04T11:52:28.223+00:00,A_sell_B_buy,-10.4420,-16.3420,4470.1,4470.2,14.4789,22.7713,4474.21,4474.77,3.2354,3.2354,0.0000062500,0.0007000000,620.2,0.1
2026-09-04T11:52:28.223+00:00,B_sell_A_buy,8.9663,3.0663,4470.1,4470.2,14.4789,22.7713,4474.21,4474.77,3.2354,3.2354,0.0000062500,0.0007000000,620.2,0.1
2026-09-04T11:52:29.294+00:00,A_sell_B_buy,-10.4419,-16.3419,4470.1,4470.2,14.4789,22.7669,4474.46,4474.77,0.171,3.2409,0.0000062500,0.0007000000,363.4,0.1
2026-09-04T11:52:29.294+00:00,B_sell_A_buy,9.5251,3.6251,4470.1,4470.2,14.4789,22.7669,4474.46,4474.77,0.171,3.2409,0.0000062500,0.0007000000,363.4,0.1
2026-09-04T11:52:30.496+00:00,A_sell_B_buy,-10.4420,-16.3420,4470.1,4470.2,14.4789,22.7669,4474.29,4474.77,0.2636,3.2432,0.0000062500,0.0007000000,1565.1,0.1
2026-09-04T11:52:30.496+00:00,B_sell_A_buy,9.1451,3.2451,4470.1,4470.2,14.4789,22.7669,4474.29,4474.77,0.2636,3.2432,0.0000062500,0.0007000000,1565.1,0.1
2026-09-04T11:52:33.074+00:00,A_sell_B_buy,-9.8609,-15.7609,4470.1,4470.2,0.2237,45.1817,4474.09,4474.51,0.6318,0.0092,0.0000062500,0.0007000000,0.1,467.3
2026-09-04T11:52:33.074+00:00,B_sell_A_buy,8.6981,2.7981,4470.1,4470.2,0.2237,45.1817,4474.09,4474.51,0.6318,0.0092,0.0000062500,0.0007000000,0.1,467.3
2026-09-04T11:52:34.158+00:00,A_sell_B_buy,-9.6373,-15.5373,4470.1,4470.2,0.2237,45.6368,4474.09,4474.41,0.6318,0.1848,0.0000062500,0.0007000000,665.4,0.1
2026-09-04T11:52:34.158+00:00,B_sell_A_buy,8.6982,2.7982,4470.1,4470.2,0.2237,45.6368,4474.09,4474.41,0.6318,0.1848,0.0000062500,0.0007000000,665.4,0.1
2026-09-04T11:52:35.726+00:00,A_sell_B_buy,-9.6373,-15.5373,4470.1,4470.2,0.2237,45.264,4474.14,4474.41,0.5351,0.1848,0.0000062500,0.0007000000,1122.9,0.1
2026-09-04T11:52:35.726+00:00,B_sell_A_buy,8.8100,2.9100,4470.1,4470.2,0.2237,45.264,4474.14,4474.41,0.5351,0.1848,0.0000062500,0.0007000000,1122.9,0.1
2026-09-04T11:52:37.157+00:00,A_sell_B_buy,-10.7334,-16.6334,4469.6,4470.2,10.792,45.2962,4473.92,4474.4,3.2354,1.0271,0.0000062500,0.0007000000,0.0,686.9
2026-09-04T11:52:37.157+00:00,B_sell_A_buy,8.3184,2.4184,4469.6,4470.2,10.792,45.2962,4473.92,4474.4,3.2354,1.0271,0.0000062500,0.0007000000,0.0,686.9
2026-09-04T11:52:38.329+00:00,A_sell_B_buy,-10.7564,-16.6564,4469.4,4469.5,10.9578,10.8564,4473.92,4474.21,3.2354,0.1044,0.0000062500,0.0007000000,0.1,1042.3
2026-09-04T11:52:38.329+00:00,B_sell_A_buy,9.8843,3.9843,4469.4,4469.5,10.9578,10.8564,4473.92,4474.21,3.2354,0.1044,0.0000062500,0.0007000000,0.1,1042.3
2026-09-04T11:52:39.371+00:00,A_sell_B_buy,-10.3765,-16.2765,4469.4,4469.5,11.1815,21.0116,4473.63,4474.04,0.619,0.3502,0.0000062500,0.0007000000,174.4,0.1
2026-09-04T11:52:39.371+00:00,B_sell_A_buy,9.2360,3.3360,4469.4,4469.5,11.1815,21.0116,4473.63,4474.04,0.619,0.3502,0.0000062500,0.0007000000,174.4,0.1
2026-09-04T11:52:40.591+00:00,A_sell_B_buy,-9.7058,-15.6058,4469.4,4469.5,0.2237,41.0581,4473.5,4473.74,0.6907,0.6589,0.0000062500,0.0007000000,0.1,867.4
2026-09-04T11:52:40.591+00:00,B_sell_A_buy,8.9455,3.0455,4469.4,4469.5,0.2237,41.0581,4473.5,4473.74,0.6907,0.6589,0.0000062500,0.0007000000,0.1,867.4
2026-09-04T11:52:41.616+00:00,A_sell_B_buy,-9.8847,-15.7847,4469.4,4469.5,0.2237,41.0581,4473.58,4473.82,1.9434,3.2354,0.0000062500,0.0007000000,1025.1,0.1
2026-09-04T11:52:41.616+00:00,B_sell_A_buy,9.1243,3.2243,4469.4,4469.5,0.2237,41.0581,4473.58,4473.82,1.9434,3.2354,0.0000062500,0.0007000000,1025.1,0.1
2026-09-04T11:52:42.620+00:00,A_sell_B_buy,-9.2140,-15.1140,4469.4,4469.5,0.2237,63.4324,4473.5,4473.52,0.6907,0.4907,0.0000062500,0.0007000000,0.1,71.5
2026-09-04T11:52:42.620+00:00,B_sell_A_buy,8.9456,3.0456,4469.4,4469.5,0.2237,63.4324,4473.5,4473.52,0.6907,0.4907,0.0000062500,0.0007000000,0.1,71.5
2026-09-04T11:52:44.464+00:00,A_sell_B_buy,-9.5270,-15.4270,4469.4,4469.5,0.2237,67.1752,4473.54,4473.66,0.1988,0.0135,0.0000062500,0.0007000000,1012.5,0.1
2026-09-04T11:52:44.464+00:00,B_sell_A_buy,9.0349,3.1349,4469.4,4469.5,0.2237,67.1752,4473.54,4473.66,0.1988,0.0135,0.0000062500,0.0007000000,1012.5,0.1
2026-09-04T11:52:45.499+00:00,A_sell_B_buy,-10.0412,-15.9412,4469.4,4469.5,0.2237,40.8236,4473.54,4473.89,0.1988,1.2098,0.0000062500,0.0007000000,671.1,0.1
2026-09-04T11:52:45.499+00:00,B_sell_A_buy,9.0348,3.1348,4469.4,4469.5,0.2237,40.8236,4473.54,4473.89,0.1988,1.2098,0.0000062500,0.0007000000,671.1,0.1
2026-09-04T11:52:46.544+00:00,A_sell_B_buy,-10.0413,-15.9413,4469.4,4469.5,0.2237,40.8236,4473.27,4473.89,0.2151,1.2098,0.0000062500,0.0007000000,1716.9,0.1
2026-09-04T11:52:46.544+00:00,B_sell_A_buy,8.4311,2.5311,4469.4,4469.5,0.2237,40.8236,4473.27,4473.89,0.2151,1.2098,0.0000062500,0.0007000000,1716.9,0.1
2026-09-04T11:52:47.816+00:00,A_sell_B_buy,-9.7954,-15.6954,4469.4,4469.5,0.2237,41.1965,4473.35,4473.78,2.0,3.2354,0.0000062500,0.0007000000,851.5,0.1
2026-09-04T11:52:47.816+00:00,B_sell_A_buy,8.6101,2.7101,4469.4,4469.5,0.2237,41.1965,4473.35,4473.78,2.0,3.2354,0.0000062500,0.0007000000,851.5,0.1
2026-09-04T11:52:48.837+00:00,A_sell_B_buy,-9.7060,-15.6060,4469.4,4469.5,0.2237,40.8236,4473.28,4473.74,0.625,1.1436,0.0000062500,0.0007000000,697.0,0.1
2026-09-04T11:52:48.837+00:00,B_sell_A_buy,8.4536,2.5536,4469.4,4469.5,0.2237,40.8236,4473.28,4473.74,0.625,1.1436,0.0000062500,0.0007000000,697.0,0.1
2026-09-04T11:52:50.067+00:00,A_sell_B_buy,-9.7060,-15.6060,4469.4,4469.5,0.2237,40.8236,4473.27,4473.74,0.2151,1.2905,0.0000062500,0.0007000000,508.7,0.1
2026-09-04T11:52:50.067+00:00,B_sell_A_buy,8.4312,2.5312,4469.4,4469.5,0.2237,40.8236,4473.27,4473.74,0.2151,1.2905,0.0000062500,0.0007000000,508.7,0.1
2026-09-04T11:52:51.123+00:00,A_sell_B_buy,-9.2813,-15.1813,4469.4,4469.5,0.2237,67.3143,4473.07,4473.55,3.0566,3.2354,0.0000062500,0.0007000000,0.1,379.2
2026-09-04T11:52:51.123+00:00,B_sell_A_buy,7.9841,2.0841,4469.4,4469.5,0.2237,67.3143,4473.07,4473.55,3.0566,3.2354,0.0000062500,0.0007000000,0.1,379.2
2026-09-04T11:52:52.134+00:00,A_sell_B_buy,-8.7447,-14.6447,4469.4,4469.5,0.2237,67.3143,4472.83,4473.31,4.0674,0.17,0.0000062500,0.0007000000,1011.3,0.1
2026-09-04T11:52:52.134+00:00,B_sell_A_buy,7.4476,1.5476,4469.4,4469.5,0.2237,67.3143,4472.83,4473.31,4.0674,0.17,0.0000062500,0.0007000000,1011.3,0.1
2026-09-04T11:52:53.311+00:00,A_sell_B_buy,-9.1699,-15.0699,4469.2,4469.3,4.6996,61.2283,4472.78,4473.3,0.5799,0.929,0.0000062500,0.0007000000,0.1,382.6
2026-09-04T11:52:53.311+00:00,B_sell_A_buy,7.7832,1.8832,4469.2,4469.3,4.6996,61.2283,4472.78,4473.3,0.5799,0.929,0.0000062500,0.0007000000,0.1,382.6
2026-09-04T11:52:54.629+00:00,A_sell_B_buy,-9.1699,-15.0699,4469.2,4469.3,4.6113,61.2283,4472.78,4473.3,0.5799,0.929,0.0000062500,0.0007000000,541.5,0.1
2026-09-04T11:52:54.629+00:00,B_sell_A_buy,7.7832,1.8832,4469.2,4469.3,4.6113,61.2283,4472.78,4473.3,0.5799,0.929,0.0000062500,0.0007000000,541.5,0.1
2026-09-04T11:52:55.629+00:00,A_sell_B_buy,-8.6333,-14.5333,4469.2,4469.3,4.6113,61.6231,4472.78,4473.06,0.5799,0.1492,0.0000062500,0.0007000000,447.8,0.1
2026-09-04T11:52:55.629+00:00,B_sell_A_buy,7.7833,1.8833,4469.2,4469.3,4.6113,61.6231,4472.78,4473.06,0.5799,0.1492,0.0000062500,0.0007000000,447.8,0.1
2026-09-04T11:52:56.873+00:00,A_sell_B_buy,-8.1413,-14.0413,4469.2,4469.3,0.763,108.476,4472.78,4472.84,0.5799,3.2354,0.0000062500,0.0007000000,0.1,910.7
2026-09-04T11:52:56.873+00:00,B_sell_A_buy,7.7834,1.8834,4469.2,4469.3,0.763,108.476,4472.78,4472.84,0.5799,3.2354,0.0000062500,0.0007000000,0.1,910.7
2026-09-04T11:52:57.877+00:00,A_sell_B_buy,-10.1553,-16.0553,4468.3,4468.4,0.521,5.7142,4472.78,4472.84,0.5799,3.2354,0.0000062500,0.0007000000,0.1,1915.5
2026-09-04T11:52:57.877+00:00,B_sell_A_buy,9.7974,3.8974,4468.3,4468.4,0.521,5.7142,4472.78,4472.84,0.5799,3.2354,0.0000062500,0.0007000000,0.1,1915.5
2026-09-04T11:52:59.009+00:00,A_sell_B_buy,-10.1331,-16.0331,4468.3,4468.4,0.521,28.6876,4472.39,4472.83,1.1035,1.3059,0.0000062500,0.0007000000,380.2,0.1
2026-09-04T11:52:59.009+00:00,B_sell_A_buy,8.9252,3.0252,4468.3,4468.4,0.521,28.6876,4472.39,4472.83,1.1035,1.3059,0.0000062500,0.0007000000,380.2,0.1
2026-09-04T11:53:00.145+00:00,A_sell_B_buy,-10.6251,-16.5251,4468.3,4468.4,2.8346,20.5668,4472.43,4473.05,2.2315,3.2354,0.0000062500,0.0007000000,264.5,0.1
2026-09-04T11:53:00.145+00:00,B_sell_A_buy,9.0146,3.1146,4468.3,4468.4,2.8346,20.5668,4472.43,4473.05,2.2315,3.2354,0.0000062500,0.0007000000,264.5,0.1
2026-09-04T11:53:01.146+00:00,A_sell_B_buy,-10.2895,-16.1895,4468.3,4468.4,2.6108,22.5075,4472.64,4472.9,0.1212,0.129,0.0000062500,0.0007000000,33.4,0.1
2026-09-04T11:53:01.146+00:00,B_sell_A_buy,9.4843,3.5843,4468.3,4468.4,2.6108,22.5075,4472.64,4472.9,0.1212,0.129,0.0000062500,0.0007000000,33.4,0.1
2026-09-04T11:53:02.205+00:00,A_sell_B_buy,-10.2897,-16.1897,4468.3,4468.4,0.7086,23.3196,4472.43,4472.9,2.2315,1.1274,0.0000062500,0.0007000000,467.8,0.1
2026-09-04T11:53:02.205+00:00,B_sell_A_buy,9.0146,3.1146,4468.3,4468.4,0.7086,23.3196,4472.43,4472.9,2.2315,1.1274,0.0000062500,0.0007000000,467.8,0.1
2026-09-04T11:53:03.398+00:00,A_sell_B_buy,-10.0660,-15.9660,4468.3,4468.4,0.521,26.7491,4472.4,4472.8,3.2354,3.2354,0.0000062500,0.0007000000,500.8,0.1
2026-09-04T11:53:03.398+00:00,B_sell_A_buy,8.9476,3.0476,4468.3,4468.4,0.521,26.7491,4472.4,4472.8,3.2354,3.2354,0.0000062500,0.0007000000,500.8,0.1
2026-09-04T11:53:04.400+00:00,A_sell_B_buy,-10.0660,-15.9660,4468.3,4468.4,0.521,26.7491,4472.4,4472.8,3.2354,3.1398,0.0000062500,0.0007000000,1502.8,0.1
2026-09-04T11:53:04.400+00:00,B_sell_A_buy,8.9476,3.0476,4468.3,4468.4,0.521,26.7491,4472.4,4472.8,3.2354,3.1398,0.0000062500,0.0007000000,1502.8,0.1
2026-09-04T11:53:05.501+00:00,A_sell_B_buy,-9.8871,-15.7871,4468.3,4468.4,0.521,34.5221,4472.4,4472.72,3.2354,0.092,0.0000062500,0.0007000000,240.0,0.1
2026-09-04T11:53:05.501+00:00,B_sell_A_buy,8.9476,3.0476,4468.3,4468.4,0.521,34.5221,4472.4,4472.72,3.2354,0.092,0.0000062500,0.0007000000,240.0,0.1
2026-09-04T11:53:07.221+00:00,A_sell_B_buy,-10.0660,-15.9660,4468.3,4468.4,0.521,34.4972,4472.4,4472.8,3.2354,3.0818,0.0000062500,0.0007000000,1083.7,0.1
2026-09-04T11:53:07.221+00:00,B_sell_A_buy,8.9476,3.0476,4468.3,4468.4,0.521,34.4972,4472.4,4472.8,3.2354,3.0818,0.0000062500,0.0007000000,1083.7,0.1
2026-09-04T11:53:09.201+00:00,A_sell_B_buy,-10.6697,-16.5697,4468.3,4468.4,0.521,30.0214,4472.63,4473.07,3.2354,0.8449,0.0000062500,0.0007000000,0.1,96.1
2026-09-04T11:53:09.201+00:00,B_sell_A_buy,9.4618,3.5618,4468.3,4468.4,0.521,30.0214,4472.63,4473.07,3.2354,0.8449,0.0000062500,0.0007000000,0.1,96.1
2026-09-04T11:53:11.119+00:00,A_sell_B_buy,-10.6249,-16.5249,4468.3,4468.4,2.531,19.7014,4472.7,4473.05,0.3407,0.0159,0.0000062500,0.0007000000,1055.3,0.1
2026-09-04T11:53:11.119+00:00,B_sell_A_buy,9.6184,3.7184,4468.3,4468.4,2.531,19.7014,4472.7,4473.05,0.3407,0.0159,0.0000062500,0.0007000000,1055.3,0.1
2026-09-04T11:53:12.664+00:00,A_sell_B_buy,-10.5355,-16.4355,4468.3,4468.4,0.7407,19.7014,4472.61,4473.01,0.1374,0.9426,0.0000062500,0.0007000000,0.1,155.0
2026-09-04T11:53:12.664+00:00,B_sell_A_buy,9.4171,3.5171,4468.3,4468.4,0.7407,19.7014,4472.61,4473.01,0.1374,0.9426,0.0000062500,0.0007000000,0.1,155.0
2026-09-04T11:53:13.785+00:00,A_sell_B_buy,-10.2226,-16.1226,4468.3,4468.4,0.7407,26.6959,4472.45,4472.87,3.2354,0.8303,0.0000062500,0.0007000000,611.6,0.1
2026-09-04T11:53:13.785+00:00,B_sell_A_buy,9.0594,3.1594,4468.3,4468.4,0.7407,26.6959,4472.45,4472.87,3.2354,0.8303,0.0000062500,0.0007000000,611.6,0.1
2026-09-04T11:53:14.797+00:00,A_sell_B_buy,-10.5580,-16.4580,4468.3,4468.4,0.7407,26.6959,4472.46,4473.02,2.8622,3.6647,0.0000062500,0.0007000000,1623.4,0.0
2026-09-04T11:53:14.797+00:00,B_sell_A_buy,9.0817,3.1817,4468.3,4468.4,0.7407,26.6959,4472.46,4473.02,2.8622,3.6647,0.0000062500,0.0007000000,1623.4,0.0
2026-09-04T11:53:15.836+00:00,A_sell_B_buy,-10.4015,-16.3015,4468.3,4468.4,0.7407,26.9196,4472.46,4472.95,0.8622,0.8578,0.0000062500,0.0007000000,143.4,0.1
2026-09-04T11:53:15.836+00:00,B_sell_A_buy,9.0817,3.1817,4468.3,4468.4,0.7407,26.9196,4472.46,4472.95,0.8622,0.8578,0.0000062500,0.0007000000,143.4,0.1
2026-09-04T11:53:16.854+00:00,A_sell_B_buy,-10.4238,-16.3238,4468.3,4468.4,0.7407,26.9197,4472.46,4472.96,2.8796,0.0165,0.0000062500,0.0007000000,772.6,0.1
2026-09-04T11:53:16.854+00:00,B_sell_A_buy,9.0817,3.1817,4468.3,4468.4,0.7407,26.9197,4472.46,4472.96,2.8796,0.0165,0.0000062500,0.0007000000,772.6,0.1
2026-09-04T11:53:18.633+00:00,A_sell_B_buy,-10.2002,-16.1002,4468.3,4468.4,0.7407,26.9197,4472.45,4472.86,3.2354,0.3457,0.0000062500,0.0007000000,865.1,0.1
2026-09-04T11:53:18.633+00:00,B_sell_A_buy,9.0594,3.1594,4468.3,4468.4,0.7407,26.9197,4472.45,4472.86,3.2354,0.3457,0.0000062500,0.0007000000,865.1,0.1
2026-09-04T11:53:20.282+00:00,A_sell_B_buy,-10.2226,-16.1226,4468.3,4468.4,0.521,26.9197,4472.45,4472.87,3.2354,0.2523,0.0000062500,0.0007000000,1606.5,0.1
2026-09-04T11:53:20.282+00:00,B_sell_A_buy,9.0594,3.1594,4468.3,4468.4,0.521,26.9197,4472.45,4472.87,3.2354,0.2523,0.0000062500,0.0007000000,1606.5,0.1
2026-09-04T11:53:21.337+00:00,A_sell_B_buy,-10.2002,-16.1002,4468.3,4468.4,0.521,26.9197,4472.45,4472.86,3.2354,0.4877,0.0000062500,0.0007000000,101.8,0.1
2026-09-04T11:53:21.337+00:00,B_sell_A_buy,9.0594,3.1594,4468.3,4468.4,0.521,26.9197,4472.45,4472.86,3.2354,0.4877,0.0000062500,0.0007000000,101.8,0.1
2026-09-04T11:53:22.431+00:00,A_sell_B_buy,-10.5578,-16.4578,4468.3,4468.4,0.521,26.5467,4472.71,4473.02,2.5284,3.2354,0.0000062500,0.0007000000,365.9,0.1
2026-09-04T11:53:22.431+00:00,B_sell_A_buy,9.6407,3.7407,4468.3,4468.4,0.521,26.5467,4472.71,4473.02,2.5284,3.2354,0.0000062500,0.0007000000,365.9,0.1
2026-09-04T11:53:23.638+00:00,A_sell_B_buy,-10.5579,-16.4579,4468.3,4468.4,0.9645,22.966,4472.68,4473.02,0.5295,3.2354,0.0000062500,0.0007000000,384.1,0.1
2026-09-04T11:53:23.638+00:00,B_sell_A_buy,9.5737,3.6737,4468.3,4468.4,0.9645,22.966,4472.68,4473.02,0.5295,3.2354,0.0000062500,0.0007000000,384.1,0.1
2026-09-04T11:53:24.986+00:00,A_sell_B_buy,-10.5579,-16.4579,4468.3,4468.4,0.7407,22.966,4472.68,4473.02,2.0,3.2354,0.0000062500,0.0007000000,535.2,0.0
2026-09-04T11:53:24.986+00:00,B_sell_A_buy,9.5737,3.6737,4468.3,4468.4,0.7407,22.966,4472.68,4473.02,2.0,3.2354,0.0000062500,0.0007000000,535.2,0.0
2026-09-04T11:53:26.176+00:00,A_sell_B_buy,-10.5580,-16.4580,4468.3,4468.4,0.9645,23.0627,4472.46,4473.02,2.8526,3.2354,0.0000062500,0.0007000000,0.0,1174.6
2026-09-04T11:53:26.176+00:00,B_sell_A_buy,9.0817,3.1817,4468.3,4468.4,0.9645,23.0627,4472.46,4473.02,2.8526,3.2354,0.0000062500,0.0007000000,0.0,1174.6
2026-09-04T11:53:27.177+00:00,A_sell_B_buy,-10.5580,-16.4580,4468.3,4468.4,0.9645,22.8389,4472.48,4473.02,0.6219,3.2354,0.0000062500,0.0007000000,182.3,0.1
2026-09-04T11:53:27.177+00:00,B_sell_A_buy,9.1264,3.2264,4468.3,4468.4,0.9645,22.8389,4472.48,4473.02,0.6219,3.2354,0.0000062500,0.0007000000,182.3,0.1
2026-09-04T11:53:30.717+00:00,A_sell_B_buy,-10.5802,-16.4802,4468.3,4468.4,0.9645,22.466,4472.72,4473.03,0.2839,0.0156,0.0000062500,0.0007000000,1273.1,0.1
2026-09-04T11:53:30.717+00:00,B_sell_A_buy,9.6631,3.7631,4468.3,4468.4,0.9645,22.466,4472.72,4473.03,0.2839,0.0156,0.0000062500,0.0007000000,1273.1,0.1
2026-09-04T11:53:31.721+00:00,A_sell_B_buy,-10.6027,-16.5027,4468.3,4468.4,2.7548,22.466,4472.48,4473.04,2.6219,0.019,0.0000062500,0.0007000000,254.9,0.0
2026-09-04T11:53:31.721+00:00,B_sell_A_buy,9.1264,3.2264,4468.3,4468.4,2.7548,22.466,4472.48,4473.04,2.6219,0.019,0.0000062500,0.0007000000,254.9,0.0
2026-09-04T11:53:32.753+00:00,A_sell_B_buy,-10.8260,-16.7260,4468.3,4468.4,2.8876,17.0257,4473.05,4473.14,0.1246,0.0182,0.0000062500,0.0007000000,0.1,178.1
2026-09-04T11:53:32.753+00:00,B_sell_A_buy,10.4010,4.5010,4468.3,4468.4,2.8876,17.0257,4473.05,4473.14,0.1246,0.0182,0.0000062500,0.0007000000,0.1,178.1
2026-09-04T11:53:34.108+00:00,A_sell_B_buy,-10.7814,-16.6814,4468.3,4468.4,3.2228,16.831,4472.79,4473.12,3.2354,0.0165,0.0000062500,0.0007000000,1126.1,0.1
2026-09-04T11:53:34.108+00:00,B_sell_A_buy,9.8196,3.9196,4468.3,4468.4,3.2228,16.831,4472.79,4473.12,3.2354,0.0165,0.0000062500,0.0007000000,1126.1,0.1
2026-09-04T11:53:36.015+00:00,A_sell_B_buy,-10.8037,-16.7037,4468.3,4468.4,3.2228,16.8185,4472.87,4473.13,0.8631,0.0174,0.0000062500,0.0007000000,0.0,346.7
2026-09-04T11:53:36.015+00:00,B_sell_A_buy,9.9985,4.0985,4468.3,4468.4,3.2228,16.8185,4472.87,4473.13,0.8631,0.0174,0.0000062500,0.0007000000,0.0,346.7
2026-09-04T11:53:37.038+00:00,A_sell_B_buy,-10.8038,-16.7038,4468.3,4468.4,3.2228,16.8185,4472.79,4473.13,3.2354,0.0172,0.0000062500,0.0007000000,1022.8,0.1
2026-09-04T11:53:37.038+00:00,B_sell_A_buy,9.8196,3.9196,4468.3,4468.4,3.2228,16.8185,4472.79,4473.13,3.2354,0.0172,0.0000062500,0.0007000000,1022.8,0.1
2026-09-04T11:53:38.284+00:00,A_sell_B_buy,-11.1391,-17.0391,4468.3,4468.4,3.2228,16.8662,4473.05,4473.28,0.2593,3.2544,0.0000062500,0.0007000000,501.6,0.1
2026-09-04T11:53:38.284+00:00,B_sell_A_buy,10.4009,4.5009,4468.3,4468.4,3.2228,16.8662,4473.05,4473.28,0.2593,3.2544,0.0000062500,0.0007000000,501.6,0.1
2026-09-04T11:53:39.381+00:00,A_sell_B_buy,-11.1391,-17.0391,4468.3,4468.4,6.8526,16.7742,4473.05,4473.28,0.2593,3.251,0.0000062500,0.0007000000,385.1,0.1
2026-09-04T11:53:39.381+00:00,B_sell_A_buy,10.4009,4.5009,4468.3,4468.4,6.8526,16.7742,4473.05,4473.28,0.2593,3.251,0.0000062500,0.0007000000,385.1,0.1
2026-09-04T11:53:40.416+00:00,A_sell_B_buy,-11.1391,-17.0391,4468.3,4468.4,7.7477,16.7742,4473.05,4473.28,2.2593,3.251,0.0000062500,0.0007000000,797.2,0.1
2026-09-04T11:53:40.416+00:00,B_sell_A_buy,10.4009,4.5009,4468.3,4468.4,7.7477,16.7742,4473.05,4473.28,2.2593,3.251,0.0000062500,0.0007000000,797.2,0.1
2026-09-04T11:53:41.812+00:00,A_sell_B_buy,-11.1391,-17.0391,4468.3,4468.4,8.1206,16.3794,4473.05,4473.28,2.2593,3.2354,0.0000062500,0.0007000000,0.1,757.8
2026-09-04T11:53:41.812+00:00,B_sell_A_buy,10.4009,4.5009,4468.3,4468.4,8.1206,16.3794,4473.05,4473.28,2.2593,3.2354,0.0000062500,0.0007000000,0.1,757.8
2026-09-04T11:53:42.828+00:00,A_sell_B_buy,-11.7428,-17.6428,4468.3,4468.4,30.5002,10.1552,4473.07,4473.55,5.2354,3.2158,0.0000062500,0.0007000000,160.2,0.0
2026-09-04T11:53:42.828+00:00,B_sell_A_buy,10.4455,4.5455,4468.3,4468.4,30.5002,10.1552,4473.07,4473.55,5.2354,3.2158,0.0000062500,0.0007000000,160.2,0.0
2026-09-04T11:53:43.854+00:00,A_sell_B_buy,-12.1450,-18.0450,4468.3,4468.4,34.2244,6.6973,4473.47,4473.73,0.2372,0.6635,0.0000062500,0.0007000000,0.0,210.2
2026-09-04T11:53:43.854+00:00,B_sell_A_buy,11.3398,5.4398,4468.3,4468.4,34.2244,6.6973,4473.47,4473.73,0.2372,0.6635,0.0000062500,0.0007000000,0.0,210.2
2026-09-04T11:53:45.989+00:00,A_sell_B_buy,-12.2344,-18.1344,4468.3,4468.4,33.8515,6.6973,4473.47,4473.77,0.2372,0.0052,0.0000062500,0.0007000000,1856.9,0.1
2026-09-04T11:53:45.989+00:00,B_sell_A_buy,11.3398,5.4398,4468.3,4468.4,33.8515,6.6973,4473.47,4473.77,0.2372,0.0052,0.0000062500,0.0007000000,1856.9,0.1
2026-09-04T11:53:49.844+00:00,A_sell_B_buy,-11.8097,-17.7097,4468.3,4468.4,33.8515,8.6973,4473.34,4473.58,3.2354,0.1221,0.0000062500,0.0007000000,0.1,330.6
2026-09-04T11:53:49.844+00:00,B_sell_A_buy,11.0492,5.1492,4468.3,4468.4,33.8515,8.6973,4473.34,4473.58,3.2354,0.1221,0.0000062500,0.0007000000,0.1,330.6
2026-09-04T11:53:51.256+00:00,A_sell_B_buy,-11.8991,-17.7991,4468.3,4468.4,34.2244,8.6973,4473.34,4473.62,3.2354,0.0077,0.0000062500,0.0007000000,1089.0,0.1
2026-09-04T11:53:51.256+00:00,B_sell_A_buy,11.0492,5.1492,4468.3,4468.4,34.2244,8.6973,4473.34,4473.62,3.2354,0.0077,0.0000062500,0.0007000000,1089.0,0.1
2026-09-04T11:53:52.275+00:00,A_sell_B_buy,-11.9215,-17.8215,4468.3,4468.4,34.2244,6.6973,4473.34,4473.63,3.2354,0.0102,0.0000062500,0.0007000000,619.0,0.0
2026-09-04T11:53:52.275+00:00,B_sell_A_buy,11.0492,5.1492,4468.3,4468.4,34.2244,6.6973,4473.34,4473.63,3.2354,0.0102,0.0000062500,0.0007000000,619.0,0.0
2026-09-04T11:53:53.522+00:00,A_sell_B_buy,-11.8320,-17.7320,4468.3,4468.4,34.2244,6.6973,4473.34,4473.59,3.2354,0.011,0.0000062500,0.0007000000,1865.8,0.1
2026-09-04T11:53:53.522+00:00,B_sell_A_buy,11.0492,5.1492,4468.3,4468.4,34.2244,6.6973,4473.34,4473.59,3.2354,0.011,0.0000062500,0.0007000000,1865.8,0.1
2026-09-04T11:53:54.571+00:00,A_sell_B_buy,-11.7873,-17.6873,4468.3,4468.4,33.8515,6.6973,4473.32,4473.57,0.54,0.0115,0.0000062500,0.0007000000,909.2,0.1
2026-09-04T11:53:54.571+00:00,B_sell_A_buy,11.0045,5.1045,4468.3,4468.4,33.8515,6.6973,4473.32,4473.57,0.54,0.0115,0.0000062500,0.0007000000,909.2,0.1
2026-09-04T11:53:55.604+00:00,A_sell_B_buy,-11.8322,-17.7322,4468.3,4468.4,34.2244,8.6973,4473.14,4473.59,2.1676,0.0131,0.0000062500,0.0007000000,440.9,0.1
2026-09-04T11:53:55.604+00:00,B_sell_A_buy,10.6020,4.7020,4468.3,4468.4,34.2244,8.6973,4473.14,4473.59,2.1676,0.0131,0.0000062500,0.0007000000,440.9,0.1
2026-09-04T11:53:56.610+00:00,A_sell_B_buy,-11.7651,-17.6651,4468.3,4468.4,34.2244,10.6973,4473.08,4473.56,2.6248,0.1395,0.0000062500,0.0007000000,177.4,0.1
2026-09-04T11:53:56.610+00:00,B_sell_A_buy,10.4678,4.5678,4468.3,4468.4,34.2244,10.6973,4473.08,4473.56,2.6248,0.1395,0.0000062500,0.0007000000,177.4,0.1
2026-09-04T11:53:57.990+00:00,A_sell_B_buy,-11.7651,-17.6651,4468.3,4468.4,34.2244,8.6973,4473.09,4473.56,3.0968,0.0133,0.0000062500,0.0007000000,615.0,0.1
2026-09-04T11:53:57.990+00:00,B_sell_A_buy,10.4902,4.5902,4468.3,4468.4,34.2244,8.6973,4473.09,4473.56,3.0968,0.0133,0.0000062500,0.0007000000,615.0,0.1
2026-09-04T11:53:59.215+00:00,A_sell_B_buy,-11.7651,-17.6651,4468.3,4468.4,34.2244,8.6973,4473.11,4473.56,2.6062,0.014,0.0000062500,0.0007000000,1839.7,0.1
2026-09-04T11:53:59.215+00:00,B_sell_A_buy,10.5349,4.6349,4468.3,4468.4,34.2244,8.6973,4473.11,4473.56,2.6062,0.014,0.0000062500,0.0007000000,1839.7,0.1
2026-09-04T11:54:00.575+00:00,A_sell_B_buy,-11.7650,-17.6650,4468.3,4468.4,34.2244,8.6973,4473.33,4473.56,0.334,0.0149,0.0000062500,0.0007000000,0.1,835.3
2026-09-04T11:54:00.575+00:00,B_sell_A_buy,11.0269,5.1269,4468.3,4468.4,34.2244,8.6973,4473.33,4473.56,0.334,0.0149,0.0000062500,0.0007000000,0.1,835.3
2026-09-04T11:54:01.792+00:00,A_sell_B_buy,-11.7649,-17.6649,4468.3,4468.4,34.0006,6.6973,4473.5,4473.56,0.112,0.0127,0.0000062500,0.0007000000,475.2,0.1
2026-09-04T11:54:01.792+00:00,B_sell_A_buy,11.4070,5.5070,4468.3,4468.4,34.0006,6.6973,4473.5,4473.56,0.112,0.0127,0.0000062500,0.0007000000,475.2,0.1
2026-09-04T11:54:02.854+00:00,A_sell_B_buy,-12.1450,-18.0450,4468.3,4468.4,34.0006,6.6973,4473.49,4473.73,0.3869,0.0182,0.0000062500,0.0007000000,592.0,0.1
2026-09-04T11:54:02.854+00:00,B_sell_A_buy,11.3845,5.4845,4468.3,4468.4,34.0006,6.6973,4473.49,4473.73,0.3869,0.0182,0.0000062500,0.0007000000,592.0,0.1
2026-09-04T11:54:04.129+00:00,A_sell_B_buy,-11.7872,-17.6872,4468.3,4468.4,34.0006,6.6973,4473.49,4473.57,0.442,0.0195,0.0000062500,0.0007000000,566.4,0.1
2026-09-04T11:54:04.129+00:00,B_sell_A_buy,11.3846,5.4846,4468.3,4468.4,34.0006,6.6973,4473.49,4473.57,0.442,0.0195,0.0000062500,0.0007000000,566.4,0.1
2026-09-04T11:54:05.165+00:00,A_sell_B_buy,-12.1226,-18.0226,4468.3,4468.4,41.2979,6.6973,4473.49,4473.72,0.442,0.0169,0.0000062500,0.0007000000,0.1,147.8
2026-09-04T11:54:05.165+00:00,B_sell_A_buy,11.3845,5.4845,4468.3,4468.4,41.2979,6.6973,4473.49,4473.72,0.442,0.0169,0.0000062500,0.0007000000,0.1,147.8
2026-09-04T11:54:06.651+00:00,A_sell_B_buy,-12.1450,-18.0450,4468.3,4468.4,41.2979,6.6737,4473.49,4473.73,2.0,0.0167,0.0000062500,0.0007000000,583.0,0.1
2026-09-04T11:54:06.651+00:00,B_sell_A_buy,11.3845,5.4845,4468.3,4468.4,41.2979,6.6737,4473.49,4473.73,2.0,0.0167,0.0000062500,0.0007000000,583.0,0.1
2026-09-04T11:54:07.751+00:00,A_sell_B_buy,-12.1451,-18.0451,4468.3,4468.4,37.2979,6.6737,4473.34,4473.73,3.2354,0.0158,0.0000062500,0.0007000000,569.7,0.1
2026-09-04T11:54:07.751+00:00,B_sell_A_buy,11.0491,5.1491,4468.3,4468.4,37.2979,6.6737,4473.34,4473.73,3.2354,0.0158,0.0000062500,0.0007000000,569.7,0.1
2026-09-04T11:54:08.760+00:00,A_sell_B_buy,-11.8993,-17.7993,4468.3,4468.4,30.2061,12.464,4473.07,4473.62,5.2354,0.3953,0.0000062500,0.0007000000,70.2,0.1
2026-09-04T11:54:08.760+00:00,B_sell_A_buy,10.4454,4.5454,4468.3,4468.4,30.2061,12.464,4473.07,4473.62,5.2354,0.3953,0.0000062500,0.0007000000,70.2,0.1
2026-09-04T11:54:10.154+00:00,A_sell_B_buy,-11.6757,-17.5757,4468.3,4468.4,30.2061,12.464,4473.14,4473.52,1.3216,0.0137,0.0000062500,0.0007000000,1464.2,0.1
2026-09-04T11:54:10.154+00:00,B_sell_A_buy,10.6020,4.7020,4468.3,4468.4,30.2061,12.464,4473.14,4473.52,1.3216,0.0137,0.0000062500,0.0007000000,1464.2,0.1
2026-09-04T11:54:11.585+00:00,A_sell_B_buy,-11.4744,-17.3744,4468.3,4468.4,29.8332,12.464,4473.15,4473.43,0.6566,0.014,0.0000062500,0.0007000000,875.6,0.1
2026-09-04T11:54:11.585+00:00,B_sell_A_buy,10.6244,4.7244,4468.3,4468.4,29.8332,12.464,4473.15,4473.43,0.6566,0.014,0.0000062500,0.0007000000,875.6,0.1
2026-09-04T11:54:12.640+00:00,A_sell_B_buy,-11.7650,-17.6650,4468.3,4468.4,30.4299,8.464,4473.33,4473.56,0.2841,0.0159,0.0000062500,0.0007000000,63.8,0.1
2026-09-04T11:54:12.640+00:00,B_sell_A_buy,11.0269,5.1269,4468.3,4468.4,30.4299,8.464,4473.33,4473.56,0.2841,0.0159,0.0000062500,0.0007000000,63.8,0.1
2026-09-04T11:54:13.661+00:00,A_sell_B_buy,-11.8097,-17.7097,4468.3,4468.4,30.4299,8.464,4473.35,4473.58,3.2354,0.0263,0.0000062500,0.0007000000,528.7,0.0
2026-09-04T11:54:13.661+00:00,B_sell_A_buy,11.0716,5.1716,4468.3,4468.4,30.4299,8.464,4473.35,4473.58,3.2354,0.0263,0.0000062500,0.0007000000,528.7,0.0
2026-09-04T11:54:14.699+00:00,A_sell_B_buy,-12.1673,-18.0673,4468.3,4468.4,30.9713,6.6737,4473.49,4473.74,0.2213,0.0179,0.0000062500,0.0007000000,539.2,0.0
2026-09-04T11:54:14.699+00:00,B_sell_A_buy,11.3845,5.4845,4468.3,4468.4,30.9713,6.6737,4473.49,4473.74,0.2213,0.0179,0.0000062500,0.0007000000,539.2,0.0
2026-09-04T11:54:15.746+00:00,A_sell_B_buy,-12.1897,-18.0897,4468.3,4468.4,30.9713,6.6737,4473.52,4473.75,0.4867,0.0177,0.0000062500,0.0007000000,519.2,0.1
2026-09-04T11:54:15.746+00:00,B_sell_A_buy,11.4516,5.5516,4468.3,4468.4,30.9713,6.6737,4473.52,4473.75,0.4867,0.0177,0.0000062500,0.0007000000,519.2,0.1
2026-09-04T11:54:16.801+00:00,A_sell_B_buy,-12.1674,-18.0674,4468.3,4468.4,30.9713,6.6737,4473.36,4473.74,0.8522,0.0169,0.0000062500,0.0007000000,1574.4,0.1
2026-09-04T11:54:16.801+00:00,B_sell_A_buy,11.0938,5.1938,4468.3,4468.4,30.9713,6.6737,4473.36,4473.74,0.8522,0.0169,0.0000062500,0.0007000000,1574.4,0.1
2026-09-04T11:54:17.839+00:00,A_sell_B_buy,-12.2120,-18.1120,4468.3,4468.4,31.6507,6.6737,4473.53,4473.76,0.4991,0.0173,0.0000062500,0.0007000000,321.4,0.1
2026-09-04T11:54:17.839+00:00,B_sell_A_buy,11.4739,5.5739,4468.3,4468.4,31.6507,6.6737,4473.53,4473.76,0.4991,0.0173,0.0000062500,0.0007000000,321.4,0.1
2026-09-04T11:54:18.926+00:00,A_sell_B_buy,-12.1674,-18.0674,4468.3,4468.4,31.6507,6.6737,4473.36,4473.74,2.8522,0.0171,0.0000062500,0.0007000000,1407.0,0.0
2026-09-04T11:54:18.926+00:00,B_sell_A_buy,11.0938,5.1938,4468.3,4468.4,31.6507,6.6737,4473.36,4473.74,2.8522,0.0171,0.0000062500,0.0007000000,1407.0,0.0
2026-09-04T11:54:20.324+00:00,A_sell_B_buy,-11.8546,-17.7546,4468.3,4468.4,31.3822,8.464,4473.08,4473.6,3.0908,0.0112,0.0000062500,0.0007000000,0.1,242.7
2026-09-04T11:54:20.324+00:00,B_sell_A_buy,10.4678,4.5678,4468.3,4468.4,31.3822,8.464,4473.08,4473.6,3.0908,0.0112,0.0000062500,0.0007000000,0.1,242.7
2026-09-04T11:54:21.336+00:00,A_sell_B_buy,-12.1676,-18.0676,4468.3,4468.4,31.1584,10.464,4473.08,4473.74,3.0908,2.0877,0.0000062500,0.0007000000,85.3,0.1
2026-09-04T11:54:21.336+00:00,B_sell_A_buy,10.4677,4.5677,4468.3,4468.4,31.1584,10.464,4473.08,4473.74,3.0908,2.0877,0.0000062500,0.0007000000,85.3,0.1
2026-09-04T11:54:22.732+00:00,A_sell_B_buy,-11.8546,-17.7546,4468.3,4468.4,31.1584,8.464,4473.08,4473.6,3.0908,0.0129,0.0000062500,0.0007000000,984.7,0.1
2026-09-04T11:54:22.732+00:00,B_sell_A_buy,10.4678,4.5678,4468.3,4468.4,31.1584,8.464,4473.08,4473.6,3.0908,0.0129,0.0000062500,0.0007000000,984.7,0.1
2026-09-04T11:54:24.338+00:00,A_sell_B_buy,-11.8544,-17.7544,4468.3,4468.4,31.1584,10.464,4473.29,4473.6,0.6876,0.0124,0.0000062500,0.0007000000,0.1,1033.9
2026-09-04T11:54:24.338+00:00,B_sell_A_buy,10.9374,5.0374,4468.3,4468.4,31.1584,10.464,4473.29,4473.6,0.6876,0.0124,0.0000062500,0.0007000000,0.1,1033.9
2026-09-04T11:54:26.008+00:00,A_sell_B_buy,-11.8546,-17.7546,4468.3,4468.4,31.1584,8.0226,4473.08,4473.6,3.0908,0.8644,0.0000062500,0.0007000000,872.3,0.1
2026-09-04T11:54:26.008+00:00,B_sell_A_buy,10.4678,4.5678,4468.3,4468.4,31.1584,8.0226,4473.08,4473.6,3.0908,0.8644,0.0000062500,0.0007000000,872.3,0.1
2026-09-04T11:54:28.095+00:00,A_sell_B_buy,-11.6756,-17.5756,4468.3,4468.4,30.3798,11.3388,4473.21,4473.52,0.5383,3.2354,0.0000062500,0.0007000000,0.1,1175.7
2026-09-04T11:54:28.095+00:00,B_sell_A_buy,10.7586,4.8586,4468.3,4468.4,30.3798,11.3388,4473.21,4473.52,0.5383,3.2354,0.0000062500,0.0007000000,0.1,1175.7
2026-09-04T11:54:30.086+00:00,A_sell_B_buy,-11.6755,-17.5755,4468.3,4468.4,30.3798,12.4876,4473.35,4473.52,0.2748,3.2354,0.0000062500,0.0007000000,542.0,0.1
2026-09-04T11:54:30.086+00:00,B_sell_A_buy,11.0716,5.1716,4468.3,4468.4,30.3798,12.4876,4473.35,4473.52,0.2748,3.2354,0.0000062500,0.0007000000,542.0,0.1
2026-09-04T11:54:31.321+00:00,A_sell_B_buy,-11.6757,-17.5757,4468.3,4468.4,30.3798,10.4876,4473.04,4473.52,3.0114,3.2354,0.0000062500,0.0007000000,830.8,0.1
2026-09-04T11:54:31.321+00:00,B_sell_A_buy,10.3784,4.4784,4468.3,4468.4,30.3798,10.4876,4473.04,4473.52,3.0114,3.2354,0.0000062500,0.0007000000,830.8,0.1
2026-09-04T11:54:32.492+00:00,A_sell_B_buy,-11.6532,-17.5532,4468.3,4468.4,30.7527,8.4876,4473.28,4473.51,2.5155,0.0094,0.0000062500,0.0007000000,726.7,0.1
2026-09-04T11:54:32.492+00:00,B_sell_A_buy,10.9151,5.0151,4468.3,4468.4,30.7527,8.4876,4473.28,4473.51,2.5155,0.0094,0.0000062500,0.0007000000,726.7,0.1
2026-09-04T11:54:33.514+00:00,A_sell_B_buy,-11.7203,-17.6203,4468.3,4468.4,30.7527,8.4876,4473.27,4473.54,3.2354,0.0093,0.0000062500,0.0007000000,1749.1,0.1
2026-09-04T11:54:33.514+00:00,B_sell_A_buy,10.8927,4.9927,4468.3,4468.4,30.7527,8.4876,4473.27,4473.54,3.2354,0.0093,0.0000062500,0.0007000000,1749.1,0.1
2026-09-04T11:54:34.568+00:00,A_sell_B_buy,-11.9215,-17.8215,4468.3,4468.4,30.9765,8.4876,4473.4,4473.63,0.5543,0.0108,0.0000062500,0.0007000000,187.0,0.1
2026-09-04T11:54:34.568+00:00,B_sell_A_buy,11.1833,5.2833,4468.3,4468.4,30.9765,8.4876,4473.4,4473.63,0.5543,0.0108,0.0000062500,0.0007000000,187.0,0.1
2026-09-04T11:54:35.611+00:00,A_sell_B_buy,-11.7650,-17.6650,4468.3,4468.4,30.7527,8.4876,4473.28,4473.56,2.539,0.0131,0.0000062500,0.0007000000,634.4,0.1
2026-09-04T11:54:35.611+00:00,B_sell_A_buy,10.9151,5.0151,4468.3,4468.4,30.7527,8.4876,4473.28,4473.56,2.539,0.0131,0.0000062500,0.0007000000,634.4,0.1
2026-09-04T11:54:36.667+00:00,A_sell_B_buy,-11.9885,-17.8885,4468.3,4468.4,30.7527,8.4727,4473.43,4473.66,0.2646,0.0141,0.0000062500,0.0007000000,632.2,0.1
2026-09-04T11:54:36.667+00:00,B_sell_A_buy,11.2504,5.3504,4468.3,4468.4,30.7527,8.4727,4473.43,4473.66,0.2646,0.0141,0.0000062500,0.0007000000,632.2,0.1
2026-09-04T11:54:37.802+00:00,A_sell_B_buy,-11.9885,-17.8885,4468.3,4468.4,30.9502,8.4727,4473.43,4473.66,2.2646,0.0141,0.0000062500,0.0007000000,1068.7,0.1
2026-09-04T11:54:37.802+00:00,B_sell_A_buy,11.2504,5.3504,4468.3,4468.4,30.9502,8.4727,4473.43,4473.66,2.2646,0.0141,0.0000062500,0.0007000000,1068.7,0.1
2026-09-04T11:54:42.026+00:00,A_sell_B_buy,-12.2568,-18.1568,4468.3,4468.4,30.9502,8.4491,4473.44,4473.78,0.3425,3.2354,0.0000062500,0.0007000000,0.1,68.7
2026-09-04T11:54:42.026+00:00,B_sell_A_buy,11.2727,5.3727,4468.3,4468.4,30.9502,8.4491,4473.44,4473.78,0.3425,3.2354,0.0000062500,0.0007000000,0.1,68.7
2026-09-04T11:54:43.342+00:00,A_sell_B_buy,-12.1451,-18.0451,4468.3,4468.4,30.9502,8.4491,4473.28,4473.73,2.3714,0.7231,0.0000062500,0.0007000000,0.1,353.1
2026-09-04T11:54:43.342+00:00,B_sell_A_buy,10.9150,5.0150,4468.3,4468.4,30.9502,8.4491,4473.28,4473.73,2.3714,0.7231,0.0000062500,0.0007000000,0.1,353.1
2026-09-04T11:54:44.406+00:00,A_sell_B_buy,-12.0779,-17.9779,4468.3,4468.4,30.9502,8.4491,4473.47,4473.7,0.258,0.0072,0.0000062500,0.0007000000,1063.0,0.1
2026-09-04T11:54:44.406+00:00,B_sell_A_buy,11.3398,5.4398,4468.3,4468.4,30.9502,8.4491,4473.47,4473.7,0.258,0.0072,0.0000062500,0.0007000000,1063.0,0.1
2026-09-04T11:54:47.174+00:00,A_sell_B_buy,-12.7710,-18.6710,4468.3,4468.4,31.2231,8.4491,4473.51,4474.01,0.2579,0.4025,0.0000062500,0.0007000000,0.0,48.2
2026-09-04T11:54:47.174+00:00,B_sell_A_buy,11.4291,5.5291,4468.3,4468.4,31.2231,8.4491,4473.51,4474.01,0.2579,0.4025,0.0000062500,0.0007000000,0.0,48.2
2026-09-04T11:54:48.672+00:00,A_sell_B_buy,-12.3462,-18.2462,4468.3,4468.4,31.2231,8.4464,4473.52,4473.82,3.2354,0.1175,0.0000062500,0.0007000000,657.0,0.1
2026-09-04T11:54:48.672+00:00,B_sell_A_buy,11.4516,5.5516,4468.3,4468.4,31.2231,8.4464,4473.52,4473.82,3.2354,0.1175,0.0000062500,0.0007000000,657.0,0.1
2026-09-04T11:54:52.100+00:00,A_sell_B_buy,-12.6814,-18.5814,4468.3,4468.4,38.9905,6.6561,4473.78,4473.97,3.2354,0.0099,0.0000062500,0.0007000000,0.1,277.7
2026-09-04T11:54:52.100+00:00,B_sell_A_buy,12.0328,6.1328,4468.3,4468.4,38.9905,6.6561,4473.78,4473.97,3.2354,0.0099,0.0000062500,0.0007000000,0.1,277.7
2026-09-04T11:54:53.270+00:00,A_sell_B_buy,-12.7708,-18.6708,4468.3,4468.4,42.8556,6.6561,4473.78,4474.01,3.2354,0.0088,0.0000062500,0.0007000000,835.2,0.1
2026-09-04T11:54:53.270+00:00,B_sell_A_buy,12.0328,6.1328,4468.3,4468.4,42.8556,6.6561,4473.78,4474.01,3.2354,0.0088,0.0000062500,0.0007000000,835.2,0.1
2026-09-04T11:54:54.617+00:00,A_sell_B_buy,-12.9720,-18.8720,4468.3,4468.4,40.6176,6.6561,4473.87,4474.1,0.2688,0.01,0.0000062500,0.0007000000,889.8,0.1
2026-09-04T11:54:54.617+00:00,B_sell_A_buy,12.2339,6.3339,4468.3,4468.4,40.6176,6.6561,4473.87,4474.1,0.2688,0.01,0.0000062500,0.0007000000,889.8,0.1
2026-09-04T11:55:00.107+00:00,A_sell_B_buy,-12.7708,-18.6708,4468.3,4468.4,38.6176,6.6561,4473.78,4474.01,3.2354,0.0119,0.0000062500,0.0007000000,0.1,50.3
2026-09-04T11:55:00.107+00:00,B_sell_A_buy,12.0328,6.1328,4468.3,4468.4,38.6176,6.6561,4473.78,4474.01,3.2354,0.0119,0.0000062500,0.0007000000,0.1,50.3
2026-09-04T11:55:01.158+00:00,A_sell_B_buy,-12.7708,-18.6708,4468.3,4468.4,40.6176,6.6561,4473.78,4474.01,3.2354,0.0117,0.0000062500,0.0007000000,914.8,0.1
2026-09-04T11:55:01.158+00:00,B_sell_A_buy,12.0328,6.1328,4468.3,4468.4,40.6176,6.6561,4473.78,4474.01,3.2354,0.0117,0.0000062500,0.0007000000,914.8,0.1
2026-09-04T11:55:06.029+00:00,A_sell_B_buy,-13.3521,-19.2521,4468.3,4468.4,40.6176,6.6349,4473.87,4474.27,0.6025,0.6392,0.0000062500,0.0007000000,0.1,1512.2
2026-09-04T11:55:06.029+00:00,B_sell_A_buy,12.2338,6.3338,4468.3,4468.4,40.6176,6.6349,4473.87,4474.27,0.6025,0.6392,0.0000062500,0.0007000000,0.1,1512.2
2026-09-04T11:55:07.057+00:00,A_sell_B_buy,-12.8156,-18.7156,4468.3,4468.4,40.6176,6.6322,4473.78,4474.03,3.2354,0.0048,0.0000062500,0.0007000000,0.1,412.1
2026-09-04T11:55:07.057+00:00,B_sell_A_buy,12.0328,6.1328,4468.3,4468.4,40.6176,6.6322,4473.78,4474.03,3.2354,0.0048,0.0000062500,0.0007000000,0.1,412.1
2026-09-04T11:55:08.256+00:00,A_sell_B_buy,-12.8156,-18.7156,4468.3,4468.4,40.6176,6.6295,4473.78,4474.03,3.2354,0.0078,0.0000062500,0.0007000000,217.0,0.1
2026-09-04T11:55:08.256+00:00,B_sell_A_buy,12.0328,6.1328,4468.3,4468.4,40.6176,6.6295,4473.78,4474.03,3.2354,0.0078,0.0000062500,0.0007000000,217.0,0.1
2026-09-04T11:55:09.305+00:00,A_sell_B_buy,-12.8156,-18.7156,4468.3,4468.4,40.6176,6.6295,4473.78,4474.03,3.2354,0.0091,0.0000062500,0.0007000000,1266.4,0.1
2026-09-04T11:55:09.305+00:00,B_sell_A_buy,12.0328,6.1328,4468.3,4468.4,40.6176,6.6295,4473.78,4474.03,3.2354,0.0091,0.0000062500,0.0007000000,1266.4,0.1
2026-09-04T11:55:11.877+00:00,A_sell_B_buy,-12.8379,-18.7379,4468.3,4468.4,38.6176,6.6295,4473.81,4474.04,1.4802,0.0112,0.0000062500,0.0007000000,0.1,107.3
2026-09-04T11:55:11.877+00:00,B_sell_A_buy,12.0998,6.1998,4468.3,4468.4,38.6176,6.6295,4473.81,4474.04,1.4802,0.0112,0.0000062500,0.0007000000,0.1,107.3
2026-09-04T11:55:13.028+00:00,A_sell_B_buy,-12.8379,-18.7379,4468.3,4468.4,40.6176,6.6295,4473.82,4474.04,0.7599,0.011,0.0000062500,0.0007000000,474.7,0.1
2026-09-04T11:55:13.028+00:00,B_sell_A_buy,12.1222,6.2222,4468.3,4468.4,40.6176,6.6295,4473.82,4474.04,0.7599,0.011,0.0000062500,0.0007000000,474.7,0.1
2026-09-04T11:55:14.065+00:00,A_sell_B_buy,-12.4568,-18.3568,4468.7,4468.8,1.9473,1.0,4474.05,4474.27,0.1711,0.0132,0.0000062500,0.0007000000,0.1,80.9
2026-09-04T11:55:14.065+00:00,B_sell_A_buy,11.7411,5.8411,4468.7,4468.8,1.9473,1.0,4474.05,4474.27,0.1711,0.0132,0.0000062500,0.0007000000,0.1,80.9
2026-09-04T11:55:15.292+00:00,A_sell_B_buy,-12.4568,-18.3568,4468.7,4468.8,47.1405,8.9876,4474.05,4474.27,0.1711,0.6415,0.0000062500,0.0007000000,0.1,314.3
2026-09-04T11:55:15.292+00:00,B_sell_A_buy,11.7411,5.8411,4468.7,4468.8,47.1405,8.9876,4474.05,4474.27,0.1711,0.6415,0.0000062500,0.0007000000,0.1,314.3
2026-09-04T11:55:16.328+00:00,A_sell_B_buy,-12.4345,-18.3345,4468.7,4468.8,43.1193,8.9876,4474.01,4474.26,3.2354,0.0116,0.0000062500,0.0007000000,0.1,331.1
2026-09-04T11:55:16.328+00:00,B_sell_A_buy,11.6517,5.7517,4468.7,4468.8,43.1193,8.9876,4474.01,4474.26,3.2354,0.0116,0.0000062500,0.0007000000,0.1,331.1
2026-09-04T11:55:17.329+00:00,A_sell_B_buy,-12.6356,-18.5356,4468.7,4468.8,47.4922,8.9876,4474.12,4474.35,0.3591,0.0125,0.0000062500,0.0007000000,0.1,344.9
2026-09-04T11:55:17.329+00:00,B_sell_A_buy,11.8976,5.9976,4468.7,4468.8,47.4922,8.9876,4474.12,4474.35,0.3591,0.0125,0.0000062500,0.0007000000,0.1,344.9
2026-09-04T11:55:18.572+00:00,A_sell_B_buy,-12.6356,-18.5356,4468.7,4468.8,47.1193,8.4876,4474.12,4474.35,0.3591,0.0131,0.0000062500,0.0007000000,420.8,0.1
2026-09-04T11:55:18.572+00:00,B_sell_A_buy,11.8976,5.9976,4468.7,4468.8,47.1193,8.4876,4474.12,4474.35,0.3591,0.0131,0.0000062500,0.0007000000,420.8,0.1
2026-09-04T11:55:19.706+00:00,A_sell_B_buy,-12.6357,-18.5357,4468.7,4468.8,47.1193,8.4876,4474.01,4474.35,3.2354,0.0129,0.0000062500,0.0007000000,1555.0,0.1
2026-09-04T11:55:19.706+00:00,B_sell_A_buy,11.6517,5.7517,4468.7,4468.8,47.1193,8.4876,4474.01,4474.35,3.2354,0.0129,0.0000062500,0.0007000000,1555.0,0.1
2026-09-04T11:55:20.711+00:00,A_sell_B_buy,-12.4567,-18.3567,4468.7,4468.8,43.1193,8.4876,4474.16,4474.27,0.9713,0.0108,0.0000062500,0.0007000000,134.2,0.1
2026-09-04T11:55:20.711+00:00,B_sell_A_buy,11.9871,6.0871,4468.7,4468.8,43.1193,8.4876,4474.16,4474.27,0.9713,0.0108,0.0000062500,0.0007000000,134.2,0.1
2026-09-04T11:55:22.306+00:00,A_sell_B_buy,-12.5238,-18.4238,4468.7,4468.8,43.4922,8.4876,4474.08,4474.3,0.5138,0.0121,0.0000062500,0.0007000000,1304.5,0.1
2026-09-04T11:55:22.306+00:00,B_sell_A_buy,11.8082,5.9082,4468.7,4468.8,43.4922,8.4876,4474.08,4474.3,0.5138,0.0121,0.0000062500,0.0007000000,1304.5,0.1
2026-09-04T11:55:23.496+00:00,A_sell_B_buy,-12.9261,-18.8261,4468.7,4468.8,53.5294,6.6973,4474.26,4474.48,0.3285,0.0124,0.0000062500,0.0007000000,384.8,0.1
2026-09-04T11:55:23.496+00:00,B_sell_A_buy,12.2105,6.3105,4468.7,4468.8,53.5294,6.6973,4474.26,4474.48,0.3285,0.0124,0.0000062500,0.0007000000,384.8,0.1
2026-09-04T11:55:24.589+00:00,A_sell_B_buy,-12.9029,-18.8029,4469.0,4469.1,6.3674,3.4579,4474.54,4474.77,0.5789,0.0109,0.0000062500,0.0007000000,0.1,94.3
2026-09-04T11:55:24.589+00:00,B_sell_A_buy,12.1650,6.2650,4469.0,4469.1,6.3674,3.4579,4474.54,4474.77,0.5789,0.0109,0.0000062500,0.0007000000,0.1,94.3
2026-09-04T11:55:25.606+00:00,A_sell_B_buy,-13.0372,-18.9372,4469.0,4469.1,47.7883,10.0552,4474.41,4474.83,3.2354,0.4195,0.0000062500,0.0007000000,0.1,69.7
2026-09-04T11:55:25.606+00:00,B_sell_A_buy,11.8743,5.9743,4469.0,4469.1,47.7883,10.0552,4474.41,4474.83,3.2354,0.4195,0.0000062500,0.0007000000,0.1,69.7
2026-09-04T11:55:26.632+00:00,A_sell_B_buy,-13.0370,-18.9370,4469.0,4469.1,46.3638,10.0552,4474.56,4474.83,1.5616,0.4102,0.0000062500,0.0007000000,0.1,289.6
2026-09-04T11:55:26.632+00:00,B_sell_A_buy,12.2097,6.3097,4469.0,4469.1,46.3638,10.0552,4474.56,4474.83,1.5616,0.4102,0.0000062500,0.0007000000,0.1,289.6
2026-09-04T11:55:27.866+00:00,A_sell_B_buy,-12.7689,-18.6689,4469.0,4469.1,46.3638,10.0552,4474.41,4474.71,0.4406,0.1117,0.0000062500,0.0007000000,1234.0,0.1
2026-09-04T11:55:27.866+00:00,B_sell_A_buy,11.8744,5.9744,4469.0,4469.1,46.3638,10.0552,4474.41,4474.71,0.4406,0.1117,0.0000062500,0.0007000000,1234.0,0.1
2026-09-04T11:55:29.573+00:00,A_sell_B_buy,-12.9924,-18.8924,4469.0,4469.1,44.3638,10.0552,4474.43,4474.81,0.7805,2.2581,0.0000062500,0.0007000000,0.1,135.8
2026-09-04T11:55:29.573+00:00,B_sell_A_buy,11.9190,6.0190,4469.0,4469.1,44.3638,10.0552,4474.43,4474.81,0.7805,2.2581,0.0000062500,0.0007000000,0.1,135.8
2026-09-04T11:55:30.634+00:00,A_sell_B_buy,-12.9700,-18.8700,4469.0,4469.1,47.9909,10.0552,4474.59,4474.8,0.1117,0.6415,0.0000062500,0.0007000000,0.1,691.1
2026-09-04T11:55:30.634+00:00,B_sell_A_buy,12.2767,6.3767,4469.0,4469.1,47.9909,10.0552,4474.59,4474.8,0.1117,0.6415,0.0000062500,0.0007000000,0.1,691.1
2026-09-04T11:55:31.783+00:00,A_sell_B_buy,-12.9700,-18.8700,4469.0,4469.1,48.3638,10.0552,4474.59,4474.8,0.1117,0.6241,0.0000062500,0.0007000000,797.3,0.1
2026-09-04T11:55:31.783+00:00,B_sell_A_buy,12.2767,6.3767,4469.0,4469.1,48.3638,10.0552,4474.59,4474.8,0.1117,0.6241,0.0000062500,0.0007000000,797.3,0.1
2026-09-04T11:55:32.831+00:00,A_sell_B_buy,-12.9700,-18.8700,4469.0,4469.1,48.3638,10.0552,4474.59,4474.8,0.1117,0.6415,0.0000062500,0.0007000000,1845.7,0.1
2026-09-04T11:55:32.831+00:00,B_sell_A_buy,12.2767,6.3767,4469.0,4469.1,48.3638,10.0552,4474.59,4474.8,0.1117,0.6415,0.0000062500,0.0007000000,1845.7,0.1
2026-09-04T11:55:36.099+00:00,A_sell_B_buy,-12.7911,-18.6911,4469.0,4469.1,48.3638,10.0364,4474.59,4474.72,0.1267,0.6693,0.0000062500,0.0007000000,0.1,895.6
2026-09-04T11:55:36.099+00:00,B_sell_A_buy,12.2768,6.3768,4469.0,4469.1,48.3638,10.0364,4474.59,4474.72,0.1267,0.6693,0.0000062500,0.0007000000,0.1,895.6
2026-09-04T11:55:38.651+00:00,A_sell_B_buy,-12.7688,-18.6688,4469.0,4469.1,44.3638,10.0364,4474.59,4474.71,0.1267,1.1374,0.0000062500,0.0007000000,0.1,1781.7
2026-09-04T11:55:38.651+00:00,B_sell_A_buy,12.2768,6.3768,4469.0,4469.1,44.3638,10.0364,4474.59,4474.71,0.1267,1.1374,0.0000062500,0.0007000000,0.1,1781.7
2026-09-04T11:55:39.852+00:00,A_sell_B_buy,-12.9700,-18.8700,4469.0,4469.1,44.3638,10.0364,4474.59,4474.8,0.1267,0.6268,0.0000062500,0.0007000000,1201.0,0.1
2026-09-04T11:55:39.852+00:00,B_sell_A_buy,12.2767,6.3767,4469.0,4469.1,44.3638,10.0364,4474.59,4474.8,0.1267,0.6268,0.0000062500,0.0007000000,1201.0,0.1
2026-09-04T11:55:42.081+00:00,A_sell_B_buy,-12.9029,-18.8029,4469.0,4469.1,46.3638,10.0364,4474.59,4474.77,0.1267,1.1029,0.0000062500,0.0006000000,0.1,564.6
2026-09-04T11:55:42.081+00:00,B_sell_A_buy,12.2768,6.3768,4469.0,4469.1,46.3638,10.0364,4474.59,4474.77,0.1267,1.1029,0.0000062500,0.0006000000,0.1,564.6
2026-09-04T11:55:43.166+00:00,A_sell_B_buy,-12.9923,-18.8923,4469.0,4469.1,48.3638,10.0364,4474.59,4474.81,0.1267,0.6268,0.0000062500,0.0006000000,0.1,180.1
2026-09-04T11:55:43.166+00:00,B_sell_A_buy,12.2767,6.3767,4469.0,4469.1,48.3638,10.0364,4474.59,4474.81,0.1267,0.6268,0.0000062500,0.0006000000,0.1,180.1
2026-09-04T11:55:45.029+00:00,A_sell_B_buy,-12.9029,-18.8029,4469.0,4469.1,47.9909,10.0364,4474.59,4474.77,0.1267,0.6191,0.0000062500,0.0006000000,1242.0,0.1
2026-09-04T11:55:45.029+00:00,B_sell_A_buy,12.2768,6.3768,4469.0,4469.1,47.9909,10.0364,4474.59,4474.77,0.1267,0.6191,0.0000062500,0.0006000000,1242.0,0.1
2026-09-04T11:55:46.293+00:00,A_sell_B_buy,-12.7243,-18.6243,4469.0,4469.1,46.0909,10.0364,4474.28,4474.69,2.3621,0.8861,0.0000062500,0.0006000000,0.1,281.2
2026-09-04T11:55:46.293+00:00,B_sell_A_buy,11.5838,5.6838,4469.0,4469.1,46.0909,10.0364,4474.28,4474.69,2.3621,0.8861,0.0000062500,0.0006000000,0.1,281.2
2026-09-04T11:55:47.483+00:00,A_sell_B_buy,-12.7243,-18.6243,4469.0,4469.1,44.0909,10.0364,4474.28,4474.69,2.3621,0.0105,0.0000062500,0.0006000000,562.0,0.1
2026-09-04T11:55:47.483+00:00,B_sell_A_buy,11.5838,5.6838,4469.0,4469.1,44.0909,10.0364,4474.28,4474.69,2.3621,0.0105,0.0000062500,0.0006000000,562.0,0.1
2026-09-04T11:55:48.607+00:00,A_sell_B_buy,-12.6796,-18.5796,4469.0,4469.1,44.0909,10.0364,4474.29,4474.67,0.6861,0.1117,0.0000062500,0.0006000000,0.1,673.1
2026-09-04T11:55:48.607+00:00,B_sell_A_buy,11.6062,5.7062,4469.0,4469.1,44.0909,10.0364,4474.29,4474.67,0.6861,0.1117,0.0000062500,0.0006000000,0.1,673.1
2026-09-04T11:55:50.472+00:00,A_sell_B_buy,-12.6794,-18.5794,4469.0,4469.1,44.0909,10.0364,4474.47,4474.67,0.466,0.1117,0.0000062500,0.0006000000,1865.2,0.1
2026-09-04T11:55:50.472+00:00,B_sell_A_buy,12.0086,6.1086,4469.0,4469.1,44.0909,10.0364,4474.47,4474.67,0.466,0.1117,0.0000062500,0.0006000000,1865.2,0.1
2026-09-04T11:55:54.158+00:00,A_sell_B_buy,-12.6795,-18.5795,4469.0,4469.1,44.0909,10.0364,4474.42,4474.67,1.2496,0.1117,0.0000062500,0.0006000000,0.1,55.9
2026-09-04T11:55:54.158+00:00,B_sell_A_buy,11.8968,5.9968,4469.0,4469.1,44.0909,10.0364,4474.42,4474.67,1.2496,0.1117,0.0000062500,0.0006000000,0.1,55.9
2026-09-04T11:55:55.661+00:00,A_sell_B_buy,-12.6795,-18.5795,4469.0,4469.1,44.0909,10.0364,4474.42,4474.67,1.2496,0.1237,0.0000062500,0.0006000000,1503.0,0.1
2026-09-04T11:55:55.661+00:00,B_sell_A_buy,11.8968,5.9968,4469.0,4469.1,44.0909,10.0364,4474.42,4474.67,1.2496,0.1237,0.0000062500,0.0006000000,1503.0,0.1
2026-09-04T11:55:56.711+00:00,A_sell_B_buy,-12.6795,-18.5795,4469.0,4469.1,46.0909,10.0364,4474.42,4474.67,1.2496,0.1239,0.0000062500,0.0006000000,0.1,512.3
2026-09-04T11:55:56.711+00:00,B_sell_A_buy,11.8968,5.9968,4469.0,4469.1,46.0909,10.0364,4474.42,4474.67,1.2496,0.1239,0.0000062500,0.0006000000,0.1,512.3
2026-09-04T11:55:57.899+00:00,A_sell_B_buy,-12.6795,-18.5795,4469.0,4469.1,46.3147,10.0364,4474.42,4474.67,1.2496,0.125,0.0000062500,0.0006000000,628.0,0.1
2026-09-04T11:55:57.899+00:00,B_sell_A_buy,11.8968,5.9968,4469.0,4469.1,46.3147,10.0364,4474.42,4474.67,1.2496,0.125,0.0000062500,0.0006000000,628.0,0.1
2026-09-04T11:55:58.940+00:00,A_sell_B_buy,-12.6795,-18.5795,4469.0,4469.1,48.3147,10.0364,4474.43,4474.67,0.6832,0.1254,0.0000062500,0.0006000000,853.9,0.1
2026-09-04T11:55:58.940+00:00,B_sell_A_buy,11.9191,6.0191,4469.0,4469.1,48.3147,10.0364,4474.43,4474.67,0.6832,0.1254,0.0000062500,0.0006000000,853.9,0.1
2026-09-04T11:56:00.311+00:00,A_sell_B_buy,-12.6795,-18.5795,4469.0,4469.1,48.0909,10.0364,4474.43,4474.67,0.6832,0.1117,0.0000062500,0.0006000000,482.9,0.1
2026-09-04T11:56:00.311+00:00,B_sell_A_buy,11.9191,6.0191,4469.0,4469.1,48.0909,10.0364,4474.43,4474.67,0.6832,0.1117,0.0000062500,0.0006000000,482.9,0.1
2026-09-04T11:56:01.592+00:00,A_sell_B_buy,-12.6347,-18.5347,4469.0,4469.1,47.718,10.0364,4474.52,4474.65,0.6931,0.0143,0.0000062500,0.0006000000,852.5,0.1
2026-09-04T11:56:01.592+00:00,B_sell_A_buy,12.1204,6.2204,4469.0,4469.1,47.718,10.0364,4474.52,4474.65,0.6931,0.0143,0.0000062500,0.0006000000,852.5,0.1
2026-09-04T11:56:02.811+00:00,A_sell_B_buy,-12.8806,-18.7806,4469.0,4469.1,48.0909,6.6973,4474.53,4474.76,0.1117,0.0154,0.0000062500,0.0006000000,766.1,0.1
2026-09-04T11:56:02.811+00:00,B_sell_A_buy,12.1426,6.2426,4469.0,4469.1,48.0909,6.6973,4474.53,4474.76,0.1117,0.0154,0.0000062500,0.0006000000,766.1,0.1
2026-09-04T11:56:03.822+00:00,A_sell_B_buy,-12.9029,-18.8029,4469.0,4469.1,48.0595,6.6973,4474.55,4474.77,0.2268,0.0224,0.0000062500,0.0006000000,0.1,444.8
2026-09-04T11:56:03.822+00:00,B_sell_A_buy,12.1873,6.2873,4469.0,4469.1,48.0595,6.6973,4474.55,4474.77,0.2268,0.0224,0.0000062500,0.0006000000,0.1,444.8
2026-09-04T11:56:04.868+00:00,A_sell_B_buy,-12.3878,-18.2878,4469.4,4469.5,3.7944,1.8951,4474.71,4474.94,0.1117,1.0391,0.0000062500,0.0006000000,0.1,337.0
2026-09-04T11:56:04.868+00:00,B_sell_A_buy,11.6499,5.7499,4469.4,4469.5,3.7944,1.8951,4474.71,4474.94,0.1117,1.0391,0.0000062500,0.0006000000,0.1,337.0
2026-09-04T11:56:05.913+00:00,A_sell_B_buy,-12.3878,-18.2878,4469.4,4469.5,29.7644,10.3823,4474.71,4474.94,0.1117,0.0146,0.0000062500,0.0006000000,167.2,0.1
2026-09-04T11:56:05.913+00:00,B_sell_A_buy,11.6499,5.7499,4469.4,4469.5,29.7644,10.3823,4474.71,4474.94,0.1117,0.0146,0.0000062500,0.0006000000,167.2,0.1
2026-09-04T11:56:08.158+00:00,A_sell_B_buy,-12.3878,-18.2878,4469.4,4469.5,29.9136,10.3652,4474.71,4474.94,0.1117,0.0149,0.0000062500,0.0006000000,0.1,1577.9
2026-09-04T11:56:08.158+00:00,B_sell_A_buy,11.6499,5.7499,4469.4,4469.5,29.9136,10.3652,4474.71,4474.94,0.1117,0.0149,0.0000062500,0.0006000000,0.1,1577.9
2026-09-04T11:56:09.361+00:00,A_sell_B_buy,-12.3878,-18.2878,4469.4,4469.5,30.1162,13.7193,4474.71,4474.94,0.1117,1.2286,0.0000062500,0.0006000000,0.0,774.4
2026-09-04T11:56:09.361+00:00,B_sell_A_buy,11.6499,5.7499,4469.4,4469.5,30.1162,13.7193,4474.71,4474.94,0.1117,1.2286,0.0000062500,0.0006000000,0.0,774.4
2026-09-04T11:56:10.406+00:00,A_sell_B_buy,-12.3655,-18.2655,4469.4,4469.5,27.5807,15.7193,4474.71,4474.93,0.1117,3.2354,0.0000062500,0.0006000000,130.8,0.1
2026-09-04T11:56:10.406+00:00,B_sell_A_buy,11.6499,5.7499,4469.4,4469.5,27.5807,15.7193,4474.71,4474.93,0.1117,3.2354,0.0000062500,0.0006000000,130.8,0.1
2026-09-04T11:56:12.208+00:00,A_sell_B_buy,-12.3655,-18.2655,4469.4,4469.5,27.5807,13.7193,4474.71,4474.93,0.1117,3.2354,0.0000062500,0.0006000000,0.1,1010.0
2026-09-04T11:56:12.208+00:00,B_sell_A_buy,11.6499,5.7499,4469.4,4469.5,27.5807,13.7193,4474.71,4474.93,0.1117,3.2354,0.0000062500,0.0006000000,0.1,1010.0
2026-09-04T11:56:15.651+00:00,A_sell_B_buy,-12.3655,-18.2655,4469.4,4469.5,27.5807,15.7193,4474.71,4474.93,0.1117,0.2354,0.0000062500,0.0006000000,1298.9,0.1
2026-09-04T11:56:15.651+00:00,B_sell_A_buy,11.6499,5.7499,4469.4,4469.5,27.5807,15.7193,4474.71,4474.93,0.1117,0.2354,0.0000062500,0.0006000000,1298.9,0.1
2026-09-04T11:56:16.994+00:00,A_sell_B_buy,-12.3878,-18.2878,4469.4,4469.5,27.5807,10.3652,4474.72,4474.94,3.2354,0.014,0.0000062500,0.0006000000,698.7,0.1
2026-09-04T11:56:16.994+00:00,B_sell_A_buy,11.6723,5.7723,4469.4,4469.5,27.5807,10.3652,4474.72,4474.94,3.2354,0.014,0.0000062500,0.0006000000,698.7,0.1
2026-09-04T11:56:18.716+00:00,A_sell_B_buy,-12.4102,-18.3102,4469.4,4469.5,27.9535,10.3652,4474.72,4474.95,3.2354,0.0149,0.0000062500,0.0006000000,809.8,0.1
2026-09-04T11:56:18.716+00:00,B_sell_A_buy,11.6723,5.7723,4469.4,4469.5,27.9535,10.3652,4474.72,4474.95,3.2354,0.0149,0.0000062500,0.0006000000,809.8,0.1
2026-09-04T11:56:20.933+00:00,A_sell_B_buy,-12.3878,-18.2878,4469.4,4469.5,27.5807,10.3652,4474.72,4474.94,3.2354,1.1367,0.0000062500,0.0006000000,0.1,224.6
2026-09-04T11:56:20.933+00:00,B_sell_A_buy,11.6723,5.7723,4469.4,4469.5,27.5807,10.3652,4474.72,4474.94,3.2354,1.1367,0.0000062500,0.0006000000,0.1,224.6
2026-09-04T11:56:22.134+00:00,A_sell_B_buy,-12.4102,-18.3102,4469.4,4469.5,27.5807,10.3652,4474.72,4474.95,3.2354,0.0145,0.0000062500,0.0006000000,1202.4,0.1
2026-09-04T11:56:22.134+00:00,B_sell_A_buy,11.6723,5.7723,4469.4,4469.5,27.5807,10.3652,4474.72,4474.95,3.2354,0.0145,0.0000062500,0.0006000000,1202.4,0.1
2026-09-04T11:56:23.401+00:00,A_sell_B_buy,-12.4102,-18.3102,4469.4,4469.5,27.5807,12.3652,4474.72,4474.95,3.2354,0.0145,0.0000062500,0.0006000000,0.1,1266.0
2026-09-04T11:56:23.401+00:00,B_sell_A_buy,11.6723,5.7723,4469.4,4469.5,27.5807,12.3652,4474.72,4474.95,3.2354,0.0145,0.0000062500,0.0006000000,0.1,1266.0
2026-09-04T11:56:24.444+00:00,A_sell_B_buy,-12.4102,-18.3102,4469.4,4469.5,27.5807,12.3652,4474.72,4474.95,3.2354,0.0145,0.0000062500,0.0006000000,1043.9,0.1
2026-09-04T11:56:24.444+00:00,B_sell_A_buy,11.6723,5.7723,4469.4,4469.5,27.5807,12.3652,4474.72,4474.95,3.2354,0.0145,0.0000062500,0.0006000000,1043.9,0.1
2026-09-04T11:56:26.072+00:00,A_sell_B_buy,-12.4102,-18.3102,4469.4,4469.5,27.5807,15.7193,4474.72,4474.95,3.2354,0.0152,0.0000062500,0.0006000000,0.1,417.4
2026-09-04T11:56:26.072+00:00,B_sell_A_buy,11.6723,5.7723,4469.4,4469.5,27.5807,15.7193,4474.72,4474.95,3.2354,0.0152,0.0000062500,0.0006000000,0.1,417.4
2026-09-04T11:56:27.266+00:00,A_sell_B_buy,-12.4102,-18.3102,4469.4,4469.5,27.5807,12.7364,4474.72,4474.95,3.2354,0.0151,0.0000062500,0.0006000000,752.5,0.1
2026-09-04T11:56:27.266+00:00,B_sell_A_buy,11.6723,5.7723,4469.4,4469.5,27.5807,12.7364,4474.72,4474.95,3.2354,0.0151,0.0000062500,0.0006000000,752.5,0.1
2026-09-04T11:56:28.443+00:00,A_sell_B_buy,-12.4102,-18.3102,4469.4,4469.5,27.9535,12.7364,4474.72,4474.95,3.2354,0.0137,0.0000062500,0.0006000000,812.4,0.1
2026-09-04T11:56:28.443+00:00,B_sell_A_buy,11.6723,5.7723,4469.4,4469.5,27.9535,12.7364,4474.72,4474.95,3.2354,0.0137,0.0000062500,0.0006000000,812.4,0.1
2026-09-04T11:56:29.646+00:00,A_sell_B_buy,-12.4102,-18.3102,4469.4,4469.5,27.5807,12.7325,4474.73,4474.95,0.1117,0.0137,0.0000062500,0.0006000000,0.1,260.7
2026-09-04T11:56:29.646+00:00,B_sell_A_buy,11.6946,5.7946,4469.4,4469.5,27.5807,12.7325,4474.73,4474.95,0.1117,0.0137,0.0000062500,0.0006000000,0.1,260.7
2026-09-04T11:56:30.678+00:00,A_sell_B_buy,-12.4102,-18.3102,4469.4,4469.5,27.5807,14.7325,4474.72,4474.95,3.1818,0.6404,0.0000062500,0.0006000000,952.5,0.1
2026-09-04T11:56:30.678+00:00,B_sell_A_buy,11.6723,5.7723,4469.4,4469.5,27.5807,14.7325,4474.72,4474.95,3.1818,0.6404,0.0000062500,0.0006000000,952.5,0.1
2026-09-04T11:56:31.699+00:00,A_sell_B_buy,-12.4102,-18.3102,4469.4,4469.5,27.5807,11.3784,4474.72,4474.95,3.1818,0.6392,0.0000062500,0.0006000000,563.1,0.1
2026-09-04T11:56:31.699+00:00,B_sell_A_buy,11.6723,5.7723,4469.4,4469.5,27.5807,11.3784,4474.72,4474.95,3.1818,0.6392,0.0000062500,0.0006000000,563.1,0.1
2026-09-04T11:56:33.026+00:00,A_sell_B_buy,-12.4102,-18.3102,4469.4,4469.5,27.5807,11.3784,4474.72,4474.95,3.1818,0.0127,0.0000062500,0.0006000000,1889.5,0.1
2026-09-04T11:56:33.026+00:00,B_sell_A_buy,11.6723,5.7723,4469.4,4469.5,27.5807,11.3784,4474.72,4474.95,3.1818,0.0127,0.0000062500,0.0006000000,1889.5,0.1
2026-09-04T11:56:34.111+00:00,A_sell_B_buy,-12.3878,-18.2878,4469.4,4469.5,27.5807,11.6021,4474.72,4474.94,3.1818,0.6267,0.0000062500,0.0006000000,0.1,1018.7
2026-09-04T11:56:34.111+00:00,B_sell_A_buy,11.6723,5.7723,4469.4,4469.5,27.5807,11.6021,4474.72,4474.94,3.1818,0.6267,0.0000062500,0.0006000000,0.1,1018.7
2026-09-04T11:56:35.414+00:00,A_sell_B_buy,-12.3878,-18.2878,4469.4,4469.5,27.5807,11.6021,4474.72,4474.94,3.1818,0.9694,0.0000062500,0.0006000000,1302.4,0.1
2026-09-04T11:56:35.414+00:00,B_sell_A_buy,11.6723,5.7723,4469.4,4469.5,27.5807,11.6021,4474.72,4474.94,3.1818,0.9694,0.0000062500,0.0006000000,1302.4,0.1
2026-09-04T11:56:36.425+00:00,A_sell_B_buy,-12.3879,-18.2879,4469.4,4469.5,27.5807,11.582,4474.61,4474.94,0.1117,2.098,0.0000062500,0.0006000000,252.9,0.1
2026-09-04T11:56:36.425+00:00,B_sell_A_buy,11.4264,5.5264,4469.4,4469.5,27.5807,11.582,4474.61,4474.94,0.1117,2.098,0.0000062500,0.0006000000,252.9,0.1
2026-09-04T11:56:37.440+00:00,A_sell_B_buy,-11.9410,-17.8410,4469.4,4469.5,27.5807,13.582,4474.29,4474.74,0.1117,3.5346,0.0000062500,0.0006000000,617.6,0.1
2026-09-04T11:56:37.440+00:00,B_sell_A_buy,10.7111,4.8111,4469.4,4469.5,27.5807,13.582,4474.29,4474.74,0.1117,3.5346,0.0000062500,0.0006000000,617.6,0.1
2026-09-04T11:56:38.562+00:00,A_sell_B_buy,-10.5104,-16.4104,4469.4,4469.5,0.2237,21.0503,4473.97,4474.1,0.5798,0.6392,0.0000062500,0.0006000000,0.1,293.5
2026-09-04T11:56:38.562+00:00,B_sell_A_buy,9.9961,4.0961,4469.4,4469.5,0.2237,21.0503,4473.97,4474.1,0.5798,0.6392,0.0000062500,0.0006000000,0.1,293.5
2026-09-04T11:56:39.873+00:00,A_sell_B_buy,-10.5104,-16.4104,4469.4,4469.5,0.2237,24.4044,4473.97,4474.1,0.5798,0.6392,0.0000062500,0.0006000000,0.1,1604.5
2026-09-04T11:56:39.873+00:00,B_sell_A_buy,9.9961,4.0961,4469.4,4469.5,0.2237,24.4044,4473.97,4474.1,0.5798,0.6392,0.0000062500,0.0006000000,0.1,1604.5
2026-09-04T11:56:40.879+00:00,A_sell_B_buy,-10.0859,-15.9859,4469.4,4469.5,0.2237,24.4044,4473.58,4473.91,1.2868,0.008,0.0000062500,0.0006000000,1007.1,0.0
2026-09-04T11:56:40.879+00:00,B_sell_A_buy,9.1243,3.2243,4469.4,4469.5,0.2237,24.4044,4473.58,4473.91,1.2868,0.008,0.0000062500,0.0006000000,1007.1,0.0
2026-09-04T11:56:41.944+00:00,A_sell_B_buy,-10.0858,-15.9858,4469.4,4469.5,0.2237,46.8218,4473.8,4473.91,3.2354,0.0157,0.0000062500,0.0006000000,435.2,0.1
2026-09-04T11:56:41.944+00:00,B_sell_A_buy,9.6161,3.7161,4469.4,4469.5,0.2237,46.8218,4473.8,4473.91,3.2354,0.0157,0.0000062500,0.0006000000,435.2,0.1
2026-09-04T11:56:43.369+00:00,A_sell_B_buy,-10.3764,-16.2764,4469.4,4469.5,0.2237,24.3978,4473.81,4474.04,0.1118,0.0147,0.0000062500,0.0006000000,1030.5,0.1
2026-09-04T11:56:43.369+00:00,B_sell_A_buy,9.6384,3.7384,4469.4,4469.5,0.2237,24.3978,4473.81,4474.04,0.1118,0.0147,0.0000062500,0.0006000000,1030.5,0.1
2026-09-04T11:56:46.438+00:00,A_sell_B_buy,-10.3764,-16.2764,4469.4,4469.5,0.2237,24.1533,4473.85,4474.04,0.1118,0.014,0.0000062500,0.0006000000,0.1,289.9
2026-09-04T11:56:46.438+00:00,B_sell_A_buy,9.7278,3.8278,4469.4,4469.5,0.2237,24.1533,4473.85,4474.04,0.1118,0.014,0.0000062500,0.0006000000,0.1,289.9
2026-09-04T11:56:47.538+00:00,A_sell_B_buy,-10.4658,-16.3658,4469.4,4469.5,0.2237,24.1533,4473.85,4474.08,0.1118,0.8633,0.0000062500,0.0006000000,1099.6,0.1
2026-09-04T11:56:47.538+00:00,B_sell_A_buy,9.7278,3.8278,4469.4,4469.5,0.2237,24.1533,4473.85,4474.08,0.1118,0.8633,0.0000062500,0.0006000000,1099.6,0.1
2026-09-04T11:56:48.676+00:00,A_sell_B_buy,-10.5105,-16.4105,4469.4,4469.5,0.2237,47.5276,4473.85,4474.1,1.5288,2.6263,0.0000062500,0.0006000000,0.0,56.6
2026-09-04T11:56:48.676+00:00,B_sell_A_buy,9.7278,3.8278,4469.4,4469.5,0.2237,47.5276,4473.85,4474.1,1.5288,2.6263,0.0000062500,0.0006000000,0.0,56.6
2026-09-04T11:56:49.841+00:00,A_sell_B_buy,-10.5105,-16.4105,4469.4,4469.5,0.2237,47.5776,4473.8,4474.1,3.2354,2.6263,0.0000062500,0.0006000000,685.0,0.1
2026-09-04T11:56:49.841+00:00,B_sell_A_buy,9.6160,3.7160,4469.4,4469.5,0.2237,47.5776,4473.8,4474.1,3.2354,2.6263,0.0000062500,0.0006000000,685.0,0.1
2026-09-04T11:56:52.792+00:00,A_sell_B_buy,-10.5105,-16.4105,4469.4,4469.5,0.2237,47.8221,4473.8,4474.1,3.2354,2.6263,0.0000062500,0.0006000000,84.9,0.1
2026-09-04T11:56:52.792+00:00,B_sell_A_buy,9.6160,3.7160,4469.4,4469.5,0.2237,47.8221,4473.8,4474.1,3.2354,2.6263,0.0000062500,0.0006000000,84.9,0.1
2026-09-04T11:56:53.940+00:00,A_sell_B_buy,-10.5105,-16.4105,4469.4,4469.5,0.2237,47.8155,4473.8,4474.1,3.2354,2.6263,0.0000062500,0.0006000000,0.1,1148.2
2026-09-04T11:56:53.940+00:00,B_sell_A_buy,9.6160,3.7160,4469.4,4469.5,0.2237,47.8155,4473.8,4474.1,3.2354,2.6263,0.0000062500,0.0006000000,0.1,1148.2
2026-09-04T11:56:55.608+00:00,A_sell_B_buy,-10.5105,-16.4105,4469.4,4469.5,0.2237,47.8155,4473.8,4474.1,3.2354,3.4641,0.0000062500,0.0006000000,1668.0,0.1
2026-09-04T11:56:55.608+00:00,B_sell_A_buy,9.6160,3.7160,4469.4,4469.5,0.2237,47.8155,4473.8,4474.1,3.2354,3.4641,0.0000062500,0.0006000000,1668.0,0.1
2026-09-04T11:57:00.130+00:00,A_sell_B_buy,-10.5105,-16.4105,4469.4,4469.5,0.2237,45.8155,4473.87,4474.1,0.7446,0.6263,0.0000062500,0.0006000000,0.1,313.2
2026-09-04T11:57:00.130+00:00,B_sell_A_buy,9.7725,3.8725,4469.4,4469.5,0.2237,45.8155,4473.87,4474.1,0.7446,0.6263,0.0000062500,0.0006000000,0.1,313.2
2026-09-04T11:57:01.322+00:00,A_sell_B_buy,-10.3541,-16.2541,4469.4,4469.5,0.2237,47.7655,4473.77,4474.03,1.5233,0.2467,0.0000062500,0.0006000000,844.7,0.1
2026-09-04T11:57:01.322+00:00,B_sell_A_buy,9.5490,3.6490,4469.4,4469.5,0.2237,47.7655,4473.77,4474.03,1.5233,0.2467,0.0000062500,0.0006000000,844.7,0.1
2026-09-04T11:57:06.252+00:00,A_sell_B_buy,-10.1976,-16.0976,4469.4,4469.5,0.2237,47.745,4473.71,4473.96,0.1118,0.2489,0.0000062500,0.0006000000,0.1,565.9
2026-09-04T11:57:06.252+00:00,B_sell_A_buy,9.4149,3.5149,4469.4,4469.5,0.2237,47.745,4473.71,4473.96,0.1118,0.2489,0.0000062500,0.0006000000,0.1,565.9
2026-09-04T11:57:07.952+00:00,A_sell_B_buy,-10.1976,-16.0976,4469.4,4469.5,0.2237,47.745,4473.71,4473.96,0.1118,0.2825,0.0000062500,0.0006000000,1700.3,0.1
2026-09-04T11:57:07.952+00:00,B_sell_A_buy,9.4149,3.5149,4469.4,4469.5,0.2237,47.745,4473.71,4473.96,0.1118,0.2825,0.0000062500,0.0006000000,1700.3,0.1
2026-09-04T11:57:09.261+00:00,A_sell_B_buy,-10.4212,-16.3212,4469.4,4469.5,0.2237,47.795,4473.71,4474.06,0.1118,0.6414,0.0000062500,0.0006000000,374.6,0.1
2026-09-04T11:57:09.261+00:00,B_sell_A_buy,9.4148,3.5148,4469.4,4469.5,0.2237,47.795,4473.71,4474.06,0.1118,0.6414,0.0000062500,0.0006000000,374.6,0.1
2026-09-04T11:57:15.733+00:00,A_sell_B_buy,-10.1976,-16.0976,4469.4,4469.5,0.2237,45.795,4473.71,4473.96,0.1118,0.2551,0.0000062500,0.0006000000,0.1,1937.1
2026-09-04T11:57:15.733+00:00,B_sell_A_buy,9.4149,3.5149,4469.4,4469.5,0.2237,45.795,4473.71,4473.96,0.1118,0.2551,0.0000062500,0.0006000000,0.1,1937.1
2026-09-04T11:57:17.224+00:00,A_sell_B_buy,-10.1976,-16.0976,4469.4,4469.5,0.2237,47.7794,4473.65,4473.96,2.377,0.2551,0.0000062500,0.0006000000,0.1,1388.6
2026-09-04T11:57:17.224+00:00,B_sell_A_buy,9.2807,3.3807,4469.4,4469.5,0.2237,47.7794,4473.65,4473.96,2.377,0.2551,0.0000062500,0.0006000000,0.1,1388.6
2026-09-04T11:57:19.071+00:00,A_sell_B_buy,-10.4212,-16.3212,4469.4,4469.5,0.2237,47.7794,4473.65,4474.06,2.377,0.6414,0.0000062500,0.0006000000,1847.5,0.1
2026-09-04T11:57:19.071+00:00,B_sell_A_buy,9.2807,3.3807,4469.4,4469.5,0.2237,47.7794,4473.65,4474.06,2.377,0.6414,0.0000062500,0.0006000000,1847.5,0.1
2026-09-04T11:57:22.192+00:00,A_sell_B_buy,-10.6446,-16.5446,4469.4,4469.5,0.2237,46.7294,4473.92,4474.16,0.2607,0.6391,0.0000062500,0.0006000000,0.1,74.4
2026-09-04T11:57:22.192+00:00,B_sell_A_buy,9.8843,3.9843,4469.4,4469.5,0.2237,46.7294,4473.92,4474.16,0.2607,0.6391,0.0000062500,0.0006000000,0.1,74.4
2026-09-04T11:57:23.276+00:00,A_sell_B_buy,-10.4882,-16.3882,4469.4,4469.5,0.2237,46.589,4473.76,4474.09,3.2354,0.6263,0.0000062500,0.0006000000,691.3,0.1
2026-09-04T11:57:23.276+00:00,B_sell_A_buy,9.5266,3.6266,4469.4,4469.5,0.2237,46.589,4473.76,4474.09,3.2354,0.6263,0.0000062500,0.0006000000,691.3,0.1
2026-09-04T11:57:24.601+00:00,A_sell_B_buy,-10.4882,-16.3882,4469.4,4469.5,0.2237,46.7295,4473.76,4474.09,3.2354,0.6263,0.0000062500,0.0006000000,0.1,1325.7
2026-09-04T11:57:24.601+00:00,B_sell_A_buy,9.5266,3.6266,4469.4,4469.5,0.2237,46.7295,4473.76,4474.09,3.2354,0.6263,0.0000062500,0.0006000000,0.1,1325.7
2026-09-04T11:57:26.188+00:00,A_sell_B_buy,-10.3764,-16.2764,4469.4,4469.5,0.2237,46.7295,4473.76,4474.04,3.2354,0.6391,0.0000062500,0.0006000000,1586.8,0.1
2026-09-04T11:57:26.188+00:00,B_sell_A_buy,9.5266,3.6266,4469.4,4469.5,0.2237,46.7295,4473.76,4474.04,3.2354,0.6391,0.0000062500,0.0006000000,1586.8,0.1
2026-09-04T11:57:35.053+00:00,A_sell_B_buy,-10.3988,-16.2988,4469.4,4469.5,0.2116,46.7295,4473.81,4474.05,1.2526,0.6148,0.0000062500,0.0006000000,0.1,649.6
2026-09-04T11:57:35.053+00:00,B_sell_A_buy,9.6384,3.7384,4469.4,4469.5,0.2116,46.7295,4473.81,4474.05,1.2526,0.6148,0.0000062500,0.0006000000,0.1,649.6
2026-09-04T11:57:36.322+00:00,A_sell_B_buy,-10.3988,-16.2988,4469.4,4469.5,0.2116,24.3372,4473.76,4474.05,3.2354,0.6148,0.0000062500,0.0006000000,0.1,268.8
2026-09-04T11:57:36.322+00:00,B_sell_A_buy,9.5266,3.6266,4469.4,4469.5,0.2116,24.3372,4473.76,4474.05,3.2354,0.6148,0.0000062500,0.0006000000,0.1,268.8
2026-09-04T11:57:38.281+00:00,A_sell_B_buy,-10.3988,-16.2988,4469.4,4469.5,0.2116,24.3372,4473.77,4474.05,0.824,0.6148,0.0000062500,0.0006000000,1959.2,0.0
2026-09-04T11:57:38.281+00:00,B_sell_A_buy,9.5490,3.6490,4469.4,4469.5,0.2116,24.3372,4473.77,4474.05,0.824,0.6148,0.0000062500,0.0006000000,1959.2,0.0
2026-09-04T11:57:45.228+00:00,A_sell_B_buy,-11.0698,-16.9698,4469.1,4469.5,10.79,24.3372,4473.8,4474.05,1.361,0.6148,0.0000062500,0.0006000000,0.1,1425.8
2026-09-04T11:57:45.228+00:00,B_sell_A_buy,9.6162,3.7162,4469.1,4469.5,10.79,24.3372,4473.8,4474.05,1.361,0.6148,0.0000062500,0.0006000000,0.1,1425.8
2026-09-04T11:57:47.325+00:00,A_sell_B_buy,-11.0701,-16.9701,4469.1,4469.2,11.3177,20.2886,4473.61,4474.05,0.1592,0.6148,0.0000062500,0.0006000000,169.8,0.1
2026-09-04T11:57:47.325+00:00,B_sell_A_buy,9.8625,3.9625,4469.1,4469.2,11.3177,20.2886,4473.61,4474.05,0.1592,0.6148,0.0000062500,0.0006000000,169.8,0.1
2026-09-04T11:57:48.596+00:00,A_sell_B_buy,-11.0253,-16.9253,4469.1,4469.2,0.2237,24.2623,4473.78,4474.03,0.8106,0.6391,0.0000062500,0.0006000000,0.1,479.3
2026-09-04T11:57:48.596+00:00,B_sell_A_buy,10.2426,4.3426,4469.1,4469.2,0.2237,24.2623,4473.78,4474.03,0.8106,0.6391,0.0000062500,0.0006000000,0.1,479.3
2026-09-04T11:57:51.415+00:00,A_sell_B_buy,-11.0254,-16.9254,4469.1,4469.2,0.5417,24.2623,4473.63,4474.03,3.2354,0.6391,0.0000062500,0.0006000000,0.1,43.2
2026-09-04T11:57:51.415+00:00,B_sell_A_buy,9.9072,4.0072,4469.1,4469.2,0.5417,24.2623,4473.63,4474.03,3.2354,0.6391,0.0000062500,0.0006000000,0.1,43.2
2026-09-04T11:57:53.050+00:00,A_sell_B_buy,-11.0253,-16.9253,4469.1,4469.2,0.5417,24.2623,4473.82,4474.03,0.3639,0.6391,0.0000062500,0.0006000000,1635.6,0.1
2026-09-04T11:57:53.050+00:00,B_sell_A_buy,10.3320,4.4320,4469.1,4469.2,0.5417,24.2623,4473.82,4474.03,0.3639,0.6391,0.0000062500,0.0006000000,1635.6,0.1
2026-09-04T11:57:54.679+00:00,A_sell_B_buy,-11.0253,-16.9253,4469.1,4469.2,0.5417,23.8894,4473.82,4474.03,0.3639,0.6391,0.0000062500,0.0006000000,0.1,1629.1
2026-09-04T11:57:54.679+00:00,B_sell_A_buy,10.3320,4.4320,4469.1,4469.2,0.5417,23.8894,4473.82,4474.03,0.3639,0.6391,0.0000062500,0.0006000000,0.1,1629.1
2026-09-04T11:57:56.452+00:00,A_sell_B_buy,-11.0254,-16.9254,4469.1,4469.2,0.5417,24.2623,4473.64,4474.03,0.7893,0.6391,0.0000062500,0.0006000000,0.1,1666.8
2026-09-04T11:57:56.452+00:00,B_sell_A_buy,9.9296,4.0296,4469.1,4469.2,0.5417,24.2623,4473.64,4474.03,0.7893,0.6391,0.0000062500,0.0006000000,0.1,1666.8
2026-09-04T11:57:57.890+00:00,A_sell_B_buy,-11.0253,-16.9253,4469.1,4469.2,0.5417,24.2623,4473.81,4474.03,0.4062,0.6391,0.0000062500,0.0006000000,1437.7,0.1
2026-09-04T11:57:57.890+00:00,B_sell_A_buy,10.3097,4.4097,4469.1,4469.2,0.5417,24.2623,4473.81,4474.03,0.4062,0.6391,0.0000062500,0.0006000000,1437.7,0.1
2026-09-04T11:58:01.735+00:00,A_sell_B_buy,-11.0253,-16.9253,4469.1,4469.2,0.5417,23.8894,4473.81,4474.03,0.4062,0.3341,0.0000062500,0.0006000000,130.8,0.1
2026-09-04T11:58:01.735+00:00,B_sell_A_buy,10.3097,4.4097,4469.1,4469.2,0.5417,23.8894,4473.81,4474.03,0.4062,0.3341,0.0000062500,0.0006000000,130.8,0.1
2026-09-04T11:58:03.289+00:00,A_sell_B_buy,-11.0700,-16.9700,4469.1,4469.2,0.5417,20.5353,4473.82,4474.05,0.1919,0.6125,0.0000062500,0.0006000000,564.0,0.1
2026-09-04T11:58:03.289+00:00,B_sell_A_buy,10.3320,4.4320,4469.1,4469.2,0.5417,20.5353,4473.82,4474.05,0.1919,0.6125,0.0000062500,0.0006000000,564.0,0.1
2026-09-04T11:58:04.510+00:00,A_sell_B_buy,-11.3831,-17.2831,4469.1,4469.2,2.3317,17.5519,4473.64,4474.19,0.7893,0.6266,0.0000062500,0.0006000000,0.1,320.6
2026-09-04T11:58:04.510+00:00,B_sell_A_buy,9.9295,4.0295,4469.1,4469.2,2.3317,17.5519,4473.64,4474.19,0.7893,0.6266,0.0000062500,0.0006000000,0.1,320.6
2026-09-04T11:58:05.541+00:00,A_sell_B_buy,-11.1595,-17.0595,4469.1,4469.2,2.3317,17.7757,4473.64,4474.09,0.7893,0.6148,0.0000062500,0.0006000000,0.1,148.8
2026-09-04T11:58:05.541+00:00,B_sell_A_buy,9.9295,4.0295,4469.1,4469.2,2.3317,17.7757,4473.64,4474.09,0.7893,0.6148,0.0000062500,0.0006000000,0.1,148.8
2026-09-04T11:58:06.551+00:00,A_sell_B_buy,-11.1819,-17.0819,4469.1,4469.2,18.2517,17.7614,4473.64,4474.1,0.7893,1.0036,0.0000062500,0.0006000000,0.1,135.0
2026-09-04T11:58:06.551+00:00,B_sell_A_buy,9.9295,4.0295,4469.1,4469.2,18.2517,17.7614,4473.64,4474.1,0.7893,1.0036,0.0000062500,0.0006000000,0.1,135.0
2026-09-04T11:58:07.892+00:00,A_sell_B_buy,-11.1595,-17.0595,4469.1,4469.2,2.3317,17.7614,4473.64,4474.09,0.9116,0.6266,0.0000062500,0.0006000000,444.7,0.1
2026-09-04T11:58:07.892+00:00,B_sell_A_buy,9.9295,4.0295,4469.1,4469.2,2.3317,17.7614,4473.64,4474.09,0.9116,0.6266,0.0000062500,0.0006000000,444.7,0.1
2026-09-04T11:58:09.476+00:00,A_sell_B_buy,-11.1819,-17.0819,4469.1,4469.2,18.2424,15.7614,4473.64,4474.1,0.7893,1.0036,0.0000062500,0.0006000000,0.1,1073.5
2026-09-04T11:58:09.476+00:00,B_sell_A_buy,9.9295,4.0295,4469.1,4469.2,18.2424,15.7614,4473.64,4474.1,0.7893,1.0036,0.0000062500,0.0006000000,0.1,1073.5
2026-09-04T11:58:11.620+00:00,A_sell_B_buy,-11.1818,-17.0818,4469.1,4469.2,18.2424,15.7614,4473.85,4474.1,0.4163,1.0036,0.0000062500,0.0006000000,0.1,1213.6
2026-09-04T11:58:11.620+00:00,B_sell_A_buy,10.3990,4.4990,4469.1,4469.2,18.2424,15.7614,4473.85,4474.1,0.4163,1.0036,0.0000062500,0.0006000000,0.1,1213.6
2026-09-04T11:58:13.356+00:00,A_sell_B_buy,-11.1818,-17.0818,4469.1,4469.2,2.3224,15.7614,4473.85,4474.1,0.4163,1.0003,0.0000062500,0.0006000000,717.2,0.1
2026-09-04T11:58:13.356+00:00,B_sell_A_buy,10.3990,4.4990,4469.1,4469.2,2.3224,15.7614,4473.85,4474.1,0.4163,1.0003,0.0000062500,0.0006000000,717.2,0.1
2026-09-04T11:58:17.294+00:00,A_sell_B_buy,-11.1818,-17.0818,4469.1,4469.2,2.3224,20.8917,4473.86,4474.1,0.1937,1.0003,0.0000062500,0.0006000000,459.7,0.1
2026-09-04T11:58:17.294+00:00,B_sell_A_buy,10.4214,4.5214,4469.1,4469.2,2.3224,20.8917,4473.86,4474.1,0.1937,1.0003,0.0000062500,0.0006000000,459.7,0.1
2026-09-04T11:58:18.470+00:00,A_sell_B_buy,-11.1819,-17.0819,4469.1,4469.2,13.2984,20.8917,4473.66,4474.1,0.4728,1.0003,0.0000062500,0.0006000000,430.6,0.1
2026-09-04T11:58:18.470+00:00,B_sell_A_buy,9.9742,4.0742,4469.1,4469.2,13.2984,20.8917,4473.66,4474.1,0.4728,1.0003,0.0000062500,0.0006000000,430.6,0.1
2026-09-04T11:58:20.009+00:00,A_sell_B_buy,-11.8077,-17.7077,4469.1,4469.2,2.5084,18.2288,4473.92,4474.38,3.2354,1.4541,0.0000062500,0.0006000000,617.0,0.1
2026-09-04T11:58:20.009+00:00,B_sell_A_buy,10.5554,4.6554,4469.1,4469.2,2.5084,18.2288,4473.92,4474.38,3.2354,1.4541,0.0000062500,0.0006000000,617.0,0.1
2026-09-04T11:58:22.871+00:00,A_sell_B_buy,-11.4501,-17.3501,4469.1,4469.2,2.5084,18.2288,4473.82,4474.22,0.0763,0.6266,0.0000062500,0.0006000000,331.4,0.1
2026-09-04T11:58:22.871+00:00,B_sell_A_buy,10.3319,4.4319,4469.1,4469.2,2.5084,18.2288,4473.82,4474.22,0.0763,0.6266,0.0000062500,0.0006000000,331.4,0.1
2026-09-04T11:58:23.893+00:00,A_sell_B_buy,-11.3607,-17.2607,4469.1,4469.2,2.5084,18.6017,4473.81,4474.18,0.1094,0.6266,0.0000062500,0.0006000000,367.7,0.1
2026-09-04T11:58:23.893+00:00,B_sell_A_buy,10.3096,4.4096,4469.1,4469.2,2.5084,18.6017,4473.81,4474.18,0.1094,0.6266,0.0000062500,0.0006000000,367.7,0.1
2026-09-04T11:58:25.269+00:00,A_sell_B_buy,-10.9583,-16.8583,4469.1,4469.2,2.3224,19.4967,4473.71,4474.0,0.1127,0.1747,0.0000062500,0.0006000000,854.4,0.1
2026-09-04T11:58:25.269+00:00,B_sell_A_buy,10.0861,4.1861,4469.1,4469.2,2.3224,19.4967,4473.71,4474.0,0.1127,0.1747,0.0000062500,0.0006000000,854.4,0.1
2026-09-04T11:58:26.907+00:00,A_sell_B_buy,-10.7795,-16.6795,4469.1,4469.2,0.2144,22.853,4473.56,4473.92,2.3458,3.2354,0.0000062500,0.0006000000,1187.5,0.1
2026-09-04T11:58:26.907+00:00,B_sell_A_buy,9.7508,3.8508,4469.1,4469.2,0.2144,22.853,4473.56,4473.92,2.3458,3.2354,0.0000062500,0.0006000000,1187.5,0.1
2026-09-04T11:58:27.959+00:00,A_sell_B_buy,-10.5559,-16.4559,4469.1,4469.2,0.2144,22.853,4473.55,4473.82,0.1614,0.0944,0.0000062500,0.0006000000,320.1,0.0
2026-09-04T11:58:27.959+00:00,B_sell_A_buy,9.7285,3.8285,4469.1,4469.2,0.2144,22.853,4473.55,4473.82,0.1614,0.0944,0.0000062500,0.0006000000,320.1,0.0
2026-09-04T11:58:29.009+00:00,A_sell_B_buy,-10.4889,-16.3889,4469.1,4469.2,0.2144,22.4801,4473.55,4473.79,0.1782,0.1611,0.0000062500,0.0006000000,0.1,240.2
2026-09-04T11:58:29.009+00:00,B_sell_A_buy,9.7285,3.8285,4469.1,4469.2,0.2144,22.4801,4473.55,4473.79,0.1782,0.1611,0.0000062500,0.0006000000,0.1,240.2
2026-09-04T11:58:30.018+00:00,A_sell_B_buy,-10.5112,-16.4112,4469.1,4469.2,0.2144,22.4801,4473.54,4473.8,2.4507,0.0222,0.0000062500,0.0006000000,683.8,0.0
2026-09-04T11:58:30.018+00:00,B_sell_A_buy,9.7061,3.8061,4469.1,4469.2,0.2144,22.4801,4473.54,4473.8,2.4507,0.0222,0.0000062500,0.0006000000,683.8,0.0
2026-09-04T11:58:31.021+00:00,A_sell_B_buy,-10.5112,-16.4112,4469.1,4469.2,0.2144,22.4801,4473.54,4473.8,0.2009,0.0057,0.0000062500,0.0006000000,1686.2,0.1
2026-09-04T11:58:31.021+00:00,B_sell_A_buy,9.7061,3.8061,4469.1,4469.2,0.2144,22.4801,4473.54,4473.8,0.2009,0.0057,0.0000062500,0.0006000000,1686.2,0.1
2026-09-04T11:58:36.032+00:00,A_sell_B_buy,-11.0478,-16.9478,4469.1,4469.2,0.2144,22.459,4473.59,4474.04,1.2323,0.639,0.0000062500,0.0006000000,0.1,552.0
2026-09-04T11:58:36.032+00:00,B_sell_A_buy,9.8178,3.9178,4469.1,4469.2,0.2144,22.459,4473.59,4474.04,1.2323,0.639,0.0000062500,0.0006000000,0.1,552.0
2026-09-04T11:58:37.405+00:00,A_sell_B_buy,-11.0478,-16.9478,4469.1,4469.2,0.2144,22.8319,4473.58,4474.04,2.4438,0.639,0.0000062500,0.0006000000,661.3,0.1
2026-09-04T11:58:37.405+00:00,B_sell_A_buy,9.7954,3.8954,4469.1,4469.2,0.2144,22.8319,4473.58,4474.04,2.4438,0.639,0.0000062500,0.0006000000,661.3,0.1
2026-09-04T11:58:38.422+00:00,A_sell_B_buy,-10.6901,-16.5901,4469.1,4469.2,0.2144,22.459,4473.54,4473.88,0.248,3.2354,0.0000062500,0.0006000000,521.0,0.1
2026-09-04T11:58:38.422+00:00,B_sell_A_buy,9.7061,3.8061,4469.1,4469.2,0.2144,22.459,4473.54,4473.88,0.248,3.2354,0.0000062500,0.0006000000,521.0,0.1
2026-09-04T11:58:39.541+00:00,A_sell_B_buy,-10.6901,-16.5901,4469.1,4469.2,0.2144,22.459,4473.53,4473.88,0.2152,5.2354,0.0000062500,0.0006000000,0.1,366.4
2026-09-04T11:58:39.541+00:00,B_sell_A_buy,9.6837,3.7837,4469.1,4469.2,0.2144,22.459,4473.53,4473.88,0.2152,5.2354,0.0000062500,0.0006000000,0.1,366.4
2026-09-04T11:58:40.915+00:00,A_sell_B_buy,-11.0031,-16.9031,4469.1,4469.2,0.2144,22.459,4473.54,4474.02,0.2126,0.6266,0.0000062500,0.0006000000,407.6,0.1
2026-09-04T11:58:40.915+00:00,B_sell_A_buy,9.7060,3.8060,4469.1,4469.2,0.2144,22.459,4473.54,4474.02,0.2126,0.6266,0.0000062500,0.0006000000,407.6,0.1
2026-09-04T11:58:41.925+00:00,A_sell_B_buy,-10.5337,-16.4337,4469.1,4469.2,0.2144,46.7845,4473.38,4473.81,1.3106,1.0036,0.0000062500,0.0006000000,81.0,0.1
2026-09-04T11:58:41.925+00:00,B_sell_A_buy,9.3484,3.4484,4469.1,4469.2,0.2144,46.7845,4473.38,4473.81,1.3106,1.0036,0.0000062500,0.0006000000,81.0,0.1
2026-09-04T11:58:42.932+00:00,A_sell_B_buy,-11.0040,-16.9040,4468.7,4468.8,10.79,8.2353,4473.22,4473.62,3.2354,3.2354,0.0000062500,0.0006000000,168.2,0.1
2026-09-04T11:58:42.932+00:00,B_sell_A_buy,9.8857,3.9857,4468.7,4468.8,10.79,8.2353,4473.22,4473.62,3.2354,3.2354,0.0000062500,0.0006000000,168.2,0.1
2026-09-04T11:58:43.946+00:00,A_sell_B_buy,-11.0493,-16.9493,4468.5,4468.6,0.895,11.4142,4472.96,4473.44,0.3029,0.1563,0.0000062500,0.0006000000,112.2,0.0
2026-09-04T11:58:43.946+00:00,B_sell_A_buy,9.7520,3.8520,4468.5,4468.6,0.895,11.4142,4472.96,4473.44,0.3029,0.1563,0.0000062500,0.0006000000,112.2,0.0
2026-09-04T11:58:45.059+00:00,A_sell_B_buy,-11.2062,-17.1062,4468.3,4468.4,2.6345,13.0899,4472.91,4473.31,0.2692,0.0961,0.0000062500,0.0006000000,0.1,113.4
2026-09-04T11:58:45.059+00:00,B_sell_A_buy,10.0878,4.1878,4468.3,4468.4,2.6345,13.0899,4472.91,4473.31,0.2692,0.0961,0.0000062500,0.0006000000,0.1,113.4
2026-09-04T11:58:46.836+00:00,A_sell_B_buy,-11.4298,-17.3298,4468.3,4468.4,2.8582,16.8659,4472.92,4473.41,1.2834,0.6266,0.0000062500,0.0006000000,0.1,1121.5
2026-09-04T11:58:46.836+00:00,B_sell_A_buy,10.1101,4.2101,4468.3,4468.4,2.8582,16.8659,4472.92,4473.41,1.2834,0.6266,0.0000062500,0.0006000000,0.1,1121.5
2026-09-04T11:58:48.559+00:00,A_sell_B_buy,-11.4298,-17.3298,4468.3,4468.4,2.8582,16.8659,4472.9,4473.41,0.2788,0.6266,0.0000062500,0.0006000000,1722.7,0.1
2026-09-04T11:58:48.559+00:00,B_sell_A_buy,10.0654,4.1654,4468.3,4468.4,2.8582,16.8659,4472.9,4473.41,0.2788,0.6266,0.0000062500,0.0006000000,1722.7,0.1
2026-09-04T11:58:52.271+00:00,A_sell_B_buy,-11.3404,-17.2404,4468.3,4468.4,2.8582,14.8659,4472.91,4473.37,1.2477,0.639,0.0000062500,0.0006000000,0.1,440.2
2026-09-04T11:58:52.271+00:00,B_sell_A_buy,10.0878,4.1878,4468.3,4468.4,2.8582,14.8659,4472.91,4473.37,1.2477,0.639,0.0000062500,0.0006000000,0.1,440.2
2026-09-04T11:58:53.402+00:00,A_sell_B_buy,-11.3628,-17.2628,4468.3,4468.4,2.8582,16.3659,4472.91,4473.38,1.2477,0.6266,0.0000062500,0.0006000000,199.2,0.1
2026-09-04T11:58:53.402+00:00,B_sell_A_buy,10.0878,4.1878,4468.3,4468.4,2.8582,16.3659,4472.91,4473.38,1.2477,0.6266,0.0000062500,0.0006000000,199.2,0.1
2026-09-04T11:58:54.673+00:00,A_sell_B_buy,-10.9155,-16.8155,4468.3,4468.4,2.8582,16.7388,4472.92,4473.18,2.1043,0.1347,0.0000062500,0.0006000000,0.1,287.1
2026-09-04T11:58:54.673+00:00,B_sell_A_buy,10.1103,4.2103,4468.3,4468.4,2.8582,16.7388,4472.92,4473.18,2.1043,0.1347,0.0000062500,0.0006000000,0.1,287.1
2026-09-04T11:58:55.774+00:00,A_sell_B_buy,-11.3404,-17.2404,4468.3,4468.4,2.8582,16.7388,4472.92,4473.37,0.169,0.2274,0.0000062500,0.0006000000,1100.7,0.1
2026-09-04T11:58:55.774+00:00,B_sell_A_buy,10.1102,4.2102,4468.3,4468.4,2.8582,16.7388,4472.92,4473.37,0.169,0.2274,0.0000062500,0.0006000000,1100.7,0.1
2026-09-04T11:58:56.818+00:00,A_sell_B_buy,-10.2449,-16.1449,4468.3,4468.4,1.0679,20.093,4472.53,4472.88,0.3165,0.0213,0.0000062500,0.0006000000,609.6,0.1
2026-09-04T11:58:56.818+00:00,B_sell_A_buy,9.2383,3.3383,4468.3,4468.4,1.0679,20.093,4472.53,4472.88,0.3165,0.0213,0.0000062500,0.0006000000,609.6,0.1
2026-09-04T11:58:57.841+00:00,A_sell_B_buy,-9.6636,-15.5636,4468.3,4468.4,0.521,47.6901,4472.26,4472.62,0.3194,0.2634,0.0000062500,0.0006000000,211.4,0.1
2026-09-04T11:58:57.841+00:00,B_sell_A_buy,8.6346,2.7346,4468.3,4468.4,0.521,47.6901,4472.26,4472.62,0.3194,0.2634,0.0000062500,0.0006000000,211.4,0.1
2026-09-04T11:58:59.167+00:00,A_sell_B_buy,-9.9990,-15.8990,4468.3,4468.4,0.521,47.6901,4472.34,4472.77,2.3747,0.6262,0.0000062500,0.0006000000,1537.9,0.1
2026-09-04T11:58:59.167+00:00,B_sell_A_buy,8.8134,2.9134,4468.3,4468.4,0.521,47.6901,4472.34,4472.77,2.3747,0.6262,0.0000062500,0.0006000000,1537.9,0.1
2026-09-04T11:59:01.497+00:00,A_sell_B_buy,-8.1654,-14.0654,4468.3,4468.4,0.521,98.9278,4471.61,4471.95,1.2228,1.0036,0.0000062500,0.0006000000,0.0,112.1
2026-09-04T11:59:01.497+00:00,B_sell_A_buy,7.1811,1.2811,4468.3,4468.4,0.521,98.9278,4471.61,4471.95,1.2228,1.0036,0.0000062500,0.0006000000,0.0,112.1
2026-09-04T11:59:02.508+00:00,A_sell_B_buy,-9.7324,-15.6324,4467.5,4467.6,0.2,51.421,4471.47,4471.85,3.2354,1.0036,0.0000062500,0.0006000000,0.1,114.0
2026-09-04T11:59:02.508+00:00,B_sell_A_buy,8.6585,2.7585,4467.5,4467.6,0.2,51.421,4471.47,4471.85,3.2354,1.0036,0.0000062500,0.0006000000,0.1,114.0
2026-09-04T11:59:03.642+00:00,A_sell_B_buy,-9.0838,-14.9838,4467.5,4467.6,0.2,64.9585,4471.29,4471.56,0.3448,1.0036,0.0000062500,0.0006000000,186.8,0.1
2026-09-04T11:59:03.642+00:00,B_sell_A_buy,8.2560,2.3560,4467.5,4467.6,0.2,64.9585,4471.29,4471.56,0.3448,1.0036,0.0000062500,0.0006000000,186.8,0.1
2026-09-04T11:59:05.064+00:00,A_sell_B_buy,-9.3745,-15.2745,4467.5,4467.6,0.2,64.9585,4471.43,4471.69,1.2206,0.4138,0.0000062500,0.0006000000,1608.0,0.1
2026-09-04T11:59:05.064+00:00,B_sell_A_buy,8.5691,2.6691,4467.5,4467.6,0.2,64.9585,4471.43,4471.69,1.2206,0.4138,0.0000062500,0.0006000000,1608.0,0.1
2026-09-04T11:59:06.187+00:00,A_sell_B_buy,-8.8825,-14.7825,4467.5,4467.6,0.2,64.941,4471.3,4471.47,0.3527,0.217,0.0000062500,0.0006000000,127.8,0.1
2026-09-04T11:59:06.187+00:00,B_sell_A_buy,8.2784,2.3784,4467.5,4467.6,0.2,64.941,4471.3,4471.47,0.3527,0.217,0.0000062500,0.0006000000,127.8,0.1
2026-09-04T11:59:07.213+00:00,A_sell_B_buy,-8.7483,-14.6483,4467.5,4467.6,0.2,67.8231,4471.15,4471.41,2.1534,0.0334,0.0000062500,0.0006000000,132.4,0.0
2026-09-04T11:59:07.213+00:00,B_sell_A_buy,7.9429,2.0429,4467.5,4467.6,0.2,67.8231,4471.15,4471.41,2.1534,0.0334,0.0000062500,0.0006000000,132.4,0.0
2026-09-04T11:59:10.085+00:00,A_sell_B_buy,-8.9720,-14.8720,4467.5,4467.6,0.2,68.6541,4471.15,4471.51,2.1534,0.0525,0.0000062500,0.0006000000,1894.3,0.1
2026-09-04T11:59:10.085+00:00,B_sell_A_buy,7.9428,2.0428,4467.5,4467.6,0.2,68.6541,4471.15,4471.51,2.1534,0.0525,0.0000062500,0.0006000000,1894.3,0.1
2026-09-04T11:59:11.123+00:00,A_sell_B_buy,-10.5618,-16.4618,4466.7,4466.8,10.2876,44.3395,4470.87,4471.42,0.3446,0.3416,0.0000062500,0.0006000000,0.0,41.8
2026-09-04T11:59:11.123+00:00,B_sell_A_buy,9.1073,3.2073,4466.7,4466.8,10.2876,44.3395,4470.87,4471.42,0.3446,0.3416,0.0000062500,0.0006000000,0.0,41.8
2026-09-04T11:59:12.157+00:00,A_sell_B_buy,-9.8462,-15.7462,4466.6,4466.7,0.2238,12.1788,4470.69,4471.0,0.3772,0.2708,0.0000062500,0.0006000000,0.0,157.2
2026-09-04T11:59:12.157+00:00,B_sell_A_buy,8.9287,3.0287,4466.6,4466.7,0.2238,12.1788,4470.69,4471.0,0.3772,0.2708,0.0000062500,0.0006000000,0.0,157.2
2026-09-04T11:59:13.253+00:00,A_sell_B_buy,-10.2939,-16.1939,4466.4,4466.5,0.2238,13.009,4470.7,4471.0,0.376,0.2708,0.0000062500,0.0006000000,0.1,217.4
2026-09-04T11:59:13.253+00:00,B_sell_A_buy,9.3988,3.4988,4466.4,4466.5,0.2238,13.009,4470.7,4471.0,0.376,0.2708,0.0000062500,0.0006000000,0.1,217.4
2026-09-04T11:59:14.551+00:00,A_sell_B_buy,-9.9360,-15.8360,4466.4,4466.5,0.2238,23.7975,4470.64,4470.84,0.3545,0.1181,0.0000062500,0.0006000000,0.1,416.2
2026-09-04T11:59:14.551+00:00,B_sell_A_buy,9.2647,3.3647,4466.4,4466.5,0.2238,23.7975,4470.64,4470.84,0.3545,0.1181,0.0000062500,0.0006000000,0.1,416.2
2026-09-04T11:59:15.573+00:00,A_sell_B_buy,-10.6521,-16.5521,4466.3,4466.4,0.3699,11.0321,4470.6,4471.06,0.1497,0.2404,0.0000062500,0.0006000000,0.1,450.2
2026-09-04T11:59:15.573+00:00,B_sell_A_buy,9.3989,3.4989,4466.3,4466.4,0.3699,11.0321,4470.6,4471.06,0.1497,0.2404,0.0000062500,0.0006000000,0.1,450.2
2026-09-04T11:59:16.668+00:00,A_sell_B_buy,-10.6521,-16.5521,4466.3,4466.4,10.6599,22.3516,4470.57,4471.06,0.1858,0.2404,0.0000062500,0.0006000000,628.1,0.1
2026-09-04T11:59:16.668+00:00,B_sell_A_buy,9.3318,3.4318,4466.3,4466.4,10.6599,22.3516,4470.57,4471.06,0.1858,0.2404,0.0000062500,0.0006000000,628.1,0.1
2026-09-04T11:59:17.709+00:00,A_sell_B_buy,-9.9586,-15.8586,4466.3,4466.4,10.6599,22.3516,4470.55,4470.75,3.2354,0.1475,0.0000062500,0.0006000000,1669.5,0.1
2026-09-04T11:59:17.709+00:00,B_sell_A_buy,9.2872,3.3872,4466.3,4466.4,10.6599,22.3516,4470.55,4470.75,3.2354,0.1475,0.0000062500,0.0006000000,1669.5,0.1
2026-09-04T11:59:18.829+00:00,A_sell_B_buy,-10.2047,-16.1047,4466.3,4466.4,10.6599,25.5774,4470.59,4470.86,0.3437,0.3108,0.0000062500,0.0006000000,435.2,0.1
2026-09-04T11:59:18.829+00:00,B_sell_A_buy,9.3767,3.4767,4466.3,4466.4,10.6599,25.5774,4470.59,4470.86,0.3437,0.3108,0.0000062500,0.0006000000,435.2,0.1
2026-09-04T11:59:19.847+00:00,A_sell_B_buy,-10.2047,-16.1047,4466.3,4466.4,10.29,25.6274,4470.55,4470.86,3.5811,0.3108,0.0000062500,0.0006000000,462.2,0.1
2026-09-04T11:59:19.847+00:00,B_sell_A_buy,9.2872,3.3872,4466.3,4466.4,10.29,25.6274,4470.55,4470.86,3.5811,0.3108,0.0000062500,0.0006000000,462.2,0.1
2026-09-04T11:59:20.898+00:00,A_sell_B_buy,-10.2047,-16.1047,4466.3,4466.4,1.3396,25.6274,4470.55,4470.86,3.2354,0.3108,0.0000062500,0.0006000000,72.8,0.1
2026-09-04T11:59:20.898+00:00,B_sell_A_buy,9.2872,3.3872,4466.3,4466.4,1.3396,25.6274,4470.55,4470.86,3.2354,0.3108,0.0000062500,0.0006000000,72.8,0.1
2026-09-04T11:59:21.929+00:00,A_sell_B_buy,-10.1154,-16.0154,4466.2,4466.3,0.2239,10.8322,4470.49,4470.72,0.3721,0.0985,0.0000062500,0.0006000000,278.4,0.1
2026-09-04T11:59:21.929+00:00,B_sell_A_buy,9.3769,3.4769,4466.2,4466.3,0.2239,10.8322,4470.49,4470.72,0.3721,0.0985,0.0000062500,0.0006000000,278.4,0.1
2026-09-04T11:59:23.042+00:00,A_sell_B_buy,-10.4292,-16.3292,4466.0,4466.1,0.005,1.2652,4470.2,4470.66,1.281,0.8918,0.0000062500,0.0006000000,0.0,165.7
2026-09-04T11:59:23.042+00:00,B_sell_A_buy,9.1759,3.2759,4466.0,4466.1,0.005,1.2652,4470.2,4470.66,1.281,0.8918,0.0000062500,0.0006000000,0.0,165.7
2026-09-04T11:59:24.082+00:00,A_sell_B_buy,-10.8543,-16.7543,4465.9,4466.0,0.0948,43.0718,4470.49,4470.75,0.501,0.4149,0.0000062500,0.0006000000,63.3,0.1
2026-09-04T11:59:24.082+00:00,B_sell_A_buy,10.0486,4.1486,4465.9,4466.0,0.0948,43.0718,4470.49,4470.75,0.501,0.4149,0.0000062500,0.0006000000,63.3,0.1
2026-09-04T11:59:25.083+00:00,A_sell_B_buy,-11.4342,-17.3342,4466.6,4466.7,3.8979,3.3541,4471.16,4471.71,0.709,2.6263,0.0000062500,0.0006000000,35.1,0.0
2026-09-04T11:59:25.083+00:00,B_sell_A_buy,9.9798,4.0798,4466.6,4466.7,3.8979,3.3541,4471.16,4471.71,0.709,2.6263,0.0000062500,0.0006000000,35.1,0.0
2026-09-04T11:59:26.122+00:00,A_sell_B_buy,-11.5907,-17.4907,4466.6,4466.7,2.9263,15.3845,4471.3,4471.78,0.4344,1.0036,0.0000062500,0.0006000000,75.8,0.1
2026-09-04T11:59:26.122+00:00,B_sell_A_buy,10.2929,4.3929,4466.6,4466.7,2.9263,15.3845,4471.3,4471.78,0.4344,1.0036,0.0000062500,0.0006000000,75.8,0.1
2026-09-04T11:59:27.147+00:00,A_sell_B_buy,-11.8144,-17.7144,4466.6,4466.7,10.0028,14.4895,4471.33,4471.88,0.5332,0.7153,0.0000062500,0.0006000000,0.1,133.0
2026-09-04T11:59:27.147+00:00,B_sell_A_buy,10.3600,4.4600,4466.6,4466.7,10.0028,14.4895,4471.33,4471.88,0.5332,0.7153,0.0000062500,0.0006000000,0.1,133.0
2026-09-04T11:59:28.403+00:00,A_sell_B_buy,-11.4788,-17.3788,4466.6,4466.7,11.6064,14.4895,4471.47,4471.73,0.4933,0.3092,0.0000062500,0.0006000000,325.8,0.1
2026-09-04T11:59:28.403+00:00,B_sell_A_buy,10.6732,4.7732,4466.6,4466.7,11.6064,14.4895,4471.47,4471.73,0.4933,0.3092,0.0000062500,0.0006000000,325.8,0.1
2026-09-04T11:59:29.624+00:00,A_sell_B_buy,-11.9932,-17.8932,4466.6,4466.7,12.0341,14.4895,4471.55,4471.96,3.2354,1.0036,0.0000062500,0.0006000000,525.9,0.1
2026-09-04T11:59:29.624+00:00,B_sell_A_buy,10.8520,4.9520,4466.6,4466.7,12.0341,14.4895,4471.55,4471.96,3.2354,1.0036,0.0000062500,0.0006000000,525.9,0.1
2026-09-04T11:59:30.808+00:00,A_sell_B_buy,-11.5906,-17.4906,4466.6,4466.7,12.0341,14.4895,4471.55,4471.78,3.2354,0.3259,0.0000062500,0.0006000000,1710.2,0.1
2026-09-04T11:59:30.808+00:00,B_sell_A_buy,10.8522,4.9522,4466.6,4466.7,12.0341,14.4895,4471.55,4471.78,3.2354,0.3259,0.0000062500,0.0006000000,1710.2,0.1
2026-09-04T11:59:31.844+00:00,A_sell_B_buy,-11.1433,-17.0433,4466.6,4466.7,4.2663,16.429,4471.31,4471.58,0.673,0.1083,0.0000062500,0.0006000000,120.4,0.1
2026-09-04T11:59:31.844+00:00,B_sell_A_buy,10.3154,4.4154,4466.6,4466.7,4.2663,16.429,4471.31,4471.58,0.673,0.1083,0.0000062500,0.0006000000,120.4,0.1
2026-09-04T11:59:32.978+00:00,A_sell_B_buy,-11.1434,-17.0434,4466.6,4466.7,4.2663,16.429,4471.17,4471.58,0.3719,0.1083,0.0000062500,0.0006000000,1254.5,0.1
2026-09-04T11:59:32.978+00:00,B_sell_A_buy,10.0022,4.1022,4466.6,4466.7,4.2663,16.429,4471.17,4471.58,0.3719,0.1083,0.0000062500,0.0006000000,1254.5,0.1
2026-09-04T11:59:34.017+00:00,A_sell_B_buy,-11.2553,-17.1553,4466.6,4466.7,2.5768,21.0552,4471.13,4471.63,1.2105,2.0,0.0000062500,0.0006000000,441.4,0.0
2026-09-04T11:59:34.017+00:00,B_sell_A_buy,9.9127,4.0127,4466.6,4466.7,2.5768,21.0552,4471.13,4471.63,1.2105,2.0,0.0000062500,0.0006000000,441.4,0.0
2026-09-04T11:59:35.562+00:00,A_sell_B_buy,-11.1209,-17.0209,4466.6,4466.7,2.5768,17.0633,4471.31,4471.57,0.4583,1.118,0.0000062500,0.0006000000,743.5,0.1
2026-09-04T11:59:35.562+00:00,B_sell_A_buy,10.3154,4.4154,4466.6,4466.7,2.5768,17.0633,4471.31,4471.57,0.4583,1.118,0.0000062500,0.0006000000,743.5,0.1
2026-09-04T11:59:36.613+00:00,A_sell_B_buy,-11.1210,-17.0210,4466.6,4466.7,2.5768,17.415,4471.25,4471.57,0.7328,1.118,0.0000062500,0.0006000000,561.6,0.1
2026-09-04T11:59:36.613+00:00,B_sell_A_buy,10.1812,4.2812,4466.6,4466.7,2.5768,17.415,4471.25,4471.57,0.7328,1.118,0.0000062500,0.0006000000,561.6,0.1
2026-09-04T11:59:39.863+00:00,A_sell_B_buy,-11.8366,-17.7366,4466.6,4466.7,23.1567,14.3559,4471.63,4471.89,0.2081,1.2255,0.0000062500,0.0006000000,0.0,174.7
2026-09-04T11:59:39.863+00:00,B_sell_A_buy,11.0310,5.1310,4466.6,4466.7,23.1567,14.3559,4471.63,4471.89,0.2081,1.2255,0.0000062500,0.0006000000,0.0,174.7
2026-09-04T11:59:41.256+00:00,A_sell_B_buy,-12.1273,-18.0273,4466.6,4466.7,8.5767,14.2074,4471.63,4472.02,0.2081,3.2354,0.0000062500,0.0006000000,0.1,916.0
2026-09-04T11:59:41.256+00:00,B_sell_A_buy,11.0310,5.1310,4466.6,4466.7,8.5767,14.2074,4471.63,4472.02,0.2081,3.2354,0.0000062500,0.0006000000,0.1,916.0
2026-09-04T11:59:42.280+00:00,A_sell_B_buy,-12.1272,-18.0272,4466.6,4466.7,8.8006,14.2074,4471.82,4472.02,0.2526,3.2354,0.0000062500,0.0006000000,0.1,283.0
2026-09-04T11:59:42.280+00:00,B_sell_A_buy,11.4560,5.5560,4466.6,4466.7,8.8006,14.2074,4471.82,4472.02,0.2526,3.2354,0.0000062500,0.0006000000,0.1,283.0
2026-09-04T11:59:43.422+00:00,A_sell_B_buy,-12.1274,-18.0274,4466.6,4466.7,34.4105,14.2288,4471.56,4472.02,0.5037,3.2354,0.0000062500,0.0006000000,0.1,540.3
2026-09-04T11:59:43.422+00:00,B_sell_A_buy,10.8744,4.9744,4466.6,4466.7,34.4105,14.2288,4471.56,4472.02,0.5037,3.2354,0.0000062500,0.0006000000,0.1,540.3
2026-09-04T11:59:44.426+00:00,A_sell_B_buy,-12.1272,-18.0272,4466.6,4466.7,34.4105,14.2288,4471.8,4472.02,0.3195,3.2354,0.0000062500,0.0006000000,1003.6,0.1
2026-09-04T11:59:44.426+00:00,B_sell_A_buy,11.4112,5.5112,4466.6,4466.7,34.4105,14.2288,4471.8,4472.02,0.3195,3.2354,0.0000062500,0.0006000000,1003.6,0.1
2026-09-04T11:59:45.873+00:00,A_sell_B_buy,-12.1272,-18.0272,4466.6,4466.7,34.7836,12.2288,4471.8,4472.02,0.3195,3.2354,0.0000062500,0.0006000000,0.0,1448.0
2026-09-04T11:59:45.873+00:00,B_sell_A_buy,11.4112,5.5112,4466.6,4466.7,34.7836,12.2288,4471.8,4472.02,0.3195,3.2354,0.0000062500,0.0006000000,0.0,1448.0
2026-09-04T11:59:47.154+00:00,A_sell_B_buy,-12.0825,-17.9825,4466.6,4466.7,34.7836,12.2288,4471.8,4472.0,0.3195,1.0036,0.0000062500,0.0006000000,1280.6,0.1
2026-09-04T11:59:47.154+00:00,B_sell_A_buy,11.4112,5.5112,4466.6,4466.7,34.7836,12.2288,4471.8,4472.0,0.3195,1.0036,0.0000062500,0.0006000000,1280.6,0.1
2026-09-04T11:59:48.380+00:00,A_sell_B_buy,-12.0827,-17.9827,4466.6,4466.7,34.1866,14.2288,4471.55,4472.0,3.2354,1.0036,0.0000062500,0.0006000000,537.5,0.1
2026-09-04T11:59:48.380+00:00,B_sell_A_buy,10.8520,4.9520,4466.6,4466.7,34.1866,14.2288,4471.55,4472.0,3.2354,1.0036,0.0000062500,0.0006000000,537.5,0.1
2026-09-04T11:59:49.455+00:00,A_sell_B_buy,-12.0827,-17.9827,4466.6,4466.7,34.1866,14.2288,4471.55,4472.0,3.2354,1.0036,0.0000062500,0.0006000000,1612.9,0.1
2026-09-04T11:59:49.455+00:00,B_sell_A_buy,10.8520,4.9520,4466.6,4466.7,34.1866,14.2288,4471.55,4472.0,3.2354,1.0036,0.0000062500,0.0006000000,1612.9,0.1
2026-09-04T11:59:50.983+00:00,A_sell_B_buy,-11.7247,-17.6247,4466.6,4466.7,34.1866,14.2288,4471.58,4471.84,0.4894,0.5822,0.0000062500,0.0006000000,763.0,0.1
2026-09-04T11:59:50.983+00:00,B_sell_A_buy,10.9192,5.0192,4466.6,4466.7,34.1866,14.2288,4471.58,4471.84,0.4894,0.5822,0.0000062500,0.0006000000,763.0,0.1
2026-09-04T11:59:52.112+00:00,A_sell_B_buy,-12.1050,-18.0050,4466.6,4466.7,30.965,14.2288,4471.58,4472.01,0.5738,1.2543,0.0000062500,0.0006000000,842.1,0.1
2026-09-04T11:59:52.112+00:00,B_sell_A_buy,10.9191,5.0191,4466.6,4466.7,30.965,14.2288,4471.58,4472.01,0.5738,1.2543,0.0000062500,0.0006000000,842.1,0.1
2026-09-04T11:59:53.515+00:00,A_sell_B_buy,-11.8366,-17.7366,4466.6,4466.7,31.1889,14.2288,4471.58,4471.89,0.5738,1.0698,0.0000062500,0.0006000000,1172.5,0.1
2026-09-04T11:59:53.515+00:00,B_sell_A_buy,10.9192,5.0192,4466.6,4466.7,31.1889,14.2288,4471.58,4471.89,0.5738,1.0698,0.0000062500,0.0006000000,1172.5,0.1
2026-09-04T11:59:55.487+00:00,A_sell_B_buy,-12.5299,-18.4299,4466.6,4466.7,30.965,14.2288,4471.77,4472.2,0.1776,0.1898,0.0000062500,0.0006000000,0.0,0.1
2026-09-04T11:59:55.487+00:00,B_sell_A_buy,11.3440,5.4440,4466.6,4466.7,30.965,14.2288,4471.77,4472.2,0.1776,0.1898,0.0000062500,0.0006000000,0.0,0.1
2026-09-04T11:59:56.557+00:00,A_sell_B_buy,-12.5077,-18.4077,4466.6,4466.7,34.6344,14.2288,4471.56,4472.19,0.5564,3.0478,0.0000062500,0.0006000000,0.1,476.0
2026-09-04T11:59:56.557+00:00,B_sell_A_buy,10.8743,4.9743,4466.6,4466.7,34.6344,14.2288,4471.56,4472.19,0.5564,3.0478,0.0000062500,0.0006000000,0.1,476.0
2026-09-04T11:59:57.864+00:00,A_sell_B_buy,-12.0379,-17.9379,4466.6,4466.7,34.4105,14.2288,4471.56,4471.98,0.5653,0.7093,0.0000062500,0.0006000000,1248.8,0.1
2026-09-04T11:59:57.864+00:00,B_sell_A_buy,10.8744,4.9744,4466.6,4466.7,34.4105,14.2288,4471.56,4471.98,0.5653,0.7093,0.0000062500,0.0006000000,1248.8,0.1
2026-09-04T11:59:58.944+00:00,A_sell_B_buy,-12.0378,-17.9378,4466.6,4466.7,34.4105,13.7824,4471.71,4471.98,0.5018,0.7093,0.0000062500,0.0006000000,684.5,0.1
2026-09-04T11:59:58.944+00:00,B_sell_A_buy,11.2099,5.3099,4466.6,4466.7,34.4105,13.7824,4471.71,4471.98,0.5018,0.7093,0.0000062500,0.0006000000,684.5,0.1
2026-09-04T12:00:00.024+00:00,A_sell_B_buy,-13.0218,-18.9218,4466.6,4466.7,34.1866,11.7824,4471.95,4472.42,0.3178,2.3632,0.0000062500,0.0006000000,364.4,0.1
2026-09-04T12:00:00.024+00:00,B_sell_A_buy,11.7465,5.8465,4466.6,4466.7,34.1866,11.7824,4471.95,4472.42,0.3178,2.3632,0.0000062500,0.0006000000,364.4,0.1
2026-09-04T12:00:01.031+00:00,A_sell_B_buy,-13.2005,-19.1005,4466.6,4466.7,34.7836,9.2824,4472.28,4472.5,1.4496,0.6193,0.0000062500,0.0006000000,111.7,0.1
2026-09-04T12:00:01.031+00:00,B_sell_A_buy,12.4846,6.5846,4466.6,4466.7,34.7836,9.2824,4472.28,4472.5,1.4496,0.6193,0.0000062500,0.0006000000,111.7,0.1
2026-09-04T12:00:02.138+00:00,A_sell_B_buy,-13.5135,-19.4135,4466.6,4466.7,96.8274,5.2964,4472.52,4472.64,2.0601,0.6856,0.0000062500,0.0006000000,0.1,145.5
2026-09-04T12:00:02.138+00:00,B_sell_A_buy,13.0213,7.1213,4466.6,4466.7,96.8274,5.2964,4472.52,4472.64,2.0601,0.6856,0.0000062500,0.0006000000,0.1,145.5
2026-09-04T12:00:03.459+00:00,A_sell_B_buy,-14.2515,-20.1515,4466.6,4466.7,99.4014,5.2964,4472.52,4472.97,2.0601,0.6879,0.0000062500,0.0006000000,468.6,0.1
2026-09-04T12:00:03.459+00:00,B_sell_A_buy,13.0210,7.1210,4466.6,4466.7,99.4014,5.2964,4472.52,4472.97,2.0601,0.6879,0.0000062500,0.0006000000,468.6,0.1
2026-09-04T12:00:04.538+00:00,A_sell_B_buy,-14.1620,-20.0620,4466.6,4466.7,99.1775,6.6973,4472.65,4472.93,0.2846,3.2354,0.0000062500,0.0006000000,113.8,0.1
2026-09-04T12:00:04.538+00:00,B_sell_A_buy,13.3118,7.4118,4466.6,4466.7,99.1775,6.6973,4472.65,4472.93,0.2846,3.2354,0.0000062500,0.0006000000,113.8,0.1
2026-09-04T12:00:05.580+00:00,A_sell_B_buy,-12.2146,-18.1146,4467.4,4467.5,8.3652,5.2851,4472.55,4472.86,3.2354,1.2723,0.0000062500,0.0006000000,0.1,288.7
2026-09-04T12:00:05.580+00:00,B_sell_A_buy,11.2973,5.3973,4467.4,4467.5,8.3652,5.2851,4472.55,4472.86,3.2354,1.2723,0.0000062500,0.0006000000,0.1,288.7
2026-09-04T12:00:06.608+00:00,A_sell_B_buy,-12.1698,-18.0698,4467.4,4467.5,38.8548,13.9665,4472.55,4472.84,3.2354,0.6324,0.0000062500,0.0006000000,567.0,0.1
2026-09-04T12:00:06.608+00:00,B_sell_A_buy,11.2974,5.3974,4467.4,4467.5,38.8548,13.9665,4472.55,4472.84,3.2354,0.6324,0.0000062500,0.0006000000,567.0,0.1
2026-09-04T12:00:07.661+00:00,A_sell_B_buy,-12.4605,-18.3605,4467.4,4467.5,38.4117,15.7572,4472.68,4472.97,1.3168,2.6879,0.0000062500,0.0006000000,1052.0,0.1
2026-09-04T12:00:07.661+00:00,B_sell_A_buy,11.5880,5.6880,4467.4,4467.5,38.4117,15.7572,4472.68,4472.97,1.3168,2.6879,0.0000062500,0.0006000000,1052.0,0.1
2026-09-04T12:00:08.733+00:00,A_sell_B_buy,-12.7287,-18.6287,4467.4,4467.5,40.4163,9.9665,4472.89,4473.09,1.3108,0.6879,0.0000062500,0.0006000000,0.1,225.7
2026-09-04T12:00:08.733+00:00,B_sell_A_buy,12.0576,6.1576,4467.4,4467.5,40.4163,9.9665,4472.89,4473.09,1.3108,0.6879,0.0000062500,0.0006000000,0.1,225.7
2026-09-04T12:00:09.787+00:00,A_sell_B_buy,-12.7286,-18.6286,4467.4,4467.5,46.7287,6.8973,4473.05,4473.09,0.8269,0.6879,0.0000062500,0.0006000000,0.1,192.6
2026-09-04T12:00:09.787+00:00,B_sell_A_buy,12.4154,6.5154,4467.4,4467.5,46.7287,6.8973,4473.05,4473.09,0.8269,0.6879,0.0000062500,0.0006000000,0.1,192.6
2026-09-04T12:00:10.939+00:00,A_sell_B_buy,-13.3547,-19.2547,4467.4,4467.5,48.9445,6.8973,4473.05,4473.37,0.6593,0.6879,0.0000062500,0.0006000000,639.6,0.1
2026-09-04T12:00:10.939+00:00,B_sell_A_buy,12.4152,6.5152,4467.4,4467.5,48.9445,6.8973,4473.05,4473.37,0.6593,0.6879,0.0000062500,0.0006000000,639.6,0.1
2026-09-04T12:00:12.832+00:00,A_sell_B_buy,-13.3546,-19.2546,4467.4,4467.5,95.9512,6.8973,4473.2,4473.37,0.7602,0.6879,0.0000062500,0.0006000000,0.0,47.9
2026-09-04T12:00:12.832+00:00,B_sell_A_buy,12.7506,6.8506,4467.4,4467.5,95.9512,6.8973,4473.2,4473.37,0.7602,0.6879,0.0000062500,0.0006000000,0.0,47.9
2026-09-04T12:00:14.066+00:00,A_sell_B_buy,-13.8466,-19.7466,4467.4,4467.5,98.1896,5.2964,4473.12,4473.59,0.1508,1.2842,0.0000062500,0.0006000000,0.1,307.1
2026-09-04T12:00:14.066+00:00,B_sell_A_buy,12.5716,6.6716,4467.4,4467.5,98.1896,5.2964,4473.12,4473.59,0.1508,1.2842,0.0000062500,0.0006000000,0.1,307.1
2026-09-04T12:00:15.203+00:00,A_sell_B_buy,-12.5035,-18.4035,4468.0,4468.1,44.2868,2.4464,4473.32,4473.59,0.7379,1.189,0.0000062500,0.0006000000,0.0,200.2
2026-09-04T12:00:15.203+00:00,B_sell_A_buy,11.6759,5.7759,4468.0,4468.1,44.2868,2.4464,4473.32,4473.59,0.7379,1.189,0.0000062500,0.0006000000,0.0,200.2
2026-09-04T12:00:16.309+00:00,A_sell_B_buy,-12.4141,-18.3141,4468.0,4468.1,43.9138,11.1437,4473.21,4473.55,0.2015,1.289,0.0000062500,0.0006000000,515.8,0.1
2026-09-04T12:00:16.309+00:00,B_sell_A_buy,11.4299,5.5299,4468.0,4468.1,43.9138,11.1437,4473.21,4473.55,0.2015,1.289,0.0000062500,0.0006000000,515.8,0.1
2026-09-04T12:00:17.367+00:00,A_sell_B_buy,-12.5259,-18.4259,4468.0,4468.1,42.9468,7.1437,4473.27,4473.6,0.1726,2.6878,0.0000062500,0.0006000000,557.1,0.0
2026-09-04T12:00:17.367+00:00,B_sell_A_buy,11.5641,5.6641,4468.0,4468.1,42.9468,7.1437,4473.27,4473.6,0.1726,2.6878,0.0000062500,0.0006000000,557.1,0.0
2026-09-04T12:00:18.374+00:00,A_sell_B_buy,-12.9282,-18.8282,4468.0,4468.1,42.2919,8.9341,4473.49,4473.78,0.8111,0.6878,0.0000062500,0.0006000000,63.0,0.1
2026-09-04T12:00:18.374+00:00,B_sell_A_buy,12.0559,6.1559,4468.0,4468.1,42.2919,8.9341,4473.49,4473.78,0.8111,0.6878,0.0000062500,0.0006000000,63.0,0.1
2026-09-04T12:00:19.471+00:00,A_sell_B_buy,-12.9283,-18.8283,4468.0,4468.1,50.5086,7.1437,4473.43,4473.78,0.1577,0.6878,0.0000062500,0.0006000000,264.1,0.1
2026-09-04T12:00:19.471+00:00,B_sell_A_buy,11.9217,6.0217,4468.0,4468.1,50.5086,7.1437,4473.43,4473.78,0.1577,0.6878,0.0000062500,0.0006000000,264.1,0.1
2026-09-04T12:00:20.540+00:00,A_sell_B_buy,-12.8165,-18.7165,4468.0,4468.1,47.9118,7.1437,4473.43,4473.73,0.1783,1.2696,0.0000062500,0.0006000000,0.1,307.8
2026-09-04T12:00:20.540+00:00,B_sell_A_buy,11.9218,6.0218,4468.0,4468.1,47.9118,7.1437,4473.43,4473.73,0.1783,1.2696,0.0000062500,0.0006000000,0.1,307.8
2026-09-04T12:00:21.782+00:00,A_sell_B_buy,-12.8164,-18.7164,4468.0,4468.1,48.1356,7.1437,4473.44,4473.73,0.2015,1.2696,0.0000062500,0.0006000000,470.3,0.1
2026-09-04T12:00:21.782+00:00,B_sell_A_buy,11.9441,6.0441,4468.0,4468.1,48.1356,7.1437,4473.44,4473.73,0.2015,1.2696,0.0000062500,0.0006000000,470.3,0.1
2026-09-04T12:00:22.845+00:00,A_sell_B_buy,-12.8165,-18.7165,4468.0,4468.1,46.5086,7.1437,4473.42,4473.73,0.2017,1.2696,0.0000062500,0.0006000000,63.5,0.0
2026-09-04T12:00:22.845+00:00,B_sell_A_buy,11.8994,5.9994,4468.0,4468.1,46.5086,7.1437,4473.42,4473.73,0.2017,1.2696,0.0000062500,0.0006000000,63.5,0.0
2026-09-04T12:00:23.871+00:00,A_sell_B_buy,-12.8165,-18.7165,4468.0,4468.1,46.5086,7.1437,4473.43,4473.73,0.2233,1.2696,0.0000062500,0.0006000000,104.5,0.1
2026-09-04T12:00:23.871+00:00,B_sell_A_buy,11.9218,6.0218,4468.0,4468.1,46.5086,7.1437,4473.43,4473.73,0.2233,1.2696,0.0000062500,0.0006000000,104.5,0.1
2026-09-04T12:00:24.936+00:00,A_sell_B_buy,-12.9282,-18.8282,4468.0,4468.1,52.7297,7.1437,4473.45,4473.78,0.2303,0.6878,0.0000062500,0.0006000000,361.5,0.1
2026-09-04T12:00:24.936+00:00,B_sell_A_buy,11.9665,6.0665,4468.0,4468.1,52.7297,7.1437,4473.45,4473.78,0.2303,0.6878,0.0000062500,0.0006000000,361.5,0.1
2026-09-04T12:00:26.004+00:00,A_sell_B_buy,-12.9280,-18.8280,4468.0,4468.1,54.3567,7.1437,4473.76,4473.78,3.2354,0.6878,0.0000062500,0.0006000000,349.0,0.1
2026-09-04T12:00:26.004+00:00,B_sell_A_buy,12.6596,6.7596,4468.0,4468.1,54.3567,7.1437,4473.76,4473.78,3.2354,0.6878,0.0000062500,0.0006000000,349.0,0.1
2026-09-04T12:00:27.011+00:00,A_sell_B_buy,-12.4340,-18.3340,4468.9,4469.0,33.5706,2.9464,4474.02,4474.46,3.2354,2.284,0.0000062500,0.0006000000,157.8,0.1
2026-09-04T12:00:27.011+00:00,B_sell_A_buy,11.2264,5.3264,4468.9,4469.0,33.5706,2.9464,4474.02,4474.46,3.2354,2.284,0.0000062500,0.0006000000,157.8,0.1
2026-09-04T12:00:28.040+00:00,A_sell_B_buy,-12.4340,-18.3340,4468.9,4469.0,34.9621,9.6437,4474.07,4474.46,0.056,0.6877,0.0000062500,0.0006000000,432.2,0.1
2026-09-04T12:00:28.040+00:00,B_sell_A_buy,11.3382,5.4382,4468.9,4469.0,34.9621,9.6437,4474.07,4474.46,0.056,0.6877,0.0000062500,0.0006000000,432.2,0.1
2026-09-04T12:00:29.044+00:00,A_sell_B_buy,-12.1434,-18.0434,4468.9,4469.0,34.9621,11.6437,4474.09,4474.33,0.0675,1.5152,0.0000062500,0.0006000000,0.1,412.3
2026-09-04T12:00:29.044+00:00,B_sell_A_buy,11.3830,5.4830,4468.9,4469.0,34.9621,11.6437,4474.09,4474.33,0.0675,1.5152,0.0000062500,0.0006000000,0.1,412.3
2026-09-04T12:00:30.164+00:00,A_sell_B_buy,-12.4340,-18.3340,4468.9,4469.0,34.9621,9.6437,4474.1,4474.46,0.1379,0.6877,0.0000062500,0.0006000000,0.1,265.8
2026-09-04T12:00:30.164+00:00,B_sell_A_buy,11.4053,5.5053,4468.9,4469.0,34.9621,9.6437,4474.1,4474.46,0.1379,0.6877,0.0000062500,0.0006000000,0.1,265.8
2026-09-04T12:00:31.167+00:00,A_sell_B_buy,-11.7188,-17.6188,4468.9,4469.0,34.6893,10.9338,4473.69,4474.14,0.1674,0.6878,0.0000062500,0.0005000000,38.4,0.1
2026-09-04T12:00:31.167+00:00,B_sell_A_buy,10.4888,4.5888,4468.9,4469.0,34.6893,10.9338,4473.69,4474.14,0.1674,0.6878,0.0000062500,0.0005000000,38.4,0.1
2026-09-04T12:00:32.224+00:00,A_sell_B_buy,-11.6966,-17.5966,4468.9,4469.0,0.652,14.2017,4473.55,4474.13,0.2915,2.6518,0.0000062500,0.0005000000,658.2,0.1
2026-09-04T12:00:32.224+00:00,B_sell_A_buy,10.1758,4.2758,4468.9,4469.0,0.652,14.2017,4473.55,4474.13,0.2915,2.6518,0.0000062500,0.0005000000,658.2,0.1
2026-09-04T12:00:33.240+00:00,A_sell_B_buy,-10.5788,-16.4788,4468.9,4469.0,2.4421,14.2017,4473.35,4473.63,0.4104,0.1269,0.0000062500,0.0005000000,316.8,0.1
2026-09-04T12:00:33.240+00:00,B_sell_A_buy,9.7289,3.8289,4468.9,4469.0,2.4421,14.2017,4473.35,4473.63,0.4104,0.1269,0.0000062500,0.0005000000,316.8,0.1
2026-09-04T12:00:34.266+00:00,A_sell_B_buy,-10.0423,-15.9423,4468.9,4469.0,0.2237,47.1717,4473.03,4473.39,2.326,3.2354,0.0000062500,0.0005000000,0.1,336.7
2026-09-04T12:00:34.266+00:00,B_sell_A_buy,9.0135,3.1135,4468.9,4469.0,0.2237,47.1717,4473.03,4473.39,2.326,3.2354,0.0000062500,0.0005000000,0.1,336.7
2026-09-04T12:00:35.603+00:00,A_sell_B_buy,-10.2211,-16.1211,4468.9,4469.0,0.2237,24.3271,4473.17,4473.47,0.1438,0.6878,0.0000062500,0.0005000000,471.2,0.1
2026-09-04T12:00:35.603+00:00,B_sell_A_buy,9.3265,3.4265,4468.9,4469.0,0.2237,24.3271,4473.17,4473.47,0.1438,0.6878,0.0000062500,0.0005000000,471.2,0.1
2026-09-04T12:00:36.622+00:00,A_sell_B_buy,-9.5727,-15.4727,4468.9,4469.0,0.2237,27.3891,4473.17,4473.18,0.01,3.0072,0.0000062500,0.0005000000,0.1,30.3
2026-09-04T12:00:36.622+00:00,B_sell_A_buy,9.3266,3.4266,4468.9,4469.0,0.2237,27.3891,4473.17,4473.18,0.01,3.0072,0.0000062500,0.0005000000,0.1,30.3
2026-09-04T12:00:37.735+00:00,A_sell_B_buy,-11.6545,-17.5545,4467.8,4468.0,1.7901,0.4351,4472.72,4473.01,1.9435,3.2354,0.0000062500,0.0005000000,0.1,957.8
2026-09-04T12:00:37.735+00:00,B_sell_A_buy,10.5584,4.6584,4467.8,4468.0,1.7901,0.4351,4472.72,4473.01,1.9435,3.2354,0.0000062500,0.0005000000,0.1,957.8
2026-09-04T12:00:39.105+00:00,A_sell_B_buy,-12.0347,-17.9347,4467.8,4467.9,2.1258,15.1022,4472.73,4473.18,0.9946,0.6879,0.0000062500,0.0005000000,0.1,577.9
2026-09-04T12:00:39.105+00:00,B_sell_A_buy,10.8044,4.9044,4467.8,4467.9,2.1258,15.1022,4472.73,4473.18,0.9946,0.6879,0.0000062500,0.0005000000,0.1,577.9
2026-09-04T12:00:40.280+00:00,A_sell_B_buy,-12.0347,-17.9347,4467.8,4467.9,2.1258,15.1022,4472.72,4473.18,1.9435,0.6879,0.0000062500,0.0005000000,1175.1,0.1
2026-09-04T12:00:40.280+00:00,B_sell_A_buy,10.7820,4.8820,4467.8,4467.9,2.1258,15.1022,4472.72,4473.18,1.9435,0.6879,0.0000062500,0.0005000000,1175.1,0.1
2026-09-04T12:00:43.327+00:00,A_sell_B_buy,-12.1912,-18.0912,4467.8,4467.9,2.1258,13.3121,4472.84,4473.25,3.2354,0.6879,0.0000062500,0.0005000000,0.1,0.1
2026-09-04T12:00:43.327+00:00,B_sell_A_buy,11.0503,5.1503,4467.8,4467.9,2.1258,13.3121,4472.84,4473.25,3.2354,0.6879,0.0000062500,0.0005000000,0.1,0.1
2026-09-04T12:00:44.334+00:00,A_sell_B_buy,-12.1912,-18.0912,4467.8,4467.9,28.2307,10.6973,4472.84,4473.25,3.2354,0.6879,0.0000062500,0.0005000000,0.1,129.4
2026-09-04T12:00:44.334+00:00,B_sell_A_buy,11.0503,5.1503,4467.8,4467.9,28.2307,10.6973,4472.84,4473.25,3.2354,0.6879,0.0000062500,0.0005000000,0.1,129.4
2026-09-04T12:00:45.640+00:00,A_sell_B_buy,-12.1911,-18.0911,4467.8,4467.9,28.6037,8.6973,4472.98,4473.25,0.812,0.6879,0.0000062500,0.0005000000,0.1,704.1
2026-09-04T12:00:45.640+00:00,B_sell_A_buy,11.3634,5.4634,4467.8,4467.9,28.6037,8.6973,4472.98,4473.25,0.812,0.6879,0.0000062500,0.0005000000,0.1,704.1
2026-09-04T12:00:46.861+00:00,A_sell_B_buy,-12.1911,-18.0911,4467.8,4467.9,28.2307,6.6973,4472.92,4473.25,0.3086,0.6879,0.0000062500,0.0005000000,343.4,0.1
2026-09-04T12:00:46.861+00:00,B_sell_A_buy,11.2293,5.3293,4467.8,4467.9,28.2307,6.6973,4472.92,4473.25,0.3086,0.6879,0.0000062500,0.0005000000,343.4,0.1
2026-09-04T12:00:47.901+00:00,A_sell_B_buy,-12.3700,-18.2700,4467.8,4467.9,28.2307,8.6973,4472.93,4473.33,0.3049,3.9233,0.0000062500,0.0005000000,757.6,0.1
2026-09-04T12:00:47.901+00:00,B_sell_A_buy,11.2516,5.3516,4467.8,4467.9,28.2307,8.6973,4472.93,4473.33,0.3049,3.9233,0.0000062500,0.0005000000,757.6,0.1
2026-09-04T12:00:48.927+00:00,A_sell_B_buy,-11.7440,-17.6440,4467.8,4467.9,24.7361,12.4878,4472.73,4473.05,0.5539,3.2354,0.0000062500,0.0005000000,47.9,0.0
2026-09-04T12:00:48.927+00:00,B_sell_A_buy,10.8045,4.9045,4467.8,4467.9,24.7361,12.4878,4472.73,4473.05,0.5539,3.2354,0.0000062500,0.0005000000,47.9,0.0
2026-09-04T12:00:49.988+00:00,A_sell_B_buy,-11.5875,-17.4875,4467.8,4467.9,24.7361,12.4878,4472.72,4472.98,0.6431,0.3621,0.0000062500,0.0005000000,1108.8,0.1
2026-09-04T12:00:49.988+00:00,B_sell_A_buy,10.7822,4.8822,4467.8,4467.9,24.7361,12.4878,4472.72,4472.98,0.6431,0.3621,0.0000062500,0.0005000000,1108.8,0.1
2026-09-04T12:00:51.009+00:00,A_sell_B_buy,-11.5875,-17.4875,4467.8,4467.9,24.7361,12.7116,4472.72,4472.98,0.5982,0.3621,0.0000062500,0.0005000000,178.1,0.1
2026-09-04T12:00:51.009+00:00,B_sell_A_buy,10.7822,4.8822,4467.8,4467.9,24.7361,12.7116,4472.72,4472.98,0.5982,0.3621,0.0000062500,0.0005000000,178.1,0.1
2026-09-04T12:00:52.070+00:00,A_sell_B_buy,-11.5875,-17.4875,4467.8,4467.9,24.7361,12.4878,4472.71,4472.98,0.7397,0.3621,0.0000062500,0.0005000000,927.3,0.1
2026-09-04T12:00:52.070+00:00,B_sell_A_buy,10.7598,4.8598,4467.8,4467.9,24.7361,12.4878,4472.71,4472.98,0.7397,0.3621,0.0000062500,0.0005000000,927.3,0.1
2026-09-04T12:00:53.094+00:00,A_sell_B_buy,-11.7441,-17.6441,4467.8,4467.9,24.7361,12.8608,4472.56,4473.05,0.468,4.0058,0.0000062500,0.0005000000,231.3,0.1
2026-09-04T12:00:53.094+00:00,B_sell_A_buy,10.4243,4.5243,4467.8,4467.9,24.7361,12.8608,4472.56,4473.05,0.468,4.0058,0.0000062500,0.0005000000,231.3,0.1
2026-09-04T12:00:54.490+00:00,A_sell_B_buy,-11.7440,-17.6440,4467.8,4467.9,2.3547,13.3828,4472.69,4473.05,1.1762,4.6937,0.0000062500,0.0005000000,926.4,0.1
2026-09-04T12:00:54.490+00:00,B_sell_A_buy,10.7150,4.8150,4467.8,4467.9,2.3547,13.3828,4472.69,4473.05,1.1762,4.6937,0.0000062500,0.0005000000,926.4,0.1
2026-09-04T12:00:55.501+00:00,A_sell_B_buy,-11.7440,-17.6440,4467.8,4467.9,2.3547,13.6066,4472.69,4473.05,1.1762,4.6937,0.0000062500,0.0005000000,0.1,1010.8
2026-09-04T12:00:55.501+00:00,B_sell_A_buy,10.7150,4.8150,4467.8,4467.9,2.3547,13.6066,4472.69,4473.05,1.1762,4.6937,0.0000062500,0.0005000000,0.1,1010.8
2026-09-04T12:00:59.157+00:00,A_sell_B_buy,-11.7441,-17.6441,4467.8,4467.9,2.3547,13.6066,4472.57,4473.05,1.9632,4.6937,0.0000062500,0.0005000000,1164.1,0.1
2026-09-04T12:00:59.157+00:00,B_sell_A_buy,10.4467,4.5467,4467.8,4467.9,2.3547,13.6066,4472.57,4473.05,1.9632,4.6937,0.0000062500,0.0005000000,1164.1,0.1
2026-09-04T12:01:01.009+00:00,A_sell_B_buy,-11.7218,-17.6218,4467.8,4467.9,2.3547,16.8902,4472.54,4473.04,1.9215,2.5249,0.0000062500,0.0005000000,955.4,0.1
2026-09-04T12:01:01.009+00:00,B_sell_A_buy,10.3796,4.4796,4467.8,4467.9,2.3547,16.8902,4472.54,4473.04,1.9215,2.5249,0.0000062500,0.0005000000,955.4,0.1
2026-09-04T12:01:02.545+00:00,A_sell_B_buy,-11.7439,-17.6439,4467.8,4467.9,28.5822,10.6973,4472.91,4473.05,1.1362,0.6856,0.0000062500,0.0005000000,596.1,0.1
2026-09-04T12:01:02.545+00:00,B_sell_A_buy,11.2070,5.3070,4467.8,4467.9,28.5822,10.6973,4472.91,4473.05,1.1362,0.6856,0.0000062500,0.0005000000,596.1,0.1
2026-09-04T12:01:03.592+00:00,A_sell_B_buy,-11.7439,-17.6439,4467.8,4467.9,28.5822,8.6973,4472.85,4473.05,1.1372,0.6856,0.0000062500,0.0005000000,135.0,0.0
2026-09-04T12:01:03.592+00:00,B_sell_A_buy,11.0728,5.1728,4467.8,4467.9,28.5822,8.6973,4472.85,4473.05,1.1372,0.6856,0.0000062500,0.0005000000,135.0,0.0
2026-09-04T12:01:04.736+00:00,A_sell_B_buy,-11.3192,-17.2192,4467.8,4467.9,0.5646,17.0394,4472.56,4472.86,0.638,0.4782,0.0000062500,0.0005000000,318.7,0.0
2026-09-04T12:01:04.736+00:00,B_sell_A_buy,10.4244,4.5244,4467.8,4467.9,0.5646,17.0394,4472.56,4472.86,0.638,0.4782,0.0000062500,0.0005000000,318.7,0.0
2026-09-04T12:01:05.986+00:00,A_sell_B_buy,-11.7439,-17.6439,4467.8,4467.9,2.5501,16.8902,4472.91,4473.05,1.099,0.6856,0.0000062500,0.0005000000,479.2,0.1
2026-09-04T12:01:05.986+00:00,B_sell_A_buy,11.2070,5.3070,4467.8,4467.9,2.5501,16.8902,4472.91,4473.05,1.099,0.6856,0.0000062500,0.0005000000,479.2,0.1
2026-09-04T12:01:07.119+00:00,A_sell_B_buy,-11.9006,-17.8006,4467.8,4467.9,25.1016,13.3626,4472.65,4473.12,3.2354,0.6879,0.0000062500,0.0005000000,533.0,0.1
2026-09-04T12:01:07.119+00:00,B_sell_A_buy,10.6255,4.7255,4467.8,4467.9,25.1016,13.3626,4472.65,4473.12,3.2354,0.6879,0.0000062500,0.0005000000,533.0,0.1
2026-09-04T12:01:08.127+00:00,A_sell_B_buy,-11.3415,-17.2415,4467.8,4467.9,25.1016,13.5864,4472.64,4472.87,0.7824,0.1619,0.0000062500,0.0005000000,47.7,0.1
2026-09-04T12:01:08.127+00:00,B_sell_A_buy,10.6033,4.7033,4467.8,4467.9,25.1016,13.5864,4472.64,4472.87,0.7824,0.1619,0.0000062500,0.0005000000,47.7,0.1
2026-09-04T12:01:09.178+00:00,A_sell_B_buy,-11.7665,-17.6665,4467.8,4467.9,2.5859,16.8071,4472.51,4473.06,0.6889,0.3023,0.0000062500,0.0005000000,438.3,0.1
2026-09-04T12:01:09.178+00:00,B_sell_A_buy,10.3125,4.4125,4467.8,4467.9,2.5859,16.8071,4472.51,4473.06,0.6889,0.3023,0.0000062500,0.0005000000,438.3,0.1
2026-09-04T12:01:10.466+00:00,A_sell_B_buy,-11.3863,-17.2863,4467.8,4467.9,2.5859,16.8071,4472.62,4472.89,1.9363,0.7551,0.0000062500,0.0005000000,1726.1,0.1
2026-09-04T12:01:10.466+00:00,B_sell_A_buy,10.5586,4.6586,4467.8,4467.9,2.5859,16.8071,4472.62,4472.89,1.9363,0.7551,0.0000062500,0.0005000000,1726.1,0.1
2026-09-04T12:01:12.036+00:00,A_sell_B_buy,-11.2746,-17.1746,4467.8,4467.9,0.5665,21.5873,4472.3,4472.84,2.7742,4.9269,0.0000062500,0.0005000000,0.1,1097.1
2026-09-04T12:01:12.036+00:00,B_sell_A_buy,9.8429,3.9429,4467.8,4467.9,0.5665,21.5873,4472.3,4472.84,2.7742,4.9269,0.0000062500,0.0005000000,0.1,1097.1
2026-09-04T12:01:13.092+00:00,A_sell_B_buy,-11.2522,-17.1522,4467.8,4467.9,0.5665,21.5873,4472.47,4472.83,1.0406,1.0419,0.0000062500,0.0005000000,1057.5,0.1
2026-09-04T12:01:13.092+00:00,B_sell_A_buy,10.2231,4.3231,4467.8,4467.9,0.5665,21.5873,4472.47,4472.83,1.0406,1.0419,0.0000062500,0.0005000000,1057.5,0.1
2026-09-04T12:01:14.257+00:00,A_sell_B_buy,-11.2521,-17.1521,4467.8,4467.9,2.5851,12.5721,4472.52,4472.83,3.2354,1.2782,0.0000062500,0.0005000000,622.2,0.1
2026-09-04T12:01:14.257+00:00,B_sell_A_buy,10.3350,4.4350,4467.8,4467.9,2.5851,12.5721,4472.52,4472.83,3.2354,1.2782,0.0000062500,0.0005000000,622.2,0.1
2026-09-04T12:01:15.664+00:00,A_sell_B_buy,-11.2743,-17.1743,4467.8,4467.9,2.5851,14.3626,4472.81,4472.84,0.7322,0.6879,0.0000062500,0.0005000000,1376.1,0.1
2026-09-04T12:01:15.664+00:00,B_sell_A_buy,10.9835,5.0835,4467.8,4467.9,2.5851,14.3626,4472.81,4472.84,0.7322,0.6879,0.0000062500,0.0005000000,1376.1,0.1
2026-09-04T12:01:16.824+00:00,A_sell_B_buy,-11.2521,-17.1521,4467.8,4467.9,2.5851,14.2408,4472.52,4472.83,3.2354,0.4158,0.0000062500,0.0005000000,771.2,0.1
2026-09-04T12:01:16.824+00:00,B_sell_A_buy,10.3350,4.4350,4467.8,4467.9,2.5851,14.2408,4472.52,4472.83,3.2354,0.4158,0.0000062500,0.0005000000,771.2,0.1
2026-09-04T12:01:18.615+00:00,A_sell_B_buy,-11.4533,-17.3533,4467.8,4467.9,2.5851,14.6138,4472.66,4472.92,0.9586,0.3074,0.0000062500,0.0005000000,1209.4,0.1
2026-09-04T12:01:18.615+00:00,B_sell_A_buy,10.6480,4.7480,4467.8,4467.9,2.5851,14.6138,4472.66,4472.92,0.9586,0.3074,0.0000062500,0.0005000000,1209.4,0.1
2026-09-04T12:01:19.632+00:00,A_sell_B_buy,-12.1460,-18.0460,4467.8,4468.3,85.8596,3.082,4473.04,4473.23,0.6375,0.7039,0.0000062500,0.0005000000,51.7,0.0
2026-09-04T12:01:19.632+00:00,B_sell_A_buy,10.6026,4.7026,4467.8,4468.3,85.8596,3.082,4473.04,4473.23,0.6375,0.7039,0.0000062500,0.0005000000,51.7,0.0
2026-09-04T12:01:20.652+00:00,A_sell_B_buy,-11.6995,-17.5995,4467.7,4467.9,0.3357,10.7773,4472.61,4472.93,0.9332,3.2354,0.0000062500,0.0005000000,0.1,459.1
2026-09-04T12:01:20.652+00:00,B_sell_A_buy,10.5362,4.6362,4467.7,4467.9,0.3357,10.7773,4472.61,4472.93,0.9332,3.2354,0.0000062500,0.0005000000,0.1,459.1
2026-09-04T12:01:21.790+00:00,A_sell_B_buy,-11.5877,-17.4877,4467.7,4467.8,0.2271,16.4523,4472.62,4472.88,0.9649,0.5084,0.0000062500,0.0005000000,0.1,187.7
2026-09-04T12:01:21.790+00:00,B_sell_A_buy,10.7824,4.8824,4467.7,4467.8,0.2271,16.4523,4472.62,4472.88,0.9649,0.5084,0.0000062500,0.0005000000,0.1,187.7
2026-09-04T12:01:23.039+00:00,A_sell_B_buy,-11.4760,-17.3760,4467.7,4467.8,2.0177,18.4523,4472.43,4472.83,0.6201,0.485,0.0000062500,0.0004000000,1120.9,0.1
2026-09-04T12:01:23.039+00:00,B_sell_A_buy,10.3575,4.4575,4467.7,4467.8,2.0177,18.4523,4472.43,4472.83,0.6201,0.485,0.0000062500,0.0004000000,1120.9,0.1
2026-09-04T12:01:24.051+00:00,A_sell_B_buy,-11.1853,-17.0853,4467.7,4467.8,2.0177,18.7827,4472.43,4472.7,0.5712,3.2354,0.0000062500,0.0004000000,225.9,0.1
2026-09-04T12:01:24.051+00:00,B_sell_A_buy,10.3576,4.4576,4467.7,4467.8,2.0177,18.7827,4472.43,4472.7,0.5712,3.2354,0.0000062500,0.0004000000,225.9,0.1
2026-09-04T12:01:25.140+00:00,A_sell_B_buy,-11.2527,-17.1527,4467.6,4467.8,0.2238,23.19,4472.19,4472.63,0.8302,2.3711,0.0000062500,0.0004000000,0.1,190.9
2026-09-04T12:01:25.140+00:00,B_sell_A_buy,9.8209,3.9209,4467.6,4467.8,0.2238,23.19,4472.19,4472.63,0.8302,2.3711,0.0000062500,0.0004000000,0.1,190.9
2026-09-04T12:01:26.254+00:00,A_sell_B_buy,-11.2750,-17.1750,4467.6,4467.7,0.2238,19.6941,4472.32,4472.64,1.0478,0.2672,0.0000062500,0.0004000000,0.1,129.9
2026-09-04T12:01:26.254+00:00,B_sell_A_buy,10.3354,4.4354,4467.6,4467.7,0.2238,19.6941,4472.32,4472.64,1.0478,0.2672,0.0000062500,0.0004000000,0.1,129.9
2026-09-04T12:01:27.869+00:00,A_sell_B_buy,-11.4092,-17.3092,4467.6,4467.7,0.2238,19.6941,4472.32,4472.7,1.0478,3.2354,0.0000062500,0.0004000000,1615.0,0.1
2026-09-04T12:01:27.869+00:00,B_sell_A_buy,10.3354,4.4354,4467.6,4467.7,0.2238,19.6941,4472.32,4472.7,1.0478,3.2354,0.0000062500,0.0004000000,1615.0,0.1
2026-09-04T12:01:28.906+00:00,A_sell_B_buy,-10.8054,-16.7054,4467.6,4467.7,0.2238,16.3367,4472.2,4472.43,0.8198,0.3207,0.0000062500,0.0004000000,364.1,0.1
2026-09-04T12:01:28.906+00:00,B_sell_A_buy,10.0672,4.1672,4467.6,4467.7,0.2238,16.3367,4472.2,4472.43,0.8198,0.3207,0.0000062500,0.0004000000,364.1,0.1
2026-09-04T12:01:29.966+00:00,A_sell_B_buy,-10.4701,-16.3701,4467.6,4467.7,0.2238,19.6941,4471.97,4472.28,0.4838,0.4025,0.0000062500,0.0004000000,324.1,0.1
2026-09-04T12:01:29.966+00:00,B_sell_A_buy,9.5528,3.6528,4467.6,4467.7,0.2238,19.6941,4471.97,4472.28,0.4838,0.4025,0.0000062500,0.0004000000,324.1,0.1
2026-09-04T12:01:31.006+00:00,A_sell_B_buy,-10.4701,-16.3701,4467.6,4467.7,0.2238,24.0515,4471.93,4472.28,0.4548,0.4025,0.0000062500,0.0004000000,648.5,0.1
2026-09-04T12:01:31.006+00:00,B_sell_A_buy,9.4633,3.5633,4467.6,4467.7,0.2238,24.0515,4471.93,4472.28,0.4548,0.4025,0.0000062500,0.0004000000,648.5,0.1
2026-09-04T12:01:32.023+00:00,A_sell_B_buy,-10.4254,-16.3254,4467.6,4467.7,0.2238,24.4532,4471.84,4472.26,0.6188,2.0,0.0000062500,0.0004000000,480.8,0.1
2026-09-04T12:01:32.023+00:00,B_sell_A_buy,9.2621,3.3621,4467.6,4467.7,0.2238,24.4532,4471.84,4472.26,0.6188,2.0,0.0000062500,0.0004000000,480.8,0.1
2026-09-04T12:01:33.180+00:00,A_sell_B_buy,-10.4476,-16.3476,4467.6,4467.7,0.2238,27.1622,4472.1,4472.27,0.3492,0.6856,0.0000062500,0.0004000000,1055.7,0.1
2026-09-04T12:01:33.180+00:00,B_sell_A_buy,9.8436,3.9436,4467.6,4467.7,0.2238,27.1622,4472.1,4472.27,0.3492,0.6856,0.0000062500,0.0004000000,1055.7,0.1
2026-09-04T12:01:34.763+00:00,A_sell_B_buy,-10.4476,-16.3476,4467.6,4467.7,0.2238,27.3787,4472.09,4472.27,0.7498,0.6856,0.0000062500,0.0004000000,603.3,0.1
2026-09-04T12:01:34.763+00:00,B_sell_A_buy,9.8212,3.9212,4467.6,4467.7,0.2238,27.3787,4472.09,4472.27,0.7498,0.6856,0.0000062500,0.0004000000,603.3,0.1
2026-09-04T12:01:36.062+00:00,A_sell_B_buy,-10.4476,-16.3476,4467.6,4467.7,0.2238,27.3634,4472.11,4472.27,0.3877,0.6856,0.0000062500,0.0004000000,0.1,587.8
2026-09-04T12:01:36.062+00:00,B_sell_A_buy,9.8659,3.9659,4467.6,4467.7,0.2238,27.3634,4472.11,4472.27,0.3877,0.6856,0.0000062500,0.0004000000,0.1,587.8
2026-09-04T12:01:37.716+00:00,A_sell_B_buy,-10.6714,-16.5714,4467.6,4467.7,0.2238,27.3634,4471.9,4472.37,0.6223,1.5836,0.0000062500,0.0004000000,1654.7,0.1
2026-09-04T12:01:37.716+00:00,B_sell_A_buy,9.3962,3.4962,4467.6,4467.7,0.2238,27.3634,4471.9,4472.37,0.6223,1.5836,0.0000062500,0.0004000000,1654.7,0.1
2026-09-04T12:01:39.616+00:00,A_sell_B_buy,-10.2688,-16.1688,4467.6,4467.7,0.2238,27.5095,4471.88,4472.19,1.9723,3.2354,0.0000062500,0.0004000000,0.0,12.8
2026-09-04T12:01:39.616+00:00,B_sell_A_buy,9.3516,3.4516,4467.6,4467.7,0.2238,27.5095,4471.88,4472.19,1.9723,3.2354,0.0000062500,0.0004000000,0.0,12.8
2026-09-04T12:01:40.654+00:00,A_sell_B_buy,-10.2688,-16.1688,4467.6,4467.7,0.2238,27.5095,4471.88,4472.19,1.9723,3.2354,0.0000062500,0.0004000000,1038.5,0.1
2026-09-04T12:01:40.654+00:00,B_sell_A_buy,9.3516,3.4516,4467.6,4467.7,0.2238,27.5095,4471.88,4472.19,1.9723,3.2354,0.0000062500,0.0004000000,1038.5,0.1
2026-09-04T12:01:41.993+00:00,A_sell_B_buy,-10.2018,-16.1018,4467.6,4467.7,0.2238,27.1365,4471.72,4472.16,0.5452,0.9978,0.0000062500,0.0004000000,778.9,0.1
2026-09-04T12:01:41.993+00:00,B_sell_A_buy,8.9937,3.0937,4467.6,4467.7,0.2238,27.1365,4471.72,4472.16,0.5452,0.9978,0.0000062500,0.0004000000,778.9,0.1
2026-09-04T12:01:43.030+00:00,A_sell_B_buy,-9.8887,-15.7887,4467.6,4467.7,0.2238,27.1365,4471.75,4472.02,2.0772,0.6881,0.0000062500,0.0004000000,1815.2,0.1
2026-09-04T12:01:43.030+00:00,B_sell_A_buy,9.0609,3.1609,4467.6,4467.7,0.2238,27.1365,4471.75,4472.02,2.0772,0.6881,0.0000062500,0.0004000000,1815.2,0.1
2026-09-04T12:01:44.191+00:00,A_sell_B_buy,-9.8663,-15.7663,4467.6,4467.7,0.2238,51.8358,4471.66,4472.01,0.6909,0.5261,0.0000062500,0.0004000000,452.5,0.1
2026-09-04T12:01:44.191+00:00,B_sell_A_buy,8.8596,2.9596,4467.6,4467.7,0.2238,51.8358,4471.66,4472.01,0.6909,0.5261,0.0000062500,0.0004000000,452.5,0.1
2026-09-04T12:01:45.551+00:00,A_sell_B_buy,-9.4861,-15.3861,4467.6,4467.7,0.2238,55.1497,4471.66,4471.84,0.6909,3.2354,0.0000062500,0.0004000000,0.1,1354.4
2026-09-04T12:01:45.551+00:00,B_sell_A_buy,8.8597,2.9597,4467.6,4467.7,0.2238,55.1497,4471.66,4471.84,0.6909,3.2354,0.0000062500,0.0004000000,0.1,1354.4
2026-09-04T12:01:46.898+00:00,A_sell_B_buy,-9.2401,-15.1401,4467.6,4467.7,0.2238,55.1497,4471.47,4471.73,1.9664,0.5158,0.0000062500,0.0004000000,1346.1,0.1
2026-09-04T12:01:46.898+00:00,B_sell_A_buy,8.4347,2.5347,4467.6,4467.7,0.2238,55.1497,4471.47,4471.73,1.9664,0.5158,0.0000062500,0.0004000000,1346.1,0.1
2026-09-04T12:01:52.506+00:00,A_sell_B_buy,-8.9494,-14.8494,4467.6,4467.7,0.2238,55.8697,4471.36,4471.6,0.622,1.2354,0.0000062500,0.0004000000,0.1,478.5
2026-09-04T12:01:52.506+00:00,B_sell_A_buy,8.1887,2.2887,4467.6,4467.7,0.2238,55.8697,4471.36,4471.6,0.622,1.2354,0.0000062500,0.0004000000,0.1,478.5
2026-09-04T12:01:55.803+00:00,A_sell_B_buy,-10.2922,-16.1922,4467.0,4467.7,0.2,55.8697,4471.36,4471.6,0.622,1.2354,0.0000062500,0.0004000000,0.1,440.4
2026-09-04T12:01:55.803+00:00,B_sell_A_buy,8.1890,2.2890,4467.0,4467.7,0.2,55.8697,4471.36,4471.6,0.622,1.2354,0.0000062500,0.0004000000,0.1,440.4
2026-09-04T12:01:56.863+00:00,A_sell_B_buy,-10.2925,-16.1925,4467.0,4467.1,1.9906,26.9094,4471.36,4471.6,0.622,1.0002,0.0000062500,0.0004000000,303.2,0.1
2026-09-04T12:01:56.863+00:00,B_sell_A_buy,9.5318,3.6318,4467.0,4467.1,1.9906,26.9094,4471.36,4471.6,0.622,1.0002,0.0000062500,0.0004000000,303.2,0.1
2026-09-04T12:01:58.496+00:00,A_sell_B_buy,-10.6951,-16.5951,4467.0,4467.1,2.1838,23.1615,4471.53,4471.78,1.1042,0.6881,0.0000062500,0.0004000000,771.2,0.1
2026-09-04T12:01:58.496+00:00,B_sell_A_buy,9.9120,4.0120,4467.0,4467.1,2.1838,23.1615,4471.53,4471.78,1.1042,0.6881,0.0000062500,0.0004000000,771.2,0.1
2026-09-04T12:01:59.706+00:00,A_sell_B_buy,-10.6950,-16.5950,4467.0,4467.1,2.6262,14.3422,4471.55,4471.78,1.7852,0.6881,0.0000062500,0.0004000000,598.9,0.1
2026-09-04T12:01:59.706+00:00,B_sell_A_buy,9.9567,4.0567,4467.0,4467.1,2.6262,14.3422,4471.55,4471.78,1.7852,0.6881,0.0000062500,0.0004000000,598.9,0.1
2026-09-04T12:02:01.298+00:00,A_sell_B_buy,-10.6727,-16.5727,4467.0,4467.1,2.6262,16.133,4471.58,4471.77,2.6373,1.0024,0.0000062500,0.0004000000,1167.5,0.1
2026-09-04T12:02:01.298+00:00,B_sell_A_buy,10.0238,4.1238,4467.0,4467.1,2.6262,16.133,4471.58,4471.77,2.6373,1.0024,0.0000062500,0.0004000000,1167.5,0.1
2026-09-04T12:02:03.701+00:00,A_sell_B_buy,-11.1648,-17.0648,4467.0,4467.1,2.6262,14.3422,4471.59,4471.99,3.2354,1.5286,0.0000062500,0.0004000000,0.0,153.3
2026-09-04T12:02:03.701+00:00,B_sell_A_buy,10.0460,4.1460,4467.0,4467.1,2.6262,14.3422,4471.59,4471.99,3.2354,1.5286,0.0000062500,0.0004000000,0.0,153.3
2026-09-04T12:02:04.780+00:00,A_sell_B_buy,-11.1648,-17.0648,4467.0,4467.1,2.6262,16.133,4471.59,4471.99,3.2354,0.6881,0.0000062500,0.0004000000,652.7,0.0
2026-09-04T12:02:04.780+00:00,B_sell_A_buy,10.0460,4.1460,4467.0,4467.1,2.6262,16.133,4471.59,4471.99,3.2354,0.6881,0.0000062500,0.0004000000,652.7,0.0
2026-09-04T12:02:06.032+00:00,A_sell_B_buy,-11.1648,-17.0648,4467.0,4467.1,2.4568,16.1114,4471.59,4471.99,5.2354,0.6881,0.0000062500,0.0004000000,0.1,836.0
2026-09-04T12:02:06.032+00:00,B_sell_A_buy,10.0460,4.1460,4467.0,4467.1,2.4568,16.1114,4471.59,4471.99,5.2354,0.6881,0.0000062500,0.0004000000,0.1,836.0
2026-09-04T12:02:07.185+00:00,A_sell_B_buy,-11.1424,-17.0424,4467.0,4467.1,2.4568,16.3353,4471.59,4471.98,5.2354,1.0243,0.0000062500,0.0004000000,0.1,246.5
2026-09-04T12:02:07.185+00:00,B_sell_A_buy,10.0461,4.1461,4467.0,4467.1,2.4568,16.3353,4471.59,4471.98,5.2354,1.0243,0.0000062500,0.0004000000,0.1,246.5
2026-09-04T12:02:08.317+00:00,A_sell_B_buy,-11.1871,-17.0871,4467.0,4467.1,2.4568,16.3353,4471.59,4472.0,3.2354,0.6881,0.0000062500,0.0004000000,658.8,0.1
2026-09-04T12:02:08.317+00:00,B_sell_A_buy,10.0460,4.1460,4467.0,4467.1,2.4568,16.3353,4471.59,4472.0,3.2354,0.6881,0.0000062500,0.0004000000,658.8,0.1
2026-09-04T12:02:09.354+00:00,A_sell_B_buy,-10.4267,-16.3267,4467.0,4467.1,2.2909,16.3353,4471.42,4471.66,2.466,0.1571,0.0000062500,0.0004000000,519.1,0.1
2026-09-04T12:02:09.354+00:00,B_sell_A_buy,9.6660,3.7660,4467.0,4467.1,2.2909,16.3353,4471.42,4471.66,2.466,0.1571,0.0000062500,0.0004000000,519.1,0.1
2026-09-04T12:02:10.510+00:00,A_sell_B_buy,-10.2031,-16.1031,4467.0,4467.1,2.0144,16.7593,4471.32,4471.56,2.852,0.0218,0.0000062500,0.0004000000,267.4,0.1
2026-09-04T12:02:10.510+00:00,B_sell_A_buy,9.4423,3.5423,4467.0,4467.1,2.0144,16.7593,4471.32,4471.56,2.852,0.0218,0.0000062500,0.0004000000,267.4,0.1
2026-09-04T12:02:11.540+00:00,A_sell_B_buy,-10.5610,-16.4610,4467.0,4467.1,0.2238,16.7593,4471.32,4471.72,2.95,0.0436,0.0000062500,0.0004000000,947.4,0.1
2026-09-04T12:02:11.540+00:00,B_sell_A_buy,9.4422,3.5422,4467.0,4467.1,0.2238,16.7593,4471.32,4471.72,2.95,0.0436,0.0000062500,0.0004000000,947.4,0.1
2026-09-04T12:02:12.546+00:00,A_sell_B_buy,-10.5162,-16.4162,4467.0,4467.1,0.2238,16.7593,4471.32,4471.7,0.8366,0.1476,0.0000062500,0.0004000000,1953.9,0.1
2026-09-04T12:02:12.546+00:00,B_sell_A_buy,9.4422,3.5422,4467.0,4467.1,0.2238,16.7593,4471.32,4471.7,0.8366,0.1476,0.0000062500,0.0004000000,1953.9,0.1
2026-09-04T12:02:13.671+00:00,A_sell_B_buy,-10.7398,-16.6398,4467.0,4467.1,2.3403,16.6058,4471.49,4471.8,2.1845,0.6075,0.0000062500,0.0004000000,136.8,0.1
2026-09-04T12:02:13.671+00:00,B_sell_A_buy,9.8225,3.9225,4467.0,4467.1,2.3403,16.6058,4471.49,4471.8,2.1845,0.6075,0.0000062500,0.0004000000,136.8,0.1
2026-09-04T12:02:14.803+00:00,A_sell_B_buy,-10.5833,-16.4833,4467.0,4467.1,0.5495,16.6058,4471.34,4471.73,1.1426,3.2354,0.0000062500,0.0004000000,305.5,0.1
2026-09-04T12:02:14.803+00:00,B_sell_A_buy,9.4870,3.5870,4467.0,4467.1,0.5495,16.6058,4471.34,4471.73,1.1426,3.2354,0.0000062500,0.0004000000,305.5,0.1
2026-09-04T12:02:15.890+00:00,A_sell_B_buy,-10.1807,-16.0807,4467.0,4467.1,0.5495,16.7593,4471.32,4471.55,3.143,0.0429,0.0000062500,0.0004000000,947.3,0.1
2026-09-04T12:02:15.890+00:00,B_sell_A_buy,9.4423,3.5423,4467.0,4467.1,0.5495,16.7593,4471.32,4471.55,3.143,0.0429,0.0000062500,0.0004000000,947.3,0.1
2026-09-04T12:02:16.895+00:00,A_sell_B_buy,-8.9955,-14.8955,4467.0,4467.1,0.5495,16.7593,4470.44,4471.02,0.6219,0.0495,0.0000062500,0.0004000000,1951.8,0.0
2026-09-04T12:02:16.895+00:00,B_sell_A_buy,7.4739,1.5739,4467.0,4467.1,0.5495,16.7593,4470.44,4471.02,0.6219,0.0495,0.0000062500,0.0004000000,1951.8,0.0
2026-09-04T12:02:17.918+00:00,A_sell_B_buy,-9.9143,-15.8143,4466.2,4466.3,0.2,38.9213,4470.04,4470.63,3.2465,1.4402,0.0000062500,0.0004000000,0.1,41.0
2026-09-04T12:02:17.918+00:00,B_sell_A_buy,8.3701,2.4701,4466.2,4466.3,0.2,38.9213,4470.04,4470.63,3.2465,1.4402,0.0000062500,0.0004000000,0.1,41.0
2026-09-04T12:02:18.927+00:00,A_sell_B_buy,-10.2723,-16.1723,4466.2,4466.3,0.2,51.1532,4470.1,4470.79,1.2073,1.6969,0.0000062500,0.0004000000,44.3,0.1
2026-09-04T12:02:18.927+00:00,B_sell_A_buy,8.5043,2.6043,4466.2,4466.3,0.2,51.1532,4470.1,4470.79,1.2073,1.6969,0.0000062500,0.0004000000,44.3,0.1
2026-09-04T12:02:20.051+00:00,A_sell_B_buy,-9.7800,-15.6800,4466.2,4466.3,0.2,51.8695,4470.12,4470.57,0.3728,3.0677,0.0000062500,0.0004000000,227.2,0.1
2026-09-04T12:02:20.051+00:00,B_sell_A_buy,8.5491,2.6491,4466.2,4466.3,0.2,51.8695,4470.12,4470.57,0.3728,3.0677,0.0000062500,0.0004000000,227.2,0.1
2026-09-04T12:02:21.147+00:00,A_sell_B_buy,-9.2655,-15.1655,4466.2,4466.3,0.2,51.4964,4470.01,4470.34,0.6319,2.9588,0.0000062500,0.0004000000,612.5,0.1
2026-09-04T12:02:21.147+00:00,B_sell_A_buy,8.3031,2.4031,4466.2,4466.3,0.2,51.4964,4470.01,4470.34,0.6319,2.9588,0.0000062500,0.0004000000,612.5,0.1
2026-09-04T12:02:22.184+00:00,A_sell_B_buy,-9.2431,-15.1431,4466.2,4466.3,0.2,51.4964,4470.01,4470.33,0.6319,0.3251,0.0000062500,0.0004000000,1649.0,0.1
2026-09-04T12:02:22.184+00:00,B_sell_A_buy,8.3031,2.4031,4466.2,4466.3,0.2,51.4964,4470.01,4470.33,0.6319,0.3251,0.0000062500,0.0004000000,1649.0,0.1
2026-09-04T12:02:27.108+00:00,A_sell_B_buy,-9.6905,-15.5905,4466.2,4466.3,0.2,54.5784,4470.18,4470.53,1.9709,0.7701,0.0000062500,0.0004000000,0.1,364.4
2026-09-04T12:02:27.108+00:00,B_sell_A_buy,8.6834,2.7834,4466.2,4466.3,0.2,54.5784,4470.18,4470.53,1.9709,0.7701,0.0000062500,0.0004000000,0.1,364.4
2026-09-04T12:02:28.109+00:00,A_sell_B_buy,-9.6906,-15.5906,4466.2,4466.3,0.2,54.5784,4470.03,4470.53,0.6268,0.7701,0.0000062500,0.0004000000,1000.5,0.1
2026-09-04T12:02:28.109+00:00,B_sell_A_buy,8.3478,2.4478,4466.2,4466.3,0.2,54.5784,4470.03,4470.53,0.6268,0.7701,0.0000062500,0.0004000000,1000.5,0.1
2026-09-04T12:02:29.394+00:00,A_sell_B_buy,-9.6906,-15.5906,4466.2,4466.3,0.2,54.1313,4470.0,4470.53,0.7105,0.7701,0.0000062500,0.0004000000,353.2,0.1
2026-09-04T12:02:29.394+00:00,B_sell_A_buy,8.2806,2.3806,4466.2,4466.3,0.2,54.1313,4470.0,4470.53,0.7105,0.7701,0.0000062500,0.0004000000,353.2,0.1
2026-09-04T12:02:30.397+00:00,A_sell_B_buy,-9.7801,-15.6801,4466.2,4466.3,0.2,54.5044,4470.01,4470.57,2.8717,3.0677,0.0000062500,0.0004000000,605.2,0.1
2026-09-04T12:02:30.397+00:00,B_sell_A_buy,8.3030,2.4030,4466.2,4466.3,0.2,54.5044,4470.01,4470.57,2.8717,3.0677,0.0000062500,0.0004000000,605.2,0.1
2026-09-04T12:02:31.779+00:00,A_sell_B_buy,-9.7577,-15.6577,4466.2,4466.3,0.2,54.1313,4470.08,4470.56,0.1118,1.6296,0.0000062500,0.0004000000,962.2,0.1
2026-09-04T12:02:31.779+00:00,B_sell_A_buy,8.4596,2.5596,4466.2,4466.3,0.2,54.1313,4470.08,4470.56,0.1118,1.6296,0.0000062500,0.0004000000,962.2,0.1
2026-09-04T12:02:36.063+00:00,A_sell_B_buy,-9.1983,-15.0983,4466.2,4466.3,0.2,54.1138,4470.1,4470.31,0.1119,1.0466,0.0000062500,0.0004000000,0.1,84.5
2026-09-04T12:02:36.063+00:00,B_sell_A_buy,8.5045,2.6045,4466.2,4466.3,0.2,54.1138,4470.1,4470.31,0.1119,1.0466,0.0000062500,0.0004000000,0.1,84.5
2026-09-04T12:02:37.126+00:00,A_sell_B_buy,-9.7576,-15.6576,4466.2,4466.3,0.2,54.1138,4470.14,4470.56,0.1119,0.6828,0.0000062500,0.0004000000,1063.6,0.1
2026-09-04T12:02:37.126+00:00,B_sell_A_buy,8.5939,2.6939,4466.2,4466.3,0.2,54.1138,4470.14,4470.56,0.1119,0.6828,0.0000062500,0.0004000000,1063.6,0.1
2026-09-04T12:02:40.146+00:00,A_sell_B_buy,-10.1155,-16.0155,4466.2,4466.3,0.2,30.7234,4470.37,4470.72,0.3345,0.6883,0.0000062500,0.0004000000,0.1,197.0
2026-09-04T12:02:40.146+00:00,B_sell_A_buy,9.1084,3.2084,4466.2,4466.3,0.2,30.7234,4470.37,4470.72,0.3345,0.6883,0.0000062500,0.0004000000,0.1,197.0
2026-09-04T12:02:41.290+00:00,A_sell_B_buy,-9.8023,-15.7023,4466.2,4466.3,1.9912,27.4621,4470.33,4470.58,0.1118,0.3409,0.0000062500,0.0004000000,852.3,0.1
2026-09-04T12:02:41.290+00:00,B_sell_A_buy,9.0190,3.1190,4466.2,4466.3,1.9912,27.4621,4470.33,4470.58,0.1118,0.3409,0.0000062500,0.0004000000,852.3,0.1
2026-09-04T12:02:42.631+00:00,A_sell_B_buy,-9.4890,-15.3890,4466.2,4466.3,1.9912,27.686,4470.33,4470.44,0.1118,0.1031,0.0000062500,0.0004000000,0.1,478.0
2026-09-04T12:02:42.631+00:00,B_sell_A_buy,9.0191,3.1191,4466.2,4466.3,1.9912,27.686,4470.33,4470.44,0.1118,0.1031,0.0000062500,0.0004000000,0.1,478.0
2026-09-04T12:02:43.793+00:00,A_sell_B_buy,-9.7799,-15.6799,4466.2,4466.3,1.9912,30.6213,4470.33,4470.57,0.1097,3.2354,0.0000062500,0.0004000000,225.9,0.1
2026-09-04T12:02:43.793+00:00,B_sell_A_buy,9.0190,3.1190,4466.2,4466.3,1.9912,30.6213,4470.33,4470.57,0.1097,3.2354,0.0000062500,0.0004000000,225.9,0.1
2026-09-04T12:02:45.124+00:00,A_sell_B_buy,-9.5786,-15.4786,4466.2,4466.3,1.9912,30.8452,4470.18,4470.48,2.3161,0.3578,0.0000062500,0.0004000000,337.5,0.1
2026-09-04T12:02:45.124+00:00,B_sell_A_buy,8.6834,2.7834,4466.2,4466.3,1.9912,30.8452,4470.18,4470.48,2.3161,0.3578,0.0000062500,0.0004000000,337.5,0.1
2026-09-04T12:02:47.401+00:00,A_sell_B_buy,-9.3101,-15.2101,4466.2,4466.3,1.9912,30.7946,4470.13,4470.36,3.2354,0.081,0.0000062500,0.0004000000,0.1,1502.7
2026-09-04T12:02:47.401+00:00,B_sell_A_buy,8.5716,2.6716,4466.2,4466.3,1.9912,30.7946,4470.13,4470.36,3.2354,0.081,0.0000062500,0.0004000000,0.1,1502.7
2026-09-04T12:02:48.485+00:00,A_sell_B_buy,-9.3102,-15.2102,4466.2,4466.3,1.9912,30.7946,4470.1,4470.36,0.4529,0.081,0.0000062500,0.0004000000,1083.7,0.1
2026-09-04T12:02:48.485+00:00,B_sell_A_buy,8.5045,2.6045,4466.2,4466.3,1.9912,30.7946,4470.1,4470.36,0.4529,0.081,0.0000062500,0.0004000000,1083.7,0.1
2026-09-04T12:02:49.618+00:00,A_sell_B_buy,-10.3403,-16.2403,4465.7,4465.8,2.3553,10.8882,4470.05,4470.32,2.2967,0.1119,0.0000062500,0.0004000000,0.1,743.1
2026-09-04T12:02:49.618+00:00,B_sell_A_buy,9.5122,3.6122,4465.7,4465.8,2.3553,10.8882,4470.05,4470.32,2.2967,0.1119,0.0000062500,0.0004000000,0.1,743.1
2026-09-04T12:02:50.696+00:00,A_sell_B_buy,-10.3403,-16.2403,4465.7,4465.8,2.3553,19.7942,4470.0,4470.32,0.7105,0.1119,0.0000062500,0.0004000000,365.4,0.1
2026-09-04T12:02:50.696+00:00,B_sell_A_buy,9.4003,3.5003,4465.7,4465.8,2.3553,19.7942,4470.0,4470.32,0.7105,0.1119,0.0000062500,0.0004000000,365.4,0.1
2026-09-04T12:02:52.440+00:00,A_sell_B_buy,-10.3403,-16.2403,4465.7,4465.8,2.3553,20.0181,4470.0,4470.32,0.7105,0.1119,0.0000062500,0.0004000000,1039.7,0.1
2026-09-04T12:02:52.440+00:00,B_sell_A_buy,9.4003,3.5003,4465.7,4465.8,2.3553,20.0181,4470.0,4470.32,0.7105,0.1119,0.0000062500,0.0004000000,1039.7,0.1
2026-09-04T12:02:54.723+00:00,A_sell_B_buy,-10.7876,-16.6876,4465.7,4465.8,2.3553,18.2269,4470.27,4470.52,1.2279,0.1118,0.0000062500,0.0004000000,0.1,187.0
2026-09-04T12:02:54.723+00:00,B_sell_A_buy,10.0043,4.1043,4465.7,4465.8,2.3553,18.2269,4470.27,4470.52,1.2279,0.1118,0.0000062500,0.0004000000,0.1,187.0
2026-09-04T12:02:56.309+00:00,A_sell_B_buy,-10.7878,-16.6878,4465.7,4465.8,2.5792,11.3961,4470.06,4470.52,0.2226,0.1118,0.0000062500,0.0004000000,1199.7,0.1
2026-09-04T12:02:56.309+00:00,B_sell_A_buy,9.5344,3.6344,4465.7,4465.8,2.5792,11.3961,4470.06,4470.52,0.2226,0.1118,0.0000062500,0.0004000000,1199.7,0.1
2026-09-04T12:02:57.579+00:00,A_sell_B_buy,-10.7877,-16.6877,4465.7,4465.8,2.3553,13.8091,4470.26,4470.52,0.6326,0.1118,0.0000062500,0.0004000000,0.1,748.7
2026-09-04T12:02:57.579+00:00,B_sell_A_buy,9.9819,4.0819,4465.7,4465.8,2.3553,13.8091,4470.26,4470.52,0.6326,0.1118,0.0000062500,0.0004000000,0.1,748.7
2026-09-04T12:02:58.682+00:00,A_sell_B_buy,-10.7877,-16.6877,4465.7,4465.8,2.3553,13.8091,4470.26,4470.52,0.6326,0.1118,0.0000062500,0.0004000000,1103.2,0.1
2026-09-04T12:02:58.682+00:00,B_sell_A_buy,9.9819,4.0819,4465.7,4465.8,2.3553,13.8091,4470.26,4470.52,0.6326,0.1118,0.0000062500,0.0004000000,1103.2,0.1
2026-09-04T12:02:59.720+00:00,A_sell_B_buy,-11.3248,-17.2248,4465.7,4465.8,2.3553,15.6005,4470.08,4470.76,0.2367,0.6883,0.0000062500,0.0004000000,468.6,0.1
2026-09-04T12:02:59.720+00:00,B_sell_A_buy,9.5790,3.6790,4465.7,4465.8,2.3553,15.6005,4470.08,4470.76,0.2367,0.6883,0.0000062500,0.0004000000,468.6,0.1
2026-09-04T12:03:00.830+00:00,A_sell_B_buy,-11.4812,-17.3812,4465.7,4465.8,29.9303,13.7591,4470.34,4470.83,0.8325,1.0314,0.0000062500,0.0004000000,0.1,194.7
2026-09-04T12:03:00.830+00:00,B_sell_A_buy,10.1608,4.2608,4465.7,4465.8,29.9303,13.7591,4470.34,4470.83,0.8325,1.0314,0.0000062500,0.0004000000,0.1,194.7
2026-09-04T12:03:01.849+00:00,A_sell_B_buy,-12.8903,-18.7903,4465.7,4465.8,33.8372,11.2591,4470.88,4471.46,0.1893,1.0036,0.0000062500,0.0004000000,46.1,0.1
2026-09-04T12:03:01.849+00:00,B_sell_A_buy,11.3686,5.4686,4465.7,4465.8,33.8372,11.2591,4470.88,4471.46,0.1893,1.0036,0.0000062500,0.0004000000,46.1,0.1
2026-09-04T12:03:02.869+00:00,A_sell_B_buy,-13.4943,-19.3943,4465.7,4465.8,37.4641,6.1771,4470.94,4471.73,0.627,3.2354,0.0000062500,0.0004000000,346.1,0.0
2026-09-04T12:03:02.869+00:00,B_sell_A_buy,11.5026,5.6026,4465.7,4465.8,37.4641,6.1771,4470.94,4471.73,0.627,3.2354,0.0000062500,0.0004000000,346.1,0.0
2026-09-04T12:03:04.012+00:00,A_sell_B_buy,-11.7248,-17.6248,4466.6,4466.7,1.9484,2.5944,4471.48,4471.84,3.2354,0.6453,0.0000062500,0.0004000000,0.1,215.9
2026-09-04T12:03:04.012+00:00,B_sell_A_buy,10.6955,4.7955,4466.6,4466.7,1.9484,2.5944,4471.48,4471.84,3.2354,0.6453,0.0000062500,0.0004000000,0.1,215.9
2026-09-04T12:03:05.046+00:00,A_sell_B_buy,-11.9932,-17.8932,4466.6,4466.7,17.5946,13.6942,4471.48,4471.96,3.2354,3.2354,0.0000062500,0.0004000000,0.1,631.5
2026-09-04T12:03:05.046+00:00,B_sell_A_buy,10.6955,4.7955,4466.6,4466.7,17.5946,13.6942,4471.48,4471.96,3.2354,3.2354,0.0000062500,0.0004000000,0.1,631.5
2026-09-04T12:03:06.048+00:00,A_sell_B_buy,-11.6132,-17.5132,4466.6,4466.7,17.2215,13.6732,4471.18,4471.79,3.2354,0.6876,0.0000062500,0.0004000000,0.1,205.7
2026-09-04T12:03:06.048+00:00,B_sell_A_buy,10.0245,4.1245,4466.6,4466.7,17.2215,13.6732,4471.18,4471.79,3.2354,0.6876,0.0000062500,0.0004000000,0.1,205.7
2026-09-04T12:03:07.055+00:00,A_sell_B_buy,-10.9868,-16.8868,4466.6,4466.7,11.1434,13.6705,4471.25,4471.51,1.1012,0.5156,0.0000062500,0.0004000000,0.1,520.1
2026-09-04T12:03:07.055+00:00,B_sell_A_buy,10.1812,4.2812,4466.6,4466.7,11.1434,13.6705,4471.25,4471.51,1.1012,0.5156,0.0000062500,0.0004000000,0.1,520.1
2026-09-04T12:03:08.076+00:00,A_sell_B_buy,-11.6131,-17.5131,4466.6,4466.7,11.3539,13.6705,4471.26,4471.79,0.6889,0.6876,0.0000062500,0.0004000000,0.1,299.2
2026-09-04T12:03:08.076+00:00,B_sell_A_buy,10.2034,4.3034,4466.6,4466.7,11.3539,13.6705,4471.26,4471.79,0.6889,0.6876,0.0000062500,0.0004000000,0.1,299.2
2026-09-04T12:03:09.086+00:00,A_sell_B_buy,-12.3735,-18.2735,4466.6,4466.7,14.5129,13.6705,4471.52,4472.13,0.7714,0.6993,0.0000062500,0.0004000000,0.1,51.9
2026-09-04T12:03:09.086+00:00,B_sell_A_buy,10.7848,4.8848,4466.6,4466.7,14.5129,13.6705,4471.52,4472.13,0.7714,0.6993,0.0000062500,0.0004000000,0.1,51.9
2026-09-04T12:03:10.140+00:00,A_sell_B_buy,-11.4788,-17.3788,4466.6,4466.7,38.2408,13.6705,4471.47,4471.73,1.1415,0.1543,0.0000062500,0.0004000000,509.7,0.1
2026-09-04T12:03:10.140+00:00,B_sell_A_buy,10.6732,4.7732,4466.6,4466.7,38.2408,13.6705,4471.47,4471.73,1.1415,0.1543,0.0000062500,0.0004000000,509.7,0.1
2026-09-04T12:03:11.139+00:00,A_sell_B_buy,-11.9709,-17.8709,4466.6,4466.7,38.2408,13.6705,4471.48,4471.95,0.1118,2.0,0.0000062500,0.0004000000,1510.0,0.1
2026-09-04T12:03:11.139+00:00,B_sell_A_buy,10.6955,4.7955,4466.6,4466.7,38.2408,13.6705,4471.48,4471.95,0.1118,2.0,0.0000062500,0.0004000000,1510.0,0.1
2026-09-04T12:03:12.797+00:00,A_sell_B_buy,-12.3956,-18.2956,4466.6,4466.7,38.3658,9.6705,4471.86,4472.14,1.2786,0.6881,0.0000062500,0.0004000000,0.1,722.5
2026-09-04T12:03:12.797+00:00,B_sell_A_buy,11.5454,5.6454,4466.6,4466.7,38.3658,9.6705,4471.86,4472.14,1.2786,0.6881,0.0000062500,0.0004000000,0.1,722.5
2026-09-04T12:03:13.871+00:00,A_sell_B_buy,-12.8428,-18.7428,4466.6,4466.7,40.3658,6.2097,4472.04,4472.34,0.1118,1.3115,0.0000062500,0.0004000000,0.1,202.8
2026-09-04T12:03:13.871+00:00,B_sell_A_buy,11.9479,6.0479,4466.6,4466.7,40.3658,6.2097,4472.04,4472.34,0.1118,1.3115,0.0000062500,0.0004000000,0.1,202.8
2026-09-04T12:03:15.094+00:00,A_sell_B_buy,-12.7757,-18.6757,4466.6,4466.7,38.5897,6.2097,4472.04,4472.31,0.1118,1.2535,0.0000062500,0.0004000000,428.2,0.1
2026-09-04T12:03:15.094+00:00,B_sell_A_buy,11.9479,6.0479,4466.6,4466.7,38.5897,6.2097,4472.04,4472.31,0.1118,1.2535,0.0000062500,0.0004000000,428.2,0.1
2026-09-04T12:03:16.342+00:00,A_sell_B_buy,-12.5522,-18.4522,4466.6,4466.7,38.7389,10.2097,4471.88,4472.21,0.1118,2.3849,0.0000062500,0.0004000000,0.1,252.0
2026-09-04T12:03:16.342+00:00,B_sell_A_buy,11.5901,5.6901,4466.6,4466.7,38.7389,10.2097,4471.88,4472.21,0.1118,2.3849,0.0000062500,0.0004000000,0.1,252.0
2026-09-04T12:03:17.346+00:00,A_sell_B_buy,-12.5522,-18.4522,4466.6,4466.7,38.7389,10.222,4471.88,4472.21,0.1118,0.3849,0.0000062500,0.0004000000,824.1,0.0
2026-09-04T12:03:17.346+00:00,B_sell_A_buy,11.5901,5.6901,4466.6,4466.7,38.7389,10.222,4471.88,4472.21,0.1118,0.3849,0.0000062500,0.0004000000,824.1,0.0
2026-09-04T12:03:18.386+00:00,A_sell_B_buy,-12.5745,-18.4745,4466.6,4466.7,35.4549,10.222,4471.97,4472.22,0.1118,2.4302,0.0000062500,0.0004000000,308.2,0.1
2026-09-04T12:03:18.386+00:00,B_sell_A_buy,11.7914,5.8914,4466.6,4466.7,35.4549,10.222,4471.97,4472.22,0.1118,2.4302,0.0000062500,0.0004000000,308.2,0.1
2026-09-04T12:03:19.439+00:00,A_sell_B_buy,-12.6863,-18.5863,4466.6,4466.7,35.4549,10.2097,4471.97,4472.27,0.1118,0.3994,0.0000062500,0.0004000000,401.0,0.1
2026-09-04T12:03:19.439+00:00,B_sell_A_buy,11.7913,5.8913,4466.6,4466.7,35.4549,10.2097,4471.97,4472.27,0.1118,0.3994,0.0000062500,0.0004000000,401.0,0.1
2026-09-04T12:03:20.443+00:00,A_sell_B_buy,-12.5745,-18.4745,4466.6,4466.7,35.4549,10.2097,4471.97,4472.22,0.1118,2.3947,0.0000062500,0.0004000000,1404.8,0.1
2026-09-04T12:03:20.443+00:00,B_sell_A_buy,11.7914,5.8914,4466.6,4466.7,35.4549,10.2097,4471.97,4472.22,0.1118,2.3947,0.0000062500,0.0004000000,1404.8,0.1
2026-09-04T12:03:23.091+00:00,A_sell_B_buy,-12.5745,-18.4745,4466.6,4466.7,35.4322,10.2097,4471.97,4472.22,0.1118,2.0,0.0000062500,0.0004000000,64.9,0.1
2026-09-04T12:03:23.091+00:00,B_sell_A_buy,11.7914,5.8914,4466.6,4466.7,35.4322,10.2097,4471.97,4472.22,0.1118,2.0,0.0000062500,0.0004000000,64.9,0.1
2026-09-04T12:03:24.170+00:00,A_sell_B_buy,-13.2006,-19.1006,4466.6,4466.7,38.8592,6.2097,4472.13,4472.5,0.1118,2.6879,0.0000062500,0.0004000000,365.9,0.1
2026-09-04T12:03:24.170+00:00,B_sell_A_buy,12.1491,6.2491,4466.6,4466.7,38.8592,6.2097,4472.13,4472.5,0.1118,2.6879,0.0000062500,0.0004000000,365.9,0.1
2026-09-04T12:03:25.686+00:00,A_sell_B_buy,-13.0442,-18.9442,4466.6,4466.7,38.4861,6.2097,4471.9,4472.43,0.4176,3.3528,0.0000062500,0.0004000000,949.6,0.1
2026-09-04T12:03:25.686+00:00,B_sell_A_buy,11.6347,5.7347,4466.6,4466.7,38.4861,6.2097,4471.9,4472.43,0.4176,3.3528,0.0000062500,0.0004000000,949.6,0.1
2026-09-04T12:03:27.407+00:00,A_sell_B_buy,-13.0887,-18.9887,4466.6,4466.7,40.4861,6.2097,4472.23,4472.45,0.5659,1.0036,0.0000062500,0.0004000000,0.1,550.7
2026-09-04T12:03:27.407+00:00,B_sell_A_buy,12.3728,6.4728,4466.6,4466.7,40.4861,6.2097,4472.23,4472.45,0.5659,1.0036,0.0000062500,0.0004000000,0.1,550.7
2026-09-04T12:03:29.115+00:00,A_sell_B_buy,-13.0888,-18.9888,4466.6,4466.7,42.4861,6.2097,4472.13,4472.45,3.2354,1.0036,0.0000062500,0.0004000000,1503.3,0.1
2026-09-04T12:03:29.115+00:00,B_sell_A_buy,12.1491,6.2491,4466.6,4466.7,42.4861,6.2097,4472.13,4472.45,3.2354,1.0036,0.0000062500,0.0004000000,1503.3,0.1
2026-09-04T12:03:30.119+00:00,A_sell_B_buy,-13.3572,-19.2572,4466.6,4466.7,86.087,9.5394,4472.12,4472.57,0.9894,3.2267,0.0000062500,0.0004000000,28.6,0.1
2026-09-04T12:03:30.119+00:00,B_sell_A_buy,12.1266,6.2266,4466.6,4466.7,86.087,9.5394,4472.12,4472.57,0.9894,3.2267,0.0000062500,0.0004000000,28.6,0.1
2026-09-04T12:03:31.384+00:00,A_sell_B_buy,-13.3571,-19.2571,4466.6,4466.7,89.5637,9.5394,4472.31,4472.57,0.6536,3.2267,0.0000062500,0.0004000000,934.8,0.1
2026-09-04T12:03:31.384+00:00,B_sell_A_buy,12.5516,6.6516,4466.6,4466.7,89.5637,9.5394,4472.31,4472.57,0.6536,3.2267,0.0000062500,0.0004000000,934.8,0.1
2026-09-04T12:03:32.463+00:00,A_sell_B_buy,-13.6925,-19.5925,4466.6,4466.7,89.5637,9.5394,4472.32,4472.72,0.6799,1.0036,0.0000062500,0.0004000000,540.3,0.1
2026-09-04T12:03:32.463+00:00,B_sell_A_buy,12.5739,6.6739,4466.6,4466.7,89.5637,9.5394,4472.32,4472.72,0.6799,1.0036,0.0000062500,0.0004000000,540.3,0.1
2026-09-04T12:03:34.116+00:00,A_sell_B_buy,-13.5137,-19.4137,4466.6,4466.7,91.8025,3.3297,4472.15,4472.64,0.3198,1.1925,0.0000062500,0.0004000000,1427.4,0.1
2026-09-04T12:03:34.116+00:00,B_sell_A_buy,12.1937,6.2937,4466.6,4466.7,91.8025,3.3297,4472.15,4472.64,0.3198,1.1925,0.0000062500,0.0004000000,1427.4,0.1
2026-09-04T12:03:35.332+00:00,A_sell_B_buy,-13.6031,-19.5031,4466.6,4466.7,96.2784,2.8297,4472.35,4472.68,0.4748,0.6494,0.0000062500,0.0004000000,0.1,512.6
2026-09-04T12:03:35.332+00:00,B_sell_A_buy,12.6410,6.7410,4466.6,4466.7,96.2784,2.8297,4472.35,4472.68,0.4748,0.6494,0.0000062500,0.0004000000,0.1,512.6
2026-09-04T12:03:36.391+00:00,A_sell_B_buy,-13.2900,-19.1900,4466.6,4466.7,90.8846,2.8152,4472.29,4472.54,3.2354,0.3929,0.0000062500,0.0004000000,85.0,0.1
2026-09-04T12:03:36.391+00:00,B_sell_A_buy,12.5069,6.6069,4466.6,4466.7,90.8846,2.8152,4472.29,4472.54,3.2354,0.3929,0.0000062500,0.0004000000,85.0,0.1
2026-09-04T12:03:37.395+00:00,A_sell_B_buy,-13.8939,-19.7939,4466.6,4466.7,83.8086,2.8152,4472.3,4472.81,1.9406,1.0036,0.0000062500,0.0004000000,0.1,477.5
2026-09-04T12:03:37.395+00:00,B_sell_A_buy,12.5291,6.6291,4466.6,4466.7,83.8086,2.8152,4472.3,4472.81,1.9406,1.0036,0.0000062500,0.0004000000,0.1,477.5
2026-09-04T12:03:39.583+00:00,A_sell_B_buy,-14.1622,-20.0622,4466.6,4466.7,91.5786,2.8152,4472.3,4472.93,1.9406,0.1842,0.0000062500,0.0004000000,1716.8,0.1
2026-09-04T12:03:39.583+00:00,B_sell_A_buy,12.5290,6.6290,4466.6,4466.7,91.5786,2.8152,4472.3,4472.93,1.9406,0.1842,0.0000062500,0.0004000000,1716.8,0.1
2026-09-04T12:03:40.608+00:00,A_sell_B_buy,-15.4142,-21.3142,4466.6,4466.7,103.7037,2.8152,4472.83,4473.49,0.6944,0.6879,0.0000062500,0.0004000000,133.6,0.1
2026-09-04T12:03:40.608+00:00,B_sell_A_buy,13.7139,7.8139,4466.6,4466.7,103.7037,2.8152,4472.83,4473.49,0.6944,0.6879,0.0000062500,0.0004000000,133.6,0.1
2026-09-04T12:03:41.926+00:00,A_sell_B_buy,-15.4139,-21.3139,4466.6,4466.7,162.2454,1.6346,4473.22,4473.49,0.1896,0.6879,0.0000062500,0.0004000000,458.1,0.1
2026-09-04T12:03:41.926+00:00,B_sell_A_buy,14.5861,8.6861,4466.6,4466.7,162.2454,1.6346,4473.22,4473.49,0.1896,0.6879,0.0000062500,0.0004000000,458.1,0.1
2026-09-04T12:03:43.196+00:00,A_sell_B_buy,-15.0339,-20.9339,4466.6,4466.7,164.1947,1.604,4473.02,4473.32,3.2354,0.4008,0.0000062500,0.0004000000,0.1,280.4
2026-09-04T12:03:43.196+00:00,B_sell_A_buy,14.1390,8.2390,4466.6,4466.7,164.1947,1.604,4473.02,4473.32,3.2354,0.4008,0.0000062500,0.0004000000,0.1,280.4
2026-09-04T12:03:45.117+00:00,A_sell_B_buy,-14.9891,-20.8891,4466.6,4466.7,163.4747,1.604,4473.02,4473.3,3.2354,1.0036,0.0000062500,0.0004000000,0.1,1674.7
2026-09-04T12:03:45.117+00:00,B_sell_A_buy,14.1390,8.2390,4466.6,4466.7,163.4747,1.604,4473.02,4473.3,3.2354,1.0036,0.0000062500,0.0004000000,0.1,1674.7
2026-09-04T12:03:46.160+00:00,A_sell_B_buy,-14.9668,-20.8668,4466.6,4466.7,163.1016,1.604,4473.02,4473.29,3.2354,0.997,0.0000062500,0.0004000000,742.0,0.1
2026-09-04T12:03:46.160+00:00,B_sell_A_buy,14.1390,8.2390,4466.6,4466.7,163.1016,1.604,4473.02,4473.29,3.2354,0.997,0.0000062500,0.0004000000,742.0,0.1
2026-09-04T12:03:47.202+00:00,A_sell_B_buy,-14.9890,-20.8890,4466.6,4466.7,163.1016,1.604,4473.16,4473.3,0.3399,1.0036,0.0000062500,0.0004000000,1784.7,0.1
2026-09-04T12:03:47.202+00:00,B_sell_A_buy,14.4521,8.5521,4466.6,4466.7,163.1016,1.604,4473.16,4473.3,0.3399,1.0036,0.0000062500,0.0004000000,1784.7,0.1
2026-09-04T12:03:50.055+00:00,A_sell_B_buy,-14.5868,-20.4868,4466.6,4466.7,163.781,1.604,4472.79,4473.12,3.2354,1.0036,0.0000062500,0.0004000000,0.1,545.1
2026-09-04T12:03:50.055+00:00,B_sell_A_buy,13.6248,7.7248,4466.6,4466.7,163.781,1.604,4472.79,4473.12,3.2354,1.0036,0.0000062500,0.0004000000,0.1,545.1
2026-09-04T12:03:51.091+00:00,A_sell_B_buy,-13.9607,-19.8607,4466.6,4466.7,163.781,1.604,4472.68,4472.84,0.4161,0.7707,0.0000062500,0.0004000000,1035.2,0.1
2026-09-04T12:03:51.091+00:00,B_sell_A_buy,13.3790,7.4790,4466.6,4466.7,163.781,1.604,4472.68,4472.84,0.4161,0.7707,0.0000062500,0.0004000000,1035.2,0.1
2026-09-04T12:03:52.333+00:00,A_sell_B_buy,-14.2738,-20.1738,4466.6,4466.7,93.208,1.604,4472.59,4472.98,0.6221,3.2354,0.0000062500,0.0004000000,0.1,1084.2
2026-09-04T12:03:52.333+00:00,B_sell_A_buy,13.1776,7.2776,4466.6,4466.7,93.208,1.604,4472.59,4472.98,0.6221,3.2354,0.0000062500,0.0004000000,0.1,1084.2
2026-09-04T12:03:53.694+00:00,A_sell_B_buy,-13.9160,-19.8160,4466.6,4466.7,93.208,1.604,4472.59,4472.82,0.6221,1.0036,0.0000062500,0.0004000000,1361.3,0.1
2026-09-04T12:03:53.694+00:00,B_sell_A_buy,13.1777,7.2777,4466.6,4466.7,93.208,1.604,4472.59,4472.82,0.6221,1.0036,0.0000062500,0.0004000000,1361.3,0.1
2026-09-04T12:03:58.975+00:00,A_sell_B_buy,-12.7981,-18.6981,4466.6,4466.7,83.5587,1.604,4472.03,4472.32,0.6253,1.0036,0.0000062500,0.0004000000,0.1,437.4
2026-09-04T12:03:58.975+00:00,B_sell_A_buy,11.9255,6.0255,4466.6,4466.7,83.5587,1.604,4472.03,4472.32,0.6253,1.0036,0.0000062500,0.0004000000,0.1,437.4
2026-09-04T12:04:00.000+00:00,A_sell_B_buy,-12.7979,-18.6979,4466.6,4466.7,85.6032,2.604,4472.25,4472.32,3.2454,0.9536,0.0000062500,0.0004000000,178.8,0.1
2026-09-04T12:04:00.000+00:00,B_sell_A_buy,12.4176,6.5176,4466.6,4466.7,85.6032,2.604,4472.25,4472.32,3.2454,0.9536,0.0000062500,0.0004000000,178.8,0.1
2026-09-04T12:04:06.242+00:00,A_sell_B_buy,-12.7979,-18.6979,4466.6,4466.7,85.6032,2.5828,4472.31,4472.32,0.7369,0.9513,0.0000062500,0.0004000000,92.8,0.1
2026-09-04T12:04:06.242+00:00,B_sell_A_buy,12.5518,6.6518,4466.6,4466.7,85.6032,2.5828,4472.31,4472.32,0.7369,0.9513,0.0000062500,0.0004000000,92.8,0.1
2026-09-04T12:04:08.243+00:00,A_sell_B_buy,-13.4688,-19.3688,4466.6,4466.7,95.8243,1.5828,4472.42,4472.62,2.0,1.0036,0.0000062500,0.0004000000,1329.1,0.1
2026-09-04T12:04:08.243+00:00,B_sell_A_buy,12.7976,6.8976,4466.6,4466.7,95.8243,1.5828,4472.42,4472.62,2.0,1.0036,0.0000062500,0.0004000000,1329.1,0.1
2026-09-04T12:04:09.873+00:00,A_sell_B_buy,-13.3124,-19.2124,4466.6,4466.7,93.6811,1.5828,4472.27,4472.55,0.5795,0.3677,0.0000062500,0.0004000000,0.1,34.1
2026-09-04T12:04:09.873+00:00,B_sell_A_buy,12.4622,6.5622,4466.6,4466.7,93.6811,1.5828,4472.27,4472.55,0.5795,0.3677,0.0000062500,0.0004000000,0.1,34.1
2026-09-04T12:04:11.136+00:00,A_sell_B_buy,-13.2676,-19.1676,4466.6,4466.7,88.0214,1.5828,4472.37,4472.53,2.3666,1.0036,0.0000062500,0.0004000000,973.9,0.1
2026-09-04T12:04:11.136+00:00,B_sell_A_buy,12.6858,6.7858,4466.6,4466.7,88.0214,1.5828,4472.37,4472.53,2.3666,1.0036,0.0000062500,0.0004000000,973.9,0.1
2026-09-04T12:04:17.917+00:00,A_sell_B_buy,-13.9160,-19.8160,4466.6,4466.7,95.4641,1.5828,4472.64,4472.82,0.3089,1.0036,0.0000062500,0.0004000000,0.1,379.0
2026-09-04T12:04:17.917+00:00,B_sell_A_buy,13.2895,7.3895,4466.6,4466.7,95.4641,1.5828,4472.64,4472.82,0.3089,1.0036,0.0000062500,0.0004000000,0.1,379.0
2026-09-04T12:04:18.923+00:00,A_sell_B_buy,-13.9160,-19.8160,4466.6,4466.7,95.6135,1.5828,4472.59,4472.82,0.3689,1.0036,0.0000062500,0.0004000000,397.3,0.1
2026-09-04T12:04:18.923+00:00,B_sell_A_buy,13.1777,7.2777,4466.6,4466.7,95.6135,1.5828,4472.59,4472.82,0.3689,1.0036,0.0000062500,0.0004000000,397.3,0.1
2026-09-04T12:04:20.409+00:00,A_sell_B_buy,-13.9159,-19.8159,4466.6,4466.7,95.6135,1.5828,4472.65,4472.82,2.9413,1.0036,0.0000062500,0.0004000000,1883.0,0.1
2026-09-04T12:04:20.409+00:00,B_sell_A_buy,13.3119,7.4119,4466.6,4466.7,95.6135,1.5828,4472.65,4472.82,2.9413,1.0036,0.0000062500,0.0004000000,1883.0,0.1
2026-09-04T12:04:21.411+00:00,A_sell_B_buy,-14.2961,-20.1961,4466.6,4466.7,102.94,1.5828,4472.72,4472.99,0.2936,1.0036,0.0000062500,0.0004000000,17.5,0.1
2026-09-04T12:04:21.411+00:00,B_sell_A_buy,13.4683,7.5683,4466.6,4466.7,102.94,1.5828,4472.72,4472.99,0.2936,1.0036,0.0000062500,0.0004000000,17.5,0.1
2026-09-04T12:04:23.262+00:00,A_sell_B_buy,-14.2961,-20.1961,4466.6,4466.7,95.6135,1.5828,4472.76,4472.99,2.9737,1.0036,0.0000062500,0.0004000000,1482.1,0.1
2026-09-04T12:04:23.262+00:00,B_sell_A_buy,13.5578,7.6578,4466.6,4466.7,95.6135,1.5828,4472.76,4472.99,2.9737,1.0036,0.0000062500,0.0004000000,1482.1,0.1
2026-09-04T12:04:24.584+00:00,A_sell_B_buy,-14.2959,-20.1959,4466.6,4466.7,102.9466,1.5828,4472.92,4472.99,2.3202,1.0036,0.0000062500,0.0004000000,0.1,174.3
2026-09-04T12:04:24.584+00:00,B_sell_A_buy,13.9156,8.0156,4466.6,4466.7,102.9466,1.5828,4472.92,4472.99,2.3202,1.0036,0.0000062500,0.0004000000,0.1,174.3
2026-09-04T12:04:25.720+00:00,A_sell_B_buy,-14.9892,-20.8892,4466.6,4466.7,170.1549,1.5828,4472.93,4473.3,2.5724,0.3315,0.0000062500,0.0004000000,1028.8,0.1
2026-09-04T12:04:25.720+00:00,B_sell_A_buy,13.9377,8.0377,4466.6,4466.7,170.1549,1.5828,4472.93,4473.3,2.5724,0.3315,0.0000062500,0.0004000000,1028.8,0.1
2026-09-04T12:04:26.752+00:00,A_sell_B_buy,-14.9443,-20.8443,4466.6,4466.7,171.3688,1.5828,4473.17,4473.28,0.6373,1.0036,0.0000062500,0.0004000000,144.2,0.1
2026-09-04T12:04:26.752+00:00,B_sell_A_buy,14.4745,8.5745,4466.6,4466.7,171.3688,1.5828,4473.17,4473.28,0.6373,1.0036,0.0000062500,0.0004000000,144.2,0.1
2026-09-04T12:04:27.976+00:00,A_sell_B_buy,-14.9444,-20.8444,4466.6,4466.7,164.0357,1.5828,4473.05,4473.28,0.4182,1.0036,0.0000062500,0.0004000000,481.1,0.1
2026-09-04T12:04:27.976+00:00,B_sell_A_buy,14.2061,8.3061,4466.6,4466.7,164.0357,1.5828,4473.05,4473.28,0.4182,1.0036,0.0000062500,0.0004000000,481.1,0.1
2026-09-04T12:04:29.013+00:00,A_sell_B_buy,-14.7432,-20.6432,4466.6,4466.7,164.0357,1.5828,4472.96,4473.19,0.4259,0.7816,0.0000062500,0.0004000000,1518.4,0.1
2026-09-04T12:04:29.013+00:00,B_sell_A_buy,14.0049,8.1049,4466.6,4466.7,164.0357,1.5828,4472.96,4473.19,0.4259,0.7816,0.0000062500,0.0004000000,1518.4,0.1
2026-09-04T12:04:30.752+00:00,A_sell_B_buy,-14.9220,-20.8220,4466.6,4466.7,163.5418,1.5828,4473.04,4473.27,0.4268,1.224,0.0000062500,0.0004000000,0.1,154.7
2026-09-04T12:04:30.752+00:00,B_sell_A_buy,14.1838,8.2838,4466.6,4466.7,163.5418,1.5828,4473.04,4473.27,0.4268,1.224,0.0000062500,0.0004000000,0.1,154.7
2026-09-04T12:04:31.849+00:00,A_sell_B_buy,-14.9891,-20.8891,4466.6,4466.7,163.5418,1.5828,4473.06,4473.3,0.4179,0.3315,0.0000062500,0.0004000000,1096.5,0.1
2026-09-04T12:04:31.849+00:00,B_sell_A_buy,14.2285,8.3285,4466.6,4466.7,163.5418,1.5828,4473.06,4473.3,0.4179,0.3315,0.0000062500,0.0004000000,1096.5,0.1
2026-09-04T12:04:33.119+00:00,A_sell_B_buy,-15.8389,-21.7389,4466.6,4466.7,170.9359,1.5828,4473.09,4473.68,0.4274,0.6878,0.0000062500,0.0004000000,0.1,171.3
2026-09-04T12:04:33.119+00:00,B_sell_A_buy,14.2952,8.3952,4466.6,4466.7,170.9359,1.5828,4473.09,4473.68,0.4274,0.6878,0.0000062500,0.0004000000,0.1,171.3
2026-09-04T12:04:34.235+00:00,A_sell_B_buy,-15.5480,-21.4480,4466.6,4466.7,177.6332,1.5828,4473.27,4473.55,0.4314,0.1118,0.0000062500,0.0004000000,665.4,0.1
2026-09-04T12:04:34.235+00:00,B_sell_A_buy,14.6979,8.7979,4466.6,4466.7,177.6332,1.5828,4473.27,4473.55,0.4314,0.1118,0.0000062500,0.0004000000,665.4,0.1
2026-09-04T12:04:35.254+00:00,A_sell_B_buy,-15.3691,-21.2691,4466.6,4466.7,170.2391,1.5828,4473.26,4473.47,2.4306,1.0036,0.0000062500,0.0004000000,768.6,0.1
2026-09-04T12:04:35.254+00:00,B_sell_A_buy,14.6756,8.7756,4466.6,4466.7,170.2391,1.5828,4473.26,4473.47,2.4306,1.0036,0.0000062500,0.0004000000,768.6,0.1
2026-09-04T12:04:37.029+00:00,A_sell_B_buy,-15.3244,-21.2244,4466.6,4466.7,170.2391,1.5651,4473.23,4473.45,2.0,1.0036,0.0000062500,0.0004000000,1015.4,0.1
2026-09-04T12:04:37.029+00:00,B_sell_A_buy,14.6085,8.7085,4466.6,4466.7,170.2391,1.5651,4473.23,4473.45,2.0,1.0036,0.0000062500,0.0004000000,1015.4,0.1
2026-09-04T12:04:38.233+00:00,A_sell_B_buy,-15.3244,-21.2244,4466.6,4466.7,170.2391,1.4542,4473.22,4473.45,0.3929,1.0036,0.0000062500,0.0004000000,474.9,0.1
2026-09-04T12:04:38.233+00:00,B_sell_A_buy,14.5862,8.6862,4466.6,4466.7,170.2391,1.4542,4473.22,4473.45,0.3929,1.0036,0.0000062500,0.0004000000,474.9,0.1
2026-09-04T12:04:40.768+00:00,A_sell_B_buy,-16.1069,-22.0069,4466.6,4466.7,170.2391,1.2322,4473.39,4473.8,0.7798,0.3315,0.0000062500,0.0004000000,0.1,134.8
2026-09-04T12:04:40.768+00:00,B_sell_A_buy,14.9660,9.0660,4466.6,4466.7,170.2391,1.2322,4473.39,4473.8,0.7798,0.3315,0.0000062500,0.0004000000,0.1,134.8
2026-09-04T12:04:42.303+00:00,A_sell_B_buy,-15.8833,-21.7833,4466.6,4466.7,170.2391,1.2322,4473.43,4473.7,0.2844,1.0036,0.0000062500,0.0004000000,1534.8,0.1
2026-09-04T12:04:42.303+00:00,B_sell_A_buy,15.0556,9.1556,4466.6,4466.7,170.2391,1.2322,4473.43,4473.7,0.2844,1.0036,0.0000062500,0.0004000000,1534.8,0.1
2026-09-04T12:04:43.459+00:00,A_sell_B_buy,-16.1067,-22.0067,4466.6,4466.7,170.2391,0.8692,4473.65,4473.8,5.2354,0.3315,0.0000062500,0.0004000000,0.0,75.3
2026-09-04T12:04:43.459+00:00,B_sell_A_buy,15.5474,9.6474,4466.6,4466.7,170.2391,0.8692,4473.65,4473.8,5.2354,0.3315,0.0000062500,0.0004000000,0.0,75.3
2026-09-04T12:04:44.542+00:00,A_sell_B_buy,-16.1067,-22.0067,4466.6,4466.7,170.2391,0.0362,4473.67,4473.8,1.4429,0.3315,0.0000062500,0.0004000000,702.9,0.1
2026-09-04T12:04:44.542+00:00,B_sell_A_buy,15.5922,9.6922,4466.6,4466.7,170.2391,0.0362,4473.67,4473.8,1.4429,0.3315,0.0000062500,0.0004000000,702.9,0.1
2026-09-04T12:04:45.580+00:00,A_sell_B_buy,-17.4918,-23.3918,4466.6,4467.7,170.3275,1.0,4473.98,4474.42,0.5228,0.4692,0.0000062500,0.0004000000,0.1,44.0
2026-09-04T12:04:45.580+00:00,B_sell_A_buy,14.0471,8.1471,4466.6,4467.7,170.3275,1.0,4473.98,4474.42,0.5228,0.4692,0.0000062500,0.0004000000,0.1,44.0
2026-09-04T12:04:46.628+00:00,A_sell_B_buy,-15.2541,-21.1541,4467.6,4467.7,226.3039,1.0,4473.98,4474.42,2.5228,0.4692,0.0000062500,0.0004000000,0.1,421.0
2026-09-04T12:04:46.628+00:00,B_sell_A_buy,14.0463,8.1463,4467.6,4467.7,226.3039,1.0,4473.98,4474.42,2.5228,0.4692,0.0000062500,0.0004000000,0.1,421.0
2026-09-04T12:04:47.881+00:00,A_sell_B_buy,-14.8069,-20.7069,4467.6,4467.7,229.9244,0.778,4473.98,4474.22,2.5228,1.0036,0.0000062500,0.0004000000,0.1,408.4
2026-09-04T12:04:47.881+00:00,B_sell_A_buy,14.0465,8.1465,4467.6,4467.7,229.9244,0.778,4473.98,4474.22,2.5228,1.0036,0.0000062500,0.0004000000,0.1,408.4
2026-09-04T12:04:48.885+00:00,A_sell_B_buy,-14.4270,-20.3270,4467.6,4467.7,229.9244,0.778,4473.82,4474.05,0.5168,0.0395,0.0000062500,0.0004000000,1004.8,0.1
2026-09-04T12:04:48.885+00:00,B_sell_A_buy,13.6888,7.7888,4467.6,4467.7,229.9244,0.778,4473.82,4474.05,0.5168,0.0395,0.0000062500,0.0004000000,1004.8,0.1
2026-09-04T12:04:50.025+00:00,A_sell_B_buy,-14.6954,-20.5954,4467.6,4467.7,223.9784,0.9739,4473.73,4474.17,2.455,1.0805,0.0000062500,0.0004000000,989.3,0.1
2026-09-04T12:04:50.025+00:00,B_sell_A_buy,13.4875,7.5875,4467.6,4467.7,223.9784,0.9739,4473.73,4474.17,2.455,1.0805,0.0000062500,0.0004000000,989.3,0.1
2026-09-04T12:04:51.064+00:00,A_sell_B_buy,-14.3376,-20.2376,4467.6,4467.7,224.3463,0.9739,4473.72,4474.01,0.4963,0.9395,0.0000062500,0.0004000000,935.7,0.1
2026-09-04T12:04:51.064+00:00,B_sell_A_buy,13.4653,7.5653,4467.6,4467.7,224.3463,0.9739,4473.72,4474.01,0.4963,0.9395,0.0000062500,0.0004000000,935.7,0.1
