ts_utc,direction,gross_bps,net_bps,bid_A,ask_A,bid_size_A,ask_size_A,bid_B,ask_B,bid_size_B,ask_size_B,funding_A,funding_B,age_A_ms,age_B_ms
2026-09-05T15:32:05.727+00:00,B_sell_A_buy,12.7173,5.9173,4432.0,4432.1,3.8918,10.4535,4437.74,4437.75,18.204,15.963,0.0000062500,0.0000000000,0.3,234.1
2026-09-05T15:32:05.736+00:00,B_sell_A_buy,12.7173,5.9173,4432.0,4432.1,3.8918,10.4535,4437.74,4437.75,18.204,15.936,0.0000062500,0.0000000000,9.7,0.2
2026-09-05T15:32:05.736+00:00,B_sell_A_buy,12.7173,5.9173,4432.0,4432.1,3.8918,10.4535,4437.74,4437.75,18.204,15.909,0.0000062500,0.0000000000,9.9,0.3
2026-09-05T15:32:05.736+00:00,B_sell_A_buy,12.7173,5.9173,4432.0,4432.1,3.8918,10.4535,4437.74,4437.75,18.204,15.415,0.0000062500,0.0000000000,9.9,0.4
2026-09-05T15:32:05.877+00:00,B_sell_A_buy,12.7173,5.9173,4432.0,4432.1,3.8918,10.4535,4437.74,4437.75,18.147,15.415,0.0000062500,0.0000000000,151.6,0.2
2026-09-05T15:32:05.941+00:00,B_sell_A_buy,12.7173,5.9173,4432.0,4432.1,3.8918,10.4535,4437.74,4437.75,18.147,15.358,0.0000062500,0.0000000000,215.1,0.3
2026-09-05T15:32:06.131+00:00,B_sell_A_buy,12.7173,5.9173,4432.0,4432.1,3.8918,10.4535,4437.74,4437.75,18.09,15.358,0.0000062500,0.0000000000,404.8,0.3
2026-09-05T15:32:06.131+00:00,B_sell_A_buy,12.7173,5.9173,4432.0,4432.1,3.8918,10.4535,4437.74,4437.75,18.09,15.301,0.0000062500,0.0000000000,405.0,0.4
2026-09-05T15:32:06.184+00:00,B_sell_A_buy,12.7173,5.9173,4432.0,4432.1,3.8918,10.4535,4437.74,4437.75,17.486,15.301,0.0000062500,0.0000000000,458.6,0.2
2026-09-05T15:32:06.184+00:00,B_sell_A_buy,12.7173,5.9173,4432.0,4432.1,3.8918,10.4535,4437.74,4437.75,17.431,15.301,0.0000062500,0.0000000000,458.8,0.4
2026-09-05T15:32:06.399+00:00,B_sell_A_buy,12.7173,5.9173,4432.0,4432.1,3.8918,10.4535,4437.74,4437.75,17.431,13.892,0.0000062500,0.0000000000,672.5,0.2
2026-09-05T15:32:06.399+00:00,B_sell_A_buy,12.7173,5.9173,4432.0,4432.1,3.8918,10.4535,4437.74,4437.75,17.431,15.301,0.0000062500,0.0000000000,672.7,0.4
2026-09-05T15:32:06.435+00:00,B_sell_A_buy,12.7173,5.9173,4432.0,4432.1,3.8918,10.4535,4437.74,4437.75,17.366,15.301,0.0000062500,0.0000000000,709.2,0.3
2026-09-05T15:32:06.491+00:00,B_sell_A_buy,12.7173,5.9173,4432.0,4432.1,3.8918,10.4535,4437.74,4437.75,17.366,15.236,0.0000062500,0.0000000000,765.2,0.2
2026-09-05T15:32:06.678+00:00,B_sell_A_buy,12.7173,5.9173,4432.0,4432.1,3.8918,10.4535,4437.74,4437.75,17.301,15.236,0.0000062500,0.0000000000,952.4,0.2
2026-09-05T15:32:06.679+00:00,B_sell_A_buy,12.7173,5.9173,4432.0,4432.1,3.8918,10.4535,4437.74,4437.75,17.301,15.171,0.0000062500,0.0000000000,952.5,0.3
2026-09-05T15:32:06.940+00:00,B_sell_A_buy,12.7173,5.9173,4432.0,4432.1,3.8918,10.4535,4437.74,4437.75,17.248,15.171,0.0000062500,0.0000000000,1213.7,0.2
2026-09-05T15:32:06.985+00:00,B_sell_A_buy,12.7173,5.9173,4432.0,4432.1,3.8918,10.4535,4437.74,4437.75,17.248,15.118,0.0000062500,0.0000000000,1258.8,0.2
2026-09-05T15:32:07.033+00:00,B_sell_A_buy,12.7173,5.9173,4432.0,4432.1,3.8918,10.4535,4437.74,4437.75,17.248,14.572,0.0000062500,0.0000000000,1307.8,0.1
2026-09-05T15:32:07.033+00:00,B_sell_A_buy,12.7173,5.9173,4432.0,4432.1,3.8918,10.4535,4437.74,4437.75,17.248,14.542,0.0000062500,0.0000000000,1307.9,0.2
2026-09-05T15:32:07.080+00:00,B_sell_A_buy,12.7173,5.9173,4432.0,4432.1,3.8918,10.4535,4437.74,4437.75,17.248,14.512,0.0000062500,0.0000000000,1354.2,0.2
2026-09-05T15:32:07.180+00:00,B_sell_A_buy,12.7173,5.9173,4432.0,4432.1,3.8918,10.4535,4437.74,4437.75,17.248,14.459,0.0000062500,0.0000000000,1454.1,0.2
2026-09-05T15:32:07.221+00:00,B_sell_A_buy,12.7173,5.9173,4432.0,4432.1,3.8918,10.4535,4437.74,4437.75,17.195,14.459,0.0000062500,0.0000000000,1494.5,0.2
2026-09-05T15:32:07.435+00:00,B_sell_A_buy,12.7173,5.9173,4432.0,4432.1,3.8918,10.4535,4437.74,4437.75,16.577,14.459,0.0000062500,0.0000000000,1709.1,0.2
2026-09-05T15:32:07.525+00:00,B_sell_A_buy,12.7173,5.9173,4432.0,4432.1,3.8918,10.4535,4437.74,4437.75,16.577,13.05,0.0000062500,0.0000000000,1798.9,0.2
2026-09-05T15:32:07.531+00:00,B_sell_A_buy,12.7173,5.9173,4432.0,4432.1,3.8918,10.4535,4437.74,4437.75,16.001,13.05,0.0000062500,0.0000000000,1805.0,0.2
2026-09-05T15:32:11.457+00:00,B_sell_A_buy,12.7173,5.9173,4432.0,4432.1,3.0911,10.4535,4437.74,4437.75,15.711,5.569,0.0000062500,0.0000000000,0.3,131.2
2026-09-05T15:32:11.535+00:00,B_sell_A_buy,12.7173,5.9173,4432.0,4432.1,3.0911,10.4535,4437.74,4437.75,15.665,5.569,0.0000062500,0.0000000000,78.8,0.3
2026-09-05T15:32:11.535+00:00,B_sell_A_buy,12.7173,5.9173,4432.0,4432.1,3.0911,10.4535,4437.74,4437.75,15.665,5.523,0.0000062500,0.0000000000,79.0,0.4
2026-09-05T15:32:11.627+00:00,B_sell_A_buy,12.7173,5.9173,4432.0,4432.1,3.0911,10.4535,4437.74,4437.75,15.665,5.478,0.0000062500,0.0000000000,170.5,0.3
2026-09-05T15:32:11.680+00:00,B_sell_A_buy,12.7173,5.9173,4432.0,4432.1,3.0911,10.4535,4437.74,4437.75,15.665,5.451,0.0000062500,0.0000000000,223.3,0.2
2026-09-05T15:32:11.680+00:00,B_sell_A_buy,12.7173,5.9173,4432.0,4432.1,3.0911,10.4535,4437.74,4437.75,15.665,5.424,0.0000062500,0.0000000000,223.4,0.3
2026-09-05T15:32:11.680+00:00,B_sell_A_buy,12.7173,5.9173,4432.0,4432.1,3.0911,10.4535,4437.74,4437.75,15.665,4.932,0.0000062500,0.0000000000,223.5,0.3
2026-09-05T15:32:11.790+00:00,B_sell_A_buy,12.7173,5.9173,4432.0,4432.1,3.0911,10.4535,4437.74,4437.75,15.62,4.932,0.0000062500,0.0000000000,333.7,0.3
2026-09-05T15:32:11.986+00:00,B_sell_A_buy,12.7173,5.9173,4432.0,4432.1,3.0911,10.4535,4437.74,4437.75,15.575,4.932,0.0000062500,0.0000000000,529.0,0.2
2026-09-05T15:32:11.986+00:00,B_sell_A_buy,12.7173,5.9173,4432.0,4432.1,3.0911,10.4535,4437.74,4437.75,15.575,4.887,0.0000062500,0.0000000000,529.1,0.3
2026-09-05T15:32:11.997+00:00,B_sell_A_buy,12.7173,5.9173,4432.0,4432.1,4.1399,10.4535,4437.74,4437.75,15.575,4.887,0.0000062500,0.0000000000,0.1,11.3
2026-09-05T15:32:12.130+00:00,B_sell_A_buy,12.7173,5.9173,4432.0,4432.1,4.1399,10.4535,4437.74,4437.75,14.987,4.887,0.0000062500,0.0000000000,133.8,0.3
2026-09-05T15:32:12.179+00:00,B_sell_A_buy,12.7173,5.9173,4432.0,4432.1,4.1399,10.4535,4437.74,4437.75,14.987,4.828,0.0000062500,0.0000000000,182.9,0.2
2026-09-05T15:32:12.179+00:00,B_sell_A_buy,12.7173,5.9173,4432.0,4432.1,4.1399,10.4535,4437.74,4437.75,14.928,4.828,0.0000062500,0.0000000000,183.1,0.4
2026-09-05T15:32:12.273+00:00,B_sell_A_buy,12.7173,5.9173,4432.0,4432.1,3.0911,10.4535,4437.74,4437.75,14.928,4.828,0.0000062500,0.0000000000,0.3,93.7
2026-09-05T15:32:12.328+00:00,B_sell_A_buy,12.7173,5.9173,4432.0,4432.1,3.0911,10.4535,4437.74,4437.75,3.482,4.828,0.0000062500,0.0000000000,55.3,0.2
2026-09-05T15:32:12.329+00:00,B_sell_A_buy,12.6722,5.8722,4432.0,4432.1,3.0911,10.4535,4437.72,4437.75,2.957,4.828,0.0000062500,0.0000000000,55.4,0.3
2026-09-05T15:32:12.397+00:00,B_sell_A_buy,12.6722,5.8722,4432.0,4432.1,3.0911,10.4535,4437.72,4437.75,2.957,4.769,0.0000062500,0.0000000000,125.0,0.2
2026-09-05T15:32:12.427+00:00,B_sell_A_buy,12.6722,5.8722,4432.0,4432.1,3.0911,10.4535,4437.72,4437.75,2.957,3.502,0.0000062500,0.0000000000,154.2,0.2
2026-09-05T15:32:12.479+00:00,B_sell_A_buy,12.6722,5.8722,4432.0,4432.1,3.0911,10.4535,4437.72,4437.75,2.957,2.478,0.0000062500,0.0000000000,206.4,0.2
2026-09-05T15:32:12.480+00:00,B_sell_A_buy,12.6722,5.8722,4432.0,4432.1,3.0911,10.4535,4437.72,4437.78,2.957,1.69,0.0000062500,0.0000000000,206.5,0.3
2026-09-05T15:32:12.480+00:00,B_sell_A_buy,12.6722,5.8722,4432.0,4432.1,3.0911,10.4535,4437.72,4437.74,2.957,9.757,0.0000062500,0.0000000000,206.5,0.3
2026-09-05T15:32:12.480+00:00,B_sell_A_buy,12.6722,5.8722,4432.0,4432.1,3.0911,10.4535,4437.72,4437.74,2.957,13.057,0.0000062500,0.0000000000,206.6,0.3
2026-09-05T15:32:12.532+00:00,B_sell_A_buy,12.6722,5.8722,4432.0,4432.1,3.0911,10.4535,4437.72,4437.74,2.957,14.324,0.0000062500,0.0000000000,259.9,0.3
2026-09-05T15:32:12.572+00:00,B_sell_A_buy,12.6722,5.8722,4432.0,4432.1,3.0911,10.4535,4437.72,4437.74,2.957,4.567,0.0000062500,0.0000000000,299.3,0.2
2026-09-05T15:32:12.572+00:00,B_sell_A_buy,12.6722,5.8722,4432.0,4432.1,3.0911,10.4535,4437.72,4437.74,2.957,1.267,0.0000062500,0.0000000000,299.4,0.3
2026-09-05T15:32:12.576+00:00,B_sell_A_buy,12.6722,5.8722,4432.0,4432.1,3.0911,10.4535,4437.72,4437.73,2.957,9.739,0.0000062500,0.0000000000,302.9,0.1
2026-09-05T15:32:12.576+00:00,B_sell_A_buy,12.6722,5.8722,4432.0,4432.1,3.0911,10.4535,4437.72,4437.73,2.957,13.039,0.0000062500,0.0000000000,303.1,0.2
2026-09-05T15:32:12.631+00:00,B_sell_A_buy,12.6722,5.8722,4432.0,4432.1,3.0911,10.4535,4437.72,4437.73,2.957,13.006,0.0000062500,0.0000000000,358.5,0.2
2026-09-05T15:32:12.631+00:00,B_sell_A_buy,12.6722,5.8722,4432.0,4432.1,3.0911,10.4535,4437.72,4437.73,2.957,12.412,0.0000062500,0.0000000000,358.6,0.3
2026-09-05T15:32:12.631+00:00,B_sell_A_buy,12.6722,5.8722,4432.0,4432.1,3.0911,10.4535,4437.72,4437.73,2.957,12.379,0.0000062500,0.0000000000,358.6,0.3
2026-09-05T15:32:12.785+00:00,B_sell_A_buy,12.6722,5.8722,4432.0,4432.1,3.0911,10.4535,4437.72,4437.73,2.898,12.379,0.0000062500,0.0000000000,512.4,0.3
2026-09-05T15:32:12.982+00:00,B_sell_A_buy,12.6722,5.8722,4432.0,4432.1,3.0911,10.4535,4437.72,4437.73,2.843,12.379,0.0000062500,0.0000000000,709.7,0.2
2026-09-05T15:32:13.029+00:00,B_sell_A_buy,12.6722,5.8722,4432.0,4432.1,3.0911,10.4535,4437.72,4437.73,2.296,12.379,0.0000062500,0.0000000000,756.5,0.2
2026-09-05T15:32:13.394+00:00,B_sell_A_buy,12.6722,5.8722,4432.0,4432.1,3.0911,10.4535,4437.72,4437.73,2.296,13.646,0.0000062500,0.0000000000,1120.8,0.1
2026-09-05T15:32:13.481+00:00,B_sell_A_buy,12.6722,5.8722,4432.0,4432.1,3.0911,10.4535,4437.72,4437.73,21.956,13.646,0.0000062500,0.0000000000,1208.4,0.2
2026-09-05T15:32:13.481+00:00,B_sell_A_buy,12.6722,5.8722,4432.0,4432.1,3.0911,10.4535,4437.72,4437.73,18.472,13.646,0.0000062500,0.0000000000,1208.6,0.4
2026-09-05T15:32:13.881+00:00,B_sell_A_buy,12.6722,5.8722,4432.0,4432.1,3.0911,10.4535,4437.72,4437.73,15.626,13.646,0.0000062500,0.0000000000,1608.8,0.2
2026-09-05T15:32:17.438+00:00,B_sell_A_buy,12.6722,5.8722,4432.0,4432.1,3.3217,10.4535,4437.72,4437.73,13.494,9.963,0.0000062500,0.0000000000,0.3,494.4
2026-09-05T15:32:17.538+00:00,B_sell_A_buy,12.6722,5.8722,4432.0,4432.1,3.3217,10.4535,4437.72,4437.73,13.494,9.454,0.0000062500,0.0000000000,100.7,0.2
2026-09-05T15:32:17.538+00:00,B_sell_A_buy,12.6722,5.8722,4432.0,4432.1,3.3217,10.4535,4437.72,4437.73,13.494,9.426,0.0000062500,0.0000000000,100.8,0.3
2026-09-05T15:32:17.538+00:00,B_sell_A_buy,12.6722,5.8722,4432.0,4432.1,3.3217,10.4535,4437.72,4437.73,13.494,9.398,0.0000062500,0.0000000000,100.8,0.3
2026-09-05T15:32:17.780+00:00,B_sell_A_buy,12.6722,5.8722,4432.0,4432.1,3.3217,10.4535,4437.72,4437.73,16.976,9.398,0.0000062500,0.0000000000,343.1,0.2
2026-09-05T15:32:17.844+00:00,B_sell_A_buy,12.6722,5.8722,4432.0,4432.1,3.3217,10.4535,4437.72,4437.73,16.92,9.398,0.0000062500,0.0000000000,406.8,0.3
2026-09-05T15:32:17.844+00:00,B_sell_A_buy,12.6722,5.8722,4432.0,4432.1,3.3217,10.4535,4437.72,4437.73,16.92,9.342,0.0000062500,0.0000000000,407.0,0.5
2026-09-05T15:32:17.851+00:00,B_sell_A_buy,12.6722,5.8722,4432.0,4432.1,3.0911,10.4535,4437.72,4437.73,16.92,9.342,0.0000062500,0.0000000000,0.1,7.1
2026-09-05T15:32:18.038+00:00,B_sell_A_buy,12.6722,5.8722,4432.0,4432.1,3.0911,10.4535,4437.72,4437.73,16.439,9.342,0.0000062500,0.0000000000,187.9,0.2
2026-09-05T15:32:18.038+00:00,B_sell_A_buy,12.6722,5.8722,4432.0,4432.1,3.0911,10.4535,4437.72,4437.73,16.439,9.286,0.0000062500,0.0000000000,188.1,0.3
2026-09-05T15:32:18.038+00:00,B_sell_A_buy,12.6722,5.8722,4432.0,4432.1,3.0911,10.4535,4437.72,4437.73,16.383,9.286,0.0000062500,0.0000000000,188.1,0.3
2026-09-05T15:32:18.088+00:00,B_sell_A_buy,12.6722,5.8722,4432.0,4432.1,3.0911,10.4535,4437.72,4437.73,16.383,12.81,0.0000062500,0.0000000000,237.8,0.2
2026-09-05T15:32:18.089+00:00,B_sell_A_buy,12.6722,5.8722,4432.0,4432.1,3.0911,10.4535,4437.72,4437.73,16.383,9.286,0.0000062500,0.0000000000,237.9,0.3
2026-09-05T15:32:18.182+00:00,B_sell_A_buy,12.6722,5.8722,4432.0,4432.1,3.0911,10.4535,4437.72,4437.73,16.383,9.221,0.0000062500,0.0000000000,331.5,0.3
2026-09-05T15:32:18.182+00:00,B_sell_A_buy,12.6722,5.8722,4432.0,4432.1,3.0911,10.4535,4437.72,4437.73,16.318,9.221,0.0000062500,0.0000000000,331.7,0.4
2026-09-05T15:32:18.240+00:00,B_sell_A_buy,12.6722,5.8722,4432.0,4432.1,4.0562,10.4535,4437.72,4437.73,16.318,9.221,0.0000062500,0.0000000000,0.3,58.8
2026-09-05T15:32:18.330+00:00,B_sell_A_buy,12.6722,5.8722,4432.0,4432.1,4.0562,10.4535,4437.72,4437.73,16.318,9.156,0.0000062500,0.0000000000,89.6,0.3
2026-09-05T15:32:18.544+00:00,B_sell_A_buy,12.6722,5.8722,4432.0,4432.1,4.0562,10.4535,4437.72,4437.73,16.318,8.783,0.0000062500,0.0000000000,303.1,0.2
2026-09-05T15:32:18.544+00:00,B_sell_A_buy,12.6722,5.8722,4432.0,4432.1,4.0562,10.4535,4437.72,4437.73,16.318,8.763,0.0000062500,0.0000000000,303.2,0.3
2026-09-05T15:32:18.590+00:00,B_sell_A_buy,12.6722,5.8722,4432.0,4432.1,4.0562,10.4535,4437.72,4437.73,16.318,8.743,0.0000062500,0.0000000000,350.4,0.2
2026-09-05T15:32:18.834+00:00,B_sell_A_buy,12.6722,5.8722,4432.0,4432.1,4.0562,10.4535,4437.72,4437.73,16.253,8.743,0.0000062500,0.0000000000,594.5,0.3
2026-09-05T15:32:18.881+00:00,B_sell_A_buy,12.6722,5.8722,4432.0,4432.1,4.0562,10.4535,4437.72,4437.73,14.715,8.743,0.0000062500,0.0000000000,641.0,0.2
2026-09-05T15:32:19.184+00:00,B_sell_A_buy,12.6722,5.8722,4432.0,4432.1,4.0562,10.4535,4437.72,4437.73,14.176,8.743,0.0000062500,0.0000000000,944.7,0.3
2026-09-05T15:32:19.226+00:00,B_sell_A_buy,12.6722,5.8722,4432.0,4432.1,4.0562,10.4535,4437.72,4437.73,10.694,8.743,0.0000062500,0.0000000000,985.5,0.3
2026-09-05T15:32:19.381+00:00,B_sell_A_buy,12.6722,5.8722,4432.0,4432.1,4.0562,10.4535,4437.72,4437.73,10.694,8.698,0.0000062500,0.0000000000,1141.7,0.2
2026-09-05T15:32:19.381+00:00,B_sell_A_buy,12.6722,5.8722,4432.0,4432.1,4.0562,10.4535,4437.72,4437.73,10.649,8.698,0.0000062500,0.0000000000,1141.9,0.3
2026-09-05T15:32:19.527+00:00,B_sell_A_buy,12.6722,5.8722,4432.0,4432.1,4.0562,10.4535,4437.72,4437.73,10.649,8.645,0.0000062500,0.0000000000,1286.4,0.2
2026-09-05T15:32:19.527+00:00,B_sell_A_buy,12.6722,5.8722,4432.0,4432.1,4.0562,10.4535,4437.72,4437.73,10.596,8.645,0.0000062500,0.0000000000,1286.5,0.3
2026-09-05T15:32:19.532+00:00,B_sell_A_buy,12.6722,5.8722,4432.0,4432.1,4.0562,10.4535,4437.72,4437.73,10.551,8.645,0.0000062500,0.0000000000,1291.4,0.1
2026-09-05T15:32:19.569+00:00,B_sell_A_buy,12.6722,5.8722,4432.0,4432.1,4.0562,10.4535,4437.72,4437.73,10.551,5.121,0.0000062500,0.0000000000,1329.7,0.1
2026-09-05T15:32:19.572+00:00,B_sell_A_buy,12.6722,5.8722,4432.0,4432.1,4.0562,10.4535,4437.72,4437.73,10.551,5.076,0.0000062500,0.0000000000,1331.7,0.1
2026-09-05T15:32:19.689+00:00,B_sell_A_buy,12.6722,5.8722,4432.0,4432.1,4.0562,10.4535,4437.72,4437.73,10.498,5.076,0.0000062500,0.0000000000,1448.4,0.3
2026-09-05T15:32:19.689+00:00,B_sell_A_buy,12.6722,5.8722,4432.0,4432.1,4.0562,10.4535,4437.72,4437.73,10.498,4.483,0.0000062500,0.0000000000,1448.6,0.4
2026-09-05T15:32:19.689+00:00,B_sell_A_buy,12.6722,5.8722,4432.0,4432.1,4.0562,10.4535,4437.72,4437.73,10.498,4.43,0.0000062500,0.0000000000,1448.7,0.5
2026-09-05T15:32:19.689+00:00,B_sell_A_buy,12.6722,5.8722,4432.0,4432.1,4.0562,10.4535,4437.72,4437.73,10.498,4.398,0.0000062500,0.0000000000,1448.8,0.5
2026-09-05T15:32:19.736+00:00,B_sell_A_buy,12.6722,5.8722,4432.0,4432.1,4.0562,10.4535,4437.72,4437.73,10.498,4.366,0.0000062500,0.0000000000,1495.9,0.3
2026-09-05T15:32:19.838+00:00,B_sell_A_buy,12.6722,5.8722,4432.0,4432.1,4.0562,10.4535,4437.72,4437.73,10.498,13.93,0.0000062500,0.0000000000,1597.2,0.2
2026-09-05T15:32:20.190+00:00,B_sell_A_buy,12.6722,5.8722,4432.0,4432.1,4.0562,10.4535,4437.72,4437.73,10.038,13.93,0.0000062500,0.0000000000,1950.2,0.2
2026-09-05T15:32:27.656+00:00,B_sell_A_buy,12.1539,5.3539,4432.0,4432.1,3.0911,10.4535,4437.49,4437.53,1.267,13.383,0.0000062500,0.0000000000,0.2,32.2
2026-09-05T15:32:27.683+00:00,B_sell_A_buy,12.1539,5.3539,4432.0,4432.1,2.9788,10.4783,4437.49,4437.53,1.267,13.383,0.0000062500,0.0000000000,0.2,60.1
2026-09-05T15:32:27.732+00:00,B_sell_A_buy,12.1765,5.3765,4432.0,4432.1,2.9788,10.4783,4437.5,4437.53,19.166,13.383,0.0000062500,0.0000000000,48.9,0.2
2026-09-05T15:32:27.732+00:00,B_sell_A_buy,12.1765,5.3765,4432.0,4432.1,2.9788,10.4783,4437.5,4437.53,22.731,13.383,0.0000062500,0.0000000000,49.0,0.3
2026-09-05T15:32:27.827+00:00,B_sell_A_buy,12.1765,5.3765,4432.0,4432.1,2.9788,10.4783,4437.5,4437.53,22.731,9.934,0.0000062500,0.0000000000,144.0,0.3
2026-09-05T15:32:27.827+00:00,B_sell_A_buy,12.1765,5.3765,4432.0,4432.1,2.9788,10.4783,4437.5,4437.55,22.731,1.69,0.0000062500,0.0000000000,144.3,0.4
2026-09-05T15:32:27.830+00:00,B_sell_A_buy,12.1765,5.3765,4432.0,4432.1,2.9788,10.4783,4437.5,4437.55,19.166,1.69,0.0000062500,0.0000000000,147.1,0.1
2026-09-05T15:32:27.830+00:00,B_sell_A_buy,12.1539,5.3539,4432.0,4432.1,2.9788,10.4783,4437.49,4437.55,1.267,1.69,0.0000062500,0.0000000000,147.2,0.2
2026-09-05T15:32:27.833+00:00,B_sell_A_buy,12.1539,5.3539,4432.0,4432.1,2.9788,10.4783,4437.49,4437.53,1.267,1.267,0.0000062500,0.0000000000,150.1,0.1
2026-09-05T15:32:28.020+00:00,B_sell_A_buy,12.1539,5.3539,4432.0,4432.1,3.1047,10.4783,4437.49,4437.53,1.267,1.267,0.0000062500,0.0000000000,0.3,186.8
2026-09-05T15:32:28.027+00:00,B_sell_A_buy,12.1765,5.3765,4432.0,4432.1,3.1047,10.4783,4437.5,4437.53,3.565,1.267,0.0000062500,0.0000000000,7.0,0.1
2026-09-05T15:32:28.122+00:00,B_sell_A_buy,12.1539,5.3539,4432.0,4432.1,3.1047,10.4783,4437.49,4437.53,1.267,1.267,0.0000062500,0.0000000000,101.6,0.2
2026-09-05T15:32:28.284+00:00,B_sell_A_buy,12.1765,5.3765,4432.0,4432.1,3.1047,10.4783,4437.5,4437.53,19.166,1.267,0.0000062500,0.0000000000,265.0,0.2
2026-09-05T15:32:28.284+00:00,B_sell_A_buy,12.1765,5.3765,4432.0,4432.1,3.1047,10.4783,4437.5,4437.53,22.731,1.267,0.0000062500,0.0000000000,265.1,0.3
2026-09-05T15:32:28.288+00:00,B_sell_A_buy,12.1765,5.3765,4432.0,4432.1,3.1047,10.4783,4437.5,4437.53,22.685,1.267,0.0000062500,0.0000000000,269.1,0.1
2026-09-05T15:32:28.360+00:00,B_sell_A_buy,12.1765,5.3765,4432.0,4432.1,3.1047,10.4535,4437.5,4437.53,22.685,1.267,0.0000062500,0.0000000000,0.2,71.4
2026-09-05T15:32:28.378+00:00,B_sell_A_buy,12.1765,5.3765,4432.0,4432.1,3.1047,10.4535,4437.5,4437.53,3.565,1.267,0.0000062500,0.0000000000,18.2,0.1
2026-09-05T15:32:28.378+00:00,B_sell_A_buy,12.1539,5.3539,4432.0,4432.1,3.1047,10.4535,4437.49,4437.53,1.267,1.267,0.0000062500,0.0000000000,18.3,0.1
2026-09-05T15:32:28.380+00:00,B_sell_A_buy,12.1990,5.3990,4432.0,4432.1,3.1047,10.4535,4437.51,4437.53,19.166,1.267,0.0000062500,0.0000000000,20.7,0.1
2026-09-05T15:32:28.380+00:00,B_sell_A_buy,12.1990,5.3990,4432.0,4432.1,3.1047,10.4535,4437.51,4437.53,22.731,1.267,0.0000062500,0.0000000000,20.8,0.1
2026-09-05T15:32:28.434+00:00,B_sell_A_buy,12.1990,5.3990,4432.0,4432.1,3.1047,10.4535,4437.51,4437.53,22.672,1.267,0.0000062500,0.0000000000,74.4,0.2
2026-09-05T15:32:28.434+00:00,B_sell_A_buy,12.1990,5.3990,4432.0,4432.1,3.1047,10.4535,4437.51,4437.53,22.381,1.267,0.0000062500,0.0000000000,74.5,0.3
2026-09-05T15:32:28.523+00:00,B_sell_A_buy,12.1990,5.3990,4432.0,4432.1,3.1047,10.4535,4437.51,4437.53,3.565,1.267,0.0000062500,0.0000000000,163.0,0.3
2026-09-05T15:32:28.523+00:00,B_sell_A_buy,12.1539,5.3539,4432.0,4432.1,3.1047,10.4535,4437.49,4437.53,1.267,1.267,0.0000062500,0.0000000000,163.2,0.4
2026-09-05T15:32:28.531+00:00,B_sell_A_buy,12.2216,5.4216,4432.0,4432.1,3.1047,10.4535,4437.52,4437.53,19.139,1.267,0.0000062500,0.0000000000,171.2,0.2
2026-09-05T15:32:28.534+00:00,B_sell_A_buy,12.2216,5.4216,4432.0,4432.1,3.1047,10.4535,4437.52,4437.53,22.704,1.267,0.0000062500,0.0000000000,173.9,0.1
2026-09-05T15:32:29.131+00:00,B_sell_A_buy,12.2216,5.4216,4432.0,4432.1,3.1047,10.4535,4437.52,4437.53,22.578,1.267,0.0000062500,0.0000000000,770.9,0.3
2026-09-05T15:32:29.131+00:00,B_sell_A_buy,12.2216,5.4216,4432.0,4432.1,3.1047,10.4535,4437.52,4437.53,22.704,1.267,0.0000062500,0.0000000000,771.2,0.5
2026-09-05T15:32:29.180+00:00,B_sell_A_buy,12.2216,5.4216,4432.0,4432.1,3.1047,10.4535,4437.52,4437.53,22.704,0.831,0.0000062500,0.0000000000,820.2,0.2
2026-09-05T15:32:29.180+00:00,B_sell_A_buy,12.2216,5.4216,4432.0,4432.1,3.1047,10.4535,4437.52,4437.53,22.704,0.807,0.0000062500,0.0000000000,820.3,0.2
2026-09-05T15:32:29.180+00:00,B_sell_A_buy,12.2216,5.4216,4432.0,4432.1,3.1047,10.4535,4437.52,4437.53,22.704,0.783,0.0000062500,0.0000000000,820.3,0.2
2026-09-05T15:32:29.632+00:00,B_sell_A_buy,12.2216,5.4216,4432.0,4432.1,3.1047,10.4535,4437.52,4437.53,22.128,0.783,0.0000062500,0.0000000000,1273.1,0.2
2026-09-05T15:32:30.278+00:00,B_sell_A_buy,12.2216,5.4216,4432.0,4432.1,3.1047,10.4535,4437.52,4437.53,22.002,0.783,0.0000062500,0.0000000000,1918.6,0.2
2026-09-05T15:32:30.336+00:00,B_sell_A_buy,12.2216,5.4216,4432.0,4432.1,3.1047,10.4535,4437.52,4437.53,22.002,0.277,0.0000062500,0.0000000000,1975.8,0.3
2026-09-05T15:32:30.336+00:00,B_sell_A_buy,12.2216,5.4216,4432.0,4432.1,3.1047,10.4535,4437.52,4437.53,22.002,0.249,0.0000062500,0.0000000000,1975.9,0.4
2026-09-05T15:32:30.336+00:00,B_sell_A_buy,12.2216,5.4216,4432.0,4432.1,3.1047,10.4535,4437.52,4437.53,22.002,0.221,0.0000062500,0.0000000000,1976.0,0.4
2026-09-05T15:32:41.331+00:00,B_sell_A_buy,12.4694,5.6694,4432.0,4432.1,2.9788,10.4535,4437.63,4437.64,18.765,12.751,0.0000062500,0.0000000000,0.3,302.6
2026-09-05T15:32:41.580+00:00,B_sell_A_buy,12.4694,5.6694,4432.0,4432.1,2.9788,10.4535,4437.63,4437.64,18.765,12.726,0.0000062500,0.0000000000,248.2,0.2
2026-09-05T15:32:41.582+00:00,B_sell_A_buy,12.4694,5.6694,4432.0,4432.1,2.9788,10.4535,4437.63,4437.64,18.765,12.26,0.0000062500,0.0000000000,250.5,0.1
2026-09-05T15:32:41.582+00:00,B_sell_A_buy,12.4694,5.6694,4432.0,4432.1,2.9788,10.4535,4437.63,4437.64,18.765,12.235,0.0000062500,0.0000000000,250.6,0.2
2026-09-05T15:32:41.631+00:00,B_sell_A_buy,12.4694,5.6694,4432.0,4432.1,2.9788,10.4535,4437.63,4437.64,18.306,12.235,0.0000062500,0.0000000000,299.9,0.1
2026-09-05T15:32:41.678+00:00,B_sell_A_buy,12.4694,5.6694,4432.0,4432.1,2.9788,10.4535,4437.63,4437.64,18.306,10.31,0.0000062500,0.0000000000,346.7,0.2
2026-09-05T15:32:41.776+00:00,B_sell_A_buy,12.4694,5.6694,4432.0,4432.1,3.0945,10.4535,4437.63,4437.64,18.306,10.31,0.0000062500,0.0000000000,0.3,98.8
2026-09-05T15:32:41.980+00:00,B_sell_A_buy,12.4694,5.6694,4432.0,4432.1,3.0945,10.4535,4437.63,4437.64,18.306,13.759,0.0000062500,0.0000000000,203.4,0.2
2026-09-05T15:32:42.083+00:00,B_sell_A_buy,12.4694,5.6694,4432.0,4432.1,3.0945,10.4535,4437.63,4437.64,17.766,13.759,0.0000062500,0.0000000000,306.6,0.3
2026-09-05T15:32:42.533+00:00,B_sell_A_buy,12.4694,5.6694,4432.0,4432.1,3.0945,10.4535,4437.63,4437.64,17.766,13.729,0.0000062500,0.0000000000,757.7,0.2
2026-09-05T15:32:42.534+00:00,B_sell_A_buy,12.4694,5.6694,4432.0,4432.1,3.0945,10.4535,4437.63,4437.64,17.766,13.177,0.0000062500,0.0000000000,758.0,0.5
2026-09-05T15:32:42.535+00:00,B_sell_A_buy,12.4694,5.6694,4432.0,4432.1,3.0945,10.4535,4437.63,4437.64,17.766,13.147,0.0000062500,0.0000000000,759.5,0.1
2026-09-05T15:32:42.774+00:00,B_sell_A_buy,12.4694,5.6694,4432.0,4432.1,3.0945,10.4535,4437.63,4437.64,17.766,13.086,0.0000062500,0.0000000000,998.1,0.3
2026-09-05T15:32:42.774+00:00,B_sell_A_buy,12.4694,5.6694,4432.0,4432.1,3.0945,10.4535,4437.63,4437.64,17.705,13.086,0.0000062500,0.0000000000,998.2,0.4
2026-09-05T15:32:42.884+00:00,B_sell_A_buy,12.4694,5.6694,4432.0,4432.1,3.0945,10.4535,4437.63,4437.64,17.659,13.086,0.0000062500,0.0000000000,1108.1,0.2
2026-09-05T15:32:42.939+00:00,B_sell_A_buy,12.4694,5.6694,4432.0,4432.1,3.0945,10.4535,4437.63,4437.64,17.659,13.04,0.0000062500,0.0000000000,1162.9,0.3
2026-09-05T15:32:42.989+00:00,B_sell_A_buy,12.4694,5.6694,4432.0,4432.1,3.0945,10.4535,4437.63,4437.64,17.659,12.979,0.0000062500,0.0000000000,1213.0,0.2
2026-09-05T15:32:43.037+00:00,B_sell_A_buy,12.4694,5.6694,4432.0,4432.1,3.0945,10.4535,4437.63,4437.64,17.598,12.979,0.0000062500,0.0000000000,1261.5,0.3
2026-09-05T15:32:43.132+00:00,B_sell_A_buy,12.4694,5.6694,4432.0,4432.1,3.0945,10.4535,4437.63,4437.64,17.061,12.979,0.0000062500,0.0000000000,1355.7,0.2
2026-09-05T15:32:43.132+00:00,B_sell_A_buy,12.4694,5.6694,4432.0,4432.1,3.0945,10.4535,4437.63,4437.64,17.015,12.979,0.0000062500,0.0000000000,1355.8,0.3
2026-09-05T15:32:43.132+00:00,B_sell_A_buy,12.4694,5.6694,4432.0,4432.1,3.0945,10.4535,4437.63,4437.64,17.015,12.933,0.0000062500,0.0000000000,1355.8,0.3
2026-09-05T15:32:43.283+00:00,B_sell_A_buy,12.4694,5.6694,4432.0,4432.1,3.0945,10.4535,4437.63,4437.64,17.015,13.921,0.0000062500,0.0000000000,1506.2,0.2
2026-09-05T15:32:43.425+00:00,B_sell_A_buy,12.4694,5.6694,4432.0,4432.1,3.0945,10.4535,4437.63,4437.64,17.015,12.933,0.0000062500,0.0000000000,1649.4,0.2
2026-09-05T15:32:43.732+00:00,B_sell_A_buy,12.4694,5.6694,4432.0,4432.1,3.0945,10.4535,4437.63,4437.64,16.956,12.933,0.0000062500,0.0000000000,1955.5,0.2
2026-09-05T15:32:45.608+00:00,B_sell_A_buy,12.4694,5.6694,4432.0,4432.1,3.0945,10.4508,4437.63,4437.64,15.91,7.273,0.0000062500,0.0000000000,0.3,278.8
2026-09-05T15:32:45.745+00:00,B_sell_A_buy,12.4694,5.6694,4432.0,4432.1,3.0945,10.4508,4437.63,4437.64,15.91,7.246,0.0000062500,0.0000000000,136.7,0.2
2026-09-05T15:32:45.745+00:00,B_sell_A_buy,12.4694,5.6694,4432.0,4432.1,3.0945,10.4508,4437.63,4437.64,15.91,6.758,0.0000062500,0.0000000000,136.8,0.3
2026-09-05T15:32:45.790+00:00,B_sell_A_buy,12.4694,5.6694,4432.0,4432.1,3.0945,10.4508,4437.63,4437.64,15.91,6.731,0.0000062500,0.0000000000,181.7,0.2
2026-09-05T15:32:45.935+00:00,B_sell_A_buy,12.4694,5.6694,4432.0,4432.1,3.0945,10.4508,4437.63,4437.64,15.91,6.685,0.0000062500,0.0000000000,326.7,0.2
2026-09-05T15:32:45.935+00:00,B_sell_A_buy,12.4694,5.6694,4432.0,4432.1,3.0945,10.4508,4437.63,4437.64,15.864,6.685,0.0000062500,0.0000000000,326.8,0.3
2026-09-05T15:32:46.027+00:00,B_sell_A_buy,12.4694,5.6694,4432.0,4432.1,3.0945,10.4508,4437.63,4437.64,15.8,6.685,0.0000062500,0.0000000000,419.8,0.3
2026-09-05T15:32:46.027+00:00,B_sell_A_buy,12.4694,5.6694,4432.0,4432.1,3.0945,10.4508,4437.63,4437.64,15.8,6.621,0.0000062500,0.0000000000,419.9,0.4
2026-09-05T15:32:46.136+00:00,B_sell_A_buy,12.4694,5.6694,4432.0,4432.1,3.0945,10.4508,4437.63,4437.64,15.754,6.621,0.0000062500,0.0000000000,527.6,0.3
2026-09-05T15:32:46.136+00:00,B_sell_A_buy,12.4694,5.6694,4432.0,4432.1,3.0945,10.4508,4437.63,4437.64,15.754,6.575,0.0000062500,0.0000000000,527.8,0.4
2026-09-05T15:32:46.189+00:00,B_sell_A_buy,12.4694,5.6694,4432.0,4432.1,3.0945,10.4508,4437.63,4437.64,15.69,6.575,0.0000062500,0.0000000000,581.5,0.2
2026-09-05T15:32:46.189+00:00,B_sell_A_buy,12.4694,5.6694,4432.0,4432.1,3.0945,10.4508,4437.63,4437.64,15.191,6.575,0.0000062500,0.0000000000,581.6,0.3
2026-09-05T15:32:46.189+00:00,B_sell_A_buy,12.4694,5.6694,4432.0,4432.1,3.0945,10.4508,4437.63,4437.64,15.191,6.511,0.0000062500,0.0000000000,581.6,0.4
2026-09-05T15:32:46.536+00:00,B_sell_A_buy,12.4694,5.6694,4432.0,4432.1,3.0945,10.4508,4437.63,4437.64,15.191,2.969,0.0000062500,0.0000000000,928.6,0.2
2026-09-05T15:32:46.592+00:00,B_sell_A_buy,12.4694,5.6694,4432.0,4432.1,3.0945,10.4508,4437.63,4437.64,15.191,6.511,0.0000062500,0.0000000000,983.8,0.2
2026-09-05T15:32:46.693+00:00,B_sell_A_buy,12.4694,5.6694,4432.0,4432.1,3.0945,10.4508,4437.63,4437.64,15.191,16.619,0.0000062500,0.0000000000,1086.1,0.3
2026-09-05T15:32:46.790+00:00,B_sell_A_buy,12.4694,5.6694,4432.0,4432.1,3.0945,10.4508,4437.63,4437.64,15.191,16.597,0.0000062500,0.0000000000,1182.4,0.2
2026-09-05T15:32:46.790+00:00,B_sell_A_buy,12.4694,5.6694,4432.0,4432.1,3.0945,10.4508,4437.63,4437.64,15.191,16.575,0.0000062500,0.0000000000,1182.5,0.3
2026-09-05T15:32:46.790+00:00,B_sell_A_buy,12.4694,5.6694,4432.0,4432.1,3.0945,10.4508,4437.63,4437.64,15.191,16.163,0.0000062500,0.0000000000,1182.6,0.3
2026-09-05T15:32:47.032+00:00,B_sell_A_buy,12.4694,5.6694,4432.0,4432.1,3.0945,10.4508,4437.63,4437.64,15.145,16.163,0.0000062500,0.0000000000,1424.2,0.2
2026-09-05T15:32:47.032+00:00,B_sell_A_buy,12.4694,5.6694,4432.0,4432.1,3.0945,10.4508,4437.63,4437.64,15.145,16.117,0.0000062500,0.0000000000,1424.3,0.3
2026-09-05T15:32:47.236+00:00,B_sell_A_buy,12.4694,5.6694,4432.0,4432.1,3.0945,10.4508,4437.63,4437.64,15.145,16.071,0.0000062500,0.0000000000,1627.6,0.3
2026-09-05T15:32:47.236+00:00,B_sell_A_buy,12.4694,5.6694,4432.0,4432.1,3.0945,10.4508,4437.63,4437.64,14.604,16.071,0.0000062500,0.0000000000,1627.8,0.4
2026-09-05T15:32:47.236+00:00,B_sell_A_buy,12.4694,5.6694,4432.0,4432.1,3.0945,10.4508,4437.63,4437.64,14.558,16.071,0.0000062500,0.0000000000,1628.0,0.5
2026-09-05T15:32:47.298+00:00,B_sell_A_buy,12.4694,5.6694,4432.0,4432.1,3.0945,10.4508,4437.63,4437.64,13.57,16.071,0.0000062500,0.0000000000,1690.5,0.3
2026-09-05T15:32:54.984+00:00,B_sell_A_buy,12.4694,5.6694,4432.0,4432.1,3.0945,10.2679,4437.63,4437.64,18.878,5.279,0.0000062500,0.0000000000,0.2,255.9
2026-09-05T15:32:55.228+00:00,B_sell_A_buy,12.4694,5.6694,4432.0,4432.1,3.0945,10.2679,4437.63,4437.64,18.878,5.225,0.0000062500,0.0000000000,244.6,0.3
2026-09-05T15:32:55.228+00:00,B_sell_A_buy,12.4694,5.6694,4432.0,4432.1,3.0945,10.2679,4437.63,4437.64,18.824,5.225,0.0000062500,0.0000000000,244.9,0.5
2026-09-05T15:32:55.445+00:00,B_sell_A_buy,12.4694,5.6694,4432.0,4432.1,3.0945,10.2679,4437.63,4437.64,18.824,5.171,0.0000062500,0.0000000000,460.8,0.2
2026-09-05T15:32:55.445+00:00,B_sell_A_buy,12.4694,5.6694,4432.0,4432.1,3.0945,10.2679,4437.63,4437.64,18.77,5.171,0.0000062500,0.0000000000,461.0,0.3
2026-09-05T15:32:55.487+00:00,B_sell_A_buy,12.4694,5.6694,4432.0,4432.1,3.0945,10.2679,4437.63,4437.64,18.77,5.117,0.0000062500,0.0000000000,503.4,0.3
2026-09-05T15:32:55.487+00:00,B_sell_A_buy,12.4694,5.6694,4432.0,4432.1,3.0945,10.2679,4437.63,4437.64,18.716,5.117,0.0000062500,0.0000000000,503.6,0.4
2026-09-05T15:32:55.589+00:00,B_sell_A_buy,12.4694,5.6694,4432.0,4432.1,3.0945,10.2679,4437.63,4437.64,18.716,8.662,0.0000062500,0.0000000000,604.9,0.3
2026-09-05T15:32:55.589+00:00,B_sell_A_buy,12.4694,5.6694,4432.0,4432.1,3.0945,10.2679,4437.63,4437.64,18.195,8.662,0.0000062500,0.0000000000,605.0,0.4
2026-09-05T15:32:55.682+00:00,B_sell_A_buy,12.4694,5.6694,4432.0,4432.1,3.0945,10.2679,4437.63,4437.64,18.141,8.662,0.0000062500,0.0000000000,699.4,0.2
2026-09-05T15:32:55.683+00:00,B_sell_A_buy,12.4694,5.6694,4432.0,4432.1,3.0945,10.2679,4437.63,4437.64,18.141,5.117,0.0000062500,0.0000000000,699.5,0.3
2026-09-05T15:32:55.683+00:00,B_sell_A_buy,12.4694,5.6694,4432.0,4432.1,3.0945,10.2679,4437.63,4437.64,18.141,5.063,0.0000062500,0.0000000000,699.6,0.4
2026-09-05T15:32:55.784+00:00,B_sell_A_buy,12.4694,5.6694,4432.0,4432.1,3.0945,10.2679,4437.63,4437.64,18.141,14.805,0.0000062500,0.0000000000,800.2,0.2
2026-09-05T15:32:55.881+00:00,B_sell_A_buy,12.4694,5.6694,4432.0,4432.1,3.0945,10.2679,4437.63,4437.64,16.659,14.805,0.0000062500,0.0000000000,897.3,0.2
2026-09-05T15:32:56.281+00:00,B_sell_A_buy,12.4694,5.6694,4432.0,4432.1,3.0945,10.2679,4437.63,4437.64,16.659,16.495,0.0000062500,0.0000000000,1296.9,0.2
2026-09-05T15:32:56.285+00:00,B_sell_A_buy,12.4694,5.6694,4432.0,4432.1,3.0945,10.2679,4437.63,4437.64,16.659,17.762,0.0000062500,0.0000000000,1301.4,0.2
2026-09-05T15:32:56.332+00:00,B_sell_A_buy,12.4694,5.6694,4432.0,4432.1,3.0945,10.2679,4437.63,4437.64,16.659,17.741,0.0000062500,0.0000000000,1348.8,0.2
2026-09-05T15:32:56.332+00:00,B_sell_A_buy,12.4694,5.6694,4432.0,4432.1,3.0945,10.2679,4437.63,4437.64,16.659,17.72,0.0000062500,0.0000000000,1348.9,0.2
2026-09-05T15:32:56.332+00:00,B_sell_A_buy,12.4694,5.6694,4432.0,4432.1,3.0945,10.2679,4437.63,4437.64,16.659,17.342,0.0000062500,0.0000000000,1348.9,0.3
2026-09-05T15:32:56.388+00:00,B_sell_A_buy,12.4694,5.6694,4432.0,4432.1,3.0945,10.2679,4437.63,4437.64,16.659,17.291,0.0000062500,0.0000000000,1405.2,0.1
2026-09-05T15:32:56.388+00:00,B_sell_A_buy,12.4694,5.6694,4432.0,4432.1,3.0945,10.2679,4437.63,4437.64,16.608,17.291,0.0000062500,0.0000000000,1405.3,0.2
2026-09-05T15:32:56.577+00:00,B_sell_A_buy,12.4694,5.6694,4432.0,4432.1,3.0945,10.2679,4437.63,4437.64,16.608,17.23,0.0000062500,0.0000000000,1593.0,0.3
2026-09-05T15:32:56.577+00:00,B_sell_A_buy,12.4694,5.6694,4432.0,4432.1,3.0945,10.2679,4437.63,4437.64,16.547,17.23,0.0000062500,0.0000000000,1593.2,0.5
2026-09-05T15:32:56.644+00:00,B_sell_A_buy,12.4694,5.6694,4432.0,4432.1,3.0945,10.2679,4437.63,4437.64,16.547,17.179,0.0000062500,0.0000000000,1661.2,0.2
2026-09-05T15:32:56.644+00:00,B_sell_A_buy,12.4694,5.6694,4432.0,4432.1,3.0945,10.2679,4437.63,4437.64,16.496,17.179,0.0000062500,0.0000000000,1661.3,0.3
2026-09-05T15:32:56.776+00:00,B_sell_A_buy,12.4694,5.6694,4432.0,4432.1,3.0945,10.2679,4437.63,4437.64,16.005,17.179,0.0000062500,0.0000000000,1792.0,0.2
2026-09-05T15:32:56.776+00:00,B_sell_A_buy,12.4694,5.6694,4432.0,4432.1,3.0945,10.2679,4437.63,4437.64,15.944,17.179,0.0000062500,0.0000000000,1792.2,0.4
2026-09-05T15:32:56.776+00:00,B_sell_A_buy,12.4694,5.6694,4432.0,4432.1,3.0945,10.2679,4437.63,4437.64,15.944,17.118,0.0000062500,0.0000000000,1792.2,0.4
2026-09-05T15:32:56.788+00:00,B_sell_A_buy,12.4694,5.6694,4432.0,4432.1,3.0945,10.2679,4437.63,4437.64,12.436,17.118,0.0000062500,0.0000000000,1804.0,0.1
2026-09-05T15:32:56.829+00:00,B_sell_A_buy,12.4694,5.6694,4432.0,4432.1,3.0945,10.2679,4437.63,4437.64,12.436,13.573,0.0000062500,0.0000000000,1845.9,0.1
2026-09-05T15:33:07.336+00:00,B_sell_A_buy,12.5370,5.7370,4432.0,4432.1,1.0988,10.2679,4437.66,4437.67,24.012,3.47,0.0000062500,0.0000000000,0.3,43.9
2026-09-05T15:33:07.439+00:00,B_sell_A_buy,12.5370,5.7370,4432.0,4432.1,1.0988,10.2679,4437.66,4437.67,23.946,3.47,0.0000062500,0.0000000000,103.7,0.2
2026-09-05T15:33:07.439+00:00,B_sell_A_buy,12.5370,5.7370,4432.0,4432.1,1.0988,10.2679,4437.66,4437.67,23.946,3.404,0.0000062500,0.0000000000,103.8,0.3
2026-09-05T15:33:07.441+00:00,B_sell_A_buy,12.5370,5.7370,4432.0,4432.1,1.0988,10.2679,4437.66,4437.67,23.897,3.404,0.0000062500,0.0000000000,106.2,0.1
2026-09-05T15:33:07.629+00:00,B_sell_A_buy,12.5370,5.7370,4432.0,4432.1,1.0988,10.2679,4437.66,4437.67,25.164,3.404,0.0000062500,0.0000000000,293.3,0.2
2026-09-05T15:33:07.629+00:00,B_sell_A_buy,12.5370,5.7370,4432.0,4432.1,1.0988,10.2679,4437.66,4437.67,25.164,3.355,0.0000062500,0.0000000000,293.4,0.3
2026-09-05T15:33:07.688+00:00,B_sell_A_buy,12.5370,5.7370,4432.0,4432.1,1.0988,10.2679,4437.66,4437.67,25.115,3.355,0.0000062500,0.0000000000,352.5,0.2
2026-09-05T15:33:07.835+00:00,B_sell_A_buy,12.5370,5.7370,4432.0,4432.1,2.9515,10.2679,4437.66,4437.67,25.115,3.355,0.0000062500,0.0000000000,0.3,147.2
2026-09-05T15:33:08.381+00:00,B_sell_A_buy,12.5370,5.7370,4432.0,4432.1,2.9515,10.2679,4437.66,4437.67,25.115,1.846,0.0000062500,0.0000000000,545.8,0.3
2026-09-05T15:33:08.381+00:00,B_sell_A_buy,12.5370,5.7370,4432.0,4432.1,2.9515,10.2679,4437.66,4437.67,25.115,3.355,0.0000062500,0.0000000000,546.1,0.5
2026-09-05T15:33:08.484+00:00,B_sell_A_buy,12.5370,5.7370,4432.0,4432.1,2.9515,10.2679,4437.66,4437.67,25.115,3.319,0.0000062500,0.0000000000,650.0,0.2
2026-09-05T15:33:08.484+00:00,B_sell_A_buy,12.5370,5.7370,4432.0,4432.1,2.9515,10.2679,4437.66,4437.67,25.115,3.283,0.0000062500,0.0000000000,650.1,0.3
2026-09-05T15:33:08.484+00:00,B_sell_A_buy,12.5370,5.7370,4432.0,4432.1,2.9515,10.2679,4437.66,4437.67,25.115,2.616,0.0000062500,0.0000000000,650.2,0.3
2026-09-05T15:33:08.527+00:00,B_sell_A_buy,12.5370,5.7370,4432.0,4432.1,2.9515,10.2679,4437.66,4437.67,25.115,15.342,0.0000062500,0.0000000000,692.1,0.3
2026-09-05T15:33:08.631+00:00,B_sell_A_buy,12.5370,5.7370,4432.0,4432.1,2.9515,10.2679,4437.66,4437.67,25.115,15.278,0.0000062500,0.0000000000,796.7,0.2
2026-09-05T15:33:08.631+00:00,B_sell_A_buy,12.5370,5.7370,4432.0,4432.1,2.9515,10.2679,4437.66,4437.67,25.051,15.278,0.0000062500,0.0000000000,796.8,0.3
2026-09-05T15:33:08.678+00:00,B_sell_A_buy,12.5370,5.7370,4432.0,4432.1,2.9515,10.2679,4437.66,4437.67,25.051,15.229,0.0000062500,0.0000000000,843.8,0.2
2026-09-05T15:33:08.678+00:00,B_sell_A_buy,12.5370,5.7370,4432.0,4432.1,2.9515,10.2679,4437.66,4437.67,25.002,15.229,0.0000062500,0.0000000000,843.9,0.2
2026-09-05T15:33:08.806+00:00,B_sell_A_buy,12.5370,5.7370,4432.0,4432.1,2.9515,10.2679,4437.66,4437.67,25.002,15.165,0.0000062500,0.0000000000,971.7,0.3
2026-09-05T15:33:08.910+00:00,B_sell_A_buy,12.5370,5.7370,4432.0,4432.1,2.9515,10.2679,4437.66,4437.67,24.938,15.165,0.0000062500,0.0000000000,1075.4,0.3
2026-09-05T15:33:08.910+00:00,B_sell_A_buy,12.5370,5.7370,4432.0,4432.1,2.9515,10.2679,4437.66,4437.67,24.938,15.116,0.0000062500,0.0000000000,1075.5,0.3
2026-09-05T15:33:08.910+00:00,B_sell_A_buy,12.5370,5.7370,4432.0,4432.1,2.9515,10.2679,4437.66,4437.67,21.495,15.116,0.0000062500,0.0000000000,1075.5,0.3
2026-09-05T15:33:08.936+00:00,B_sell_A_buy,12.5370,5.7370,4432.0,4432.1,2.9515,10.2679,4437.66,4437.67,21.446,15.116,0.0000062500,0.0000000000,1101.5,0.2
2026-09-05T15:33:08.997+00:00,B_sell_A_buy,12.5370,5.7370,4432.0,4432.1,2.9515,10.2679,4437.66,4437.67,21.151,15.116,0.0000062500,0.0000000000,1162.6,0.2
2026-09-05T15:33:09.530+00:00,B_sell_A_buy,12.5370,5.7370,4432.0,4432.1,2.9515,10.2679,4437.66,4437.67,21.151,13.607,0.0000062500,0.0000000000,1695.3,0.2
2026-09-05T15:33:09.587+00:00,B_sell_A_buy,12.5370,5.7370,4432.0,4432.1,2.9515,10.2679,4437.66,4437.67,17.742,13.607,0.0000062500,0.0000000000,1752.5,0.2
2026-09-05T15:33:09.587+00:00,B_sell_A_buy,12.5370,5.7370,4432.0,4432.1,2.9515,10.2679,4437.66,4437.67,17.742,13.094,0.0000062500,0.0000000000,1752.6,0.3
2026-09-05T15:33:09.587+00:00,B_sell_A_buy,12.5370,5.7370,4432.0,4432.1,2.9515,10.2679,4437.66,4437.67,17.742,13.066,0.0000062500,0.0000000000,1752.7,0.4
2026-09-05T15:33:09.587+00:00,B_sell_A_buy,12.5370,5.7370,4432.0,4432.1,2.9515,10.2679,4437.66,4437.67,17.742,13.038,0.0000062500,0.0000000000,1752.7,0.4
2026-09-05T15:33:13.608+00:00,B_sell_A_buy,12.5370,5.7370,4432.0,4432.1,2.8358,10.2679,4437.66,4437.67,13.798,14.006,0.0000062500,0.0000000000,0.2,31.5
2026-09-05T15:33:13.692+00:00,B_sell_A_buy,12.5370,5.7370,4432.0,4432.1,2.8358,10.2679,4437.66,4437.67,13.731,14.006,0.0000062500,0.0000000000,83.8,0.3
2026-09-05T15:33:13.741+00:00,B_sell_A_buy,12.5370,5.7370,4432.0,4432.1,2.8358,10.2679,4437.66,4437.67,13.731,13.939,0.0000062500,0.0000000000,133.3,0.2
2026-09-05T15:33:13.789+00:00,B_sell_A_buy,12.5370,5.7370,4432.0,4432.1,2.8358,10.2679,4437.66,4437.67,13.731,17.516,0.0000062500,0.0000000000,181.3,0.2
2026-09-05T15:33:13.789+00:00,B_sell_A_buy,12.5370,5.7370,4432.0,4432.1,2.8358,10.2679,4437.66,4437.67,13.731,13.939,0.0000062500,0.0000000000,181.5,0.4
2026-09-05T15:33:13.842+00:00,B_sell_A_buy,12.5370,5.7370,4432.0,4432.1,2.8358,10.2679,4437.66,4437.67,13.731,13.917,0.0000062500,0.0000000000,234.0,0.2
2026-09-05T15:33:13.842+00:00,B_sell_A_buy,12.5370,5.7370,4432.0,4432.1,2.8358,10.2679,4437.66,4437.67,13.731,13.895,0.0000062500,0.0000000000,234.1,0.2
2026-09-05T15:33:13.842+00:00,B_sell_A_buy,12.5370,5.7370,4432.0,4432.1,2.8358,10.2679,4437.66,4437.67,13.731,13.481,0.0000062500,0.0000000000,234.1,0.2
2026-09-05T15:33:14.240+00:00,B_sell_A_buy,12.5370,5.7370,4432.0,4432.1,2.8358,10.2679,4437.66,4437.67,13.244,13.481,0.0000062500,0.0000000000,632.0,0.3
2026-09-05T15:33:14.343+00:00,B_sell_A_buy,12.5370,5.7370,4432.0,4432.1,2.8358,10.2679,4437.66,4437.67,16.691,13.481,0.0000062500,0.0000000000,735.6,0.2
2026-09-05T15:33:14.390+00:00,B_sell_A_buy,12.5370,5.7370,4432.0,4432.1,2.8358,10.2679,4437.66,4437.67,13.244,13.481,0.0000062500,0.0000000000,782.8,0.2
2026-09-05T15:33:14.583+00:00,B_sell_A_buy,12.5370,5.7370,4432.0,4432.1,2.8358,10.2679,4437.66,4437.67,13.244,13.428,0.0000062500,0.0000000000,975.2,0.2
2026-09-05T15:33:14.583+00:00,B_sell_A_buy,12.5370,5.7370,4432.0,4432.1,2.8358,10.2679,4437.66,4437.67,13.191,13.428,0.0000062500,0.0000000000,975.4,0.3
2026-09-05T15:33:14.794+00:00,B_sell_A_buy,12.5370,5.7370,4432.0,4432.1,2.8358,10.2679,4437.66,4437.67,13.138,13.428,0.0000062500,0.0000000000,1185.8,0.3
2026-09-05T15:33:14.794+00:00,B_sell_A_buy,12.5370,5.7370,4432.0,4432.1,2.8358,10.2679,4437.66,4437.67,13.138,13.375,0.0000062500,0.0000000000,1186.0,0.4
2026-09-05T15:33:14.894+00:00,B_sell_A_buy,12.5370,5.7370,4432.0,4432.1,2.8358,10.2679,4437.66,4437.67,13.138,13.319,0.0000062500,0.0000000000,1285.8,0.2
2026-09-05T15:33:14.894+00:00,B_sell_A_buy,12.5370,5.7370,4432.0,4432.1,2.8358,10.2679,4437.66,4437.67,13.082,13.319,0.0000062500,0.0000000000,1285.9,0.4
2026-09-05T15:33:14.938+00:00,B_sell_A_buy,12.5370,5.7370,4432.0,4432.1,2.8358,10.2679,4437.66,4437.67,13.082,13.294,0.0000062500,0.0000000000,1329.8,0.2
2026-09-05T15:33:14.938+00:00,B_sell_A_buy,12.5370,5.7370,4432.0,4432.1,2.8358,10.2679,4437.66,4437.67,12.972,13.294,0.0000062500,0.0000000000,1330.0,0.3
2026-09-05T15:33:14.938+00:00,B_sell_A_buy,12.5370,5.7370,4432.0,4432.1,2.8358,10.2679,4437.66,4437.67,12.972,12.84,0.0000062500,0.0000000000,1330.0,0.3
2026-09-05T15:33:14.986+00:00,B_sell_A_buy,12.5370,5.7370,4432.0,4432.1,2.8358,10.2679,4437.66,4437.67,12.972,12.815,0.0000062500,0.0000000000,1377.5,0.2
2026-09-05T15:33:15.032+00:00,B_sell_A_buy,12.5370,5.7370,4432.0,4432.1,2.8358,10.2679,4437.66,4437.67,12.972,9.238,0.0000062500,0.0000000000,1423.8,0.2
2026-09-05T15:33:15.084+00:00,B_sell_A_buy,12.5370,5.7370,4432.0,4432.1,2.8358,10.2679,4437.66,4437.67,12.916,9.238,0.0000062500,0.0000000000,1475.9,0.2
2026-09-05T15:33:15.084+00:00,B_sell_A_buy,12.5370,5.7370,4432.0,4432.1,2.8358,10.2679,4437.66,4437.67,12.916,9.182,0.0000062500,0.0000000000,1476.0,0.3
2026-09-05T15:33:15.426+00:00,B_sell_A_buy,12.5370,5.7370,4432.0,4432.1,2.8358,10.2679,4437.66,4437.67,12.436,9.182,0.0000062500,0.0000000000,1818.2,0.2
2026-09-05T15:33:15.535+00:00,B_sell_A_buy,12.5370,5.7370,4432.0,4432.1,2.8358,10.2679,4437.66,4437.67,8.989,9.182,0.0000062500,0.0000000000,1926.7,0.2
2026-09-05T15:33:17.602+00:00,B_sell_A_buy,12.5370,5.7370,4432.0,4432.1,2.8358,10.2652,4437.66,4437.67,5.941,7.594,0.0000062500,0.0000000000,0.3,13.0
2026-09-05T15:33:17.740+00:00,B_sell_A_buy,12.5370,5.7370,4432.0,4432.1,2.8358,10.2652,4437.66,4437.67,2.364,7.594,0.0000062500,0.0000000000,138.0,0.2
2026-09-05T15:33:17.880+00:00,B_sell_A_buy,12.5370,5.7370,4432.0,4432.1,2.8358,10.2652,4437.66,4437.67,15.241,7.594,0.0000062500,0.0000000000,278.5,0.2
2026-09-05T15:33:18.037+00:00,B_sell_A_buy,12.5370,5.7370,4432.0,4432.1,2.9473,10.2652,4437.66,4437.67,15.241,7.594,0.0000062500,0.0000000000,0.3,156.9
2026-09-05T15:33:18.196+00:00,B_sell_A_buy,12.5370,5.7370,4432.0,4432.1,2.9473,10.2652,4437.66,4437.67,15.241,7.565,0.0000062500,0.0000000000,159.0,0.2
2026-09-05T15:33:18.196+00:00,B_sell_A_buy,12.5370,5.7370,4432.0,4432.1,2.9473,10.2652,4437.66,4437.67,15.241,7.536,0.0000062500,0.0000000000,159.1,0.3
2026-09-05T15:33:18.196+00:00,B_sell_A_buy,12.5370,5.7370,4432.0,4432.1,2.9473,10.2652,4437.66,4437.67,15.241,7.012,0.0000062500,0.0000000000,159.2,0.3
2026-09-05T15:33:18.240+00:00,B_sell_A_buy,12.5370,5.7370,4432.0,4432.1,2.9473,10.2652,4437.66,4437.67,15.183,7.012,0.0000062500,0.0000000000,203.7,0.2
2026-09-05T15:33:18.345+00:00,B_sell_A_buy,12.5370,5.7370,4432.0,4432.1,2.9473,10.2652,4437.66,4437.67,15.183,6.954,0.0000062500,0.0000000000,308.6,0.3
2026-09-05T15:33:18.345+00:00,B_sell_A_buy,12.5370,5.7370,4432.0,4432.1,2.9473,10.2652,4437.66,4437.67,15.183,6.899,0.0000062500,0.0000000000,308.8,0.4
2026-09-05T15:33:18.395+00:00,B_sell_A_buy,12.5370,5.7370,4432.0,4432.1,2.9473,10.2652,4437.66,4437.67,15.183,3.452,0.0000062500,0.0000000000,358.2,0.2
2026-09-05T15:33:18.395+00:00,B_sell_A_buy,12.5370,5.7370,4432.0,4432.1,2.9473,10.2652,4437.66,4437.67,15.128,3.452,0.0000062500,0.0000000000,358.3,0.3
2026-09-05T15:33:18.494+00:00,B_sell_A_buy,12.5370,5.7370,4432.0,4432.1,2.9473,10.2652,4437.66,4437.67,15.128,3.397,0.0000062500,0.0000000000,456.3,0.3
2026-09-05T15:33:18.529+00:00,B_sell_A_buy,12.5370,5.7370,4432.0,4432.1,2.8358,10.2652,4437.66,4437.67,15.128,3.397,0.0000062500,0.0000000000,0.3,35.8
2026-09-05T15:33:18.533+00:00,B_sell_A_buy,12.5370,5.7370,4432.0,4432.1,2.8358,10.2652,4437.66,4437.67,15.07,3.397,0.0000062500,0.0000000000,4.0,0.2
2026-09-05T15:33:18.537+00:00,B_sell_A_buy,12.5370,5.7370,4432.0,4432.1,2.8358,10.2652,4437.66,4437.67,15.07,3.339,0.0000062500,0.0000000000,8.1,0.2
2026-09-05T15:33:18.586+00:00,B_sell_A_buy,12.5370,5.7370,4432.0,4432.1,2.8358,10.2652,4437.66,4437.67,15.07,3.284,0.0000062500,0.0000000000,58.3,0.2
2026-09-05T15:33:18.587+00:00,B_sell_A_buy,12.5370,5.7370,4432.0,4432.1,2.8358,10.2652,4437.66,4437.67,15.015,3.284,0.0000062500,0.0000000000,58.4,0.3
2026-09-05T15:33:18.794+00:00,B_sell_A_buy,12.5370,5.7370,4432.0,4432.1,2.8358,10.2652,4437.66,4437.67,14.475,3.284,0.0000062500,0.0000000000,265.2,0.3
2026-09-05T15:33:18.902+00:00,B_sell_A_buy,12.5370,5.7370,4432.0,4432.1,2.9531,10.2652,4437.66,4437.67,14.475,3.284,0.0000062500,0.0000000000,0.4,108.2
2026-09-05T15:33:19.390+00:00,B_sell_A_buy,12.5370,5.7370,4432.0,4432.1,2.9531,10.2652,4437.66,4437.67,14.475,3.26,0.0000062500,0.0000000000,489.7,0.2
2026-09-05T15:33:19.390+00:00,B_sell_A_buy,12.5370,5.7370,4432.0,4432.1,2.9531,10.2652,4437.66,4437.67,14.475,3.236,0.0000062500,0.0000000000,489.9,0.3
2026-09-05T15:33:19.390+00:00,B_sell_A_buy,12.5370,5.7370,4432.0,4432.1,2.9531,10.2652,4437.66,4437.67,14.475,2.795,0.0000062500,0.0000000000,489.9,0.4
2026-09-05T15:33:19.643+00:00,B_sell_A_buy,12.5370,5.7370,4432.0,4432.1,2.9531,10.2652,4437.66,4437.67,14.475,2.738,0.0000062500,0.0000000000,742.0,0.2
2026-09-05T15:33:19.644+00:00,B_sell_A_buy,12.5370,5.7370,4432.0,4432.1,2.9531,10.2652,4437.66,4437.67,14.418,2.738,0.0000062500,0.0000000000,742.1,0.3
2026-09-05T15:33:19.689+00:00,B_sell_A_buy,12.5370,5.7370,4432.0,4432.1,2.9531,10.2652,4437.66,4437.67,14.418,2.689,0.0000062500,0.0000000000,787.7,0.2
2026-09-05T15:33:19.689+00:00,B_sell_A_buy,12.5370,5.7370,4432.0,4432.1,2.9531,10.2652,4437.66,4437.67,14.369,2.689,0.0000062500,0.0000000000,787.9,0.3
2026-09-05T15:33:19.783+00:00,B_sell_A_buy,12.5370,5.7370,4432.0,4432.1,2.9531,10.2652,4437.66,4437.67,14.369,15.676,0.0000062500,0.0000000000,881.6,0.3
2026-09-05T15:33:19.834+00:00,B_sell_A_buy,12.5370,5.7370,4432.0,4432.1,2.9531,10.2652,4437.66,4437.67,14.369,15.619,0.0000062500,0.0000000000,933.3,0.3
2026-09-05T15:33:19.834+00:00,B_sell_A_buy,12.5370,5.7370,4432.0,4432.1,2.9531,10.2652,4437.66,4437.67,14.312,15.619,0.0000062500,0.0000000000,933.7,0.6
2026-09-05T15:33:19.888+00:00,B_sell_A_buy,12.5370,5.7370,4432.0,4432.1,2.9531,10.2652,4437.66,4437.67,14.263,15.619,0.0000062500,0.0000000000,986.6,0.2
2026-09-05T15:33:20.091+00:00,B_sell_A_buy,12.5370,5.7370,4432.0,4432.1,2.9531,10.2652,4437.66,4437.67,14.263,15.57,0.0000062500,0.0000000000,1189.0,0.2
2026-09-05T15:33:20.139+00:00,B_sell_A_buy,12.5370,5.7370,4432.0,4432.1,2.9531,10.2652,4437.66,4437.67,14.263,13.994,0.0000062500,0.0000000000,1237.0,0.2
2026-09-05T15:33:20.786+00:00,B_sell_A_buy,12.5370,5.7370,4432.0,4432.1,2.9531,10.2652,4437.66,4437.67,14.213,13.994,0.0000062500,0.0000000000,1885.6,0.2
2026-09-05T15:33:20.787+00:00,B_sell_A_buy,12.5370,5.7370,4432.0,4432.1,2.9531,10.2652,4437.66,4437.67,14.213,13.944,0.0000062500,0.0000000000,1885.7,0.4
2026-09-05T15:33:20.888+00:00,B_sell_A_buy,12.5370,5.7370,4432.0,4432.1,2.9531,10.2652,4437.66,4437.67,13.664,13.944,0.0000062500,0.0000000000,1987.6,0.2
2026-09-05T15:33:47.393+00:00,B_sell_A_buy,12.5370,5.7370,4432.0,4432.1,2.9531,10.1378,4437.66,4437.67,8.297,8.963,0.0000062500,0.0000000000,0.3,158.0
2026-09-05T15:33:47.643+00:00,B_sell_A_buy,12.5370,5.7370,4432.0,4432.1,2.9531,10.1378,4437.66,4437.67,8.297,8.901,0.0000062500,0.0000000000,250.9,0.2
2026-09-05T15:33:47.838+00:00,B_sell_A_buy,12.5370,5.7370,4432.0,4432.1,2.9531,10.1378,4437.66,4437.67,8.235,8.901,0.0000062500,0.0000000000,445.1,0.3
2026-09-05T15:33:47.840+00:00,B_sell_A_buy,12.5370,5.7370,4432.0,4432.1,2.9531,10.1378,4437.66,4437.67,8.235,8.839,0.0000062500,0.0000000000,446.8,0.1
2026-09-05T15:33:47.880+00:00,B_sell_A_buy,12.5370,5.7370,4432.0,4432.1,2.9531,10.2747,4437.66,4437.67,8.235,8.839,0.0000062500,0.0000000000,0.2,40.2
2026-09-05T15:33:47.882+00:00,B_sell_A_buy,12.5370,5.7370,4432.0,4432.1,2.9531,10.2747,4437.66,4437.67,8.182,8.839,0.0000062500,0.0000000000,2.7,0.2
2026-09-05T15:33:47.882+00:00,B_sell_A_buy,12.5370,5.7370,4432.0,4432.1,2.9531,10.2747,4437.66,4437.67,8.182,8.786,0.0000062500,0.0000000000,2.8,0.3
2026-09-05T15:33:47.937+00:00,B_sell_A_buy,12.5370,5.7370,4432.0,4432.1,2.9531,10.2747,4437.66,4437.67,8.182,8.234,0.0000062500,0.0000000000,58.2,0.2
2026-09-05T15:33:47.937+00:00,B_sell_A_buy,12.5370,5.7370,4432.0,4432.1,2.9531,10.2747,4437.66,4437.67,8.182,8.204,0.0000062500,0.0000000000,58.4,0.4
2026-09-05T15:33:47.987+00:00,B_sell_A_buy,12.5370,5.7370,4432.0,4432.1,2.9531,10.2747,4437.66,4437.67,8.182,8.174,0.0000062500,0.0000000000,108.0,0.2
2026-09-05T15:33:48.027+00:00,B_sell_A_buy,12.5370,5.7370,4432.0,4432.1,2.9531,10.2747,4437.66,4437.67,8.129,8.174,0.0000062500,0.0000000000,147.2,0.2
2026-09-05T15:33:48.084+00:00,B_sell_A_buy,12.5370,5.7370,4432.0,4432.1,2.9531,10.2747,4437.66,4437.67,8.129,8.121,0.0000062500,0.0000000000,204.9,0.2
2026-09-05T15:33:48.432+00:00,B_sell_A_buy,12.5370,5.7370,4432.0,4432.1,2.9531,10.2747,4437.66,4437.67,9.652,8.121,0.0000062500,0.0000000000,552.7,0.2
2026-09-05T15:33:48.432+00:00,B_sell_A_buy,12.5370,5.7370,4432.0,4432.1,2.9531,10.2747,4437.66,4437.67,9.119,8.121,0.0000062500,0.0000000000,553.0,0.5
2026-09-05T15:33:48.432+00:00,B_sell_A_buy,12.5370,5.7370,4432.0,4432.1,2.9531,10.2747,4437.66,4437.67,7.596,8.121,0.0000062500,0.0000000000,553.1,0.6
2026-09-05T15:33:48.575+00:00,B_sell_A_buy,12.5370,5.7370,4432.0,4432.1,2.9531,10.2747,4437.66,4437.67,10.98,8.121,0.0000062500,0.0000000000,695.4,0.2
2026-09-05T15:33:48.647+00:00,B_sell_A_buy,12.5370,5.7370,4432.0,4432.1,2.9531,10.2747,4437.66,4437.67,7.596,8.121,0.0000062500,0.0000000000,767.2,0.2
2026-09-05T15:33:48.693+00:00,B_sell_A_buy,12.5370,5.7370,4432.0,4432.1,2.9531,10.2747,4437.66,4437.67,4.13,8.121,0.0000062500,0.0000000000,813.5,0.2
2026-09-05T15:33:48.693+00:00,B_sell_A_buy,12.5370,5.7370,4432.0,4432.1,2.9531,10.2747,4437.66,4437.67,4.13,8.072,0.0000062500,0.0000000000,813.6,0.3
2026-09-05T15:33:48.693+00:00,B_sell_A_buy,12.5370,5.7370,4432.0,4432.1,2.9531,10.2747,4437.66,4437.67,7.596,8.072,0.0000062500,0.0000000000,813.6,0.3
2026-09-05T15:33:48.742+00:00,B_sell_A_buy,12.5370,5.7370,4432.0,4432.1,2.9531,10.2747,4437.66,4437.67,7.547,8.072,0.0000062500,0.0000000000,863.2,0.2
2026-09-05T15:33:48.743+00:00,B_sell_A_buy,12.5370,5.7370,4432.0,4432.1,2.9531,10.2747,4437.66,4437.67,7.547,8.007,0.0000062500,0.0000000000,863.3,0.3
2026-09-05T15:33:48.743+00:00,B_sell_A_buy,12.5370,5.7370,4432.0,4432.1,2.9531,10.2747,4437.66,4437.67,7.482,8.007,0.0000062500,0.0000000000,863.4,0.3
2026-09-05T15:33:48.790+00:00,B_sell_A_buy,12.5370,5.7370,4432.0,4432.1,2.9531,10.2747,4437.66,4437.67,19.626,8.007,0.0000062500,0.0000000000,910.6,0.2
2026-09-05T15:33:48.790+00:00,B_sell_A_buy,12.5370,5.7370,4432.0,4432.1,2.9531,10.2747,4437.66,4437.67,20.893,8.007,0.0000062500,0.0000000000,910.7,0.3
2026-09-05T15:33:48.830+00:00,B_sell_A_buy,12.5370,5.7370,4432.0,4432.1,2.9531,10.2747,4437.66,4437.67,24.276,8.007,0.0000062500,0.0000000000,951.5,0.2
2026-09-05T15:33:48.932+00:00,B_sell_A_buy,12.5370,5.7370,4432.0,4432.1,2.9531,10.2747,4437.66,4437.67,24.276,9.274,0.0000062500,0.0000000000,1052.3,0.2
2026-09-05T15:33:48.951+00:00,B_sell_A_buy,12.5370,5.7370,4432.0,4432.1,2.9531,10.2747,4437.66,4437.67,24.227,9.274,0.0000062500,0.0000000000,1071.6,0.2
2026-09-05T15:33:48.951+00:00,B_sell_A_buy,12.5370,5.7370,4432.0,4432.1,2.9531,10.2747,4437.66,4437.67,24.227,9.225,0.0000062500,0.0000000000,1071.7,0.2
2026-09-05T15:33:48.951+00:00,B_sell_A_buy,12.5370,5.7370,4432.0,4432.1,2.9531,10.2747,4437.66,4437.67,24.162,9.225,0.0000062500,0.0000000000,1071.7,0.3
2026-09-05T15:33:48.951+00:00,B_sell_A_buy,12.5370,5.7370,4432.0,4432.1,2.9531,10.2747,4437.66,4437.67,24.107,9.225,0.0000062500,0.0000000000,1071.7,0.3
2026-09-05T15:33:48.951+00:00,B_sell_A_buy,12.5370,5.7370,4432.0,4432.1,2.9531,10.2747,4437.66,4437.67,24.107,9.16,0.0000062500,0.0000000000,1071.7,0.3
2026-09-05T15:33:49.126+00:00,B_sell_A_buy,12.5370,5.7370,4432.0,4432.1,2.9531,10.2747,4437.66,4437.67,24.107,9.138,0.0000062500,0.0000000000,1247.2,0.3
2026-09-05T15:33:49.126+00:00,B_sell_A_buy,12.5370,5.7370,4432.0,4432.1,2.9531,10.2747,4437.66,4437.67,24.107,8.723,0.0000062500,0.0000000000,1247.4,0.4
2026-09-05T15:33:49.126+00:00,B_sell_A_buy,12.5370,5.7370,4432.0,4432.1,2.9531,10.2747,4437.66,4437.67,24.107,8.701,0.0000062500,0.0000000000,1247.4,0.4
2026-09-05T15:33:49.589+00:00,B_sell_A_buy,12.5370,5.7370,4432.0,4432.1,2.9531,10.2747,4437.66,4437.67,23.542,8.701,0.0000062500,0.0000000000,1709.6,0.2
2026-09-05T15:33:49.634+00:00,B_sell_A_buy,12.5370,5.7370,4432.0,4432.1,2.9531,10.2747,4437.66,4437.67,23.542,8.648,0.0000062500,0.0000000000,1754.7,0.2
2026-09-05T15:33:49.681+00:00,B_sell_A_buy,12.5370,5.7370,4432.0,4432.1,2.9531,10.2747,4437.66,4437.67,23.489,8.648,0.0000062500,0.0000000000,1801.5,0.3
2026-09-05T15:33:49.722+00:00,B_sell_A_buy,12.5370,5.7370,4432.0,4432.1,2.9531,10.2747,4437.66,4437.67,20.26,8.648,0.0000062500,0.0000000000,1843.1,0.2
2026-09-05T15:33:49.833+00:00,B_sell_A_buy,12.5370,5.7370,4432.0,4432.1,2.9531,10.2747,4437.66,4437.67,16.794,8.648,0.0000062500,0.0000000000,1954.3,0.3
2026-09-05T15:33:49.841+00:00,B_sell_A_buy,12.5370,5.7370,4432.0,4432.1,2.9531,10.2747,4437.66,4437.67,16.741,8.648,0.0000062500,0.0000000000,1962.3,0.2
2026-09-05T15:33:49.841+00:00,B_sell_A_buy,12.5370,5.7370,4432.0,4432.1,2.9531,10.2747,4437.66,4437.67,16.741,8.595,0.0000062500,0.0000000000,1962.5,0.4
2026-09-05T15:33:55.682+00:00,B_sell_A_buy,12.5370,5.7370,4432.0,4432.1,2.8358,10.2747,4437.66,4437.67,12.814,15.161,0.0000062500,0.0000000000,0.3,101.1
2026-09-05T15:33:56.086+00:00,B_sell_A_buy,12.5370,5.7370,4432.0,4432.1,2.8358,10.2747,4437.66,4437.67,12.814,15.098,0.0000062500,0.0000000000,404.7,0.2
2026-09-05T15:33:56.086+00:00,B_sell_A_buy,12.5370,5.7370,4432.0,4432.1,2.8358,10.2747,4437.66,4437.67,12.751,15.098,0.0000062500,0.0000000000,404.9,0.3
2026-09-05T15:33:56.132+00:00,B_sell_A_buy,12.5370,5.7370,4432.0,4432.1,2.8358,10.2747,4437.66,4437.67,12.751,15.049,0.0000062500,0.0000000000,449.8,0.2
2026-09-05T15:33:56.292+00:00,B_sell_A_buy,12.5370,5.7370,4432.0,4432.1,2.8358,10.2747,4437.66,4437.67,12.688,15.049,0.0000062500,0.0000000000,611.1,0.2
2026-09-05T15:33:56.292+00:00,B_sell_A_buy,12.5370,5.7370,4432.0,4432.1,2.8358,10.2747,4437.66,4437.67,12.688,14.986,0.0000062500,0.0000000000,611.2,0.3
2026-09-05T15:33:56.365+00:00,B_sell_A_buy,12.5370,5.7370,4432.0,4432.1,3.0994,10.2747,4437.66,4437.67,12.688,14.986,0.0000062500,0.0000000000,0.3,72.4
2026-09-05T15:33:56.438+00:00,B_sell_A_buy,12.5370,5.7370,4432.0,4432.1,3.0994,10.2747,4437.66,4437.67,12.639,14.986,0.0000062500,0.0000000000,73.1,0.2
2026-09-05T15:33:56.630+00:00,B_sell_A_buy,12.5370,5.7370,4432.0,4432.1,3.0994,10.2747,4437.66,4437.67,12.59,14.986,0.0000062500,0.0000000000,265.9,0.3
2026-09-05T15:33:56.630+00:00,B_sell_A_buy,12.5370,5.7370,4432.0,4432.1,3.0994,10.2747,4437.66,4437.67,12.59,14.937,0.0000062500,0.0000000000,266.0,0.3
2026-09-05T15:33:56.685+00:00,B_sell_A_buy,12.5370,5.7370,4432.0,4432.1,3.0994,10.2747,4437.66,4437.67,12.024,14.937,0.0000062500,0.0000000000,319.8,0.2
2026-09-05T15:33:56.989+00:00,B_sell_A_buy,12.5370,5.7370,4432.0,4432.1,3.0994,10.2747,4437.66,4437.67,8.601,14.937,0.0000062500,0.0000000000,624.5,0.3
2026-09-05T15:33:57.038+00:00,B_sell_A_buy,12.5370,5.7370,4432.0,4432.1,3.0994,10.2747,4437.66,4437.67,12.024,14.937,0.0000062500,0.0000000000,672.9,0.2
2026-09-05T15:33:57.135+00:00,B_sell_A_buy,12.5370,5.7370,4432.0,4432.1,3.0994,10.2747,4437.66,4437.67,10.6,14.937,0.0000062500,0.0000000000,771.1,0.2
2026-09-05T15:33:57.336+00:00,B_sell_A_buy,12.5370,5.7370,4432.0,4432.1,3.0994,10.2747,4437.66,4437.67,10.6,14.522,0.0000062500,0.0000000000,971.5,0.2
2026-09-05T15:33:57.336+00:00,B_sell_A_buy,12.5370,5.7370,4432.0,4432.1,3.0994,10.2747,4437.66,4437.67,12.024,14.522,0.0000062500,0.0000000000,971.7,0.3
2026-09-05T15:33:57.336+00:00,B_sell_A_buy,12.5370,5.7370,4432.0,4432.1,3.0994,10.2747,4437.66,4437.67,12.024,14.5,0.0000062500,0.0000000000,971.7,0.3
2026-09-05T15:33:57.336+00:00,B_sell_A_buy,12.5370,5.7370,4432.0,4432.1,3.0994,10.2747,4437.66,4437.67,12.024,14.478,0.0000062500,0.0000000000,971.7,0.3
2026-09-05T15:33:57.542+00:00,B_sell_A_buy,12.5370,5.7370,4432.0,4432.1,3.0994,10.2747,4437.66,4437.67,12.024,14.412,0.0000062500,0.0000000000,1177.7,0.3
2026-09-05T15:33:57.643+00:00,B_sell_A_buy,12.5370,5.7370,4432.0,4432.1,3.0994,10.2747,4437.66,4437.67,11.971,14.412,0.0000062500,0.0000000000,1278.6,0.3
2026-09-05T15:33:57.643+00:00,B_sell_A_buy,12.5370,5.7370,4432.0,4432.1,3.0994,10.2747,4437.66,4437.67,11.971,14.359,0.0000062500,0.0000000000,1278.7,0.4
2026-09-05T15:33:57.832+00:00,B_sell_A_buy,12.5370,5.7370,4432.0,4432.1,3.0994,10.2747,4437.66,4437.67,11.393,14.359,0.0000062500,0.0000000000,1467.3,0.3
2026-09-05T15:33:57.889+00:00,B_sell_A_buy,12.5370,5.7370,4432.0,4432.1,3.0994,10.2747,4437.66,4437.67,11.34,14.359,0.0000062500,0.0000000000,1524.5,0.2
2026-09-05T15:33:57.889+00:00,B_sell_A_buy,12.5370,5.7370,4432.0,4432.1,3.0994,10.2747,4437.66,4437.67,11.34,14.306,0.0000062500,0.0000000000,1524.6,0.3
2026-09-05T15:33:58.052+00:00,B_sell_A_buy,12.5370,5.7370,4432.0,4432.1,3.0994,10.2747,4437.66,4437.67,11.34,14.151,0.0000062500,0.0000000000,1688.1,0.2
2026-09-05T15:33:58.183+00:00,B_sell_A_buy,12.5370,5.7370,4432.0,4432.1,3.0994,10.2747,4437.66,4437.67,7.917,14.151,0.0000062500,0.0000000000,1819.2,0.2
2026-09-05T15:33:58.191+00:00,B_sell_A_buy,12.5370,5.7370,4432.0,4432.1,3.0994,10.2747,4437.66,4437.67,7.851,14.151,0.0000062500,0.0000000000,1826.3,0.2
2026-09-05T15:34:11.978+00:00,B_sell_A_buy,12.5370,5.7370,4432.0,4432.1,3.2173,10.2747,4437.66,4437.67,20.31,15.26,0.0000062500,0.0000000000,0.3,98.4
2026-09-05T15:34:12.287+00:00,B_sell_A_buy,12.5370,5.7370,4432.0,4432.1,3.2173,10.2747,4437.66,4437.68,20.31,1.267,0.0000062500,0.0000000000,309.2,0.2
2026-09-05T15:34:12.385+00:00,B_sell_A_buy,12.5370,5.7370,4432.0,4432.1,3.2173,10.2747,4437.66,4437.68,19.043,1.267,0.0000062500,0.0000000000,407.6,0.2
2026-09-05T15:34:12.430+00:00,B_sell_A_buy,12.5370,5.7370,4432.0,4432.1,3.2173,10.2747,4437.66,4437.68,6.482,1.267,0.0000062500,0.0000000000,453.0,0.2
2026-09-05T15:34:12.430+00:00,B_sell_A_buy,12.5370,5.7370,4432.0,4432.1,3.2173,10.2747,4437.66,4437.68,1.643,1.267,0.0000062500,0.0000000000,453.1,0.3
2026-09-05T15:34:12.430+00:00,B_sell_A_buy,12.5596,5.7596,4432.0,4432.1,3.2173,10.2747,4437.67,4437.68,19.462,1.267,0.0000062500,0.0000000000,453.2,0.4
2026-09-05T15:34:12.430+00:00,B_sell_A_buy,12.5596,5.7596,4432.0,4432.1,3.2173,10.2747,4437.67,4437.68,25.754,1.267,0.0000062500,0.0000000000,453.2,0.4
2026-09-05T15:34:12.478+00:00,B_sell_A_buy,12.5596,5.7596,4432.0,4432.1,3.2173,10.2747,4437.67,4437.68,27.021,1.267,0.0000062500,0.0000000000,499.9,0.2
2026-09-05T15:34:12.578+00:00,B_sell_A_buy,12.5596,5.7596,4432.0,4432.1,3.2173,10.2747,4437.67,4437.68,27.021,10.514,0.0000062500,0.0000000000,600.4,0.2
2026-09-05T15:34:12.578+00:00,B_sell_A_buy,12.5596,5.7596,4432.0,4432.1,3.2173,10.2747,4437.67,4437.68,27.021,11.135,0.0000062500,0.0000000000,600.5,0.3
2026-09-05T15:34:12.793+00:00,B_sell_A_buy,12.5596,5.7596,4432.0,4432.1,3.2173,10.2747,4437.67,4437.68,27.021,11.11,0.0000062500,0.0000000000,816.2,0.2
2026-09-05T15:34:12.793+00:00,B_sell_A_buy,12.5596,5.7596,4432.0,4432.1,3.2173,10.2747,4437.67,4437.68,27.021,10.647,0.0000062500,0.0000000000,816.4,0.4
2026-09-05T15:34:12.845+00:00,B_sell_A_buy,12.5596,5.7596,4432.0,4432.1,3.2173,10.2747,4437.67,4437.68,27.021,10.622,0.0000062500,0.0000000000,867.3,0.2
2026-09-05T15:34:13.134+00:00,B_sell_A_buy,12.5596,5.7596,4432.0,4432.1,3.2173,10.2747,4437.67,4437.68,11.252,10.622,0.0000062500,0.0000000000,1156.5,0.3
2026-09-05T15:34:13.331+00:00,B_sell_A_buy,12.5596,5.7596,4432.0,4432.1,3.2173,10.2747,4437.67,4437.68,10.743,10.622,0.0000062500,0.0000000000,1352.8,0.3
2026-09-05T15:34:13.682+00:00,B_sell_A_buy,12.5370,5.7370,4432.0,4432.1,3.2173,10.2747,4437.66,4437.68,1.643,10.622,0.0000062500,0.0000000000,1705.0,0.2
2026-09-05T15:34:13.777+00:00,B_sell_A_buy,12.5370,5.7370,4432.0,4432.1,3.2173,10.2747,4437.66,4437.68,1.643,1.375,0.0000062500,0.0000000000,1800.0,0.2
2026-09-05T15:34:13.777+00:00,B_sell_A_buy,12.5370,5.7370,4432.0,4432.1,3.2173,10.2747,4437.66,4437.68,1.643,0.754,0.0000062500,0.0000000000,1800.1,0.3
2026-09-05T15:34:13.779+00:00,B_sell_A_buy,12.5370,5.7370,4432.0,4432.1,3.2173,10.2747,4437.66,4437.67,1.643,12.75,0.0000062500,0.0000000000,1801.8,0.1
2026-09-05T15:34:13.779+00:00,B_sell_A_buy,12.5370,5.7370,4432.0,4432.1,3.2173,10.2747,4437.66,4437.67,1.643,13.371,0.0000062500,0.0000000000,1801.9,0.2
2026-09-05T15:34:13.922+00:00,B_sell_A_buy,12.5370,5.7370,4432.0,4432.1,3.2173,10.2747,4437.66,4437.67,14.204,13.371,0.0000062500,0.0000000000,1945.0,0.3
2026-09-05T15:34:13.922+00:00,B_sell_A_buy,12.5370,5.7370,4432.0,4432.1,3.2173,10.2747,4437.66,4437.67,17.53,13.371,0.0000062500,0.0000000000,1945.2,0.3
2026-09-05T15:34:33.899+00:00,B_sell_A_buy,12.5596,5.7596,4432.0,4432.1,3.2173,10.1378,4437.67,4437.68,11.843,13.2,0.0000062500,0.0000000000,0.3,165.1
2026-09-05T15:34:33.942+00:00,B_sell_A_buy,12.5596,5.7596,4432.0,4432.1,3.2173,10.1378,4437.67,4437.68,11.78,13.2,0.0000062500,0.0000000000,43.6,0.3
2026-09-05T15:34:33.942+00:00,B_sell_A_buy,12.5596,5.7596,4432.0,4432.1,3.2173,10.1378,4437.67,4437.68,11.78,13.137,0.0000062500,0.0000000000,43.9,0.5
2026-09-05T15:34:34.188+00:00,B_sell_A_buy,12.5596,5.7596,4432.0,4432.1,3.2173,10.1378,4437.67,4437.68,11.249,13.137,0.0000062500,0.0000000000,288.8,0.2
2026-09-05T15:34:34.272+00:00,B_sell_A_buy,12.5596,5.7596,4432.0,4432.1,3.2173,10.1378,4437.67,4437.68,11.249,11.625,0.0000062500,0.0000000000,373.0,0.3
2026-09-05T15:34:34.586+00:00,B_sell_A_buy,12.5596,5.7596,4432.0,4432.1,3.2173,10.1378,4437.67,4437.68,11.249,11.579,0.0000062500,0.0000000000,686.2,0.2
2026-09-05T15:34:34.586+00:00,B_sell_A_buy,12.5596,5.7596,4432.0,4432.1,3.2173,10.1378,4437.67,4437.68,11.203,11.579,0.0000062500,0.0000000000,686.3,0.3
2026-09-05T15:34:34.780+00:00,B_sell_A_buy,12.5596,5.7596,4432.0,4432.1,3.2173,10.1378,4437.67,4437.68,11.144,11.579,0.0000062500,0.0000000000,881.3,0.2
2026-09-05T15:34:34.781+00:00,B_sell_A_buy,12.5596,5.7596,4432.0,4432.1,3.2173,10.1378,4437.67,4437.68,11.144,11.52,0.0000062500,0.0000000000,881.4,0.3
2026-09-05T15:34:34.951+00:00,B_sell_A_buy,12.5596,5.7596,4432.0,4432.1,3.2173,10.1378,4437.67,4437.68,11.144,11.037,0.0000062500,0.0000000000,1051.9,0.2
2026-09-05T15:34:34.951+00:00,B_sell_A_buy,12.5596,5.7596,4432.0,4432.1,3.2173,10.1378,4437.67,4437.68,11.085,11.037,0.0000062500,0.0000000000,1052.0,0.3
2026-09-05T15:34:34.951+00:00,B_sell_A_buy,12.5596,5.7596,4432.0,4432.1,3.2173,10.1378,4437.67,4437.68,11.085,11.011,0.0000062500,0.0000000000,1052.1,0.4
2026-09-05T15:34:34.951+00:00,B_sell_A_buy,12.5596,5.7596,4432.0,4432.1,3.2173,10.1378,4437.67,4437.68,11.085,10.985,0.0000062500,0.0000000000,1052.1,0.4
2026-09-05T15:34:34.951+00:00,B_sell_A_buy,12.5596,5.7596,4432.0,4432.1,3.2173,10.1378,4437.67,4437.68,11.085,10.926,0.0000062500,0.0000000000,1052.1,0.4
2026-09-05T15:34:34.977+00:00,B_sell_A_buy,12.5596,5.7596,4432.0,4432.1,3.2173,10.1378,4437.67,4437.68,11.039,10.926,0.0000062500,0.0000000000,1078.0,0.3
2026-09-05T15:34:35.334+00:00,B_sell_A_buy,12.5596,5.7596,4432.0,4432.1,3.2173,10.1378,4437.67,4437.68,7.508,10.926,0.0000062500,0.0000000000,1435.5,0.2
2026-09-05T15:34:35.480+00:00,B_sell_A_buy,12.5596,5.7596,4432.0,4432.1,3.2173,10.1378,4437.67,4437.68,7.027,10.926,0.0000062500,0.0000000000,1581.3,0.2
2026-09-05T15:34:35.576+00:00,B_sell_A_buy,12.5596,5.7596,4432.0,4432.1,3.2173,10.1378,4437.67,4437.68,6.972,10.926,0.0000062500,0.0000000000,1677.1,0.2
2026-09-05T15:34:35.834+00:00,B_sell_A_buy,12.5596,5.7596,4432.0,4432.1,3.2173,10.1378,4437.67,4437.68,6.972,10.86,0.0000062500,0.0000000000,1934.3,0.3
2026-09-05T15:34:35.834+00:00,B_sell_A_buy,12.5596,5.7596,4432.0,4432.1,3.2173,10.1378,4437.67,4437.68,6.972,10.814,0.0000062500,0.0000000000,1934.5,0.4
2026-09-05T15:34:35.834+00:00,B_sell_A_buy,12.5596,5.7596,4432.0,4432.1,3.2173,10.1378,4437.67,4437.68,6.906,10.814,0.0000062500,0.0000000000,1934.5,0.5
2026-09-05T15:34:36.434+00:00,B_sell_A_buy,12.5596,5.7596,4432.0,4432.1,3.2173,10.2747,4437.67,4437.68,6.84,12.997,0.0000062500,0.0000000000,0.2,159.2
2026-09-05T15:34:36.544+00:00,B_sell_A_buy,12.5596,5.7596,4432.0,4432.1,3.2173,10.2747,4437.67,4437.68,6.257,12.997,0.0000062500,0.0000000000,109.7,0.3
2026-09-05T15:34:36.783+00:00,B_sell_A_buy,12.5596,5.7596,4432.0,4432.1,3.2173,10.2747,4437.67,4437.68,2.684,12.997,0.0000062500,0.0000000000,350.0,0.3
2026-09-05T15:34:36.834+00:00,B_sell_A_buy,12.5596,5.7596,4432.0,4432.1,3.2173,10.2747,4437.67,4437.68,2.684,12.932,0.0000062500,0.0000000000,400.4,0.2
2026-09-05T15:34:36.893+00:00,B_sell_A_buy,12.5596,5.7596,4432.0,4432.1,3.2173,10.2747,4437.67,4437.68,15.777,12.932,0.0000062500,0.0000000000,459.6,0.2
2026-09-05T15:34:36.897+00:00,B_sell_A_buy,12.5596,5.7596,4432.0,4432.1,3.2173,10.2747,4437.67,4437.68,19.35,12.932,0.0000062500,0.0000000000,464.0,0.2
2026-09-05T15:34:36.897+00:00,B_sell_A_buy,12.5596,5.7596,4432.0,4432.1,3.2173,10.2747,4437.67,4437.68,19.285,12.932,0.0000062500,0.0000000000,464.2,0.5
2026-09-05T15:34:36.938+00:00,B_sell_A_buy,12.5596,5.7596,4432.0,4432.1,3.2173,10.2747,4437.67,4437.68,19.285,12.879,0.0000062500,0.0000000000,504.3,0.2
2026-09-05T15:34:36.938+00:00,B_sell_A_buy,12.5596,5.7596,4432.0,4432.1,3.2173,10.2747,4437.67,4437.68,19.232,12.879,0.0000062500,0.0000000000,504.4,0.3
2026-09-05T15:34:36.938+00:00,B_sell_A_buy,12.5596,5.7596,4432.0,4432.1,3.2173,10.2747,4437.67,4437.68,17.72,12.879,0.0000062500,0.0000000000,504.4,0.4
2026-09-05T15:34:37.085+00:00,B_sell_A_buy,12.5596,5.7596,4432.0,4432.1,3.2173,10.2747,4437.67,4437.68,17.72,12.814,0.0000062500,0.0000000000,650.7,0.2
2026-09-05T15:34:37.085+00:00,B_sell_A_buy,12.5596,5.7596,4432.0,4432.1,3.2173,10.2747,4437.67,4437.68,17.655,12.814,0.0000062500,0.0000000000,650.9,0.3
2026-09-05T15:34:37.135+00:00,B_sell_A_buy,12.5596,5.7596,4432.0,4432.1,3.2173,10.2747,4437.67,4437.68,17.602,12.814,0.0000062500,0.0000000000,701.4,0.3
2026-09-05T15:34:37.136+00:00,B_sell_A_buy,12.5596,5.7596,4432.0,4432.1,3.2173,10.2747,4437.67,4437.68,17.602,12.761,0.0000062500,0.0000000000,701.6,0.4
2026-09-05T15:34:37.232+00:00,B_sell_A_buy,12.5596,5.7596,4432.0,4432.1,3.2173,10.2747,4437.67,4437.68,17.602,12.316,0.0000062500,0.0000000000,798.4,0.3
2026-09-05T15:34:37.285+00:00,B_sell_A_buy,12.5596,5.7596,4432.0,4432.1,3.2173,10.2747,4437.67,4437.68,17.602,12.292,0.0000062500,0.0000000000,851.7,0.3
2026-09-05T15:34:37.288+00:00,B_sell_A_buy,12.5596,5.7596,4432.0,4432.1,3.2173,10.2747,4437.67,4437.68,17.602,12.268,0.0000062500,0.0000000000,854.5,0.1
2026-09-05T15:34:37.729+00:00,B_sell_A_buy,12.5596,5.7596,4432.0,4432.1,3.2173,10.2747,4437.67,4437.68,17.602,12.223,0.0000062500,0.0000000000,1295.4,0.3
2026-09-05T15:34:37.731+00:00,B_sell_A_buy,12.5596,5.7596,4432.0,4432.1,3.2173,10.2747,4437.67,4437.68,17.557,12.223,0.0000062500,0.0000000000,1297.0,0.1
2026-09-05T15:34:37.787+00:00,B_sell_A_buy,12.5596,5.7596,4432.0,4432.1,3.2173,10.2747,4437.67,4437.68,17.134,12.223,0.0000062500,0.0000000000,1352.6,0.3
2026-09-05T15:34:37.883+00:00,B_sell_A_buy,12.5596,5.7596,4432.0,4432.1,3.2173,10.2747,4437.67,4437.68,17.134,12.178,0.0000062500,0.0000000000,1449.7,0.3
2026-09-05T15:34:37.939+00:00,B_sell_A_buy,12.5596,5.7596,4432.0,4432.1,3.2173,10.2747,4437.67,4437.68,17.089,12.178,0.0000062500,0.0000000000,1505.4,0.2
2026-09-05T15:34:38.030+00:00,B_sell_A_buy,12.5596,5.7596,4432.0,4432.1,3.2173,10.2747,4437.67,4437.68,13.516,12.178,0.0000062500,0.0000000000,1596.6,0.2
2026-09-05T15:34:38.136+00:00,B_sell_A_buy,12.5596,5.7596,4432.0,4432.1,3.2173,10.2747,4437.67,4437.68,13.516,12.131,0.0000062500,0.0000000000,1703.1,0.3
2026-09-05T15:34:38.136+00:00,B_sell_A_buy,12.5596,5.7596,4432.0,4432.1,3.2173,10.2747,4437.67,4437.68,13.469,12.131,0.0000062500,0.0000000000,1703.3,0.4
2026-09-05T15:34:38.282+00:00,B_sell_A_buy,12.5596,5.7596,4432.0,4432.1,3.2173,10.2747,4437.67,4437.68,13.469,12.107,0.0000062500,0.0000000000,1848.6,0.2
2026-09-05T15:34:38.282+00:00,B_sell_A_buy,12.5596,5.7596,4432.0,4432.1,3.2173,10.2747,4437.67,4437.68,13.469,11.675,0.0000062500,0.0000000000,1848.7,0.3
2026-09-05T15:34:38.282+00:00,B_sell_A_buy,12.5596,5.7596,4432.0,4432.1,3.2173,10.2747,4437.67,4437.68,13.469,11.651,0.0000062500,0.0000000000,1848.7,0.3
2026-09-05T15:34:38.282+00:00,B_sell_A_buy,12.5596,5.7596,4432.0,4432.1,3.2173,10.2747,4437.67,4437.68,13.422,11.651,0.0000062500,0.0000000000,1848.7,0.4
2026-09-05T15:34:38.332+00:00,B_sell_A_buy,12.5596,5.7596,4432.0,4432.1,3.2173,10.2747,4437.67,4437.68,13.422,11.604,0.0000062500,0.0000000000,1897.7,0.2
2026-09-05T15:35:08.613+00:00,B_sell_A_buy,12.5596,5.7596,4432.0,4432.1,3.2173,10.272,4437.67,4437.68,13.063,14.896,0.0000062500,0.0000000000,0.3,321.5
2026-09-05T15:35:08.728+00:00,B_sell_A_buy,12.5596,5.7596,4432.0,4432.1,3.2173,10.272,4437.67,4437.68,13.063,11.371,0.0000062500,0.0000000000,115.5,0.2
2026-09-05T15:35:08.930+00:00,B_sell_A_buy,12.5596,5.7596,4432.0,4432.1,3.2173,10.272,4437.67,4437.68,12.507,11.371,0.0000062500,0.0000000000,317.2,0.3
2026-09-05T15:35:09.145+00:00,B_sell_A_buy,12.5596,5.7596,4432.0,4432.1,3.2173,10.272,4437.67,4437.68,12.507,11.306,0.0000062500,0.0000000000,532.5,0.2
2026-09-05T15:35:09.145+00:00,B_sell_A_buy,12.5596,5.7596,4432.0,4432.1,3.2173,10.272,4437.67,4437.68,12.442,11.306,0.0000062500,0.0000000000,532.7,0.3
2026-09-05T15:35:09.289+00:00,B_sell_A_buy,12.5596,5.7596,4432.0,4432.1,3.2173,10.272,4437.67,4437.68,12.442,11.241,0.0000062500,0.0000000000,676.7,0.2
2026-09-05T15:35:09.435+00:00,B_sell_A_buy,12.5596,5.7596,4432.0,4432.1,3.2173,10.272,4437.67,4437.68,12.442,11.186,0.0000062500,0.0000000000,822.7,0.3
2026-09-05T15:35:09.472+00:00,B_sell_A_buy,12.5596,5.7596,4432.0,4432.1,3.2173,10.272,4437.67,4437.68,12.442,7.767,0.0000062500,0.0000000000,859.4,0.2
2026-09-05T15:35:09.479+00:00,B_sell_A_buy,12.5596,5.7596,4432.0,4432.1,3.2173,10.272,4437.67,4437.68,12.442,7.737,0.0000062500,0.0000000000,866.2,0.1
2026-09-05T15:35:09.479+00:00,B_sell_A_buy,12.5596,5.7596,4432.0,4432.1,3.2173,10.272,4437.67,4437.68,12.442,7.707,0.0000062500,0.0000000000,866.4,0.3
2026-09-05T15:35:09.532+00:00,B_sell_A_buy,12.5596,5.7596,4432.0,4432.1,3.2173,10.272,4437.67,4437.68,12.442,7.167,0.0000062500,0.0000000000,919.5,0.2
2026-09-05T15:35:09.881+00:00,B_sell_A_buy,12.5596,5.7596,4432.0,4432.1,3.2173,10.272,4437.67,4437.68,12.397,7.167,0.0000062500,0.0000000000,1267.8,0.2
2026-09-05T15:35:09.934+00:00,B_sell_A_buy,12.5596,5.7596,4432.0,4432.1,3.2173,10.272,4437.67,4437.68,10.911,7.167,0.0000062500,0.0000000000,1321.8,0.2
2026-09-05T15:35:10.188+00:00,B_sell_A_buy,12.5596,5.7596,4432.0,4432.1,3.2173,10.272,4437.67,4437.68,10.911,7.122,0.0000062500,0.0000000000,1575.3,0.3
2026-09-05T15:35:10.379+00:00,B_sell_A_buy,12.5596,5.7596,4432.0,4432.1,3.2173,10.272,4437.67,4437.68,10.911,7.077,0.0000062500,0.0000000000,1765.8,0.3
2026-09-05T15:35:10.431+00:00,B_sell_A_buy,12.5596,5.7596,4432.0,4432.1,3.2173,10.272,4437.67,4437.68,10.866,7.077,0.0000062500,0.0000000000,1817.6,0.2
2026-09-05T15:36:00.236+00:00,B_sell_A_buy,12.5596,5.7596,4432.0,4432.1,3.2173,10.2303,4437.67,4437.68,17.502,13.715,0.0000062500,0.0000000000,0.3,355.9
2026-09-05T15:36:00.430+00:00,B_sell_A_buy,12.5596,5.7596,4432.0,4432.1,3.2173,10.2303,4437.67,4437.68,17.076,13.715,0.0000062500,0.0000000000,193.9,0.2
2026-09-05T15:36:00.544+00:00,B_sell_A_buy,12.5596,5.7596,4432.0,4432.1,3.2173,10.2303,4437.67,4437.68,17.076,13.663,0.0000062500,0.0000000000,308.0,0.2
2026-09-05T15:36:00.691+00:00,B_sell_A_buy,12.5596,5.7596,4432.0,4432.1,3.2173,10.2303,4437.67,4437.68,17.024,13.663,0.0000062500,0.0000000000,456.2,0.2
2026-09-05T15:36:00.691+00:00,B_sell_A_buy,12.5596,5.7596,4432.0,4432.1,3.2173,10.2303,4437.67,4437.68,17.024,17.069,0.0000062500,0.0000000000,456.3,0.3
2026-09-05T15:36:00.691+00:00,B_sell_A_buy,12.5596,5.7596,4432.0,4432.1,3.2173,10.2303,4437.67,4437.68,17.024,13.663,0.0000062500,0.0000000000,456.4,0.3
2026-09-05T15:36:00.879+00:00,B_sell_A_buy,12.5596,5.7596,4432.0,4432.1,3.2173,10.2303,4437.67,4437.68,17.024,13.611,0.0000062500,0.0000000000,643.8,0.2
2026-09-05T15:36:00.938+00:00,B_sell_A_buy,12.5596,5.7596,4432.0,4432.1,3.2173,10.2303,4437.67,4437.68,16.972,13.611,0.0000062500,0.0000000000,702.7,0.2
2026-09-05T15:36:00.938+00:00,B_sell_A_buy,12.5596,5.7596,4432.0,4432.1,3.2173,10.2303,4437.67,4437.68,16.921,13.611,0.0000062500,0.0000000000,702.8,0.3
2026-09-05T15:36:00.938+00:00,B_sell_A_buy,12.5596,5.7596,4432.0,4432.1,3.2173,10.2303,4437.67,4437.68,16.921,13.56,0.0000062500,0.0000000000,702.8,0.3
2026-09-05T15:36:00.979+00:00,B_sell_A_buy,12.5596,5.7596,4432.0,4432.1,3.2173,10.2303,4437.67,4437.68,16.921,17.128,0.0000062500,0.0000000000,743.8,0.2
2026-09-05T15:36:00.979+00:00,B_sell_A_buy,12.5596,5.7596,4432.0,4432.1,3.2173,10.2303,4437.67,4437.68,16.921,13.56,0.0000062500,0.0000000000,744.0,0.3
2026-09-05T15:36:01.192+00:00,B_sell_A_buy,12.5596,5.7596,4432.0,4432.1,3.2173,10.2303,4437.67,4437.68,16.921,13.537,0.0000062500,0.0000000000,957.1,0.2
2026-09-05T15:36:01.194+00:00,B_sell_A_buy,12.5596,5.7596,4432.0,4432.1,3.2173,10.2303,4437.67,4437.68,16.921,13.514,0.0000062500,0.0000000000,959.1,0.2
2026-09-05T15:36:01.194+00:00,B_sell_A_buy,12.5596,5.7596,4432.0,4432.1,3.2173,10.2303,4437.67,4437.68,16.921,13.463,0.0000062500,0.0000000000,959.2,0.2
2026-09-05T15:36:01.194+00:00,B_sell_A_buy,12.5596,5.7596,4432.0,4432.1,3.2173,10.2303,4437.67,4437.68,16.921,13.037,0.0000062500,0.0000000000,959.2,0.2
2026-09-05T15:36:01.242+00:00,B_sell_A_buy,12.5596,5.7596,4432.0,4432.1,3.2173,10.2303,4437.67,4437.68,16.87,13.037,0.0000062500,0.0000000000,1006.4,0.1
2026-09-05T15:36:01.582+00:00,B_sell_A_buy,12.5596,5.7596,4432.0,4432.1,3.2173,10.2303,4437.67,4437.68,16.302,13.037,0.0000062500,0.0000000000,1346.8,0.2
2026-09-05T15:36:01.686+00:00,B_sell_A_buy,12.5596,5.7596,4432.0,4432.1,3.2173,10.2303,4437.67,4437.68,16.302,12.988,0.0000062500,0.0000000000,1450.9,0.2
2026-09-05T15:36:01.688+00:00,B_sell_A_buy,12.5596,5.7596,4432.0,4432.1,3.2173,10.2303,4437.67,4437.68,16.253,12.988,0.0000062500,0.0000000000,1453.2,0.2
2026-09-05T15:36:01.880+00:00,B_sell_A_buy,12.5596,5.7596,4432.0,4432.1,3.2173,10.2303,4437.67,4437.68,16.253,9.582,0.0000062500,0.0000000000,1644.5,0.2
2026-09-05T15:36:01.958+00:00,B_sell_A_buy,12.5596,5.7596,4432.0,4432.1,3.2173,10.2303,4437.67,4437.68,16.204,9.582,0.0000062500,0.0000000000,1723.2,0.2
2026-09-05T15:36:01.958+00:00,B_sell_A_buy,12.5596,5.7596,4432.0,4432.1,3.2173,10.2303,4437.67,4437.68,16.204,9.533,0.0000062500,0.0000000000,1723.3,0.3
2026-09-05T15:36:01.960+00:00,B_sell_A_buy,12.5596,5.7596,4432.0,4432.1,3.2173,10.2303,4437.67,4437.68,16.204,9.47,0.0000062500,0.0000000000,1725.3,0.1
2026-09-05T15:36:01.960+00:00,B_sell_A_buy,12.5596,5.7596,4432.0,4432.1,3.2173,10.2303,4437.67,4437.68,16.141,9.47,0.0000062500,0.0000000000,1725.3,0.2
2026-09-05T15:36:02.120+00:00,B_sell_A_buy,12.5596,5.7596,4432.0,4432.1,3.2173,10.2303,4437.67,4437.68,16.141,5.902,0.0000062500,0.0000000000,1884.8,0.3
2026-09-05T15:36:02.125+00:00,B_sell_A_buy,12.5596,5.7596,4432.0,4432.1,3.2173,10.2303,4437.67,4437.68,16.078,5.902,0.0000062500,0.0000000000,1890.0,0.2
2026-09-05T15:36:02.125+00:00,B_sell_A_buy,12.5596,5.7596,4432.0,4432.1,3.2173,10.2303,4437.67,4437.68,16.078,5.839,0.0000062500,0.0000000000,1890.1,0.3
2026-09-05T15:36:12.178+00:00,B_sell_A_buy,12.5596,5.7596,4432.0,4432.1,2.9537,10.2303,4437.67,4437.68,14.468,5.436,0.0000062500,0.0000000000,0.3,127.6
2026-09-05T15:36:12.294+00:00,B_sell_A_buy,12.5596,5.7596,4432.0,4432.1,2.9537,10.2303,4437.67,4437.68,14.468,5.406,0.0000062500,0.0000000000,117.1,0.2
2026-09-05T15:36:12.338+00:00,B_sell_A_buy,12.5596,5.7596,4432.0,4432.1,2.9537,10.2303,4437.67,4437.68,14.468,5.376,0.0000062500,0.0000000000,160.1,0.3
2026-09-05T15:36:12.338+00:00,B_sell_A_buy,12.5596,5.7596,4432.0,4432.1,2.9537,10.2303,4437.67,4437.68,14.468,4.836,0.0000062500,0.0000000000,160.3,0.4
2026-09-05T15:36:12.886+00:00,B_sell_A_buy,12.5596,5.7596,4432.0,4432.1,2.9537,10.2303,4437.67,4437.68,14.225,4.836,0.0000062500,0.0000000000,708.4,0.2
2026-09-05T15:36:13.094+00:00,B_sell_A_buy,12.5596,5.7596,4432.0,4432.1,2.9537,10.2303,4437.67,4437.68,14.225,4.79,0.0000062500,0.0000000000,917.1,0.2
2026-09-05T15:36:13.094+00:00,B_sell_A_buy,12.5596,5.7596,4432.0,4432.1,2.9537,10.2303,4437.67,4437.68,14.179,4.79,0.0000062500,0.0000000000,917.2,0.3
2026-09-05T15:36:13.240+00:00,B_sell_A_buy,12.5596,5.7596,4432.0,4432.1,2.9537,10.2303,4437.67,4437.68,14.179,4.74,0.0000062500,0.0000000000,1062.2,0.3
2026-09-05T15:36:13.241+00:00,B_sell_A_buy,12.5596,5.7596,4432.0,4432.1,2.9537,10.2303,4437.67,4437.68,14.129,4.74,0.0000062500,0.0000000000,1062.5,0.5
2026-09-05T15:36:13.346+00:00,B_sell_A_buy,12.5596,5.7596,4432.0,4432.1,2.9537,10.2303,4437.67,4437.68,14.129,4.694,0.0000062500,0.0000000000,1168.3,0.3
2026-09-05T15:36:13.346+00:00,B_sell_A_buy,12.5596,5.7596,4432.0,4432.1,2.9537,10.2303,4437.67,4437.68,14.083,4.694,0.0000062500,0.0000000000,1168.5,0.4
2026-09-05T15:36:13.397+00:00,B_sell_A_buy,12.5596,5.7596,4432.0,4432.1,2.9537,10.2303,4437.67,4437.68,17.563,4.694,0.0000062500,0.0000000000,1219.8,0.2
2026-09-05T15:36:13.397+00:00,B_sell_A_buy,12.5596,5.7596,4432.0,4432.1,2.9537,10.2303,4437.67,4437.68,17.513,4.694,0.0000062500,0.0000000000,1220.0,0.3
2026-09-05T15:36:13.437+00:00,B_sell_A_buy,12.5596,5.7596,4432.0,4432.1,2.9537,10.2303,4437.67,4437.68,17.513,4.644,0.0000062500,0.0000000000,1259.7,0.2
2026-09-05T15:36:13.481+00:00,B_sell_A_buy,12.5596,5.7596,4432.0,4432.1,2.9537,10.2303,4437.67,4437.68,16.968,4.644,0.0000062500,0.0000000000,1303.1,0.2
2026-09-05T15:36:13.481+00:00,B_sell_A_buy,12.5596,5.7596,4432.0,4432.1,2.9537,10.2303,4437.67,4437.68,13.573,4.644,0.0000062500,0.0000000000,1303.2,0.3
2026-09-05T15:36:13.529+00:00,B_sell_A_buy,12.5596,5.7596,4432.0,4432.1,2.9537,10.2303,4437.67,4437.68,10.032,4.644,0.0000062500,0.0000000000,1352.0,0.2
2026-09-05T15:36:14.089+00:00,B_sell_A_buy,12.5596,5.7596,4432.0,4432.1,2.9537,10.2303,4437.67,4437.68,9.984,4.644,0.0000062500,0.0000000000,1911.1,0.2
2026-09-05T15:36:14.129+00:00,B_sell_A_buy,12.5596,5.7596,4432.0,4432.1,2.9537,10.2303,4437.67,4437.68,9.984,4.596,0.0000062500,0.0000000000,1951.6,0.3
2026-09-05T15:36:28.943+00:00,B_sell_A_buy,12.5596,5.7596,4432.0,4432.1,2.9537,9.7791,4437.67,4437.68,4.426,13.965,0.0000062500,0.0000000000,0.3,212.9
2026-09-05T15:36:29.027+00:00,B_sell_A_buy,12.5596,5.7596,4432.0,4432.1,2.9537,9.7791,4437.67,4437.68,4.372,13.965,0.0000062500,0.0000000000,83.5,0.2
2026-09-05T15:36:29.027+00:00,B_sell_A_buy,12.5596,5.7596,4432.0,4432.1,2.9537,9.7791,4437.67,4437.68,4.372,13.911,0.0000062500,0.0000000000,83.7,0.3
2026-09-05T15:36:29.126+00:00,B_sell_A_buy,12.5596,5.7596,4432.0,4432.1,2.9537,9.7791,4437.67,4437.68,4.372,13.884,0.0000062500,0.0000000000,183.1,0.2
2026-09-05T15:36:29.126+00:00,B_sell_A_buy,12.5596,5.7596,4432.0,4432.1,2.9537,9.7791,4437.67,4437.68,4.372,13.384,0.0000062500,0.0000000000,183.2,0.3
2026-09-05T15:36:29.126+00:00,B_sell_A_buy,12.5596,5.7596,4432.0,4432.1,2.9537,9.7791,4437.67,4437.68,4.372,13.357,0.0000062500,0.0000000000,183.3,0.3
2026-09-05T15:36:29.185+00:00,B_sell_A_buy,12.5596,5.7596,4432.0,4432.1,2.9537,9.7791,4437.67,4437.68,16.782,13.357,0.0000062500,0.0000000000,241.9,0.2
2026-09-05T15:36:29.247+00:00,B_sell_A_buy,12.5596,5.7596,4432.0,4432.1,2.9537,9.7791,4437.67,4437.68,16.782,13.301,0.0000062500,0.0000000000,303.1,0.2
2026-09-05T15:36:29.247+00:00,B_sell_A_buy,12.5596,5.7596,4432.0,4432.1,2.9537,9.7791,4437.67,4437.68,16.726,13.301,0.0000062500,0.0000000000,303.2,0.3
2026-09-05T15:36:29.247+00:00,B_sell_A_buy,12.5596,5.7596,4432.0,4432.1,2.9537,9.7791,4437.67,4437.68,16.672,13.301,0.0000062500,0.0000000000,303.2,0.3
2026-09-05T15:36:29.433+00:00,B_sell_A_buy,12.5596,5.7596,4432.0,4432.1,2.9537,9.7791,4437.67,4437.68,16.672,13.245,0.0000062500,0.0000000000,489.0,0.3
2026-09-05T15:36:29.487+00:00,B_sell_A_buy,12.5596,5.7596,4432.0,4432.1,2.9537,9.7791,4437.67,4437.68,16.616,13.245,0.0000062500,0.0000000000,544.0,0.2
2026-09-05T15:36:29.487+00:00,B_sell_A_buy,12.5596,5.7596,4432.0,4432.1,2.9537,9.7791,4437.67,4437.68,16.616,13.191,0.0000062500,0.0000000000,544.1,0.3
2026-09-05T15:36:29.582+00:00,B_sell_A_buy,12.5596,5.7596,4432.0,4432.1,2.9537,9.7791,4437.67,4437.68,16.089,13.191,0.0000062500,0.0000000000,639.4,0.3
2026-09-05T15:36:29.634+00:00,B_sell_A_buy,12.5596,5.7596,4432.0,4432.1,2.9537,9.7791,4437.67,4437.68,16.034,13.191,0.0000062500,0.0000000000,691.2,0.2
2026-09-05T15:36:30.030+00:00,B_sell_A_buy,12.5596,5.7596,4432.0,4432.1,2.9537,9.7791,4437.67,4437.68,16.034,13.165,0.0000062500,0.0000000000,1086.5,0.2
2026-09-05T15:36:30.030+00:00,B_sell_A_buy,12.5596,5.7596,4432.0,4432.1,2.9537,9.7791,4437.67,4437.68,16.034,13.139,0.0000062500,0.0000000000,1086.7,0.3
2026-09-05T15:36:30.032+00:00,B_sell_A_buy,12.5596,5.7596,4432.0,4432.1,2.9537,9.7791,4437.67,4437.68,16.034,12.658,0.0000062500,0.0000000000,1088.9,0.1
2026-09-05T15:36:30.275+00:00,B_sell_A_buy,12.5596,5.7596,4432.0,4432.1,2.9537,9.7791,4437.67,4437.68,15.989,12.658,0.0000062500,0.0000000000,1331.6,0.2
2026-09-05T15:36:30.342+00:00,B_sell_A_buy,12.5596,5.7596,4432.0,4432.1,2.9537,9.7791,4437.67,4437.68,15.989,12.605,0.0000062500,0.0000000000,1398.5,0.3
2026-09-05T15:36:30.393+00:00,B_sell_A_buy,12.5596,5.7596,4432.0,4432.1,2.9537,9.7791,4437.67,4437.68,15.989,12.56,0.0000062500,0.0000000000,1449.5,0.2
2026-09-05T15:36:30.393+00:00,B_sell_A_buy,12.5596,5.7596,4432.0,4432.1,2.9537,9.7791,4437.67,4437.68,15.936,12.56,0.0000062500,0.0000000000,1449.6,0.3
2026-09-05T15:36:30.532+00:00,B_sell_A_buy,12.5596,5.7596,4432.0,4432.1,2.9537,9.7791,4437.67,4437.68,15.416,12.56,0.0000062500,0.0000000000,1588.6,0.3
2026-09-05T15:36:30.585+00:00,B_sell_A_buy,12.5596,5.7596,4432.0,4432.1,2.9537,9.7791,4437.67,4437.68,15.371,12.56,0.0000062500,0.0000000000,1641.4,0.3
2026-09-05T15:36:30.585+00:00,B_sell_A_buy,12.5596,5.7596,4432.0,4432.1,2.9537,9.7791,4437.67,4437.68,15.371,12.515,0.0000062500,0.0000000000,1641.6,0.4
2026-09-05T15:36:30.585+00:00,B_sell_A_buy,12.5596,5.7596,4432.0,4432.1,2.9537,9.7791,4437.67,4437.68,15.318,12.515,0.0000062500,0.0000000000,1641.7,0.5
2026-09-05T15:36:30.585+00:00,B_sell_A_buy,12.5596,5.7596,4432.0,4432.1,2.9537,9.7791,4437.67,4437.68,15.318,12.462,0.0000062500,0.0000000000,1641.7,0.5
2026-09-05T15:36:37.953+00:00,B_sell_A_buy,12.2892,5.4892,4432.0,4432.1,2.9537,9.962,4437.55,4437.56,20.627,14.619,0.0000062500,0.0000000000,0.2,17.5
2026-09-05T15:36:37.972+00:00,B_sell_A_buy,12.2892,5.4892,4432.0,4432.1,2.9537,9.962,4437.55,4437.56,20.627,11.825,0.0000062500,0.0000000000,19.1,0.1
2026-09-05T15:36:38.144+00:00,B_sell_A_buy,12.2892,5.4892,4432.0,4432.1,2.9537,9.962,4437.55,4437.56,20.565,11.825,0.0000062500,0.0000000000,191.3,0.3
2026-09-05T15:36:38.242+00:00,B_sell_A_buy,12.2892,5.4892,4432.0,4432.1,2.9537,9.962,4437.55,4437.56,20.513,11.825,0.0000062500,0.0000000000,289.4,0.3
2026-09-05T15:36:38.428+00:00,B_sell_A_buy,12.2892,5.4892,4432.0,4432.1,2.9537,9.962,4437.55,4437.56,20.513,1.267,0.0000062500,0.0000000000,475.2,0.2
2026-09-05T15:36:38.532+00:00,B_sell_A_buy,12.2892,5.4892,4432.0,4432.1,2.9537,9.962,4437.55,4437.56,20.24,1.267,0.0000062500,0.0000000000,579.7,0.3
2026-09-05T15:36:38.988+00:00,B_sell_A_buy,12.2892,5.4892,4432.0,4432.1,2.9537,9.962,4437.55,4437.56,19.81,1.267,0.0000062500,0.0000000000,1035.1,0.2
2026-09-05T15:36:39.492+00:00,B_sell_A_buy,12.2892,5.4892,4432.0,4432.1,2.9537,9.962,4437.55,4437.56,19.81,1.24,0.0000062500,0.0000000000,1539.5,0.3
2026-09-05T15:36:39.492+00:00,B_sell_A_buy,12.2892,5.4892,4432.0,4432.1,2.9537,9.962,4437.55,4437.56,19.81,0.736,0.0000062500,0.0000000000,1539.7,0.4
2026-09-05T15:36:39.542+00:00,B_sell_A_buy,12.2892,5.4892,4432.0,4432.1,2.9537,9.962,4437.55,4437.56,19.81,0.709,0.0000062500,0.0000000000,1589.9,0.2
2026-09-05T15:36:52.730+00:00,B_sell_A_buy,12.4018,5.6018,4432.0,4432.1,2.9537,10.0024,4437.6,4437.61,3.446,31.503,0.0000062500,0.0000000000,0.3,51.0
2026-09-05T15:36:52.796+00:00,B_sell_A_buy,12.4018,5.6018,4432.0,4432.1,2.9537,10.0024,4437.6,4437.61,3.446,31.379,0.0000062500,0.0000000000,66.1,0.2
2026-09-05T15:36:52.812+00:00,B_sell_A_buy,12.4018,5.6018,4432.0,4432.1,2.8358,10.0024,4437.6,4437.61,3.446,31.379,0.0000062500,0.0000000000,0.2,15.5
2026-09-05T15:36:53.712+00:00,B_sell_A_buy,12.4018,5.6018,4432.0,4432.1,2.8358,9.9997,4437.6,4437.61,3.446,31.379,0.0000062500,0.0000000000,0.3,916.8
2026-09-05T15:36:53.833+00:00,B_sell_A_buy,12.3117,5.5117,4432.0,4432.1,2.8358,9.9997,4437.56,4437.61,1.267,31.379,0.0000062500,0.0000000000,121.1,0.3
2026-09-05T15:36:53.981+00:00,B_sell_A_buy,12.3117,5.5117,4432.0,4432.1,2.8358,9.9997,4437.56,4437.61,1.267,6.308,0.0000062500,0.0000000000,269.3,0.2
2026-09-05T15:36:53.981+00:00,B_sell_A_buy,12.3117,5.5117,4432.0,4432.1,2.8358,9.9997,4437.56,4437.61,1.267,1.143,0.0000062500,0.0000000000,269.4,0.3
2026-09-05T15:36:53.989+00:00,B_sell_A_buy,12.3117,5.5117,4432.0,4432.1,2.8358,9.9997,4437.56,4437.6,1.267,26.929,0.0000062500,0.0000000000,277.7,0.2
2026-09-05T15:36:53.990+00:00,B_sell_A_buy,12.3117,5.5117,4432.0,4432.1,2.8358,9.9997,4437.56,4437.6,1.267,33.997,0.0000062500,0.0000000000,277.8,0.2
2026-09-05T15:36:53.990+00:00,B_sell_A_buy,12.3342,5.5342,4432.0,4432.1,2.8358,9.9997,4437.57,4437.6,0.069,33.997,0.0000062500,0.0000000000,277.8,0.2
2026-09-05T15:36:54.090+00:00,B_sell_A_buy,12.3342,5.5342,4432.0,4432.1,2.8358,9.9997,4437.57,4437.6,0.069,26.929,0.0000062500,0.0000000000,377.5,0.2
2026-09-05T15:36:54.090+00:00,B_sell_A_buy,12.3117,5.5117,4432.0,4432.1,2.8358,9.9997,4437.56,4437.6,1.267,26.929,0.0000062500,0.0000000000,377.7,0.3
2026-09-05T15:36:54.090+00:00,B_sell_A_buy,12.3117,5.5117,4432.0,4432.1,2.8358,9.9997,4437.56,4437.61,1.267,1.143,0.0000062500,0.0000000000,377.7,0.3
2026-09-05T15:36:54.133+00:00,B_sell_A_buy,12.3117,5.5117,4432.0,4432.1,2.8358,9.9997,4437.56,4437.59,1.267,26.929,0.0000062500,0.0000000000,421.3,0.2
2026-09-05T15:36:54.133+00:00,B_sell_A_buy,12.3117,5.5117,4432.0,4432.1,2.8358,9.9997,4437.56,4437.59,1.267,33.997,0.0000062500,0.0000000000,421.5,0.3
2026-09-05T15:36:54.133+00:00,B_sell_A_buy,12.3568,5.5568,4432.0,4432.1,2.8358,9.9997,4437.58,4437.59,0.069,33.997,0.0000062500,0.0000000000,421.5,0.3
2026-09-05T15:36:54.286+00:00,B_sell_A_buy,12.3568,5.5568,4432.0,4432.1,2.8358,9.9997,4437.58,4437.59,0.069,32.751,0.0000062500,0.0000000000,573.7,0.3
2026-09-05T15:36:54.424+00:00,B_sell_A_buy,12.3568,5.5568,4432.0,4432.1,2.8358,9.9997,4437.58,4437.59,1.316,32.751,0.0000062500,0.0000000000,711.1,0.2
2026-09-05T15:37:12.326+00:00,B_sell_A_buy,12.2666,5.4666,4432.0,4432.1,3.1451,9.9997,4437.54,4437.55,3.823,24.477,0.0000062500,0.0000000000,0.3,62.4
2026-09-05T15:37:12.441+00:00,B_sell_A_buy,12.2666,5.4666,4432.0,4432.1,3.1451,9.9997,4437.54,4437.55,3.757,24.477,0.0000062500,0.0000000000,115.3,0.2
2026-09-05T15:37:12.441+00:00,B_sell_A_buy,12.2666,5.4666,4432.0,4432.1,3.1451,9.9997,4437.54,4437.55,3.757,24.411,0.0000062500,0.0000000000,115.5,0.3
2026-09-05T15:37:13.037+00:00,B_sell_A_buy,12.2666,5.4666,4432.0,4432.1,3.1451,9.9997,4437.54,4437.55,3.757,23.281,0.0000062500,0.0000000000,711.3,0.3
2026-09-05T15:37:13.085+00:00,B_sell_A_buy,12.2666,5.4666,4432.0,4432.1,3.1451,9.9997,4437.54,4437.55,3.757,22.746,0.0000062500,0.0000000000,759.2,0.2
2026-09-05T15:37:13.085+00:00,B_sell_A_buy,12.2666,5.4666,4432.0,4432.1,3.1451,9.9997,4437.54,4437.55,3.757,22.691,0.0000062500,0.0000000000,759.3,0.3
2026-09-05T15:37:13.085+00:00,B_sell_A_buy,12.2666,5.4666,4432.0,4432.1,3.1451,9.9997,4437.54,4437.55,3.757,22.662,0.0000062500,0.0000000000,759.3,0.3
2026-09-05T15:37:13.134+00:00,B_sell_A_buy,12.2666,5.4666,4432.0,4432.1,3.1451,9.9997,4437.54,4437.55,3.702,22.662,0.0000062500,0.0000000000,808.7,0.3
2026-09-05T15:37:13.292+00:00,B_sell_A_buy,12.2666,5.4666,4432.0,4432.1,3.1451,9.9997,4437.54,4437.55,3.702,22.633,0.0000062500,0.0000000000,966.1,0.2
2026-09-05T15:37:13.343+00:00,B_sell_A_buy,12.2666,5.4666,4432.0,4432.1,3.1451,9.9997,4437.54,4437.55,3.647,22.633,0.0000062500,0.0000000000,1017.4,0.2
2026-09-05T15:37:13.343+00:00,B_sell_A_buy,12.2666,5.4666,4432.0,4432.1,3.1451,9.9997,4437.54,4437.55,3.647,22.578,0.0000062500,0.0000000000,1017.6,0.4
2026-09-05T15:37:13.343+00:00,B_sell_A_buy,12.2666,5.4666,4432.0,4432.1,3.1451,9.9997,4437.54,4437.55,3.647,22.521,0.0000062500,0.0000000000,1017.7,0.4
2026-09-05T15:37:13.343+00:00,B_sell_A_buy,12.2666,5.4666,4432.0,4432.1,3.1451,9.9997,4437.54,4437.55,3.59,22.521,0.0000062500,0.0000000000,1017.7,0.4
2026-09-05T15:37:13.493+00:00,B_sell_A_buy,12.2666,5.4666,4432.0,4432.1,3.1451,9.9997,4437.54,4437.55,3.59,22.464,0.0000062500,0.0000000000,1167.2,0.2
2026-09-05T15:37:13.493+00:00,B_sell_A_buy,12.2666,5.4666,4432.0,4432.1,3.1451,9.9997,4437.54,4437.55,3.533,22.464,0.0000062500,0.0000000000,1167.4,0.3
2026-09-05T15:37:13.638+00:00,B_sell_A_buy,12.2666,5.4666,4432.0,4432.1,3.1451,9.9997,4437.54,4437.55,2.925,22.464,0.0000062500,0.0000000000,1312.5,0.3
2026-09-05T15:37:34.143+00:00,B_sell_A_buy,12.1539,5.3539,4432.0,4432.1,2.8358,9.9997,4437.49,4437.5,3.643,26.886,0.0000062500,0.0000000000,0.3,57.6
2026-09-05T15:37:34.342+00:00,B_sell_A_buy,12.1539,5.3539,4432.0,4432.1,2.8358,9.9997,4437.49,4437.5,3.643,28.153,0.0000062500,0.0000000000,199.4,0.3
2026-09-05T15:37:34.491+00:00,B_sell_A_buy,12.1539,5.3539,4432.0,4432.1,2.8358,9.9997,4437.49,4437.5,3.14,28.153,0.0000062500,0.0000000000,348.6,0.3
2026-09-05T15:37:34.525+00:00,B_sell_A_buy,12.1539,5.3539,4432.0,4432.1,3.7319,9.9997,4437.49,4437.5,3.14,28.153,0.0000062500,0.0000000000,0.3,34.2
2026-09-05T15:37:34.540+00:00,B_sell_A_buy,12.1539,5.3539,4432.0,4432.1,3.7319,9.9997,4437.49,4437.5,3.14,28.103,0.0000062500,0.0000000000,15.4,0.2
2026-09-05T15:37:34.540+00:00,B_sell_A_buy,12.1539,5.3539,4432.0,4432.1,3.7319,9.9997,4437.49,4437.5,3.09,28.103,0.0000062500,0.0000000000,15.5,0.3
2026-09-05T15:37:34.696+00:00,B_sell_A_buy,12.0638,5.2638,4432.0,4432.1,3.7319,9.9997,4437.45,4437.49,2.957,0.456,0.0000062500,0.0000000000,171.8,0.2
2026-09-05T15:37:34.696+00:00,B_sell_A_buy,12.1539,5.3539,4432.0,4432.1,3.7319,9.9997,4437.49,4437.5,3.09,28.103,0.0000062500,0.0000000000,172.0,0.4
2026-09-05T15:37:34.747+00:00,B_sell_A_buy,12.1539,5.3539,4432.0,4432.1,3.7319,9.9997,4437.49,4437.5,3.04,28.103,0.0000062500,0.0000000000,222.5,0.3
2026-09-05T15:37:34.793+00:00,B_sell_A_buy,12.1539,5.3539,4432.0,4432.1,3.7319,9.9997,4437.49,4437.5,3.04,28.053,0.0000062500,0.0000000000,268.7,0.2
2026-09-05T15:37:34.838+00:00,B_sell_A_buy,12.1539,5.3539,4432.0,4432.1,3.7319,9.9997,4437.49,4437.5,3.04,8.447,0.0000062500,0.0000000000,313.7,0.3
2026-09-05T15:37:34.838+00:00,B_sell_A_buy,12.1539,5.3539,4432.0,4432.1,3.7319,9.9997,4437.49,4437.5,3.04,1.267,0.0000062500,0.0000000000,313.9,0.4
2026-09-05T15:37:34.845+00:00,B_sell_A_buy,12.1539,5.3539,4432.0,4432.1,3.7319,9.9997,4437.49,4437.5,6.952,1.267,0.0000062500,0.0000000000,320.4,0.1
2026-09-05T15:37:34.845+00:00,B_sell_A_buy,12.1539,5.3539,4432.0,4432.1,3.7319,9.9997,4437.49,4437.5,6.952,1.205,0.0000062500,0.0000000000,320.5,0.2
2026-09-05T15:37:34.940+00:00,B_sell_A_buy,12.1539,5.3539,4432.0,4432.1,3.7319,9.9997,4437.49,4437.5,6.952,23.302,0.0000062500,0.0000000000,415.5,0.2
2026-09-05T15:37:34.940+00:00,B_sell_A_buy,12.1539,5.3539,4432.0,4432.1,3.7319,9.9997,4437.49,4437.5,6.952,30.482,0.0000062500,0.0000000000,415.6,0.3
2026-09-05T15:37:34.947+00:00,B_sell_A_buy,12.1539,5.3539,4432.0,4432.1,3.7319,9.9997,4437.49,4437.5,6.89,30.482,0.0000062500,0.0000000000,422.5,0.1
2026-09-05T15:37:35.092+00:00,B_sell_A_buy,12.1539,5.3539,4432.0,4432.1,3.7319,9.9997,4437.49,4437.5,6.89,30.452,0.0000062500,0.0000000000,567.2,0.2
2026-09-05T15:37:35.092+00:00,B_sell_A_buy,12.1539,5.3539,4432.0,4432.1,3.7319,9.9997,4437.49,4437.5,6.89,29.9,0.0000062500,0.0000000000,567.3,0.3
2026-09-05T15:37:35.183+00:00,B_sell_A_buy,12.1539,5.3539,4432.0,4432.1,3.7319,9.9997,4437.49,4437.5,6.828,29.9,0.0000062500,0.0000000000,658.8,0.3
2026-09-05T15:37:35.183+00:00,B_sell_A_buy,12.1539,5.3539,4432.0,4432.1,3.7319,9.9997,4437.49,4437.5,6.828,29.838,0.0000062500,0.0000000000,659.0,0.4
2026-09-05T15:37:35.252+00:00,B_sell_A_buy,12.1539,5.3539,4432.0,4432.1,3.7319,9.9997,4437.49,4437.5,6.828,29.808,0.0000062500,0.0000000000,728.0,0.3
2026-09-05T15:37:35.399+00:00,B_sell_A_buy,12.1539,5.3539,4432.0,4432.1,3.7319,9.9997,4437.49,4437.5,5.412,29.808,0.0000062500,0.0000000000,873.6,0.2
2026-09-05T15:37:35.730+00:00,B_sell_A_buy,12.1539,5.3539,4432.0,4432.1,3.7319,9.9997,4437.49,4437.5,5.412,29.753,0.0000062500,0.0000000000,1205.1,0.3
2026-09-05T15:37:35.733+00:00,B_sell_A_buy,12.1539,5.3539,4432.0,4432.1,3.7319,9.9997,4437.49,4437.5,5.357,29.753,0.0000062500,0.0000000000,1207.9,0.1
2026-09-05T15:37:35.830+00:00,B_sell_A_buy,12.1539,5.3539,4432.0,4432.1,3.7319,9.9997,4437.49,4437.5,4.836,29.753,0.0000062500,0.0000000000,1305.4,0.2
2026-09-05T15:37:35.878+00:00,B_sell_A_buy,12.1539,5.3539,4432.0,4432.1,3.7319,9.9997,4437.49,4437.5,4.781,29.753,0.0000062500,0.0000000000,1353.4,0.2
2026-09-05T15:37:36.135+00:00,B_sell_A_buy,12.1539,5.3539,4432.0,4432.1,3.7319,9.9997,4437.49,4437.5,4.781,29.698,0.0000062500,0.0000000000,1611.3,0.2
2026-09-05T15:37:36.228+00:00,B_sell_A_buy,12.1539,5.3539,4432.0,4432.1,3.7319,9.9997,4437.49,4437.5,3.912,29.698,0.0000062500,0.0000000000,1703.9,0.3
2026-09-05T15:37:36.235+00:00,B_sell_A_buy,12.1539,5.3539,4432.0,4432.1,3.7319,9.9997,4437.49,4437.5,3.912,29.639,0.0000062500,0.0000000000,1710.4,0.2
2026-09-05T15:37:36.235+00:00,B_sell_A_buy,12.1539,5.3539,4432.0,4432.1,3.7319,9.9997,4437.49,4437.5,3.853,29.639,0.0000062500,0.0000000000,1710.5,0.3
2026-09-05T15:37:36.384+00:00,B_sell_A_buy,12.1539,5.3539,4432.0,4432.1,3.7319,9.9997,4437.49,4437.5,3.853,29.609,0.0000062500,0.0000000000,1859.2,0.2
2026-09-05T15:37:36.429+00:00,B_sell_A_buy,12.1539,5.3539,4432.0,4432.1,3.7319,9.9997,4437.49,4437.5,3.853,29.55,0.0000062500,0.0000000000,1904.0,0.2
2026-09-05T15:37:36.429+00:00,B_sell_A_buy,12.1539,5.3539,4432.0,4432.1,3.7319,9.9997,4437.49,4437.5,3.853,28.998,0.0000062500,0.0000000000,1904.2,0.4
2026-09-05T15:37:36.429+00:00,B_sell_A_buy,12.1539,5.3539,4432.0,4432.1,3.7319,9.9997,4437.49,4437.5,3.794,28.998,0.0000062500,0.0000000000,1904.2,0.4
2026-09-05T15:37:36.482+00:00,B_sell_A_buy,12.1539,5.3539,4432.0,4432.1,3.7319,9.9997,4437.49,4437.5,3.794,28.968,0.0000062500,0.0000000000,1956.9,0.2
2026-09-05T15:37:46.830+00:00,B_sell_A_buy,12.0863,5.2863,4432.0,4432.1,2.8358,9.9997,4437.46,4437.47,8.393,27.792,0.0000062500,0.0000000000,0.3,289.6
2026-09-05T15:37:47.139+00:00,B_sell_A_buy,12.0863,5.2863,4432.0,4432.1,2.8358,9.9997,4437.46,4437.47,8.393,27.767,0.0000062500,0.0000000000,309.3,0.3
2026-09-05T15:37:47.139+00:00,B_sell_A_buy,12.0863,5.2863,4432.0,4432.1,2.8358,9.9997,4437.46,4437.47,8.393,27.3,0.0000062500,0.0000000000,309.4,0.4
2026-09-05T15:37:47.139+00:00,B_sell_A_buy,12.0863,5.2863,4432.0,4432.1,2.8358,9.9997,4437.46,4437.47,8.393,27.275,0.0000062500,0.0000000000,309.5,0.4
2026-09-05T15:37:47.238+00:00,B_sell_A_buy,12.0863,5.2863,4432.0,4432.1,3.7348,9.9997,4437.46,4437.47,8.393,27.275,0.0000062500,0.0000000000,0.2,99.9
2026-09-05T15:37:47.683+00:00,B_sell_A_buy,12.0863,5.2863,4432.0,4432.1,3.7348,9.9997,4437.46,4437.47,7.752,27.275,0.0000062500,0.0000000000,444.2,0.2
2026-09-05T15:37:48.263+00:00,B_sell_A_buy,12.0863,5.2863,4432.0,4432.1,2.8358,9.9997,4437.46,4437.47,7.752,27.275,0.0000062500,0.0000000000,0.3,580.4
2026-09-05T15:37:48.285+00:00,B_sell_A_buy,12.0863,5.2863,4432.0,4432.1,2.8358,9.9997,4437.46,4437.47,7.752,27.255,0.0000062500,0.0000000000,22.2,0.1
2026-09-05T15:37:48.285+00:00,B_sell_A_buy,12.0863,5.2863,4432.0,4432.1,2.8358,9.9997,4437.46,4437.47,7.752,27.235,0.0000062500,0.0000000000,22.2,0.2
2026-09-05T15:37:48.285+00:00,B_sell_A_buy,12.0863,5.2863,4432.0,4432.1,2.8358,9.9997,4437.46,4437.47,7.752,26.865,0.0000062500,0.0000000000,22.3,0.2
2026-09-05T15:37:48.400+00:00,B_sell_A_buy,12.0863,5.2863,4432.0,4432.1,2.8358,9.9997,4437.46,4437.47,7.752,26.813,0.0000062500,0.0000000000,137.9,0.2
2026-09-05T15:37:48.401+00:00,B_sell_A_buy,12.0863,5.2863,4432.0,4432.1,2.8358,9.9997,4437.46,4437.47,7.7,26.813,0.0000062500,0.0000000000,138.1,0.3
2026-09-05T15:37:48.437+00:00,B_sell_A_buy,12.0863,5.2863,4432.0,4432.1,2.8358,9.9997,4437.46,4437.47,7.638,26.813,0.0000062500,0.0000000000,175.0,0.2
2026-09-05T15:37:48.540+00:00,B_sell_A_buy,12.0863,5.2863,4432.0,4432.1,2.8358,9.9997,4437.46,4437.47,7.638,26.751,0.0000062500,0.0000000000,276.9,0.3
2026-09-05T15:37:48.588+00:00,B_sell_A_buy,12.0863,5.2863,4432.0,4432.1,2.8358,9.9997,4437.46,4437.47,7.638,26.699,0.0000062500,0.0000000000,325.4,0.2
2026-09-05T15:37:48.588+00:00,B_sell_A_buy,12.0863,5.2863,4432.0,4432.1,2.8358,9.9997,4437.46,4437.47,7.586,26.699,0.0000062500,0.0000000000,325.6,0.3
2026-09-05T15:37:48.735+00:00,B_sell_A_buy,12.0863,5.2863,4432.0,4432.1,2.8358,9.9997,4437.46,4437.47,7.524,26.699,0.0000062500,0.0000000000,472.1,0.2
2026-09-05T15:37:48.735+00:00,B_sell_A_buy,12.0863,5.2863,4432.0,4432.1,2.8358,9.9997,4437.46,4437.47,7.524,26.637,0.0000062500,0.0000000000,472.2,0.3
2026-09-05T15:37:48.782+00:00,B_sell_A_buy,12.0863,5.2863,4432.0,4432.1,2.8358,9.9997,4437.46,4437.47,6.934,26.637,0.0000062500,0.0000000000,519.4,0.2
2026-09-05T15:37:49.280+00:00,B_sell_A_buy,12.0863,5.2863,4432.0,4432.1,2.8358,9.9997,4437.46,4437.47,6.934,26.216,0.0000062500,0.0000000000,1017.7,0.2
2026-09-05T15:37:49.280+00:00,B_sell_A_buy,12.0863,5.2863,4432.0,4432.1,2.8358,9.9997,4437.46,4437.47,6.934,26.193,0.0000062500,0.0000000000,1017.9,0.3
2026-09-05T15:37:49.280+00:00,B_sell_A_buy,12.0863,5.2863,4432.0,4432.1,2.8358,9.9997,4437.46,4437.47,6.934,26.17,0.0000062500,0.0000000000,1017.9,0.3
2026-09-05T15:37:49.436+00:00,B_sell_A_buy,12.0863,5.2863,4432.0,4432.1,2.8358,9.9997,4437.46,4437.47,6.881,26.17,0.0000062500,0.0000000000,1173.6,0.2
2026-09-05T15:37:49.538+00:00,B_sell_A_buy,12.0863,5.2863,4432.0,4432.1,2.8358,9.9997,4437.46,4437.47,6.881,26.117,0.0000062500,0.0000000000,1275.1,0.3
2026-09-05T15:37:49.538+00:00,B_sell_A_buy,12.0863,5.2863,4432.0,4432.1,2.8358,9.9997,4437.46,4437.47,5.747,26.117,0.0000062500,0.0000000000,1275.3,0.4
2026-09-05T15:37:49.729+00:00,B_sell_A_buy,12.0863,5.2863,4432.0,4432.1,2.8358,9.9997,4437.46,4437.47,5.747,26.064,0.0000062500,0.0000000000,1465.9,0.3
2026-09-05T15:37:49.729+00:00,B_sell_A_buy,12.0863,5.2863,4432.0,4432.1,2.8358,9.9997,4437.46,4437.47,5.681,26.064,0.0000062500,0.0000000000,1466.1,0.4
2026-09-05T15:37:49.729+00:00,B_sell_A_buy,12.0863,5.2863,4432.0,4432.1,2.8358,9.9997,4437.46,4437.47,5.628,26.064,0.0000062500,0.0000000000,1466.1,0.4
2026-09-05T15:37:49.778+00:00,B_sell_A_buy,12.0863,5.2863,4432.0,4432.1,2.8358,9.9997,4437.46,4437.47,5.518,26.064,0.0000062500,0.0000000000,1515.1,0.2
2026-09-05T15:37:49.889+00:00,B_sell_A_buy,12.0863,5.2863,4432.0,4432.1,2.8358,9.9997,4437.46,4437.47,5.035,26.064,0.0000062500,0.0000000000,1626.3,0.3
2026-09-05T15:37:50.131+00:00,B_sell_A_buy,12.0863,5.2863,4432.0,4432.1,2.8358,9.9997,4437.46,4437.47,5.035,25.998,0.0000062500,0.0000000000,1869.1,0.2
2026-09-05T15:38:01.364+00:00,B_sell_A_buy,12.0187,5.2187,4432.0,4432.1,2.9526,9.9593,4437.43,4437.44,7.732,31.129,0.0000062500,0.0000000000,0.3,1317.9
2026-09-05T15:38:01.683+00:00,B_sell_A_buy,12.0187,5.2187,4432.0,4432.1,2.9526,9.9593,4437.43,4437.44,7.732,30.597,0.0000062500,0.0000000000,318.8,0.2
2026-09-05T15:38:01.683+00:00,B_sell_A_buy,12.0187,5.2187,4432.0,4432.1,2.9526,9.9593,4437.43,4437.44,7.732,30.568,0.0000062500,0.0000000000,318.9,0.3
2026-09-05T15:38:01.729+00:00,B_sell_A_buy,12.0187,5.2187,4432.0,4432.1,2.9526,9.9593,4437.43,4437.44,7.732,30.539,0.0000062500,0.0000000000,364.5,0.2
2026-09-05T15:38:01.897+00:00,B_sell_A_buy,12.0187,5.2187,4432.0,4432.1,2.9526,9.9593,4437.43,4437.44,7.732,30.429,0.0000062500,0.0000000000,532.2,0.4
2026-09-05T15:38:01.941+00:00,B_sell_A_buy,12.0187,5.2187,4432.0,4432.1,2.9526,9.9593,4437.43,4437.44,7.732,30.003,0.0000062500,0.0000000000,576.9,0.3
2026-09-05T15:38:02.037+00:00,B_sell_A_buy,12.0187,5.2187,4432.0,4432.1,2.9526,9.9593,4437.43,4437.44,7.672,30.003,0.0000062500,0.0000000000,673.1,0.3
2026-09-05T15:38:02.037+00:00,B_sell_A_buy,12.0187,5.2187,4432.0,4432.1,2.9526,9.9593,4437.43,4437.44,7.672,29.943,0.0000062500,0.0000000000,673.3,0.4
2026-09-05T15:38:02.086+00:00,B_sell_A_buy,12.0187,5.2187,4432.0,4432.1,2.9526,9.9593,4437.43,4437.44,7.672,7.385,0.0000062500,0.0000000000,721.6,0.2
2026-09-05T15:38:02.232+00:00,B_sell_A_buy,12.0187,5.2187,4432.0,4432.1,2.9526,9.9593,4437.43,4437.44,7.672,20.802,0.0000062500,0.0000000000,867.7,0.2
2026-09-05T15:38:02.232+00:00,B_sell_A_buy,12.0187,5.2187,4432.0,4432.1,2.9526,9.9593,4437.43,4437.44,8.735,20.802,0.0000062500,0.0000000000,867.8,0.3
2026-09-05T15:38:02.234+00:00,B_sell_A_buy,12.0187,5.2187,4432.0,4432.1,2.9526,9.9593,4437.43,4437.44,8.675,20.802,0.0000062500,0.0000000000,870.3,0.1
2026-09-05T15:38:02.237+00:00,B_sell_A_buy,12.0187,5.2187,4432.0,4432.1,2.9526,9.9593,4437.43,4437.44,8.675,20.742,0.0000062500,0.0000000000,872.7,0.1
2026-09-05T15:38:02.333+00:00,B_sell_A_buy,12.0187,5.2187,4432.0,4432.1,2.9526,9.9593,4437.43,4437.44,8.675,20.685,0.0000062500,0.0000000000,968.6,0.2
2026-09-05T15:38:02.333+00:00,B_sell_A_buy,12.0187,5.2187,4432.0,4432.1,2.9526,9.9593,4437.43,4437.44,8.618,20.685,0.0000062500,0.0000000000,968.8,0.3
2026-09-05T15:38:02.433+00:00,B_sell_A_buy,12.0187,5.2187,4432.0,4432.1,2.9526,9.9593,4437.43,4437.44,10.083,20.685,0.0000062500,0.0000000000,1068.4,0.2
2026-09-05T15:38:02.433+00:00,B_sell_A_buy,12.0187,5.2187,4432.0,4432.1,2.9526,9.9593,4437.43,4437.44,8.618,20.685,0.0000062500,0.0000000000,1068.5,0.4
2026-09-05T15:38:02.539+00:00,B_sell_A_buy,12.0187,5.2187,4432.0,4432.1,2.9526,9.9593,4437.43,4437.44,8.561,20.685,0.0000062500,0.0000000000,1175.9,0.2
2026-09-05T15:38:02.539+00:00,B_sell_A_buy,12.0187,5.2187,4432.0,4432.1,2.9526,9.9593,4437.43,4437.44,7.889,20.685,0.0000062500,0.0000000000,1176.0,0.3
2026-09-05T15:38:02.539+00:00,B_sell_A_buy,12.0187,5.2187,4432.0,4432.1,2.9526,9.9593,4437.43,4437.44,7.889,20.628,0.0000062500,0.0000000000,1176.0,0.3
2026-09-05T15:38:02.880+00:00,B_sell_A_buy,12.0187,5.2187,4432.0,4432.1,2.9526,9.9593,4437.43,4437.44,7.834,20.628,0.0000062500,0.0000000000,1515.5,0.2
2026-09-05T15:38:02.926+00:00,B_sell_A_buy,12.0187,5.2187,4432.0,4432.1,2.9526,9.9593,4437.43,4437.44,7.834,20.573,0.0000062500,0.0000000000,1562.7,0.2
2026-09-05T15:38:03.092+00:00,B_sell_A_buy,12.0187,5.2187,4432.0,4432.1,2.9526,9.9593,4437.43,4437.44,7.779,20.573,0.0000062500,0.0000000000,1727.9,0.3
2026-09-05T15:38:03.092+00:00,B_sell_A_buy,12.0187,5.2187,4432.0,4432.1,2.9526,9.9593,4437.43,4437.44,7.779,20.518,0.0000062500,0.0000000000,1728.0,0.4
2026-09-05T15:38:03.188+00:00,B_sell_A_buy,12.0187,5.2187,4432.0,4432.1,2.9526,9.9593,4437.43,4437.44,7.779,20.496,0.0000062500,0.0000000000,1823.8,0.2
2026-09-05T15:38:03.188+00:00,B_sell_A_buy,12.0187,5.2187,4432.0,4432.1,2.9526,9.9593,4437.43,4437.44,7.779,20.086,0.0000062500,0.0000000000,1823.9,0.4
2026-09-05T15:38:03.188+00:00,B_sell_A_buy,12.0187,5.2187,4432.0,4432.1,2.9526,9.9593,4437.43,4437.44,7.779,20.064,0.0000062500,0.0000000000,1824.0,0.4
2026-09-05T15:38:03.340+00:00,B_sell_A_buy,12.0187,5.2187,4432.0,4432.1,2.9526,9.9593,4437.43,4437.44,7.718,20.064,0.0000062500,0.0000000000,1975.5,0.3
2026-09-05T15:38:37.420+00:00,B_sell_A_buy,12.2441,5.4441,4432.0,4432.1,1.0999,9.9593,4437.53,4437.54,28.882,1.635,0.0000062500,0.0000000000,0.3,131.5
2026-09-05T15:38:37.575+00:00,B_sell_A_buy,12.2441,5.4441,4432.0,4432.1,1.0999,9.9593,4437.53,4437.54,28.882,1.59,0.0000062500,0.0000000000,156.3,0.3
2026-09-05T15:38:37.832+00:00,B_sell_A_buy,12.2441,5.4441,4432.0,4432.1,3.0213,9.9593,4437.53,4437.54,28.882,1.59,0.0000062500,0.0000000000,0.3,256.5
2026-09-05T15:38:38.495+00:00,B_sell_A_buy,12.2441,5.4441,4432.0,4432.1,3.0213,9.9593,4437.53,4437.54,27.856,1.59,0.0000062500,0.0000000000,663.8,0.3
2026-09-05T15:38:38.683+00:00,B_sell_A_buy,12.2441,5.4441,4432.0,4432.1,3.0213,9.9593,4437.53,4437.54,27.856,1.174,0.0000062500,0.0000000000,850.4,0.3
2026-09-05T15:38:38.683+00:00,B_sell_A_buy,12.2441,5.4441,4432.0,4432.1,3.0213,9.9593,4437.53,4437.54,27.856,1.151,0.0000062500,0.0000000000,850.7,0.5
2026-09-05T15:38:38.683+00:00,B_sell_A_buy,12.2441,5.4441,4432.0,4432.1,3.0213,9.9593,4437.53,4437.54,27.856,1.128,0.0000062500,0.0000000000,850.8,0.6
2026-09-05T15:38:38.782+00:00,B_sell_A_buy,12.2441,5.4441,4432.0,4432.1,3.0213,9.9593,4437.53,4437.54,26.386,1.128,0.0000062500,0.0000000000,950.1,0.3
2026-09-05T15:38:39.087+00:00,B_sell_A_buy,12.2441,5.4441,4432.0,4432.1,3.0213,9.9593,4437.53,4437.54,25.934,1.128,0.0000062500,0.0000000000,1255.7,0.2
2026-09-05T15:38:39.690+00:00,B_sell_A_buy,12.2441,5.4441,4432.0,4432.1,3.0213,9.9593,4437.53,4437.54,25.934,1.106,0.0000062500,0.0000000000,1857.6,0.2
2026-09-05T15:38:39.690+00:00,B_sell_A_buy,12.2441,5.4441,4432.0,4432.1,3.0213,9.9593,4437.53,4437.54,25.934,0.707,0.0000062500,0.0000000000,1857.8,0.3
2026-09-05T15:38:39.690+00:00,B_sell_A_buy,12.2441,5.4441,4432.0,4432.1,3.0213,9.9593,4437.53,4437.54,25.934,0.685,0.0000062500,0.0000000000,1857.8,0.3
2026-09-05T15:38:39.787+00:00,B_sell_A_buy,12.2441,5.4441,4432.0,4432.1,3.0213,9.9593,4437.53,4437.54,25.883,0.685,0.0000062500,0.0000000000,1954.6,0.2
2026-09-05T15:38:39.787+00:00,B_sell_A_buy,12.2441,5.4441,4432.0,4432.1,3.0213,9.9593,4437.53,4437.54,25.883,0.621,0.0000062500,0.0000000000,1954.8,0.3
2026-09-05T15:38:39.787+00:00,B_sell_A_buy,12.2441,5.4441,4432.0,4432.1,3.0213,9.9593,4437.53,4437.54,25.883,0.57,0.0000062500,0.0000000000,1954.8,0.3
2026-09-05T15:38:45.653+00:00,B_sell_A_buy,12.3117,5.5117,4432.0,4432.1,3.0213,9.9566,4437.56,4437.57,29.725,1.6,0.0000062500,0.0000000000,0.3,115.6
2026-09-05T15:38:45.944+00:00,B_sell_A_buy,12.3117,5.5117,4432.0,4432.1,3.0213,9.9566,4437.56,4437.57,29.285,1.6,0.0000062500,0.0000000000,291.0,0.3
2026-09-05T15:38:46.373+00:00,B_sell_A_buy,12.3117,5.5117,4432.0,4432.1,3.0213,9.9566,4437.56,4437.61,29.285,8.141,0.0000062500,0.0000000000,720.5,0.3
2026-09-05T15:38:46.423+00:00,B_sell_A_buy,12.3116,5.5116,4432.0,4432.1,3.0213,9.9566,4437.56,4437.65,29.285,1.69,0.0000062500,0.0000000000,769.8,0.2
2026-09-05T15:38:46.423+00:00,B_sell_A_buy,12.3116,5.5116,4432.0,4432.1,3.0213,9.9566,4437.56,4437.65,9.591,1.69,0.0000062500,0.0000000000,770.0,0.3
2026-09-05T15:38:46.423+00:00,B_sell_A_buy,12.3116,5.5116,4432.0,4432.1,3.0213,9.9566,4437.56,4437.65,2.408,1.69,0.0000062500,0.0000000000,770.0,0.4
2026-09-05T15:38:46.477+00:00,B_sell_A_buy,12.3117,5.5117,4432.0,4432.1,3.0213,9.9566,4437.56,4437.6,2.408,8.141,0.0000062500,0.0000000000,824.4,0.2
2026-09-05T15:38:46.477+00:00,B_sell_A_buy,12.3342,5.5342,4432.0,4432.1,3.0213,9.9566,4437.57,4437.6,19.694,8.141,0.0000062500,0.0000000000,824.5,0.3
2026-09-05T15:38:46.477+00:00,B_sell_A_buy,12.3342,5.5342,4432.0,4432.1,3.0213,9.9566,4437.57,4437.6,26.877,8.141,0.0000062500,0.0000000000,824.5,0.3
2026-09-05T15:38:46.482+00:00,B_sell_A_buy,12.3342,5.5342,4432.0,4432.1,3.0213,9.9566,4437.57,4437.6,26.811,8.141,0.0000062500,0.0000000000,828.5,0.1
2026-09-05T15:38:46.520+00:00,B_sell_A_buy,12.3342,5.5342,4432.0,4432.1,3.0213,9.9566,4437.57,4437.6,7.183,8.141,0.0000062500,0.0000000000,866.8,0.2
2026-09-05T15:38:46.520+00:00,B_sell_A_buy,12.3117,5.5117,4432.0,4432.1,3.0213,9.9566,4437.56,4437.6,2.408,8.141,0.0000062500,0.0000000000,866.9,0.2
2026-09-05T15:38:46.530+00:00,B_sell_A_buy,12.3117,5.5117,4432.0,4432.1,3.0213,9.9566,4437.56,4437.6,2.351,8.141,0.0000062500,0.0000000000,876.7,0.1
2026-09-05T15:38:46.585+00:00,B_sell_A_buy,12.3116,5.5116,4432.0,4432.1,3.0213,9.9566,4437.56,4437.65,2.351,1.69,0.0000062500,0.0000000000,932.0,0.2
2026-09-05T15:38:46.589+00:00,B_sell_A_buy,12.3116,5.5116,4432.0,4432.1,3.0213,9.9566,4437.56,4437.65,1.084,1.69,0.0000062500,0.0000000000,935.8,0.2
2026-09-05T15:38:46.589+00:00,B_sell_A_buy,12.3117,5.5117,4432.0,4432.1,3.0213,9.9566,4437.56,4437.59,1.084,8.141,0.0000062500,0.0000000000,936.0,0.2
2026-09-05T15:38:46.642+00:00,B_sell_A_buy,12.3342,5.5342,4432.0,4432.1,3.0213,9.9566,4437.57,4437.59,19.657,8.141,0.0000062500,0.0000000000,988.3,0.2
2026-09-05T15:38:46.642+00:00,B_sell_A_buy,12.3342,5.5342,4432.0,4432.1,3.0213,9.9566,4437.57,4437.59,26.84,8.141,0.0000062500,0.0000000000,988.5,0.3
2026-09-05T15:38:46.642+00:00,B_sell_A_buy,12.3342,5.5342,4432.0,4432.1,3.0213,9.9566,4437.57,4437.59,26.84,8.075,0.0000062500,0.0000000000,988.5,0.4
2026-09-05T15:38:46.681+00:00,B_sell_A_buy,12.3342,5.5342,4432.0,4432.1,3.0213,9.9566,4437.57,4437.59,7.183,8.075,0.0000062500,0.0000000000,1028.5,0.2
2026-09-05T15:38:46.681+00:00,B_sell_A_buy,12.3117,5.5117,4432.0,4432.1,3.0213,9.9566,4437.56,4437.59,1.084,8.075,0.0000062500,0.0000000000,1028.7,0.4
2026-09-05T15:38:46.684+00:00,B_sell_A_buy,12.3342,5.5342,4432.0,4432.1,3.0213,9.9566,4437.57,4437.59,1.267,8.075,0.0000062500,0.0000000000,1031.6,0.1
2026-09-05T15:38:46.687+00:00,B_sell_A_buy,12.3342,5.5342,4432.0,4432.1,3.0213,9.9566,4437.57,4437.59,1.267,8.018,0.0000062500,0.0000000000,1034.4,0.1
2026-09-05T15:38:46.782+00:00,B_sell_A_buy,12.3568,5.5568,4432.0,4432.1,3.0213,9.9566,4437.58,4437.59,19.726,8.018,0.0000062500,0.0000000000,1129.4,0.3
2026-09-05T15:38:46.782+00:00,B_sell_A_buy,12.3568,5.5568,4432.0,4432.1,3.0213,9.9566,4437.58,4437.59,26.909,8.018,0.0000062500,0.0000000000,1129.7,0.5
2026-09-05T15:38:46.782+00:00,B_sell_A_buy,12.3568,5.5568,4432.0,4432.1,3.0213,9.9566,4437.58,4437.59,26.909,6.564,0.0000062500,0.0000000000,1129.8,0.6
2026-09-05T15:38:47.244+00:00,B_sell_A_buy,12.3568,5.5568,4432.0,4432.1,3.0213,9.9566,4437.58,4437.59,26.909,6.006,0.0000062500,0.0000000000,1590.3,0.3
2026-09-05T15:38:47.244+00:00,B_sell_A_buy,12.3568,5.5568,4432.0,4432.1,3.0213,9.9566,4437.58,4437.59,26.909,5.976,0.0000062500,0.0000000000,1590.5,0.4
2026-09-05T15:38:47.244+00:00,B_sell_A_buy,12.3568,5.5568,4432.0,4432.1,3.0213,9.9566,4437.58,4437.59,26.909,5.946,0.0000062500,0.0000000000,1590.5,0.4
2026-09-05T15:38:47.286+00:00,B_sell_A_buy,12.3568,5.5568,4432.0,4432.1,3.0213,9.9566,4437.58,4437.59,26.909,5.836,0.0000062500,0.0000000000,1633.1,0.2
2026-09-05T15:39:47.621+00:00,B_sell_A_buy,12.5370,5.7370,4432.0,4432.1,3.0213,9.8197,4437.66,4437.67,0.751,22.54,0.0000062500,0.0000000000,0.2,30.3
2026-09-05T15:39:47.939+00:00,B_sell_A_buy,12.5370,5.7370,4432.0,4432.1,3.0213,9.8197,4437.66,4437.67,0.751,22.482,0.0000062500,0.0000000000,318.6,0.2
2026-09-05T15:39:48.029+00:00,B_sell_A_buy,12.5370,5.7370,4432.0,4432.1,3.0213,16.8521,4437.66,4437.67,0.751,22.482,0.0000062500,0.0000000000,0.3,89.6
2026-09-05T15:39:48.040+00:00,B_sell_A_buy,12.5370,5.7370,4432.0,4432.1,3.0213,16.8521,4437.66,4437.67,0.693,22.482,0.0000062500,0.0000000000,11.8,0.2
2026-09-05T15:39:48.139+00:00,B_sell_A_buy,12.5370,5.7370,4432.0,4432.1,3.0213,16.8521,4437.66,4437.67,0.637,22.482,0.0000062500,0.0000000000,110.5,0.2
2026-09-05T15:39:48.183+00:00,B_sell_A_buy,12.5370,5.7370,4432.0,4432.1,3.0213,16.8521,4437.66,4437.67,0.637,22.426,0.0000062500,0.0000000000,154.8,0.2
2026-09-05T15:39:48.221+00:00,B_sell_A_buy,12.5370,5.7370,4432.0,4432.1,3.0213,16.989,4437.66,4437.67,0.637,22.426,0.0000062500,0.0000000000,0.2,38.0
2026-09-05T15:39:48.236+00:00,B_sell_A_buy,12.5370,5.7370,4432.0,4432.1,3.0213,16.989,4437.66,4437.67,0.637,21.054,0.0000062500,0.0000000000,15.4,0.2
2026-09-05T15:39:48.236+00:00,B_sell_A_buy,12.5370,5.7370,4432.0,4432.1,3.0213,16.989,4437.66,4437.67,0.579,21.054,0.0000062500,0.0000000000,15.6,0.3
2026-09-05T15:39:48.236+00:00,B_sell_A_buy,12.5370,5.7370,4432.0,4432.1,3.0213,16.989,4437.66,4437.67,0.579,20.996,0.0000062500,0.0000000000,15.6,0.4
2026-09-05T15:39:48.382+00:00,B_sell_A_buy,12.5370,5.7370,4432.0,4432.1,3.0213,16.989,4437.66,4437.67,0.523,20.996,0.0000062500,0.0000000000,161.2,0.3
2026-09-05T15:39:48.382+00:00,B_sell_A_buy,12.5370,5.7370,4432.0,4432.1,3.0213,16.989,4437.66,4437.67,0.523,20.94,0.0000062500,0.0000000000,161.3,0.4
2026-09-05T15:39:48.487+00:00,B_sell_A_buy,12.5370,5.7370,4432.0,4432.1,3.0213,16.989,4437.66,4437.67,0.129,20.94,0.0000062500,0.0000000000,265.7,0.3
2026-09-05T15:39:48.989+00:00,B_sell_A_buy,12.5370,5.7370,4432.0,4432.1,3.0213,16.989,4437.66,4437.67,0.091,20.94,0.0000062500,0.0000000000,768.0,0.3
2026-09-05T15:39:48.992+00:00,B_sell_A_buy,12.5370,5.7370,4432.0,4432.1,3.0213,16.989,4437.66,4437.67,0.091,20.902,0.0000062500,0.0000000000,770.8,0.2
2026-09-05T15:39:49.185+00:00,B_sell_A_buy,12.5370,5.7370,4432.0,4432.1,3.0213,16.989,4437.66,4437.67,0.053,20.902,0.0000062500,0.0000000000,964.5,0.2
2026-09-05T15:39:49.185+00:00,B_sell_A_buy,12.5370,5.7370,4432.0,4432.1,3.0213,16.989,4437.66,4437.67,0.053,20.864,0.0000062500,0.0000000000,964.7,0.3
2026-09-05T15:39:49.396+00:00,B_sell_A_buy,12.5370,5.7370,4432.0,4432.1,3.0213,16.989,4437.66,4437.67,0.053,20.837,0.0000062500,0.0000000000,1175.7,0.1
2026-09-05T15:39:49.397+00:00,B_sell_A_buy,12.5370,5.7370,4432.0,4432.1,3.0213,16.989,4437.66,4437.67,0.026,20.837,0.0000062500,0.0000000000,1175.8,0.2
2026-09-05T15:39:49.588+00:00,B_sell_A_buy,12.4920,5.6920,4432.0,4432.1,3.0213,16.989,4437.64,4437.67,3.487,20.837,0.0000062500,0.0000000000,1367.0,0.2
2026-09-05T15:39:49.588+00:00,B_sell_A_buy,12.4920,5.6920,4432.0,4432.1,3.0213,16.989,4437.64,4437.67,3.487,20.81,0.0000062500,0.0000000000,1367.1,0.3
2026-09-05T15:39:49.677+00:00,B_sell_A_buy,12.4920,5.6920,4432.0,4432.1,3.0213,16.989,4437.64,4437.67,3.487,6.784,0.0000062500,0.0000000000,1455.9,0.3
2026-09-05T15:39:49.677+00:00,B_sell_A_buy,12.4920,5.6920,4432.0,4432.1,3.0213,16.989,4437.64,4437.67,3.487,2.957,0.0000062500,0.0000000000,1456.0,0.4
2026-09-05T15:39:49.679+00:00,B_sell_A_buy,12.4920,5.6920,4432.0,4432.1,3.0213,16.989,4437.64,4437.67,3.487,1.69,0.0000062500,0.0000000000,1457.7,0.1
2026-09-05T15:39:49.685+00:00,B_sell_A_buy,12.4920,5.6920,4432.0,4432.1,3.0213,16.989,4437.64,4437.66,3.487,20.342,0.0000062500,0.0000000000,1464.0,0.1
2026-09-05T15:39:49.685+00:00,B_sell_A_buy,12.5145,5.7145,4432.0,4432.1,3.0213,16.989,4437.65,4437.66,9.283,20.342,0.0000062500,0.0000000000,1464.0,0.1
2026-09-05T15:39:49.685+00:00,B_sell_A_buy,12.5145,5.7145,4432.0,4432.1,3.0213,16.989,4437.65,4437.66,9.283,26.297,0.0000062500,0.0000000000,1464.0,0.1
2026-09-05T15:39:49.781+00:00,B_sell_A_buy,12.5145,5.7145,4432.0,4432.1,3.0213,16.989,4437.65,4437.66,9.283,27.564,0.0000062500,0.0000000000,1559.7,0.2
2026-09-05T15:39:49.833+00:00,B_sell_A_buy,12.5145,5.7145,4432.0,4432.1,3.0213,16.989,4437.65,4437.66,9.283,27.207,0.0000062500,0.0000000000,1611.7,0.2
2026-09-05T15:39:49.833+00:00,B_sell_A_buy,12.5145,5.7145,4432.0,4432.1,3.0213,16.989,4437.65,4437.66,9.283,27.188,0.0000062500,0.0000000000,1611.8,0.3
2026-09-05T15:39:49.833+00:00,B_sell_A_buy,12.5145,5.7145,4432.0,4432.1,3.0213,16.989,4437.65,4437.66,9.283,27.169,0.0000062500,0.0000000000,1611.8,0.3
2026-09-05T15:40:08.861+00:00,B_sell_A_buy,12.4244,5.6244,4432.0,4432.1,3.0213,16.8061,4437.61,4437.62,9.132,28.248,0.0000062500,0.0000000000,0.3,281.7
2026-09-05T15:40:08.989+00:00,B_sell_A_buy,12.4244,5.6244,4432.0,4432.1,3.0213,16.8061,4437.61,4437.62,8.62,28.248,0.0000062500,0.0000000000,127.7,0.2
2026-09-05T15:40:09.535+00:00,B_sell_A_buy,12.4244,5.6244,4432.0,4432.1,3.0213,16.8061,4437.61,4437.62,8.62,28.216,0.0000062500,0.0000000000,673.9,0.3
2026-09-05T15:40:09.535+00:00,B_sell_A_buy,12.4244,5.6244,4432.0,4432.1,3.0213,16.8061,4437.61,4437.62,8.62,28.184,0.0000062500,0.0000000000,674.1,0.4
2026-09-05T15:40:09.535+00:00,B_sell_A_buy,12.4244,5.6244,4432.0,4432.1,3.0213,16.8061,4437.61,4437.62,8.62,27.601,0.0000062500,0.0000000000,674.1,0.4
2026-09-05T15:40:09.699+00:00,B_sell_A_buy,12.4244,5.6244,4432.0,4432.1,3.0213,16.8061,4437.61,4437.62,7.142,27.601,0.0000062500,0.0000000000,838.2,0.2
2026-09-05T15:40:09.699+00:00,B_sell_A_buy,12.4244,5.6244,4432.0,4432.1,3.0213,16.8061,4437.61,4437.62,8.62,27.601,0.0000062500,0.0000000000,838.4,0.4
2026-09-05T15:40:09.886+00:00,B_sell_A_buy,12.4244,5.6244,4432.0,4432.1,3.0213,16.8061,4437.61,4437.62,8.62,27.546,0.0000062500,0.0000000000,1024.8,0.2
2026-09-05T15:40:10.032+00:00,B_sell_A_buy,12.4244,5.6244,4432.0,4432.1,3.0213,16.8061,4437.61,4437.62,8.123,27.546,0.0000062500,0.0000000000,1170.6,0.3
2026-09-05T15:40:10.097+00:00,B_sell_A_buy,12.4244,5.6244,4432.0,4432.1,3.0213,16.8061,4437.61,4437.62,4.556,27.546,0.0000062500,0.0000000000,1236.1,0.3
2026-09-05T15:40:10.097+00:00,B_sell_A_buy,12.4244,5.6244,4432.0,4432.1,3.0213,16.8061,4437.61,4437.62,8.123,27.546,0.0000062500,0.0000000000,1236.2,0.4
2026-09-05T15:40:10.597+00:00,B_sell_A_buy,12.4244,5.6244,4432.0,4432.1,3.0213,16.8061,4437.61,4437.62,8.123,27.521,0.0000062500,0.0000000000,1735.8,0.3
2026-09-05T15:40:10.597+00:00,B_sell_A_buy,12.4244,5.6244,4432.0,4432.1,3.0213,16.8061,4437.61,4437.62,8.123,27.066,0.0000062500,0.0000000000,1735.9,0.4
2026-09-05T15:40:10.641+00:00,B_sell_A_buy,12.4244,5.6244,4432.0,4432.1,3.0213,16.8061,4437.61,4437.62,8.123,27.041,0.0000062500,0.0000000000,1780.1,0.1
2026-09-05T15:41:03.767+00:00,B_sell_A_buy,12.4244,5.6244,4432.0,4432.1,3.0213,16.7643,4437.61,4437.62,22.432,2.543,0.0000062500,0.0000000000,0.4,26.0
2026-09-05T15:41:03.794+00:00,B_sell_A_buy,12.4244,5.6244,4432.0,4432.1,3.0213,16.7643,4437.61,4437.62,22.432,2.48,0.0000062500,0.0000000000,27.7,0.2
2026-09-05T15:41:03.795+00:00,B_sell_A_buy,12.4244,5.6244,4432.0,4432.1,3.0213,16.7643,4437.61,4437.62,22.432,2.45,0.0000062500,0.0000000000,27.9,0.4
2026-09-05T15:41:03.795+00:00,B_sell_A_buy,12.4244,5.6244,4432.0,4432.1,3.0213,16.7643,4437.61,4437.62,22.369,2.45,0.0000062500,0.0000000000,27.9,0.4
2026-09-05T15:41:03.795+00:00,B_sell_A_buy,12.4244,5.6244,4432.0,4432.1,3.0213,16.7643,4437.61,4437.62,22.369,1.894,0.0000062500,0.0000000000,28.0,0.5
2026-09-05T15:41:03.844+00:00,B_sell_A_buy,12.4244,5.6244,4432.0,4432.1,3.0213,16.7643,4437.61,4437.62,22.369,1.864,0.0000062500,0.0000000000,78.1,0.2
2026-09-05T15:41:03.993+00:00,B_sell_A_buy,12.4244,5.6244,4432.0,4432.1,3.0213,16.7643,4437.61,4437.62,22.369,1.807,0.0000062500,0.0000000000,226.8,0.2
2026-09-05T15:41:04.037+00:00,B_sell_A_buy,12.4244,5.6244,4432.0,4432.1,3.0213,16.7643,4437.61,4437.62,22.312,1.807,0.0000062500,0.0000000000,270.7,0.2
2026-09-05T15:41:04.193+00:00,B_sell_A_buy,12.4244,5.6244,4432.0,4432.1,3.0213,16.7643,4437.61,4437.62,22.255,1.807,0.0000062500,0.0000000000,427.8,0.3
2026-09-05T15:41:04.195+00:00,B_sell_A_buy,12.4244,5.6244,4432.0,4432.1,3.0213,16.7643,4437.61,4437.62,22.255,1.75,0.0000062500,0.0000000000,427.9,0.4
2026-09-05T15:41:04.196+00:00,B_sell_A_buy,12.4244,5.6244,4432.0,4432.1,3.0213,16.7643,4437.61,4437.62,21.679,1.75,0.0000062500,0.0000000000,429.6,0.1
2026-09-05T15:41:04.760+00:00,B_sell_A_buy,12.4244,5.6244,4432.0,4432.1,3.0213,16.7643,4437.61,4437.62,21.679,1.719,0.0000062500,0.0000000000,993.6,0.2
2026-09-05T15:41:04.760+00:00,B_sell_A_buy,12.4244,5.6244,4432.0,4432.1,3.0213,16.7643,4437.61,4437.62,21.679,1.674,0.0000062500,0.0000000000,993.7,0.3
2026-09-05T15:41:04.760+00:00,B_sell_A_buy,12.4244,5.6244,4432.0,4432.1,3.0213,16.7643,4437.61,4437.62,21.679,1.643,0.0000062500,0.0000000000,993.7,0.4
2026-09-05T15:41:04.760+00:00,B_sell_A_buy,12.4244,5.6244,4432.0,4432.1,3.0213,16.7643,4437.61,4437.62,21.679,1.077,0.0000062500,0.0000000000,993.8,0.4
2026-09-05T15:41:04.760+00:00,B_sell_A_buy,12.4244,5.6244,4432.0,4432.1,3.0213,16.7643,4437.61,4437.62,21.634,1.077,0.0000062500,0.0000000000,993.8,0.4
2026-09-05T15:41:04.792+00:00,B_sell_A_buy,12.4244,5.6244,4432.0,4432.1,3.0213,16.7643,4437.61,4437.62,21.634,2.526,0.0000062500,0.0000000000,1025.3,0.1
2026-09-05T15:41:04.792+00:00,B_sell_A_buy,12.4244,5.6244,4432.0,4432.1,3.0213,16.7643,4437.61,4437.62,21.634,1.449,0.0000062500,0.0000000000,1025.4,0.2
2026-09-05T15:41:04.845+00:00,B_sell_A_buy,12.4244,5.6244,4432.0,4432.1,3.0213,16.7643,4437.61,4437.62,21.634,2.716,0.0000062500,0.0000000000,1079.3,0.2
2026-09-05T15:41:04.884+00:00,B_sell_A_buy,12.4244,5.6244,4432.0,4432.1,3.0213,16.7643,4437.61,4437.62,28.817,2.716,0.0000062500,0.0000000000,1117.9,0.2
2026-09-05T15:41:04.931+00:00,B_sell_A_buy,12.4244,5.6244,4432.0,4432.1,3.0213,16.7643,4437.61,4437.62,28.817,4.795,0.0000062500,0.0000000000,1164.6,0.3
2026-09-05T15:41:04.935+00:00,B_sell_A_buy,12.4244,5.6244,4432.0,4432.1,3.0213,16.7643,4437.61,4437.62,28.772,4.795,0.0000062500,0.0000000000,1168.1,0.2
2026-09-05T15:41:05.055+00:00,B_sell_A_buy,12.4244,5.6244,4432.0,4432.1,3.0213,16.7643,4437.61,4437.62,28.772,4.74,0.0000062500,0.0000000000,1289.2,0.3
2026-09-05T15:41:05.055+00:00,B_sell_A_buy,12.4244,5.6244,4432.0,4432.1,3.0213,16.7643,4437.61,4437.62,28.717,4.74,0.0000062500,0.0000000000,1289.4,0.4
2026-09-05T15:41:05.239+00:00,B_sell_A_buy,12.4244,5.6244,4432.0,4432.1,3.0213,16.7643,4437.61,4437.62,28.662,4.74,0.0000062500,0.0000000000,1472.3,0.2
2026-09-05T15:41:05.239+00:00,B_sell_A_buy,12.4244,5.6244,4432.0,4432.1,3.0213,16.7643,4437.61,4437.62,28.662,4.719,0.0000062500,0.0000000000,1472.4,0.3
2026-09-05T15:41:05.239+00:00,B_sell_A_buy,12.4244,5.6244,4432.0,4432.1,3.0213,16.7643,4437.61,4437.62,28.662,4.335,0.0000062500,0.0000000000,1472.4,0.3
2026-09-05T15:41:05.242+00:00,B_sell_A_buy,12.4244,5.6244,4432.0,4432.1,3.0213,16.7643,4437.61,4437.62,28.662,4.28,0.0000062500,0.0000000000,1475.3,0.1
2026-09-05T15:41:05.342+00:00,B_sell_A_buy,12.4244,5.6244,4432.0,4432.1,3.0213,16.7643,4437.61,4437.62,28.662,4.259,0.0000062500,0.0000000000,1575.2,0.2
2026-09-05T15:41:05.436+00:00,B_sell_A_buy,12.4244,5.6244,4432.0,4432.1,3.0213,16.7643,4437.61,4437.62,28.662,1.392,0.0000062500,0.0000000000,1669.1,0.2
2026-09-05T15:41:05.436+00:00,B_sell_A_buy,12.4244,5.6244,4432.0,4432.1,3.0213,16.7643,4437.61,4437.62,28.662,4.259,0.0000062500,0.0000000000,1669.2,0.3
2026-09-05T15:41:05.548+00:00,B_sell_A_buy,12.4244,5.6244,4432.0,4432.1,3.0213,16.7643,4437.61,4437.62,28.662,5.526,0.0000062500,0.0000000000,1780.9,0.3
2026-09-05T15:41:05.688+00:00,B_sell_A_buy,12.4244,5.6244,4432.0,4432.1,3.0213,16.7643,4437.61,4437.62,30.352,5.526,0.0000062500,0.0000000000,1921.6,0.2
2026-09-05T15:41:05.692+00:00,B_sell_A_buy,12.4244,5.6244,4432.0,4432.1,3.0213,16.7643,4437.61,4437.62,31.619,5.526,0.0000062500,0.0000000000,1925.3,0.2
2026-09-05T15:41:05.692+00:00,B_sell_A_buy,12.4244,5.6244,4432.0,4432.1,3.0213,16.7643,4437.61,4437.62,31.349,5.526,0.0000062500,0.0000000000,1925.4,0.2
2026-09-05T15:41:24.648+00:00,B_sell_A_buy,12.5596,5.7596,4432.0,4432.1,2.9045,16.9472,4437.67,4437.68,2.403,3.02,0.0000062500,0.0000000000,0.3,8.6
2026-09-05T15:41:24.654+00:00,B_sell_A_buy,12.5596,5.7596,4432.0,4432.1,2.9045,16.9619,4437.67,4437.68,2.403,3.02,0.0000062500,0.0000000000,0.1,15.0
2026-09-05T15:41:24.689+00:00,B_sell_A_buy,12.5596,5.7596,4432.0,4432.1,2.9045,16.9619,4437.67,4437.68,1.903,3.02,0.0000062500,0.0000000000,34.6,0.2
2026-09-05T15:41:24.786+00:00,B_sell_A_buy,12.5596,5.7596,4432.0,4432.1,2.9045,16.9619,4437.67,4437.68,1.837,3.02,0.0000062500,0.0000000000,132.8,0.3
2026-09-05T15:41:24.838+00:00,B_sell_A_buy,12.5596,5.7596,4432.0,4432.1,2.9045,16.9619,4437.67,4437.68,1.783,3.02,0.0000062500,0.0000000000,183.6,0.2
2026-09-05T15:41:25.001+00:00,B_sell_A_buy,12.5596,5.7596,4432.0,4432.1,2.9045,17.163,4437.67,4437.68,1.783,3.02,0.0000062500,0.0000000000,0.3,163.9
2026-09-05T15:41:25.043+00:00,B_sell_A_buy,12.5596,5.7596,4432.0,4432.1,2.9045,17.163,4437.67,4437.68,0.516,3.02,0.0000062500,0.0000000000,42.3,0.2
2026-09-05T15:41:25.043+00:00,B_sell_A_buy,12.1538,5.3538,4432.0,4432.1,2.9045,17.163,4437.49,4437.68,7.183,3.02,0.0000062500,0.0000000000,42.4,0.3
2026-09-05T15:41:25.046+00:00,B_sell_A_buy,12.1538,5.3538,4432.0,4432.1,2.9045,17.163,4437.49,4437.68,7.183,4.287,0.0000062500,0.0000000000,45.1,0.1
2026-09-05T15:41:25.046+00:00,B_sell_A_buy,12.1538,5.3538,4432.0,4432.1,2.9045,17.163,4437.49,4437.68,7.183,5.977,0.0000062500,0.0000000000,45.2,0.2
2026-09-05T15:41:25.086+00:00,B_sell_A_buy,12.1087,5.3087,4432.0,4432.1,2.9045,17.163,4437.47,4437.68,23.811,5.977,0.0000062500,0.0000000000,85.5,0.2
2026-09-05T15:41:25.140+00:00,B_sell_A_buy,12.1989,5.3989,4432.0,4432.1,2.9045,17.163,4437.51,4437.68,7.183,5.977,0.0000062500,0.0000000000,139.5,0.2
2026-09-05T15:41:25.140+00:00,B_sell_A_buy,12.2440,5.4440,4432.0,4432.1,2.9045,17.163,4437.53,4437.68,1.69,5.977,0.0000062500,0.0000000000,139.6,0.3
2026-09-05T15:41:25.185+00:00,B_sell_A_buy,12.2440,5.4440,4432.0,4432.1,2.9045,17.163,4437.53,4437.68,1.69,2.957,0.0000062500,0.0000000000,184.2,0.1
2026-09-05T15:41:25.244+00:00,B_sell_A_buy,12.2440,5.4440,4432.0,4432.1,2.9045,17.163,4437.53,4437.68,1.69,2.417,0.0000062500,0.0000000000,243.2,0.2
2026-09-05T15:41:25.288+00:00,B_sell_A_buy,12.2440,5.4440,4432.0,4432.1,2.9045,17.163,4437.53,4437.68,1.69,2.388,0.0000062500,0.0000000000,286.9,0.2
2026-09-05T15:41:25.288+00:00,B_sell_A_buy,12.2440,5.4440,4432.0,4432.1,2.9045,17.163,4437.53,4437.68,1.69,2.359,0.0000062500,0.0000000000,287.0,0.3
2026-09-05T15:41:25.338+00:00,B_sell_A_buy,12.2441,5.4441,4432.0,4432.1,2.9045,17.163,4437.53,4437.54,1.69,2.966,0.0000062500,0.0000000000,336.9,0.2
2026-09-05T15:41:25.386+00:00,B_sell_A_buy,12.2441,5.4441,4432.0,4432.1,2.9045,17.163,4437.53,4437.54,1.69,2.963,0.0000062500,0.0000000000,384.8,0.2
2026-09-05T15:41:25.483+00:00,B_sell_A_buy,12.2441,5.4441,4432.0,4432.1,2.9045,17.163,4437.53,4437.54,25.572,2.963,0.0000062500,0.0000000000,482.1,0.2
2026-09-05T15:41:25.483+00:00,B_sell_A_buy,12.2441,5.4441,4432.0,4432.1,2.9045,17.163,4437.53,4437.54,26.839,2.963,0.0000062500,0.0000000000,482.3,0.4
2026-09-05T15:41:25.592+00:00,B_sell_A_buy,12.2441,5.4441,4432.0,4432.1,2.9045,17.163,4437.53,4437.54,34.022,2.963,0.0000062500,0.0000000000,591.5,0.2
2026-09-05T15:41:25.745+00:00,B_sell_A_buy,12.2441,5.4441,4432.0,4432.1,2.9045,17.163,4437.53,4437.54,34.022,1.585,0.0000062500,0.0000000000,744.0,0.3
2026-09-05T15:41:25.841+00:00,B_sell_A_buy,12.2441,5.4441,4432.0,4432.1,2.9045,17.163,4437.53,4437.54,33.543,1.585,0.0000062500,0.0000000000,840.1,0.3
2026-09-05T15:41:26.435+00:00,B_sell_A_buy,12.2441,5.4441,4432.0,4432.1,2.9045,17.163,4437.53,4437.54,33.543,1.557,0.0000062500,0.0000000000,1433.9,0.2
2026-09-05T15:41:26.435+00:00,B_sell_A_buy,12.2441,5.4441,4432.0,4432.1,2.9045,17.163,4437.53,4437.54,33.543,1.053,0.0000062500,0.0000000000,1434.0,0.3
2026-09-05T15:41:26.435+00:00,B_sell_A_buy,12.2441,5.4441,4432.0,4432.1,2.9045,17.163,4437.53,4437.54,33.543,1.025,0.0000062500,0.0000000000,1434.1,0.3
2026-09-05T15:41:26.487+00:00,B_sell_A_buy,12.2441,5.4441,4432.0,4432.1,2.9045,17.163,4437.53,4437.54,33.543,1.022,0.0000062500,0.0000000000,1486.2,0.2
2026-09-05T15:41:26.487+00:00,B_sell_A_buy,12.2441,5.4441,4432.0,4432.1,2.9045,17.163,4437.53,4437.54,33.488,1.022,0.0000062500,0.0000000000,1486.3,0.3
2026-09-05T15:41:26.849+00:00,B_sell_A_buy,12.2441,5.4441,4432.0,4432.1,2.9045,17.163,4437.53,4437.54,33.023,1.022,0.0000062500,0.0000000000,1847.9,0.3
2026-09-05T15:41:46.677+00:00,B_sell_A_buy,12.2666,5.4666,4432.0,4432.1,2.9045,17.0261,4437.54,4437.55,21.261,3.041,0.0000062500,0.0000000000,0.3,423.6
2026-09-05T15:41:46.740+00:00,B_sell_A_buy,12.2441,5.4441,4432.0,4432.1,2.9045,17.0261,4437.53,4437.55,1.267,3.041,0.0000062500,0.0000000000,63.2,0.2
2026-09-05T15:41:47.030+00:00,B_sell_A_buy,12.2441,5.4441,4432.0,4432.1,2.9045,17.0261,4437.53,4437.55,14.54,3.041,0.0000062500,0.0000000000,352.8,0.2
2026-09-05T15:41:47.030+00:00,B_sell_A_buy,12.2441,5.4441,4432.0,4432.1,2.9045,17.0261,4437.53,4437.55,18.06,3.041,0.0000062500,0.0000000000,352.9,0.3
2026-09-05T15:41:47.089+00:00,B_sell_A_buy,12.2441,5.4441,4432.0,4432.1,2.9045,17.0261,4437.53,4437.55,4.787,3.041,0.0000062500,0.0000000000,411.9,0.2
2026-09-05T15:41:47.089+00:00,B_sell_A_buy,12.2441,5.4441,4432.0,4432.1,2.9045,17.0261,4437.53,4437.55,1.267,3.041,0.0000062500,0.0000000000,412.1,0.3
2026-09-05T15:41:47.101+00:00,B_sell_A_buy,12.2666,5.4666,4432.0,4432.1,2.9045,17.0261,4437.54,4437.55,13.273,3.041,0.0000062500,0.0000000000,424.4,0.2
2026-09-05T15:41:47.101+00:00,B_sell_A_buy,12.2666,5.4666,4432.0,4432.1,2.9045,17.0261,4437.54,4437.55,16.793,3.041,0.0000062500,0.0000000000,424.6,0.3
2026-09-05T15:41:47.145+00:00,B_sell_A_buy,12.2666,5.4666,4432.0,4432.1,2.9045,17.0261,4437.54,4437.55,16.793,1.054,0.0000062500,0.0000000000,468.4,0.2
2026-09-05T15:41:47.193+00:00,B_sell_A_buy,12.2666,5.4666,4432.0,4432.1,2.9045,17.0261,4437.54,4437.55,16.793,3.041,0.0000062500,0.0000000000,515.6,0.3
2026-09-05T15:41:48.107+00:00,B_sell_A_buy,12.2666,5.4666,4432.0,4432.1,2.9045,17.0261,4437.54,4437.55,15.455,3.041,0.0000062500,0.0000000000,1430.2,0.2
2026-09-05T15:41:48.195+00:00,B_sell_A_buy,12.2666,5.4666,4432.0,4432.1,2.9045,17.0261,4437.54,4437.55,15.455,3.021,0.0000062500,0.0000000000,1517.9,0.3
2026-09-05T15:41:48.195+00:00,B_sell_A_buy,12.2666,5.4666,4432.0,4432.1,2.9045,17.0261,4437.54,4437.55,15.455,2.592,0.0000062500,0.0000000000,1518.0,0.4
2026-09-05T15:41:48.235+00:00,B_sell_A_buy,12.2666,5.4666,4432.0,4432.1,2.9045,17.0261,4437.54,4437.55,15.455,2.545,0.0000062500,0.0000000000,1558.9,0.1
2026-09-05T15:41:48.328+00:00,B_sell_A_buy,12.2666,5.4666,4432.0,4432.1,2.9045,17.0261,4437.54,4437.55,15.455,0.558,0.0000062500,0.0000000000,1651.4,0.2
2026-09-05T15:41:49.148+00:00,B_sell_A_buy,12.2441,5.4441,4432.0,4432.1,2.9045,17.163,4437.53,4437.55,2.957,0.558,0.0000062500,0.0000000000,0.3,55.3
2026-09-05T15:41:49.236+00:00,B_sell_A_buy,12.2441,5.4441,4432.0,4432.1,2.9045,17.163,4437.53,4437.55,2.937,0.558,0.0000062500,0.0000000000,88.6,0.3
2026-09-05T15:41:49.495+00:00,B_sell_A_buy,12.2441,5.4441,4432.0,4432.1,2.9045,17.163,4437.53,4437.55,15.271,0.558,0.0000062500,0.0000000000,347.4,0.2
2026-09-05T15:41:49.495+00:00,B_sell_A_buy,12.2441,5.4441,4432.0,4432.1,2.9045,17.163,4437.53,4437.55,18.153,0.558,0.0000062500,0.0000000000,347.5,0.3
2026-09-05T15:41:49.585+00:00,B_sell_A_buy,12.2441,5.4441,4432.0,4432.1,2.9045,17.163,4437.53,4437.55,5.819,0.558,0.0000062500,0.0000000000,437.2,0.3
2026-09-05T15:41:49.586+00:00,B_sell_A_buy,12.2441,5.4441,4432.0,4432.1,2.9045,17.163,4437.53,4437.55,2.937,0.558,0.0000062500,0.0000000000,437.4,0.4
2026-09-05T15:41:49.590+00:00,B_sell_A_buy,12.2666,5.4666,4432.0,4432.1,2.9045,17.163,4437.54,4437.55,12.334,0.558,0.0000062500,0.0000000000,442.3,0.1
2026-09-05T15:41:49.590+00:00,B_sell_A_buy,12.2666,5.4666,4432.0,4432.1,2.9045,17.163,4437.54,4437.55,15.216,0.558,0.0000062500,0.0000000000,442.4,0.1
2026-09-05T15:41:49.784+00:00,B_sell_A_buy,12.2666,5.4666,4432.0,4432.1,2.9045,17.163,4437.54,4437.55,18.642,0.558,0.0000062500,0.0000000000,635.8,0.2
2026-09-05T15:41:50.234+00:00,B_sell_A_buy,12.2666,5.4666,4432.0,4432.1,2.9045,17.163,4437.54,4437.55,18.642,0.538,0.0000062500,0.0000000000,1085.9,0.3
2026-09-05T15:41:50.444+00:00,B_sell_A_buy,12.2666,5.4666,4432.0,4432.1,2.9045,17.163,4437.54,4437.55,18.642,0.501,0.0000062500,0.0000000000,1296.3,0.2
2026-09-05T15:41:50.444+00:00,B_sell_A_buy,12.2666,5.4666,4432.0,4432.1,2.9045,17.163,4437.54,4437.55,18.642,0.161,0.0000062500,0.0000000000,1296.4,0.3
2026-09-05T15:41:50.731+00:00,B_sell_A_buy,12.2666,5.4666,4432.0,4432.1,2.9045,17.163,4437.54,4437.55,18.642,4.658,0.0000062500,0.0000000000,1583.8,0.2
2026-09-05T15:41:50.887+00:00,B_sell_A_buy,12.2666,5.4666,4432.0,4432.1,2.9045,17.163,4437.54,4437.55,15.216,4.658,0.0000062500,0.0000000000,1738.8,0.3
2026-09-05T15:41:50.991+00:00,B_sell_A_buy,12.2666,5.4666,4432.0,4432.1,2.9045,17.163,4437.54,4437.55,15.216,3.105,0.0000062500,0.0000000000,1843.9,0.2
2026-09-05T15:41:50.992+00:00,B_sell_A_buy,12.2666,5.4666,4432.0,4432.1,2.9045,17.163,4437.54,4437.55,15.216,4.658,0.0000062500,0.0000000000,1844.1,0.3
2026-09-05T15:41:51.133+00:00,B_sell_A_buy,12.2666,5.4666,4432.0,4432.1,2.9045,17.163,4437.54,4437.55,15.216,18.493,0.0000062500,0.0000000000,1985.5,0.2
2026-09-05T15:42:07.305+00:00,B_sell_A_buy,12.2666,5.4666,4432.0,4432.1,2.9045,17.275,4437.54,4437.55,11.19,14.495,0.0000062500,0.0000000000,0.3,65.3
2026-09-05T15:42:07.338+00:00,B_sell_A_buy,12.2666,5.4666,4432.0,4432.1,2.9045,17.275,4437.54,4437.55,11.144,14.495,0.0000062500,0.0000000000,33.2,0.2
2026-09-05T15:42:07.338+00:00,B_sell_A_buy,12.2666,5.4666,4432.0,4432.1,2.9045,17.275,4437.54,4437.55,11.144,14.449,0.0000062500,0.0000000000,33.3,0.3
2026-09-05T15:42:07.395+00:00,B_sell_A_buy,12.2666,5.4666,4432.0,4432.1,2.9045,17.275,4437.54,4437.55,11.088,14.449,0.0000062500,0.0000000000,89.3,0.2
2026-09-05T15:42:07.395+00:00,B_sell_A_buy,12.2666,5.4666,4432.0,4432.1,2.9045,17.275,4437.54,4437.55,11.088,14.393,0.0000062500,0.0000000000,89.6,0.4
2026-09-05T15:42:07.695+00:00,B_sell_A_buy,12.2666,5.4666,4432.0,4432.1,2.9045,17.275,4437.54,4437.55,11.088,13.864,0.0000062500,0.0000000000,390.0,0.2
2026-09-05T15:42:07.695+00:00,B_sell_A_buy,12.2666,5.4666,4432.0,4432.1,2.9045,17.275,4437.54,4437.55,11.088,13.806,0.0000062500,0.0000000000,390.2,0.4
2026-09-05T15:42:07.841+00:00,B_sell_A_buy,12.2666,5.4666,4432.0,4432.1,2.9045,17.275,4437.54,4437.55,11.068,13.806,0.0000062500,0.0000000000,536.1,0.3
2026-09-05T15:42:07.841+00:00,B_sell_A_buy,12.2666,5.4666,4432.0,4432.1,2.9045,17.275,4437.54,4437.55,9.665,13.806,0.0000062500,0.0000000000,536.3,0.4
2026-09-05T15:42:07.841+00:00,B_sell_A_buy,12.2666,5.4666,4432.0,4432.1,2.9045,17.275,4437.54,4437.55,11.068,13.806,0.0000062500,0.0000000000,536.3,0.4
2026-09-05T15:42:07.977+00:00,B_sell_A_buy,12.2666,5.4666,4432.0,4432.1,2.9045,17.275,4437.54,4437.55,7.553,13.806,0.0000062500,0.0000000000,672.1,0.3
2026-09-05T15:42:08.083+00:00,B_sell_A_buy,12.2666,5.4666,4432.0,4432.1,2.9045,17.275,4437.54,4437.55,11.019,13.806,0.0000062500,0.0000000000,777.5,0.3
2026-09-05T15:42:08.083+00:00,B_sell_A_buy,12.2666,5.4666,4432.0,4432.1,2.9045,17.275,4437.54,4437.55,7.553,13.806,0.0000062500,0.0000000000,777.7,0.4
2026-09-05T15:42:08.196+00:00,B_sell_A_buy,12.2666,5.4666,4432.0,4432.1,2.9045,17.275,4437.54,4437.55,16.893,13.806,0.0000062500,0.0000000000,891.4,0.2
2026-09-05T15:42:08.197+00:00,B_sell_A_buy,12.2666,5.4666,4432.0,4432.1,2.9045,17.275,4437.54,4437.55,16.446,13.806,0.0000062500,0.0000000000,891.7,0.5
2026-09-05T15:42:08.401+00:00,B_sell_A_buy,12.2666,5.4666,4432.0,4432.1,2.9045,17.275,4437.54,4437.55,16.39,13.806,0.0000062500,0.0000000000,1096.1,0.2
2026-09-05T15:42:08.401+00:00,B_sell_A_buy,12.2666,5.4666,4432.0,4432.1,2.9045,17.275,4437.54,4437.55,16.39,13.75,0.0000062500,0.0000000000,1096.3,0.4
2026-09-05T15:42:08.491+00:00,B_sell_A_buy,12.2666,5.4666,4432.0,4432.1,2.9045,17.275,4437.54,4437.55,16.39,13.686,0.0000062500,0.0000000000,1185.7,0.2
2026-09-05T15:42:08.491+00:00,B_sell_A_buy,12.2666,5.4666,4432.0,4432.1,2.9045,17.275,4437.54,4437.55,16.326,13.686,0.0000062500,0.0000000000,1185.9,0.3
2026-09-05T15:42:08.587+00:00,B_sell_A_buy,12.2666,5.4666,4432.0,4432.1,2.9045,17.275,4437.54,4437.55,16.27,13.686,0.0000062500,0.0000000000,1282.7,0.3
2026-09-05T15:42:08.587+00:00,B_sell_A_buy,12.2666,5.4666,4432.0,4432.1,2.9045,17.275,4437.54,4437.55,16.27,13.63,0.0000062500,0.0000000000,1282.8,0.4
2026-09-05T15:42:08.699+00:00,B_sell_A_buy,12.2666,5.4666,4432.0,4432.1,2.9045,17.275,4437.54,4437.55,16.206,13.63,0.0000062500,0.0000000000,1394.8,0.3
2026-09-05T15:42:08.699+00:00,B_sell_A_buy,12.2666,5.4666,4432.0,4432.1,2.9045,17.275,4437.54,4437.55,16.206,13.566,0.0000062500,0.0000000000,1395.1,0.5
2026-09-05T15:42:08.849+00:00,B_sell_A_buy,12.2666,5.4666,4432.0,4432.1,2.9045,17.275,4437.54,4437.55,16.206,13.546,0.0000062500,0.0000000000,1543.3,0.3
2026-09-05T15:42:08.849+00:00,B_sell_A_buy,12.2666,5.4666,4432.0,4432.1,2.9045,17.275,4437.54,4437.55,16.206,13.487,0.0000062500,0.0000000000,1543.5,0.4
2026-09-05T15:42:08.849+00:00,B_sell_A_buy,12.2666,5.4666,4432.0,4432.1,2.9045,17.275,4437.54,4437.55,16.206,12.947,0.0000062500,0.0000000000,1543.5,0.4
2026-09-05T15:42:08.981+00:00,B_sell_A_buy,12.2666,5.4666,4432.0,4432.1,2.9045,17.275,4437.54,4437.55,14.803,12.947,0.0000062500,0.0000000000,1675.8,0.2
2026-09-05T15:42:09.242+00:00,B_sell_A_buy,12.2666,5.4666,4432.0,4432.1,2.9045,17.275,4437.54,4437.55,11.337,12.947,0.0000062500,0.0000000000,1937.4,0.2
2026-09-05T15:42:09.251+00:00,B_sell_A_buy,12.2666,5.4666,4432.0,4432.1,2.9045,17.275,4437.54,4437.55,11.045,12.947,0.0000062500,0.0000000000,1945.8,0.2
2026-09-05T15:42:24.259+00:00,B_sell_A_buy,12.2666,5.4666,4432.0,4432.1,2.9045,17.2346,4437.54,4437.55,10.215,17.028,0.0000062500,0.0000000000,0.3,165.9
2026-09-05T15:42:24.303+00:00,B_sell_A_buy,12.2666,5.4666,4432.0,4432.1,2.9045,17.2346,4437.54,4437.55,10.157,17.028,0.0000062500,0.0000000000,45.1,0.2
2026-09-05T15:42:24.303+00:00,B_sell_A_buy,12.2666,5.4666,4432.0,4432.1,2.9045,17.2346,4437.54,4437.55,10.157,20.627,0.0000062500,0.0000000000,45.2,0.3
2026-09-05T15:42:24.303+00:00,B_sell_A_buy,12.2666,5.4666,4432.0,4432.1,2.9045,17.2346,4437.54,4437.55,10.157,19.166,0.0000062500,0.0000000000,45.3,0.3
2026-09-05T15:42:24.303+00:00,B_sell_A_buy,12.2666,5.4666,4432.0,4432.1,2.9045,17.2346,4437.54,4437.55,10.157,19.108,0.0000062500,0.0000000000,45.3,0.3
2026-09-05T15:42:24.303+00:00,B_sell_A_buy,12.2666,5.4666,4432.0,4432.1,2.9045,17.2346,4437.54,4437.55,10.157,15.509,0.0000062500,0.0000000000,45.3,0.4
2026-09-05T15:42:24.303+00:00,B_sell_A_buy,12.2666,5.4666,4432.0,4432.1,2.9045,17.2346,4437.54,4437.55,10.157,16.97,0.0000062500,0.0000000000,45.3,0.4
2026-09-05T15:42:24.350+00:00,B_sell_A_buy,12.2666,5.4666,4432.0,4432.1,2.9045,17.2346,4437.54,4437.55,10.157,16.52,0.0000062500,0.0000000000,91.4,0.2
2026-09-05T15:42:24.350+00:00,B_sell_A_buy,12.2666,5.4666,4432.0,4432.1,2.9045,17.2346,4437.54,4437.55,10.157,16.471,0.0000062500,0.0000000000,91.5,0.3
2026-09-05T15:42:24.442+00:00,B_sell_A_buy,12.2666,5.4666,4432.0,4432.1,2.9045,17.2346,4437.54,4437.55,10.157,19.622,0.0000062500,0.0000000000,183.6,0.2
2026-09-05T15:42:24.549+00:00,B_sell_A_buy,12.2666,5.4666,4432.0,4432.1,2.9045,17.2346,4437.54,4437.55,10.137,19.622,0.0000062500,0.0000000000,290.4,0.3
2026-09-05T15:42:24.549+00:00,B_sell_A_buy,12.2666,5.4666,4432.0,4432.1,2.9045,17.2346,4437.54,4437.55,10.137,19.577,0.0000062500,0.0000000000,290.6,0.4
2026-09-05T15:42:24.549+00:00,B_sell_A_buy,12.2666,5.4666,4432.0,4432.1,2.9045,17.2346,4437.54,4437.55,10.092,19.577,0.0000062500,0.0000000000,290.6,0.4
2026-09-05T15:42:24.688+00:00,B_sell_A_buy,12.2666,5.4666,4432.0,4432.1,2.9045,17.2346,4437.54,4437.55,9.592,19.577,0.0000062500,0.0000000000,429.7,0.3
2026-09-05T15:42:24.789+00:00,B_sell_A_buy,12.2666,5.4666,4432.0,4432.1,2.9045,17.2346,4437.54,4437.55,9.547,19.577,0.0000062500,0.0000000000,531.0,0.2
2026-09-05T15:42:24.789+00:00,B_sell_A_buy,12.2666,5.4666,4432.0,4432.1,2.9045,17.2346,4437.54,4437.55,9.547,19.532,0.0000062500,0.0000000000,531.1,0.3
2026-09-05T15:42:24.993+00:00,B_sell_A_buy,12.2666,5.4666,4432.0,4432.1,2.9045,17.2346,4437.54,4437.55,9.547,19.485,0.0000062500,0.0000000000,735.1,0.2
2026-09-05T15:42:25.045+00:00,B_sell_A_buy,12.2666,5.4666,4432.0,4432.1,2.9045,17.2346,4437.54,4437.55,9.5,19.485,0.0000062500,0.0000000000,786.8,0.2
2026-09-05T15:42:25.190+00:00,B_sell_A_buy,12.2666,5.4666,4432.0,4432.1,2.9045,17.2346,4437.54,4437.55,9.5,19.0,0.0000062500,0.0000000000,931.8,0.3
2026-09-05T15:42:25.242+00:00,B_sell_A_buy,12.2666,5.4666,4432.0,4432.1,2.9045,17.2346,4437.54,4437.55,9.5,18.947,0.0000062500,0.0000000000,983.5,0.3
2026-09-05T15:42:25.334+00:00,B_sell_A_buy,12.2666,5.4666,4432.0,4432.1,2.9045,17.2346,4437.54,4437.55,9.5,18.9,0.0000062500,0.0000000000,1076.3,0.2
2026-09-05T15:42:25.337+00:00,B_sell_A_buy,12.2666,5.4666,4432.0,4432.1,2.9045,17.2346,4437.54,4437.55,9.453,18.9,0.0000062500,0.0000000000,1078.7,0.1
2026-09-05T15:42:25.380+00:00,B_sell_A_buy,12.2666,5.4666,4432.0,4432.1,2.9045,17.2346,4437.54,4437.55,9.453,15.301,0.0000062500,0.0000000000,1121.3,0.1
2026-09-05T15:42:25.380+00:00,B_sell_A_buy,12.2666,5.4666,4432.0,4432.1,2.9045,17.2346,4437.54,4437.55,9.453,13.84,0.0000062500,0.0000000000,1121.4,0.2
2026-09-05T15:42:25.502+00:00,B_sell_A_buy,12.2666,5.4666,4432.0,4432.1,2.9045,17.2199,4437.54,4437.55,9.453,13.84,0.0000062500,0.0000000000,0.4,122.1
2026-09-05T15:42:25.599+00:00,B_sell_A_buy,12.2666,5.4666,4432.0,4432.1,2.9045,17.2199,4437.54,4437.55,12.84,13.84,0.0000062500,0.0000000000,97.5,0.2
2026-09-05T15:42:25.599+00:00,B_sell_A_buy,12.2666,5.4666,4432.0,4432.1,2.9045,17.2199,4437.54,4437.55,12.84,13.82,0.0000062500,0.0000000000,97.6,0.3
2026-09-05T15:42:25.599+00:00,B_sell_A_buy,12.2666,5.4666,4432.0,4432.1,2.9045,17.2199,4437.54,4437.55,9.453,13.82,0.0000062500,0.0000000000,97.7,0.3
2026-09-05T15:42:25.745+00:00,B_sell_A_buy,12.2666,5.4666,4432.0,4432.1,2.9045,17.2199,4437.54,4437.55,9.042,13.82,0.0000062500,0.0000000000,243.5,0.3
2026-09-05T15:42:26.035+00:00,B_sell_A_buy,12.2666,5.4666,4432.0,4432.1,2.9045,17.2199,4437.54,4437.55,8.978,13.82,0.0000062500,0.0000000000,533.5,0.2
2026-09-05T15:42:26.035+00:00,B_sell_A_buy,12.2666,5.4666,4432.0,4432.1,2.9045,17.2199,4437.54,4437.55,8.978,13.756,0.0000062500,0.0000000000,533.7,0.3
2026-09-05T15:42:26.249+00:00,B_sell_A_buy,12.2666,5.4666,4432.0,4432.1,2.9045,17.2199,4437.54,4437.55,8.978,13.692,0.0000062500,0.0000000000,747.9,0.2
2026-09-05T15:42:26.249+00:00,B_sell_A_buy,12.2666,5.4666,4432.0,4432.1,2.9045,17.2199,4437.54,4437.55,8.978,13.225,0.0000062500,0.0000000000,748.0,0.3
2026-09-05T15:42:26.249+00:00,B_sell_A_buy,12.2666,5.4666,4432.0,4432.1,2.9045,17.2199,4437.54,4437.55,8.914,13.225,0.0000062500,0.0000000000,748.0,0.3
2026-09-05T15:42:26.249+00:00,B_sell_A_buy,12.2666,5.4666,4432.0,4432.1,2.9045,17.2199,4437.54,4437.55,8.914,13.174,0.0000062500,0.0000000000,748.0,0.3
2026-09-05T15:42:26.298+00:00,B_sell_A_buy,12.2666,5.4666,4432.0,4432.1,2.9045,17.2199,4437.54,4437.55,8.804,13.174,0.0000062500,0.0000000000,796.4,0.2
2026-09-05T15:42:26.651+00:00,B_sell_A_buy,12.2666,5.4666,4432.0,4432.1,2.9045,17.2199,4437.54,4437.55,8.784,13.174,0.0000062500,0.0000000000,1150.7,0.2
2026-09-05T15:42:26.652+00:00,B_sell_A_buy,12.2666,5.4666,4432.0,4432.1,2.9045,17.2199,4437.54,4437.55,8.35,13.174,0.0000062500,0.0000000000,1150.9,0.3
2026-09-05T15:42:26.748+00:00,B_sell_A_buy,12.2666,5.4666,4432.0,4432.1,2.9045,17.2199,4437.54,4437.55,8.35,13.11,0.0000062500,0.0000000000,1247.4,0.3
2026-09-05T15:42:26.748+00:00,B_sell_A_buy,12.2666,5.4666,4432.0,4432.1,2.9045,17.2199,4437.54,4437.55,8.286,13.11,0.0000062500,0.0000000000,1247.5,0.4
2026-09-05T15:42:26.790+00:00,B_sell_A_buy,12.2666,5.4666,4432.0,4432.1,2.9045,17.2199,4437.54,4437.55,4.899,13.11,0.0000062500,0.0000000000,1288.9,0.2
2026-09-05T15:42:26.942+00:00,B_sell_A_buy,12.2666,5.4666,4432.0,4432.1,2.9045,17.2199,4437.54,4437.55,4.835,13.11,0.0000062500,0.0000000000,1440.4,0.3
2026-09-05T15:42:26.942+00:00,B_sell_A_buy,12.2666,5.4666,4432.0,4432.1,2.9045,17.2199,4437.54,4437.55,4.835,13.046,0.0000062500,0.0000000000,1440.6,0.4
2026-09-05T15:42:27.249+00:00,B_sell_A_buy,12.2666,5.4666,4432.0,4432.1,2.9045,17.2199,4437.54,4437.55,4.835,13.004,0.0000062500,0.0000000000,1747.5,0.2
2026-09-05T15:42:27.249+00:00,B_sell_A_buy,12.2666,5.4666,4432.0,4432.1,2.9045,17.2199,4437.54,4437.55,4.835,12.624,0.0000062500,0.0000000000,1747.6,0.3
2026-09-05T15:42:27.306+00:00,B_sell_A_buy,12.2666,5.4666,4432.0,4432.1,2.9045,17.2199,4437.54,4437.55,4.835,12.577,0.0000062500,0.0000000000,1805.0,0.2
2026-09-05T15:42:27.306+00:00,B_sell_A_buy,12.2666,5.4666,4432.0,4432.1,2.9045,17.2199,4437.54,4437.55,4.788,12.577,0.0000062500,0.0000000000,1805.1,0.3
2026-09-05T15:42:27.492+00:00,B_sell_A_buy,12.2666,5.4666,4432.0,4432.1,2.9045,17.2199,4437.54,4437.55,4.741,12.577,0.0000062500,0.0000000000,1991.2,0.2
2026-09-05T15:42:27.492+00:00,B_sell_A_buy,12.2666,5.4666,4432.0,4432.1,2.9045,17.2199,4437.54,4437.55,4.741,12.53,0.0000062500,0.0000000000,1991.4,0.3
2026-09-05T15:43:07.328+00:00,B_sell_A_buy,12.2666,5.4666,4432.0,4432.1,2.9045,17.1569,4437.54,4437.55,7.827,4.292,0.0000062500,0.0000000000,0.3,84.6
2026-09-05T15:43:07.530+00:00,B_sell_A_buy,12.2666,5.4666,4432.0,4432.1,2.9045,17.1569,4437.54,4437.55,7.827,4.246,0.0000062500,0.0000000000,201.6,0.3
2026-09-05T15:43:07.530+00:00,B_sell_A_buy,12.2666,5.4666,4432.0,4432.1,2.9045,17.1569,4437.54,4437.55,7.781,4.246,0.0000062500,0.0000000000,201.8,0.4
2026-09-05T15:43:07.749+00:00,B_sell_A_buy,12.2666,5.4666,4432.0,4432.1,2.9045,17.1569,4437.54,4437.55,7.735,4.246,0.0000062500,0.0000000000,420.7,0.3
2026-09-05T15:43:07.749+00:00,B_sell_A_buy,12.2666,5.4666,4432.0,4432.1,2.9045,17.1569,4437.54,4437.55,7.735,7.769,0.0000062500,0.0000000000,420.8,0.4
2026-09-05T15:43:07.749+00:00,B_sell_A_buy,12.2666,5.4666,4432.0,4432.1,2.9045,17.1569,4437.54,4437.55,7.735,4.246,0.0000062500,0.0000000000,420.8,0.4
2026-09-05T15:43:07.749+00:00,B_sell_A_buy,12.2666,5.4666,4432.0,4432.1,2.9045,17.1569,4437.54,4437.55,7.735,4.2,0.0000062500,0.0000000000,420.9,0.4
2026-09-05T15:43:07.843+00:00,B_sell_A_buy,12.2666,5.4666,4432.0,4432.1,2.9045,17.1569,4437.54,4437.55,7.222,4.2,0.0000062500,0.0000000000,516.2,0.2
2026-09-05T15:43:07.887+00:00,B_sell_A_buy,12.2666,5.4666,4432.0,4432.1,2.9045,17.1569,4437.54,4437.55,7.222,5.773,0.0000062500,0.0000000000,560.2,0.2
2026-09-05T15:43:07.888+00:00,B_sell_A_buy,12.2666,5.4666,4432.0,4432.1,2.9045,17.1569,4437.54,4437.55,7.222,4.2,0.0000062500,0.0000000000,560.3,0.3
2026-09-05T15:43:07.942+00:00,B_sell_A_buy,12.2666,5.4666,4432.0,4432.1,2.9045,17.1569,4437.54,4437.55,7.202,4.2,0.0000062500,0.0000000000,614.6,0.3
2026-09-05T15:43:07.942+00:00,B_sell_A_buy,12.2666,5.4666,4432.0,4432.1,2.9045,17.1569,4437.54,4437.55,7.202,4.146,0.0000062500,0.0000000000,614.7,0.4
2026-09-05T15:43:07.942+00:00,B_sell_A_buy,12.2666,5.4666,4432.0,4432.1,2.9045,17.1569,4437.54,4437.55,7.148,4.146,0.0000062500,0.0000000000,614.7,0.4
2026-09-05T15:43:08.030+00:00,B_sell_A_buy,12.2666,5.4666,4432.0,4432.1,2.9045,17.1569,4437.54,4437.55,7.148,14.414,0.0000062500,0.0000000000,702.8,0.3
2026-09-05T15:43:08.087+00:00,B_sell_A_buy,12.2666,5.4666,4432.0,4432.1,2.9045,17.1569,4437.54,4437.55,7.094,14.414,0.0000062500,0.0000000000,759.4,0.2
2026-09-05T15:43:08.087+00:00,B_sell_A_buy,12.2666,5.4666,4432.0,4432.1,2.9045,17.1569,4437.54,4437.55,7.094,14.36,0.0000062500,0.0000000000,759.5,0.3
2026-09-05T15:43:08.445+00:00,B_sell_A_buy,12.2666,5.4666,4432.0,4432.1,2.9045,17.1569,4437.54,4437.55,7.094,14.315,0.0000062500,0.0000000000,1117.8,0.2
2026-09-05T15:43:08.445+00:00,B_sell_A_buy,12.2666,5.4666,4432.0,4432.1,2.9045,17.1569,4437.54,4437.55,7.094,13.856,0.0000062500,0.0000000000,1118.0,0.4
2026-09-05T15:43:08.445+00:00,B_sell_A_buy,12.2666,5.4666,4432.0,4432.1,2.9045,17.1569,4437.54,4437.55,7.049,13.856,0.0000062500,0.0000000000,1118.0,0.4
2026-09-05T15:43:08.445+00:00,B_sell_A_buy,12.2666,5.4666,4432.0,4432.1,2.9045,17.1569,4437.54,4437.55,7.049,13.806,0.0000062500,0.0000000000,1118.0,0.4
2026-09-05T15:43:08.688+00:00,B_sell_A_buy,12.2666,5.4666,4432.0,4432.1,2.9045,17.1569,4437.54,4437.55,7.004,13.806,0.0000062500,0.0000000000,1360.1,0.3
2026-09-05T15:43:08.688+00:00,B_sell_A_buy,12.2666,5.4666,4432.0,4432.1,2.9045,17.1569,4437.54,4437.55,3.611,13.806,0.0000062500,0.0000000000,1360.3,0.4
2026-09-05T15:43:08.688+00:00,B_sell_A_buy,12.2666,5.4666,4432.0,4432.1,2.9045,17.1569,4437.54,4437.55,7.004,13.806,0.0000062500,0.0000000000,1360.4,0.4
2026-09-05T15:43:08.688+00:00,B_sell_A_buy,12.2666,5.4666,4432.0,4432.1,2.9045,17.1569,4437.54,4437.55,7.004,13.761,0.0000062500,0.0000000000,1360.4,0.5
2026-09-05T15:43:08.734+00:00,B_sell_A_buy,12.2666,5.4666,4432.0,4432.1,2.9045,17.1569,4437.54,4437.55,7.004,13.706,0.0000062500,0.0000000000,1406.8,0.2
2026-09-05T15:43:08.782+00:00,B_sell_A_buy,12.2666,5.4666,4432.0,4432.1,2.9045,17.1569,4437.54,4437.55,7.004,16.429,0.0000062500,0.0000000000,1454.2,0.2
2026-09-05T15:43:08.784+00:00,B_sell_A_buy,12.2666,5.4666,4432.0,4432.1,2.9045,17.1569,4437.54,4437.55,24.809,16.429,0.0000062500,0.0000000000,1456.0,0.2
2026-09-05T15:43:08.887+00:00,B_sell_A_buy,12.2666,5.4666,4432.0,4432.1,2.9045,17.1569,4437.54,4437.55,24.809,14.564,0.0000062500,0.0000000000,1559.3,0.2
2026-09-05T15:43:08.896+00:00,B_sell_A_buy,12.2666,5.4666,4432.0,4432.1,2.9045,17.1569,4437.54,4437.55,24.758,14.564,0.0000062500,0.0000000000,1567.9,0.2
2026-09-05T15:43:08.896+00:00,B_sell_A_buy,12.2666,5.4666,4432.0,4432.1,2.9045,17.1569,4437.54,4437.55,24.758,14.513,0.0000062500,0.0000000000,1568.1,0.2
2026-09-05T15:43:08.986+00:00,B_sell_A_buy,12.2666,5.4666,4432.0,4432.1,2.9045,17.1569,4437.54,4437.55,24.758,12.991,0.0000062500,0.0000000000,1658.1,0.2
2026-09-05T15:43:08.992+00:00,B_sell_A_buy,12.2666,5.4666,4432.0,4432.1,2.9045,17.1569,4437.54,4437.55,24.758,12.971,0.0000062500,0.0000000000,1664.2,0.2
2026-09-05T15:43:08.992+00:00,B_sell_A_buy,12.2666,5.4666,4432.0,4432.1,2.9045,17.1569,4437.54,4437.55,24.245,12.971,0.0000062500,0.0000000000,1664.3,0.2
2026-09-05T15:43:09.089+00:00,B_sell_A_buy,12.2666,5.4666,4432.0,4432.1,2.9045,17.1569,4437.54,4437.55,24.194,12.971,0.0000062500,0.0000000000,1761.0,0.2
2026-09-05T15:43:09.089+00:00,B_sell_A_buy,12.2666,5.4666,4432.0,4432.1,2.9045,17.1569,4437.54,4437.55,24.194,12.92,0.0000062500,0.0000000000,1761.1,0.4
2026-09-05T15:44:05.189+00:00,B_sell_A_buy,12.2666,5.4666,4432.0,4432.1,0.9831,17.1569,4437.54,4437.55,19.884,9.957,0.0000062500,0.0000000000,0.3,264.1
2026-09-05T15:44:05.453+00:00,B_sell_A_buy,12.2666,5.4666,4432.0,4432.1,0.9831,17.1569,4437.54,4437.55,16.369,9.957,0.0000062500,0.0000000000,264.4,0.2
2026-09-05T15:44:05.453+00:00,B_sell_A_buy,12.2666,5.4666,4432.0,4432.1,0.9831,17.1569,4437.54,4437.55,16.324,9.957,0.0000062500,0.0000000000,264.5,0.3
2026-09-05T15:44:05.453+00:00,B_sell_A_buy,12.2666,5.4666,4432.0,4432.1,0.9831,17.1569,4437.54,4437.55,16.324,9.912,0.0000062500,0.0000000000,264.5,0.3
2026-09-05T15:44:05.594+00:00,B_sell_A_buy,12.2666,5.4666,4432.0,4432.1,0.9831,17.1569,4437.54,4437.55,20.101,9.912,0.0000062500,0.0000000000,405.7,0.3
2026-09-05T15:44:05.599+00:00,B_sell_A_buy,12.2666,5.4666,4432.0,4432.1,0.9831,17.1569,4437.54,4437.55,20.056,9.912,0.0000062500,0.0000000000,411.1,0.2
2026-09-05T15:44:05.642+00:00,B_sell_A_buy,12.2666,5.4666,4432.0,4432.1,0.9831,17.1569,4437.54,4437.55,20.056,9.867,0.0000062500,0.0000000000,453.8,0.2
2026-09-05T15:44:05.790+00:00,B_sell_A_buy,12.2666,5.4666,4432.0,4432.1,0.9831,17.1569,4437.54,4437.55,20.001,9.867,0.0000062500,0.0000000000,601.1,0.2
2026-09-05T15:44:05.839+00:00,B_sell_A_buy,12.2666,5.4666,4432.0,4432.1,0.9831,17.1569,4437.54,4437.55,20.001,9.811,0.0000062500,0.0000000000,650.9,0.2
2026-09-05T15:44:05.839+00:00,B_sell_A_buy,12.2666,5.4666,4432.0,4432.1,0.9831,17.1569,4437.54,4437.55,19.945,9.811,0.0000062500,0.0000000000,651.0,0.3
2026-09-05T15:44:05.947+00:00,B_sell_A_buy,12.2666,5.4666,4432.0,4432.1,0.9831,17.1569,4437.54,4437.55,19.945,11.501,0.0000062500,0.0000000000,759.4,0.3
2026-09-05T15:44:05.948+00:00,B_sell_A_buy,12.2666,5.4666,4432.0,4432.1,0.9831,17.1569,4437.54,4437.55,19.945,12.768,0.0000062500,0.0000000000,759.6,0.4
2026-09-05T15:44:05.997+00:00,B_sell_A_buy,12.2666,5.4666,4432.0,4432.1,0.9831,17.1569,4437.54,4437.55,19.925,12.768,0.0000062500,0.0000000000,808.4,0.2
2026-09-05T15:44:06.052+00:00,B_sell_A_buy,12.2666,5.4666,4432.0,4432.1,0.9831,17.1569,4437.54,4437.55,19.925,12.712,0.0000062500,0.0000000000,863.3,0.2
2026-09-05T15:44:06.052+00:00,B_sell_A_buy,12.2666,5.4666,4432.0,4432.1,0.9831,17.1569,4437.54,4437.55,19.869,12.712,0.0000062500,0.0000000000,863.4,0.3
2026-09-05T15:44:06.246+00:00,B_sell_A_buy,12.2666,5.4666,4432.0,4432.1,0.9831,17.0966,4437.54,4437.55,19.869,12.712,0.0000062500,0.0000000000,0.3,194.5
2026-09-05T15:44:06.552+00:00,B_sell_A_buy,12.2666,5.4666,4432.0,4432.1,0.9831,17.0966,4437.54,4437.55,19.869,11.145,0.0000062500,0.0000000000,306.1,0.2
2026-09-05T15:44:06.552+00:00,B_sell_A_buy,12.2666,5.4666,4432.0,4432.1,0.9831,17.0966,4437.54,4437.55,19.869,12.712,0.0000062500,0.0000000000,306.2,0.3
2026-09-05T15:44:06.552+00:00,B_sell_A_buy,12.2664,5.4664,4432.0,4432.1,0.9831,17.0966,4437.54,4437.83,19.869,0.07,0.0000062500,0.0000000000,306.2,0.3
2026-09-05T15:44:06.638+00:00,B_sell_A_buy,12.2664,5.4664,4432.0,4432.1,0.9831,17.0966,4437.54,4437.83,3.777,0.07,0.0000062500,0.0000000000,391.9,0.1
2026-09-05T15:44:06.638+00:00,B_sell_A_buy,12.2439,5.4439,4432.0,4432.1,0.9831,17.0966,4437.53,4437.83,0.977,0.07,0.0000062500,0.0000000000,392.0,0.2
2026-09-05T15:44:06.645+00:00,B_sell_A_buy,12.2441,5.4441,4432.0,4432.1,0.9831,17.0966,4437.53,4437.55,0.977,2.858,0.0000062500,0.0000000000,399.5,0.1
2026-09-05T15:44:06.690+00:00,B_sell_A_buy,12.2441,5.4441,4432.0,4432.1,0.9831,17.0966,4437.53,4437.55,0.977,6.864,0.0000062500,0.0000000000,444.3,0.1
2026-09-05T15:44:06.736+00:00,B_sell_A_buy,12.2441,5.4441,4432.0,4432.1,0.9831,17.0966,4437.53,4437.55,0.977,2.858,0.0000062500,0.0000000000,490.1,0.2
2026-09-05T15:44:06.743+00:00,B_sell_A_buy,12.2439,5.4439,4432.0,4432.1,0.9831,17.0966,4437.53,4437.82,0.977,1.267,0.0000062500,0.0000000000,496.9,0.2
2026-09-05T15:44:06.743+00:00,B_sell_A_buy,12.2439,5.4439,4432.0,4432.1,0.9831,17.0966,4437.53,4437.82,0.977,2.957,0.0000062500,0.0000000000,497.0,0.2
2026-09-05T15:44:06.785+00:00,B_sell_A_buy,12.2439,5.4439,4432.0,4432.1,0.9831,17.0966,4437.53,4437.82,0.977,1.69,0.0000062500,0.0000000000,539.2,0.2
2026-09-05T15:44:06.785+00:00,B_sell_A_buy,12.2439,5.4439,4432.0,4432.1,0.9831,17.0966,4437.53,4437.83,0.977,0.07,0.0000062500,0.0000000000,539.3,0.3
2026-09-05T15:44:06.785+00:00,B_sell_A_buy,12.2441,5.4441,4432.0,4432.1,0.9831,17.0966,4437.53,4437.54,0.977,4.006,0.0000062500,0.0000000000,539.3,0.3
2026-09-05T15:44:06.785+00:00,B_sell_A_buy,12.2441,5.4441,4432.0,4432.1,0.9831,17.0966,4437.53,4437.54,0.977,6.864,0.0000062500,0.0000000000,539.3,0.3
2026-09-05T15:44:06.792+00:00,B_sell_A_buy,12.2441,5.4441,4432.0,4432.1,0.9831,17.0966,4437.53,4437.54,0.977,6.798,0.0000062500,0.0000000000,546.6,0.2
2026-09-05T15:44:06.886+00:00,B_sell_A_buy,12.2441,5.4441,4432.0,4432.1,0.9831,17.0966,4437.53,4437.54,2.244,6.798,0.0000062500,0.0000000000,641.3,0.2
2026-09-05T15:44:06.990+00:00,B_sell_A_buy,12.2441,5.4441,4432.0,4432.1,0.9831,17.0966,4437.53,4437.54,24.417,6.798,0.0000062500,0.0000000000,744.3,0.3
2026-09-05T15:44:06.990+00:00,B_sell_A_buy,12.2441,5.4441,4432.0,4432.1,0.9831,17.0966,4437.53,4437.54,28.585,6.798,0.0000062500,0.0000000000,744.5,0.4
2026-09-05T15:44:06.990+00:00,B_sell_A_buy,12.2441,5.4441,4432.0,4432.1,0.9831,17.0966,4437.53,4437.54,28.585,6.778,0.0000062500,0.0000000000,744.5,0.4
2026-09-05T15:44:06.990+00:00,B_sell_A_buy,12.2441,5.4441,4432.0,4432.1,0.9831,17.0966,4437.53,4437.54,28.519,6.778,0.0000062500,0.0000000000,744.5,0.4
2026-09-05T15:44:07.096+00:00,B_sell_A_buy,12.2441,5.4441,4432.0,4432.1,0.9831,17.0966,4437.53,4437.54,28.47,6.778,0.0000062500,0.0000000000,850.2,0.2
2026-09-05T15:44:07.545+00:00,B_sell_A_buy,12.2441,5.4441,4432.0,4432.1,0.9831,17.1596,4437.53,4437.54,28.47,6.778,0.0000062500,0.0000000000,0.3,449.3
2026-09-05T15:44:07.650+00:00,B_sell_A_buy,12.2441,5.4441,4432.0,4432.1,0.9831,17.1596,4437.53,4437.54,28.47,3.331,0.0000062500,0.0000000000,105.7,0.2
2026-09-05T15:44:08.043+00:00,B_sell_A_buy,12.2441,5.4441,4432.0,4432.1,0.9831,17.1596,4437.53,4437.54,28.45,3.331,0.0000062500,0.0000000000,498.3,0.3
2026-09-05T15:44:08.043+00:00,B_sell_A_buy,12.2441,5.4441,4432.0,4432.1,0.9831,17.1596,4437.53,4437.59,28.45,1.267,0.0000062500,0.0000000000,498.4,0.4
2026-09-05T15:44:08.127+00:00,B_sell_A_buy,12.2441,5.4441,4432.0,4432.1,0.9831,17.1596,4437.53,4437.59,6.277,1.267,0.0000062500,0.0000000000,582.7,0.2
2026-09-05T15:44:08.128+00:00,B_sell_A_buy,12.2441,5.4441,4432.0,4432.1,0.9831,17.1596,4437.53,4437.59,2.109,1.267,0.0000062500,0.0000000000,582.8,0.3
2026-09-05T15:44:08.132+00:00,B_sell_A_buy,12.2441,5.4441,4432.0,4432.1,0.9831,17.1596,4437.53,4437.59,0.842,1.267,0.0000062500,0.0000000000,587.3,0.1
2026-09-05T15:44:08.179+00:00,B_sell_A_buy,12.2441,5.4441,4432.0,4432.1,0.9831,17.1596,4437.53,4437.55,0.842,1.28,0.0000062500,0.0000000000,634.6,0.2
2026-09-05T15:44:08.247+00:00,B_sell_A_buy,12.2666,5.4666,4432.0,4432.1,0.9831,17.1596,4437.54,4437.55,1.267,1.28,0.0000062500,0.0000000000,703.2,0.2
2026-09-05T15:44:08.295+00:00,B_sell_A_buy,12.2666,5.4666,4432.0,4432.1,0.9831,17.1596,4437.54,4437.59,1.267,1.267,0.0000062500,0.0000000000,750.4,0.2
2026-09-05T15:44:08.298+00:00,B_sell_A_buy,12.2666,5.4666,4432.0,4432.1,0.9831,17.1596,4437.54,4437.59,28.204,1.267,0.0000062500,0.0000000000,753.4,0.1
2026-09-05T15:44:08.298+00:00,B_sell_A_buy,12.2666,5.4666,4432.0,4432.1,0.9831,17.1596,4437.54,4437.59,33.992,1.267,0.0000062500,0.0000000000,753.5,0.2
2026-09-05T15:44:08.444+00:00,B_sell_A_buy,12.2666,5.4666,4432.0,4432.1,0.9831,17.1596,4437.54,4437.59,28.204,1.267,0.0000062500,0.0000000000,899.6,0.2
2026-09-05T15:44:08.444+00:00,B_sell_A_buy,12.2666,5.4666,4432.0,4432.1,0.9831,17.1596,4437.54,4437.59,1.267,1.267,0.0000062500,0.0000000000,899.7,0.3
2026-09-05T15:44:08.446+00:00,B_sell_A_buy,12.2666,5.4666,4432.0,4432.1,0.9831,17.1596,4437.54,4437.58,1.267,1.28,0.0000062500,0.0000000000,901.4,0.1
2026-09-05T15:44:08.589+00:00,B_sell_A_buy,12.2666,5.4666,4432.0,4432.1,0.9831,17.1596,4437.54,4437.59,1.267,1.267,0.0000062500,0.0000000000,1044.3,0.3
2026-09-05T15:44:08.592+00:00,B_sell_A_buy,12.2666,5.4666,4432.0,4432.1,0.9831,17.1596,4437.54,4437.57,1.267,1.28,0.0000062500,0.0000000000,1047.0,0.1
2026-09-05T15:44:08.689+00:00,B_sell_A_buy,12.2666,5.4666,4432.0,4432.1,0.9831,17.1596,4437.54,4437.59,1.267,1.267,0.0000062500,0.0000000000,1144.4,0.3
2026-09-05T15:44:08.737+00:00,B_sell_A_buy,12.2666,5.4666,4432.0,4432.1,0.9831,17.1596,4437.54,4437.56,1.267,1.28,0.0000062500,0.0000000000,1192.6,0.2
2026-09-05T15:44:08.789+00:00,B_sell_A_buy,12.2666,5.4666,4432.0,4432.1,0.9831,17.1596,4437.54,4437.56,1.267,2.847,0.0000062500,0.0000000000,1244.6,0.2
2026-09-05T15:44:08.829+00:00,B_sell_A_buy,12.2666,5.4666,4432.0,4432.1,0.9831,17.1596,4437.54,4437.56,1.267,1.567,0.0000062500,0.0000000000,1284.8,0.2
2026-09-05T15:44:08.840+00:00,B_sell_A_buy,12.2666,5.4666,4432.0,4432.1,0.9831,17.1596,4437.54,4437.55,1.267,1.28,0.0000062500,0.0000000000,1294.7,0.1
2026-09-05T15:44:08.934+00:00,B_sell_A_buy,12.2666,5.4666,4432.0,4432.1,0.9831,17.1596,4437.54,4437.55,28.204,1.28,0.0000062500,0.0000000000,1389.7,0.3
2026-09-05T15:44:08.934+00:00,B_sell_A_buy,12.2666,5.4666,4432.0,4432.1,0.9831,17.1596,4437.54,4437.55,33.992,1.28,0.0000062500,0.0000000000,1389.9,0.4
2026-09-05T15:44:11.241+00:00,B_sell_A_buy,12.2666,5.4666,4432.0,4432.1,0.9831,26.8484,4437.54,4437.55,33.907,3.535,0.0000062500,0.0000000000,0.2,49.1
2026-09-05T15:44:11.330+00:00,B_sell_A_buy,12.2666,5.4666,4432.0,4432.1,0.9831,26.8484,4437.54,4437.59,33.907,1.267,0.0000062500,0.0000000000,89.6,0.2
2026-09-05T15:44:11.338+00:00,B_sell_A_buy,12.2666,5.4666,4432.0,4432.1,0.9831,26.8484,4437.54,4437.59,33.846,1.267,0.0000062500,0.0000000000,97.1,0.1
2026-09-05T15:44:11.390+00:00,B_sell_A_buy,12.2666,5.4666,4432.0,4432.1,0.9831,26.8484,4437.54,4437.59,33.781,1.267,0.0000062500,0.0000000000,148.8,0.2
2026-09-05T15:44:11.427+00:00,B_sell_A_buy,12.2666,5.4666,4432.0,4432.1,0.9831,26.8484,4437.54,4437.59,6.844,1.267,0.0000062500,0.0000000000,186.4,0.2
2026-09-05T15:44:11.427+00:00,B_sell_A_buy,12.2666,5.4666,4432.0,4432.1,0.9831,26.8484,4437.54,4437.59,1.056,1.267,0.0000062500,0.0000000000,186.5,0.3
2026-09-05T15:44:11.427+00:00,B_sell_A_buy,12.2441,5.4441,4432.0,4432.1,0.9831,26.8484,4437.53,4437.59,0.842,1.267,0.0000062500,0.0000000000,186.6,0.4
2026-09-05T15:44:11.545+00:00,B_sell_A_buy,12.2666,5.4666,4432.0,4432.1,0.9831,26.8484,4437.54,4437.59,1.267,1.267,0.0000062500,0.0000000000,303.9,0.3
2026-09-05T15:44:11.641+00:00,B_sell_A_buy,12.2441,5.4441,4432.0,4432.1,0.9831,26.8484,4437.53,4437.59,0.842,1.267,0.0000062500,0.0000000000,400.6,0.2
2026-09-05T15:44:11.844+00:00,B_sell_A_buy,12.2666,5.4666,4432.0,4432.1,0.9831,26.8484,4437.54,4437.59,1.267,1.267,0.0000062500,0.0000000000,603.4,0.2
2026-09-05T15:44:11.889+00:00,B_sell_A_buy,12.2666,5.4666,4432.0,4432.1,0.9831,26.8484,4437.54,4437.59,1.206,1.267,0.0000062500,0.0000000000,648.8,0.2
2026-09-05T15:44:11.934+00:00,B_sell_A_buy,12.2441,5.4441,4432.0,4432.1,0.9831,26.8484,4437.53,4437.59,0.842,1.267,0.0000062500,0.0000000000,693.6,0.3
2026-09-05T15:44:12.131+00:00,B_sell_A_buy,12.2666,5.4666,4432.0,4432.1,0.9831,26.8484,4437.54,4437.59,1.267,1.267,0.0000062500,0.0000000000,890.6,0.2
2026-09-05T15:44:12.243+00:00,B_sell_A_buy,12.2441,5.4441,4432.0,4432.1,0.9831,26.8484,4437.53,4437.59,0.842,1.267,0.0000062500,0.0000000000,1002.6,0.2
2026-09-05T15:44:12.348+00:00,B_sell_A_buy,12.2441,5.4441,4432.0,4432.1,0.9831,26.8484,4437.53,4437.59,0.822,1.267,0.0000062500,0.0000000000,1107.1,0.2
2026-09-05T15:44:12.397+00:00,B_sell_A_buy,12.2441,5.4441,4432.0,4432.1,0.9831,26.8484,4437.53,4437.59,0.767,1.267,0.0000062500,0.0000000000,1156.6,0.2
2026-09-05T15:44:12.441+00:00,B_sell_A_buy,12.2666,5.4666,4432.0,4432.1,0.9831,26.8484,4437.54,4437.59,1.267,1.267,0.0000062500,0.0000000000,1200.0,0.2
2026-09-05T15:44:12.538+00:00,B_sell_A_buy,12.2441,5.4441,4432.0,4432.1,0.9831,26.8484,4437.53,4437.59,0.767,1.267,0.0000062500,0.0000000000,1296.9,0.2
2026-09-05T15:44:12.783+00:00,B_sell_A_buy,12.2666,5.4666,4432.0,4432.1,0.9831,26.8484,4437.54,4437.59,1.267,1.267,0.0000062500,0.0000000000,1542.2,0.2
2026-09-05T15:44:12.836+00:00,B_sell_A_buy,12.2441,5.4441,4432.0,4432.1,0.9831,26.8484,4437.53,4437.59,0.467,1.267,0.0000062500,0.0000000000,1595.2,0.2
2026-09-05T15:44:12.995+00:00,B_sell_A_buy,12.2440,5.4440,4432.0,4432.1,0.9831,26.8484,4437.53,4437.61,0.467,1.69,0.0000062500,0.0000000000,1754.5,0.3
2026-09-05T15:44:12.995+00:00,B_sell_A_buy,12.2439,5.4439,4432.0,4432.1,0.9831,26.8484,4437.53,4437.83,0.467,0.07,0.0000062500,0.0000000000,1754.7,0.4
2026-09-05T15:44:13.144+00:00,B_sell_A_buy,12.2439,5.4439,4432.0,4432.1,0.9831,26.8484,4437.53,4437.82,0.467,1.267,0.0000062500,0.0000000000,1903.0,0.3
2026-09-05T15:44:13.193+00:00,B_sell_A_buy,12.2439,5.4439,4432.0,4432.1,0.9831,26.8484,4437.53,4437.82,0.467,2.957,0.0000062500,0.0000000000,1951.6,0.2
2026-09-05T15:44:13.238+00:00,B_sell_A_buy,12.2439,5.4439,4432.0,4432.1,0.9831,26.8484,4437.53,4437.82,0.467,1.69,0.0000062500,0.0000000000,1997.4,0.2
2026-09-05T15:44:45.643+00:00,B_sell_A_buy,12.3342,5.5342,4432.0,4432.1,0.9831,26.8457,4437.57,4437.58,29.924,0.773,0.0000062500,0.0000000000,0.3,251.4
2026-09-05T15:44:46.435+00:00,B_sell_A_buy,12.3342,5.5342,4432.0,4432.1,0.9831,26.8457,4437.57,4437.58,29.904,0.773,0.0000062500,0.0000000000,792.3,0.2
2026-09-05T15:44:46.488+00:00,B_sell_A_buy,12.3342,5.5342,4432.0,4432.1,0.9831,26.8457,4437.57,4437.58,29.904,0.718,0.0000062500,0.0000000000,844.9,0.2
2026-09-05T15:44:46.594+00:00,B_sell_A_buy,12.3342,5.5342,4432.0,4432.1,0.9831,26.8457,4437.57,4437.59,29.904,7.841,0.0000062500,0.0000000000,950.6,0.2
2026-09-05T15:44:46.685+00:00,B_sell_A_buy,12.3342,5.5342,4432.0,4432.1,0.9831,26.8457,4437.57,4437.59,8.454,7.841,0.0000062500,0.0000000000,1042.7,0.2
2026-09-05T15:44:46.686+00:00,B_sell_A_buy,12.3342,5.5342,4432.0,4432.1,0.9831,26.8457,4437.57,4437.59,1.267,7.841,0.0000062500,0.0000000000,1042.9,0.4
2026-09-05T15:44:46.691+00:00,B_sell_A_buy,12.3568,5.5568,4432.0,4432.1,0.9831,26.8457,4437.58,4437.59,21.458,7.841,0.0000062500,0.0000000000,1047.7,0.1
2026-09-05T15:44:46.691+00:00,B_sell_A_buy,12.3568,5.5568,4432.0,4432.1,0.9831,26.8457,4437.58,4437.59,28.645,7.841,0.0000062500,0.0000000000,1047.8,0.2
2026-09-05T15:44:47.344+00:00,B_sell_A_buy,12.3568,5.5568,4432.0,4432.1,0.9831,26.8457,4437.58,4437.59,28.645,7.821,0.0000062500,0.0000000000,1701.5,0.3
2026-09-05T15:45:05.120+00:00,B_sell_A_buy,12.6272,5.8272,4432.0,4432.1,2.8683,26.8457,4437.7,4437.71,23.019,4.083,0.0000062500,0.0000000000,0.3,575.4
2026-09-05T15:45:05.210+00:00,B_sell_A_buy,12.6272,5.8272,4432.0,4432.1,2.8683,26.8457,4437.7,4437.71,23.019,4.063,0.0000062500,0.0000000000,90.7,0.2
2026-09-05T15:45:05.488+00:00,B_sell_A_buy,12.6272,5.8272,4432.0,4432.1,2.8683,26.8457,4437.7,4437.71,23.019,4.0,0.0000062500,0.0000000000,368.4,0.3
2026-09-05T15:45:05.539+00:00,B_sell_A_buy,12.6272,5.8272,4432.0,4432.1,2.8683,26.8457,4437.7,4437.71,23.019,3.946,0.0000062500,0.0000000000,419.5,0.2
2026-09-05T15:45:05.539+00:00,B_sell_A_buy,12.6272,5.8272,4432.0,4432.1,2.8683,26.8457,4437.7,4437.71,22.956,3.946,0.0000062500,0.0000000000,419.6,0.3
2026-09-05T15:45:05.705+00:00,B_sell_A_buy,12.6272,5.8272,4432.0,4432.1,2.8683,26.8457,4437.7,4437.71,22.956,3.883,0.0000062500,0.0000000000,584.9,0.3
2026-09-05T15:45:05.747+00:00,B_sell_A_buy,12.6272,5.8272,4432.0,4432.1,2.8683,26.8457,4437.7,4437.71,22.956,3.828,0.0000062500,0.0000000000,627.2,0.3
2026-09-05T15:45:05.747+00:00,B_sell_A_buy,12.6272,5.8272,4432.0,4432.1,2.8683,26.8457,4437.7,4437.71,22.893,3.828,0.0000062500,0.0000000000,627.3,0.4
2026-09-05T15:45:05.795+00:00,B_sell_A_buy,12.6272,5.8272,4432.0,4432.1,2.8683,26.8457,4437.7,4437.71,22.839,3.828,0.0000062500,0.0000000000,675.1,0.2
2026-09-05T15:45:05.939+00:00,B_sell_A_buy,12.6272,5.8272,4432.0,4432.1,2.8683,26.8457,4437.7,4437.71,22.785,3.828,0.0000062500,0.0000000000,819.5,0.2
2026-09-05T15:45:05.986+00:00,B_sell_A_buy,12.6272,5.8272,4432.0,4432.1,2.8683,26.8457,4437.7,4437.71,22.785,3.774,0.0000062500,0.0000000000,867.0,0.2
2026-09-05T15:45:06.193+00:00,B_sell_A_buy,12.6272,5.8272,4432.0,4432.1,2.8683,26.8457,4437.7,4437.71,22.765,3.774,0.0000062500,0.0000000000,1073.5,0.2
2026-09-05T15:45:06.698+00:00,B_sell_A_buy,12.6272,5.8272,4432.0,4432.1,2.8683,26.8457,4437.7,4437.71,22.714,3.774,0.0000062500,0.0000000000,1578.2,0.3
2026-09-05T15:45:06.747+00:00,B_sell_A_buy,12.6272,5.8272,4432.0,4432.1,2.8683,26.8457,4437.7,4437.71,22.714,3.723,0.0000062500,0.0000000000,1627.1,0.3
2026-09-05T15:45:06.852+00:00,B_sell_A_buy,12.6272,5.8272,4432.0,4432.1,2.8683,26.8457,4437.7,4437.71,22.665,3.723,0.0000062500,0.0000000000,1732.7,0.2
2026-09-05T15:45:06.887+00:00,B_sell_A_buy,12.6272,5.8272,4432.0,4432.1,2.8683,26.8457,4437.7,4437.71,22.08,3.723,0.0000062500,0.0000000000,1766.8,0.3
2026-09-05T15:45:06.942+00:00,B_sell_A_buy,12.6272,5.8272,4432.0,4432.1,2.8683,26.8457,4437.7,4437.71,22.08,3.674,0.0000062500,0.0000000000,1822.3,0.2
2026-09-05T15:45:07.048+00:00,B_sell_A_buy,12.6272,5.8272,4432.0,4432.1,2.8683,26.8457,4437.7,4437.71,22.08,3.623,0.0000062500,0.0000000000,1928.5,0.3
2026-09-05T15:45:07.048+00:00,B_sell_A_buy,12.6272,5.8272,4432.0,4432.1,2.8683,26.8457,4437.7,4437.71,22.029,3.623,0.0000062500,0.0000000000,1928.6,0.4
2026-09-05T15:45:07.099+00:00,B_sell_A_buy,12.6272,5.8272,4432.0,4432.1,2.8683,26.8457,4437.7,4437.71,21.98,3.623,0.0000062500,0.0000000000,1979.3,0.3
2026-09-05T15:45:08.039+00:00,B_sell_A_buy,12.6272,5.8272,4432.0,4432.1,2.8683,26.7887,4437.7,4437.71,21.837,3.411,0.0000062500,0.0000000000,0.3,42.0
2026-09-05T15:45:08.145+00:00,B_sell_A_buy,12.6272,5.8272,4432.0,4432.1,2.8683,26.7887,4437.7,4437.71,21.837,8.489,0.0000062500,0.0000000000,105.8,0.3
2026-09-05T15:45:08.148+00:00,B_sell_A_buy,12.6272,5.8272,4432.0,4432.1,2.8683,26.7887,4437.7,4437.71,21.784,8.489,0.0000062500,0.0000000000,109.3,0.2
2026-09-05T15:45:08.148+00:00,B_sell_A_buy,12.6272,5.8272,4432.0,4432.1,2.8683,26.7887,4437.7,4437.71,21.784,8.436,0.0000062500,0.0000000000,109.5,0.3
2026-09-05T15:45:08.236+00:00,B_sell_A_buy,12.6272,5.8272,4432.0,4432.1,2.8683,26.7887,4437.7,4437.71,21.764,8.436,0.0000062500,0.0000000000,197.9,0.2
2026-09-05T15:45:08.545+00:00,B_sell_A_buy,12.6272,5.8272,4432.0,4432.1,2.8683,26.7887,4437.7,4437.71,21.764,8.375,0.0000062500,0.0000000000,507.1,0.2
2026-09-05T15:45:08.545+00:00,B_sell_A_buy,12.6272,5.8272,4432.0,4432.1,2.8683,26.7887,4437.7,4437.71,21.703,8.375,0.0000062500,0.0000000000,507.3,0.3
2026-09-05T15:45:08.699+00:00,B_sell_A_buy,12.6272,5.8272,4432.0,4432.1,2.8683,26.7887,4437.7,4437.71,21.642,8.375,0.0000062500,0.0000000000,661.1,0.2
2026-09-05T15:45:08.701+00:00,B_sell_A_buy,12.6272,5.8272,4432.0,4432.1,2.8683,26.7887,4437.7,4437.71,21.642,8.314,0.0000062500,0.0000000000,662.8,0.1
2026-09-05T15:45:08.741+00:00,B_sell_A_buy,12.6272,5.8272,4432.0,4432.1,2.8683,26.7887,4437.7,4437.71,21.642,5.078,0.0000062500,0.0000000000,702.9,0.2
2026-09-05T15:45:08.845+00:00,B_sell_A_buy,12.6272,5.8272,4432.0,4432.1,2.8683,26.7887,4437.7,4437.71,21.642,1.566,0.0000062500,0.0000000000,806.7,0.2
2026-09-05T15:45:08.845+00:00,B_sell_A_buy,12.6272,5.8272,4432.0,4432.1,2.8683,26.7887,4437.7,4437.71,21.642,5.078,0.0000062500,0.0000000000,806.8,0.3
2026-09-05T15:45:09.196+00:00,B_sell_A_buy,12.6272,5.8272,4432.0,4432.1,2.8683,26.7887,4437.7,4437.71,21.642,5.033,0.0000062500,0.0000000000,1158.2,0.3
2026-09-05T15:45:09.202+00:00,B_sell_A_buy,12.6272,5.8272,4432.0,4432.1,2.8683,26.7887,4437.7,4437.71,21.597,5.033,0.0000062500,0.0000000000,1163.4,0.1
2026-09-05T15:45:09.251+00:00,B_sell_A_buy,12.6272,5.8272,4432.0,4432.1,2.8683,26.7887,4437.7,4437.71,21.597,5.013,0.0000062500,0.0000000000,1212.5,0.3
2026-09-05T15:45:09.348+00:00,B_sell_A_buy,12.6272,5.8272,4432.0,4432.1,2.8683,26.7887,4437.7,4437.71,21.542,5.013,0.0000062500,0.0000000000,1309.7,0.2
2026-09-05T15:45:09.393+00:00,B_sell_A_buy,12.6272,5.8272,4432.0,4432.1,2.8683,26.7887,4437.7,4437.71,21.497,5.013,0.0000062500,0.0000000000,1354.8,0.2
2026-09-05T15:45:09.393+00:00,B_sell_A_buy,12.6272,5.8272,4432.0,4432.1,2.8683,26.7887,4437.7,4437.71,21.497,4.968,0.0000062500,0.0000000000,1354.9,0.3
2026-09-05T15:45:09.488+00:00,B_sell_A_buy,12.6272,5.8272,4432.0,4432.1,2.8683,26.7887,4437.7,4437.71,21.447,4.968,0.0000062500,0.0000000000,1449.4,0.3
2026-09-05T15:45:09.488+00:00,B_sell_A_buy,12.6272,5.8272,4432.0,4432.1,2.8683,26.7887,4437.7,4437.71,21.447,4.918,0.0000062500,0.0000000000,1449.6,0.4
2026-09-05T15:45:09.658+00:00,B_sell_A_buy,12.6272,5.8272,4432.0,4432.1,2.8683,26.7887,4437.7,4437.71,21.397,4.918,0.0000062500,0.0000000000,1620.0,0.2
2026-09-05T15:45:09.700+00:00,B_sell_A_buy,12.6272,5.8272,4432.0,4432.1,2.8683,26.7887,4437.7,4437.71,21.397,4.868,0.0000062500,0.0000000000,1661.6,0.2
2026-09-05T15:45:09.982+00:00,B_sell_A_buy,12.6272,5.8272,4432.0,4432.1,2.8683,26.7887,4437.7,4437.71,21.397,1.356,0.0000062500,0.0000000000,1943.6,0.3
2026-09-05T15:45:17.680+00:00,B_sell_A_buy,12.6046,5.8046,4432.0,4432.1,2.8683,26.786,4437.69,4437.7,27.512,8.534,0.0000062500,0.0000000000,0.3,95.0
2026-09-05T15:45:17.751+00:00,B_sell_A_buy,12.6046,5.8046,4432.0,4432.1,2.8683,26.786,4437.69,4437.7,27.512,8.487,0.0000062500,0.0000000000,70.8,0.2
2026-09-05T15:45:17.751+00:00,B_sell_A_buy,12.6046,5.8046,4432.0,4432.1,2.8683,26.786,4437.69,4437.7,27.465,8.487,0.0000062500,0.0000000000,70.9,0.3
2026-09-05T15:45:17.939+00:00,B_sell_A_buy,12.6046,5.8046,4432.0,4432.1,2.8683,26.786,4437.69,4437.7,27.418,8.487,0.0000062500,0.0000000000,259.2,0.3
2026-09-05T15:45:17.939+00:00,B_sell_A_buy,12.6046,5.8046,4432.0,4432.1,2.8683,26.786,4437.69,4437.7,27.418,8.44,0.0000062500,0.0000000000,259.4,0.5
2026-09-05T15:45:18.034+00:00,B_sell_A_buy,12.6046,5.8046,4432.0,4432.1,2.8683,26.786,4437.69,4437.7,27.418,7.855,0.0000062500,0.0000000000,354.0,0.2
2026-09-05T15:45:18.493+00:00,B_sell_A_buy,12.6046,5.8046,4432.0,4432.1,2.8683,26.786,4437.69,4437.7,27.352,7.855,0.0000062500,0.0000000000,813.2,0.2
2026-09-05T15:45:18.497+00:00,B_sell_A_buy,12.6046,5.8046,4432.0,4432.1,2.8683,26.786,4437.69,4437.7,27.352,7.789,0.0000062500,0.0000000000,817.7,0.1
2026-09-05T15:45:18.540+00:00,B_sell_A_buy,12.6046,5.8046,4432.0,4432.1,2.8683,26.786,4437.69,4437.7,27.352,7.769,0.0000062500,0.0000000000,860.7,0.1
2026-09-05T15:45:18.644+00:00,B_sell_A_buy,12.6046,5.8046,4432.0,4432.1,2.8683,26.786,4437.69,4437.7,27.352,4.275,0.0000062500,0.0000000000,963.8,0.2
2026-09-05T15:45:18.697+00:00,B_sell_A_buy,12.6046,5.8046,4432.0,4432.1,2.8683,26.786,4437.69,4437.7,27.352,4.208,0.0000062500,0.0000000000,1017.1,0.2
2026-09-05T15:45:18.749+00:00,B_sell_A_buy,12.6046,5.8046,4432.0,4432.1,2.8683,26.786,4437.69,4437.7,27.285,4.208,0.0000062500,0.0000000000,1069.1,0.2
2026-09-05T15:45:18.749+00:00,B_sell_A_buy,12.6046,5.8046,4432.0,4432.1,2.8683,26.786,4437.69,4437.7,27.219,4.208,0.0000062500,0.0000000000,1069.2,0.3
2026-09-05T15:45:18.752+00:00,B_sell_A_buy,12.6046,5.8046,4432.0,4432.1,2.8683,26.786,4437.69,4437.7,27.219,4.142,0.0000062500,0.0000000000,1071.9,0.1
2026-09-05T15:45:18.898+00:00,B_sell_A_buy,12.6046,5.8046,4432.0,4432.1,2.8683,26.786,4437.69,4437.7,27.219,4.075,0.0000062500,0.0000000000,1218.0,0.2
2026-09-05T15:45:18.898+00:00,B_sell_A_buy,12.6046,5.8046,4432.0,4432.1,2.8683,26.786,4437.69,4437.7,27.219,4.02,0.0000062500,0.0000000000,1218.1,0.3
2026-09-05T15:45:18.987+00:00,B_sell_A_buy,12.6046,5.8046,4432.0,4432.1,2.8683,26.786,4437.69,4437.7,27.152,4.02,0.0000062500,0.0000000000,1307.4,0.2
2026-09-05T15:45:19.586+00:00,B_sell_A_buy,12.6046,5.8046,4432.0,4432.1,2.8683,26.786,4437.69,4437.7,27.152,3.974,0.0000062500,0.0000000000,1906.1,0.3
2026-09-05T15:45:19.586+00:00,B_sell_A_buy,12.6046,5.8046,4432.0,4432.1,2.8683,26.786,4437.69,4437.7,27.106,3.974,0.0000062500,0.0000000000,1906.3,0.4
2026-09-05T15:45:33.911+00:00,B_sell_A_buy,12.6497,5.8497,4432.0,4432.1,2.8683,26.8216,4437.71,4437.72,12.924,12.363,0.0000062500,0.0000000000,0.2,5.1
2026-09-05T15:45:33.997+00:00,B_sell_A_buy,12.6497,5.8497,4432.0,4432.1,2.8683,26.8216,4437.71,4437.72,12.867,12.363,0.0000062500,0.0000000000,86.6,0.2
2026-09-05T15:45:34.101+00:00,B_sell_A_buy,12.6497,5.8497,4432.0,4432.1,2.8683,26.8216,4437.71,4437.72,12.847,12.363,0.0000062500,0.0000000000,189.7,0.2
2026-09-05T15:45:34.280+00:00,B_sell_A_buy,12.6497,5.8497,4432.0,4432.1,2.8683,26.8216,4437.71,4437.72,12.847,10.832,0.0000062500,0.0000000000,369.1,0.3
2026-09-05T15:45:34.286+00:00,B_sell_A_buy,12.3567,5.5567,4432.0,4432.1,2.8683,26.8216,4437.58,4437.72,1.267,10.832,0.0000062500,0.0000000000,375.0,0.1
2026-09-05T15:45:34.286+00:00,B_sell_A_buy,12.3567,5.5567,4432.0,4432.1,2.8683,26.8216,4437.58,4437.72,1.267,14.352,0.0000062500,0.0000000000,375.1,0.2
2026-09-05T15:45:34.352+00:00,B_sell_A_buy,12.3567,5.5567,4432.0,4432.1,2.8683,26.8216,4437.58,4437.72,1.267,10.832,0.0000062500,0.0000000000,441.0,0.3
2026-09-05T15:45:34.402+00:00,B_sell_A_buy,12.6497,5.8497,4432.0,4432.1,2.8683,26.8216,4437.71,4437.72,1.903,10.832,0.0000062500,0.0000000000,491.6,0.2
2026-09-05T15:45:34.402+00:00,B_sell_A_buy,12.6497,5.8497,4432.0,4432.1,2.8683,26.8216,4437.71,4437.72,4.635,10.832,0.0000062500,0.0000000000,491.8,0.3
2026-09-05T15:45:34.693+00:00,B_sell_A_buy,12.6497,5.8497,4432.0,4432.1,2.8683,26.8216,4437.71,4437.72,4.635,10.77,0.0000062500,0.0000000000,781.4,0.2
2026-09-05T15:45:34.693+00:00,B_sell_A_buy,12.6497,5.8497,4432.0,4432.1,2.8683,26.8216,4437.71,4437.72,4.573,10.77,0.0000062500,0.0000000000,781.5,0.3
2026-09-05T15:45:34.908+00:00,B_sell_A_buy,12.6497,5.8497,4432.0,4432.1,2.8683,26.8216,4437.71,4437.72,4.511,10.77,0.0000062500,0.0000000000,997.3,0.3
2026-09-05T15:45:34.908+00:00,B_sell_A_buy,12.6497,5.8497,4432.0,4432.1,2.8683,26.8216,4437.71,4437.72,4.464,10.77,0.0000062500,0.0000000000,997.6,0.5
2026-09-05T15:45:34.908+00:00,B_sell_A_buy,12.6497,5.8497,4432.0,4432.1,2.8683,26.8216,4437.71,4437.72,4.464,10.708,0.0000062500,0.0000000000,997.6,0.6
2026-09-05T15:45:34.908+00:00,B_sell_A_buy,12.6497,5.8497,4432.0,4432.1,2.8683,26.8216,4437.71,4437.72,4.464,10.661,0.0000062500,0.0000000000,997.7,0.6
2026-09-05T15:45:35.099+00:00,B_sell_A_buy,12.6497,5.8497,4432.0,4432.1,2.8683,26.8216,4437.71,4437.72,4.464,10.614,0.0000062500,0.0000000000,1188.3,0.3
2026-09-05T15:45:35.140+00:00,B_sell_A_buy,12.6497,5.8497,4432.0,4432.1,2.8683,26.8216,4437.71,4437.72,4.464,10.594,0.0000062500,0.0000000000,1229.0,0.2
2026-09-05T15:45:35.205+00:00,B_sell_A_buy,12.6497,5.8497,4432.0,4432.1,2.8683,26.8216,4437.71,4437.72,4.417,10.594,0.0000062500,0.0000000000,1294.0,0.2
2026-09-05T15:45:35.337+00:00,B_sell_A_buy,12.3567,5.5567,4432.0,4432.1,2.8683,26.8216,4437.58,4437.72,1.267,10.594,0.0000062500,0.0000000000,1426.8,0.3
2026-09-05T15:45:35.499+00:00,B_sell_A_buy,12.6497,5.8497,4432.0,4432.1,2.8683,26.8216,4437.71,4437.72,3.758,10.594,0.0000062500,0.0000000000,1588.6,0.2
2026-09-05T15:45:35.499+00:00,B_sell_A_buy,12.6497,5.8497,4432.0,4432.1,2.8683,26.8216,4437.71,4437.72,4.975,10.594,0.0000062500,0.0000000000,1588.7,0.3
2026-09-05T15:45:35.536+00:00,B_sell_A_buy,12.6497,5.8497,4432.0,4432.1,2.8683,26.8216,4437.71,4437.72,4.975,7.074,0.0000062500,0.0000000000,1625.1,0.2
2026-09-05T15:45:35.895+00:00,B_sell_A_buy,12.6497,5.8497,4432.0,4432.1,2.8683,26.8216,4437.71,4437.72,4.918,7.074,0.0000062500,0.0000000000,1983.9,0.2
2026-09-05T15:45:35.895+00:00,B_sell_A_buy,12.6497,5.8497,4432.0,4432.1,2.8683,26.8216,4437.71,4437.72,4.918,7.021,0.0000062500,0.0000000000,1984.0,0.3
2026-09-05T15:45:48.694+00:00,B_sell_A_buy,12.4694,5.6694,4432.0,4432.1,2.8683,26.5604,4437.63,4437.68,0.574,0.72,0.0000062500,0.0000000000,0.2,51.9
2026-09-05T15:45:49.355+00:00,B_sell_A_buy,12.5145,5.7145,4432.0,4432.1,2.8683,26.5604,4437.65,4437.68,3.413,0.72,0.0000062500,0.0000000000,661.7,0.2
2026-09-05T15:45:49.451+00:00,B_sell_A_buy,12.4694,5.6694,4432.0,4432.1,2.8683,26.5604,4437.63,4437.68,0.574,0.72,0.0000062500,0.0000000000,757.1,0.2
2026-09-05T15:45:49.794+00:00,B_sell_A_buy,12.4694,5.6694,4432.0,4432.1,2.8683,26.5604,4437.63,4437.68,0.554,0.72,0.0000062500,0.0000000000,1100.4,0.3
2026-09-05T15:45:53.535+00:00,B_sell_A_buy,11.1394,4.3394,4432.0,4432.1,0.9831,26.5604,4437.04,4437.68,0.07,0.625,0.0000062500,0.0000000000,0.3,50.4
2026-09-05T15:45:53.547+00:00,B_sell_A_buy,12.0411,5.2411,4432.0,4432.1,0.9831,26.5604,4437.44,4437.68,0.02,0.625,0.0000062500,0.0000000000,13.1,0.2
2026-09-05T15:45:53.573+00:00,B_sell_A_buy,12.0411,5.2411,4432.0,4432.1,1.095,26.5604,4437.44,4437.68,0.02,0.625,0.0000062500,0.0000000000,0.3,25.5
2026-09-05T15:45:53.573+00:00,B_sell_A_buy,12.0411,5.2411,4432.0,4432.1,1.095,26.4235,4437.44,4437.68,0.02,0.625,0.0000062500,0.0000000000,0.4,25.7
2026-09-05T15:45:53.632+00:00,B_sell_A_buy,11.1845,4.3845,4432.0,4432.1,1.095,26.4235,4437.06,4437.68,1.267,0.625,0.0000062500,0.0000000000,59.5,0.2
2026-09-05T15:45:53.701+00:00,B_sell_A_buy,11.1620,4.3620,4432.0,4432.1,1.095,26.4235,4437.05,4437.68,1.69,0.625,0.0000062500,0.0000000000,128.2,0.2
2026-09-05T15:45:53.701+00:00,B_sell_A_buy,11.1394,4.3394,4432.0,4432.1,1.095,26.4235,4437.04,4437.68,0.07,0.625,0.0000062500,0.0000000000,128.3,0.2
2026-09-05T15:45:53.796+00:00,B_sell_A_buy,11.2070,4.4070,4432.0,4432.1,1.095,26.4235,4437.07,4437.68,1.69,0.625,0.0000062500,0.0000000000,223.6,0.2
2026-09-05T15:45:53.796+00:00,B_sell_A_buy,12.1764,5.3764,4432.0,4432.1,1.095,26.4235,4437.5,4437.68,0.02,0.625,0.0000062500,0.0000000000,223.7,0.2
2026-09-05T15:45:53.847+00:00,B_sell_A_buy,11.8608,5.0608,4432.0,4432.1,1.095,26.4235,4437.36,4437.68,0.02,0.625,0.0000062500,0.0000000000,275.1,0.1
2026-09-05T15:45:53.895+00:00,B_sell_A_buy,11.8608,5.0608,4432.0,4432.1,1.095,26.4235,4437.36,4437.68,0.02,0.609,0.0000062500,0.0000000000,322.3,0.2
2026-09-05T15:45:53.991+00:00,B_sell_A_buy,11.8833,5.0833,4432.0,4432.1,1.095,26.4235,4437.37,4437.68,1.69,0.609,0.0000062500,0.0000000000,418.4,0.3
2026-09-05T15:45:54.007+00:00,B_sell_A_buy,11.8833,5.0833,4432.0,4432.1,1.095,22.3612,4437.37,4437.68,1.69,0.609,0.0000062500,0.0000000000,0.3,16.1
2026-09-05T15:45:54.037+00:00,B_sell_A_buy,11.8833,5.0833,4432.0,4432.1,1.095,22.3612,4437.37,4437.68,2.957,0.609,0.0000062500,0.0000000000,30.4,0.2
2026-09-05T15:45:54.096+00:00,B_sell_A_buy,11.8833,5.0833,4432.0,4432.1,2.9517,22.3612,4437.37,4437.68,2.957,0.609,0.0000062500,0.0000000000,0.3,58.7
2026-09-05T15:45:54.131+00:00,B_sell_A_buy,11.8833,5.0833,4432.0,4432.1,2.9517,22.3612,4437.37,4437.68,1.69,0.609,0.0000062500,0.0000000000,36.6,0.2
2026-09-05T15:45:54.256+00:00,B_sell_A_buy,11.9059,5.1059,4432.0,4432.1,2.9517,22.3612,4437.38,4437.68,1.267,0.609,0.0000062500,0.0000000000,161.1,0.3
2026-09-05T15:45:54.345+00:00,B_sell_A_buy,11.8833,5.0833,4432.0,4432.1,2.9517,22.3612,4437.37,4437.68,1.69,0.609,0.0000062500,0.0000000000,250.7,0.3
2026-09-05T15:45:54.442+00:00,B_sell_A_buy,11.9059,5.1059,4432.0,4432.1,2.9517,22.3612,4437.38,4437.68,1.267,0.609,0.0000062500,0.0000000000,347.6,0.2
2026-09-05T15:45:54.539+00:00,B_sell_A_buy,11.8833,5.0833,4432.0,4432.1,2.9517,22.3612,4437.37,4437.68,1.69,0.609,0.0000062500,0.0000000000,444.0,0.2
2026-09-05T15:45:54.583+00:00,B_sell_A_buy,11.8833,5.0833,4432.0,4432.1,2.9517,22.3612,4437.37,4437.7,1.69,1.69,0.0000062500,0.0000000000,488.4,0.2
2026-09-05T15:45:54.583+00:00,B_sell_A_buy,11.8832,5.0832,4432.0,4432.1,2.9517,22.3612,4437.37,4437.83,1.69,0.07,0.0000062500,0.0000000000,488.6,0.3
2026-09-05T15:45:54.635+00:00,B_sell_A_buy,11.9058,5.1058,4432.0,4432.1,2.9517,22.3612,4437.38,4437.83,1.267,0.07,0.0000062500,0.0000000000,540.5,0.3
2026-09-05T15:45:54.746+00:00,B_sell_A_buy,11.8832,5.0832,4432.0,4432.1,2.9517,22.3612,4437.37,4437.83,1.69,0.07,0.0000062500,0.0000000000,651.6,0.2
2026-09-05T15:45:54.846+00:00,B_sell_A_buy,11.9283,5.1283,4432.0,4432.1,2.9517,22.3612,4437.39,4437.83,1.267,0.07,0.0000062500,0.0000000000,751.1,0.2
2026-09-05T15:45:54.943+00:00,B_sell_A_buy,11.8832,5.0832,4432.0,4432.1,2.9517,22.3612,4437.37,4437.83,1.69,0.07,0.0000062500,0.0000000000,848.1,0.2
2026-09-05T15:45:54.943+00:00,B_sell_A_buy,11.8607,5.0607,4432.0,4432.1,2.9517,22.3612,4437.36,4437.83,0.02,0.07,0.0000062500,0.0000000000,848.2,0.3
2026-09-05T15:45:54.946+00:00,B_sell_A_buy,11.8607,5.0607,4432.0,4432.1,2.9517,22.3612,4437.36,4437.83,0.02,0.057,0.0000062500,0.0000000000,851.3,0.1
2026-09-05T15:45:54.986+00:00,B_sell_A_buy,11.1393,4.3393,4432.0,4432.1,2.9517,22.3612,4437.04,4437.83,0.07,0.057,0.0000062500,0.0000000000,890.2,0.1
2026-09-05T15:45:55.046+00:00,B_sell_A_buy,11.9508,5.1508,4432.0,4432.1,2.9517,22.3612,4437.4,4437.83,1.69,0.057,0.0000062500,0.0000000000,951.0,0.2
2026-09-05T15:45:55.093+00:00,B_sell_A_buy,11.1393,4.3393,4432.0,4432.1,2.9517,22.3612,4437.04,4437.83,0.07,0.057,0.0000062500,0.0000000000,997.9,0.2
2026-09-05T15:45:55.093+00:00,B_sell_A_buy,11.1395,4.3395,4432.0,4432.1,2.9517,22.3612,4437.04,4437.53,0.07,1.377,0.0000062500,0.0000000000,998.1,0.3
2026-09-05T15:45:55.093+00:00,B_sell_A_buy,11.1393,4.3393,4432.0,4432.1,2.9517,22.3612,4437.04,4437.83,0.07,0.057,0.0000062500,0.0000000000,998.1,0.4
2026-09-05T15:45:55.240+00:00,B_sell_A_buy,11.1619,4.3619,4432.0,4432.1,2.9517,22.3612,4437.05,4437.83,1.69,0.057,0.0000062500,0.0000000000,1145.6,0.2
2026-09-05T15:45:55.240+00:00,B_sell_A_buy,11.1619,4.3619,4432.0,4432.1,2.9517,22.3612,4437.05,4437.82,1.69,1.267,0.0000062500,0.0000000000,1145.8,0.4
2026-09-05T15:45:55.287+00:00,B_sell_A_buy,11.1619,4.3619,4432.0,4432.1,2.9517,22.3612,4437.05,4437.82,2.957,1.267,0.0000062500,0.0000000000,1191.5,0.2
2026-09-05T15:45:55.400+00:00,B_sell_A_buy,11.1619,4.3619,4432.0,4432.1,2.9517,22.3612,4437.05,4437.82,1.69,1.267,0.0000062500,0.0000000000,1304.8,0.2
2026-09-05T15:45:55.497+00:00,B_sell_A_buy,11.1844,4.3844,4432.0,4432.1,2.9517,22.3612,4437.06,4437.82,1.267,1.267,0.0000062500,0.0000000000,1401.4,0.3
2026-09-05T15:45:55.594+00:00,B_sell_A_buy,11.1619,4.3619,4432.0,4432.1,2.9517,22.3612,4437.05,4437.82,1.69,1.267,0.0000062500,0.0000000000,1498.5,0.2
2026-09-05T15:45:55.692+00:00,B_sell_A_buy,11.1844,4.3844,4432.0,4432.1,2.9517,22.3612,4437.06,4437.82,1.267,1.267,0.0000062500,0.0000000000,1596.7,0.2
2026-09-05T15:45:55.783+00:00,B_sell_A_buy,11.1619,4.3619,4432.0,4432.1,2.9517,22.3612,4437.05,4437.82,1.69,1.267,0.0000062500,0.0000000000,1688.0,0.3
2026-09-05T15:45:55.882+00:00,B_sell_A_buy,11.2070,4.4070,4432.0,4432.1,2.9517,22.3612,4437.07,4437.82,1.267,1.267,0.0000062500,0.0000000000,1787.5,0.3
2026-09-05T15:45:55.994+00:00,B_sell_A_buy,11.1619,4.3619,4432.0,4432.1,2.9517,22.3612,4437.05,4437.82,1.69,1.267,0.0000062500,0.0000000000,1898.8,0.2
2026-09-05T15:45:55.994+00:00,B_sell_A_buy,11.1393,4.3393,4432.0,4432.1,2.9517,22.3612,4437.04,4437.82,0.07,1.267,0.0000062500,0.0000000000,1899.0,0.4
2026-09-05T15:45:56.047+00:00,B_sell_A_buy,11.1393,4.3393,4432.0,4432.1,2.9517,22.3612,4437.04,4437.82,0.07,1.256,0.0000062500,0.0000000000,1953.1,0.2
2026-09-05T15:45:56.094+00:00,B_sell_A_buy,11.2295,4.4295,4432.0,4432.1,2.9517,22.3612,4437.08,4437.82,1.267,1.256,0.0000062500,0.0000000000,1998.6,0.2
2026-09-05T15:46:03.977+00:00,B_sell_A_buy,11.1396,4.3396,4432.0,4432.1,2.9517,22.489,4437.04,4437.42,0.07,0.017,0.0000062500,0.0000000000,0.2,25.5
2026-09-05T15:46:03.993+00:00,B_sell_A_buy,11.3876,4.5876,4432.0,4432.1,2.9517,22.489,4437.15,4437.42,1.69,0.017,0.0000062500,0.0000000000,16.3,0.1
2026-09-05T15:46:04.088+00:00,B_sell_A_buy,11.3874,4.5874,4432.0,4432.1,2.9517,22.489,4437.15,4437.72,1.69,34.129,0.0000062500,0.0000000000,111.7,0.2
2026-09-05T15:46:04.190+00:00,B_sell_A_buy,11.4099,4.6099,4432.0,4432.1,2.9517,22.489,4437.16,4437.72,1.267,34.129,0.0000062500,0.0000000000,213.5,0.2
2026-09-05T15:46:04.193+00:00,B_sell_A_buy,11.4101,4.6101,4432.0,4432.1,2.9517,22.489,4437.16,4437.42,1.267,0.017,0.0000062500,0.0000000000,216.5,0.1
2026-09-05T15:46:04.234+00:00,B_sell_A_buy,11.4101,4.6101,4432.0,4432.1,2.9517,22.489,4437.16,4437.42,1.267,0.013,0.0000062500,0.0000000000,257.6,0.2
2026-09-05T15:46:04.285+00:00,B_sell_A_buy,11.3876,4.5876,4432.0,4432.1,2.9517,22.489,4437.15,4437.42,1.69,0.013,0.0000062500,0.0000000000,307.9,0.2
2026-09-05T15:46:04.285+00:00,B_sell_A_buy,11.3874,4.5874,4432.0,4432.1,2.9517,22.489,4437.15,4437.72,1.69,34.129,0.0000062500,0.0000000000,308.0,0.3
2026-09-05T15:46:04.385+00:00,B_sell_A_buy,11.4324,4.6324,4432.0,4432.1,2.9517,22.489,4437.17,4437.72,1.267,34.129,0.0000062500,0.0000000000,408.8,0.2
2026-09-05T15:46:04.385+00:00,B_sell_A_buy,11.4326,4.6326,4432.0,4432.1,2.9517,22.489,4437.17,4437.41,1.267,0.013,0.0000062500,0.0000000000,408.9,0.3
2026-09-05T15:46:04.493+00:00,B_sell_A_buy,11.4324,4.6324,4432.0,4432.1,2.9517,22.489,4437.17,4437.72,1.267,34.129,0.0000062500,0.0000000000,515.6,0.2
2026-09-05T15:46:04.493+00:00,B_sell_A_buy,11.3874,4.5874,4432.0,4432.1,2.9517,22.489,4437.15,4437.72,1.69,34.129,0.0000062500,0.0000000000,515.7,0.2
2026-09-05T15:46:04.493+00:00,B_sell_A_buy,11.1394,4.3394,4432.0,4432.1,2.9517,22.489,4437.04,4437.72,0.07,34.129,0.0000062500,0.0000000000,515.7,0.3
2026-09-05T15:46:04.592+00:00,B_sell_A_buy,11.1619,4.3619,4432.0,4432.1,2.9517,22.489,4437.05,4437.72,1.267,34.129,0.0000062500,0.0000000000,614.8,0.3
2026-09-05T15:46:04.638+00:00,B_sell_A_buy,11.1619,4.3619,4432.0,4432.1,2.9517,22.489,4437.05,4437.72,2.957,34.129,0.0000062500,0.0000000000,660.5,0.2
2026-09-05T15:46:04.642+00:00,B_sell_A_buy,11.1621,4.3621,4432.0,4432.1,2.9517,22.489,4437.05,4437.41,2.957,0.013,0.0000062500,0.0000000000,664.5,0.1
2026-09-05T15:46:04.690+00:00,B_sell_A_buy,11.1621,4.3621,4432.0,4432.1,2.9517,22.489,4437.05,4437.41,1.69,0.013,0.0000062500,0.0000000000,713.8,0.2
2026-09-05T15:46:04.783+00:00,B_sell_A_buy,11.1619,4.3619,4432.0,4432.1,2.9517,22.489,4437.05,4437.71,1.69,34.129,0.0000062500,0.0000000000,805.9,0.3
2026-09-05T15:46:04.784+00:00,B_sell_A_buy,11.1845,4.3845,4432.0,4432.1,2.9517,22.489,4437.06,4437.71,1.267,34.129,0.0000062500,0.0000000000,807.7,0.1
2026-09-05T15:46:04.893+00:00,B_sell_A_buy,11.1619,4.3619,4432.0,4432.1,2.9517,22.489,4437.05,4437.71,1.69,34.129,0.0000062500,0.0000000000,916.3,0.2
2026-09-05T15:46:04.994+00:00,B_sell_A_buy,11.2070,4.4070,4432.0,4432.1,2.9517,22.489,4437.07,4437.71,1.267,34.129,0.0000062500,0.0000000000,1017.5,0.2
2026-09-05T15:46:04.996+00:00,B_sell_A_buy,11.2072,4.4072,4432.0,4432.1,2.9517,22.489,4437.07,4437.44,1.267,3.587,0.0000062500,0.0000000000,1019.4,0.1
2026-09-05T15:46:04.996+00:00,B_sell_A_buy,11.2070,4.4070,4432.0,4432.1,2.9517,22.489,4437.07,4437.71,1.267,34.129,0.0000062500,0.0000000000,1019.5,0.2
2026-09-05T15:46:05.083+00:00,B_sell_A_buy,11.2070,4.4070,4432.0,4432.1,2.9517,22.489,4437.07,4437.71,1.267,7.185,0.0000062500,0.0000000000,1106.4,0.3
2026-09-05T15:46:05.083+00:00,B_sell_A_buy,11.2069,4.4069,4432.0,4432.1,2.9517,22.489,4437.07,4437.83,1.267,0.057,0.0000062500,0.0000000000,1106.6,0.3
2026-09-05T15:46:05.089+00:00,B_sell_A_buy,11.1619,4.3619,4432.0,4432.1,2.9517,22.489,4437.05,4437.83,1.69,0.057,0.0000062500,0.0000000000,1112.6,0.1
2026-09-05T15:46:05.089+00:00,B_sell_A_buy,11.1393,4.3393,4432.0,4432.1,2.9517,22.489,4437.04,4437.83,0.07,0.057,0.0000062500,0.0000000000,1112.7,0.2
2026-09-05T15:46:05.093+00:00,B_sell_A_buy,11.1394,4.3394,4432.0,4432.1,2.9517,22.489,4437.04,4437.7,0.07,26.944,0.0000062500,0.0000000000,1116.0,0.1
2026-09-05T15:46:05.093+00:00,B_sell_A_buy,11.1394,4.3394,4432.0,4432.1,2.9517,22.489,4437.04,4437.7,0.07,34.129,0.0000062500,0.0000000000,1116.1,0.1
2026-09-05T15:46:05.188+00:00,B_sell_A_buy,11.1619,4.3619,4432.0,4432.1,2.9517,22.489,4437.05,4437.7,1.69,34.129,0.0000062500,0.0000000000,1211.4,0.2
2026-09-05T15:46:05.191+00:00,B_sell_A_buy,11.1621,4.3621,4432.0,4432.1,2.9517,22.489,4437.05,4437.4,1.69,0.013,0.0000062500,0.0000000000,1214.0,0.1
2026-09-05T15:46:05.236+00:00,B_sell_A_buy,11.1621,4.3621,4432.0,4432.1,2.9517,22.489,4437.05,4437.4,2.957,0.013,0.0000062500,0.0000000000,1259.5,0.2
2026-09-05T15:46:05.243+00:00,B_sell_A_buy,11.1621,4.3621,4432.0,4432.1,2.9517,22.489,4437.05,4437.4,2.957,0.01,0.0000062500,0.0000000000,1265.9,0.2
2026-09-05T15:46:05.295+00:00,B_sell_A_buy,11.1619,4.3619,4432.0,4432.1,2.9517,22.489,4437.05,4437.7,2.957,34.129,0.0000062500,0.0000000000,1317.7,0.2
2026-09-05T15:46:05.346+00:00,B_sell_A_buy,11.1619,4.3619,4432.0,4432.1,2.9517,22.489,4437.05,4437.7,1.69,34.129,0.0000062500,0.0000000000,1368.7,0.2
2026-09-05T15:46:05.348+00:00,B_sell_A_buy,11.1619,4.3619,4432.0,4432.1,2.9517,22.489,4437.05,4437.7,1.69,34.116,0.0000062500,0.0000000000,1370.6,0.2
2026-09-05T15:46:05.448+00:00,B_sell_A_buy,11.1845,4.3845,4432.0,4432.1,2.9517,22.489,4437.06,4437.7,1.267,34.116,0.0000062500,0.0000000000,1470.8,0.2
2026-09-05T15:46:05.492+00:00,B_sell_A_buy,12.6046,5.8046,4432.0,4432.1,2.9517,22.489,4437.69,4437.7,0.013,34.116,0.0000062500,0.0000000000,1515.4,0.2
2026-09-05T15:46:05.590+00:00,B_sell_A_buy,11.1394,4.3394,4432.0,4432.1,2.9517,22.489,4437.04,4437.7,0.07,34.116,0.0000062500,0.0000000000,1613.5,0.3
2026-09-05T15:46:05.636+00:00,B_sell_A_buy,12.3567,5.5567,4432.0,4432.1,2.9517,22.489,4437.58,4437.7,1.267,34.116,0.0000062500,0.0000000000,1659.2,0.2
2026-09-05T15:46:05.636+00:00,B_sell_A_buy,12.3567,5.5567,4432.0,4432.1,2.9517,22.489,4437.58,4437.67,1.267,0.02,0.0000062500,0.0000000000,1659.4,0.3
2026-09-05T15:46:05.732+00:00,B_sell_A_buy,12.3116,5.5116,4432.0,4432.1,2.9517,22.489,4437.56,4437.67,1.69,0.02,0.0000062500,0.0000000000,1755.8,0.2
2026-09-05T15:46:05.793+00:00,B_sell_A_buy,11.1394,4.3394,4432.0,4432.1,2.9517,22.489,4437.04,4437.67,0.07,0.02,0.0000062500,0.0000000000,1816.6,0.2
2026-09-05T15:46:05.842+00:00,B_sell_A_buy,12.3116,5.5116,4432.0,4432.1,2.9517,22.489,4437.56,4437.67,1.267,0.02,0.0000062500,0.0000000000,1865.6,0.3
2026-09-05T15:46:05.897+00:00,B_sell_A_buy,11.1394,4.3394,4432.0,4432.1,2.9517,22.489,4437.04,4437.67,0.07,0.02,0.0000062500,0.0000000000,1920.0,0.2
2026-09-05T15:46:05.897+00:00,B_sell_A_buy,11.1394,4.3394,4432.0,4432.1,2.9517,22.489,4437.04,4437.7,0.07,34.116,0.0000062500,0.0000000000,1920.1,0.3
2026-09-05T15:46:05.899+00:00,B_sell_A_buy,11.1394,4.3394,4432.0,4432.1,2.9517,22.489,4437.04,4437.7,0.015,34.116,0.0000062500,0.0000000000,1922.0,0.1
2026-09-05T15:46:08.076+00:00,B_sell_A_buy,10.9816,4.1816,4432.0,4432.1,2.9517,22.546,4436.97,4437.67,1.267,26.942,0.0000062500,0.0000000000,0.2,41.4
2026-09-05T15:46:08.129+00:00,B_sell_A_buy,10.9365,4.1365,4432.0,4432.1,2.9517,22.546,4436.95,4437.67,1.69,26.942,0.0000062500,0.0000000000,53.4,0.2
2026-09-05T15:46:08.129+00:00,B_sell_A_buy,10.9140,4.1140,4432.0,4432.1,2.9517,22.546,4436.94,4437.67,13.687,26.942,0.0000062500,0.0000000000,53.5,0.2
2026-09-05T15:46:08.133+00:00,B_sell_A_buy,10.9140,4.1140,4432.0,4432.1,2.9517,22.546,4436.94,4437.67,24.956,26.942,0.0000062500,0.0000000000,56.9,0.1
2026-09-05T15:46:08.133+00:00,B_sell_A_buy,10.9140,4.1140,4432.0,4432.1,2.9517,22.546,4436.94,4437.67,27.829,26.942,0.0000062500,0.0000000000,57.0,0.1
2026-09-05T15:46:08.261+00:00,B_sell_A_buy,10.9365,4.1365,4432.0,4432.1,2.9517,22.546,4436.95,4437.67,1.267,26.942,0.0000062500,0.0000000000,185.7,0.3
2026-09-05T15:46:08.261+00:00,B_sell_A_buy,10.9365,4.1365,4432.0,4432.1,2.9517,22.546,4436.95,4437.67,2.957,26.942,0.0000062500,0.0000000000,185.9,0.4
2026-09-05T15:46:08.305+00:00,B_sell_A_buy,10.9365,4.1365,4432.0,4432.1,2.9517,22.546,4436.95,4437.67,2.957,26.94,0.0000062500,0.0000000000,229.4,0.1
2026-09-05T15:46:08.338+00:00,B_sell_A_buy,10.9365,4.1365,4432.0,4432.1,2.9517,22.546,4436.95,4437.67,1.69,26.94,0.0000062500,0.0000000000,263.0,0.1
2026-09-05T15:46:08.438+00:00,B_sell_A_buy,12.5370,5.7370,4432.0,4432.1,2.9517,22.546,4437.66,4437.67,0.002,26.94,0.0000062500,0.0000000000,362.0,0.1
2026-09-05T15:46:08.539+00:00,B_sell_A_buy,10.9140,4.1140,4432.0,4432.1,2.9517,22.546,4436.94,4437.67,27.829,26.94,0.0000062500,0.0000000000,463.3,0.3
2026-09-05T15:46:08.539+00:00,B_sell_A_buy,10.9140,4.1140,4432.0,4432.1,2.9517,22.546,4436.94,4437.64,27.829,0.02,0.0000062500,0.0000000000,463.4,0.4
2026-09-05T15:46:08.681+00:00,B_sell_A_buy,10.9140,4.1140,4432.0,4432.1,2.9517,22.546,4436.94,4437.67,27.829,26.94,0.0000062500,0.0000000000,605.4,0.3
2026-09-05T15:46:08.681+00:00,B_sell_A_buy,10.9365,4.1365,4432.0,4432.1,2.9517,22.546,4436.95,4437.67,1.69,26.94,0.0000062500,0.0000000000,605.5,0.4
2026-09-05T15:46:08.745+00:00,B_sell_A_buy,10.9365,4.1365,4432.0,4432.1,2.9517,22.546,4436.95,4437.67,2.957,26.94,0.0000062500,0.0000000000,669.5,0.2
2026-09-05T15:46:08.842+00:00,B_sell_A_buy,10.9365,4.1365,4432.0,4432.1,2.9517,22.546,4436.95,4437.67,1.69,26.94,0.0000062500,0.0000000000,766.3,0.2
2026-09-05T15:46:08.895+00:00,B_sell_A_buy,10.9367,4.1367,4432.0,4432.1,2.9517,22.546,4436.95,4437.31,1.69,0.01,0.0000062500,0.0000000000,819.7,0.2
2026-09-05T15:46:08.955+00:00,B_sell_A_buy,10.9593,4.1593,4432.0,4432.1,2.9517,22.546,4436.96,4437.31,1.267,0.01,0.0000062500,0.0000000000,879.9,0.2
2026-09-05T15:46:08.986+00:00,B_sell_A_buy,10.9591,4.1591,4432.0,4432.1,2.9517,22.546,4436.96,4437.67,1.267,26.94,0.0000062500,0.0000000000,910.4,0.2
2026-09-05T15:46:09.033+00:00,B_sell_A_buy,10.9365,4.1365,4432.0,4432.1,2.9517,22.546,4436.95,4437.67,1.69,26.94,0.0000062500,0.0000000000,957.2,0.2
2026-09-05T15:46:09.042+00:00,B_sell_A_buy,11.7481,4.9481,4432.0,4432.1,2.9517,22.546,4437.31,4437.67,1.567,26.94,0.0000062500,0.0000000000,965.6,0.2
2026-09-05T15:46:09.042+00:00,B_sell_A_buy,10.9365,4.1365,4432.0,4432.1,2.9517,22.546,4436.95,4437.67,1.69,26.94,0.0000062500,0.0000000000,965.7,0.3
2026-09-05T15:46:09.091+00:00,B_sell_A_buy,10.9367,4.1367,4432.0,4432.1,2.9517,22.546,4436.95,4437.31,1.69,0.01,0.0000062500,0.0000000000,1015.4,0.2
2026-09-05T15:46:09.135+00:00,B_sell_A_buy,10.9593,4.1593,4432.0,4432.1,2.9517,22.546,4436.96,4437.31,1.267,0.01,0.0000062500,0.0000000000,1059.1,0.2
2026-09-05T15:46:09.180+00:00,B_sell_A_buy,10.9591,4.1591,4432.0,4432.1,2.9517,22.546,4436.96,4437.67,1.267,26.94,0.0000062500,0.0000000000,1104.1,0.2
2026-09-05T15:46:09.245+00:00,B_sell_A_buy,10.9365,4.1365,4432.0,4432.1,2.9517,22.546,4436.95,4437.67,1.69,26.94,0.0000062500,0.0000000000,1169.1,0.3
2026-09-05T15:46:09.254+00:00,B_sell_A_buy,10.9365,4.1365,4432.0,4432.1,2.9517,22.546,4436.95,4437.67,1.69,26.885,0.0000062500,0.0000000000,1177.6,0.2
2026-09-05T15:46:09.297+00:00,B_sell_A_buy,11.7030,4.9030,4432.0,4432.1,2.9517,22.546,4437.29,4437.67,3.541,26.885,0.0000062500,0.0000000000,1221.6,0.1
2026-09-05T15:46:09.297+00:00,B_sell_A_buy,10.9365,4.1365,4432.0,4432.1,2.9517,22.546,4436.95,4437.67,1.69,26.885,0.0000062500,0.0000000000,1221.7,0.2
2026-09-05T15:46:09.297+00:00,B_sell_A_buy,10.9367,4.1367,4432.0,4432.1,2.9517,22.546,4436.95,4437.31,1.69,0.01,0.0000062500,0.0000000000,1221.7,0.2
2026-09-05T15:46:09.343+00:00,B_sell_A_buy,10.9593,4.1593,4432.0,4432.1,2.9517,22.546,4436.96,4437.31,1.267,0.01,0.0000062500,0.0000000000,1267.1,0.1
2026-09-05T15:46:09.347+00:00,B_sell_A_buy,10.9591,4.1591,4432.0,4432.1,2.9517,22.546,4436.96,4437.67,1.267,26.865,0.0000062500,0.0000000000,1270.9,0.1
2026-09-05T15:46:09.393+00:00,B_sell_A_buy,12.5370,5.7370,4432.0,4432.1,2.9517,22.546,4437.66,4437.67,0.055,26.865,0.0000062500,0.0000000000,1316.9,0.1
2026-09-05T15:46:09.491+00:00,B_sell_A_buy,12.5370,5.7370,4432.0,4432.1,2.9517,22.546,4437.66,4437.67,0.055,34.05,0.0000062500,0.0000000000,1415.2,0.2
2026-09-05T15:46:09.491+00:00,B_sell_A_buy,12.5370,5.7370,4432.0,4432.1,2.9517,22.546,4437.66,4437.67,0.035,34.05,0.0000062500,0.0000000000,1415.2,0.2
2026-09-05T15:46:09.589+00:00,B_sell_A_buy,12.5370,5.7370,4432.0,4432.1,2.9517,22.546,4437.66,4437.67,0.017,34.05,0.0000062500,0.0000000000,1513.7,0.3
2026-09-05T15:46:09.589+00:00,B_sell_A_buy,12.3567,5.5567,4432.0,4432.1,2.9517,22.546,4437.58,4437.67,1.267,34.05,0.0000062500,0.0000000000,1513.8,0.4
2026-09-05T15:46:09.697+00:00,B_sell_A_buy,10.9140,4.1140,4432.0,4432.1,2.9517,22.546,4436.94,4437.67,27.829,34.05,0.0000062500,0.0000000000,1621.1,0.2
2026-09-05T15:46:09.697+00:00,B_sell_A_buy,12.3116,5.5116,4432.0,4432.1,2.9517,22.546,4437.56,4437.67,1.69,34.05,0.0000062500,0.0000000000,1621.2,0.3
2026-09-05T15:46:09.697+00:00,B_sell_A_buy,12.5370,5.7370,4432.0,4432.1,2.9517,22.546,4437.66,4437.67,0.02,34.05,0.0000062500,0.0000000000,1621.2,0.3
2026-09-05T15:46:09.700+00:00,B_sell_A_buy,12.3116,5.5116,4432.0,4432.1,2.9517,22.546,4437.56,4437.67,1.69,34.05,0.0000062500,0.0000000000,1624.5,0.2
2026-09-05T15:46:09.748+00:00,B_sell_A_buy,12.3116,5.5116,4432.0,4432.1,2.9517,22.546,4437.56,4437.67,1.597,34.05,0.0000062500,0.0000000000,1672.3,0.2
2026-09-05T15:46:09.789+00:00,B_sell_A_buy,10.9140,4.1140,4432.0,4432.1,2.9517,22.546,4436.94,4437.67,27.829,34.05,0.0000062500,0.0000000000,1713.4,0.2
2026-09-05T15:46:09.793+00:00,B_sell_A_buy,12.3793,5.5793,4432.0,4432.1,2.9517,22.546,4437.59,4437.67,1.267,34.05,0.0000062500,0.0000000000,1717.5,0.2
2026-09-05T15:46:09.841+00:00,B_sell_A_buy,12.3793,5.5793,4432.0,4432.1,2.9517,22.546,4437.59,4437.67,1.239,34.05,0.0000062500,0.0000000000,1764.4,0.2
2026-09-05T15:46:09.885+00:00,B_sell_A_buy,10.9140,4.1140,4432.0,4432.1,2.9517,22.546,4436.94,4437.67,27.829,34.05,0.0000062500,0.0000000000,1809.2,0.2
2026-09-05T15:46:09.989+00:00,B_sell_A_buy,10.9365,4.1365,4432.0,4432.1,2.9517,22.546,4436.95,4437.67,1.267,34.05,0.0000062500,0.0000000000,1913.0,0.3
2026-09-05T15:46:37.943+00:00,B_sell_A_buy,12.3342,5.5342,4432.0,4432.1,2.9517,22.3631,4437.57,4437.58,1.224,29.115,0.0000062500,0.0000000000,0.2,45.4
2026-09-05T15:46:37.944+00:00,B_sell_A_buy,12.3342,5.5342,4432.0,4432.1,2.9517,22.3631,4437.57,4437.58,1.224,30.382,0.0000062500,0.0000000000,0.4,0.4
2026-09-05T15:47:07.681+00:00,B_sell_A_buy,12.4469,5.6469,4432.0,4432.1,2.9517,22.3604,4437.62,4437.63,35.709,0.02,0.0000062500,0.0000000000,0.3,185.9
2026-09-05T15:47:08.144+00:00,B_sell_A_buy,12.4469,5.6469,4432.0,4432.1,2.9517,22.3604,4437.62,4437.63,33.732,0.02,0.0000062500,0.0000000000,463.8,0.2
2026-09-05T15:47:08.145+00:00,B_sell_A_buy,12.4469,5.6469,4432.0,4432.1,2.9517,22.3604,4437.62,4437.63,33.726,0.02,0.0000062500,0.0000000000,464.0,0.3
2026-09-05T15:47:08.238+00:00,B_sell_A_buy,12.4469,5.6469,4432.0,4432.1,2.9517,22.3604,4437.62,4437.63,33.726,0.014,0.0000062500,0.0000000000,557.7,0.2
2026-09-05T15:47:08.304+00:00,B_sell_A_buy,12.4469,5.6469,4432.0,4432.1,2.9517,22.3604,4437.62,4437.63,33.726,0.008,0.0000062500,0.0000000000,622.8,0.2
2026-09-05T15:47:08.304+00:00,B_sell_A_buy,12.4469,5.6469,4432.0,4432.1,2.9517,22.3604,4437.62,4437.63,33.72,0.008,0.0000062500,0.0000000000,622.9,0.2
2026-09-05T15:47:08.495+00:00,B_sell_A_buy,12.4469,5.6469,4432.0,4432.1,2.9517,22.3604,4437.62,4437.63,33.714,0.008,0.0000062500,0.0000000000,813.5,0.3
2026-09-05T15:47:08.495+00:00,B_sell_A_buy,12.4469,5.6469,4432.0,4432.1,2.9517,22.3604,4437.62,4437.63,33.714,0.002,0.0000062500,0.0000000000,813.7,0.4
2026-09-05T15:47:08.495+00:00,B_sell_A_buy,12.4469,5.6469,4432.0,4432.1,2.9517,22.3604,4437.62,4437.68,33.714,2.957,0.0000062500,0.0000000000,813.7,0.4
2026-09-05T15:47:08.495+00:00,B_sell_A_buy,12.4469,5.6469,4432.0,4432.1,2.9517,22.3604,4437.62,4437.68,33.708,2.957,0.0000062500,0.0000000000,813.7,0.5
2026-09-05T15:47:08.588+00:00,B_sell_A_buy,12.4469,5.6469,4432.0,4432.1,2.9517,22.3604,4437.62,4437.68,10.144,2.957,0.0000062500,0.0000000000,907.0,0.3
2026-09-05T15:47:08.588+00:00,B_sell_A_buy,12.4469,5.6469,4432.0,4432.1,2.9517,22.3604,4437.62,4437.68,2.957,2.957,0.0000062500,0.0000000000,907.2,0.4
2026-09-05T15:47:08.588+00:00,B_sell_A_buy,12.4469,5.6469,4432.0,4432.1,2.9517,22.3604,4437.62,4437.68,1.69,2.957,0.0000062500,0.0000000000,907.2,0.4
2026-09-05T15:47:08.592+00:00,B_sell_A_buy,12.4469,5.6469,4432.0,4432.1,2.9517,22.3604,4437.62,4437.66,1.69,2.155,0.0000062500,0.0000000000,911.8,0.2
2026-09-05T15:47:08.694+00:00,B_sell_A_buy,12.4469,5.6469,4432.0,4432.1,2.9517,22.3604,4437.62,4437.68,1.69,2.957,0.0000062500,0.0000000000,1013.0,0.3
2026-09-05T15:47:08.706+00:00,B_sell_A_buy,12.4694,5.6694,4432.0,4432.1,2.9517,22.3604,4437.63,4437.68,1.267,2.957,0.0000062500,0.0000000000,1025.0,0.2
2026-09-05T15:47:08.706+00:00,B_sell_A_buy,12.4694,5.6694,4432.0,4432.1,2.9517,22.3604,4437.63,4437.65,1.267,2.155,0.0000062500,0.0000000000,1025.1,0.3
2026-09-05T15:47:08.706+00:00,B_sell_A_buy,12.4694,5.6694,4432.0,4432.1,2.9517,22.3604,4437.63,4437.65,8.454,2.155,0.0000062500,0.0000000000,1025.1,0.3
2026-09-05T15:47:08.790+00:00,B_sell_A_buy,12.4694,5.6694,4432.0,4432.1,2.9517,22.3604,4437.63,4437.65,1.267,2.155,0.0000062500,0.0000000000,1109.7,0.2
2026-09-05T15:47:08.795+00:00,B_sell_A_buy,12.4469,5.6469,4432.0,4432.1,2.9517,22.3604,4437.62,4437.65,1.69,2.155,0.0000062500,0.0000000000,1114.9,0.1
2026-09-05T15:47:08.841+00:00,B_sell_A_buy,12.4469,5.6469,4432.0,4432.1,2.9517,22.3604,4437.62,4437.68,1.69,2.957,0.0000062500,0.0000000000,1160.0,0.3
2026-09-05T15:47:08.845+00:00,B_sell_A_buy,12.4469,5.6469,4432.0,4432.1,2.9517,22.3604,4437.62,4437.64,1.69,2.155,0.0000062500,0.0000000000,1163.7,0.2
2026-09-05T15:47:08.892+00:00,B_sell_A_buy,12.4694,5.6694,4432.0,4432.1,2.9517,22.3604,4437.63,4437.64,7.187,2.155,0.0000062500,0.0000000000,1210.8,0.1
2026-09-05T15:47:08.894+00:00,B_sell_A_buy,12.4694,5.6694,4432.0,4432.1,2.9517,22.3604,4437.63,4437.64,7.187,2.151,0.0000062500,0.0000000000,1212.8,0.2
2026-09-05T15:47:08.941+00:00,B_sell_A_buy,12.4469,5.6469,4432.0,4432.1,2.9517,22.3604,4437.62,4437.64,1.69,2.151,0.0000062500,0.0000000000,1260.4,0.3
2026-09-05T15:47:08.941+00:00,B_sell_A_buy,12.4469,5.6469,4432.0,4432.1,2.9517,22.3604,4437.62,4437.68,1.69,2.957,0.0000062500,0.0000000000,1260.5,0.4
2026-09-05T15:47:08.941+00:00,B_sell_A_buy,12.4694,5.6694,4432.0,4432.1,2.9517,22.3604,4437.63,4437.68,23.559,2.957,0.0000062500,0.0000000000,1260.6,0.4
2026-09-05T15:47:08.943+00:00,B_sell_A_buy,12.5596,5.7596,4432.0,4432.1,2.9517,22.3604,4437.67,4437.68,23.559,2.957,0.0000062500,0.0000000000,1262.0,0.1
2026-09-05T15:47:08.943+00:00,B_sell_A_buy,12.5596,5.7596,4432.0,4432.1,2.9517,22.3604,4437.67,4437.68,30.746,2.957,0.0000062500,0.0000000000,1262.0,0.1
2026-09-05T15:47:09.132+00:00,B_sell_A_buy,12.5596,5.7596,4432.0,4432.1,2.9517,22.3604,4437.67,4437.68,30.746,5.108,0.0000062500,0.0000000000,1451.6,0.3
2026-09-05T15:47:09.199+00:00,B_sell_A_buy,12.5596,5.7596,4432.0,4432.1,2.9517,22.3604,4437.67,4437.68,32.013,5.108,0.0000062500,0.0000000000,1517.6,0.2
2026-09-05T15:47:09.443+00:00,B_sell_A_buy,12.5596,5.7596,4432.0,4432.1,2.9517,22.3604,4437.67,4437.68,30.507,5.108,0.0000062500,0.0000000000,1762.1,0.3
2026-09-05T15:48:08.038+00:00,B_sell_A_buy,12.7849,5.9849,4432.0,4432.1,2.9517,15.328,4437.77,4437.79,1.247,28.216,0.0000062500,0.0000000000,0.2,46.6
2026-09-05T15:48:08.647+00:00,B_sell_A_buy,12.7849,5.9849,4432.0,4432.1,2.9517,15.328,4437.77,4437.79,1.247,28.196,0.0000062500,0.0000000000,609.8,0.2
2026-09-05T15:48:08.892+00:00,B_sell_A_buy,12.7849,5.9849,4432.0,4432.1,2.9517,15.328,4437.77,4437.78,1.247,1.419,0.0000062500,0.0000000000,855.0,0.3
2026-09-05T15:48:08.892+00:00,B_sell_A_buy,12.7849,5.9849,4432.0,4432.1,2.9517,15.328,4437.77,4437.79,1.247,28.196,0.0000062500,0.0000000000,855.2,0.4
2026-09-05T15:48:08.950+00:00,B_sell_A_buy,12.7849,5.9849,4432.0,4432.1,2.9517,15.328,4437.77,4437.79,0.58,28.196,0.0000062500,0.0000000000,912.5,0.2
2026-09-05T15:48:09.095+00:00,B_sell_A_buy,12.7849,5.9849,4432.0,4432.1,2.9517,15.328,4437.77,4437.79,0.58,1.247,0.0000062500,0.0000000000,1057.4,0.3
2026-09-05T15:48:09.100+00:00,B_sell_A_buy,12.7849,5.9849,4432.0,4432.1,2.9517,15.328,4437.77,4437.78,0.58,26.949,0.0000062500,0.0000000000,1062.3,0.2
2026-09-05T15:48:09.393+00:00,B_sell_A_buy,12.7849,5.9849,4432.0,4432.1,2.9517,15.328,4437.77,4437.78,0.58,28.216,0.0000062500,0.0000000000,1355.9,0.2
2026-09-05T15:48:09.754+00:00,B_sell_A_buy,12.7849,5.9849,4432.0,4432.1,2.9517,15.328,4437.77,4437.78,0.56,28.216,0.0000062500,0.0000000000,1716.4,0.3
2026-09-05T15:48:23.639+00:00,B_sell_A_buy,12.6948,5.8948,4432.0,4432.1,2.9517,15.3253,4437.73,4437.74,1.133,37.068,0.0000062500,0.0000000000,0.3,51.1
2026-09-05T15:48:24.087+00:00,B_sell_A_buy,12.6948,5.8948,4432.0,4432.1,2.9517,15.3253,4437.73,4437.74,1.133,37.002,0.0000062500,0.0000000000,448.7,0.3
2026-09-05T15:48:24.087+00:00,B_sell_A_buy,12.6948,5.8948,4432.0,4432.1,2.9517,15.3253,4437.73,4437.74,1.133,36.39,0.0000062500,0.0000000000,448.9,0.4
2026-09-05T15:48:24.139+00:00,B_sell_A_buy,12.6948,5.8948,4432.0,4432.1,2.9517,15.3253,4437.73,4437.74,1.067,36.39,0.0000062500,0.0000000000,500.7,0.2
2026-09-05T15:48:24.139+00:00,B_sell_A_buy,12.6948,5.8948,4432.0,4432.1,2.9517,15.3253,4437.73,4437.74,1.067,36.326,0.0000062500,0.0000000000,500.9,0.3
2026-09-05T15:48:24.139+00:00,B_sell_A_buy,12.6948,5.8948,4432.0,4432.1,2.9517,15.3253,4437.73,4437.74,1.003,36.326,0.0000062500,0.0000000000,500.9,0.3
2026-09-05T15:48:24.347+00:00,B_sell_A_buy,12.6948,5.8948,4432.0,4432.1,2.9517,15.3253,4437.73,4437.74,0.983,36.326,0.0000062500,0.0000000000,709.5,0.2
2026-09-05T15:48:24.347+00:00,B_sell_A_buy,12.6948,5.8948,4432.0,4432.1,2.9517,15.3253,4437.73,4437.74,0.917,36.326,0.0000062500,0.0000000000,709.6,0.3
2026-09-05T15:48:24.347+00:00,B_sell_A_buy,12.6948,5.8948,4432.0,4432.1,2.9517,15.3253,4437.73,4437.74,0.853,36.326,0.0000062500,0.0000000000,709.6,0.3
2026-09-05T15:48:24.351+00:00,B_sell_A_buy,12.6948,5.8948,4432.0,4432.1,2.9517,15.3253,4437.73,4437.74,0.853,36.262,0.0000062500,0.0000000000,712.2,0.1
2026-09-05T15:48:24.404+00:00,B_sell_A_buy,12.6948,5.8948,4432.0,4432.1,2.9517,15.3253,4437.73,4437.74,0.853,36.196,0.0000062500,0.0000000000,765.2,0.1
2026-09-05T15:48:24.781+00:00,B_sell_A_buy,12.6497,5.8497,4432.0,4432.1,2.9517,15.3253,4437.71,4437.74,1.69,36.196,0.0000062500,0.0000000000,1143.3,0.3
2026-09-05T15:48:24.899+00:00,B_sell_A_buy,12.6497,5.8497,4432.0,4432.1,2.9517,15.3253,4437.71,4437.74,1.69,9.249,0.0000062500,0.0000000000,1260.7,0.3
2026-09-05T15:48:24.899+00:00,B_sell_A_buy,12.6497,5.8497,4432.0,4432.1,2.9517,15.3253,4437.71,4437.74,1.69,2.065,0.0000062500,0.0000000000,1260.9,0.4
2026-09-05T15:48:24.899+00:00,B_sell_A_buy,12.6497,5.8497,4432.0,4432.1,2.9517,15.3253,4437.71,4437.74,1.69,1.69,0.0000062500,0.0000000000,1261.0,0.5
2026-09-05T15:48:24.899+00:00,B_sell_A_buy,12.6497,5.8497,4432.0,4432.1,2.9517,15.3253,4437.71,4437.73,1.69,26.953,0.0000062500,0.0000000000,1261.1,0.5
2026-09-05T15:48:24.899+00:00,B_sell_A_buy,12.6497,5.8497,4432.0,4432.1,2.9517,15.3253,4437.71,4437.73,1.69,34.137,0.0000062500,0.0000000000,1261.1,0.5
2026-09-05T15:48:24.996+00:00,B_sell_A_buy,12.6497,5.8497,4432.0,4432.1,2.9517,15.3253,4437.71,4437.72,1.69,1.267,0.0000062500,0.0000000000,1358.4,0.2
2026-09-05T15:48:25.051+00:00,B_sell_A_buy,12.6497,5.8497,4432.0,4432.1,2.9517,15.3253,4437.71,4437.72,1.69,28.22,0.0000062500,0.0000000000,1412.5,0.2
2026-09-05T15:48:25.051+00:00,B_sell_A_buy,12.6497,5.8497,4432.0,4432.1,2.9517,15.3253,4437.71,4437.72,1.69,35.404,0.0000062500,0.0000000000,1412.6,0.3
2026-09-05T15:48:25.339+00:00,B_sell_A_buy,12.6497,5.8497,4432.0,4432.1,2.9517,15.3253,4437.71,4437.72,1.69,35.374,0.0000062500,0.0000000000,1701.7,0.3
2026-09-05T15:48:25.440+00:00,B_sell_A_buy,12.6497,5.8497,4432.0,4432.1,2.9517,15.3253,4437.71,4437.72,1.69,35.354,0.0000062500,0.0000000000,1802.2,0.2
2026-09-05T15:48:28.654+00:00,B_sell_A_buy,12.6497,5.8497,4432.0,4432.1,2.9517,15.369,4437.71,4437.72,2.763,34.212,0.0000062500,0.0000000000,0.2,118.7
2026-09-05T15:48:28.844+00:00,B_sell_A_buy,12.6046,5.8046,4432.0,4432.1,2.9517,15.369,4437.69,4437.71,1.69,0.69,0.0000062500,0.0000000000,190.6,0.3
2026-09-05T15:48:28.847+00:00,B_sell_A_buy,12.6497,5.8497,4432.0,4432.1,2.9517,15.369,4437.71,4437.72,2.763,34.212,0.0000062500,0.0000000000,192.8,0.1
2026-09-05T15:48:28.898+00:00,B_sell_A_buy,12.6497,5.8497,4432.0,4432.1,2.9517,15.369,4437.71,4437.72,2.709,34.212,0.0000062500,0.0000000000,244.1,0.2
2026-09-05T15:48:28.898+00:00,B_sell_A_buy,12.6497,5.8497,4432.0,4432.1,2.9517,15.369,4437.71,4437.72,2.709,34.156,0.0000062500,0.0000000000,244.2,0.3
2026-09-05T15:48:29.136+00:00,B_sell_A_buy,12.6497,5.8497,4432.0,4432.1,2.9517,15.369,4437.71,4437.72,2.709,34.102,0.0000062500,0.0000000000,482.1,0.2
2026-09-05T15:48:29.248+00:00,B_sell_A_buy,12.6497,5.8497,4432.0,4432.1,2.9517,15.369,4437.71,4437.72,2.709,35.369,0.0000062500,0.0000000000,593.3,0.3
2026-09-05T15:48:29.296+00:00,B_sell_A_buy,12.6497,5.8497,4432.0,4432.1,2.9517,15.369,4437.71,4437.72,2.744,35.369,0.0000062500,0.0000000000,642.2,0.2
2026-09-05T15:48:29.303+00:00,B_sell_A_buy,12.6497,5.8497,4432.0,4432.1,2.9517,15.369,4437.71,4437.72,2.69,35.369,0.0000062500,0.0000000000,649.2,0.2
2026-09-05T15:48:29.347+00:00,B_sell_A_buy,12.6497,5.8497,4432.0,4432.1,2.9517,15.369,4437.71,4437.72,2.69,35.315,0.0000062500,0.0000000000,693.2,0.2
2026-09-05T15:48:29.347+00:00,B_sell_A_buy,12.6497,5.8497,4432.0,4432.1,2.9517,15.369,4437.71,4437.72,2.634,35.315,0.0000062500,0.0000000000,693.3,0.3
2026-09-05T15:48:29.544+00:00,B_sell_A_buy,12.6497,5.8497,4432.0,4432.1,2.9517,15.369,4437.71,4437.72,2.634,35.306,0.0000062500,0.0000000000,890.0,0.3
2026-09-05T15:48:29.544+00:00,B_sell_A_buy,12.6497,5.8497,4432.0,4432.1,2.9517,15.369,4437.71,4437.72,2.634,35.25,0.0000062500,0.0000000000,890.2,0.4
2026-09-05T15:48:29.688+00:00,B_sell_A_buy,12.6497,5.8497,4432.0,4432.1,2.9517,15.369,4437.71,4437.72,2.578,35.25,0.0000062500,0.0000000000,1034.7,0.3
2026-09-05T15:48:29.905+00:00,B_sell_A_buy,12.6497,5.8497,4432.0,4432.1,2.9517,15.369,4437.71,4437.72,5.117,35.25,0.0000062500,0.0000000000,1251.6,0.2
2026-09-05T15:48:29.905+00:00,B_sell_A_buy,12.6497,5.8497,4432.0,4432.1,2.9517,15.369,4437.71,4437.72,2.578,35.25,0.0000062500,0.0000000000,1251.7,0.3
2026-09-05T15:48:29.992+00:00,B_sell_A_buy,12.6497,5.8497,4432.0,4432.1,2.9517,15.369,4437.71,4437.72,2.574,35.25,0.0000062500,0.0000000000,1338.0,0.3
2026-09-05T15:48:30.146+00:00,B_sell_A_buy,12.6497,5.8497,4432.0,4432.1,2.9517,15.369,4437.71,4437.72,2.574,35.201,0.0000062500,0.0000000000,1492.0,0.2
2026-09-05T15:48:30.146+00:00,B_sell_A_buy,12.6497,5.8497,4432.0,4432.1,2.9517,15.369,4437.71,4437.72,2.525,35.201,0.0000062500,0.0000000000,1492.1,0.3
2026-09-05T15:48:30.290+00:00,B_sell_A_buy,12.6497,5.8497,4432.0,4432.1,2.9517,15.369,4437.71,4437.72,2.476,35.201,0.0000062500,0.0000000000,1636.6,0.2
2026-09-05T15:48:30.290+00:00,B_sell_A_buy,12.6497,5.8497,4432.0,4432.1,2.9517,15.369,4437.71,4437.72,2.476,35.152,0.0000062500,0.0000000000,1636.7,0.3
2026-09-05T15:48:30.652+00:00,B_sell_A_buy,12.6497,5.8497,4432.0,4432.1,2.9517,15.369,4437.71,4437.72,2.476,35.145,0.0000062500,0.0000000000,1998.2,0.3
2026-09-05T15:48:33.773+00:00,B_sell_A_buy,12.6272,5.8272,4432.0,4432.1,2.9517,5.6802,4437.7,4437.71,0.347,31.789,0.0000062500,0.0000000000,0.2,25.4
2026-09-05T15:48:33.897+00:00,B_sell_A_buy,12.6272,5.8272,4432.0,4432.1,2.9517,5.6802,4437.7,4437.71,0.347,29.496,0.0000062500,0.0000000000,124.4,0.2
2026-09-05T15:48:34.346+00:00,B_sell_A_buy,12.6272,5.8272,4432.0,4432.1,2.9517,5.6802,4437.7,4437.71,3.796,29.496,0.0000062500,0.0000000000,573.3,0.2
2026-09-05T15:48:34.346+00:00,B_sell_A_buy,12.6272,5.8272,4432.0,4432.1,2.9517,5.6802,4437.7,4437.71,0.347,29.496,0.0000062500,0.0000000000,573.5,0.3
2026-09-05T15:48:34.711+00:00,B_sell_A_buy,12.6272,5.8272,4432.0,4432.1,2.9517,5.9058,4437.7,4437.71,0.347,29.496,0.0000062500,0.0000000000,0.2,364.9
2026-09-05T15:48:34.750+00:00,B_sell_A_buy,12.6272,5.8272,4432.0,4432.1,2.9517,5.9058,4437.7,4437.71,0.347,29.493,0.0000062500,0.0000000000,39.0,0.3
2026-09-05T15:48:35.088+00:00,B_sell_A_buy,12.6272,5.8272,4432.0,4432.1,2.9517,5.9058,4437.7,4437.71,0.347,29.447,0.0000062500,0.0000000000,376.9,0.3
2026-09-05T15:48:35.139+00:00,B_sell_A_buy,12.6272,5.8272,4432.0,4432.1,2.9517,5.9058,4437.7,4437.71,0.289,29.447,0.0000062500,0.0000000000,428.2,0.3
2026-09-05T15:48:35.187+00:00,B_sell_A_buy,12.6272,5.8272,4432.0,4432.1,2.9517,5.9058,4437.7,4437.71,0.289,29.389,0.0000062500,0.0000000000,476.2,0.2
2026-09-05T15:48:35.352+00:00,B_sell_A_buy,12.6272,5.8272,4432.0,4432.1,2.9517,5.9058,4437.7,4437.71,0.289,29.331,0.0000062500,0.0000000000,642.1,0.2
2026-09-05T15:48:35.489+00:00,B_sell_A_buy,12.5596,5.7596,4432.0,4432.1,2.9517,5.9058,4437.67,4437.71,3.979,29.331,0.0000062500,0.0000000000,778.3,0.3
2026-09-05T15:48:35.541+00:00,B_sell_A_buy,12.5596,5.7596,4432.0,4432.1,2.9517,5.9058,4437.67,4437.71,2.427,29.331,0.0000062500,0.0000000000,831.0,0.2
2026-09-05T15:48:35.587+00:00,B_sell_A_buy,12.5596,5.7596,4432.0,4432.1,2.9517,5.9058,4437.67,4437.71,2.427,7.184,0.0000062500,0.0000000000,875.8,0.2
2026-09-05T15:48:35.587+00:00,B_sell_A_buy,12.3792,5.5792,4432.0,4432.1,2.9517,5.9058,4437.59,4437.71,1.267,7.184,0.0000062500,0.0000000000,875.9,0.3
2026-09-05T15:48:35.587+00:00,B_sell_A_buy,12.3792,5.5792,4432.0,4432.1,2.9517,5.9058,4437.59,4437.73,1.267,1.267,0.0000062500,0.0000000000,875.9,0.3
2026-09-05T15:48:35.593+00:00,B_sell_A_buy,12.3792,5.5792,4432.0,4432.1,2.9517,5.9058,4437.59,4437.7,1.267,22.264,0.0000062500,0.0000000000,882.3,0.1
2026-09-05T15:48:35.593+00:00,B_sell_A_buy,12.5821,5.7821,4432.0,4432.1,2.9517,5.9058,4437.68,4437.7,4.144,22.264,0.0000062500,0.0000000000,882.3,0.1
2026-09-05T15:48:35.593+00:00,B_sell_A_buy,12.5821,5.7821,4432.0,4432.1,2.9517,5.9058,4437.68,4437.7,4.144,29.448,0.0000062500,0.0000000000,882.4,0.2
2026-09-05T15:48:35.681+00:00,B_sell_A_buy,12.5821,5.7821,4432.0,4432.1,2.9517,5.9058,4437.68,4437.7,4.144,7.184,0.0000062500,0.0000000000,970.6,0.2
2026-09-05T15:48:35.681+00:00,B_sell_A_buy,12.5821,5.7821,4432.0,4432.1,2.9517,5.9058,4437.68,4437.73,4.144,1.267,0.0000062500,0.0000000000,970.8,0.3
2026-09-05T15:48:35.687+00:00,B_sell_A_buy,12.5821,5.7821,4432.0,4432.1,2.9517,5.9058,4437.68,4437.69,4.144,7.184,0.0000062500,0.0000000000,976.0,0.1
2026-09-05T15:48:35.858+00:00,B_sell_A_buy,12.5821,5.7821,4432.0,4432.1,2.9517,5.9058,4437.68,4437.69,4.144,7.181,0.0000062500,0.0000000000,1147.0,0.2
2026-09-05T15:48:35.948+00:00,B_sell_A_buy,12.5821,5.7821,4432.0,4432.1,2.9517,5.9058,4437.68,4437.69,4.144,30.332,0.0000062500,0.0000000000,1237.4,0.3
2026-09-05T15:48:36.146+00:00,B_sell_A_buy,12.5821,5.7821,4432.0,4432.1,2.9517,5.9058,4437.68,4437.69,4.098,30.332,0.0000062500,0.0000000000,1435.2,0.2
2026-09-05T15:48:36.199+00:00,B_sell_A_buy,12.5821,5.7821,4432.0,4432.1,2.9517,5.9058,4437.68,4437.69,4.04,30.332,0.0000062500,0.0000000000,1487.9,0.3
2026-09-05T15:48:36.643+00:00,B_sell_A_buy,12.5821,5.7821,4432.0,4432.1,2.9517,5.9058,4437.68,4437.69,3.93,30.332,0.0000062500,0.0000000000,1932.9,0.2
2026-09-05T15:48:38.928+00:00,B_sell_A_buy,12.5821,5.7821,4432.0,4432.1,2.9517,5.6802,4437.68,4437.69,4.105,29.944,0.0000062500,0.0000000000,0.2,78.5
2026-09-05T15:48:38.951+00:00,B_sell_A_buy,12.5821,5.7821,4432.0,4432.1,2.9517,5.6802,4437.68,4437.69,4.105,29.879,0.0000062500,0.0000000000,23.3,0.2
2026-09-05T15:48:38.951+00:00,B_sell_A_buy,12.5821,5.7821,4432.0,4432.1,2.9517,5.6802,4437.68,4437.69,4.105,29.877,0.0000062500,0.0000000000,23.4,0.3
2026-09-05T15:48:38.951+00:00,B_sell_A_buy,12.5821,5.7821,4432.0,4432.1,2.9517,5.6802,4437.68,4437.69,4.04,29.877,0.0000062500,0.0000000000,23.4,0.3
2026-09-05T15:48:39.446+00:00,B_sell_A_buy,12.5821,5.7821,4432.0,4432.1,2.9517,5.6802,4437.68,4437.69,5.307,29.877,0.0000062500,0.0000000000,518.0,0.3
2026-09-05T15:48:39.695+00:00,B_sell_A_buy,12.5821,5.7821,4432.0,4432.1,2.9517,5.6802,4437.68,4437.69,5.307,29.82,0.0000062500,0.0000000000,766.7,0.3
2026-09-05T15:48:39.745+00:00,B_sell_A_buy,12.5821,5.7821,4432.0,4432.1,2.9517,5.6802,4437.68,4437.69,3.816,29.82,0.0000062500,0.0000000000,816.9,0.3
2026-09-05T15:48:39.745+00:00,B_sell_A_buy,12.5821,5.7821,4432.0,4432.1,2.9517,5.6802,4437.68,4437.69,5.307,29.82,0.0000062500,0.0000000000,817.0,0.4
2026-09-05T15:48:39.890+00:00,B_sell_A_buy,12.5821,5.7821,4432.0,4432.1,2.9517,5.6802,4437.68,4437.69,5.25,29.82,0.0000062500,0.0000000000,962.0,0.3
2026-09-05T15:48:39.949+00:00,B_sell_A_buy,12.5821,5.7821,4432.0,4432.1,2.9517,5.6802,4437.68,4437.69,5.25,29.758,0.0000062500,0.0000000000,1021.1,0.2
2026-09-05T15:48:39.999+00:00,B_sell_A_buy,12.5821,5.7821,4432.0,4432.1,2.9517,5.6802,4437.68,4437.69,5.25,29.756,0.0000062500,0.0000000000,1071.0,0.2
2026-09-05T15:48:39.999+00:00,B_sell_A_buy,12.5821,5.7821,4432.0,4432.1,2.9517,5.6802,4437.68,4437.69,5.188,29.756,0.0000062500,0.0000000000,1071.2,0.4
2026-09-05T15:48:40.248+00:00,B_sell_A_buy,12.5821,5.7821,4432.0,4432.1,2.9517,5.6802,4437.68,4437.69,5.188,29.694,0.0000062500,0.0000000000,1319.8,0.3
2026-09-05T15:48:40.289+00:00,B_sell_A_buy,12.5821,5.7821,4432.0,4432.1,2.9517,5.6802,4437.68,4437.69,5.188,29.637,0.0000062500,0.0000000000,1360.8,0.3
2026-09-05T15:48:40.289+00:00,B_sell_A_buy,12.5821,5.7821,4432.0,4432.1,2.9517,5.6802,4437.68,4437.69,1.804,29.637,0.0000062500,0.0000000000,1361.0,0.4
2026-09-05T15:48:40.337+00:00,B_sell_A_buy,12.5821,5.7821,4432.0,4432.1,2.9517,5.6802,4437.68,4437.69,5.188,29.637,0.0000062500,0.0000000000,1409.5,0.2
2026-09-05T15:48:40.389+00:00,B_sell_A_buy,12.5821,5.7821,4432.0,4432.1,2.9517,5.6802,4437.68,4437.69,5.188,29.582,0.0000062500,0.0000000000,1460.8,0.2
2026-09-05T15:48:40.389+00:00,B_sell_A_buy,12.5821,5.7821,4432.0,4432.1,2.9517,5.6802,4437.68,4437.69,5.126,29.582,0.0000062500,0.0000000000,1460.9,0.3
2026-09-05T15:48:40.430+00:00,B_sell_A_buy,12.5821,5.7821,4432.0,4432.1,2.9517,5.6802,4437.68,4437.69,5.126,6.431,0.0000062500,0.0000000000,1502.3,0.2
2026-09-05T15:48:40.430+00:00,B_sell_A_buy,12.5821,5.7821,4432.0,4432.1,2.9517,5.6802,4437.68,4437.72,5.126,1.267,0.0000062500,0.0000000000,1502.4,0.3
2026-09-05T15:48:40.430+00:00,B_sell_A_buy,12.5821,5.7821,4432.0,4432.1,2.9517,5.6802,4437.68,4437.72,5.528,1.267,0.0000062500,0.0000000000,1502.4,0.3
2026-09-05T15:48:40.541+00:00,B_sell_A_buy,12.5821,5.7821,4432.0,4432.1,2.9517,5.6802,4437.68,4437.72,5.126,1.267,0.0000062500,0.0000000000,1613.2,0.2
2026-09-05T15:48:40.548+00:00,B_sell_A_buy,12.6046,5.8046,4432.0,4432.1,2.9517,5.6802,4437.69,4437.72,0.457,1.267,0.0000062500,0.0000000000,1619.4,0.1
2026-09-05T15:48:40.549+00:00,B_sell_A_buy,12.6272,5.8272,4432.0,4432.1,2.9517,5.6802,4437.7,4437.72,0.02,1.267,0.0000062500,0.0000000000,1621.6,0.1
2026-09-05T15:48:40.636+00:00,B_sell_A_buy,12.6272,5.8272,4432.0,4432.1,2.9517,5.6365,4437.7,4437.72,0.02,1.267,0.0000062500,0.0000000000,0.2,86.9
2026-09-05T15:48:40.647+00:00,B_sell_A_buy,12.6497,5.8497,4432.0,4432.1,2.9517,5.6365,4437.71,4437.72,0.457,1.267,0.0000062500,0.0000000000,10.0,0.1
2026-09-05T15:48:40.694+00:00,B_sell_A_buy,12.6497,5.8497,4432.0,4432.1,2.9517,5.6365,4437.71,4437.72,0.457,1.247,0.0000062500,0.0000000000,57.4,0.3
2026-09-05T15:48:40.694+00:00,B_sell_A_buy,12.6497,5.8497,4432.0,4432.1,2.9517,5.6365,4437.71,4437.72,0.457,1.134,0.0000062500,0.0000000000,57.7,0.5
2026-09-05T15:48:40.715+00:00,B_sell_A_buy,12.6497,5.8497,4432.0,4432.1,3.0166,5.6365,4437.71,4437.72,0.457,1.134,0.0000062500,0.0000000000,0.1,21.0
2026-09-05T15:48:40.747+00:00,B_sell_A_buy,12.6497,5.8497,4432.0,4432.1,3.0166,5.6365,4437.71,4437.72,0.457,0.634,0.0000062500,0.0000000000,32.4,0.1
2026-09-05T15:48:40.747+00:00,B_sell_A_buy,12.6497,5.8497,4432.0,4432.1,3.0166,5.6365,4437.71,4437.72,0.457,0.566,0.0000062500,0.0000000000,32.5,0.2
2026-09-05T15:48:40.778+00:00,B_sell_A_buy,12.6497,5.8497,4432.0,4432.1,4.8216,1.7357,4437.71,4437.72,0.457,0.566,0.0000062500,0.0000000000,0.1,30.8
2026-09-05T15:48:40.838+00:00,B_sell_A_buy,12.6497,5.8497,4432.0,4432.1,4.8216,1.7357,4437.71,4437.76,0.457,1.69,0.0000062500,0.0000000000,60.4,0.2
2026-09-05T15:48:40.888+00:00,B_sell_A_buy,12.6496,5.8496,4432.0,4432.1,4.8216,1.7357,4437.71,4437.92,0.457,26.954,0.0000062500,0.0000000000,110.3,0.2
2026-09-05T15:48:40.935+00:00,B_sell_A_buy,12.6496,5.8496,4432.0,4432.1,4.8216,1.7357,4437.71,4437.87,0.457,1.267,0.0000062500,0.0000000000,158.0,0.2
2026-09-05T15:48:40.979+00:00,B_sell_A_buy,12.6271,5.8271,4432.0,4432.1,4.8216,1.7357,4437.7,4437.87,0.02,1.267,0.0000062500,0.0000000000,202.4,0.2
2026-09-05T15:48:40.982+00:00,B_sell_A_buy,12.5820,5.7820,4432.0,4432.1,4.8216,1.7357,4437.68,4437.87,3.384,1.267,0.0000062500,0.0000000000,204.3,0.1
2026-09-05T15:48:40.982+00:00,B_sell_A_buy,12.6721,5.8721,4432.0,4432.1,4.8216,1.7357,4437.72,4437.87,1.69,1.267,0.0000062500,0.0000000000,204.4,0.1
2026-09-05T15:48:40.986+00:00,B_sell_A_buy,12.6721,5.8721,4432.0,4432.1,4.8216,1.7357,4437.72,4437.87,2.957,1.267,0.0000062500,0.0000000000,208.5,0.1
2026-09-05T15:48:40.986+00:00,B_sell_A_buy,12.6721,5.8721,4432.0,4432.1,4.8216,1.7357,4437.72,4437.87,2.957,1.265,0.0000062500,0.0000000000,208.6,0.2
2026-09-05T15:48:40.993+00:00,B_sell_A_buy,12.6721,5.8721,4432.0,4432.1,4.8216,1.6079,4437.72,4437.87,2.957,1.265,0.0000062500,0.0000000000,0.1,7.6
2026-09-05T15:48:41.098+00:00,B_sell_A_buy,12.6721,5.8721,4432.0,4432.1,4.8216,1.6079,4437.72,4437.87,1.69,1.265,0.0000062500,0.0000000000,105.5,0.2
2026-09-05T15:48:41.101+00:00,B_sell_A_buy,12.9877,6.1877,4432.0,4432.1,4.8216,1.6079,4437.86,4437.87,0.457,1.265,0.0000062500,0.0000000000,108.5,0.2
2026-09-05T15:48:41.196+00:00,B_sell_A_buy,12.9877,6.1877,4432.0,4432.1,4.8216,1.6079,4437.86,4437.87,0.457,28.219,0.0000062500,0.0000000000,202.6,0.3
2026-09-05T15:48:41.196+00:00,B_sell_A_buy,12.9877,6.1877,4432.0,4432.1,4.8216,1.6079,4437.86,4437.87,0.457,35.051,0.0000062500,0.0000000000,202.8,0.4
2026-09-05T15:48:42.097+00:00,B_sell_A_buy,12.9877,6.1877,4432.0,4432.1,4.8216,1.6079,4437.86,4437.87,0.457,35.049,0.0000062500,0.0000000000,1103.4,0.2
2026-09-05T15:48:42.787+00:00,B_sell_A_buy,12.9877,6.1877,4432.0,4432.1,4.8216,1.6079,4437.86,4437.87,3.98,35.049,0.0000062500,0.0000000000,1794.2,0.2
2026-09-05T15:48:42.840+00:00,B_sell_A_buy,12.9877,6.1877,4432.0,4432.1,4.8216,1.6079,4437.86,4437.87,0.457,35.049,0.0000062500,0.0000000000,1846.7,0.3
2026-09-05T15:48:43.434+00:00,B_sell_A_buy,12.9877,6.1877,4432.0,4432.1,5.3006,1.6079,4437.86,4437.87,0.457,1.261,0.0000062500,0.0000000000,0.3,245.7
2026-09-05T15:48:43.485+00:00,B_sell_A_buy,12.9877,6.1877,4432.0,4432.1,5.3006,1.6079,4437.86,4437.87,2.147,1.261,0.0000062500,0.0000000000,52.2,0.2
2026-09-05T15:48:43.485+00:00,B_sell_A_buy,12.9877,6.1877,4432.0,4432.1,5.3006,1.6079,4437.86,4437.87,3.414,1.261,0.0000062500,0.0000000000,52.3,0.3
2026-09-05T15:48:43.703+00:00,B_sell_A_buy,12.9877,6.1877,4432.0,4432.1,5.3006,1.6079,4437.86,4437.91,3.414,1.69,0.0000062500,0.0000000000,270.1,0.2
2026-09-05T15:48:43.794+00:00,B_sell_A_buy,12.9877,6.1877,4432.0,4432.1,5.3006,1.6079,4437.86,4437.91,2.147,1.69,0.0000062500,0.0000000000,361.2,0.3
2026-09-05T15:48:43.794+00:00,B_sell_A_buy,12.9877,6.1877,4432.0,4432.1,5.3006,1.6079,4437.86,4437.91,2.147,28.644,0.0000062500,0.0000000000,361.3,0.4
2026-09-05T15:48:43.893+00:00,B_sell_A_buy,13.0102,6.2102,4432.0,4432.1,5.3006,1.6079,4437.87,4437.91,1.267,28.644,0.0000062500,0.0000000000,459.9,0.2
2026-09-05T15:48:43.986+00:00,B_sell_A_buy,12.9877,6.1877,4432.0,4432.1,5.3006,1.6079,4437.86,4437.91,1.69,28.644,0.0000062500,0.0000000000,553.0,0.2
2026-09-05T15:48:44.085+00:00,B_sell_A_buy,13.0328,6.2328,4432.0,4432.1,5.3006,1.6079,4437.88,4437.91,1.267,28.644,0.0000062500,0.0000000000,651.7,0.2
2026-09-05T15:48:44.195+00:00,B_sell_A_buy,13.0328,6.2328,4432.0,4432.1,5.3006,1.6079,4437.88,4437.91,1.267,1.69,0.0000062500,0.0000000000,761.6,0.2
2026-09-05T15:48:44.199+00:00,B_sell_A_buy,12.9877,6.1877,4432.0,4432.1,5.3006,1.6079,4437.86,4437.91,1.69,1.69,0.0000062500,0.0000000000,765.3,0.1
2026-09-05T15:48:44.199+00:00,B_sell_A_buy,11.8155,5.0155,4432.0,4432.1,5.3006,1.6079,4437.34,4437.91,0.068,1.69,0.0000062500,0.0000000000,765.4,0.2
2026-09-05T15:48:44.202+00:00,B_sell_A_buy,11.8155,5.0155,4432.0,4432.1,5.3006,1.6079,4437.34,4437.9,0.068,26.954,0.0000062500,0.0000000000,769.3,0.1
2026-09-05T15:48:44.300+00:00,B_sell_A_buy,11.8381,5.0381,4432.0,4432.1,5.3006,1.6079,4437.35,4437.9,1.69,26.954,0.0000062500,0.0000000000,866.4,0.1
2026-09-05T15:48:44.301+00:00,B_sell_A_buy,11.8381,5.0381,4432.0,4432.1,5.3006,1.6079,4437.35,4437.9,1.69,23.57,0.0000062500,0.0000000000,868.4,0.1
2026-09-05T15:48:44.349+00:00,B_sell_A_buy,11.8381,5.0381,4432.0,4432.1,5.3006,1.6079,4437.35,4437.9,2.957,23.57,0.0000062500,0.0000000000,915.4,0.2
2026-09-05T15:48:44.352+00:00,B_sell_A_buy,12.6045,5.8045,4432.0,4432.1,5.3006,1.6079,4437.69,4437.9,0.02,23.57,0.0000062500,0.0000000000,918.7,0.2
2026-09-05T15:48:44.444+00:00,B_sell_A_buy,11.8155,5.0155,4432.0,4432.1,5.3006,1.6079,4437.34,4437.9,0.068,23.57,0.0000062500,0.0000000000,1010.4,0.2
2026-09-05T15:48:44.444+00:00,B_sell_A_buy,13.0553,6.2553,4432.0,4432.1,5.3006,1.6079,4437.89,4437.9,1.832,23.57,0.0000062500,0.0000000000,1010.6,0.3
2026-09-05T15:48:44.543+00:00,B_sell_A_buy,13.0553,6.2553,4432.0,4432.1,5.3006,1.6079,4437.89,4437.9,3.099,23.57,0.0000062500,0.0000000000,1109.4,0.1
2026-09-05T15:48:47.646+00:00,B_sell_A_buy,13.0553,6.2553,4432.0,4432.1,4.8216,1.6079,4437.89,4437.9,2.843,30.069,0.0000062500,0.0000000000,0.3,648.3
2026-09-05T15:48:47.938+00:00,B_sell_A_buy,13.0553,6.2553,4432.0,4432.1,4.8216,1.6079,4437.89,4437.9,2.785,30.069,0.0000062500,0.0000000000,292.8,0.3
2026-09-05T15:48:48.005+00:00,B_sell_A_buy,13.0553,6.2553,4432.0,4432.1,4.8216,1.6079,4437.89,4437.9,2.785,30.009,0.0000062500,0.0000000000,359.9,0.2
2026-09-05T15:48:48.101+00:00,B_sell_A_buy,13.0553,6.2553,4432.0,4432.1,4.8216,1.6079,4437.89,4437.9,2.725,30.009,0.0000062500,0.0000000000,455.5,0.3
2026-09-05T15:48:48.154+00:00,B_sell_A_buy,13.0553,6.2553,4432.0,4432.1,4.8216,1.6079,4437.89,4437.9,2.725,29.951,0.0000062500,0.0000000000,509.0,0.2
2026-09-05T15:48:48.246+00:00,B_sell_A_buy,13.0553,6.2553,4432.0,4432.1,4.8216,1.6079,4437.89,4437.9,2.665,29.951,0.0000062500,0.0000000000,601.3,0.3
2026-09-05T15:48:48.296+00:00,B_sell_A_buy,13.0553,6.2553,4432.0,4432.1,4.8216,1.6079,4437.89,4437.9,2.665,29.893,0.0000062500,0.0000000000,649.8,0.2
2026-09-05T15:48:48.296+00:00,B_sell_A_buy,13.0553,6.2553,4432.0,4432.1,4.8216,1.6079,4437.89,4437.9,2.665,29.833,0.0000062500,0.0000000000,649.9,0.3
2026-09-05T15:48:48.392+00:00,B_sell_A_buy,13.0553,6.2553,4432.0,4432.1,4.8216,1.6079,4437.89,4437.9,2.607,29.833,0.0000062500,0.0000000000,747.6,0.2
2026-09-05T15:48:48.492+00:00,B_sell_A_buy,13.0553,6.2553,4432.0,4432.1,4.8216,1.6079,4437.89,4437.9,5.673,29.833,0.0000062500,0.0000000000,847.0,0.2
2026-09-05T15:48:48.492+00:00,B_sell_A_buy,13.0553,6.2553,4432.0,4432.1,4.8216,1.6079,4437.89,4437.9,2.607,29.833,0.0000062500,0.0000000000,847.2,0.3
2026-09-05T15:48:48.587+00:00,B_sell_A_buy,13.0553,6.2553,4432.0,4432.1,4.8216,1.6079,4437.89,4437.9,3.874,29.833,0.0000062500,0.0000000000,942.1,0.2
2026-09-05T15:48:48.587+00:00,B_sell_A_buy,13.0553,6.2553,4432.0,4432.1,4.8216,1.6079,4437.89,4437.9,4.79,29.833,0.0000062500,0.0000000000,942.2,0.3
2026-09-05T15:48:48.946+00:00,B_sell_A_buy,13.0553,6.2553,4432.0,4432.1,4.8216,1.6079,4437.89,4437.9,8.272,29.833,0.0000062500,0.0000000000,1300.5,0.3
2026-09-05T15:48:48.946+00:00,B_sell_A_buy,13.0553,6.2553,4432.0,4432.1,4.8216,1.6079,4437.89,4437.9,4.79,29.833,0.0000062500,0.0000000000,1300.7,0.5
2026-09-05T15:48:49.142+00:00,B_sell_A_buy,13.0553,6.2553,4432.0,4432.1,4.8216,1.6079,4437.89,4437.9,4.79,29.771,0.0000062500,0.0000000000,1496.3,0.3
2026-09-05T15:48:49.142+00:00,B_sell_A_buy,13.0553,6.2553,4432.0,4432.1,4.8216,1.6079,4437.89,4437.9,4.728,29.771,0.0000062500,0.0000000000,1496.4,0.4
2026-09-05T15:48:49.303+00:00,B_sell_A_buy,13.0553,6.2553,4432.0,4432.1,4.8216,1.6079,4437.89,4437.9,4.728,29.726,0.0000062500,0.0000000000,1657.2,0.2
2026-09-05T15:48:49.303+00:00,B_sell_A_buy,13.0553,6.2553,4432.0,4432.1,4.8216,1.6079,4437.89,4437.9,4.683,29.726,0.0000062500,0.0000000000,1657.4,0.3
2026-09-05T15:48:49.352+00:00,B_sell_A_buy,13.0553,6.2553,4432.0,4432.1,4.8216,1.6079,4437.89,4437.9,4.621,29.726,0.0000062500,0.0000000000,1706.7,0.2
2026-09-05T15:48:49.408+00:00,B_sell_A_buy,13.0553,6.2553,4432.0,4432.1,4.8216,1.6079,4437.89,4437.9,4.621,29.664,0.0000062500,0.0000000000,1763.2,0.2
2026-09-05T15:48:49.452+00:00,B_sell_A_buy,13.0553,6.2553,4432.0,4432.1,4.8216,1.6079,4437.89,4437.9,4.576,29.664,0.0000062500,0.0000000000,1807.4,0.2
2026-09-05T15:48:49.499+00:00,B_sell_A_buy,13.0553,6.2553,4432.0,4432.1,4.8216,1.6079,4437.89,4437.9,4.576,29.619,0.0000062500,0.0000000000,1854.0,0.2
2026-09-05T15:49:08.875+00:00,B_sell_A_buy,12.9427,6.1427,4432.0,4432.1,4.8216,1.4959,4437.84,4437.85,0.815,30.553,0.0000062500,0.0000000000,0.3,377.1
2026-09-05T15:49:08.942+00:00,B_sell_A_buy,12.9427,6.1427,4432.0,4432.1,4.8216,1.4959,4437.84,4437.85,0.815,7.997,0.0000062500,0.0000000000,66.3,0.2
2026-09-05T15:49:09.101+00:00,B_sell_A_buy,12.9427,6.1427,4432.0,4432.1,4.8216,1.4959,4437.84,4437.85,0.815,20.387,0.0000062500,0.0000000000,225.2,0.2
2026-09-05T15:49:09.101+00:00,B_sell_A_buy,12.9427,6.1427,4432.0,4432.1,4.8216,1.4959,4437.84,4437.85,1.27,20.387,0.0000062500,0.0000000000,225.5,0.4
2026-09-05T15:49:09.693+00:00,B_sell_A_buy,12.9427,6.1427,4432.0,4432.1,4.8216,1.4959,4437.84,4437.85,1.27,20.244,0.0000062500,0.0000000000,817.6,0.2
2026-09-05T15:49:09.956+00:00,B_sell_A_buy,12.9427,6.1427,4432.0,4432.1,4.8216,1.4959,4437.84,4437.85,1.215,20.244,0.0000062500,0.0000000000,1080.6,0.2
2026-09-05T15:49:10.055+00:00,B_sell_A_buy,12.9427,6.1427,4432.0,4432.1,4.8216,1.4959,4437.84,4437.85,1.215,16.788,0.0000062500,0.0000000000,1179.9,0.2
2026-09-05T15:49:10.154+00:00,B_sell_A_buy,12.9421,6.1421,4432.0,4432.1,4.8216,1.4959,4437.84,4438.6,1.215,0.225,0.0000062500,0.0000000000,1278.3,0.3
2026-09-05T15:49:10.287+00:00,B_sell_A_buy,12.9421,6.1421,4432.0,4432.1,4.8216,1.4959,4437.84,4438.6,0.455,0.225,0.0000062500,0.0000000000,1412.4,0.2
2026-09-05T15:49:10.287+00:00,B_sell_A_buy,12.7843,5.9843,4432.0,4432.1,4.8216,1.4959,4437.77,4438.6,1.267,0.225,0.0000062500,0.0000000000,1412.5,0.3
2026-09-05T15:49:10.312+00:00,B_sell_A_buy,12.7167,5.9167,4432.0,4432.1,4.8216,1.4959,4437.74,4438.6,1.69,0.225,0.0000062500,0.0000000000,1437.1,0.1
2026-09-05T15:49:10.312+00:00,B_sell_A_buy,11.8376,5.0376,4432.0,4432.1,4.8216,1.4959,4437.35,4438.6,0.068,0.225,0.0000062500,0.0000000000,1437.2,0.2
2026-09-05T15:49:10.312+00:00,B_sell_A_buy,11.8376,5.0376,4432.0,4432.1,4.8216,1.4959,4437.35,4438.59,0.068,1.267,0.0000062500,0.0000000000,1437.3,0.2
2026-09-05T15:49:10.312+00:00,B_sell_A_buy,11.8381,5.0381,4432.0,4432.1,4.8216,1.4959,4437.35,4437.85,0.068,10.579,0.0000062500,0.0000000000,1437.3,0.2
2026-09-05T15:49:10.312+00:00,B_sell_A_buy,11.8381,5.0381,4432.0,4432.1,4.8216,1.4959,4437.35,4437.85,0.068,14.077,0.0000062500,0.0000000000,1437.3,0.3
2026-09-05T15:49:10.382+00:00,B_sell_A_buy,11.8381,5.0381,4432.0,4432.1,4.8216,1.4959,4437.35,4437.85,0.068,3.498,0.0000062500,0.0000000000,1506.4,0.2
2026-09-05T15:49:10.382+00:00,B_sell_A_buy,11.8376,5.0376,4432.0,4432.1,4.8216,1.4959,4437.35,4438.59,0.068,1.267,0.0000062500,0.0000000000,1506.5,0.3
2026-09-05T15:49:10.384+00:00,B_sell_A_buy,11.8376,5.0376,4432.0,4432.1,4.8216,1.4959,4437.35,4438.6,0.068,0.225,0.0000062500,0.0000000000,1508.5,0.1
2026-09-05T15:49:10.387+00:00,B_sell_A_buy,11.8381,5.0381,4432.0,4432.1,4.8216,1.4959,4437.35,4437.83,0.068,10.579,0.0000062500,0.0000000000,1511.7,0.1
2026-09-05T15:49:10.387+00:00,B_sell_A_buy,11.8381,5.0381,4432.0,4432.1,4.8216,1.4959,4437.35,4437.83,0.068,14.077,0.0000062500,0.0000000000,1511.8,0.1
2026-09-05T15:49:10.387+00:00,B_sell_A_buy,11.8607,5.0607,4432.0,4432.1,4.8216,1.4959,4437.36,4437.83,1.69,14.077,0.0000062500,0.0000000000,1511.8,0.1
2026-09-05T15:49:10.436+00:00,B_sell_A_buy,11.8607,5.0607,4432.0,4432.1,4.8216,1.4959,4437.36,4437.83,2.957,14.077,0.0000062500,0.0000000000,1560.3,0.2
2026-09-05T15:49:10.548+00:00,B_sell_A_buy,11.8607,5.0607,4432.0,4432.1,4.8216,1.4959,4437.36,4437.83,1.69,14.077,0.0000062500,0.0000000000,1672.8,0.3
2026-09-05T15:49:10.602+00:00,B_sell_A_buy,12.8976,6.0976,4432.0,4432.1,4.8216,1.4959,4437.82,4437.83,17.157,14.077,0.0000062500,0.0000000000,1726.5,0.2
2026-09-05T15:49:10.602+00:00,B_sell_A_buy,12.8976,6.0976,4432.0,4432.1,4.8216,1.4959,4437.82,4437.83,20.609,14.077,0.0000062500,0.0000000000,1726.6,0.3
2026-09-05T15:49:22.407+00:00,B_sell_A_buy,12.8525,6.0525,4432.0,4432.1,4.8216,1.2511,4437.8,4437.81,23.069,1.487,0.0000062500,0.0000000000,0.2,164.4
2026-09-05T15:49:22.498+00:00,B_sell_A_buy,12.8525,6.0525,4432.0,4432.1,4.8216,1.2511,4437.8,4437.81,23.069,5.816,0.0000062500,0.0000000000,91.2,0.2
2026-09-05T15:49:22.498+00:00,B_sell_A_buy,12.8525,6.0525,4432.0,4432.1,4.8216,1.2511,4437.8,4437.81,23.069,8.687,0.0000062500,0.0000000000,91.4,0.3
2026-09-05T15:49:22.639+00:00,B_sell_A_buy,12.8525,6.0525,4432.0,4432.1,4.8216,1.2511,4437.8,4437.81,23.069,7.2,0.0000062500,0.0000000000,232.5,0.2
2026-09-05T15:49:22.900+00:00,B_sell_A_buy,12.8525,6.0525,4432.0,4432.1,4.8216,1.2511,4437.8,4437.81,22.959,7.2,0.0000062500,0.0000000000,493.7,0.2
2026-09-05T15:49:22.900+00:00,B_sell_A_buy,12.8525,6.0525,4432.0,4432.1,4.8216,1.2511,4437.8,4437.81,22.9,7.2,0.0000062500,0.0000000000,493.8,0.3
2026-09-05T15:49:22.900+00:00,B_sell_A_buy,12.8525,6.0525,4432.0,4432.1,4.8216,1.2511,4437.8,4437.81,22.9,7.141,0.0000062500,0.0000000000,493.9,0.3
2026-09-05T15:49:23.047+00:00,B_sell_A_buy,12.8525,6.0525,4432.0,4432.1,4.8216,1.2511,4437.8,4437.81,22.9,7.082,0.0000062500,0.0000000000,640.7,0.3
2026-09-05T15:49:23.096+00:00,B_sell_A_buy,12.8525,6.0525,4432.0,4432.1,4.8216,1.2511,4437.8,4437.81,22.841,7.082,0.0000062500,0.0000000000,690.0,0.3
2026-09-05T15:49:23.289+00:00,B_sell_A_buy,12.8525,6.0525,4432.0,4432.1,4.8216,1.2511,4437.8,4437.81,22.841,7.034,0.0000062500,0.0000000000,883.1,0.2
2026-09-05T15:49:23.289+00:00,B_sell_A_buy,12.8525,6.0525,4432.0,4432.1,4.8216,1.2511,4437.8,4437.81,22.793,7.034,0.0000062500,0.0000000000,883.3,0.3
2026-09-05T15:49:23.497+00:00,B_sell_A_buy,12.8525,6.0525,4432.0,4432.1,4.8216,1.2511,4437.8,4437.81,22.745,7.034,0.0000062500,0.0000000000,1090.8,0.3
2026-09-05T15:49:23.497+00:00,B_sell_A_buy,12.8525,6.0525,4432.0,4432.1,4.8216,1.2511,4437.8,4437.81,22.745,6.986,0.0000062500,0.0000000000,1091.0,0.4
2026-09-05T15:49:23.598+00:00,B_sell_A_buy,12.8525,6.0525,4432.0,4432.1,4.8216,1.2511,4437.8,4437.81,22.745,10.382,0.0000062500,0.0000000000,1191.4,0.3
2026-09-05T15:49:23.598+00:00,B_sell_A_buy,12.8525,6.0525,4432.0,4432.1,4.8216,1.2511,4437.8,4437.81,22.745,6.986,0.0000062500,0.0000000000,1191.6,0.5
2026-09-05T15:49:23.997+00:00,B_sell_A_buy,12.8525,6.0525,4432.0,4432.1,4.8216,1.2511,4437.8,4437.81,22.691,6.986,0.0000062500,0.0000000000,1590.5,0.3
2026-09-05T15:49:23.997+00:00,B_sell_A_buy,12.8525,6.0525,4432.0,4432.1,4.8216,1.2511,4437.8,4437.81,22.691,6.932,0.0000062500,0.0000000000,1590.6,0.4
2026-09-05T15:49:24.144+00:00,B_sell_A_buy,12.8525,6.0525,4432.0,4432.1,4.8216,1.2511,4437.8,4437.81,22.637,6.932,0.0000062500,0.0000000000,1737.6,0.2
2026-09-05T15:49:24.144+00:00,B_sell_A_buy,12.8525,6.0525,4432.0,4432.1,4.8216,1.2511,4437.8,4437.81,22.637,6.878,0.0000062500,0.0000000000,1737.7,0.3
2026-09-05T15:49:24.302+00:00,B_sell_A_buy,12.8525,6.0525,4432.0,4432.1,4.8216,1.2511,4437.8,4437.81,22.637,9.844,0.0000062500,0.0000000000,1896.0,0.3
2026-09-05T15:49:24.302+00:00,B_sell_A_buy,12.8525,6.0525,4432.0,4432.1,4.8216,1.2511,4437.8,4437.81,22.637,6.878,0.0000062500,0.0000000000,1896.2,0.4
2026-09-05T15:49:45.664+00:00,B_sell_A_buy,12.9201,6.1201,4432.0,4432.1,5.7206,1.2511,4437.83,4437.84,30.362,6.473,0.0000062500,0.0000000000,0.2,82.6
2026-09-05T15:49:45.838+00:00,B_sell_A_buy,12.9201,6.1201,4432.0,4432.1,5.7206,1.2511,4437.83,4437.84,26.963,6.473,0.0000062500,0.0000000000,174.8,0.2
2026-09-05T15:49:45.993+00:00,B_sell_A_buy,12.9201,6.1201,4432.0,4432.1,5.7206,1.2511,4437.83,4437.84,26.963,6.413,0.0000062500,0.0000000000,329.6,0.3
2026-09-05T15:49:45.993+00:00,B_sell_A_buy,12.9201,6.1201,4432.0,4432.1,5.7206,1.2511,4437.83,4437.84,26.9,6.413,0.0000062500,0.0000000000,329.8,0.4
2026-09-05T15:49:45.993+00:00,B_sell_A_buy,12.9201,6.1201,4432.0,4432.1,5.7206,1.2511,4437.83,4437.84,26.84,6.413,0.0000062500,0.0000000000,329.9,0.4
2026-09-05T15:49:46.048+00:00,B_sell_A_buy,12.9201,6.1201,4432.0,4432.1,5.7206,1.2511,4437.83,4437.84,26.776,6.413,0.0000062500,0.0000000000,384.7,0.2
2026-09-05T15:49:46.048+00:00,B_sell_A_buy,12.9201,6.1201,4432.0,4432.1,5.7206,1.2511,4437.83,4437.84,26.776,4.856,0.0000062500,0.0000000000,384.8,0.2
2026-09-05T15:49:46.048+00:00,B_sell_A_buy,12.9201,6.1201,4432.0,4432.1,5.7206,1.2511,4437.83,4437.84,26.776,6.413,0.0000062500,0.0000000000,384.9,0.3
2026-09-05T15:49:46.048+00:00,B_sell_A_buy,12.9201,6.1201,4432.0,4432.1,5.7206,1.2511,4437.83,4437.84,26.776,6.349,0.0000062500,0.0000000000,384.9,0.3
2026-09-05T15:49:46.076+00:00,B_sell_A_buy,12.9201,6.1201,4432.0,4432.1,4.8216,1.2511,4437.83,4437.84,26.776,6.349,0.0000062500,0.0000000000,0.2,27.7
2026-09-05T15:49:46.186+00:00,B_sell_A_buy,12.9201,6.1201,4432.0,4432.1,4.8216,1.2511,4437.83,4437.84,26.776,6.289,0.0000062500,0.0000000000,109.8,0.2
2026-09-05T15:49:46.186+00:00,B_sell_A_buy,12.9201,6.1201,4432.0,4432.1,4.8216,1.2511,4437.83,4437.84,26.716,6.289,0.0000062500,0.0000000000,109.9,0.3
2026-09-05T15:49:46.251+00:00,B_sell_A_buy,12.9201,6.1201,4432.0,4432.1,4.8216,1.2511,4437.83,4437.84,26.716,6.225,0.0000062500,0.0000000000,176.2,0.3
2026-09-05T15:49:46.252+00:00,B_sell_A_buy,12.9201,6.1201,4432.0,4432.1,4.8216,1.2511,4437.83,4437.84,26.652,6.225,0.0000062500,0.0000000000,176.4,0.5
2026-09-05T15:49:46.541+00:00,B_sell_A_buy,12.9201,6.1201,4432.0,4432.1,4.8216,1.2511,4437.83,4437.84,26.652,6.17,0.0000062500,0.0000000000,465.9,0.3
2026-09-05T15:49:46.800+00:00,B_sell_A_buy,12.9201,6.1201,4432.0,4432.1,4.8216,1.2511,4437.83,4437.84,26.652,6.114,0.0000062500,0.0000000000,724.7,0.2
2026-09-05T15:49:46.800+00:00,B_sell_A_buy,12.9201,6.1201,4432.0,4432.1,4.8216,1.2511,4437.83,4437.84,26.596,6.114,0.0000062500,0.0000000000,724.8,0.3
2026-09-05T15:49:46.995+00:00,B_sell_A_buy,12.9201,6.1201,4432.0,4432.1,4.8216,1.2511,4437.83,4437.84,26.54,6.114,0.0000062500,0.0000000000,919.8,0.3
2026-09-05T15:49:46.997+00:00,B_sell_A_buy,12.9201,6.1201,4432.0,4432.1,4.8216,1.2511,4437.83,4437.84,26.54,6.058,0.0000062500,0.0000000000,921.9,0.2
2026-09-05T15:49:47.181+00:00,B_sell_A_buy,12.9201,6.1201,4432.0,4432.1,4.8216,1.2511,4437.83,4437.84,26.54,4.501,0.0000062500,0.0000000000,1106.0,0.2
2026-09-05T15:49:47.254+00:00,B_sell_A_buy,12.9201,6.1201,4432.0,4432.1,4.8216,1.2511,4437.83,4437.84,26.474,4.501,0.0000062500,0.0000000000,1178.6,0.3
2026-09-05T15:49:47.254+00:00,B_sell_A_buy,12.9201,6.1201,4432.0,4432.1,4.8216,1.2511,4437.83,4437.84,26.474,4.435,0.0000062500,0.0000000000,1178.9,0.4
2026-09-05T15:49:47.445+00:00,B_sell_A_buy,12.9201,6.1201,4432.0,4432.1,4.8216,1.2511,4437.83,4437.84,26.474,4.369,0.0000062500,0.0000000000,1369.1,0.2
2026-09-05T15:49:47.445+00:00,B_sell_A_buy,12.9201,6.1201,4432.0,4432.1,4.8216,1.2511,4437.83,4437.84,26.408,4.369,0.0000062500,0.0000000000,1369.3,0.3
2026-09-05T15:49:48.046+00:00,B_sell_A_buy,12.9201,6.1201,4432.0,4432.1,4.8216,1.2511,4437.83,4437.84,26.408,4.318,0.0000062500,0.0000000000,1971.1,0.2
2026-09-05T15:49:48.047+00:00,B_sell_A_buy,12.9201,6.1201,4432.0,4432.1,4.8216,1.2511,4437.83,4437.84,26.357,4.318,0.0000062500,0.0000000000,1971.2,0.3
2026-09-05T15:50:07.670+00:00,B_sell_A_buy,13.0103,6.2103,4432.0,4432.1,5.7508,1.2511,4437.87,4437.88,27.413,0.682,0.0000062500,0.0000000000,0.2,74.5
2026-09-05T15:50:07.691+00:00,B_sell_A_buy,13.0103,6.2103,4432.0,4432.1,5.7508,1.2511,4437.87,4437.88,27.367,0.682,0.0000062500,0.0000000000,21.2,0.1
2026-09-05T15:50:07.692+00:00,B_sell_A_buy,13.0103,6.2103,4432.0,4432.1,5.7508,1.2511,4437.87,4437.88,27.367,0.636,0.0000062500,0.0000000000,21.3,0.2
2026-09-05T15:50:07.739+00:00,B_sell_A_buy,13.0103,6.2103,4432.0,4432.1,5.7508,1.2511,4437.87,4437.88,27.311,0.636,0.0000062500,0.0000000000,69.3,0.2
2026-09-05T15:50:07.739+00:00,B_sell_A_buy,13.0103,6.2103,4432.0,4432.1,5.7508,1.2511,4437.87,4437.88,27.311,0.58,0.0000062500,0.0000000000,69.4,0.3
2026-09-05T15:50:08.137+00:00,B_sell_A_buy,13.0102,6.2102,4432.0,4432.1,5.7508,1.2511,4437.87,4437.91,27.311,7.029,0.0000062500,0.0000000000,466.9,0.3
2026-09-05T15:50:08.233+00:00,B_sell_A_buy,13.0102,6.2102,4432.0,4432.1,5.7508,1.2511,4437.87,4437.91,5.231,7.029,0.0000062500,0.0000000000,563.3,0.2
2026-09-05T15:50:08.233+00:00,B_sell_A_buy,12.9877,6.1877,4432.0,4432.1,5.7508,1.2511,4437.86,4437.91,1.267,7.029,0.0000062500,0.0000000000,563.5,0.3
2026-09-05T15:50:08.233+00:00,B_sell_A_buy,13.0328,6.2328,4432.0,4432.1,5.7508,1.2511,4437.88,4437.91,22.167,7.029,0.0000062500,0.0000000000,563.5,0.3
2026-09-05T15:50:08.233+00:00,B_sell_A_buy,13.0328,6.2328,4432.0,4432.1,5.7508,1.2511,4437.88,4437.91,27.398,7.029,0.0000062500,0.0000000000,563.5,0.3
2026-09-05T15:50:08.346+00:00,B_sell_A_buy,13.0328,6.2328,4432.0,4432.1,5.7508,1.2511,4437.88,4437.91,5.231,7.029,0.0000062500,0.0000000000,676.1,0.2
2026-09-05T15:50:08.346+00:00,B_sell_A_buy,12.9877,6.1877,4432.0,4432.1,5.7508,1.2511,4437.86,4437.91,1.267,7.029,0.0000062500,0.0000000000,676.2,0.2
2026-09-05T15:50:08.358+00:00,B_sell_A_buy,13.0553,6.2553,4432.0,4432.1,5.7508,1.2511,4437.89,4437.91,22.167,7.029,0.0000062500,0.0000000000,688.3,0.1
2026-09-05T15:50:08.358+00:00,B_sell_A_buy,13.0553,6.2553,4432.0,4432.1,5.7508,1.2511,4437.89,4437.91,27.398,7.029,0.0000062500,0.0000000000,688.4,0.2
2026-09-05T15:50:08.394+00:00,B_sell_A_buy,13.0553,6.2553,4432.0,4432.1,5.7508,1.2511,4437.89,4437.91,27.398,2.61,0.0000062500,0.0000000000,724.4,0.1
2026-09-05T15:50:08.402+00:00,B_sell_A_buy,13.0553,6.2553,4432.0,4432.1,5.7508,1.2511,4437.89,4437.9,27.398,4.623,0.0000062500,0.0000000000,731.5,0.1
2026-09-05T15:50:08.408+00:00,B_sell_A_buy,13.0553,6.2553,4432.0,4432.1,5.7508,1.2511,4437.89,4437.9,27.344,4.623,0.0000062500,0.0000000000,737.9,0.1
2026-09-05T15:50:08.444+00:00,B_sell_A_buy,13.0553,6.2553,4432.0,4432.1,5.7508,1.2511,4437.89,4437.9,5.231,4.623,0.0000062500,0.0000000000,773.5,0.1
2026-09-05T15:50:08.448+00:00,B_sell_A_buy,12.9877,6.1877,4432.0,4432.1,5.7508,1.2511,4437.86,4437.9,1.267,4.623,0.0000062500,0.0000000000,778.5,0.1
2026-09-05T15:50:08.546+00:00,B_sell_A_buy,13.0102,6.2102,4432.0,4432.1,5.7508,1.2511,4437.87,4437.9,22.135,4.623,0.0000062500,0.0000000000,876.1,0.3
2026-09-05T15:50:08.548+00:00,B_sell_A_buy,13.0102,6.2102,4432.0,4432.1,5.7508,1.2511,4437.87,4437.9,27.366,4.623,0.0000062500,0.0000000000,878.2,0.1
2026-09-05T15:50:08.548+00:00,B_sell_A_buy,13.0102,6.2102,4432.0,4432.1,5.7508,1.2511,4437.87,4437.9,25.82,4.623,0.0000062500,0.0000000000,878.3,0.2
2026-09-05T15:50:08.548+00:00,B_sell_A_buy,13.0102,6.2102,4432.0,4432.1,5.7508,1.2511,4437.87,4437.9,25.773,4.623,0.0000062500,0.0000000000,878.4,0.2
2026-09-05T15:50:08.548+00:00,B_sell_A_buy,13.0102,6.2102,4432.0,4432.1,5.7508,1.2511,4437.87,4437.9,25.773,4.569,0.0000062500,0.0000000000,878.4,0.2
2026-09-05T15:50:08.638+00:00,B_sell_A_buy,13.0102,6.2102,4432.0,4432.1,5.7508,1.2511,4437.87,4437.9,5.231,4.569,0.0000062500,0.0000000000,967.7,0.2
2026-09-05T15:50:08.638+00:00,B_sell_A_buy,12.9877,6.1877,4432.0,4432.1,5.7508,1.2511,4437.86,4437.9,1.267,4.569,0.0000062500,0.0000000000,967.9,0.3
2026-09-05T15:50:08.645+00:00,B_sell_A_buy,13.0328,6.2328,4432.0,4432.1,5.7508,1.2511,4437.88,4437.9,22.135,4.569,0.0000062500,0.0000000000,975.3,0.1
2026-09-05T15:50:08.645+00:00,B_sell_A_buy,13.0328,6.2328,4432.0,4432.1,5.7508,1.2511,4437.88,4437.9,27.366,4.569,0.0000062500,0.0000000000,975.4,0.2
2026-09-05T15:50:08.693+00:00,B_sell_A_buy,13.0328,6.2328,4432.0,4432.1,5.7508,1.2511,4437.88,4437.9,27.366,4.522,0.0000062500,0.0000000000,1023.1,0.1
2026-09-05T15:50:08.798+00:00,B_sell_A_buy,13.0328,6.2328,4432.0,4432.1,5.7508,1.2511,4437.88,4437.9,22.135,4.522,0.0000062500,0.0000000000,1128.4,0.3
2026-09-05T15:50:08.798+00:00,B_sell_A_buy,12.9877,6.1877,4432.0,4432.1,5.7508,1.2511,4437.86,4437.9,1.267,4.522,0.0000062500,0.0000000000,1128.5,0.3
2026-09-05T15:50:08.798+00:00,B_sell_A_buy,12.8975,6.0975,4432.0,4432.1,5.7508,1.2511,4437.82,4437.9,1.69,4.522,0.0000062500,0.0000000000,1128.5,0.3
2026-09-05T15:50:08.800+00:00,B_sell_A_buy,11.8381,5.0381,4432.0,4432.1,5.7508,1.2511,4437.35,4437.9,0.068,4.522,0.0000062500,0.0000000000,1130.9,0.1
2026-09-05T15:50:08.800+00:00,B_sell_A_buy,13.0553,6.2553,4432.0,4432.1,5.7508,1.2511,4437.89,4437.9,21.249,4.522,0.0000062500,0.0000000000,1130.9,0.1
2026-09-05T15:50:08.800+00:00,B_sell_A_buy,13.0553,6.2553,4432.0,4432.1,5.7508,1.2511,4437.89,4437.9,26.48,4.522,0.0000062500,0.0000000000,1131.0,0.2
2026-09-05T15:50:08.809+00:00,B_sell_A_buy,13.0553,6.2553,4432.0,4432.1,5.7508,1.2511,4437.89,4437.9,26.034,4.522,0.0000062500,0.0000000000,1139.8,0.1
2026-09-05T15:50:09.095+00:00,B_sell_A_buy,13.0553,6.2553,4432.0,4432.1,5.7508,1.2511,4437.89,4437.9,27.301,4.522,0.0000062500,0.0000000000,1424.8,0.2
2026-09-05T15:50:10.082+00:00,B_sell_A_buy,13.0553,6.2553,4432.0,4432.1,5.898,1.2511,4437.89,4437.9,27.301,4.522,0.0000062500,0.0000000000,0.3,987.7
2026-09-05T15:50:10.604+00:00,B_sell_A_buy,13.0553,6.2553,4432.0,4432.1,5.898,1.2511,4437.89,4437.9,27.191,4.522,0.0000062500,0.0000000000,522.2,0.3
2026-09-05T15:50:10.957+00:00,B_sell_A_buy,13.0553,6.2553,4432.0,4432.1,5.898,1.2511,4437.89,4437.9,26.611,4.522,0.0000062500,0.0000000000,874.7,0.2
2026-09-05T15:50:11.398+00:00,B_sell_A_buy,13.0553,6.2553,4432.0,4432.1,5.898,1.2511,4437.89,4437.9,26.611,4.463,0.0000062500,0.0000000000,1315.7,0.2
2026-09-05T15:50:11.398+00:00,B_sell_A_buy,13.0553,6.2553,4432.0,4432.1,5.898,1.2511,4437.89,4437.9,26.552,4.463,0.0000062500,0.0000000000,1315.8,0.3
2026-09-05T15:50:11.449+00:00,B_sell_A_buy,13.0553,6.2553,4432.0,4432.1,5.898,1.2511,4437.89,4437.9,26.552,4.414,0.0000062500,0.0000000000,1367.2,0.1
2026-09-05T15:50:11.449+00:00,B_sell_A_buy,13.0553,6.2553,4432.0,4432.1,5.898,1.2511,4437.89,4437.9,26.503,4.414,0.0000062500,0.0000000000,1367.3,0.3
2026-09-05T15:50:11.600+00:00,B_sell_A_buy,13.0553,6.2553,4432.0,4432.1,5.898,1.2511,4437.89,4437.9,26.444,4.414,0.0000062500,0.0000000000,1518.7,0.3
2026-09-05T15:50:11.600+00:00,B_sell_A_buy,13.0553,6.2553,4432.0,4432.1,5.898,1.2511,4437.89,4437.9,26.444,4.355,0.0000062500,0.0000000000,1518.9,0.4
2026-09-05T15:50:11.600+00:00,B_sell_A_buy,13.0553,6.2553,4432.0,4432.1,5.898,1.2511,4437.89,4437.9,26.395,4.355,0.0000062500,0.0000000000,1518.9,0.4
2026-09-05T15:50:11.639+00:00,B_sell_A_buy,13.0553,6.2553,4432.0,4432.1,5.898,1.2511,4437.89,4437.9,26.395,4.306,0.0000062500,0.0000000000,1557.4,0.2
2026-09-05T15:50:11.797+00:00,B_sell_A_buy,13.0553,6.2553,4432.0,4432.1,5.898,1.2511,4437.89,4437.95,26.395,2.61,0.0000062500,0.0000000000,1714.7,0.3
2026-09-05T15:50:11.895+00:00,B_sell_A_buy,13.0553,6.2553,4432.0,4432.1,5.898,1.2511,4437.89,4437.95,6.498,2.61,0.0000062500,0.0000000000,1813.1,0.2
2026-09-05T15:50:11.895+00:00,B_sell_A_buy,13.0553,6.2553,4432.0,4432.1,5.898,1.2511,4437.89,4437.95,1.267,2.61,0.0000062500,0.0000000000,1813.3,0.4
2026-09-05T15:50:11.946+00:00,B_sell_A_buy,13.0553,6.2553,4432.0,4432.1,5.898,1.2511,4437.89,4437.95,1.267,9.915,0.0000062500,0.0000000000,1864.6,0.2
2026-09-05T15:50:11.946+00:00,B_sell_A_buy,13.1680,6.3680,4432.0,4432.1,5.898,1.2511,4437.94,4437.95,20.622,9.915,0.0000062500,0.0000000000,1864.7,0.3
2026-09-05T15:50:11.946+00:00,B_sell_A_buy,13.1680,6.3680,4432.0,4432.1,5.898,1.2511,4437.94,4437.95,25.853,9.915,0.0000062500,0.0000000000,1864.8,0.4
2026-09-05T15:50:19.704+00:00,B_sell_A_buy,13.1454,6.3454,4432.0,4432.1,5.7508,1.2511,4437.93,4437.95,16.063,1.442,0.0000062500,0.0000000000,0.3,54.5
2026-09-05T15:50:19.732+00:00,B_sell_A_buy,13.1454,6.3454,4432.0,4432.1,5.7508,1.2511,4437.93,4437.95,3.648,1.442,0.0000062500,0.0000000000,28.5,0.2
2026-09-05T15:50:19.732+00:00,B_sell_A_buy,13.1004,6.3004,4432.0,4432.1,5.7508,1.2511,4437.91,4437.95,1.267,1.442,0.0000062500,0.0000000000,28.6,0.3
2026-09-05T15:50:19.742+00:00,B_sell_A_buy,13.1680,6.3680,4432.0,4432.1,5.7508,1.2511,4437.94,4437.95,12.415,1.442,0.0000062500,0.0000000000,37.5,0.1
2026-09-05T15:50:19.742+00:00,B_sell_A_buy,13.1680,6.3680,4432.0,4432.1,5.7508,1.2511,4437.94,4437.95,16.063,1.442,0.0000062500,0.0000000000,37.6,0.2
2026-09-05T15:50:21.597+00:00,B_sell_A_buy,13.1680,6.3680,4432.0,4432.1,5.7508,1.2511,4437.94,4437.95,16.063,1.22,0.0000062500,0.0000000000,1893.0,0.3
2026-09-05T15:50:21.606+00:00,B_sell_A_buy,13.1905,6.3905,4432.0,4432.1,5.7508,1.2511,4437.95,4437.97,0.236,1.267,0.0000062500,0.0000000000,1902.5,0.2
2026-09-05T15:50:21.606+00:00,B_sell_A_buy,13.1680,6.3680,4432.0,4432.1,5.7508,1.2511,4437.94,4437.95,16.063,1.22,0.0000062500,0.0000000000,1902.6,0.2
2026-09-05T15:50:21.610+00:00,B_sell_A_buy,13.1905,6.3905,4432.0,4432.1,5.7508,1.2511,4437.95,4437.97,2.325,1.267,0.0000062500,0.0000000000,1905.5,0.1
2026-09-05T15:50:21.610+00:00,B_sell_A_buy,13.1680,6.3680,4432.0,4432.1,5.7508,1.2511,4437.94,4437.95,16.063,1.22,0.0000062500,0.0000000000,1905.6,0.2
2026-09-05T15:50:39.553+00:00,B_sell_A_buy,13.2131,6.4131,4432.0,4432.1,4.8216,1.2511,4437.96,4437.97,16.391,12.622,0.0000062500,0.0000000000,0.3,456.6
2026-09-05T15:50:39.553+00:00,B_sell_A_buy,13.2131,6.4131,4432.0,4432.1,4.8216,1.2511,4437.96,4437.97,16.391,12.558,0.0000062500,0.0000000000,0.4,0.3
2026-09-05T15:50:39.553+00:00,B_sell_A_buy,13.2131,6.4131,4432.0,4432.1,4.8216,1.2511,4437.96,4437.97,16.391,12.499,0.0000062500,0.0000000000,0.4,0.3
2026-09-05T15:50:39.553+00:00,B_sell_A_buy,13.2131,6.4131,4432.0,4432.1,4.8216,1.2511,4437.96,4437.97,16.327,12.499,0.0000062500,0.0000000000,0.5,0.4
2026-09-05T15:50:39.553+00:00,B_sell_A_buy,13.2131,6.4131,4432.0,4432.1,4.8216,1.2511,4437.96,4437.97,16.268,12.499,0.0000062500,0.0000000000,0.5,0.4
2026-09-05T15:50:39.669+00:00,B_sell_A_buy,13.2131,6.4131,4432.0,4432.1,4.8216,1.2511,4437.96,4437.97,16.198,12.499,0.0000062500,0.0000000000,116.8,0.3
2026-09-05T15:50:39.740+00:00,B_sell_A_buy,13.2131,6.4131,4432.0,4432.1,4.8216,1.2511,4437.96,4437.97,16.198,12.435,0.0000062500,0.0000000000,187.9,0.2
2026-09-05T15:50:39.742+00:00,B_sell_A_buy,13.2131,6.4131,4432.0,4432.1,4.8216,1.2511,4437.96,4437.97,16.139,12.435,0.0000062500,0.0000000000,190.0,0.1
2026-09-05T15:50:39.743+00:00,B_sell_A_buy,13.2131,6.4131,4432.0,4432.1,4.8216,1.2511,4437.96,4437.97,16.139,12.376,0.0000062500,0.0000000000,190.1,0.2
2026-09-05T15:50:39.860+00:00,B_sell_A_buy,13.2131,6.4131,4432.0,4432.1,4.8216,1.2511,4437.96,4437.97,16.075,12.376,0.0000062500,0.0000000000,307.5,0.2
2026-09-05T15:50:40.454+00:00,B_sell_A_buy,13.2131,6.4131,4432.0,4432.1,4.8216,1.2511,4437.96,4437.97,16.075,12.327,0.0000062500,0.0000000000,901.4,0.3
2026-09-05T15:50:40.454+00:00,B_sell_A_buy,13.2131,6.4131,4432.0,4432.1,4.8216,1.2511,4437.96,4437.97,16.026,12.327,0.0000062500,0.0000000000,901.6,0.4
2026-09-05T15:50:40.698+00:00,B_sell_A_buy,13.2131,6.4131,4432.0,4432.1,4.8216,1.2511,4437.96,4437.97,16.026,12.274,0.0000062500,0.0000000000,1145.7,0.3
2026-09-05T15:50:40.699+00:00,B_sell_A_buy,13.2131,6.4131,4432.0,4432.1,4.8216,1.2511,4437.96,4437.97,16.026,12.225,0.0000062500,0.0000000000,1145.9,0.4
2026-09-05T15:50:40.699+00:00,B_sell_A_buy,13.2131,6.4131,4432.0,4432.1,4.8216,1.2511,4437.96,4437.97,15.973,12.225,0.0000062500,0.0000000000,1146.0,0.5
2026-09-05T15:50:40.699+00:00,B_sell_A_buy,13.2131,6.4131,4432.0,4432.1,4.8216,1.2511,4437.96,4437.97,15.924,12.225,0.0000062500,0.0000000000,1146.0,0.5
2026-09-05T15:50:40.892+00:00,B_sell_A_buy,13.2131,6.4131,4432.0,4432.1,4.8216,1.2511,4437.96,4437.97,15.871,12.225,0.0000062500,0.0000000000,1339.7,0.2
2026-09-05T15:50:40.893+00:00,B_sell_A_buy,13.2131,6.4131,4432.0,4432.1,4.8216,1.2511,4437.96,4437.97,15.871,12.172,0.0000062500,0.0000000000,1339.8,0.3
2026-09-05T15:50:41.179+00:00,B_sell_A_buy,13.2131,6.4131,4432.0,4432.1,4.8216,1.2511,4437.96,4437.97,15.941,12.172,0.0000062500,0.0000000000,1626.2,0.2
2026-09-05T15:50:41.395+00:00,B_sell_A_buy,13.2131,6.4131,4432.0,4432.1,4.8216,1.2511,4437.96,4437.97,15.941,13.561,0.0000062500,0.0000000000,1841.8,0.3
2026-09-05T15:50:41.395+00:00,B_sell_A_buy,13.2131,6.4131,4432.0,4432.1,4.8216,1.2511,4437.96,4437.97,15.941,12.172,0.0000062500,0.0000000000,1842.0,0.4
2026-09-05T15:50:45.718+00:00,B_sell_A_buy,13.2131,6.4131,4432.0,4432.1,4.8216,1.2484,4437.96,4437.97,15.005,2.838,0.0000062500,0.0000000000,0.3,178.6
2026-09-05T15:50:45.754+00:00,B_sell_A_buy,13.2131,6.4131,4432.0,4432.1,4.8216,1.2484,4437.96,4437.97,14.951,2.838,0.0000062500,0.0000000000,35.5,0.3
2026-09-05T15:50:45.754+00:00,B_sell_A_buy,13.2131,6.4131,4432.0,4432.1,4.8216,1.2484,4437.96,4437.97,14.951,2.784,0.0000062500,0.0000000000,35.7,0.4
2026-09-05T15:50:45.944+00:00,B_sell_A_buy,13.2131,6.4131,4432.0,4432.1,4.8216,1.2484,4437.96,4437.97,14.896,2.784,0.0000062500,0.0000000000,225.8,0.2
2026-09-05T15:50:46.089+00:00,B_sell_A_buy,13.2131,6.4131,4432.0,4432.1,4.8216,1.2484,4437.96,4437.97,14.896,2.717,0.0000062500,0.0000000000,370.6,0.3
2026-09-05T15:50:46.091+00:00,B_sell_A_buy,13.2131,6.4131,4432.0,4432.1,4.8216,1.2484,4437.96,4437.97,14.829,2.717,0.0000062500,0.0000000000,372.4,0.1
2026-09-05T15:50:46.245+00:00,B_sell_A_buy,13.2131,6.4131,4432.0,4432.1,4.8216,1.2484,4437.96,4437.97,14.762,2.717,0.0000062500,0.0000000000,527.3,0.2
2026-09-05T15:50:46.245+00:00,B_sell_A_buy,13.2131,6.4131,4432.0,4432.1,4.8216,1.2484,4437.96,4437.97,14.762,2.65,0.0000062500,0.0000000000,527.4,0.3
2026-09-05T15:50:46.349+00:00,B_sell_A_buy,13.2131,6.4131,4432.0,4432.1,4.8216,1.2484,4437.96,4437.97,11.244,2.65,0.0000062500,0.0000000000,631.4,0.2
2026-09-05T15:50:46.495+00:00,B_sell_A_buy,13.2131,6.4131,4432.0,4432.1,4.8216,1.2484,4437.96,4437.97,11.244,2.592,0.0000062500,0.0000000000,776.9,0.3
2026-09-05T15:50:46.540+00:00,B_sell_A_buy,13.2131,6.4131,4432.0,4432.1,4.8216,1.2484,4437.96,4437.97,11.186,2.592,0.0000062500,0.0000000000,821.6,0.3
2026-09-05T15:50:46.702+00:00,B_sell_A_buy,13.2131,6.4131,4432.0,4432.1,4.8216,1.2484,4437.96,4437.97,11.128,2.592,0.0000062500,0.0000000000,983.4,0.2
2026-09-05T15:50:46.702+00:00,B_sell_A_buy,13.2131,6.4131,4432.0,4432.1,4.8216,1.2484,4437.96,4437.97,11.128,2.534,0.0000062500,0.0000000000,983.5,0.3
2026-09-05T15:50:47.155+00:00,B_sell_A_buy,13.2131,6.4131,4432.0,4432.1,4.8216,1.2484,4437.96,4437.97,7.545,2.534,0.0000062500,0.0000000000,1436.0,0.2
2026-09-05T15:50:47.302+00:00,B_sell_A_buy,13.2131,6.4131,4432.0,4432.1,4.8216,1.2484,4437.96,4437.97,7.545,2.478,0.0000062500,0.0000000000,1583.0,0.2
2026-09-05T15:50:47.302+00:00,B_sell_A_buy,13.2131,6.4131,4432.0,4432.1,4.8216,1.2484,4437.96,4437.97,7.489,2.478,0.0000062500,0.0000000000,1583.1,0.3
2026-09-05T15:50:47.494+00:00,B_sell_A_buy,13.2131,6.4131,4432.0,4432.1,4.8216,1.2484,4437.96,4437.97,7.438,2.478,0.0000062500,0.0000000000,1776.1,0.2
2026-09-05T15:50:47.494+00:00,B_sell_A_buy,13.2131,6.4131,4432.0,4432.1,4.8216,1.2484,4437.96,4437.97,7.382,2.478,0.0000062500,0.0000000000,1776.2,0.3
2026-09-05T15:50:47.494+00:00,B_sell_A_buy,13.2131,6.4131,4432.0,4432.1,4.8216,1.2484,4437.96,4437.97,7.382,2.427,0.0000062500,0.0000000000,1776.2,0.3
2026-09-05T15:50:47.542+00:00,B_sell_A_buy,13.2131,6.4131,4432.0,4432.1,4.8216,1.2484,4437.96,4437.97,7.382,2.371,0.0000062500,0.0000000000,1823.2,0.2
2026-09-05T15:51:00.557+00:00,B_sell_A_buy,13.2356,6.4356,4432.0,4432.1,4.8216,0.3695,4437.97,4437.98,12.551,4.116,0.0000062500,0.0000000000,0.2,16.8
2026-09-05T15:51:00.656+00:00,B_sell_A_buy,13.2356,6.4356,4432.0,4432.1,4.8216,0.3695,4437.97,4437.98,12.486,4.116,0.0000062500,0.0000000000,98.1,0.2
2026-09-05T15:51:00.750+00:00,B_sell_A_buy,13.2356,6.4356,4432.0,4432.1,4.8216,0.3695,4437.97,4437.98,12.486,4.051,0.0000062500,0.0000000000,193.2,0.2
2026-09-05T15:51:00.753+00:00,B_sell_A_buy,13.2356,6.4356,4432.0,4432.1,4.8216,0.3695,4437.97,4437.98,12.429,4.051,0.0000062500,0.0000000000,195.5,0.1
2026-09-05T15:51:00.949+00:00,B_sell_A_buy,13.2356,6.4356,4432.0,4432.1,4.8216,0.3695,4437.97,4437.98,12.364,4.051,0.0000062500,0.0000000000,392.4,0.3
2026-09-05T15:51:00.950+00:00,B_sell_A_buy,13.2356,6.4356,4432.0,4432.1,4.8216,0.3695,4437.97,4437.98,12.364,3.986,0.0000062500,0.0000000000,392.6,0.4
2026-09-05T15:51:00.970+00:00,B_sell_A_buy,13.2356,6.4356,4432.0,4432.1,4.8216,2.4001,4437.97,4437.98,12.364,3.986,0.0000062500,0.0000000000,0.2,19.9
2026-09-05T15:51:01.347+00:00,B_sell_A_buy,13.2356,6.4356,4432.0,4432.1,4.8216,2.4001,4437.97,4437.98,12.364,3.925,0.0000062500,0.0000000000,378.6,0.3
2026-09-05T15:51:01.347+00:00,B_sell_A_buy,13.2356,6.4356,4432.0,4432.1,4.8216,2.4001,4437.97,4437.98,12.303,3.925,0.0000062500,0.0000000000,378.7,0.4
2026-09-05T15:51:01.512+00:00,B_sell_A_buy,13.2356,6.4356,4432.0,4432.1,4.8216,2.4001,4437.97,4437.98,12.242,3.925,0.0000062500,0.0000000000,542.3,0.2
2026-09-05T15:51:01.512+00:00,B_sell_A_buy,13.2356,6.4356,4432.0,4432.1,4.8216,2.4001,4437.97,4437.98,12.242,3.864,0.0000062500,0.0000000000,542.4,0.3
2026-09-05T15:51:01.601+00:00,B_sell_A_buy,13.2356,6.4356,4432.0,4432.1,4.8216,2.4001,4437.97,4437.98,9.985,3.864,0.0000062500,0.0000000000,632.2,0.2
2026-09-05T15:51:01.897+00:00,B_sell_A_buy,13.2356,6.4356,4432.0,4432.1,4.8216,2.4001,4437.97,4437.98,9.985,3.802,0.0000062500,0.0000000000,928.1,0.2
2026-09-05T15:51:01.897+00:00,B_sell_A_buy,13.2356,6.4356,4432.0,4432.1,4.8216,2.4001,4437.97,4437.98,9.923,3.802,0.0000062500,0.0000000000,928.2,0.3
2026-09-05T15:51:02.059+00:00,B_sell_A_buy,13.2356,6.4356,4432.0,4432.1,4.8216,2.4001,4437.97,4437.98,9.923,3.74,0.0000062500,0.0000000000,1089.4,0.2
2026-09-05T15:51:02.059+00:00,B_sell_A_buy,13.2356,6.4356,4432.0,4432.1,4.8216,2.4001,4437.97,4437.98,9.861,3.74,0.0000062500,0.0000000000,1089.5,0.3
2026-09-05T15:51:02.449+00:00,B_sell_A_buy,13.2356,6.4356,4432.0,4432.1,4.8216,2.4001,4437.97,4437.98,6.316,3.74,0.0000062500,0.0000000000,1480.3,0.2
2026-09-05T15:51:02.557+00:00,B_sell_A_buy,13.2356,6.4356,4432.0,4432.1,4.8216,2.4001,4437.97,4437.98,6.316,3.68,0.0000062500,0.0000000000,1588.4,0.2
2026-09-05T15:51:02.557+00:00,B_sell_A_buy,13.2356,6.4356,4432.0,4432.1,4.8216,2.4001,4437.97,4437.98,6.256,3.68,0.0000062500,0.0000000000,1588.5,0.4
2026-09-05T15:51:02.699+00:00,B_sell_A_buy,13.2356,6.4356,4432.0,4432.1,4.8216,2.4001,4437.97,4437.98,6.196,3.68,0.0000062500,0.0000000000,1729.5,0.3
2026-09-05T15:51:02.699+00:00,B_sell_A_buy,13.2356,6.4356,4432.0,4432.1,4.8216,2.4001,4437.97,4437.98,6.196,3.62,0.0000062500,0.0000000000,1729.7,0.4
2026-09-05T15:51:08.586+00:00,B_sell_A_buy,13.2356,6.4356,4432.0,4432.1,2.9649,2.4001,4437.97,4437.98,3.796,10.083,0.0000062500,0.0000000000,0.2,32.6
2026-09-05T15:51:08.640+00:00,B_sell_A_buy,13.2356,6.4356,4432.0,4432.1,2.9649,2.4001,4437.97,4437.98,3.741,10.083,0.0000062500,0.0000000000,54.4,0.2
2026-09-05T15:51:08.765+00:00,B_sell_A_buy,13.2356,6.4356,4432.0,4432.1,2.9649,2.4001,4437.97,4437.98,3.68,10.083,0.0000062500,0.0000000000,178.7,0.2
2026-09-05T15:51:08.765+00:00,B_sell_A_buy,13.2356,6.4356,4432.0,4432.1,2.9649,2.4001,4437.97,4437.98,3.68,10.022,0.0000062500,0.0000000000,178.9,0.3
2026-09-05T15:51:08.804+00:00,B_sell_A_buy,13.2356,6.4356,4432.0,4432.1,2.9649,2.4001,4437.97,4437.98,3.62,10.022,0.0000062500,0.0000000000,217.2,0.3
2026-09-05T15:51:08.847+00:00,B_sell_A_buy,13.2356,6.4356,4432.0,4432.1,2.9649,2.4001,4437.97,4437.98,3.62,9.962,0.0000062500,0.0000000000,261.2,0.2
2026-09-05T15:51:08.910+00:00,B_sell_A_buy,13.2356,6.4356,4432.0,4432.1,2.9649,2.4001,4437.97,4437.98,7.09,9.962,0.0000062500,0.0000000000,324.2,0.2
2026-09-05T15:51:08.910+00:00,B_sell_A_buy,13.2356,6.4356,4432.0,4432.1,2.9649,2.4001,4437.97,4437.98,3.62,9.962,0.0000062500,0.0000000000,324.4,0.3
2026-09-05T15:51:08.954+00:00,B_sell_A_buy,13.2356,6.4356,4432.0,4432.1,6.0486,2.4001,4437.97,4437.98,3.62,9.962,0.0000062500,0.0000000000,0.3,44.4
2026-09-05T15:51:09.042+00:00,B_sell_A_buy,13.2356,6.4356,4432.0,4432.1,6.0486,2.4001,4437.97,4437.98,16.717,9.962,0.0000062500,0.0000000000,87.7,0.3
2026-09-05T15:51:09.495+00:00,B_sell_A_buy,13.2356,6.4356,4432.0,4432.1,6.0486,2.4001,4437.97,4437.98,16.717,9.906,0.0000062500,0.0000000000,540.8,0.2
2026-09-05T15:51:09.495+00:00,B_sell_A_buy,13.2356,6.4356,4432.0,4432.1,6.0486,2.4001,4437.97,4437.98,16.661,9.906,0.0000062500,0.0000000000,540.9,0.3
2026-09-05T15:51:09.586+00:00,B_sell_A_buy,13.2356,6.4356,4432.0,4432.1,6.0486,2.4001,4437.97,4437.98,16.661,17.089,0.0000062500,0.0000000000,632.5,0.3
2026-09-05T15:51:09.703+00:00,B_sell_A_buy,13.2356,6.4356,4432.0,4432.1,6.0486,2.4001,4437.97,4437.98,16.605,17.089,0.0000062500,0.0000000000,749.0,0.2
2026-09-05T15:51:09.703+00:00,B_sell_A_buy,13.2356,6.4356,4432.0,4432.1,6.0486,2.4001,4437.97,4437.98,16.605,17.033,0.0000062500,0.0000000000,749.2,0.4
2026-09-05T15:51:09.803+00:00,B_sell_A_buy,13.2356,6.4356,4432.0,4432.1,6.0486,2.4001,4437.97,4437.98,16.554,17.033,0.0000062500,0.0000000000,848.4,0.2
2026-09-05T15:51:09.897+00:00,B_sell_A_buy,13.2356,6.4356,4432.0,4432.1,6.0486,2.4001,4437.97,4437.98,16.554,16.982,0.0000062500,0.0000000000,943.3,0.2
2026-09-05T15:51:10.047+00:00,B_sell_A_buy,13.2356,6.4356,4432.0,4432.1,6.0486,2.4001,4437.97,4437.98,13.097,16.982,0.0000062500,0.0000000000,1093.0,0.3
2026-09-05T15:51:10.097+00:00,B_sell_A_buy,13.2356,6.4356,4432.0,4432.1,6.0486,2.4001,4437.97,4437.98,13.046,16.982,0.0000062500,0.0000000000,1142.8,0.2
2026-09-05T15:51:10.159+00:00,B_sell_A_buy,13.2356,6.4356,4432.0,4432.1,6.0486,2.4001,4437.97,4437.98,13.046,16.931,0.0000062500,0.0000000000,1204.6,0.2
2026-09-05T15:51:10.854+00:00,B_sell_A_buy,13.2356,6.4356,4432.0,4432.1,6.0486,2.4001,4437.97,4437.98,13.046,16.882,0.0000062500,0.0000000000,1899.6,0.3
2026-09-05T15:51:10.854+00:00,B_sell_A_buy,13.2356,6.4356,4432.0,4432.1,6.0486,2.4001,4437.97,4437.98,12.997,16.882,0.0000062500,0.0000000000,1899.8,0.4
2026-09-05T15:51:18.938+00:00,B_sell_A_buy,13.2356,6.4356,4432.0,4432.1,6.0486,2.1745,4437.97,4437.98,15.587,3.402,0.0000062500,0.0000000000,0.3,343.5
2026-09-05T15:51:19.197+00:00,B_sell_A_buy,13.2356,6.4356,4432.0,4432.1,6.0486,2.1745,4437.97,4437.98,15.587,3.338,0.0000062500,0.0000000000,260.0,0.3
2026-09-05T15:51:19.197+00:00,B_sell_A_buy,13.2356,6.4356,4432.0,4432.1,6.0486,2.1745,4437.97,4437.98,15.523,3.338,0.0000062500,0.0000000000,260.2,0.3
2026-09-05T15:51:19.387+00:00,B_sell_A_buy,13.2356,6.4356,4432.0,4432.1,6.0486,2.1745,4437.97,4437.98,12.269,3.338,0.0000062500,0.0000000000,449.6,0.2
2026-09-05T15:51:19.394+00:00,B_sell_A_buy,13.2356,6.4356,4432.0,4432.1,6.0486,2.1745,4437.97,4437.98,12.205,3.338,0.0000062500,0.0000000000,456.9,0.2
2026-09-05T15:51:19.395+00:00,B_sell_A_buy,13.2356,6.4356,4432.0,4432.1,6.0486,2.1745,4437.97,4437.98,12.205,3.274,0.0000062500,0.0000000000,457.0,0.3
2026-09-05T15:51:19.641+00:00,B_sell_A_buy,13.2356,6.4356,4432.0,4432.1,6.0486,2.1745,4437.97,4437.98,12.205,3.217,0.0000062500,0.0000000000,703.2,0.3
2026-09-05T15:51:19.641+00:00,B_sell_A_buy,13.2356,6.4356,4432.0,4432.1,6.0486,2.1745,4437.97,4437.98,12.148,3.217,0.0000062500,0.0000000000,703.4,0.4
2026-09-05T15:51:19.752+00:00,B_sell_A_buy,13.2356,6.4356,4432.0,4432.1,6.0486,2.1745,4437.97,4437.98,12.148,1.693,0.0000062500,0.0000000000,814.4,0.2
2026-09-05T15:51:19.755+00:00,B_sell_A_buy,13.2356,6.4356,4432.0,4432.1,6.0486,2.1745,4437.97,4437.98,12.148,3.217,0.0000062500,0.0000000000,817.0,0.1
2026-09-05T15:51:19.801+00:00,B_sell_A_buy,13.2356,6.4356,4432.0,4432.1,6.0486,2.1745,4437.97,4437.98,12.091,3.217,0.0000062500,0.0000000000,863.3,0.2
2026-09-05T15:51:19.801+00:00,B_sell_A_buy,13.2356,6.4356,4432.0,4432.1,6.0486,2.1745,4437.97,4437.98,12.091,3.16,0.0000062500,0.0000000000,863.5,0.3
2026-09-05T15:51:20.087+00:00,B_sell_A_buy,13.2356,6.4356,4432.0,4432.1,6.0486,2.1745,4437.97,4437.99,12.091,1.042,0.0000062500,0.0000000000,1150.0,0.2
2026-09-05T15:51:20.181+00:00,B_sell_A_buy,13.2130,6.4130,4432.0,4432.1,6.0486,2.1745,4437.96,4437.99,1.41,1.042,0.0000062500,0.0000000000,1244.4,0.3
2026-09-05T15:51:20.189+00:00,B_sell_A_buy,13.2581,6.4581,4432.0,4432.1,6.0486,2.1745,4437.98,4437.99,13.097,1.042,0.0000062500,0.0000000000,1251.7,0.2
2026-09-05T15:51:20.252+00:00,B_sell_A_buy,13.2581,6.4581,4432.0,4432.1,6.0486,2.1745,4437.98,4437.99,13.05,1.042,0.0000062500,0.0000000000,1314.4,0.2
2026-09-05T15:51:20.545+00:00,B_sell_A_buy,13.2581,6.4581,4432.0,4432.1,6.0486,2.1745,4437.98,4437.99,13.05,0.995,0.0000062500,0.0000000000,1606.7,0.2
2026-09-05T15:51:23.363+00:00,B_sell_A_buy,13.3032,6.5032,4432.0,4432.1,6.0486,2.4001,4438.0,4438.01,16.054,20.194,0.0000062500,0.0000000000,0.3,268.6
2026-09-05T15:51:23.593+00:00,B_sell_A_buy,13.3032,6.5032,4432.0,4432.1,6.0486,2.4001,4438.0,4438.01,16.054,13.011,0.0000062500,0.0000000000,230.9,0.2
2026-09-05T15:51:23.593+00:00,B_sell_A_buy,13.3032,6.5032,4432.0,4432.1,6.0486,2.4001,4438.0,4438.01,16.054,0.643,0.0000062500,0.0000000000,231.0,0.3
2026-09-05T15:51:23.846+00:00,B_sell_A_buy,13.3032,6.5032,4432.0,4432.1,6.0486,2.1075,4438.0,4438.01,16.054,0.643,0.0000062500,0.0000000000,0.2,253.3
2026-09-05T15:51:23.884+00:00,B_sell_A_buy,13.3031,6.5031,4432.0,4432.1,6.0486,2.1075,4438.0,4438.12,16.054,19.551,0.0000062500,0.0000000000,37.8,0.2
2026-09-05T15:51:23.978+00:00,B_sell_A_buy,13.3031,6.5031,4432.0,4432.1,6.0486,2.1075,4438.0,4438.12,2.957,19.551,0.0000062500,0.0000000000,131.7,0.2
2026-09-05T15:51:23.978+00:00,B_sell_A_buy,13.3031,6.5031,4432.0,4432.1,6.0486,2.1075,4438.0,4438.12,2.957,12.368,0.0000062500,0.0000000000,131.8,0.3
2026-09-05T15:51:23.979+00:00,B_sell_A_buy,13.3027,6.5027,4432.0,4432.1,6.0486,2.1075,4438.0,4438.6,2.957,0.225,0.0000062500,0.0000000000,131.8,0.3
2026-09-05T15:51:23.980+00:00,B_sell_A_buy,13.3031,6.5031,4432.0,4432.1,6.0486,2.1075,4438.0,4438.11,2.957,12.368,0.0000062500,0.0000000000,134.0,0.1
2026-09-05T15:51:23.981+00:00,B_sell_A_buy,13.3031,6.5031,4432.0,4432.1,6.0486,2.1075,4438.0,4438.11,2.957,19.551,0.0000062500,0.0000000000,134.0,0.1
2026-09-05T15:51:23.990+00:00,B_sell_A_buy,13.3031,6.5031,4432.0,4432.1,6.0486,2.1075,4438.0,4438.11,2.644,19.551,0.0000062500,0.0000000000,143.0,0.1
2026-09-05T15:51:23.990+00:00,B_sell_A_buy,13.3031,6.5031,4432.0,4432.1,6.0486,2.1075,4438.0,4438.11,2.957,19.551,0.0000062500,0.0000000000,143.1,0.2
2026-09-05T15:51:24.098+00:00,B_sell_A_buy,13.5285,6.7285,4432.0,4432.1,6.0486,2.1075,4438.1,4438.11,12.775,19.551,0.0000062500,0.0000000000,250.9,0.2
2026-09-05T15:51:24.293+00:00,B_sell_A_buy,13.5285,6.7285,4432.0,4432.1,6.0486,2.1075,4438.1,4438.11,14.465,19.551,0.0000062500,0.0000000000,445.8,0.3
2026-09-05T15:51:24.338+00:00,B_sell_A_buy,13.5285,6.7285,4432.0,4432.1,6.0486,2.1075,4438.1,4438.11,15.732,19.551,0.0000062500,0.0000000000,491.6,0.2
2026-09-05T15:51:24.700+00:00,B_sell_A_buy,13.5285,6.7285,4432.0,4432.1,6.0486,2.1075,4438.1,4438.11,15.732,16.084,0.0000062500,0.0000000000,854.1,0.3
2026-09-05T15:51:25.500+00:00,B_sell_A_buy,13.5285,6.7285,4432.0,4432.1,6.0486,2.1075,4438.1,4438.11,15.677,16.084,0.0000062500,0.0000000000,1654.1,0.2
2026-09-05T15:55:08.896+00:00,B_sell_A_buy,13.8214,7.0214,4432.0,4432.1,6.0486,1.944,4438.23,4438.24,15.353,12.653,0.0000062500,0.0000000000,0.3,88.5
2026-09-05T15:55:08.904+00:00,B_sell_A_buy,13.8214,7.0214,4432.0,4432.1,6.0486,1.944,4438.23,4438.24,15.016,12.653,0.0000062500,0.0000000000,7.7,0.2
2026-09-05T15:55:08.904+00:00,B_sell_A_buy,13.8214,7.0214,4432.0,4432.1,6.0486,1.944,4438.23,4438.24,15.016,12.316,0.0000062500,0.0000000000,7.8,0.3
2026-09-05T15:55:08.949+00:00,B_sell_A_buy,13.8214,7.0214,4432.0,4432.1,6.0486,1.944,4438.23,4438.24,15.016,12.271,0.0000062500,0.0000000000,54.1,0.2
2026-09-05T15:55:09.000+00:00,B_sell_A_buy,13.8214,7.0214,4432.0,4432.1,6.0486,1.944,4438.23,4438.24,14.971,12.271,0.0000062500,0.0000000000,104.6,0.2
2026-09-05T15:55:09.043+00:00,B_sell_A_buy,13.8214,7.0214,4432.0,4432.1,6.0486,1.944,4438.23,4438.24,14.971,11.934,0.0000062500,0.0000000000,146.9,0.2
2026-09-05T15:55:09.043+00:00,B_sell_A_buy,13.8214,7.0214,4432.0,4432.1,6.0486,1.944,4438.23,4438.24,14.634,11.934,0.0000062500,0.0000000000,147.1,0.3
2026-09-05T15:55:09.164+00:00,B_sell_A_buy,13.8214,7.0214,4432.0,4432.1,6.0486,1.944,4438.23,4438.24,14.297,11.934,0.0000062500,0.0000000000,268.7,0.3
2026-09-05T15:55:09.164+00:00,B_sell_A_buy,13.8214,7.0214,4432.0,4432.1,6.0486,1.944,4438.23,4438.24,14.297,11.597,0.0000062500,0.0000000000,268.8,0.4
2026-09-05T15:55:09.209+00:00,B_sell_A_buy,13.8214,7.0214,4432.0,4432.1,6.0486,1.944,4438.23,4438.24,14.252,11.597,0.0000062500,0.0000000000,313.1,0.2
2026-09-05T15:55:09.209+00:00,B_sell_A_buy,13.8214,7.0214,4432.0,4432.1,6.0486,1.944,4438.23,4438.24,14.252,11.552,0.0000062500,0.0000000000,313.2,0.3
2026-09-05T15:55:09.299+00:00,B_sell_A_buy,13.8214,7.0214,4432.0,4432.1,6.0486,2.1696,4438.23,4438.24,14.252,11.552,0.0000062500,0.0000000000,0.3,90.1
2026-09-05T15:55:09.299+00:00,B_sell_A_buy,13.8214,7.0214,4432.0,4432.1,6.0486,2.1696,4438.23,4438.24,13.915,11.552,0.0000062500,0.0000000000,0.5,0.2
2026-09-05T15:55:09.299+00:00,B_sell_A_buy,13.8214,7.0214,4432.0,4432.1,6.0486,2.1696,4438.23,4438.24,13.915,11.215,0.0000062500,0.0000000000,0.6,0.3
2026-09-05T15:55:09.299+00:00,B_sell_A_buy,13.7763,6.9763,4432.0,4432.1,6.0486,2.1696,4438.21,4438.24,2.957,11.215,0.0000062500,0.0000000000,0.6,0.3
2026-09-05T15:55:09.406+00:00,B_sell_A_buy,13.7763,6.9763,4432.0,4432.1,6.0486,2.1696,4438.21,4438.24,2.957,11.166,0.0000062500,0.0000000000,107.4,0.3
2026-09-05T15:55:09.438+00:00,B_sell_A_buy,13.7763,6.9763,4432.0,4432.1,6.0486,2.1696,4438.21,4438.24,2.957,4.614,0.0000062500,0.0000000000,139.8,0.2
2026-09-05T15:55:09.438+00:00,B_sell_A_buy,13.7763,6.9763,4432.0,4432.1,6.0486,2.1696,4438.21,4438.24,2.957,1.267,0.0000062500,0.0000000000,139.9,0.3
2026-09-05T15:55:09.443+00:00,B_sell_A_buy,13.7989,6.9989,4432.0,4432.1,6.0486,2.1696,4438.22,4438.24,10.967,1.267,0.0000062500,0.0000000000,144.7,0.1
2026-09-05T15:55:09.444+00:00,B_sell_A_buy,13.7989,6.9989,4432.0,4432.1,6.0486,2.1696,4438.22,4438.24,13.333,1.267,0.0000062500,0.0000000000,144.7,0.1
2026-09-05T15:55:09.538+00:00,B_sell_A_buy,13.7989,6.9989,4432.0,4432.1,6.0486,2.1696,4438.22,4438.24,2.366,1.267,0.0000062500,0.0000000000,239.2,0.3
2026-09-05T15:55:09.538+00:00,B_sell_A_buy,13.7763,6.9763,4432.0,4432.1,6.0486,2.1696,4438.21,4438.24,2.957,1.267,0.0000062500,0.0000000000,239.4,0.5
2026-09-05T15:55:09.544+00:00,B_sell_A_buy,13.8214,7.0214,4432.0,4432.1,6.0486,2.1696,4438.23,4438.24,10.981,1.267,0.0000062500,0.0000000000,244.9,0.1
2026-09-05T15:55:09.544+00:00,B_sell_A_buy,13.8214,7.0214,4432.0,4432.1,6.0486,2.1696,4438.23,4438.24,13.347,1.267,0.0000062500,0.0000000000,244.9,0.2
2026-09-05T15:55:09.659+00:00,B_sell_A_buy,13.8214,7.0214,4432.0,4432.1,6.0486,2.1696,4438.23,4438.24,13.347,0.93,0.0000062500,0.0000000000,360.1,0.2
2026-09-05T15:55:09.751+00:00,B_sell_A_buy,13.8214,7.0214,4432.0,4432.1,6.0486,2.1696,4438.23,4438.24,13.347,16.821,0.0000062500,0.0000000000,452.1,0.2
2026-09-05T15:55:09.751+00:00,B_sell_A_buy,13.8214,7.0214,4432.0,4432.1,6.0486,2.1696,4438.23,4438.24,13.347,22.319,0.0000062500,0.0000000000,452.2,0.3
2026-09-05T15:55:09.806+00:00,B_sell_A_buy,13.8214,7.0214,4432.0,4432.1,6.0486,2.1696,4438.23,4438.24,13.347,21.982,0.0000062500,0.0000000000,506.8,0.2
2026-09-05T15:55:09.951+00:00,B_sell_A_buy,13.8214,7.0214,4432.0,4432.1,6.0486,2.1696,4438.23,4438.24,13.347,21.645,0.0000062500,0.0000000000,652.3,0.2
2026-09-05T15:55:10.155+00:00,B_sell_A_buy,13.8214,7.0214,4432.0,4432.1,6.0486,2.1696,4438.23,4438.24,14.614,21.645,0.0000062500,0.0000000000,856.5,0.3
2026-09-05T15:55:10.163+00:00,B_sell_A_buy,13.8214,7.0214,4432.0,4432.1,6.0486,2.1696,4438.23,4438.24,14.614,21.308,0.0000062500,0.0000000000,865.0,0.2
2026-09-05T15:55:10.257+00:00,B_sell_A_buy,13.8214,7.0214,4432.0,4432.1,6.0486,2.1696,4438.23,4438.24,14.614,21.259,0.0000062500,0.0000000000,958.9,0.3
2026-09-05T15:55:10.258+00:00,B_sell_A_buy,13.8214,7.0214,4432.0,4432.1,6.0486,2.1696,4438.23,4438.24,14.614,20.922,0.0000062500,0.0000000000,959.1,0.5
2026-09-05T15:55:10.350+00:00,B_sell_A_buy,13.8214,7.0214,4432.0,4432.1,6.0486,2.1696,4438.23,4438.24,14.614,20.585,0.0000062500,0.0000000000,1051.8,0.3
2026-09-05T15:55:10.452+00:00,B_sell_A_buy,13.8214,7.0214,4432.0,4432.1,6.0486,2.1696,4438.23,4438.24,14.614,20.248,0.0000062500,0.0000000000,1153.7,0.2
2026-09-05T15:55:10.559+00:00,B_sell_A_buy,13.8214,7.0214,4432.0,4432.1,6.0486,2.1696,4438.23,4438.24,14.614,19.911,0.0000062500,0.0000000000,1261.2,0.3
2026-09-05T15:55:10.602+00:00,B_sell_A_buy,13.7763,6.9763,4432.0,4432.1,6.0486,2.1696,4438.21,4438.24,1.69,19.911,0.0000062500,0.0000000000,1303.6,0.2
2026-09-05T15:55:10.700+00:00,B_sell_A_buy,13.7763,6.9763,4432.0,4432.1,6.0486,2.1696,4438.21,4438.24,1.69,5.498,0.0000062500,0.0000000000,1401.2,0.2
2026-09-05T15:55:10.700+00:00,B_sell_A_buy,13.7763,6.9763,4432.0,4432.1,6.0486,2.1696,4438.21,4438.25,1.69,1.69,0.0000062500,0.0000000000,1401.3,0.3
2026-09-05T15:55:10.708+00:00,B_sell_A_buy,13.7989,6.9989,4432.0,4432.1,6.0486,2.1696,4438.22,4438.25,1.267,1.69,0.0000062500,0.0000000000,1409.9,0.1
2026-09-05T15:55:10.712+00:00,B_sell_A_buy,13.7989,6.9989,4432.0,4432.1,6.0486,2.1696,4438.22,4438.25,8.525,1.69,0.0000062500,0.0000000000,1413.8,0.1
2026-09-05T15:55:10.712+00:00,B_sell_A_buy,13.7989,6.9989,4432.0,4432.1,6.0486,2.1696,4438.22,4438.25,8.566,1.69,0.0000062500,0.0000000000,1413.9,0.2
2026-09-05T15:55:10.712+00:00,B_sell_A_buy,13.7989,6.9989,4432.0,4432.1,6.0486,2.1696,4438.22,4438.25,8.566,1.353,0.0000062500,0.0000000000,1414.0,0.3
2026-09-05T15:55:10.796+00:00,B_sell_A_buy,13.7989,6.9989,4432.0,4432.1,6.0486,2.1696,4438.22,4438.25,7.299,1.353,0.0000062500,0.0000000000,1497.9,0.3
2026-09-05T15:55:10.846+00:00,B_sell_A_buy,13.7989,6.9989,4432.0,4432.1,6.0486,2.1696,4438.22,4438.25,7.258,1.353,0.0000062500,0.0000000000,1547.6,0.3
2026-09-05T15:55:10.846+00:00,B_sell_A_buy,13.7763,6.9763,4432.0,4432.1,6.0486,2.1696,4438.21,4438.25,1.69,1.353,0.0000062500,0.0000000000,1547.8,0.4
2026-09-05T15:55:10.850+00:00,B_sell_A_buy,13.7763,6.9763,4432.0,4432.1,6.0486,2.1696,4438.21,4438.24,1.69,21.62,0.0000062500,0.0000000000,1551.5,0.1
2026-09-05T15:55:10.850+00:00,B_sell_A_buy,13.8214,7.0214,4432.0,4432.1,6.0486,2.1696,4438.23,4438.24,7.258,21.62,0.0000062500,0.0000000000,1551.6,0.2
2026-09-05T15:55:10.850+00:00,B_sell_A_buy,13.8214,7.0214,4432.0,4432.1,6.0486,2.1696,4438.23,4438.24,7.258,28.741,0.0000062500,0.0000000000,1551.7,0.3
2026-09-05T15:55:10.850+00:00,B_sell_A_buy,13.8214,7.0214,4432.0,4432.1,6.0486,2.1696,4438.23,4438.24,7.299,28.741,0.0000062500,0.0000000000,1551.7,0.3
2026-09-05T15:55:10.894+00:00,B_sell_A_buy,13.8214,7.0214,4432.0,4432.1,6.0486,2.1696,4438.23,4438.24,8.566,28.741,0.0000062500,0.0000000000,1595.8,0.1
2026-09-05T15:55:10.951+00:00,B_sell_A_buy,13.8214,7.0214,4432.0,4432.1,6.0486,2.1696,4438.23,4438.24,8.566,28.404,0.0000062500,0.0000000000,1651.8,0.3
2026-09-05T15:55:11.112+00:00,B_sell_A_buy,13.8214,7.0214,4432.0,4432.1,6.0486,2.1696,4438.23,4438.24,8.566,26.513,0.0000062500,0.0000000000,1813.3,0.2
2026-09-05T15:55:11.112+00:00,B_sell_A_buy,13.8214,7.0214,4432.0,4432.1,6.0486,2.1696,4438.23,4438.24,8.566,26.176,0.0000062500,0.0000000000,1813.4,0.3
2026-09-05T15:55:11.211+00:00,B_sell_A_buy,13.8214,7.0214,4432.0,4432.1,6.0486,2.1696,4438.23,4438.24,8.566,25.839,0.0000062500,0.0000000000,1912.6,0.2
2026-09-05T15:55:58.809+00:00,B_sell_A_buy,13.8214,7.0214,4432.0,4432.1,6.0486,1.944,4438.23,4438.24,11.343,11.702,0.0000062500,0.0000000000,0.3,57.9
2026-09-05T15:55:58.913+00:00,B_sell_A_buy,13.8214,7.0214,4432.0,4432.1,6.0486,1.944,4438.23,4438.24,11.343,11.365,0.0000062500,0.0000000000,104.7,0.2
2026-09-05T15:55:58.913+00:00,B_sell_A_buy,13.8214,7.0214,4432.0,4432.1,6.0486,1.944,4438.23,4438.24,11.006,11.365,0.0000062500,0.0000000000,104.8,0.3
2026-09-05T15:55:59.060+00:00,B_sell_A_buy,13.8214,7.0214,4432.0,4432.1,6.0486,1.944,4438.23,4438.24,10.669,11.365,0.0000062500,0.0000000000,250.8,0.3
2026-09-05T15:55:59.060+00:00,B_sell_A_buy,13.8214,7.0214,4432.0,4432.1,6.0486,1.944,4438.23,4438.24,10.669,11.028,0.0000062500,0.0000000000,250.9,0.4
2026-09-05T15:55:59.155+00:00,B_sell_A_buy,13.8214,7.0214,4432.0,4432.1,6.0486,1.944,4438.23,4438.24,10.669,10.691,0.0000062500,0.0000000000,346.7,0.3
2026-09-05T15:55:59.155+00:00,B_sell_A_buy,13.8214,7.0214,4432.0,4432.1,6.0486,1.944,4438.23,4438.24,10.332,10.691,0.0000062500,0.0000000000,346.9,0.4
2026-09-05T15:55:59.245+00:00,B_sell_A_buy,13.8214,7.0214,4432.0,4432.1,6.0486,1.944,4438.23,4438.24,9.995,10.691,0.0000062500,0.0000000000,437.1,0.3
2026-09-05T15:55:59.247+00:00,B_sell_A_buy,13.8214,7.0214,4432.0,4432.1,6.0486,1.944,4438.23,4438.24,9.995,10.354,0.0000062500,0.0000000000,438.8,0.1
2026-09-05T15:55:59.342+00:00,B_sell_A_buy,13.8214,7.0214,4432.0,4432.1,6.0486,1.944,4438.23,4438.24,9.658,10.354,0.0000062500,0.0000000000,533.6,0.3
2026-09-05T15:55:59.342+00:00,B_sell_A_buy,13.8214,7.0214,4432.0,4432.1,6.0486,1.944,4438.23,4438.24,9.658,10.017,0.0000062500,0.0000000000,533.7,0.3
2026-09-05T15:55:59.460+00:00,B_sell_A_buy,13.8214,7.0214,4432.0,4432.1,6.0486,1.944,4438.23,4438.24,9.597,10.017,0.0000062500,0.0000000000,651.9,0.3
2026-09-05T15:55:59.463+00:00,B_sell_A_buy,13.8214,7.0214,4432.0,4432.1,6.0486,1.944,4438.23,4438.24,9.597,9.956,0.0000062500,0.0000000000,654.8,0.1
2026-09-05T15:55:59.561+00:00,B_sell_A_buy,13.8214,7.0214,4432.0,4432.1,6.0486,1.944,4438.23,4438.24,9.26,9.956,0.0000062500,0.0000000000,752.2,0.3
2026-09-05T15:55:59.561+00:00,B_sell_A_buy,13.8214,7.0214,4432.0,4432.1,6.0486,1.944,4438.23,4438.24,9.26,9.619,0.0000062500,0.0000000000,752.4,0.3
2026-09-05T15:55:59.700+00:00,B_sell_A_buy,13.8214,7.0214,4432.0,4432.1,6.0486,1.944,4438.23,4438.24,9.199,9.619,0.0000062500,0.0000000000,892.2,0.2
2026-09-05T15:55:59.702+00:00,B_sell_A_buy,13.8214,7.0214,4432.0,4432.1,6.0486,1.944,4438.23,4438.24,9.199,9.558,0.0000062500,0.0000000000,894.1,0.1
2026-09-05T15:55:59.702+00:00,B_sell_A_buy,13.8214,7.0214,4432.0,4432.1,6.0486,1.944,4438.23,4438.24,9.199,9.221,0.0000062500,0.0000000000,894.2,0.2
2026-09-05T15:55:59.702+00:00,B_sell_A_buy,13.8214,7.0214,4432.0,4432.1,6.0486,1.944,4438.23,4438.24,8.862,9.221,0.0000062500,0.0000000000,894.2,0.2
2026-09-05T15:55:59.799+00:00,B_sell_A_buy,13.8214,7.0214,4432.0,4432.1,6.0486,1.944,4438.23,4438.24,8.862,9.16,0.0000062500,0.0000000000,990.1,0.3
2026-09-05T15:55:59.799+00:00,B_sell_A_buy,13.8214,7.0214,4432.0,4432.1,6.0486,1.944,4438.23,4438.24,8.801,9.16,0.0000062500,0.0000000000,990.3,0.4
2026-09-05T15:55:59.799+00:00,B_sell_A_buy,13.8214,7.0214,4432.0,4432.1,6.0486,1.944,4438.23,4438.24,8.801,8.823,0.0000062500,0.0000000000,990.3,0.4
2026-09-05T15:55:59.799+00:00,B_sell_A_buy,13.8214,7.0214,4432.0,4432.1,6.0486,1.944,4438.23,4438.24,8.464,8.823,0.0000062500,0.0000000000,990.3,0.4
2026-09-05T15:55:59.895+00:00,B_sell_A_buy,13.8214,7.0214,4432.0,4432.1,6.0486,1.944,4438.23,4438.24,10.03,8.823,0.0000062500,0.0000000000,1086.6,0.2
2026-09-05T15:55:59.896+00:00,B_sell_A_buy,13.8214,7.0214,4432.0,4432.1,6.0486,1.944,4438.23,4438.24,9.693,8.823,0.0000062500,0.0000000000,1086.8,0.4
2026-09-05T15:55:59.958+00:00,B_sell_A_buy,13.8214,7.0214,4432.0,4432.1,6.0486,1.944,4438.23,4438.24,9.632,8.823,0.0000062500,0.0000000000,1149.0,0.3
2026-09-05T15:55:59.958+00:00,B_sell_A_buy,13.8214,7.0214,4432.0,4432.1,6.0486,1.944,4438.23,4438.24,9.632,8.762,0.0000062500,0.0000000000,1149.2,0.4
2026-09-05T15:55:59.958+00:00,B_sell_A_buy,13.8214,7.0214,4432.0,4432.1,6.0486,1.944,4438.23,4438.24,8.066,8.762,0.0000062500,0.0000000000,1149.2,0.4
2026-09-05T15:55:59.960+00:00,B_sell_A_buy,13.8214,7.0214,4432.0,4432.1,6.0486,1.944,4438.23,4438.24,8.066,8.425,0.0000062500,0.0000000000,1151.2,0.1
2026-09-05T15:56:00.057+00:00,B_sell_A_buy,13.8214,7.0214,4432.0,4432.1,6.0486,1.944,4438.23,4438.24,7.729,8.425,0.0000062500,0.0000000000,1248.6,0.3
2026-09-05T15:56:00.057+00:00,B_sell_A_buy,13.8214,7.0214,4432.0,4432.1,6.0486,1.944,4438.23,4438.24,7.729,8.088,0.0000062500,0.0000000000,1248.8,0.4
2026-09-05T15:56:00.151+00:00,B_sell_A_buy,13.8214,7.0214,4432.0,4432.1,6.0486,1.944,4438.23,4438.24,7.729,7.751,0.0000062500,0.0000000000,1342.4,0.3
2026-09-05T15:56:00.153+00:00,B_sell_A_buy,13.8214,7.0214,4432.0,4432.1,6.0486,1.944,4438.23,4438.24,7.392,7.751,0.0000062500,0.0000000000,1343.9,0.1
2026-09-05T15:56:00.252+00:00,B_sell_A_buy,13.8214,7.0214,4432.0,4432.1,6.0486,1.944,4438.23,4438.24,7.392,7.414,0.0000062500,0.0000000000,1443.3,0.2
2026-09-05T15:56:00.252+00:00,B_sell_A_buy,13.8214,7.0214,4432.0,4432.1,6.0486,1.944,4438.23,4438.24,7.055,7.414,0.0000062500,0.0000000000,1443.4,0.3
2026-09-05T15:56:00.347+00:00,B_sell_A_buy,13.8214,7.0214,4432.0,4432.1,6.0486,1.944,4438.23,4438.24,7.055,7.077,0.0000062500,0.0000000000,1539.3,0.2
2026-09-05T15:56:00.348+00:00,B_sell_A_buy,13.8214,7.0214,4432.0,4432.1,6.0486,1.944,4438.23,4438.24,6.718,7.077,0.0000062500,0.0000000000,1539.4,0.2
2026-09-05T15:56:00.443+00:00,B_sell_A_buy,13.8214,7.0214,4432.0,4432.1,6.0486,1.944,4438.23,4438.24,6.718,6.74,0.0000062500,0.0000000000,1634.8,0.2
2026-09-05T15:56:00.446+00:00,B_sell_A_buy,13.8214,7.0214,4432.0,4432.1,6.0486,1.944,4438.23,4438.24,6.381,6.74,0.0000062500,0.0000000000,1637.9,0.1
2026-09-05T15:56:00.510+00:00,B_sell_A_buy,13.8214,7.0214,4432.0,4432.1,6.0486,1.944,4438.23,4438.24,6.381,6.681,0.0000062500,0.0000000000,1701.3,0.3
2026-09-05T15:56:00.510+00:00,B_sell_A_buy,13.8214,7.0214,4432.0,4432.1,6.0486,1.944,4438.23,4438.24,6.322,6.681,0.0000062500,0.0000000000,1701.5,0.4
2026-09-05T15:56:00.556+00:00,B_sell_A_buy,13.8214,7.0214,4432.0,4432.1,6.0486,1.944,4438.23,4438.24,5.985,6.681,0.0000062500,0.0000000000,1747.5,0.1
2026-09-05T15:56:00.556+00:00,B_sell_A_buy,13.8214,7.0214,4432.0,4432.1,6.0486,1.944,4438.23,4438.24,5.985,6.344,0.0000062500,0.0000000000,1747.6,0.1
2026-09-05T15:56:00.654+00:00,B_sell_A_buy,13.8214,7.0214,4432.0,4432.1,6.0486,1.944,4438.23,4438.24,5.985,6.007,0.0000062500,0.0000000000,1846.0,0.3
2026-09-05T15:56:00.654+00:00,B_sell_A_buy,13.8214,7.0214,4432.0,4432.1,6.0486,1.944,4438.23,4438.24,5.648,6.007,0.0000062500,0.0000000000,1846.2,0.4
2026-09-05T15:56:00.706+00:00,B_sell_A_buy,13.8214,7.0214,4432.0,4432.1,6.0486,1.944,4438.23,4438.24,5.589,6.007,0.0000062500,0.0000000000,1897.3,0.3
2026-09-05T15:56:00.706+00:00,B_sell_A_buy,13.8214,7.0214,4432.0,4432.1,6.0486,1.944,4438.23,4438.24,5.589,5.948,0.0000062500,0.0000000000,1897.4,0.4
2026-09-05T15:56:00.803+00:00,B_sell_A_buy,13.8214,7.0214,4432.0,4432.1,6.0486,1.944,4438.23,4438.24,5.252,5.948,0.0000062500,0.0000000000,1994.1,0.2
2026-09-05T15:56:00.803+00:00,B_sell_A_buy,13.8214,7.0214,4432.0,4432.1,6.0486,1.944,4438.23,4438.24,5.252,5.611,0.0000062500,0.0000000000,1994.2,0.3
2026-09-05T15:56:05.413+00:00,B_sell_A_buy,13.8214,7.0214,4432.0,4432.1,6.0486,1.899,4438.23,4438.24,14.38,13.491,0.0000062500,0.0000000000,0.1,13.8
2026-09-05T15:56:05.450+00:00,B_sell_A_buy,13.8214,7.0214,4432.0,4432.1,6.0486,1.899,4438.23,4438.24,14.314,13.491,0.0000062500,0.0000000000,35.6,0.1
2026-09-05T15:56:05.450+00:00,B_sell_A_buy,13.8214,7.0214,4432.0,4432.1,6.0486,1.899,4438.23,4438.24,14.314,13.44,0.0000062500,0.0000000000,35.8,0.2
2026-09-05T15:56:05.500+00:00,B_sell_A_buy,13.8214,7.0214,4432.0,4432.1,6.0486,1.899,4438.23,4438.24,14.314,13.103,0.0000062500,0.0000000000,86.3,0.1
2026-09-05T15:56:05.500+00:00,B_sell_A_buy,13.8214,7.0214,4432.0,4432.1,6.0486,1.899,4438.23,4438.24,13.977,13.103,0.0000062500,0.0000000000,86.4,0.2
2026-09-05T15:56:05.603+00:00,B_sell_A_buy,13.8214,7.0214,4432.0,4432.1,6.0486,1.899,4438.23,4438.24,13.977,12.766,0.0000062500,0.0000000000,189.3,0.3
2026-09-05T15:56:05.603+00:00,B_sell_A_buy,13.8214,7.0214,4432.0,4432.1,6.0486,1.899,4438.23,4438.24,13.64,12.766,0.0000062500,0.0000000000,189.4,0.4
2026-09-05T15:56:05.650+00:00,B_sell_A_buy,13.8214,7.0214,4432.0,4432.1,6.0486,1.899,4438.23,4438.24,13.64,12.7,0.0000062500,0.0000000000,236.1,0.1
2026-09-05T15:56:05.747+00:00,B_sell_A_buy,13.8214,7.0214,4432.0,4432.1,6.0486,1.899,4438.23,4438.24,13.303,12.7,0.0000062500,0.0000000000,332.9,0.3
2026-09-05T15:56:05.747+00:00,B_sell_A_buy,13.8214,7.0214,4432.0,4432.1,6.0486,1.899,4438.23,4438.24,13.303,12.363,0.0000062500,0.0000000000,333.0,0.4
2026-09-05T15:56:05.842+00:00,B_sell_A_buy,13.8214,7.0214,4432.0,4432.1,6.0486,1.899,4438.23,4438.24,13.237,12.363,0.0000062500,0.0000000000,428.4,0.2
2026-09-05T15:56:05.842+00:00,B_sell_A_buy,13.8214,7.0214,4432.0,4432.1,6.0486,1.899,4438.23,4438.24,12.9,12.363,0.0000062500,0.0000000000,428.5,0.3
2026-09-05T15:56:05.842+00:00,B_sell_A_buy,13.8214,7.0214,4432.0,4432.1,6.0486,1.899,4438.23,4438.24,12.9,12.026,0.0000062500,0.0000000000,428.5,0.3
2026-09-05T15:56:05.842+00:00,B_sell_A_buy,13.8214,7.0214,4432.0,4432.1,6.0486,1.899,4438.23,4438.24,12.9,11.96,0.0000062500,0.0000000000,428.5,0.4
2026-09-05T15:56:05.956+00:00,B_sell_A_buy,13.8214,7.0214,4432.0,4432.1,6.0486,1.899,4438.23,4438.24,12.9,11.623,0.0000062500,0.0000000000,542.5,0.2
2026-09-05T15:56:05.957+00:00,B_sell_A_buy,13.8214,7.0214,4432.0,4432.1,6.0486,1.899,4438.23,4438.24,12.563,11.623,0.0000062500,0.0000000000,542.7,0.4
2026-09-05T15:56:06.054+00:00,B_sell_A_buy,13.8214,7.0214,4432.0,4432.1,6.0486,1.899,4438.23,4438.24,12.226,11.623,0.0000062500,0.0000000000,640.5,0.3
2026-09-05T15:56:06.054+00:00,B_sell_A_buy,13.8214,7.0214,4432.0,4432.1,6.0486,1.899,4438.23,4438.24,12.226,11.286,0.0000062500,0.0000000000,640.6,0.3
2026-09-05T15:56:06.156+00:00,B_sell_A_buy,13.8214,7.0214,4432.0,4432.1,6.0486,1.899,4438.23,4438.24,11.889,11.286,0.0000062500,0.0000000000,742.8,0.3
2026-09-05T15:56:06.157+00:00,B_sell_A_buy,13.8214,7.0214,4432.0,4432.1,6.0486,1.899,4438.23,4438.24,11.889,10.949,0.0000062500,0.0000000000,743.0,0.4
2026-09-05T15:56:06.249+00:00,B_sell_A_buy,13.8214,7.0214,4432.0,4432.1,6.0486,1.899,4438.23,4438.24,11.552,10.949,0.0000062500,0.0000000000,835.2,0.3
2026-09-05T15:56:06.249+00:00,B_sell_A_buy,13.8214,7.0214,4432.0,4432.1,6.0486,1.899,4438.23,4438.24,11.552,10.612,0.0000062500,0.0000000000,835.3,0.4
2026-09-05T15:56:06.351+00:00,B_sell_A_buy,13.8214,7.0214,4432.0,4432.1,6.0486,1.899,4438.23,4438.24,11.552,10.556,0.0000062500,0.0000000000,937.4,0.1
2026-09-05T15:56:06.351+00:00,B_sell_A_buy,13.8214,7.0214,4432.0,4432.1,6.0486,1.899,4438.23,4438.24,11.552,10.219,0.0000062500,0.0000000000,937.5,0.2
2026-09-05T15:56:06.351+00:00,B_sell_A_buy,13.8214,7.0214,4432.0,4432.1,6.0486,1.899,4438.23,4438.24,11.215,10.219,0.0000062500,0.0000000000,937.5,0.2
2026-09-05T15:56:06.351+00:00,B_sell_A_buy,13.8214,7.0214,4432.0,4432.1,6.0486,1.899,4438.23,4438.24,11.159,10.219,0.0000062500,0.0000000000,937.5,0.2
2026-09-05T15:56:06.444+00:00,B_sell_A_buy,13.8214,7.0214,4432.0,4432.1,6.0486,1.899,4438.23,4438.24,10.822,10.219,0.0000062500,0.0000000000,1030.6,0.2
2026-09-05T15:56:06.444+00:00,B_sell_A_buy,13.8214,7.0214,4432.0,4432.1,6.0486,1.899,4438.23,4438.24,10.822,9.882,0.0000062500,0.0000000000,1030.8,0.3
2026-09-05T15:56:06.554+00:00,B_sell_A_buy,13.8214,7.0214,4432.0,4432.1,6.0486,1.899,4438.23,4438.24,10.766,9.882,0.0000062500,0.0000000000,1140.3,0.3
2026-09-05T15:56:06.554+00:00,B_sell_A_buy,13.8214,7.0214,4432.0,4432.1,6.0486,1.899,4438.23,4438.24,10.766,9.545,0.0000062500,0.0000000000,1140.4,0.3
2026-09-05T15:56:06.554+00:00,B_sell_A_buy,13.8214,7.0214,4432.0,4432.1,6.0486,1.899,4438.23,4438.24,10.429,9.545,0.0000062500,0.0000000000,1140.5,0.4
2026-09-05T15:56:06.600+00:00,B_sell_A_buy,13.8214,7.0214,4432.0,4432.1,6.0486,1.899,4438.23,4438.24,10.429,9.499,0.0000062500,0.0000000000,1186.2,0.2
2026-09-05T15:56:06.600+00:00,B_sell_A_buy,13.8214,7.0214,4432.0,4432.1,6.0486,1.899,4438.23,4438.24,10.383,9.499,0.0000062500,0.0000000000,1186.3,0.3
2026-09-05T15:56:06.600+00:00,B_sell_A_buy,13.8214,7.0214,4432.0,4432.1,6.0486,1.899,4438.23,4438.24,10.383,9.443,0.0000062500,0.0000000000,1186.3,0.3
2026-09-05T15:56:06.701+00:00,B_sell_A_buy,13.8214,7.0214,4432.0,4432.1,6.0486,1.899,4438.23,4438.24,10.383,9.106,0.0000062500,0.0000000000,1287.1,0.2
2026-09-05T15:56:06.703+00:00,B_sell_A_buy,13.8214,7.0214,4432.0,4432.1,6.0486,1.899,4438.23,4438.24,10.046,9.106,0.0000062500,0.0000000000,1288.9,0.1
2026-09-05T15:56:06.750+00:00,B_sell_A_buy,13.8214,7.0214,4432.0,4432.1,6.0486,1.899,4438.23,4438.24,10.046,9.06,0.0000062500,0.0000000000,1335.4,0.2
2026-09-05T15:56:06.796+00:00,B_sell_A_buy,13.8214,7.0214,4432.0,4432.1,6.0486,1.899,4438.23,4438.24,10.0,9.06,0.0000062500,0.0000000000,1381.9,0.3
2026-09-05T15:56:06.848+00:00,B_sell_A_buy,13.8214,7.0214,4432.0,4432.1,6.0486,1.899,4438.23,4438.24,9.663,9.06,0.0000062500,0.0000000000,1434.0,0.3
2026-09-05T15:56:06.848+00:00,B_sell_A_buy,13.8214,7.0214,4432.0,4432.1,6.0486,1.899,4438.23,4438.24,9.663,8.723,0.0000062500,0.0000000000,1434.2,0.4
2026-09-05T15:56:06.963+00:00,B_sell_A_buy,13.8214,7.0214,4432.0,4432.1,6.0486,1.899,4438.23,4438.24,9.663,8.386,0.0000062500,0.0000000000,1549.4,0.2
2026-09-05T15:56:06.963+00:00,B_sell_A_buy,13.8214,7.0214,4432.0,4432.1,6.0486,1.899,4438.23,4438.24,9.326,8.386,0.0000062500,0.0000000000,1549.5,0.3
2026-09-05T15:56:07.105+00:00,B_sell_A_buy,13.8214,7.0214,4432.0,4432.1,6.0486,1.899,4438.23,4438.24,8.989,8.386,0.0000062500,0.0000000000,1691.2,0.2
2026-09-05T15:56:07.105+00:00,B_sell_A_buy,13.8214,7.0214,4432.0,4432.1,6.0486,1.899,4438.23,4438.24,8.989,8.049,0.0000062500,0.0000000000,1691.4,0.3
2026-09-05T15:56:07.246+00:00,B_sell_A_buy,13.8214,7.0214,4432.0,4432.1,6.0486,1.899,4438.23,4438.24,8.652,8.049,0.0000062500,0.0000000000,1832.5,0.3
2026-09-05T15:56:07.247+00:00,B_sell_A_buy,13.8214,7.0214,4432.0,4432.1,6.0486,1.899,4438.23,4438.24,8.652,7.712,0.0000062500,0.0000000000,1832.7,0.4
2026-09-05T15:56:07.295+00:00,B_sell_A_buy,13.8214,7.0214,4432.0,4432.1,6.0486,1.899,4438.23,4438.24,8.652,7.645,0.0000062500,0.0000000000,1880.8,0.2
2026-09-05T15:56:07.295+00:00,B_sell_A_buy,13.8214,7.0214,4432.0,4432.1,6.0486,1.899,4438.23,4438.24,8.585,7.645,0.0000062500,0.0000000000,1880.9,0.2
2026-09-05T15:56:07.347+00:00,B_sell_A_buy,13.8214,7.0214,4432.0,4432.1,6.0486,1.899,4438.23,4438.24,8.248,7.645,0.0000062500,0.0000000000,1932.9,0.1
2026-09-05T15:56:07.347+00:00,B_sell_A_buy,13.8214,7.0214,4432.0,4432.1,6.0486,1.899,4438.23,4438.24,8.248,7.308,0.0000062500,0.0000000000,1933.0,0.2
2026-09-05T15:56:15.702+00:00,B_sell_A_buy,13.8890,7.0890,4432.0,4432.1,6.0486,1.8963,4438.26,4438.27,5.325,10.998,0.0000062500,0.0000000000,0.1,6.9
2026-09-05T15:56:15.795+00:00,B_sell_A_buy,13.8890,7.0890,4432.0,4432.1,6.0486,1.8963,4438.26,4438.27,5.325,10.661,0.0000062500,0.0000000000,93.3,0.2
2026-09-05T15:56:15.844+00:00,B_sell_A_buy,13.8890,7.0890,4432.0,4432.1,6.0486,1.8963,4438.26,4438.27,4.988,10.661,0.0000062500,0.0000000000,142.2,0.2
2026-09-05T15:56:15.899+00:00,B_sell_A_buy,13.8890,7.0890,4432.0,4432.1,6.0486,1.8963,4438.26,4438.27,4.988,10.607,0.0000062500,0.0000000000,197.0,0.1
2026-09-05T15:56:15.899+00:00,B_sell_A_buy,13.8890,7.0890,4432.0,4432.1,6.0486,1.8963,4438.26,4438.27,4.934,10.607,0.0000062500,0.0000000000,197.1,0.2
2026-09-05T15:56:15.945+00:00,B_sell_A_buy,13.8890,7.0890,4432.0,4432.1,6.0486,1.8963,4438.26,4438.27,4.934,10.27,0.0000062500,0.0000000000,242.9,0.3
2026-09-05T15:56:15.945+00:00,B_sell_A_buy,13.8890,7.0890,4432.0,4432.1,6.0486,1.8963,4438.26,4438.27,4.597,10.27,0.0000062500,0.0000000000,243.0,0.4
2026-09-05T15:56:16.055+00:00,B_sell_A_buy,13.8890,7.0890,4432.0,4432.1,6.0486,1.8963,4438.26,4438.27,4.597,10.216,0.0000062500,0.0000000000,352.5,0.3
2026-09-05T15:56:16.055+00:00,B_sell_A_buy,13.8890,7.0890,4432.0,4432.1,6.0486,1.8963,4438.26,4438.27,4.543,10.216,0.0000062500,0.0000000000,352.6,0.3
2026-09-05T15:56:16.154+00:00,B_sell_A_buy,13.8890,7.0890,4432.0,4432.1,6.0486,1.8963,4438.26,4438.27,4.206,10.216,0.0000062500,0.0000000000,452.2,0.1
2026-09-05T15:56:16.155+00:00,B_sell_A_buy,13.8890,7.0890,4432.0,4432.1,6.0486,1.8963,4438.26,4438.27,4.206,9.879,0.0000062500,0.0000000000,452.3,0.2
2026-09-05T15:56:16.250+00:00,B_sell_A_buy,13.8890,7.0890,4432.0,4432.1,6.0486,1.8963,4438.26,4438.27,4.206,9.542,0.0000062500,0.0000000000,548.6,0.1
2026-09-05T15:56:16.250+00:00,B_sell_A_buy,13.8890,7.0890,4432.0,4432.1,6.0486,1.8963,4438.26,4438.27,3.869,9.542,0.0000062500,0.0000000000,548.7,0.2
2026-09-05T15:56:16.348+00:00,B_sell_A_buy,13.8890,7.0890,4432.0,4432.1,6.0486,1.8963,4438.26,4438.27,3.532,9.542,0.0000062500,0.0000000000,646.4,0.3
2026-09-05T15:56:16.348+00:00,B_sell_A_buy,13.8890,7.0890,4432.0,4432.1,6.0486,1.8963,4438.26,4438.27,3.532,9.205,0.0000062500,0.0000000000,646.5,0.4
2026-09-05T15:56:16.444+00:00,B_sell_A_buy,13.8890,7.0890,4432.0,4432.1,6.0486,1.8963,4438.26,4438.27,3.532,8.868,0.0000062500,0.0000000000,741.4,0.2
2026-09-05T15:56:16.493+00:00,B_sell_A_buy,13.8890,7.0890,4432.0,4432.1,6.0486,1.8963,4438.26,4438.27,3.195,8.868,0.0000062500,0.0000000000,791.3,0.3
2026-09-05T15:56:16.563+00:00,B_sell_A_buy,13.8890,7.0890,4432.0,4432.1,6.0486,1.8963,4438.26,4438.27,3.195,8.814,0.0000062500,0.0000000000,860.7,0.3
2026-09-05T15:56:16.580+00:00,B_sell_A_buy,13.8890,7.0890,4432.0,4432.1,6.0486,2.1219,4438.26,4438.27,3.195,8.814,0.0000062500,0.0000000000,0.2,17.6
2026-09-05T15:56:16.607+00:00,B_sell_A_buy,13.8890,7.0890,4432.0,4432.1,6.0486,2.1219,4438.26,4438.27,3.141,8.814,0.0000062500,0.0000000000,27.1,0.2
2026-09-05T15:56:16.662+00:00,B_sell_A_buy,13.8890,7.0890,4432.0,4432.1,6.0486,2.1219,4438.26,4438.27,2.804,8.814,0.0000062500,0.0000000000,82.2,0.2
2026-09-05T15:56:16.662+00:00,B_sell_A_buy,13.8890,7.0890,4432.0,4432.1,6.0486,2.1219,4438.26,4438.27,2.804,8.477,0.0000062500,0.0000000000,82.3,0.2
2026-09-05T15:56:16.662+00:00,B_sell_A_buy,13.8890,7.0890,4432.0,4432.1,6.0486,2.1219,4438.26,4438.27,2.804,8.43,0.0000062500,0.0000000000,82.3,0.3
2026-09-05T15:56:16.705+00:00,B_sell_A_buy,13.8890,7.0890,4432.0,4432.1,6.0486,2.1219,4438.26,4438.27,2.804,6.051,0.0000062500,0.0000000000,125.4,0.2
2026-09-05T15:56:16.705+00:00,B_sell_A_buy,13.8890,7.0890,4432.0,4432.1,6.0486,2.1219,4438.26,4438.27,2.757,6.051,0.0000062500,0.0000000000,125.6,0.3
2026-09-05T15:56:16.803+00:00,B_sell_A_buy,13.8890,7.0890,4432.0,4432.1,6.0486,2.1219,4438.26,4438.27,2.703,6.051,0.0000062500,0.0000000000,222.9,0.3
2026-09-05T15:56:16.803+00:00,B_sell_A_buy,13.8890,7.0890,4432.0,4432.1,6.0486,2.1219,4438.26,4438.27,2.703,5.997,0.0000062500,0.0000000000,223.1,0.3
2026-09-05T15:56:16.803+00:00,B_sell_A_buy,13.8890,7.0890,4432.0,4432.1,6.0486,2.1219,4438.26,4438.27,2.703,5.66,0.0000062500,0.0000000000,223.1,0.3
2026-09-05T15:56:16.803+00:00,B_sell_A_buy,13.8890,7.0890,4432.0,4432.1,6.0486,2.1219,4438.26,4438.27,2.366,5.66,0.0000062500,0.0000000000,223.1,0.4
2026-09-05T15:56:16.848+00:00,B_sell_A_buy,13.8890,7.0890,4432.0,4432.1,6.0486,2.1219,4438.26,4438.27,12.784,5.66,0.0000062500,0.0000000000,268.5,0.3
2026-09-05T15:56:16.900+00:00,B_sell_A_buy,13.8890,7.0890,4432.0,4432.1,6.0486,2.1219,4438.26,4438.27,12.737,5.66,0.0000062500,0.0000000000,320.0,0.3
2026-09-05T15:56:16.900+00:00,B_sell_A_buy,13.8890,7.0890,4432.0,4432.1,6.0486,2.1219,4438.26,4438.27,12.737,5.613,0.0000062500,0.0000000000,320.1,0.3
2026-09-05T15:56:16.950+00:00,B_sell_A_buy,13.8890,7.0890,4432.0,4432.1,6.0486,2.1219,4438.26,4438.27,12.4,5.613,0.0000062500,0.0000000000,370.1,0.3
2026-09-05T15:56:16.950+00:00,B_sell_A_buy,13.8890,7.0890,4432.0,4432.1,6.0486,2.1219,4438.26,4438.27,12.4,5.276,0.0000062500,0.0000000000,370.2,0.4
2026-09-05T15:56:17.049+00:00,B_sell_A_buy,13.8890,7.0890,4432.0,4432.1,6.0486,2.1219,4438.26,4438.27,12.063,5.276,0.0000062500,0.0000000000,468.9,0.3
2026-09-05T15:56:17.049+00:00,B_sell_A_buy,13.8890,7.0890,4432.0,4432.1,6.0486,2.1219,4438.26,4438.27,12.063,4.939,0.0000062500,0.0000000000,469.1,0.4
2026-09-05T15:56:17.199+00:00,B_sell_A_buy,13.8890,7.0890,4432.0,4432.1,6.0486,2.1219,4438.26,4438.27,12.063,4.602,0.0000062500,0.0000000000,619.8,0.3
2026-09-05T15:56:17.199+00:00,B_sell_A_buy,13.8890,7.0890,4432.0,4432.1,6.0486,2.1219,4438.26,4438.27,11.726,4.602,0.0000062500,0.0000000000,620.0,0.4
2026-09-05T15:56:17.200+00:00,B_sell_A_buy,13.8890,7.0890,4432.0,4432.1,6.0486,2.1219,4438.26,4438.27,11.726,2.542,0.0000062500,0.0000000000,620.1,0.4
2026-09-05T15:56:17.302+00:00,B_sell_A_buy,13.8890,7.0890,4432.0,4432.1,6.0486,2.1219,4438.26,4438.27,11.726,2.205,0.0000062500,0.0000000000,722.5,0.2
2026-09-05T15:56:17.302+00:00,B_sell_A_buy,13.8890,7.0890,4432.0,4432.1,6.0486,2.1219,4438.26,4438.27,11.389,2.205,0.0000062500,0.0000000000,722.6,0.3
2026-09-05T15:56:17.346+00:00,B_sell_A_buy,13.8890,7.0890,4432.0,4432.1,6.0486,2.1219,4438.26,4438.27,11.389,19.762,0.0000062500,0.0000000000,766.5,0.3
2026-09-05T15:56:17.398+00:00,B_sell_A_buy,13.8890,7.0890,4432.0,4432.1,6.0486,2.1219,4438.26,4438.27,13.483,19.762,0.0000062500,0.0000000000,818.6,0.3
2026-09-05T15:56:17.453+00:00,B_sell_A_buy,13.8890,7.0890,4432.0,4432.1,6.0486,2.1219,4438.26,4438.27,13.146,19.762,0.0000062500,0.0000000000,872.7,0.2
2026-09-05T15:56:17.453+00:00,B_sell_A_buy,13.8890,7.0890,4432.0,4432.1,6.0486,2.1219,4438.26,4438.27,13.146,19.425,0.0000062500,0.0000000000,872.8,0.3
2026-09-05T15:56:17.545+00:00,B_sell_A_buy,13.8890,7.0890,4432.0,4432.1,6.0486,2.1219,4438.26,4438.27,12.809,19.425,0.0000062500,0.0000000000,965.0,0.3
2026-09-05T15:56:17.600+00:00,B_sell_A_buy,13.8890,7.0890,4432.0,4432.1,6.0486,2.1219,4438.26,4438.27,12.809,19.363,0.0000062500,0.0000000000,1020.0,0.2
2026-09-05T15:56:17.600+00:00,B_sell_A_buy,13.8890,7.0890,4432.0,4432.1,6.0486,2.1219,4438.26,4438.27,12.809,19.026,0.0000062500,0.0000000000,1020.2,0.3
2026-09-05T15:56:17.600+00:00,B_sell_A_buy,13.8890,7.0890,4432.0,4432.1,6.0486,2.1219,4438.26,4438.27,12.747,19.026,0.0000062500,0.0000000000,1020.2,0.4
2026-09-05T15:56:17.706+00:00,B_sell_A_buy,13.8890,7.0890,4432.0,4432.1,6.0486,2.1219,4438.26,4438.27,12.682,19.026,0.0000062500,0.0000000000,1126.7,0.3
2026-09-05T15:56:17.706+00:00,B_sell_A_buy,13.8890,7.0890,4432.0,4432.1,6.0486,2.1219,4438.26,4438.27,12.345,19.026,0.0000062500,0.0000000000,1126.9,0.4
2026-09-05T15:56:17.706+00:00,B_sell_A_buy,13.8890,7.0890,4432.0,4432.1,6.0486,2.1219,4438.26,4438.27,12.345,18.689,0.0000062500,0.0000000000,1126.9,0.5
2026-09-05T15:56:17.755+00:00,B_sell_A_buy,13.8890,7.0890,4432.0,4432.1,6.0486,2.1219,4438.26,4438.27,12.345,18.624,0.0000062500,0.0000000000,1175.1,0.2
2026-09-05T15:56:17.809+00:00,B_sell_A_buy,13.8890,7.0890,4432.0,4432.1,6.0486,2.1219,4438.26,4438.27,13.612,18.624,0.0000062500,0.0000000000,1229.1,0.2
2026-09-05T15:56:17.809+00:00,B_sell_A_buy,13.8890,7.0890,4432.0,4432.1,6.0486,2.1219,4438.26,4438.27,13.55,18.624,0.0000062500,0.0000000000,1229.2,0.2
2026-09-05T15:56:17.809+00:00,B_sell_A_buy,13.8890,7.0890,4432.0,4432.1,6.0486,2.1219,4438.26,4438.27,13.55,18.562,0.0000062500,0.0000000000,1229.2,0.2
2026-09-05T15:56:17.853+00:00,B_sell_A_buy,13.8890,7.0890,4432.0,4432.1,6.0486,2.1219,4438.26,4438.27,13.55,18.225,0.0000062500,0.0000000000,1273.9,0.2
2026-09-05T15:56:17.853+00:00,B_sell_A_buy,13.8890,7.0890,4432.0,4432.1,6.0486,2.1219,4438.26,4438.27,13.213,18.225,0.0000062500,0.0000000000,1274.0,0.2
2026-09-05T15:56:17.903+00:00,B_sell_A_buy,13.8890,7.0890,4432.0,4432.1,6.0486,2.1219,4438.26,4438.27,14.738,18.225,0.0000062500,0.0000000000,1323.2,0.1
2026-09-05T15:56:17.903+00:00,B_sell_A_buy,13.8890,7.0890,4432.0,4432.1,6.0486,2.1219,4438.26,4438.27,13.213,18.225,0.0000062500,0.0000000000,1323.3,0.2
2026-09-05T15:56:17.953+00:00,B_sell_A_buy,13.8890,7.0890,4432.0,4432.1,6.0486,2.1219,4438.26,4438.27,13.148,18.225,0.0000062500,0.0000000000,1373.4,0.3
2026-09-05T15:56:18.007+00:00,B_sell_A_buy,13.8890,7.0890,4432.0,4432.1,6.0486,2.1219,4438.26,4438.27,13.148,18.16,0.0000062500,0.0000000000,1427.4,0.2
2026-09-05T15:56:18.007+00:00,B_sell_A_buy,13.8890,7.0890,4432.0,4432.1,6.0486,2.1219,4438.26,4438.27,13.148,17.823,0.0000062500,0.0000000000,1427.6,0.2
2026-09-05T15:56:18.007+00:00,B_sell_A_buy,13.8890,7.0890,4432.0,4432.1,6.0486,2.1219,4438.26,4438.27,12.811,17.823,0.0000062500,0.0000000000,1427.6,0.3
2026-09-05T15:56:18.102+00:00,B_sell_A_buy,13.8890,7.0890,4432.0,4432.1,6.0486,2.1219,4438.26,4438.27,12.811,17.486,0.0000062500,0.0000000000,1521.8,0.2
2026-09-05T15:56:18.102+00:00,B_sell_A_buy,13.8890,7.0890,4432.0,4432.1,6.0486,2.1219,4438.26,4438.27,12.474,17.486,0.0000062500,0.0000000000,1521.9,0.3
2026-09-05T15:56:18.241+00:00,B_sell_A_buy,13.8890,7.0890,4432.0,4432.1,6.0486,2.1219,4438.26,4438.27,12.474,21.942,0.0000062500,0.0000000000,1661.4,0.3
2026-09-05T15:56:18.249+00:00,B_sell_A_buy,13.8890,7.0890,4432.0,4432.1,6.0486,2.1219,4438.26,4438.27,12.474,21.887,0.0000062500,0.0000000000,1669.3,0.1
2026-09-05T15:56:18.249+00:00,B_sell_A_buy,13.8890,7.0890,4432.0,4432.1,6.0486,2.1219,4438.26,4438.27,12.474,21.55,0.0000062500,0.0000000000,1669.4,0.1
2026-09-05T15:56:18.249+00:00,B_sell_A_buy,13.8890,7.0890,4432.0,4432.1,6.0486,2.1219,4438.26,4438.27,12.137,21.55,0.0000062500,0.0000000000,1669.4,0.2
2026-09-05T15:56:18.359+00:00,B_sell_A_buy,13.8890,7.0890,4432.0,4432.1,6.0486,2.1219,4438.26,4438.27,11.8,21.55,0.0000062500,0.0000000000,1779.3,0.2
2026-09-05T15:56:18.359+00:00,B_sell_A_buy,13.8890,7.0890,4432.0,4432.1,6.0486,2.1219,4438.26,4438.27,11.8,21.213,0.0000062500,0.0000000000,1779.4,0.3
2026-09-05T15:56:18.496+00:00,B_sell_A_buy,13.8890,7.0890,4432.0,4432.1,6.0486,2.1219,4438.26,4438.27,11.8,20.876,0.0000062500,0.0000000000,1916.3,0.3
2026-09-05T15:56:18.551+00:00,B_sell_A_buy,13.8890,7.0890,4432.0,4432.1,6.0486,2.1219,4438.26,4438.27,11.463,20.876,0.0000062500,0.0000000000,1971.1,0.3
2026-09-05T15:56:31.341+00:00,B_sell_A_buy,13.7538,6.9538,4432.0,4432.1,6.0486,1.8963,4438.2,4438.21,8.794,5.196,0.0000062500,0.0000000000,0.3,89.3
2026-09-05T15:56:31.396+00:00,B_sell_A_buy,13.7538,6.9538,4432.0,4432.1,6.0486,1.8963,4438.2,4438.21,8.794,4.859,0.0000062500,0.0000000000,56.2,0.2
2026-09-05T15:56:31.396+00:00,B_sell_A_buy,13.7538,6.9538,4432.0,4432.1,6.0486,1.8963,4438.2,4438.21,8.457,4.859,0.0000062500,0.0000000000,56.3,0.3
2026-09-05T15:56:31.560+00:00,B_sell_A_buy,13.7538,6.9538,4432.0,4432.1,6.0486,1.8963,4438.2,4438.21,8.457,4.522,0.0000062500,0.0000000000,219.9,0.3
2026-09-05T15:56:31.560+00:00,B_sell_A_buy,13.7538,6.9538,4432.0,4432.1,6.0486,1.8963,4438.2,4438.21,8.12,4.522,0.0000062500,0.0000000000,220.0,0.4
2026-09-05T15:56:31.703+00:00,B_sell_A_buy,13.7538,6.9538,4432.0,4432.1,6.0486,1.8963,4438.2,4438.21,8.067,4.522,0.0000062500,0.0000000000,362.2,0.2
2026-09-05T15:56:31.703+00:00,B_sell_A_buy,13.7538,6.9538,4432.0,4432.1,6.0486,1.8963,4438.2,4438.21,8.067,4.185,0.0000062500,0.0000000000,362.3,0.3
2026-09-05T15:56:31.703+00:00,B_sell_A_buy,13.7538,6.9538,4432.0,4432.1,6.0486,1.8963,4438.2,4438.21,7.73,4.185,0.0000062500,0.0000000000,362.4,0.4
2026-09-05T15:56:31.703+00:00,B_sell_A_buy,13.7538,6.9538,4432.0,4432.1,6.0486,1.8963,4438.2,4438.21,7.73,4.132,0.0000062500,0.0000000000,362.4,0.4
2026-09-05T15:56:31.795+00:00,B_sell_A_buy,13.7538,6.9538,4432.0,4432.1,6.0486,1.8963,4438.2,4438.21,7.73,3.795,0.0000062500,0.0000000000,454.9,0.2
2026-09-05T15:56:31.795+00:00,B_sell_A_buy,13.7538,6.9538,4432.0,4432.1,6.0486,1.8963,4438.2,4438.21,7.393,3.795,0.0000062500,0.0000000000,455.0,0.3
2026-09-05T15:56:31.899+00:00,B_sell_A_buy,13.7538,6.9538,4432.0,4432.1,6.0486,1.8963,4438.2,4438.21,7.393,3.458,0.0000062500,0.0000000000,559.1,0.2
2026-09-05T15:56:31.996+00:00,B_sell_A_buy,13.7538,6.9538,4432.0,4432.1,6.0486,1.8963,4438.2,4438.21,7.393,3.41,0.0000062500,0.0000000000,655.9,0.3
2026-09-05T15:56:31.996+00:00,B_sell_A_buy,13.7538,6.9538,4432.0,4432.1,6.0486,1.8963,4438.2,4438.21,7.056,3.41,0.0000062500,0.0000000000,656.1,0.3
2026-09-05T15:56:31.996+00:00,B_sell_A_buy,13.7538,6.9538,4432.0,4432.1,6.0486,1.8963,4438.2,4438.21,7.008,3.41,0.0000062500,0.0000000000,656.1,0.4
2026-09-05T15:56:32.201+00:00,B_sell_A_buy,13.7538,6.9538,4432.0,4432.1,6.0486,1.8963,4438.2,4438.21,7.008,3.362,0.0000062500,0.0000000000,860.5,0.2
2026-09-05T15:56:32.247+00:00,B_sell_A_buy,13.7538,6.9538,4432.0,4432.1,6.0486,1.8963,4438.2,4438.21,7.008,3.025,0.0000062500,0.0000000000,906.5,0.2
2026-09-05T15:56:32.247+00:00,B_sell_A_buy,13.7538,6.9538,4432.0,4432.1,6.0486,1.8963,4438.2,4438.21,6.671,3.025,0.0000062500,0.0000000000,906.6,0.4
2026-09-05T15:56:32.305+00:00,B_sell_A_buy,13.7538,6.9538,4432.0,4432.1,6.0486,1.8963,4438.2,4438.21,6.618,3.025,0.0000062500,0.0000000000,964.9,0.2
2026-09-05T15:56:32.305+00:00,B_sell_A_buy,13.7538,6.9538,4432.0,4432.1,6.0486,1.8963,4438.2,4438.21,6.618,2.972,0.0000062500,0.0000000000,965.0,0.2
2026-09-05T15:56:32.350+00:00,B_sell_A_buy,13.7538,6.9538,4432.0,4432.1,6.0486,1.8963,4438.2,4438.21,6.618,2.635,0.0000062500,0.0000000000,1009.6,0.3
2026-09-05T15:56:32.350+00:00,B_sell_A_buy,13.7538,6.9538,4432.0,4432.1,6.0486,1.8963,4438.2,4438.21,6.281,2.635,0.0000062500,0.0000000000,1009.8,0.4
2026-09-05T15:56:32.452+00:00,B_sell_A_buy,13.7538,6.9538,4432.0,4432.1,6.0486,1.8963,4438.2,4438.21,6.281,2.58,0.0000062500,0.0000000000,1111.5,0.1
2026-09-05T15:56:32.452+00:00,B_sell_A_buy,13.7538,6.9538,4432.0,4432.1,6.0486,1.8963,4438.2,4438.21,5.944,2.58,0.0000062500,0.0000000000,1111.6,0.2
2026-09-05T15:56:32.452+00:00,B_sell_A_buy,13.7538,6.9538,4432.0,4432.1,6.0486,1.8963,4438.2,4438.21,5.944,2.243,0.0000062500,0.0000000000,1111.6,0.2
2026-09-05T15:56:32.543+00:00,B_sell_A_buy,13.7538,6.9538,4432.0,4432.1,6.0486,1.8963,4438.2,4438.21,5.944,5.832,0.0000062500,0.0000000000,1203.2,0.3
2026-09-05T15:56:32.543+00:00,B_sell_A_buy,13.7538,6.9538,4432.0,4432.1,6.0486,1.8963,4438.2,4438.21,5.944,2.243,0.0000062500,0.0000000000,1203.3,0.3
2026-09-05T15:56:32.614+00:00,B_sell_A_buy,13.7538,6.9538,4432.0,4432.1,6.0486,1.8963,4438.2,4438.21,5.607,2.243,0.0000062500,0.0000000000,1273.5,0.2
2026-09-05T15:56:32.614+00:00,B_sell_A_buy,13.7538,6.9538,4432.0,4432.1,6.0486,1.8963,4438.2,4438.21,5.607,1.906,0.0000062500,0.0000000000,1273.7,0.3
2026-09-05T15:56:32.661+00:00,B_sell_A_buy,13.7538,6.9538,4432.0,4432.1,6.0486,1.8963,4438.2,4438.21,5.607,10.985,0.0000062500,0.0000000000,1320.6,0.3
2026-09-05T15:56:32.770+00:00,B_sell_A_buy,13.7538,6.9538,4432.0,4432.1,6.0486,1.8963,4438.2,4438.21,5.607,10.648,0.0000062500,0.0000000000,1429.2,0.2
2026-09-05T15:56:32.770+00:00,B_sell_A_buy,13.7538,6.9538,4432.0,4432.1,6.0486,1.8963,4438.2,4438.21,5.27,10.648,0.0000062500,0.0000000000,1429.4,0.3
2026-09-05T15:56:32.899+00:00,B_sell_A_buy,13.7538,6.9538,4432.0,4432.1,6.0486,1.8963,4438.2,4438.21,4.933,10.648,0.0000062500,0.0000000000,1558.5,0.3
2026-09-05T15:56:32.899+00:00,B_sell_A_buy,13.7538,6.9538,4432.0,4432.1,6.0486,1.8963,4438.2,4438.21,4.933,10.311,0.0000062500,0.0000000000,1558.6,0.4
2026-09-05T15:56:32.944+00:00,B_sell_A_buy,13.7538,6.9538,4432.0,4432.1,6.0486,2.1219,4438.2,4438.21,4.933,10.311,0.0000062500,0.0000000000,0.3,45.3
2026-09-05T15:56:32.998+00:00,B_sell_A_buy,13.7538,6.9538,4432.0,4432.1,6.0486,2.1219,4438.2,4438.21,4.596,10.311,0.0000062500,0.0000000000,54.5,0.2
2026-09-05T15:56:32.998+00:00,B_sell_A_buy,13.7538,6.9538,4432.0,4432.1,6.0486,2.1219,4438.2,4438.21,4.596,9.974,0.0000062500,0.0000000000,54.6,0.2
2026-09-05T15:56:33.097+00:00,B_sell_A_buy,13.7538,6.9538,4432.0,4432.1,6.0486,2.1219,4438.2,4438.21,4.596,9.637,0.0000062500,0.0000000000,153.6,0.2
2026-09-05T15:56:33.147+00:00,B_sell_A_buy,13.7538,6.9538,4432.0,4432.1,6.0486,2.1219,4438.2,4438.21,4.259,9.637,0.0000062500,0.0000000000,203.6,0.1
2026-09-05T15:56:33.212+00:00,B_sell_A_buy,13.7538,6.9538,4432.0,4432.1,6.0486,2.1219,4438.2,4438.21,4.211,9.637,0.0000062500,0.0000000000,268.3,0.3
2026-09-05T15:56:33.256+00:00,B_sell_A_buy,13.7538,6.9538,4432.0,4432.1,6.0486,2.1219,4438.2,4438.21,3.874,9.637,0.0000062500,0.0000000000,311.8,0.1
2026-09-05T15:56:33.304+00:00,B_sell_A_buy,13.7538,6.9538,4432.0,4432.1,6.0486,2.1219,4438.2,4438.21,22.909,9.637,0.0000062500,0.0000000000,360.0,0.3
2026-09-05T15:56:33.304+00:00,B_sell_A_buy,13.7538,6.9538,4432.0,4432.1,6.0486,2.1219,4438.2,4438.21,22.909,9.8,0.0000062500,0.0000000000,360.2,0.4
2026-09-05T15:56:33.308+00:00,B_sell_A_buy,13.7538,6.9538,4432.0,4432.1,6.0486,2.1219,4438.2,4438.21,22.909,9.744,0.0000062500,0.0000000000,364.1,0.1
2026-09-05T15:56:33.310+00:00,B_sell_A_buy,13.7538,6.9538,4432.0,4432.1,6.0486,2.1219,4438.2,4438.21,22.853,9.744,0.0000062500,0.0000000000,366.0,0.1
2026-09-05T15:56:33.346+00:00,B_sell_A_buy,13.7538,6.9538,4432.0,4432.1,6.0486,2.0317,4438.2,4438.21,22.853,9.744,0.0000062500,0.0000000000,0.1,36.6
2026-09-05T15:56:33.358+00:00,B_sell_A_buy,13.7538,6.9538,4432.0,4432.1,6.0486,2.0317,4438.2,4438.21,22.853,9.407,0.0000062500,0.0000000000,12.2,0.3
2026-09-05T15:56:33.505+00:00,B_sell_A_buy,13.7538,6.9538,4432.0,4432.1,6.0486,2.0317,4438.2,4438.21,22.516,9.407,0.0000062500,0.0000000000,158.9,0.3
2026-09-05T15:56:33.505+00:00,B_sell_A_buy,13.7538,6.9538,4432.0,4432.1,6.0486,2.0317,4438.2,4438.21,22.516,9.351,0.0000062500,0.0000000000,159.1,0.4
2026-09-05T15:56:33.505+00:00,B_sell_A_buy,13.7538,6.9538,4432.0,4432.1,6.0486,2.0317,4438.2,4438.21,22.516,9.014,0.0000062500,0.0000000000,159.1,0.4
2026-09-05T15:56:33.505+00:00,B_sell_A_buy,13.7538,6.9538,4432.0,4432.1,6.0486,2.0317,4438.2,4438.21,22.46,9.014,0.0000062500,0.0000000000,159.1,0.4
2026-09-05T15:56:33.602+00:00,B_sell_A_buy,13.7538,6.9538,4432.0,4432.1,6.0486,2.0317,4438.2,4438.21,22.123,9.014,0.0000062500,0.0000000000,256.2,0.3
2026-09-05T15:56:33.602+00:00,B_sell_A_buy,13.7538,6.9538,4432.0,4432.1,6.0486,2.0317,4438.2,4438.21,22.123,8.677,0.0000062500,0.0000000000,256.3,0.4
2026-09-05T15:56:33.703+00:00,B_sell_A_buy,13.7538,6.9538,4432.0,4432.1,6.0486,2.0317,4438.2,4438.21,22.123,8.34,0.0000062500,0.0000000000,356.7,0.2
2026-09-05T15:56:33.703+00:00,B_sell_A_buy,13.7538,6.9538,4432.0,4432.1,6.0486,2.0317,4438.2,4438.21,21.786,8.34,0.0000062500,0.0000000000,356.8,0.3
2026-09-05T15:56:33.798+00:00,B_sell_A_buy,13.7538,6.9538,4432.0,4432.1,6.0486,2.0317,4438.2,4438.21,21.449,8.34,0.0000062500,0.0000000000,451.5,0.2
2026-09-05T15:56:33.798+00:00,B_sell_A_buy,13.7538,6.9538,4432.0,4432.1,6.0486,2.0317,4438.2,4438.21,21.449,8.003,0.0000062500,0.0000000000,451.6,0.3
2026-09-05T15:56:33.907+00:00,B_sell_A_buy,13.7538,6.9538,4432.0,4432.1,6.0486,2.0317,4438.2,4438.21,21.112,8.003,0.0000062500,0.0000000000,560.8,0.2
2026-09-05T15:56:33.907+00:00,B_sell_A_buy,13.7538,6.9538,4432.0,4432.1,6.0486,2.0317,4438.2,4438.21,21.112,7.666,0.0000062500,0.0000000000,560.9,0.3
2026-09-05T15:56:34.006+00:00,B_sell_A_buy,13.7538,6.9538,4432.0,4432.1,6.0486,2.0317,4438.2,4438.21,21.112,6.307,0.0000062500,0.0000000000,659.6,0.2
2026-09-05T15:56:34.006+00:00,B_sell_A_buy,13.7538,6.9538,4432.0,4432.1,6.0486,2.0317,4438.2,4438.21,17.693,6.307,0.0000062500,0.0000000000,659.7,0.3
2026-09-05T15:56:34.006+00:00,B_sell_A_buy,13.7538,6.9538,4432.0,4432.1,6.0486,2.0317,4438.2,4438.21,17.693,7.666,0.0000062500,0.0000000000,659.7,0.3
2026-09-05T15:56:34.011+00:00,B_sell_A_buy,13.7538,6.9538,4432.0,4432.1,6.0486,2.0306,4438.2,4438.21,17.693,7.666,0.0000062500,0.0000000000,0.1,5.3
2026-09-05T15:56:34.055+00:00,B_sell_A_buy,13.7538,6.9538,4432.0,4432.1,6.0486,2.0306,4438.2,4438.21,17.356,7.666,0.0000062500,0.0000000000,44.4,0.1
2026-09-05T15:56:34.158+00:00,B_sell_A_buy,13.7538,6.9538,4432.0,4432.1,6.0486,2.369,4438.2,4438.21,17.356,7.666,0.0000062500,0.0000000000,0.3,103.6
2026-09-05T15:56:34.984+00:00,B_sell_A_buy,13.7538,6.9538,4432.0,4432.1,6.0486,2.369,4438.2,4438.21,18.623,7.666,0.0000062500,0.0000000000,825.7,0.2
2026-09-05T15:56:34.984+00:00,B_sell_A_buy,13.7538,6.9538,4432.0,4432.1,6.0486,2.369,4438.2,4438.21,23.784,7.666,0.0000062500,0.0000000000,825.8,0.4
2026-09-05T15:56:35.019+00:00,B_sell_A_buy,13.7538,6.9538,4432.0,4432.1,6.0486,2.369,4438.2,4438.21,23.733,7.666,0.0000062500,0.0000000000,861.1,0.3
2026-09-05T15:56:35.019+00:00,B_sell_A_buy,13.7538,6.9538,4432.0,4432.1,6.0486,2.369,4438.2,4438.21,23.674,7.666,0.0000062500,0.0000000000,861.2,0.3
2026-09-05T15:56:35.019+00:00,B_sell_A_buy,13.7538,6.9538,4432.0,4432.1,6.0486,2.369,4438.2,4438.21,23.674,7.615,0.0000062500,0.0000000000,861.2,0.3
2026-09-05T15:56:35.019+00:00,B_sell_A_buy,13.7538,6.9538,4432.0,4432.1,6.0486,2.369,4438.2,4438.21,23.674,7.556,0.0000062500,0.0000000000,861.2,0.3
2026-09-05T15:56:35.019+00:00,B_sell_A_buy,13.7538,6.9538,4432.0,4432.1,6.0486,2.369,4438.2,4438.21,23.674,7.219,0.0000062500,0.0000000000,861.2,0.4
2026-09-05T15:56:35.202+00:00,B_sell_A_buy,13.7538,6.9538,4432.0,4432.1,6.0486,2.369,4438.2,4438.21,23.615,7.219,0.0000062500,0.0000000000,1042.9,0.2
2026-09-05T15:56:35.202+00:00,B_sell_A_buy,13.7538,6.9538,4432.0,4432.1,6.0486,2.369,4438.2,4438.21,23.564,7.219,0.0000062500,0.0000000000,1043.1,0.4
2026-09-05T15:56:35.202+00:00,B_sell_A_buy,13.7538,6.9538,4432.0,4432.1,6.0486,2.369,4438.2,4438.21,23.564,6.882,0.0000062500,0.0000000000,1043.1,0.4
2026-09-05T15:56:35.202+00:00,B_sell_A_buy,13.7538,6.9538,4432.0,4432.1,6.0486,2.369,4438.2,4438.21,23.227,6.882,0.0000062500,0.0000000000,1043.1,0.4
2026-09-05T15:56:35.244+00:00,B_sell_A_buy,13.7538,6.9538,4432.0,4432.1,6.0486,2.369,4438.2,4438.21,23.227,6.823,0.0000062500,0.0000000000,1085.8,0.2
2026-09-05T15:56:35.244+00:00,B_sell_A_buy,13.7538,6.9538,4432.0,4432.1,6.0486,2.369,4438.2,4438.21,23.227,6.772,0.0000062500,0.0000000000,1085.9,0.2
2026-09-05T15:56:35.294+00:00,B_sell_A_buy,13.7538,6.9538,4432.0,4432.1,6.0486,2.369,4438.2,4438.21,23.227,6.435,0.0000062500,0.0000000000,1135.9,0.2
2026-09-05T15:56:35.294+00:00,B_sell_A_buy,13.7538,6.9538,4432.0,4432.1,6.0486,2.369,4438.2,4438.21,22.89,6.435,0.0000062500,0.0000000000,1136.1,0.3
2026-09-05T15:56:35.405+00:00,B_sell_A_buy,13.7538,6.9538,4432.0,4432.1,6.0486,2.369,4438.2,4438.21,22.89,5.076,0.0000062500,0.0000000000,1247.0,0.3
2026-09-05T15:56:35.412+00:00,B_sell_A_buy,13.7538,6.9538,4432.0,4432.1,6.0486,2.369,4438.2,4438.21,22.553,5.076,0.0000062500,0.0000000000,1254.2,0.1
2026-09-05T15:56:35.412+00:00,B_sell_A_buy,13.7538,6.9538,4432.0,4432.1,6.0486,2.369,4438.2,4438.21,22.553,4.739,0.0000062500,0.0000000000,1254.3,0.2
2026-09-05T15:56:35.559+00:00,B_sell_A_buy,13.7538,6.9538,4432.0,4432.1,6.0486,2.369,4438.2,4438.21,22.553,4.402,0.0000062500,0.0000000000,1400.4,0.2
2026-09-05T15:56:35.559+00:00,B_sell_A_buy,13.7538,6.9538,4432.0,4432.1,6.0486,2.369,4438.2,4438.21,22.216,4.402,0.0000062500,0.0000000000,1400.6,0.3
2026-09-05T15:56:35.651+00:00,B_sell_A_buy,13.7538,6.9538,4432.0,4432.1,6.0486,2.369,4438.2,4438.21,22.216,4.065,0.0000062500,0.0000000000,1493.1,0.3
2026-09-05T15:56:35.699+00:00,B_sell_A_buy,13.7538,6.9538,4432.0,4432.1,6.0486,2.369,4438.2,4438.21,21.879,4.065,0.0000062500,0.0000000000,1541.4,0.3
2026-09-05T15:56:35.850+00:00,B_sell_A_buy,13.7538,6.9538,4432.0,4432.1,6.0486,2.369,4438.2,4438.21,21.542,4.065,0.0000062500,0.0000000000,1691.7,0.2
2026-09-05T15:56:35.850+00:00,B_sell_A_buy,13.7538,6.9538,4432.0,4432.1,6.0486,2.369,4438.2,4438.21,21.542,3.728,0.0000062500,0.0000000000,1691.9,0.3
2026-09-05T15:56:35.947+00:00,B_sell_A_buy,13.7538,6.9538,4432.0,4432.1,6.0486,2.369,4438.2,4438.21,21.542,3.391,0.0000062500,0.0000000000,1788.8,0.3
2026-09-05T15:56:35.947+00:00,B_sell_A_buy,13.7538,6.9538,4432.0,4432.1,6.0486,2.369,4438.2,4438.21,21.205,3.391,0.0000062500,0.0000000000,1788.9,0.4
2026-09-05T15:56:36.009+00:00,B_sell_A_buy,13.7538,6.9538,4432.0,4432.1,6.0486,2.369,4438.2,4438.21,21.153,3.391,0.0000062500,0.0000000000,1851.6,0.3
2026-09-05T15:56:36.010+00:00,B_sell_A_buy,13.7538,6.9538,4432.0,4432.1,6.0486,2.369,4438.2,4438.21,21.153,3.339,0.0000062500,0.0000000000,1851.7,0.4
2026-09-05T15:56:36.062+00:00,B_sell_A_buy,13.7538,6.9538,4432.0,4432.1,6.0486,2.369,4438.2,4438.21,21.153,3.002,0.0000062500,0.0000000000,1904.0,0.3
2026-09-05T15:56:36.062+00:00,B_sell_A_buy,13.7538,6.9538,4432.0,4432.1,6.0486,2.369,4438.2,4438.21,20.816,3.002,0.0000062500,0.0000000000,1904.1,0.3
2026-09-05T15:56:36.110+00:00,B_sell_A_buy,13.7538,6.9538,4432.0,4432.1,6.0486,2.369,4438.2,4438.21,20.816,2.936,0.0000062500,0.0000000000,1952.2,0.2
2026-09-05T15:56:36.153+00:00,B_sell_A_buy,13.7538,6.9538,4432.0,4432.1,6.0486,2.369,4438.2,4438.21,20.75,2.936,0.0000062500,0.0000000000,1995.2,0.2
2026-09-05T15:56:42.025+00:00,B_sell_A_buy,13.7538,6.9538,4432.0,4432.1,3.8961,2.369,4438.2,4438.21,22.485,2.321,0.0000062500,0.0000000000,0.3,65.7
2026-09-05T15:56:42.061+00:00,B_sell_A_buy,13.7538,6.9538,4432.0,4432.1,3.8961,2.369,4438.2,4438.21,22.148,2.321,0.0000062500,0.0000000000,35.8,0.3
2026-09-05T15:56:42.061+00:00,B_sell_A_buy,13.7538,6.9538,4432.0,4432.1,3.8961,2.369,4438.2,4438.21,22.148,1.984,0.0000062500,0.0000000000,35.9,0.4
2026-09-05T15:56:42.110+00:00,B_sell_A_buy,13.7538,6.9538,4432.0,4432.1,3.8961,2.369,4438.2,4438.21,22.148,1.923,0.0000062500,0.0000000000,85.3,0.1
2026-09-05T15:56:42.110+00:00,B_sell_A_buy,13.7538,6.9538,4432.0,4432.1,3.8961,2.369,4438.2,4438.21,22.087,1.923,0.0000062500,0.0000000000,85.4,0.1
2026-09-05T15:56:42.157+00:00,B_sell_A_buy,13.7538,6.9538,4432.0,4432.1,3.8961,2.369,4438.2,4438.21,21.75,1.923,0.0000062500,0.0000000000,132.2,0.3
2026-09-05T15:56:42.157+00:00,B_sell_A_buy,13.7538,6.9538,4432.0,4432.1,3.8961,2.369,4438.2,4438.21,21.75,1.586,0.0000062500,0.0000000000,132.3,0.4
2026-09-05T15:56:42.254+00:00,B_sell_A_buy,13.7538,6.9538,4432.0,4432.1,3.8961,2.369,4438.2,4438.21,21.413,1.586,0.0000062500,0.0000000000,228.8,0.3
2026-09-05T15:56:42.254+00:00,B_sell_A_buy,13.7538,6.9538,4432.0,4432.1,3.8961,2.369,4438.2,4438.21,21.413,1.249,0.0000062500,0.0000000000,229.0,0.5
2026-09-05T15:56:42.307+00:00,B_sell_A_buy,13.7538,6.9538,4432.0,4432.1,3.8961,2.369,4438.2,4438.21,21.352,1.249,0.0000062500,0.0000000000,281.6,0.2
2026-09-05T15:56:42.352+00:00,B_sell_A_buy,13.7538,6.9538,4432.0,4432.1,5.8011,2.369,4438.2,4438.21,21.352,1.249,0.0000062500,0.0000000000,0.3,46.5
2026-09-05T15:56:42.352+00:00,B_sell_A_buy,13.7538,6.9538,4432.0,4432.1,5.8011,2.369,4438.2,4438.21,21.352,1.139,0.0000062500,0.0000000000,0.5,0.4
2026-09-05T15:56:42.352+00:00,B_sell_A_buy,13.7538,6.9538,4432.0,4432.1,5.8011,2.369,4438.2,4438.21,21.015,1.139,0.0000062500,0.0000000000,0.5,0.4
2026-09-05T15:56:42.352+00:00,B_sell_A_buy,13.7538,6.9538,4432.0,4432.1,5.8011,2.369,4438.2,4438.21,21.015,0.802,0.0000062500,0.0000000000,0.5,0.4
2026-09-05T15:56:42.352+00:00,B_sell_A_buy,13.7538,6.9538,4432.0,4432.1,5.8011,2.369,4438.2,4438.21,21.015,0.741,0.0000062500,0.0000000000,0.5,0.4
2026-09-05T15:56:42.400+00:00,B_sell_A_buy,13.7538,6.9538,4432.0,4432.1,5.8011,2.369,4438.2,4438.21,21.015,0.692,0.0000062500,0.0000000000,47.7,0.2
2026-09-05T15:56:42.407+00:00,B_sell_A_buy,13.7538,6.9538,4432.0,4432.1,5.8011,2.369,4438.2,4438.21,20.966,0.692,0.0000062500,0.0000000000,55.3,0.1
2026-09-05T15:56:42.458+00:00,B_sell_A_buy,13.7538,6.9538,4432.0,4432.1,5.8011,2.369,4438.2,4438.21,20.966,0.355,0.0000062500,0.0000000000,105.8,0.3
2026-09-05T15:56:42.459+00:00,B_sell_A_buy,13.7538,6.9538,4432.0,4432.1,5.8011,2.369,4438.2,4438.21,20.629,0.355,0.0000062500,0.0000000000,106.0,0.4
2026-09-05T15:56:42.547+00:00,B_sell_A_buy,13.7538,6.9538,4432.0,4432.1,5.8011,2.369,4438.2,4438.21,20.629,0.018,0.0000062500,0.0000000000,195.1,0.3
2026-09-05T15:56:42.547+00:00,B_sell_A_buy,13.7538,6.9538,4432.0,4432.1,5.8011,2.369,4438.2,4438.21,20.292,0.018,0.0000062500,0.0000000000,195.3,0.4
2026-09-05T15:56:42.597+00:00,B_sell_A_buy,13.7538,6.9538,4432.0,4432.1,5.8011,2.369,4438.2,4438.22,20.292,1.267,0.0000062500,0.0000000000,244.9,0.1
2026-09-05T15:56:42.667+00:00,B_sell_A_buy,13.7538,6.9538,4432.0,4432.1,5.8011,2.369,4438.2,4438.21,20.292,4.305,0.0000062500,0.0000000000,314.5,0.1
2026-09-05T15:56:42.667+00:00,B_sell_A_buy,13.7538,6.9538,4432.0,4432.1,5.8011,2.369,4438.2,4438.21,20.243,4.305,0.0000062500,0.0000000000,314.6,0.1
2026-09-05T15:56:42.667+00:00,B_sell_A_buy,13.7538,6.9538,4432.0,4432.1,5.8011,2.369,4438.2,4438.21,20.226,4.305,0.0000062500,0.0000000000,314.6,0.2
2026-09-05T15:56:42.667+00:00,B_sell_A_buy,13.7538,6.9538,4432.0,4432.1,5.8011,2.369,4438.2,4438.21,20.226,4.288,0.0000062500,0.0000000000,314.6,0.2
2026-09-05T15:56:42.702+00:00,B_sell_A_buy,13.7538,6.9538,4432.0,4432.1,5.8011,2.369,4438.2,4438.21,0.618,4.288,0.0000062500,0.0000000000,349.7,0.2
2026-09-05T15:56:42.702+00:00,B_sell_A_buy,13.7088,6.9088,4432.0,4432.1,5.8011,2.369,4438.18,4438.21,2.957,4.288,0.0000062500,0.0000000000,349.9,0.4
2026-09-05T15:56:42.711+00:00,B_sell_A_buy,13.7088,6.9088,4432.0,4432.1,5.8011,2.369,4438.18,4438.21,2.957,7.38,0.0000062500,0.0000000000,358.6,0.2
2026-09-05T15:56:42.761+00:00,B_sell_A_buy,13.7088,6.9088,4432.0,4432.1,5.8011,2.369,4438.18,4438.21,2.957,7.043,0.0000062500,0.0000000000,409.0,0.3
2026-09-05T15:56:42.761+00:00,B_sell_A_buy,13.7088,6.9088,4432.0,4432.1,5.8011,2.369,4438.18,4438.21,2.62,7.043,0.0000062500,0.0000000000,409.2,0.5
2026-09-05T15:56:42.798+00:00,B_sell_A_buy,13.7088,6.9088,4432.0,4432.1,5.8011,2.369,4438.18,4438.21,2.62,3.092,0.0000062500,0.0000000000,446.3,0.2
2026-09-05T15:56:42.798+00:00,B_sell_A_buy,13.7087,6.9087,4432.0,4432.1,5.8011,2.369,4438.18,4438.22,2.62,1.267,0.0000062500,0.0000000000,446.4,0.3
2026-09-05T15:56:42.848+00:00,B_sell_A_buy,13.7088,6.9088,4432.0,4432.1,5.8011,2.369,4438.18,4438.2,2.62,4.288,0.0000062500,0.0000000000,496.4,0.2
2026-09-05T15:56:42.848+00:00,B_sell_A_buy,13.7313,6.9313,4432.0,4432.1,5.8011,2.369,4438.19,4438.2,22.862,4.288,0.0000062500,0.0000000000,496.5,0.3
2026-09-05T15:56:42.848+00:00,B_sell_A_buy,13.7313,6.9313,4432.0,4432.1,5.8011,2.369,4438.19,4438.2,22.862,7.4,0.0000062500,0.0000000000,496.5,0.4
2026-09-05T15:56:42.848+00:00,B_sell_A_buy,13.7313,6.9313,4432.0,4432.1,5.8011,2.369,4438.19,4438.2,27.165,7.4,0.0000062500,0.0000000000,496.6,0.4
2026-09-05T15:56:42.959+00:00,B_sell_A_buy,13.7313,6.9313,4432.0,4432.1,5.8011,2.369,4438.19,4438.2,27.165,5.873,0.0000062500,0.0000000000,606.8,0.3
2026-09-05T15:56:42.959+00:00,B_sell_A_buy,13.7313,6.9313,4432.0,4432.1,5.8011,2.369,4438.19,4438.2,26.828,5.873,0.0000062500,0.0000000000,606.9,0.4
2026-09-05T15:56:42.959+00:00,B_sell_A_buy,13.7313,6.9313,4432.0,4432.1,5.8011,2.369,4438.19,4438.2,26.828,5.536,0.0000062500,0.0000000000,606.9,0.4
2026-09-05T15:56:43.056+00:00,B_sell_A_buy,13.7313,6.9313,4432.0,4432.1,5.8011,2.369,4438.19,4438.2,26.828,5.199,0.0000062500,0.0000000000,704.0,0.3
2026-09-05T15:56:43.096+00:00,B_sell_A_buy,13.7313,6.9313,4432.0,4432.1,5.8011,2.369,4438.19,4438.2,26.491,5.199,0.0000062500,0.0000000000,744.2,0.3
2026-09-05T15:56:43.149+00:00,B_sell_A_buy,13.7313,6.9313,4432.0,4432.1,5.8011,2.369,4438.19,4438.2,26.491,1.773,0.0000062500,0.0000000000,797.3,0.3
2026-09-05T15:56:43.251+00:00,B_sell_A_buy,13.7313,6.9313,4432.0,4432.1,5.8011,2.369,4438.19,4438.2,26.154,1.773,0.0000062500,0.0000000000,898.7,0.3
2026-09-05T15:56:43.251+00:00,B_sell_A_buy,13.7313,6.9313,4432.0,4432.1,5.8011,2.369,4438.19,4438.2,26.154,1.436,0.0000062500,0.0000000000,898.8,0.4
2026-09-05T15:56:43.297+00:00,B_sell_A_buy,13.7313,6.9313,4432.0,4432.1,5.8011,2.369,4438.19,4438.2,26.154,1.773,0.0000062500,0.0000000000,944.2,0.3
2026-09-05T15:56:43.361+00:00,B_sell_A_buy,13.7313,6.9313,4432.0,4432.1,5.8011,2.369,4438.19,4438.2,25.817,1.773,0.0000062500,0.0000000000,1008.3,0.3
2026-09-05T15:56:43.361+00:00,B_sell_A_buy,13.7313,6.9313,4432.0,4432.1,5.8011,2.369,4438.19,4438.2,25.817,1.436,0.0000062500,0.0000000000,1008.5,0.4
2026-09-05T15:56:43.414+00:00,B_sell_A_buy,13.7313,6.9313,4432.0,4432.1,5.8011,2.369,4438.19,4438.2,25.817,1.405,0.0000062500,0.0000000000,1061.5,0.2
2026-09-05T15:56:43.438+00:00,B_sell_A_buy,13.7313,6.9313,4432.0,4432.1,4.8699,2.369,4438.19,4438.2,25.817,1.405,0.0000062500,0.0000000000,0.2,24.5
2026-09-05T15:56:43.512+00:00,B_sell_A_buy,13.7313,6.9313,4432.0,4432.1,4.8699,2.369,4438.19,4438.2,25.48,1.405,0.0000062500,0.0000000000,74.4,0.2
2026-09-05T15:56:43.512+00:00,B_sell_A_buy,13.7313,6.9313,4432.0,4432.1,4.8699,2.369,4438.19,4438.2,25.48,1.068,0.0000062500,0.0000000000,74.5,0.4
2026-09-05T15:56:43.602+00:00,B_sell_A_buy,13.7313,6.9313,4432.0,4432.1,4.8699,2.369,4438.19,4438.2,25.48,0.731,0.0000062500,0.0000000000,164.0,0.3
2026-09-05T15:56:43.602+00:00,B_sell_A_buy,13.7313,6.9313,4432.0,4432.1,4.8699,2.369,4438.19,4438.2,25.143,0.731,0.0000062500,0.0000000000,164.2,0.4
2026-09-05T15:56:43.649+00:00,B_sell_A_buy,13.7313,6.9313,4432.0,4432.1,4.8699,2.369,4438.19,4438.2,25.143,1.998,0.0000062500,0.0000000000,211.6,0.1
2026-09-05T15:56:43.702+00:00,B_sell_A_buy,13.7313,6.9313,4432.0,4432.1,4.8699,2.369,4438.19,4438.2,25.143,1.661,0.0000062500,0.0000000000,263.5,0.3
2026-09-05T15:56:43.747+00:00,B_sell_A_buy,13.7313,6.9313,4432.0,4432.1,4.8699,2.369,4438.19,4438.2,24.806,1.661,0.0000062500,0.0000000000,309.7,0.3
2026-09-05T15:56:43.851+00:00,B_sell_A_buy,13.7313,6.9313,4432.0,4432.1,4.8699,2.369,4438.19,4438.2,24.806,1.324,0.0000062500,0.0000000000,413.2,0.2
2026-09-05T15:56:43.851+00:00,B_sell_A_buy,13.7313,6.9313,4432.0,4432.1,4.8699,2.369,4438.19,4438.2,24.469,1.324,0.0000062500,0.0000000000,413.3,0.3
2026-09-05T15:56:43.958+00:00,B_sell_A_buy,13.7313,6.9313,4432.0,4432.1,4.8699,2.369,4438.19,4438.2,24.469,2.755,0.0000062500,0.0000000000,520.8,0.3
2026-09-05T15:56:43.963+00:00,B_sell_A_buy,13.7313,6.9313,4432.0,4432.1,4.8699,2.369,4438.19,4438.2,20.878,2.755,0.0000062500,0.0000000000,525.6,0.0
2026-09-05T15:56:44.013+00:00,B_sell_A_buy,13.7313,6.9313,4432.0,4432.1,4.8699,2.369,4438.19,4438.2,20.878,2.418,0.0000062500,0.0000000000,574.9,0.1
2026-09-05T15:56:44.013+00:00,B_sell_A_buy,13.7313,6.9313,4432.0,4432.1,4.8699,2.369,4438.19,4438.2,20.541,2.418,0.0000062500,0.0000000000,574.9,0.2
2026-09-05T15:56:44.159+00:00,B_sell_A_buy,13.7313,6.9313,4432.0,4432.1,4.8699,2.369,4438.19,4438.2,20.541,8.368,0.0000062500,0.0000000000,720.7,0.2
2026-09-05T15:56:44.159+00:00,B_sell_A_buy,13.7313,6.9313,4432.0,4432.1,4.8699,2.369,4438.19,4438.2,20.204,8.368,0.0000062500,0.0000000000,720.9,0.3
2026-09-05T15:56:44.159+00:00,B_sell_A_buy,13.7313,6.9313,4432.0,4432.1,4.8699,2.369,4438.19,4438.2,20.204,8.031,0.0000062500,0.0000000000,720.9,0.3
2026-09-05T15:56:44.251+00:00,B_sell_A_buy,13.7313,6.9313,4432.0,4432.1,5.845,2.369,4438.19,4438.2,20.204,8.031,0.0000062500,0.0000000000,0.3,92.9
2026-09-05T15:56:44.305+00:00,B_sell_A_buy,13.7313,6.9313,4432.0,4432.1,5.845,2.369,4438.19,4438.2,20.204,7.694,0.0000062500,0.0000000000,53.9,0.2
2026-09-05T15:56:44.305+00:00,B_sell_A_buy,13.7313,6.9313,4432.0,4432.1,5.845,2.369,4438.19,4438.2,19.867,7.694,0.0000062500,0.0000000000,54.0,0.2
2026-09-05T15:56:44.403+00:00,B_sell_A_buy,13.7313,6.9313,4432.0,4432.1,5.845,2.369,4438.19,4438.2,19.53,7.694,0.0000062500,0.0000000000,151.8,0.3
2026-09-05T15:56:44.403+00:00,B_sell_A_buy,13.7313,6.9313,4432.0,4432.1,5.845,2.369,4438.19,4438.2,19.53,7.357,0.0000062500,0.0000000000,152.0,0.4
2026-09-05T15:56:44.494+00:00,B_sell_A_buy,13.7313,6.9313,4432.0,4432.1,5.845,2.369,4438.19,4438.2,19.193,7.357,0.0000062500,0.0000000000,243.6,0.2
2026-09-05T15:56:44.494+00:00,B_sell_A_buy,13.7313,6.9313,4432.0,4432.1,5.845,2.369,4438.19,4438.2,19.193,7.02,0.0000062500,0.0000000000,243.7,0.3
2026-09-05T15:56:44.666+00:00,B_sell_A_buy,13.7313,6.9313,4432.0,4432.1,5.845,2.369,4438.19,4438.2,18.856,7.02,0.0000062500,0.0000000000,414.7,0.2
2026-09-05T15:56:44.666+00:00,B_sell_A_buy,13.7313,6.9313,4432.0,4432.1,5.845,2.369,4438.19,4438.2,18.856,6.683,0.0000062500,0.0000000000,414.8,0.3
2026-09-05T15:56:44.755+00:00,B_sell_A_buy,13.7313,6.9313,4432.0,4432.1,5.845,2.369,4438.19,4438.2,18.519,6.683,0.0000062500,0.0000000000,504.5,0.3
2026-09-05T15:56:44.757+00:00,B_sell_A_buy,13.7313,6.9313,4432.0,4432.1,5.845,2.369,4438.19,4438.2,18.519,6.346,0.0000062500,0.0000000000,506.1,0.1
2026-09-05T15:56:44.903+00:00,B_sell_A_buy,13.7313,6.9313,4432.0,4432.1,5.845,2.369,4438.19,4438.2,18.519,6.009,0.0000062500,0.0000000000,652.1,0.3
2026-09-05T15:56:44.997+00:00,B_sell_A_buy,13.7313,6.9313,4432.0,4432.1,5.845,2.369,4438.19,4438.2,18.182,6.009,0.0000062500,0.0000000000,746.3,0.3
2026-09-05T15:56:45.112+00:00,B_sell_A_buy,13.7313,6.9313,4432.0,4432.1,5.845,2.369,4438.19,4438.2,18.182,5.672,0.0000062500,0.0000000000,861.0,0.3
2026-09-05T15:56:45.112+00:00,B_sell_A_buy,13.7313,6.9313,4432.0,4432.1,5.845,2.369,4438.19,4438.2,17.845,5.672,0.0000062500,0.0000000000,861.2,0.4
2026-09-05T15:56:45.302+00:00,B_sell_A_buy,13.7313,6.9313,4432.0,4432.1,5.845,2.369,4438.19,4438.2,17.845,5.335,0.0000062500,0.0000000000,1051.4,0.2
2026-09-05T15:56:45.302+00:00,B_sell_A_buy,13.7313,6.9313,4432.0,4432.1,5.845,2.369,4438.19,4438.2,17.508,5.335,0.0000062500,0.0000000000,1051.6,0.3
2026-09-05T15:56:45.500+00:00,B_sell_A_buy,13.7313,6.9313,4432.0,4432.1,5.845,2.369,4438.19,4438.2,17.508,5.285,0.0000062500,0.0000000000,1249.5,0.3
2026-09-05T15:56:45.500+00:00,B_sell_A_buy,13.7313,6.9313,4432.0,4432.1,5.845,2.369,4438.19,4438.2,17.455,5.285,0.0000062500,0.0000000000,1249.6,0.3
2026-09-05T15:56:45.500+00:00,B_sell_A_buy,13.7313,6.9313,4432.0,4432.1,5.845,2.369,4438.19,4438.2,17.455,4.948,0.0000062500,0.0000000000,1249.6,0.4
2026-09-05T15:56:45.500+00:00,B_sell_A_buy,13.7313,6.9313,4432.0,4432.1,5.845,2.369,4438.19,4438.2,17.118,4.948,0.0000062500,0.0000000000,1249.6,0.4
2026-09-05T15:56:45.500+00:00,B_sell_A_buy,13.7313,6.9313,4432.0,4432.1,5.845,2.369,4438.19,4438.2,17.068,4.948,0.0000062500,0.0000000000,1249.6,0.4
2026-09-05T15:56:45.500+00:00,B_sell_A_buy,13.7313,6.9313,4432.0,4432.1,5.845,2.369,4438.19,4438.2,17.068,4.895,0.0000062500,0.0000000000,1249.7,0.4
2026-09-05T15:56:45.660+00:00,B_sell_A_buy,13.7313,6.9313,4432.0,4432.1,5.845,2.369,4438.19,4438.2,17.068,4.558,0.0000062500,0.0000000000,1408.5,0.2
2026-09-05T15:56:45.661+00:00,B_sell_A_buy,13.7313,6.9313,4432.0,4432.1,5.845,2.369,4438.19,4438.2,16.731,4.558,0.0000062500,0.0000000000,1410.2,0.1
2026-09-05T15:56:45.711+00:00,B_sell_A_buy,13.7313,6.9313,4432.0,4432.1,5.845,2.369,4438.19,4438.2,16.681,4.558,0.0000062500,0.0000000000,1460.4,0.2
2026-09-05T15:56:45.711+00:00,B_sell_A_buy,13.7313,6.9313,4432.0,4432.1,5.845,2.369,4438.19,4438.2,16.628,4.558,0.0000062500,0.0000000000,1460.5,0.3
2026-09-05T15:56:45.711+00:00,B_sell_A_buy,13.7313,6.9313,4432.0,4432.1,5.845,2.369,4438.19,4438.2,16.628,4.505,0.0000062500,0.0000000000,1460.6,0.3
2026-09-05T15:56:45.759+00:00,B_sell_A_buy,13.7313,6.9313,4432.0,4432.1,5.845,2.369,4438.19,4438.2,16.628,4.455,0.0000062500,0.0000000000,1508.3,0.2
2026-09-05T15:56:45.759+00:00,B_sell_A_buy,13.7313,6.9313,4432.0,4432.1,5.845,2.369,4438.19,4438.2,16.628,4.118,0.0000062500,0.0000000000,1508.5,0.3
2026-09-05T15:56:45.759+00:00,B_sell_A_buy,13.7313,6.9313,4432.0,4432.1,5.845,2.369,4438.19,4438.2,16.291,4.118,0.0000062500,0.0000000000,1508.5,0.4
2026-09-05T15:56:45.851+00:00,B_sell_A_buy,13.7313,6.9313,4432.0,4432.1,5.845,2.369,4438.19,4438.2,16.291,3.781,0.0000062500,0.0000000000,1600.4,0.3
2026-09-05T15:56:45.851+00:00,B_sell_A_buy,13.7313,6.9313,4432.0,4432.1,5.845,2.369,4438.19,4438.2,15.954,3.781,0.0000062500,0.0000000000,1600.6,0.4
2026-09-05T15:56:45.945+00:00,B_sell_A_buy,13.7313,6.9313,4432.0,4432.1,5.845,2.369,4438.19,4438.2,15.954,3.444,0.0000062500,0.0000000000,1693.8,0.3
2026-09-05T15:56:45.945+00:00,B_sell_A_buy,13.7313,6.9313,4432.0,4432.1,5.845,2.369,4438.19,4438.2,15.617,3.444,0.0000062500,0.0000000000,1694.0,0.4
2026-09-05T15:56:46.108+00:00,B_sell_A_buy,13.7313,6.9313,4432.0,4432.1,5.845,2.369,4438.19,4438.2,15.28,3.444,0.0000062500,0.0000000000,1857.3,0.3
2026-09-05T15:56:46.108+00:00,B_sell_A_buy,13.7313,6.9313,4432.0,4432.1,5.845,2.369,4438.19,4438.2,15.28,3.107,0.0000062500,0.0000000000,1857.5,0.4
2026-09-05T15:56:46.209+00:00,B_sell_A_buy,13.7313,6.9313,4432.0,4432.1,5.845,2.369,4438.19,4438.2,14.943,3.107,0.0000062500,0.0000000000,1958.4,0.2
2026-09-05T15:56:47.224+00:00,B_sell_A_buy,13.7313,6.9313,4432.0,4432.1,5.845,2.1434,4438.19,4438.2,7.671,0.506,0.0000062500,0.0000000000,0.3,71.0
2026-09-05T15:56:47.252+00:00,B_sell_A_buy,13.7313,6.9313,4432.0,4432.1,5.845,2.1434,4438.19,4438.2,7.671,0.169,0.0000062500,0.0000000000,28.5,0.3
2026-09-05T15:56:47.252+00:00,B_sell_A_buy,13.7313,6.9313,4432.0,4432.1,5.845,2.1434,4438.19,4438.2,7.334,0.169,0.0000062500,0.0000000000,28.7,0.4
2026-09-05T15:56:47.412+00:00,B_sell_A_buy,13.7313,6.9313,4432.0,4432.1,5.845,2.1434,4438.19,4438.2,7.334,0.004,0.0000062500,0.0000000000,188.5,0.1
2026-09-05T15:56:47.412+00:00,B_sell_A_buy,13.7313,6.9313,4432.0,4432.1,5.845,2.1434,4438.19,4438.2,7.169,0.004,0.0000062500,0.0000000000,188.6,0.2
2026-09-05T15:56:47.558+00:00,B_sell_A_buy,13.7313,6.9313,4432.0,4432.1,5.845,2.1434,4438.19,4438.2,7.169,0.001,0.0000062500,0.0000000000,334.1,0.2
2026-09-05T15:56:47.558+00:00,B_sell_A_buy,13.7313,6.9313,4432.0,4432.1,5.845,2.1434,4438.19,4438.2,7.166,0.001,0.0000062500,0.0000000000,334.2,0.3
2026-09-05T15:56:47.601+00:00,B_sell_A_buy,13.7313,6.9313,4432.0,4432.1,5.845,2.1434,4438.19,4438.21,7.166,1.267,0.0000062500,0.0000000000,377.2,0.1
2026-09-05T15:56:47.601+00:00,B_sell_A_buy,13.7313,6.9313,4432.0,4432.1,5.845,2.1434,4438.19,4438.21,7.116,1.267,0.0000062500,0.0000000000,377.3,0.2
2026-09-05T15:56:47.689+00:00,B_sell_A_buy,13.7313,6.9313,4432.0,4432.1,5.845,2.1434,4438.19,4438.21,4.303,1.267,0.0000062500,0.0000000000,465.8,0.3
2026-09-05T15:56:47.689+00:00,B_sell_A_buy,13.7088,6.9088,4432.0,4432.1,5.845,2.1434,4438.18,4438.21,2.62,1.267,0.0000062500,0.0000000000,465.9,0.3
2026-09-05T15:56:47.695+00:00,B_sell_A_buy,13.7088,6.9088,4432.0,4432.1,5.845,2.1434,4438.18,4438.21,1.353,1.267,0.0000062500,0.0000000000,471.3,0.1
2026-09-05T15:56:47.743+00:00,B_sell_A_buy,13.7088,6.9088,4432.0,4432.1,5.845,2.1434,4438.18,4438.2,1.353,10.579,0.0000062500,0.0000000000,519.3,0.3
2026-09-05T15:56:47.808+00:00,B_sell_A_buy,13.7313,6.9313,4432.0,4432.1,5.845,2.1434,4438.19,4438.2,1.267,10.579,0.0000062500,0.0000000000,584.9,0.3
2026-09-05T15:56:47.904+00:00,B_sell_A_buy,13.7313,6.9313,4432.0,4432.1,5.845,2.1434,4438.19,4438.21,1.267,1.267,0.0000062500,0.0000000000,680.3,0.2
2026-09-05T15:56:47.904+00:00,B_sell_A_buy,13.7313,6.9313,4432.0,4432.1,5.845,2.1434,4438.19,4438.21,18.612,1.267,0.0000062500,0.0000000000,680.4,0.3
2026-09-05T15:56:47.904+00:00,B_sell_A_buy,13.7313,6.9313,4432.0,4432.1,5.845,2.1434,4438.19,4438.21,25.799,1.267,0.0000062500,0.0000000000,680.4,0.3
2026-09-05T15:56:47.915+00:00,B_sell_A_buy,13.7313,6.9313,4432.0,4432.1,5.845,2.1434,4438.19,4438.21,25.799,0.93,0.0000062500,0.0000000000,690.6,0.1
2026-09-05T15:56:48.001+00:00,B_sell_A_buy,13.7313,6.9313,4432.0,4432.1,5.845,2.1434,4438.19,4438.21,18.612,0.93,0.0000062500,0.0000000000,777.6,0.3
2026-09-05T15:56:48.001+00:00,B_sell_A_buy,13.7313,6.9313,4432.0,4432.1,5.845,2.1434,4438.19,4438.21,1.267,0.93,0.0000062500,0.0000000000,777.7,0.4
2026-09-05T15:56:48.001+00:00,B_sell_A_buy,13.7313,6.9313,4432.0,4432.1,5.845,2.1434,4438.19,4438.2,1.267,10.579,0.0000062500,0.0000000000,777.7,0.4
2026-09-05T15:56:48.003+00:00,B_sell_A_buy,13.7313,6.9313,4432.0,4432.1,5.845,2.1434,4438.19,4438.2,1.267,10.53,0.0000062500,0.0000000000,779.8,0.1
2026-09-05T15:56:48.003+00:00,B_sell_A_buy,13.7313,6.9313,4432.0,4432.1,5.845,2.1434,4438.19,4438.2,0.93,10.53,0.0000062500,0.0000000000,779.8,0.1
2026-09-05T15:56:48.098+00:00,B_sell_A_buy,13.7313,6.9313,4432.0,4432.1,5.845,2.1434,4438.19,4438.2,18.275,10.53,0.0000062500,0.0000000000,874.0,0.2
2026-09-05T15:56:48.098+00:00,B_sell_A_buy,13.7313,6.9313,4432.0,4432.1,5.845,2.1434,4438.19,4438.2,25.462,10.53,0.0000062500,0.0000000000,874.1,0.3
2026-09-05T15:56:48.101+00:00,B_sell_A_buy,13.7313,6.9313,4432.0,4432.1,5.845,2.1434,4438.19,4438.2,25.125,10.53,0.0000062500,0.0000000000,876.9,0.1
2026-09-05T15:56:48.101+00:00,B_sell_A_buy,13.7313,6.9313,4432.0,4432.1,5.845,2.1434,4438.19,4438.2,25.125,10.193,0.0000062500,0.0000000000,877.0,0.2
2026-09-05T15:56:48.149+00:00,B_sell_A_buy,13.7313,6.9313,4432.0,4432.1,5.845,2.1434,4438.19,4438.2,25.124,10.193,0.0000062500,0.0000000000,924.8,0.3
2026-09-05T15:56:48.196+00:00,B_sell_A_buy,13.7313,6.9313,4432.0,4432.1,5.845,2.1434,4438.19,4438.2,25.124,9.856,0.0000062500,0.0000000000,971.9,0.2
2026-09-05T15:56:48.196+00:00,B_sell_A_buy,13.7313,6.9313,4432.0,4432.1,5.845,2.1434,4438.19,4438.2,24.787,9.856,0.0000062500,0.0000000000,972.0,0.4
2026-09-05T15:56:48.196+00:00,B_sell_A_buy,13.7313,6.9313,4432.0,4432.1,5.845,2.1434,4438.19,4438.2,24.787,9.855,0.0000062500,0.0000000000,972.1,0.4
2026-09-05T15:56:48.307+00:00,B_sell_A_buy,13.7313,6.9313,4432.0,4432.1,5.845,2.1434,4438.19,4438.2,24.787,9.518,0.0000062500,0.0000000000,1082.9,0.2
2026-09-05T15:56:48.307+00:00,B_sell_A_buy,13.7313,6.9313,4432.0,4432.1,5.845,2.1434,4438.19,4438.2,24.45,9.518,0.0000062500,0.0000000000,1083.0,0.3
2026-09-05T15:56:48.404+00:00,B_sell_A_buy,13.7313,6.9313,4432.0,4432.1,5.845,2.1434,4438.19,4438.2,25.717,9.518,0.0000062500,0.0000000000,1180.6,0.3
2026-09-05T15:56:48.407+00:00,B_sell_A_buy,13.7313,6.9313,4432.0,4432.1,5.845,2.1434,4438.19,4438.2,25.657,9.518,0.0000062500,0.0000000000,1183.8,0.1
2026-09-05T15:56:48.408+00:00,B_sell_A_buy,13.7313,6.9313,4432.0,4432.1,5.845,2.1434,4438.19,4438.2,25.657,9.458,0.0000062500,0.0000000000,1184.0,0.2
2026-09-05T15:56:48.453+00:00,B_sell_A_buy,13.7313,6.9313,4432.0,4432.1,5.845,2.1434,4438.19,4438.2,29.254,9.458,0.0000062500,0.0000000000,1229.1,0.1
2026-09-05T15:56:48.453+00:00,B_sell_A_buy,13.7313,6.9313,4432.0,4432.1,5.845,2.1434,4438.19,4438.2,29.254,9.121,0.0000062500,0.0000000000,1229.2,0.2
2026-09-05T15:56:48.453+00:00,B_sell_A_buy,13.7313,6.9313,4432.0,4432.1,5.845,2.1434,4438.19,4438.2,28.917,9.121,0.0000062500,0.0000000000,1229.2,0.2
2026-09-05T15:56:48.504+00:00,B_sell_A_buy,13.7313,6.9313,4432.0,4432.1,5.845,2.1434,4438.19,4438.2,25.32,9.121,0.0000062500,0.0000000000,1280.9,0.3
2026-09-05T15:56:48.601+00:00,B_sell_A_buy,13.7313,6.9313,4432.0,4432.1,5.845,2.1434,4438.19,4438.2,25.26,9.121,0.0000062500,0.0000000000,1377.6,0.2
2026-09-05T15:56:48.601+00:00,B_sell_A_buy,13.7313,6.9313,4432.0,4432.1,5.845,2.1434,4438.19,4438.2,25.26,8.784,0.0000062500,0.0000000000,1377.8,0.3
2026-09-05T15:56:48.601+00:00,B_sell_A_buy,13.7313,6.9313,4432.0,4432.1,5.845,2.1434,4438.19,4438.2,24.923,8.784,0.0000062500,0.0000000000,1377.8,0.3
2026-09-05T15:56:48.601+00:00,B_sell_A_buy,13.7313,6.9313,4432.0,4432.1,5.845,2.1434,4438.19,4438.2,24.923,8.724,0.0000062500,0.0000000000,1377.8,0.4
2026-09-05T15:56:48.700+00:00,B_sell_A_buy,13.7313,6.9313,4432.0,4432.1,5.845,2.1434,4438.19,4438.2,24.586,8.724,0.0000062500,0.0000000000,1476.4,0.2
2026-09-05T15:56:48.700+00:00,B_sell_A_buy,13.7313,6.9313,4432.0,4432.1,5.845,2.1434,4438.19,4438.2,24.586,8.387,0.0000062500,0.0000000000,1476.5,0.3
2026-09-05T15:56:48.855+00:00,B_sell_A_buy,13.7313,6.9313,4432.0,4432.1,5.845,2.1434,4438.19,4438.2,24.249,8.387,0.0000062500,0.0000000000,1631.4,0.2
2026-09-05T15:56:48.855+00:00,B_sell_A_buy,13.7313,6.9313,4432.0,4432.1,5.845,2.1434,4438.19,4438.2,24.249,8.05,0.0000062500,0.0000000000,1631.5,0.3
2026-09-05T15:56:49.000+00:00,B_sell_A_buy,13.7313,6.9313,4432.0,4432.1,5.845,2.1434,4438.19,4438.2,24.249,7.713,0.0000062500,0.0000000000,1776.2,0.2
2026-09-05T15:56:49.000+00:00,B_sell_A_buy,13.7313,6.9313,4432.0,4432.1,5.845,2.1434,4438.19,4438.2,23.912,7.713,0.0000062500,0.0000000000,1776.3,0.3
2026-09-05T15:56:49.097+00:00,B_sell_A_buy,13.7313,6.9313,4432.0,4432.1,5.845,2.1434,4438.19,4438.2,23.575,7.713,0.0000062500,0.0000000000,1873.8,0.3
2026-09-05T15:56:49.097+00:00,B_sell_A_buy,13.7313,6.9313,4432.0,4432.1,5.845,2.1434,4438.19,4438.2,23.575,7.376,0.0000062500,0.0000000000,1874.0,0.4
2026-09-05T15:56:49.152+00:00,B_sell_A_buy,13.7313,6.9313,4432.0,4432.1,5.845,2.1434,4438.19,4438.2,23.575,7.323,0.0000062500,0.0000000000,1928.4,0.3
2026-09-05T15:56:49.215+00:00,B_sell_A_buy,13.7313,6.9313,4432.0,4432.1,5.845,2.1434,4438.19,4438.2,23.238,7.323,0.0000062500,0.0000000000,1991.5,0.2
2026-09-05T15:56:49.215+00:00,B_sell_A_buy,13.7313,6.9313,4432.0,4432.1,5.845,2.1434,4438.19,4438.2,23.177,7.323,0.0000062500,0.0000000000,1991.7,0.3
2026-09-05T15:56:49.215+00:00,B_sell_A_buy,13.7313,6.9313,4432.0,4432.1,5.845,2.1434,4438.19,4438.2,23.177,6.986,0.0000062500,0.0000000000,1991.7,0.3
2026-09-05T15:56:49.215+00:00,B_sell_A_buy,13.7313,6.9313,4432.0,4432.1,5.845,2.1434,4438.19,4438.2,23.177,6.925,0.0000062500,0.0000000000,1991.7,0.4
2026-09-05T15:56:49.923+00:00,B_sell_A_buy,13.7313,6.9313,4432.0,4432.1,5.845,2.369,4438.19,4438.2,17.497,4.842,0.0000062500,0.0000000000,0.1,16.7
2026-09-05T15:56:50.001+00:00,B_sell_A_buy,13.7313,6.9313,4432.0,4432.1,5.845,2.369,4438.19,4438.2,17.436,4.842,0.0000062500,0.0000000000,78.3,0.3
2026-09-05T15:56:50.001+00:00,B_sell_A_buy,13.7313,6.9313,4432.0,4432.1,5.845,2.369,4438.19,4438.2,17.436,4.781,0.0000062500,0.0000000000,78.5,0.4
2026-09-05T15:56:50.095+00:00,B_sell_A_buy,13.7313,6.9313,4432.0,4432.1,5.845,2.369,4438.19,4438.2,17.436,4.444,0.0000062500,0.0000000000,172.5,0.3
2026-09-05T15:56:50.095+00:00,B_sell_A_buy,13.7313,6.9313,4432.0,4432.1,5.845,2.369,4438.19,4438.2,17.099,4.444,0.0000062500,0.0000000000,172.7,0.4
2026-09-05T15:56:50.096+00:00,B_sell_A_buy,13.7313,6.9313,4432.0,4432.1,5.845,2.369,4438.19,4438.2,17.046,4.444,0.0000062500,0.0000000000,172.7,0.4
2026-09-05T15:56:50.149+00:00,B_sell_A_buy,13.7313,6.9313,4432.0,4432.1,5.845,2.369,4438.19,4438.2,16.985,4.444,0.0000062500,0.0000000000,225.9,0.2
2026-09-05T15:56:50.149+00:00,B_sell_A_buy,13.7313,6.9313,4432.0,4432.1,5.845,2.369,4438.19,4438.2,16.985,4.383,0.0000062500,0.0000000000,226.1,0.3
2026-09-05T15:56:50.194+00:00,B_sell_A_buy,13.7313,6.9313,4432.0,4432.1,5.845,2.369,4438.19,4438.2,16.985,4.046,0.0000062500,0.0000000000,271.6,0.3
2026-09-05T15:56:50.196+00:00,B_sell_A_buy,13.7313,6.9313,4432.0,4432.1,5.845,2.369,4438.19,4438.2,16.648,4.046,0.0000062500,0.0000000000,273.3,0.1
2026-09-05T15:56:50.307+00:00,B_sell_A_buy,13.7313,6.9313,4432.0,4432.1,5.845,2.369,4438.19,4438.2,16.595,4.046,0.0000062500,0.0000000000,384.6,0.3
2026-09-05T15:56:50.307+00:00,B_sell_A_buy,13.7313,6.9313,4432.0,4432.1,5.845,2.369,4438.19,4438.2,16.595,3.993,0.0000062500,0.0000000000,384.7,0.4
2026-09-05T15:56:50.419+00:00,B_sell_A_buy,13.7313,6.9313,4432.0,4432.1,5.845,2.369,4438.19,4438.2,16.595,3.656,0.0000062500,0.0000000000,496.5,0.2
2026-09-05T15:56:50.452+00:00,B_sell_A_buy,13.7313,6.9313,4432.0,4432.1,5.845,2.369,4438.19,4438.2,16.258,3.656,0.0000062500,0.0000000000,529.9,0.2
2026-09-05T15:56:50.604+00:00,B_sell_A_buy,13.7313,6.9313,4432.0,4432.1,5.845,2.369,4438.19,4438.2,15.921,3.656,0.0000062500,0.0000000000,681.4,0.3
2026-09-05T15:56:50.604+00:00,B_sell_A_buy,13.7313,6.9313,4432.0,4432.1,5.845,2.369,4438.19,4438.2,15.921,3.319,0.0000062500,0.0000000000,681.6,0.4
2026-09-05T15:56:50.748+00:00,B_sell_A_buy,13.7313,6.9313,4432.0,4432.1,5.845,2.369,4438.19,4438.2,15.921,2.982,0.0000062500,0.0000000000,826.1,0.3
2026-09-05T15:56:50.748+00:00,B_sell_A_buy,13.7313,6.9313,4432.0,4432.1,5.845,2.369,4438.19,4438.2,15.584,2.982,0.0000062500,0.0000000000,826.2,0.4
2026-09-05T15:56:50.905+00:00,B_sell_A_buy,13.7313,6.9313,4432.0,4432.1,5.845,2.369,4438.19,4438.2,15.584,2.916,0.0000062500,0.0000000000,982.3,0.3
2026-09-05T15:56:50.910+00:00,B_sell_A_buy,13.7313,6.9313,4432.0,4432.1,5.845,2.369,4438.19,4438.2,15.247,2.916,0.0000062500,0.0000000000,987.4,0.1
2026-09-05T15:56:50.910+00:00,B_sell_A_buy,13.7313,6.9313,4432.0,4432.1,5.845,2.369,4438.19,4438.2,15.181,2.916,0.0000062500,0.0000000000,987.5,0.2
2026-09-05T15:56:50.910+00:00,B_sell_A_buy,13.7313,6.9313,4432.0,4432.1,5.845,2.369,4438.19,4438.2,15.181,2.579,0.0000062500,0.0000000000,987.5,0.2
2026-09-05T15:56:51.054+00:00,B_sell_A_buy,13.7313,6.9313,4432.0,4432.1,5.845,2.369,4438.19,4438.2,15.181,2.513,0.0000062500,0.0000000000,1131.6,0.2
2026-09-05T15:56:51.054+00:00,B_sell_A_buy,13.7313,6.9313,4432.0,4432.1,5.845,2.369,4438.19,4438.2,15.115,2.513,0.0000062500,0.0000000000,1131.7,0.3
2026-09-05T15:56:51.054+00:00,B_sell_A_buy,13.7313,6.9313,4432.0,4432.1,5.845,2.369,4438.19,4438.2,14.778,2.513,0.0000062500,0.0000000000,1131.8,0.3
2026-09-05T15:56:51.054+00:00,B_sell_A_buy,13.7313,6.9313,4432.0,4432.1,5.845,2.369,4438.19,4438.2,14.778,2.176,0.0000062500,0.0000000000,1131.8,0.4
2026-09-05T15:56:51.245+00:00,B_sell_A_buy,13.7313,6.9313,4432.0,4432.1,5.845,2.369,4438.19,4438.2,14.778,2.121,0.0000062500,0.0000000000,1323.1,0.3
2026-09-05T15:56:51.245+00:00,B_sell_A_buy,13.7313,6.9313,4432.0,4432.1,5.845,2.369,4438.19,4438.2,14.723,2.121,0.0000062500,0.0000000000,1323.2,0.4
2026-09-05T15:56:51.245+00:00,B_sell_A_buy,13.7313,6.9313,4432.0,4432.1,5.845,2.369,4438.19,4438.2,14.723,1.784,0.0000062500,0.0000000000,1323.2,0.4
2026-09-05T15:56:51.245+00:00,B_sell_A_buy,13.7313,6.9313,4432.0,4432.1,5.845,2.369,4438.19,4438.2,14.386,1.784,0.0000062500,0.0000000000,1323.2,0.4
2026-09-05T15:56:51.364+00:00,B_sell_A_buy,13.7313,6.9313,4432.0,4432.1,5.845,2.369,4438.19,4438.2,14.386,3.311,0.0000062500,0.0000000000,1441.7,0.3
2026-09-05T15:56:51.364+00:00,B_sell_A_buy,13.7313,6.9313,4432.0,4432.1,5.845,2.369,4438.19,4438.2,14.386,1.784,0.0000062500,0.0000000000,1441.9,0.4
2026-09-05T15:56:51.457+00:00,B_sell_A_buy,13.7313,6.9313,4432.0,4432.1,5.845,2.369,4438.19,4438.2,14.331,1.784,0.0000062500,0.0000000000,1534.9,0.3
2026-09-05T15:56:51.457+00:00,B_sell_A_buy,13.7313,6.9313,4432.0,4432.1,5.845,2.369,4438.19,4438.2,14.331,1.729,0.0000062500,0.0000000000,1535.1,0.4
2026-09-05T15:56:51.510+00:00,B_sell_A_buy,13.7313,6.9313,4432.0,4432.1,5.845,2.369,4438.19,4438.2,13.994,1.729,0.0000062500,0.0000000000,1587.7,0.3
2026-09-05T15:56:51.557+00:00,B_sell_A_buy,13.7313,6.9313,4432.0,4432.1,5.845,2.369,4438.19,4438.2,13.994,1.392,0.0000062500,0.0000000000,1634.4,0.2
2026-09-05T15:56:51.651+00:00,B_sell_A_buy,13.7313,6.9313,4432.0,4432.1,5.845,2.369,4438.19,4438.2,13.994,1.055,0.0000062500,0.0000000000,1728.5,0.3
2026-09-05T15:56:51.651+00:00,B_sell_A_buy,13.7313,6.9313,4432.0,4432.1,5.845,2.369,4438.19,4438.2,13.657,1.055,0.0000062500,0.0000000000,1728.7,0.4
2026-09-05T15:56:51.692+00:00,B_sell_A_buy,13.7313,6.9313,4432.0,4432.1,5.845,2.369,4438.19,4438.2,13.657,12.005,0.0000062500,0.0000000000,1768.9,0.1
2026-09-05T15:56:51.747+00:00,B_sell_A_buy,13.7313,6.9313,4432.0,4432.1,5.845,2.369,4438.19,4438.2,13.657,11.953,0.0000062500,0.0000000000,1824.6,0.3
2026-09-05T15:56:51.747+00:00,B_sell_A_buy,13.7313,6.9313,4432.0,4432.1,5.845,2.369,4438.19,4438.2,13.605,11.953,0.0000062500,0.0000000000,1824.7,0.4
2026-09-05T15:56:51.747+00:00,B_sell_A_buy,13.7313,6.9313,4432.0,4432.1,5.845,2.369,4438.19,4438.2,13.605,11.616,0.0000062500,0.0000000000,1824.8,0.4
2026-09-05T15:56:51.747+00:00,B_sell_A_buy,13.7313,6.9313,4432.0,4432.1,5.845,2.369,4438.19,4438.2,13.268,11.616,0.0000062500,0.0000000000,1824.8,0.4
2026-09-05T15:56:51.855+00:00,B_sell_A_buy,13.7313,6.9313,4432.0,4432.1,5.845,2.369,4438.19,4438.2,12.931,11.616,0.0000062500,0.0000000000,1932.6,0.3
2026-09-05T15:56:51.858+00:00,B_sell_A_buy,13.7313,6.9313,4432.0,4432.1,5.845,2.369,4438.19,4438.2,12.931,11.279,0.0000062500,0.0000000000,1934.9,0.1
2026-09-05T15:57:12.305+00:00,B_sell_A_buy,13.7989,6.9989,4432.0,4432.1,4.8699,2.369,4438.22,4438.23,12.2,7.325,0.0000062500,0.0000000000,0.2,47.5
2026-09-05T15:57:12.355+00:00,B_sell_A_buy,13.7989,6.9989,4432.0,4432.1,4.8699,2.369,4438.22,4438.23,12.2,6.988,0.0000062500,0.0000000000,50.2,0.1
2026-09-05T15:57:12.355+00:00,B_sell_A_buy,13.7989,6.9989,4432.0,4432.1,4.8699,2.369,4438.22,4438.23,11.863,6.988,0.0000062500,0.0000000000,50.3,0.1
2026-09-05T15:57:12.456+00:00,B_sell_A_buy,13.7989,6.9989,4432.0,4432.1,4.8699,2.369,4438.22,4438.23,11.863,8.438,0.0000062500,0.0000000000,150.5,0.3
2026-09-05T15:57:12.457+00:00,B_sell_A_buy,13.7989,6.9989,4432.0,4432.1,4.8699,2.369,4438.22,4438.23,11.863,6.988,0.0000062500,0.0000000000,150.7,0.4
2026-09-05T15:57:12.500+00:00,B_sell_A_buy,13.7989,6.9989,4432.0,4432.1,4.8699,2.369,4438.22,4438.23,11.863,6.651,0.0000062500,0.0000000000,194.8,0.2
2026-09-05T15:57:12.500+00:00,B_sell_A_buy,13.7989,6.9989,4432.0,4432.1,4.8699,2.369,4438.22,4438.23,11.526,6.651,0.0000062500,0.0000000000,194.9,0.3
2026-09-05T15:57:12.600+00:00,B_sell_A_buy,13.7989,6.9989,4432.0,4432.1,4.8699,2.369,4438.22,4438.23,11.526,6.314,0.0000062500,0.0000000000,294.2,0.3
2026-09-05T15:57:12.600+00:00,B_sell_A_buy,13.7989,6.9989,4432.0,4432.1,4.8699,2.369,4438.22,4438.23,11.189,6.314,0.0000062500,0.0000000000,294.3,0.4
2026-09-05T15:57:12.629+00:00,B_sell_A_buy,13.7989,6.9989,4432.0,4432.1,5.8059,2.1434,4438.22,4438.23,11.189,6.314,0.0000062500,0.0000000000,0.2,29.8
2026-09-05T15:57:12.694+00:00,B_sell_A_buy,13.7989,6.9989,4432.0,4432.1,5.8059,2.1434,4438.22,4438.23,11.189,5.977,0.0000062500,0.0000000000,64.7,0.3
2026-09-05T15:57:12.742+00:00,B_sell_A_buy,13.7989,6.9989,4432.0,4432.1,5.8059,2.1434,4438.22,4438.23,10.852,5.977,0.0000062500,0.0000000000,113.5,0.3
2026-09-05T15:57:12.809+00:00,B_sell_A_buy,13.7989,6.9989,4432.0,4432.1,5.8059,2.1434,4438.22,4438.23,10.852,5.916,0.0000062500,0.0000000000,180.0,0.2
2026-09-05T15:57:12.809+00:00,B_sell_A_buy,13.7989,6.9989,4432.0,4432.1,5.8059,2.1434,4438.22,4438.23,10.791,5.916,0.0000062500,0.0000000000,180.1,0.3
2026-09-05T15:57:12.861+00:00,B_sell_A_buy,13.7989,6.9989,4432.0,4432.1,5.8059,2.1434,4438.22,4438.23,10.791,5.579,0.0000062500,0.0000000000,231.3,0.1
2026-09-05T15:57:12.861+00:00,B_sell_A_buy,13.7989,6.9989,4432.0,4432.1,5.8059,2.1434,4438.22,4438.23,10.454,5.579,0.0000062500,0.0000000000,231.4,0.2
2026-09-05T15:57:13.005+00:00,B_sell_A_buy,13.7989,6.9989,4432.0,4432.1,5.8059,2.1434,4438.22,4438.23,10.393,5.579,0.0000062500,0.0000000000,376.4,0.2
2026-09-05T15:57:13.005+00:00,B_sell_A_buy,13.7989,6.9989,4432.0,4432.1,5.8059,2.1434,4438.22,4438.23,10.056,5.579,0.0000062500,0.0000000000,376.5,0.3
2026-09-05T15:57:13.005+00:00,B_sell_A_buy,13.7989,6.9989,4432.0,4432.1,5.8059,2.1434,4438.22,4438.23,10.056,5.242,0.0000062500,0.0000000000,376.5,0.3
2026-09-05T15:57:13.005+00:00,B_sell_A_buy,13.7989,6.9989,4432.0,4432.1,5.8059,2.1434,4438.22,4438.23,10.056,5.181,0.0000062500,0.0000000000,376.5,0.3
2026-09-05T15:57:13.153+00:00,B_sell_A_buy,13.7989,6.9989,4432.0,4432.1,5.8059,2.1434,4438.22,4438.23,10.056,4.844,0.0000062500,0.0000000000,523.7,0.3
2026-09-05T15:57:13.153+00:00,B_sell_A_buy,13.7989,6.9989,4432.0,4432.1,5.8059,2.1434,4438.22,4438.23,9.719,4.844,0.0000062500,0.0000000000,523.8,0.4
2026-09-05T15:57:13.295+00:00,B_sell_A_buy,13.7989,6.9989,4432.0,4432.1,5.8059,2.1434,4438.22,4438.23,9.719,4.778,0.0000062500,0.0000000000,665.9,0.2
2026-09-05T15:57:13.364+00:00,B_sell_A_buy,13.7989,6.9989,4432.0,4432.1,5.8059,2.1434,4438.22,4438.23,9.382,4.778,0.0000062500,0.0000000000,735.1,0.3
2026-09-05T15:57:13.364+00:00,B_sell_A_buy,13.7989,6.9989,4432.0,4432.1,5.8059,2.1434,4438.22,4438.23,9.382,4.441,0.0000062500,0.0000000000,735.3,0.4
2026-09-05T15:57:13.364+00:00,B_sell_A_buy,13.7989,6.9989,4432.0,4432.1,5.8059,2.1434,4438.22,4438.23,9.316,4.441,0.0000062500,0.0000000000,735.3,0.4
2026-09-05T15:57:13.509+00:00,B_sell_A_buy,13.7989,6.9989,4432.0,4432.1,5.8059,2.1434,4438.22,4438.23,9.316,4.104,0.0000062500,0.0000000000,880.5,0.3
2026-09-05T15:57:13.509+00:00,B_sell_A_buy,13.7989,6.9989,4432.0,4432.1,5.8059,2.1434,4438.22,4438.23,8.979,4.104,0.0000062500,0.0000000000,880.7,0.4
2026-09-05T15:57:13.549+00:00,B_sell_A_buy,13.7989,6.9989,4432.0,4432.1,5.8059,2.1434,4438.22,4438.23,8.913,4.104,0.0000062500,0.0000000000,920.8,0.2
2026-09-05T15:57:13.552+00:00,B_sell_A_buy,13.7989,6.9989,4432.0,4432.1,5.8059,2.1434,4438.22,4438.23,8.913,4.038,0.0000062500,0.0000000000,923.3,0.2
2026-09-05T15:57:13.605+00:00,B_sell_A_buy,13.7989,6.9989,4432.0,4432.1,5.8059,2.1434,4438.22,4438.23,8.576,4.038,0.0000062500,0.0000000000,975.5,0.1
2026-09-05T15:57:13.605+00:00,B_sell_A_buy,13.7989,6.9989,4432.0,4432.1,5.8059,2.1434,4438.22,4438.23,8.576,3.701,0.0000062500,0.0000000000,975.5,0.1
2026-09-05T15:57:13.689+00:00,B_sell_A_buy,13.7989,6.9989,4432.0,4432.1,5.8059,2.1434,4438.22,4438.23,8.576,2.251,0.0000062500,0.0000000000,1060.3,0.3
2026-09-05T15:57:13.698+00:00,B_sell_A_buy,13.7989,6.9989,4432.0,4432.1,5.8059,2.1434,4438.22,4438.23,8.239,2.251,0.0000062500,0.0000000000,1069.6,0.2
2026-09-05T15:57:13.699+00:00,B_sell_A_buy,13.7989,6.9989,4432.0,4432.1,5.8059,2.1434,4438.22,4438.23,8.239,1.914,0.0000062500,0.0000000000,1069.8,0.4
2026-09-05T15:57:13.746+00:00,B_sell_A_buy,13.7989,6.9989,4432.0,4432.1,5.8059,2.1434,4438.22,4438.23,8.239,1.859,0.0000062500,0.0000000000,1116.8,0.2
2026-09-05T15:57:13.795+00:00,B_sell_A_buy,13.7989,6.9989,4432.0,4432.1,5.8059,2.1434,4438.22,4438.23,26.116,1.859,0.0000062500,0.0000000000,1165.6,0.3
2026-09-05T15:57:13.795+00:00,B_sell_A_buy,13.7989,6.9989,4432.0,4432.1,5.8059,2.1434,4438.22,4438.23,26.116,2.071,0.0000062500,0.0000000000,1165.7,0.4
2026-09-05T15:57:13.796+00:00,B_sell_A_buy,13.7989,6.9989,4432.0,4432.1,5.8059,2.1434,4438.22,4438.23,26.116,1.734,0.0000062500,0.0000000000,1166.7,0.1
2026-09-05T15:57:13.796+00:00,B_sell_A_buy,13.7989,6.9989,4432.0,4432.1,5.8059,2.1434,4438.22,4438.23,25.779,1.734,0.0000062500,0.0000000000,1166.8,0.2
2026-09-05T15:57:13.908+00:00,B_sell_A_buy,13.7989,6.9989,4432.0,4432.1,5.8059,2.1434,4438.22,4438.23,25.779,1.397,0.0000062500,0.0000000000,1279.4,0.3
2026-09-05T15:57:13.908+00:00,B_sell_A_buy,13.7989,6.9989,4432.0,4432.1,5.8059,2.1434,4438.22,4438.23,25.442,1.397,0.0000062500,0.0000000000,1279.5,0.4
2026-09-05T15:57:14.005+00:00,B_sell_A_buy,13.7989,6.9989,4432.0,4432.1,5.8059,2.1434,4438.22,4438.23,25.442,1.06,0.0000062500,0.0000000000,1376.3,0.3
2026-09-05T15:57:14.005+00:00,B_sell_A_buy,13.7989,6.9989,4432.0,4432.1,5.8059,2.1434,4438.22,4438.23,25.105,1.06,0.0000062500,0.0000000000,1376.5,0.4
2026-09-05T15:57:14.101+00:00,B_sell_A_buy,13.7989,6.9989,4432.0,4432.1,5.8059,2.1434,4438.22,4438.23,25.105,1.014,0.0000062500,0.0000000000,1472.4,0.3
2026-09-05T15:57:14.102+00:00,B_sell_A_buy,13.7989,6.9989,4432.0,4432.1,5.8059,2.1434,4438.22,4438.23,24.768,1.014,0.0000062500,0.0000000000,1472.5,0.4
2026-09-05T15:57:14.102+00:00,B_sell_A_buy,13.7989,6.9989,4432.0,4432.1,5.8059,2.1434,4438.22,4438.23,24.768,0.677,0.0000062500,0.0000000000,1472.6,0.4
2026-09-05T15:57:14.150+00:00,B_sell_A_buy,13.7989,6.9989,4432.0,4432.1,5.8059,2.1434,4438.22,4438.23,24.722,0.677,0.0000062500,0.0000000000,1521.2,0.2
2026-09-05T15:57:14.200+00:00,B_sell_A_buy,13.7989,6.9989,4432.0,4432.1,5.8059,2.1434,4438.22,4438.23,24.722,0.34,0.0000062500,0.0000000000,1570.9,0.1
2026-09-05T15:57:14.200+00:00,B_sell_A_buy,13.7989,6.9989,4432.0,4432.1,5.8059,2.1434,4438.22,4438.23,24.385,0.34,0.0000062500,0.0000000000,1570.9,0.1
2026-09-05T15:57:14.297+00:00,B_sell_A_buy,13.7989,6.9989,4432.0,4432.1,5.8059,2.1434,4438.22,4438.23,24.385,0.294,0.0000062500,0.0000000000,1668.1,0.2
2026-09-05T15:57:14.347+00:00,B_sell_A_buy,13.7989,6.9989,4432.0,4432.1,5.8059,2.1434,4438.22,4438.23,24.339,0.294,0.0000062500,0.0000000000,1718.5,0.2
2026-09-05T15:57:14.347+00:00,B_sell_A_buy,13.7989,6.9989,4432.0,4432.1,5.8059,2.1434,4438.22,4438.23,24.006,0.294,0.0000062500,0.0000000000,1718.7,0.3
2026-09-05T15:57:14.348+00:00,B_sell_A_buy,13.7989,6.9989,4432.0,4432.1,5.8059,2.1434,4438.22,4438.24,24.006,1.228,0.0000062500,0.0000000000,1718.7,0.4
2026-09-05T15:57:14.438+00:00,B_sell_A_buy,13.7989,6.9989,4432.0,4432.1,5.8059,2.1434,4438.22,4438.24,6.129,1.228,0.0000062500,0.0000000000,1809.0,0.2
2026-09-05T15:57:14.439+00:00,B_sell_A_buy,13.7989,6.9989,4432.0,4432.1,5.8059,2.1434,4438.22,4438.24,1.267,1.228,0.0000062500,0.0000000000,1809.2,0.3
2026-09-05T15:57:14.439+00:00,B_sell_A_buy,13.7763,6.9763,4432.0,4432.1,5.8059,2.1434,4438.21,4438.24,1.69,1.228,0.0000062500,0.0000000000,1809.2,0.4
2026-09-05T15:57:14.491+00:00,B_sell_A_buy,13.7764,6.9764,4432.0,4432.1,5.8059,2.1434,4438.21,4438.23,1.69,9.446,0.0000062500,0.0000000000,1862.1,0.3
2026-09-05T15:57:14.491+00:00,B_sell_A_buy,13.7764,6.9764,4432.0,4432.1,5.8059,2.1434,4438.21,4438.23,1.69,11.556,0.0000062500,0.0000000000,1862.2,0.4
2026-09-05T15:57:14.604+00:00,B_sell_A_buy,13.7764,6.9764,4432.0,4432.1,5.8059,2.1434,4438.21,4438.23,1.69,2.11,0.0000062500,0.0000000000,1974.9,0.2
2026-09-05T15:57:14.604+00:00,B_sell_A_buy,13.7764,6.9764,4432.0,4432.1,5.8059,2.1434,4438.21,4438.22,1.69,9.446,0.0000062500,0.0000000000,1975.1,0.3
2026-09-05T15:57:14.608+00:00,B_sell_A_buy,13.7764,6.9764,4432.0,4432.1,5.8059,2.1434,4438.21,4438.22,1.69,9.398,0.0000062500,0.0000000000,1978.3,0.2
2026-09-05T15:57:17.648+00:00,B_sell_A_buy,13.7764,6.9764,4432.0,4432.1,5.8059,2.1407,4438.21,4438.22,25.106,0.001,0.0000062500,0.0000000000,0.3,852.2
2026-09-05T15:57:17.651+00:00,B_sell_A_buy,13.7764,6.9764,4432.0,4432.1,5.8059,2.1407,4438.21,4438.23,25.106,2.11,0.0000062500,0.0000000000,3.9,0.1
2026-09-05T15:57:17.651+00:00,B_sell_A_buy,13.7763,6.9763,4432.0,4432.1,5.8059,2.1407,4438.21,4438.24,25.106,1.228,0.0000062500,0.0000000000,4.0,0.2
2026-09-05T15:57:17.748+00:00,B_sell_A_buy,13.7763,6.9763,4432.0,4432.1,5.8059,2.1407,4438.21,4438.24,8.344,1.228,0.0000062500,0.0000000000,100.5,0.2
2026-09-05T15:57:17.748+00:00,B_sell_A_buy,13.7763,6.9763,4432.0,4432.1,5.8059,2.1407,4438.21,4438.24,2.957,1.228,0.0000062500,0.0000000000,100.6,0.2
2026-09-05T15:57:17.753+00:00,B_sell_A_buy,13.7763,6.9763,4432.0,4432.1,5.8059,2.1407,4438.21,4438.24,1.69,1.228,0.0000062500,0.0000000000,105.7,0.1
2026-09-05T15:57:17.753+00:00,B_sell_A_buy,13.7989,6.9989,4432.0,4432.1,5.8059,2.1407,4438.22,4438.24,23.396,1.228,0.0000062500,0.0000000000,105.8,0.1
2026-09-05T15:57:17.753+00:00,B_sell_A_buy,13.7989,6.9989,4432.0,4432.1,5.8059,2.1407,4438.22,4438.24,28.783,1.228,0.0000062500,0.0000000000,105.8,0.1
2026-09-05T15:57:17.851+00:00,B_sell_A_buy,13.7989,6.9989,4432.0,4432.1,5.8059,2.1407,4438.22,4438.24,23.396,1.228,0.0000062500,0.0000000000,203.4,0.1
2026-09-05T15:57:17.851+00:00,B_sell_A_buy,13.7763,6.9763,4432.0,4432.1,5.8059,2.1407,4438.21,4438.24,1.69,1.228,0.0000062500,0.0000000000,203.5,0.2
2026-09-05T15:57:17.851+00:00,B_sell_A_buy,13.7989,6.9989,4432.0,4432.1,5.8059,2.1407,4438.22,4438.24,1.267,1.228,0.0000062500,0.0000000000,203.6,0.2
2026-09-05T15:57:17.901+00:00,B_sell_A_buy,13.8214,7.0214,4432.0,4432.1,5.8059,2.1407,4438.23,4438.24,23.396,1.228,0.0000062500,0.0000000000,253.5,0.2
2026-09-05T15:57:17.901+00:00,B_sell_A_buy,13.8214,7.0214,4432.0,4432.1,5.8059,2.1407,4438.23,4438.24,28.783,1.228,0.0000062500,0.0000000000,253.6,0.3
2026-09-05T15:57:18.001+00:00,B_sell_A_buy,13.8214,7.0214,4432.0,4432.1,5.8059,2.1407,4438.23,4438.24,28.783,0.891,0.0000062500,0.0000000000,353.9,0.3
2026-09-05T15:57:18.001+00:00,B_sell_A_buy,13.8214,7.0214,4432.0,4432.1,5.8059,2.1407,4438.23,4438.24,28.446,0.891,0.0000062500,0.0000000000,354.0,0.4
2026-09-05T15:57:18.150+00:00,B_sell_A_buy,13.8214,7.0214,4432.0,4432.1,5.8059,2.1407,4438.23,4438.24,28.109,0.891,0.0000062500,0.0000000000,503.0,0.3
2026-09-05T15:57:18.150+00:00,B_sell_A_buy,13.8214,7.0214,4432.0,4432.1,5.8059,2.1407,4438.23,4438.24,28.109,0.554,0.0000062500,0.0000000000,503.2,0.4
2026-09-05T15:57:18.242+00:00,B_sell_A_buy,13.8214,7.0214,4432.0,4432.1,5.8059,2.1407,4438.23,4438.24,29.376,0.554,0.0000062500,0.0000000000,595.1,0.3
2026-09-05T15:57:18.245+00:00,B_sell_A_buy,13.8214,7.0214,4432.0,4432.1,5.8059,2.1407,4438.23,4438.24,29.039,0.554,0.0000062500,0.0000000000,597.8,0.1
2026-09-05T15:57:18.245+00:00,B_sell_A_buy,13.8214,7.0214,4432.0,4432.1,5.8059,2.1407,4438.23,4438.24,29.039,0.217,0.0000062500,0.0000000000,597.9,0.2
2026-09-05T15:57:18.408+00:00,B_sell_A_buy,13.8214,7.0214,4432.0,4432.1,5.8059,2.1407,4438.23,4438.24,28.827,0.217,0.0000062500,0.0000000000,761.4,0.2
2026-09-05T15:57:18.409+00:00,B_sell_A_buy,13.8214,7.0214,4432.0,4432.1,5.8059,2.1407,4438.23,4438.24,28.827,0.005,0.0000062500,0.0000000000,761.5,0.3
2026-09-05T15:57:18.596+00:00,B_sell_A_buy,13.8214,7.0214,4432.0,4432.1,5.8059,2.1407,4438.23,4438.24,28.823,0.005,0.0000062500,0.0000000000,947.7,0.3
2026-09-05T15:57:18.596+00:00,B_sell_A_buy,13.8214,7.0214,4432.0,4432.1,5.8059,2.1407,4438.23,4438.24,28.823,0.001,0.0000062500,0.0000000000,947.9,0.4
2026-09-05T15:57:18.814+00:00,B_sell_A_buy,13.8214,7.0214,4432.0,4432.1,5.8059,2.1407,4438.23,4438.24,25.274,0.001,0.0000062500,0.0000000000,1166.4,0.3
2026-09-05T15:57:18.905+00:00,B_sell_A_buy,13.8214,7.0214,4432.0,4432.1,5.8059,2.1407,4438.23,4438.24,21.82,0.001,0.0000062500,0.0000000000,1257.6,0.2
2026-09-05T15:57:22.666+00:00,B_sell_A_buy,14.1594,7.3594,4432.0,4432.1,6.5642,2.1407,4438.38,4438.41,22.419,0.93,0.0000062500,0.0000000000,0.3,66.4
2026-09-05T15:57:22.742+00:00,B_sell_A_buy,14.1594,7.3594,4432.0,4432.1,6.5642,2.1407,4438.38,4438.41,5.387,0.93,0.0000062500,0.0000000000,77.2,0.3
2026-09-05T15:57:22.742+00:00,B_sell_A_buy,13.9791,7.1791,4432.0,4432.1,6.5642,2.1407,4438.3,4438.41,1.69,0.93,0.0000062500,0.0000000000,77.4,0.4
2026-09-05T15:57:22.745+00:00,B_sell_A_buy,14.1819,7.3819,4432.0,4432.1,6.5642,2.1407,4438.39,4438.41,16.827,0.93,0.0000062500,0.0000000000,80.1,0.1
2026-09-05T15:57:22.745+00:00,B_sell_A_buy,14.1819,7.3819,4432.0,4432.1,6.5642,2.1407,4438.39,4438.41,22.214,0.93,0.0000062500,0.0000000000,80.2,0.1
2026-09-05T15:57:22.903+00:00,B_sell_A_buy,14.1819,7.3819,4432.0,4432.1,6.5642,2.1407,4438.39,4438.41,16.827,0.93,0.0000062500,0.0000000000,238.2,0.2
2026-09-05T15:57:22.903+00:00,B_sell_A_buy,14.0467,7.2467,4432.0,4432.1,6.5642,2.1407,4438.33,4438.41,1.267,0.93,0.0000062500,0.0000000000,238.3,0.3
2026-09-05T15:57:22.907+00:00,B_sell_A_buy,14.2045,7.4045,4432.0,4432.1,6.5642,2.1407,4438.4,4438.41,16.1,0.93,0.0000062500,0.0000000000,241.4,0.1
2026-09-05T15:57:22.907+00:00,B_sell_A_buy,14.2045,7.4045,4432.0,4432.1,6.5642,2.1407,4438.4,4438.41,21.596,0.93,0.0000062500,0.0000000000,241.5,0.2
2026-09-05T15:57:22.912+00:00,B_sell_A_buy,14.2045,7.4045,4432.0,4432.1,6.5642,2.1407,4438.4,4438.41,21.566,0.93,0.0000062500,0.0000000000,246.3,0.1
2026-09-05T15:57:23.006+00:00,B_sell_A_buy,14.2045,7.4045,4432.0,4432.1,6.5642,2.1407,4438.4,4438.41,21.229,0.93,0.0000062500,0.0000000000,341.3,0.2
2026-09-05T15:57:23.036+00:00,B_sell_A_buy,14.2045,7.4045,4432.0,4432.1,6.5642,2.1407,4438.4,4438.41,21.159,0.93,0.0000062500,0.0000000000,371.6,0.3
2026-09-05T15:57:23.052+00:00,B_sell_A_buy,14.2045,7.4045,4432.0,4432.1,6.5642,2.1407,4438.4,4438.41,21.159,0.593,0.0000062500,0.0000000000,386.8,0.3
2026-09-05T15:57:23.199+00:00,B_sell_A_buy,14.2045,7.4045,4432.0,4432.1,6.5642,2.1407,4438.4,4438.41,20.822,0.593,0.0000062500,0.0000000000,534.1,0.3
2026-09-05T15:57:23.199+00:00,B_sell_A_buy,14.2045,7.4045,4432.0,4432.1,6.5642,2.1407,4438.4,4438.41,20.822,0.256,0.0000062500,0.0000000000,534.2,0.4
2026-09-05T15:57:23.298+00:00,B_sell_A_buy,14.2045,7.4045,4432.0,4432.1,6.5642,2.1407,4438.4,4438.41,20.572,0.256,0.0000062500,0.0000000000,633.1,0.2
2026-09-05T15:57:23.300+00:00,B_sell_A_buy,14.2045,7.4045,4432.0,4432.1,6.5642,2.1407,4438.4,4438.41,20.572,0.006,0.0000062500,0.0000000000,634.8,0.1
2026-09-05T15:57:23.393+00:00,B_sell_A_buy,14.2045,7.4045,4432.0,4432.1,6.5642,2.1407,4438.4,4438.41,20.572,0.001,0.0000062500,0.0000000000,728.1,0.1
2026-09-05T15:57:23.393+00:00,B_sell_A_buy,14.2045,7.4045,4432.0,4432.1,6.5642,2.1407,4438.4,4438.41,20.567,0.001,0.0000062500,0.0000000000,728.2,0.2
2026-09-05T15:57:23.603+00:00,B_sell_A_buy,14.2270,7.4270,4432.0,4432.1,6.5642,2.1407,4438.41,4438.44,3.588,1.69,0.0000062500,0.0000000000,938.2,0.3
2026-09-05T15:57:23.603+00:00,B_sell_A_buy,14.2045,7.4045,4432.0,4432.1,6.5642,2.1407,4438.4,4438.41,20.567,0.001,0.0000062500,0.0000000000,938.3,0.4
2026-09-05T15:57:23.653+00:00,B_sell_A_buy,14.2045,7.4045,4432.0,4432.1,6.5642,2.1407,4438.4,4438.41,20.567,3.401,0.0000062500,0.0000000000,988.2,0.3
2026-09-05T15:57:23.653+00:00,B_sell_A_buy,14.2045,7.4045,4432.0,4432.1,6.5642,2.1407,4438.4,4438.41,20.567,0.001,0.0000062500,0.0000000000,988.4,0.4
2026-09-05T15:57:23.742+00:00,B_sell_A_buy,14.2045,7.4045,4432.0,4432.1,6.5642,2.1407,4438.4,4438.41,5.496,0.001,0.0000062500,0.0000000000,1077.9,0.1
2026-09-05T15:57:23.742+00:00,B_sell_A_buy,14.0918,7.2918,4432.0,4432.1,6.5642,2.1407,4438.35,4438.41,1.267,0.001,0.0000062500,0.0000000000,1077.9,0.2
2026-09-05T15:57:23.755+00:00,B_sell_A_buy,14.0918,7.2918,4432.0,4432.1,6.5642,2.1407,4438.35,4438.41,0.93,0.001,0.0000062500,0.0000000000,1090.1,0.1
2026-09-05T15:57:23.755+00:00,B_sell_A_buy,14.0917,7.2917,4432.0,4432.1,6.5642,2.1407,4438.35,4438.44,0.93,1.354,0.0000062500,0.0000000000,1090.2,0.1
2026-09-05T15:57:23.848+00:00,B_sell_A_buy,14.2720,7.4720,4432.0,4432.1,6.5642,2.1407,4438.43,4438.44,15.5,1.354,0.0000062500,0.0000000000,1182.6,0.1
2026-09-05T15:57:23.848+00:00,B_sell_A_buy,14.2720,7.4720,4432.0,4432.1,6.5642,2.1407,4438.43,4438.44,20.996,1.354,0.0000062500,0.0000000000,1182.7,0.2
2026-09-05T15:57:23.946+00:00,B_sell_A_buy,14.2720,7.4720,4432.0,4432.1,6.5642,2.1407,4438.43,4438.44,20.996,1.017,0.0000062500,0.0000000000,1280.7,0.3
2026-09-05T15:57:23.950+00:00,B_sell_A_buy,14.2720,7.4720,4432.0,4432.1,6.5642,2.1407,4438.43,4438.44,20.659,1.017,0.0000062500,0.0000000000,1284.3,0.1
2026-09-05T15:57:24.044+00:00,B_sell_A_buy,14.2720,7.4720,4432.0,4432.1,6.5642,2.1407,4438.43,4438.44,20.322,1.017,0.0000062500,0.0000000000,1379.0,0.3
2026-09-05T15:57:24.044+00:00,B_sell_A_buy,14.2720,7.4720,4432.0,4432.1,6.5642,2.1407,4438.43,4438.44,20.322,0.68,0.0000062500,0.0000000000,1379.1,0.3
2026-09-05T15:57:24.206+00:00,B_sell_A_buy,14.2720,7.4720,4432.0,4432.1,6.5642,2.1407,4438.43,4438.44,19.985,0.68,0.0000062500,0.0000000000,1541.5,0.3
2026-09-05T15:57:24.208+00:00,B_sell_A_buy,14.2720,7.4720,4432.0,4432.1,6.5642,2.1407,4438.43,4438.44,19.985,0.343,0.0000062500,0.0000000000,1543.2,0.1
2026-09-05T15:57:24.350+00:00,B_sell_A_buy,14.2720,7.4720,4432.0,4432.1,6.5642,2.1407,4438.43,4438.44,19.649,0.343,0.0000062500,0.0000000000,1684.9,0.2
2026-09-05T15:57:24.350+00:00,B_sell_A_buy,14.2720,7.4720,4432.0,4432.1,6.5642,2.1407,4438.43,4438.44,19.649,0.007,0.0000062500,0.0000000000,1685.0,0.4
2026-09-05T15:57:24.447+00:00,B_sell_A_buy,14.2720,7.4720,4432.0,4432.1,6.5642,2.1407,4438.43,4438.44,19.643,0.007,0.0000062500,0.0000000000,1781.3,0.2
2026-09-05T15:57:24.447+00:00,B_sell_A_buy,14.2720,7.4720,4432.0,4432.1,6.5642,2.1407,4438.43,4438.44,19.643,0.001,0.0000062500,0.0000000000,1781.4,0.3
2026-09-05T15:57:32.459+00:00,B_sell_A_buy,14.3171,7.5171,4432.0,4432.1,5.6282,2.1407,4438.45,4438.46,12.921,12.649,0.0000062500,0.0000000000,0.2,4.1
2026-09-05T15:57:32.607+00:00,B_sell_A_buy,14.3171,7.5171,4432.0,4432.1,5.6282,2.1407,4438.45,4438.46,12.857,12.649,0.0000062500,0.0000000000,147.3,0.3
2026-09-05T15:57:32.607+00:00,B_sell_A_buy,14.3171,7.5171,4432.0,4432.1,5.6282,2.1407,4438.45,4438.46,12.857,12.585,0.0000062500,0.0000000000,147.5,0.4
2026-09-05T15:57:32.607+00:00,B_sell_A_buy,14.3171,7.5171,4432.0,4432.1,5.6282,2.1407,4438.45,4438.46,12.52,12.585,0.0000062500,0.0000000000,147.5,0.4
2026-09-05T15:57:32.750+00:00,B_sell_A_buy,14.3171,7.5171,4432.0,4432.1,5.6282,2.1407,4438.45,4438.46,12.183,12.585,0.0000062500,0.0000000000,291.5,0.3
2026-09-05T15:57:32.750+00:00,B_sell_A_buy,14.3171,7.5171,4432.0,4432.1,5.6282,2.1407,4438.45,4438.46,12.183,12.248,0.0000062500,0.0000000000,291.6,0.4
2026-09-05T15:57:32.898+00:00,B_sell_A_buy,14.3171,7.5171,4432.0,4432.1,5.6282,2.1407,4438.45,4438.46,12.183,11.911,0.0000062500,0.0000000000,439.2,0.3
2026-09-05T15:57:32.899+00:00,B_sell_A_buy,14.3171,7.5171,4432.0,4432.1,5.6282,2.1407,4438.45,4438.46,11.846,11.911,0.0000062500,0.0000000000,439.4,0.4
2026-09-05T15:57:32.937+00:00,B_sell_A_buy,14.3171,7.5171,4432.0,4432.1,6.6127,2.1407,4438.45,4438.46,11.846,11.911,0.0000062500,0.0000000000,0.2,38.9
2026-09-05T15:57:33.000+00:00,B_sell_A_buy,14.3171,7.5171,4432.0,4432.1,6.6127,2.1407,4438.45,4438.46,11.846,11.891,0.0000062500,0.0000000000,63.4,0.1
2026-09-05T15:57:33.000+00:00,B_sell_A_buy,14.3171,7.5171,4432.0,4432.1,6.6127,2.1407,4438.45,4438.46,11.846,11.554,0.0000062500,0.0000000000,63.5,0.2
2026-09-05T15:57:33.056+00:00,B_sell_A_buy,14.3171,7.5171,4432.0,4432.1,6.6127,2.1407,4438.45,4438.46,11.509,11.554,0.0000062500,0.0000000000,118.4,0.2
2026-09-05T15:57:33.207+00:00,B_sell_A_buy,14.3171,7.5171,4432.0,4432.1,6.6127,2.1407,4438.45,4438.46,11.509,10.076,0.0000062500,0.0000000000,270.4,0.3
2026-09-05T15:57:33.207+00:00,B_sell_A_buy,14.3171,7.5171,4432.0,4432.1,6.6127,2.1407,4438.45,4438.46,11.172,10.076,0.0000062500,0.0000000000,270.6,0.4
2026-09-05T15:57:33.207+00:00,B_sell_A_buy,14.3171,7.5171,4432.0,4432.1,6.6127,2.1407,4438.45,4438.46,11.172,9.739,0.0000062500,0.0000000000,270.6,0.4
2026-09-05T15:57:33.297+00:00,B_sell_A_buy,14.3171,7.5171,4432.0,4432.1,5.6282,2.1407,4438.45,4438.46,11.172,9.739,0.0000062500,0.0000000000,0.3,90.3
2026-09-05T15:57:33.300+00:00,B_sell_A_buy,14.3171,7.5171,4432.0,4432.1,5.6282,2.1407,4438.45,4438.46,11.122,9.739,0.0000062500,0.0000000000,2.8,0.2
2026-09-05T15:57:33.300+00:00,B_sell_A_buy,14.3171,7.5171,4432.0,4432.1,5.6282,2.1407,4438.45,4438.46,11.122,9.689,0.0000062500,0.0000000000,2.9,0.3
2026-09-05T15:57:33.349+00:00,B_sell_A_buy,14.3171,7.5171,4432.0,4432.1,5.6282,2.1407,4438.45,4438.46,11.122,9.352,0.0000062500,0.0000000000,51.4,0.1
2026-09-05T15:57:33.349+00:00,B_sell_A_buy,14.3171,7.5171,4432.0,4432.1,5.6282,2.1407,4438.45,4438.46,10.785,9.352,0.0000062500,0.0000000000,51.4,0.1
2026-09-05T15:57:33.444+00:00,B_sell_A_buy,14.3171,7.5171,4432.0,4432.1,5.6282,2.1407,4438.45,4438.46,10.785,9.3,0.0000062500,0.0000000000,146.3,0.2
2026-09-05T15:57:33.498+00:00,B_sell_A_buy,14.3171,7.5171,4432.0,4432.1,5.6282,2.1407,4438.45,4438.46,10.735,9.3,0.0000062500,0.0000000000,200.6,0.3
2026-09-05T15:57:33.498+00:00,B_sell_A_buy,14.3171,7.5171,4432.0,4432.1,5.6282,2.1407,4438.45,4438.46,10.683,9.3,0.0000062500,0.0000000000,200.8,0.4
2026-09-05T15:57:33.498+00:00,B_sell_A_buy,14.3171,7.5171,4432.0,4432.1,5.6282,2.1407,4438.45,4438.46,10.683,9.25,0.0000062500,0.0000000000,200.8,0.4
2026-09-05T15:57:33.498+00:00,B_sell_A_buy,14.3171,7.5171,4432.0,4432.1,5.6282,2.1407,4438.45,4438.46,10.683,8.913,0.0000062500,0.0000000000,200.8,0.4
2026-09-05T15:57:33.498+00:00,B_sell_A_buy,14.3171,7.5171,4432.0,4432.1,5.6282,2.1407,4438.45,4438.46,10.346,8.913,0.0000062500,0.0000000000,200.8,0.5
2026-09-05T15:57:33.616+00:00,B_sell_A_buy,14.3171,7.5171,4432.0,4432.1,5.6282,2.1407,4438.45,4438.46,10.009,8.913,0.0000062500,0.0000000000,318.7,0.2
2026-09-05T15:57:33.616+00:00,B_sell_A_buy,14.3171,7.5171,4432.0,4432.1,5.6282,2.1407,4438.45,4438.46,10.009,8.576,0.0000062500,0.0000000000,318.8,0.3
2026-09-05T15:57:33.655+00:00,B_sell_A_buy,14.3171,7.5171,4432.0,4432.1,5.6282,2.1407,4438.45,4438.46,9.957,8.576,0.0000062500,0.0000000000,357.9,0.1
2026-09-05T15:57:33.655+00:00,B_sell_A_buy,14.3171,7.5171,4432.0,4432.1,5.6282,2.1407,4438.45,4438.46,9.957,8.524,0.0000062500,0.0000000000,358.0,0.1
2026-09-05T15:57:33.752+00:00,B_sell_A_buy,14.3171,7.5171,4432.0,4432.1,5.6282,2.1407,4438.45,4438.46,9.62,8.524,0.0000062500,0.0000000000,454.7,0.3
2026-09-05T15:57:33.752+00:00,B_sell_A_buy,14.3171,7.5171,4432.0,4432.1,5.6282,2.1407,4438.45,4438.46,9.62,8.187,0.0000062500,0.0000000000,454.8,0.4
2026-09-05T15:57:33.849+00:00,B_sell_A_buy,14.3171,7.5171,4432.0,4432.1,5.6282,2.1407,4438.45,4438.46,9.283,8.187,0.0000062500,0.0000000000,551.6,0.1
2026-09-05T15:57:33.948+00:00,B_sell_A_buy,14.3171,7.5171,4432.0,4432.1,5.6282,2.1407,4438.45,4438.46,9.283,7.85,0.0000062500,0.0000000000,650.8,0.3
2026-09-05T15:57:34.001+00:00,B_sell_A_buy,14.3171,7.5171,4432.0,4432.1,5.6282,2.1407,4438.45,4438.46,9.263,7.85,0.0000062500,0.0000000000,704.4,0.2
2026-09-05T15:57:34.095+00:00,B_sell_A_buy,14.3171,7.5171,4432.0,4432.1,5.6282,2.1407,4438.45,4438.46,8.926,7.85,0.0000062500,0.0000000000,798.0,0.2
2026-09-05T15:57:34.095+00:00,B_sell_A_buy,14.3171,7.5171,4432.0,4432.1,5.6282,2.1407,4438.45,4438.46,8.926,7.513,0.0000062500,0.0000000000,798.1,0.3
2026-09-05T15:57:34.213+00:00,B_sell_A_buy,14.3171,7.5171,4432.0,4432.1,5.6282,2.1407,4438.45,4438.46,8.589,7.513,0.0000062500,0.0000000000,915.6,0.3
2026-09-05T15:57:34.257+00:00,B_sell_A_buy,14.3171,7.5171,4432.0,4432.1,5.6282,2.1407,4438.45,4438.46,8.534,7.513,0.0000062500,0.0000000000,960.1,0.3
2026-09-05T15:57:34.307+00:00,B_sell_A_buy,14.3171,7.5171,4432.0,4432.1,5.6282,2.1407,4438.45,4438.46,8.534,7.176,0.0000062500,0.0000000000,1009.8,0.3
2026-09-05T15:57:34.407+00:00,B_sell_A_buy,14.3171,7.5171,4432.0,4432.1,5.6282,2.1407,4438.45,4438.46,8.197,7.176,0.0000062500,0.0000000000,1109.7,0.2
2026-09-05T15:57:34.407+00:00,B_sell_A_buy,14.3171,7.5171,4432.0,4432.1,5.6282,2.1407,4438.45,4438.46,8.197,6.839,0.0000062500,0.0000000000,1109.8,0.3
2026-09-05T15:57:34.407+00:00,B_sell_A_buy,14.3171,7.5171,4432.0,4432.1,5.6282,2.1407,4438.45,4438.46,8.197,6.787,0.0000062500,0.0000000000,1109.9,0.3
2026-09-05T15:57:34.407+00:00,B_sell_A_buy,14.3171,7.5171,4432.0,4432.1,5.6282,2.1407,4438.45,4438.46,8.145,6.787,0.0000062500,0.0000000000,1109.9,0.3
2026-09-05T15:57:34.547+00:00,B_sell_A_buy,14.3171,7.5171,4432.0,4432.1,5.6282,2.1407,4438.45,4438.46,5.926,6.787,0.0000062500,0.0000000000,1250.1,0.2
2026-09-05T15:57:34.547+00:00,B_sell_A_buy,14.3171,7.5171,4432.0,4432.1,5.6282,2.1407,4438.45,4438.46,5.589,6.787,0.0000062500,0.0000000000,1250.2,0.3
2026-09-05T15:57:34.547+00:00,B_sell_A_buy,14.3171,7.5171,4432.0,4432.1,5.6282,2.1407,4438.45,4438.46,5.589,6.45,0.0000062500,0.0000000000,1250.3,0.4
2026-09-05T15:57:34.596+00:00,B_sell_A_buy,14.3171,7.5171,4432.0,4432.1,5.6282,2.1407,4438.45,4438.46,5.54,6.45,0.0000062500,0.0000000000,1299.6,0.2
2026-09-05T15:57:34.597+00:00,B_sell_A_buy,14.3171,7.5171,4432.0,4432.1,5.6282,2.1407,4438.45,4438.46,5.54,6.398,0.0000062500,0.0000000000,1299.7,0.3
2026-09-05T15:57:34.644+00:00,B_sell_A_buy,14.3171,7.5171,4432.0,4432.1,5.6282,2.1407,4438.45,4438.46,5.54,6.349,0.0000062500,0.0000000000,1347.1,0.2
2026-09-05T15:57:34.644+00:00,B_sell_A_buy,14.3171,7.5171,4432.0,4432.1,5.6282,2.1407,4438.45,4438.46,5.488,6.349,0.0000062500,0.0000000000,1347.3,0.3
2026-09-05T15:57:34.646+00:00,B_sell_A_buy,14.3171,7.5171,4432.0,4432.1,5.6282,2.1407,4438.45,4438.46,5.151,6.349,0.0000062500,0.0000000000,1349.1,0.1
2026-09-05T15:57:34.646+00:00,B_sell_A_buy,14.3171,7.5171,4432.0,4432.1,5.6282,2.1407,4438.45,4438.46,5.151,6.012,0.0000062500,0.0000000000,1349.2,0.1
2026-09-05T15:57:34.741+00:00,B_sell_A_buy,14.3171,7.5171,4432.0,4432.1,5.6282,2.1407,4438.45,4438.46,5.151,5.675,0.0000062500,0.0000000000,1443.6,0.1
2026-09-05T15:57:34.741+00:00,B_sell_A_buy,14.3171,7.5171,4432.0,4432.1,5.6282,2.1407,4438.45,4438.46,4.814,5.675,0.0000062500,0.0000000000,1443.7,0.1
2026-09-05T15:57:34.795+00:00,B_sell_A_buy,14.3171,7.5171,4432.0,4432.1,5.6282,2.1407,4438.45,4438.46,4.765,5.675,0.0000062500,0.0000000000,1498.6,0.2
2026-09-05T15:57:34.853+00:00,B_sell_A_buy,14.3171,7.5171,4432.0,4432.1,5.6282,2.1407,4438.45,4438.46,4.428,5.675,0.0000062500,0.0000000000,1555.8,0.2
2026-09-05T15:57:34.853+00:00,B_sell_A_buy,14.3171,7.5171,4432.0,4432.1,5.6282,2.1407,4438.45,4438.46,4.428,5.338,0.0000062500,0.0000000000,1555.9,0.3
2026-09-05T15:57:34.853+00:00,B_sell_A_buy,14.3171,7.5171,4432.0,4432.1,5.6282,2.1407,4438.45,4438.46,4.428,5.289,0.0000062500,0.0000000000,1556.0,0.3
2026-09-05T15:57:34.950+00:00,B_sell_A_buy,14.3171,7.5171,4432.0,4432.1,5.6282,2.1407,4438.45,4438.46,19.926,5.289,0.0000062500,0.0000000000,1652.5,0.2
2026-09-05T15:57:34.955+00:00,B_sell_A_buy,14.3171,7.5171,4432.0,4432.1,5.6282,2.1407,4438.45,4438.46,19.926,5.269,0.0000062500,0.0000000000,1657.3,0.2
2026-09-05T15:57:34.955+00:00,B_sell_A_buy,14.3171,7.5171,4432.0,4432.1,5.6282,2.1407,4438.45,4438.46,19.589,5.269,0.0000062500,0.0000000000,1657.4,0.3
2026-09-05T15:57:34.955+00:00,B_sell_A_buy,14.3171,7.5171,4432.0,4432.1,5.6282,2.1407,4438.45,4438.46,19.589,4.932,0.0000062500,0.0000000000,1657.4,0.3
2026-09-05T15:57:35.099+00:00,B_sell_A_buy,14.3171,7.5171,4432.0,4432.1,5.6282,2.1407,4438.45,4438.46,19.589,4.595,0.0000062500,0.0000000000,1801.6,0.2
2026-09-05T15:57:35.099+00:00,B_sell_A_buy,14.3171,7.5171,4432.0,4432.1,5.6282,2.1407,4438.45,4438.46,19.252,4.595,0.0000062500,0.0000000000,1801.7,0.3
2026-09-05T15:57:35.198+00:00,B_sell_A_buy,14.3171,7.5171,4432.0,4432.1,5.6282,2.1407,4438.45,4438.46,22.683,4.595,0.0000062500,0.0000000000,1900.4,0.3
2026-09-05T15:57:35.198+00:00,B_sell_A_buy,14.3171,7.5171,4432.0,4432.1,5.6282,2.1407,4438.45,4438.46,22.346,4.595,0.0000062500,0.0000000000,1900.5,0.3
2026-09-05T15:57:35.198+00:00,B_sell_A_buy,14.3171,7.5171,4432.0,4432.1,5.6282,2.1407,4438.45,4438.46,22.346,4.258,0.0000062500,0.0000000000,1900.5,0.4
2026-09-05T15:57:35.246+00:00,B_sell_A_buy,14.3171,7.5171,4432.0,4432.1,5.6282,2.1407,4438.45,4438.46,18.915,4.258,0.0000062500,0.0000000000,1949.0,0.1
2026-09-05T15:57:35.297+00:00,B_sell_A_buy,14.3171,7.5171,4432.0,4432.1,5.6282,2.1407,4438.45,4438.46,18.578,4.258,0.0000062500,0.0000000000,1999.5,0.1
2026-09-05T15:57:35.297+00:00,B_sell_A_buy,14.3171,7.5171,4432.0,4432.1,5.6282,2.1407,4438.45,4438.46,18.578,3.921,0.0000062500,0.0000000000,1999.6,0.2
2026-09-05T15:57:41.667+00:00,B_sell_A_buy,14.3171,7.5171,4432.0,4432.1,6.5357,2.1407,4438.45,4438.46,14.639,10.897,0.0000062500,0.0000000000,0.3,121.1
2026-09-05T15:57:41.708+00:00,B_sell_A_buy,14.3171,7.5171,4432.0,4432.1,6.5357,2.1407,4438.45,4438.46,14.302,10.897,0.0000062500,0.0000000000,41.3,0.3
2026-09-05T15:57:41.708+00:00,B_sell_A_buy,14.3171,7.5171,4432.0,4432.1,6.5357,2.1407,4438.45,4438.46,14.302,10.56,0.0000062500,0.0000000000,41.4,0.4
2026-09-05T15:57:41.854+00:00,B_sell_A_buy,14.3171,7.5171,4432.0,4432.1,6.5357,2.1407,4438.45,4438.46,14.302,10.223,0.0000062500,0.0000000000,187.2,0.3
2026-09-05T15:57:41.854+00:00,B_sell_A_buy,14.3171,7.5171,4432.0,4432.1,6.5357,2.1407,4438.45,4438.46,13.965,10.223,0.0000062500,0.0000000000,187.4,0.4
2026-09-05T15:57:42.004+00:00,B_sell_A_buy,14.3171,7.5171,4432.0,4432.1,6.5357,2.1407,4438.45,4438.46,13.916,10.223,0.0000062500,0.0000000000,337.8,0.3
2026-09-05T15:57:42.004+00:00,B_sell_A_buy,14.3171,7.5171,4432.0,4432.1,6.5357,2.1407,4438.45,4438.46,13.916,9.886,0.0000062500,0.0000000000,338.0,0.4
2026-09-05T15:57:42.049+00:00,B_sell_A_buy,14.3171,7.5171,4432.0,4432.1,6.5357,2.1407,4438.45,4438.46,13.579,9.886,0.0000062500,0.0000000000,382.4,0.2
2026-09-05T15:57:42.096+00:00,B_sell_A_buy,14.3171,7.5171,4432.0,4432.1,6.5357,2.1407,4438.45,4438.46,13.579,9.822,0.0000062500,0.0000000000,429.1,0.2
2026-09-05T15:57:42.096+00:00,B_sell_A_buy,14.3171,7.5171,4432.0,4432.1,6.5357,2.1407,4438.45,4438.46,13.579,9.773,0.0000062500,0.0000000000,429.2,0.3
2026-09-05T15:57:42.096+00:00,B_sell_A_buy,14.3171,7.5171,4432.0,4432.1,6.5357,2.1407,4438.45,4438.46,13.515,9.773,0.0000062500,0.0000000000,429.2,0.3
2026-09-05T15:57:42.142+00:00,B_sell_A_buy,14.3171,7.5171,4432.0,4432.1,6.5357,2.1407,4438.45,4438.46,13.515,9.436,0.0000062500,0.0000000000,475.3,0.1
2026-09-05T15:57:42.195+00:00,B_sell_A_buy,14.3171,7.5171,4432.0,4432.1,6.5357,2.1407,4438.45,4438.46,13.495,9.436,0.0000062500,0.0000000000,528.6,0.1
2026-09-05T15:57:42.195+00:00,B_sell_A_buy,14.3171,7.5171,4432.0,4432.1,6.5357,2.1407,4438.45,4438.46,13.158,9.436,0.0000062500,0.0000000000,528.7,0.1
2026-09-05T15:57:42.291+00:00,B_sell_A_buy,14.3171,7.5171,4432.0,4432.1,6.5357,2.1407,4438.45,4438.46,13.094,9.436,0.0000062500,0.0000000000,624.6,0.2
2026-09-05T15:57:42.291+00:00,B_sell_A_buy,14.3171,7.5171,4432.0,4432.1,6.5357,2.1407,4438.45,4438.46,13.094,9.387,0.0000062500,0.0000000000,624.7,0.2
2026-09-05T15:57:42.291+00:00,B_sell_A_buy,14.3171,7.5171,4432.0,4432.1,6.5357,2.1407,4438.45,4438.46,13.094,9.323,0.0000062500,0.0000000000,624.8,0.3
2026-09-05T15:57:42.291+00:00,B_sell_A_buy,14.3171,7.5171,4432.0,4432.1,6.5357,2.1407,4438.45,4438.46,13.045,9.323,0.0000062500,0.0000000000,624.8,0.3
2026-09-05T15:57:42.354+00:00,B_sell_A_buy,14.3171,7.5171,4432.0,4432.1,6.5357,2.1407,4438.45,4438.46,13.045,8.986,0.0000062500,0.0000000000,687.6,0.3
2026-09-05T15:57:42.450+00:00,B_sell_A_buy,14.3171,7.5171,4432.0,4432.1,6.5357,2.1407,4438.45,4438.46,12.708,8.986,0.0000062500,0.0000000000,783.6,0.1
2026-09-05T15:57:42.603+00:00,B_sell_A_buy,14.3171,7.5171,4432.0,4432.1,6.5357,2.1407,4438.45,4438.46,12.371,8.986,0.0000062500,0.0000000000,936.4,0.2
2026-09-05T15:57:42.603+00:00,B_sell_A_buy,14.3171,7.5171,4432.0,4432.1,6.5357,2.1407,4438.45,4438.46,12.371,8.649,0.0000062500,0.0000000000,936.5,0.3
2026-09-05T15:57:42.696+00:00,B_sell_A_buy,14.3171,7.5171,4432.0,4432.1,6.5357,2.1407,4438.45,4438.46,12.034,8.649,0.0000062500,0.0000000000,1029.5,0.3
2026-09-05T15:57:42.748+00:00,B_sell_A_buy,14.3171,7.5171,4432.0,4432.1,6.5357,2.1407,4438.45,4438.46,12.034,8.312,0.0000062500,0.0000000000,1081.5,0.3
2026-09-05T15:57:42.857+00:00,B_sell_A_buy,14.3171,7.5171,4432.0,4432.1,6.5357,2.1407,4438.45,4438.46,12.034,7.975,0.0000062500,0.0000000000,1190.8,0.3
2026-09-05T15:57:42.857+00:00,B_sell_A_buy,14.3171,7.5171,4432.0,4432.1,6.5357,2.1407,4438.45,4438.46,11.697,7.975,0.0000062500,0.0000000000,1191.0,0.4
2026-09-05T15:57:42.906+00:00,B_sell_A_buy,14.3171,7.5171,4432.0,4432.1,6.5357,2.1407,4438.45,4438.46,11.697,7.915,0.0000062500,0.0000000000,1239.2,0.2
2026-09-05T15:57:42.908+00:00,B_sell_A_buy,14.3171,7.5171,4432.0,4432.1,6.5357,2.1407,4438.45,4438.46,11.637,7.915,0.0000062500,0.0000000000,1241.1,0.1
2026-09-05T15:57:43.007+00:00,B_sell_A_buy,14.3171,7.5171,4432.0,4432.1,6.5357,2.1407,4438.45,4438.46,11.637,7.578,0.0000062500,0.0000000000,1340.6,0.3
2026-09-05T15:57:43.007+00:00,B_sell_A_buy,14.3171,7.5171,4432.0,4432.1,6.5357,2.1407,4438.45,4438.46,11.3,7.578,0.0000062500,0.0000000000,1340.7,0.4
2026-09-05T15:57:43.158+00:00,B_sell_A_buy,14.3171,7.5171,4432.0,4432.1,6.5357,2.1407,4438.45,4438.46,10.963,7.578,0.0000062500,0.0000000000,1491.4,0.3
2026-09-05T15:57:43.158+00:00,B_sell_A_buy,14.3171,7.5171,4432.0,4432.1,6.5357,2.1407,4438.45,4438.46,10.963,7.241,0.0000062500,0.0000000000,1491.7,0.5
2026-09-05T15:57:43.159+00:00,B_sell_A_buy,14.3171,7.5171,4432.0,4432.1,6.5357,2.1407,4438.45,4438.46,10.963,7.181,0.0000062500,0.0000000000,1491.8,0.6
2026-09-05T15:57:43.385+00:00,B_sell_A_buy,14.3171,7.5171,4432.0,4432.1,6.5357,2.1407,4438.45,4438.46,10.903,7.181,0.0000062500,0.0000000000,1718.6,0.3
2026-09-05T15:57:43.386+00:00,B_sell_A_buy,14.3171,7.5171,4432.0,4432.1,6.5357,2.1407,4438.45,4438.46,10.903,7.161,0.0000062500,0.0000000000,1718.8,0.4
2026-09-05T15:57:43.386+00:00,B_sell_A_buy,14.3171,7.5171,4432.0,4432.1,6.5357,2.1407,4438.45,4438.46,10.903,7.116,0.0000062500,0.0000000000,1718.8,0.5
2026-09-05T15:57:43.386+00:00,B_sell_A_buy,14.3171,7.5171,4432.0,4432.1,6.5357,2.1407,4438.45,4438.46,10.858,7.116,0.0000062500,0.0000000000,1718.9,0.6
2026-09-05T15:57:43.386+00:00,B_sell_A_buy,14.3171,7.5171,4432.0,4432.1,6.5357,2.1407,4438.45,4438.46,10.521,7.116,0.0000062500,0.0000000000,1719.0,0.6
2026-09-05T15:57:43.386+00:00,B_sell_A_buy,14.3171,7.5171,4432.0,4432.1,6.5357,2.1407,4438.45,4438.46,10.521,6.779,0.0000062500,0.0000000000,1719.0,0.7
2026-09-05T15:57:43.386+00:00,B_sell_A_buy,14.3171,7.5171,4432.0,4432.1,6.5357,2.1407,4438.45,4438.46,10.476,6.779,0.0000062500,0.0000000000,1719.0,0.7
2026-09-05T15:57:43.386+00:00,B_sell_A_buy,14.3171,7.5171,4432.0,4432.1,6.5357,2.1407,4438.45,4438.46,10.421,6.779,0.0000062500,0.0000000000,1719.0,0.7
2026-09-05T15:57:43.386+00:00,B_sell_A_buy,14.3171,7.5171,4432.0,4432.1,6.5357,2.1407,4438.45,4438.46,10.421,6.734,0.0000062500,0.0000000000,1719.1,0.7
2026-09-05T15:57:43.386+00:00,B_sell_A_buy,14.3171,7.5171,4432.0,4432.1,6.5357,2.1407,4438.45,4438.46,10.421,6.397,0.0000062500,0.0000000000,1719.1,0.7
2026-09-05T15:57:43.386+00:00,B_sell_A_buy,14.3171,7.5171,4432.0,4432.1,6.5357,2.1407,4438.45,4438.46,10.084,6.397,0.0000062500,0.0000000000,1719.1,0.7
2026-09-05T15:57:43.386+00:00,B_sell_A_buy,14.3171,7.5171,4432.0,4432.1,5.6282,2.1407,4438.45,4438.46,10.084,6.397,0.0000062500,0.0000000000,0.6,0.7
2026-09-05T15:57:43.671+00:00,B_sell_A_buy,14.3171,7.5171,4432.0,4432.1,5.6282,2.1407,4438.45,4438.46,9.747,6.397,0.0000062500,0.0000000000,285.7,0.3
2026-09-05T15:57:43.671+00:00,B_sell_A_buy,14.3171,7.5171,4432.0,4432.1,5.6282,2.1407,4438.45,4438.46,9.747,6.06,0.0000062500,0.0000000000,285.9,0.4
2026-09-05T15:57:43.672+00:00,B_sell_A_buy,14.3171,7.5171,4432.0,4432.1,5.6282,2.1407,4438.45,4438.46,9.747,5.723,0.0000062500,0.0000000000,286.0,0.4
2026-09-05T15:57:43.672+00:00,B_sell_A_buy,14.3171,7.5171,4432.0,4432.1,5.6282,2.1407,4438.45,4438.46,9.41,5.723,0.0000062500,0.0000000000,286.1,0.5
2026-09-05T15:57:43.762+00:00,B_sell_A_buy,14.3171,7.5171,4432.0,4432.1,5.6282,2.1407,4438.45,4438.46,9.073,5.723,0.0000062500,0.0000000000,376.7,0.2
2026-09-05T15:57:43.762+00:00,B_sell_A_buy,14.3171,7.5171,4432.0,4432.1,5.6282,2.1407,4438.45,4438.46,9.073,5.386,0.0000062500,0.0000000000,376.9,0.4
2026-09-05T15:57:43.846+00:00,B_sell_A_buy,14.3171,7.5171,4432.0,4432.1,5.6282,2.1407,4438.45,4438.46,9.073,5.049,0.0000062500,0.0000000000,461.5,0.3
2026-09-05T15:57:43.846+00:00,B_sell_A_buy,14.3171,7.5171,4432.0,4432.1,5.6282,2.1407,4438.45,4438.46,8.736,5.049,0.0000062500,0.0000000000,461.6,0.4
2026-09-05T15:57:43.947+00:00,B_sell_A_buy,14.3171,7.5171,4432.0,4432.1,5.6282,2.1407,4438.45,4438.46,8.399,5.049,0.0000062500,0.0000000000,562.2,0.2
2026-09-05T15:57:43.947+00:00,B_sell_A_buy,14.3171,7.5171,4432.0,4432.1,5.6282,2.1407,4438.45,4438.46,8.399,4.712,0.0000062500,0.0000000000,562.3,0.3
2026-09-05T15:57:44.054+00:00,B_sell_A_buy,14.3171,7.5171,4432.0,4432.1,5.6282,2.1407,4438.45,4438.46,8.337,4.712,0.0000062500,0.0000000000,669.0,0.3
2026-09-05T15:57:44.054+00:00,B_sell_A_buy,14.3171,7.5171,4432.0,4432.1,5.6282,2.1407,4438.45,4438.46,8.337,4.65,0.0000062500,0.0000000000,669.2,0.4
2026-09-05T15:57:44.054+00:00,B_sell_A_buy,14.3171,7.5171,4432.0,4432.1,5.6282,2.1407,4438.45,4438.46,8.337,1.131,0.0000062500,0.0000000000,669.2,0.4
2026-09-05T15:57:44.054+00:00,B_sell_A_buy,14.3171,7.5171,4432.0,4432.1,5.6282,2.1407,4438.45,4438.46,8.337,4.65,0.0000062500,0.0000000000,669.2,0.4
2026-09-05T15:57:44.107+00:00,B_sell_A_buy,14.3171,7.5171,4432.0,4432.1,5.6282,2.1407,4438.45,4438.46,8.0,4.65,0.0000062500,0.0000000000,721.6,0.1
2026-09-05T15:57:44.107+00:00,B_sell_A_buy,14.3171,7.5171,4432.0,4432.1,5.6282,2.1407,4438.45,4438.46,8.0,4.313,0.0000062500,0.0000000000,721.7,0.2
2026-09-05T15:57:44.202+00:00,B_sell_A_buy,14.3171,7.5171,4432.0,4432.1,5.6282,2.1407,4438.45,4438.46,8.0,15.063,0.0000062500,0.0000000000,817.3,0.3
2026-09-05T15:57:44.273+00:00,B_sell_A_buy,14.3171,7.5171,4432.0,4432.1,5.6282,2.1407,4438.45,4438.46,7.98,15.063,0.0000062500,0.0000000000,887.4,0.2
2026-09-05T15:57:44.273+00:00,B_sell_A_buy,14.3171,7.5171,4432.0,4432.1,5.6282,2.1407,4438.45,4438.46,7.918,15.063,0.0000062500,0.0000000000,887.5,0.3
2026-09-05T15:57:44.273+00:00,B_sell_A_buy,14.3171,7.5171,4432.0,4432.1,5.6282,2.1407,4438.45,4438.46,7.918,15.001,0.0000062500,0.0000000000,887.5,0.3
2026-09-05T15:57:44.273+00:00,B_sell_A_buy,14.3171,7.5171,4432.0,4432.1,5.6282,2.1407,4438.45,4438.46,7.581,15.001,0.0000062500,0.0000000000,887.6,0.3
2026-09-05T15:57:44.273+00:00,B_sell_A_buy,14.3171,7.5171,4432.0,4432.1,5.6282,2.1407,4438.45,4438.46,7.581,14.664,0.0000062500,0.0000000000,887.6,0.4
2026-09-05T15:57:44.303+00:00,B_sell_A_buy,14.3171,7.5171,4432.0,4432.1,5.6282,2.1407,4438.45,4438.46,7.581,14.6,0.0000062500,0.0000000000,918.1,0.1
2026-09-05T15:57:44.303+00:00,B_sell_A_buy,14.3171,7.5171,4432.0,4432.1,5.6282,2.1407,4438.45,4438.46,7.517,14.6,0.0000062500,0.0000000000,918.2,0.1
2026-09-05T15:57:44.414+00:00,B_sell_A_buy,14.3171,7.5171,4432.0,4432.1,5.6282,2.1407,4438.45,4438.46,7.517,14.263,0.0000062500,0.0000000000,1028.4,0.2
2026-09-05T15:57:44.414+00:00,B_sell_A_buy,14.3171,7.5171,4432.0,4432.1,5.6282,2.1407,4438.45,4438.46,7.18,14.263,0.0000062500,0.0000000000,1028.5,0.3
2026-09-05T15:57:44.457+00:00,B_sell_A_buy,14.3171,7.5171,4432.0,4432.1,5.6282,2.1407,4438.45,4438.46,7.116,14.263,0.0000062500,0.0000000000,1072.0,0.2
2026-09-05T15:57:44.457+00:00,B_sell_A_buy,14.3171,7.5171,4432.0,4432.1,5.6282,2.1407,4438.45,4438.46,7.116,14.199,0.0000062500,0.0000000000,1072.1,0.3
2026-09-05T15:57:44.457+00:00,B_sell_A_buy,14.3171,7.5171,4432.0,4432.1,5.6282,2.1407,4438.45,4438.46,7.116,17.608,0.0000062500,0.0000000000,1072.1,0.3
2026-09-05T15:57:44.496+00:00,B_sell_A_buy,14.3171,7.5171,4432.0,4432.1,5.6282,2.1407,4438.45,4438.46,7.116,17.271,0.0000062500,0.0000000000,1110.6,0.2
2026-09-05T15:57:44.496+00:00,B_sell_A_buy,14.3171,7.5171,4432.0,4432.1,5.6282,2.1407,4438.45,4438.46,7.116,13.862,0.0000062500,0.0000000000,1110.7,0.3
2026-09-05T15:57:44.496+00:00,B_sell_A_buy,14.3171,7.5171,4432.0,4432.1,5.6282,2.1407,4438.45,4438.46,6.779,13.862,0.0000062500,0.0000000000,1110.7,0.3
2026-09-05T15:57:44.595+00:00,B_sell_A_buy,14.3171,7.5171,4432.0,4432.1,5.6282,2.1407,4438.45,4438.46,6.442,13.862,0.0000062500,0.0000000000,1209.7,0.2
2026-09-05T15:57:44.595+00:00,B_sell_A_buy,14.3171,7.5171,4432.0,4432.1,5.6282,2.1407,4438.45,4438.46,6.442,13.525,0.0000062500,0.0000000000,1209.8,0.3
2026-09-05T15:57:44.705+00:00,B_sell_A_buy,14.3171,7.5171,4432.0,4432.1,5.6282,2.1407,4438.45,4438.46,6.442,15.77,0.0000062500,0.0000000000,1320.1,0.3
2026-09-05T15:57:44.709+00:00,B_sell_A_buy,14.3171,7.5171,4432.0,4432.1,5.6282,2.1407,4438.45,4438.46,6.442,15.433,0.0000062500,0.0000000000,1323.3,0.1
2026-09-05T15:57:44.711+00:00,B_sell_A_buy,14.3171,7.5171,4432.0,4432.1,5.6282,2.1407,4438.45,4438.46,6.105,15.433,0.0000062500,0.0000000000,1325.3,0.1
2026-09-05T15:57:44.854+00:00,B_sell_A_buy,14.3171,7.5171,4432.0,4432.1,5.6282,2.1407,4438.45,4438.46,5.768,15.433,0.0000062500,0.0000000000,1468.6,0.3
2026-09-05T15:57:44.854+00:00,B_sell_A_buy,14.3171,7.5171,4432.0,4432.1,5.6282,2.1407,4438.45,4438.46,5.768,15.096,0.0000062500,0.0000000000,1468.8,0.4
2026-09-05T15:57:44.907+00:00,B_sell_A_buy,14.3171,7.5171,4432.0,4432.1,5.6282,2.1407,4438.45,4438.46,5.768,15.029,0.0000062500,0.0000000000,1521.5,0.2
2026-09-05T15:57:44.952+00:00,B_sell_A_buy,14.3171,7.5171,4432.0,4432.1,5.6282,2.1407,4438.45,4438.46,5.701,15.029,0.0000062500,0.0000000000,1567.4,0.2
2026-09-05T15:57:45.049+00:00,B_sell_A_buy,14.3171,7.5171,4432.0,4432.1,5.6282,2.1407,4438.45,4438.46,5.364,15.029,0.0000062500,0.0000000000,1663.7,0.2
2026-09-05T15:57:45.049+00:00,B_sell_A_buy,14.3171,7.5171,4432.0,4432.1,5.6282,2.1407,4438.45,4438.46,5.364,14.692,0.0000062500,0.0000000000,1663.8,0.3
2026-09-05T15:57:45.146+00:00,B_sell_A_buy,14.3171,7.5171,4432.0,4432.1,5.6282,2.1407,4438.45,4438.46,5.297,14.692,0.0000062500,0.0000000000,1760.9,0.2
2026-09-05T15:57:45.146+00:00,B_sell_A_buy,14.3171,7.5171,4432.0,4432.1,5.6282,2.1407,4438.45,4438.46,5.297,14.625,0.0000062500,0.0000000000,1761.1,0.4
2026-09-05T15:57:45.147+00:00,B_sell_A_buy,14.3171,7.5171,4432.0,4432.1,5.6282,2.1407,4438.45,4438.46,4.96,14.625,0.0000062500,0.0000000000,1761.2,0.4
2026-09-05T15:57:45.147+00:00,B_sell_A_buy,14.3171,7.5171,4432.0,4432.1,5.6282,2.1407,4438.45,4438.46,4.96,14.288,0.0000062500,0.0000000000,1761.3,0.5
2026-09-05T15:57:45.244+00:00,B_sell_A_buy,14.3171,7.5171,4432.0,4432.1,5.6282,2.1407,4438.45,4438.46,4.96,14.268,0.0000062500,0.0000000000,1858.6,0.1
2026-09-05T15:57:45.244+00:00,B_sell_A_buy,14.3171,7.5171,4432.0,4432.1,5.6282,2.1407,4438.45,4438.46,4.623,14.268,0.0000062500,0.0000000000,1858.7,0.2
2026-09-05T15:57:45.294+00:00,B_sell_A_buy,14.3171,7.5171,4432.0,4432.1,5.6282,2.1407,4438.45,4438.46,4.623,13.931,0.0000062500,0.0000000000,1908.9,0.3
2026-09-05T15:57:47.500+00:00,B_sell_A_buy,14.3171,7.5171,4432.0,4432.1,4.8699,2.1407,4438.45,4438.46,16.382,14.114,0.0000062500,0.0000000000,0.3,98.9
2026-09-05T15:57:47.541+00:00,B_sell_A_buy,14.3171,7.5171,4432.0,4432.1,4.8699,2.1407,4438.45,4438.46,16.382,10.595,0.0000062500,0.0000000000,41.2,0.2
2026-09-05T15:57:47.553+00:00,B_sell_A_buy,14.3171,7.5171,4432.0,4432.1,4.8699,2.1407,4438.45,4438.46,16.382,10.542,0.0000062500,0.0000000000,53.3,0.2
2026-09-05T15:57:47.553+00:00,B_sell_A_buy,14.3171,7.5171,4432.0,4432.1,4.8699,2.1407,4438.45,4438.46,16.329,10.542,0.0000062500,0.0000000000,53.4,0.3
2026-09-05T15:57:47.553+00:00,B_sell_A_buy,14.3171,7.5171,4432.0,4432.1,4.8699,2.1407,4438.45,4438.46,16.329,10.205,0.0000062500,0.0000000000,53.4,0.3
2026-09-05T15:57:47.553+00:00,B_sell_A_buy,14.3171,7.5171,4432.0,4432.1,4.8699,2.1407,4438.45,4438.46,15.992,10.205,0.0000062500,0.0000000000,53.5,0.3
2026-09-05T15:57:47.698+00:00,B_sell_A_buy,14.3171,7.5171,4432.0,4432.1,4.8699,2.1407,4438.45,4438.46,15.992,9.868,0.0000062500,0.0000000000,198.1,0.2
2026-09-05T15:57:47.698+00:00,B_sell_A_buy,14.3171,7.5171,4432.0,4432.1,4.8699,2.1407,4438.45,4438.46,15.655,9.868,0.0000062500,0.0000000000,198.2,0.3
2026-09-05T15:57:47.757+00:00,B_sell_A_buy,14.3171,7.5171,4432.0,4432.1,4.8699,2.1407,4438.45,4438.46,15.602,9.868,0.0000062500,0.0000000000,257.8,0.1
2026-09-05T15:57:47.758+00:00,B_sell_A_buy,14.3171,7.5171,4432.0,4432.1,4.8699,2.1407,4438.45,4438.46,15.602,9.815,0.0000062500,0.0000000000,257.9,0.1
2026-09-05T15:57:47.796+00:00,B_sell_A_buy,14.3171,7.5171,4432.0,4432.1,4.8699,2.1407,4438.45,4438.46,15.602,9.478,0.0000062500,0.0000000000,296.7,0.3
2026-09-05T15:57:47.796+00:00,B_sell_A_buy,14.3171,7.5171,4432.0,4432.1,4.8699,2.1407,4438.45,4438.46,15.265,9.478,0.0000062500,0.0000000000,296.8,0.4
2026-09-05T15:57:47.907+00:00,B_sell_A_buy,14.3171,7.5171,4432.0,4432.1,4.8699,2.1407,4438.45,4438.46,14.928,9.478,0.0000062500,0.0000000000,406.7,0.3
2026-09-05T15:57:47.909+00:00,B_sell_A_buy,14.3171,7.5171,4432.0,4432.1,4.8699,2.1407,4438.45,4438.46,14.928,9.141,0.0000062500,0.0000000000,409.0,0.1
2026-09-05T15:57:48.006+00:00,B_sell_A_buy,14.3171,7.5171,4432.0,4432.1,4.8699,2.1407,4438.45,4438.46,14.928,8.804,0.0000062500,0.0000000000,506.3,0.3
2026-09-05T15:57:48.006+00:00,B_sell_A_buy,14.3171,7.5171,4432.0,4432.1,4.8699,2.1407,4438.45,4438.46,14.591,8.804,0.0000062500,0.0000000000,506.4,0.3
2026-09-05T15:57:48.047+00:00,B_sell_A_buy,14.3171,7.5171,4432.0,4432.1,4.8699,2.1407,4438.45,4438.46,14.591,11.681,0.0000062500,0.0000000000,546.5,0.1
2026-09-05T15:57:48.113+00:00,B_sell_A_buy,14.3171,7.5171,4432.0,4432.1,4.8699,2.1407,4438.45,4438.46,14.254,11.681,0.0000062500,0.0000000000,612.7,0.2
2026-09-05T15:57:48.113+00:00,B_sell_A_buy,14.3171,7.5171,4432.0,4432.1,4.8699,2.1407,4438.45,4438.46,14.254,11.344,0.0000062500,0.0000000000,612.8,0.3
2026-09-05T15:57:48.180+00:00,B_sell_A_buy,14.3171,7.5171,4432.0,4432.1,4.8699,2.1407,4438.45,4438.46,14.201,11.344,0.0000062500,0.0000000000,679.5,0.2
2026-09-05T15:57:48.182+00:00,B_sell_A_buy,14.3171,7.5171,4432.0,4432.1,4.8699,2.1407,4438.45,4438.46,14.201,11.291,0.0000062500,0.0000000000,682.0,0.1
2026-09-05T15:57:48.260+00:00,B_sell_A_buy,14.3171,7.5171,4432.0,4432.1,4.8699,2.1407,4438.45,4438.46,13.864,11.291,0.0000062500,0.0000000000,759.9,0.2
2026-09-05T15:57:48.260+00:00,B_sell_A_buy,14.3171,7.5171,4432.0,4432.1,4.8699,2.1407,4438.45,4438.46,13.864,10.954,0.0000062500,0.0000000000,760.0,0.3
2026-09-05T15:57:48.264+00:00,B_sell_A_buy,14.3171,7.5171,4432.0,4432.1,5.7451,2.1407,4438.45,4438.46,13.864,10.954,0.0000062500,0.0000000000,0.1,4.8
2026-09-05T15:57:48.368+00:00,B_sell_A_buy,14.3171,7.5171,4432.0,4432.1,5.7451,2.1407,4438.45,4438.46,13.844,10.954,0.0000062500,0.0000000000,103.5,0.2
2026-09-05T15:57:48.368+00:00,B_sell_A_buy,14.3171,7.5171,4432.0,4432.1,5.7451,2.1407,4438.45,4438.46,13.791,10.954,0.0000062500,0.0000000000,103.6,0.3
2026-09-05T15:57:48.368+00:00,B_sell_A_buy,14.3171,7.5171,4432.0,4432.1,5.7451,2.1407,4438.45,4438.46,13.791,10.901,0.0000062500,0.0000000000,103.6,0.3
2026-09-05T15:57:48.368+00:00,B_sell_A_buy,14.3171,7.5171,4432.0,4432.1,5.7451,2.1407,4438.45,4438.46,13.454,10.901,0.0000062500,0.0000000000,103.6,0.3
2026-09-05T15:57:48.368+00:00,B_sell_A_buy,14.3171,7.5171,4432.0,4432.1,5.7451,2.1407,4438.45,4438.46,13.454,10.564,0.0000062500,0.0000000000,103.7,0.3
2026-09-05T15:57:48.474+00:00,B_sell_A_buy,14.3171,7.5171,4432.0,4432.1,5.7451,2.1407,4438.45,4438.46,13.454,10.227,0.0000062500,0.0000000000,209.7,0.2
2026-09-05T15:57:48.474+00:00,B_sell_A_buy,14.3171,7.5171,4432.0,4432.1,5.7451,2.1407,4438.45,4438.46,13.117,10.227,0.0000062500,0.0000000000,209.9,0.3
2026-09-05T15:57:48.593+00:00,B_sell_A_buy,14.3171,7.5171,4432.0,4432.1,5.7451,2.1407,4438.45,4438.46,13.117,10.162,0.0000062500,0.0000000000,328.4,0.2
2026-09-05T15:57:48.593+00:00,B_sell_A_buy,14.3171,7.5171,4432.0,4432.1,5.7451,2.1407,4438.45,4438.46,13.052,10.162,0.0000062500,0.0000000000,328.6,0.3
2026-09-05T15:57:48.614+00:00,B_sell_A_buy,14.3171,7.5171,4432.0,4432.1,5.7451,2.1407,4438.45,4438.46,9.643,10.162,0.0000062500,0.0000000000,349.4,0.1
2026-09-05T15:57:48.614+00:00,B_sell_A_buy,14.3171,7.5171,4432.0,4432.1,5.7451,2.1407,4438.45,4438.46,9.306,10.162,0.0000062500,0.0000000000,349.4,0.2
2026-09-05T15:57:48.614+00:00,B_sell_A_buy,14.3171,7.5171,4432.0,4432.1,5.7451,2.1407,4438.45,4438.46,9.306,9.825,0.0000062500,0.0000000000,349.5,0.2
2026-09-05T15:57:48.652+00:00,B_sell_A_buy,14.3171,7.5171,4432.0,4432.1,5.7451,2.1407,4438.45,4438.46,8.18,9.825,0.0000062500,0.0000000000,387.7,0.2
2026-09-05T15:57:48.774+00:00,B_sell_A_buy,14.3171,7.5171,4432.0,4432.1,5.7451,2.1407,4438.45,4438.46,8.115,9.825,0.0000062500,0.0000000000,509.9,0.2
2026-09-05T15:57:48.774+00:00,B_sell_A_buy,14.3171,7.5171,4432.0,4432.1,5.7451,2.1407,4438.45,4438.46,8.115,9.76,0.0000062500,0.0000000000,510.1,0.3
2026-09-05T15:57:48.819+00:00,B_sell_A_buy,14.3171,7.5171,4432.0,4432.1,5.7451,2.1407,4438.45,4438.46,8.115,9.423,0.0000062500,0.0000000000,554.4,0.2
2026-09-05T15:57:48.819+00:00,B_sell_A_buy,14.3171,7.5171,4432.0,4432.1,5.7451,2.1407,4438.45,4438.46,7.778,9.423,0.0000062500,0.0000000000,554.6,0.4
2026-09-05T15:57:49.072+00:00,B_sell_A_buy,14.3171,7.5171,4432.0,4432.1,5.7451,2.1407,4438.45,4438.46,7.778,9.086,0.0000062500,0.0000000000,807.7,0.2
2026-09-05T15:57:49.072+00:00,B_sell_A_buy,14.3171,7.5171,4432.0,4432.1,5.7451,2.1407,4438.45,4438.46,7.441,9.086,0.0000062500,0.0000000000,807.8,0.3
2026-09-05T15:57:49.206+00:00,B_sell_A_buy,14.3171,7.5171,4432.0,4432.1,5.7451,2.1407,4438.45,4438.46,7.104,9.086,0.0000062500,0.0000000000,941.5,0.2
2026-09-05T15:57:49.206+00:00,B_sell_A_buy,14.3171,7.5171,4432.0,4432.1,5.7451,2.1407,4438.45,4438.46,7.104,8.749,0.0000062500,0.0000000000,941.7,0.3
2026-09-05T15:57:49.315+00:00,B_sell_A_buy,14.3171,7.5171,4432.0,4432.1,5.7451,2.1407,4438.45,4438.46,7.104,7.181,0.0000062500,0.0000000000,1050.4,0.3
2026-09-05T15:57:49.315+00:00,B_sell_A_buy,14.3171,7.5171,4432.0,4432.1,5.7451,2.1407,4438.45,4438.46,6.767,7.181,0.0000062500,0.0000000000,1050.6,0.4
2026-09-05T15:57:49.315+00:00,B_sell_A_buy,14.3171,7.5171,4432.0,4432.1,5.7451,2.1407,4438.45,4438.46,6.767,6.844,0.0000062500,0.0000000000,1050.6,0.4
2026-09-05T15:57:49.348+00:00,B_sell_A_buy,14.3171,7.5171,4432.0,4432.1,5.7451,2.1407,4438.45,4438.46,6.767,6.824,0.0000062500,0.0000000000,1083.4,0.1
2026-09-05T15:57:49.449+00:00,B_sell_A_buy,14.3171,7.5171,4432.0,4432.1,5.7451,2.1407,4438.45,4438.46,6.712,6.824,0.0000062500,0.0000000000,1184.8,0.3
2026-09-05T15:57:49.449+00:00,B_sell_A_buy,14.3171,7.5171,4432.0,4432.1,5.7451,2.1407,4438.45,4438.46,6.375,6.824,0.0000062500,0.0000000000,1184.9,0.3
2026-09-05T15:57:49.449+00:00,B_sell_A_buy,14.3171,7.5171,4432.0,4432.1,5.7451,2.1407,4438.45,4438.46,6.375,6.487,0.0000062500,0.0000000000,1184.9,0.4
2026-09-05T15:57:49.449+00:00,B_sell_A_buy,14.3171,7.5171,4432.0,4432.1,5.7451,2.1407,4438.45,4438.46,6.375,6.432,0.0000062500,0.0000000000,1184.9,0.4
2026-09-05T15:57:49.544+00:00,B_sell_A_buy,14.3171,7.5171,4432.0,4432.1,5.7451,2.1407,4438.45,4438.46,6.038,6.432,0.0000062500,0.0000000000,1279.9,0.3
2026-09-05T15:57:49.544+00:00,B_sell_A_buy,14.3171,7.5171,4432.0,4432.1,5.7451,2.1407,4438.45,4438.46,6.038,6.095,0.0000062500,0.0000000000,1280.0,0.4
2026-09-05T15:57:49.655+00:00,B_sell_A_buy,14.3171,7.5171,4432.0,4432.1,5.7451,2.1407,4438.45,4438.46,6.038,5.758,0.0000062500,0.0000000000,1390.6,0.2
2026-09-05T15:57:49.655+00:00,B_sell_A_buy,14.3171,7.5171,4432.0,4432.1,5.7451,2.1407,4438.45,4438.46,5.701,5.758,0.0000062500,0.0000000000,1390.8,0.3
2026-09-05T15:57:49.757+00:00,B_sell_A_buy,14.3171,7.5171,4432.0,4432.1,4.8699,2.1407,4438.45,4438.46,5.701,5.758,0.0000062500,0.0000000000,0.3,102.3
2026-09-05T15:57:49.802+00:00,B_sell_A_buy,14.3171,7.5171,4432.0,4432.1,4.8699,2.1407,4438.45,4438.46,5.364,5.758,0.0000062500,0.0000000000,44.6,0.2
2026-09-05T15:57:49.802+00:00,B_sell_A_buy,14.3171,7.5171,4432.0,4432.1,4.8699,2.1407,4438.45,4438.46,5.364,5.421,0.0000062500,0.0000000000,44.8,0.4
2026-09-05T15:57:49.855+00:00,B_sell_A_buy,14.3171,7.5171,4432.0,4432.1,4.8699,2.1407,4438.45,4438.46,5.364,5.358,0.0000062500,0.0000000000,98.2,0.3
2026-09-05T15:57:49.858+00:00,B_sell_A_buy,14.3171,7.5171,4432.0,4432.1,4.8699,2.1407,4438.45,4438.46,5.309,5.358,0.0000062500,0.0000000000,101.1,0.0
2026-09-05T15:57:49.858+00:00,B_sell_A_buy,14.3171,7.5171,4432.0,4432.1,4.8699,2.1407,4438.45,4438.46,5.246,5.358,0.0000062500,0.0000000000,101.1,0.1
2026-09-05T15:57:49.900+00:00,B_sell_A_buy,14.3171,7.5171,4432.0,4432.1,4.8699,2.1407,4438.45,4438.46,5.191,5.358,0.0000062500,0.0000000000,143.5,0.1
2026-09-05T15:57:49.900+00:00,B_sell_A_buy,14.3171,7.5171,4432.0,4432.1,4.8699,2.1407,4438.45,4438.46,4.854,5.358,0.0000062500,0.0000000000,143.6,0.2
2026-09-05T15:57:49.900+00:00,B_sell_A_buy,14.3171,7.5171,4432.0,4432.1,4.8699,2.1407,4438.45,4438.46,4.854,5.021,0.0000062500,0.0000000000,143.6,0.2
2026-09-05T15:57:50.000+00:00,B_sell_A_buy,14.3171,7.5171,4432.0,4432.1,4.8699,2.1407,4438.45,4438.46,4.854,4.684,0.0000062500,0.0000000000,242.9,0.3
2026-09-05T15:57:50.000+00:00,B_sell_A_buy,14.3171,7.5171,4432.0,4432.1,4.8699,2.1407,4438.45,4438.46,4.517,4.684,0.0000062500,0.0000000000,243.1,0.4
2026-09-05T15:57:50.047+00:00,B_sell_A_buy,14.3171,7.5171,4432.0,4432.1,4.8699,2.1407,4438.45,4438.46,4.454,4.684,0.0000062500,0.0000000000,290.6,0.2
2026-09-05T15:57:50.050+00:00,B_sell_A_buy,14.3171,7.5171,4432.0,4432.1,4.8699,2.1407,4438.45,4438.46,4.454,4.621,0.0000062500,0.0000000000,293.1,0.1
2026-09-05T15:57:50.094+00:00,B_sell_A_buy,14.3171,7.5171,4432.0,4432.1,4.8699,2.1407,4438.45,4438.46,4.454,4.566,0.0000062500,0.0000000000,336.5,0.3
2026-09-05T15:57:50.094+00:00,B_sell_A_buy,14.3171,7.5171,4432.0,4432.1,4.8699,2.1407,4438.45,4438.46,4.454,4.229,0.0000062500,0.0000000000,336.7,0.4
2026-09-05T15:57:50.094+00:00,B_sell_A_buy,14.3171,7.5171,4432.0,4432.1,4.8699,2.1407,4438.45,4438.46,4.117,4.229,0.0000062500,0.0000000000,336.7,0.4
2026-09-05T15:57:50.141+00:00,B_sell_A_buy,14.3171,7.5171,4432.0,4432.1,4.8699,2.1407,4438.45,4438.46,19.489,4.229,0.0000062500,0.0000000000,383.7,0.3
2026-09-05T15:57:50.161+00:00,B_sell_A_buy,14.3171,7.5171,4432.0,4432.1,5.76,2.1407,4438.45,4438.46,19.489,4.229,0.0000062500,0.0000000000,0.2,20.5
2026-09-05T15:57:50.207+00:00,B_sell_A_buy,14.3171,7.5171,4432.0,4432.1,5.76,2.1407,4438.45,4438.46,19.489,3.892,0.0000062500,0.0000000000,46.2,0.2
2026-09-05T15:57:50.207+00:00,B_sell_A_buy,14.3171,7.5171,4432.0,4432.1,5.76,2.1407,4438.45,4438.46,19.152,3.892,0.0000062500,0.0000000000,46.4,0.4
2026-09-05T15:57:50.277+00:00,B_sell_A_buy,14.3171,7.5171,4432.0,4432.1,5.76,2.1407,4438.45,4438.46,15.633,3.892,0.0000062500,0.0000000000,117.2,0.3
2026-09-05T15:57:50.447+00:00,B_sell_A_buy,14.3171,7.5171,4432.0,4432.1,5.76,2.1407,4438.45,4438.46,15.613,3.892,0.0000062500,0.0000000000,286.8,0.2
2026-09-05T15:57:50.447+00:00,B_sell_A_buy,14.3171,7.5171,4432.0,4432.1,5.76,2.1407,4438.45,4438.46,15.613,3.555,0.0000062500,0.0000000000,287.0,0.4
2026-09-05T15:57:50.447+00:00,B_sell_A_buy,14.3171,7.5171,4432.0,4432.1,5.76,2.1407,4438.45,4438.46,15.276,3.555,0.0000062500,0.0000000000,287.0,0.4
2026-09-05T15:57:50.594+00:00,B_sell_A_buy,14.3171,7.5171,4432.0,4432.1,5.76,2.1407,4438.45,4438.46,18.856,3.555,0.0000062500,0.0000000000,433.9,0.2
2026-09-05T15:57:50.596+00:00,B_sell_A_buy,14.3171,7.5171,4432.0,4432.1,5.76,2.1407,4438.45,4438.46,18.519,3.555,0.0000062500,0.0000000000,435.7,0.2
2026-09-05T15:57:50.596+00:00,B_sell_A_buy,14.3171,7.5171,4432.0,4432.1,5.76,2.1407,4438.45,4438.46,18.519,3.218,0.0000062500,0.0000000000,435.8,0.2
2026-09-05T15:57:50.656+00:00,B_sell_A_buy,14.3171,7.5171,4432.0,4432.1,5.76,2.1407,4438.45,4438.46,18.519,4.485,0.0000062500,0.0000000000,496.1,0.2
2026-09-05T15:57:50.711+00:00,B_sell_A_buy,14.3171,7.5171,4432.0,4432.1,5.76,2.1407,4438.45,4438.46,18.519,4.148,0.0000062500,0.0000000000,549.6,0.2
2026-09-05T15:57:50.711+00:00,B_sell_A_buy,14.3171,7.5171,4432.0,4432.1,5.76,2.1407,4438.45,4438.46,18.182,4.148,0.0000062500,0.0000000000,549.7,0.2
2026-09-05T15:57:50.856+00:00,B_sell_A_buy,14.3171,7.5171,4432.0,4432.1,5.76,2.1407,4438.45,4438.46,17.845,4.148,0.0000062500,0.0000000000,695.2,0.3
2026-09-05T15:57:50.856+00:00,B_sell_A_buy,14.3171,7.5171,4432.0,4432.1,5.76,2.1407,4438.45,4438.46,17.845,3.811,0.0000062500,0.0000000000,695.5,0.5
2026-09-05T15:57:50.904+00:00,B_sell_A_buy,14.3171,7.5171,4432.0,4432.1,5.76,2.1407,4438.45,4438.46,17.845,3.751,0.0000062500,0.0000000000,743.4,0.1
2026-09-05T15:57:50.904+00:00,B_sell_A_buy,14.3171,7.5171,4432.0,4432.1,5.76,2.1407,4438.45,4438.46,17.785,3.751,0.0000062500,0.0000000000,743.5,0.2
2026-09-05T15:57:50.996+00:00,B_sell_A_buy,14.3171,7.5171,4432.0,4432.1,5.76,2.1407,4438.45,4438.46,17.785,15.156,0.0000062500,0.0000000000,835.5,0.2
2026-09-05T15:57:51.001+00:00,B_sell_A_buy,14.3171,7.5171,4432.0,4432.1,5.76,2.1407,4438.45,4438.46,17.785,14.819,0.0000062500,0.0000000000,840.6,0.1
2026-09-05T15:57:51.001+00:00,B_sell_A_buy,14.3171,7.5171,4432.0,4432.1,5.76,2.1407,4438.45,4438.46,17.448,14.819,0.0000062500,0.0000000000,840.6,0.1
2026-09-05T15:57:51.096+00:00,B_sell_A_buy,14.3171,7.5171,4432.0,4432.1,5.76,2.1407,4438.45,4438.46,17.448,14.759,0.0000062500,0.0000000000,935.7,0.2
2026-09-05T15:57:51.145+00:00,B_sell_A_buy,14.3171,7.5171,4432.0,4432.1,5.76,2.1407,4438.45,4438.46,17.388,14.759,0.0000062500,0.0000000000,984.2,0.3
2026-09-05T15:57:51.147+00:00,B_sell_A_buy,14.3171,7.5171,4432.0,4432.1,5.76,2.1407,4438.45,4438.46,17.388,14.695,0.0000062500,0.0000000000,985.9,0.1
2026-09-05T15:57:51.147+00:00,B_sell_A_buy,14.3171,7.5171,4432.0,4432.1,5.76,2.1407,4438.45,4438.46,16.262,14.695,0.0000062500,0.0000000000,985.9,0.1
2026-09-05T15:57:51.147+00:00,B_sell_A_buy,14.3171,7.5171,4432.0,4432.1,5.76,2.1407,4438.45,4438.46,16.198,14.695,0.0000062500,0.0000000000,986.0,0.1
2026-09-05T15:57:51.200+00:00,B_sell_A_buy,14.3171,7.5171,4432.0,4432.1,5.76,2.1407,4438.45,4438.46,15.861,14.695,0.0000062500,0.0000000000,1039.5,0.2
2026-09-05T15:57:51.200+00:00,B_sell_A_buy,14.3171,7.5171,4432.0,4432.1,5.76,2.1407,4438.45,4438.46,15.861,14.358,0.0000062500,0.0000000000,1039.6,0.3
2026-09-05T15:57:51.310+00:00,B_sell_A_buy,14.3171,7.5171,4432.0,4432.1,5.76,2.1407,4438.45,4438.46,15.797,14.358,0.0000062500,0.0000000000,1149.4,0.2
2026-09-05T15:57:51.312+00:00,B_sell_A_buy,14.3171,7.5171,4432.0,4432.1,5.76,2.1407,4438.45,4438.46,15.797,14.294,0.0000062500,0.0000000000,1151.3,0.1
2026-09-05T15:57:51.312+00:00,B_sell_A_buy,14.3171,7.5171,4432.0,4432.1,5.76,2.1407,4438.45,4438.46,15.797,13.957,0.0000062500,0.0000000000,1151.3,0.1
2026-09-05T15:57:51.312+00:00,B_sell_A_buy,14.3171,7.5171,4432.0,4432.1,5.76,2.1407,4438.45,4438.46,15.46,13.957,0.0000062500,0.0000000000,1151.4,0.1
2026-09-05T15:57:51.451+00:00,B_sell_A_buy,14.3171,7.5171,4432.0,4432.1,5.76,2.1407,4438.45,4438.46,15.46,13.937,0.0000062500,0.0000000000,1290.1,0.2
2026-09-05T15:57:51.453+00:00,B_sell_A_buy,14.3171,7.5171,4432.0,4432.1,5.76,2.1407,4438.45,4438.46,15.46,13.6,0.0000062500,0.0000000000,1291.8,0.0
2026-09-05T15:57:51.453+00:00,B_sell_A_buy,14.3171,7.5171,4432.0,4432.1,5.76,2.1407,4438.45,4438.46,15.123,13.6,0.0000062500,0.0000000000,1291.8,0.1
2026-09-05T15:57:51.549+00:00,B_sell_A_buy,14.3171,7.5171,4432.0,4432.1,5.76,2.1407,4438.45,4438.46,14.786,13.6,0.0000062500,0.0000000000,1388.8,0.2
2026-09-05T15:57:51.549+00:00,B_sell_A_buy,14.3171,7.5171,4432.0,4432.1,5.76,2.1407,4438.45,4438.46,14.786,13.263,0.0000062500,0.0000000000,1388.9,0.3
2026-09-05T15:57:51.696+00:00,B_sell_A_buy,14.3171,7.5171,4432.0,4432.1,5.76,2.1407,4438.45,4438.46,14.786,12.926,0.0000062500,0.0000000000,1535.8,0.3
2026-09-05T15:57:51.696+00:00,B_sell_A_buy,14.3171,7.5171,4432.0,4432.1,5.76,2.1407,4438.45,4438.46,14.449,12.926,0.0000062500,0.0000000000,1536.0,0.4
2026-09-05T15:57:51.810+00:00,B_sell_A_buy,14.3171,7.5171,4432.0,4432.1,5.76,2.1407,4438.45,4438.46,14.112,12.926,0.0000062500,0.0000000000,1649.3,0.3
2026-09-05T15:57:51.810+00:00,B_sell_A_buy,14.3171,7.5171,4432.0,4432.1,5.76,2.1407,4438.45,4438.46,14.112,12.589,0.0000062500,0.0000000000,1649.5,0.3
2026-09-05T15:57:51.903+00:00,B_sell_A_buy,14.3171,7.5171,4432.0,4432.1,5.76,2.1407,4438.45,4438.46,14.112,12.529,0.0000062500,0.0000000000,1742.6,0.3
2026-09-05T15:57:51.904+00:00,B_sell_A_buy,14.3171,7.5171,4432.0,4432.1,5.76,2.1407,4438.45,4438.46,14.052,12.529,0.0000062500,0.0000000000,1742.7,0.4
2026-09-05T15:57:51.957+00:00,B_sell_A_buy,14.3171,7.5171,4432.0,4432.1,5.76,2.1407,4438.45,4438.46,13.715,12.529,0.0000062500,0.0000000000,1796.4,0.3
2026-09-05T15:57:51.957+00:00,B_sell_A_buy,14.3171,7.5171,4432.0,4432.1,5.76,2.1407,4438.45,4438.46,13.715,12.192,0.0000062500,0.0000000000,1796.5,0.3
2026-09-05T15:57:51.999+00:00,B_sell_A_buy,14.3171,7.5171,4432.0,4432.1,5.76,2.1407,4438.45,4438.46,13.715,15.219,0.0000062500,0.0000000000,1838.3,0.3
2026-09-05T15:57:52.096+00:00,B_sell_A_buy,14.3171,7.5171,4432.0,4432.1,5.76,2.1407,4438.45,4438.46,13.655,15.219,0.0000062500,0.0000000000,1935.5,0.2
2026-09-05T15:57:52.096+00:00,B_sell_A_buy,14.3171,7.5171,4432.0,4432.1,5.76,2.1407,4438.45,4438.46,13.655,15.159,0.0000062500,0.0000000000,1935.6,0.3
2026-09-05T15:57:52.096+00:00,B_sell_A_buy,14.3171,7.5171,4432.0,4432.1,5.76,2.1407,4438.45,4438.46,13.655,14.822,0.0000062500,0.0000000000,1935.6,0.3
2026-09-05T15:57:52.096+00:00,B_sell_A_buy,14.3171,7.5171,4432.0,4432.1,5.76,2.1407,4438.45,4438.46,13.318,14.822,0.0000062500,0.0000000000,1935.7,0.3
2026-09-05T15:57:54.475+00:00,B_sell_A_buy,14.3171,7.5171,4432.0,4432.1,5.76,2.3663,4438.45,4438.46,16.792,8.424,0.0000062500,0.0000000000,0.3,61.7
2026-09-05T15:57:54.552+00:00,B_sell_A_buy,14.3171,7.5171,4432.0,4432.1,5.76,2.3663,4438.45,4438.46,16.792,8.087,0.0000062500,0.0000000000,77.5,0.2
2026-09-05T15:57:54.552+00:00,B_sell_A_buy,14.3171,7.5171,4432.0,4432.1,5.76,2.3663,4438.45,4438.46,16.772,8.087,0.0000062500,0.0000000000,77.6,0.3
2026-09-05T15:57:54.552+00:00,B_sell_A_buy,14.3171,7.5171,4432.0,4432.1,5.76,2.3663,4438.45,4438.46,16.435,8.087,0.0000062500,0.0000000000,77.7,0.3
2026-09-05T15:57:54.593+00:00,B_sell_A_buy,14.3171,7.5171,4432.0,4432.1,5.76,2.3663,4438.45,4438.46,15.04,8.087,0.0000062500,0.0000000000,118.3,0.1
2026-09-05T15:57:54.698+00:00,B_sell_A_buy,14.3171,7.5171,4432.0,4432.1,5.76,2.3663,4438.45,4438.46,14.703,8.087,0.0000062500,0.0000000000,223.7,0.2
2026-09-05T15:57:54.698+00:00,B_sell_A_buy,14.3171,7.5171,4432.0,4432.1,5.76,2.3663,4438.45,4438.46,14.703,7.75,0.0000062500,0.0000000000,223.8,0.2
2026-09-05T15:57:54.794+00:00,B_sell_A_buy,14.3171,7.5171,4432.0,4432.1,5.76,2.3663,4438.45,4438.46,14.703,7.413,0.0000062500,0.0000000000,320.0,0.2
2026-09-05T15:57:54.794+00:00,B_sell_A_buy,14.3171,7.5171,4432.0,4432.1,5.76,2.3663,4438.45,4438.46,14.366,7.413,0.0000062500,0.0000000000,320.2,0.3
2026-09-05T15:57:54.902+00:00,B_sell_A_buy,14.3171,7.5171,4432.0,4432.1,5.76,2.3663,4438.45,4438.46,17.786,7.413,0.0000062500,0.0000000000,428.4,0.3
2026-09-05T15:57:54.906+00:00,B_sell_A_buy,14.3171,7.5171,4432.0,4432.1,5.76,2.3663,4438.45,4438.46,17.786,7.364,0.0000062500,0.0000000000,431.4,0.1
2026-09-05T15:57:54.906+00:00,B_sell_A_buy,14.3171,7.5171,4432.0,4432.1,5.76,2.3663,4438.45,4438.46,17.737,7.364,0.0000062500,0.0000000000,431.5,0.1
2026-09-05T15:57:54.906+00:00,B_sell_A_buy,14.3171,7.5171,4432.0,4432.1,5.76,2.3663,4438.45,4438.46,17.4,7.364,0.0000062500,0.0000000000,431.5,0.2
2026-09-05T15:57:54.906+00:00,B_sell_A_buy,14.3171,7.5171,4432.0,4432.1,5.76,2.3663,4438.45,4438.46,17.4,7.027,0.0000062500,0.0000000000,431.5,0.2
2026-09-05T15:57:55.056+00:00,B_sell_A_buy,14.3171,7.5171,4432.0,4432.1,5.76,2.3663,4438.45,4438.46,17.4,10.585,0.0000062500,0.0000000000,581.4,0.2
2026-09-05T15:57:55.056+00:00,B_sell_A_buy,14.3171,7.5171,4432.0,4432.1,5.76,2.3663,4438.45,4438.46,17.063,10.585,0.0000062500,0.0000000000,581.5,0.3
2026-09-05T15:57:55.058+00:00,B_sell_A_buy,14.3171,7.5171,4432.0,4432.1,5.76,2.3663,4438.45,4438.46,17.063,10.248,0.0000062500,0.0000000000,583.1,0.1
2026-09-05T15:57:55.058+00:00,B_sell_A_buy,14.3171,7.5171,4432.0,4432.1,5.76,2.3663,4438.45,4438.46,17.063,6.69,0.0000062500,0.0000000000,583.2,0.1
2026-09-05T15:57:55.150+00:00,B_sell_A_buy,14.3171,7.5171,4432.0,4432.1,5.76,2.3663,4438.45,4438.46,17.014,6.69,0.0000062500,0.0000000000,675.8,0.3
2026-09-05T15:57:55.150+00:00,B_sell_A_buy,14.3171,7.5171,4432.0,4432.1,5.76,2.3663,4438.45,4438.46,17.014,6.641,0.0000062500,0.0000000000,676.0,0.4
2026-09-05T15:57:55.150+00:00,B_sell_A_buy,14.3171,7.5171,4432.0,4432.1,5.76,2.3663,4438.45,4438.46,17.014,6.578,0.0000062500,0.0000000000,676.0,0.4
2026-09-05T15:57:55.150+00:00,B_sell_A_buy,14.3171,7.5171,4432.0,4432.1,5.76,2.3663,4438.45,4438.46,16.951,6.578,0.0000062500,0.0000000000,676.0,0.4
2026-09-05T15:57:55.150+00:00,B_sell_A_buy,14.3171,7.5171,4432.0,4432.1,5.76,2.3663,4438.45,4438.46,16.614,6.578,0.0000062500,0.0000000000,676.0,0.5
2026-09-05T15:57:55.200+00:00,B_sell_A_buy,14.3171,7.5171,4432.0,4432.1,5.76,2.3663,4438.45,4438.46,15.488,6.578,0.0000062500,0.0000000000,726.4,0.2
2026-09-05T15:57:55.247+00:00,B_sell_A_buy,14.3171,7.5171,4432.0,4432.1,5.76,2.3663,4438.45,4438.46,15.488,6.241,0.0000062500,0.0000000000,772.9,0.1
2026-09-05T15:57:55.301+00:00,B_sell_A_buy,14.3171,7.5171,4432.0,4432.1,5.76,2.3663,4438.45,4438.46,15.488,18.145,0.0000062500,0.0000000000,827.5,0.3
2026-09-05T15:57:55.302+00:00,B_sell_A_buy,14.3171,7.5171,4432.0,4432.1,5.76,2.3663,4438.45,4438.46,16.755,18.145,0.0000062500,0.0000000000,827.7,0.4
2026-09-05T15:57:55.302+00:00,B_sell_A_buy,14.3171,7.5171,4432.0,4432.1,5.76,2.3663,4438.45,4438.46,16.755,18.082,0.0000062500,0.0000000000,827.8,0.5
2026-09-05T15:57:55.302+00:00,B_sell_A_buy,14.3171,7.5171,4432.0,4432.1,5.76,2.3663,4438.45,4438.46,16.692,18.082,0.0000062500,0.0000000000,827.8,0.5
2026-09-05T15:57:55.346+00:00,B_sell_A_buy,14.3171,7.5171,4432.0,4432.1,5.76,2.3663,4438.45,4438.46,16.692,17.745,0.0000062500,0.0000000000,871.8,0.3
2026-09-05T15:57:55.346+00:00,B_sell_A_buy,14.3171,7.5171,4432.0,4432.1,5.76,2.3663,4438.45,4438.46,16.355,17.745,0.0000062500,0.0000000000,872.0,0.4
2026-09-05T15:57:55.455+00:00,B_sell_A_buy,14.3171,7.5171,4432.0,4432.1,5.76,2.3663,4438.45,4438.46,16.355,19.012,0.0000062500,0.0000000000,980.6,0.2
2026-09-05T15:57:55.460+00:00,B_sell_A_buy,14.3171,7.5171,4432.0,4432.1,5.76,2.3663,4438.45,4438.46,16.018,19.012,0.0000062500,0.0000000000,985.7,0.1
2026-09-05T15:57:55.460+00:00,B_sell_A_buy,14.3171,7.5171,4432.0,4432.1,5.76,2.3663,4438.45,4438.46,16.018,18.675,0.0000062500,0.0000000000,985.7,0.1
2026-09-05T15:57:55.507+00:00,B_sell_A_buy,14.3171,7.5171,4432.0,4432.1,5.76,2.3663,4438.45,4438.46,16.018,18.655,0.0000062500,0.0000000000,1033.4,0.3
2026-09-05T15:57:55.557+00:00,B_sell_A_buy,14.3171,7.5171,4432.0,4432.1,5.76,2.3663,4438.45,4438.46,16.018,18.318,0.0000062500,0.0000000000,1082.5,0.1
2026-09-05T15:57:55.557+00:00,B_sell_A_buy,14.3171,7.5171,4432.0,4432.1,5.76,2.3663,4438.45,4438.46,15.681,18.318,0.0000062500,0.0000000000,1082.6,0.2
2026-09-05T15:57:55.703+00:00,B_sell_A_buy,14.3171,7.5171,4432.0,4432.1,5.76,2.3663,4438.45,4438.46,15.344,18.318,0.0000062500,0.0000000000,1228.9,0.3
2026-09-05T15:57:55.703+00:00,B_sell_A_buy,14.3171,7.5171,4432.0,4432.1,5.76,2.3663,4438.45,4438.46,15.344,17.981,0.0000062500,0.0000000000,1229.0,0.4
2026-09-05T15:57:55.797+00:00,B_sell_A_buy,14.3171,7.5171,4432.0,4432.1,5.76,2.3663,4438.45,4438.46,15.007,17.981,0.0000062500,0.0000000000,1322.8,0.2
2026-09-05T15:57:55.797+00:00,B_sell_A_buy,14.3171,7.5171,4432.0,4432.1,5.76,2.3663,4438.45,4438.46,15.007,17.644,0.0000062500,0.0000000000,1322.9,0.3
2026-09-05T15:57:55.959+00:00,B_sell_A_buy,14.3171,7.5171,4432.0,4432.1,5.76,2.3663,4438.45,4438.46,15.007,17.307,0.0000062500,0.0000000000,1484.8,0.2
2026-09-05T15:57:55.959+00:00,B_sell_A_buy,14.3171,7.5171,4432.0,4432.1,5.76,2.3663,4438.45,4438.46,14.67,17.307,0.0000062500,0.0000000000,1485.0,0.3
2026-09-05T15:57:56.119+00:00,B_sell_A_buy,14.3171,7.5171,4432.0,4432.1,5.76,2.3663,4438.45,4438.46,14.67,17.26,0.0000062500,0.0000000000,1645.2,0.2
2026-09-05T15:57:56.119+00:00,B_sell_A_buy,14.3171,7.5171,4432.0,4432.1,5.76,2.3663,4438.45,4438.46,14.67,17.199,0.0000062500,0.0000000000,1645.3,0.3
2026-09-05T15:57:56.119+00:00,B_sell_A_buy,14.3171,7.5171,4432.0,4432.1,5.76,2.3663,4438.45,4438.46,14.623,17.199,0.0000062500,0.0000000000,1645.3,0.4
2026-09-05T15:57:56.119+00:00,B_sell_A_buy,14.3171,7.5171,4432.0,4432.1,5.76,2.3663,4438.45,4438.46,14.562,17.199,0.0000062500,0.0000000000,1645.4,0.4
2026-09-05T15:57:56.119+00:00,B_sell_A_buy,14.3171,7.5171,4432.0,4432.1,5.76,2.3663,4438.45,4438.46,14.562,16.862,0.0000062500,0.0000000000,1645.4,0.4
2026-09-05T15:57:56.119+00:00,B_sell_A_buy,14.3171,7.5171,4432.0,4432.1,5.76,2.3663,4438.45,4438.46,14.225,16.862,0.0000062500,0.0000000000,1645.4,0.4
2026-09-05T15:57:56.187+00:00,B_sell_A_buy,14.3171,7.5171,4432.0,4432.1,5.76,2.3663,4438.45,4438.46,14.225,13.304,0.0000062500,0.0000000000,1713.3,0.3
2026-09-05T15:57:56.263+00:00,B_sell_A_buy,14.3171,7.5171,4432.0,4432.1,5.76,2.3663,4438.45,4438.46,13.888,13.304,0.0000062500,0.0000000000,1788.3,0.1
2026-09-05T15:57:56.266+00:00,B_sell_A_buy,14.3171,7.5171,4432.0,4432.1,5.76,2.3663,4438.45,4438.46,13.888,12.967,0.0000062500,0.0000000000,1791.3,0.1
2026-09-05T15:57:56.375+00:00,B_sell_A_buy,14.3171,7.5171,4432.0,4432.1,5.76,2.3663,4438.45,4438.46,13.841,12.967,0.0000062500,0.0000000000,1901.0,0.2
2026-09-05T15:57:56.375+00:00,B_sell_A_buy,14.3171,7.5171,4432.0,4432.1,5.76,2.3663,4438.45,4438.46,13.841,12.92,0.0000062500,0.0000000000,1901.1,0.3
2026-09-05T15:57:56.375+00:00,B_sell_A_buy,14.3171,7.5171,4432.0,4432.1,5.76,2.3663,4438.45,4438.46,13.841,12.859,0.0000062500,0.0000000000,1901.2,0.4
2026-09-05T15:57:56.375+00:00,B_sell_A_buy,14.3171,7.5171,4432.0,4432.1,5.76,2.3663,4438.45,4438.46,13.841,12.522,0.0000062500,0.0000000000,1901.2,0.4
2026-09-05T15:57:56.375+00:00,B_sell_A_buy,14.3171,7.5171,4432.0,4432.1,5.76,2.3663,4438.45,4438.46,13.504,12.522,0.0000062500,0.0000000000,1901.2,0.4
2026-09-05T15:57:56.399+00:00,B_sell_A_buy,14.3171,7.5171,4432.0,4432.1,5.76,2.3663,4438.45,4438.46,13.504,15.514,0.0000062500,0.0000000000,1924.8,0.1
2026-09-05T15:57:56.406+00:00,B_sell_A_buy,14.3171,7.5171,4432.0,4432.1,5.76,2.3663,4438.45,4438.46,13.443,15.514,0.0000062500,0.0000000000,1932.2,0.1
2026-09-05T15:58:00.822+00:00,B_sell_A_buy,14.3171,7.5171,4432.0,4432.1,5.76,2.1407,4438.45,4438.46,14.768,14.691,0.0000062500,0.0000000000,0.2,29.6
2026-09-05T15:58:00.905+00:00,B_sell_A_buy,14.3171,7.5171,4432.0,4432.1,5.76,2.1407,4438.45,4438.46,14.768,14.354,0.0000062500,0.0000000000,83.6,0.3
2026-09-05T15:58:00.905+00:00,B_sell_A_buy,14.3171,7.5171,4432.0,4432.1,5.76,2.1407,4438.45,4438.46,14.431,14.354,0.0000062500,0.0000000000,83.8,0.4
2026-09-05T15:58:01.004+00:00,B_sell_A_buy,14.3171,7.5171,4432.0,4432.1,5.76,2.1407,4438.45,4438.46,14.371,14.354,0.0000062500,0.0000000000,182.7,0.2
2026-09-05T15:58:01.004+00:00,B_sell_A_buy,14.3171,7.5171,4432.0,4432.1,5.76,2.1407,4438.45,4438.46,14.371,14.294,0.0000062500,0.0000000000,182.8,0.3
2026-09-05T15:58:01.052+00:00,B_sell_A_buy,14.3171,7.5171,4432.0,4432.1,5.76,2.1407,4438.45,4438.46,14.319,14.294,0.0000062500,0.0000000000,230.7,0.1
2026-09-05T15:58:01.106+00:00,B_sell_A_buy,14.3171,7.5171,4432.0,4432.1,5.76,2.1407,4438.45,4438.46,14.319,14.242,0.0000062500,0.0000000000,284.5,0.2
2026-09-05T15:58:01.151+00:00,B_sell_A_buy,14.3171,7.5171,4432.0,4432.1,5.76,2.1407,4438.45,4438.46,14.319,13.905,0.0000062500,0.0000000000,329.2,0.2
2026-09-05T15:58:01.151+00:00,B_sell_A_buy,14.3171,7.5171,4432.0,4432.1,5.76,2.1407,4438.45,4438.46,13.982,13.905,0.0000062500,0.0000000000,329.3,0.3
2026-09-05T15:58:01.255+00:00,B_sell_A_buy,14.3171,7.5171,4432.0,4432.1,5.76,2.1407,4438.45,4438.46,13.922,13.905,0.0000062500,0.0000000000,433.4,0.3
2026-09-05T15:58:01.255+00:00,B_sell_A_buy,14.3171,7.5171,4432.0,4432.1,5.76,2.1407,4438.45,4438.46,13.922,13.568,0.0000062500,0.0000000000,433.7,0.5
2026-09-05T15:58:01.256+00:00,B_sell_A_buy,14.3171,7.5171,4432.0,4432.1,5.76,2.1407,4438.45,4438.46,13.922,13.508,0.0000062500,0.0000000000,433.7,0.5
2026-09-05T15:58:01.256+00:00,B_sell_A_buy,14.3171,7.5171,4432.0,4432.1,5.76,2.1407,4438.45,4438.46,13.585,13.508,0.0000062500,0.0000000000,433.7,0.5
2026-09-05T15:58:01.293+00:00,B_sell_A_buy,14.3171,7.5171,4432.0,4432.1,5.76,2.1407,4438.45,4438.46,13.533,13.508,0.0000062500,0.0000000000,471.5,0.3
2026-09-05T15:58:01.293+00:00,B_sell_A_buy,14.3171,7.5171,4432.0,4432.1,5.76,2.1407,4438.45,4438.46,13.533,13.456,0.0000062500,0.0000000000,471.6,0.4
2026-09-05T15:58:01.355+00:00,B_sell_A_buy,14.3171,7.5171,4432.0,4432.1,5.76,2.1407,4438.45,4438.46,13.533,13.119,0.0000062500,0.0000000000,532.9,0.3
2026-09-05T15:58:01.458+00:00,B_sell_A_buy,14.3171,7.5171,4432.0,4432.1,5.76,2.1407,4438.45,4438.46,12.407,13.119,0.0000062500,0.0000000000,636.1,0.1
2026-09-05T15:58:01.458+00:00,B_sell_A_buy,14.3171,7.5171,4432.0,4432.1,5.76,2.1407,4438.45,4438.46,12.407,14.692,0.0000062500,0.0000000000,636.2,0.2
2026-09-05T15:58:01.458+00:00,B_sell_A_buy,14.3171,7.5171,4432.0,4432.1,5.76,2.1407,4438.45,4438.46,12.07,14.692,0.0000062500,0.0000000000,636.3,0.2
2026-09-05T15:58:01.458+00:00,B_sell_A_buy,14.3171,7.5171,4432.0,4432.1,5.76,2.1407,4438.45,4438.46,12.07,13.119,0.0000062500,0.0000000000,636.3,0.2
2026-09-05T15:58:01.553+00:00,B_sell_A_buy,14.3171,7.5171,4432.0,4432.1,5.76,2.1407,4438.45,4438.46,12.07,13.099,0.0000062500,0.0000000000,731.6,0.3
2026-09-05T15:58:01.556+00:00,B_sell_A_buy,14.3171,7.5171,4432.0,4432.1,5.76,2.1407,4438.45,4438.46,12.07,12.762,0.0000062500,0.0000000000,733.5,0.2
2026-09-05T15:58:01.556+00:00,B_sell_A_buy,14.3171,7.5171,4432.0,4432.1,5.76,2.1407,4438.45,4438.46,11.733,12.762,0.0000062500,0.0000000000,733.6,0.3
2026-09-05T15:58:01.697+00:00,B_sell_A_buy,14.3171,7.5171,4432.0,4432.1,5.76,2.1407,4438.45,4438.46,11.733,12.425,0.0000062500,0.0000000000,875.1,0.2
2026-09-05T15:58:01.697+00:00,B_sell_A_buy,14.3171,7.5171,4432.0,4432.1,5.76,2.1407,4438.45,4438.46,11.733,16.005,0.0000062500,0.0000000000,875.3,0.3
2026-09-05T15:58:01.697+00:00,B_sell_A_buy,14.3171,7.5171,4432.0,4432.1,5.76,2.1407,4438.45,4438.46,11.396,16.005,0.0000062500,0.0000000000,875.3,0.3
2026-09-05T15:58:01.699+00:00,B_sell_A_buy,14.3171,7.5171,4432.0,4432.1,5.76,2.1407,4438.45,4438.46,11.396,12.425,0.0000062500,0.0000000000,876.8,0.1
2026-09-05T15:58:01.806+00:00,B_sell_A_buy,14.3171,7.5171,4432.0,4432.1,5.76,2.1407,4438.45,4438.46,11.396,12.088,0.0000062500,0.0000000000,984.6,0.3
2026-09-05T15:58:01.806+00:00,B_sell_A_buy,14.3171,7.5171,4432.0,4432.1,5.76,2.1407,4438.45,4438.46,11.059,12.088,0.0000062500,0.0000000000,984.8,0.4
2026-09-05T15:58:01.951+00:00,B_sell_A_buy,14.3171,7.5171,4432.0,4432.1,5.76,2.1407,4438.45,4438.46,10.722,12.088,0.0000062500,0.0000000000,1129.5,0.3
2026-09-05T15:58:01.951+00:00,B_sell_A_buy,14.3171,7.5171,4432.0,4432.1,5.76,2.1407,4438.45,4438.46,10.722,11.751,0.0000062500,0.0000000000,1129.7,0.4
2026-09-05T15:58:02.050+00:00,B_sell_A_buy,14.3171,7.5171,4432.0,4432.1,5.76,2.1407,4438.45,4438.46,10.722,11.693,0.0000062500,0.0000000000,1228.3,0.3
2026-09-05T15:58:02.050+00:00,B_sell_A_buy,14.3171,7.5171,4432.0,4432.1,5.76,2.1407,4438.45,4438.46,10.385,11.693,0.0000062500,0.0000000000,1228.5,0.4
2026-09-05T15:58:02.050+00:00,B_sell_A_buy,14.3171,7.5171,4432.0,4432.1,5.76,2.1407,4438.45,4438.46,10.385,11.356,0.0000062500,0.0000000000,1228.5,0.4
2026-09-05T15:58:02.164+00:00,B_sell_A_buy,14.3171,7.5171,4432.0,4432.1,5.76,2.1407,4438.45,4438.46,10.336,11.356,0.0000062500,0.0000000000,1342.1,0.3
2026-09-05T15:58:02.164+00:00,B_sell_A_buy,14.3171,7.5171,4432.0,4432.1,5.76,2.1407,4438.45,4438.46,9.999,11.356,0.0000062500,0.0000000000,1342.3,0.4
2026-09-05T15:58:02.164+00:00,B_sell_A_buy,14.3171,7.5171,4432.0,4432.1,5.76,2.1407,4438.45,4438.46,9.999,11.019,0.0000062500,0.0000000000,1342.3,0.4
2026-09-05T15:58:02.164+00:00,B_sell_A_buy,14.3171,7.5171,4432.0,4432.1,5.76,2.1407,4438.45,4438.46,9.941,11.019,0.0000062500,0.0000000000,1342.3,0.4
2026-09-05T15:58:02.164+00:00,B_sell_A_buy,14.3171,7.5171,4432.0,4432.1,5.76,2.1407,4438.45,4438.46,9.941,10.97,0.0000062500,0.0000000000,1342.4,0.5
2026-09-05T15:58:02.255+00:00,B_sell_A_buy,14.3171,7.5171,4432.0,4432.1,5.76,2.1407,4438.45,4438.46,9.604,10.97,0.0000062500,0.0000000000,1433.6,0.3
2026-09-05T15:58:02.255+00:00,B_sell_A_buy,14.3171,7.5171,4432.0,4432.1,5.76,2.1407,4438.45,4438.46,9.604,10.633,0.0000062500,0.0000000000,1433.7,0.4
2026-09-05T15:58:02.352+00:00,B_sell_A_buy,14.3171,7.5171,4432.0,4432.1,5.76,2.1407,4438.45,4438.46,9.546,10.633,0.0000062500,0.0000000000,1529.6,0.3
2026-09-05T15:58:02.352+00:00,B_sell_A_buy,14.3171,7.5171,4432.0,4432.1,5.76,2.1407,4438.45,4438.46,9.546,10.575,0.0000062500,0.0000000000,1529.7,0.4
2026-09-05T15:58:02.352+00:00,B_sell_A_buy,14.3171,7.5171,4432.0,4432.1,5.76,2.1407,4438.45,4438.46,9.497,10.575,0.0000062500,0.0000000000,1529.8,0.4
2026-09-05T15:58:02.352+00:00,B_sell_A_buy,14.3171,7.5171,4432.0,4432.1,5.76,2.1407,4438.45,4438.46,9.497,10.526,0.0000062500,0.0000000000,1529.8,0.5
2026-09-05T15:58:02.355+00:00,B_sell_A_buy,14.3171,7.5171,4432.0,4432.1,5.76,2.1407,4438.45,4438.46,9.16,10.526,0.0000062500,0.0000000000,1532.5,0.1
2026-09-05T15:58:02.355+00:00,B_sell_A_buy,14.3171,7.5171,4432.0,4432.1,5.76,2.1407,4438.45,4438.46,9.16,10.189,0.0000062500,0.0000000000,1532.6,0.2
2026-09-05T15:58:02.500+00:00,B_sell_A_buy,14.3171,7.5171,4432.0,4432.1,5.76,2.1407,4438.45,4438.46,9.16,9.852,0.0000062500,0.0000000000,1678.5,0.2
2026-09-05T15:58:02.500+00:00,B_sell_A_buy,14.3171,7.5171,4432.0,4432.1,5.76,2.1407,4438.45,4438.46,8.823,9.852,0.0000062500,0.0000000000,1678.6,0.3
2026-09-05T15:58:02.648+00:00,B_sell_A_buy,14.3171,7.5171,4432.0,4432.1,5.76,2.1407,4438.45,4438.46,8.803,9.852,0.0000062500,0.0000000000,1826.7,0.2
2026-09-05T15:58:02.648+00:00,B_sell_A_buy,14.3171,7.5171,4432.0,4432.1,5.76,2.1407,4438.45,4438.46,8.466,9.852,0.0000062500,0.0000000000,1826.9,0.4
2026-09-05T15:58:02.649+00:00,B_sell_A_buy,14.3171,7.5171,4432.0,4432.1,5.76,2.1407,4438.45,4438.46,8.466,9.515,0.0000062500,0.0000000000,1826.9,0.5
2026-09-05T15:58:02.700+00:00,B_sell_A_buy,14.3171,7.5171,4432.0,4432.1,5.76,2.1407,4438.45,4438.46,8.466,7.942,0.0000062500,0.0000000000,1877.9,0.3
2026-09-05T15:58:02.761+00:00,B_sell_A_buy,14.3171,7.5171,4432.0,4432.1,5.76,2.1407,4438.45,4438.46,8.129,7.942,0.0000062500,0.0000000000,1938.8,0.2
2026-09-05T15:58:02.761+00:00,B_sell_A_buy,14.3171,7.5171,4432.0,4432.1,5.76,2.1407,4438.45,4438.46,8.129,7.605,0.0000062500,0.0000000000,1938.9,0.3
2026-09-05T15:58:02.805+00:00,B_sell_A_buy,14.3171,7.5171,4432.0,4432.1,5.76,2.1407,4438.45,4438.46,8.129,19.237,0.0000062500,0.0000000000,1982.9,0.3
2026-09-05T15:58:05.296+00:00,B_sell_A_buy,14.3171,7.5171,4432.0,4432.1,5.76,2.3663,4438.45,4438.46,15.848,13.948,0.0000062500,0.0000000000,0.2,140.2
2026-09-05T15:58:05.304+00:00,B_sell_A_buy,14.3171,7.5171,4432.0,4432.1,5.76,2.3663,4438.45,4438.46,15.848,13.886,0.0000062500,0.0000000000,7.3,0.2
2026-09-05T15:58:05.304+00:00,B_sell_A_buy,14.3171,7.5171,4432.0,4432.1,5.76,2.3663,4438.45,4438.46,15.511,13.886,0.0000062500,0.0000000000,7.5,0.4
2026-09-05T15:58:05.304+00:00,B_sell_A_buy,14.3171,7.5171,4432.0,4432.1,5.76,2.3663,4438.45,4438.46,15.511,13.549,0.0000062500,0.0000000000,7.6,0.4
2026-09-05T15:58:05.304+00:00,B_sell_A_buy,14.3171,7.5171,4432.0,4432.1,5.76,2.3663,4438.45,4438.46,15.449,13.549,0.0000062500,0.0000000000,7.6,0.4
2026-09-05T15:58:05.349+00:00,B_sell_A_buy,14.3171,7.5171,4432.0,4432.1,5.76,2.3663,4438.45,4438.46,15.389,13.549,0.0000062500,0.0000000000,52.8,0.2
2026-09-05T15:58:05.399+00:00,B_sell_A_buy,14.3171,7.5171,4432.0,4432.1,5.76,2.3663,4438.45,4438.46,14.263,13.549,0.0000062500,0.0000000000,102.6,0.3
2026-09-05T15:58:05.399+00:00,B_sell_A_buy,14.3171,7.5171,4432.0,4432.1,5.76,2.3663,4438.45,4438.46,14.263,13.489,0.0000062500,0.0000000000,102.8,0.4
2026-09-05T15:58:05.450+00:00,B_sell_A_buy,14.3171,7.5171,4432.0,4432.1,5.76,2.3663,4438.45,4438.46,13.926,13.489,0.0000062500,0.0000000000,154.0,0.1
2026-09-05T15:58:05.450+00:00,B_sell_A_buy,14.3171,7.5171,4432.0,4432.1,5.76,2.3663,4438.45,4438.46,13.926,13.152,0.0000062500,0.0000000000,154.1,0.2
2026-09-05T15:58:05.499+00:00,B_sell_A_buy,14.3171,7.5171,4432.0,4432.1,5.76,2.3663,4438.45,4438.46,13.864,13.152,0.0000062500,0.0000000000,202.7,0.3
2026-09-05T15:58:05.499+00:00,B_sell_A_buy,14.3171,7.5171,4432.0,4432.1,5.76,2.3663,4438.45,4438.46,13.864,13.09,0.0000062500,0.0000000000,202.8,0.4
2026-09-05T15:58:05.541+00:00,B_sell_A_buy,14.3171,7.5171,4432.0,4432.1,5.76,2.3663,4438.45,4438.46,12.291,13.09,0.0000062500,0.0000000000,245.1,0.2
2026-09-05T15:58:05.624+00:00,B_sell_A_buy,14.3171,7.5171,4432.0,4432.1,5.76,2.3663,4438.45,4438.46,12.231,13.09,0.0000062500,0.0000000000,327.7,0.2
2026-09-05T15:58:05.624+00:00,B_sell_A_buy,14.3171,7.5171,4432.0,4432.1,5.76,2.3663,4438.45,4438.46,12.231,12.753,0.0000062500,0.0000000000,327.9,0.3
2026-09-05T15:58:05.624+00:00,B_sell_A_buy,14.3171,7.5171,4432.0,4432.1,5.76,2.3663,4438.45,4438.46,11.894,12.753,0.0000062500,0.0000000000,327.9,0.3
2026-09-05T15:58:05.624+00:00,B_sell_A_buy,14.3171,7.5171,4432.0,4432.1,5.76,2.3663,4438.45,4438.46,11.894,12.693,0.0000062500,0.0000000000,327.9,0.4
2026-09-05T15:58:05.660+00:00,B_sell_A_buy,14.3171,7.5171,4432.0,4432.1,5.76,2.3663,4438.45,4438.46,11.894,12.673,0.0000062500,0.0000000000,363.5,0.2
2026-09-05T15:58:05.706+00:00,B_sell_A_buy,14.3171,7.5171,4432.0,4432.1,5.76,2.3663,4438.45,4438.46,11.557,12.673,0.0000062500,0.0000000000,409.7,0.2
2026-09-05T15:58:05.750+00:00,B_sell_A_buy,14.3171,7.5171,4432.0,4432.1,5.76,2.3663,4438.45,4438.46,11.557,12.336,0.0000062500,0.0000000000,453.5,0.1
2026-09-05T15:58:05.902+00:00,B_sell_A_buy,14.3171,7.5171,4432.0,4432.1,5.76,2.3663,4438.45,4438.46,11.557,11.999,0.0000062500,0.0000000000,605.6,0.3
2026-09-05T15:58:05.902+00:00,B_sell_A_buy,14.3171,7.5171,4432.0,4432.1,5.76,2.3663,4438.45,4438.46,11.22,11.999,0.0000062500,0.0000000000,605.7,0.4
2026-09-05T15:58:06.009+00:00,B_sell_A_buy,14.3171,7.5171,4432.0,4432.1,5.76,2.3663,4438.45,4438.46,10.883,11.999,0.0000062500,0.0000000000,712.2,0.3
2026-09-05T15:58:06.009+00:00,B_sell_A_buy,14.3171,7.5171,4432.0,4432.1,5.76,2.3663,4438.45,4438.46,10.883,11.662,0.0000062500,0.0000000000,712.4,0.4
2026-09-05T15:58:06.157+00:00,B_sell_A_buy,14.3171,7.5171,4432.0,4432.1,5.76,2.3663,4438.45,4438.46,10.546,11.662,0.0000062500,0.0000000000,860.6,0.2
2026-09-05T15:58:06.205+00:00,B_sell_A_buy,14.3171,7.5171,4432.0,4432.1,5.76,2.3663,4438.45,4438.46,10.546,11.325,0.0000062500,0.0000000000,908.4,0.1
2026-09-05T15:58:06.305+00:00,B_sell_A_buy,14.3171,7.5171,4432.0,4432.1,5.76,2.3663,4438.45,4438.46,10.209,11.325,0.0000062500,0.0000000000,1009.3,0.2
2026-09-05T15:58:06.306+00:00,B_sell_A_buy,14.3171,7.5171,4432.0,4432.1,5.76,2.3663,4438.45,4438.46,10.209,10.988,0.0000062500,0.0000000000,1009.4,0.3
2026-09-05T15:58:06.446+00:00,B_sell_A_buy,14.3171,7.5171,4432.0,4432.1,5.76,2.3663,4438.45,4438.46,10.209,10.939,0.0000062500,0.0000000000,1149.4,0.1
2026-09-05T15:58:06.446+00:00,B_sell_A_buy,14.3171,7.5171,4432.0,4432.1,5.76,2.3663,4438.45,4438.46,9.872,10.939,0.0000062500,0.0000000000,1149.5,0.2
2026-09-05T15:58:06.446+00:00,B_sell_A_buy,14.3171,7.5171,4432.0,4432.1,5.76,2.3663,4438.45,4438.46,9.872,10.602,0.0000062500,0.0000000000,1149.5,0.2
2026-09-05T15:58:06.505+00:00,B_sell_A_buy,14.3171,7.5171,4432.0,4432.1,5.76,2.3663,4438.45,4438.46,9.823,10.602,0.0000062500,0.0000000000,1209.0,0.3
2026-09-05T15:58:06.508+00:00,B_sell_A_buy,14.3171,7.5171,4432.0,4432.1,5.76,2.3663,4438.45,4438.46,6.243,10.602,0.0000062500,0.0000000000,1211.4,0.1
2026-09-05T15:58:06.558+00:00,B_sell_A_buy,14.3171,7.5171,4432.0,4432.1,5.76,2.3663,4438.45,4438.46,6.243,10.544,0.0000062500,0.0000000000,1261.3,0.1
2026-09-05T15:58:06.558+00:00,B_sell_A_buy,14.3171,7.5171,4432.0,4432.1,5.76,2.3663,4438.45,4438.46,6.185,10.544,0.0000062500,0.0000000000,1261.4,0.2
2026-09-05T15:58:06.558+00:00,B_sell_A_buy,14.3171,7.5171,4432.0,4432.1,5.76,2.3663,4438.45,4438.46,6.185,10.207,0.0000062500,0.0000000000,1261.5,0.3
2026-09-05T15:58:06.558+00:00,B_sell_A_buy,14.3171,7.5171,4432.0,4432.1,5.76,2.3663,4438.45,4438.46,5.848,10.207,0.0000062500,0.0000000000,1261.5,0.3
2026-09-05T15:58:06.706+00:00,B_sell_A_buy,14.3171,7.5171,4432.0,4432.1,5.76,2.3663,4438.45,4438.46,5.828,10.207,0.0000062500,0.0000000000,1409.6,0.3
2026-09-05T15:58:06.706+00:00,B_sell_A_buy,14.3171,7.5171,4432.0,4432.1,5.76,2.3663,4438.45,4438.46,5.828,9.87,0.0000062500,0.0000000000,1409.7,0.4
2026-09-05T15:58:06.706+00:00,B_sell_A_buy,14.3171,7.5171,4432.0,4432.1,5.76,2.3663,4438.45,4438.46,5.491,9.87,0.0000062500,0.0000000000,1409.7,0.4
2026-09-05T15:58:06.747+00:00,B_sell_A_buy,14.3171,7.5171,4432.0,4432.1,5.76,2.3663,4438.45,4438.46,5.433,9.87,0.0000062500,0.0000000000,1451.0,0.2
2026-09-05T15:58:06.747+00:00,B_sell_A_buy,14.3171,7.5171,4432.0,4432.1,5.76,2.3663,4438.45,4438.46,5.433,9.812,0.0000062500,0.0000000000,1451.1,0.2
2026-09-05T15:58:06.798+00:00,B_sell_A_buy,14.3171,7.5171,4432.0,4432.1,5.76,2.3663,4438.45,4438.46,5.384,9.812,0.0000062500,0.0000000000,1501.4,0.1
2026-09-05T15:58:06.798+00:00,B_sell_A_buy,14.3171,7.5171,4432.0,4432.1,5.76,2.3663,4438.45,4438.46,5.384,9.763,0.0000062500,0.0000000000,1501.5,0.2
2026-09-05T15:58:06.842+00:00,B_sell_A_buy,14.3171,7.5171,4432.0,4432.1,5.76,2.3663,4438.45,4438.46,5.047,9.763,0.0000062500,0.0000000000,1546.0,0.3
2026-09-05T15:58:06.842+00:00,B_sell_A_buy,14.3171,7.5171,4432.0,4432.1,5.76,2.3663,4438.45,4438.46,5.047,9.426,0.0000062500,0.0000000000,1546.2,0.4
2026-09-05T15:58:07.010+00:00,B_sell_A_buy,14.3171,7.5171,4432.0,4432.1,5.76,2.3663,4438.45,4438.46,4.71,9.426,0.0000062500,0.0000000000,1714.4,0.3
2026-09-05T15:58:07.010+00:00,B_sell_A_buy,14.3171,7.5171,4432.0,4432.1,5.76,2.3663,4438.45,4438.46,4.71,9.089,0.0000062500,0.0000000000,1714.6,0.4
2026-09-05T15:58:07.105+00:00,B_sell_A_buy,14.3171,7.5171,4432.0,4432.1,5.76,2.3663,4438.45,4438.46,4.373,9.089,0.0000062500,0.0000000000,1808.5,0.2
2026-09-05T15:58:07.105+00:00,B_sell_A_buy,14.3171,7.5171,4432.0,4432.1,5.76,2.3663,4438.45,4438.46,4.373,8.752,0.0000062500,0.0000000000,1808.7,0.4
2026-09-05T15:58:07.248+00:00,B_sell_A_buy,14.3171,7.5171,4432.0,4432.1,5.76,2.3663,4438.45,4438.46,4.373,8.415,0.0000062500,0.0000000000,1951.3,0.2
2026-09-05T15:58:07.248+00:00,B_sell_A_buy,14.3171,7.5171,4432.0,4432.1,5.76,2.3663,4438.45,4438.46,4.036,8.415,0.0000062500,0.0000000000,1951.5,0.3
2026-09-05T15:58:08.007+00:00,B_sell_A_buy,14.5649,7.7649,4432.0,4432.1,5.76,2.1407,4438.56,4438.57,16.522,1.605,0.0000062500,0.0000000000,0.2,0.3
2026-09-05T15:58:08.054+00:00,B_sell_A_buy,14.5649,7.7649,4432.0,4432.1,5.76,2.1407,4438.56,4438.57,16.185,1.605,0.0000062500,0.0000000000,48.2,0.3
2026-09-05T15:58:08.054+00:00,B_sell_A_buy,14.5649,7.7649,4432.0,4432.1,5.76,2.1407,4438.56,4438.57,16.185,1.268,0.0000062500,0.0000000000,48.5,0.5
2026-09-05T15:58:08.101+00:00,B_sell_A_buy,14.5649,7.7649,4432.0,4432.1,5.76,2.1407,4438.56,4438.57,16.185,2.535,0.0000062500,0.0000000000,94.3,0.2
2026-09-05T15:58:08.199+00:00,B_sell_A_buy,14.5649,7.7649,4432.0,4432.1,5.76,2.1407,4438.56,4438.57,16.185,2.198,0.0000062500,0.0000000000,193.1,0.2
2026-09-05T15:58:08.202+00:00,B_sell_A_buy,14.5649,7.7649,4432.0,4432.1,5.76,2.1407,4438.56,4438.57,15.848,2.198,0.0000062500,0.0000000000,195.0,0.1
2026-09-05T15:58:08.294+00:00,B_sell_A_buy,14.5649,7.7649,4432.0,4432.1,5.76,2.1407,4438.56,4438.57,15.511,2.198,0.0000062500,0.0000000000,288.0,0.2
2026-09-05T15:58:08.346+00:00,B_sell_A_buy,14.5649,7.7649,4432.0,4432.1,5.76,2.1407,4438.56,4438.57,16.778,2.198,0.0000062500,0.0000000000,339.5,0.3
2026-09-05T15:58:08.346+00:00,B_sell_A_buy,14.5649,7.7649,4432.0,4432.1,5.76,2.1407,4438.56,4438.57,18.468,2.198,0.0000062500,0.0000000000,339.6,0.4
2026-09-05T15:58:08.347+00:00,B_sell_A_buy,14.5649,7.7649,4432.0,4432.1,5.76,2.1407,4438.56,4438.57,18.468,1.861,0.0000062500,0.0000000000,341.1,0.1
2026-09-05T15:58:08.395+00:00,B_sell_A_buy,14.5649,7.7649,4432.0,4432.1,5.76,0.3384,4438.56,4438.57,18.468,1.861,0.0000062500,0.0000000000,0.3,47.3
2026-09-05T15:58:08.450+00:00,B_sell_A_buy,14.5649,7.7649,4432.0,4432.1,5.76,0.3384,4438.56,4438.57,18.468,1.524,0.0000062500,0.0000000000,55.5,0.2
2026-09-05T15:58:08.450+00:00,B_sell_A_buy,14.5649,7.7649,4432.0,4432.1,5.76,0.3384,4438.56,4438.57,18.131,1.524,0.0000062500,0.0000000000,55.7,0.3
2026-09-05T15:58:08.463+00:00,B_sell_A_buy,14.5649,7.7649,4432.0,4432.1,5.847,0.3384,4438.56,4438.57,18.131,1.524,0.0000062500,0.0000000000,0.1,12.6
2026-09-05T15:58:08.545+00:00,B_sell_A_buy,14.5649,7.7649,4432.0,4432.1,5.847,0.3384,4438.56,4438.57,18.131,0.257,0.0000062500,0.0000000000,82.6,0.3
2026-09-05T15:58:08.545+00:00,B_sell_A_buy,14.5649,7.7649,4432.0,4432.1,5.847,0.3384,4438.56,4438.6,18.131,0.225,0.0000062500,0.0000000000,82.7,0.4
2026-09-05T15:58:08.549+00:00,B_sell_A_buy,14.5649,7.7649,4432.0,4432.1,5.847,0.3384,4438.56,4438.6,17.794,0.225,0.0000062500,0.0000000000,86.2,0.1
2026-09-05T15:58:08.549+00:00,B_sell_A_buy,14.5648,7.7648,4432.0,4432.1,5.847,0.3384,4438.56,4438.7,17.794,3.19,0.0000062500,0.0000000000,86.2,0.2
2026-09-05T15:58:08.639+00:00,B_sell_A_buy,14.5648,7.7648,4432.0,4432.1,5.847,0.3384,4438.56,4438.7,6.377,3.19,0.0000062500,0.0000000000,176.8,0.2
2026-09-05T15:58:08.639+00:00,B_sell_A_buy,14.5648,7.7648,4432.0,4432.1,5.847,0.3384,4438.56,4438.7,2.957,3.19,0.0000062500,0.0000000000,176.9,0.3
2026-09-05T15:58:08.640+00:00,B_sell_A_buy,14.5645,7.7645,4432.0,4432.1,5.847,0.3384,4438.56,4439.07,2.957,0.901,0.0000062500,0.0000000000,176.9,0.3
2026-09-05T15:58:08.642+00:00,B_sell_A_buy,14.5645,7.7645,4432.0,4432.1,5.847,0.3384,4438.56,4439.07,1.69,0.901,0.0000062500,0.0000000000,179.0,0.1
2026-09-05T15:58:08.644+00:00,B_sell_A_buy,14.5648,7.7648,4432.0,4432.1,5.847,0.3384,4438.56,4438.72,1.69,1.69,0.0000062500,0.0000000000,181.3,0.1
2026-09-05T15:58:08.644+00:00,B_sell_A_buy,14.5649,7.7649,4432.0,4432.1,5.847,0.3384,4438.56,4438.68,1.69,12.922,0.0000062500,0.0000000000,181.3,0.1
2026-09-05T15:58:08.644+00:00,B_sell_A_buy,14.5649,7.7649,4432.0,4432.1,5.847,0.3384,4438.56,4438.68,1.69,16.224,0.0000062500,0.0000000000,181.3,0.1
2026-09-05T15:58:08.686+00:00,B_sell_A_buy,14.5649,7.7649,4432.0,4432.1,5.847,0.3384,4438.56,4438.68,1.69,3.302,0.0000062500,0.0000000000,223.9,0.1
2026-09-05T15:58:08.686+00:00,B_sell_A_buy,14.5648,7.7648,4432.0,4432.1,5.847,0.3384,4438.56,4438.7,1.69,1.267,0.0000062500,0.0000000000,224.0,0.2
2026-09-05T15:58:08.691+00:00,B_sell_A_buy,14.5648,7.7648,4432.0,4432.1,5.847,0.3384,4438.56,4438.72,1.69,1.69,0.0000062500,0.0000000000,228.6,0.1
2026-09-05T15:58:08.691+00:00,B_sell_A_buy,14.5645,7.7645,4432.0,4432.1,5.847,0.3384,4438.56,4439.07,1.69,0.901,0.0000062500,0.0000000000,228.7,0.1
2026-09-05T15:58:08.691+00:00,B_sell_A_buy,14.5649,7.7649,4432.0,4432.1,5.847,0.3384,4438.56,4438.64,1.69,12.922,0.0000062500,0.0000000000,228.7,0.1
2026-09-05T15:58:08.691+00:00,B_sell_A_buy,14.5649,7.7649,4432.0,4432.1,5.847,0.3384,4438.56,4438.64,1.69,16.224,0.0000062500,0.0000000000,228.7,0.1
2026-09-05T15:58:08.696+00:00,B_sell_A_buy,14.5874,7.7874,4432.0,4432.1,5.847,0.3384,4438.57,4438.64,1.267,16.224,0.0000062500,0.0000000000,233.5,0.1
2026-09-05T15:58:08.754+00:00,B_sell_A_buy,14.5874,7.7874,4432.0,4432.1,5.847,0.3384,4438.57,4438.64,1.267,16.208,0.0000062500,0.0000000000,291.9,0.2
2026-09-05T15:58:08.802+00:00,B_sell_A_buy,14.5649,7.7649,4432.0,4432.1,5.847,0.3384,4438.56,4438.64,1.69,16.208,0.0000062500,0.0000000000,339.8,0.2
2026-09-05T15:58:08.901+00:00,B_sell_A_buy,14.7227,7.9227,4432.0,4432.1,5.847,0.3384,4438.63,4438.64,13.102,16.208,0.0000062500,0.0000000000,438.3,0.2
2026-09-05T15:58:08.901+00:00,B_sell_A_buy,14.7227,7.9227,4432.0,4432.1,5.847,0.3384,4438.63,4438.64,16.522,16.208,0.0000062500,0.0000000000,438.4,0.3
2026-09-05T15:58:09.049+00:00,B_sell_A_buy,14.7227,7.9227,4432.0,4432.1,5.847,0.3384,4438.63,4438.64,16.522,15.871,0.0000062500,0.0000000000,586.6,0.2
2026-09-05T15:58:09.049+00:00,B_sell_A_buy,14.7227,7.9227,4432.0,4432.1,5.847,0.3384,4438.63,4438.64,16.185,15.871,0.0000062500,0.0000000000,586.8,0.4
2026-09-05T15:58:09.220+00:00,B_sell_A_buy,14.7227,7.9227,4432.0,4432.1,5.847,0.3384,4438.63,4438.64,16.185,15.534,0.0000062500,0.0000000000,758.2,0.3
2026-09-05T15:58:09.220+00:00,B_sell_A_buy,14.7227,7.9227,4432.0,4432.1,5.847,0.3384,4438.63,4438.64,15.848,15.534,0.0000062500,0.0000000000,758.4,0.4
2026-09-05T15:58:09.356+00:00,B_sell_A_buy,14.7227,7.9227,4432.0,4432.1,5.847,0.3384,4438.63,4438.64,15.848,15.197,0.0000062500,0.0000000000,893.8,0.2
2026-09-05T15:58:09.356+00:00,B_sell_A_buy,14.7227,7.9227,4432.0,4432.1,5.847,0.3384,4438.63,4438.64,15.511,15.197,0.0000062500,0.0000000000,893.9,0.3
2026-09-05T15:58:09.453+00:00,B_sell_A_buy,14.7227,7.9227,4432.0,4432.1,5.847,0.3384,4438.63,4438.64,15.511,15.082,0.0000062500,0.0000000000,990.3,0.1
2026-09-05T15:58:09.507+00:00,B_sell_A_buy,14.7227,7.9227,4432.0,4432.1,5.847,0.3384,4438.63,4438.64,15.511,14.745,0.0000062500,0.0000000000,1044.6,0.3
2026-09-05T15:58:09.507+00:00,B_sell_A_buy,14.7227,7.9227,4432.0,4432.1,5.847,0.3384,4438.63,4438.64,15.174,14.745,0.0000062500,0.0000000000,1044.8,0.4
2026-09-05T15:58:09.649+00:00,B_sell_A_buy,14.7227,7.9227,4432.0,4432.1,5.847,0.3384,4438.63,4438.64,14.048,14.745,0.0000062500,0.0000000000,1187.3,0.3
2026-09-05T15:58:09.650+00:00,B_sell_A_buy,14.7227,7.9227,4432.0,4432.1,5.847,0.3384,4438.63,4438.64,14.048,14.408,0.0000062500,0.0000000000,1187.5,0.4
2026-09-05T15:58:09.650+00:00,B_sell_A_buy,14.7227,7.9227,4432.0,4432.1,5.847,0.3384,4438.63,4438.64,13.711,14.408,0.0000062500,0.0000000000,1187.5,0.4
2026-09-05T15:58:09.745+00:00,B_sell_A_buy,14.7227,7.9227,4432.0,4432.1,5.847,0.3384,4438.63,4438.64,13.711,14.395,0.0000062500,0.0000000000,1282.8,0.1
2026-09-05T15:58:09.745+00:00,B_sell_A_buy,14.7227,7.9227,4432.0,4432.1,5.847,0.3384,4438.63,4438.64,13.374,14.395,0.0000062500,0.0000000000,1282.9,0.2
2026-09-05T15:58:09.745+00:00,B_sell_A_buy,14.7227,7.9227,4432.0,4432.1,5.847,0.3384,4438.63,4438.64,13.374,14.058,0.0000062500,0.0000000000,1282.9,0.2
2026-09-05T15:58:09.844+00:00,B_sell_A_buy,14.7227,7.9227,4432.0,4432.1,5.847,0.3384,4438.63,4438.64,13.374,15.416,0.0000062500,0.0000000000,1381.5,0.3
2026-09-05T15:58:09.844+00:00,B_sell_A_buy,14.7227,7.9227,4432.0,4432.1,5.847,0.3384,4438.63,4438.64,13.374,14.058,0.0000062500,0.0000000000,1381.7,0.4
2026-09-05T15:58:09.909+00:00,B_sell_A_buy,14.7227,7.9227,4432.0,4432.1,5.847,0.3384,4438.63,4438.64,13.037,14.058,0.0000062500,0.0000000000,1446.5,0.2
2026-09-05T15:58:09.909+00:00,B_sell_A_buy,14.7227,7.9227,4432.0,4432.1,5.847,0.3384,4438.63,4438.64,13.037,13.721,0.0000062500,0.0000000000,1446.6,0.3
2026-09-05T15:58:09.951+00:00,B_sell_A_buy,14.7227,7.9227,4432.0,4432.1,5.847,0.3384,4438.63,4438.64,14.304,13.721,0.0000062500,0.0000000000,1488.6,0.3
2026-09-05T15:58:10.001+00:00,B_sell_A_buy,14.7227,7.9227,4432.0,4432.1,5.847,0.3384,4438.63,4438.64,15.994,13.721,0.0000062500,0.0000000000,1539.3,0.3
2026-09-05T15:58:10.001+00:00,B_sell_A_buy,14.7227,7.9227,4432.0,4432.1,5.847,0.3384,4438.63,4438.64,15.994,13.384,0.0000062500,0.0000000000,1539.4,0.4
2026-09-05T15:58:10.050+00:00,B_sell_A_buy,14.7227,7.9227,4432.0,4432.1,5.847,0.3384,4438.63,4438.64,15.657,13.384,0.0000062500,0.0000000000,1587.7,0.1
2026-09-05T15:58:10.147+00:00,B_sell_A_buy,14.7227,7.9227,4432.0,4432.1,5.847,0.3384,4438.63,4438.64,15.32,13.384,0.0000062500,0.0000000000,1685.0,0.3
2026-09-05T15:58:10.201+00:00,B_sell_A_buy,14.7227,7.9227,4432.0,4432.1,5.847,0.3384,4438.63,4438.64,15.32,13.047,0.0000062500,0.0000000000,1738.8,0.3
2026-09-05T15:58:10.356+00:00,B_sell_A_buy,14.7227,7.9227,4432.0,4432.1,5.847,0.3384,4438.63,4438.64,15.32,12.71,0.0000062500,0.0000000000,1893.6,0.3
2026-09-05T15:58:10.356+00:00,B_sell_A_buy,14.7227,7.9227,4432.0,4432.1,5.847,0.3384,4438.63,4438.64,14.983,12.71,0.0000062500,0.0000000000,1893.7,0.4
2026-09-05T15:58:11.037+00:00,B_sell_A_buy,14.7227,7.9227,4432.0,4432.1,5.6702,0.3384,4438.63,4438.64,13.635,11.351,0.0000062500,0.0000000000,0.3,132.8
2026-09-05T15:58:11.040+00:00,B_sell_A_buy,14.7227,7.9227,4432.0,4432.1,5.6702,0.3384,4438.63,4438.64,13.635,9.993,0.0000062500,0.0000000000,3.4,0.1
2026-09-05T15:58:11.053+00:00,B_sell_A_buy,14.7227,7.9227,4432.0,4432.1,5.6702,0.3384,4438.63,4438.64,13.298,9.993,0.0000062500,0.0000000000,16.2,0.1
2026-09-05T15:58:11.053+00:00,B_sell_A_buy,14.7227,7.9227,4432.0,4432.1,5.6702,0.3384,4438.63,4438.64,13.298,9.656,0.0000062500,0.0000000000,16.3,0.2
2026-09-05T15:58:11.098+00:00,B_sell_A_buy,14.7227,7.9227,4432.0,4432.1,5.6702,0.3384,4438.63,4438.64,13.298,10.579,0.0000062500,0.0000000000,60.7,0.3
2026-09-05T15:58:11.098+00:00,B_sell_A_buy,14.7227,7.9227,4432.0,4432.1,5.6702,0.3384,4438.63,4438.64,13.298,9.656,0.0000062500,0.0000000000,60.9,0.4
2026-09-05T15:58:11.215+00:00,B_sell_A_buy,14.7227,7.9227,4432.0,4432.1,5.6702,0.3384,4438.63,4438.64,13.298,9.319,0.0000062500,0.0000000000,177.8,0.3
2026-09-05T15:58:11.257+00:00,B_sell_A_buy,14.7227,7.9227,4432.0,4432.1,5.6702,0.3384,4438.63,4438.64,12.961,9.319,0.0000062500,0.0000000000,219.8,0.3
2026-09-05T15:58:11.308+00:00,B_sell_A_buy,14.7227,7.9227,4432.0,4432.1,5.6702,0.3384,4438.63,4438.64,12.961,12.723,0.0000062500,0.0000000000,270.8,0.2
2026-09-05T15:58:11.308+00:00,B_sell_A_buy,14.7227,7.9227,4432.0,4432.1,5.6702,0.3384,4438.63,4438.64,12.961,9.319,0.0000062500,0.0000000000,270.9,0.2
2026-09-05T15:58:11.406+00:00,B_sell_A_buy,14.7227,7.9227,4432.0,4432.1,5.6702,0.3384,4438.63,4438.64,12.902,9.319,0.0000062500,0.0000000000,368.5,0.3
2026-09-05T15:58:11.406+00:00,B_sell_A_buy,14.7227,7.9227,4432.0,4432.1,5.6702,0.3384,4438.63,4438.64,12.565,9.319,0.0000062500,0.0000000000,368.7,0.4
2026-09-05T15:58:11.406+00:00,B_sell_A_buy,14.7227,7.9227,4432.0,4432.1,5.6702,0.3384,4438.63,4438.64,12.565,8.982,0.0000062500,0.0000000000,368.7,0.4
2026-09-05T15:58:11.432+00:00,B_sell_A_buy,14.7227,7.9227,4432.0,4432.1,5.7822,0.3384,4438.63,4438.64,12.565,8.982,0.0000062500,0.0000000000,0.2,26.6
2026-09-05T15:58:11.448+00:00,B_sell_A_buy,14.7227,7.9227,4432.0,4432.1,5.7822,0.3384,4438.63,4438.64,12.565,8.923,0.0000062500,0.0000000000,16.8,0.3
2026-09-05T15:58:11.500+00:00,B_sell_A_buy,14.7227,7.9227,4432.0,4432.1,5.7822,0.3384,4438.63,4438.64,12.565,8.876,0.0000062500,0.0000000000,68.4,0.2
2026-09-05T15:58:11.500+00:00,B_sell_A_buy,14.7227,7.9227,4432.0,4432.1,5.7822,0.3384,4438.63,4438.64,12.518,8.876,0.0000062500,0.0000000000,68.5,0.3
2026-09-05T15:58:11.529+00:00,B_sell_A_buy,14.7227,7.9227,4432.0,4432.1,5.8529,0.3384,4438.63,4438.64,12.518,8.876,0.0000062500,0.0000000000,0.1,28.4
2026-09-05T15:58:11.544+00:00,B_sell_A_buy,14.7227,7.9227,4432.0,4432.1,5.8529,0.3384,4438.63,4438.64,12.518,8.539,0.0000062500,0.0000000000,14.9,0.1
2026-09-05T15:58:11.544+00:00,B_sell_A_buy,14.7227,7.9227,4432.0,4432.1,5.8529,0.3384,4438.63,4438.64,12.181,8.539,0.0000062500,0.0000000000,14.9,0.1
2026-09-05T15:58:11.611+00:00,B_sell_A_buy,14.7227,7.9227,4432.0,4432.1,5.8529,0.3384,4438.63,4438.64,12.122,8.539,0.0000062500,0.0000000000,82.6,0.2
2026-09-05T15:58:11.707+00:00,B_sell_A_buy,14.7227,7.9227,4432.0,4432.1,5.8529,0.3384,4438.63,4438.64,12.075,8.539,0.0000062500,0.0000000000,178.6,0.3
2026-09-05T15:58:11.707+00:00,B_sell_A_buy,14.7227,7.9227,4432.0,4432.1,5.8529,0.3384,4438.63,4438.64,12.075,8.48,0.0000062500,0.0000000000,178.8,0.3
2026-09-05T15:58:11.707+00:00,B_sell_A_buy,14.7227,7.9227,4432.0,4432.1,5.8529,0.3384,4438.63,4438.64,12.075,8.143,0.0000062500,0.0000000000,178.8,0.4
2026-09-05T15:58:11.707+00:00,B_sell_A_buy,14.7227,7.9227,4432.0,4432.1,5.8529,0.3384,4438.63,4438.64,11.738,8.143,0.0000062500,0.0000000000,178.8,0.4
2026-09-05T15:58:11.707+00:00,B_sell_A_buy,14.7227,7.9227,4432.0,4432.1,5.8529,0.3384,4438.63,4438.64,11.738,8.096,0.0000062500,0.0000000000,178.8,0.4
2026-09-05T15:58:11.857+00:00,B_sell_A_buy,14.7227,7.9227,4432.0,4432.1,5.8529,0.3384,4438.63,4438.64,11.738,8.087,0.0000062500,0.0000000000,328.6,0.3
2026-09-05T15:58:11.857+00:00,B_sell_A_buy,14.7227,7.9227,4432.0,4432.1,5.8529,0.3384,4438.63,4438.64,11.401,8.087,0.0000062500,0.0000000000,328.7,0.3
2026-09-05T15:58:11.857+00:00,B_sell_A_buy,14.7227,7.9227,4432.0,4432.1,5.8529,0.3384,4438.63,4438.64,11.401,7.75,0.0000062500,0.0000000000,328.8,0.4
2026-09-05T15:58:12.000+00:00,B_sell_A_buy,14.7227,7.9227,4432.0,4432.1,5.8529,0.3384,4438.63,4438.64,11.064,7.75,0.0000062500,0.0000000000,471.7,0.2
2026-09-05T15:58:12.000+00:00,B_sell_A_buy,14.7227,7.9227,4432.0,4432.1,5.8529,0.3384,4438.63,4438.64,11.064,7.413,0.0000062500,0.0000000000,471.9,0.4
2026-09-05T15:58:12.157+00:00,B_sell_A_buy,14.7227,7.9227,4432.0,4432.1,5.8529,0.3384,4438.63,4438.64,11.064,20.335,0.0000062500,0.0000000000,627.8,0.2
2026-09-05T15:58:12.161+00:00,B_sell_A_buy,14.7227,7.9227,4432.0,4432.1,5.8529,0.3384,4438.63,4438.64,11.064,19.998,0.0000062500,0.0000000000,632.2,0.1
2026-09-05T15:58:12.204+00:00,B_sell_A_buy,14.7227,7.9227,4432.0,4432.1,5.8529,0.3384,4438.63,4438.64,10.727,19.998,0.0000062500,0.0000000000,675.6,0.3
2026-09-05T15:58:12.248+00:00,B_sell_A_buy,14.7227,7.9227,4432.0,4432.1,5.8529,0.3384,4438.63,4438.64,10.727,19.075,0.0000062500,0.0000000000,719.9,0.3
2026-09-05T15:58:12.307+00:00,B_sell_A_buy,14.7227,7.9227,4432.0,4432.1,5.8529,0.3384,4438.63,4438.64,10.39,19.075,0.0000062500,0.0000000000,778.8,0.2
2026-09-05T15:58:12.307+00:00,B_sell_A_buy,14.7227,7.9227,4432.0,4432.1,5.8529,0.3384,4438.63,4438.64,10.39,18.738,0.0000062500,0.0000000000,778.9,0.2
2026-09-05T15:58:12.354+00:00,B_sell_A_buy,14.7227,7.9227,4432.0,4432.1,5.8529,0.3384,4438.63,4438.64,10.326,18.738,0.0000062500,0.0000000000,825.9,0.3
2026-09-05T15:58:12.402+00:00,B_sell_A_buy,14.7227,7.9227,4432.0,4432.1,5.8529,0.3384,4438.63,4438.64,9.989,18.738,0.0000062500,0.0000000000,873.6,0.1
2026-09-05T15:58:12.402+00:00,B_sell_A_buy,14.7227,7.9227,4432.0,4432.1,5.8529,0.3384,4438.63,4438.64,9.989,18.401,0.0000062500,0.0000000000,873.7,0.2
2026-09-05T15:58:12.441+00:00,B_sell_A_buy,14.7227,7.9227,4432.0,4432.1,5.8529,0.3384,4438.63,4438.64,9.989,14.997,0.0000062500,0.0000000000,912.5,0.1
2026-09-05T15:58:12.451+00:00,B_sell_A_buy,14.7227,7.9227,4432.0,4432.1,5.8529,0.3384,4438.63,4438.64,9.989,14.933,0.0000062500,0.0000000000,922.0,0.1
2026-09-05T15:58:12.554+00:00,B_sell_A_buy,14.7227,7.9227,4432.0,4432.1,5.8529,0.3384,4438.63,4438.64,9.989,14.596,0.0000062500,0.0000000000,1025.3,0.3
2026-09-05T15:58:12.554+00:00,B_sell_A_buy,14.7227,7.9227,4432.0,4432.1,5.8529,0.3384,4438.63,4438.64,9.652,14.596,0.0000062500,0.0000000000,1025.4,0.3
2026-09-05T15:58:12.752+00:00,B_sell_A_buy,14.7227,7.9227,4432.0,4432.1,5.8529,0.3384,4438.63,4438.64,9.588,14.596,0.0000062500,0.0000000000,1223.3,0.3
2026-09-05T15:58:12.774+00:00,B_sell_A_buy,14.7227,7.9227,4432.0,4432.1,5.8529,0.3384,4438.63,4438.64,9.588,14.259,0.0000062500,0.0000000000,1245.2,0.2
2026-09-05T15:58:12.774+00:00,B_sell_A_buy,14.7227,7.9227,4432.0,4432.1,5.8529,0.3384,4438.63,4438.64,9.251,14.259,0.0000062500,0.0000000000,1245.3,0.2
2026-09-05T15:58:12.774+00:00,B_sell_A_buy,14.7227,7.9227,4432.0,4432.1,5.8529,0.3384,4438.63,4438.64,9.186,14.259,0.0000062500,0.0000000000,1245.3,0.3
2026-09-05T15:58:12.774+00:00,B_sell_A_buy,14.7227,7.9227,4432.0,4432.1,5.8529,0.3384,4438.63,4438.64,9.186,14.195,0.0000062500,0.0000000000,1245.4,0.3
2026-09-05T15:58:12.774+00:00,B_sell_A_buy,14.7227,7.9227,4432.0,4432.1,5.8529,0.3384,4438.63,4438.64,9.186,14.13,0.0000062500,0.0000000000,1245.4,0.3
2026-09-05T15:58:12.857+00:00,B_sell_A_buy,14.7227,7.9227,4432.0,4432.1,5.8529,0.3384,4438.63,4438.64,9.186,13.793,0.0000062500,0.0000000000,1328.4,0.2
2026-09-05T15:58:12.857+00:00,B_sell_A_buy,14.7227,7.9227,4432.0,4432.1,5.8529,0.3384,4438.63,4438.64,8.849,13.793,0.0000062500,0.0000000000,1328.5,0.3
2026-09-05T15:58:12.857+00:00,B_sell_A_buy,14.7227,7.9227,4432.0,4432.1,5.8529,0.3384,4438.63,4438.64,8.849,13.786,0.0000062500,0.0000000000,1328.6,0.4
2026-09-05T15:58:12.952+00:00,B_sell_A_buy,14.7227,7.9227,4432.0,4432.1,5.8529,0.3384,4438.63,4438.64,8.784,13.786,0.0000062500,0.0000000000,1423.6,0.3
2026-09-05T15:58:12.952+00:00,B_sell_A_buy,14.7227,7.9227,4432.0,4432.1,5.8529,0.3384,4438.63,4438.64,8.784,13.721,0.0000062500,0.0000000000,1423.8,0.4
2026-09-05T15:58:12.999+00:00,B_sell_A_buy,14.7227,7.9227,4432.0,4432.1,5.8529,0.3384,4438.63,4438.64,8.784,13.384,0.0000062500,0.0000000000,1470.1,0.1
2026-09-05T15:58:12.999+00:00,B_sell_A_buy,14.7227,7.9227,4432.0,4432.1,5.8529,0.3384,4438.63,4438.64,8.447,13.384,0.0000062500,0.0000000000,1470.2,0.2
2026-09-05T15:58:13.098+00:00,B_sell_A_buy,14.7227,7.9227,4432.0,4432.1,5.8529,0.3384,4438.63,4438.64,8.11,13.384,0.0000062500,0.0000000000,1569.3,0.2
2026-09-05T15:58:13.098+00:00,B_sell_A_buy,14.7227,7.9227,4432.0,4432.1,5.8529,0.3384,4438.63,4438.64,8.11,13.047,0.0000062500,0.0000000000,1569.4,0.3
2026-09-05T15:58:13.209+00:00,B_sell_A_buy,14.7227,7.9227,4432.0,4432.1,5.8529,0.3384,4438.63,4438.64,8.11,12.71,0.0000062500,0.0000000000,1681.4,0.3
2026-09-05T15:58:13.210+00:00,B_sell_A_buy,14.7227,7.9227,4432.0,4432.1,5.8529,0.3384,4438.63,4438.64,7.773,12.71,0.0000062500,0.0000000000,1681.6,0.4
2026-09-05T15:58:13.350+00:00,B_sell_A_buy,14.7227,7.9227,4432.0,4432.1,5.8529,0.3384,4438.63,4438.64,7.773,15.536,0.0000062500,0.0000000000,1821.7,0.3
2026-09-05T15:58:13.353+00:00,B_sell_A_buy,14.7227,7.9227,4432.0,4432.1,5.8529,0.3384,4438.63,4438.64,7.436,15.536,0.0000062500,0.0000000000,1824.4,0.1
2026-09-05T15:58:13.353+00:00,B_sell_A_buy,14.7227,7.9227,4432.0,4432.1,5.8529,0.3384,4438.63,4438.64,7.436,15.199,0.0000062500,0.0000000000,1824.5,0.2
2026-09-05T15:58:13.405+00:00,B_sell_A_buy,14.7227,7.9227,4432.0,4432.1,5.8529,0.3384,4438.63,4438.64,7.381,15.199,0.0000062500,0.0000000000,1877.2,0.1
2026-09-05T15:58:13.449+00:00,B_sell_A_buy,14.7227,7.9227,4432.0,4432.1,5.8529,0.3384,4438.63,4438.64,7.381,14.862,0.0000062500,0.0000000000,1921.0,0.2
2026-09-05T15:58:13.449+00:00,B_sell_A_buy,14.7227,7.9227,4432.0,4432.1,5.8529,0.3384,4438.63,4438.64,7.044,14.862,0.0000062500,0.0000000000,1921.1,0.3
2026-09-05T15:58:44.027+00:00,B_sell_A_buy,14.7227,7.9227,4432.0,4432.1,5.7659,0.3384,4438.63,4438.64,14.966,16.799,0.0000062500,0.0000000000,0.1,29.9
2026-09-05T15:58:44.110+00:00,B_sell_A_buy,14.7227,7.9227,4432.0,4432.1,5.7659,0.3384,4438.63,4438.64,14.966,16.746,0.0000062500,0.0000000000,82.9,0.3
2026-09-05T15:58:44.110+00:00,B_sell_A_buy,14.7227,7.9227,4432.0,4432.1,5.7659,0.3384,4438.63,4438.64,14.913,16.746,0.0000062500,0.0000000000,83.1,0.4
2026-09-05T15:58:44.110+00:00,B_sell_A_buy,14.7227,7.9227,4432.0,4432.1,5.7659,0.3384,4438.63,4438.64,14.576,16.746,0.0000062500,0.0000000000,83.1,0.4
2026-09-05T15:58:44.254+00:00,B_sell_A_buy,14.7227,7.9227,4432.0,4432.1,5.7659,0.3384,4438.63,4438.64,14.576,16.409,0.0000062500,0.0000000000,227.4,0.3
2026-09-05T15:58:44.254+00:00,B_sell_A_buy,14.7227,7.9227,4432.0,4432.1,5.7659,0.3384,4438.63,4438.64,14.239,16.409,0.0000062500,0.0000000000,227.5,0.4
2026-09-05T15:58:44.303+00:00,B_sell_A_buy,14.7227,7.9227,4432.0,4432.1,5.7659,0.3384,4438.63,4438.64,14.186,16.409,0.0000062500,0.0000000000,276.8,0.3
2026-09-05T15:58:44.303+00:00,B_sell_A_buy,14.7227,7.9227,4432.0,4432.1,5.7659,0.3384,4438.63,4438.64,14.186,16.356,0.0000062500,0.0000000000,276.9,0.4
2026-09-05T15:58:44.353+00:00,B_sell_A_buy,14.7227,7.9227,4432.0,4432.1,5.7659,0.3384,4438.63,4438.64,14.186,16.019,0.0000062500,0.0000000000,326.9,0.3
2026-09-05T15:58:44.353+00:00,B_sell_A_buy,14.7227,7.9227,4432.0,4432.1,5.7659,0.3384,4438.63,4438.64,13.849,16.019,0.0000062500,0.0000000000,327.1,0.4
2026-09-05T15:58:44.400+00:00,B_sell_A_buy,14.7227,7.9227,4432.0,4432.1,5.7659,0.3384,4438.63,4438.64,13.849,15.97,0.0000062500,0.0000000000,374.0,0.1
2026-09-05T15:58:44.400+00:00,B_sell_A_buy,14.7227,7.9227,4432.0,4432.1,5.7659,0.3384,4438.63,4438.64,13.8,15.97,0.0000062500,0.0000000000,374.1,0.2
2026-09-05T15:58:44.448+00:00,B_sell_A_buy,14.7227,7.9227,4432.0,4432.1,5.7659,0.3384,4438.63,4438.64,13.8,15.633,0.0000062500,0.0000000000,422.1,0.3
2026-09-05T15:58:44.448+00:00,B_sell_A_buy,14.7227,7.9227,4432.0,4432.1,5.7659,0.3384,4438.63,4438.64,13.463,15.633,0.0000062500,0.0000000000,422.2,0.4
2026-09-05T15:58:44.495+00:00,B_sell_A_buy,14.7227,7.9227,4432.0,4432.1,5.7659,0.3384,4438.63,4438.64,13.463,18.948,0.0000062500,0.0000000000,468.1,0.3
2026-09-05T15:58:44.551+00:00,B_sell_A_buy,14.7227,7.9227,4432.0,4432.1,5.7659,0.3384,4438.63,4438.64,13.414,18.948,0.0000062500,0.0000000000,524.0,0.3
2026-09-05T15:58:44.551+00:00,B_sell_A_buy,14.7227,7.9227,4432.0,4432.1,5.7659,0.3384,4438.63,4438.64,13.414,18.899,0.0000062500,0.0000000000,524.2,0.4
2026-09-05T15:58:44.551+00:00,B_sell_A_buy,14.7227,7.9227,4432.0,4432.1,5.7659,0.3384,4438.63,4438.64,13.414,18.562,0.0000062500,0.0000000000,524.2,0.4
2026-09-05T15:58:44.551+00:00,B_sell_A_buy,14.7227,7.9227,4432.0,4432.1,5.7659,0.3384,4438.63,4438.64,13.077,18.562,0.0000062500,0.0000000000,524.3,0.5
2026-09-05T15:58:44.661+00:00,B_sell_A_buy,14.7227,7.9227,4432.0,4432.1,5.7659,0.3384,4438.63,4438.64,16.221,18.562,0.0000062500,0.0000000000,634.1,0.3
2026-09-05T15:58:44.661+00:00,B_sell_A_buy,14.7227,7.9227,4432.0,4432.1,5.7659,0.3384,4438.63,4438.64,15.884,18.562,0.0000062500,0.0000000000,634.3,0.3
2026-09-05T15:58:44.661+00:00,B_sell_A_buy,14.7227,7.9227,4432.0,4432.1,5.7659,0.3384,4438.63,4438.64,15.884,18.225,0.0000062500,0.0000000000,634.3,0.4
2026-09-05T15:58:44.661+00:00,B_sell_A_buy,14.7227,7.9227,4432.0,4432.1,5.7659,0.3384,4438.63,4438.64,15.884,17.69,0.0000062500,0.0000000000,634.3,0.4
2026-09-05T15:58:44.811+00:00,B_sell_A_buy,14.7227,7.9227,4432.0,4432.1,5.7659,0.3384,4438.63,4438.64,15.884,17.353,0.0000062500,0.0000000000,785.2,0.3
2026-09-05T15:58:44.812+00:00,B_sell_A_buy,14.7227,7.9227,4432.0,4432.1,5.7659,0.3384,4438.63,4438.64,15.547,17.353,0.0000062500,0.0000000000,785.3,0.5
2026-09-05T15:58:44.953+00:00,B_sell_A_buy,14.7227,7.9227,4432.0,4432.1,5.7659,0.3384,4438.63,4438.64,15.547,17.016,0.0000062500,0.0000000000,926.9,0.3
2026-09-05T15:58:44.953+00:00,B_sell_A_buy,14.7227,7.9227,4432.0,4432.1,5.7659,0.3384,4438.63,4438.64,15.21,17.016,0.0000062500,0.0000000000,927.1,0.4
2026-09-05T15:58:45.052+00:00,B_sell_A_buy,14.7227,7.9227,4432.0,4432.1,5.7659,0.3384,4438.63,4438.64,14.873,17.016,0.0000062500,0.0000000000,1025.2,0.3
2026-09-05T15:58:45.052+00:00,B_sell_A_buy,14.7227,7.9227,4432.0,4432.1,5.7659,0.3384,4438.63,4438.64,14.873,16.679,0.0000062500,0.0000000000,1025.4,0.4
2026-09-05T15:58:45.150+00:00,B_sell_A_buy,14.7227,7.9227,4432.0,4432.1,5.7659,0.3384,4438.63,4438.64,16.14,16.679,0.0000062500,0.0000000000,1123.8,0.3
2026-09-05T15:58:45.199+00:00,B_sell_A_buy,14.7227,7.9227,4432.0,4432.1,5.7659,0.3384,4438.63,4438.64,15.803,16.679,0.0000062500,0.0000000000,1172.4,0.2
2026-09-05T15:58:45.199+00:00,B_sell_A_buy,14.7227,7.9227,4432.0,4432.1,5.7659,0.3384,4438.63,4438.64,15.803,16.342,0.0000062500,0.0000000000,1172.6,0.3
2026-09-05T15:58:45.310+00:00,B_sell_A_buy,14.7227,7.9227,4432.0,4432.1,5.7659,0.3384,4438.63,4438.64,15.803,16.294,0.0000062500,0.0000000000,1283.4,0.3
2026-09-05T15:58:45.358+00:00,B_sell_A_buy,14.7227,7.9227,4432.0,4432.1,5.7659,0.3384,4438.63,4438.64,15.755,16.294,0.0000062500,0.0000000000,1331.0,0.2
2026-09-05T15:58:45.415+00:00,B_sell_A_buy,14.7227,7.9227,4432.0,4432.1,5.7659,0.3384,4438.63,4438.64,15.418,16.294,0.0000062500,0.0000000000,1388.5,0.2
2026-09-05T15:58:45.415+00:00,B_sell_A_buy,14.7227,7.9227,4432.0,4432.1,5.7659,0.3384,4438.63,4438.64,15.418,15.957,0.0000062500,0.0000000000,1388.6,0.2
2026-09-05T15:58:45.460+00:00,B_sell_A_buy,14.7227,7.9227,4432.0,4432.1,5.7659,0.3384,4438.63,4438.64,15.369,15.957,0.0000062500,0.0000000000,1433.2,0.3
2026-09-05T15:58:45.557+00:00,B_sell_A_buy,14.7227,7.9227,4432.0,4432.1,5.7659,0.3384,4438.63,4438.64,15.321,15.957,0.0000062500,0.0000000000,1530.3,0.2
2026-09-05T15:58:45.559+00:00,B_sell_A_buy,14.7227,7.9227,4432.0,4432.1,5.7659,0.3384,4438.63,4438.64,15.321,15.62,0.0000062500,0.0000000000,1532.1,0.1
2026-09-05T15:58:45.559+00:00,B_sell_A_buy,14.7227,7.9227,4432.0,4432.1,5.7659,0.3384,4438.63,4438.64,14.984,15.62,0.0000062500,0.0000000000,1532.1,0.1
2026-09-05T15:58:45.559+00:00,B_sell_A_buy,14.7227,7.9227,4432.0,4432.1,5.7659,0.3384,4438.63,4438.64,14.984,15.572,0.0000062500,0.0000000000,1532.2,0.1
2026-09-05T15:58:45.651+00:00,B_sell_A_buy,14.7227,7.9227,4432.0,4432.1,5.7659,0.3384,4438.63,4438.64,14.984,15.523,0.0000062500,0.0000000000,1625.2,0.1
2026-09-05T15:58:45.652+00:00,B_sell_A_buy,14.7227,7.9227,4432.0,4432.1,5.7659,0.3384,4438.63,4438.64,14.647,15.523,0.0000062500,0.0000000000,1625.3,0.2
2026-09-05T15:58:45.652+00:00,B_sell_A_buy,14.7227,7.9227,4432.0,4432.1,5.7659,0.3384,4438.63,4438.64,14.647,15.186,0.0000062500,0.0000000000,1625.3,0.2
2026-09-05T15:58:45.750+00:00,B_sell_A_buy,14.7227,7.9227,4432.0,4432.1,5.7659,0.3384,4438.63,4438.64,14.647,14.849,0.0000062500,0.0000000000,1723.4,0.3
2026-09-05T15:58:45.797+00:00,B_sell_A_buy,14.7227,7.9227,4432.0,4432.1,5.7659,0.3384,4438.63,4438.64,14.31,14.849,0.0000062500,0.0000000000,1770.5,0.2
2026-09-05T15:58:45.850+00:00,B_sell_A_buy,14.7227,7.9227,4432.0,4432.1,5.7659,0.3384,4438.63,4438.64,14.261,14.849,0.0000062500,0.0000000000,1823.8,0.3
2026-09-05T15:58:45.850+00:00,B_sell_A_buy,14.7227,7.9227,4432.0,4432.1,5.7659,0.3384,4438.63,4438.64,10.758,14.849,0.0000062500,0.0000000000,1824.0,0.4
2026-09-05T15:58:45.850+00:00,B_sell_A_buy,14.7227,7.9227,4432.0,4432.1,5.7659,0.3384,4438.63,4438.64,10.758,14.8,0.0000062500,0.0000000000,1824.0,0.4
2026-09-05T15:58:45.897+00:00,B_sell_A_buy,14.7227,7.9227,4432.0,4432.1,5.7659,0.3384,4438.63,4438.64,10.421,14.8,0.0000062500,0.0000000000,1870.2,0.1
2026-09-05T15:58:45.897+00:00,B_sell_A_buy,14.7227,7.9227,4432.0,4432.1,5.7659,0.3384,4438.63,4438.64,10.421,14.463,0.0000062500,0.0000000000,1870.3,0.1
2026-09-05T15:59:08.604+00:00,B_sell_A_buy,14.7227,7.9227,4432.0,4432.1,5.7659,0.3357,4438.63,4438.64,3.532,9.548,0.0000062500,0.0000000000,0.2,56.9
2026-09-05T15:59:08.743+00:00,B_sell_A_buy,14.7227,7.9227,4432.0,4432.1,5.7659,0.3357,4438.63,4438.64,3.485,9.548,0.0000062500,0.0000000000,139.1,0.3
2026-09-05T15:59:08.808+00:00,B_sell_A_buy,14.7227,7.9227,4432.0,4432.1,5.7659,0.3357,4438.63,4438.64,3.485,9.501,0.0000062500,0.0000000000,204.7,0.3
2026-09-05T15:59:08.857+00:00,B_sell_A_buy,14.7227,7.9227,4432.0,4432.1,5.7659,0.3357,4438.63,4438.64,3.485,9.435,0.0000062500,0.0000000000,253.1,0.1
2026-09-05T15:59:08.857+00:00,B_sell_A_buy,14.7227,7.9227,4432.0,4432.1,5.7659,0.3357,4438.63,4438.64,3.419,9.435,0.0000062500,0.0000000000,253.2,0.2
2026-09-05T15:59:09.059+00:00,B_sell_A_buy,14.7227,7.9227,4432.0,4432.1,5.7659,0.3357,4438.63,4438.64,3.419,9.369,0.0000062500,0.0000000000,455.2,0.2
2026-09-05T15:59:09.059+00:00,B_sell_A_buy,14.7227,7.9227,4432.0,4432.1,5.7659,0.3357,4438.63,4438.64,3.353,9.369,0.0000062500,0.0000000000,455.3,0.3
2026-09-05T15:59:09.350+00:00,B_sell_A_buy,14.7227,7.9227,4432.0,4432.1,5.7659,0.3357,4438.63,4438.64,3.298,9.369,0.0000062500,0.0000000000,745.8,0.3
2026-09-05T15:59:09.558+00:00,B_sell_A_buy,14.7227,7.9227,4432.0,4432.1,5.7659,0.3357,4438.63,4438.64,3.298,5.894,0.0000062500,0.0000000000,954.5,0.3
2026-09-05T15:59:09.703+00:00,B_sell_A_buy,14.7227,7.9227,4432.0,4432.1,5.7659,0.3357,4438.63,4438.64,3.298,22.535,0.0000062500,0.0000000000,1099.7,0.3
2026-09-05T15:59:09.751+00:00,B_sell_A_buy,14.7227,7.9227,4432.0,4432.1,5.7659,0.3357,4438.63,4438.64,3.298,22.468,0.0000062500,0.0000000000,1147.3,0.1
2026-09-05T15:59:09.751+00:00,B_sell_A_buy,14.7227,7.9227,4432.0,4432.1,5.7659,0.3357,4438.63,4438.64,3.231,22.468,0.0000062500,0.0000000000,1147.4,0.2
2026-09-05T15:59:09.803+00:00,B_sell_A_buy,14.7227,7.9227,4432.0,4432.1,5.7659,0.3357,4438.63,4438.64,3.173,22.468,0.0000062500,0.0000000000,1199.5,0.3
2026-09-05T15:59:09.855+00:00,B_sell_A_buy,14.7227,7.9227,4432.0,4432.1,5.7659,0.3357,4438.63,4438.64,3.173,22.41,0.0000062500,0.0000000000,1251.7,0.3
2026-09-05T15:59:09.902+00:00,B_sell_A_buy,14.7227,7.9227,4432.0,4432.1,5.7659,0.3357,4438.63,4438.64,3.173,22.343,0.0000062500,0.0000000000,1298.2,0.2
2026-09-05T15:59:09.902+00:00,B_sell_A_buy,14.7227,7.9227,4432.0,4432.1,5.7659,0.3357,4438.63,4438.64,3.106,22.343,0.0000062500,0.0000000000,1298.3,0.3
2026-09-05T15:59:10.004+00:00,B_sell_A_buy,14.7227,7.9227,4432.0,4432.1,5.7659,0.3357,4438.63,4438.64,3.106,22.285,0.0000062500,0.0000000000,1400.0,0.2
2026-09-05T15:59:10.004+00:00,B_sell_A_buy,14.7227,7.9227,4432.0,4432.1,5.7659,0.3357,4438.63,4438.64,3.048,22.285,0.0000062500,0.0000000000,1400.1,0.3
2026-09-05T15:59:36.187+00:00,B_sell_A_buy,14.7227,7.9227,4432.0,4432.1,5.7095,0.3357,4438.63,4438.64,11.93,19.138,0.0000062500,0.0000000000,0.1,27.9
2026-09-05T15:59:36.206+00:00,B_sell_A_buy,14.7227,7.9227,4432.0,4432.1,5.7095,0.3357,4438.63,4438.64,11.93,19.085,0.0000062500,0.0000000000,19.9,0.3
2026-09-05T15:59:36.351+00:00,B_sell_A_buy,14.7227,7.9227,4432.0,4432.1,5.7095,0.3357,4438.63,4438.64,11.93,19.025,0.0000062500,0.0000000000,164.6,0.3
2026-09-05T15:59:36.352+00:00,B_sell_A_buy,14.7227,7.9227,4432.0,4432.1,5.7095,0.3357,4438.63,4438.64,11.87,19.025,0.0000062500,0.0000000000,164.8,0.5
2026-09-05T15:59:36.396+00:00,B_sell_A_buy,14.7227,7.9227,4432.0,4432.1,5.7095,0.3357,4438.63,4438.64,11.817,19.025,0.0000062500,0.0000000000,209.5,0.2
2026-09-05T15:59:36.446+00:00,B_sell_A_buy,14.7227,7.9227,4432.0,4432.1,5.7095,0.3357,4438.63,4438.64,11.817,18.972,0.0000062500,0.0000000000,258.8,0.2
2026-09-05T15:59:36.495+00:00,B_sell_A_buy,14.7227,7.9227,4432.0,4432.1,5.7095,0.3357,4438.63,4438.64,11.757,18.972,0.0000062500,0.0000000000,308.1,0.2
2026-09-05T15:59:36.495+00:00,B_sell_A_buy,14.7227,7.9227,4432.0,4432.1,5.7095,0.3357,4438.63,4438.64,11.757,18.912,0.0000062500,0.0000000000,308.2,0.4
2026-09-05T15:59:36.557+00:00,B_sell_A_buy,14.7227,7.9227,4432.0,4432.1,5.7095,0.3357,4438.63,4438.64,11.757,22.511,0.0000062500,0.0000000000,369.9,0.3
2026-09-05T15:59:37.160+00:00,B_sell_A_buy,14.7227,7.9227,4432.0,4432.1,5.7095,0.3357,4438.63,4438.64,11.695,22.511,0.0000062500,0.0000000000,973.3,0.3
2026-09-05T15:59:37.205+00:00,B_sell_A_buy,14.7227,7.9227,4432.0,4432.1,5.7095,0.3357,4438.63,4438.64,11.695,21.021,0.0000062500,0.0000000000,1018.7,0.3
2026-09-05T15:59:37.205+00:00,B_sell_A_buy,14.7227,7.9227,4432.0,4432.1,5.7095,0.3357,4438.63,4438.64,11.695,20.959,0.0000062500,0.0000000000,1018.9,0.4
2026-09-05T15:59:37.308+00:00,B_sell_A_buy,14.7227,7.9227,4432.0,4432.1,5.7095,0.3357,4438.63,4438.64,11.695,20.902,0.0000062500,0.0000000000,1121.8,0.3
2026-09-05T15:59:37.308+00:00,B_sell_A_buy,14.7227,7.9227,4432.0,4432.1,5.7095,0.3357,4438.63,4438.64,11.638,20.902,0.0000062500,0.0000000000,1121.9,0.4
2026-09-05T15:59:37.407+00:00,B_sell_A_buy,14.7227,7.9227,4432.0,4432.1,5.7095,0.3357,4438.63,4438.64,11.576,20.902,0.0000062500,0.0000000000,1219.6,0.2
2026-09-05T15:59:37.407+00:00,B_sell_A_buy,14.7227,7.9227,4432.0,4432.1,5.7095,0.3357,4438.63,4438.64,11.576,20.84,0.0000062500,0.0000000000,1219.7,0.3
2026-09-05T15:59:37.500+00:00,B_sell_A_buy,14.7227,7.9227,4432.0,4432.1,5.7095,0.3357,4438.63,4438.64,11.576,20.783,0.0000062500,0.0000000000,1313.1,0.3
2026-09-05T15:59:37.500+00:00,B_sell_A_buy,14.7227,7.9227,4432.0,4432.1,5.7095,0.3357,4438.63,4438.64,11.519,20.783,0.0000062500,0.0000000000,1313.2,0.4
2026-09-05T15:59:38.051+00:00,B_sell_A_buy,14.7227,7.9227,4432.0,4432.1,5.7095,0.3357,4438.63,4438.64,14.974,20.783,0.0000062500,0.0000000000,1864.7,0.3
2026-09-05T15:59:38.099+00:00,B_sell_A_buy,14.7227,7.9227,4432.0,4432.1,5.7095,0.3357,4438.63,4438.64,11.519,20.783,0.0000062500,0.0000000000,1912.3,0.2
2026-09-05T15:59:38.153+00:00,B_sell_A_buy,14.7227,7.9227,4432.0,4432.1,5.7095,0.3357,4438.63,4438.64,11.519,20.719,0.0000062500,0.0000000000,1966.4,0.2
2026-09-05T15:59:38.153+00:00,B_sell_A_buy,14.7227,7.9227,4432.0,4432.1,5.7095,0.3357,4438.63,4438.64,11.455,20.719,0.0000062500,0.0000000000,1966.5,0.3
2026-09-05T15:59:38.153+00:00,B_sell_A_buy,14.7227,7.9227,4432.0,4432.1,5.7095,0.3357,4438.63,4438.64,11.455,20.664,0.0000062500,0.0000000000,1966.6,0.3
2026-09-05T15:59:38.153+00:00,B_sell_A_buy,14.7227,7.9227,4432.0,4432.1,5.7095,0.3357,4438.63,4438.64,11.4,20.664,0.0000062500,0.0000000000,1966.6,0.3
2026-09-05T15:59:56.816+00:00,B_sell_A_buy,14.6776,7.8776,4432.0,4432.1,5.8469,0.3357,4438.61,4438.62,1.69,24.218,0.0000062500,0.0000000000,0.1,16.0
2026-09-05T15:59:56.912+00:00,B_sell_A_buy,14.6776,7.8776,4432.0,4432.1,5.8469,0.3357,4438.61,4438.62,1.63,24.218,0.0000062500,0.0000000000,95.7,0.2
2026-09-05T15:59:57.049+00:00,B_sell_A_buy,14.6325,7.8325,4432.0,4432.1,5.8469,0.3357,4438.59,4438.62,1.267,24.218,0.0000062500,0.0000000000,233.2,0.2
2026-09-05T15:59:57.143+00:00,B_sell_A_buy,14.6325,7.8325,4432.0,4432.1,5.8469,0.3357,4438.59,4438.62,1.267,20.139,0.0000062500,0.0000000000,327.4,0.3
2026-09-05T15:59:57.143+00:00,B_sell_A_buy,14.6325,7.8325,4432.0,4432.1,5.8469,0.3357,4438.59,4438.62,1.267,2.957,0.0000062500,0.0000000000,327.5,0.4
2026-09-05T15:59:57.148+00:00,B_sell_A_buy,14.6325,7.8325,4432.0,4432.1,5.8469,0.3357,4438.59,4438.61,1.267,17.178,0.0000062500,0.0000000000,332.4,0.1
2026-09-05T15:59:57.148+00:00,B_sell_A_buy,14.6325,7.8325,4432.0,4432.1,5.8469,0.3357,4438.59,4438.61,11.653,17.178,0.0000062500,0.0000000000,332.4,0.2
2026-09-05T15:59:57.148+00:00,B_sell_A_buy,14.6325,7.8325,4432.0,4432.1,5.8469,0.3357,4438.59,4438.61,11.653,21.257,0.0000062500,0.0000000000,332.5,0.2
2026-09-05T15:59:57.243+00:00,B_sell_A_buy,14.6325,7.8325,4432.0,4432.1,5.8469,0.3357,4438.59,4438.61,11.653,4.079,0.0000062500,0.0000000000,426.8,0.2
2026-09-05T15:59:57.243+00:00,B_sell_A_buy,14.6325,7.8325,4432.0,4432.1,5.8469,0.3357,4438.59,4438.62,11.653,2.957,0.0000062500,0.0000000000,426.9,0.3
2026-09-05T15:59:57.248+00:00,B_sell_A_buy,14.6325,7.8325,4432.0,4432.1,5.8469,0.3357,4438.59,4438.62,1.267,2.957,0.0000062500,0.0000000000,432.3,0.1
2026-09-05T15:59:57.248+00:00,B_sell_A_buy,14.6325,7.8325,4432.0,4432.1,5.8469,0.3357,4438.59,4438.6,1.267,17.178,0.0000062500,0.0000000000,432.3,0.2
2026-09-05T15:59:57.248+00:00,B_sell_A_buy,14.6325,7.8325,4432.0,4432.1,5.8469,0.3357,4438.59,4438.6,1.267,21.257,0.0000062500,0.0000000000,432.4,0.2
2026-09-05T15:59:57.298+00:00,B_sell_A_buy,14.6325,7.8325,4432.0,4432.1,5.8469,0.3357,4438.59,4438.6,4.38,21.257,0.0000062500,0.0000000000,481.9,0.1
2026-09-05T15:59:57.345+00:00,B_sell_A_buy,14.6325,7.8325,4432.0,4432.1,5.8469,0.3357,4438.59,4438.6,4.38,17.664,0.0000062500,0.0000000000,529.3,0.2
2026-09-05T15:59:57.457+00:00,B_sell_A_buy,14.6325,7.8325,4432.0,4432.1,5.8469,0.3357,4438.59,4438.6,14.766,17.664,0.0000062500,0.0000000000,640.9,0.2
2026-09-05T15:59:57.609+00:00,B_sell_A_buy,14.6325,7.8325,4432.0,4432.1,5.8469,0.3357,4438.59,4438.6,14.72,17.664,0.0000062500,0.0000000000,792.9,0.2
2026-09-05T15:59:57.946+00:00,B_sell_A_buy,14.6325,7.8325,4432.0,4432.1,5.8469,0.3357,4438.59,4438.6,13.164,17.664,0.0000062500,0.0000000000,1130.9,0.3
2026-09-05T15:59:57.947+00:00,B_sell_A_buy,14.6325,7.8325,4432.0,4432.1,5.8469,0.3357,4438.59,4438.6,14.72,17.664,0.0000062500,0.0000000000,1131.1,0.4
2026-09-05T15:59:58.303+00:00,B_sell_A_buy,14.6325,7.8325,4432.0,4432.1,5.8469,0.3357,4438.59,4438.6,14.72,18.931,0.0000062500,0.0000000000,1487.0,0.2
2026-09-05T16:00:23.620+00:00,B_sell_A_buy,14.6325,7.8325,4432.0,4432.1,5.8469,0.333,4438.59,4438.6,1.339,14.645,0.0000062500,0.0000000000,0.3,165.6
2026-09-05T16:00:23.665+00:00,B_sell_A_buy,14.6325,7.8325,4432.0,4432.1,5.8469,0.333,4438.59,4438.6,1.288,14.645,0.0000062500,0.0000000000,45.9,0.1
2026-09-05T16:00:23.665+00:00,B_sell_A_buy,14.6325,7.8325,4432.0,4432.1,5.8469,0.333,4438.59,4438.6,1.288,14.594,0.0000062500,0.0000000000,46.0,0.2
2026-09-05T16:00:23.764+00:00,B_sell_A_buy,14.5424,7.7424,4432.0,4432.1,5.8469,0.333,4438.55,4438.59,1.267,2.184,0.0000062500,0.0000000000,144.2,0.3
2026-09-05T16:00:23.764+00:00,B_sell_A_buy,14.6325,7.8325,4432.0,4432.1,5.8469,0.333,4438.59,4438.6,1.288,14.594,0.0000062500,0.0000000000,144.4,0.4
2026-09-05T16:00:23.901+00:00,B_sell_A_buy,14.6325,7.8325,4432.0,4432.1,5.8469,0.333,4438.59,4438.6,4.275,14.594,0.0000062500,0.0000000000,281.7,0.3
2026-09-05T16:00:23.903+00:00,B_sell_A_buy,14.6325,7.8325,4432.0,4432.1,5.8469,0.333,4438.59,4438.6,15.172,14.594,0.0000062500,0.0000000000,283.3,0.1
2026-09-05T16:00:24.003+00:00,B_sell_A_buy,14.6325,7.8325,4432.0,4432.1,5.8469,0.333,4438.59,4438.6,15.172,14.512,0.0000062500,0.0000000000,383.3,0.2
2026-09-05T16:00:24.354+00:00,B_sell_A_buy,14.6325,7.8325,4432.0,4432.1,5.8469,0.333,4438.59,4438.6,15.124,14.512,0.0000062500,0.0000000000,734.3,0.3
2026-09-05T16:00:24.354+00:00,B_sell_A_buy,14.6325,7.8325,4432.0,4432.1,5.8469,0.333,4438.59,4438.6,15.124,14.464,0.0000062500,0.0000000000,734.4,0.4
2026-09-05T16:00:24.557+00:00,B_sell_A_buy,14.6325,7.8325,4432.0,4432.1,5.8469,0.333,4438.59,4438.6,15.124,14.416,0.0000062500,0.0000000000,937.6,0.2
2026-09-05T16:00:24.598+00:00,B_sell_A_buy,14.6325,7.8325,4432.0,4432.1,5.8469,0.333,4438.59,4438.6,15.076,14.416,0.0000062500,0.0000000000,979.2,0.3
2026-09-05T16:00:24.708+00:00,B_sell_A_buy,14.6325,7.8325,4432.0,4432.1,5.8469,0.333,4438.59,4438.6,15.014,14.416,0.0000062500,0.0000000000,1089.1,0.2
2026-09-05T16:00:24.760+00:00,B_sell_A_buy,14.6325,7.8325,4432.0,4432.1,5.8469,0.333,4438.59,4438.6,15.014,14.354,0.0000062500,0.0000000000,1140.9,0.2
2026-09-05T16:00:24.897+00:00,B_sell_A_buy,14.6325,7.8325,4432.0,4432.1,5.8469,0.333,4438.59,4438.6,13.884,14.354,0.0000062500,0.0000000000,1277.3,0.3
2026-09-05T16:00:24.951+00:00,B_sell_A_buy,14.6325,7.8325,4432.0,4432.1,5.8469,0.333,4438.59,4438.6,13.822,14.354,0.0000062500,0.0000000000,1331.7,0.2
2026-09-05T16:00:25.148+00:00,B_sell_A_buy,14.6325,7.8325,4432.0,4432.1,5.8469,0.333,4438.59,4438.6,13.822,14.292,0.0000062500,0.0000000000,1528.4,0.2
2026-09-05T16:00:25.547+00:00,B_sell_A_buy,14.6325,7.8325,4432.0,4432.1,5.8469,0.333,4438.59,4438.6,17.282,14.292,0.0000062500,0.0000000000,1927.3,0.3
2026-09-05T16:00:25.547+00:00,B_sell_A_buy,14.6325,7.8325,4432.0,4432.1,5.8469,0.333,4438.59,4438.6,13.822,14.292,0.0000062500,0.0000000000,1927.5,0.4
2026-09-05T16:00:25.595+00:00,B_sell_A_buy,14.6325,7.8325,4432.0,4432.1,5.8469,0.333,4438.59,4438.6,13.822,14.23,0.0000062500,0.0000000000,1976.3,0.1
2026-09-05T16:00:25.595+00:00,B_sell_A_buy,14.6325,7.8325,4432.0,4432.1,5.8469,0.333,4438.59,4438.6,13.76,14.23,0.0000062500,0.0000000000,1976.4,0.1
2026-09-05T16:00:31.009+00:00,B_sell_A_buy,14.6325,7.8325,4432.0,4432.1,5.8469,0.1588,4438.59,4438.6,6.086,8.501,0.0000062500,0.0000000000,0.2,7.5
2026-09-05T16:00:31.114+00:00,B_sell_A_buy,14.6325,7.8325,4432.0,4432.1,5.8469,0.1588,4438.59,4438.6,6.086,8.454,0.0000062500,0.0000000000,105.8,0.3
2026-09-05T16:00:31.114+00:00,B_sell_A_buy,14.6325,7.8325,4432.0,4432.1,5.8469,0.1588,4438.59,4438.6,6.039,8.454,0.0000062500,0.0000000000,106.0,0.4
2026-09-05T16:00:31.304+00:00,B_sell_A_buy,14.6325,7.8325,4432.0,4432.1,5.8469,0.1588,4438.59,4438.6,5.992,8.454,0.0000062500,0.0000000000,295.5,0.3
2026-09-05T16:00:31.307+00:00,B_sell_A_buy,14.6325,7.8325,4432.0,4432.1,5.8469,0.1588,4438.59,4438.6,5.992,8.407,0.0000062500,0.0000000000,297.5,0.1
2026-09-05T16:00:31.665+00:00,B_sell_A_buy,14.6325,7.8325,4432.0,4432.1,5.8469,0.1588,4438.59,4438.6,5.992,8.354,0.0000062500,0.0000000000,656.3,0.3
2026-09-05T16:00:31.665+00:00,B_sell_A_buy,14.6325,7.8325,4432.0,4432.1,5.8469,0.1588,4438.59,4438.6,5.939,8.354,0.0000062500,0.0000000000,656.4,0.3
2026-09-05T16:00:31.854+00:00,B_sell_A_buy,14.6325,7.8325,4432.0,4432.1,5.8469,0.1588,4438.59,4438.6,5.886,8.354,0.0000062500,0.0000000000,844.9,0.3
2026-09-05T16:00:31.854+00:00,B_sell_A_buy,14.6325,7.8325,4432.0,4432.1,5.8469,0.1588,4438.59,4438.6,5.886,8.301,0.0000062500,0.0000000000,845.1,0.4
2026-09-05T16:00:31.947+00:00,B_sell_A_buy,14.6325,7.8325,4432.0,4432.1,5.8469,0.1588,4438.59,4438.6,5.835,8.301,0.0000062500,0.0000000000,939.1,0.3
2026-09-05T16:00:32.012+00:00,B_sell_A_buy,14.6325,7.8325,4432.0,4432.1,5.8469,0.1588,4438.59,4438.6,5.835,8.25,0.0000062500,0.0000000000,1003.4,0.3
2026-09-05T16:00:32.200+00:00,B_sell_A_buy,14.6325,7.8325,4432.0,4432.1,5.8469,0.1588,4438.59,4438.6,5.835,8.199,0.0000062500,0.0000000000,1191.3,0.2
2026-09-05T16:00:32.200+00:00,B_sell_A_buy,14.6325,7.8325,4432.0,4432.1,5.8469,0.1588,4438.59,4438.6,5.784,8.199,0.0000062500,0.0000000000,1191.5,0.3
2026-09-05T16:00:32.606+00:00,B_sell_A_buy,14.6325,7.8325,4432.0,4432.1,5.8469,0.1588,4438.59,4438.6,5.728,8.199,0.0000062500,0.0000000000,1597.7,0.3
2026-09-05T16:00:32.801+00:00,B_sell_A_buy,14.6325,7.8325,4432.0,4432.1,5.8469,0.1588,4438.59,4438.6,5.728,6.688,0.0000062500,0.0000000000,1792.2,0.2
2026-09-05T16:01:21.356+00:00,B_sell_A_buy,14.4974,7.6974,4432.0,4432.1,5.7095,0.1588,4438.53,4438.54,4.033,12.478,0.0000062500,0.0000000000,0.3,94.6
2026-09-05T16:01:21.359+00:00,B_sell_A_buy,14.4974,7.6974,4432.0,4432.1,5.7095,0.1588,4438.53,4438.54,4.033,11.163,0.0000062500,0.0000000000,3.0,0.2
2026-09-05T16:01:21.359+00:00,B_sell_A_buy,14.4974,7.6974,4432.0,4432.1,5.7095,0.1588,4438.53,4438.54,3.808,11.163,0.0000062500,0.0000000000,3.1,0.2
2026-09-05T16:01:21.359+00:00,B_sell_A_buy,14.4974,7.6974,4432.0,4432.1,5.7095,0.1588,4438.53,4438.54,3.808,10.938,0.0000062500,0.0000000000,3.2,0.2
2026-09-05T16:01:21.450+00:00,B_sell_A_buy,14.4974,7.6974,4432.0,4432.1,5.7095,0.1588,4438.53,4438.54,3.583,10.938,0.0000062500,0.0000000000,94.3,0.2
2026-09-05T16:01:21.450+00:00,B_sell_A_buy,14.4974,7.6974,4432.0,4432.1,5.7095,0.1588,4438.53,4438.54,3.583,10.713,0.0000062500,0.0000000000,94.4,0.3
2026-09-05T16:01:21.555+00:00,B_sell_A_buy,14.4974,7.6974,4432.0,4432.1,5.7095,0.1588,4438.53,4438.54,3.358,10.713,0.0000062500,0.0000000000,199.4,0.3
2026-09-05T16:01:21.555+00:00,B_sell_A_buy,14.4974,7.6974,4432.0,4432.1,5.7095,0.1588,4438.53,4438.54,3.358,10.488,0.0000062500,0.0000000000,199.6,0.5
2026-09-05T16:01:21.601+00:00,B_sell_A_buy,14.4974,7.6974,4432.0,4432.1,5.7095,0.1588,4438.53,4438.54,3.358,10.436,0.0000062500,0.0000000000,245.5,0.3
2026-09-05T16:01:21.602+00:00,B_sell_A_buy,14.4974,7.6974,4432.0,4432.1,5.7095,0.1588,4438.53,4438.54,3.306,10.436,0.0000062500,0.0000000000,245.7,0.5
2026-09-05T16:01:21.642+00:00,B_sell_A_buy,14.4523,7.6523,4432.0,4432.1,5.7095,0.1588,4438.51,4438.54,3.429,10.436,0.0000062500,0.0000000000,286.5,0.3
2026-09-05T16:01:21.646+00:00,B_sell_A_buy,14.4974,7.6974,4432.0,4432.1,5.7095,0.1588,4438.53,4438.54,10.359,10.436,0.0000062500,0.0000000000,290.1,0.2
2026-09-05T16:01:21.649+00:00,B_sell_A_buy,14.4974,7.6974,4432.0,4432.1,5.7095,0.1588,4438.53,4438.54,10.359,10.211,0.0000062500,0.0000000000,293.5,0.2
2026-09-05T16:01:21.650+00:00,B_sell_A_buy,14.4974,7.6974,4432.0,4432.1,5.7095,0.1588,4438.53,4438.54,10.134,10.211,0.0000062500,0.0000000000,293.6,0.3
2026-09-05T16:01:21.757+00:00,B_sell_A_buy,14.4974,7.6974,4432.0,4432.1,5.7095,0.1588,4438.53,4438.54,10.134,8.944,0.0000062500,0.0000000000,401.4,0.3
2026-09-05T16:01:21.813+00:00,B_sell_A_buy,14.4974,7.6974,4432.0,4432.1,5.7095,0.1588,4438.53,4438.54,10.082,8.944,0.0000062500,0.0000000000,457.7,0.3
2026-09-05T16:01:21.813+00:00,B_sell_A_buy,14.4974,7.6974,4432.0,4432.1,5.7095,0.1588,4438.53,4438.54,10.082,8.719,0.0000062500,0.0000000000,457.9,0.5
2026-09-05T16:01:21.813+00:00,B_sell_A_buy,14.4974,7.6974,4432.0,4432.1,5.7095,0.1588,4438.53,4438.54,9.857,8.719,0.0000062500,0.0000000000,458.0,0.5
2026-09-05T16:01:21.816+00:00,B_sell_A_buy,14.4974,7.6974,4432.0,4432.1,5.7095,0.1588,4438.53,4438.54,9.857,8.667,0.0000062500,0.0000000000,460.9,0.2
2026-09-05T16:01:21.856+00:00,B_sell_A_buy,14.4974,7.6974,4432.0,4432.1,5.7095,0.1588,4438.53,4438.54,9.857,9.934,0.0000062500,0.0000000000,500.3,0.3
2026-09-05T16:01:21.954+00:00,B_sell_A_buy,14.4974,7.6974,4432.0,4432.1,5.7095,0.1588,4438.53,4438.54,9.857,9.709,0.0000062500,0.0000000000,598.6,0.3
2026-09-05T16:01:21.955+00:00,B_sell_A_buy,14.4974,7.6974,4432.0,4432.1,5.7095,0.1588,4438.53,4438.54,9.632,9.709,0.0000062500,0.0000000000,598.8,0.5
2026-09-05T16:01:22.050+00:00,B_sell_A_buy,14.4974,7.6974,4432.0,4432.1,5.7095,0.1588,4438.53,4438.54,9.632,9.484,0.0000062500,0.0000000000,695.0,0.3
2026-09-05T16:01:22.050+00:00,B_sell_A_buy,14.4974,7.6974,4432.0,4432.1,5.7095,0.1588,4438.53,4438.54,9.407,9.484,0.0000062500,0.0000000000,695.2,0.4
2026-09-05T16:01:22.152+00:00,B_sell_A_buy,14.4974,7.6974,4432.0,4432.1,5.7095,0.1588,4438.53,4438.54,9.182,9.484,0.0000062500,0.0000000000,796.7,0.3
2026-09-05T16:01:22.153+00:00,B_sell_A_buy,14.4974,7.6974,4432.0,4432.1,5.7095,0.1588,4438.53,4438.54,9.182,9.259,0.0000062500,0.0000000000,796.8,0.4
2026-09-05T16:01:22.266+00:00,B_sell_A_buy,14.4974,7.6974,4432.0,4432.1,5.7095,0.1588,4438.53,4438.54,8.957,9.259,0.0000062500,0.0000000000,909.6,0.3
2026-09-05T16:01:22.266+00:00,B_sell_A_buy,14.4974,7.6974,4432.0,4432.1,5.7095,0.1588,4438.53,4438.54,8.957,9.034,0.0000062500,0.0000000000,909.7,0.4
2026-09-05T16:01:22.422+00:00,B_sell_A_buy,14.4974,7.6974,4432.0,4432.1,5.7095,0.1588,4438.53,4438.54,8.957,8.809,0.0000062500,0.0000000000,1065.9,0.3
2026-09-05T16:01:22.422+00:00,B_sell_A_buy,14.4974,7.6974,4432.0,4432.1,5.7095,0.1588,4438.53,4438.54,8.732,8.809,0.0000062500,0.0000000000,1066.1,0.5
2026-09-05T16:01:22.562+00:00,B_sell_A_buy,14.4974,7.6974,4432.0,4432.1,5.7095,0.1588,4438.53,4438.54,8.507,8.809,0.0000062500,0.0000000000,1205.6,0.4
2026-09-05T16:01:22.562+00:00,B_sell_A_buy,14.4974,7.6974,4432.0,4432.1,5.7095,0.1588,4438.53,4438.54,8.507,8.584,0.0000062500,0.0000000000,1205.8,0.6
2026-09-05T16:01:22.659+00:00,B_sell_A_buy,14.4974,7.6974,4432.0,4432.1,5.7095,0.1588,4438.53,4438.54,8.507,8.359,0.0000062500,0.0000000000,1303.7,0.4
2026-09-05T16:01:22.659+00:00,B_sell_A_buy,14.4974,7.6974,4432.0,4432.1,5.7095,0.1588,4438.53,4438.54,8.282,8.359,0.0000062500,0.0000000000,1304.0,0.6
2026-09-05T16:01:22.796+00:00,B_sell_A_buy,14.4974,7.6974,4432.0,4432.1,5.7095,0.1588,4438.53,4438.54,8.282,8.134,0.0000062500,0.0000000000,1441.0,0.3
2026-09-05T16:01:22.797+00:00,B_sell_A_buy,14.4974,7.6974,4432.0,4432.1,5.7095,0.1588,4438.53,4438.54,8.057,8.134,0.0000062500,0.0000000000,1441.2,0.5
2026-09-05T16:01:22.905+00:00,B_sell_A_buy,14.4974,7.6974,4432.0,4432.1,5.7095,0.1588,4438.53,4438.54,7.832,8.134,0.0000062500,0.0000000000,1548.6,0.3
2026-09-05T16:01:22.905+00:00,B_sell_A_buy,14.4974,7.6974,4432.0,4432.1,5.7095,0.1588,4438.53,4438.54,7.832,7.909,0.0000062500,0.0000000000,1548.8,0.4
2026-09-05T16:01:23.064+00:00,B_sell_A_buy,14.4974,7.6974,4432.0,4432.1,5.7095,0.1588,4438.53,4438.54,7.951,7.909,0.0000062500,0.0000000000,1708.5,0.2
2026-09-05T16:01:23.065+00:00,B_sell_A_buy,14.4974,7.6974,4432.0,4432.1,5.7095,0.1588,4438.53,4438.54,7.832,7.909,0.0000062500,0.0000000000,1708.7,0.3
2026-09-05T16:01:23.065+00:00,B_sell_A_buy,14.4974,7.6974,4432.0,4432.1,5.7095,0.1588,4438.53,4438.54,7.832,7.684,0.0000062500,0.0000000000,1708.7,0.3
2026-09-05T16:01:23.065+00:00,B_sell_A_buy,14.4974,7.6974,4432.0,4432.1,5.7095,0.1588,4438.53,4438.54,7.607,7.684,0.0000062500,0.0000000000,1708.7,0.4
2026-09-05T16:01:23.210+00:00,B_sell_A_buy,14.4974,7.6974,4432.0,4432.1,5.7095,0.1588,4438.53,4438.54,7.607,7.459,0.0000062500,0.0000000000,1854.6,0.3
2026-09-05T16:01:23.210+00:00,B_sell_A_buy,14.4974,7.6974,4432.0,4432.1,5.7095,0.1588,4438.53,4438.54,7.382,7.459,0.0000062500,0.0000000000,1854.8,0.4
2026-09-05T16:01:23.354+00:00,B_sell_A_buy,14.4974,7.6974,4432.0,4432.1,5.7095,0.1588,4438.53,4438.54,7.382,7.234,0.0000062500,0.0000000000,1998.4,0.3
2026-09-05T16:01:23.354+00:00,B_sell_A_buy,14.4974,7.6974,4432.0,4432.1,5.7095,0.1588,4438.53,4438.54,7.157,7.234,0.0000062500,0.0000000000,1998.6,0.4
2026-09-05T16:01:42.804+00:00,B_sell_A_buy,14.4748,7.6748,4432.0,4432.1,5.5975,0.1588,4438.52,4438.53,10.345,8.129,0.0000062500,0.0000000000,0.3,43.3
2026-09-05T16:01:42.906+00:00,B_sell_A_buy,14.4748,7.6748,4432.0,4432.1,5.5975,0.1588,4438.52,4438.53,10.12,8.129,0.0000062500,0.0000000000,102.7,0.2
2026-09-05T16:01:42.906+00:00,B_sell_A_buy,14.4748,7.6748,4432.0,4432.1,5.5975,0.1588,4438.52,4438.53,10.12,7.904,0.0000062500,0.0000000000,102.9,0.4
2026-09-05T16:01:43.014+00:00,B_sell_A_buy,14.4748,7.6748,4432.0,4432.1,5.5975,0.1588,4438.52,4438.53,10.12,7.85,0.0000062500,0.0000000000,210.4,0.2
2026-09-05T16:01:43.061+00:00,B_sell_A_buy,14.4748,7.6748,4432.0,4432.1,5.5975,0.1588,4438.52,4438.53,10.066,7.85,0.0000062500,0.0000000000,257.2,0.2
2026-09-05T16:01:43.061+00:00,B_sell_A_buy,14.4748,7.6748,4432.0,4432.1,5.5975,0.1588,4438.52,4438.53,10.066,7.625,0.0000062500,0.0000000000,257.4,0.3
2026-09-05T16:01:43.067+00:00,B_sell_A_buy,14.4748,7.6748,4432.0,4432.1,5.5975,0.1588,4438.52,4438.53,9.841,7.625,0.0000062500,0.0000000000,263.7,0.1
2026-09-05T16:01:43.090+00:00,B_sell_A_buy,14.4748,7.6748,4432.0,4432.1,5.7065,0.1588,4438.52,4438.53,9.841,7.625,0.0000062500,0.0000000000,0.3,23.1
2026-09-05T16:01:43.208+00:00,B_sell_A_buy,14.4748,7.6748,4432.0,4432.1,5.7065,0.1588,4438.52,4438.53,9.841,7.571,0.0000062500,0.0000000000,118.3,0.2
2026-09-05T16:01:43.209+00:00,B_sell_A_buy,14.4748,7.6748,4432.0,4432.1,5.7065,0.1588,4438.52,4438.53,9.787,7.571,0.0000062500,0.0000000000,118.4,0.3
2026-09-05T16:01:43.255+00:00,B_sell_A_buy,14.4748,7.6748,4432.0,4432.1,5.7065,0.1588,4438.52,4438.53,9.562,7.571,0.0000062500,0.0000000000,164.3,0.2
2026-09-05T16:01:43.255+00:00,B_sell_A_buy,14.4748,7.6748,4432.0,4432.1,5.7065,0.1588,4438.52,4438.53,9.562,7.346,0.0000062500,0.0000000000,164.5,0.3
2026-09-05T16:01:43.300+00:00,B_sell_A_buy,14.4748,7.6748,4432.0,4432.1,5.7065,0.1588,4438.52,4438.53,9.562,5.986,0.0000062500,0.0000000000,210.5,0.2
2026-09-05T16:01:43.388+00:00,B_sell_A_buy,14.4748,7.6748,4432.0,4432.1,5.7065,0.1588,4438.52,4438.53,9.562,7.346,0.0000062500,0.0000000000,297.9,0.2
2026-09-05T16:01:43.388+00:00,B_sell_A_buy,14.4748,7.6748,4432.0,4432.1,5.7065,0.1588,4438.52,4438.53,9.337,7.346,0.0000062500,0.0000000000,298.0,0.3
2026-09-05T16:01:43.388+00:00,B_sell_A_buy,14.4748,7.6748,4432.0,4432.1,5.7065,0.1588,4438.52,4438.53,9.337,7.121,0.0000062500,0.0000000000,298.0,0.3
2026-09-05T16:01:43.445+00:00,B_sell_A_buy,14.4748,7.6748,4432.0,4432.1,5.7065,0.1588,4438.52,4438.53,9.337,7.056,0.0000062500,0.0000000000,355.4,0.2
2026-09-05T16:01:43.446+00:00,B_sell_A_buy,14.4748,7.6748,4432.0,4432.1,5.7065,0.1588,4438.52,4438.53,9.272,7.056,0.0000062500,0.0000000000,355.5,0.3
2026-09-05T16:01:43.446+00:00,B_sell_A_buy,14.4748,7.6748,4432.0,4432.1,5.7065,0.1588,4438.52,4438.53,9.272,6.831,0.0000062500,0.0000000000,355.5,0.3
2026-09-05T16:01:43.503+00:00,B_sell_A_buy,14.4748,7.6748,4432.0,4432.1,5.7065,0.1588,4438.52,4438.53,9.047,6.831,0.0000062500,0.0000000000,412.5,0.2
2026-09-05T16:01:43.611+00:00,B_sell_A_buy,14.4748,7.6748,4432.0,4432.1,5.7065,0.1588,4438.52,4438.53,8.822,6.831,0.0000062500,0.0000000000,521.3,0.2
2026-09-05T16:01:43.611+00:00,B_sell_A_buy,14.4748,7.6748,4432.0,4432.1,5.7065,0.1588,4438.52,4438.53,8.822,6.766,0.0000062500,0.0000000000,521.4,0.3
2026-09-05T16:01:43.666+00:00,B_sell_A_buy,14.4748,7.6748,4432.0,4432.1,5.7065,0.1588,4438.52,4438.53,8.757,6.766,0.0000062500,0.0000000000,574.9,0.3
2026-09-05T16:01:43.712+00:00,B_sell_A_buy,14.4748,7.6748,4432.0,4432.1,5.7065,0.1588,4438.52,4438.53,8.757,6.541,0.0000062500,0.0000000000,622.1,0.2
2026-09-05T16:01:43.859+00:00,B_sell_A_buy,14.4748,7.6748,4432.0,4432.1,5.7065,0.1588,4438.52,4438.53,8.757,6.316,0.0000062500,0.0000000000,768.7,0.3
2026-09-05T16:01:43.859+00:00,B_sell_A_buy,14.4748,7.6748,4432.0,4432.1,5.7065,0.1588,4438.52,4438.53,8.532,6.316,0.0000062500,0.0000000000,768.9,0.4
2026-09-05T16:01:44.003+00:00,B_sell_A_buy,14.4748,7.6748,4432.0,4432.1,5.7065,0.1588,4438.52,4438.53,8.307,6.316,0.0000062500,0.0000000000,912.5,0.2
2026-09-05T16:01:44.003+00:00,B_sell_A_buy,14.4748,7.6748,4432.0,4432.1,5.7065,0.1588,4438.52,4438.53,8.307,6.091,0.0000062500,0.0000000000,912.6,0.3
2026-09-05T16:01:44.095+00:00,B_sell_A_buy,14.4748,7.6748,4432.0,4432.1,5.7065,0.1588,4438.52,4438.53,8.307,6.045,0.0000062500,0.0000000000,1004.7,0.3
2026-09-05T16:01:44.105+00:00,B_sell_A_buy,14.4748,7.6748,4432.0,4432.1,5.7065,0.1588,4438.52,4438.53,8.261,6.045,0.0000062500,0.0000000000,1014.3,0.2
2026-09-05T16:01:44.105+00:00,B_sell_A_buy,14.4748,7.6748,4432.0,4432.1,5.7065,0.1588,4438.52,4438.53,8.261,5.82,0.0000062500,0.0000000000,1014.5,0.3
2026-09-05T16:01:44.161+00:00,B_sell_A_buy,14.4748,7.6748,4432.0,4432.1,5.7065,0.1588,4438.52,4438.53,8.036,5.82,0.0000062500,0.0000000000,1069.9,0.2
2026-09-05T16:01:44.260+00:00,B_sell_A_buy,14.4748,7.6748,4432.0,4432.1,5.7065,0.1588,4438.52,4438.53,8.036,21.344,0.0000062500,0.0000000000,1169.5,0.2
2026-09-05T16:01:44.260+00:00,B_sell_A_buy,14.4748,7.6748,4432.0,4432.1,5.7065,0.1588,4438.52,4438.53,7.99,21.344,0.0000062500,0.0000000000,1169.6,0.3
2026-09-05T16:01:44.260+00:00,B_sell_A_buy,14.4748,7.6748,4432.0,4432.1,5.7065,0.1588,4438.52,4438.53,7.99,21.298,0.0000062500,0.0000000000,1169.6,0.3
2026-09-05T16:01:44.310+00:00,B_sell_A_buy,14.4748,7.6748,4432.0,4432.1,5.7065,0.1588,4438.52,4438.53,7.765,21.298,0.0000062500,0.0000000000,1220.1,0.3
2026-09-05T16:01:44.310+00:00,B_sell_A_buy,14.4748,7.6748,4432.0,4432.1,5.7065,0.1588,4438.52,4438.53,7.765,21.073,0.0000062500,0.0000000000,1220.3,0.4
2026-09-05T16:01:44.455+00:00,B_sell_A_buy,14.4748,7.6748,4432.0,4432.1,5.7065,0.1588,4438.52,4438.53,7.765,17.493,0.0000062500,0.0000000000,1364.6,0.2
2026-09-05T16:01:44.455+00:00,B_sell_A_buy,14.4748,7.6748,4432.0,4432.1,5.7065,0.1588,4438.52,4438.53,7.54,17.493,0.0000062500,0.0000000000,1364.7,0.4
2026-09-05T16:01:44.455+00:00,B_sell_A_buy,14.4748,7.6748,4432.0,4432.1,5.7065,0.1588,4438.52,4438.53,7.54,17.268,0.0000062500,0.0000000000,1364.8,0.5
2026-09-05T16:01:44.495+00:00,B_sell_A_buy,14.4748,7.6748,4432.0,4432.1,5.7065,0.1588,4438.52,4438.53,7.54,15.908,0.0000062500,0.0000000000,1404.9,0.2
2026-09-05T16:01:44.551+00:00,B_sell_A_buy,14.4748,7.6748,4432.0,4432.1,5.7065,0.1588,4438.52,4438.53,7.54,15.683,0.0000062500,0.0000000000,1460.3,0.2
2026-09-05T16:01:44.609+00:00,B_sell_A_buy,14.4748,7.6748,4432.0,4432.1,5.7065,0.1588,4438.52,4438.53,7.54,19.386,0.0000062500,0.0000000000,1519.0,0.2
2026-09-05T16:01:44.612+00:00,B_sell_A_buy,14.4748,7.6748,4432.0,4432.1,5.7065,0.1588,4438.52,4438.53,7.54,19.32,0.0000062500,0.0000000000,1521.0,0.1
2026-09-05T16:01:44.612+00:00,B_sell_A_buy,14.4748,7.6748,4432.0,4432.1,5.7065,0.1588,4438.52,4438.53,7.474,19.32,0.0000062500,0.0000000000,1521.1,0.2
2026-09-05T16:01:44.612+00:00,B_sell_A_buy,14.4748,7.6748,4432.0,4432.1,5.7065,0.1588,4438.52,4438.53,7.249,19.32,0.0000062500,0.0000000000,1521.2,0.2
2026-09-05T16:01:44.714+00:00,B_sell_A_buy,14.4748,7.6748,4432.0,4432.1,5.7065,0.1588,4438.52,4438.53,7.249,19.095,0.0000062500,0.0000000000,1624.6,0.2
2026-09-05T16:01:44.714+00:00,B_sell_A_buy,14.4748,7.6748,4432.0,4432.1,5.7065,0.1588,4438.52,4438.53,7.024,19.095,0.0000062500,0.0000000000,1624.8,0.3
2026-09-05T16:01:44.757+00:00,B_sell_A_buy,14.4748,7.6748,4432.0,4432.1,5.7065,0.1588,4438.52,4438.53,6.958,19.095,0.0000062500,0.0000000000,1665.9,0.2
2026-09-05T16:01:44.803+00:00,B_sell_A_buy,14.4748,7.6748,4432.0,4432.1,5.7065,0.1588,4438.52,4438.53,8.225,19.095,0.0000062500,0.0000000000,1713.2,0.2
2026-09-05T16:01:44.810+00:00,B_sell_A_buy,14.4748,7.6748,4432.0,4432.1,5.7065,0.1588,4438.52,4438.53,8.225,19.029,0.0000062500,0.0000000000,1719.8,0.2
2026-09-05T16:01:44.856+00:00,B_sell_A_buy,14.4748,7.6748,4432.0,4432.1,5.7065,0.1588,4438.52,4438.53,8.0,19.029,0.0000062500,0.0000000000,1765.7,0.2
2026-09-05T16:01:44.857+00:00,B_sell_A_buy,14.4748,7.6748,4432.0,4432.1,5.7065,0.1588,4438.52,4438.53,8.0,18.804,0.0000062500,0.0000000000,1765.8,0.3
2026-09-05T16:01:44.956+00:00,B_sell_A_buy,14.4748,7.6748,4432.0,4432.1,5.7065,0.1588,4438.52,4438.53,8.0,18.754,0.0000062500,0.0000000000,1865.9,0.2
2026-09-05T16:01:44.956+00:00,B_sell_A_buy,14.4748,7.6748,4432.0,4432.1,5.7065,0.1588,4438.52,4438.53,7.95,18.754,0.0000062500,0.0000000000,1866.1,0.4
2026-09-05T16:01:44.957+00:00,B_sell_A_buy,14.4748,7.6748,4432.0,4432.1,5.7065,0.1588,4438.52,4438.53,7.95,18.529,0.0000062500,0.0000000000,1866.1,0.4
2026-09-05T16:01:44.957+00:00,B_sell_A_buy,14.4748,7.6748,4432.0,4432.1,5.7065,0.1588,4438.52,4438.53,7.725,18.529,0.0000062500,0.0000000000,1866.1,0.4
