ts_utc,direction,gross_bps,net_bps,bid_A,ask_A,bid_size_A,ask_size_A,bid_B,ask_B,bid_size_B,ask_size_B,funding_A,funding_B,age_A_ms,age_B_ms
2026-09-04T11:15:08.818+00:00,B_sell_A_buy,12.2298,6.3298,4469.8,4469.9,41.4615,11.1729,4475.37,4475.65,0.3865,0.1117,0.0000062500,0.0007000000,0.1,123.1
2026-09-04T11:15:08.979+00:00,B_sell_A_buy,12.2298,6.3298,4469.8,4469.9,41.4615,11.1729,4475.37,4475.65,0.1967,0.1117,0.0000062500,0.0007000000,161.6,0.1
2026-09-04T11:15:09.413+00:00,B_sell_A_buy,12.2298,6.3298,4469.8,4469.9,41.4615,11.1729,4475.37,4475.65,0.1967,0.0677,0.0000062500,0.0007000000,595.8,0.1
2026-09-04T11:15:09.569+00:00,B_sell_A_buy,12.2298,6.3298,4469.8,4469.9,41.4615,11.1729,4475.37,4475.65,0.1967,0.0602,0.0000062500,0.0007000000,751.5,0.1
2026-09-04T11:15:09.647+00:00,B_sell_A_buy,12.6768,6.7768,4469.8,4469.9,41.4615,11.1729,4475.57,4475.65,0.1785,0.0602,0.0000062500,0.0007000000,829.6,0.1
2026-09-04T11:15:09.665+00:00,B_sell_A_buy,12.7215,6.8215,4469.8,4469.9,41.4615,11.1729,4475.59,4475.65,3.2354,0.0602,0.0000062500,0.0007000000,847.2,0.1
2026-09-04T11:15:10.040+00:00,B_sell_A_buy,12.7215,6.8215,4469.8,4469.9,86.2021,11.1729,4475.59,4475.65,3.2354,0.0602,0.0000062500,0.0007000000,0.1,374.9
2026-09-04T11:15:10.080+00:00,B_sell_A_buy,12.7215,6.8215,4469.8,4469.9,86.2021,11.1729,4475.59,4475.65,3.2279,0.0602,0.0000062500,0.0007000000,40.7,0.1
2026-09-04T11:15:10.159+00:00,B_sell_A_buy,12.7215,6.8215,4469.8,4469.9,86.2021,11.1729,4475.59,4475.65,3.2246,0.0602,0.0000062500,0.0007000000,119.9,0.1
2026-09-04T11:15:10.684+00:00,B_sell_A_buy,12.7215,6.8215,4469.8,4469.9,86.2021,11.1729,4475.59,4475.65,3.2172,0.0602,0.0000062500,0.0007000000,645.5,0.1
2026-09-04T11:15:10.813+00:00,B_sell_A_buy,12.2075,6.3075,4469.8,4469.9,86.2021,11.1729,4475.36,4475.65,3.0679,0.0602,0.0000062500,0.0007000000,774.0,0.1
2026-09-04T11:15:10.815+00:00,B_sell_A_buy,11.7604,5.8604,4469.8,4469.9,86.2021,11.1729,4475.16,4475.65,0.0963,0.0602,0.0000062500,0.0007000000,775.9,0.0
2026-09-04T11:15:10.875+00:00,B_sell_A_buy,11.7828,5.8828,4469.8,4469.9,86.2021,11.1729,4475.17,4475.65,0.0515,0.0602,0.0000062500,0.0007000000,835.6,0.0
2026-09-04T11:15:10.891+00:00,B_sell_A_buy,11.7828,5.8828,4469.8,4469.9,86.2021,11.1729,4475.17,4475.64,0.0515,1.6059,0.0000062500,0.0007000000,851.2,0.1
2026-09-04T11:15:10.956+00:00,B_sell_A_buy,11.7828,5.8828,4469.8,4469.9,86.2021,11.1729,4475.17,4475.64,0.0515,3.6059,0.0000062500,0.0007000000,916.3,0.1
2026-09-04T11:15:11.256+00:00,B_sell_A_buy,11.7828,5.8828,4469.8,4469.9,86.2021,11.1729,4475.17,4475.64,0.0441,3.6059,0.0000062500,0.0007000000,1217.1,0.1
2026-09-04T11:15:11.608+00:00,B_sell_A_buy,11.7828,5.8828,4469.8,4469.9,82.9163,11.1729,4475.17,4475.64,0.0441,3.6059,0.0000062500,0.0007000000,0.1,351.6
2026-09-04T11:15:11.609+00:00,B_sell_A_buy,11.7828,5.8828,4469.8,4469.9,78.8553,12.9626,4475.17,4475.64,0.0441,3.6059,0.0000062500,0.0007000000,0.2,351.7
2026-09-04T11:15:11.720+00:00,B_sell_A_buy,11.7828,5.8828,4469.8,4469.9,80.5328,12.9626,4475.17,4475.64,0.0441,3.6059,0.0000062500,0.0007000000,0.1,463.5
2026-09-04T11:15:12.821+00:00,B_sell_A_buy,11.7829,5.8829,4469.8,4469.9,80.5328,12.9626,4475.17,4475.53,0.0441,0.0275,0.0000062500,0.0007000000,1101.4,0.1
2026-09-04T11:15:12.838+00:00,B_sell_A_buy,11.7829,5.8829,4469.8,4469.9,80.5328,12.9626,4475.17,4475.53,0.0441,2.0275,0.0000062500,0.0007000000,1118.3,0.1
2026-09-04T11:15:13.346+00:00,B_sell_A_buy,11.7829,5.8829,4469.8,4469.9,80.5328,12.9626,4475.17,4475.53,0.0441,2.0,0.0000062500,0.0007000000,1625.7,0.1
2026-09-04T11:15:13.363+00:00,B_sell_A_buy,11.7828,5.8828,4469.8,4469.9,80.5328,12.9626,4475.17,4475.55,0.0441,0.0275,0.0000062500,0.0007000000,1642.4,0.1
2026-09-04T11:15:13.380+00:00,B_sell_A_buy,11.7828,5.8828,4469.8,4469.9,80.5328,12.9626,4475.17,4475.55,0.0441,2.0275,0.0000062500,0.0007000000,1659.7,0.1
2026-09-04T11:15:15.308+00:00,B_sell_A_buy,11.2465,5.3465,4469.8,4469.9,46.056,15.6502,4474.93,4475.4,0.0441,2.6889,0.0000062500,0.0007000000,0.1,316.8
2026-09-04T11:15:15.500+00:00,B_sell_A_buy,11.2465,5.3465,4469.8,4469.9,46.056,15.6502,4474.93,4475.4,0.0441,2.6704,0.0000062500,0.0007000000,191.9,0.1
2026-09-04T11:15:15.738+00:00,B_sell_A_buy,11.2465,5.3465,4469.8,4469.9,46.056,15.6502,4474.93,4475.39,0.0441,1.0909,0.0000062500,0.0007000000,431.2,0.1
2026-09-04T11:15:15.895+00:00,B_sell_A_buy,11.2465,5.3465,4469.8,4469.9,46.056,15.6502,4474.93,4475.39,0.0441,3.0909,0.0000062500,0.0007000000,587.6,0.1
2026-09-04T11:15:16.170+00:00,B_sell_A_buy,11.3584,5.4584,4469.8,4469.9,46.056,15.6502,4474.98,4475.24,0.2564,0.5105,0.0000062500,0.0007000000,862.6,0.1
2026-09-04T11:15:16.229+00:00,B_sell_A_buy,11.3584,5.4584,4469.8,4469.9,46.056,15.6502,4474.98,4475.23,0.3005,0.0676,0.0000062500,0.0007000000,921.7,0.1
2026-09-04T11:15:16.478+00:00,B_sell_A_buy,11.3584,5.4584,4469.8,4469.9,46.056,17.6502,4474.98,4475.23,0.3005,0.0676,0.0000062500,0.0007000000,0.1,248.5
2026-09-04T11:15:16.895+00:00,B_sell_A_buy,11.3584,5.4584,4469.8,4469.9,46.056,17.6502,4474.98,4475.23,0.0441,0.0676,0.0000062500,0.0007000000,417.9,0.1
2026-09-04T11:15:17.515+00:00,B_sell_A_buy,11.1572,5.2572,4469.8,4469.9,46.056,17.6502,4474.89,4475.23,3.2354,0.0676,0.0000062500,0.0007000000,1037.2,0.1
2026-09-04T11:15:17.548+00:00,B_sell_A_buy,11.2690,5.3690,4469.8,4469.9,46.056,17.6502,4474.94,4475.2,0.2472,0.8079,0.0000062500,0.0007000000,1070.2,0.1
2026-09-04T11:15:17.829+00:00,B_sell_A_buy,11.2689,5.3689,4469.8,4469.9,46.056,17.6502,4474.94,4475.23,0.2472,0.0676,0.0000062500,0.0007000000,1351.6,0.1
2026-09-04T11:15:18.240+00:00,B_sell_A_buy,11.2689,5.3689,4469.8,4469.9,46.056,15.1515,4474.94,4475.23,0.2472,0.0676,0.0000062500,0.0007000000,0.1,410.4
2026-09-04T11:15:18.310+00:00,B_sell_A_buy,11.2690,5.3690,4469.8,4469.9,46.056,15.1515,4474.94,4475.21,0.2472,0.9178,0.0000062500,0.0007000000,70.7,0.1
2026-09-04T11:15:18.519+00:00,B_sell_A_buy,11.2689,5.3689,4469.8,4469.9,46.056,15.1515,4474.94,4475.23,0.2472,0.0676,0.0000062500,0.0007000000,279.4,0.1
2026-09-04T11:15:19.058+00:00,B_sell_A_buy,11.2689,5.3689,4469.8,4469.9,46.4288,15.1515,4474.94,4475.23,0.2472,0.0676,0.0000062500,0.0007000000,0.1,539.8
2026-09-04T11:15:20.029+00:00,B_sell_A_buy,11.2689,5.3689,4469.8,4469.9,46.4288,13.1515,4474.94,4475.23,0.2472,0.0676,0.0000062500,0.0007000000,0.1,1510.8
2026-09-04T11:15:23.577+00:00,B_sell_A_buy,11.1572,5.2572,4469.8,4469.9,46.056,14.9278,4474.89,4475.23,3.2354,0.0676,0.0000062500,0.0007000000,400.8,0.1
2026-09-04T11:15:23.691+00:00,B_sell_A_buy,11.1572,5.2572,4469.8,4469.9,46.056,14.9278,4474.89,4475.23,3.2354,2.0676,0.0000062500,0.0007000000,514.9,0.1
2026-09-04T11:15:23.691+00:00,B_sell_A_buy,11.1572,5.2572,4469.8,4469.9,46.056,14.9278,4474.89,4475.22,3.2354,1.2739,0.0000062500,0.0007000000,515.0,0.2
2026-09-04T11:15:23.736+00:00,B_sell_A_buy,10.9113,5.0113,4469.8,4469.9,46.056,14.9278,4474.78,4475.22,0.0955,1.2739,0.0000062500,0.0007000000,560.0,0.1
2026-09-04T11:15:23.736+00:00,B_sell_A_buy,10.9113,5.0113,4469.8,4469.9,46.056,12.9278,4474.78,4475.22,0.0955,1.2739,0.0000062500,0.0007000000,0.1,0.2
2026-09-04T11:15:23.757+00:00,B_sell_A_buy,10.9113,5.0113,4469.8,4469.9,46.056,12.9278,4474.78,4475.23,0.0955,0.0676,0.0000062500,0.0007000000,21.3,0.1
2026-09-04T11:15:23.842+00:00,B_sell_A_buy,10.9113,5.0113,4469.8,4469.9,46.056,12.9278,4474.78,4475.22,0.0955,1.176,0.0000062500,0.0007000000,105.2,0.1
2026-09-04T11:15:24.101+00:00,B_sell_A_buy,10.9113,5.0113,4469.8,4469.9,1.3154,12.9278,4474.78,4475.22,0.0955,1.176,0.0000062500,0.0007000000,0.1,259.7
2026-09-04T11:15:24.118+00:00,B_sell_A_buy,10.9337,5.0337,4469.8,4469.9,1.3154,12.9278,4474.79,4475.22,0.0441,1.176,0.0000062500,0.0007000000,16.4,0.1
2026-09-04T11:15:24.151+00:00,B_sell_A_buy,10.9337,5.0337,4469.8,4469.9,0.4206,23.3282,4474.79,4475.22,0.0441,1.176,0.0000062500,0.0007000000,0.1,33.9
2026-09-04T11:15:24.361+00:00,B_sell_A_buy,10.9337,5.0337,4469.8,4469.9,0.4206,23.3282,4474.79,4475.23,0.0441,0.0676,0.0000062500,0.0007000000,210.0,0.1
2026-09-04T11:15:24.579+00:00,B_sell_A_buy,10.9337,5.0337,4469.8,4469.9,0.4206,23.3282,4474.79,4475.17,0.0441,0.0331,0.0000062500,0.0007000000,427.2,0.1
2026-09-04T11:15:24.724+00:00,B_sell_A_buy,10.9785,5.0785,4469.8,4469.9,0.4206,23.3282,4474.81,4475.08,0.4378,1.1064,0.0000062500,0.0007000000,572.8,0.1
2026-09-04T11:15:24.918+00:00,B_sell_A_buy,11.0008,5.1008,4469.8,4469.9,0.4206,23.3282,4474.82,4475.07,0.0441,0.0676,0.0000062500,0.0007000000,766.8,0.1
2026-09-04T11:15:25.057+00:00,B_sell_A_buy,11.0008,5.1008,4469.8,4469.9,0.9206,23.3282,4474.82,4475.07,0.0441,0.0676,0.0000062500,0.0007000000,0.1,139.1
2026-09-04T11:15:25.145+00:00,B_sell_A_buy,10.9785,5.0785,4469.8,4469.9,0.9206,23.3282,4474.81,4475.07,0.4378,0.0676,0.0000062500,0.0007000000,88.4,0.1
2026-09-04T11:15:25.689+00:00,B_sell_A_buy,10.9785,5.0785,4469.8,4469.9,0.9206,23.3282,4474.81,4475.04,0.4378,0.0328,0.0000062500,0.0007000000,631.9,0.1
2026-09-04T11:15:25.714+00:00,B_sell_A_buy,10.9785,5.0785,4469.8,4469.9,0.4206,23.3282,4474.81,4475.04,0.4378,0.0328,0.0000062500,0.0007000000,0.1,25.2
2026-09-04T11:15:26.295+00:00,B_sell_A_buy,11.0008,5.1008,4469.8,4469.9,0.4206,23.3282,4474.82,4475.04,0.2556,0.0328,0.0000062500,0.0007000000,581.5,0.1
2026-09-04T11:15:26.417+00:00,B_sell_A_buy,11.4255,5.5255,4469.8,4469.9,0.4206,23.3282,4475.01,4475.04,0.1159,0.0328,0.0000062500,0.0007000000,702.6,0.1
2026-09-04T11:15:26.719+00:00,B_sell_A_buy,11.4255,5.5255,4469.8,4469.9,0.4206,23.3282,4475.01,4475.07,0.1159,0.0676,0.0000062500,0.0007000000,1005.9,0.1
2026-09-04T11:15:26.877+00:00,B_sell_A_buy,11.4255,5.5255,4469.8,4469.9,0.4206,21.3282,4475.01,4475.07,0.1159,0.0676,0.0000062500,0.0007000000,0.1,157.2
2026-09-04T11:15:27.169+00:00,B_sell_A_buy,11.4255,5.5255,4469.8,4469.9,1.744,21.3282,4475.01,4475.07,0.1159,0.0676,0.0000062500,0.0007000000,0.1,449.4
2026-09-04T11:15:27.546+00:00,B_sell_A_buy,11.4255,5.5255,4469.8,4469.9,1.744,23.3282,4475.01,4475.07,0.1159,0.0676,0.0000062500,0.0007000000,0.1,825.8
2026-09-04T11:15:27.546+00:00,B_sell_A_buy,11.4255,5.5255,4469.8,4469.9,1.744,21.3282,4475.01,4475.07,0.1159,0.0676,0.0000062500,0.0007000000,0.2,825.9
2026-09-04T11:15:28.069+00:00,B_sell_A_buy,11.1349,5.2349,4469.8,4469.9,1.744,21.3282,4474.88,4475.07,3.2354,0.0676,0.0000062500,0.0007000000,523.9,0.1
2026-09-04T11:15:28.148+00:00,B_sell_A_buy,11.1349,5.2349,4469.8,4469.9,1.744,23.3282,4474.88,4475.07,3.2354,0.0676,0.0000062500,0.0007000000,0.1,79.1
2026-09-04T11:15:28.886+00:00,B_sell_A_buy,11.1349,5.2349,4469.8,4469.9,1.744,21.3282,4474.88,4475.07,3.2354,0.0676,0.0000062500,0.0007000000,0.1,816.7
2026-09-04T11:15:31.858+00:00,B_sell_A_buy,11.1349,5.2349,4469.8,4469.9,0.4206,23.3282,4474.88,4475.07,3.2354,0.0652,0.0000062500,0.0007000000,1509.6,0.1
2026-09-04T11:15:32.434+00:00,B_sell_A_buy,11.1349,5.2349,4469.8,4469.9,0.4206,21.3282,4474.88,4475.07,3.2354,0.0652,0.0000062500,0.0007000000,0.1,576.3
2026-09-04T11:15:33.404+00:00,B_sell_A_buy,11.1349,5.2349,4469.8,4469.9,0.4206,23.3282,4474.88,4475.07,3.2354,0.0652,0.0000062500,0.0007000000,0.1,1545.9
2026-09-04T11:15:33.890+00:00,B_sell_A_buy,11.1350,5.2350,4469.8,4469.9,0.4206,23.3282,4474.88,4475.03,3.2354,0.034,0.0000062500,0.0007000000,486.0,0.1
2026-09-04T11:15:34.485+00:00,B_sell_A_buy,11.1349,5.2349,4469.8,4469.9,0.4206,23.3282,4474.88,4475.07,3.2354,0.0652,0.0000062500,0.0007000000,1081.5,0.1
2026-09-04T11:15:35.963+00:00,B_sell_A_buy,11.1349,5.2349,4469.8,4469.9,0.4206,23.3156,4474.88,4475.07,3.2354,0.0652,0.0000062500,0.0007000000,0.1,1477.8
2026-09-04T11:15:36.724+00:00,B_sell_A_buy,11.1350,5.2350,4469.8,4469.9,0.4206,23.3156,4474.88,4475.02,3.2354,0.0348,0.0000062500,0.0007000000,760.9,0.1
2026-09-04T11:15:37.279+00:00,B_sell_A_buy,11.1349,5.2349,4469.8,4469.9,0.4206,23.3156,4474.88,4475.07,3.2354,0.0652,0.0000062500,0.0007000000,1315.9,0.1
2026-09-04T11:15:37.982+00:00,B_sell_A_buy,11.1349,5.2349,4469.8,4469.9,1.7969,23.3156,4474.88,4475.07,3.2354,0.0652,0.0000062500,0.0007000000,0.1,703.4
2026-09-04T11:15:38.065+00:00,B_sell_A_buy,11.1349,5.2349,4469.8,4469.9,0.4206,23.3156,4474.88,4475.07,3.2354,0.0652,0.0000062500,0.0007000000,0.1,786.6
2026-09-04T11:15:38.346+00:00,B_sell_A_buy,11.1349,5.2349,4469.8,4469.9,0.9206,23.3156,4474.88,4475.07,3.2354,0.0652,0.0000062500,0.0007000000,0.1,1067.5
2026-09-04T11:15:38.402+00:00,B_sell_A_buy,11.1349,5.2349,4469.8,4469.9,0.4206,23.3156,4474.88,4475.07,3.2354,0.0652,0.0000062500,0.0007000000,0.1,1122.7
2026-09-04T11:15:38.592+00:00,B_sell_A_buy,11.1349,5.2349,4469.8,4469.9,0.4206,21.3156,4474.88,4475.07,3.2354,0.0652,0.0000062500,0.0007000000,0.1,1313.0
2026-09-04T11:15:39.035+00:00,B_sell_A_buy,11.1349,5.2349,4469.8,4469.9,2.0506,21.3156,4474.88,4475.07,3.2354,0.0652,0.0000062500,0.0007000000,0.1,1756.1
2026-09-04T11:15:39.035+00:00,B_sell_A_buy,11.1349,5.2349,4469.8,4469.9,2.0506,23.3156,4474.88,4475.07,3.2354,0.0652,0.0000062500,0.0007000000,0.2,1756.3
2026-09-04T11:15:40.030+00:00,B_sell_A_buy,11.1349,5.2349,4469.8,4469.9,2.0506,23.3156,4474.88,4475.05,3.2354,0.0356,0.0000062500,0.0007000000,995.4,0.1
2026-09-04T11:15:40.549+00:00,B_sell_A_buy,11.1349,5.2349,4469.8,4469.9,2.0506,23.3156,4474.88,4475.07,3.2354,0.0652,0.0000062500,0.0007000000,1514.6,0.1
2026-09-04T11:15:42.083+00:00,B_sell_A_buy,11.1350,5.2350,4469.8,4469.9,0.4206,23.3156,4474.88,4475.03,3.2354,0.0353,0.0000062500,0.0007000000,0.1,446.9
2026-09-04T11:15:42.146+00:00,B_sell_A_buy,11.1349,5.2349,4469.8,4469.9,0.4206,23.3156,4474.88,4475.07,3.2354,0.0652,0.0000062500,0.0007000000,62.1,0.1
2026-09-04T11:15:43.236+00:00,B_sell_A_buy,11.1349,5.2349,4469.8,4469.9,0.4206,23.3156,4474.88,4475.05,3.2354,0.0353,0.0000062500,0.0007000000,1152.1,0.1
2026-09-04T11:15:43.753+00:00,B_sell_A_buy,11.1349,5.2349,4469.8,4469.9,0.4206,23.3156,4474.88,4475.07,3.2354,0.0652,0.0000062500,0.0007000000,1670.0,0.1
2026-09-04T11:15:44.231+00:00,B_sell_A_buy,11.1349,5.2349,4469.8,4469.9,0.4206,21.3156,4474.88,4475.07,3.2354,0.0652,0.0000062500,0.0007000000,0.1,477.2
2026-09-04T11:15:44.301+00:00,B_sell_A_buy,11.1349,5.2349,4469.8,4469.9,1.7406,21.3156,4474.88,4475.07,3.2354,0.0652,0.0000062500,0.0007000000,0.1,547.9
2026-09-04T11:15:44.495+00:00,B_sell_A_buy,11.1349,5.2349,4469.8,4469.9,0.4206,23.3156,4474.88,4475.07,3.2354,0.0652,0.0000062500,0.0007000000,0.1,742.7
2026-09-04T11:15:44.722+00:00,B_sell_A_buy,11.1349,5.2349,4469.8,4469.9,0.9206,23.3156,4474.88,4475.07,3.2354,0.0652,0.0000062500,0.0007000000,0.1,968.8
2026-09-04T11:15:44.897+00:00,B_sell_A_buy,11.1349,5.2349,4469.8,4469.9,0.4206,23.3156,4474.88,4475.07,3.2354,0.0652,0.0000062500,0.0007000000,0.1,1143.7
2026-09-04T11:15:45.299+00:00,B_sell_A_buy,11.1349,5.2349,4469.8,4469.9,1.7502,23.3156,4474.88,4475.07,3.2354,0.0652,0.0000062500,0.0007000000,0.1,1545.7
2026-09-04T11:15:45.303+00:00,B_sell_A_buy,11.1349,5.2349,4469.8,4469.9,1.7502,23.3156,4474.88,4475.06,3.2354,0.0353,0.0000062500,0.0007000000,4.1,0.1
2026-09-04T11:15:45.645+00:00,B_sell_A_buy,11.1349,5.2349,4469.8,4469.9,0.9206,23.3156,4474.88,4475.06,3.2354,0.0353,0.0000062500,0.0007000000,0.1,342.3
2026-09-04T11:15:45.829+00:00,B_sell_A_buy,11.1349,5.2349,4469.8,4469.9,0.9206,23.3156,4474.88,4475.07,3.2354,0.0652,0.0000062500,0.0007000000,184.2,0.1
2026-09-04T11:15:46.018+00:00,B_sell_A_buy,11.1349,5.2349,4469.8,4469.9,0.4206,23.3156,4474.88,4475.07,3.2354,0.0652,0.0000062500,0.0007000000,0.1,188.3
2026-09-04T11:15:47.875+00:00,B_sell_A_buy,11.1349,5.2349,4469.8,4469.9,0.4206,23.3156,4474.88,4475.11,3.2354,0.0339,0.0000062500,0.0007000000,1857.2,0.1
2026-09-04T11:15:47.890+00:00,B_sell_A_buy,11.5373,5.6373,4469.8,4469.9,0.4206,23.3156,4475.06,4475.11,0.2277,0.0339,0.0000062500,0.0007000000,1872.8,0.1
2026-09-04T11:15:47.940+00:00,B_sell_A_buy,11.5372,5.6372,4469.8,4469.9,0.4206,23.3156,4475.06,4475.16,0.2277,0.0652,0.0000062500,0.0007000000,1922.7,0.1
2026-09-04T11:15:48.192+00:00,B_sell_A_buy,11.5372,5.6372,4469.8,4469.9,23.6113,14.8471,4475.06,4475.16,0.2277,0.0652,0.0000062500,0.0007000000,0.1,252.0
2026-09-04T11:15:48.334+00:00,B_sell_A_buy,11.5372,5.6372,4469.8,4469.9,24.9877,14.8471,4475.06,4475.16,0.2277,0.0652,0.0000062500,0.0007000000,0.1,394.1
2026-09-04T11:15:48.722+00:00,B_sell_A_buy,11.1349,5.2349,4469.8,4469.9,24.9877,14.8471,4474.88,4475.16,3.2354,0.0652,0.0000062500,0.0007000000,388.2,0.1
2026-09-04T11:15:48.743+00:00,B_sell_A_buy,11.1572,5.2572,4469.8,4469.9,24.9877,14.8471,4474.89,4475.16,0.197,0.0652,0.0000062500,0.0007000000,408.9,0.1
2026-09-04T11:15:48.792+00:00,B_sell_A_buy,11.1572,5.2572,4469.8,4469.9,24.9877,14.8471,4474.89,4475.16,1.1287,0.0652,0.0000062500,0.0007000000,458.3,0.1
2026-09-04T11:15:49.396+00:00,B_sell_A_buy,11.1572,5.2572,4469.8,4469.9,25.2114,14.8471,4474.89,4475.16,1.1287,0.0652,0.0000062500,0.0007000000,0.1,604.5
2026-09-04T11:15:50.251+00:00,B_sell_A_buy,11.1349,5.2349,4469.8,4469.9,25.2114,14.8471,4474.88,4475.16,3.2354,0.0652,0.0000062500,0.0007000000,854.5,0.1
2026-09-04T11:15:50.658+00:00,B_sell_A_buy,11.1349,5.2349,4469.8,4469.9,24.9877,14.9163,4474.88,4475.16,3.2354,0.0652,0.0000062500,0.0007000000,0.1,406.7
2026-09-04T11:15:50.740+00:00,B_sell_A_buy,11.1349,5.2349,4469.8,4469.9,24.9877,15.14,4474.88,4475.16,3.2354,0.0652,0.0000062500,0.0007000000,0.1,488.8
2026-09-04T11:15:51.803+00:00,B_sell_A_buy,11.1349,5.2349,4469.8,4469.9,24.9851,15.14,4474.88,4475.16,3.2354,0.0652,0.0000062500,0.0007000000,0.1,1552.7
2026-09-04T11:15:51.876+00:00,B_sell_A_buy,11.3808,5.4808,4469.8,4469.9,24.9851,15.14,4474.99,4475.16,0.2142,0.0652,0.0000062500,0.0007000000,71.5,0.1
2026-09-04T11:15:51.962+00:00,B_sell_A_buy,11.3808,5.4808,4469.8,4469.9,24.9851,17.14,4474.99,4475.16,0.2142,0.0652,0.0000062500,0.0007000000,0.1,87.6
2026-09-04T11:15:52.099+00:00,B_sell_A_buy,11.3808,5.4808,4469.8,4469.9,24.9851,17.14,4474.99,4475.16,1.2066,0.0652,0.0000062500,0.0007000000,135.9,0.1
2026-09-04T11:15:52.099+00:00,B_sell_A_buy,11.3808,5.4808,4469.8,4469.9,24.9851,17.14,4474.99,4475.16,0.2142,0.0652,0.0000062500,0.0007000000,136.0,0.2
2026-09-04T11:15:52.262+00:00,B_sell_A_buy,11.3808,5.4808,4469.8,4469.9,24.9851,15.14,4474.99,4475.16,0.2142,0.0652,0.0000062500,0.0007000000,0.1,163.6
2026-09-04T11:15:52.833+00:00,B_sell_A_buy,11.3808,5.4808,4469.8,4469.9,25.2088,15.14,4474.99,4475.16,0.2142,0.0652,0.0000062500,0.0007000000,0.1,734.2
2026-09-04T11:15:52.985+00:00,B_sell_A_buy,11.3808,5.4808,4469.8,4469.9,24.9851,15.14,4474.99,4475.16,0.2142,0.0652,0.0000062500,0.0007000000,0.1,886.9
2026-09-04T11:15:53.890+00:00,B_sell_A_buy,11.3808,5.4808,4469.8,4469.9,25.2088,15.14,4474.99,4475.16,0.2142,0.0652,0.0000062500,0.0007000000,0.1,1792.1
2026-09-04T11:15:56.611+00:00,B_sell_A_buy,11.1349,5.2349,4469.8,4469.9,25.2088,15.14,4474.88,4475.16,3.2354,0.0652,0.0000062500,0.0007000000,871.7,0.1
2026-09-04T11:15:56.617+00:00,B_sell_A_buy,11.1349,5.2349,4469.8,4469.9,25.2088,15.14,4474.88,4475.16,3.2354,0.9729,0.0000062500,0.0007000000,877.3,0.1
2026-09-04T11:15:56.803+00:00,B_sell_A_buy,11.1349,5.2349,4469.8,4469.9,25.2088,15.14,4474.88,4475.09,3.2354,1.8469,0.0000062500,0.0007000000,1063.3,0.1
2026-09-04T11:15:56.838+00:00,B_sell_A_buy,11.1349,5.2349,4469.8,4469.9,25.2088,15.14,4474.88,4475.16,3.2354,0.0652,0.0000062500,0.0007000000,1098.8,0.1
2026-09-04T11:15:56.848+00:00,B_sell_A_buy,11.1349,5.2349,4469.8,4469.9,25.2088,15.14,4474.88,4475.16,3.2354,2.0652,0.0000062500,0.0007000000,1109.3,0.1
2026-09-04T11:15:56.871+00:00,B_sell_A_buy,11.1349,5.2349,4469.8,4469.9,25.2088,15.14,4474.88,4475.16,3.2354,0.0652,0.0000062500,0.0007000000,1131.5,0.1
2026-09-04T11:15:56.956+00:00,B_sell_A_buy,11.3360,5.4360,4469.8,4469.9,25.2088,15.14,4474.97,4475.16,0.2895,0.0652,0.0000062500,0.0007000000,1216.1,0.1
2026-09-04T11:15:57.015+00:00,B_sell_A_buy,11.3360,5.4360,4469.8,4469.9,25.2088,18.43,4474.97,4475.16,0.2895,0.0652,0.0000062500,0.0007000000,0.1,59.4
2026-09-04T11:15:57.178+00:00,B_sell_A_buy,11.3360,5.4360,4469.8,4469.9,25.2088,20.43,4474.97,4475.16,0.2895,0.0652,0.0000062500,0.0007000000,0.1,222.8
2026-09-04T11:15:57.269+00:00,B_sell_A_buy,11.3360,5.4360,4469.8,4469.9,22.8269,22.9148,4474.97,4475.16,0.2895,0.0652,0.0000062500,0.0007000000,0.1,314.2
2026-09-04T11:15:57.534+00:00,B_sell_A_buy,11.1349,5.2349,4469.8,4469.9,22.8269,22.9148,4474.88,4475.16,3.2354,0.0652,0.0000062500,0.0007000000,264.9,0.1
2026-09-04T11:16:01.704+00:00,B_sell_A_buy,11.3360,5.4360,4469.8,4469.9,22.8269,20.9148,4474.97,4475.16,0.4105,0.0652,0.0000062500,0.0007000000,0.1,533.0
2026-09-04T11:16:01.817+00:00,B_sell_A_buy,11.3360,5.4360,4469.8,4469.9,22.8269,20.9148,4474.97,4475.16,0.4105,0.0628,0.0000062500,0.0007000000,112.8,0.1
2026-09-04T11:16:02.036+00:00,B_sell_A_buy,11.3584,5.4584,4469.8,4469.9,22.8269,20.9148,4474.98,4475.16,0.0489,0.0628,0.0000062500,0.0007000000,331.1,0.1
2026-09-04T11:16:02.138+00:00,B_sell_A_buy,10.8443,4.9443,4469.8,4469.9,22.8269,20.9148,4474.75,4475.16,5.0806,0.0628,0.0000062500,0.0007000000,434.1,0.1
2026-09-04T11:16:02.145+00:00,B_sell_A_buy,10.8443,4.9443,4469.8,4469.9,22.8269,20.9148,4474.75,4475.16,3.222,0.0628,0.0000062500,0.0007000000,440.6,0.1
2026-09-04T11:16:02.145+00:00,B_sell_A_buy,10.5537,4.6537,4469.8,4469.9,22.8269,20.9148,4474.62,4475.16,3.2354,0.0628,0.0000062500,0.0007000000,440.7,0.1
2026-09-04T11:16:02.164+00:00,B_sell_A_buy,11.1572,5.2572,4469.8,4469.9,22.8269,20.9148,4474.89,4475.16,0.0489,0.0628,0.0000062500,0.0007000000,459.3,0.1
2026-09-04T11:16:02.189+00:00,B_sell_A_buy,11.1572,5.2572,4469.8,4469.9,22.8269,22.9148,4474.89,4475.16,0.0489,0.0628,0.0000062500,0.0007000000,0.1,25.9
2026-09-04T11:16:02.200+00:00,B_sell_A_buy,11.1572,5.2572,4469.8,4469.9,22.8269,22.9148,4474.89,4475.15,0.0489,1.7381,0.0000062500,0.0007000000,10.8,0.1
2026-09-04T11:16:02.246+00:00,B_sell_A_buy,11.1572,5.2572,4469.8,4469.9,22.8269,22.9148,4474.89,4475.15,0.0489,3.7381,0.0000062500,0.0007000000,56.7,0.1
2026-09-04T11:16:02.256+00:00,B_sell_A_buy,11.1572,5.2572,4469.8,4469.9,22.8269,22.9148,4474.89,4475.15,0.0489,1.7381,0.0000062500,0.0007000000,66.1,0.1
2026-09-04T11:16:02.558+00:00,B_sell_A_buy,11.1572,5.2572,4469.8,4469.9,0.4137,23.9729,4474.89,4475.15,0.0489,1.7381,0.0000062500,0.0007000000,0.1,303.5
2026-09-04T11:16:02.812+00:00,B_sell_A_buy,11.1574,5.2574,4469.8,4469.9,0.4137,23.9729,4474.89,4474.92,0.0489,0.7071,0.0000062500,0.0007000000,252.5,0.1
2026-09-04T11:16:02.845+00:00,B_sell_A_buy,11.1574,5.2574,4469.8,4469.9,0.4137,23.9729,4474.89,4474.91,0.0489,0.0628,0.0000062500,0.0007000000,285.7,0.1
2026-09-04T11:16:03.270+00:00,B_sell_A_buy,11.1574,5.2574,4469.8,4469.9,0.4137,25.1188,4474.89,4474.91,0.0489,0.0628,0.0000062500,0.0007000000,0.1,425.1
2026-09-04T11:16:03.304+00:00,B_sell_A_buy,10.6433,4.7433,4469.8,4469.9,0.4137,25.1188,4474.66,4474.91,0.4144,0.0628,0.0000062500,0.0007000000,33.8,0.1
2026-09-04T11:16:03.342+00:00,B_sell_A_buy,10.6656,4.7656,4469.8,4469.9,0.4137,25.1188,4474.67,4474.91,0.0489,0.0628,0.0000062500,0.0007000000,72.2,0.1
2026-09-04T11:16:03.344+00:00,B_sell_A_buy,10.6656,4.7656,4469.8,4469.9,0.4137,25.1188,4474.67,4474.91,0.3235,0.0628,0.0000062500,0.0007000000,74.5,0.1
2026-09-04T11:16:03.441+00:00,B_sell_A_buy,10.6656,4.7656,4469.8,4469.9,0.4137,25.1188,4474.67,4474.91,0.0489,0.0628,0.0000062500,0.0007000000,170.8,0.1
2026-09-04T11:16:07.333+00:00,B_sell_A_buy,10.6656,4.7656,4469.8,4469.9,0.4137,25.0994,4474.67,4474.91,0.3068,0.0628,0.0000062500,0.0007000000,1311.1,0.1
2026-09-04T11:16:07.345+00:00,B_sell_A_buy,10.6656,4.7656,4469.8,4469.9,0.4137,25.0994,4474.67,4474.91,0.0489,0.0628,0.0000062500,0.0007000000,1323.3,0.1
2026-09-04T11:16:07.709+00:00,B_sell_A_buy,10.9115,5.0115,4469.8,4469.9,0.4137,25.0994,4474.78,4474.91,0.256,0.0628,0.0000062500,0.0007000000,1688.4,0.1
2026-09-04T11:16:07.786+00:00,B_sell_A_buy,10.9338,5.0338,4469.8,4469.9,0.4137,25.0994,4474.79,4474.91,0.0489,0.0628,0.0000062500,0.0007000000,1763.9,0.1
2026-09-04T11:16:10.600+00:00,B_sell_A_buy,10.9786,5.0786,4469.8,4469.9,0.4137,23.0994,4474.81,4474.91,0.0489,0.0628,0.0000062500,0.0007000000,0.1,1664.2
2026-09-04T11:16:10.791+00:00,B_sell_A_buy,10.9786,5.0786,4469.8,4469.9,0.4137,23.0642,4474.81,4474.91,0.0489,0.0628,0.0000062500,0.0007000000,0.1,1854.1
2026-09-04T11:16:11.100+00:00,B_sell_A_buy,10.9786,5.0786,4469.8,4469.9,0.4137,25.0642,4474.81,4474.91,0.3075,0.0628,0.0000062500,0.0007000000,11.1,0.1
2026-09-04T11:16:11.215+00:00,B_sell_A_buy,10.9786,5.0786,4469.8,4469.9,0.4137,25.0642,4474.81,4474.91,0.0489,0.0628,0.0000062500,0.0007000000,127.3,0.1
2026-09-04T11:16:11.515+00:00,B_sell_A_buy,11.1796,5.2796,4469.8,4469.9,0.4137,25.0642,4474.9,4475.05,3.2354,0.0295,0.0000062500,0.0007000000,427.5,0.1
2026-09-04T11:16:11.528+00:00,B_sell_A_buy,11.1797,5.2797,4469.8,4469.9,0.4137,25.0642,4474.9,4475.04,3.2354,0.0628,0.0000062500,0.0007000000,440.5,0.1
2026-09-04T11:16:11.528+00:00,B_sell_A_buy,11.1796,5.2796,4469.8,4469.9,0.4137,25.0642,4474.9,4475.05,3.2354,0.0295,0.0000062500,0.0007000000,440.6,0.1
2026-09-04T11:16:11.542+00:00,B_sell_A_buy,11.1796,5.2796,4469.8,4469.9,0.4137,25.0642,4474.9,4475.05,3.2843,0.0295,0.0000062500,0.0007000000,453.9,0.1
2026-09-04T11:16:11.542+00:00,B_sell_A_buy,11.1795,5.2795,4469.8,4469.9,0.4137,25.0642,4474.9,4475.31,3.2843,0.0512,0.0000062500,0.0007000000,454.0,0.2
2026-09-04T11:16:11.551+00:00,B_sell_A_buy,11.1796,5.2796,4469.8,4469.9,0.4137,25.0642,4474.9,4475.16,3.2843,0.0628,0.0000062500,0.0007000000,463.1,0.1
2026-09-04T11:16:12.041+00:00,B_sell_A_buy,11.2690,5.3690,4469.8,4469.9,0.4137,25.0642,4474.94,4475.16,0.2388,0.0628,0.0000062500,0.0007000000,952.4,0.1
2026-09-04T11:16:12.095+00:00,B_sell_A_buy,11.2690,5.3690,4469.8,4469.9,0.4137,25.0642,4474.94,4475.16,0.2877,0.0628,0.0000062500,0.0007000000,1006.4,0.1
2026-09-04T11:16:12.189+00:00,B_sell_A_buy,11.2690,5.3690,4469.8,4469.9,1.779,25.0642,4474.94,4475.16,0.2877,0.0628,0.0000062500,0.0007000000,0.2,95.0
2026-09-04T11:16:12.189+00:00,B_sell_A_buy,11.2690,5.3690,4469.8,4469.9,24.1826,14.312,4474.94,4475.16,0.2877,0.0628,0.0000062500,0.0007000000,0.3,95.1
2026-09-04T11:16:12.189+00:00,B_sell_A_buy,11.2690,5.3690,4469.8,4469.9,27.5351,12.312,4474.94,4475.16,0.2877,0.0628,0.0000062500,0.0007000000,0.3,95.2
2026-09-04T11:16:12.189+00:00,B_sell_A_buy,11.2690,5.3690,4469.8,4469.9,26.1698,12.312,4474.94,4475.16,0.2877,0.0628,0.0000062500,0.0007000000,0.3,95.2
2026-09-04T11:16:12.304+00:00,B_sell_A_buy,11.2690,5.3690,4469.8,4469.9,26.1698,12.1487,4474.94,4475.16,0.2877,0.0628,0.0000062500,0.0007000000,0.1,209.5
2026-09-04T11:16:12.427+00:00,B_sell_A_buy,11.2690,5.3690,4469.8,4469.9,26.1698,14.0062,4474.94,4475.16,0.2877,0.0628,0.0000062500,0.0007000000,0.1,332.4
2026-09-04T11:16:12.427+00:00,B_sell_A_buy,11.2690,5.3690,4469.8,4469.9,23.6362,18.0062,4474.94,4475.16,0.2877,0.0628,0.0000062500,0.0007000000,0.2,332.5
2026-09-04T11:16:12.640+00:00,B_sell_A_buy,11.2690,5.3690,4469.8,4469.9,23.8599,18.0062,4474.94,4475.16,0.2877,0.0628,0.0000062500,0.0007000000,0.1,545.4
2026-09-04T11:16:13.248+00:00,B_sell_A_buy,11.2690,5.3690,4469.8,4469.9,23.8599,18.0062,4474.94,4475.16,0.0489,0.0628,0.0000062500,0.0007000000,608.3,0.2
2026-09-04T11:16:13.434+00:00,B_sell_A_buy,11.2690,5.3690,4469.8,4469.9,23.8599,18.0062,4474.94,4475.16,0.0489,2.0628,0.0000062500,0.0007000000,793.8,0.1
2026-09-04T11:16:13.440+00:00,B_sell_A_buy,10.9113,5.0113,4469.8,4469.9,23.8599,18.0062,4474.78,4475.16,3.222,2.0628,0.0000062500,0.0007000000,800.5,0.0
2026-09-04T11:16:13.440+00:00,B_sell_A_buy,10.7325,4.8325,4469.8,4469.9,23.8599,18.0062,4474.7,4475.16,0.6875,2.0628,0.0000062500,0.0007000000,800.6,0.1
2026-09-04T11:16:13.440+00:00,B_sell_A_buy,10.7325,4.8325,4469.8,4469.9,23.8599,18.0062,4474.7,4475.16,0.6875,0.0628,0.0000062500,0.0007000000,800.6,0.1
2026-09-04T11:16:13.444+00:00,B_sell_A_buy,10.7325,4.8325,4469.8,4469.9,23.8599,18.0062,4474.7,4475.13,0.6875,0.9476,0.0000062500,0.0007000000,803.9,0.1
2026-09-04T11:16:13.449+00:00,B_sell_A_buy,10.5537,4.6537,4469.8,4469.9,23.8599,18.0062,4474.62,4475.13,3.2354,0.9476,0.0000062500,0.0007000000,809.3,0.1
2026-09-04T11:16:13.491+00:00,B_sell_A_buy,10.5761,4.6761,4469.8,4469.9,23.8599,18.0062,4474.63,4475.13,0.0489,0.9476,0.0000062500,0.0007000000,851.6,0.1
2026-09-04T11:16:13.602+00:00,B_sell_A_buy,10.5761,4.6761,4469.8,4469.9,22.8173,20.9114,4474.63,4475.13,0.0489,0.9476,0.0000062500,0.0007000000,0.1,109.9
2026-09-04T11:16:13.830+00:00,B_sell_A_buy,10.5761,4.6761,4469.8,4469.9,0.4137,21.8062,4474.63,4475.13,0.0489,0.9476,0.0000062500,0.0007000000,0.1,337.7
2026-09-04T11:16:14.451+00:00,B_sell_A_buy,10.5761,4.6761,4469.8,4469.9,0.4137,21.8062,4474.63,4475.13,0.0489,2.9476,0.0000062500,0.0007000000,622.2,0.1
2026-09-04T11:16:15.292+00:00,B_sell_A_buy,10.5761,4.6761,4469.8,4469.9,0.4137,21.8062,4474.63,4475.13,1.3576,2.9476,0.0000062500,0.0007000000,1463.2,0.1
2026-09-04T11:16:15.341+00:00,B_sell_A_buy,10.5984,4.6984,4469.8,4469.9,0.4137,21.8062,4474.64,4475.13,0.226,2.0,0.0000062500,0.0007000000,1511.1,0.1
2026-09-04T11:16:15.357+00:00,B_sell_A_buy,10.5984,4.6984,4469.8,4469.9,0.4137,21.8062,4474.64,4475.16,0.226,2.0628,0.0000062500,0.0007000000,1527.9,0.1
2026-09-04T11:16:15.388+00:00,B_sell_A_buy,10.6207,4.7207,4469.8,4469.9,0.4137,21.8062,4474.65,4475.16,0.0489,2.0628,0.0000062500,0.0007000000,1559.4,0.1
2026-09-04T11:16:15.445+00:00,B_sell_A_buy,10.6431,4.7431,4469.8,4469.9,0.4137,21.8062,4474.66,4475.16,0.1362,2.0628,0.0000062500,0.0007000000,1616.0,0.1
2026-09-04T11:16:15.481+00:00,B_sell_A_buy,10.6655,4.7655,4469.8,4469.9,0.4137,21.8062,4474.67,4475.16,0.0489,2.0628,0.0000062500,0.0007000000,1652.4,0.1
2026-09-04T11:16:15.553+00:00,B_sell_A_buy,10.6878,4.7878,4469.8,4469.9,0.4137,21.8062,4474.68,4475.16,0.0957,2.0628,0.0000062500,0.0007000000,1724.3,0.1
2026-09-04T11:16:15.580+00:00,B_sell_A_buy,10.7102,4.8102,4469.8,4469.9,0.4137,21.8062,4474.69,4475.16,0.0489,2.0628,0.0000062500,0.0007000000,1750.9,0.1
2026-09-04T11:16:15.638+00:00,B_sell_A_buy,10.7325,4.8325,4469.8,4469.9,0.4137,21.8062,4474.7,4475.16,0.0424,2.0628,0.0000062500,0.0007000000,1809.3,0.1
2026-09-04T11:16:15.684+00:00,B_sell_A_buy,10.7549,4.8549,4469.8,4469.9,0.4137,21.8062,4474.71,4475.16,0.0489,2.0628,0.0000062500,0.0007000000,1854.8,0.1
2026-09-04T11:16:15.746+00:00,B_sell_A_buy,10.7772,4.8772,4469.8,4469.9,0.4137,21.8062,4474.72,4475.16,0.0268,2.0628,0.0000062500,0.0007000000,1917.3,0.1
2026-09-04T11:16:15.789+00:00,B_sell_A_buy,10.7996,4.8996,4469.8,4469.9,0.4137,21.8062,4474.73,4475.16,0.0489,2.0628,0.0000062500,0.0007000000,1959.6,0.1
2026-09-04T11:16:16.701+00:00,B_sell_A_buy,11.0902,5.1902,4469.8,4469.9,1.9448,21.8062,4474.86,4475.06,0.0489,0.0628,0.0000062500,0.0007000000,0.1,366.4
2026-09-04T11:16:16.841+00:00,B_sell_A_buy,11.0902,5.1902,4469.8,4469.9,1.9448,20.6877,4474.86,4475.06,0.0489,0.0628,0.0000062500,0.0007000000,0.1,506.5
2026-09-04T11:16:16.841+00:00,B_sell_A_buy,11.0902,5.1902,4469.8,4469.9,1.9766,18.9114,4474.86,4475.06,0.0489,0.0628,0.0000062500,0.0007000000,0.2,506.6
2026-09-04T11:16:17.143+00:00,B_sell_A_buy,11.0902,5.1902,4469.8,4469.9,1.9766,20.9114,4474.86,4475.06,0.0489,0.0628,0.0000062500,0.0007000000,0.1,807.8
2026-09-04T11:16:17.476+00:00,B_sell_A_buy,11.0679,5.1679,4469.8,4469.9,1.9766,20.9114,4474.85,4475.06,3.2354,0.0628,0.0000062500,0.0007000000,332.9,0.1
2026-09-04T11:16:27.262+00:00,B_sell_A_buy,11.0902,5.1902,4469.8,4469.9,0.4455,20.9114,4474.86,4475.06,0.0293,0.0628,0.0000062500,0.0007000000,0.1,770.6
2026-09-04T11:16:28.013+00:00,B_sell_A_buy,11.0902,5.1902,4469.8,4469.9,0.4455,20.9114,4474.86,4475.06,0.9029,0.0628,0.0000062500,0.0007000000,749.9,0.1
2026-09-04T11:16:28.091+00:00,B_sell_A_buy,11.0679,5.1679,4469.8,4469.9,0.4455,20.9114,4474.85,4475.06,3.2354,0.0628,0.0000062500,0.0007000000,828.1,0.1
2026-09-04T11:16:28.091+00:00,B_sell_A_buy,10.7102,4.8102,4469.8,4469.9,0.4455,20.9114,4474.69,4475.06,0.0948,0.0628,0.0000062500,0.0007000000,828.2,0.2
2026-09-04T11:16:28.145+00:00,B_sell_A_buy,10.7326,4.8326,4469.8,4469.9,0.4455,20.9114,4474.7,4475.06,0.418,0.0628,0.0000062500,0.0007000000,882.6,0.1
2026-09-04T11:16:28.275+00:00,B_sell_A_buy,10.7326,4.8326,4469.8,4469.9,0.4455,20.9114,4474.7,4475.06,0.418,2.0628,0.0000062500,0.0007000000,1011.8,0.1
2026-09-04T11:16:28.279+00:00,B_sell_A_buy,10.7326,4.8326,4469.8,4469.9,0.4455,20.9114,4474.7,4475.06,0.418,0.0628,0.0000062500,0.0007000000,1015.9,0.1
2026-09-04T11:16:28.374+00:00,B_sell_A_buy,10.7326,4.8326,4469.8,4469.9,0.4455,20.9114,4474.7,4475.06,1.2604,0.0628,0.0000062500,0.0007000000,1110.9,0.1
2026-09-04T11:16:28.448+00:00,B_sell_A_buy,10.7326,4.8326,4469.8,4469.9,0.4455,20.9114,4474.7,4475.06,0.418,0.0628,0.0000062500,0.0007000000,1185.4,0.1
2026-09-04T11:16:28.566+00:00,B_sell_A_buy,10.7326,4.8326,4469.8,4469.9,0.4137,24.1935,4474.7,4475.06,0.418,0.0628,0.0000062500,0.0007000000,0.1,117.9
2026-09-04T11:16:28.775+00:00,B_sell_A_buy,10.7326,4.8326,4469.8,4469.9,0.4137,24.1936,4474.7,4475.06,0.418,0.0628,0.0000062500,0.0007000000,0.1,326.9
2026-09-04T11:16:28.898+00:00,B_sell_A_buy,10.7326,4.8326,4469.8,4469.9,0.4137,24.1936,4474.7,4475.06,1.2991,0.0628,0.0000062500,0.0007000000,123.0,0.1
2026-09-04T11:16:29.596+00:00,B_sell_A_buy,10.7326,4.8326,4469.8,4469.9,1.9538,24.1936,4474.7,4475.06,1.2991,0.0628,0.0000062500,0.0007000000,0.1,698.4
2026-09-04T11:16:29.768+00:00,B_sell_A_buy,10.7326,4.8326,4469.8,4469.9,1.9538,24.0303,4474.7,4475.06,1.2991,0.0628,0.0000062500,0.0007000000,0.1,870.6
2026-09-04T11:16:30.140+00:00,B_sell_A_buy,10.7326,4.8326,4469.8,4469.9,2.4538,24.0303,4474.7,4475.06,1.2991,0.0628,0.0000062500,0.0007000000,0.1,1243.3
2026-09-04T11:16:30.517+00:00,B_sell_A_buy,10.7326,4.8326,4469.8,4469.9,0.9137,24.0303,4474.7,4475.06,1.2991,0.0628,0.0000062500,0.0007000000,0.1,1620.1
2026-09-04T11:16:30.847+00:00,B_sell_A_buy,10.7326,4.8326,4469.8,4469.9,0.4137,24.0303,4474.7,4475.06,1.2991,0.0628,0.0000062500,0.0007000000,0.1,1949.1
2026-09-04T11:16:30.948+00:00,B_sell_A_buy,11.1796,5.2796,4469.8,4469.9,0.4137,24.0303,4474.9,4475.06,3.2354,0.0628,0.0000062500,0.0007000000,101.7,0.1
2026-09-04T11:16:31.385+00:00,B_sell_A_buy,11.1796,5.2796,4469.8,4469.9,0.4137,22.0303,4474.9,4475.06,3.2354,0.0628,0.0000062500,0.0007000000,0.1,436.4
2026-09-04T11:16:31.813+00:00,B_sell_A_buy,11.1796,5.2796,4469.8,4469.9,0.4137,22.0303,4474.9,4475.06,3.2354,0.0604,0.0000062500,0.0007000000,427.9,0.1
2026-09-04T11:16:31.813+00:00,B_sell_A_buy,11.2020,5.3020,4469.8,4469.9,0.4137,22.0303,4474.91,4475.06,0.2418,0.0604,0.0000062500,0.0007000000,428.0,0.2
2026-09-04T11:16:32.051+00:00,B_sell_A_buy,11.2020,5.3020,4469.8,4469.9,0.7865,22.0303,4474.91,4475.06,0.2418,0.0604,0.0000062500,0.0007000000,0.1,238.7
2026-09-04T11:16:32.051+00:00,B_sell_A_buy,11.2020,5.3020,4469.8,4469.9,2.2284,22.0303,4474.91,4475.06,0.2418,0.0604,0.0000062500,0.0007000000,0.2,238.8
2026-09-04T11:16:32.197+00:00,B_sell_A_buy,11.2020,5.3020,4469.8,4469.9,2.7284,22.0303,4474.91,4475.06,0.2418,0.0604,0.0000062500,0.0007000000,0.1,384.3
2026-09-04T11:16:32.197+00:00,B_sell_A_buy,11.2243,5.3243,4469.8,4469.9,2.7284,22.0303,4474.92,4475.06,0.0513,0.0604,0.0000062500,0.0007000000,0.2,0.2
2026-09-04T11:16:32.265+00:00,B_sell_A_buy,11.2243,5.3243,4469.8,4469.9,2.7284,22.0303,4474.92,4475.06,0.1934,0.0604,0.0000062500,0.0007000000,67.9,0.1
2026-09-04T11:16:32.547+00:00,B_sell_A_buy,11.2243,5.3243,4469.8,4469.9,2.7284,22.0303,4474.92,4475.06,0.0513,0.0604,0.0000062500,0.0007000000,350.0,0.1
2026-09-04T11:16:32.939+00:00,B_sell_A_buy,11.2243,5.3243,4469.8,4469.9,2.7284,22.0303,4474.92,4475.06,0.9409,0.0604,0.0000062500,0.0007000000,741.9,0.1
2026-09-04T11:16:32.939+00:00,B_sell_A_buy,11.2243,5.3243,4469.8,4469.9,2.7284,22.0303,4474.92,4475.06,1.1852,0.0604,0.0000062500,0.0007000000,742.0,0.2
2026-09-04T11:16:32.939+00:00,B_sell_A_buy,11.2243,5.3243,4469.8,4469.9,2.7284,24.0303,4474.92,4475.06,1.1852,0.0604,0.0000062500,0.0007000000,0.1,0.2
2026-09-04T11:16:33.285+00:00,B_sell_A_buy,11.2243,5.3243,4469.8,4469.9,2.7284,24.0303,4474.92,4475.06,0.2956,0.0604,0.0000062500,0.0007000000,345.9,0.1
2026-09-04T11:16:33.356+00:00,B_sell_A_buy,11.2243,5.3243,4469.8,4469.9,0.9137,24.0303,4474.92,4475.06,0.2956,0.0604,0.0000062500,0.0007000000,0.1,71.3
2026-09-04T11:16:33.356+00:00,B_sell_A_buy,11.2243,5.3243,4469.8,4469.9,0.9137,22.0303,4474.92,4475.06,0.2956,0.0604,0.0000062500,0.0007000000,0.2,71.4
2026-09-04T11:16:33.356+00:00,B_sell_A_buy,11.2243,5.3243,4469.8,4469.9,0.9137,22.0303,4474.92,4475.06,1.1114,0.0604,0.0000062500,0.0007000000,0.2,0.2
2026-09-04T11:16:33.514+00:00,B_sell_A_buy,11.2243,5.3243,4469.8,4469.9,0.9137,22.0303,4474.92,4475.18,1.1114,0.0467,0.0000062500,0.0007000000,158.6,0.1
2026-09-04T11:16:33.514+00:00,B_sell_A_buy,11.2243,5.3243,4469.8,4469.9,0.9137,22.0303,4474.92,4475.07,1.1114,0.0604,0.0000062500,0.0007000000,158.7,0.3
2026-09-04T11:16:33.514+00:00,B_sell_A_buy,11.2243,5.3243,4469.8,4469.9,0.9137,22.0303,4474.92,4475.17,1.1114,0.0604,0.0000062500,0.0007000000,158.8,0.4
2026-09-04T11:16:33.650+00:00,B_sell_A_buy,11.2243,5.3243,4469.8,4469.9,0.4137,22.0303,4474.92,4475.17,1.1114,0.0604,0.0000062500,0.0007000000,0.1,135.7
2026-09-04T11:16:33.862+00:00,B_sell_A_buy,11.2243,5.3243,4469.8,4469.9,24.4758,16.5245,4474.92,4475.17,1.1114,0.0604,0.0000062500,0.0007000000,0.1,348.1
2026-09-04T11:16:34.150+00:00,B_sell_A_buy,11.2242,5.3242,4469.8,4469.9,24.4758,16.5245,4474.92,4475.25,1.1114,0.0508,0.0000062500,0.0007000000,288.2,0.1
2026-09-04T11:16:34.154+00:00,B_sell_A_buy,11.7160,5.8160,4469.8,4469.9,24.4758,16.5245,4475.14,4475.25,3.2354,0.0508,0.0000062500,0.0007000000,291.4,0.1
2026-09-04T11:16:34.164+00:00,B_sell_A_buy,11.7160,5.8160,4469.8,4469.9,24.4758,16.5245,4475.14,4475.21,3.2354,0.0604,0.0000062500,0.0007000000,301.4,0.1
2026-09-04T11:16:34.186+00:00,B_sell_A_buy,11.8501,5.9501,4469.8,4469.9,24.4758,16.5245,4475.2,4475.21,0.1272,0.0604,0.0000062500,0.0007000000,324.1,0.1
2026-09-04T11:16:34.218+00:00,B_sell_A_buy,11.8501,5.9501,4469.8,4469.9,24.4758,14.0063,4475.2,4475.21,0.1272,0.0604,0.0000062500,0.0007000000,0.1,32.1
2026-09-04T11:16:34.277+00:00,B_sell_A_buy,11.8501,5.9501,4469.8,4469.9,24.4758,14.0063,4475.2,4475.21,1.074,0.0604,0.0000062500,0.0007000000,58.0,0.1
2026-09-04T11:16:34.277+00:00,B_sell_A_buy,11.8501,5.9501,4469.8,4469.9,24.4758,14.0063,4475.2,4475.25,1.074,0.0508,0.0000062500,0.0007000000,58.1,0.2
2026-09-04T11:16:34.286+00:00,B_sell_A_buy,11.8499,5.9499,4469.8,4469.9,24.4758,14.0063,4475.2,4475.54,1.074,0.0617,0.0000062500,0.0007000000,67.7,0.1
2026-09-04T11:16:34.292+00:00,B_sell_A_buy,11.8499,5.9499,4469.8,4469.9,24.4758,14.0063,4475.2,4475.54,1.1253,0.0617,0.0000062500,0.0007000000,73.5,0.0
2026-09-04T11:16:34.302+00:00,B_sell_A_buy,11.8500,5.9500,4469.8,4469.9,24.4758,14.0063,4475.2,4475.35,1.1253,0.0604,0.0000062500,0.0007000000,84.1,0.1
2026-09-04T11:16:34.546+00:00,B_sell_A_buy,11.8500,5.9500,4469.8,4469.9,29.777,13.9385,4475.2,4475.35,1.1253,0.0604,0.0000062500,0.0007000000,0.1,243.9
2026-09-04T11:16:34.546+00:00,B_sell_A_buy,11.8500,5.9500,4469.8,4469.9,35.1646,13.9385,4475.2,4475.35,1.1253,0.0604,0.0000062500,0.0007000000,0.2,244.0
2026-09-04T11:16:34.580+00:00,B_sell_A_buy,11.8499,5.9499,4469.8,4469.9,35.1646,13.9385,4475.2,4475.54,1.1253,0.0617,0.0000062500,0.0007000000,34.6,0.1
2026-09-04T11:16:34.599+00:00,B_sell_A_buy,11.8723,5.9723,4469.8,4469.9,35.1646,13.9385,4475.21,4475.54,0.0863,0.0617,0.0000062500,0.0007000000,53.9,0.1
2026-09-04T11:16:34.637+00:00,B_sell_A_buy,11.8723,5.9723,4469.8,4469.9,35.1646,13.9385,4475.21,4475.54,1.04,0.0617,0.0000062500,0.0007000000,91.2,0.1
2026-09-04T11:16:34.659+00:00,B_sell_A_buy,11.8723,5.9723,4469.8,4469.9,36.7918,13.9385,4475.21,4475.54,1.04,0.0617,0.0000062500,0.0007000000,0.1,21.9
2026-09-04T11:16:34.725+00:00,B_sell_A_buy,11.7158,5.8158,4469.8,4469.9,36.7918,13.9385,4475.14,4475.54,3.2354,0.0617,0.0000062500,0.0007000000,66.2,0.1
2026-09-04T11:16:34.749+00:00,B_sell_A_buy,11.7381,5.8381,4469.8,4469.9,36.7918,13.9385,4475.15,4475.54,0.1524,0.0617,0.0000062500,0.0007000000,90.2,0.1
2026-09-04T11:16:34.784+00:00,B_sell_A_buy,11.7381,5.8381,4469.8,4469.9,36.7918,13.9385,4475.15,4475.54,0.2641,0.0617,0.0000062500,0.0007000000,125.3,0.1
2026-09-04T11:16:34.799+00:00,B_sell_A_buy,11.7382,5.8382,4469.8,4469.9,36.7918,13.9385,4475.15,4475.53,0.2641,0.0618,0.0000062500,0.0007000000,140.6,0.1
2026-09-04T11:16:35.130+00:00,B_sell_A_buy,11.7382,5.8382,4469.8,4469.9,32.7918,13.9385,4475.15,4475.53,0.2641,0.0618,0.0000062500,0.0007000000,0.1,330.8
2026-09-04T11:16:35.342+00:00,B_sell_A_buy,11.7382,5.8382,4469.8,4469.9,32.7918,13.9385,4475.15,4475.53,0.2641,0.0604,0.0000062500,0.0007000000,211.8,0.1
2026-09-04T11:16:35.577+00:00,B_sell_A_buy,11.7380,5.8380,4469.8,4469.9,32.7918,13.9385,4475.15,4475.82,0.2641,2.1434,0.0000062500,0.0007000000,446.8,0.1
2026-09-04T11:16:35.595+00:00,B_sell_A_buy,11.7380,5.8380,4469.8,4469.9,32.7918,13.9385,4475.15,4475.82,1.0946,4.1434,0.0000062500,0.0007000000,465.5,0.1
2026-09-04T11:16:35.595+00:00,B_sell_A_buy,11.7380,5.8380,4469.8,4469.9,32.7918,13.9385,4475.15,4475.81,1.0946,2.7499,0.0000062500,0.0007000000,465.6,0.2
2026-09-04T11:16:35.605+00:00,B_sell_A_buy,11.7380,5.8380,4469.8,4469.9,32.7918,13.9385,4475.15,4475.81,1.0946,3.3765,0.0000062500,0.0007000000,474.9,0.1
2026-09-04T11:16:35.614+00:00,B_sell_A_buy,11.7380,5.8380,4469.8,4469.9,32.7918,13.9385,4475.15,4475.81,1.0946,5.3765,0.0000062500,0.0007000000,484.1,0.1
2026-09-04T11:16:35.655+00:00,B_sell_A_buy,11.7380,5.8380,4469.8,4469.9,32.7918,13.9385,4475.15,4475.81,0.2641,5.3765,0.0000062500,0.0007000000,524.6,0.1
2026-09-04T11:16:36.073+00:00,B_sell_A_buy,11.7380,5.8380,4469.8,4469.9,32.7918,13.9206,4475.15,4475.81,0.2641,5.3765,0.0000062500,0.0007000000,0.1,418.9
2026-09-04T11:16:36.163+00:00,B_sell_A_buy,11.7380,5.8380,4469.8,4469.9,32.7918,13.9206,4475.15,4475.81,1.0975,5.3765,0.0000062500,0.0007000000,89.8,0.1
2026-09-04T11:16:37.304+00:00,B_sell_A_buy,11.7380,5.8380,4469.8,4469.9,32.7918,13.9206,4475.15,4475.81,1.0975,2.6266,0.0000062500,0.0007000000,1231.3,0.1
2026-09-04T11:16:37.570+00:00,B_sell_A_buy,11.7381,5.8381,4469.8,4469.9,32.7918,13.9206,4475.15,4475.57,1.0975,0.0112,0.0000062500,0.0007000000,1496.0,0.1
2026-09-04T11:16:37.683+00:00,B_sell_A_buy,11.7381,5.8381,4469.8,4469.9,35.1646,13.9206,4475.15,4475.57,1.0975,0.0112,0.0000062500,0.0007000000,0.1,113.5
2026-09-04T11:16:38.371+00:00,B_sell_A_buy,11.7381,5.8381,4469.8,4469.9,35.1646,13.9206,4475.15,4475.57,1.0975,0.009,0.0000062500,0.0007000000,688.5,0.1
2026-09-04T11:16:38.767+00:00,B_sell_A_buy,12.2299,6.3299,4469.8,4469.9,35.1646,13.9206,4475.37,4475.57,3.2354,0.009,0.0000062500,0.0007000000,1084.0,0.1
2026-09-04T11:16:38.890+00:00,B_sell_A_buy,12.2298,6.3298,4469.8,4469.9,35.1646,13.9206,4475.37,4475.6,3.2354,0.0465,0.0000062500,0.0007000000,1207.1,0.1
2026-09-04T11:16:39.042+00:00,B_sell_A_buy,12.2522,6.3522,4469.8,4469.9,35.1646,13.9206,4475.38,4475.6,0.0725,0.0465,0.0000062500,0.0007000000,1359.2,0.1
2026-09-04T11:16:39.098+00:00,B_sell_A_buy,12.2298,6.3298,4469.8,4469.9,35.1646,13.9206,4475.37,4475.6,3.2354,0.0465,0.0000062500,0.0007000000,1415.1,0.1
2026-09-04T11:16:39.237+00:00,B_sell_A_buy,12.2298,6.3298,4469.8,4469.9,35.1646,12.0101,4475.37,4475.6,3.2354,0.0465,0.0000062500,0.0007000000,0.1,138.6
2026-09-04T11:16:39.313+00:00,B_sell_A_buy,12.2298,6.3298,4469.8,4469.9,37.1728,12.0101,4475.37,4475.6,3.2354,0.0465,0.0000062500,0.0007000000,0.1,214.6
2026-09-04T11:16:39.395+00:00,B_sell_A_buy,12.2298,6.3298,4469.8,4469.9,37.1728,12.0101,4475.37,4475.6,3.2354,0.031,0.0000062500,0.0007000000,82.8,0.1
2026-09-04T11:16:39.928+00:00,B_sell_A_buy,12.2298,6.3298,4469.8,4469.9,37.1728,12.0101,4475.37,4475.6,3.2354,0.0374,0.0000062500,0.0007000000,615.2,0.1
2026-09-04T11:16:40.463+00:00,B_sell_A_buy,12.2298,6.3298,4469.8,4469.9,37.1728,12.0101,4475.37,4475.6,3.2354,0.0387,0.0000062500,0.0007000000,1150.3,0.1
2026-09-04T11:16:40.528+00:00,B_sell_A_buy,12.2298,6.3298,4469.8,4469.9,37.1728,12.0101,4475.37,4475.6,3.0679,0.0387,0.0000062500,0.0007000000,1216.0,0.2
2026-09-04T11:16:40.983+00:00,B_sell_A_buy,12.2298,6.3298,4469.8,4469.9,37.1728,12.0101,4475.37,4475.61,3.0679,0.0331,0.0000062500,0.0007000000,1670.3,0.1
2026-09-04T11:16:42.169+00:00,B_sell_A_buy,12.2298,6.3298,4469.8,4469.9,33.1728,12.0101,4475.37,4475.6,3.0679,0.0347,0.0000062500,0.0007000000,0.1,42.6
2026-09-04T11:16:42.169+00:00,B_sell_A_buy,12.2298,6.3298,4469.8,4469.9,33.1646,12.0101,4475.37,4475.6,3.0679,0.0347,0.0000062500,0.0007000000,0.2,42.7
2026-09-04T11:16:42.488+00:00,B_sell_A_buy,11.7158,5.8158,4469.8,4469.9,33.1646,12.0101,4475.14,4475.6,3.2354,0.0347,0.0000062500,0.0007000000,319.3,0.1
2026-09-04T11:16:42.542+00:00,B_sell_A_buy,11.7158,5.8158,4469.8,4469.9,33.1646,12.0101,4475.14,4475.59,3.2354,3.1422,0.0000062500,0.0007000000,374.2,0.1
2026-09-04T11:16:42.624+00:00,B_sell_A_buy,11.7158,5.8158,4469.8,4469.9,33.1646,13.7998,4475.14,4475.59,3.2354,3.1422,0.0000062500,0.0007000000,0.1,81.2
2026-09-04T11:16:42.624+00:00,B_sell_A_buy,11.7158,5.8158,4469.8,4469.9,33.1646,13.9179,4475.14,4475.59,3.2354,3.1422,0.0000062500,0.0007000000,0.2,81.3
2026-09-04T11:16:42.703+00:00,B_sell_A_buy,11.7157,5.8157,4469.8,4469.9,33.1646,13.9179,4475.14,4475.71,3.2354,0.86,0.0000062500,0.0007000000,80.2,0.1
2026-09-04T11:16:42.744+00:00,B_sell_A_buy,11.7380,5.8380,4469.8,4469.9,33.1646,13.9179,4475.15,4475.7,0.1295,2.6902,0.0000062500,0.0007000000,119.8,0.1
2026-09-04T11:16:42.783+00:00,B_sell_A_buy,11.7380,5.8380,4469.8,4469.9,33.1646,13.9179,4475.15,4475.7,0.2412,2.6902,0.0000062500,0.0007000000,158.8,0.1
2026-09-04T11:16:42.783+00:00,B_sell_A_buy,11.7380,5.8380,4469.8,4469.9,33.1646,13.9179,4475.15,4475.7,0.2412,4.6902,0.0000062500,0.0007000000,159.0,0.2
2026-09-04T11:16:42.872+00:00,B_sell_A_buy,11.7380,5.8380,4469.8,4469.9,30.472,17.2,4475.15,4475.7,0.2412,4.6902,0.0000062500,0.0007000000,0.1,89.3
2026-09-04T11:16:43.068+00:00,B_sell_A_buy,11.7380,5.8380,4469.8,4469.9,30.472,17.2715,4475.15,4475.7,0.2412,4.6902,0.0000062500,0.0007000000,0.1,286.3
2026-09-04T11:16:43.155+00:00,B_sell_A_buy,11.7381,5.8381,4469.8,4469.9,30.472,17.2715,4475.15,4475.6,0.2412,0.0133,0.0000062500,0.0007000000,87.0,0.1
2026-09-04T11:16:43.171+00:00,B_sell_A_buy,11.7381,5.8381,4469.8,4469.9,30.472,17.2715,4475.15,4475.6,0.2412,2.0133,0.0000062500,0.0007000000,102.2,0.1
2026-09-04T11:16:43.528+00:00,B_sell_A_buy,11.7381,5.8381,4469.8,4469.9,30.472,17.2715,4475.15,4475.6,0.1117,2.0133,0.0000062500,0.0007000000,459.9,0.1
2026-09-04T11:16:43.707+00:00,B_sell_A_buy,11.7381,5.8381,4469.8,4469.9,30.472,17.2715,4475.15,4475.6,0.1117,2.0148,0.0000062500,0.0007000000,638.3,0.1
2026-09-04T11:16:44.237+00:00,B_sell_A_buy,11.7381,5.8381,4469.8,4469.9,30.472,17.2715,4475.15,4475.6,0.1117,2.0162,0.0000062500,0.0007000000,1168.9,0.1
2026-09-04T11:16:44.298+00:00,B_sell_A_buy,11.7605,5.8605,4469.8,4469.9,30.472,17.2715,4475.16,4475.6,0.1508,2.0162,0.0000062500,0.0007000000,1229.4,0.1
2026-09-04T11:16:44.332+00:00,B_sell_A_buy,11.7828,5.8828,4469.8,4469.9,30.472,17.2715,4475.17,4475.6,0.1117,2.0162,0.0000062500,0.0007000000,1262.9,0.1
2026-09-04T11:16:44.758+00:00,B_sell_A_buy,11.7829,5.8829,4469.8,4469.9,30.472,17.2715,4475.17,4475.46,0.1117,0.0175,0.0000062500,0.0007000000,1689.9,0.1
2026-09-04T11:16:44.758+00:00,B_sell_A_buy,11.7829,5.8829,4469.8,4469.9,30.0992,17.2715,4475.17,4475.46,0.1117,0.0175,0.0000062500,0.0007000000,0.2,0.2
2026-09-04T11:16:45.299+00:00,B_sell_A_buy,11.7829,5.8829,4469.8,4469.9,30.0992,17.2715,4475.17,4475.46,0.1117,0.0187,0.0000062500,0.0007000000,540.5,0.1
2026-09-04T11:16:45.623+00:00,B_sell_A_buy,12.0511,6.1511,4469.8,4469.9,30.0992,17.2715,4475.29,4475.46,0.1489,0.0187,0.0000062500,0.0007000000,864.3,0.1
2026-09-04T11:16:45.818+00:00,B_sell_A_buy,11.7158,5.8158,4469.8,4469.9,30.0992,17.2715,4475.14,4475.46,3.2354,0.0187,0.0000062500,0.0007000000,1060.2,0.1
2026-09-04T11:16:45.827+00:00,B_sell_A_buy,11.7158,5.8158,4469.8,4469.9,30.0992,17.2715,4475.14,4475.52,3.2354,0.0201,0.0000062500,0.0007000000,1068.5,0.0
2026-09-04T11:16:45.844+00:00,B_sell_A_buy,11.7158,5.8158,4469.8,4469.9,30.0992,17.2715,4475.14,4475.52,3.2354,2.0201,0.0000062500,0.0007000000,1085.9,0.0
2026-09-04T11:16:45.963+00:00,B_sell_A_buy,11.7158,5.8158,4469.8,4469.9,26.7434,17.2715,4475.14,4475.52,3.2354,2.0201,0.0000062500,0.0007000000,0.1,118.4
2026-09-04T11:16:45.999+00:00,B_sell_A_buy,11.7158,5.8158,4469.8,4469.9,27.1162,17.2715,4475.14,4475.52,3.2354,2.0201,0.0000062500,0.0007000000,0.1,154.2
2026-09-04T11:16:46.101+00:00,B_sell_A_buy,11.7158,5.8158,4469.8,4469.9,25.9703,16.1256,4475.14,4475.52,3.2354,2.0201,0.0000062500,0.0007000000,0.1,256.4
2026-09-04T11:16:46.362+00:00,B_sell_A_buy,11.7158,5.8158,4469.8,4469.9,25.9703,16.1256,4475.14,4475.47,3.2354,0.0212,0.0000062500,0.0007000000,261.6,0.1
2026-09-04T11:16:46.757+00:00,B_sell_A_buy,11.8276,5.9276,4469.8,4469.9,25.9703,16.1256,4475.19,4475.47,0.1487,0.0212,0.0000062500,0.0007000000,656.5,0.1
2026-09-04T11:16:46.784+00:00,B_sell_A_buy,11.8276,5.9276,4469.8,4469.9,25.9703,16.1256,4475.19,4475.47,0.2604,0.0212,0.0000062500,0.0007000000,683.7,0.1
2026-09-04T11:16:46.886+00:00,B_sell_A_buy,11.8276,5.9276,4469.8,4469.9,25.9703,16.1256,4475.19,4475.47,0.2604,0.0223,0.0000062500,0.0007000000,785.5,0.1
2026-09-04T11:16:47.118+00:00,B_sell_A_buy,11.8276,5.9276,4469.8,4469.9,25.9703,16.1256,4475.19,4475.47,0.2604,2.0223,0.0000062500,0.0007000000,1017.5,0.1
2026-09-04T11:16:47.132+00:00,B_sell_A_buy,11.8276,5.9276,4469.8,4469.9,26.194,16.1256,4475.19,4475.47,0.2604,2.0223,0.0000062500,0.0007000000,0.1,13.9
2026-09-04T11:16:47.217+00:00,B_sell_A_buy,11.8276,5.9276,4469.8,4469.9,26.194,16.1256,4475.19,4475.47,0.2604,0.0223,0.0000062500,0.0007000000,85.9,0.1
2026-09-04T11:16:47.334+00:00,B_sell_A_buy,11.8276,5.9276,4469.8,4469.9,26.194,16.1256,4475.19,4475.47,0.2604,2.0223,0.0000062500,0.0007000000,202.3,0.1
2026-09-04T11:16:47.411+00:00,B_sell_A_buy,11.8276,5.9276,4469.8,4469.9,25.9703,16.1256,4475.19,4475.47,0.2604,2.0223,0.0000062500,0.0007000000,0.1,77.8
2026-09-04T11:16:47.414+00:00,B_sell_A_buy,11.8276,5.9276,4469.8,4469.9,25.9703,16.1256,4475.19,4475.47,0.2604,2.0231,0.0000062500,0.0007000000,3.0,0.1
2026-09-04T11:16:47.712+00:00,B_sell_A_buy,11.8276,5.9276,4469.8,4469.9,25.9703,16.3493,4475.19,4475.47,0.2604,2.0231,0.0000062500,0.0007000000,0.1,297.7
2026-09-04T11:16:47.829+00:00,B_sell_A_buy,11.8276,5.9276,4469.8,4469.9,25.9703,16.3493,4475.19,4475.47,0.1117,2.0231,0.0000062500,0.0007000000,116.5,0.1
2026-09-04T11:16:47.942+00:00,B_sell_A_buy,11.8276,5.9276,4469.8,4469.9,25.9703,16.3493,4475.19,4475.47,0.1117,2.0242,0.0000062500,0.0007000000,229.4,0.1
2026-09-04T11:16:48.470+00:00,B_sell_A_buy,11.8276,5.9276,4469.8,4469.9,25.9703,16.3493,4475.19,4475.47,0.1117,2.0249,0.0000062500,0.0007000000,758.1,0.1
2026-09-04T11:16:48.737+00:00,B_sell_A_buy,11.8276,5.9276,4469.8,4469.9,25.9703,16.3566,4475.19,4475.47,0.1117,2.0249,0.0000062500,0.0007000000,0.1,266.8
2026-09-04T11:16:48.984+00:00,B_sell_A_buy,11.8276,5.9276,4469.8,4469.9,25.9703,16.3566,4475.19,4475.47,0.1117,2.0257,0.0000062500,0.0007000000,247.9,0.1
2026-09-04T11:16:49.853+00:00,B_sell_A_buy,11.8276,5.9276,4469.8,4469.9,25.9703,16.3566,4475.19,4475.47,0.1117,0.0257,0.0000062500,0.0007000000,1116.4,0.1
2026-09-04T11:16:49.926+00:00,B_sell_A_buy,11.8500,5.9500,4469.8,4469.9,25.9703,16.3566,4475.2,4475.47,0.1315,0.0257,0.0000062500,0.0007000000,1189.3,0.1
2026-09-04T11:16:49.979+00:00,B_sell_A_buy,11.8500,5.9500,4469.8,4469.9,25.9703,16.3566,4475.2,4475.39,0.1315,1.0036,0.0000062500,0.0007000000,1242.8,0.1
2026-09-04T11:16:49.989+00:00,B_sell_A_buy,11.8724,5.9724,4469.8,4469.9,25.9703,16.3566,4475.21,4475.39,0.1117,1.0036,0.0000062500,0.0007000000,1252.7,0.1
2026-09-04T11:16:52.472+00:00,B_sell_A_buy,11.7382,5.8382,4469.8,4469.9,25.9703,16.1329,4475.15,4475.39,0.1453,1.0036,0.0000062500,0.0007000000,0.1,226.4
2026-09-04T11:16:52.694+00:00,B_sell_A_buy,11.7382,5.8382,4469.8,4469.9,27.9703,16.1329,4475.15,4475.39,0.1453,1.0036,0.0000062500,0.0007000000,0.1,448.1
2026-09-04T11:16:52.729+00:00,B_sell_A_buy,12.1182,6.2182,4469.8,4469.9,27.9703,16.1329,4475.32,4475.39,0.0735,1.0036,0.0000062500,0.0007000000,34.4,0.1
2026-09-04T11:16:52.795+00:00,B_sell_A_buy,11.7382,5.8382,4469.8,4469.9,27.9703,16.1329,4475.15,4475.39,0.1453,1.0036,0.0000062500,0.0007000000,100.9,0.1
2026-09-04T11:16:53.067+00:00,B_sell_A_buy,11.7382,5.8382,4469.8,4469.9,30.5715,16.1329,4475.15,4475.39,0.1453,1.0036,0.0000062500,0.0007000000,0.1,272.7
2026-09-04T11:16:53.251+00:00,B_sell_A_buy,11.7382,5.8382,4469.8,4469.9,30.5715,12.7793,4475.15,4475.39,0.1453,1.0036,0.0000062500,0.0007000000,0.1,456.1
2026-09-04T11:16:53.573+00:00,B_sell_A_buy,11.7382,5.8382,4469.8,4469.9,30.7445,12.7793,4475.15,4475.39,0.1453,1.0036,0.0000062500,0.0007000000,0.1,777.6
2026-09-04T11:16:55.180+00:00,B_sell_A_buy,11.7159,5.8159,4469.8,4469.9,30.7445,12.7793,4475.14,4475.39,3.2354,1.0036,0.0000062500,0.0007000000,1607.3,0.1
2026-09-04T11:16:55.251+00:00,B_sell_A_buy,11.7382,5.8382,4469.8,4469.9,30.7445,12.7793,4475.15,4475.39,0.1488,1.0036,0.0000062500,0.0007000000,1678.7,0.1
2026-09-04T11:16:55.367+00:00,B_sell_A_buy,11.7382,5.8382,4469.8,4469.9,32.7445,12.7793,4475.15,4475.39,0.1488,1.0036,0.0000062500,0.0007000000,0.1,116.3
2026-09-04T11:16:55.367+00:00,B_sell_A_buy,11.7382,5.8382,4469.8,4469.9,30.7445,12.7793,4475.15,4475.39,0.1488,1.0036,0.0000062500,0.0007000000,0.2,116.4
2026-09-04T11:16:55.436+00:00,B_sell_A_buy,11.7382,5.8382,4469.8,4469.9,30.9682,12.7793,4475.15,4475.39,0.1488,1.0036,0.0000062500,0.0007000000,0.1,185.7
2026-09-04T11:16:55.464+00:00,B_sell_A_buy,12.0512,6.1512,4469.8,4469.9,30.9682,12.7793,4475.29,4475.39,0.0641,1.0036,0.0000062500,0.0007000000,27.4,0.1
2026-09-04T11:16:55.591+00:00,B_sell_A_buy,11.7159,5.8159,4469.8,4469.9,30.9682,12.7793,4475.14,4475.39,3.2354,1.0036,0.0000062500,0.0007000000,154.1,0.1
2026-09-04T11:16:55.768+00:00,B_sell_A_buy,11.7159,5.8159,4469.8,4469.9,30.9682,12.7793,4475.14,4475.39,3.3646,1.0036,0.0000062500,0.0007000000,331.0,0.1
2026-09-04T11:16:55.822+00:00,B_sell_A_buy,11.7159,5.8159,4469.8,4469.9,32.9682,12.7793,4475.14,4475.39,3.3646,1.0036,0.0000062500,0.0007000000,0.1,54.9
2026-09-04T11:16:56.116+00:00,B_sell_A_buy,11.7159,5.8159,4469.8,4469.9,30.9682,12.7793,4475.14,4475.39,3.3646,1.0036,0.0000062500,0.0007000000,0.1,347.8
2026-09-04T11:16:56.135+00:00,B_sell_A_buy,11.7159,5.8159,4469.8,4469.9,28.9682,12.7793,4475.14,4475.39,3.3646,1.0036,0.0000062500,0.0007000000,0.0,367.7
2026-09-04T11:16:56.664+00:00,B_sell_A_buy,11.7159,5.8159,4469.8,4469.9,30.9682,12.7793,4475.14,4475.39,3.3646,1.0036,0.0000062500,0.0007000000,0.1,896.9
2026-09-04T11:16:57.237+00:00,B_sell_A_buy,11.7382,5.8382,4469.8,4469.9,30.9682,12.7793,4475.15,4475.39,0.0866,1.0036,0.0000062500,0.0007000000,572.8,0.1
2026-09-04T11:16:57.331+00:00,B_sell_A_buy,11.7382,5.8382,4469.8,4469.9,30.9681,12.7792,4475.15,4475.39,0.0866,1.0036,0.0000062500,0.0007000000,0.1,93.5
2026-09-04T11:16:57.538+00:00,B_sell_A_buy,11.7159,5.8159,4469.8,4469.9,30.9681,12.7792,4475.14,4475.39,3.3646,1.0036,0.0000062500,0.0007000000,207.2,0.1
2026-09-04T11:16:57.592+00:00,B_sell_A_buy,11.7159,5.8159,4469.8,4469.9,28.9681,12.7792,4475.14,4475.39,3.3646,1.0036,0.0000062500,0.0007000000,0.1,54.6
2026-09-04T11:16:57.967+00:00,B_sell_A_buy,11.7159,5.8159,4469.8,4469.9,30.9681,12.7792,4475.14,4475.39,3.3646,1.0036,0.0000062500,0.0007000000,0.1,429.1
2026-09-04T11:16:58.081+00:00,B_sell_A_buy,11.7159,5.8159,4469.8,4469.9,28.9681,12.7792,4475.14,4475.39,3.3646,1.0036,0.0000062500,0.0007000000,0.1,543.3
2026-09-04T11:16:58.755+00:00,B_sell_A_buy,11.7159,5.8159,4469.8,4469.9,28.9681,12.7792,4475.14,4475.39,3.2354,1.0036,0.0000062500,0.0007000000,673.9,0.1
2026-09-04T11:16:59.222+00:00,B_sell_A_buy,12.2523,6.3523,4469.8,4469.9,28.9681,12.7792,4475.38,4475.39,3.2354,1.0036,0.0000062500,0.0007000000,1141.6,0.1
2026-09-04T11:16:59.222+00:00,B_sell_A_buy,12.2523,6.3523,4469.8,4469.9,28.9681,12.7792,4475.38,4475.47,3.2354,0.0602,0.0000062500,0.0007000000,1141.7,0.2
2026-09-04T11:16:59.573+00:00,B_sell_A_buy,12.2522,6.3522,4469.8,4469.9,28.9681,12.7792,4475.38,4475.61,3.2354,0.0681,0.0000062500,0.0007000000,1492.3,0.1
2026-09-04T11:16:59.599+00:00,B_sell_A_buy,12.2522,6.3522,4469.8,4469.9,34.4497,10.9895,4475.38,4475.61,3.2354,0.0681,0.0000062500,0.0007000000,0.1,25.2
2026-09-04T11:16:59.631+00:00,B_sell_A_buy,12.2522,6.3522,4469.8,4469.9,34.4497,10.9895,4475.38,4475.59,3.2354,1.0036,0.0000062500,0.0007000000,32.0,0.0
2026-09-04T11:16:59.639+00:00,B_sell_A_buy,12.2522,6.3522,4469.8,4469.9,34.4497,10.8714,4475.38,4475.59,3.2354,1.0036,0.0000062500,0.0007000000,0.1,8.5
2026-09-04T11:16:59.859+00:00,B_sell_A_buy,12.2522,6.3522,4469.8,4469.9,36.4497,10.8714,4475.38,4475.59,3.2354,1.0036,0.0000062500,0.0007000000,0.1,229.0
2026-09-04T11:17:00.267+00:00,B_sell_A_buy,12.2522,6.3522,4469.8,4469.9,36.4497,12.6611,4475.38,4475.59,3.2354,1.0036,0.0000062500,0.0007000000,0.1,637.1
2026-09-04T11:17:00.978+00:00,B_sell_A_buy,12.3640,6.4640,4469.8,4469.9,36.4497,12.6611,4475.43,4475.59,0.1156,1.0036,0.0000062500,0.0007000000,710.8,0.1
2026-09-04T11:17:01.194+00:00,B_sell_A_buy,12.2522,6.3522,4469.8,4469.9,36.4497,12.6611,4475.38,4475.59,3.2354,1.0036,0.0000062500,0.0007000000,926.6,0.1
2026-09-04T11:17:01.896+00:00,B_sell_A_buy,12.2522,6.3522,4469.8,4469.9,36.4497,12.6611,4475.38,4475.59,3.2354,1.0012,0.0000062500,0.0007000000,1629.0,0.1
2026-09-04T11:17:03.234+00:00,B_sell_A_buy,12.2522,6.3522,4469.8,4469.9,36.6734,12.6611,4475.38,4475.59,3.2354,1.0012,0.0000062500,0.0007000000,0.1,1337.3
2026-09-04T11:17:07.878+00:00,B_sell_A_buy,12.2745,6.3745,4469.8,4469.9,36.6734,12.6383,4475.39,4475.59,0.1117,1.0012,0.0000062500,0.0007000000,1851.6,0.1
2026-09-04T11:17:08.108+00:00,B_sell_A_buy,12.2745,6.3745,4469.8,4469.9,34.6734,12.6383,4475.39,4475.59,0.1117,1.0012,0.0000062500,0.0007000000,0.1,230.0
2026-09-04T11:17:08.460+00:00,B_sell_A_buy,12.2745,6.3745,4469.8,4469.9,36.6812,12.6383,4475.39,4475.59,0.1117,1.0012,0.0000062500,0.0007000000,0.1,582.2
2026-09-04T11:17:08.717+00:00,B_sell_A_buy,12.2745,6.3745,4469.8,4469.9,36.4575,12.6383,4475.39,4475.59,0.1117,1.0012,0.0000062500,0.0007000000,0.1,839.5
2026-09-04T11:17:08.795+00:00,B_sell_A_buy,12.2745,6.3745,4469.8,4469.9,36.6812,12.6383,4475.39,4475.59,0.1117,1.0012,0.0000062500,0.0007000000,0.0,917.8
2026-09-04T11:17:08.834+00:00,B_sell_A_buy,12.2746,6.3746,4469.8,4469.9,36.6812,12.6383,4475.39,4475.56,0.1117,1.5311,0.0000062500,0.0007000000,38.5,0.1
2026-09-04T11:17:08.858+00:00,B_sell_A_buy,12.2746,6.3746,4469.8,4469.9,36.4575,12.6383,4475.39,4475.56,0.1117,1.5311,0.0000062500,0.0007000000,0.1,24.1
2026-09-04T11:17:08.932+00:00,B_sell_A_buy,12.2746,6.3746,4469.8,4469.9,36.4575,12.6383,4475.39,4475.56,0.1117,3.5311,0.0000062500,0.0007000000,73.8,0.1
2026-09-04T11:17:09.161+00:00,B_sell_A_buy,12.2747,6.3747,4469.8,4469.9,36.4575,12.6383,4475.39,4475.41,0.1117,2.4979,0.0000062500,0.0007000000,303.0,0.1
2026-09-04T11:17:09.270+00:00,B_sell_A_buy,12.2747,6.3747,4469.8,4469.9,32.4497,12.7564,4475.39,4475.41,0.1117,2.4979,0.0000062500,0.0007000000,0.0,109.3
2026-09-04T11:17:09.291+00:00,B_sell_A_buy,12.2746,6.3746,4469.8,4469.9,32.4497,12.7564,4475.39,4475.56,0.1117,2.0,0.0000062500,0.0007000000,20.8,0.1
2026-09-04T11:17:09.314+00:00,B_sell_A_buy,12.2745,6.3745,4469.8,4469.9,32.4497,12.7564,4475.39,4475.59,0.1117,3.0012,0.0000062500,0.0007000000,44.0,0.0
2026-09-04T11:17:09.332+00:00,B_sell_A_buy,11.7158,5.8158,4469.8,4469.9,32.4497,12.7564,4475.14,4475.59,3.2354,3.0012,0.0000062500,0.0007000000,61.2,0.1
2026-09-04T11:17:09.402+00:00,B_sell_A_buy,11.7158,5.8158,4469.8,4469.9,32.4497,12.7564,4475.14,4475.58,3.2354,2.8378,0.0000062500,0.0007000000,131.6,0.1
2026-09-04T11:17:09.416+00:00,B_sell_A_buy,11.7158,5.8158,4469.8,4469.9,32.4497,12.7564,4475.14,4475.58,3.2354,4.8378,0.0000062500,0.0007000000,145.6,0.0
2026-09-04T11:17:09.434+00:00,B_sell_A_buy,11.7158,5.8158,4469.8,4469.9,32.4497,12.7564,4475.14,4475.56,3.2354,1.0012,0.0000062500,0.0007000000,163.6,0.1
2026-09-04T11:17:09.453+00:00,B_sell_A_buy,11.7158,5.8158,4469.8,4469.9,32.4497,12.7564,4475.14,4475.56,3.2354,3.0012,0.0000062500,0.0007000000,183.0,0.1
2026-09-04T11:17:09.739+00:00,B_sell_A_buy,11.7158,5.8158,4469.8,4469.9,30.66,12.7564,4475.14,4475.56,3.2354,3.0012,0.0000062500,0.0007000000,0.1,285.9
2026-09-04T11:17:09.784+00:00,B_sell_A_buy,11.7158,5.8158,4469.8,4469.9,27.3042,12.9801,4475.14,4475.56,3.2354,3.0012,0.0000062500,0.0007000000,0.1,330.4
2026-09-04T11:17:09.852+00:00,B_sell_A_buy,11.7158,5.8158,4469.8,4469.9,27.3042,12.9801,4475.14,4475.55,3.2354,1.634,0.0000062500,0.0007000000,67.9,0.1
2026-09-04T11:17:09.865+00:00,B_sell_A_buy,11.7158,5.8158,4469.8,4469.9,27.3042,12.9801,4475.14,4475.55,3.2354,3.634,0.0000062500,0.0007000000,82.5,0.1
2026-09-04T11:17:09.892+00:00,B_sell_A_buy,11.7158,5.8158,4469.8,4469.9,27.3042,12.9801,4475.14,4475.53,3.2354,1.0012,0.0000062500,0.0007000000,108.3,0.1
2026-09-04T11:17:09.901+00:00,B_sell_A_buy,11.7158,5.8158,4469.8,4469.9,27.3042,12.9801,4475.14,4475.53,3.2354,3.0012,0.0000062500,0.0007000000,117.5,0.0
2026-09-04T11:17:10.005+00:00,B_sell_A_buy,11.7158,5.8158,4469.8,4469.9,27.1784,12.9801,4475.14,4475.53,3.2354,3.0012,0.0000062500,0.0007000000,0.1,103.5
2026-09-04T11:17:10.208+00:00,B_sell_A_buy,11.7159,5.8159,4469.8,4469.9,27.1784,12.9801,4475.14,4475.41,3.2354,1.0036,0.0000062500,0.0007000000,204.1,0.1
2026-09-04T11:17:10.233+00:00,B_sell_A_buy,11.7160,5.8160,4469.8,4469.9,27.1784,12.9801,4475.14,4475.29,3.2354,1.0036,0.0000062500,0.0007000000,228.7,0.1
2026-09-04T11:17:10.284+00:00,B_sell_A_buy,11.7160,5.8160,4469.8,4469.9,27.1784,12.9801,4475.14,4475.29,3.2354,3.0036,0.0000062500,0.0007000000,279.9,0.1
2026-09-04T11:17:10.575+00:00,B_sell_A_buy,11.7160,5.8160,4469.8,4469.9,22.4094,16.7344,4475.14,4475.29,3.2354,3.0036,0.0000062500,0.0007000000,0.1,290.2
2026-09-04T11:17:10.649+00:00,B_sell_A_buy,11.7160,5.8160,4469.8,4469.9,22.0366,22.0387,4475.14,4475.29,3.2354,3.0036,0.0000062500,0.0007000000,0.0,365.4
2026-09-04T11:17:10.810+00:00,B_sell_A_buy,11.7160,5.8160,4469.8,4469.9,22.0366,24.0387,4475.14,4475.29,3.2354,3.0036,0.0000062500,0.0007000000,0.1,525.5
2026-09-04T11:17:11.394+00:00,B_sell_A_buy,11.7160,5.8160,4469.8,4469.9,22.0366,24.0387,4475.14,4475.28,3.2354,0.8407,0.0000062500,0.0007000000,584.7,0.1
2026-09-04T11:17:11.406+00:00,B_sell_A_buy,11.7160,5.8160,4469.8,4469.9,22.0366,24.0387,4475.14,4475.28,3.2354,2.8407,0.0000062500,0.0007000000,596.2,0.0
2026-09-04T11:17:11.430+00:00,B_sell_A_buy,11.7160,5.8160,4469.8,4469.9,22.0366,24.0387,4475.14,4475.26,3.2354,1.0036,0.0000062500,0.0007000000,620.6,0.1
2026-09-04T11:17:11.449+00:00,B_sell_A_buy,11.7160,5.8160,4469.8,4469.9,22.0366,24.0387,4475.14,4475.26,3.2354,3.0036,0.0000062500,0.0007000000,640.0,0.0
2026-09-04T11:17:11.731+00:00,B_sell_A_buy,11.7160,5.8160,4469.8,4469.9,22.0334,24.0387,4475.14,4475.26,3.2354,3.0036,0.0000062500,0.0007000000,0.1,281.0
2026-09-04T11:17:13.109+00:00,B_sell_A_buy,11.7160,5.8160,4469.8,4469.9,22.0334,24.0387,4475.14,4475.26,3.2354,1.0036,0.0000062500,0.0007000000,1378.1,0.1
2026-09-04T11:17:13.202+00:00,B_sell_A_buy,11.7160,5.8160,4469.8,4469.9,22.0334,24.0387,4475.14,4475.26,3.2354,3.0036,0.0000062500,0.0007000000,1472.3,0.1
2026-09-04T11:17:13.220+00:00,B_sell_A_buy,11.7160,5.8160,4469.8,4469.9,22.0334,24.0387,4475.14,4475.26,3.2354,1.0036,0.0000062500,0.0007000000,1489.9,0.1
2026-09-04T11:17:13.321+00:00,B_sell_A_buy,11.7160,5.8160,4469.8,4469.9,22.0334,24.0387,4475.14,4475.26,3.2354,3.0036,0.0000062500,0.0007000000,1590.0,0.1
2026-09-04T11:17:13.359+00:00,B_sell_A_buy,11.7160,5.8160,4469.8,4469.9,22.0334,24.0387,4475.14,4475.26,3.2354,1.0036,0.0000062500,0.0007000000,1628.4,0.1
2026-09-04T11:17:13.546+00:00,B_sell_A_buy,11.7160,5.8160,4469.8,4469.9,22.0334,22.0387,4475.14,4475.26,3.2354,1.0036,0.0000062500,0.0007000000,0.1,187.2
2026-09-04T11:17:16.350+00:00,B_sell_A_buy,11.7159,5.8159,4469.8,4469.9,22.438,17.1792,4475.14,4475.35,3.2354,1.0036,0.0000062500,0.0007000000,0.1,417.7
2026-09-04T11:17:16.486+00:00,B_sell_A_buy,11.7159,5.8159,4469.8,4469.9,22.438,16.2844,4475.14,4475.35,3.2354,1.0036,0.0000062500,0.0007000000,0.1,552.8
2026-09-04T11:17:17.799+00:00,B_sell_A_buy,11.7159,5.8159,4469.8,4469.9,22.438,12.8256,4475.14,4475.35,3.2354,1.0036,0.0000062500,0.0007000000,0.1,1866.4
2026-09-04T11:17:19.253+00:00,B_sell_A_buy,11.7159,5.8159,4469.8,4469.9,22.6617,12.8256,4475.14,4475.35,3.2354,3.0036,0.0000062500,0.0007000000,1126.2,0.1
2026-09-04T11:17:19.398+00:00,B_sell_A_buy,11.7159,5.8159,4469.8,4469.9,22.6617,12.8256,4475.14,4475.35,3.2354,1.0036,0.0000062500,0.0007000000,1271.8,0.1
2026-09-04T11:17:19.491+00:00,B_sell_A_buy,11.7159,5.8159,4469.8,4469.9,22.438,12.8256,4475.14,4475.35,3.2354,1.0036,0.0000062500,0.0007000000,0.1,92.0
2026-09-04T11:17:19.632+00:00,B_sell_A_buy,11.7159,5.8159,4469.8,4469.9,22.0652,14.8256,4475.14,4475.35,3.2354,1.0036,0.0000062500,0.0007000000,0.1,233.1
2026-09-04T11:17:19.671+00:00,B_sell_A_buy,11.7159,5.8159,4469.8,4469.9,22.0652,14.8256,4475.14,4475.35,3.2354,3.0036,0.0000062500,0.0007000000,38.4,0.1
2026-09-04T11:17:19.816+00:00,B_sell_A_buy,11.7159,5.8159,4469.8,4469.9,22.0652,15.0493,4475.14,4475.35,3.2354,3.0036,0.0000062500,0.0007000000,0.1,145.8
2026-09-04T11:17:21.151+00:00,B_sell_A_buy,11.1795,5.2795,4469.8,4469.9,22.0652,15.0493,4474.9,4475.35,3.2354,3.0036,0.0000062500,0.0007000000,1334.2,0.1
2026-09-04T11:17:21.207+00:00,B_sell_A_buy,11.1795,5.2795,4469.8,4469.9,22.0652,15.0493,4474.9,4475.34,3.2354,2.9664,0.0000062500,0.0007000000,1390.4,0.0
2026-09-04T11:17:21.216+00:00,B_sell_A_buy,11.1795,5.2795,4469.8,4469.9,22.0652,15.0493,4474.9,4475.34,3.2354,4.9664,0.0000062500,0.0007000000,1399.3,0.0
2026-09-04T11:17:21.232+00:00,B_sell_A_buy,11.1795,5.2795,4469.8,4469.9,22.0652,15.0493,4474.9,4475.32,3.2354,1.0036,0.0000062500,0.0007000000,1416.0,0.1
2026-09-04T11:17:21.254+00:00,B_sell_A_buy,11.1795,5.2795,4469.8,4469.9,22.0652,15.0493,4474.9,4475.32,3.2354,3.0036,0.0000062500,0.0007000000,1438.0,0.0
2026-09-04T11:17:21.271+00:00,B_sell_A_buy,11.1795,5.2795,4469.8,4469.9,22.0652,15.0493,4474.9,4475.32,3.2354,2.0,0.0000062500,0.0007000000,1454.4,0.0
2026-09-04T11:17:21.286+00:00,B_sell_A_buy,11.1795,5.2795,4469.8,4469.9,22.0652,15.0493,4474.9,4475.31,3.2354,1.7806,0.0000062500,0.0007000000,1469.8,0.0
2026-09-04T11:17:21.310+00:00,B_sell_A_buy,11.1795,5.2795,4469.8,4469.9,22.0652,15.0493,4474.9,4475.31,3.2354,3.7806,0.0000062500,0.0007000000,1493.5,0.0
2026-09-04T11:17:21.463+00:00,B_sell_A_buy,11.1795,5.2795,4469.8,4469.9,22.0652,16.0387,4474.9,4475.31,3.2354,3.7806,0.0000062500,0.0007000000,0.0,153.9
2026-09-04T11:17:21.542+00:00,B_sell_A_buy,11.1795,5.2795,4469.8,4469.9,22.0334,18.6497,4474.9,4475.31,3.2354,3.7806,0.0000062500,0.0007000000,0.0,232.3
2026-09-04T11:17:21.649+00:00,B_sell_A_buy,11.1795,5.2795,4469.8,4469.9,22.0334,23.9397,4474.9,4475.31,3.2354,3.7806,0.0000062500,0.0007000000,0.1,338.6
2026-09-04T11:17:21.744+00:00,B_sell_A_buy,11.1795,5.2795,4469.8,4469.9,0.3967,24.8345,4474.9,4475.31,3.2354,3.7806,0.0000062500,0.0007000000,0.1,434.3
2026-09-04T11:17:22.499+00:00,B_sell_A_buy,11.1795,5.2795,4469.8,4469.9,0.8967,24.8345,4474.9,4475.31,3.2354,3.7806,0.0000062500,0.0007000000,0.1,1189.3
2026-09-04T11:17:22.781+00:00,B_sell_A_buy,11.1795,5.2795,4469.8,4469.9,0.3967,24.8345,4474.9,4475.31,3.2354,3.7806,0.0000062500,0.0007000000,0.1,1471.7
2026-09-04T11:17:23.308+00:00,B_sell_A_buy,11.1795,5.2795,4469.8,4469.9,0.3967,24.8345,4474.9,4475.24,3.2354,0.031,0.0000062500,0.0007000000,526.4,0.1
2026-09-04T11:17:23.323+00:00,B_sell_A_buy,11.1795,5.2795,4469.8,4469.9,0.3967,24.8345,4474.9,4475.24,3.2354,2.031,0.0000062500,0.0007000000,541.7,0.0
2026-09-04T11:17:23.340+00:00,B_sell_A_buy,11.1795,5.2795,4469.8,4469.9,0.3967,24.8345,4474.9,4475.23,3.2354,0.896,0.0000062500,0.0007000000,558.3,0.0
2026-09-04T11:17:23.355+00:00,B_sell_A_buy,11.1795,5.2795,4469.8,4469.9,0.3967,24.8345,4474.9,4475.23,3.2354,2.896,0.0000062500,0.0007000000,573.2,0.0
2026-09-04T11:17:24.522+00:00,B_sell_A_buy,11.1795,5.2795,4469.8,4469.9,0.3967,24.8345,4474.9,4475.23,3.2354,2.0,0.0000062500,0.0007000000,1740.6,0.1
2026-09-04T11:17:24.537+00:00,B_sell_A_buy,11.1795,5.2795,4469.8,4469.9,0.3967,24.8345,4474.9,4475.24,3.2354,2.0292,0.0000062500,0.0007000000,1755.2,0.1
2026-09-04T11:17:24.542+00:00,B_sell_A_buy,11.1795,5.2795,4469.8,4469.9,0.3967,24.8345,4474.9,4475.22,3.2354,0.7691,0.0000062500,0.0007000000,1761.0,0.0
2026-09-04T11:17:24.560+00:00,B_sell_A_buy,11.1795,5.2795,4469.8,4469.9,0.3967,24.8345,4474.9,4475.22,3.2354,2.7691,0.0000062500,0.0007000000,1778.5,0.0
2026-09-04T11:17:25.622+00:00,B_sell_A_buy,11.1795,5.2795,4469.8,4469.9,0.2237,24.8345,4474.9,4475.22,3.2354,2.7691,0.0000062500,0.0007000000,0.1,1061.8
2026-09-04T11:17:25.911+00:00,B_sell_A_buy,10.8890,4.9890,4469.8,4469.9,0.2237,24.8345,4474.77,4475.22,3.222,2.7691,0.0000062500,0.0007000000,289.6,0.1
2026-09-04T11:17:25.911+00:00,B_sell_A_buy,10.8666,4.9666,4469.8,4469.9,0.2237,24.8345,4474.76,4475.22,1.8586,2.7691,0.0000062500,0.0007000000,289.7,0.1
2026-09-04T11:17:25.915+00:00,B_sell_A_buy,10.6654,4.7654,4469.8,4469.9,0.2237,24.8345,4474.67,4475.22,0.6875,2.7691,0.0000062500,0.0007000000,293.2,0.1
2026-09-04T11:17:25.940+00:00,B_sell_A_buy,10.5984,4.6984,4469.8,4469.9,0.2237,24.8345,4474.64,4475.22,3.2354,2.7691,0.0000062500,0.0007000000,319.2,0.0
2026-09-04T11:17:26.207+00:00,B_sell_A_buy,10.4642,4.5642,4469.8,4469.9,0.2237,24.8345,4474.58,4475.22,0.0955,2.7691,0.0000062500,0.0007000000,585.8,0.1
2026-09-04T11:17:26.268+00:00,B_sell_A_buy,10.4642,4.5642,4469.8,4469.9,0.2237,24.8345,4474.58,4475.21,0.0955,0.6266,0.0000062500,0.0007000000,646.6,0.1
2026-09-04T11:17:26.285+00:00,B_sell_A_buy,10.4642,4.5642,4469.8,4469.9,0.2237,24.8345,4474.58,4475.21,0.0955,2.6266,0.0000062500,0.0007000000,663.0,0.1
2026-09-04T11:17:26.290+00:00,B_sell_A_buy,10.4643,4.5643,4469.8,4469.9,0.2237,24.8345,4474.58,4475.2,0.0955,0.5086,0.0000062500,0.0007000000,668.9,0.0
2026-09-04T11:17:26.293+00:00,B_sell_A_buy,10.4643,4.5643,4469.8,4469.9,0.2237,24.8345,4474.58,4475.2,0.0955,1.4247,0.0000062500,0.0007000000,672.5,0.0
2026-09-04T11:17:26.306+00:00,B_sell_A_buy,10.4643,4.5643,4469.8,4469.9,0.2237,24.8345,4474.58,4475.2,0.0955,3.4247,0.0000062500,0.0007000000,684.5,0.0
2026-09-04T11:17:26.384+00:00,B_sell_A_buy,10.4643,4.5643,4469.8,4469.9,0.2237,30.4095,4474.58,4475.2,0.0955,3.4247,0.0000062500,0.0007000000,0.1,78.0
2026-09-04T11:17:26.782+00:00,B_sell_A_buy,10.4643,4.5643,4469.8,4469.9,0.2237,30.4095,4474.58,4475.19,0.0955,0.6261,0.0000062500,0.0007000000,398.4,0.1
2026-09-04T11:17:26.798+00:00,B_sell_A_buy,10.4643,4.5643,4469.8,4469.9,0.2237,30.4095,4474.58,4475.19,0.0955,2.6261,0.0000062500,0.0007000000,414.7,0.1
2026-09-04T11:17:26.843+00:00,B_sell_A_buy,10.4643,4.5643,4469.8,4469.9,0.2237,30.4095,4474.58,4475.18,0.0955,1.1996,0.0000062500,0.0007000000,459.3,0.1
2026-09-04T11:17:26.859+00:00,B_sell_A_buy,10.4643,4.5643,4469.8,4469.9,0.2237,30.4095,4474.58,4475.18,0.0955,3.1996,0.0000062500,0.0007000000,474.7,0.1
2026-09-04T11:17:26.986+00:00,B_sell_A_buy,10.4643,4.5643,4469.8,4469.9,0.2237,30.4095,4474.58,4475.07,0.0955,3.2354,0.0000062500,0.0007000000,602.7,0.1
2026-09-04T11:17:26.999+00:00,B_sell_A_buy,10.2184,4.3184,4469.8,4469.9,0.2237,30.4095,4474.47,4475.07,0.6876,3.2354,0.0000062500,0.0007000000,614.9,0.0
2026-09-04T11:17:27.005+00:00,B_sell_A_buy,10.2184,4.3184,4469.8,4469.9,0.2237,30.4095,4474.47,4475.07,0.6876,5.2354,0.0000062500,0.0007000000,621.1,0.0
2026-09-04T11:17:27.041+00:00,B_sell_A_buy,10.2184,4.3184,4469.8,4469.9,0.2237,30.4095,4474.47,4475.06,0.6876,0.9318,0.0000062500,0.0007000000,657.2,0.0
2026-09-04T11:17:27.059+00:00,B_sell_A_buy,10.2184,4.3184,4469.8,4469.9,0.2237,30.4095,4474.47,4475.06,0.6876,2.9318,0.0000062500,0.0007000000,675.3,0.0
2026-09-04T11:17:27.066+00:00,B_sell_A_buy,9.9502,4.0502,4469.8,4469.9,0.2237,30.4095,4474.35,4475.06,3.2222,2.9318,0.0000062500,0.0007000000,682.0,0.1
2026-09-04T11:17:27.173+00:00,B_sell_A_buy,9.9502,4.0502,4469.8,4469.9,0.2237,30.4095,4474.35,4475.06,3.2222,2.1262,0.0000062500,0.0007000000,789.1,0.1
2026-09-04T11:17:27.197+00:00,B_sell_A_buy,9.9725,4.0725,4469.8,4469.9,0.2237,30.4095,4474.36,4475.06,0.428,2.1262,0.0000062500,0.0007000000,813.9,0.1
2026-09-04T11:17:27.227+00:00,B_sell_A_buy,9.9502,4.0502,4469.8,4469.9,0.2237,30.4095,4474.35,4475.06,3.2222,2.1262,0.0000062500,0.0007000000,843.3,0.1
2026-09-04T11:17:27.281+00:00,B_sell_A_buy,9.9502,4.0502,4469.8,4469.9,0.2237,30.4095,4474.35,4475.06,4.2258,2.1262,0.0000062500,0.0007000000,897.1,0.1
2026-09-04T11:17:27.502+00:00,B_sell_A_buy,9.9502,4.0502,4469.8,4469.9,0.2237,30.4962,4474.35,4475.06,4.2258,2.1262,0.0000062500,0.0007000000,0.1,221.8
2026-09-04T11:17:28.073+00:00,B_sell_A_buy,9.9502,4.0502,4469.8,4469.9,0.2237,30.8637,4474.35,4475.06,4.2258,2.1262,0.0000062500,0.0007000000,0.1,791.7
2026-09-04T11:17:28.073+00:00,B_sell_A_buy,9.9502,4.0502,4469.8,4469.9,0.2237,31.0643,4474.35,4475.06,4.2258,2.1262,0.0000062500,0.0007000000,0.2,791.8
2026-09-04T11:17:28.190+00:00,B_sell_A_buy,9.9502,4.0502,4469.8,4469.9,0.2237,31.0643,4474.35,4475.03,4.2258,0.0173,0.0000062500,0.0007000000,117.2,0.1
2026-09-04T11:17:28.208+00:00,B_sell_A_buy,9.9502,4.0502,4469.8,4469.9,0.2237,31.0643,4474.35,4475.03,4.2258,2.0173,0.0000062500,0.0007000000,136.4,0.0
2026-09-04T11:17:28.247+00:00,B_sell_A_buy,9.9502,4.0502,4469.8,4469.9,0.2237,31.0643,4474.35,4475.02,4.2258,0.9071,0.0000062500,0.0007000000,174.8,0.1
2026-09-04T11:17:28.266+00:00,B_sell_A_buy,9.9502,4.0502,4469.8,4469.9,0.2237,31.0643,4474.35,4475.02,4.2258,2.9071,0.0000062500,0.0007000000,193.5,0.0
2026-09-04T11:17:28.352+00:00,B_sell_A_buy,9.9502,4.0502,4469.8,4469.9,0.2237,31.0643,4474.35,4475.02,3.2222,2.9071,0.0000062500,0.0007000000,279.4,0.1
2026-09-04T11:17:28.352+00:00,B_sell_A_buy,9.9503,4.0503,4469.8,4469.9,0.2237,31.0643,4474.35,4474.82,3.2222,3.2354,0.0000062500,0.0007000000,279.5,0.2
2026-09-04T11:17:28.357+00:00,B_sell_A_buy,9.7268,3.8268,4469.8,4469.9,0.2237,31.0643,4474.25,4474.82,2.5462,3.2354,0.0000062500,0.0007000000,283.8,0.0
2026-09-04T11:17:28.367+00:00,B_sell_A_buy,9.7268,3.8268,4469.8,4469.9,0.2237,31.0643,4474.25,4474.82,2.5462,5.2354,0.0000062500,0.0007000000,294.3,0.0
2026-09-04T11:17:28.377+00:00,B_sell_A_buy,9.7268,3.8268,4469.8,4469.9,0.2237,31.0643,4474.25,4474.82,0.6876,5.2354,0.0000062500,0.0007000000,303.8,0.0
2026-09-04T11:17:28.392+00:00,B_sell_A_buy,8.8996,2.9996,4469.8,4469.9,0.2237,31.0643,4473.88,4474.81,0.0953,0.9199,0.0000062500,0.0007000000,319.9,0.0
2026-09-04T11:17:28.411+00:00,B_sell_A_buy,8.8996,2.9996,4469.8,4469.9,0.2237,31.0643,4473.88,4474.81,0.0953,2.9199,0.0000062500,0.0007000000,338.1,0.0
2026-09-04T11:17:28.420+00:00,B_sell_A_buy,8.8996,2.9996,4469.8,4469.9,0.2237,31.0643,4473.88,4474.8,0.0953,0.6266,0.0000062500,0.0007000000,346.8,0.0
2026-09-04T11:17:28.437+00:00,B_sell_A_buy,8.8996,2.9996,4469.8,4469.9,0.2237,31.0643,4473.88,4474.8,0.0953,2.6266,0.0000062500,0.0007000000,364.2,0.0
2026-09-04T11:17:28.440+00:00,B_sell_A_buy,8.9220,3.0220,4469.8,4469.9,0.2237,31.0643,4473.89,4474.8,3.2354,2.6266,0.0000062500,0.0007000000,367.6,0.1
2026-09-04T11:17:28.446+00:00,B_sell_A_buy,8.9220,3.0220,4469.8,4469.9,0.2237,31.0643,4473.89,4474.79,3.6969,0.8102,0.0000062500,0.0007000000,373.1,0.0
2026-09-04T11:17:28.450+00:00,B_sell_A_buy,8.9220,3.0220,4469.8,4469.9,0.2237,31.0643,4473.89,4474.79,3.6969,0.827,0.0000062500,0.0007000000,377.5,0.0
2026-09-04T11:17:28.464+00:00,B_sell_A_buy,8.9220,3.0220,4469.8,4469.9,0.2237,31.0643,4473.89,4474.79,3.6969,2.827,0.0000062500,0.0007000000,391.3,0.0
2026-09-04T11:17:28.472+00:00,B_sell_A_buy,8.9220,3.0220,4469.8,4469.9,0.2237,31.0643,4473.89,4474.78,3.6969,0.6147,0.0000062500,0.0007000000,399.8,0.0
2026-09-04T11:17:28.487+00:00,B_sell_A_buy,8.9220,3.0220,4469.8,4469.9,0.2237,31.0643,4473.89,4474.78,3.6969,2.6147,0.0000062500,0.0007000000,414.5,0.1
2026-09-04T11:17:28.496+00:00,B_sell_A_buy,8.9220,3.0220,4469.8,4469.9,0.2237,31.0643,4473.89,4474.77,3.6969,0.9705,0.0000062500,0.0007000000,422.8,0.0
2026-09-04T11:17:28.514+00:00,B_sell_A_buy,8.9220,3.0220,4469.8,4469.9,0.2237,31.0643,4473.89,4474.77,3.6969,2.9705,0.0000062500,0.0007000000,441.6,0.0
2026-09-04T11:17:28.529+00:00,B_sell_A_buy,8.9220,3.0220,4469.8,4469.9,0.2237,31.0643,4473.89,4474.76,3.6969,0.6147,0.0000062500,0.0007000000,456.6,0.0
2026-09-04T11:17:28.547+00:00,B_sell_A_buy,8.9220,3.0220,4469.8,4469.9,0.2237,31.0643,4473.89,4474.76,3.6969,2.6147,0.0000062500,0.0007000000,474.6,0.1
2026-09-04T11:17:28.547+00:00,B_sell_A_buy,8.9221,3.0221,4469.8,4469.9,0.2237,31.0643,4473.89,4474.59,3.6969,3.2354,0.0000062500,0.0007000000,474.7,0.1
2026-09-04T11:17:28.567+00:00,B_sell_A_buy,8.9221,3.0221,4469.8,4469.9,0.2237,31.0643,4473.89,4474.59,3.6969,5.2354,0.0000062500,0.0007000000,494.7,0.0
2026-09-04T11:17:28.601+00:00,B_sell_A_buy,8.9221,3.0221,4469.8,4469.9,0.2237,31.0643,4473.89,4474.58,3.6969,0.0062,0.0000062500,0.0007000000,527.8,0.0
2026-09-04T11:17:28.617+00:00,B_sell_A_buy,8.9221,3.0221,4469.8,4469.9,0.2237,31.0643,4473.89,4474.58,3.6969,2.0062,0.0000062500,0.0007000000,544.4,0.0
2026-09-04T11:17:28.778+00:00,B_sell_A_buy,8.9221,3.0221,4469.8,4469.9,0.2237,34.7333,4473.89,4474.58,3.6969,2.0062,0.0000062500,0.0007000000,0.1,160.6
2026-09-04T11:17:28.848+00:00,B_sell_A_buy,8.9221,3.0221,4469.8,4469.9,0.2237,60.9932,4473.89,4474.58,3.6969,2.0062,0.0000062500,0.0007000000,0.0,231.5
2026-09-04T11:17:28.977+00:00,B_sell_A_buy,8.9221,3.0221,4469.8,4469.9,0.2237,60.9932,4473.89,4474.57,3.6969,0.6266,0.0000062500,0.0007000000,128.1,0.1
2026-09-04T11:17:28.994+00:00,B_sell_A_buy,8.9221,3.0221,4469.8,4469.9,0.2237,60.9932,4473.89,4474.56,3.6969,0.0033,0.0000062500,0.0007000000,145.2,0.0
2026-09-04T11:17:29.013+00:00,B_sell_A_buy,8.9221,3.0221,4469.8,4469.9,0.2237,60.9932,4473.89,4474.56,3.6969,2.0033,0.0000062500,0.0007000000,164.9,0.0
2026-09-04T11:17:29.023+00:00,B_sell_A_buy,8.9221,3.0221,4469.8,4469.9,0.2237,60.9932,4473.89,4474.55,3.6969,0.6266,0.0000062500,0.0007000000,174.9,0.1
2026-09-04T11:17:29.046+00:00,B_sell_A_buy,8.9221,3.0221,4469.8,4469.9,0.2237,60.9932,4473.89,4474.55,3.6969,2.6266,0.0000062500,0.0007000000,197.2,0.0
2026-09-04T11:17:29.046+00:00,B_sell_A_buy,8.9221,3.0221,4469.8,4469.9,0.2237,60.9932,4473.89,4474.54,3.6969,1.2298,0.0000062500,0.0007000000,197.2,0.1
2026-09-04T11:17:29.065+00:00,B_sell_A_buy,8.9221,3.0221,4469.8,4469.9,0.2237,60.9932,4473.89,4474.54,3.6969,3.2298,0.0000062500,0.0007000000,216.6,0.0
2026-09-04T11:17:29.256+00:00,B_sell_A_buy,8.9221,3.0221,4469.8,4469.9,0.2237,60.7663,4473.89,4474.54,3.6969,3.2298,0.0000062500,0.0007000000,0.1,191.2
2026-09-04T11:17:29.280+00:00,B_sell_A_buy,8.9221,3.0221,4469.8,4469.9,0.2237,60.7663,4473.89,4474.54,3.2354,3.2298,0.0000062500,0.0007000000,24.0,0.0
2026-09-04T11:17:29.547+00:00,B_sell_A_buy,8.7880,2.8880,4469.8,4469.9,0.2237,60.7663,4473.83,4474.54,3.2226,3.2298,0.0000062500,0.0007000000,291.1,0.1
2026-09-04T11:17:29.556+00:00,B_sell_A_buy,8.6315,2.7315,4469.8,4469.9,0.2237,60.7663,4473.76,4474.54,1.8586,3.2298,0.0000062500,0.0007000000,300.3,0.1
2026-09-04T11:17:29.558+00:00,B_sell_A_buy,8.6316,2.7316,4469.8,4469.9,0.2237,60.7663,4473.76,4474.32,1.8586,3.2354,0.0000062500,0.0007000000,302.2,0.0
2026-09-04T11:17:29.558+00:00,B_sell_A_buy,8.6092,2.7092,4469.8,4469.9,0.2237,60.7663,4473.75,4474.32,0.6877,3.2354,0.0000062500,0.0007000000,302.3,0.1
2026-09-04T11:17:29.577+00:00,B_sell_A_buy,7.8491,1.9491,4469.8,4469.9,0.2237,60.7663,4473.41,4474.32,0.6191,5.2354,0.0000062500,0.0007000000,321.0,0.1
2026-09-04T11:17:29.579+00:00,B_sell_A_buy,7.4466,1.5466,4469.8,4469.9,0.2237,60.7663,4473.23,4474.32,1.8586,5.2354,0.0000062500,0.0007000000,323.8,0.1
2026-09-04T11:17:29.591+00:00,B_sell_A_buy,7.4466,1.5466,4469.8,4469.9,0.2237,60.7663,4473.23,4474.31,1.8586,2.3268,0.0000062500,0.0007000000,335.5,0.0
2026-09-04T11:17:29.595+00:00,B_sell_A_buy,7.6032,1.7032,4469.8,4469.9,0.2237,60.7663,4473.3,4474.31,0.0947,2.3268,0.0000062500,0.0007000000,338.6,0.0
2026-09-04T11:17:29.597+00:00,B_sell_A_buy,7.8491,1.9491,4469.8,4469.9,0.2237,60.7663,4473.41,4474.31,3.2354,2.3268,0.0000062500,0.0007000000,341.4,0.0
2026-09-04T11:17:29.600+00:00,B_sell_A_buy,7.6032,1.7032,4469.8,4469.9,0.2237,60.7663,4473.3,4474.31,0.0947,2.3268,0.0000062500,0.0007000000,345.0,0.0
2026-09-04T11:17:29.608+00:00,B_sell_A_buy,7.6032,1.7032,4469.8,4469.9,0.2237,60.7663,4473.3,4474.31,0.0947,4.3268,0.0000062500,0.0007000000,353.0,0.0
2026-09-04T11:17:29.608+00:00,B_sell_A_buy,7.6032,1.7032,4469.8,4469.9,0.2237,60.7663,4473.3,4474.3,0.0947,0.6147,0.0000062500,0.0007000000,353.0,0.1
2026-09-04T11:17:29.632+00:00,B_sell_A_buy,7.6032,1.7032,4469.8,4469.9,0.2237,60.7663,4473.3,4474.3,0.0947,2.6147,0.0000062500,0.0007000000,376.2,0.0
2026-09-04T11:17:29.640+00:00,B_sell_A_buy,7.6255,1.7255,4469.8,4469.9,0.2237,60.7663,4473.31,4474.29,0.431,2.0402,0.0000062500,0.0007000000,383.9,0.0
2026-09-04T11:17:29.657+00:00,B_sell_A_buy,7.6255,1.7255,4469.8,4469.9,0.2237,60.7663,4473.31,4474.29,0.431,4.0402,0.0000062500,0.0007000000,401.1,0.0
2026-09-04T11:17:29.674+00:00,B_sell_A_buy,7.6255,1.7255,4469.8,4469.9,0.2237,60.7663,4473.31,4474.28,0.431,0.6413,0.0000062500,0.0007000000,418.3,0.1
2026-09-04T11:17:29.691+00:00,B_sell_A_buy,7.6255,1.7255,4469.8,4469.9,0.2237,60.7663,4473.31,4474.28,0.431,2.6413,0.0000062500,0.0007000000,435.1,0.0
2026-09-04T11:17:29.716+00:00,B_sell_A_buy,7.6256,1.7256,4469.8,4469.9,0.2237,60.7663,4473.31,4474.09,0.431,3.2354,0.0000062500,0.0007000000,459.5,0.0
2026-09-04T11:17:29.761+00:00,B_sell_A_buy,7.6256,1.7256,4469.8,4469.9,0.2237,60.7663,4473.31,4474.08,0.431,1.2789,0.0000062500,0.0007000000,505.6,0.1
2026-09-04T11:17:29.761+00:00,B_sell_A_buy,7.6256,1.7256,4469.8,4469.9,0.2237,60.7663,4473.31,4474.08,0.431,1.9055,0.0000062500,0.0007000000,505.7,0.2
2026-09-04T11:17:29.768+00:00,B_sell_A_buy,7.6256,1.7256,4469.8,4469.9,0.2237,60.7663,4473.31,4474.08,0.431,3.9055,0.0000062500,0.0007000000,511.4,0.1
2026-09-04T11:17:29.895+00:00,B_sell_A_buy,7.8492,1.9492,4469.8,4469.9,0.2237,60.7663,4473.41,4474.08,3.2354,3.9055,0.0000062500,0.0007000000,638.7,0.1
2026-09-04T11:17:30.047+00:00,B_sell_A_buy,7.8492,1.9492,4469.8,4469.9,0.2237,63.4988,4473.41,4474.08,3.2354,3.9055,0.0000062500,0.0007000000,0.1,152.2
2026-09-04T11:17:30.089+00:00,B_sell_A_buy,7.8492,1.9492,4469.8,4469.9,0.2237,108.3314,4473.41,4474.08,3.2354,3.9055,0.0000062500,0.0007000000,0.0,194.2
2026-09-04T11:17:30.233+00:00,B_sell_A_buy,7.8494,1.9494,4469.3,4469.9,0.2,108.3314,4473.41,4474.08,3.2354,3.9055,0.0000062500,0.0007000000,0.1,339.1
2026-09-04T11:17:30.321+00:00,B_sell_A_buy,7.8495,1.9495,4469.3,4469.9,0.2,108.3314,4473.41,4473.94,3.2354,0.0243,0.0000062500,0.0007000000,86.8,0.1
2026-09-04T11:17:30.336+00:00,B_sell_A_buy,7.8495,1.9495,4469.3,4469.9,0.2,108.3314,4473.41,4473.94,3.2354,2.0243,0.0000062500,0.0007000000,102.9,0.1
2026-09-04T11:17:30.344+00:00,B_sell_A_buy,7.8495,1.9495,4469.3,4469.9,0.2,108.3314,4473.41,4473.93,3.2354,0.5787,0.0000062500,0.0007000000,110.5,0.0
2026-09-04T11:17:30.360+00:00,B_sell_A_buy,7.8495,1.9495,4469.3,4469.9,0.2,108.3314,4473.41,4473.93,3.2354,2.5787,0.0000062500,0.0007000000,125.7,0.1
2026-09-04T11:17:30.360+00:00,B_sell_A_buy,8.0732,2.1732,4469.3,4469.8,0.2,0.2237,4473.41,4473.93,3.2354,2.5787,0.0000062500,0.0007000000,0.1,0.1
2026-09-04T11:17:30.468+00:00,B_sell_A_buy,8.9679,3.0679,4469.3,4469.4,0.2,2.0956,4473.41,4473.93,3.2354,2.5787,0.0000062500,0.0007000000,0.0,108.9
2026-09-04T11:17:30.500+00:00,B_sell_A_buy,8.9679,3.0679,4469.3,4469.4,0.2,10.1992,4473.41,4473.93,3.2354,2.5787,0.0000062500,0.0007000000,0.0,140.6
2026-09-04T11:17:30.738+00:00,B_sell_A_buy,8.9679,3.0679,4469.3,4469.4,0.2,10.1992,4473.41,4473.93,3.2354,2.0,0.0000062500,0.0007000000,239.2,0.1
2026-09-04T11:17:30.741+00:00,B_sell_A_buy,8.9679,3.0679,4469.3,4469.4,0.2,16.6461,4473.41,4473.93,3.2354,2.0,0.0000062500,0.0007000000,0.0,2.6
2026-09-04T11:17:30.741+00:00,B_sell_A_buy,8.9679,3.0679,4469.3,4469.4,0.2,18.6661,4473.41,4473.93,3.2354,2.0,0.0000062500,0.0007000000,0.1,2.6
2026-09-04T11:17:30.761+00:00,B_sell_A_buy,8.9902,3.0902,4469.3,4469.4,0.2,18.6661,4473.42,4473.93,0.2333,2.0,0.0000062500,0.0007000000,19.3,0.1
2026-09-04T11:17:30.761+00:00,B_sell_A_buy,8.9902,3.0902,4469.3,4469.4,0.2,18.6661,4473.42,4473.94,0.2333,2.2364,0.0000062500,0.0007000000,19.4,0.1
2026-09-04T11:17:30.857+00:00,B_sell_A_buy,8.9902,3.0902,4469.3,4469.4,0.7,48.7764,4473.42,4473.94,0.2333,2.2364,0.0000062500,0.0007000000,0.1,96.5
2026-09-04T11:17:30.976+00:00,B_sell_A_buy,8.9679,3.0679,4469.3,4469.4,0.7,48.7764,4473.41,4473.94,3.2354,2.2364,0.0000062500,0.0007000000,118.4,0.1
2026-09-04T11:17:30.992+00:00,B_sell_A_buy,8.9679,3.0679,4469.3,4469.4,0.7,48.7764,4473.41,4473.92,3.2354,0.0256,0.0000062500,0.0007000000,135.0,0.1
2026-09-04T11:17:31.007+00:00,B_sell_A_buy,8.9679,3.0679,4469.3,4469.4,0.7,48.7764,4473.41,4473.92,3.2354,2.0256,0.0000062500,0.0007000000,150.3,0.0
2026-09-04T11:17:31.034+00:00,B_sell_A_buy,8.9683,3.0683,4468.5,4469.4,0.1006,48.7764,4473.41,4473.92,3.2354,2.0256,0.0000062500,0.0007000000,0.0,26.2
2026-09-04T11:17:31.037+00:00,B_sell_A_buy,8.9683,3.0683,4468.5,4469.4,0.1006,48.7764,4473.41,4473.91,3.2354,0.6942,0.0000062500,0.0007000000,3.6,0.0
2026-09-04T11:17:31.052+00:00,B_sell_A_buy,8.9683,3.0683,4468.5,4469.4,0.1006,48.7764,4473.41,4473.91,3.2354,2.6942,0.0000062500,0.0007000000,18.4,0.0
2026-09-04T11:17:31.060+00:00,B_sell_A_buy,8.9684,3.0684,4468.5,4469.4,0.1006,48.7764,4473.41,4473.8,3.2354,0.0254,0.0000062500,0.0007000000,26.1,0.0
2026-09-04T11:17:31.078+00:00,B_sell_A_buy,8.9684,3.0684,4468.5,4469.4,0.1006,48.7764,4473.41,4473.8,3.2354,2.0254,0.0000062500,0.0007000000,43.8,0.0
2026-09-04T11:17:31.109+00:00,B_sell_A_buy,9.1921,3.2921,4468.5,4469.3,0.1006,0.2729,4473.41,4473.8,3.2354,2.0254,0.0000062500,0.0007000000,0.0,32.3
2026-09-04T11:17:31.266+00:00,B_sell_A_buy,9.1921,3.2921,4468.5,4469.3,0.1006,0.2729,4473.41,4473.8,3.2354,2.0273,0.0000062500,0.0007000000,155.8,0.1
2026-09-04T11:17:31.273+00:00,B_sell_A_buy,9.6392,3.7392,4468.9,4469.1,2.3065,1.5164,4473.41,4473.8,3.2354,2.0273,0.0000062500,0.0007000000,0.0,7.4
2026-09-04T11:17:31.381+00:00,B_sell_A_buy,9.6392,3.7392,4468.9,4469.1,2.3065,5.1858,4473.41,4473.8,3.2354,2.0273,0.0000062500,0.0007000000,0.0,115.9
2026-09-04T11:17:31.456+00:00,B_sell_A_buy,10.7580,4.8580,4468.5,4468.6,0.1006,0.1735,4473.41,4473.8,3.2354,2.0273,0.0000062500,0.0007000000,0.0,190.2
2026-09-04T11:17:31.464+00:00,B_sell_A_buy,10.7580,4.8580,4468.5,4468.6,0.1006,0.1735,4473.41,4473.78,3.2354,0.0274,0.0000062500,0.0007000000,8.8,0.1
2026-09-04T11:17:31.481+00:00,B_sell_A_buy,10.7580,4.8580,4468.5,4468.6,0.1006,0.1735,4473.41,4473.78,3.2354,2.0274,0.0000062500,0.0007000000,25.2,0.1
2026-09-04T11:17:31.560+00:00,B_sell_A_buy,10.7580,4.8580,4468.5,4468.6,0.1006,0.1735,4473.41,4473.78,3.2354,2.0,0.0000062500,0.0007000000,104.2,0.1
2026-09-04T11:17:31.573+00:00,B_sell_A_buy,10.7580,4.8580,4468.5,4468.6,0.1006,0.2427,4473.41,4473.78,3.2354,2.0,0.0000062500,0.0007000000,0.0,13.3
2026-09-04T11:17:31.576+00:00,B_sell_A_buy,10.7580,4.8580,4468.5,4468.6,0.1006,0.2427,4473.41,4473.8,3.2354,0.0274,0.0000062500,0.0007000000,2.8,0.1
2026-09-04T11:17:31.593+00:00,B_sell_A_buy,10.7580,4.8580,4468.5,4468.6,0.1006,0.2427,4473.41,4473.8,3.2354,2.0274,0.0000062500,0.0007000000,20.2,0.0
2026-09-04T11:17:31.728+00:00,B_sell_A_buy,10.7580,4.8580,4468.5,4468.6,0.1006,0.7218,4473.41,4473.8,3.2354,2.0274,0.0000062500,0.0007000000,0.1,135.6
2026-09-04T11:17:31.742+00:00,B_sell_A_buy,10.7580,4.8580,4468.5,4468.6,0.1006,0.7218,4473.41,4473.8,3.2354,2.025,0.0000062500,0.0007000000,13.1,0.1
2026-09-04T11:17:31.909+00:00,B_sell_A_buy,10.7580,4.8580,4468.5,4468.6,0.1006,2.5117,4473.41,4473.8,3.2354,2.025,0.0000062500,0.0007000000,0.1,167.5
2026-09-04T11:17:31.909+00:00,B_sell_A_buy,10.7580,4.8580,4468.5,4468.6,0.1006,14.168,4473.41,4473.8,3.2354,2.025,0.0000062500,0.0007000000,0.2,167.6
2026-09-04T11:17:32.041+00:00,B_sell_A_buy,10.7804,4.8804,4468.5,4468.6,0.1006,14.168,4473.42,4473.8,0.1118,2.025,0.0000062500,0.0007000000,131.9,0.1
2026-09-04T11:17:32.068+00:00,B_sell_A_buy,10.7804,4.8804,4468.5,4468.6,0.1006,14.168,4473.42,4473.78,0.1118,0.025,0.0000062500,0.0007000000,158.5,0.1
2026-09-04T11:17:32.083+00:00,B_sell_A_buy,10.7804,4.8804,4468.5,4468.6,0.1006,14.168,4473.42,4473.78,0.1118,2.025,0.0000062500,0.0007000000,174.1,0.1
2026-09-04T11:17:32.130+00:00,B_sell_A_buy,10.7804,4.8804,4468.5,4468.6,0.1006,14.168,4473.42,4473.78,0.1118,2.0,0.0000062500,0.0007000000,220.8,0.1
2026-09-04T11:17:32.145+00:00,B_sell_A_buy,10.7804,4.8804,4468.5,4468.6,0.1006,14.168,4473.42,4473.8,0.1118,0.0256,0.0000062500,0.0007000000,236.0,0.0
2026-09-04T11:17:32.163+00:00,B_sell_A_buy,10.7804,4.8804,4468.5,4468.6,0.1006,14.168,4473.42,4473.8,0.1118,2.0256,0.0000062500,0.0007000000,254.2,0.0
2026-09-04T11:17:32.433+00:00,B_sell_A_buy,10.7804,4.8804,4468.5,4468.6,0.1006,15.649,4473.42,4473.8,0.1118,2.0256,0.0000062500,0.0007000000,0.1,269.4
2026-09-04T11:17:32.433+00:00,B_sell_A_buy,10.7804,4.8804,4468.5,4468.6,0.1006,15.8225,4473.42,4473.8,0.1118,2.0256,0.0000062500,0.0007000000,0.2,269.5
2026-09-04T11:17:32.433+00:00,B_sell_A_buy,10.7804,4.8804,4468.5,4468.6,0.1006,19.3962,4473.42,4473.8,0.1118,2.0256,0.0000062500,0.0007000000,0.2,269.5
2026-09-04T11:17:32.433+00:00,B_sell_A_buy,10.7804,4.8804,4468.5,4468.6,0.1006,19.6691,4473.42,4473.8,0.1118,2.0256,0.0000062500,0.0007000000,0.2,269.5
2026-09-04T11:17:32.641+00:00,B_sell_A_buy,10.7804,4.8804,4468.5,4468.6,0.1006,19.6691,4473.42,4473.78,0.1118,0.0257,0.0000062500,0.0007000000,208.2,0.1
2026-09-04T11:17:32.657+00:00,B_sell_A_buy,10.7804,4.8804,4468.5,4468.6,0.1006,19.6691,4473.42,4473.78,0.1118,2.0257,0.0000062500,0.0007000000,224.8,0.0
2026-09-04T11:17:32.747+00:00,B_sell_A_buy,11.0043,5.1043,4468.2,4468.5,23.581,0.2324,4473.42,4473.78,0.1118,2.0257,0.0000062500,0.0007000000,0.1,90.0
2026-09-04T11:17:32.837+00:00,B_sell_A_buy,11.0043,5.1043,4468.2,4468.5,23.581,0.2324,4473.42,4473.78,0.1118,2.0,0.0000062500,0.0007000000,89.6,0.1
2026-09-04T11:17:32.881+00:00,B_sell_A_buy,11.0043,5.1043,4468.2,4468.5,23.581,0.2324,4473.42,4473.8,0.1118,0.0255,0.0000062500,0.0007000000,134.4,0.1
2026-09-04T11:17:32.898+00:00,B_sell_A_buy,11.4518,5.5518,4468.2,4468.3,23.6326,0.1181,4473.42,4473.8,0.1118,0.0255,0.0000062500,0.0007000000,0.0,17.2
2026-09-04T11:17:32.922+00:00,B_sell_A_buy,11.4518,5.5518,4468.2,4468.3,23.6326,0.1181,4473.42,4473.8,0.1118,2.0255,0.0000062500,0.0007000000,23.3,0.0
2026-09-04T11:17:33.058+00:00,B_sell_A_buy,11.4518,5.5518,4468.2,4468.3,23.6326,0.1181,4473.42,4473.78,0.1118,0.0252,0.0000062500,0.0007000000,159.6,0.1
2026-09-04T11:17:33.067+00:00,B_sell_A_buy,11.4518,5.5518,4468.2,4468.3,23.6326,2.6057,4473.42,4473.78,0.1118,0.0252,0.0000062500,0.0007000000,0.0,9.0
2026-09-04T11:17:33.083+00:00,B_sell_A_buy,11.4518,5.5518,4468.2,4468.3,23.6326,2.6057,4473.42,4473.78,0.1118,2.0252,0.0000062500,0.0007000000,15.9,0.0
2026-09-04T11:17:33.220+00:00,B_sell_A_buy,11.4518,5.5518,4468.2,4468.3,23.6326,6.0004,4473.42,4473.78,0.1118,2.0252,0.0000062500,0.0007000000,0.1,136.6
2026-09-04T11:17:33.356+00:00,B_sell_A_buy,11.4518,5.5518,4468.2,4468.3,23.6326,10.0004,4473.42,4473.78,0.1118,2.0252,0.0000062500,0.0007000000,0.1,272.5
2026-09-04T11:17:33.494+00:00,B_sell_A_buy,11.4518,5.5518,4468.2,4468.3,23.6326,10.0004,4473.42,4473.77,0.1118,0.3743,0.0000062500,0.0007000000,138.6,0.1
2026-09-04T11:17:33.510+00:00,B_sell_A_buy,11.4518,5.5518,4468.2,4468.3,23.6326,10.0004,4473.42,4473.77,0.1118,2.3743,0.0000062500,0.0007000000,154.9,0.1
2026-09-04T11:17:33.596+00:00,B_sell_A_buy,11.4518,5.5518,4468.2,4468.3,23.6326,10.2242,4473.42,4473.77,0.1118,2.3743,0.0000062500,0.0007000000,0.0,85.3
2026-09-04T11:17:33.812+00:00,B_sell_A_buy,11.4518,5.5518,4468.2,4468.3,23.6326,13.3495,4473.42,4473.77,0.1118,2.3743,0.0000062500,0.0007000000,0.1,301.2
2026-09-04T11:17:33.812+00:00,B_sell_A_buy,11.4518,5.5518,4468.2,4468.3,23.6326,16.6406,4473.42,4473.77,0.1118,2.3743,0.0000062500,0.0007000000,0.2,301.3
2026-09-04T11:17:33.849+00:00,B_sell_A_buy,11.4518,5.5518,4468.2,4468.3,23.6326,16.6406,4473.42,4473.77,0.1118,2.0,0.0000062500,0.0007000000,37.6,0.1
2026-09-04T11:17:33.866+00:00,B_sell_A_buy,11.4518,5.5518,4468.2,4468.3,23.6326,16.6406,4473.42,4473.78,0.1118,2.0,0.0000062500,0.0007000000,54.7,0.1
2026-09-04T11:17:33.886+00:00,B_sell_A_buy,11.4518,5.5518,4468.2,4468.3,23.6326,16.6406,4473.42,4473.8,0.1118,0.0242,0.0000062500,0.0007000000,74.9,0.0
2026-09-04T11:17:33.893+00:00,B_sell_A_buy,11.4518,5.5518,4468.2,4468.3,23.6326,16.6406,4473.42,4473.8,0.1118,2.0242,0.0000062500,0.0007000000,81.6,0.0
2026-09-04T11:17:34.222+00:00,B_sell_A_buy,11.4518,5.5518,4468.2,4468.3,22.1984,16.6406,4473.42,4473.8,0.1118,2.0242,0.0000062500,0.0007000000,0.1,330.1
2026-09-04T11:17:34.402+00:00,B_sell_A_buy,11.4518,5.5518,4468.2,4468.3,22.1984,16.6406,4473.42,4473.8,0.1118,2.0,0.0000062500,0.0007000000,179.1,0.1
2026-09-04T11:17:34.419+00:00,B_sell_A_buy,11.4517,5.5517,4468.2,4468.3,22.1984,16.6406,4473.42,4473.81,0.1118,0.0261,0.0000062500,0.0007000000,196.2,0.1
2026-09-04T11:17:34.437+00:00,B_sell_A_buy,11.4517,5.5517,4468.2,4468.3,22.1984,16.6406,4473.42,4473.81,0.1118,2.0261,0.0000062500,0.0007000000,213.8,0.1
2026-09-04T11:17:34.445+00:00,B_sell_A_buy,11.4517,5.5517,4468.2,4468.3,22.1984,16.6406,4473.42,4473.81,0.1118,2.9825,0.0000062500,0.0007000000,221.5,0.1
2026-09-04T11:17:34.928+00:00,B_sell_A_buy,11.4518,5.5518,4468.2,4468.3,22.1984,16.6406,4473.42,4473.79,0.1118,0.0252,0.0000062500,0.0007000000,705.9,0.1
2026-09-04T11:17:34.950+00:00,B_sell_A_buy,11.4518,5.5518,4468.2,4468.3,22.1984,16.6406,4473.42,4473.79,0.1118,2.0252,0.0000062500,0.0007000000,727.1,0.1
2026-09-04T11:17:35.437+00:00,B_sell_A_buy,11.4518,5.5518,4468.2,4468.3,22.1984,16.6406,4473.42,4473.78,0.1118,0.0253,0.0000062500,0.0007000000,1214.1,0.1
2026-09-04T11:17:35.454+00:00,B_sell_A_buy,11.4518,5.5518,4468.2,4468.3,22.1984,16.6406,4473.42,4473.78,0.1118,2.0253,0.0000062500,0.0007000000,1230.9,0.1
2026-09-04T11:17:35.852+00:00,B_sell_A_buy,11.4518,5.5518,4468.2,4468.3,22.1984,16.6406,4473.42,4473.77,0.1118,0.4297,0.0000062500,0.0007000000,1629.0,0.1
2026-09-04T11:17:35.879+00:00,B_sell_A_buy,11.4518,5.5518,4468.2,4468.3,22.1984,16.6406,4473.42,4473.77,0.1118,2.4297,0.0000062500,0.0007000000,1656.2,0.1
2026-09-04T11:17:35.966+00:00,B_sell_A_buy,11.4518,5.5518,4468.2,4468.3,22.1984,16.6406,4473.42,4473.73,0.1118,0.0197,0.0000062500,0.0007000000,1743.1,0.1
2026-09-04T11:17:35.982+00:00,B_sell_A_buy,11.4518,5.5518,4468.2,4468.3,22.1984,16.6406,4473.42,4473.73,0.1118,2.0197,0.0000062500,0.0007000000,1759.1,0.1
2026-09-04T11:17:35.991+00:00,B_sell_A_buy,11.4518,5.5518,4468.2,4468.3,22.1984,16.627,4473.42,4473.73,0.1118,2.0197,0.0000062500,0.0007000000,0.0,9.5
2026-09-04T11:17:36.004+00:00,B_sell_A_buy,11.4518,5.5518,4468.2,4468.3,22.1984,16.627,4473.42,4473.73,0.1118,2.977,0.0000062500,0.0007000000,12.1,0.0
2026-09-04T11:17:36.273+00:00,B_sell_A_buy,11.4518,5.5518,4468.2,4468.3,22.1984,19.2283,4473.42,4473.73,0.1118,2.977,0.0000062500,0.0007000000,0.1,270.3
2026-09-04T11:17:36.446+00:00,B_sell_A_buy,11.4518,5.5518,4468.2,4468.3,22.1984,16.627,4473.42,4473.73,0.1118,2.977,0.0000062500,0.0007000000,0.1,442.3
2026-09-04T11:17:36.525+00:00,B_sell_A_buy,11.4518,5.5518,4468.2,4468.3,22.1984,16.627,4473.42,4473.72,0.1118,0.0208,0.0000062500,0.0007000000,78.9,0.1
2026-09-04T11:17:36.540+00:00,B_sell_A_buy,11.4518,5.5518,4468.2,4468.3,22.1984,16.627,4473.42,4473.72,0.1118,2.0208,0.0000062500,0.0007000000,93.7,0.0
2026-09-04T11:17:37.101+00:00,B_sell_A_buy,11.4518,5.5518,4468.2,4468.3,22.1984,16.627,4473.42,4473.72,0.1118,2.0,0.0000062500,0.0007000000,655.5,0.1
2026-09-04T11:17:37.115+00:00,B_sell_A_buy,11.4518,5.5518,4468.2,4468.3,22.1984,16.627,4473.42,4473.73,0.1118,2.9782,0.0000062500,0.0007000000,669.5,0.1
2026-09-04T11:17:37.443+00:00,B_sell_A_buy,11.4518,5.5518,4468.2,4468.3,22.1984,16.627,4473.42,4473.72,0.1118,3.2354,0.0000062500,0.0007000000,997.5,0.1
2026-09-04T11:17:37.449+00:00,B_sell_A_buy,11.0493,5.1493,4468.2,4468.3,22.1984,16.627,4473.24,4473.72,3.223,3.2354,0.0000062500,0.0007000000,1003.5,0.0
2026-09-04T11:17:37.451+00:00,B_sell_A_buy,11.0270,5.1270,4468.2,4468.3,22.1984,16.627,4473.23,4473.72,1.8586,3.2354,0.0000062500,0.0007000000,1006.0,0.0
2026-09-04T11:17:37.459+00:00,B_sell_A_buy,10.7363,4.8363,4468.2,4468.3,22.1984,16.627,4473.1,4473.72,0.6878,3.2354,0.0000062500,0.0007000000,1013.5,0.1
2026-09-04T11:17:37.459+00:00,B_sell_A_buy,10.7363,4.8363,4468.2,4468.3,22.1984,16.627,4473.1,4473.72,0.6878,5.2354,0.0000062500,0.0007000000,1013.6,0.1
2026-09-04T11:17:37.485+00:00,B_sell_A_buy,10.0654,4.1654,4468.2,4468.3,22.1984,16.627,4472.8,4473.72,0.0223,5.2354,0.0000062500,0.0007000000,1039.4,0.1
2026-09-04T11:17:37.491+00:00,B_sell_A_buy,10.7586,4.8586,4468.2,4468.3,22.1984,16.627,4473.11,4473.72,0.1118,5.2354,0.0000062500,0.0007000000,1045.7,0.0
2026-09-04T11:17:37.497+00:00,B_sell_A_buy,10.7586,4.8586,4468.2,4468.3,22.1984,16.627,4473.11,4473.71,0.1118,1.0528,0.0000062500,0.0007000000,1051.6,0.0
2026-09-04T11:17:37.512+00:00,B_sell_A_buy,10.7586,4.8586,4468.2,4468.3,22.1984,16.627,4473.11,4473.71,0.1118,3.0528,0.0000062500,0.0007000000,1066.5,0.0
2026-09-04T11:17:37.623+00:00,B_sell_A_buy,10.7587,4.8587,4468.2,4468.3,22.1984,16.627,4473.11,4473.51,0.1118,0.0241,0.0000062500,0.0007000000,1176.9,0.1
2026-09-04T11:17:37.638+00:00,B_sell_A_buy,10.7587,4.8587,4468.2,4468.3,22.1984,16.627,4473.11,4473.51,0.1118,2.0241,0.0000062500,0.0007000000,1192.5,0.1
2026-09-04T11:17:37.649+00:00,B_sell_A_buy,10.7588,4.8588,4468.2,4468.3,22.1984,16.627,4473.11,4473.5,0.1118,0.2131,0.0000062500,0.0007000000,1203.2,0.0
2026-09-04T11:17:37.662+00:00,B_sell_A_buy,10.7588,4.8588,4468.2,4468.3,22.1984,16.627,4473.11,4473.5,0.1118,2.2131,0.0000062500,0.0007000000,1216.0,0.0
2026-09-04T11:17:37.757+00:00,B_sell_A_buy,10.7588,4.8588,4468.2,4468.3,22.4222,16.627,4473.11,4473.5,0.1118,2.2131,0.0000062500,0.0007000000,0.1,95.7
2026-09-04T11:17:37.864+00:00,B_sell_A_buy,10.7588,4.8588,4468.2,4468.3,0.2238,20.3057,4473.11,4473.5,0.1118,2.2131,0.0000062500,0.0007000000,0.1,201.7
2026-09-04T11:17:37.995+00:00,B_sell_A_buy,10.7588,4.8588,4468.2,4468.3,0.2238,23.098,4473.11,4473.5,0.1118,2.2131,0.0000062500,0.0007000000,0.0,333.3
2026-09-04T11:17:38.128+00:00,B_sell_A_buy,10.7588,4.8588,4468.2,4468.3,0.2238,23.098,4473.11,4473.5,0.1118,2.2371,0.0000062500,0.0007000000,133.3,0.1
2026-09-04T11:17:38.294+00:00,B_sell_A_buy,10.7588,4.8588,4468.2,4468.3,0.2238,23.5225,4473.11,4473.5,0.1118,2.2371,0.0000062500,0.0007000000,0.1,166.5
2026-09-04T11:17:38.374+00:00,B_sell_A_buy,10.7588,4.8588,4468.2,4468.3,0.2238,23.5225,4473.11,4473.5,0.1118,2.024,0.0000062500,0.0007000000,79.4,0.1
2026-09-04T11:17:38.640+00:00,B_sell_A_buy,10.7588,4.8588,4468.2,4468.3,0.2238,23.5225,4473.11,4473.5,0.1118,2.0,0.0000062500,0.0007000000,345.0,0.1
2026-09-04T11:17:38.659+00:00,B_sell_A_buy,10.7587,4.8587,4468.2,4468.3,0.2238,23.5225,4473.11,4473.51,0.1118,0.0242,0.0000062500,0.0007000000,364.3,0.0
2026-09-04T11:17:38.676+00:00,B_sell_A_buy,10.7587,4.8587,4468.2,4468.3,0.2238,23.5225,4473.11,4473.51,0.1118,2.0242,0.0000062500,0.0007000000,380.9,0.0
2026-09-04T11:17:38.694+00:00,B_sell_A_buy,10.7587,4.8587,4468.2,4468.3,0.2238,23.5225,4473.11,4473.51,0.1118,2.8242,0.0000062500,0.0007000000,398.8,0.0
2026-09-04T11:17:38.863+00:00,B_sell_A_buy,10.7587,4.8587,4468.2,4468.3,0.2238,23.5225,4473.11,4473.51,0.1118,2.0242,0.0000062500,0.0007000000,568.4,0.1
2026-09-04T11:17:39.348+00:00,B_sell_A_buy,10.7587,4.8587,4468.2,4468.3,0.2238,23.5225,4473.11,4473.51,0.1118,0.0242,0.0000062500,0.0007000000,1053.3,0.1
2026-09-04T11:17:39.368+00:00,B_sell_A_buy,10.7587,4.8587,4468.2,4468.3,0.2238,23.5225,4473.11,4473.51,0.1118,2.0242,0.0000062500,0.0007000000,1073.8,0.1
2026-09-04T11:17:39.387+00:00,B_sell_A_buy,10.7587,4.8587,4468.2,4468.3,0.2238,23.5225,4473.11,4473.51,0.1118,0.0242,0.0000062500,0.0007000000,1091.9,0.0
2026-09-04T11:17:39.393+00:00,B_sell_A_buy,10.7811,4.8811,4468.2,4468.3,0.2238,23.5225,4473.12,4473.51,0.4478,0.0242,0.0000062500,0.0007000000,1097.9,0.0
2026-09-04T11:17:39.436+00:00,B_sell_A_buy,10.8035,4.9035,4468.2,4468.3,0.2238,23.5225,4473.13,4473.51,0.1118,0.0242,0.0000062500,0.0007000000,1141.5,0.0
2026-09-04T11:17:39.564+00:00,B_sell_A_buy,10.8035,4.9035,4468.2,4468.3,0.2238,23.5225,4473.13,4473.51,0.1118,2.0242,0.0000062500,0.0007000000,1269.8,0.1
2026-09-04T11:17:39.681+00:00,B_sell_A_buy,10.8035,4.9035,4468.2,4468.3,0.2238,23.5225,4473.13,4473.5,0.1118,0.0271,0.0000062500,0.0007000000,1385.8,0.0
2026-09-04T11:17:39.697+00:00,B_sell_A_buy,10.8035,4.9035,4468.2,4468.3,0.2238,23.5225,4473.13,4473.5,0.1118,2.0271,0.0000062500,0.0007000000,1401.9,0.1
2026-09-04T11:17:39.728+00:00,B_sell_A_buy,10.8035,4.9035,4468.2,4468.3,0.2238,23.5225,4473.13,4473.5,0.1118,0.0271,0.0000062500,0.0007000000,1433.3,0.0
2026-09-04T11:17:39.749+00:00,B_sell_A_buy,10.8258,4.9258,4468.2,4468.3,0.2238,23.5225,4473.14,4473.5,0.2507,0.0271,0.0000062500,0.0007000000,1454.6,0.0
