ts_utc,sell_venue,buy_venue,gross_bps,net_bps,sell_bid,sell_bid_size,buy_ask,buy_ask_size,sell_ask,buy_bid,funding_sell,funding_buy,age_sell_ms,age_buy_ms
2026-09-14T08:41:56.751+00:00,ASTER,HL,12.0923,5.2923,1555.58,2.7,1553.7,19.313,1555.97,1553.6,,0.0000062500,45.8,0.4
2026-09-14T08:41:56.890+00:00,ASTER,HL,10.5490,3.7490,1555.34,43.06,1553.7,19.313,1555.97,1553.6,,0.0000062500,0.3,139.2
2026-09-14T08:41:56.896+00:00,ASTER,HL,12.2209,5.4209,1555.6,2.7,1553.7,19.313,1555.97,1553.6,,0.0000062500,0.2,145.4
2026-09-14T08:41:56.980+00:00,ASTER,HL,12.2209,5.4209,1555.6,2.7,1553.7,18.087,1555.97,1553.6,,0.0000062500,84.3,0.3
2026-09-14T08:41:56.981+00:00,ASTER,HL,12.2209,5.4209,1555.6,2.7,1553.7,0.438,1555.97,1553.6,,0.0000062500,84.6,0.5
2026-09-14T08:41:56.981+00:00,ASTER,ENTROPY,8.3603,1.5603,1555.6,2.7,1554.3,0.476,1555.97,1554.0,,0.0000020646,84.8,0.7
2026-09-14T08:41:57.199+00:00,ASTER,ENTROPY,8.3603,1.5603,1555.6,2.7,1554.3,0.859,1555.97,1554.0,0.0003265400,0.0000020646,302.9,0.3
2026-09-14T08:41:57.316+00:00,ASTER,HL,12.2209,5.4209,1555.6,2.7,1553.7,0.438,1555.97,1553.6,0.0003265400,0.0000062500,420.1,0.2
2026-09-14T08:41:57.332+00:00,ASTER,HL,10.2908,3.4908,1555.6,2.7,1554.0,1.287,1555.97,1553.6,0.0003265400,0.0000062500,435.7,0.2
2026-09-14T08:41:57.339+00:00,ASTER,HL,8.6189,1.8189,1555.34,10.28,1554.0,1.287,1555.97,1553.6,0.0003265400,0.0000062500,0.1,6.5
2026-09-14T08:41:57.348+00:00,ASTER,HL,8.6189,1.8189,1555.34,5.53,1554.0,1.287,1555.97,1553.6,0.0003265400,0.0000062500,0.1,15.8
2026-09-14T08:41:57.348+00:00,ASTER,HL,8.6189,1.8189,1555.34,5.53,1554.0,1.287,1555.97,1553.6,0.0003265400,0.0000062500,0.2,15.9
2026-09-14T08:41:57.348+00:00,ASTER,HL,8.6188,1.8188,1555.34,5.53,1554.0,1.287,1556.0,1553.6,0.0003265400,0.0000062500,0.2,15.9
2026-09-14T08:41:57.348+00:00,ASTER,HL,8.6188,1.8188,1555.34,0.78,1554.0,1.287,1556.0,1553.6,0.0003265400,0.0000062500,0.3,15.9
2026-09-14T08:41:57.358+00:00,ASTER,HL,8.6189,1.8189,1555.34,0.78,1554.0,1.287,1555.96,1553.6,0.0003265400,0.0000062500,0.1,26.0
2026-09-14T08:41:57.366+00:00,ASTER,HL,8.6191,1.8191,1555.34,0.78,1554.0,1.287,1555.83,1553.6,0.0003265400,0.0000062500,0.1,33.6
2026-09-14T08:41:57.366+00:00,ASTER,HL,8.6191,1.8191,1555.34,0.78,1554.0,1.287,1555.83,1553.6,0.0003265400,0.0000062500,0.1,33.7
2026-09-14T08:41:57.396+00:00,ASTER,HL,8.6187,1.8187,1555.34,0.78,1554.0,1.287,1555.83,1553.9,0.0003265400,0.0000062500,30.6,0.2
2026-09-14T08:41:57.406+00:00,ASTER,HL,8.6187,1.8187,1555.34,0.78,1554.0,1.287,1555.83,1553.9,0.0003265400,0.0000062500,0.1,10.1
2026-09-14T08:41:57.406+00:00,ASTER,HL,8.6187,1.8187,1555.34,0.78,1554.0,1.287,1555.83,1553.9,0.0003265400,0.0000062500,0.2,10.1
2026-09-14T08:41:57.441+00:00,ASTER,HL,8.6187,1.8187,1555.34,0.78,1554.0,59.204,1555.83,1553.9,0.0003265400,0.0000062500,34.7,0.2
2026-09-14T08:41:57.457+00:00,ASTER,HL,8.6187,1.8187,1555.34,0.78,1554.0,59.204,1555.82,1553.9,0.0003265400,0.0000062500,0.1,16.5
2026-09-14T08:41:57.457+00:00,ASTER,HL,8.6187,1.8187,1555.34,0.78,1554.0,59.204,1555.82,1553.9,0.0003265400,0.0000062500,0.2,16.6
2026-09-14T08:41:57.462+00:00,ASTER,HL,8.8759,2.0759,1555.38,2.7,1554.0,59.204,1555.82,1553.9,0.0003265400,0.0000062500,0.1,21.3
2026-09-14T08:41:57.462+00:00,ASTER,ENTROPY,6.9459,0.1459,1555.38,2.7,1554.3,0.859,1555.82,1554.0,0.0003265400,0.0000020646,0.1,262.7
2026-09-14T08:41:57.516+00:00,ASTER,HL,8.8759,2.0759,1555.38,2.7,1554.0,59.204,1555.82,1553.9,0.0003265400,0.0000062500,53.7,0.2
2026-09-14T08:41:57.614+00:00,ASTER,HL,8.8760,2.0760,1555.38,2.7,1554.0,61.224,1555.82,1553.8,0.0003265400,0.0000062500,152.8,0.2
2026-09-14T08:41:57.652+00:00,ASTER,HL,8.8760,2.0760,1555.38,2.7,1554.0,61.224,1555.82,1553.8,0.0003265400,0.0000062500,0.2,38.0
2026-09-14T08:41:57.652+00:00,ASTER,ENTROPY,6.9459,0.1459,1555.38,2.7,1554.3,0.859,1555.82,1554.0,0.0003265400,0.0000020646,0.2,453.2
2026-09-14T08:41:57.652+00:00,ASTER,HL,8.6188,1.8188,1555.34,0.78,1554.0,61.224,1555.82,1553.8,0.0003265400,0.0000062500,0.4,38.2
2026-09-14T08:41:57.663+00:00,ASTER,HL,9.0689,2.2689,1555.41,2.7,1554.0,61.224,1555.82,1553.8,0.0003265400,0.0000062500,0.1,48.5
2026-09-14T08:41:57.663+00:00,ASTER,ENTROPY,7.1388,0.3388,1555.41,2.7,1554.3,0.859,1555.82,1554.0,0.0003265400,0.0000020646,0.1,463.7
2026-09-14T08:41:57.703+00:00,ASTER,HL,8.6188,1.8188,1555.34,0.78,1554.0,61.224,1555.82,1553.8,0.0003265400,0.0000062500,0.1,87.9
2026-09-14T08:41:57.717+00:00,ASTER,HL,9.3262,2.5262,1555.45,2.7,1554.0,61.224,1555.82,1553.8,0.0003265400,0.0000062500,0.2,102.8
2026-09-14T08:41:57.717+00:00,ASTER,ENTROPY,7.3960,0.5960,1555.45,2.7,1554.3,0.859,1555.82,1554.0,0.0003265400,0.0000020646,0.2,518.0
2026-09-14T08:41:57.717+00:00,ASTER,HL,9.6477,2.8477,1555.5,2.7,1554.0,61.224,1555.82,1553.8,0.0003265400,0.0000062500,0.3,103.0
2026-09-14T08:41:57.717+00:00,ASTER,ENTROPY,7.7175,0.9175,1555.5,2.7,1554.3,0.859,1555.82,1554.0,0.0003265400,0.0000020646,0.3,518.2
2026-09-14T08:41:57.717+00:00,ASTER,HL,9.8406,3.0406,1555.53,2.7,1554.0,61.224,1555.82,1553.8,0.0003265400,0.0000062500,0.3,103.0
2026-09-14T08:41:57.717+00:00,ASTER,ENTROPY,7.9104,1.1104,1555.53,2.7,1554.3,0.859,1555.82,1554.0,0.0003265400,0.0000020646,0.3,518.3
2026-09-14T08:41:57.717+00:00,ASTER,HL,10.3550,3.5550,1555.61,2.7,1554.0,61.224,1555.82,1553.8,0.0003265400,0.0000062500,0.4,103.1
2026-09-14T08:41:57.717+00:00,ASTER,ENTROPY,8.4248,1.6248,1555.61,2.7,1554.3,0.859,1555.82,1554.0,0.0003265400,0.0000020646,0.4,518.3
2026-09-14T08:41:57.717+00:00,ASTER,HL,10.4836,3.6836,1555.63,2.7,1554.0,61.224,1555.82,1553.8,0.0003265400,0.0000062500,0.4,103.1
2026-09-14T08:41:57.717+00:00,ASTER,ENTROPY,8.5534,1.7534,1555.63,2.7,1554.3,0.859,1555.82,1554.0,0.0003265400,0.0000020646,0.4,518.4
2026-09-14T08:41:57.738+00:00,ASTER,HL,10.4833,3.6833,1555.63,2.7,1554.0,61.224,1555.98,1553.8,0.0003265400,0.0000062500,0.1,122.7
2026-09-14T08:41:57.738+00:00,ASTER,ENTROPY,8.5532,1.7532,1555.63,2.7,1554.3,0.859,1555.98,1554.0,0.0003265400,0.0000020646,0.1,537.9
2026-09-14T08:41:57.743+00:00,ASTER,HL,10.4833,3.6833,1555.63,2.7,1554.0,61.224,1555.98,1553.8,0.0003265400,0.0000062500,0.1,128.1
2026-09-14T08:41:57.743+00:00,ASTER,ENTROPY,8.5532,1.7532,1555.63,2.7,1554.3,0.859,1555.98,1554.0,0.0003265400,0.0000020646,0.1,543.3
2026-09-14T08:41:57.743+00:00,ASTER,HL,10.4833,3.6833,1555.63,2.7,1554.0,61.224,1556.0,1553.8,0.0003265400,0.0000062500,0.2,128.2
2026-09-14T08:41:57.743+00:00,ASTER,ENTROPY,8.5532,1.7532,1555.63,2.7,1554.3,0.859,1556.0,1554.0,0.0003265400,0.0000020646,0.2,543.4
2026-09-14T08:41:57.774+00:00,ASTER,HL,10.4833,3.6833,1555.63,2.7,1554.0,61.846,1556.0,1553.8,0.0003265400,0.0000062500,31.4,0.1
2026-09-14T08:41:57.774+00:00,ASTER,ENTROPY,9.8397,3.0397,1555.63,2.7,1554.1,0.169,1556.0,1554.0,0.0003265400,0.0000020646,31.5,0.2
2026-09-14T08:41:57.774+00:00,ASTER,HL,11.1268,4.3268,1555.63,2.7,1553.9,1.9,1556.0,1553.7,0.0003265400,0.0000062500,31.5,0.2
2026-09-14T08:41:57.812+00:00,ASTER,HL,11.7701,4.9701,1555.63,2.7,1553.8,0.811,1556.0,1553.7,0.0003265400,0.0000062500,69.2,0.1
2026-09-14T08:41:57.860+00:00,ASTER,HL,11.7701,4.9701,1555.63,2.7,1553.8,1.622,1556.0,1553.7,0.0003265400,0.0000062500,117.5,0.2
2026-09-14T08:41:57.994+00:00,ASTER,HL,11.7701,4.9701,1555.63,2.7,1553.8,2.433,1556.0,1553.7,0.0003265400,0.0000062500,251.3,0.3
2026-09-14T08:41:58.092+00:00,ASTER,HL,10.4834,3.6834,1555.63,2.7,1554.0,78.838,1556.0,1553.7,0.0003265400,0.0000062500,349.5,0.3
2026-09-14T08:41:58.092+00:00,ASTER,ENTROPY,8.5532,1.7532,1555.63,2.7,1554.3,0.476,1556.0,1554.0,0.0003265400,0.0000020646,349.6,0.4
2026-09-14T08:41:58.092+00:00,ASTER,HL,10.4831,3.6831,1555.63,2.7,1554.0,77.873,1556.0,1553.9,0.0003265400,0.0000062500,349.7,0.4
2026-09-14T08:41:58.092+00:00,ASTER,ENTROPY,8.5529,1.7529,1555.63,2.7,1554.3,0.476,1556.0,1554.2,0.0003265400,0.0000020646,349.7,0.4
2026-09-14T08:41:58.144+00:00,ASTER,HL,9.3257,2.5257,1555.45,46.52,1554.0,77.873,1556.0,1553.9,0.0003265400,0.0000062500,0.1,52.3
2026-09-14T08:41:58.144+00:00,ASTER,ENTROPY,7.3956,0.5956,1555.45,46.52,1554.3,0.476,1556.0,1554.2,0.0003265400,0.0000020646,0.1,52.3
2026-09-14T08:41:58.149+00:00,ASTER,HL,11.6404,4.8404,1555.81,2.7,1554.0,77.873,1556.0,1553.9,0.0003265400,0.0000062500,0.1,56.9
2026-09-14T08:41:58.149+00:00,ASTER,ENTROPY,9.7101,2.9101,1555.81,2.7,1554.3,0.476,1556.0,1554.2,0.0003265400,0.0000020646,0.1,56.9
2026-09-14T08:41:58.174+00:00,ASTER,HL,11.6404,4.8404,1555.81,2.7,1554.0,58.56,1556.0,1553.9,0.0003265400,0.0000062500,25.2,0.2
2026-09-14T08:41:58.294+00:00,ASTER,HL,9.3257,2.5257,1555.45,46.52,1554.0,58.56,1556.0,1553.9,0.0003265400,0.0000062500,0.2,120.6
2026-09-14T08:41:58.294+00:00,ASTER,ENTROPY,7.3956,0.5956,1555.45,46.52,1554.3,0.476,1556.0,1554.2,0.0003265400,0.0000020646,0.2,202.4
2026-09-14T08:41:58.303+00:00,ASTER,HL,9.3257,2.5257,1555.45,46.52,1554.0,58.56,1556.0,1553.9,0.0003265400,0.0000062500,9.4,0.2
2026-09-14T08:41:58.303+00:00,ASTER,ENTROPY,7.3956,0.5956,1555.45,46.52,1554.3,0.4683,1556.0,1554.2,0.0003265400,0.0000020646,9.5,0.3
2026-09-14T08:41:58.350+00:00,ASTER,HL,9.3257,2.5257,1555.45,46.52,1554.0,58.56,1556.0,1553.9,0.0003265400,0.0000062500,56.2,0.2
2026-09-14T08:41:58.401+00:00,ASTER,HL,10.6117,3.8117,1555.65,2.7,1554.0,58.56,1556.0,1553.9,0.0003265400,0.0000062500,0.2,51.2
2026-09-14T08:41:58.401+00:00,ASTER,ENTROPY,8.6815,1.8815,1555.65,2.7,1554.3,0.4683,1556.0,1554.2,0.0003265400,0.0000020646,0.2,98.0
2026-09-14T08:41:58.417+00:00,ASTER,HL,10.6117,3.8117,1555.65,2.7,1554.0,58.56,1556.0,1553.9,0.0003265400,0.0000062500,16.3,0.2
2026-09-14T08:41:58.417+00:00,ASTER,ENTROPY,8.6815,1.8815,1555.65,2.7,1554.3,0.3045,1556.0,1554.2,0.0003265400,0.0000020646,16.5,0.3
2026-09-14T08:41:58.466+00:00,ASTER,HL,10.6117,3.8117,1555.65,2.7,1554.0,77.23,1556.0,1553.9,0.0003265400,0.0000062500,65.8,0.2
2026-09-14T08:41:58.490+00:00,ASTER,HL,9.3257,2.5257,1555.45,46.52,1554.0,77.23,1556.0,1553.9,0.0003265400,0.0000062500,0.1,23.1
2026-09-14T08:41:58.490+00:00,ASTER,ENTROPY,7.3956,0.5956,1555.45,46.52,1554.3,0.3045,1556.0,1554.2,0.0003265400,0.0000020646,0.1,72.6
2026-09-14T08:41:58.499+00:00,ASTER,HL,10.7403,3.9403,1555.67,2.7,1554.0,77.23,1556.0,1553.9,0.0003265400,0.0000062500,0.1,32.1
2026-09-14T08:41:58.499+00:00,ASTER,ENTROPY,8.8100,2.0100,1555.67,2.7,1554.3,0.3045,1556.0,1554.2,0.0003265400,0.0000020646,0.1,81.5
2026-09-14T08:41:58.603+00:00,ASTER,HL,10.7403,3.9403,1555.67,2.7,1554.0,77.23,1556.0,1553.9,0.0003265400,0.0000062500,104.6,0.2
2026-09-14T08:41:58.842+00:00,ASTER,HL,9.3257,2.5257,1555.45,46.52,1554.0,77.23,1556.0,1553.9,0.0003265400,0.0000062500,0.2,239.1
2026-09-14T08:41:58.842+00:00,ASTER,ENTROPY,7.3956,0.5956,1555.45,46.52,1554.3,0.3045,1556.0,1554.2,0.0003265400,0.0000020646,0.2,424.9
2026-09-14T08:41:58.846+00:00,ASTER,HL,10.8689,4.0689,1555.69,2.7,1554.0,77.23,1556.0,1553.9,0.0003265400,0.0000062500,0.1,242.7
2026-09-14T08:41:58.846+00:00,ASTER,ENTROPY,8.9386,2.1386,1555.69,2.7,1554.3,0.3045,1556.0,1554.2,0.0003265400,0.0000020646,0.1,428.5
2026-09-14T08:41:58.854+00:00,ASTER,HL,10.8689,4.0689,1555.69,2.7,1554.0,77.23,1556.0,1553.9,0.0003265400,0.0000062500,8.2,0.2
2026-09-14T08:41:58.874+00:00,ASTER,HL,10.8689,4.0689,1555.69,2.7,1554.0,77.23,1556.0,1553.9,0.0003265400,0.0000062500,28.1,0.1
2026-09-14T08:41:59.037+00:00,ASTER,HL,9.3257,2.5257,1555.45,46.52,1554.0,77.23,1556.0,1553.9,0.0003265400,0.0000062500,0.2,163.9
2026-09-14T08:41:59.037+00:00,ASTER,ENTROPY,7.3956,0.5956,1555.45,46.52,1554.3,0.3045,1556.0,1554.2,0.0003265400,0.0000020646,0.2,620.3
2026-09-14T08:41:59.151+00:00,ASTER,HL,9.7758,2.9758,1555.52,2.7,1554.0,77.23,1556.0,1553.9,0.0003265400,0.0000062500,0.2,278.4
2026-09-14T08:41:59.151+00:00,ASTER,ENTROPY,7.8456,1.0456,1555.52,2.7,1554.3,0.3045,1556.0,1554.2,0.0003265400,0.0000020646,0.2,734.7
2026-09-14T08:41:59.154+00:00,ASTER,HL,9.7758,2.9758,1555.52,2.7,1554.0,77.23,1556.0,1553.9,0.0003265400,0.0000062500,3.2,0.2
2026-09-14T08:41:59.211+00:00,ASTER,HL,9.7758,2.9758,1555.52,2.7,1554.0,77.23,1556.0,1553.9,0.0003265400,0.0000062500,59.8,0.2
2026-09-14T08:41:59.436+00:00,ASTER,HL,9.7758,2.9758,1555.52,2.7,1554.0,77.23,1556.0,1553.9,0.0003265400,0.0000062500,283.9,0.2
2026-09-14T08:41:59.561+00:00,ASTER,HL,9.7758,2.9758,1555.52,2.7,1554.0,77.23,1556.0,1553.9,0.0003265400,0.0000062500,409.7,0.2
2026-09-14T08:41:59.697+00:00,ASTER,HL,9.7757,2.9757,1555.52,2.7,1554.0,77.23,1556.08,1553.9,0.0003265400,0.0000062500,0.3,136.1
2026-09-14T08:41:59.697+00:00,ASTER,ENTROPY,7.8455,1.0455,1555.52,2.7,1554.3,0.3045,1556.08,1554.2,0.0003265400,0.0000020646,0.3,1280.1
2026-09-14T08:41:59.697+00:00,ASTER,HL,9.3256,2.5256,1555.45,46.52,1554.0,77.23,1556.08,1553.9,0.0003265400,0.0000062500,0.4,136.3
2026-09-14T08:41:59.697+00:00,ASTER,ENTROPY,7.3955,0.5955,1555.45,46.52,1554.3,0.3045,1556.08,1554.2,0.0003265400,0.0000020646,0.4,1280.3
2026-09-14T08:41:59.702+00:00,ASTER,HL,9.3256,2.5256,1555.45,46.52,1554.0,77.23,1556.08,1553.9,0.0003265400,0.0000062500,0.1,141.0
2026-09-14T08:41:59.702+00:00,ASTER,ENTROPY,7.3955,0.5955,1555.45,46.52,1554.3,0.3045,1556.08,1554.2,0.0003265400,0.0000020646,0.1,1285.0
2026-09-14T08:41:59.702+00:00,ASTER,HL,9.3256,2.5256,1555.45,39.65,1554.0,77.23,1556.08,1553.9,0.0003265400,0.0000062500,0.2,141.1
2026-09-14T08:41:59.702+00:00,ASTER,ENTROPY,7.3955,0.5955,1555.45,39.65,1554.3,0.3045,1556.08,1554.2,0.0003265400,0.0000020646,0.2,1285.1
2026-09-14T08:41:59.724+00:00,ASTER,HL,9.3256,2.5256,1555.45,23.26,1554.0,77.23,1556.08,1553.9,0.0003265400,0.0000062500,0.1,162.3
2026-09-14T08:41:59.724+00:00,ASTER,ENTROPY,7.3955,0.5955,1555.45,23.26,1554.3,0.3045,1556.08,1554.2,0.0003265400,0.0000020646,0.1,1306.3
2026-09-14T08:41:59.724+00:00,ASTER,HL,9.3255,2.5255,1555.45,23.26,1554.0,77.23,1556.15,1553.9,0.0003265400,0.0000062500,0.2,162.4
2026-09-14T08:41:59.724+00:00,ASTER,ENTROPY,7.3954,0.5954,1555.45,23.26,1554.3,0.3045,1556.15,1554.2,0.0003265400,0.0000020646,0.2,1306.4
2026-09-14T08:41:59.724+00:00,ASTER,HL,9.3255,2.5255,1555.45,16.39,1554.0,77.23,1556.15,1553.9,0.0003265400,0.0000062500,0.3,162.4
2026-09-14T08:41:59.724+00:00,ASTER,ENTROPY,7.3954,0.5954,1555.45,16.39,1554.3,0.3045,1556.15,1554.2,0.0003265400,0.0000020646,0.3,1306.5
2026-09-14T08:41:59.724+00:00,ASTER,HL,8.8754,2.0754,1555.38,0.64,1554.0,77.23,1556.15,1553.9,0.0003265400,0.0000062500,0.3,162.4
2026-09-14T08:41:59.724+00:00,ASTER,ENTROPY,6.9453,0.1453,1555.38,0.64,1554.3,0.3045,1556.15,1554.2,0.0003265400,0.0000020646,0.3,1306.5
2026-09-14T08:41:59.724+00:00,ASTER,HL,9.8399,3.0399,1555.53,0.04,1554.0,77.23,1556.15,1553.9,0.0003265400,0.0000062500,0.3,162.5
2026-09-14T08:41:59.724+00:00,ASTER,ENTROPY,7.9097,1.1097,1555.53,0.04,1554.3,0.3045,1556.15,1554.2,0.0003265400,0.0000020646,0.3,1306.5
2026-09-14T08:41:59.724+00:00,ASTER,HL,11.9616,5.1616,1555.86,2.7,1554.0,77.23,1556.15,1553.9,0.0003265400,0.0000062500,0.3,162.5
2026-09-14T08:41:59.724+00:00,ASTER,ENTROPY,10.0313,3.2313,1555.86,2.7,1554.3,0.3045,1556.15,1554.2,0.0003265400,0.0000020646,0.3,1306.5
2026-09-14T08:41:59.736+00:00,ASTER,HL,11.9613,5.1613,1555.86,2.7,1554.0,77.23,1556.32,1553.9,0.0003265400,0.0000062500,0.1,174.7
2026-09-14T08:41:59.736+00:00,ASTER,ENTROPY,10.0311,3.2311,1555.86,2.7,1554.3,0.3045,1556.32,1554.2,0.0003265400,0.0000020646,0.1,1318.8
2026-09-14T08:42:00.021+00:00,ASTER,HL,10.0315,3.2315,1555.86,2.7,1554.3,19.302,1556.32,1553.9,0.0003265400,0.0000062500,285.2,0.3
2026-09-14T08:42:00.022+00:00,ASTER,ENTROPY,10.0311,3.2311,1555.86,2.7,1554.3,0.3045,1556.32,1554.2,0.0003265400,0.0000020646,285.5,0.5
2026-09-14T08:42:00.036+00:00,ASTER,HL,9.1958,2.3958,1555.73,11.97,1554.3,19.302,1556.32,1553.9,0.0003265400,0.0000062500,0.2,15.9
2026-09-14T08:42:00.036+00:00,ASTER,ENTROPY,9.1953,2.3953,1555.73,11.97,1554.3,0.3045,1556.32,1554.2,0.0003265400,0.0000020646,0.2,15.8
2026-09-14T08:42:00.056+00:00,ASTER,HL,10.0958,3.2958,1555.87,2.7,1554.3,19.302,1556.32,1553.9,0.0003265400,0.0000062500,0.6,35.2
2026-09-14T08:42:00.056+00:00,ASTER,ENTROPY,10.0953,3.2953,1555.87,2.7,1554.3,0.3045,1556.32,1554.2,0.0003265400,0.0000020646,0.6,35.2
2026-09-14T08:42:00.081+00:00,ASTER,HL,10.0953,3.2953,1555.87,2.7,1554.3,19.302,1556.32,1554.2,0.0003265400,0.0000062500,25.4,0.1
2026-09-14T08:42:00.165+00:00,ASTER,HL,10.0953,3.2953,1555.87,2.7,1554.3,19.302,1556.32,1554.2,0.0003265400,0.0000062500,109.7,0.2
2026-09-14T08:42:00.287+00:00,ASTER,HL,10.0953,3.2953,1555.87,2.7,1554.3,19.302,1556.32,1554.2,0.0003265400,0.0000062500,231.4,0.3
2026-09-14T08:42:00.313+00:00,ASTER,HL,10.0953,3.2953,1555.87,2.7,1554.3,19.302,1556.32,1554.2,0.0003265400,0.0000062500,257.2,0.2
2026-09-14T08:42:00.313+00:00,ASTER,ENTROPY,8.8090,2.0090,1555.87,2.7,1554.5,0.5774,1556.32,1554.2,0.0003265400,0.0000020646,257.3,0.3
2026-09-14T08:42:00.406+00:00,ASTER,HL,10.0953,3.2953,1555.87,2.7,1554.3,19.302,1556.32,1554.2,0.0003265400,0.0000062500,351.1,0.2
2026-09-14T08:42:00.431+00:00,ASTER,HL,10.0953,3.2953,1555.87,2.7,1554.3,20.267,1556.32,1554.2,0.0003265400,0.0000062500,375.9,0.2
2026-09-14T08:42:00.431+00:00,ASTER,ENTROPY,8.8089,2.0089,1555.87,2.7,1554.5,0.5774,1556.32,1554.3,0.0003265400,0.0000020646,376.1,0.3
2026-09-14T08:42:00.468+00:00,ASTER,HL,10.0953,3.2953,1555.87,2.7,1554.3,20.267,1556.32,1554.2,0.0003265400,0.0000062500,413.0,0.1
2026-09-14T08:42:00.610+00:00,ASTER,HL,10.0953,3.2953,1555.87,2.7,1554.3,19.302,1556.32,1554.2,0.0003265400,0.0000062500,555.2,0.2
2026-09-14T08:42:00.686+00:00,ASTER,HL,10.0953,3.2953,1555.87,2.7,1554.3,19.302,1556.32,1554.2,0.0003265400,0.0000062500,631.1,0.4
2026-09-14T08:42:00.686+00:00,ASTER,ENTROPY,7.5226,0.7226,1555.87,2.7,1554.7,0.2263,1556.32,1554.4,0.0003265400,0.0000020646,631.3,0.5
2026-09-14T08:42:00.796+00:00,ASTER,HL,10.0953,3.2953,1555.87,2.7,1554.3,20.91,1556.32,1554.2,0.0003265400,0.0000062500,740.4,0.3
2026-09-14T08:42:01.458+00:00,ASTER,ENTROPY,7.5226,0.7226,1555.87,2.7,1554.7,0.2006,1556.32,1554.4,0.0003265400,0.0000020646,1402.1,0.3
2026-09-14T08:42:01.503+00:00,ASTER,ENTROPY,8.1656,1.3656,1555.87,2.7,1554.6,0.3677,1556.32,1554.4,0.0003265400,0.0000020646,1447.4,0.2
2026-09-14T08:42:01.912+00:00,ASTER,HL,10.7382,3.9382,1555.97,0.78,1554.3,20.91,1556.32,1554.2,0.0003265400,0.0000062500,0.7,1117.0
2026-09-14T08:42:01.912+00:00,ASTER,ENTROPY,8.8085,2.0085,1555.97,0.78,1554.6,0.3677,1556.32,1554.4,0.0003265400,0.0000020646,0.7,410.0
2026-09-14T08:42:02.066+00:00,ASTER,HL,10.7382,3.9382,1555.97,0.78,1554.3,19.302,1556.32,1554.2,0.0003265400,0.0000062500,154.1,0.3
2026-09-14T08:42:02.066+00:00,ASTER,ENTROPY,6.8792,0.0792,1555.97,0.78,1554.9,3.7753,1556.32,1554.5,0.0003265400,0.0000020646,154.3,0.5
2026-09-14T08:42:02.066+00:00,ASTER,ENTROPY,8.1652,1.3652,1555.97,0.78,1554.7,0.1646,1556.32,1554.5,0.0003265400,0.0000020646,154.3,0.5
2026-09-14T08:42:02.209+00:00,ASTER,ENTROPY,8.1651,1.3651,1555.97,0.78,1554.7,0.1646,1556.32,1554.6,0.0003265400,0.0000020646,297.5,0.4
2026-09-14T08:42:02.225+00:00,ASTER,ENTROPY,8.1652,1.3652,1555.97,0.78,1554.7,0.1646,1556.32,1554.5,0.0003265400,0.0000020717,312.8,0.2
2026-09-14T08:42:02.535+00:00,ASTER,ENTROPY,8.1651,1.3651,1555.97,0.78,1554.7,0.1646,1556.32,1554.6,0.0003265400,0.0000020717,623.3,0.2
2026-09-14T08:42:02.927+00:00,ASTER,HL,10.7382,3.9382,1555.97,0.78,1554.3,19.22,1556.32,1554.2,0.0003265400,0.0000062500,1015.0,0.3
2026-09-14T08:42:03.402+00:00,ASTER,ENTROPY,8.1651,1.3651,1555.97,0.78,1554.7,0.1646,1556.32,1554.6,0.0003265400,0.0000020717,1490.1,0.3
2026-09-14T08:42:03.607+00:00,ASTER,HL,10.7382,3.9382,1555.97,0.78,1554.3,18.437,1556.32,1554.2,0.0003265400,0.0000062500,1694.9,0.3
2026-09-14T08:42:03.652+00:00,ASTER,HL,10.0953,3.2953,1555.87,2.7,1554.3,18.437,1556.32,1554.2,0.0003265400,0.0000062500,0.2,46.5
2026-09-14T08:42:03.652+00:00,ASTER,ENTROPY,7.5223,0.7223,1555.87,2.7,1554.7,0.1646,1556.32,1554.6,0.0003265400,0.0000020717,0.2,251.4
2026-09-14T08:42:03.663+00:00,ASTER,HL,10.0954,3.2954,1555.87,2.7,1554.3,18.437,1556.3,1554.2,0.0003265400,0.0000062500,0.2,57.5
2026-09-14T08:42:03.663+00:00,ASTER,ENTROPY,7.5223,0.7223,1555.87,2.7,1554.7,0.1646,1556.3,1554.6,0.0003265400,0.0000020717,0.2,262.4
2026-09-14T08:42:03.664+00:00,ASTER,HL,10.0954,3.2954,1555.87,2.7,1554.3,18.437,1556.3,1554.2,0.0003265400,0.0000062500,0.3,57.7
2026-09-14T08:42:03.664+00:00,ASTER,ENTROPY,7.5223,0.7223,1555.87,2.7,1554.7,0.1646,1556.3,1554.6,0.0003265400,0.0000020717,0.3,262.5
2026-09-14T08:42:03.664+00:00,ASTER,HL,10.0954,3.2954,1555.87,2.7,1554.3,18.437,1556.3,1554.2,0.0003265400,0.0000062500,0.4,57.8
2026-09-14T08:42:03.664+00:00,ASTER,ENTROPY,7.5223,0.7223,1555.87,2.7,1554.7,0.1646,1556.3,1554.6,0.0003265400,0.0000020717,0.4,262.6
2026-09-14T08:42:03.664+00:00,ASTER,HL,10.0954,3.2954,1555.87,2.7,1554.3,18.437,1556.3,1554.2,0.0003265400,0.0000062500,0.4,57.8
2026-09-14T08:42:03.664+00:00,ASTER,ENTROPY,7.5223,0.7223,1555.87,2.7,1554.7,0.1646,1556.3,1554.6,0.0003265400,0.0000020717,0.4,262.7
2026-09-14T08:42:03.761+00:00,ASTER,HL,10.0954,3.2954,1555.87,2.7,1554.3,18.437,1556.29,1554.2,0.0003265400,0.0000062500,0.8,154.3
2026-09-14T08:42:03.761+00:00,ASTER,ENTROPY,7.5224,0.7224,1555.87,2.7,1554.7,0.1646,1556.29,1554.6,0.0003265400,0.0000020717,0.8,359.1
2026-09-14T08:42:03.940+00:00,ASTER,HL,10.0954,3.2954,1555.87,2.7,1554.3,20.165,1556.29,1554.2,0.0003265400,0.0000062500,180.1,0.3
2026-09-14T08:42:03.940+00:00,ASTER,ENTROPY,7.5224,0.7224,1555.87,2.7,1554.7,0.3268,1556.29,1554.6,0.0003265400,0.0000020717,180.3,0.4
2026-09-14T08:42:03.966+00:00,ASTER,HL,10.0954,3.2954,1555.87,2.7,1554.3,20.808,1556.29,1554.2,0.0003265400,0.0000062500,205.9,0.2
2026-09-14T08:42:04.240+00:00,ASTER,HL,10.0954,3.2954,1555.87,2.7,1554.3,20.808,1556.3,1554.2,0.0003265400,0.0000062500,0.2,273.9
2026-09-14T08:42:04.240+00:00,ASTER,ENTROPY,7.5223,0.7223,1555.87,2.7,1554.7,0.3268,1556.3,1554.6,0.0003265400,0.0000020717,0.2,299.7
2026-09-14T08:42:04.285+00:00,ASTER,HL,9.0025,2.2025,1555.7,0.64,1554.3,20.808,1556.3,1554.2,0.0003265400,0.0000062500,0.2,319.1
2026-09-14T08:42:04.312+00:00,ASTER,HL,10.2239,3.4239,1555.89,2.7,1554.3,20.808,1556.3,1554.2,0.0003265400,0.0000062500,0.2,346.1
2026-09-14T08:42:04.312+00:00,ASTER,ENTROPY,7.6509,0.8509,1555.89,2.7,1554.7,0.3268,1556.3,1554.6,0.0003265400,0.0000020717,0.2,371.9
2026-09-14T08:42:04.353+00:00,ASTER,HL,10.2240,3.4240,1555.89,2.7,1554.3,20.808,1556.29,1554.2,0.0003265400,0.0000062500,0.2,387.5
2026-09-14T08:42:04.353+00:00,ASTER,ENTROPY,7.6509,0.8509,1555.89,2.7,1554.7,0.3268,1556.29,1554.6,0.0003265400,0.0000020717,0.2,413.3
2026-09-14T08:42:04.392+00:00,ASTER,HL,10.2240,3.4240,1555.89,2.7,1554.3,20.045,1556.29,1554.2,0.0003265400,0.0000062500,39.4,0.2
2026-09-14T08:42:04.393+00:00,ASTER,ENTROPY,7.6509,0.8509,1555.89,2.7,1554.7,0.6955,1556.29,1554.6,0.0003265400,0.0000020717,39.5,0.3
2026-09-14T08:42:04.435+00:00,ASTER,HL,10.2239,3.4239,1555.89,2.7,1554.3,20.045,1556.3,1554.2,0.0003265400,0.0000062500,0.2,43.2
2026-09-14T08:42:04.435+00:00,ASTER,ENTROPY,7.6509,0.8509,1555.89,2.7,1554.7,0.6955,1556.3,1554.6,0.0003265400,0.0000020717,0.2,43.2
2026-09-14T08:42:04.591+00:00,ASTER,HL,9.0025,2.2025,1555.7,0.64,1554.3,20.045,1556.3,1554.2,0.0003265400,0.0000062500,0.2,198.4
2026-09-14T08:42:04.603+00:00,ASTER,HL,10.2882,3.4882,1555.9,2.7,1554.3,20.045,1556.3,1554.2,0.0003265400,0.0000062500,0.2,210.6
2026-09-14T08:42:04.603+00:00,ASTER,ENTROPY,7.7152,0.9152,1555.9,2.7,1554.7,0.6955,1556.3,1554.6,0.0003265400,0.0000020717,0.2,210.6
2026-09-14T08:42:04.676+00:00,ASTER,HL,10.2882,3.4882,1555.9,2.7,1554.3,20.045,1556.3,1554.2,0.0003265400,0.0000062500,73.1,0.2
2026-09-14T08:42:04.697+00:00,ASTER,HL,10.2882,3.4882,1555.9,2.7,1554.3,20.045,1556.29,1554.2,0.0003265400,0.0000062500,0.1,21.4
2026-09-14T08:42:04.697+00:00,ASTER,ENTROPY,7.7152,0.9152,1555.9,2.7,1554.7,0.6955,1556.29,1554.6,0.0003265400,0.0000020717,0.1,304.7
2026-09-14T08:42:04.791+00:00,ASTER,HL,10.2882,3.4882,1555.9,2.7,1554.3,20.045,1556.3,1554.2,0.0003265400,0.0000062500,0.2,115.4
2026-09-14T08:42:04.791+00:00,ASTER,ENTROPY,7.7152,0.9152,1555.9,2.7,1554.7,0.6955,1556.3,1554.6,0.0003265400,0.0000020717,0.2,398.7
2026-09-14T08:42:05.044+00:00,ASTER,HL,10.2882,3.4882,1555.9,2.7,1554.3,19.08,1556.3,1554.2,0.0003265400,0.0000062500,253.4,0.2
2026-09-14T08:42:05.091+00:00,ASTER,HL,9.0025,2.2025,1555.7,0.64,1554.3,19.08,1556.3,1554.2,0.0003265400,0.0000062500,0.2,46.7
2026-09-14T08:42:05.113+00:00,ASTER,HL,9.0025,2.2025,1555.7,0.64,1554.3,19.08,1556.3,1554.2,0.0003265400,0.0000062500,0.2,69.7
2026-09-14T08:42:05.113+00:00,ASTER,HL,9.0025,2.2025,1555.7,0.64,1554.3,19.08,1556.3,1554.2,0.0003265400,0.0000062500,0.3,69.9
2026-09-14T08:42:05.113+00:00,ASTER,HL,9.0025,2.2025,1555.7,0.64,1554.3,19.08,1556.3,1554.2,0.0003265400,0.0000062500,0.4,69.9
2026-09-14T08:42:05.113+00:00,ASTER,HL,9.0022,2.2022,1555.7,0.64,1554.3,19.08,1556.51,1554.2,0.0003265400,0.0000062500,0.4,69.9
2026-09-14T08:42:05.119+00:00,ASTER,HL,9.0022,2.2022,1555.7,0.64,1554.3,19.08,1556.51,1554.2,0.0003265400,0.0000062500,0.2,76.0
2026-09-14T08:42:05.119+00:00,ASTER,HL,10.1593,3.3593,1555.88,8.11,1554.3,19.08,1556.51,1554.2,0.0003265400,0.0000062500,0.3,76.1
2026-09-14T08:42:05.119+00:00,ASTER,ENTROPY,7.5864,0.7864,1555.88,8.11,1554.7,0.6955,1556.51,1554.6,0.0003265400,0.0000020717,0.3,727.9
2026-09-14T08:42:05.120+00:00,ASTER,HL,10.1593,3.3593,1555.88,24.49,1554.3,19.08,1556.51,1554.2,0.0003265400,0.0000062500,0.3,76.2
2026-09-14T08:42:05.120+00:00,ASTER,ENTROPY,7.5864,0.7864,1555.88,24.49,1554.7,0.6955,1556.51,1554.6,0.0003265400,0.0000020717,0.3,728.0
2026-09-14T08:42:05.120+00:00,ASTER,HL,10.1593,3.3593,1555.88,24.49,1554.3,19.08,1556.51,1554.2,0.0003265400,0.0000062500,0.3,76.2
2026-09-14T08:42:05.120+00:00,ASTER,ENTROPY,7.5864,0.7864,1555.88,24.49,1554.7,0.6955,1556.51,1554.6,0.0003265400,0.0000020717,0.3,728.0
2026-09-14T08:42:05.120+00:00,ASTER,HL,10.1593,3.3593,1555.88,32.6,1554.3,19.08,1556.51,1554.2,0.0003265400,0.0000062500,0.4,76.2
2026-09-14T08:42:05.120+00:00,ASTER,ENTROPY,7.5864,0.7864,1555.88,32.6,1554.7,0.6955,1556.51,1554.6,0.0003265400,0.0000020717,0.4,728.0
2026-09-14T08:42:05.120+00:00,ASTER,HL,10.1593,3.3593,1555.88,48.98,1554.3,19.08,1556.51,1554.2,0.0003265400,0.0000062500,0.4,76.3
2026-09-14T08:42:05.120+00:00,ASTER,ENTROPY,7.5864,0.7864,1555.88,48.98,1554.7,0.6955,1556.51,1554.6,0.0003265400,0.0000020717,0.4,728.1
2026-09-14T08:42:05.120+00:00,ASTER,HL,11.8949,5.0949,1556.15,2.7,1554.3,19.08,1556.51,1554.2,0.0003265400,0.0000062500,0.5,76.3
2026-09-14T08:42:05.120+00:00,ASTER,ENTROPY,9.3218,2.5218,1556.15,2.7,1554.7,0.6955,1556.51,1554.6,0.0003265400,0.0000020717,0.5,728.2
2026-09-14T08:42:05.336+00:00,ASTER,HL,11.8949,5.0949,1556.15,2.7,1554.3,19.08,1556.51,1554.2,0.0003265400,0.0000062500,216.4,0.2
2026-09-14T08:42:05.349+00:00,ASTER,HL,10.7379,3.9379,1555.97,0.78,1554.3,19.08,1556.51,1554.2,0.0003265400,0.0000062500,0.2,12.3
2026-09-14T08:42:05.349+00:00,ASTER,ENTROPY,8.1649,1.3649,1555.97,0.78,1554.7,0.6955,1556.51,1554.6,0.0003265400,0.0000020717,0.2,956.2
2026-09-14T08:42:05.366+00:00,ASTER,HL,11.9592,5.1592,1556.16,2.7,1554.3,19.08,1556.51,1554.2,0.0003265400,0.0000062500,0.2,29.9
2026-09-14T08:42:05.366+00:00,ASTER,ENTROPY,9.3861,2.5861,1556.16,2.7,1554.7,0.6955,1556.51,1554.6,0.0003265400,0.0000020717,0.2,973.7
2026-09-14T08:42:05.469+00:00,ASTER,HL,11.9592,5.1592,1556.16,2.7,1554.3,18.437,1556.51,1554.2,0.0003265400,0.0000062500,103.8,0.3
2026-09-14T08:42:05.469+00:00,ASTER,ENTROPY,9.3861,2.5861,1556.16,2.7,1554.7,0.3687,1556.51,1554.6,0.0003265400,0.0000020717,104.0,0.5
2026-09-14T08:42:05.505+00:00,ASTER,HL,11.9592,5.1592,1556.16,2.7,1554.3,18.437,1556.51,1554.2,0.0003265400,0.0000062500,138.5,0.2
2026-09-14T08:42:05.505+00:00,ASTER,ENTROPY,8.7431,1.9431,1556.16,2.7,1554.8,0.8988,1556.51,1554.6,0.0003265400,0.0000020717,138.7,0.4
2026-09-14T08:42:05.647+00:00,ASTER,HL,11.9592,5.1592,1556.16,2.7,1554.3,9.531,1556.51,1554.2,0.0003265400,0.0000062500,281.1,0.4
2026-09-14T08:42:05.688+00:00,ASTER,HL,10.7379,3.9379,1555.97,0.78,1554.3,9.531,1556.51,1554.2,0.0003265400,0.0000062500,0.2,41.9
2026-09-14T08:42:05.688+00:00,ASTER,ENTROPY,7.5218,0.7218,1555.97,0.78,1554.8,0.8988,1556.51,1554.6,0.0003265400,0.0000020717,0.2,184.2
2026-09-14T08:42:05.700+00:00,ASTER,HL,10.7379,3.9379,1555.97,0.78,1554.3,9.531,1556.51,1554.2,0.0003265400,0.0000062500,0.2,53.4
2026-09-14T08:42:05.700+00:00,ASTER,ENTROPY,7.5218,0.7218,1555.97,0.78,1554.8,0.8988,1556.51,1554.6,0.0003265400,0.0000020717,0.2,195.8
2026-09-14T08:42:05.700+00:00,ASTER,HL,10.7379,3.9379,1555.97,0.78,1554.3,9.531,1556.51,1554.2,0.0003265400,0.0000062500,0.3,53.5
2026-09-14T08:42:05.700+00:00,ASTER,ENTROPY,7.5218,0.7218,1555.97,0.78,1554.8,0.8988,1556.51,1554.6,0.0003265400,0.0000020717,0.3,195.9
2026-09-14T08:42:05.710+00:00,ASTER,HL,12.0234,5.2234,1556.17,2.7,1554.3,9.531,1556.51,1554.2,0.0003265400,0.0000062500,0.2,62.8
2026-09-14T08:42:05.710+00:00,ASTER,ENTROPY,8.8073,2.0073,1556.17,2.7,1554.8,0.8988,1556.51,1554.6,0.0003265400,0.0000020717,0.2,205.2
2026-09-14T08:42:05.710+00:00,ASTER,HL,12.3448,5.5448,1556.22,2.7,1554.3,9.531,1556.51,1554.2,0.0003265400,0.0000062500,0.2,62.9
2026-09-14T08:42:05.710+00:00,ASTER,ENTROPY,9.1287,2.3287,1556.22,2.7,1554.8,0.8988,1556.51,1554.6,0.0003265400,0.0000020717,0.2,205.3
2026-09-14T08:42:05.738+00:00,ASTER,HL,12.3445,5.5445,1556.22,2.7,1554.3,9.531,1556.68,1554.2,0.0003265400,0.0000062500,0.2,91.5
2026-09-14T08:42:05.738+00:00,ASTER,ENTROPY,9.1285,2.3285,1556.22,2.7,1554.8,0.8988,1556.68,1554.6,0.0003265400,0.0000020717,0.2,233.9
2026-09-14T08:42:05.738+00:00,ASTER,HL,12.0231,5.2231,1556.17,2.7,1554.3,9.531,1556.68,1554.2,0.0003265400,0.0000062500,0.3,91.7
2026-09-14T08:42:05.738+00:00,ASTER,ENTROPY,8.8071,2.0071,1556.17,2.7,1554.8,0.8988,1556.68,1554.6,0.0003265400,0.0000020717,0.3,234.1
2026-09-14T08:42:05.744+00:00,ASTER,HL,12.7944,5.9944,1556.29,2.7,1554.3,9.531,1556.68,1554.2,0.0003265400,0.0000062500,0.1,98.0
2026-09-14T08:42:05.744+00:00,ASTER,ENTROPY,9.5783,2.7783,1556.29,2.7,1554.8,0.8988,1556.68,1554.6,0.0003265400,0.0000020717,0.1,240.4
2026-09-14T08:42:05.848+00:00,ASTER,HL,12.7944,5.9944,1556.29,2.7,1554.3,9.313,1556.68,1554.2,0.0003265400,0.0000062500,103.7,0.3
2026-09-14T08:42:05.848+00:00,ASTER,HL,11.3161,4.5161,1556.06,8.5,1554.3,9.313,1556.68,1554.2,0.0003265400,0.0000062500,0.3,0.5
2026-09-14T08:42:05.848+00:00,ASTER,ENTROPY,8.1001,1.3001,1556.06,8.5,1554.8,0.8988,1556.68,1554.6,0.0003265400,0.0000020717,0.3,344.3
2026-09-14T08:42:05.850+00:00,ASTER,HL,12.9229,6.1229,1556.31,2.7,1554.3,9.313,1556.68,1554.2,0.0003265400,0.0000062500,0.1,2.2
2026-09-14T08:42:05.850+00:00,ASTER,ENTROPY,9.7069,2.9069,1556.31,2.7,1554.8,0.8988,1556.68,1554.6,0.0003265400,0.0000020717,0.1,345.9
2026-09-14T08:42:05.866+00:00,ASTER,HL,12.9229,6.1229,1556.31,2.7,1554.3,9.313,1556.68,1554.2,0.0003265400,0.0000062500,16.3,0.2
2026-09-14T08:42:05.953+00:00,ASTER,HL,12.9230,6.1230,1556.31,2.7,1554.3,9.313,1556.67,1554.2,0.0003265400,0.0000062500,0.3,87.0
2026-09-14T08:42:05.953+00:00,ASTER,ENTROPY,9.7069,2.9069,1556.31,2.7,1554.8,0.8988,1556.67,1554.6,0.0003265400,0.0000020717,0.3,448.9
2026-09-14T08:42:05.966+00:00,ASTER,HL,12.9230,6.1230,1556.31,2.7,1554.3,9.313,1556.67,1554.2,0.0003265400,0.0000062500,13.4,0.2
2026-09-14T08:42:05.966+00:00,ASTER,ENTROPY,9.7067,2.9067,1556.31,2.7,1554.8,0.8988,1556.67,1554.7,0.0003265400,0.0000020717,13.6,0.3
2026-09-14T08:42:05.999+00:00,ASTER,HL,12.9229,6.1229,1556.31,2.7,1554.3,9.313,1556.68,1554.2,0.0003265400,0.0000062500,0.2,32.8
2026-09-14T08:42:05.999+00:00,ASTER,ENTROPY,9.7067,2.9067,1556.31,2.7,1554.8,0.8988,1556.68,1554.7,0.0003265400,0.0000020717,0.2,32.7
2026-09-14T08:42:06.078+00:00,ASTER,HL,11.6363,4.8363,1556.31,2.7,1554.5,19.301,1556.68,1554.4,0.0003265400,0.0000062500,80.3,0.2
2026-09-14T08:42:06.079+00:00,ASTER,ENTROPY,9.7067,2.9067,1556.31,2.7,1554.8,0.7387,1556.68,1554.7,0.0003265400,0.0000020717,80.4,0.4
2026-09-14T08:42:06.243+00:00,ASTER,HL,11.6363,4.8363,1556.31,2.7,1554.5,19.301,1556.68,1554.4,0.0003265400,0.0000062500,245.2,0.3
2026-09-14T08:42:06.312+00:00,ASTER,HL,11.6363,4.8363,1556.31,2.7,1554.5,19.301,1556.68,1554.4,0.0003265400,0.0000062500,314.0,0.2
2026-09-14T08:42:06.476+00:00,ASTER,HL,11.6363,4.8363,1556.31,2.7,1554.5,19.301,1556.68,1554.4,0.0003265400,0.0000062500,477.8,0.4
2026-09-14T08:42:06.477+00:00,ASTER,ENTROPY,9.7067,2.9067,1556.31,2.7,1554.8,0.2339,1556.68,1554.7,0.0003265400,0.0000020717,477.9,0.5
2026-09-14T08:42:06.489+00:00,ASTER,HL,10.0295,3.2295,1556.06,8.5,1554.5,19.301,1556.68,1554.4,0.0003265400,0.0000062500,0.1,12.9
2026-09-14T08:42:06.489+00:00,ASTER,ENTROPY,8.1000,1.3000,1556.06,8.5,1554.8,0.2339,1556.68,1554.7,0.0003265400,0.0000020717,0.1,12.9
2026-09-14T08:42:06.507+00:00,ASTER,HL,11.7649,4.9649,1556.33,2.7,1554.5,19.301,1556.68,1554.4,0.0003265400,0.0000062500,0.2,31.5
2026-09-14T08:42:06.507+00:00,ASTER,ENTROPY,9.8353,3.0353,1556.33,2.7,1554.8,0.2339,1556.68,1554.7,0.0003265400,0.0000020717,0.2,31.4
2026-09-14T08:42:06.527+00:00,ASTER,HL,11.7649,4.9649,1556.33,2.7,1554.5,19.301,1556.68,1554.4,0.0003265400,0.0000062500,19.5,1.6
2026-09-14T08:42:06.562+00:00,ASTER,HL,11.7649,4.9649,1556.33,2.7,1554.5,19.301,1556.67,1554.4,0.0003265400,0.0000062500,0.2,37.4
2026-09-14T08:42:06.562+00:00,ASTER,ENTROPY,9.8353,3.0353,1556.33,2.7,1554.8,0.2339,1556.67,1554.7,0.0003265400,0.0000020717,0.2,86.5
2026-09-14T08:42:06.592+00:00,ASTER,HL,11.7649,4.9649,1556.33,2.7,1554.5,19.301,1556.67,1554.4,0.0003265400,0.0000062500,29.5,0.3
2026-09-14T08:42:06.592+00:00,ASTER,HL,11.7649,4.9649,1556.33,2.7,1554.5,19.301,1556.68,1554.4,0.0003265400,0.0000062500,0.4,0.5
2026-09-14T08:42:06.592+00:00,ASTER,ENTROPY,9.8353,3.0353,1556.33,2.7,1554.8,0.2339,1556.68,1554.7,0.0003265400,0.0000020717,0.4,116.0
2026-09-14T08:42:06.728+00:00,ASTER,HL,11.7649,4.9649,1556.33,2.7,1554.5,19.301,1556.68,1554.4,0.0003265400,0.0000062500,137.0,0.2
2026-09-14T08:42:06.984+00:00,ASTER,HL,10.0295,3.2295,1556.06,8.5,1554.5,19.301,1556.68,1554.4,0.0003265400,0.0000062500,0.1,256.0
2026-09-14T08:42:06.984+00:00,ASTER,ENTROPY,8.1000,1.3000,1556.06,8.5,1554.8,0.2339,1556.68,1554.7,0.0003265400,0.0000020717,0.1,508.3
2026-09-14T08:42:07.102+00:00,ASTER,HL,10.0295,3.2295,1556.06,8.5,1554.5,19.301,1556.67,1554.4,0.0003265400,0.0000062500,0.1,374.4
2026-09-14T08:42:07.102+00:00,ASTER,ENTROPY,8.1000,1.3000,1556.06,8.5,1554.8,0.2339,1556.67,1554.7,0.0003265400,0.0000020717,0.1,626.7
2026-09-14T08:42:07.106+00:00,ASTER,HL,11.1222,4.3222,1556.23,2.7,1554.5,19.301,1556.67,1554.4,0.0003265400,0.0000062500,0.2,378.4
2026-09-14T08:42:07.106+00:00,ASTER,ENTROPY,9.1926,2.3926,1556.23,2.7,1554.8,0.2339,1556.67,1554.7,0.0003265400,0.0000020717,0.2,630.7
2026-09-14T08:42:07.189+00:00,ASTER,HL,11.1222,4.3222,1556.23,2.7,1554.5,19.301,1556.68,1554.4,0.0003265400,0.0000062500,0.2,460.6
2026-09-14T08:42:07.189+00:00,ASTER,ENTROPY,9.1926,2.3926,1556.23,2.7,1554.8,0.2339,1556.68,1554.7,0.0003265400,0.0000020717,0.2,712.9
2026-09-14T08:42:07.193+00:00,ASTER,HL,10.0295,3.2295,1556.06,8.5,1554.5,19.301,1556.68,1554.4,0.0003265400,0.0000062500,0.2,465.1
2026-09-14T08:42:07.193+00:00,ASTER,ENTROPY,8.1000,1.3000,1556.06,8.5,1554.8,0.2339,1556.68,1554.7,0.0003265400,0.0000020717,0.2,717.4
2026-09-14T08:42:07.206+00:00,ASTER,HL,11.2507,4.4507,1556.25,2.7,1554.5,19.301,1556.68,1554.4,0.0003265400,0.0000062500,0.1,477.7
2026-09-14T08:42:07.206+00:00,ASTER,ENTROPY,9.3211,2.5211,1556.25,2.7,1554.8,0.2339,1556.68,1554.7,0.0003265400,0.0000020717,0.1,730.0
2026-09-14T08:42:07.229+00:00,ASTER,HL,11.2507,4.4507,1556.25,2.7,1554.5,19.301,1556.68,1554.4,0.0003265400,0.0000062500,23.2,0.2
2026-09-14T08:42:07.229+00:00,ASTER,ENTROPY,9.3211,2.5211,1556.25,2.7,1554.8,0.2339,1556.68,1554.7,0.0003265400,0.0000020717,23.4,0.4
2026-09-14T08:42:07.229+00:00,ASTER,HL,11.2507,4.4507,1556.25,2.7,1554.5,19.301,1556.68,1554.4,0.0003265400,0.0000062500,23.4,0.4
2026-09-14T08:42:07.229+00:00,ASTER,ENTROPY,8.6781,1.8781,1556.25,2.7,1554.9,0.0128,1556.68,1554.7,0.0003265400,0.0000020717,23.4,0.4
2026-09-14T08:42:07.229+00:00,ASTER,HL,11.2507,4.4507,1556.25,2.7,1554.5,19.301,1556.68,1554.4,0.0003265400,0.0000062500,23.5,0.5
2026-09-14T08:42:07.252+00:00,ASTER,HL,10.0295,3.2295,1556.06,8.5,1554.5,19.301,1556.68,1554.4,0.0003265400,0.0000062500,0.1,23.6
2026-09-14T08:42:07.252+00:00,ASTER,ENTROPY,7.4570,0.6570,1556.06,8.5,1554.9,0.0128,1556.68,1554.7,0.0003265400,0.0000020717,0.1,23.7
2026-09-14T08:42:07.256+00:00,ASTER,HL,11.3793,4.5793,1556.27,2.7,1554.5,19.301,1556.68,1554.4,0.0003265400,0.0000062500,0.2,27.8
2026-09-14T08:42:07.256+00:00,ASTER,ENTROPY,8.8067,2.0067,1556.27,2.7,1554.9,0.0128,1556.68,1554.7,0.0003265400,0.0000020717,0.2,27.8
2026-09-14T08:42:07.265+00:00,ASTER,HL,11.5721,4.7721,1556.3,2.7,1554.5,19.301,1556.68,1554.4,0.0003265400,0.0000062500,0.1,36.7
2026-09-14T08:42:07.265+00:00,ASTER,ENTROPY,8.9995,2.1995,1556.3,2.7,1554.9,0.0128,1556.68,1554.7,0.0003265400,0.0000020717,0.1,36.7
2026-09-14T08:42:07.375+00:00,ASTER,HL,11.5721,4.7721,1556.3,2.7,1554.5,19.219,1556.68,1554.4,0.0003265400,0.0000062500,109.4,0.3
2026-09-14T08:42:07.375+00:00,ASTER,HL,11.5721,4.7721,1556.3,2.7,1554.5,18.433,1556.68,1554.4,0.0003265400,0.0000062500,109.6,0.5
2026-09-14T08:42:07.394+00:00,ASTER,HL,10.0295,3.2295,1556.06,8.5,1554.5,18.433,1556.68,1554.4,0.0003265400,0.0000062500,0.1,19.3
2026-09-14T08:42:07.394+00:00,ASTER,ENTROPY,7.4570,0.6570,1556.06,8.5,1554.9,0.0128,1556.68,1554.7,0.0003265400,0.0000020842,0.1,165.0
2026-09-14T08:42:07.394+00:00,ASTER,HL,11.6363,4.8363,1556.31,2.7,1554.5,18.433,1556.68,1554.4,0.0003265400,0.0000062500,0.2,19.3
2026-09-14T08:42:07.394+00:00,ASTER,ENTROPY,9.0637,2.2637,1556.31,2.7,1554.9,0.0128,1556.68,1554.7,0.0003265400,0.0000020842,0.2,165.1
2026-09-14T08:42:07.446+00:00,ASTER,HL,10.0295,3.2295,1556.06,8.5,1554.5,18.433,1556.68,1554.4,0.0003265400,0.0000062500,0.2,71.1
2026-09-14T08:42:07.446+00:00,ASTER,ENTROPY,7.4570,0.6570,1556.06,8.5,1554.9,0.0128,1556.68,1554.7,0.0003265400,0.0000020842,0.2,216.8
2026-09-14T08:42:07.453+00:00,ASTER,HL,10.0295,3.2295,1556.06,4.25,1554.5,18.433,1556.68,1554.4,0.0003265400,0.0000062500,0.1,78.8
2026-09-14T08:42:07.453+00:00,ASTER,ENTROPY,7.4570,0.6570,1556.06,4.25,1554.9,0.0128,1556.68,1554.7,0.0003265400,0.0000020842,0.1,224.6
2026-09-14T08:42:07.453+00:00,ASTER,HL,9.5153,2.7153,1555.98,0.04,1554.5,18.433,1556.68,1554.4,0.0003265400,0.0000062500,0.3,79.0
2026-09-14T08:42:07.453+00:00,ASTER,ENTROPY,6.9428,0.1428,1555.98,0.04,1554.9,0.0128,1556.68,1554.7,0.0003265400,0.0000020842,0.3,224.8
2026-09-14T08:42:07.453+00:00,ASTER,HL,9.5153,2.7153,1555.98,0.04,1554.5,18.433,1556.67,1554.4,0.0003265400,0.0000062500,0.4,79.1
2026-09-14T08:42:07.453+00:00,ASTER,ENTROPY,6.9428,0.1428,1555.98,0.04,1554.9,0.0128,1556.67,1554.7,0.0003265400,0.0000020842,0.4,224.9
2026-09-14T08:42:07.479+00:00,ASTER,HL,9.5154,2.7154,1555.98,0.04,1554.5,18.433,1556.61,1554.4,0.0003265400,0.0000062500,0.1,104.0
2026-09-14T08:42:07.479+00:00,ASTER,ENTROPY,6.9429,0.1429,1555.98,0.04,1554.9,0.0128,1556.61,1554.7,0.0003265400,0.0000020842,0.1,249.8
2026-09-14T08:42:07.479+00:00,ASTER,HL,9.5154,2.7154,1555.98,1.45,1554.5,18.433,1556.61,1554.4,0.0003265400,0.0000062500,0.2,104.1
2026-09-14T08:42:07.479+00:00,ASTER,ENTROPY,6.9429,0.1429,1555.98,1.45,1554.9,0.0128,1556.61,1554.7,0.0003265400,0.0000020842,0.2,249.9
2026-09-14T08:42:07.479+00:00,ASTER,HL,9.5154,2.7154,1555.98,1.45,1554.5,18.433,1556.61,1554.4,0.0003265400,0.0000062500,0.2,104.1
2026-09-14T08:42:07.479+00:00,ASTER,ENTROPY,6.9429,0.1429,1555.98,1.45,1554.9,0.0128,1556.61,1554.7,0.0003265400,0.0000020842,0.2,249.9
2026-09-14T08:42:07.479+00:00,ASTER,HL,9.5154,2.7154,1555.98,1.45,1554.5,18.433,1556.61,1554.4,0.0003265400,0.0000062500,0.3,104.2
2026-09-14T08:42:07.479+00:00,ASTER,ENTROPY,6.9429,0.1429,1555.98,1.45,1554.9,0.0128,1556.61,1554.7,0.0003265400,0.0000020842,0.3,249.9
2026-09-14T08:42:07.479+00:00,ASTER,HL,9.5154,2.7154,1555.98,2.86,1554.5,18.433,1556.61,1554.4,0.0003265400,0.0000062500,0.3,104.2
2026-09-14T08:42:07.479+00:00,ASTER,ENTROPY,6.9429,0.1429,1555.98,2.86,1554.9,0.0128,1556.61,1554.7,0.0003265400,0.0000020842,0.3,250.0
2026-09-14T08:42:07.479+00:00,ASTER,HL,9.5154,2.7154,1555.98,2.86,1554.5,18.433,1556.61,1554.4,0.0003265400,0.0000062500,0.3,104.2
2026-09-14T08:42:07.479+00:00,ASTER,ENTROPY,6.9429,0.1429,1555.98,2.86,1554.9,0.0128,1556.61,1554.7,0.0003265400,0.0000020842,0.3,250.0
2026-09-14T08:42:07.510+00:00,ASTER,HL,9.5154,2.7154,1555.98,2.86,1554.5,18.433,1556.61,1554.4,0.0003265400,0.0000062500,0.7,134.8
2026-09-14T08:42:07.510+00:00,ASTER,ENTROPY,6.9429,0.1429,1555.98,2.86,1554.9,0.0128,1556.61,1554.7,0.0003265400,0.0000020842,0.7,280.6
2026-09-14T08:42:07.510+00:00,ASTER,HL,9.5154,2.7154,1555.98,1.45,1554.5,18.433,1556.61,1554.4,0.0003265400,0.0000062500,0.8,134.9
2026-09-14T08:42:07.510+00:00,ASTER,ENTROPY,6.9429,0.1429,1555.98,1.45,1554.9,0.0128,1556.61,1554.7,0.0003265400,0.0000020842,0.8,280.7
2026-09-14T08:42:07.510+00:00,ASTER,HL,9.5154,2.7154,1555.98,1.45,1554.5,18.433,1556.61,1554.4,0.0003265400,0.0000062500,0.8,134.9
2026-09-14T08:42:07.510+00:00,ASTER,ENTROPY,6.9429,0.1429,1555.98,1.45,1554.9,0.0128,1556.61,1554.7,0.0003265400,0.0000020842,0.8,280.7
2026-09-14T08:42:07.510+00:00,ASTER,HL,9.5154,2.7154,1555.98,1.45,1554.5,18.433,1556.61,1554.4,0.0003265400,0.0000062500,0.8,135.0
2026-09-14T08:42:07.510+00:00,ASTER,ENTROPY,6.9429,0.1429,1555.98,1.45,1554.9,0.0128,1556.61,1554.7,0.0003265400,0.0000020842,0.8,280.7
2026-09-14T08:42:07.510+00:00,ASTER,HL,9.5154,2.7154,1555.98,0.04,1554.5,18.433,1556.61,1554.4,0.0003265400,0.0000062500,0.9,135.0
2026-09-14T08:42:07.510+00:00,ASTER,ENTROPY,6.9429,0.1429,1555.98,0.04,1554.9,0.0128,1556.61,1554.7,0.0003265400,0.0000020842,0.9,280.8
2026-09-14T08:42:07.510+00:00,ASTER,HL,9.5153,2.7153,1555.98,0.04,1554.5,18.433,1556.67,1554.4,0.0003265400,0.0000062500,0.9,135.0
2026-09-14T08:42:07.510+00:00,ASTER,ENTROPY,6.9428,0.1428,1555.98,0.04,1554.9,0.0128,1556.67,1554.7,0.0003265400,0.0000020842,0.9,280.8
2026-09-14T08:42:07.535+00:00,ASTER,HL,9.5153,2.7153,1555.98,0.04,1554.5,18.433,1556.68,1554.4,0.0003265400,0.0000062500,0.1,160.0
2026-09-14T08:42:07.535+00:00,ASTER,ENTROPY,6.9428,0.1428,1555.98,0.04,1554.9,0.0128,1556.68,1554.7,0.0003265400,0.0000020842,0.1,305.7
2026-09-14T08:42:07.551+00:00,ASTER,HL,9.5153,2.7153,1555.98,0.04,1554.5,18.433,1556.66,1554.4,0.0003265400,0.0000062500,0.1,176.4
2026-09-14T08:42:07.551+00:00,ASTER,ENTROPY,6.9428,0.1428,1555.98,0.04,1554.9,0.0128,1556.66,1554.7,0.0003265400,0.0000020842,0.1,322.2
2026-09-14T08:42:07.551+00:00,ASTER,HL,10.0938,3.2938,1556.07,7.05,1554.5,18.433,1556.66,1554.4,0.0003265400,0.0000062500,0.2,176.5
2026-09-14T08:42:07.551+00:00,ASTER,ENTROPY,7.5213,0.7213,1556.07,7.05,1554.9,0.0128,1556.66,1554.7,0.0003265400,0.0000020842,0.2,322.3
2026-09-14T08:42:07.551+00:00,ASTER,HL,10.0938,3.2938,1556.07,23.43,1554.5,18.433,1556.66,1554.4,0.0003265400,0.0000062500,0.3,176.6
2026-09-14T08:42:07.551+00:00,ASTER,ENTROPY,7.5213,0.7213,1556.07,23.43,1554.9,0.0128,1556.66,1554.7,0.0003265400,0.0000020842,0.3,322.4
2026-09-14T08:42:07.551+00:00,ASTER,HL,10.0938,3.2938,1556.07,30.48,1554.5,18.433,1556.66,1554.4,0.0003265400,0.0000062500,0.3,176.6
2026-09-14T08:42:07.551+00:00,ASTER,ENTROPY,7.5213,0.7213,1556.07,30.48,1554.9,0.0128,1556.66,1554.7,0.0003265400,0.0000020842,0.3,322.4
2026-09-14T08:42:07.551+00:00,ASTER,HL,10.0938,3.2938,1556.07,46.86,1554.5,18.433,1556.66,1554.4,0.0003265400,0.0000062500,0.4,176.7
2026-09-14T08:42:07.551+00:00,ASTER,ENTROPY,7.5213,0.7213,1556.07,46.86,1554.9,0.0128,1556.66,1554.7,0.0003265400,0.0000020842,0.4,322.4
2026-09-14T08:42:07.563+00:00,ASTER,HL,10.0938,3.2938,1556.07,46.86,1554.5,18.433,1556.66,1554.4,0.0003265400,0.0000062500,12.6,0.1
2026-09-14T08:42:07.658+00:00,ASTER,ENTROPY,7.5213,0.7213,1556.07,46.86,1554.9,0.0128,1556.66,1554.7,0.0003265400,0.0000020842,107.1,0.3
2026-09-14T08:42:07.787+00:00,ASTER,HL,10.0938,3.2938,1556.07,46.86,1554.5,18.433,1556.66,1554.4,0.0003265400,0.0000062500,236.3,0.3
2026-09-14T08:42:07.787+00:00,ASTER,ENTROPY,7.5213,0.7213,1556.07,46.86,1554.9,0.0128,1556.66,1554.7,0.0003265400,0.0000020842,236.6,0.5
2026-09-14T08:42:07.866+00:00,ASTER,HL,10.0938,3.2938,1556.07,46.86,1554.5,18.433,1556.66,1554.4,0.0003265400,0.0000062500,315.5,0.3
2026-09-14T08:42:07.866+00:00,ASTER,ENTROPY,7.5212,0.7212,1556.07,46.86,1554.9,0.0128,1556.66,1554.8,0.0003265400,0.0000020842,315.7,0.5
2026-09-14T08:42:08.068+00:00,ASTER,HL,10.0938,3.2938,1556.07,46.86,1554.5,18.433,1556.66,1554.4,0.0003265400,0.0000062500,517.0,0.2
2026-09-14T08:42:08.090+00:00,ASTER,HL,10.0938,3.2938,1556.07,46.86,1554.5,18.433,1556.66,1554.4,0.0003265400,0.0000062500,539.1,0.3
2026-09-14T08:42:08.394+00:00,ASTER,HL,10.0938,3.2938,1556.07,46.86,1554.5,18.433,1556.66,1554.4,0.0003265400,0.0000062500,842.8,0.3
2026-09-14T08:42:08.481+00:00,ASTER,HL,10.0938,3.2938,1556.07,46.86,1554.5,18.433,1556.68,1554.4,0.0003265400,0.0000062500,0.3,88.2
2026-09-14T08:42:08.481+00:00,ASTER,ENTROPY,7.5212,0.7212,1556.07,46.86,1554.9,0.0128,1556.68,1554.8,0.0003265400,0.0000020842,0.3,615.4
2026-09-14T08:42:08.500+00:00,ASTER,HL,10.0938,3.2938,1556.07,39.81,1554.5,18.433,1556.68,1554.4,0.0003265400,0.0000062500,0.2,106.5
2026-09-14T08:42:08.500+00:00,ASTER,ENTROPY,7.5212,0.7212,1556.07,39.81,1554.9,0.0128,1556.68,1554.8,0.0003265400,0.0000020842,0.2,633.7
2026-09-14T08:42:08.500+00:00,ASTER,HL,10.0938,3.2938,1556.07,23.43,1554.5,18.433,1556.68,1554.4,0.0003265400,0.0000062500,0.3,106.6
2026-09-14T08:42:08.500+00:00,ASTER,ENTROPY,7.5212,0.7212,1556.07,23.43,1554.9,0.0128,1556.68,1554.8,0.0003265400,0.0000020842,0.3,633.9
2026-09-14T08:42:08.500+00:00,ASTER,HL,10.0938,3.2938,1556.07,16.38,1554.5,18.433,1556.68,1554.4,0.0003265400,0.0000062500,0.3,106.6
2026-09-14T08:42:08.500+00:00,ASTER,ENTROPY,7.5212,0.7212,1556.07,16.38,1554.9,0.0128,1556.68,1554.8,0.0003265400,0.0000020842,0.3,633.9
2026-09-14T08:42:08.500+00:00,ASTER,HL,9.5153,2.7153,1555.98,0.04,1554.5,18.433,1556.68,1554.4,0.0003265400,0.0000062500,0.3,106.7
2026-09-14T08:42:08.500+00:00,ASTER,ENTROPY,6.9427,0.1427,1555.98,0.04,1554.9,0.0128,1556.68,1554.8,0.0003265400,0.0000020842,0.3,633.9
2026-09-14T08:42:08.500+00:00,ASTER,HL,9.5153,2.7153,1555.98,0.04,1554.5,18.433,1556.66,1554.4,0.0003265400,0.0000062500,0.3,106.7
2026-09-14T08:42:08.500+00:00,ASTER,ENTROPY,6.9427,0.1427,1555.98,0.04,1554.9,0.0128,1556.66,1554.8,0.0003265400,0.0000020842,0.3,633.9
2026-09-14T08:42:08.507+00:00,ASTER,HL,10.0938,3.2938,1556.07,0.04,1554.5,18.433,1556.66,1554.4,0.0003265400,0.0000062500,0.2,113.4
2026-09-14T08:42:08.507+00:00,ASTER,ENTROPY,7.5212,0.7212,1556.07,0.04,1554.9,0.0128,1556.66,1554.8,0.0003265400,0.0000020842,0.2,640.6
2026-09-14T08:42:08.507+00:00,ASTER,HL,11.8935,5.0935,1556.35,2.7,1554.5,18.433,1556.66,1554.4,0.0003265400,0.0000062500,0.3,113.5
2026-09-14T08:42:08.507+00:00,ASTER,ENTROPY,9.3207,2.5207,1556.35,2.7,1554.9,0.0128,1556.66,1554.8,0.0003265400,0.0000020842,0.3,640.8
2026-09-14T08:42:08.507+00:00,ASTER,HL,12.0220,5.2220,1556.37,2.7,1554.5,18.433,1556.66,1554.4,0.0003265400,0.0000062500,0.3,113.5
2026-09-14T08:42:08.507+00:00,ASTER,ENTROPY,9.4492,2.6492,1556.37,2.7,1554.9,0.0128,1556.66,1554.8,0.0003265400,0.0000020842,0.3,640.8
2026-09-14T08:42:08.507+00:00,ASTER,HL,12.0863,5.2863,1556.38,2.7,1554.5,18.433,1556.66,1554.4,0.0003265400,0.0000062500,0.3,113.5
2026-09-14T08:42:08.507+00:00,ASTER,ENTROPY,9.5135,2.7135,1556.38,2.7,1554.9,0.0128,1556.66,1554.8,0.0003265400,0.0000020842,0.3,640.8
2026-09-14T08:42:08.515+00:00,ASTER,HL,12.2791,5.4791,1556.41,2.7,1554.5,18.433,1556.66,1554.4,0.0003265400,0.0000062500,0.2,121.5
2026-09-14T08:42:08.515+00:00,ASTER,ENTROPY,9.7063,2.9063,1556.41,2.7,1554.9,0.0128,1556.66,1554.8,0.0003265400,0.0000020842,0.2,648.7
2026-09-14T08:42:08.521+00:00,ASTER,HL,12.0863,5.2863,1556.38,2.7,1554.5,18.433,1556.66,1554.4,0.0003265400,0.0000062500,0.6,127.4
2026-09-14T08:42:08.521+00:00,ASTER,ENTROPY,9.5135,2.7135,1556.38,2.7,1554.9,0.0128,1556.66,1554.8,0.0003265400,0.0000020842,0.6,654.7
2026-09-14T08:42:08.529+00:00,ASTER,HL,12.3433,5.5433,1556.42,2.7,1554.5,18.433,1556.66,1554.4,0.0003265400,0.0000062500,0.2,136.0
2026-09-14T08:42:08.529+00:00,ASTER,ENTROPY,9.7706,2.9706,1556.42,2.7,1554.9,0.0128,1556.66,1554.8,0.0003265400,0.0000020842,0.2,663.3
2026-09-14T08:42:08.552+00:00,ASTER,HL,12.0863,5.2863,1556.38,2.7,1554.5,18.433,1556.66,1554.4,0.0003265400,0.0000062500,0.1,158.4
2026-09-14T08:42:08.552+00:00,ASTER,ENTROPY,9.5135,2.7135,1556.38,2.7,1554.9,0.0128,1556.66,1554.8,0.0003265400,0.0000020842,0.1,685.7
2026-09-14T08:42:08.552+00:00,ASTER,HL,12.4076,5.6076,1556.43,2.7,1554.5,18.433,1556.66,1554.4,0.0003265400,0.0000062500,0.2,158.5
2026-09-14T08:42:08.552+00:00,ASTER,ENTROPY,9.8348,3.0348,1556.43,2.7,1554.9,0.0128,1556.66,1554.8,0.0003265400,0.0000020842,0.2,685.8
2026-09-14T08:42:08.599+00:00,ASTER,HL,12.4076,5.6076,1556.43,2.7,1554.5,18.433,1556.66,1554.4,0.0003265400,0.0000062500,47.7,0.3
2026-09-14T08:42:08.602+00:00,ASTER,HL,12.4076,5.6076,1556.43,2.7,1554.5,18.433,1556.65,1554.4,0.0003265400,0.0000062500,0.1,3.2
2026-09-14T08:42:08.602+00:00,ASTER,ENTROPY,9.8348,3.0348,1556.43,2.7,1554.9,0.0128,1556.65,1554.8,0.0003265400,0.0000020842,0.1,736.1
2026-09-14T08:42:08.619+00:00,ASTER,HL,12.4076,5.6076,1556.43,2.7,1554.5,18.433,1556.68,1554.4,0.0003265400,0.0000062500,0.2,19.7
2026-09-14T08:42:08.619+00:00,ASTER,ENTROPY,9.8348,3.0348,1556.43,2.7,1554.9,0.0128,1556.68,1554.8,0.0003265400,0.0000020842,0.2,752.6
2026-09-14T08:42:08.729+00:00,ASTER,HL,12.4076,5.6076,1556.43,2.7,1554.5,18.433,1556.68,1554.4,0.0003265400,0.0000062500,111.1,0.3
2026-09-14T08:42:08.888+00:00,ASTER,HL,12.4076,5.6076,1556.43,2.7,1554.5,18.433,1556.68,1554.4,0.0003265400,0.0000062500,270.1,0.3
2026-09-14T08:42:08.991+00:00,ASTER,HL,12.4076,5.6076,1556.43,2.7,1554.5,18.433,1556.68,1554.4,0.0003265400,0.0000062500,373.1,0.2
2026-09-14T08:42:09.151+00:00,ASTER,HL,12.4076,5.6076,1556.43,2.7,1554.5,18.433,1556.68,1554.4,0.0003265400,0.0000062500,532.2,0.2
2026-09-14T08:42:09.189+00:00,ASTER,HL,10.4152,3.6152,1556.12,18.16,1554.5,18.433,1556.68,1554.4,0.0003265400,0.0000062500,0.2,38.9
2026-09-14T08:42:09.189+00:00,ASTER,ENTROPY,7.8425,1.0425,1556.12,18.16,1554.9,0.0128,1556.68,1554.8,0.0003265400,0.0000020842,0.2,1323.3
2026-09-14T08:42:09.309+00:00,ASTER,HL,11.8934,5.0934,1556.35,2.7,1554.5,18.433,1556.68,1554.4,0.0003265400,0.0000062500,0.2,158.7
2026-09-14T08:42:09.309+00:00,ASTER,ENTROPY,9.3207,2.5207,1556.35,2.7,1554.9,0.0128,1556.68,1554.8,0.0003265400,0.0000020842,0.2,1443.1
2026-09-14T08:42:09.421+00:00,ASTER,HL,11.8934,5.0934,1556.35,2.7,1554.5,18.433,1556.68,1554.4,0.0003265400,0.0000062500,112.4,0.4
2026-09-14T08:42:09.505+00:00,ASTER,HL,11.8934,5.0934,1556.35,2.7,1554.5,17.547,1556.68,1554.4,0.0003265400,0.0000062500,196.1,0.3
2026-09-14T08:42:09.652+00:00,ASTER,ENTROPY,9.3207,2.5207,1556.35,2.7,1554.9,0.4464,1556.68,1554.8,0.0003265400,0.0000020842,343.3,0.2
2026-09-14T08:42:09.688+00:00,ASTER,ENTROPY,9.3207,2.5207,1556.35,2.7,1554.9,0.4464,1556.68,1554.8,0.0003265400,0.0000020842,379.2,0.3
2026-09-14T08:42:09.957+00:00,ASTER,HL,11.8934,5.0934,1556.35,2.7,1554.5,17.547,1556.68,1554.4,0.0003265400,0.0000062500,0.2,452.4
2026-09-14T08:42:09.957+00:00,ASTER,ENTROPY,9.3207,2.5207,1556.35,2.7,1554.9,0.4464,1556.68,1554.8,0.0003265400,0.0000020842,0.2,269.4
2026-09-14T08:42:09.957+00:00,ASTER,HL,11.8934,5.0934,1556.35,2.7,1554.5,17.547,1556.68,1554.4,0.0003265400,0.0000062500,0.3,452.6
2026-09-14T08:42:09.957+00:00,ASTER,ENTROPY,9.3207,2.5207,1556.35,2.7,1554.9,0.4464,1556.68,1554.8,0.0003265400,0.0000020842,0.3,269.5
2026-09-14T08:42:09.999+00:00,ASTER,HL,10.0938,3.2938,1556.07,0.04,1554.5,17.547,1556.68,1554.4,0.0003265400,0.0000062500,1.0,494.6
2026-09-14T08:42:09.999+00:00,ASTER,ENTROPY,7.5212,0.7212,1556.07,0.04,1554.9,0.4464,1556.68,1554.8,0.0003265400,0.0000020842,1.0,311.5
2026-09-14T08:42:10.006+00:00,ASTER,ENTROPY,7.5212,0.7212,1556.07,0.04,1554.9,0.4464,1556.68,1554.8,0.0003265400,0.0000020842,7.8,0.2
2026-09-14T08:42:10.012+00:00,ASTER,HL,10.0938,3.2938,1556.07,0.04,1554.5,17.547,1556.68,1554.4,0.0003265400,0.0000062500,0.1,507.5
2026-09-14T08:42:10.012+00:00,ASTER,ENTROPY,7.5212,0.7212,1556.07,0.04,1554.9,0.4464,1556.68,1554.8,0.0003265400,0.0000020842,0.1,6.3
2026-09-14T08:42:10.012+00:00,ASTER,HL,10.0938,3.2938,1556.07,0.04,1554.5,17.547,1556.68,1554.4,0.0003265400,0.0000062500,0.2,507.6
2026-09-14T08:42:10.012+00:00,ASTER,ENTROPY,7.5212,0.7212,1556.07,0.04,1554.9,0.4464,1556.68,1554.8,0.0003265400,0.0000020842,0.2,6.4
2026-09-14T08:42:10.052+00:00,ASTER,HL,10.0938,3.2938,1556.07,0.04,1554.5,17.547,1556.67,1554.4,0.0003265400,0.0000062500,0.9,547.5
2026-09-14T08:42:10.052+00:00,ASTER,ENTROPY,7.5212,0.7212,1556.07,0.04,1554.9,0.4464,1556.67,1554.8,0.0003265400,0.0000020842,0.9,46.3
2026-09-14T08:42:10.095+00:00,ASTER,HL,11.2507,4.4507,1556.25,2.7,1554.5,17.547,1556.67,1554.4,0.0003265400,0.0000062500,0.2,590.4
2026-09-14T08:42:10.095+00:00,ASTER,ENTROPY,8.6780,1.8780,1556.25,2.7,1554.9,0.4464,1556.67,1554.8,0.0003265400,0.0000020842,0.2,89.2
2026-09-14T08:42:10.102+00:00,ASTER,HL,11.2507,4.4507,1556.25,2.7,1554.5,17.465,1556.67,1554.4,0.0003265400,0.0000062500,7.4,0.9
2026-09-14T08:42:10.111+00:00,ASTER,HL,11.3793,4.5793,1556.27,2.7,1554.5,17.465,1556.67,1554.4,0.0003265400,0.0000062500,0.3,9.4
2026-09-14T08:42:10.111+00:00,ASTER,ENTROPY,8.8066,2.0066,1556.27,2.7,1554.9,0.4464,1556.67,1554.8,0.0003265400,0.0000020842,0.3,104.9
2026-09-14T08:42:10.388+00:00,ASTER,HL,11.3793,4.5793,1556.27,2.7,1554.5,18.43,1556.67,1554.4,0.0003265400,0.0000062500,277.5,0.4
2026-09-14T08:42:10.388+00:00,ASTER,ENTROPY,8.8066,2.0066,1556.27,2.7,1554.9,0.6665,1556.67,1554.8,0.0003265400,0.0000020842,277.7,0.5
2026-09-14T08:42:10.400+00:00,ASTER,HL,9.9653,3.1653,1556.05,2.62,1554.5,18.43,1556.67,1554.4,0.0003265400,0.0000062500,0.2,11.8
2026-09-14T08:42:10.400+00:00,ASTER,ENTROPY,7.3926,0.5926,1556.05,2.62,1554.9,0.6665,1556.67,1554.8,0.0003265400,0.0000020842,0.2,11.8
2026-09-14T08:42:10.406+00:00,ASTER,HL,9.9653,3.1653,1556.05,1.28,1554.5,18.43,1556.67,1554.4,0.0003265400,0.0000062500,0.2,18.4
2026-09-14T08:42:10.406+00:00,ASTER,ENTROPY,7.3926,0.5926,1556.05,1.28,1554.9,0.6665,1556.67,1554.8,0.0003265400,0.0000020842,0.2,18.3
2026-09-14T08:42:10.406+00:00,ASTER,HL,9.5153,2.7153,1555.98,0.04,1554.5,18.43,1556.67,1554.4,0.0003265400,0.0000062500,0.3,18.5
2026-09-14T08:42:10.406+00:00,ASTER,ENTROPY,6.9427,0.1427,1555.98,0.04,1554.9,0.6665,1556.67,1554.8,0.0003265400,0.0000020842,0.3,18.5
2026-09-14T08:42:10.437+00:00,ASTER,HL,9.5153,2.7153,1555.98,0.04,1554.5,18.43,1556.67,1554.4,0.0003265400,0.0000062500,30.9,0.3
2026-09-14T08:42:10.451+00:00,ASTER,HL,9.5155,2.7155,1555.98,0.04,1554.5,18.43,1556.54,1554.4,0.0003265400,0.0000062500,0.2,14.0
2026-09-14T08:42:10.451+00:00,ASTER,ENTROPY,6.9429,0.1429,1555.98,0.04,1554.9,0.6665,1556.54,1554.8,0.0003265400,0.0000020842,0.2,62.8
2026-09-14T08:42:10.501+00:00,ASTER,HL,10.5439,3.7439,1556.14,2.7,1554.5,18.43,1556.54,1554.4,0.0003265400,0.0000062500,0.2,63.8
2026-09-14T08:42:10.501+00:00,ASTER,ENTROPY,7.9712,1.1712,1556.14,2.7,1554.9,0.6665,1556.54,1554.8,0.0003265400,0.0000020842,0.2,112.6
2026-09-14T08:42:10.511+00:00,ASTER,HL,10.5439,3.7439,1556.14,2.7,1554.5,18.43,1556.54,1554.4,0.0003265400,0.0000062500,10.2,0.3
2026-09-14T08:42:10.511+00:00,ASTER,ENTROPY,7.9712,1.1712,1556.14,2.7,1554.9,0.6665,1556.54,1554.8,0.0003265400,0.0000020842,10.4,0.4
2026-09-14T08:42:10.542+00:00,ASTER,HL,9.4512,2.6512,1555.97,0.78,1554.5,18.43,1556.54,1554.4,0.0003265400,0.0000062500,0.3,31.6
2026-09-14T08:42:10.542+00:00,ASTER,ENTROPY,6.8786,0.0786,1555.97,0.78,1554.9,0.6665,1556.54,1554.8,0.0003265400,0.0000020842,0.3,31.5
2026-09-14T08:42:10.564+00:00,ASTER,HL,9.4513,2.6513,1555.97,0.78,1554.5,18.43,1556.51,1554.4,0.0003265400,0.0000062500,0.2,53.3
2026-09-14T08:42:10.564+00:00,ASTER,ENTROPY,6.8786,0.0786,1555.97,0.78,1554.9,0.6665,1556.51,1554.8,0.0003265400,0.0000020842,0.2,53.3
2026-09-14T08:42:10.598+00:00,ASTER,HL,7.7799,0.9799,1555.71,0.04,1554.5,18.43,1556.51,1554.4,0.0003265400,0.0000062500,0.3,88.0
2026-09-14T08:42:10.598+00:00,ASTER,HL,7.7801,0.9801,1555.71,0.04,1554.5,18.43,1556.41,1554.4,0.0003265400,0.0000062500,0.4,88.1
2026-09-14T08:42:10.611+00:00,ASTER,HL,7.7801,0.9801,1555.71,0.04,1554.5,18.43,1556.38,1554.4,0.0003265400,0.0000062500,0.3,100.8
2026-09-14T08:42:10.611+00:00,ASTER,HL,8.0373,1.2373,1555.75,1.49,1554.5,18.43,1556.38,1554.4,0.0003265400,0.0000062500,0.4,101.0
2026-09-14T08:42:10.611+00:00,ASTER,HL,8.0373,1.2373,1555.75,1.49,1554.5,18.43,1556.38,1554.4,0.0003265400,0.0000062500,0.4,101.0
2026-09-14T08:42:10.640+00:00,ASTER,HL,8.0373,1.2373,1555.75,1.49,1554.5,18.43,1556.38,1554.4,0.0003265400,0.0000062500,0.3,129.9
2026-09-14T08:42:10.669+00:00,ASTER,HL,9.4515,2.6515,1555.97,2.7,1554.5,18.43,1556.38,1554.4,0.0003265400,0.0000062500,0.3,159.1
2026-09-14T08:42:10.669+00:00,ASTER,ENTROPY,6.8788,0.0788,1555.97,2.7,1554.9,0.6665,1556.38,1554.8,0.0003265400,0.0000020842,0.3,159.1
2026-09-14T08:42:10.670+00:00,ASTER,HL,9.4515,2.6515,1555.97,2.7,1554.5,18.43,1556.38,1554.4,0.0003265400,0.0000062500,0.4,159.3
2026-09-14T08:42:10.670+00:00,ASTER,ENTROPY,6.8788,0.0788,1555.97,2.7,1554.9,0.6665,1556.38,1554.8,0.0003265400,0.0000020842,0.4,159.3
2026-09-14T08:42:10.695+00:00,ASTER,HL,9.4515,2.6515,1555.97,2.7,1554.5,18.43,1556.37,1554.4,0.0003265400,0.0000062500,0.3,184.4
2026-09-14T08:42:10.695+00:00,ASTER,ENTROPY,6.8788,0.0788,1555.97,2.7,1554.9,0.6665,1556.37,1554.8,0.0003265400,0.0000020842,0.3,184.4
2026-09-14T08:42:10.698+00:00,ASTER,HL,9.4515,2.6515,1555.97,2.7,1554.5,18.43,1556.37,1554.4,0.0003265400,0.0000062500,3.3,0.2
2026-09-14T08:42:10.805+00:00,ASTER,HL,9.4515,2.6515,1555.97,2.7,1554.5,18.43,1556.37,1554.4,0.0003265400,0.0000062500,111.2,0.7
2026-09-14T08:42:10.847+00:00,ASTER,HL,9.4515,2.6515,1555.97,2.7,1554.5,18.43,1556.38,1554.4,0.0003265400,0.0000062500,0.2,42.8
2026-09-14T08:42:10.847+00:00,ASTER,ENTROPY,6.8788,0.0788,1555.97,2.7,1554.9,0.6665,1556.38,1554.8,0.0003265400,0.0000020842,0.2,337.4
2026-09-14T08:42:10.856+00:00,ASTER,HL,8.0373,1.2373,1555.75,3.82,1554.5,18.43,1556.38,1554.4,0.0003265400,0.0000062500,0.2,51.7
2026-09-14T08:42:10.856+00:00,ASTER,HL,9.5800,2.7800,1555.99,2.7,1554.5,18.43,1556.38,1554.4,0.0003265400,0.0000062500,0.4,51.9
2026-09-14T08:42:10.856+00:00,ASTER,ENTROPY,7.0073,0.2073,1555.99,2.7,1554.9,0.6665,1556.38,1554.8,0.0003265400,0.0000020842,0.4,346.6
2026-09-14T08:42:10.908+00:00,ASTER,HL,9.5802,2.7802,1555.99,2.7,1554.5,20.382,1556.38,1554.3,0.0003265400,0.0000062500,51.5,0.2
2026-09-14T08:42:10.908+00:00,ASTER,ENTROPY,7.0073,0.2073,1555.99,2.7,1554.9,1.8629,1556.38,1554.8,0.0003265400,0.0000020842,51.6,0.3
2026-09-14T08:42:10.941+00:00,ASTER,HL,8.0374,1.2374,1555.75,3.82,1554.5,20.382,1556.38,1554.3,0.0003265400,0.0000062500,0.1,33.2
2026-09-14T08:42:10.941+00:00,ASTER,HL,8.0374,1.2374,1555.75,3.82,1554.5,20.382,1556.37,1554.3,0.0003265400,0.0000062500,0.2,33.3
2026-09-14T08:42:10.947+00:00,ASTER,HL,9.7088,2.9088,1556.01,2.7,1554.5,20.382,1556.37,1554.3,0.0003265400,0.0000062500,0.6,39.3
2026-09-14T08:42:10.947+00:00,ASTER,ENTROPY,7.1359,0.3359,1556.01,2.7,1554.9,1.8629,1556.37,1554.8,0.0003265400,0.0000020842,0.6,39.3
2026-09-14T08:42:10.982+00:00,ASTER,HL,9.7088,2.9088,1556.01,2.7,1554.5,20.382,1556.38,1554.3,0.0003265400,0.0000062500,0.2,74.2
2026-09-14T08:42:10.982+00:00,ASTER,ENTROPY,7.1359,0.3359,1556.01,2.7,1554.9,1.8629,1556.38,1554.8,0.0003265400,0.0000020842,0.2,74.2
2026-09-14T08:42:10.982+00:00,ASTER,HL,8.0374,1.2374,1555.75,3.82,1554.5,20.382,1556.38,1554.3,0.0003265400,0.0000062500,0.3,74.3
2026-09-14T08:42:11.000+00:00,ASTER,HL,8.0374,1.2374,1555.75,20.21,1554.5,20.382,1556.38,1554.3,0.0003265400,0.0000062500,0.1,92.3
2026-09-14T08:42:11.000+00:00,ASTER,HL,9.8373,3.0373,1556.03,2.7,1554.5,20.382,1556.38,1554.3,0.0003265400,0.0000062500,0.2,92.5
2026-09-14T08:42:11.000+00:00,ASTER,ENTROPY,7.2644,0.4644,1556.03,2.7,1554.9,1.8629,1556.38,1554.8,0.0003265400,0.0000020842,0.2,92.4
2026-09-14T08:42:11.016+00:00,ASTER,HL,10.4804,3.6804,1556.03,2.7,1554.4,24.017,1556.38,1554.3,0.0003265400,0.0000062500,15.8,0.2
2026-09-14T08:42:11.111+00:00,ASTER,HL,10.4804,3.6804,1556.03,2.7,1554.4,102.152,1556.38,1554.3,0.0003265400,0.0000062500,111.4,0.3
2026-09-14T08:42:11.111+00:00,ASTER,ENTROPY,7.2645,0.4645,1556.03,2.7,1554.9,2.2306,1556.38,1554.7,0.0003265400,0.0000020842,111.5,0.4
2026-09-14T08:42:11.273+00:00,ASTER,HL,10.4804,3.6804,1556.03,2.7,1554.4,54.087,1556.38,1554.3,0.0003265400,0.0000062500,272.9,0.3
2026-09-14T08:42:11.273+00:00,ASTER,ENTROPY,7.2645,0.4645,1556.03,2.7,1554.9,2.1579,1556.38,1554.7,0.0003265400,0.0000020842,273.0,0.4
2026-09-14T08:42:11.382+00:00,ASTER,HL,10.4804,3.6804,1556.03,2.7,1554.4,36.737,1556.38,1554.3,0.0003265400,0.0000062500,382.4,0.4
2026-09-14T08:42:11.382+00:00,ASTER,ENTROPY,7.2647,0.4647,1556.03,2.7,1554.9,2.1579,1556.38,1554.6,0.0003265400,0.0000020842,382.6,0.6
2026-09-14T08:42:11.416+00:00,ASTER,HL,10.4804,3.6804,1556.03,2.7,1554.4,49.899,1556.38,1554.3,0.0003265400,0.0000062500,416.0,0.1
2026-09-14T08:42:11.507+00:00,ASTER,HL,10.4804,3.6804,1556.03,2.7,1554.4,49.899,1556.38,1554.3,0.0003265400,0.0000062500,507.1,0.3
2026-09-14T08:42:11.507+00:00,ASTER,ENTROPY,7.9077,1.1077,1556.03,2.7,1554.8,0.3504,1556.38,1554.6,0.0003265400,0.0000020863,507.3,0.4
2026-09-14T08:42:11.701+00:00,ASTER,ENTROPY,8.5507,1.7507,1556.03,2.7,1554.7,0.1935,1556.38,1554.6,0.0003265400,0.0000020863,701.2,0.3
2026-09-14T08:42:11.761+00:00,ASTER,HL,10.4804,3.6804,1556.03,2.7,1554.4,49.899,1556.38,1554.3,0.0003265400,0.0000062500,760.8,0.3
2026-09-14T08:42:11.761+00:00,ASTER,ENTROPY,8.5507,1.7507,1556.03,2.7,1554.7,0.1935,1556.38,1554.6,0.0003265400,0.0000020863,761.0,0.4
2026-09-14T08:42:12.144+00:00,ASTER,HL,10.4804,3.6804,1556.03,2.7,1554.4,49.899,1556.38,1554.3,0.0003265400,0.0000062500,1144.4,0.5
2026-09-14T08:42:12.144+00:00,ASTER,ENTROPY,8.5507,1.7507,1556.03,2.7,1554.7,0.5796,1556.38,1554.6,0.0003265400,0.0000020863,1144.5,0.6
2026-09-14T08:42:12.242+00:00,ASTER,HL,8.6805,1.8805,1555.75,3.82,1554.4,49.899,1556.38,1554.3,0.0003265400,0.0000062500,0.2,98.7
2026-09-14T08:42:12.262+00:00,ASTER,HL,8.6805,1.8805,1555.75,3.82,1554.4,49.899,1556.38,1554.3,0.0003265400,0.0000062500,0.2,118.7
2026-09-14T08:42:12.262+00:00,ASTER,HL,8.6805,1.8805,1555.75,2.33,1554.4,49.899,1556.38,1554.3,0.0003265400,0.0000062500,0.3,118.8
2026-09-14T08:42:12.262+00:00,ASTER,HL,8.6804,1.8804,1555.75,2.33,1554.4,49.899,1556.43,1554.3,0.0003265400,0.0000062500,0.3,118.9
2026-09-14T08:42:12.262+00:00,ASTER,HL,8.4233,1.6233,1555.71,0.04,1554.4,49.899,1556.43,1554.3,0.0003265400,0.0000062500,0.3,118.9
2026-09-14T08:42:12.262+00:00,ASTER,HL,8.4233,1.6233,1555.71,0.04,1554.4,49.899,1556.43,1554.3,0.0003265400,0.0000062500,0.3,118.9
2026-09-14T08:42:12.262+00:00,ASTER,HL,10.6089,3.8089,1556.05,2.7,1554.4,49.899,1556.43,1554.3,0.0003265400,0.0000062500,0.4,118.9
2026-09-14T08:42:12.262+00:00,ASTER,ENTROPY,8.6792,1.8792,1556.05,2.7,1554.7,0.5796,1556.43,1554.6,0.0003265400,0.0000020863,0.4,118.9
2026-09-14T08:42:12.262+00:00,ASTER,HL,10.7375,3.9375,1556.07,2.7,1554.4,49.899,1556.43,1554.3,0.0003265400,0.0000062500,0.4,119.0
2026-09-14T08:42:12.262+00:00,ASTER,ENTROPY,8.8077,2.0077,1556.07,2.7,1554.7,0.5796,1556.43,1554.6,0.0003265400,0.0000020863,0.4,118.9
2026-09-14T08:42:12.295+00:00,ASTER,HL,10.7374,3.9374,1556.07,2.7,1554.4,49.899,1556.5,1554.3,0.0003265400,0.0000062500,0.2,152.1
2026-09-14T08:42:12.295+00:00,ASTER,ENTROPY,8.8076,2.0076,1556.07,2.7,1554.7,0.5796,1556.5,1554.6,0.0003265400,0.0000020863,0.2,152.1
2026-09-14T08:42:12.302+00:00,ASTER,HL,10.7374,3.9374,1556.07,2.7,1554.4,49.899,1556.46,1554.3,0.0003265400,0.0000062500,0.1,158.5
2026-09-14T08:42:12.302+00:00,ASTER,ENTROPY,8.8077,2.0077,1556.07,2.7,1554.7,0.5796,1556.46,1554.6,0.0003265400,0.0000020863,0.1,158.5
2026-09-14T08:42:12.302+00:00,ASTER,HL,10.7374,3.9374,1556.07,2.7,1554.4,49.899,1556.46,1554.3,0.0003265400,0.0000062500,0.2,158.6
2026-09-14T08:42:12.302+00:00,ASTER,ENTROPY,8.8077,2.0077,1556.07,2.7,1554.7,0.5796,1556.46,1554.6,0.0003265400,0.0000020863,0.2,158.6
2026-09-14T08:42:12.350+00:00,ASTER,HL,10.7375,3.9375,1556.07,2.7,1554.4,49.899,1556.42,1554.3,0.0003265400,0.0000062500,0.2,206.9
2026-09-14T08:42:12.350+00:00,ASTER,ENTROPY,8.8078,2.0078,1556.07,2.7,1554.7,0.5796,1556.42,1554.6,0.0003265400,0.0000020863,0.2,206.8
2026-09-14T08:42:12.387+00:00,ASTER,HL,10.7374,3.9374,1556.07,2.7,1554.4,49.899,1556.46,1554.3,0.0003265400,0.0000062500,0.2,244.1
2026-09-14T08:42:12.387+00:00,ASTER,ENTROPY,8.8077,2.0077,1556.07,2.7,1554.7,0.5796,1556.46,1554.6,0.0003265400,0.0000020863,0.2,244.1
2026-09-14T08:42:12.387+00:00,ASTER,HL,10.7374,3.9374,1556.07,2.7,1554.4,49.899,1556.46,1554.3,0.0003265400,0.0000062500,0.3,244.2
2026-09-14T08:42:12.387+00:00,ASTER,ENTROPY,8.8077,2.0077,1556.07,2.7,1554.7,0.5796,1556.46,1554.6,0.0003265400,0.0000020863,0.3,244.2
2026-09-14T08:42:12.388+00:00,ASTER,HL,10.7374,3.9374,1556.07,2.7,1554.4,48.934,1556.46,1554.3,0.0003265400,0.0000062500,0.4,0.5
2026-09-14T08:42:12.392+00:00,ASTER,HL,9.1947,2.3947,1555.83,35.32,1554.4,48.934,1556.46,1554.3,0.0003265400,0.0000062500,0.1,5.4
2026-09-14T08:42:12.392+00:00,ASTER,ENTROPY,7.2650,0.4650,1555.83,35.32,1554.7,0.5796,1556.46,1554.6,0.0003265400,0.0000020863,0.1,249.2
2026-09-14T08:42:12.395+00:00,ASTER,HL,9.1947,2.3947,1555.83,35.32,1554.4,48.934,1556.46,1554.3,0.0003265400,0.0000062500,0.1,7.9
2026-09-14T08:42:12.395+00:00,ASTER,ENTROPY,7.2650,0.4650,1555.83,35.32,1554.7,0.5796,1556.46,1554.6,0.0003265400,0.0000020863,0.1,251.8
2026-09-14T08:42:12.407+00:00,ASTER,HL,10.8017,4.0017,1556.08,2.7,1554.4,48.934,1556.46,1554.3,0.0003265400,0.0000062500,0.1,19.7
2026-09-14T08:42:12.407+00:00,ASTER,ENTROPY,8.8720,2.0720,1556.08,2.7,1554.7,0.5796,1556.46,1554.6,0.0003265400,0.0000020863,0.1,263.5
2026-09-14T08:42:12.499+00:00,ASTER,HL,10.8017,4.0017,1556.08,2.7,1554.4,48.934,1556.46,1554.3,0.0003265400,0.0000062500,0.1,111.4
2026-09-14T08:42:12.499+00:00,ASTER,ENTROPY,8.8720,2.0720,1556.08,2.7,1554.7,0.5796,1556.46,1554.6,0.0003265400,0.0000020863,0.1,355.3
2026-09-14T08:42:12.499+00:00,ASTER,HL,10.8017,4.0017,1556.08,2.7,1554.4,48.934,1556.47,1554.3,0.0003265400,0.0000062500,0.2,111.5
2026-09-14T08:42:12.499+00:00,ASTER,ENTROPY,8.8720,2.0720,1556.08,2.7,1554.7,0.5796,1556.47,1554.6,0.0003265400,0.0000020863,0.2,355.4
2026-09-14T08:42:12.499+00:00,ASTER,HL,10.8016,4.0016,1556.08,2.7,1554.4,48.934,1556.5,1554.3,0.0003265400,0.0000062500,0.2,111.5
2026-09-14T08:42:12.499+00:00,ASTER,ENTROPY,8.8719,2.0719,1556.08,2.7,1554.7,0.5796,1556.5,1554.6,0.0003265400,0.0000020863,0.2,355.4
2026-09-14T08:42:12.499+00:00,ASTER,HL,10.8017,4.0017,1556.08,2.7,1554.4,48.934,1556.45,1554.3,0.0003265400,0.0000062500,0.2,111.6
2026-09-14T08:42:12.499+00:00,ASTER,ENTROPY,8.8720,2.0720,1556.08,2.7,1554.7,0.5796,1556.45,1554.6,0.0003265400,0.0000020863,0.2,355.4
2026-09-14T08:42:12.504+00:00,ASTER,HL,10.8017,4.0017,1556.08,2.7,1554.4,48.934,1556.45,1554.3,0.0003265400,0.0000062500,0.1,116.8
2026-09-14T08:42:12.504+00:00,ASTER,ENTROPY,8.8720,2.0720,1556.08,2.7,1554.7,0.5796,1556.45,1554.6,0.0003265400,0.0000020863,0.1,360.6
2026-09-14T08:42:12.504+00:00,ASTER,HL,10.8017,4.0017,1556.08,2.7,1554.4,48.934,1556.45,1554.3,0.0003265400,0.0000062500,0.2,116.9
2026-09-14T08:42:12.504+00:00,ASTER,ENTROPY,8.8720,2.0720,1556.08,2.7,1554.7,0.5796,1556.45,1554.6,0.0003265400,0.0000020863,0.2,360.7
2026-09-14T08:42:12.504+00:00,ASTER,HL,10.8017,4.0017,1556.08,2.7,1554.4,48.934,1556.45,1554.3,0.0003265400,0.0000062500,0.2,116.9
2026-09-14T08:42:12.504+00:00,ASTER,ENTROPY,8.8720,2.0720,1556.08,2.7,1554.7,0.5796,1556.45,1554.6,0.0003265400,0.0000020863,0.2,360.7
2026-09-14T08:42:12.504+00:00,ASTER,HL,10.8017,4.0017,1556.08,2.7,1554.4,48.934,1556.45,1554.3,0.0003265400,0.0000062500,0.2,116.9
2026-09-14T08:42:12.504+00:00,ASTER,ENTROPY,8.8720,2.0720,1556.08,2.7,1554.7,0.5796,1556.45,1554.6,0.0003265400,0.0000020863,0.2,360.8
2026-09-14T08:42:12.635+00:00,ASTER,HL,10.8017,4.0017,1556.08,2.7,1554.4,48.783,1556.45,1554.3,0.0003265400,0.0000062500,130.6,0.3
2026-09-14T08:42:12.635+00:00,ASTER,ENTROPY,8.8720,2.0720,1556.08,2.7,1554.7,0.3861,1556.45,1554.6,0.0003265400,0.0000020863,130.8,0.4
2026-09-14T08:42:12.694+00:00,ASTER,HL,10.8017,4.0017,1556.08,2.7,1554.4,48.783,1556.45,1554.3,0.0003265400,0.0000062500,0.3,59.2
2026-09-14T08:42:12.694+00:00,ASTER,ENTROPY,8.8720,2.0720,1556.08,2.7,1554.7,0.3861,1556.45,1554.6,0.0003265400,0.0000020863,0.3,59.1
2026-09-14T08:42:12.704+00:00,ASTER,HL,10.8017,4.0017,1556.08,2.7,1554.4,48.783,1556.45,1554.3,0.0003265400,0.0000062500,10.9,0.2
2026-09-14T08:42:12.764+00:00,ASTER,ENTROPY,8.8720,2.0720,1556.08,2.7,1554.7,0.5864,1556.45,1554.6,0.0003265400,0.0000020863,70.0,0.2
2026-09-14T08:42:12.791+00:00,ASTER,HL,9.1304,2.3304,1555.82,3.46,1554.4,48.783,1556.45,1554.3,0.0003265400,0.0000062500,0.2,86.8
2026-09-14T08:42:12.791+00:00,ASTER,ENTROPY,7.2008,0.4008,1555.82,3.46,1554.7,0.5864,1556.45,1554.6,0.0003265400,0.0000020863,0.2,27.8
2026-09-14T08:42:12.801+00:00,ASTER,HL,11.0588,4.2588,1556.12,2.7,1554.4,48.783,1556.45,1554.3,0.0003265400,0.0000062500,0.2,96.0
2026-09-14T08:42:12.801+00:00,ASTER,ENTROPY,9.1291,2.3291,1556.12,2.7,1554.7,0.5864,1556.45,1554.6,0.0003265400,0.0000020863,0.2,37.0
2026-09-14T08:42:12.969+00:00,ASTER,ENTROPY,9.1291,2.3291,1556.12,2.7,1554.7,0.3861,1556.45,1554.6,0.0003265400,0.0000020863,169.3,0.2
2026-09-14T08:42:13.110+00:00,ASTER,HL,11.0588,4.2588,1556.12,2.7,1554.4,48.783,1556.45,1554.3,0.0003265400,0.0000062500,310.6,0.3
2026-09-14T08:42:13.157+00:00,ASTER,HL,11.0588,4.2588,1556.12,2.7,1554.4,48.701,1556.45,1554.3,0.0003265400,0.0000062500,357.6,0.3
2026-09-14T08:42:13.363+00:00,ASTER,ENTROPY,9.1291,2.3291,1556.12,2.7,1554.7,0.3989,1556.45,1554.6,0.0003265400,0.0000020863,563.3,0.3
2026-09-14T08:42:13.444+00:00,ASTER,HL,9.1304,2.3304,1555.82,3.46,1554.4,48.701,1556.45,1554.3,0.0003265400,0.0000062500,0.2,286.2
2026-09-14T08:42:13.444+00:00,ASTER,ENTROPY,7.2008,0.4008,1555.82,3.46,1554.7,0.3989,1556.45,1554.6,0.0003265400,0.0000020863,0.2,80.5
2026-09-14T08:42:13.466+00:00,ASTER,HL,9.1304,2.3304,1555.82,1.73,1554.4,48.701,1556.45,1554.3,0.0003265400,0.0000062500,0.2,308.1
2026-09-14T08:42:13.466+00:00,ASTER,ENTROPY,7.2008,0.4008,1555.82,1.73,1554.7,0.3989,1556.45,1554.6,0.0003265400,0.0000020863,0.2,102.4
2026-09-14T08:42:13.466+00:00,ASTER,HL,9.1304,2.3304,1555.82,1.73,1554.4,48.701,1556.45,1554.3,0.0003265400,0.0000062500,0.3,308.2
2026-09-14T08:42:13.466+00:00,ASTER,ENTROPY,7.2008,0.4008,1555.82,1.73,1554.7,0.3989,1556.45,1554.6,0.0003265400,0.0000020863,0.3,102.5
2026-09-14T08:42:13.466+00:00,ASTER,HL,9.1304,2.3304,1555.82,1.73,1554.4,48.701,1556.45,1554.3,0.0003265400,0.0000062500,0.4,308.3
2026-09-14T08:42:13.466+00:00,ASTER,ENTROPY,7.2008,0.4008,1555.82,1.73,1554.7,0.3989,1556.45,1554.6,0.0003265400,0.0000020863,0.4,102.5
2026-09-14T08:42:13.466+00:00,ASTER,HL,9.1304,2.3304,1555.82,1.73,1554.4,48.701,1556.45,1554.3,0.0003265400,0.0000062500,0.4,308.3
2026-09-14T08:42:13.466+00:00,ASTER,ENTROPY,7.2008,0.4008,1555.82,1.73,1554.7,0.3989,1556.45,1554.6,0.0003265400,0.0000020863,0.4,102.6
2026-09-14T08:42:13.466+00:00,ASTER,HL,8.7447,1.9447,1555.76,16.39,1554.4,48.701,1556.45,1554.3,0.0003265400,0.0000062500,0.4,308.3
2026-09-14T08:42:13.466+00:00,ASTER,ENTROPY,6.8151,0.0151,1555.76,16.39,1554.7,0.3989,1556.45,1554.6,0.0003265400,0.0000020863,0.4,102.6
2026-09-14T08:42:13.466+00:00,ASTER,HL,8.7446,1.9446,1555.76,16.39,1554.4,48.701,1556.5,1554.3,0.0003265400,0.0000062500,0.4,308.3
2026-09-14T08:42:13.466+00:00,ASTER,ENTROPY,6.8150,0.0150,1555.76,16.39,1554.7,0.3989,1556.5,1554.6,0.0003265400,0.0000020863,0.4,102.6
2026-09-14T08:42:13.466+00:00,ASTER,HL,8.4232,1.6232,1555.71,0.04,1554.4,48.701,1556.5,1554.3,0.0003265400,0.0000062500,0.5,308.4
2026-09-14T08:42:13.466+00:00,ASTER,HL,8.4233,1.6233,1555.71,0.04,1554.4,48.701,1556.44,1554.3,0.0003265400,0.0000062500,0.5,308.4
2026-09-14T08:42:13.466+00:00,ASTER,HL,9.0661,2.2661,1555.81,1.28,1554.4,48.701,1556.44,1554.3,0.0003265400,0.0000062500,0.5,308.4
2026-09-14T08:42:13.466+00:00,ASTER,ENTROPY,7.1365,0.3365,1555.81,1.28,1554.7,0.3989,1556.44,1554.6,0.0003265400,0.0000020863,0.5,102.7
2026-09-14T08:42:13.466+00:00,ASTER,HL,9.0661,2.2661,1555.81,1.28,1554.4,48.701,1556.44,1554.3,0.0003265400,0.0000062500,0.5,308.4
2026-09-14T08:42:13.466+00:00,ASTER,ENTROPY,7.1365,0.3365,1555.81,1.28,1554.7,0.3989,1556.44,1554.6,0.0003265400,0.0000020863,0.5,102.7
2026-09-14T08:42:13.466+00:00,ASTER,HL,9.0661,2.2661,1555.81,1.28,1554.4,48.701,1556.44,1554.3,0.0003265400,0.0000062500,0.5,308.4
2026-09-14T08:42:13.466+00:00,ASTER,ENTROPY,7.1365,0.3365,1555.81,1.28,1554.7,0.3989,1556.44,1554.6,0.0003265400,0.0000020863,0.5,102.7
2026-09-14T08:42:13.466+00:00,ASTER,HL,9.0661,2.2661,1555.81,2.56,1554.4,48.701,1556.44,1554.3,0.0003265400,0.0000062500,0.6,308.5
2026-09-14T08:42:13.466+00:00,ASTER,ENTROPY,7.1365,0.3365,1555.81,2.56,1554.7,0.3989,1556.44,1554.6,0.0003265400,0.0000020863,0.6,102.7
2026-09-14T08:42:13.466+00:00,ASTER,HL,9.0661,2.2661,1555.81,2.56,1554.4,48.701,1556.44,1554.3,0.0003265400,0.0000062500,0.6,308.5
2026-09-14T08:42:13.466+00:00,ASTER,ENTROPY,7.1365,0.3365,1555.81,2.56,1554.7,0.3989,1556.44,1554.6,0.0003265400,0.0000020863,0.6,102.8
2026-09-14T08:42:13.559+00:00,ASTER,HL,9.0661,2.2661,1555.81,2.56,1554.4,48.701,1556.44,1554.3,0.0003265400,0.0000062500,0.2,401.1
2026-09-14T08:42:13.559+00:00,ASTER,ENTROPY,7.1365,0.3365,1555.81,2.56,1554.7,0.3989,1556.44,1554.6,0.0003265400,0.0000020863,0.2,195.4
2026-09-14T08:42:13.599+00:00,ASTER,HL,10.3518,3.5518,1556.01,2.7,1554.4,48.701,1556.44,1554.3,0.0003265400,0.0000062500,0.3,441.0
2026-09-14T08:42:13.599+00:00,ASTER,ENTROPY,8.4221,1.6221,1556.01,2.7,1554.7,0.3989,1556.44,1554.6,0.0003265400,0.0000020863,0.3,235.3
2026-09-14T08:42:13.642+00:00,ASTER,HL,10.3518,3.5518,1556.01,2.7,1554.4,48.701,1556.44,1554.3,0.0003265400,0.0000062500,0.2,484.6
2026-09-14T08:42:13.642+00:00,ASTER,ENTROPY,8.4221,1.6221,1556.01,2.7,1554.7,0.3989,1556.44,1554.6,0.0003265400,0.0000020863,0.2,278.9
2026-09-14T08:42:13.648+00:00,ASTER,HL,10.3518,3.5518,1556.01,2.7,1554.4,48.701,1556.43,1554.3,0.0003265400,0.0000062500,0.2,490.4
2026-09-14T08:42:13.648+00:00,ASTER,ENTROPY,8.4221,1.6221,1556.01,2.7,1554.7,0.3989,1556.43,1554.6,0.0003265400,0.0000020863,0.2,284.6
2026-09-14T08:42:13.744+00:00,ASTER,HL,10.3518,3.5518,1556.01,2.7,1554.4,49.666,1556.43,1554.3,0.0003265400,0.0000062500,95.8,0.3
2026-09-14T08:42:13.744+00:00,ASTER,ENTROPY,8.4221,1.6221,1556.01,2.7,1554.7,0.6114,1556.43,1554.6,0.0003265400,0.0000020863,95.9,0.4
2026-09-14T08:42:13.808+00:00,ASTER,HL,10.3518,3.5518,1556.01,2.7,1554.4,49.666,1556.43,1554.3,0.0003265400,0.0000062500,160.4,0.2
2026-09-14T08:42:13.888+00:00,ASTER,HL,10.3518,3.5518,1556.01,2.7,1554.4,49.666,1556.43,1554.3,0.0003265400,0.0000062500,240.6,0.2
2026-09-14T08:42:13.890+00:00,ASTER,HL,10.3518,3.5518,1556.01,2.7,1554.4,49.666,1556.44,1554.3,0.0003265400,0.0000062500,0.1,2.1
2026-09-14T08:42:13.890+00:00,ASTER,ENTROPY,8.4221,1.6221,1556.01,2.7,1554.7,0.6114,1556.44,1554.6,0.0003265400,0.0000020863,0.1,147.0
2026-09-14T08:42:14.096+00:00,ASTER,HL,9.0661,2.2661,1555.81,2.56,1554.4,49.666,1556.44,1554.3,0.0003265400,0.0000062500,0.1,208.0
2026-09-14T08:42:14.096+00:00,ASTER,ENTROPY,7.1365,0.3365,1555.81,2.56,1554.7,0.6114,1556.44,1554.6,0.0003265400,0.0000020863,0.1,352.8
2026-09-14T08:42:14.111+00:00,ASTER,HL,10.4161,3.6161,1556.02,2.7,1554.4,49.666,1556.44,1554.3,0.0003265400,0.0000062500,0.2,223.4
2026-09-14T08:42:14.111+00:00,ASTER,ENTROPY,8.4863,1.6863,1556.02,2.7,1554.7,0.6114,1556.44,1554.6,0.0003265400,0.0000020863,0.2,368.3
2026-09-14T08:42:14.202+00:00,ASTER,HL,10.4161,3.6161,1556.02,2.7,1554.4,49.666,1556.43,1554.3,0.0003265400,0.0000062500,0.2,314.2
2026-09-14T08:42:14.202+00:00,ASTER,ENTROPY,8.4864,1.6864,1556.02,2.7,1554.7,0.6114,1556.43,1554.6,0.0003265400,0.0000020863,0.2,459.0
2026-09-14T08:42:14.241+00:00,ASTER,HL,10.4161,3.6161,1556.02,2.7,1554.4,49.666,1556.44,1554.3,0.0003265400,0.0000062500,0.2,353.7
2026-09-14T08:42:14.241+00:00,ASTER,ENTROPY,8.4863,1.6863,1556.02,2.7,1554.7,0.6114,1556.44,1554.6,0.0003265400,0.0000020863,0.2,498.6
2026-09-14T08:42:14.241+00:00,ASTER,HL,9.0661,2.2661,1555.81,2.56,1554.4,49.666,1556.44,1554.3,0.0003265400,0.0000062500,0.2,353.8
2026-09-14T08:42:14.241+00:00,ASTER,ENTROPY,7.1365,0.3365,1555.81,2.56,1554.7,0.6114,1556.44,1554.6,0.0003265400,0.0000020863,0.2,498.7
2026-09-14T08:42:14.260+00:00,ASTER,HL,10.4803,3.6803,1556.03,2.7,1554.4,49.666,1556.44,1554.3,0.0003265400,0.0000062500,0.1,372.1
2026-09-14T08:42:14.260+00:00,ASTER,ENTROPY,8.5506,1.7506,1556.03,2.7,1554.7,0.6114,1556.44,1554.6,0.0003265400,0.0000020863,0.1,516.9
2026-09-14T08:42:14.269+00:00,ASTER,HL,10.4803,3.6803,1556.03,2.7,1554.4,49.666,1556.44,1554.3,0.0003265400,0.0000062500,8.8,0.1
2026-09-14T08:42:14.391+00:00,ASTER,HL,9.0661,2.2661,1555.81,2.56,1554.4,49.666,1556.44,1554.3,0.0003265400,0.0000062500,0.2,122.2
2026-09-14T08:42:14.391+00:00,ASTER,ENTROPY,7.1365,0.3365,1555.81,2.56,1554.7,0.6114,1556.44,1554.6,0.0003265400,0.0000020863,0.2,647.6
2026-09-14T08:42:14.409+00:00,ASTER,HL,10.7375,3.9375,1556.07,2.7,1554.4,49.666,1556.44,1554.3,0.0003265400,0.0000062500,0.1,140.4
2026-09-14T08:42:14.409+00:00,ASTER,ENTROPY,8.8077,2.0077,1556.07,2.7,1554.7,0.6114,1556.44,1554.6,0.0003265400,0.0000020863,0.1,665.9
2026-09-14T08:42:14.570+00:00,ASTER,ENTROPY,8.8077,2.0077,1556.07,2.7,1554.7,0.6774,1556.44,1554.6,0.0003265400,0.0000020863,161.1,0.2
2026-09-14T08:42:14.758+00:00,ASTER,HL,10.7375,3.9375,1556.07,2.7,1554.4,49.666,1556.44,1554.3,0.0003265400,0.0000062500,349.8,0.3
2026-09-14T08:42:14.759+00:00,ASTER,ENTROPY,8.8077,2.0077,1556.07,2.7,1554.7,0.5614,1556.44,1554.6,0.0003265400,0.0000020863,350.1,0.4
2026-09-14T08:42:14.890+00:00,ASTER,ENTROPY,8.8077,2.0077,1556.07,2.7,1554.7,0.5691,1556.44,1554.6,0.0003265400,0.0000020863,480.3,0.3
2026-09-14T08:42:14.953+00:00,ASTER,HL,10.7375,3.9375,1556.07,2.7,1554.4,49.666,1556.44,1554.3,0.0003265400,0.0000062500,0.2,194.8
2026-09-14T08:42:14.953+00:00,ASTER,ENTROPY,8.8077,2.0077,1556.07,2.7,1554.7,0.5691,1556.44,1554.6,0.0003265400,0.0000020863,0.2,64.3
2026-09-14T08:42:14.953+00:00,ASTER,HL,10.7375,3.9375,1556.07,2.7,1554.4,49.666,1556.44,1554.3,0.0003265400,0.0000062500,0.4,195.0
2026-09-14T08:42:14.953+00:00,ASTER,ENTROPY,8.8077,2.0077,1556.07,2.7,1554.7,0.5691,1556.44,1554.6,0.0003265400,0.0000020863,0.4,64.5
2026-09-14T08:42:15.111+00:00,ASTER,ENTROPY,8.8077,2.0077,1556.07,2.7,1554.7,0.8175,1556.44,1554.6,0.0003265400,0.0000020863,157.5,0.2
2026-09-14T08:42:15.140+00:00,ASTER,HL,9.0661,2.2661,1555.81,35.34,1554.4,49.666,1556.44,1554.3,0.0003265400,0.0000062500,0.2,381.5
2026-09-14T08:42:15.140+00:00,ASTER,ENTROPY,7.1365,0.3365,1555.81,35.34,1554.7,0.8175,1556.44,1554.6,0.0003265400,0.0000020863,0.2,29.6
2026-09-14T08:42:15.166+00:00,ASTER,HL,9.0661,2.2661,1555.81,35.34,1554.4,49.666,1556.44,1554.3,0.0003265400,0.0000062500,0.2,407.4
2026-09-14T08:42:15.166+00:00,ASTER,ENTROPY,7.1365,0.3365,1555.81,35.34,1554.7,0.8175,1556.44,1554.6,0.0003265400,0.0000020863,0.2,55.4
2026-09-14T08:42:15.166+00:00,ASTER,HL,9.0661,2.2661,1555.81,34.06,1554.4,49.666,1556.44,1554.3,0.0003265400,0.0000062500,0.3,407.4
2026-09-14T08:42:15.166+00:00,ASTER,ENTROPY,7.1365,0.3365,1555.81,34.06,1554.7,0.8175,1556.44,1554.6,0.0003265400,0.0000020863,0.3,55.5
2026-09-14T08:42:15.166+00:00,ASTER,HL,9.0661,2.2661,1555.81,17.67,1554.4,49.666,1556.44,1554.3,0.0003265400,0.0000062500,0.3,407.5
2026-09-14T08:42:15.166+00:00,ASTER,ENTROPY,7.1365,0.3365,1555.81,17.67,1554.7,0.8175,1556.44,1554.6,0.0003265400,0.0000020863,0.3,55.5
2026-09-14T08:42:15.166+00:00,ASTER,HL,9.0661,2.2661,1555.81,17.67,1554.4,49.666,1556.46,1554.3,0.0003265400,0.0000062500,0.3,407.5
2026-09-14T08:42:15.166+00:00,ASTER,ENTROPY,7.1365,0.3365,1555.81,17.67,1554.7,0.8175,1556.46,1554.6,0.0003265400,0.0000020863,0.3,55.6
2026-09-14T08:42:15.166+00:00,ASTER,HL,9.0661,2.2661,1555.81,16.39,1554.4,49.666,1556.46,1554.3,0.0003265400,0.0000062500,0.3,407.5
2026-09-14T08:42:15.166+00:00,ASTER,ENTROPY,7.1365,0.3365,1555.81,16.39,1554.7,0.8175,1556.46,1554.6,0.0003265400,0.0000020863,0.3,55.6
2026-09-14T08:42:15.166+00:00,ASTER,HL,9.0661,2.2661,1555.81,16.39,1554.4,49.666,1556.5,1554.3,0.0003265400,0.0000062500,0.3,407.5
2026-09-14T08:42:15.166+00:00,ASTER,ENTROPY,7.1364,0.3364,1555.81,16.39,1554.7,0.8175,1556.5,1554.6,0.0003265400,0.0000020863,0.3,55.6
2026-09-14T08:42:15.166+00:00,ASTER,HL,8.4232,1.6232,1555.71,0.04,1554.4,49.666,1556.5,1554.3,0.0003265400,0.0000062500,0.4,407.5
2026-09-14T08:42:15.166+00:00,ASTER,HL,10.9302,4.1302,1556.1,2.7,1554.4,49.666,1556.5,1554.3,0.0003265400,0.0000062500,0.4,407.6
2026-09-14T08:42:15.166+00:00,ASTER,ENTROPY,9.0005,2.2005,1556.1,2.7,1554.7,0.8175,1556.5,1554.6,0.0003265400,0.0000020863,0.4,55.7
2026-09-14T08:42:15.166+00:00,ASTER,HL,11.0587,4.2587,1556.12,2.7,1554.4,49.666,1556.5,1554.3,0.0003265400,0.0000062500,0.4,407.6
2026-09-14T08:42:15.166+00:00,ASTER,ENTROPY,9.1290,2.3290,1556.12,2.7,1554.7,0.8175,1556.5,1554.6,0.0003265400,0.0000020863,0.4,55.7
2026-09-14T08:42:15.166+00:00,ASTER,HL,11.1873,4.3873,1556.14,2.7,1554.4,49.666,1556.5,1554.3,0.0003265400,0.0000062500,0.4,407.6
2026-09-14T08:42:15.166+00:00,ASTER,ENTROPY,9.2576,2.4576,1556.14,2.7,1554.7,0.8175,1556.5,1554.6,0.0003265400,0.0000020863,0.4,55.7
2026-09-14T08:42:15.166+00:00,ASTER,HL,11.3159,4.5159,1556.16,2.7,1554.4,49.666,1556.5,1554.3,0.0003265400,0.0000062500,0.5,407.7
2026-09-14T08:42:15.166+00:00,ASTER,ENTROPY,9.3861,2.5861,1556.16,2.7,1554.7,0.8175,1556.5,1554.6,0.0003265400,0.0000020863,0.5,55.7
2026-09-14T08:42:15.166+00:00,ASTER,HL,11.4444,4.6444,1556.18,2.7,1554.4,49.666,1556.5,1554.3,0.0003265400,0.0000062500,0.5,407.7
2026-09-14T08:42:15.166+00:00,ASTER,ENTROPY,9.5147,2.7147,1556.18,2.7,1554.7,0.8175,1556.5,1554.6,0.0003265400,0.0000020863,0.5,55.8
2026-09-14T08:42:15.198+00:00,ASTER,HL,11.3159,4.5159,1556.16,2.7,1554.4,49.666,1556.5,1554.3,0.0003265400,0.0000062500,0.2,439.2
2026-09-14T08:42:15.198+00:00,ASTER,ENTROPY,9.3861,2.5861,1556.16,2.7,1554.7,0.8175,1556.5,1554.6,0.0003265400,0.0000020863,0.2,87.3
2026-09-14T08:42:15.203+00:00,ASTER,HL,11.0587,4.2587,1556.12,2.7,1554.4,49.666,1556.5,1554.3,0.0003265400,0.0000062500,0.1,443.9
2026-09-14T08:42:15.203+00:00,ASTER,ENTROPY,9.1290,2.3290,1556.12,2.7,1554.7,0.8175,1556.5,1554.6,0.0003265400,0.0000020863,0.1,92.0
2026-09-14T08:42:15.203+00:00,ASTER,HL,9.6446,2.8446,1555.9,47.8,1554.4,49.666,1556.5,1554.3,0.0003265400,0.0000062500,0.2,444.0
2026-09-14T08:42:15.203+00:00,ASTER,ENTROPY,7.7149,0.9149,1555.9,47.8,1554.7,0.8175,1556.5,1554.6,0.0003265400,0.0000020863,0.2,92.1
2026-09-14T08:42:15.203+00:00,ASTER,HL,11.5087,4.7087,1556.19,2.7,1554.4,49.666,1556.5,1554.3,0.0003265400,0.0000062500,0.2,444.1
2026-09-14T08:42:15.203+00:00,ASTER,ENTROPY,9.5789,2.7789,1556.19,2.7,1554.7,0.8175,1556.5,1554.6,0.0003265400,0.0000020863,0.2,92.1
2026-09-14T08:42:15.301+00:00,ASTER,HL,10.0946,3.2946,1555.97,0.78,1554.4,49.666,1556.5,1554.3,0.0003265400,0.0000062500,0.1,543.2
2026-09-14T08:42:15.301+00:00,ASTER,ENTROPY,8.1649,1.3649,1555.97,0.78,1554.7,0.8175,1556.5,1554.6,0.0003265400,0.0000020863,0.1,191.3
2026-09-14T08:42:15.305+00:00,ASTER,HL,11.5730,4.7730,1556.2,2.7,1554.4,49.666,1556.5,1554.3,0.0003265400,0.0000062500,0.1,546.8
2026-09-14T08:42:15.305+00:00,ASTER,ENTROPY,9.6432,2.8432,1556.2,2.7,1554.7,0.8175,1556.5,1554.6,0.0003265400,0.0000020863,0.1,194.9
2026-09-14T08:42:15.311+00:00,ASTER,HL,11.5730,4.7730,1556.2,2.7,1554.4,49.666,1556.5,1554.3,0.0003265400,0.0000062500,5.8,0.1
2026-09-14T08:42:15.519+00:00,ASTER,HL,11.5730,4.7730,1556.2,2.7,1554.4,19.301,1556.5,1554.3,0.0003265400,0.0000062500,214.1,1.8
2026-09-14T08:42:15.520+00:00,ASTER,ENTROPY,9.6432,2.8432,1556.2,2.7,1554.7,0.5691,1556.5,1554.6,0.0003265400,0.0000020863,214.1,1.8
2026-09-14T08:42:15.590+00:00,ASTER,HL,11.5729,4.7729,1556.2,2.7,1554.4,19.301,1556.53,1554.3,0.0003265400,0.0000062500,0.1,72.4
2026-09-14T08:42:15.590+00:00,ASTER,ENTROPY,9.6432,2.8432,1556.2,2.7,1554.7,0.5691,1556.53,1554.6,0.0003265400,0.0000020863,0.1,72.3
2026-09-14T08:42:15.590+00:00,ASTER,HL,10.0945,3.2945,1555.97,0.78,1554.4,19.301,1556.53,1554.3,0.0003265400,0.0000062500,0.2,72.5
2026-09-14T08:42:15.590+00:00,ASTER,ENTROPY,8.1648,1.3648,1555.97,0.78,1554.7,0.5691,1556.53,1554.6,0.0003265400,0.0000020863,0.2,72.4
2026-09-14T08:42:15.599+00:00,ASTER,HL,10.0945,3.2945,1555.97,0.78,1554.4,19.301,1556.53,1554.3,0.0003265400,0.0000062500,0.5,81.7
2026-09-14T08:42:15.599+00:00,ASTER,ENTROPY,8.1648,1.3648,1555.97,0.78,1554.7,0.5691,1556.53,1554.6,0.0003265400,0.0000020863,0.5,81.6
2026-09-14T08:42:15.599+00:00,ASTER,HL,10.0943,3.2943,1555.97,0.78,1554.4,19.301,1556.68,1554.3,0.0003265400,0.0000062500,0.5,81.7
2026-09-14T08:42:15.599+00:00,ASTER,ENTROPY,8.1646,1.3646,1555.97,0.78,1554.7,0.5691,1556.68,1554.6,0.0003265400,0.0000020863,0.5,81.7
2026-09-14T08:42:15.606+00:00,ASTER,HL,11.7012,4.9012,1556.22,2.7,1554.4,19.301,1556.68,1554.3,0.0003265400,0.0000062500,0.1,88.6
2026-09-14T08:42:15.606+00:00,ASTER,ENTROPY,9.7715,2.9715,1556.22,2.7,1554.7,0.5691,1556.68,1554.6,0.0003265400,0.0000020863,0.1,88.6
2026-09-14T08:42:15.606+00:00,ASTER,HL,11.8297,5.0297,1556.24,2.7,1554.4,19.301,1556.68,1554.3,0.0003265400,0.0000062500,0.1,88.7
2026-09-14T08:42:15.606+00:00,ASTER,ENTROPY,9.9000,3.1000,1556.24,2.7,1554.7,0.5691,1556.68,1554.6,0.0003265400,0.0000020863,0.1,88.6
2026-09-14T08:42:15.628+00:00,ASTER,HL,11.8297,5.0297,1556.24,2.7,1554.4,19.301,1556.68,1554.3,0.0003265400,0.0000062500,22.0,0.2
2026-09-14T08:42:15.628+00:00,ASTER,ENTROPY,9.9000,3.1000,1556.24,2.7,1554.7,0.183,1556.68,1554.6,0.0003265400,0.0000020863,22.1,0.3
2026-09-14T08:42:15.638+00:00,ASTER,HL,11.8297,5.0297,1556.24,2.7,1554.4,19.301,1556.68,1554.3,0.0003265400,0.0000062500,31.3,0.1
2026-09-14T08:42:15.653+00:00,ASTER,HL,11.8298,5.0298,1556.24,2.7,1554.4,19.301,1556.62,1554.3,0.0003265400,0.0000062500,0.8,15.3
2026-09-14T08:42:15.653+00:00,ASTER,ENTROPY,9.9001,3.1001,1556.24,2.7,1554.7,0.183,1556.62,1554.6,0.0003265400,0.0000020863,0.8,24.7
2026-09-14T08:42:15.653+00:00,ASTER,HL,11.8298,5.0298,1556.24,2.7,1554.4,19.301,1556.62,1554.3,0.0003265400,0.0000062500,0.9,15.4
2026-09-14T08:42:15.653+00:00,ASTER,ENTROPY,9.9001,3.1001,1556.24,2.7,1554.7,0.183,1556.62,1554.6,0.0003265400,0.0000020863,0.9,24.8
2026-09-14T08:42:15.653+00:00,ASTER,HL,11.8298,5.0298,1556.24,2.7,1554.4,19.301,1556.62,1554.3,0.0003265400,0.0000062500,0.9,15.5
2026-09-14T08:42:15.653+00:00,ASTER,ENTROPY,9.9001,3.1001,1556.24,2.7,1554.7,0.183,1556.62,1554.6,0.0003265400,0.0000020863,0.9,24.8
2026-09-14T08:42:15.653+00:00,ASTER,HL,11.8298,5.0298,1556.24,2.7,1554.4,19.301,1556.62,1554.3,0.0003265400,0.0000062500,0.9,15.5
2026-09-14T08:42:15.653+00:00,ASTER,ENTROPY,9.9001,3.1001,1556.24,2.7,1554.7,0.183,1556.62,1554.6,0.0003265400,0.0000020863,0.9,24.9
2026-09-14T08:42:15.698+00:00,ASTER,HL,11.8298,5.0298,1556.24,2.7,1554.4,19.301,1556.62,1554.3,0.0003265400,0.0000062500,46.4,0.2
2026-09-14T08:42:15.758+00:00,ASTER,HL,11.8298,5.0298,1556.24,2.7,1554.4,19.301,1556.62,1554.3,0.0003265400,0.0000062500,106.4,1.0
2026-09-14T08:42:15.917+00:00,ASTER,HL,11.8298,5.0298,1556.24,2.7,1554.4,19.301,1556.62,1554.3,0.0003265400,0.0000062500,265.0,0.2
2026-09-14T08:42:15.942+00:00,ASTER,HL,11.8298,5.0298,1556.24,2.7,1554.4,19.301,1556.62,1554.3,0.0003265400,0.0000062500,0.2,25.3
2026-09-14T08:42:15.942+00:00,ASTER,ENTROPY,9.9001,3.1001,1556.24,2.7,1554.7,0.183,1556.62,1554.6,0.0003265400,0.0000020863,0.2,314.0
2026-09-14T08:42:15.942+00:00,ASTER,HL,11.8298,5.0298,1556.24,2.7,1554.4,19.301,1556.62,1554.3,0.0003265400,0.0000062500,0.3,25.4
2026-09-14T08:42:15.942+00:00,ASTER,ENTROPY,9.9001,3.1001,1556.24,2.7,1554.7,0.183,1556.62,1554.6,0.0003265400,0.0000020863,0.3,314.2
2026-09-14T08:42:15.976+00:00,ASTER,HL,11.8298,5.0298,1556.24,2.7,1554.4,19.301,1556.62,1554.3,0.0003265400,0.0000062500,34.1,0.2
2026-09-14T08:42:16.040+00:00,ASTER,HL,11.8298,5.0298,1556.24,2.7,1554.4,19.301,1556.62,1554.3,0.0003265400,0.0000062500,98.3,0.2
2026-09-14T08:42:16.170+00:00,ASTER,HL,11.8298,5.0298,1556.24,2.7,1554.4,19.219,1556.62,1554.3,0.0003265400,0.0000062500,228.1,0.3
2026-09-14T08:42:16.202+00:00,ASTER,ENTROPY,8.6141,1.8141,1556.24,2.7,1554.9,0.5392,1556.62,1554.6,0.0003265400,0.0000020863,260.8,0.3
2026-09-14T08:42:16.470+00:00,ASTER,HL,11.8298,5.0298,1556.24,2.7,1554.4,19.219,1556.62,1554.3,0.0003265400,0.0000062500,528.0,0.3
2026-09-14T08:42:16.578+00:00,ASTER,HL,11.8298,5.0298,1556.24,2.7,1554.4,19.219,1556.62,1554.3,0.0003265400,0.0000062500,635.9,0.2
2026-09-14T08:42:16.603+00:00,ASTER,HL,11.8298,5.0298,1556.24,2.7,1554.4,19.219,1556.62,1554.3,0.0003265400,0.0000062500,0.2,25.8
2026-09-14T08:42:16.603+00:00,ASTER,ENTROPY,8.6141,1.8141,1556.24,2.7,1554.9,0.5392,1556.62,1554.6,0.0003265400,0.0000020917,0.2,400.9
2026-09-14T08:42:16.603+00:00,ASTER,HL,11.8297,5.0297,1556.24,2.7,1554.4,19.219,1556.68,1554.3,0.0003265400,0.0000062500,0.3,25.9
2026-09-14T08:42:16.603+00:00,ASTER,ENTROPY,8.6140,1.8140,1556.24,2.7,1554.9,0.5392,1556.68,1554.6,0.0003265400,0.0000020917,0.3,401.0
2026-09-14T08:42:16.685+00:00,ASTER,HL,10.2228,3.4228,1555.99,2.56,1554.4,19.219,1556.68,1554.3,0.0003265400,0.0000062500,0.1,107.6
2026-09-14T08:42:16.685+00:00,ASTER,ENTROPY,7.0072,0.2072,1555.99,2.56,1554.9,0.5392,1556.68,1554.6,0.0003265400,0.0000020917,0.1,482.7
2026-09-14T08:42:16.705+00:00,ASTER,HL,11.9583,5.1583,1556.26,2.7,1554.4,19.219,1556.68,1554.3,0.0003265400,0.0000062500,0.1,127.3
2026-09-14T08:42:16.705+00:00,ASTER,ENTROPY,8.7426,1.9426,1556.26,2.7,1554.9,0.5392,1556.68,1554.6,0.0003265400,0.0000020917,0.1,502.4
2026-09-14T08:42:16.705+00:00,ASTER,HL,11.9583,5.1583,1556.26,2.7,1554.4,19.219,1556.64,1554.3,0.0003265400,0.0000062500,0.2,127.4
2026-09-14T08:42:16.705+00:00,ASTER,ENTROPY,8.7426,1.9426,1556.26,2.7,1554.9,0.5392,1556.64,1554.6,0.0003265400,0.0000020917,0.2,502.5
2026-09-14T08:42:16.709+00:00,ASTER,HL,11.9583,5.1583,1556.26,2.7,1554.4,19.219,1556.64,1554.3,0.0003265400,0.0000062500,0.1,131.5
2026-09-14T08:42:16.709+00:00,ASTER,ENTROPY,8.7426,1.9426,1556.26,2.7,1554.9,0.5392,1556.64,1554.6,0.0003265400,0.0000020917,0.1,506.6
2026-09-14T08:42:16.823+00:00,ASTER,ENTROPY,8.7425,1.9425,1556.26,2.7,1554.9,0.5392,1556.64,1554.7,0.0003265400,0.0000020917,114.9,0.2
2026-09-14T08:42:16.838+00:00,ASTER,HL,10.2229,3.4229,1555.99,35.32,1554.4,19.219,1556.64,1554.3,0.0003265400,0.0000062500,0.1,260.9
2026-09-14T08:42:16.838+00:00,ASTER,ENTROPY,7.0071,0.2071,1555.99,35.32,1554.9,0.5392,1556.64,1554.7,0.0003265400,0.0000020917,0.1,14.7
2026-09-14T08:42:16.843+00:00,ASTER,HL,12.1512,5.3512,1556.29,2.7,1554.4,19.219,1556.64,1554.3,0.0003265400,0.0000062500,0.1,266.0
2026-09-14T08:42:16.843+00:00,ASTER,ENTROPY,8.9353,2.1353,1556.29,2.7,1554.9,0.5392,1556.64,1554.7,0.0003265400,0.0000020917,0.1,19.8
2026-09-14T08:42:16.895+00:00,ASTER,HL,10.2229,3.4229,1555.99,35.32,1554.4,19.219,1556.64,1554.3,0.0003265400,0.0000062500,0.2,317.6
2026-09-14T08:42:16.895+00:00,ASTER,ENTROPY,7.0071,0.2071,1555.99,35.32,1554.9,0.5392,1556.64,1554.7,0.0003265400,0.0000020917,0.2,71.4
2026-09-14T08:42:16.901+00:00,ASTER,HL,10.2229,3.4229,1555.99,35.32,1554.4,19.219,1556.64,1554.3,0.0003265400,0.0000062500,0.1,323.5
2026-09-14T08:42:16.901+00:00,ASTER,ENTROPY,7.0071,0.2071,1555.99,35.32,1554.9,0.5392,1556.64,1554.7,0.0003265400,0.0000020917,0.1,77.3
2026-09-14T08:42:16.901+00:00,ASTER,HL,10.2229,3.4229,1555.99,34.04,1554.4,19.219,1556.64,1554.3,0.0003265400,0.0000062500,0.2,323.6
2026-09-14T08:42:16.901+00:00,ASTER,ENTROPY,7.0071,0.2071,1555.99,34.04,1554.9,0.5392,1556.64,1554.7,0.0003265400,0.0000020917,0.2,77.4
2026-09-14T08:42:16.901+00:00,ASTER,HL,10.2229,3.4229,1555.99,17.66,1554.4,19.219,1556.64,1554.3,0.0003265400,0.0000062500,0.3,323.6
2026-09-14T08:42:16.901+00:00,ASTER,ENTROPY,7.0071,0.2071,1555.99,17.66,1554.9,0.5392,1556.64,1554.7,0.0003265400,0.0000020917,0.3,77.4
2026-09-14T08:42:16.901+00:00,ASTER,HL,10.2228,3.4228,1555.99,17.66,1554.4,19.219,1556.68,1554.3,0.0003265400,0.0000062500,0.3,323.7
2026-09-14T08:42:16.901+00:00,ASTER,ENTROPY,7.0071,0.2071,1555.99,17.66,1554.9,0.5392,1556.68,1554.7,0.0003265400,0.0000020917,0.3,77.5
2026-09-14T08:42:16.901+00:00,ASTER,HL,10.2228,3.4228,1555.99,16.38,1554.4,19.219,1556.68,1554.3,0.0003265400,0.0000062500,0.3,323.7
2026-09-14T08:42:16.901+00:00,ASTER,ENTROPY,7.0071,0.2071,1555.99,16.38,1554.9,0.5392,1556.68,1554.7,0.0003265400,0.0000020917,0.3,77.5
2026-09-14T08:42:16.901+00:00,ASTER,HL,10.0943,3.2943,1555.97,0.78,1554.4,19.219,1556.68,1554.3,0.0003265400,0.0000062500,0.3,323.7
2026-09-14T08:42:16.901+00:00,ASTER,ENTROPY,6.8785,0.0785,1555.97,0.78,1554.9,0.5392,1556.68,1554.7,0.0003265400,0.0000020917,0.3,77.5
2026-09-14T08:42:16.908+00:00,ASTER,HL,12.4724,5.6724,1556.34,2.7,1554.4,19.219,1556.68,1554.3,0.0003265400,0.0000062500,0.5,331.0
2026-09-14T08:42:16.908+00:00,ASTER,ENTROPY,9.2566,2.4566,1556.34,2.7,1554.9,0.5392,1556.68,1554.7,0.0003265400,0.0000020917,0.5,84.8
2026-09-14T08:42:17.041+00:00,ASTER,HL,10.7370,3.9370,1556.07,15.46,1554.4,19.219,1556.68,1554.3,0.0003265400,0.0000062500,0.1,463.4
2026-09-14T08:42:17.041+00:00,ASTER,ENTROPY,7.5213,0.7213,1556.07,15.46,1554.9,0.5392,1556.68,1554.7,0.0003265400,0.0000020917,0.1,217.2
2026-09-14T08:42:17.063+00:00,ASTER,HL,12.5367,5.7367,1556.35,2.7,1554.4,19.219,1556.68,1554.3,0.0003265400,0.0000062500,0.2,485.3
2026-09-14T08:42:17.063+00:00,ASTER,ENTROPY,9.3208,2.5208,1556.35,2.7,1554.9,0.5392,1556.68,1554.7,0.0003265400,0.0000020917,0.2,239.1
2026-09-14T08:42:17.185+00:00,ASTER,HL,12.5367,5.7367,1556.35,2.7,1554.4,19.219,1556.68,1554.3,0.0003265400,0.0000062500,122.3,0.2
2026-09-14T08:42:17.185+00:00,ASTER,ENTROPY,9.3210,2.5210,1556.35,2.7,1554.9,0.5392,1556.68,1554.6,0.0003265400,0.0000020917,122.4,0.4
2026-09-14T08:42:17.185+00:00,ASTER,HL,12.5367,5.7367,1556.35,2.7,1554.4,19.219,1556.68,1554.3,0.0003265400,0.0000062500,122.5,0.4
2026-09-14T08:42:17.185+00:00,ASTER,HL,12.5367,5.7367,1556.35,2.7,1554.4,19.219,1556.68,1554.3,0.0003265400,0.0000062500,122.5,0.5
2026-09-14T08:42:17.185+00:00,ASTER,ENTROPY,9.3207,2.5207,1556.35,2.7,1554.9,0.5392,1556.68,1554.8,0.0003265400,0.0000020917,122.5,0.5
2026-09-14T08:42:17.343+00:00,ASTER,ENTROPY,9.3207,2.5207,1556.35,2.7,1554.9,0.5243,1556.68,1554.8,0.0003265400,0.0000020917,280.4,0.6
2026-09-14T08:42:17.343+00:00,ASTER,HL,12.5367,5.7367,1556.35,2.7,1554.4,19.219,1556.68,1554.3,0.0003265400,0.0000062500,281.2,0.9
2026-09-14T08:42:17.344+00:00,ASTER,ENTROPY,9.3207,2.5207,1556.35,2.7,1554.9,0.3588,1556.68,1554.8,0.0003265400,0.0000020917,281.2,1.0
2026-09-14T08:42:17.352+00:00,ASTER,HL,12.5367,5.7367,1556.35,2.7,1554.4,19.219,1556.68,1554.3,0.0003265400,0.0000062500,289.7,0.1
2026-09-14T08:42:17.539+00:00,ASTER,ENTROPY,9.3207,2.5207,1556.35,2.7,1554.9,0.3588,1556.68,1554.8,0.0003265400,0.0000020917,476.7,0.2
2026-09-14T08:42:17.616+00:00,ASTER,HL,12.5367,5.7367,1556.35,2.7,1554.4,19.219,1556.68,1554.3,0.0003265400,0.0000062500,553.8,0.2
2026-09-14T08:42:17.616+00:00,ASTER,ENTROPY,9.3207,2.5207,1556.35,2.7,1554.9,0.3588,1556.68,1554.8,0.0003265400,0.0000020917,554.0,0.3
2026-09-14T08:42:17.667+00:00,ASTER,HL,12.5367,5.7367,1556.35,2.7,1554.4,19.219,1556.68,1554.3,0.0003265400,0.0000062500,605.0,0.2
2026-09-14T08:42:17.787+00:00,ASTER,HL,12.5367,5.7367,1556.35,2.7,1554.4,19.219,1556.68,1554.3,0.0003265400,0.0000062500,724.2,0.3
2026-09-14T08:42:17.965+00:00,ASTER,ENTROPY,9.3207,2.5207,1556.35,2.7,1554.9,0.4057,1556.68,1554.8,0.0003265400,0.0000020917,902.9,0.2
2026-09-14T08:42:18.071+00:00,ASTER,HL,12.5367,5.7367,1556.35,2.7,1554.4,19.219,1556.68,1554.3,0.0003265400,0.0000062500,1008.6,0.2
2026-09-14T08:42:18.118+00:00,ASTER,HL,12.5367,5.7367,1556.35,2.7,1554.4,19.219,1556.68,1554.3,0.0003265400,0.0000062500,1055.3,0.2
2026-09-14T08:42:18.194+00:00,ASTER,HL,12.5367,5.7367,1556.35,2.7,1554.4,19.219,1556.68,1554.3,0.0003265400,0.0000062500,1132.4,0.2
2026-09-14T08:42:18.531+00:00,ASTER,HL,12.5367,5.7367,1556.35,2.7,1554.4,19.219,1556.68,1554.3,0.0003265400,0.0000062500,1468.1,0.3
2026-09-14T08:42:18.853+00:00,ASTER,HL,12.5367,5.7367,1556.35,2.7,1554.4,19.219,1556.68,1554.3,0.0003265400,0.0000062500,1790.7,0.3
2026-09-14T08:42:18.936+00:00,ASTER,HL,12.5367,5.7367,1556.35,2.7,1554.4,19.219,1556.68,1554.3,0.0003265400,0.0000062500,1873.5,0.2
2026-09-14T08:42:20.342+00:00,ASTER,HL,10.7370,3.9370,1556.07,15.46,1554.4,19.219,1556.68,1554.3,0.0003265400,0.0000062500,0.2,27.3
2026-09-14T08:42:20.342+00:00,ASTER,ENTROPY,7.5212,0.7212,1556.07,15.46,1554.9,0.9337,1556.68,1554.8,0.0003265400,0.0000020917,0.2,45.3
2026-09-14T08:42:20.451+00:00,ASTER,HL,11.9583,5.1583,1556.26,2.7,1554.4,19.219,1556.68,1554.3,0.0003265400,0.0000062500,0.2,136.0
2026-09-14T08:42:20.451+00:00,ASTER,ENTROPY,8.7423,1.9423,1556.26,2.7,1554.9,0.9337,1556.68,1554.8,0.0003265400,0.0000020917,0.2,154.0
2026-09-14T08:42:20.494+00:00,ASTER,HL,10.7370,3.9370,1556.07,15.46,1554.4,19.219,1556.68,1554.3,0.0003265400,0.0000062500,0.2,179.0
2026-09-14T08:42:20.494+00:00,ASTER,ENTROPY,7.5212,0.7212,1556.07,15.46,1554.9,0.9337,1556.68,1554.8,0.0003265400,0.0000020917,0.2,196.9
2026-09-14T08:42:20.511+00:00,ASTER,HL,12.0225,5.2225,1556.27,2.7,1554.4,19.219,1556.68,1554.3,0.0003265400,0.0000062500,0.2,195.4
2026-09-14T08:42:20.511+00:00,ASTER,ENTROPY,8.8065,2.0065,1556.27,2.7,1554.9,0.9337,1556.68,1554.8,0.0003265400,0.0000020917,0.2,213.4
2026-09-14T08:42:20.555+00:00,ASTER,HL,12.0226,5.2226,1556.27,2.7,1554.4,19.219,1556.64,1554.3,0.0003265400,0.0000062500,0.1,240.3
2026-09-14T08:42:20.555+00:00,ASTER,ENTROPY,8.8066,2.0066,1556.27,2.7,1554.9,0.9337,1556.64,1554.8,0.0003265400,0.0000020917,0.1,258.3
2026-09-14T08:42:20.592+00:00,ASTER,HL,12.0226,5.2226,1556.27,2.7,1554.4,19.219,1556.64,1554.3,0.0003265400,0.0000062500,0.1,276.3
2026-09-14T08:42:20.592+00:00,ASTER,ENTROPY,8.8066,2.0066,1556.27,2.7,1554.9,0.9337,1556.64,1554.8,0.0003265400,0.0000020917,0.1,294.3
2026-09-14T08:42:20.635+00:00,ASTER,HL,12.0226,5.2226,1556.27,2.7,1554.4,19.219,1556.64,1554.3,0.0003265400,0.0000062500,44.0,0.2
2026-09-14T08:42:20.635+00:00,ASTER,ENTROPY,8.8066,2.0066,1556.27,2.7,1554.9,1.1254,1556.64,1554.8,0.0003265400,0.0000020917,44.2,0.3
2026-09-14T08:42:20.749+00:00,ASTER,HL,10.3515,3.5515,1556.01,4.02,1554.4,19.219,1556.64,1554.3,0.0003265400,0.0000062500,0.9,113.9
2026-09-14T08:42:20.749+00:00,ASTER,ENTROPY,7.1356,0.3356,1556.01,4.02,1554.9,1.1254,1556.64,1554.8,0.0003265400,0.0000020917,0.9,113.9
2026-09-14T08:42:20.764+00:00,ASTER,HL,12.1512,5.3512,1556.29,2.7,1554.4,19.219,1556.64,1554.3,0.0003265400,0.0000062500,0.2,129.6
2026-09-14T08:42:20.764+00:00,ASTER,ENTROPY,8.9351,2.1351,1556.29,2.7,1554.9,1.1254,1556.64,1554.8,0.0003265400,0.0000020917,0.2,129.6
2026-09-14T08:42:20.897+00:00,ASTER,HL,10.3515,3.5515,1556.01,4.02,1554.4,19.219,1556.64,1554.3,0.0003265400,0.0000062500,0.2,262.3
2026-09-14T08:42:20.897+00:00,ASTER,ENTROPY,7.1356,0.3356,1556.01,4.02,1554.9,1.1254,1556.64,1554.8,0.0003265400,0.0000020917,0.2,262.3
2026-09-14T08:42:20.900+00:00,ASTER,HL,10.3515,3.5515,1556.01,4.02,1554.4,19.219,1556.64,1554.3,0.0003265400,0.0000062500,0.1,265.7
2026-09-14T08:42:20.900+00:00,ASTER,ENTROPY,7.1356,0.3356,1556.01,4.02,1554.9,1.1254,1556.64,1554.8,0.0003265400,0.0000020917,0.1,265.6
2026-09-14T08:42:20.901+00:00,ASTER,HL,10.3515,3.5515,1556.01,2.01,1554.4,19.219,1556.64,1554.3,0.0003265400,0.0000062500,0.2,265.8
2026-09-14T08:42:20.901+00:00,ASTER,ENTROPY,7.1356,0.3356,1556.01,2.01,1554.9,1.1254,1556.64,1554.8,0.0003265400,0.0000020917,0.2,265.7
2026-09-14T08:42:20.901+00:00,ASTER,HL,10.3514,3.5514,1556.01,2.01,1554.4,19.219,1556.68,1554.3,0.0003265400,0.0000062500,0.2,265.8
2026-09-14T08:42:20.901+00:00,ASTER,ENTROPY,7.1355,0.3355,1556.01,2.01,1554.9,1.1254,1556.68,1554.8,0.0003265400,0.0000020917,0.2,265.8
2026-09-14T08:42:20.901+00:00,ASTER,HL,10.2228,3.4228,1555.99,0.64,1554.4,19.219,1556.68,1554.3,0.0003265400,0.0000062500,0.2,265.8
2026-09-14T08:42:20.901+00:00,ASTER,ENTROPY,7.0070,0.2070,1555.99,0.64,1554.9,1.1254,1556.68,1554.8,0.0003265400,0.0000020917,0.2,265.8
2026-09-14T08:42:20.901+00:00,ASTER,HL,12.2154,5.4154,1556.3,2.7,1554.4,19.219,1556.68,1554.3,0.0003265400,0.0000062500,0.3,265.8
2026-09-14T08:42:20.901+00:00,ASTER,ENTROPY,8.9993,2.1993,1556.3,2.7,1554.9,1.1254,1556.68,1554.8,0.0003265400,0.0000020917,0.3,265.8
2026-09-14T08:42:20.901+00:00,ASTER,HL,12.2155,5.4155,1556.3,2.7,1554.4,19.219,1556.62,1554.3,0.0003265400,0.0000062500,0.3,265.9
2026-09-14T08:42:20.901+00:00,ASTER,ENTROPY,8.9994,2.1994,1556.3,2.7,1554.9,1.1254,1556.62,1554.8,0.0003265400,0.0000020917,0.3,265.8
2026-09-14T08:42:20.915+00:00,ASTER,HL,12.2155,5.4155,1556.3,2.7,1554.4,19.219,1556.62,1554.3,0.0003265400,0.0000062500,0.2,280.3
2026-09-14T08:42:20.915+00:00,ASTER,ENTROPY,8.9994,2.1994,1556.3,2.7,1554.9,1.1254,1556.62,1554.8,0.0003265400,0.0000020917,0.2,280.2
2026-09-14T08:42:20.920+00:00,ASTER,HL,12.2155,5.4155,1556.3,2.7,1554.4,19.219,1556.62,1554.3,0.0003265400,0.0000062500,4.9,0.1
2026-09-14T08:42:20.920+00:00,ASTER,ENTROPY,8.9996,2.1996,1556.3,2.7,1554.9,1.1254,1556.62,1554.7,0.0003265400,0.0000020917,5.0,0.2
2026-09-14T08:42:20.950+00:00,ASTER,ENTROPY,8.9994,2.1994,1556.3,2.7,1554.9,0.9337,1556.62,1554.8,0.0003265400,0.0000020917,34.7,0.2
2026-09-14T08:42:21.042+00:00,ASTER,HL,10.2229,3.4229,1555.99,5.74,1554.4,19.219,1556.62,1554.3,0.0003265400,0.0000062500,0.2,122.3
2026-09-14T08:42:21.042+00:00,ASTER,ENTROPY,7.0070,0.2070,1555.99,5.74,1554.9,0.9337,1556.62,1554.8,0.0003265400,0.0000020917,0.2,92.6
2026-09-14T08:42:21.064+00:00,ASTER,HL,10.2229,3.4229,1555.99,3.19,1554.4,19.219,1556.62,1554.3,0.0003265400,0.0000062500,0.2,144.3
2026-09-14T08:42:21.064+00:00,ASTER,ENTROPY,7.0070,0.2070,1555.99,3.19,1554.9,0.9337,1556.62,1554.8,0.0003265400,0.0000020917,0.2,114.5
2026-09-14T08:42:21.064+00:00,ASTER,HL,10.2229,3.4229,1555.99,3.19,1554.4,19.219,1556.62,1554.3,0.0003265400,0.0000062500,0.3,144.4
2026-09-14T08:42:21.064+00:00,ASTER,ENTROPY,7.0070,0.2070,1555.99,3.19,1554.9,0.9337,1556.62,1554.8,0.0003265400,0.0000020917,0.3,114.7
2026-09-14T08:42:21.064+00:00,ASTER,HL,10.2229,3.4229,1555.99,0.64,1554.4,19.219,1556.62,1554.3,0.0003265400,0.0000062500,0.3,144.4
2026-09-14T08:42:21.064+00:00,ASTER,ENTROPY,7.0070,0.2070,1555.99,0.64,1554.9,0.9337,1556.62,1554.8,0.0003265400,0.0000020917,0.3,114.7
2026-09-14T08:42:21.064+00:00,ASTER,HL,10.2228,3.4228,1555.99,0.64,1554.4,19.219,1556.68,1554.3,0.0003265400,0.0000062500,0.3,144.4
2026-09-14T08:42:21.064+00:00,ASTER,ENTROPY,7.0070,0.2070,1555.99,0.64,1554.9,0.9337,1556.68,1554.8,0.0003265400,0.0000020917,0.3,114.7
2026-09-14T08:42:21.065+00:00,ASTER,HL,10.2229,3.4229,1555.99,0.64,1554.4,19.219,1556.61,1554.3,0.0003265400,0.0000062500,1.0,145.1
2026-09-14T08:42:21.065+00:00,ASTER,ENTROPY,7.0071,0.2071,1555.99,0.64,1554.9,0.9337,1556.61,1554.8,0.0003265400,0.0000020917,1.0,115.4
2026-09-14T08:42:21.065+00:00,ASTER,HL,10.2231,3.4231,1555.99,0.64,1554.4,19.219,1556.51,1554.3,0.0003265400,0.0000062500,1.1,145.2
2026-09-14T08:42:21.065+00:00,ASTER,ENTROPY,7.0072,0.2072,1555.99,0.64,1554.9,0.9337,1556.51,1554.8,0.0003265400,0.0000020917,1.1,115.5
2026-09-14T08:42:21.065+00:00,ASTER,HL,10.2231,3.4231,1555.99,0.64,1554.4,19.219,1556.51,1554.3,0.0003265400,0.0000062500,1.1,145.2
2026-09-14T08:42:21.065+00:00,ASTER,ENTROPY,7.0072,0.2072,1555.99,0.64,1554.9,0.9337,1556.51,1554.8,0.0003265400,0.0000020917,1.1,115.5
2026-09-14T08:42:21.065+00:00,ASTER,HL,10.2231,3.4231,1555.99,0.64,1554.4,19.219,1556.51,1554.3,0.0003265400,0.0000062500,1.1,145.2
2026-09-14T08:42:21.065+00:00,ASTER,ENTROPY,7.0072,0.2072,1555.99,0.64,1554.9,0.9337,1556.51,1554.8,0.0003265400,0.0000020917,1.1,115.5
2026-09-14T08:42:21.065+00:00,ASTER,HL,10.2231,3.4231,1555.99,0.64,1554.4,19.219,1556.51,1554.3,0.0003265400,0.0000062500,1.1,145.3
2026-09-14T08:42:21.065+00:00,ASTER,ENTROPY,7.0072,0.2072,1555.99,0.64,1554.9,0.9337,1556.51,1554.8,0.0003265400,0.0000020917,1.1,115.6
2026-09-14T08:42:21.155+00:00,ASTER,HL,10.2231,3.4231,1555.99,0.64,1554.4,19.219,1556.51,1554.3,0.0003265400,0.0000062500,0.7,235.5
2026-09-14T08:42:21.155+00:00,ASTER,ENTROPY,7.0072,0.2072,1555.99,0.64,1554.9,0.9337,1556.51,1554.8,0.0003265400,0.0000020917,0.7,205.8
2026-09-14T08:42:21.155+00:00,ASTER,HL,10.2231,3.4231,1555.99,0.64,1554.4,19.219,1556.51,1554.3,0.0003265400,0.0000062500,0.8,235.6
2026-09-14T08:42:21.155+00:00,ASTER,ENTROPY,7.0072,0.2072,1555.99,0.64,1554.9,0.9337,1556.51,1554.8,0.0003265400,0.0000020917,0.8,205.9
2026-09-14T08:42:21.155+00:00,ASTER,HL,9.5160,2.7160,1555.88,4.76,1554.4,19.219,1556.51,1554.3,0.0003265400,0.0000062500,0.9,235.7
2026-09-14T08:42:21.155+00:00,ASTER,HL,9.5160,2.7160,1555.88,4.76,1554.4,19.219,1556.5,1554.3,0.0003265400,0.0000062500,0.9,235.7
2026-09-14T08:42:21.155+00:00,ASTER,HL,11.0587,4.2587,1556.12,2.7,1554.4,19.219,1556.5,1554.3,0.0003265400,0.0000062500,0.9,235.7
2026-09-14T08:42:21.155+00:00,ASTER,ENTROPY,7.8427,1.0427,1556.12,2.7,1554.9,0.9337,1556.5,1554.8,0.0003265400,0.0000020917,0.9,206.0
2026-09-14T08:42:21.171+00:00,ASTER,ENTROPY,7.8427,1.0427,1556.12,2.7,1554.9,0.9414,1556.5,1554.8,0.0003265400,0.0000020917,16.2,0.2
2026-09-14T08:42:21.199+00:00,ASTER,HL,11.0587,4.2587,1556.12,2.7,1554.4,19.219,1556.5,1554.3,0.0003265400,0.0000062500,0.1,278.9
2026-09-14T08:42:21.199+00:00,ASTER,ENTROPY,7.8427,1.0427,1556.12,2.7,1554.9,0.9414,1556.5,1554.8,0.0003265400,0.0000020917,0.1,28.0
2026-09-14T08:42:21.253+00:00,ASTER,HL,11.0588,4.2588,1556.12,2.7,1554.4,19.219,1556.48,1554.3,0.0003265400,0.0000062500,0.2,333.0
2026-09-14T08:42:21.253+00:00,ASTER,ENTROPY,7.8428,1.0428,1556.12,2.7,1554.9,0.9414,1556.48,1554.8,0.0003265400,0.0000020917,0.2,82.2
2026-09-14T08:42:21.253+00:00,ASTER,HL,11.0588,4.2588,1556.12,2.7,1554.4,19.219,1556.48,1554.3,0.0003265400,0.0000062500,0.3,333.2
2026-09-14T08:42:21.253+00:00,ASTER,ENTROPY,7.8428,1.0428,1556.12,2.7,1554.9,0.9414,1556.48,1554.8,0.0003265400,0.0000020917,0.3,82.3
2026-09-14T08:42:21.347+00:00,ASTER,HL,11.0588,4.2588,1556.12,2.7,1554.4,20.184,1556.48,1554.3,0.0003265400,0.0000062500,94.8,0.2
2026-09-14T08:42:21.348+00:00,ASTER,ENTROPY,7.8428,1.0428,1556.12,2.7,1554.9,1.2039,1556.48,1554.8,0.0003265400,0.0000020917,95.0,0.3
2026-09-14T08:42:21.381+00:00,ASTER,HL,11.0588,4.2588,1556.12,2.7,1554.4,20.184,1556.48,1554.3,0.0003265400,0.0000062500,128.1,0.2
2026-09-14T08:42:21.381+00:00,ASTER,ENTROPY,7.8428,1.0428,1556.12,2.7,1554.9,1.2039,1556.48,1554.8,0.0003265400,0.0000020917,128.2,0.3
2026-09-14T08:42:21.500+00:00,ASTER,HL,11.0588,4.2588,1556.12,2.7,1554.4,20.184,1556.48,1554.3,0.0003265400,0.0000062500,0.2,119.1
2026-09-14T08:42:21.500+00:00,ASTER,ENTROPY,7.8428,1.0428,1556.12,2.7,1554.9,1.2039,1556.48,1554.8,0.0003265400,0.0000020917,0.2,119.1
2026-09-14T08:42:21.500+00:00,ASTER,HL,11.0587,4.2587,1556.12,2.7,1554.4,20.184,1556.5,1554.3,0.0003265400,0.0000062500,0.3,119.2
2026-09-14T08:42:21.500+00:00,ASTER,ENTROPY,7.8427,1.0427,1556.12,2.7,1554.9,1.2039,1556.5,1554.8,0.0003265400,0.0000020917,0.3,119.2
2026-09-14T08:42:21.500+00:00,ASTER,HL,11.0588,4.2588,1556.12,2.7,1554.4,20.184,1556.47,1554.3,0.0003265400,0.0000062500,0.4,119.3
2026-09-14T08:42:21.500+00:00,ASTER,ENTROPY,7.8428,1.0428,1556.12,2.7,1554.9,1.2039,1556.47,1554.8,0.0003265400,0.0000020917,0.4,119.2
2026-09-14T08:42:21.544+00:00,ASTER,HL,8.8090,2.0090,1555.77,0.64,1554.4,20.184,1556.47,1554.3,0.0003265400,0.0000062500,0.2,163.7
2026-09-14T08:42:21.574+00:00,ASTER,HL,8.8090,2.0090,1555.77,0.64,1554.4,20.184,1556.42,1554.3,0.0003265400,0.0000062500,0.1,193.5
2026-09-14T08:42:21.574+00:00,ASTER,HL,8.9376,2.1376,1555.79,1.28,1554.4,20.184,1556.42,1554.3,0.0003265400,0.0000062500,0.2,193.6
2026-09-14T08:42:21.574+00:00,ASTER,HL,8.9376,2.1376,1555.79,1.28,1554.4,20.184,1556.42,1554.3,0.0003265400,0.0000062500,0.3,193.6
2026-09-14T08:42:21.574+00:00,ASTER,HL,8.9376,2.1376,1555.79,2.56,1554.4,20.184,1556.42,1554.3,0.0003265400,0.0000062500,0.3,193.7
2026-09-14T08:42:21.574+00:00,ASTER,HL,8.9376,2.1376,1555.79,2.56,1554.4,20.184,1556.42,1554.3,0.0003265400,0.0000062500,0.3,193.7
2026-09-14T08:42:21.574+00:00,ASTER,HL,8.9376,2.1376,1555.79,2.56,1554.4,20.184,1556.42,1554.3,0.0003265400,0.0000062500,0.3,193.7
2026-09-14T08:42:21.574+00:00,ASTER,HL,8.9376,2.1376,1555.79,2.56,1554.4,21.166,1556.42,1554.3,0.0003265400,0.0000062500,0.3,0.4
2026-09-14T08:42:21.664+00:00,ASTER,HL,8.9376,2.1376,1555.79,2.56,1554.4,21.166,1556.42,1554.3,0.0003265400,0.0000062500,0.2,90.3
2026-09-14T08:42:21.665+00:00,ASTER,HL,8.9376,2.1376,1555.79,1.28,1554.4,21.166,1556.42,1554.3,0.0003265400,0.0000062500,0.3,90.5
2026-09-14T08:42:21.665+00:00,ASTER,HL,8.9376,2.1376,1555.79,1.28,1554.4,21.166,1556.42,1554.3,0.0003265400,0.0000062500,0.4,90.5
2026-09-14T08:42:21.665+00:00,ASTER,HL,8.9376,2.1376,1555.79,1.28,1554.4,21.166,1556.42,1554.3,0.0003265400,0.0000062500,0.4,90.6
2026-09-14T08:42:21.665+00:00,ASTER,HL,8.8090,2.0090,1555.77,0.64,1554.4,21.166,1556.42,1554.3,0.0003265400,0.0000062500,0.4,90.6
2026-09-14T08:42:21.665+00:00,ASTER,HL,8.8089,2.0089,1555.77,0.64,1554.4,21.166,1556.5,1554.3,0.0003265400,0.0000062500,0.4,90.6
2026-09-14T08:42:21.665+00:00,ASTER,HL,8.8090,2.0090,1555.77,0.64,1554.4,21.166,1556.43,1554.3,0.0003265400,0.0000062500,0.4,90.6
2026-09-14T08:42:21.665+00:00,ASTER,HL,8.8090,2.0090,1555.77,0.64,1554.4,21.166,1556.41,1554.3,0.0003265400,0.0000062500,0.5,90.6
2026-09-14T08:42:21.665+00:00,ASTER,HL,10.8661,4.0661,1556.09,2.7,1554.4,21.166,1556.41,1554.3,0.0003265400,0.0000062500,0.5,90.7
2026-09-14T08:42:21.665+00:00,ASTER,ENTROPY,7.6500,0.8500,1556.09,2.7,1554.9,1.2039,1556.41,1554.8,0.0003265400,0.0000020982,0.5,90.6
2026-09-14T08:42:21.665+00:00,ASTER,HL,10.8662,4.0662,1556.09,2.7,1554.4,21.166,1556.32,1554.3,0.0003265400,0.0000062500,0.5,90.7
2026-09-14T08:42:21.665+00:00,ASTER,ENTROPY,7.6501,0.8501,1556.09,2.7,1554.9,1.2039,1556.32,1554.8,0.0003265400,0.0000020982,0.5,90.6
2026-09-14T08:42:21.665+00:00,ASTER,HL,10.8662,4.0662,1556.09,2.7,1554.4,21.166,1556.32,1554.3,0.0003265400,0.0000062500,0.5,90.7
2026-09-14T08:42:21.665+00:00,ASTER,ENTROPY,7.6501,0.8501,1556.09,2.7,1554.9,1.2039,1556.32,1554.8,0.0003265400,0.0000020982,0.5,90.7
2026-09-14T08:42:21.665+00:00,ASTER,HL,10.8662,4.0662,1556.09,2.7,1554.4,21.166,1556.32,1554.3,0.0003265400,0.0000062500,0.6,90.7
2026-09-14T08:42:21.665+00:00,ASTER,ENTROPY,7.6501,0.8501,1556.09,2.7,1554.9,1.2039,1556.32,1554.8,0.0003265400,0.0000020982,0.6,90.7
2026-09-14T08:42:21.665+00:00,ASTER,HL,10.8662,4.0662,1556.09,2.7,1554.4,21.166,1556.32,1554.3,0.0003265400,0.0000062500,0.6,90.7
2026-09-14T08:42:21.665+00:00,ASTER,ENTROPY,7.6501,0.8501,1556.09,2.7,1554.9,1.2039,1556.32,1554.8,0.0003265400,0.0000020982,0.6,90.7
2026-09-14T08:42:21.696+00:00,ASTER,HL,8.8092,2.0092,1555.77,0.64,1554.4,21.166,1556.32,1554.3,0.0003265400,0.0000062500,0.1,121.7
2026-09-14T08:42:21.696+00:00,ASTER,HL,8.8092,2.0092,1555.77,0.64,1554.4,21.166,1556.32,1554.3,0.0003265400,0.0000062500,0.2,121.8
2026-09-14T08:42:21.696+00:00,ASTER,HL,8.8092,2.0092,1555.77,0.64,1554.4,21.166,1556.32,1554.3,0.0003265400,0.0000062500,0.2,121.9
2026-09-14T08:42:21.698+00:00,ASTER,HL,8.8092,2.0092,1555.77,0.64,1554.4,21.166,1556.32,1554.3,0.0003265400,0.0000062500,0.1,123.7
2026-09-14T08:42:21.698+00:00,ASTER,HL,8.8090,2.0090,1555.77,0.64,1554.4,21.166,1556.41,1554.3,0.0003265400,0.0000062500,0.1,123.8
2026-09-14T08:42:21.708+00:00,ASTER,HL,8.8092,2.0092,1555.77,0.64,1554.4,21.166,1556.3,1554.3,0.0003265400,0.0000062500,0.1,133.7
2026-09-14T08:42:21.708+00:00,ASTER,HL,8.8092,2.0092,1555.77,0.64,1554.4,21.166,1556.3,1554.3,0.0003265400,0.0000062500,0.1,133.8
2026-09-14T08:42:21.708+00:00,ASTER,HL,8.8092,2.0092,1555.77,0.64,1554.4,21.166,1556.3,1554.3,0.0003265400,0.0000062500,0.2,133.8
2026-09-14T08:42:21.743+00:00,ASTER,HL,8.8092,2.0092,1555.77,0.64,1554.4,21.166,1556.3,1554.3,0.0003265400,0.0000062500,0.2,169.2
2026-09-14T08:42:21.798+00:00,ASTER,HL,9.9663,3.1663,1555.95,2.7,1554.4,21.166,1556.3,1554.3,0.0003265400,0.0000062500,0.9,223.1
2026-09-14T08:42:21.825+00:00,ASTER,HL,9.9663,3.1663,1555.95,2.7,1554.4,21.166,1556.3,1554.3,0.0003265400,0.0000062500,28.4,0.2
2026-09-14T08:42:21.953+00:00,ASTER,HL,9.9663,3.1663,1555.95,2.7,1554.4,21.166,1556.3,1554.3,0.0003265400,0.0000062500,1.0,128.6
2026-09-14T08:42:21.953+00:00,ASTER,HL,9.9663,3.1663,1555.95,2.7,1554.4,21.166,1556.3,1554.3,0.0003265400,0.0000062500,1.2,128.8
2026-09-14T08:42:21.987+00:00,ASTER,HL,8.4235,1.6235,1555.71,0.04,1554.4,21.166,1556.3,1554.3,0.0003265400,0.0000062500,0.3,162.1
2026-09-14T08:42:21.987+00:00,ASTER,HL,8.4235,1.6235,1555.71,0.04,1554.4,21.166,1556.3,1554.3,0.0003265400,0.0000062500,0.5,162.4
2026-09-14T08:42:21.987+00:00,ASTER,HL,8.4235,1.6235,1555.71,0.04,1554.4,21.166,1556.3,1554.3,0.0003265400,0.0000062500,0.5,162.4
2026-09-14T08:42:22.006+00:00,ASTER,HL,10.0306,3.2306,1555.96,2.7,1554.4,21.166,1556.3,1554.3,0.0003265400,0.0000062500,1.2,180.9
2026-09-14T08:42:22.006+00:00,ASTER,ENTROPY,6.8146,0.0146,1555.96,2.7,1554.9,1.5725,1556.3,1554.8,0.0003265400,0.0000020982,1.2,180.9
2026-09-14T08:42:22.315+00:00,ASTER,HL,10.0306,3.2306,1555.96,2.7,1554.4,21.166,1556.3,1554.3,0.0003265400,0.0000062500,310.7,0.4
2026-09-14T08:42:22.315+00:00,ASTER,ENTROPY,6.8146,0.0146,1555.96,2.7,1554.9,1.5725,1556.3,1554.8,0.0003265400,0.0000020982,310.9,0.5
2026-09-14T08:42:22.316+00:00,ASTER,HL,10.0309,3.2309,1555.96,2.7,1554.4,21.166,1556.3,1554.1,0.0003265400,0.0000062500,311.0,0.6
2026-09-14T08:42:22.316+00:00,ASTER,ENTROPY,6.8146,0.0146,1555.96,2.7,1554.9,2.7689,1556.3,1554.8,0.0003265400,0.0000020982,311.0,0.6
2026-09-14T08:42:22.316+00:00,ASTER,HL,11.3173,4.5173,1555.96,2.7,1554.2,79.15,1556.3,1554.1,0.0003265400,0.0000062500,311.0,0.6
2026-09-14T08:42:22.316+00:00,ASTER,ENTROPY,6.8147,0.0147,1555.96,2.7,1554.9,2.7689,1556.3,1554.7,0.0003265400,0.0000020982,311.1,0.6
2026-09-14T08:42:22.439+00:00,ASTER,HL,9.7101,2.9101,1555.71,0.04,1554.2,79.15,1556.3,1554.1,0.0003265400,0.0000062500,0.2,124.5
2026-09-14T08:42:22.448+00:00,ASTER,HL,9.7101,2.9101,1555.71,0.04,1554.2,79.15,1556.3,1554.1,0.0003265400,0.0000062500,0.2,133.7
2026-09-14T08:42:22.448+00:00,ASTER,HL,9.7101,2.9101,1555.71,0.04,1554.2,79.15,1556.31,1554.1,0.0003265400,0.0000062500,0.3,133.8
2026-09-14T08:42:22.450+00:00,ASTER,HL,11.4459,4.6459,1555.98,2.7,1554.2,79.15,1556.31,1554.1,0.0003265400,0.0000062500,0.1,135.7
2026-09-14T08:42:22.450+00:00,ASTER,ENTROPY,6.9432,0.1432,1555.98,2.7,1554.9,2.7689,1556.31,1554.7,0.0003265400,0.0000020982,0.1,135.7
2026-09-14T08:42:22.450+00:00,ASTER,HL,11.9601,5.1601,1556.06,2.7,1554.2,79.15,1556.31,1554.1,0.0003265400,0.0000062500,0.2,135.8
2026-09-14T08:42:22.450+00:00,ASTER,ENTROPY,7.4574,0.6574,1556.06,2.7,1554.9,2.7689,1556.31,1554.7,0.0003265400,0.0000020982,0.2,135.8
2026-09-14T08:42:22.454+00:00,ASTER,HL,12.0887,5.2887,1556.08,2.7,1554.2,79.15,1556.31,1554.1,0.0003265400,0.0000062500,0.1,139.4
2026-09-14T08:42:22.454+00:00,ASTER,ENTROPY,7.5860,0.7860,1556.08,2.7,1554.9,2.7689,1556.31,1554.7,0.0003265400,0.0000020982,0.1,139.4
2026-09-14T08:42:22.474+00:00,ASTER,HL,12.0887,5.2887,1556.08,2.7,1554.2,40.89,1556.31,1554.1,0.0003265400,0.0000062500,19.6,0.5
2026-09-14T08:42:22.474+00:00,ASTER,HL,12.0887,5.2887,1556.08,2.7,1554.2,2.469,1556.31,1554.1,0.0003265400,0.0000062500,20.3,1.0
2026-09-14T08:42:22.474+00:00,ASTER,ENTROPY,7.5861,0.7861,1556.08,2.7,1554.9,2.7689,1556.31,1554.6,0.0003265400,0.0000020982,20.3,1.0
2026-09-14T08:42:22.474+00:00,ASTER,HL,12.0887,5.2887,1556.08,2.7,1554.2,0.643,1556.31,1554.1,0.0003265400,0.0000062500,20.4,1.1
2026-09-14T08:42:22.591+00:00,ASTER,HL,12.0887,5.2887,1556.08,2.7,1554.2,19.948,1556.31,1554.1,0.0003265400,0.0000062500,137.7,0.4
2026-09-14T08:42:22.592+00:00,ASTER,ENTROPY,8.2291,1.4291,1556.08,2.7,1554.8,0.3512,1556.31,1554.6,0.0003265400,0.0000020982,137.9,0.5
2026-09-14T08:42:22.595+00:00,ASTER,HL,9.9030,3.1030,1555.74,32.78,1554.2,19.948,1556.31,1554.1,0.0003265400,0.0000062500,0.1,3.7
2026-09-14T08:42:22.595+00:00,ASTER,HL,9.9030,3.1030,1555.74,16.39,1554.2,19.948,1556.31,1554.1,0.0003265400,0.0000062500,0.2,3.8
2026-09-14T08:42:22.595+00:00,ASTER,HL,9.7101,2.9101,1555.71,0.04,1554.2,19.948,1556.31,1554.1,0.0003265400,0.0000062500,0.2,3.8
2026-09-14T08:42:22.604+00:00,ASTER,HL,9.9673,3.1673,1555.75,2.63,1554.2,19.948,1556.31,1554.1,0.0003265400,0.0000062500,0.1,12.5
2026-09-14T08:42:22.604+00:00,ASTER,HL,9.9673,3.1673,1555.75,5.26,1554.2,19.948,1556.31,1554.1,0.0003265400,0.0000062500,0.1,12.6
2026-09-14T08:42:22.645+00:00,ASTER,HL,9.9673,3.1673,1555.75,2.63,1554.2,19.948,1556.31,1554.1,0.0003265400,0.0000062500,0.2,53.8
2026-09-14T08:42:22.645+00:00,ASTER,HL,9.7101,2.9101,1555.71,16.43,1554.2,19.948,1556.31,1554.1,0.0003265400,0.0000062500,0.4,54.0
2026-09-14T08:42:22.645+00:00,ASTER,HL,9.7101,2.9101,1555.71,0.04,1554.2,19.948,1556.31,1554.1,0.0003265400,0.0000062500,0.4,54.0
2026-09-14T08:42:22.668+00:00,ASTER,HL,9.8387,3.0387,1555.73,1.93,1554.2,19.948,1556.31,1554.1,0.0003265400,0.0000062500,0.8,77.4
2026-09-14T08:42:22.668+00:00,ASTER,HL,9.8387,3.0387,1555.73,3.86,1554.2,19.948,1556.31,1554.1,0.0003265400,0.0000062500,0.8,77.4
2026-09-14T08:42:22.704+00:00,ASTER,HL,11.3173,4.5173,1555.96,2.7,1554.2,19.948,1556.31,1554.1,0.0003265400,0.0000062500,0.2,113.5
2026-09-14T08:42:22.704+00:00,ASTER,ENTROPY,7.4578,0.6578,1555.96,2.7,1554.8,0.3512,1556.31,1554.6,0.0003265400,0.0000020982,0.2,113.5
2026-09-14T08:42:22.744+00:00,ASTER,HL,11.3173,4.5173,1555.96,2.7,1554.2,20.27,1556.31,1554.1,0.0003265400,0.0000062500,39.6,0.2
2026-09-14T08:42:22.744+00:00,ASTER,ENTROPY,7.4578,0.6578,1555.96,2.7,1554.8,0.3512,1556.31,1554.6,0.0003265400,0.0000020982,39.7,0.3
2026-09-14T08:42:22.932+00:00,ASTER,HL,11.3173,4.5173,1555.96,2.7,1554.2,19.305,1556.31,1554.1,0.0003265400,0.0000062500,228.3,0.2
2026-09-14T08:42:22.933+00:00,ASTER,ENTROPY,8.1008,1.3008,1555.96,2.7,1554.7,0.1861,1556.31,1554.6,0.0003265400,0.0000020982,228.4,0.3
2026-09-14T08:42:22.933+00:00,ASTER,HL,11.3173,4.5173,1555.96,2.7,1554.2,20.27,1556.31,1554.1,0.0003265400,0.0000062500,228.4,0.4
2026-09-14T08:42:22.933+00:00,ASTER,ENTROPY,8.1008,1.3008,1555.96,2.7,1554.7,0.1861,1556.31,1554.6,0.0003265400,0.0000020982,228.5,0.4
2026-09-14T08:42:22.996+00:00,ASTER,HL,11.3173,4.5173,1555.96,2.7,1554.2,20.27,1556.31,1554.1,0.0003265400,0.0000062500,290.9,0.2
2026-09-14T08:42:23.053+00:00,ASTER,HL,11.3173,4.5173,1555.96,2.7,1554.2,20.27,1556.31,1554.1,0.0003265400,0.0000062500,348.6,0.2
2026-09-14T08:42:23.054+00:00,ASTER,ENTROPY,8.1008,1.3008,1555.96,2.7,1554.7,0.3465,1556.31,1554.6,0.0003265400,0.0000020982,348.8,0.4
2026-09-14T08:42:23.148+00:00,ASTER,HL,11.3173,4.5173,1555.96,2.7,1554.2,20.27,1556.31,1554.1,0.0003265400,0.0000062500,443.6,0.2
2026-09-14T08:42:23.148+00:00,ASTER,ENTROPY,8.1008,1.3008,1555.96,2.7,1554.7,0.7141,1556.31,1554.6,0.0003265400,0.0000020982,443.7,0.3
2026-09-14T08:42:23.323+00:00,ASTER,HL,11.3173,4.5173,1555.96,2.7,1554.2,20.27,1556.31,1554.1,0.0003265400,0.0000062500,618.4,0.2
2026-09-14T08:42:23.598+00:00,ASTER,HL,9.7101,2.9101,1555.71,5.81,1554.2,20.27,1556.31,1554.1,0.0003265400,0.0000062500,0.2,275.9
2026-09-14T08:42:23.604+00:00,ASTER,HL,11.3816,4.5816,1555.97,2.7,1554.2,20.27,1556.31,1554.1,0.0003265400,0.0000062500,0.1,281.7
2026-09-14T08:42:23.604+00:00,ASTER,ENTROPY,8.1651,1.3651,1555.97,2.7,1554.7,0.7141,1556.31,1554.6,0.0003265400,0.0000020982,0.1,456.5
2026-09-14T08:42:23.645+00:00,ASTER,HL,9.7101,2.9101,1555.71,5.81,1554.2,20.27,1556.31,1554.1,0.0003265400,0.0000062500,0.1,321.7
2026-09-14T08:42:23.647+00:00,ASTER,HL,11.5101,4.7101,1555.99,2.7,1554.2,20.27,1556.31,1554.1,0.0003265400,0.0000062500,0.2,324.0
2026-09-14T08:42:23.647+00:00,ASTER,ENTROPY,8.2937,1.4937,1555.99,2.7,1554.7,0.7141,1556.31,1554.6,0.0003265400,0.0000020982,0.2,498.8
2026-09-14T08:42:23.741+00:00,ASTER,HL,9.7101,2.9101,1555.71,5.81,1554.2,20.27,1556.31,1554.1,0.0003265400,0.0000062500,0.7,418.3
2026-09-14T08:42:23.741+00:00,ASTER,HL,9.7101,2.9101,1555.71,5.81,1554.2,20.27,1556.31,1554.1,0.0003265400,0.0000062500,0.8,0.7
2026-09-14T08:42:23.745+00:00,ASTER,HL,11.6387,4.8387,1556.01,2.7,1554.2,20.27,1556.31,1554.1,0.0003265400,0.0000062500,0.1,4.5
2026-09-14T08:42:23.745+00:00,ASTER,ENTROPY,8.4222,1.6222,1556.01,2.7,1554.7,0.7141,1556.31,1554.6,0.0003265400,0.0000020982,0.1,597.0
2026-09-14T08:42:23.896+00:00,ASTER,HL,9.7101,2.9101,1555.71,5.81,1554.2,20.27,1556.31,1554.1,0.0003265400,0.0000062500,0.3,155.7
2026-09-14T08:42:23.904+00:00,ASTER,HL,11.7030,4.9030,1556.02,2.7,1554.2,20.27,1556.31,1554.1,0.0003265400,0.0000062500,0.8,163.3
2026-09-14T08:42:23.904+00:00,ASTER,ENTROPY,8.4865,1.6865,1556.02,2.7,1554.7,0.7141,1556.31,1554.6,0.0003265400,0.0000020982,0.8,755.8
2026-09-14T08:42:23.942+00:00,ASTER,HL,11.7030,4.9030,1556.02,2.7,1554.2,20.188,1556.31,1554.1,0.0003265400,0.0000062500,39.1,0.3
2026-09-14T08:42:24.135+00:00,ASTER,HL,11.7030,4.9030,1556.02,2.7,1554.2,20.188,1556.31,1554.1,0.0003265400,0.0000062500,231.3,0.2
2026-09-14T08:42:24.135+00:00,ASTER,ENTROPY,8.4865,1.6865,1556.02,2.7,1554.7,0.5537,1556.31,1554.6,0.0003265400,0.0000020982,231.4,0.3
2026-09-14T08:42:24.463+00:00,ASTER,HL,11.7030,4.9030,1556.02,2.7,1554.2,20.188,1556.31,1554.1,0.0003265400,0.0000062500,560.2,0.3
2026-09-14T08:42:24.870+00:00,ASTER,HL,11.7030,4.9030,1556.02,2.7,1554.2,20.188,1556.31,1554.1,0.0003265400,0.0000062500,966.5,0.2
2026-09-14T08:42:24.951+00:00,ASTER,ENTROPY,8.4865,1.6865,1556.02,2.7,1554.7,0.6134,1556.31,1554.6,0.0003265400,0.0000020982,1047.2,0.2
2026-09-14T08:42:25.156+00:00,ASTER,HL,11.7030,4.9030,1556.02,2.7,1554.2,20.188,1556.31,1554.1,0.0003265400,0.0000062500,1253.1,0.2
2026-09-14T08:42:25.399+00:00,ASTER,HL,11.7030,4.9030,1556.02,2.7,1554.2,20.188,1556.31,1554.1,0.0003265400,0.0000062500,1495.9,0.2
2026-09-14T08:42:25.769+00:00,ASTER,HL,11.7030,4.9030,1556.02,2.7,1554.2,20.188,1556.31,1554.1,0.0003265400,0.0000062500,1865.7,0.2
2026-09-14T08:42:25.769+00:00,ASTER,ENTROPY,8.4865,1.6865,1556.02,2.7,1554.7,0.7787,1556.31,1554.6,0.0003265400,0.0000020982,1865.8,0.3
2026-09-14T08:42:27.187+00:00,ASTER,HL,9.7101,2.9101,1555.71,5.81,1554.2,20.188,1556.31,1554.1,0.0003265400,0.0000062500,0.2,279.6
2026-09-14T08:42:27.247+00:00,ASTER,HL,9.7101,2.9101,1555.71,2.93,1554.2,20.188,1556.31,1554.1,0.0003265400,0.0000062500,0.1,339.6
2026-09-14T08:42:27.247+00:00,ASTER,HL,9.7101,2.9101,1555.71,0.04,1554.2,20.188,1556.31,1554.1,0.0003265400,0.0000062500,0.2,339.7
2026-09-14T08:42:27.256+00:00,ASTER,HL,9.7101,2.9101,1555.71,0.04,1554.2,20.188,1556.31,1554.1,0.0003265400,0.0000062500,0.1,348.3
2026-09-14T08:42:27.256+00:00,ASTER,HL,9.7101,2.9101,1555.71,0.04,1554.2,20.188,1556.31,1554.1,0.0003265400,0.0000062500,0.2,348.4
2026-09-14T08:42:27.350+00:00,ASTER,HL,9.7101,2.9101,1555.71,0.04,1554.2,20.188,1556.3,1554.1,0.0003265400,0.0000062500,0.1,442.5
2026-09-14T08:42:27.350+00:00,ASTER,HL,10.9959,4.1959,1555.91,2.7,1554.2,20.188,1556.3,1554.1,0.0003265400,0.0000062500,0.2,442.6
2026-09-14T08:42:27.350+00:00,ASTER,ENTROPY,7.7795,0.9795,1555.91,2.7,1554.7,0.7864,1556.3,1554.6,0.0003265400,0.0000020998,0.2,442.6
2026-09-14T08:42:27.353+00:00,ASTER,ENTROPY,7.7795,0.9795,1555.91,2.7,1554.7,0.7864,1556.3,1554.6,0.0003265400,0.0000020998,3.4,0.1
2026-09-14T08:42:27.353+00:00,ASTER,ENTROPY,7.7795,0.9795,1555.91,2.7,1554.7,0.6211,1556.3,1554.6,0.0003265400,0.0000020998,3.5,0.2
2026-09-14T08:42:27.440+00:00,ASTER,HL,10.9959,4.1959,1555.91,2.7,1554.2,20.188,1556.31,1554.1,0.0003265400,0.0000062500,0.2,533.4
2026-09-14T08:42:27.440+00:00,ASTER,ENTROPY,7.7794,0.9794,1555.91,2.7,1554.7,0.6211,1556.31,1554.6,0.0003265400,0.0000020998,0.2,87.7
2026-09-14T08:42:27.530+00:00,ASTER,HL,10.9959,4.1959,1555.91,2.7,1554.2,20.106,1556.31,1554.1,0.0003265400,0.0000062500,89.8,0.2
2026-09-14T08:42:27.637+00:00,ASTER,HL,9.5172,2.7172,1555.68,2.56,1554.2,20.106,1556.31,1554.1,0.0003265400,0.0000062500,0.3,106.3
2026-09-14T08:42:27.656+00:00,ASTER,HL,9.5172,2.7172,1555.68,2.56,1554.2,20.106,1556.31,1554.1,0.0003265400,0.0000062500,0.2,125.4
2026-09-14T08:42:27.656+00:00,ASTER,HL,9.5172,2.7172,1555.68,1.28,1554.2,20.106,1556.31,1554.1,0.0003265400,0.0000062500,0.3,125.5
2026-09-14T08:42:27.656+00:00,ASTER,HL,9.5172,2.7172,1555.68,1.28,1554.2,20.106,1556.31,1554.1,0.0003265400,0.0000062500,0.4,125.6
2026-09-14T08:42:27.656+00:00,ASTER,HL,8.5529,1.7529,1555.53,0.04,1554.2,20.106,1556.31,1554.1,0.0003265400,0.0000062500,0.5,125.7
2026-09-14T08:42:27.656+00:00,ASTER,HL,8.5529,1.7529,1555.53,0.04,1554.2,20.106,1556.3,1554.1,0.0003265400,0.0000062500,0.5,125.8
2026-09-14T08:42:27.657+00:00,ASTER,HL,8.6815,1.8815,1555.55,2.33,1554.2,20.106,1556.3,1554.1,0.0003265400,0.0000062500,0.1,127.2
2026-09-14T08:42:27.658+00:00,ASTER,HL,8.6815,1.8815,1555.55,4.66,1554.2,20.106,1556.3,1554.1,0.0003265400,0.0000062500,0.1,127.3
2026-09-14T08:42:27.701+00:00,ASTER,HL,8.6816,1.8816,1555.55,4.66,1554.2,20.106,1556.18,1554.1,0.0003265400,0.0000062500,0.2,171.2
2026-09-14T08:42:27.702+00:00,ASTER,HL,8.6816,1.8816,1555.55,4.66,1554.2,20.106,1556.18,1554.1,0.0003265400,0.0000062500,0.2,171.3
2026-09-14T08:42:27.702+00:00,ASTER,HL,8.6816,1.8816,1555.55,4.66,1554.2,20.106,1556.18,1554.1,0.0003265400,0.0000062500,0.3,171.3
2026-09-14T08:42:27.702+00:00,ASTER,HL,8.6816,1.8816,1555.55,4.66,1554.2,20.106,1556.18,1554.1,0.0003265400,0.0000062500,0.3,171.4
2026-09-14T08:42:27.752+00:00,ASTER,HL,10.3532,3.5532,1555.81,2.7,1554.2,20.106,1556.18,1554.1,0.0003265400,0.0000062500,0.8,222.1
2026-09-14T08:42:27.752+00:00,ASTER,ENTROPY,7.1368,0.3368,1555.81,2.7,1554.7,0.7864,1556.18,1554.6,0.0003265400,0.0000020998,0.8,109.7
2026-09-14T08:42:27.795+00:00,ASTER,HL,10.3532,3.5532,1555.81,2.7,1554.2,20.106,1556.17,1554.1,0.0003265400,0.0000062500,0.2,264.9
2026-09-14T08:42:27.795+00:00,ASTER,ENTROPY,7.1368,0.3368,1555.81,2.7,1554.7,0.7864,1556.17,1554.6,0.0003265400,0.0000020998,0.2,152.5
2026-09-14T08:42:27.797+00:00,ASTER,HL,10.3532,3.5532,1555.81,2.7,1554.2,20.106,1556.17,1554.1,0.0003265400,0.0000062500,0.1,266.8
2026-09-14T08:42:27.797+00:00,ASTER,ENTROPY,7.1368,0.3368,1555.81,2.7,1554.7,0.7864,1556.17,1554.6,0.0003265400,0.0000020998,0.1,154.3
2026-09-14T08:42:27.836+00:00,ASTER,HL,10.3532,3.5532,1555.81,2.7,1554.2,20.106,1556.17,1554.1,0.0003265400,0.0000062500,0.1,306.2
2026-09-14T08:42:27.836+00:00,ASTER,ENTROPY,7.1368,0.3368,1555.81,2.7,1554.7,0.7864,1556.17,1554.6,0.0003265400,0.0000020998,0.1,193.8
2026-09-14T08:42:27.989+00:00,ASTER,HL,10.3534,3.5534,1555.81,2.7,1554.2,20.867,1556.17,1554.0,0.0003265400,0.0000062500,152.8,0.2
2026-09-14T08:42:28.105+00:00,ASTER,HL,10.9966,4.1966,1555.81,2.7,1554.1,9.812,1556.17,1554.0,0.0003265400,0.0000062500,268.3,0.3
2026-09-14T08:42:28.204+00:00,ASTER,ENTROPY,7.1370,0.3370,1555.81,2.7,1554.7,0.7864,1556.17,1554.4,0.0003265400,0.0000020998,367.9,0.3
2026-09-14T08:42:28.455+00:00,ASTER,HL,10.3534,3.5534,1555.81,2.7,1554.2,21.51,1556.17,1554.0,0.0003265400,0.0000062500,619.1,0.3
2026-09-14T08:42:28.461+00:00,ASTER,HL,10.9966,4.1966,1555.81,2.7,1554.1,23.021,1556.17,1554.0,0.0003265400,0.0000062500,624.9,0.2
2026-09-14T08:42:28.516+00:00,ASTER,HL,10.9966,4.1966,1555.81,2.7,1554.1,43.291,1556.17,1554.0,0.0003265400,0.0000062500,679.3,0.3
2026-09-14T08:42:28.516+00:00,ASTER,ENTROPY,7.1370,0.3370,1555.81,2.7,1554.7,0.7864,1556.17,1554.4,0.0003265400,0.0000020998,679.4,0.4
2026-09-14T08:42:28.535+00:00,ASTER,HL,9.3250,2.5250,1555.55,4.66,1554.1,43.291,1556.17,1554.0,0.0003265400,0.0000062500,0.2,20.2
2026-09-14T08:42:28.547+00:00,ASTER,HL,9.3250,2.5250,1555.55,4.66,1554.1,43.291,1556.16,1554.0,0.0003265400,0.0000062500,0.1,31.8
2026-09-14T08:42:28.605+00:00,ASTER,HL,9.3250,2.5250,1555.55,2.33,1554.1,43.291,1556.16,1554.0,0.0003265400,0.0000062500,0.2,89.8
2026-09-14T08:42:28.605+00:00,ASTER,HL,8.5535,1.7535,1555.43,0.01,1554.1,43.291,1556.16,1554.0,0.0003265400,0.0000062500,0.3,90.0
2026-09-14T08:42:28.625+00:00,ASTER,HL,8.5536,1.7536,1555.43,0.01,1554.1,43.291,1556.07,1554.0,0.0003265400,0.0000062500,0.1,109.4
2026-09-14T08:42:28.625+00:00,ASTER,HL,8.6179,1.8179,1555.44,1.74,1554.1,43.291,1556.07,1554.0,0.0003265400,0.0000062500,0.1,109.5
2026-09-14T08:42:28.625+00:00,ASTER,HL,8.6179,1.8179,1555.44,1.74,1554.1,43.291,1556.07,1554.0,0.0003265400,0.0000062500,0.2,109.5
2026-09-14T08:42:28.625+00:00,ASTER,HL,8.6179,1.8179,1555.44,1.74,1554.1,43.291,1556.07,1554.0,0.0003265400,0.0000062500,0.2,109.5
2026-09-14T08:42:28.625+00:00,ASTER,HL,8.6179,1.8179,1555.44,3.49,1554.1,43.291,1556.07,1554.0,0.0003265400,0.0000062500,0.2,109.5
2026-09-14T08:42:28.625+00:00,ASTER,HL,8.6179,1.8179,1555.44,3.49,1554.1,43.291,1556.07,1554.0,0.0003265400,0.0000062500,0.2,109.5
2026-09-14T08:42:28.696+00:00,ASTER,HL,8.6179,1.8179,1555.44,3.49,1554.1,43.291,1556.06,1554.0,0.0003265400,0.0000062500,0.1,181.0
2026-09-14T08:42:28.696+00:00,ASTER,HL,10.0967,3.2967,1555.67,2.7,1554.1,43.291,1556.06,1554.0,0.0003265400,0.0000062500,0.2,181.1
2026-09-14T08:42:28.696+00:00,ASTER,ENTROPY,7.5234,0.7234,1555.67,2.7,1554.5,0.2998,1556.06,1554.4,0.0003265400,0.0000020998,0.2,41.8
2026-09-14T08:42:28.754+00:00,ASTER,HL,10.0967,3.2967,1555.67,2.7,1554.1,43.291,1556.06,1554.0,0.0003265400,0.0000062500,58.0,0.2
2026-09-14T08:42:28.794+00:00,ASTER,HL,8.6179,1.8179,1555.44,3.49,1554.1,43.291,1556.06,1554.0,0.0003265400,0.0000062500,0.6,40.7
2026-09-14T08:42:28.800+00:00,ASTER,HL,10.2253,3.4253,1555.69,2.7,1554.1,43.291,1556.06,1554.0,0.0003265400,0.0000062500,0.1,45.9
2026-09-14T08:42:28.800+00:00,ASTER,ENTROPY,7.6519,0.8519,1555.69,2.7,1554.5,0.2998,1556.06,1554.4,0.0003265400,0.0000020998,0.1,145.4
2026-09-14T08:42:28.840+00:00,ASTER,HL,10.2253,3.4253,1555.69,2.7,1554.1,43.291,1556.07,1554.0,0.0003265400,0.0000062500,0.1,85.7
2026-09-14T08:42:28.840+00:00,ASTER,ENTROPY,7.6519,0.8519,1555.69,2.7,1554.5,0.2998,1556.07,1554.4,0.0003265400,0.0000020998,0.1,185.2
2026-09-14T08:42:28.894+00:00,ASTER,HL,10.2253,3.4253,1555.69,2.7,1554.1,43.291,1556.05,1554.0,0.0003265400,0.0000062500,0.2,140.2
2026-09-14T08:42:28.894+00:00,ASTER,ENTROPY,7.6519,0.8519,1555.69,2.7,1554.5,0.2998,1556.05,1554.4,0.0003265400,0.0000020998,0.2,239.7
2026-09-14T08:42:28.924+00:00,ASTER,HL,10.2255,3.4255,1555.69,2.7,1554.1,44.049,1556.05,1553.9,0.0003265400,0.0000062500,29.3,0.1
2026-09-14T08:42:28.943+00:00,ASTER,HL,10.2255,3.4255,1555.69,2.7,1554.1,44.049,1556.07,1553.9,0.0003265400,0.0000062500,0.1,19.8
2026-09-14T08:42:28.943+00:00,ASTER,ENTROPY,7.6519,0.8519,1555.69,2.7,1554.5,0.2998,1556.07,1554.4,0.0003265400,0.0000020998,0.1,288.5
2026-09-14T08:42:28.998+00:00,ASTER,HL,10.8688,4.0688,1555.69,2.7,1554.0,21.091,1556.07,1553.9,0.0003265400,0.0000062500,54.6,0.5
2026-09-14T08:42:29.024+00:00,ASTER,ENTROPY,7.6519,0.8519,1555.69,2.7,1554.5,0.6684,1556.07,1554.4,0.0003265400,0.0000020998,80.5,0.1
2026-09-14T08:42:29.064+00:00,ASTER,HL,10.8688,4.0688,1555.69,2.7,1554.0,21.914,1556.07,1553.9,0.0003265400,0.0000062500,120.8,0.2
2026-09-14T08:42:29.124+00:00,ASTER,HL,10.8688,4.0688,1555.69,2.7,1554.0,2.29,1556.07,1553.9,0.0003265400,0.0000062500,181.5,0.2
2026-09-14T08:42:29.187+00:00,ASTER,HL,9.2613,2.4613,1555.44,3.49,1554.0,2.29,1556.07,1553.9,0.0003265400,0.0000062500,0.2,63.0
2026-09-14T08:42:29.203+00:00,ASTER,HL,10.9331,4.1331,1555.7,2.7,1554.0,2.29,1556.07,1553.9,0.0003265400,0.0000062500,0.2,79.5
2026-09-14T08:42:29.203+00:00,ASTER,ENTROPY,7.7162,0.9162,1555.7,2.7,1554.5,0.6684,1556.07,1554.4,0.0003265400,0.0000020998,0.2,180.5
2026-09-14T08:42:29.251+00:00,ASTER,HL,10.9331,4.1331,1555.7,2.7,1554.0,2.29,1556.06,1553.9,0.0003265400,0.0000062500,0.1,126.4
2026-09-14T08:42:29.251+00:00,ASTER,ENTROPY,7.7162,0.9162,1555.7,2.7,1554.5,0.6684,1556.06,1554.4,0.0003265400,0.0000020998,0.1,227.4
2026-09-14T08:42:29.289+00:00,ASTER,HL,10.9331,4.1331,1555.7,2.7,1554.0,2.29,1556.07,1553.9,0.0003265400,0.0000062500,0.2,164.6
2026-09-14T08:42:29.289+00:00,ASTER,ENTROPY,7.7162,0.9162,1555.7,2.7,1554.5,0.6684,1556.07,1554.4,0.0003265400,0.0000020998,0.2,265.6
2026-09-14T08:42:29.297+00:00,ASTER,HL,9.2613,2.4613,1555.44,3.49,1554.0,2.29,1556.07,1553.9,0.0003265400,0.0000062500,0.1,172.4
2026-09-14T08:42:29.300+00:00,ASTER,HL,11.0616,4.2616,1555.72,2.7,1554.0,2.29,1556.07,1553.9,0.0003265400,0.0000062500,0.1,175.4
2026-09-14T08:42:29.300+00:00,ASTER,ENTROPY,7.8448,1.0448,1555.72,2.7,1554.5,0.6684,1556.07,1554.4,0.0003265400,0.0000020998,0.1,276.4
2026-09-14T08:42:29.345+00:00,ASTER,HL,11.0616,4.2616,1555.72,2.7,1554.0,2.29,1556.07,1553.9,0.0003265400,0.0000062500,0.1,220.7
2026-09-14T08:42:29.345+00:00,ASTER,ENTROPY,7.8448,1.0448,1555.72,2.7,1554.5,0.6684,1556.07,1554.4,0.0003265400,0.0000020998,0.1,321.7
2026-09-14T08:42:29.345+00:00,ASTER,HL,11.0616,4.2616,1555.72,2.7,1554.0,2.29,1556.07,1553.9,0.0003265400,0.0000062500,0.1,220.8
2026-09-14T08:42:29.345+00:00,ASTER,ENTROPY,7.8448,1.0448,1555.72,2.7,1554.5,0.6684,1556.07,1554.4,0.0003265400,0.0000020998,0.1,321.7
2026-09-14T08:42:29.358+00:00,ASTER,HL,11.0616,4.2616,1555.72,2.7,1554.0,2.29,1556.07,1553.9,0.0003265400,0.0000062500,13.0,0.1
2026-09-14T08:42:29.387+00:00,ASTER,HL,9.2613,2.4613,1555.44,3.49,1554.0,2.29,1556.07,1553.9,0.0003265400,0.0000062500,0.1,28.8
2026-09-14T08:42:29.397+00:00,ASTER,HL,11.2545,4.4545,1555.75,2.7,1554.0,2.29,1556.07,1553.9,0.0003265400,0.0000062500,0.1,38.6
2026-09-14T08:42:29.397+00:00,ASTER,ENTROPY,8.0377,1.2377,1555.75,2.7,1554.5,0.6684,1556.07,1554.4,0.0003265400,0.0000020998,0.1,373.0
2026-09-14T08:42:29.424+00:00,ASTER,HL,11.2545,4.4545,1555.75,2.7,1554.0,22.561,1556.07,1553.9,0.0003265400,0.0000062500,27.4,0.1
2026-09-14T08:42:29.460+00:00,ASTER,HL,11.2545,4.4545,1555.75,2.7,1554.0,20.915,1556.07,1553.9,0.0003265400,0.0000062500,63.5,0.1
2026-09-14T08:42:29.501+00:00,ASTER,HL,11.2545,4.4545,1555.75,2.7,1554.0,20.915,1556.07,1553.9,0.0003265400,0.0000062500,0.2,41.0
2026-09-14T08:42:29.501+00:00,ASTER,ENTROPY,8.0377,1.2377,1555.75,2.7,1554.5,0.6684,1556.07,1554.4,0.0003265400,0.0000020998,0.2,477.2
2026-09-14T08:42:29.501+00:00,ASTER,HL,11.2543,4.4543,1555.75,2.7,1554.0,20.915,1556.17,1553.9,0.0003265400,0.0000062500,0.3,41.2
2026-09-14T08:42:29.501+00:00,ASTER,ENTROPY,8.0375,1.2375,1555.75,2.7,1554.5,0.6684,1556.17,1554.4,0.0003265400,0.0000020998,0.3,477.4
2026-09-14T08:42:29.501+00:00,ASTER,HL,11.2545,4.4545,1555.75,2.7,1554.0,20.915,1556.11,1553.9,0.0003265400,0.0000062500,0.3,41.2
2026-09-14T08:42:29.501+00:00,ASTER,ENTROPY,8.0376,1.2376,1555.75,2.7,1554.5,0.6684,1556.11,1554.4,0.0003265400,0.0000020998,0.3,477.5
2026-09-14T08:42:29.542+00:00,ASTER,HL,9.5185,2.7185,1555.48,22.34,1554.0,20.915,1556.11,1553.9,0.0003265400,0.0000062500,0.1,82.2
2026-09-14T08:42:29.548+00:00,ASTER,HL,9.5185,2.7185,1555.48,28.29,1554.0,20.915,1556.11,1553.9,0.0003265400,0.0000062500,0.1,88.5
2026-09-14T08:42:29.548+00:00,ASTER,HL,9.5185,2.7185,1555.48,28.29,1554.0,20.915,1556.11,1553.9,0.0003265400,0.0000062500,0.1,88.6
2026-09-14T08:42:29.548+00:00,ASTER,HL,9.5185,2.7185,1555.48,44.68,1554.0,20.915,1556.11,1553.9,0.0003265400,0.0000062500,0.2,88.6
2026-09-14T08:42:29.554+00:00,ASTER,HL,11.5116,4.7116,1555.79,2.7,1554.0,20.915,1556.11,1553.9,0.0003265400,0.0000062500,0.1,94.1
2026-09-14T08:42:29.554+00:00,ASTER,ENTROPY,8.2948,1.4948,1555.79,2.7,1554.5,0.6684,1556.11,1554.4,0.0003265400,0.0000020998,0.1,530.4
2026-09-14T08:42:29.604+00:00,ASTER,HL,11.5116,4.7116,1555.79,2.7,1554.0,20.915,1556.1,1553.9,0.0003265400,0.0000062500,0.5,145.0
2026-09-14T08:42:29.604+00:00,ASTER,ENTROPY,8.2948,1.4948,1555.79,2.7,1554.5,0.6684,1556.1,1554.4,0.0003265400,0.0000020998,0.5,581.2
2026-09-14T08:42:29.642+00:00,ASTER,HL,11.5116,4.7116,1555.79,2.7,1554.0,20.915,1556.11,1553.9,0.0003265400,0.0000062500,0.2,182.9
2026-09-14T08:42:29.642+00:00,ASTER,ENTROPY,8.2948,1.4948,1555.79,2.7,1554.5,0.6684,1556.11,1554.4,0.0003265400,0.0000020998,0.2,619.1
2026-09-14T08:42:29.662+00:00,ASTER,HL,11.5116,4.7116,1555.79,2.7,1554.0,20.271,1556.11,1553.9,0.0003265400,0.0000062500,20.0,0.2
2026-09-14T08:42:29.741+00:00,ASTER,ENTROPY,8.2948,1.4948,1555.79,2.7,1554.5,0.723,1556.11,1554.4,0.0003265400,0.0000020998,99.1,0.1
2026-09-14T08:42:30.239+00:00,ASTER,HL,9.5185,2.7185,1555.48,11.9,1554.0,20.271,1556.11,1553.9,0.0003265400,0.0000062500,0.2,576.6
2026-09-14T08:42:30.316+00:00,ASTER,HL,9.5185,2.7185,1555.48,5.95,1554.0,20.271,1556.11,1553.9,0.0003265400,0.0000062500,0.1,653.8
2026-09-14T08:42:30.316+00:00,ASTER,HL,9.5185,2.7185,1555.48,5.95,1554.0,20.271,1556.11,1553.9,0.0003265400,0.0000062500,0.2,653.9
2026-09-14T08:42:30.316+00:00,ASTER,HL,9.5184,2.7184,1555.48,5.95,1554.0,20.271,1556.16,1553.9,0.0003265400,0.0000062500,0.2,653.9
2026-09-14T08:42:30.316+00:00,ASTER,HL,8.9397,2.1397,1555.39,0.64,1554.0,20.271,1556.16,1553.9,0.0003265400,0.0000062500,0.2,653.9
2026-09-14T08:42:30.316+00:00,ASTER,HL,8.9397,2.1397,1555.39,0.64,1554.0,20.271,1556.17,1553.9,0.0003265400,0.0000062500,0.2,653.9
2026-09-14T08:42:30.316+00:00,ASTER,HL,8.9398,2.1398,1555.39,0.64,1554.0,20.271,1556.1,1553.9,0.0003265400,0.0000062500,0.3,654.0
2026-09-14T08:42:30.376+00:00,ASTER,HL,9.8400,3.0400,1555.53,2.7,1554.0,20.271,1556.1,1553.9,0.0003265400,0.0000062500,0.1,713.4
2026-09-14T08:42:30.376+00:00,ASTER,HL,9.8402,3.0402,1555.53,2.7,1554.0,20.271,1555.95,1553.9,0.0003265400,0.0000062500,0.2,713.5
2026-09-14T08:42:30.376+00:00,ASTER,HL,9.8402,3.0402,1555.53,2.7,1554.0,20.271,1555.95,1553.9,0.0003265400,0.0000062500,0.2,713.5
2026-09-14T08:42:30.376+00:00,ASTER,HL,9.8402,3.0402,1555.53,2.7,1554.0,20.271,1555.95,1553.9,0.0003265400,0.0000062500,0.2,713.5
2026-09-14T08:42:30.376+00:00,ASTER,HL,9.8402,3.0402,1555.53,2.7,1554.0,20.271,1555.95,1553.9,0.0003265400,0.0000062500,0.2,713.6
2026-09-14T08:42:30.402+00:00,ASTER,HL,8.9400,2.1400,1555.39,0.64,1554.0,20.271,1555.95,1553.9,0.0003265400,0.0000062500,0.1,740.0
2026-09-14T08:42:30.402+00:00,ASTER,HL,8.9400,2.1400,1555.39,0.64,1554.0,20.271,1555.95,1553.9,0.0003265400,0.0000062500,0.2,740.2
2026-09-14T08:42:30.402+00:00,ASTER,HL,8.9400,2.1400,1555.39,0.64,1554.0,20.271,1555.95,1553.9,0.0003265400,0.0000062500,0.3,740.2
2026-09-14T08:42:30.402+00:00,ASTER,HL,8.9400,2.1400,1555.39,0.64,1554.0,20.271,1555.95,1553.9,0.0003265400,0.0000062500,0.3,740.3
2026-09-14T08:42:30.402+00:00,ASTER,HL,8.9398,2.1398,1555.39,0.64,1554.0,20.271,1556.1,1553.9,0.0003265400,0.0000062500,0.3,740.3
2026-09-14T08:42:30.425+00:00,ASTER,HL,7.7827,0.9827,1555.21,1.28,1554.0,20.271,1555.84,1553.9,0.0003265400,0.0000062500,0.1,762.8
2026-09-14T08:42:30.425+00:00,ASTER,HL,7.7827,0.9827,1555.21,1.28,1554.0,20.271,1555.84,1553.9,0.0003265400,0.0000062500,0.1,762.9
2026-09-14T08:42:30.425+00:00,ASTER,HL,7.7827,0.9827,1555.21,17.67,1554.0,20.271,1555.84,1553.9,0.0003265400,0.0000062500,0.2,762.9
2026-09-14T08:42:30.425+00:00,ASTER,HL,7.7827,0.9827,1555.21,17.67,1554.0,20.271,1555.84,1553.9,0.0003265400,0.0000062500,0.2,762.9
2026-09-14T08:42:30.425+00:00,ASTER,HL,7.7827,0.9827,1555.21,18.95,1554.0,20.271,1555.84,1553.9,0.0003265400,0.0000062500,0.2,762.9
2026-09-14T08:42:30.425+00:00,ASTER,HL,7.7827,0.9827,1555.21,18.95,1554.0,20.271,1555.84,1553.9,0.0003265400,0.0000062500,0.2,763.0
2026-09-14T08:42:30.425+00:00,ASTER,HL,7.7827,0.9827,1555.21,35.34,1554.0,20.271,1555.84,1553.9,0.0003265400,0.0000062500,0.2,763.0
2026-09-14T08:42:30.456+00:00,ASTER,HL,7.7827,0.9827,1555.21,35.34,1554.0,20.271,1555.84,1553.9,0.0003265400,0.0000062500,0.1,793.5
2026-09-14T08:42:30.456+00:00,ASTER,HL,7.7827,0.9827,1555.21,34.06,1554.0,20.271,1555.84,1553.9,0.0003265400,0.0000062500,0.1,793.6
2026-09-14T08:42:30.456+00:00,ASTER,HL,7.7827,0.9827,1555.21,34.06,1554.0,20.271,1555.84,1553.9,0.0003265400,0.0000062500,0.1,793.6
2026-09-14T08:42:30.456+00:00,ASTER,HL,7.7827,0.9827,1555.21,17.67,1554.0,20.271,1555.84,1553.9,0.0003265400,0.0000062500,0.2,793.6
2026-09-14T08:42:30.456+00:00,ASTER,HL,7.7827,0.9827,1555.21,17.67,1554.0,20.271,1555.84,1553.9,0.0003265400,0.0000062500,0.2,793.6
2026-09-14T08:42:30.456+00:00,ASTER,HL,7.7827,0.9827,1555.21,16.39,1554.0,20.271,1555.84,1553.9,0.0003265400,0.0000062500,0.2,793.7
2026-09-14T08:42:30.456+00:00,ASTER,HL,7.7826,0.9826,1555.21,16.39,1554.0,20.271,1555.92,1553.9,0.0003265400,0.0000062500,0.2,793.7
2026-09-14T08:42:30.469+00:00,ASTER,HL,7.2681,0.4681,1555.13,1.34,1554.0,20.271,1555.92,1553.9,0.0003265400,0.0000062500,0.1,806.7
2026-09-14T08:42:30.469+00:00,ASTER,HL,7.2683,0.4683,1555.13,1.34,1554.0,20.271,1555.76,1553.9,0.0003265400,0.0000062500,0.1,806.8
2026-09-14T08:42:30.469+00:00,ASTER,HL,7.2683,0.4683,1555.13,1.34,1554.0,20.271,1555.76,1553.9,0.0003265400,0.0000062500,0.1,806.8
2026-09-14T08:42:30.469+00:00,ASTER,HL,7.2683,0.4683,1555.13,1.34,1554.0,20.271,1555.76,1553.9,0.0003265400,0.0000062500,0.2,806.8
2026-09-14T08:42:30.469+00:00,ASTER,HL,7.2683,0.4683,1555.13,1.34,1554.0,20.271,1555.76,1553.9,0.0003265400,0.0000062500,0.2,806.9
2026-09-14T08:42:30.469+00:00,ASTER,HL,7.2683,0.4683,1555.13,2.68,1554.0,20.271,1555.76,1553.9,0.0003265400,0.0000062500,0.2,806.9
2026-09-14T08:42:30.499+00:00,ASTER,HL,8.6831,1.8831,1555.35,2.7,1554.0,20.271,1555.76,1553.9,0.0003265400,0.0000062500,0.2,836.9
2026-09-14T08:42:30.509+00:00,ASTER,HL,8.8117,2.0117,1555.37,2.7,1554.0,20.271,1555.76,1553.9,0.0003265400,0.0000062500,0.1,847.8
2026-09-14T08:42:30.559+00:00,ASTER,HL,8.6831,1.8831,1555.35,2.7,1554.0,20.271,1555.76,1553.9,0.0003265400,0.0000062500,1.0,897.0
2026-09-14T08:42:30.573+00:00,ASTER,HL,8.6831,1.8831,1555.35,2.7,1554.0,20.271,1555.76,1553.9,0.0003265400,0.0000062500,0.2,910.6
2026-09-14T08:42:30.573+00:00,ASTER,HL,8.6831,1.8831,1555.35,2.7,1554.0,20.271,1555.76,1553.9,0.0003265400,0.0000062500,0.2,910.7
2026-09-14T08:42:30.573+00:00,ASTER,HL,7.2683,0.4683,1555.13,1.34,1554.0,20.271,1555.76,1553.9,0.0003265400,0.0000062500,0.3,910.8
2026-09-14T08:42:30.573+00:00,ASTER,HL,7.2683,0.4683,1555.13,1.34,1554.0,20.271,1555.75,1553.9,0.0003265400,0.0000062500,0.3,910.8
2026-09-14T08:42:30.573+00:00,ASTER,HL,7.2684,0.4684,1555.13,1.34,1554.0,20.271,1555.66,1553.9,0.0003265400,0.0000062500,0.3,910.8
2026-09-14T08:42:30.573+00:00,ASTER,HL,9.0047,2.2047,1555.4,2.7,1554.0,20.271,1555.66,1553.9,0.0003265400,0.0000062500,0.3,910.8
2026-09-14T08:42:30.573+00:00,ASTER,HL,9.0047,2.2047,1555.4,2.7,1554.0,20.271,1555.65,1553.9,0.0003265400,0.0000062500,0.3,910.8
2026-09-14T08:42:30.591+00:00,ASTER,HL,9.0048,2.2048,1555.4,2.7,1554.0,20.271,1555.62,1553.9,0.0003265400,0.0000062500,0.1,928.9
2026-09-14T08:42:30.650+00:00,ASTER,HL,6.8183,0.0183,1555.06,0.64,1554.0,20.271,1555.62,1553.9,0.0003265400,0.0000062500,0.1,988.5
2026-09-14T08:42:30.656+00:00,ASTER,HL,6.8183,0.0183,1555.06,0.64,1554.0,20.271,1555.58,1553.9,0.0003265400,0.0000062500,0.1,994.2
2026-09-14T08:42:30.656+00:00,ASTER,HL,6.8183,0.0183,1555.06,0.64,1554.0,20.271,1555.58,1553.9,0.0003265400,0.0000062500,0.2,994.3
2026-09-14T08:42:30.691+00:00,ASTER,HL,6.8183,0.0183,1555.06,0.64,1554.0,20.271,1555.58,1553.9,0.0003265400,0.0000062500,0.1,1028.5
2026-09-14T08:42:30.707+00:00,ASTER,HL,6.8183,0.0183,1555.06,0.64,1554.0,20.271,1555.56,1553.9,0.0003265400,0.0000062500,0.1,1044.3
2026-09-14T08:42:30.747+00:00,ASTER,HL,6.8182,0.0182,1555.06,0.64,1554.0,20.271,1555.65,1553.9,0.0003265400,0.0000062500,0.1,1084.9
2026-09-14T08:42:30.751+00:00,ASTER,HL,6.8183,0.0183,1555.06,0.64,1554.0,20.271,1555.59,1553.9,0.0003265400,0.0000062500,0.1,1088.6
2026-09-14T08:42:30.756+00:00,ASTER,HL,6.8183,0.0183,1555.06,0.64,1554.0,20.271,1555.57,1553.9,0.0003265400,0.0000062500,0.1,1093.8
2026-09-14T08:42:30.771+00:00,ASTER,HL,6.8185,0.0185,1555.06,0.64,1554.0,20.271,1555.46,1553.9,0.0003265400,0.0000062500,0.1,1108.7
2026-09-14T08:42:30.771+00:00,ASTER,HL,6.8185,0.0185,1555.06,0.64,1554.0,20.271,1555.46,1553.9,0.0003265400,0.0000062500,0.1,1108.7
2026-09-14T08:42:30.771+00:00,ASTER,HL,7.0114,0.2114,1555.09,2.7,1554.0,20.271,1555.46,1553.9,0.0003265400,0.0000062500,0.1,1108.7
2026-09-14T08:42:30.772+00:00,ASTER,HL,7.0114,0.2114,1555.09,2.7,1554.0,20.271,1555.46,1553.9,0.0003265400,0.0000062500,1.1,1109.7
2026-09-14T08:42:30.772+00:00,ASTER,HL,7.0114,0.2114,1555.09,2.7,1554.0,20.271,1555.46,1553.9,0.0003265400,0.0000062500,1.2,1109.8
2026-09-14T08:42:30.797+00:00,ASTER,HL,7.6549,0.8549,1555.09,2.7,1553.9,47.341,1555.46,1553.8,0.0003265400,0.0000062500,25.9,0.3
2026-09-14T08:42:30.797+00:00,ASTER,HL,7.6550,0.8550,1555.09,2.7,1553.9,96.286,1555.46,1553.7,0.0003265400,0.0000062500,26.0,0.3
2026-09-14T08:42:30.808+00:00,ASTER,HL,8.2984,1.4984,1555.09,2.7,1553.8,42.832,1555.46,1553.7,0.0003265400,0.0000062500,38.2,0.2
2026-09-14T08:42:30.853+00:00,ASTER,HL,8.2984,1.4984,1555.09,2.7,1553.8,42.832,1555.45,1553.7,0.0003265400,0.0000062500,0.2,43.4
2026-09-14T08:42:30.883+00:00,ASTER,HL,8.1055,1.3055,1555.06,0.64,1553.8,42.832,1555.45,1553.7,0.0003265400,0.0000062500,0.3,74.2
2026-09-14T08:42:30.898+00:00,ASTER,HL,8.3628,1.5628,1555.1,2.7,1553.8,42.832,1555.45,1553.7,0.0003265400,0.0000062500,0.2,88.5
2026-09-14T08:42:31.084+00:00,ASTER,HL,8.3628,1.5628,1555.1,2.7,1553.8,127.673,1555.45,1553.7,0.0003265400,0.0000062500,186.9,0.2
2026-09-14T08:42:31.137+00:00,ASTER,HL,8.1055,1.3055,1555.06,0.64,1553.8,127.673,1555.45,1553.7,0.0003265400,0.0000062500,0.2,53.5
2026-09-14T08:42:31.143+00:00,ASTER,HL,8.1060,1.3060,1555.06,0.64,1553.8,170.326,1555.45,1553.3,0.0003265400,0.0000062500,5.5,0.2
2026-09-14T08:42:31.149+00:00,ASTER,HL,8.4276,1.6276,1555.11,2.7,1553.8,170.326,1555.45,1553.3,0.0003265400,0.0000062500,0.1,6.3
2026-09-14T08:42:31.153+00:00,ASTER,HL,11.0016,4.2016,1555.11,2.7,1553.4,77.538,1555.45,1553.3,0.0003265400,0.0000062500,4.7,0.2
2026-09-14T08:42:31.213+00:00,ASTER,HL,11.0016,4.2016,1555.11,2.7,1553.4,123.246,1555.45,1553.3,0.0003265400,0.0000062500,64.3,0.2
2026-09-14T08:42:31.507+00:00,ASTER,HL,11.0016,4.2016,1555.11,2.7,1553.4,57.67,1555.45,1553.3,0.0003265400,0.0000062500,358.3,0.2
2026-09-14T08:42:31.507+00:00,ASTER,ENTROPY,7.1404,0.3404,1555.11,2.7,1554.0,0.3236,1555.45,1553.6,0.0003265400,0.0000020998,358.5,0.4
2026-09-14T08:42:31.603+00:00,ASTER,HL,11.0016,4.2016,1555.11,2.7,1553.4,17.4,1555.45,1553.3,0.0003265400,0.0000062500,454.1,0.2
2026-09-14T08:42:31.603+00:00,ASTER,ENTROPY,7.7838,0.9838,1555.11,2.7,1553.9,0.2609,1555.45,1553.6,0.0003265400,0.0000020998,454.2,0.3
2026-09-14T08:42:31.603+00:00,ASTER,HL,11.0016,4.2016,1555.11,2.7,1553.4,26.895,1555.45,1553.3,0.0003265400,0.0000062500,454.2,0.3
2026-09-14T08:42:31.603+00:00,ASTER,ENTROPY,7.7840,0.9840,1555.11,2.7,1553.9,0.2609,1555.45,1553.4,0.0003265400,0.0000020998,454.2,0.3
2026-09-14T08:42:31.646+00:00,ASTER,ENTROPY,7.7840,0.9840,1555.11,2.7,1553.9,0.6438,1555.45,1553.4,0.0003265400,0.0000020998,497.5,0.1
2026-09-14T08:42:31.650+00:00,ASTER,HL,11.0016,4.2016,1555.11,2.7,1553.4,26.895,1555.44,1553.3,0.0003265400,0.0000062500,0.2,47.3
2026-09-14T08:42:31.650+00:00,ASTER,ENTROPY,7.7840,0.9840,1555.11,2.7,1553.9,0.6438,1555.44,1553.4,0.0003265400,0.0000020998,0.2,3.9
2026-09-14T08:42:31.650+00:00,ASTER,HL,11.0016,4.2016,1555.11,2.7,1553.4,26.895,1555.44,1553.3,0.0003265400,0.0000062500,0.3,47.5
2026-09-14T08:42:31.650+00:00,ASTER,ENTROPY,7.7840,0.9840,1555.11,2.7,1553.9,0.6438,1555.44,1553.4,0.0003265400,0.0000020998,0.3,4.0
2026-09-14T08:42:31.652+00:00,ASTER,HL,11.0018,4.2018,1555.11,2.7,1553.4,26.895,1555.38,1553.3,0.0003265400,0.0000062500,0.1,49.4
2026-09-14T08:42:31.652+00:00,ASTER,ENTROPY,7.7841,0.9841,1555.11,2.7,1553.9,0.6438,1555.38,1553.4,0.0003265400,0.0000020998,0.1,6.0
2026-09-14T08:42:31.699+00:00,ASTER,HL,11.0018,4.2018,1555.11,2.7,1553.4,26.895,1555.38,1553.3,0.0003265400,0.0000062500,0.1,96.0
2026-09-14T08:42:31.699+00:00,ASTER,ENTROPY,7.7841,0.9841,1555.11,2.7,1553.9,0.6438,1555.38,1553.4,0.0003265400,0.0000020998,0.1,52.6
2026-09-14T08:42:31.778+00:00,ASTER,HL,11.0018,4.2018,1555.11,2.7,1553.4,26.895,1555.38,1553.3,0.0003265400,0.0000062500,80.6,0.2
2026-09-14T08:42:31.779+00:00,ASTER,ENTROPY,7.7839,0.9839,1555.11,2.7,1553.9,0.6438,1555.38,1553.6,0.0003265400,0.0000020998,80.7,0.3
2026-09-14T08:42:31.787+00:00,ASTER,HL,11.0018,4.2018,1555.11,2.7,1553.4,27.861,1555.38,1553.3,0.0003265400,0.0000062500,89.2,0.1
2026-09-14T08:42:31.853+00:00,ASTER,HL,11.0018,4.2018,1555.11,2.7,1553.4,27.861,1555.38,1553.3,0.0003265400,0.0000062500,0.2,65.1
2026-09-14T08:42:31.853+00:00,ASTER,ENTROPY,7.7839,0.9839,1555.11,2.7,1553.9,0.6438,1555.38,1553.6,0.0003265400,0.0000020863,0.2,73.8
2026-09-14T08:42:31.853+00:00,ASTER,HL,11.0016,4.2016,1555.11,2.7,1553.4,27.861,1555.44,1553.3,0.0003265400,0.0000062500,0.3,65.2
2026-09-14T08:42:31.853+00:00,ASTER,ENTROPY,7.7838,0.9838,1555.11,2.7,1553.9,0.6438,1555.44,1553.6,0.0003265400,0.0000020863,0.3,73.9
2026-09-14T08:42:31.853+00:00,ASTER,HL,11.0016,4.2016,1555.11,2.7,1553.4,27.861,1555.45,1553.3,0.0003265400,0.0000062500,0.3,65.3
2026-09-14T08:42:31.853+00:00,ASTER,ENTROPY,7.7838,0.9838,1555.11,2.7,1553.9,0.6438,1555.45,1553.6,0.0003265400,0.0000020863,0.3,73.9
2026-09-14T08:42:31.883+00:00,ASTER,HL,11.0016,4.2016,1555.11,2.7,1553.4,27.779,1555.45,1553.3,0.0003265400,0.0000062500,29.9,0.2
2026-09-14T08:42:31.883+00:00,ASTER,ENTROPY,9.0708,2.2708,1555.11,2.7,1553.7,0.2089,1555.45,1553.5,0.0003265400,0.0000020863,30.0,0.3
2026-09-14T08:42:31.888+00:00,ASTER,HL,9.2006,2.4006,1554.83,52.56,1553.4,27.779,1555.45,1553.3,0.0003265400,0.0000062500,0.1,5.8
2026-09-14T08:42:31.888+00:00,ASTER,ENTROPY,7.2698,0.4698,1554.83,52.56,1553.7,0.2089,1555.45,1553.5,0.0003265400,0.0000020863,0.1,5.8
2026-09-14T08:42:31.888+00:00,ASTER,HL,9.2006,2.4006,1554.83,36.16,1553.4,27.779,1555.45,1553.3,0.0003265400,0.0000062500,0.2,6.0
2026-09-14T08:42:31.888+00:00,ASTER,ENTROPY,7.2698,0.4698,1554.83,36.16,1553.7,0.2089,1555.45,1553.5,0.0003265400,0.0000020863,0.2,5.9
2026-09-14T08:42:31.895+00:00,ASTER,HL,9.2006,2.4006,1554.83,19.76,1553.4,27.779,1555.45,1553.3,0.0003265400,0.0000062500,0.1,13.6
2026-09-14T08:42:31.895+00:00,ASTER,ENTROPY,7.2698,0.4698,1554.83,19.76,1553.7,0.2089,1555.45,1553.5,0.0003265400,0.0000020863,0.1,13.5
2026-09-14T08:42:31.918+00:00,ASTER,HL,9.2006,2.4006,1554.83,19.76,1553.4,28.544,1555.45,1553.3,0.0003265400,0.0000062500,22.2,0.2
2026-09-14T08:42:31.942+00:00,ASTER,HL,9.2006,2.4006,1554.83,9.88,1553.4,28.544,1555.45,1553.3,0.0003265400,0.0000062500,0.1,24.6
2026-09-14T08:42:31.942+00:00,ASTER,ENTROPY,7.2698,0.4698,1554.83,9.88,1553.7,0.2089,1555.45,1553.5,0.0003265400,0.0000020863,0.1,60.1
2026-09-14T08:42:31.942+00:00,ASTER,HL,9.1363,2.3363,1554.82,32.8,1553.4,28.544,1555.45,1553.3,0.0003265400,0.0000062500,0.1,24.7
2026-09-14T08:42:31.942+00:00,ASTER,ENTROPY,7.2055,0.4055,1554.82,32.8,1553.7,0.2089,1555.45,1553.5,0.0003265400,0.0000020863,0.1,60.2
2026-09-14T08:42:31.942+00:00,ASTER,HL,9.1363,2.3363,1554.82,16.4,1553.4,28.544,1555.45,1553.3,0.0003265400,0.0000062500,0.2,24.7
2026-09-14T08:42:31.942+00:00,ASTER,ENTROPY,7.2055,0.4055,1554.82,16.4,1553.7,0.2089,1555.45,1553.5,0.0003265400,0.0000020863,0.2,60.2
2026-09-14T08:42:31.942+00:00,ASTER,HL,8.3644,1.5644,1554.7,0.64,1553.4,28.544,1555.45,1553.3,0.0003265400,0.0000062500,0.2,24.8
2026-09-14T08:42:31.954+00:00,ASTER,HL,8.3644,1.5644,1554.7,0.64,1553.4,28.544,1555.43,1553.3,0.0003265400,0.0000062500,0.1,36.6
2026-09-14T08:42:31.965+00:00,ASTER,HL,8.4930,1.6930,1554.72,2.09,1553.4,28.544,1555.43,1553.3,0.0003265400,0.0000062500,0.6,47.6
2026-09-14T08:42:32.008+00:00,ASTER,HL,8.4932,1.6932,1554.72,2.09,1553.4,28.544,1555.35,1553.3,0.0003265400,0.0000062500,0.1,90.0
2026-09-14T08:42:32.008+00:00,ASTER,HL,8.4932,1.6932,1554.72,2.09,1553.4,28.544,1555.35,1553.3,0.0003265400,0.0000062500,0.2,90.0
2026-09-14T08:42:32.010+00:00,ASTER,HL,9.9083,3.1083,1554.94,2.7,1553.4,28.544,1555.35,1553.3,0.0003265400,0.0000062500,0.2,92.1
2026-09-14T08:42:32.010+00:00,ASTER,ENTROPY,7.9775,1.1775,1554.94,2.7,1553.7,0.2089,1555.35,1553.5,0.0003265400,0.0000020863,0.2,127.6
2026-09-14T08:42:32.011+00:00,ASTER,HL,9.9083,3.1083,1554.94,2.7,1553.4,28.544,1555.35,1553.3,0.0003265400,0.0000062500,0.9,92.9
2026-09-14T08:42:32.011+00:00,ASTER,ENTROPY,7.9775,1.1775,1554.94,2.7,1553.7,0.2089,1555.35,1553.5,0.0003265400,0.0000020863,0.9,128.4
2026-09-14T08:42:32.011+00:00,ASTER,HL,9.9083,3.1083,1554.94,2.7,1553.4,28.544,1555.35,1553.3,0.0003265400,0.0000062500,1.0,93.0
2026-09-14T08:42:32.011+00:00,ASTER,ENTROPY,7.9775,1.1775,1554.94,2.7,1553.7,0.2089,1555.35,1553.5,0.0003265400,0.0000020863,1.0,128.4
2026-09-14T08:42:32.107+00:00,ASTER,HL,9.9083,3.1083,1554.94,2.7,1553.4,28.544,1555.34,1553.3,0.0003265400,0.0000062500,0.1,190.4
2026-09-14T08:42:32.107+00:00,ASTER,ENTROPY,7.9775,1.1775,1554.94,2.7,1553.7,0.2089,1555.34,1553.5,0.0003265400,0.0000020863,0.1,225.8
2026-09-14T08:42:32.147+00:00,ASTER,HL,8.4932,1.6932,1554.72,3.45,1553.4,28.544,1555.34,1553.3,0.0003265400,0.0000062500,0.2,230.1
2026-09-14T08:42:32.157+00:00,ASTER,HL,9.9727,3.1727,1554.95,2.7,1553.4,28.544,1555.34,1553.3,0.0003265400,0.0000062500,0.1,239.7
2026-09-14T08:42:32.157+00:00,ASTER,ENTROPY,8.0418,1.2418,1554.95,2.7,1553.7,0.2089,1555.34,1553.5,0.0003265400,0.0000020863,0.1,275.1
2026-09-14T08:42:32.194+00:00,ASTER,HL,9.9727,3.1727,1554.95,2.7,1553.4,28.544,1555.35,1553.3,0.0003265400,0.0000062500,0.1,276.5
2026-09-14T08:42:32.194+00:00,ASTER,ENTROPY,8.0418,1.2418,1554.95,2.7,1553.7,0.2089,1555.35,1553.5,0.0003265400,0.0000020863,0.1,311.9
2026-09-14T08:42:32.260+00:00,ASTER,HL,9.9727,3.1727,1554.95,2.7,1553.4,28.544,1555.33,1553.3,0.0003265400,0.0000062500,0.1,342.1
2026-09-14T08:42:32.260+00:00,ASTER,ENTROPY,8.0418,1.2418,1554.95,2.7,1553.7,0.2089,1555.33,1553.5,0.0003265400,0.0000020863,0.1,377.6
2026-09-14T08:42:32.290+00:00,ASTER,HL,9.9727,3.1727,1554.95,2.7,1553.4,28.544,1555.35,1553.3,0.0003265400,0.0000062500,0.1,372.3
2026-09-14T08:42:32.290+00:00,ASTER,ENTROPY,8.0418,1.2418,1554.95,2.7,1553.7,0.2089,1555.35,1553.5,0.0003265400,0.0000020863,0.1,407.8
2026-09-14T08:42:32.310+00:00,ASTER,HL,8.4932,1.6932,1554.72,3.45,1553.4,28.544,1555.35,1553.3,0.0003265400,0.0000062500,0.1,392.1
2026-09-14T08:42:32.310+00:00,ASTER,HL,8.4932,1.6932,1554.72,3.45,1553.4,28.544,1555.35,1553.3,0.0003265400,0.0000062500,0.6,392.6
2026-09-14T08:42:32.310+00:00,ASTER,HL,8.4932,1.6932,1554.72,3.45,1553.4,28.544,1555.35,1553.3,0.0003265400,0.0000062500,0.6,392.7
2026-09-14T08:42:32.310+00:00,ASTER,HL,8.4932,1.6932,1554.72,3.45,1553.4,28.544,1555.35,1553.3,0.0003265400,0.0000062500,0.6,392.7
2026-09-14T08:42:32.310+00:00,ASTER,HL,8.4932,1.6932,1554.72,2.09,1553.4,28.544,1555.35,1553.3,0.0003265400,0.0000062500,0.7,392.7
2026-09-14T08:42:32.310+00:00,ASTER,HL,8.4930,1.6930,1554.72,2.09,1553.4,28.544,1555.45,1553.3,0.0003265400,0.0000062500,0.7,392.7
2026-09-14T08:42:32.310+00:00,ASTER,HL,8.3644,1.5644,1554.7,0.64,1553.4,28.544,1555.45,1553.3,0.0003265400,0.0000062500,0.7,392.7
2026-09-14T08:42:32.316+00:00,ASTER,HL,10.1655,3.3655,1554.98,2.7,1553.4,28.544,1555.45,1553.3,0.0003265400,0.0000062500,0.1,398.5
2026-09-14T08:42:32.316+00:00,ASTER,ENTROPY,8.2346,1.4346,1554.98,2.7,1553.7,0.2089,1555.45,1553.5,0.0003265400,0.0000020863,0.1,434.0
2026-09-14T08:42:32.316+00:00,ASTER,HL,10.3584,3.5584,1555.01,2.7,1553.4,28.544,1555.45,1553.3,0.0003265400,0.0000062500,0.1,398.6
2026-09-14T08:42:32.316+00:00,ASTER,ENTROPY,8.4276,1.6276,1555.01,2.7,1553.7,0.2089,1555.45,1553.5,0.0003265400,0.0000020863,0.1,434.0
2026-09-14T08:42:32.316+00:00,ASTER,HL,10.4871,3.6871,1555.03,2.7,1553.4,28.544,1555.45,1553.3,0.0003265400,0.0000062500,0.2,398.6
2026-09-14T08:42:32.316+00:00,ASTER,ENTROPY,8.5562,1.7562,1555.03,2.7,1553.7,0.2089,1555.45,1553.5,0.0003265400,0.0000020863,0.2,434.1
2026-09-14T08:42:32.319+00:00,ASTER,HL,10.4871,3.6871,1555.03,2.7,1553.4,28.544,1555.45,1553.3,0.0003265400,0.0000062500,0.1,401.4
2026-09-14T08:42:32.319+00:00,ASTER,ENTROPY,8.5562,1.7562,1555.03,2.7,1553.7,0.2089,1555.45,1553.5,0.0003265400,0.0000020863,0.1,436.9
2026-09-14T08:42:32.341+00:00,ASTER,HL,10.4871,3.6871,1555.03,2.7,1553.4,28.544,1555.45,1553.3,0.0003265400,0.0000062500,0.1,423.5
2026-09-14T08:42:32.341+00:00,ASTER,ENTROPY,8.5562,1.7562,1555.03,2.7,1553.7,0.2089,1555.45,1553.5,0.0003265400,0.0000020863,0.1,459.0
2026-09-14T08:42:32.354+00:00,ASTER,HL,10.4871,3.6871,1555.03,2.7,1553.4,28.544,1555.45,1553.3,0.0003265400,0.0000062500,13.3,0.2
2026-09-14T08:42:32.354+00:00,ASTER,HL,10.4871,3.6871,1555.03,2.7,1553.4,27.135,1555.45,1553.3,0.0003265400,0.0000062500,13.4,0.2
2026-09-14T08:42:32.354+00:00,ASTER,ENTROPY,7.2692,0.4692,1555.03,2.7,1553.9,0.6438,1555.45,1553.6,0.0003265400,0.0000020863,13.4,0.3
2026-09-14T08:42:32.395+00:00,ASTER,HL,10.3584,3.5584,1555.01,2.7,1553.4,27.135,1555.45,1553.3,0.0003265400,0.0000062500,0.1,41.1
2026-09-14T08:42:32.395+00:00,ASTER,ENTROPY,7.1406,0.3406,1555.01,2.7,1553.9,0.6438,1555.45,1553.6,0.0003265400,0.0000020863,0.1,41.1
2026-09-14T08:42:32.395+00:00,ASTER,HL,10.3584,3.5584,1555.01,2.7,1553.4,28.705,1555.45,1553.3,0.0003265400,0.0000062500,0.2,0.2
2026-09-14T08:42:32.395+00:00,ASTER,ENTROPY,8.4276,1.6276,1555.01,2.7,1553.7,0.1935,1555.45,1553.5,0.0003265400,0.0000020863,0.3,0.2
2026-09-14T08:42:32.401+00:00,ASTER,HL,9.2006,2.4006,1554.83,2.98,1553.4,28.705,1555.45,1553.3,0.0003265400,0.0000062500,0.1,6.1
2026-09-14T08:42:32.401+00:00,ASTER,ENTROPY,7.2698,0.4698,1554.83,2.98,1553.7,0.1935,1555.45,1553.5,0.0003265400,0.0000020863,0.1,6.1
2026-09-14T08:42:32.406+00:00,ASTER,HL,10.7444,3.9444,1555.07,2.7,1553.4,28.705,1555.45,1553.3,0.0003265400,0.0000062500,0.1,11.2
2026-09-14T08:42:32.406+00:00,ASTER,ENTROPY,8.8135,2.0135,1555.07,2.7,1553.7,0.1935,1555.45,1553.5,0.0003265400,0.0000020863,0.1,11.2
2026-09-14T08:42:32.460+00:00,ASTER,HL,10.7444,3.9444,1555.07,2.7,1553.4,28.705,1555.45,1553.3,0.0003265400,0.0000062500,54.7,0.1
2026-09-14T08:42:32.461+00:00,ASTER,ENTROPY,8.8137,2.0137,1555.07,2.7,1553.7,0.1935,1555.45,1553.4,0.0003265400,0.0000020863,54.8,0.2
2026-09-14T08:42:32.491+00:00,ASTER,HL,10.7444,3.9444,1555.07,2.7,1553.4,32.184,1555.45,1553.3,0.0003265400,0.0000062500,84.7,0.1
2026-09-14T08:42:32.564+00:00,ASTER,HL,10.7444,3.9444,1555.07,2.7,1553.4,32.184,1555.45,1553.3,0.0003265400,0.0000062500,158.2,0.2
2026-09-14T08:42:32.614+00:00,ASTER,ENTROPY,7.5268,0.7268,1555.07,2.7,1553.9,1.1443,1555.45,1553.4,0.0003265400,0.0000020863,208.1,0.2
2026-09-14T08:42:32.671+00:00,ASTER,HL,10.7444,3.9444,1555.07,2.7,1553.4,27.779,1555.45,1553.3,0.0003265400,0.0000062500,264.7,0.1
2026-09-14T08:42:32.671+00:00,ASTER,ENTROPY,7.5265,0.7265,1555.07,2.7,1553.9,0.2609,1555.45,1553.6,0.0003265400,0.0000020863,264.8,0.2
2026-09-14T08:42:32.918+00:00,ASTER,ENTROPY,7.5266,0.7266,1555.07,2.7,1553.9,0.2609,1555.45,1553.5,0.0003265400,0.0000020863,512.0,0.2
2026-09-14T08:42:32.938+00:00,ASTER,ENTROPY,8.1701,1.3701,1555.07,2.7,1553.8,0.2795,1555.45,1553.5,0.0003265400,0.0000020863,531.9,0.2
2026-09-14T08:42:33.200+00:00,ASTER,HL,10.7444,3.9444,1555.07,2.7,1553.4,47.779,1555.45,1553.3,0.0003265400,0.0000062500,793.8,0.4
2026-09-14T08:42:33.373+00:00,ASTER,ENTROPY,8.1701,1.3701,1555.07,2.7,1553.8,0.2795,1555.45,1553.5,0.0003265400,0.0000020863,966.8,0.3
2026-09-14T08:42:33.482+00:00,ASTER,ENTROPY,8.8135,2.0135,1555.07,2.7,1553.7,0.0469,1555.45,1553.5,0.0003265400,0.0000020863,1075.7,0.3
2026-09-14T08:42:33.688+00:00,ASTER,HL,10.7444,3.9444,1555.07,2.7,1553.4,47.779,1555.45,1553.3,0.0003265400,0.0000062500,1281.8,0.3
2026-09-14T08:42:33.688+00:00,ASTER,ENTROPY,8.8135,2.0135,1555.07,2.7,1553.7,0.4381,1555.45,1553.5,0.0003265400,0.0000020863,1282.2,0.7
2026-09-14T08:42:33.883+00:00,ASTER,ENTROPY,9.4570,2.6570,1555.07,2.7,1553.6,0.0128,1555.45,1553.5,0.0003265400,0.0000020863,1477.3,0.3
2026-09-14T08:42:34.542+00:00,ASTER,HL,9.2006,2.4006,1554.83,5.96,1553.4,47.779,1555.45,1553.3,0.0003265400,0.0000062500,0.1,854.4
2026-09-14T08:42:34.542+00:00,ASTER,ENTROPY,7.9133,1.1133,1554.83,5.96,1553.6,0.0128,1555.45,1553.5,0.0003265400,0.0000020863,0.1,658.8
2026-09-14T08:42:34.548+00:00,ASTER,HL,9.2006,2.4006,1554.83,2.98,1553.4,47.779,1555.45,1553.3,0.0003265400,0.0000062500,0.1,860.3
2026-09-14T08:42:34.548+00:00,ASTER,ENTROPY,7.9133,1.1133,1554.83,2.98,1553.6,0.0128,1555.45,1553.5,0.0003265400,0.0000020863,0.1,664.7
2026-09-14T08:42:34.548+00:00,ASTER,HL,8.5573,1.7573,1554.73,0.04,1553.4,47.779,1555.45,1553.3,0.0003265400,0.0000062500,0.2,860.4
2026-09-14T08:42:34.548+00:00,ASTER,ENTROPY,7.2701,0.4701,1554.73,0.04,1553.6,0.0128,1555.45,1553.5,0.0003265400,0.0000020863,0.2,664.8
2026-09-14T08:42:34.548+00:00,ASTER,HL,8.5574,1.7574,1554.73,0.04,1553.4,47.779,1555.44,1553.3,0.0003265400,0.0000062500,0.2,860.5
2026-09-14T08:42:34.548+00:00,ASTER,ENTROPY,7.2701,0.4701,1554.73,0.04,1553.6,0.0128,1555.44,1553.5,0.0003265400,0.0000020863,0.2,664.9
2026-09-14T08:42:34.549+00:00,ASTER,HL,8.5575,1.7575,1554.73,0.04,1553.4,47.779,1555.31,1553.3,0.0003265400,0.0000062500,0.3,860.5
2026-09-14T08:42:34.549+00:00,ASTER,ENTROPY,7.2702,0.4702,1554.73,0.04,1553.6,0.0128,1555.31,1553.5,0.0003265400,0.0000020863,0.3,665.0
2026-09-14T08:42:34.549+00:00,ASTER,HL,8.5575,1.7575,1554.73,0.04,1553.4,47.779,1555.31,1553.3,0.0003265400,0.0000062500,0.3,860.6
2026-09-14T08:42:34.549+00:00,ASTER,ENTROPY,7.2702,0.4702,1554.73,0.04,1553.6,0.0128,1555.31,1553.5,0.0003265400,0.0000020863,0.3,665.0
2026-09-14T08:42:34.549+00:00,ASTER,HL,8.5575,1.7575,1554.73,0.04,1553.4,47.779,1555.31,1553.3,0.0003265400,0.0000062500,0.4,860.6
2026-09-14T08:42:34.549+00:00,ASTER,ENTROPY,7.2702,0.4702,1554.73,0.04,1553.6,0.0128,1555.31,1553.5,0.0003265400,0.0000020863,0.4,665.0
2026-09-14T08:42:34.549+00:00,ASTER,HL,8.5575,1.7575,1554.73,0.04,1553.4,47.779,1555.31,1553.3,0.0003265400,0.0000062500,0.4,860.6
2026-09-14T08:42:34.549+00:00,ASTER,ENTROPY,7.2702,0.4702,1554.73,0.04,1553.6,0.0128,1555.31,1553.5,0.0003265400,0.0000020863,0.4,665.0
2026-09-14T08:42:34.658+00:00,ASTER,HL,8.5576,1.7576,1554.73,0.04,1553.4,47.779,1555.3,1553.3,0.0003265400,0.0000062500,0.1,970.3
2026-09-14T08:42:34.658+00:00,ASTER,ENTROPY,7.2702,0.4702,1554.73,0.04,1553.6,0.0128,1555.3,1553.5,0.0003265400,0.0000020863,0.1,774.7
2026-09-14T08:42:34.658+00:00,ASTER,HL,9.9727,3.1727,1554.95,2.7,1553.4,47.779,1555.3,1553.3,0.0003265400,0.0000062500,0.3,970.5
2026-09-14T08:42:34.658+00:00,ASTER,ENTROPY,8.6854,1.8854,1554.95,2.7,1553.6,0.0128,1555.3,1553.5,0.0003265400,0.0000020863,0.3,774.9
2026-09-14T08:42:34.755+00:00,ASTER,ENTROPY,8.6854,1.8854,1554.95,2.7,1553.6,0.0128,1555.3,1553.5,0.0003265400,0.0000020863,97.9,0.1
2026-09-14T08:42:34.808+00:00,ASTER,HL,9.9727,3.1727,1554.95,2.7,1553.4,47.779,1555.3,1553.3,0.0003265400,0.0000062500,150.2,0.1
2026-09-14T08:42:34.896+00:00,ASTER,HL,9.9727,3.1727,1554.95,2.7,1553.4,52.258,1555.3,1553.3,0.0003265400,0.0000062500,237.9,0.2
2026-09-14T08:42:34.896+00:00,ASTER,ENTROPY,8.6857,1.8857,1554.95,2.7,1553.6,0.1848,1555.3,1553.3,0.0003265400,0.0000020863,238.1,0.3
2026-09-14T08:42:35.067+00:00,ASTER,HL,9.9727,3.1727,1554.95,2.7,1553.4,52.258,1555.3,1553.3,0.0003265400,0.0000062500,409.1,0.2
2026-09-14T08:42:35.067+00:00,ASTER,ENTROPY,8.6857,1.8857,1554.95,2.7,1553.6,0.1925,1555.3,1553.3,0.0003265400,0.0000020863,409.2,0.3
2026-09-14T08:42:35.281+00:00,ASTER,HL,9.9727,3.1727,1554.95,2.7,1553.4,52.924,1555.3,1553.3,0.0003265400,0.0000062500,623.0,0.3
2026-09-14T08:42:35.336+00:00,ASTER,ENTROPY,8.6857,1.8857,1554.95,2.7,1553.6,0.1925,1555.3,1553.3,0.0003265400,0.0000020863,677.9,0.2
2026-09-14T08:42:35.404+00:00,ASTER,ENTROPY,8.6857,1.8857,1554.95,2.7,1553.6,0.2394,1555.3,1553.3,0.0003265400,0.0000020863,746.5,0.2
2026-09-14T08:42:35.617+00:00,ASTER,HL,9.9729,3.1729,1554.95,2.7,1553.4,52.924,1555.3,1553.2,0.0003265400,0.0000062500,959.7,0.2
2026-09-14T08:42:35.674+00:00,ASTER,HL,10.6165,3.8165,1554.95,2.7,1553.3,6.939,1555.3,1553.2,0.0003265400,0.0000062500,1016.4,0.1
2026-09-14T08:42:35.674+00:00,ASTER,ENTROPY,9.3292,2.5292,1554.95,2.7,1553.5,0.3686,1555.3,1553.3,0.0003265400,0.0000020863,1016.6,0.2
2026-09-14T08:42:35.739+00:00,ASTER,HL,9.2013,2.4013,1554.73,0.04,1553.3,6.939,1555.3,1553.2,0.0003265400,0.0000062500,0.2,64.6
2026-09-14T08:42:35.739+00:00,ASTER,ENTROPY,7.9140,1.1140,1554.73,0.04,1553.5,0.3686,1555.3,1553.3,0.0003265400,0.0000020863,0.2,64.5
2026-09-14T08:42:35.797+00:00,ASTER,HL,10.6808,3.8808,1554.96,2.7,1553.3,6.939,1555.3,1553.2,0.0003265400,0.0000062500,0.1,123.5
2026-09-14T08:42:35.797+00:00,ASTER,ENTROPY,9.3935,2.5935,1554.96,2.7,1553.5,0.3686,1555.3,1553.3,0.0003265400,0.0000020863,0.1,123.5
2026-09-14T08:42:36.027+00:00,ASTER,HL,10.6808,3.8808,1554.96,2.7,1553.3,30.927,1555.3,1553.2,0.0003265400,0.0000062500,228.8,0.3
2026-09-14T08:42:36.083+00:00,ASTER,HL,10.6808,3.8808,1554.96,2.7,1553.3,30.927,1555.3,1553.2,0.0003265400,0.0000062500,285.5,0.1
2026-09-14T08:42:36.083+00:00,ASTER,ENTROPY,8.7500,1.9500,1554.96,2.7,1553.6,0.2394,1555.3,1553.3,0.0003265400,0.0000020863,285.6,0.2
2026-09-14T08:42:36.263+00:00,ASTER,ENTROPY,8.7498,1.9498,1554.96,2.7,1553.6,0.2394,1555.3,1553.4,0.0003265400,0.0000020863,465.1,0.2
2026-09-14T08:42:36.618+00:00,ASTER,ENTROPY,8.7498,1.9498,1554.96,2.7,1553.6,0.2266,1555.3,1553.4,0.0003265400,0.0000020863,820.1,0.3
2026-09-14T08:42:36.897+00:00,ASTER,ENTROPY,9.3934,2.5934,1554.96,2.7,1553.5,0.4222,1555.3,1553.4,0.0003265400,0.0000020814,1099.1,0.2
2026-09-14T08:42:37.289+00:00,ASTER,HL,9.2013,2.4013,1554.73,0.04,1553.3,30.927,1555.3,1553.2,0.0003265400,0.0000062500,0.2,1206.1
2026-09-14T08:42:37.289+00:00,ASTER,ENTROPY,7.9139,1.1139,1554.73,0.04,1553.5,0.4222,1555.3,1553.4,0.0003265400,0.0000020814,0.2,392.6
2026-09-14T08:42:37.308+00:00,ASTER,HL,10.7451,3.9451,1554.97,2.7,1553.3,30.927,1555.3,1553.2,0.0003265400,0.0000062500,0.2,1225.2
2026-09-14T08:42:37.308+00:00,ASTER,ENTROPY,9.4577,2.6577,1554.97,2.7,1553.5,0.4222,1555.3,1553.4,0.0003265400,0.0000020814,0.2,411.8
2026-09-14T08:42:37.462+00:00,ASTER,ENTROPY,9.4577,2.6577,1554.97,2.7,1553.5,0.4222,1555.3,1553.4,0.0003265400,0.0000020814,153.8,0.2
2026-09-14T08:42:37.462+00:00,ASTER,HL,10.7451,3.9451,1554.97,2.7,1553.3,29.811,1555.3,1553.2,0.0003265400,0.0000062500,154.0,0.4
2026-09-14T08:42:37.562+00:00,ASTER,HL,10.7451,3.9451,1554.97,2.7,1553.3,28.845,1555.3,1553.2,0.0003265400,0.0000062500,253.9,0.2
2026-09-14T08:42:37.562+00:00,ASTER,ENTROPY,9.4577,2.6577,1554.97,2.7,1553.5,0.0546,1555.3,1553.4,0.0003265400,0.0000020814,254.0,0.3
2026-09-14T08:42:37.677+00:00,ASTER,ENTROPY,9.4577,2.6577,1554.97,2.7,1553.5,0.0546,1555.3,1553.4,0.0003265400,0.0000020814,369.3,0.2
2026-09-14T08:42:37.838+00:00,ASTER,HL,9.0083,2.2083,1554.7,0.64,1553.3,28.845,1555.3,1553.2,0.0003265400,0.0000062500,0.2,276.8
2026-09-14T08:42:37.838+00:00,ASTER,ENTROPY,7.7209,0.9209,1554.7,0.64,1553.5,0.0546,1555.3,1553.4,0.0003265400,0.0000020814,0.2,161.4
2026-09-14T08:42:37.950+00:00,ASTER,HL,9.0083,2.2083,1554.7,0.64,1553.3,28.845,1555.29,1553.2,0.0003265400,0.0000062500,0.2,389.2
2026-09-14T08:42:37.950+00:00,ASTER,ENTROPY,7.7209,0.9209,1554.7,0.64,1553.5,0.0546,1555.29,1553.4,0.0003265400,0.0000020814,0.2,273.8
2026-09-14T08:42:37.951+00:00,ASTER,HL,9.0084,2.2084,1554.7,0.64,1553.3,28.845,1555.25,1553.2,0.0003265400,0.0000062500,0.3,389.3
2026-09-14T08:42:37.951+00:00,ASTER,ENTROPY,7.7210,0.9210,1554.7,0.64,1553.5,0.0546,1555.25,1553.4,0.0003265400,0.0000020814,0.3,274.0
2026-09-14T08:42:37.951+00:00,ASTER,HL,9.0084,2.2084,1554.7,0.64,1553.3,28.845,1555.25,1553.2,0.0003265400,0.0000062500,0.4,389.4
2026-09-14T08:42:37.951+00:00,ASTER,ENTROPY,7.7210,0.9210,1554.7,0.64,1553.5,0.0546,1555.25,1553.4,0.0003265400,0.0000020814,0.4,274.0
2026-09-14T08:42:37.951+00:00,ASTER,HL,9.0084,2.2084,1554.7,0.64,1553.3,28.845,1555.25,1553.2,0.0003265400,0.0000062500,0.4,389.4
2026-09-14T08:42:37.951+00:00,ASTER,ENTROPY,7.7210,0.9210,1554.7,0.64,1553.5,0.0546,1555.25,1553.4,0.0003265400,0.0000020814,0.4,274.1
2026-09-14T08:42:37.951+00:00,ASTER,HL,9.0084,2.2084,1554.7,0.64,1553.3,28.845,1555.25,1553.2,0.0003265400,0.0000062500,0.4,389.4
2026-09-14T08:42:37.951+00:00,ASTER,ENTROPY,7.7210,0.9210,1554.7,0.64,1553.5,0.0546,1555.25,1553.4,0.0003265400,0.0000020814,0.4,274.1
2026-09-14T08:42:37.954+00:00,ASTER,HL,9.7803,2.9803,1554.82,2.7,1553.3,28.845,1555.25,1553.2,0.0003265400,0.0000062500,0.1,393.2
2026-09-14T08:42:37.954+00:00,ASTER,ENTROPY,8.4929,1.6929,1554.82,2.7,1553.5,0.0546,1555.25,1553.4,0.0003265400,0.0000020814,0.1,277.9
2026-09-14T08:42:38.038+00:00,ASTER,HL,9.7803,2.9803,1554.82,2.7,1553.3,28.845,1555.25,1553.2,0.0003265400,0.0000062500,0.1,476.6
2026-09-14T08:42:38.038+00:00,ASTER,ENTROPY,8.4929,1.6929,1554.82,2.7,1553.5,0.0546,1555.25,1553.4,0.0003265400,0.0000020814,0.1,361.3
2026-09-14T08:42:38.038+00:00,ASTER,HL,9.7803,2.9803,1554.82,2.7,1553.3,28.845,1555.25,1553.2,0.0003265400,0.0000062500,0.3,476.9
2026-09-14T08:42:38.038+00:00,ASTER,ENTROPY,8.4929,1.6929,1554.82,2.7,1553.5,0.0546,1555.25,1553.4,0.0003265400,0.0000020814,0.3,361.5
2026-09-14T08:42:38.038+00:00,ASTER,HL,9.0084,2.2084,1554.7,0.64,1553.3,28.845,1555.25,1553.2,0.0003265400,0.0000062500,0.5,477.0
2026-09-14T08:42:38.038+00:00,ASTER,ENTROPY,7.7210,0.9210,1554.7,0.64,1553.5,0.0546,1555.25,1553.4,0.0003265400,0.0000020814,0.5,361.7
2026-09-14T08:42:38.062+00:00,ASTER,HL,9.0084,2.2084,1554.7,0.64,1553.3,29.811,1555.25,1553.2,0.0003265400,0.0000062500,23.1,0.2
2026-09-14T08:42:38.062+00:00,ASTER,ENTROPY,7.7210,0.9210,1554.7,0.64,1553.5,0.2238,1555.25,1553.4,0.0003265400,0.0000020814,23.2,0.3
2026-09-14T08:42:38.062+00:00,ASTER,HL,9.8446,3.0446,1554.83,2.7,1553.3,29.811,1555.25,1553.2,0.0003265400,0.0000062500,0.1,0.3
2026-09-14T08:42:38.062+00:00,ASTER,ENTROPY,8.5572,1.7572,1554.83,2.7,1553.5,0.2238,1555.25,1553.4,0.0003265400,0.0000020814,0.1,0.3
2026-09-14T08:42:38.099+00:00,ASTER,HL,9.8448,3.0448,1554.83,2.7,1553.3,50.719,1555.25,1553.1,0.0003265400,0.0000062500,36.6,0.2
2026-09-14T08:42:38.099+00:00,ASTER,ENTROPY,8.5572,1.7572,1554.83,2.7,1553.5,0.3864,1555.25,1553.4,0.0003265400,0.0000020814,36.8,0.3
2026-09-14T08:42:38.102+00:00,ASTER,HL,9.9735,3.1735,1554.85,2.7,1553.3,50.719,1555.25,1553.1,0.0003265400,0.0000062500,0.1,4.4
2026-09-14T08:42:38.102+00:00,ASTER,ENTROPY,8.6859,1.8859,1554.85,2.7,1553.5,0.3864,1555.25,1553.4,0.0003265400,0.0000020814,0.1,4.4
2026-09-14T08:42:38.142+00:00,ASTER,HL,9.8448,3.0448,1554.83,2.7,1553.3,50.719,1555.25,1553.1,0.0003265400,0.0000062500,0.2,44.2
2026-09-14T08:42:38.142+00:00,ASTER,ENTROPY,8.5572,1.7572,1554.83,2.7,1553.5,0.3864,1555.25,1553.4,0.0003265400,0.0000020814,0.2,44.2
2026-09-14T08:42:38.148+00:00,ASTER,HL,9.0085,2.2085,1554.7,0.64,1553.3,50.719,1555.25,1553.1,0.0003265400,0.0000062500,0.1,50.3
2026-09-14T08:42:38.148+00:00,ASTER,ENTROPY,7.7210,0.9210,1554.7,0.64,1553.5,0.3864,1555.25,1553.4,0.0003265400,0.0000020814,0.1,50.3
2026-09-14T08:42:38.166+00:00,ASTER,HL,10.0378,3.2378,1554.86,2.7,1553.3,50.719,1555.25,1553.1,0.0003265400,0.0000062500,0.1,67.9
2026-09-14T08:42:38.166+00:00,ASTER,ENTROPY,8.7502,1.9502,1554.86,2.7,1553.5,0.3864,1555.25,1553.4,0.0003265400,0.0000020814,0.1,67.8
2026-09-14T08:42:38.192+00:00,ASTER,HL,10.0379,3.2379,1554.86,2.7,1553.3,50.719,1555.25,1553.0,0.0003265400,0.0000062500,25.7,0.1
2026-09-14T08:42:38.192+00:00,ASTER,ENTROPY,8.7502,1.9502,1554.86,2.7,1553.5,0.3864,1555.25,1553.4,0.0003265400,0.0000020814,25.8,0.2
2026-09-14T08:42:38.414+00:00,ASTER,HL,11.3252,4.5252,1554.86,2.7,1553.1,6.939,1555.25,1553.0,0.0003265400,0.0000062500,248.4,0.3
2026-09-14T08:42:38.428+00:00,ASTER,HL,10.0379,3.2379,1554.86,2.7,1553.3,44.066,1555.25,1553.0,0.0003265400,0.0000062500,261.9,0.2
2026-09-14T08:42:38.494+00:00,ASTER,HL,9.0086,2.2086,1554.7,0.64,1553.3,44.066,1555.25,1553.0,0.0003265400,0.0000062500,0.2,66.1
2026-09-14T08:42:38.494+00:00,ASTER,ENTROPY,7.7210,0.9210,1554.7,0.64,1553.5,0.3864,1555.25,1553.4,0.0003265400,0.0000020814,0.2,302.2
2026-09-14T08:42:38.513+00:00,ASTER,HL,10.1666,3.3666,1554.88,2.7,1553.3,44.066,1555.25,1553.0,0.0003265400,0.0000062500,0.2,85.2
2026-09-14T08:42:38.513+00:00,ASTER,ENTROPY,8.8788,2.0788,1554.88,2.7,1553.5,0.3864,1555.25,1553.4,0.0003265400,0.0000020814,0.2,321.3
2026-09-14T08:42:38.545+00:00,ASTER,HL,9.0086,2.2086,1554.7,0.64,1553.3,44.066,1555.25,1553.0,0.0003265400,0.0000062500,0.1,118.1
2026-09-14T08:42:38.545+00:00,ASTER,ENTROPY,7.7210,0.9210,1554.7,0.64,1553.5,0.3864,1555.25,1553.4,0.0003265400,0.0000020814,0.1,354.2
2026-09-14T08:42:38.550+00:00,ASTER,HL,10.3596,3.5596,1554.91,2.7,1553.3,44.066,1555.25,1553.0,0.0003265400,0.0000062500,0.1,122.6
2026-09-14T08:42:38.550+00:00,ASTER,ENTROPY,9.0718,2.2718,1554.91,2.7,1553.5,0.3864,1555.25,1553.4,0.0003265400,0.0000020814,0.1,358.7
2026-09-14T08:42:38.554+00:00,ASTER,HL,11.0030,4.2030,1554.91,2.7,1553.2,0.644,1555.25,1553.1,0.0003265400,0.0000062500,4.2,0.5
2026-09-14T08:42:38.555+00:00,ASTER,ENTROPY,9.0718,2.2718,1554.91,2.7,1553.5,0.2366,1555.25,1553.4,0.0003265400,0.0000020814,4.3,0.6
2026-09-14T08:42:38.632+00:00,ASTER,HL,11.0030,4.2030,1554.91,2.7,1553.2,0.644,1555.25,1553.1,0.0003265400,0.0000062500,81.8,0.3
2026-09-14T08:42:38.650+00:00,ASTER,HL,9.6521,2.8521,1554.7,0.64,1553.2,0.644,1555.25,1553.1,0.0003265400,0.0000062500,0.2,18.9
2026-09-14T08:42:38.650+00:00,ASTER,ENTROPY,7.7210,0.9210,1554.7,0.64,1553.5,0.2366,1555.25,1553.4,0.0003265400,0.0000020814,0.2,96.8
2026-09-14T08:42:38.653+00:00,ASTER,HL,11.1317,4.3317,1554.93,2.7,1553.2,0.644,1555.25,1553.1,0.0003265400,0.0000062500,0.7,22.0
2026-09-14T08:42:38.653+00:00,ASTER,ENTROPY,9.2005,2.4005,1554.93,2.7,1553.5,0.2366,1555.25,1553.4,0.0003265400,0.0000020814,0.7,99.9
2026-09-14T08:42:38.720+00:00,ASTER,HL,11.1317,4.3317,1554.93,2.7,1553.2,1.61,1555.25,1553.1,0.0003265400,0.0000062500,67.1,0.2
2026-09-14T08:42:38.763+00:00,ASTER,HL,9.6521,2.8521,1554.7,0.64,1553.2,1.61,1555.25,1553.1,0.0003265400,0.0000062500,0.2,43.4
2026-09-14T08:42:38.763+00:00,ASTER,ENTROPY,7.7210,0.9210,1554.7,0.64,1553.5,0.2366,1555.25,1553.4,0.0003265400,0.0000020814,0.2,209.5
2026-09-14T08:42:38.763+00:00,ASTER,HL,9.6521,2.8521,1554.7,0.64,1553.2,1.61,1555.25,1553.1,0.0003265400,0.0000062500,0.3,43.5
2026-09-14T08:42:38.763+00:00,ASTER,ENTROPY,7.7210,0.9210,1554.7,0.64,1553.5,0.2366,1555.25,1553.4,0.0003265400,0.0000020814,0.3,209.7
2026-09-14T08:42:38.763+00:00,ASTER,HL,9.6520,2.8520,1554.7,0.64,1553.2,1.61,1555.3,1553.1,0.0003265400,0.0000062500,0.4,43.6
2026-09-14T08:42:38.763+00:00,ASTER,ENTROPY,7.7209,0.9209,1554.7,0.64,1553.5,0.2366,1555.3,1553.4,0.0003265400,0.0000020814,0.4,209.7
2026-09-14T08:42:38.763+00:00,ASTER,HL,11.2603,4.4603,1554.95,2.7,1553.2,1.61,1555.3,1553.1,0.0003265400,0.0000062500,0.4,43.6
2026-09-14T08:42:38.763+00:00,ASTER,ENTROPY,9.3290,2.5290,1554.95,2.7,1553.5,0.2366,1555.3,1553.4,0.0003265400,0.0000020814,0.4,209.8
2026-09-14T08:42:38.841+00:00,ASTER,HL,9.6520,2.8520,1554.7,0.64,1553.2,1.61,1555.3,1553.1,0.0003265400,0.0000062500,0.2,121.4
2026-09-14T08:42:38.841+00:00,ASTER,ENTROPY,7.7209,0.9209,1554.7,0.64,1553.5,0.2366,1555.3,1553.4,0.0003265400,0.0000020814,0.2,287.5
2026-09-14T08:42:38.847+00:00,ASTER,HL,11.4532,4.6532,1554.98,2.7,1553.2,1.61,1555.3,1553.1,0.0003265400,0.0000062500,0.2,128.0
2026-09-14T08:42:38.847+00:00,ASTER,ENTROPY,9.5220,2.7220,1554.98,2.7,1553.5,0.2366,1555.3,1553.4,0.0003265400,0.0000020814,0.2,294.1
2026-09-14T08:42:38.854+00:00,ASTER,HL,11.4532,4.6532,1554.98,2.7,1553.2,1.61,1555.3,1553.1,0.0003265400,0.0000062500,6.6,0.2
2026-09-14T08:42:38.854+00:00,ASTER,ENTROPY,9.5220,2.7220,1554.98,2.7,1553.5,0.0674,1555.3,1553.4,0.0003265400,0.0000020814,6.7,0.3
2026-09-14T08:42:38.911+00:00,ASTER,HL,11.4532,4.6532,1554.98,2.7,1553.2,0.966,1555.3,1553.1,0.0003265400,0.0000062500,63.8,0.2
2026-09-14T08:42:39.038+00:00,ASTER,HL,11.4532,4.6532,1554.98,2.7,1553.2,0.966,1555.3,1553.1,0.0003265400,0.0000062500,190.8,0.2
2026-09-14T08:42:39.093+00:00,ASTER,HL,10.8096,4.0096,1554.98,2.7,1553.3,61.692,1555.3,1553.1,0.0003265400,0.0000062500,245.6,0.2
2026-09-14T08:42:39.093+00:00,ASTER,ENTROPY,9.5220,2.7220,1554.98,2.7,1553.5,0.0674,1555.3,1553.4,0.0003265400,0.0000020814,245.7,0.2
2026-09-14T08:42:39.288+00:00,ASTER,HL,10.8096,4.0096,1554.98,2.7,1553.3,61.692,1555.3,1553.1,0.0003265400,0.0000062500,440.0,0.3
2026-09-14T08:42:39.448+00:00,ASTER,HL,9.0084,2.2084,1554.7,0.64,1553.3,61.692,1555.3,1553.1,0.0003265400,0.0000062500,0.2,161.6
2026-09-14T08:42:39.448+00:00,ASTER,ENTROPY,7.7209,0.9209,1554.7,0.64,1553.5,0.0674,1555.3,1553.4,0.0003265400,0.0000020814,0.2,355.9
2026-09-14T08:42:39.461+00:00,ASTER,HL,9.0084,2.2084,1554.7,0.64,1553.3,61.692,1555.3,1553.1,0.0003265400,0.0000062500,0.1,173.4
2026-09-14T08:42:39.461+00:00,ASTER,ENTROPY,7.7209,0.9209,1554.7,0.64,1553.5,0.0674,1555.3,1553.4,0.0003265400,0.0000020814,0.1,367.8
2026-09-14T08:42:39.461+00:00,ASTER,HL,9.0084,2.2084,1554.7,0.64,1553.3,61.692,1555.3,1553.1,0.0003265400,0.0000062500,0.2,173.5
2026-09-14T08:42:39.461+00:00,ASTER,ENTROPY,7.7209,0.9209,1554.7,0.64,1553.5,0.0674,1555.3,1553.4,0.0003265400,0.0000020814,0.2,367.9
2026-09-14T08:42:39.540+00:00,ASTER,HL,9.0084,2.2084,1554.7,0.64,1553.3,61.692,1555.3,1553.1,0.0003265400,0.0000062500,0.1,252.6
2026-09-14T08:42:39.540+00:00,ASTER,ENTROPY,7.7209,0.9209,1554.7,0.64,1553.5,0.0674,1555.3,1553.4,0.0003265400,0.0000020814,0.1,446.9
2026-09-14T08:42:39.540+00:00,ASTER,HL,9.0084,2.2084,1554.7,0.64,1553.3,61.692,1555.3,1553.1,0.0003265400,0.0000062500,0.2,252.7
2026-09-14T08:42:39.540+00:00,ASTER,ENTROPY,7.7209,0.9209,1554.7,0.64,1553.5,0.0674,1555.3,1553.4,0.0003265400,0.0000020814,0.2,447.0
2026-09-14T08:42:39.558+00:00,ASTER,HL,9.0083,2.2083,1554.7,0.64,1553.3,62.658,1555.3,1553.2,0.0003265400,0.0000062500,18.7,0.1
2026-09-14T08:42:39.600+00:00,ASTER,HL,9.0083,2.2083,1554.7,0.64,1553.3,62.658,1555.26,1553.2,0.0003265400,0.0000062500,0.1,41.8
2026-09-14T08:42:39.600+00:00,ASTER,ENTROPY,7.7209,0.9209,1554.7,0.64,1553.5,0.0674,1555.26,1553.4,0.0003265400,0.0000020814,0.1,507.2
2026-09-14T08:42:39.600+00:00,ASTER,HL,9.0083,2.2083,1554.7,0.64,1553.3,62.658,1555.26,1553.2,0.0003265400,0.0000062500,0.1,41.9
2026-09-14T08:42:39.600+00:00,ASTER,ENTROPY,7.7209,0.9209,1554.7,0.64,1553.5,0.0674,1555.26,1553.4,0.0003265400,0.0000020814,0.1,507.3
2026-09-14T08:42:39.600+00:00,ASTER,HL,10.0376,3.2376,1554.86,2.7,1553.3,62.658,1555.26,1553.2,0.0003265400,0.0000062500,0.2,42.0
2026-09-14T08:42:39.600+00:00,ASTER,ENTROPY,8.7502,1.9502,1554.86,2.7,1553.5,0.0674,1555.26,1553.4,0.0003265400,0.0000020814,0.2,507.4
2026-09-14T08:42:39.600+00:00,ASTER,HL,10.1663,3.3663,1554.88,2.7,1553.3,62.658,1555.26,1553.2,0.0003265400,0.0000062500,0.2,42.0
2026-09-14T08:42:39.600+00:00,ASTER,ENTROPY,8.8788,2.0788,1554.88,2.7,1553.5,0.0674,1555.26,1553.4,0.0003265400,0.0000020814,0.2,507.4
2026-09-14T08:42:39.606+00:00,ASTER,HL,10.4236,3.6236,1554.92,2.7,1553.3,62.658,1555.26,1553.2,0.0003265400,0.0000062500,0.1,47.5
2026-09-14T08:42:39.606+00:00,ASTER,ENTROPY,9.1361,2.3361,1554.92,2.7,1553.5,0.0674,1555.26,1553.4,0.0003265400,0.0000020814,0.1,512.9
2026-09-14T08:42:39.648+00:00,ASTER,HL,10.1663,3.3663,1554.88,2.7,1553.3,62.658,1555.26,1553.2,0.0003265400,0.0000062500,0.1,89.4
2026-09-14T08:42:39.648+00:00,ASTER,ENTROPY,8.8788,2.0788,1554.88,2.7,1553.5,0.0674,1555.26,1553.4,0.0003265400,0.0000020814,0.1,554.8
2026-09-14T08:42:39.648+00:00,ASTER,HL,9.0083,2.2083,1554.7,0.64,1553.3,62.658,1555.26,1553.2,0.0003265400,0.0000062500,0.2,89.5
2026-09-14T08:42:39.648+00:00,ASTER,ENTROPY,7.7209,0.9209,1554.7,0.64,1553.5,0.0674,1555.26,1553.4,0.0003265400,0.0000020814,0.2,554.9
2026-09-14T08:42:39.648+00:00,ASTER,HL,10.6809,3.8809,1554.96,2.7,1553.3,62.658,1555.26,1553.2,0.0003265400,0.0000062500,0.2,89.6
2026-09-14T08:42:39.648+00:00,ASTER,ENTROPY,9.3934,2.5934,1554.96,2.7,1553.5,0.0674,1555.26,1553.4,0.0003265400,0.0000020814,0.2,555.0
2026-09-14T08:42:39.744+00:00,ASTER,HL,10.6809,3.8809,1554.96,2.7,1553.3,62.658,1555.26,1553.2,0.0003265400,0.0000062500,0.1,186.0
2026-09-14T08:42:39.744+00:00,ASTER,ENTROPY,9.3934,2.5934,1554.96,2.7,1553.5,0.0674,1555.26,1553.4,0.0003265400,0.0000020814,0.1,651.4
2026-09-14T08:42:39.745+00:00,ASTER,HL,10.6808,3.8808,1554.96,2.7,1553.3,62.658,1555.3,1553.2,0.0003265400,0.0000062500,0.2,186.2
2026-09-14T08:42:39.745+00:00,ASTER,ENTROPY,9.3934,2.5934,1554.96,2.7,1553.5,0.0674,1555.3,1553.4,0.0003265400,0.0000020814,0.2,651.6
2026-09-14T08:42:39.757+00:00,ASTER,HL,10.6810,3.8810,1554.96,2.7,1553.3,62.658,1555.3,1553.1,0.0003265400,0.0000062500,12.6,0.1
2026-09-14T08:42:39.757+00:00,ASTER,ENTROPY,9.3934,2.5934,1554.96,2.7,1553.5,0.2567,1555.3,1553.4,0.0003265400,0.0000020814,12.7,0.2
2026-09-14T08:42:39.838+00:00,ASTER,HL,9.0084,2.2084,1554.7,0.64,1553.3,62.658,1555.3,1553.1,0.0003265400,0.0000062500,0.2,81.7
2026-09-14T08:42:39.838+00:00,ASTER,ENTROPY,7.7209,0.9209,1554.7,0.64,1553.5,0.2567,1555.3,1553.4,0.0003265400,0.0000020814,0.2,81.7
2026-09-14T08:42:39.846+00:00,ASTER,HL,10.7453,3.9453,1554.97,2.7,1553.3,62.658,1555.3,1553.1,0.0003265400,0.0000062500,0.1,88.7
2026-09-14T08:42:39.846+00:00,ASTER,ENTROPY,9.4577,2.6577,1554.97,2.7,1553.5,0.2567,1555.3,1553.4,0.0003265400,0.0000020814,0.1,88.7
2026-09-14T08:42:39.929+00:00,ASTER,HL,10.7453,3.9453,1554.97,2.7,1553.3,62.654,1555.3,1553.1,0.0003265400,0.0000062500,83.7,0.2
2026-09-14T08:42:40.123+00:00,ASTER,HL,10.7451,3.9451,1554.97,2.7,1553.3,61.61,1555.3,1553.2,0.0003265400,0.0000062500,278.1,0.2
2026-09-14T08:42:40.124+00:00,ASTER,ENTROPY,9.4577,2.6577,1554.97,2.7,1553.5,0.0674,1555.3,1553.4,0.0003265400,0.0000020814,278.2,0.3
2026-09-14T08:42:40.142+00:00,ASTER,HL,10.7451,3.9451,1554.97,2.7,1553.3,61.61,1555.3,1553.2,0.0003265400,0.0000062500,296.9,0.2
2026-09-14T08:42:40.295+00:00,ASTER,HL,10.7451,3.9451,1554.97,2.7,1553.3,61.61,1555.3,1553.2,0.0003265400,0.0000062500,449.6,0.3
2026-09-14T08:42:40.335+00:00,ASTER,HL,10.7451,3.9451,1554.97,2.7,1553.3,61.61,1555.3,1553.2,0.0003265400,0.0000062500,490.2,0.2
2026-09-14T08:42:40.492+00:00,ASTER,HL,9.0083,2.2083,1554.7,0.64,1553.3,61.61,1555.3,1553.2,0.0003265400,0.0000062500,0.2,156.2
2026-09-14T08:42:40.492+00:00,ASTER,ENTROPY,7.7209,0.9209,1554.7,0.64,1553.5,0.0674,1555.3,1553.4,0.0003265400,0.0000020814,0.2,368.3
2026-09-14T08:42:40.503+00:00,ASTER,HL,10.8095,4.0095,1554.98,2.7,1553.3,61.61,1555.3,1553.2,0.0003265400,0.0000062500,0.2,167.2
2026-09-14T08:42:40.503+00:00,ASTER,ENTROPY,9.5220,2.7220,1554.98,2.7,1553.5,0.0674,1555.3,1553.4,0.0003265400,0.0000020814,0.2,379.3
2026-09-14T08:42:40.739+00:00,ASTER,HL,9.0083,2.2083,1554.7,0.64,1553.3,61.61,1555.3,1553.2,0.0003265400,0.0000062500,0.2,403.3
2026-09-14T08:42:40.739+00:00,ASTER,ENTROPY,7.7209,0.9209,1554.7,0.64,1553.5,0.0674,1555.3,1553.4,0.0003265400,0.0000020814,0.2,615.4
2026-09-14T08:42:40.844+00:00,ASTER,HL,9.0083,2.2083,1554.7,0.64,1553.3,61.61,1555.29,1553.2,0.0003265400,0.0000062500,0.2,508.7
2026-09-14T08:42:40.844+00:00,ASTER,ENTROPY,7.7209,0.9209,1554.7,0.64,1553.5,0.0674,1555.29,1553.4,0.0003265400,0.0000020814,0.2,720.8
2026-09-14T08:42:40.848+00:00,ASTER,HL,10.1019,3.3019,1554.87,2.7,1553.3,61.61,1555.29,1553.2,0.0003265400,0.0000062500,0.1,513.2
2026-09-14T08:42:40.848+00:00,ASTER,ENTROPY,8.8145,2.0145,1554.87,2.7,1553.5,0.0674,1555.29,1553.4,0.0003265400,0.0000020814,0.1,725.3
2026-09-14T08:42:41.061+00:00,ASTER,HL,10.1021,3.3021,1554.87,2.7,1553.3,61.61,1555.29,1553.1,0.0003265400,0.0000062500,212.3,0.3
2026-09-14T08:42:41.061+00:00,ASTER,ENTROPY,8.8145,2.0145,1554.87,2.7,1553.5,0.6104,1555.29,1553.4,0.0003265400,0.0000020814,212.6,0.5
2026-09-14T08:42:41.126+00:00,ASTER,HL,10.1021,3.3021,1554.87,2.7,1553.3,61.688,1555.29,1553.1,0.0003265400,0.0000062500,278.0,0.2
2026-09-14T08:42:41.144+00:00,ASTER,HL,9.0084,2.2084,1554.7,0.64,1553.3,61.688,1555.29,1553.1,0.0003265400,0.0000062500,0.2,18.1
2026-09-14T08:42:41.144+00:00,ASTER,ENTROPY,7.7209,0.9209,1554.7,0.64,1553.5,0.6104,1555.29,1553.4,0.0003265400,0.0000020814,0.2,83.9
2026-09-14T08:42:41.156+00:00,ASTER,HL,10.1664,3.3664,1554.88,2.7,1553.3,61.688,1555.29,1553.1,0.0003265400,0.0000062500,0.1,29.6
2026-09-14T08:42:41.156+00:00,ASTER,ENTROPY,8.8788,2.0788,1554.88,2.7,1553.5,0.6104,1555.29,1553.4,0.0003265400,0.0000020814,0.1,95.3
2026-09-14T08:42:41.331+00:00,ASTER,ENTROPY,8.8788,2.0788,1554.88,2.7,1553.5,0.5377,1555.29,1553.4,0.0003265400,0.0000020814,175.4,0.3
2026-09-14T08:42:41.386+00:00,ASTER,HL,10.1664,3.3664,1554.88,2.7,1553.3,61.688,1555.3,1553.1,0.0003265400,0.0000062500,0.2,259.8
2026-09-14T08:42:41.386+00:00,ASTER,ENTROPY,8.8788,2.0788,1554.88,2.7,1553.5,0.5377,1555.3,1553.4,0.0003265400,0.0000020814,0.2,55.3
2026-09-14T08:42:41.451+00:00,ASTER,HL,10.8100,4.0100,1554.88,2.7,1553.2,0.644,1555.3,1553.1,0.0003265400,0.0000062500,64.7,0.2
2026-09-14T08:42:41.541+00:00,ASTER,ENTROPY,8.8788,2.0788,1554.88,2.7,1553.5,0.5538,1555.3,1553.4,0.0003265400,0.0000020814,155.1,0.2
2026-09-14T08:42:41.547+00:00,ASTER,HL,10.8100,4.0100,1554.88,2.7,1553.2,0.644,1555.29,1553.1,0.0003265400,0.0000062500,0.2,96.5
2026-09-14T08:42:41.547+00:00,ASTER,ENTROPY,8.8788,2.0788,1554.88,2.7,1553.5,0.5538,1555.29,1553.4,0.0003265400,0.0000020814,0.2,6.2
2026-09-14T08:42:41.551+00:00,ASTER,HL,10.8100,4.0100,1554.88,2.7,1553.2,0.644,1555.27,1553.1,0.0003265400,0.0000062500,0.1,99.9
2026-09-14T08:42:41.551+00:00,ASTER,ENTROPY,8.8788,2.0788,1554.88,2.7,1553.5,0.5538,1555.27,1553.4,0.0003265400,0.0000020814,0.1,9.6
2026-09-14T08:42:41.593+00:00,ASTER,HL,10.8100,4.0100,1554.88,2.7,1553.2,0.644,1555.29,1553.1,0.0003265400,0.0000062500,1.0,142.7
2026-09-14T08:42:41.593+00:00,ASTER,ENTROPY,8.8788,2.0788,1554.88,2.7,1553.5,0.5538,1555.29,1553.4,0.0003265400,0.0000020814,1.0,52.4
2026-09-14T08:42:41.641+00:00,ASTER,HL,10.8100,4.0100,1554.88,2.7,1553.2,0.644,1555.3,1553.1,0.0003265400,0.0000062500,0.1,190.8
2026-09-14T08:42:41.641+00:00,ASTER,ENTROPY,8.8788,2.0788,1554.88,2.7,1553.5,0.5538,1555.3,1553.4,0.0003265400,0.0000020814,0.1,100.5
2026-09-14T08:42:41.641+00:00,ASTER,HL,9.6520,2.8520,1554.7,0.64,1553.2,0.644,1555.3,1553.1,0.0003265400,0.0000062500,0.2,190.9
2026-09-14T08:42:41.641+00:00,ASTER,ENTROPY,7.7209,0.9209,1554.7,0.64,1553.5,0.5538,1555.3,1553.4,0.0003265400,0.0000020814,0.2,100.6
2026-09-14T08:42:41.646+00:00,ASTER,HL,9.6521,2.8521,1554.7,0.64,1553.2,0.644,1555.29,1553.1,0.0003265400,0.0000062500,0.5,196.1
2026-09-14T08:42:41.646+00:00,ASTER,ENTROPY,7.7209,0.9209,1554.7,0.64,1553.5,0.5538,1555.29,1553.4,0.0003265400,0.0000020814,0.5,105.7
2026-09-14T08:42:41.646+00:00,ASTER,HL,9.6521,2.8521,1554.7,0.64,1553.2,0.644,1555.29,1553.1,0.0003265400,0.0000062500,0.6,196.2
2026-09-14T08:42:41.646+00:00,ASTER,ENTROPY,7.7209,0.9209,1554.7,0.64,1553.5,0.5538,1555.29,1553.4,0.0003265400,0.0000020814,0.6,105.8
2026-09-14T08:42:41.653+00:00,ASTER,HL,10.8743,4.0743,1554.89,2.7,1553.2,0.644,1555.29,1553.1,0.0003265400,0.0000062500,0.1,202.6
2026-09-14T08:42:41.653+00:00,ASTER,ENTROPY,8.9431,2.1431,1554.89,2.7,1553.5,0.5538,1555.29,1553.4,0.0003265400,0.0000020814,0.1,112.2
2026-09-14T08:42:41.749+00:00,ASTER,HL,10.8743,4.0743,1554.89,2.7,1553.2,0.644,1555.28,1553.1,0.0003265400,0.0000062500,0.2,298.8
2026-09-14T08:42:41.749+00:00,ASTER,ENTROPY,8.9431,2.1431,1554.89,2.7,1553.5,0.5538,1555.28,1553.4,0.0003265400,0.0000020814,0.2,208.5
2026-09-14T08:42:41.785+00:00,ASTER,HL,10.8743,4.0743,1554.89,2.7,1553.2,0.644,1555.29,1553.1,0.0003265400,0.0000062500,0.2,335.0
2026-09-14T08:42:41.785+00:00,ASTER,ENTROPY,8.9431,2.1431,1554.89,2.7,1553.5,0.5538,1555.29,1553.4,0.0003265400,0.0000020814,0.2,244.6
2026-09-14T08:42:41.808+00:00,ASTER,HL,10.2307,3.4307,1554.89,2.7,1553.3,61.688,1555.29,1553.1,0.0003265400,0.0000062500,22.9,0.2
2026-09-14T08:42:41.868+00:00,ASTER,HL,10.8743,4.0743,1554.89,2.7,1553.2,0.966,1555.29,1553.1,0.0003265400,0.0000062500,83.2,0.2
2026-09-14T08:42:41.868+00:00,ASTER,ENTROPY,8.9431,2.1431,1554.89,2.7,1553.5,0.3749,1555.29,1553.4,0.0003265400,0.0000020875,83.3,0.3
2026-09-14T08:42:41.900+00:00,ASTER,HL,10.8743,4.0743,1554.89,2.7,1553.2,0.966,1555.29,1553.1,0.0003265400,0.0000062500,0.1,31.6
2026-09-14T08:42:41.900+00:00,ASTER,ENTROPY,8.9431,2.1431,1554.89,2.7,1553.5,0.3749,1555.29,1553.4,0.0003265400,0.0000020875,0.1,31.5
2026-09-14T08:42:41.900+00:00,ASTER,HL,10.8743,4.0743,1554.89,2.7,1553.2,0.966,1555.3,1553.1,0.0003265400,0.0000062500,0.2,31.7
2026-09-14T08:42:41.900+00:00,ASTER,ENTROPY,8.9431,2.1431,1554.89,2.7,1553.5,0.3749,1555.3,1553.4,0.0003265400,0.0000020875,0.2,31.6
2026-09-14T08:42:41.904+00:00,ASTER,HL,10.8743,4.0743,1554.89,2.7,1553.2,0.966,1555.28,1553.1,0.0003265400,0.0000062500,0.1,35.4
2026-09-14T08:42:41.904+00:00,ASTER,ENTROPY,8.9431,2.1431,1554.89,2.7,1553.5,0.3749,1555.28,1553.4,0.0003265400,0.0000020875,0.1,35.4
2026-09-14T08:42:41.904+00:00,ASTER,HL,10.8743,4.0743,1554.89,2.7,1553.2,0.966,1555.28,1553.1,0.0003265400,0.0000062500,0.2,35.5
2026-09-14T08:42:41.904+00:00,ASTER,ENTROPY,8.9431,2.1431,1554.89,2.7,1553.5,0.3749,1555.28,1553.4,0.0003265400,0.0000020875,0.2,35.5
2026-09-14T08:42:41.943+00:00,ASTER,HL,10.8743,4.0743,1554.89,2.7,1553.2,0.966,1555.28,1553.1,0.0003265400,0.0000062500,0.1,75.4
2026-09-14T08:42:41.943+00:00,ASTER,ENTROPY,8.9431,2.1431,1554.89,2.7,1553.5,0.3749,1555.28,1553.4,0.0003265400,0.0000020875,0.1,75.4
2026-09-14T08:42:41.943+00:00,ASTER,HL,10.8743,4.0743,1554.89,2.7,1553.2,0.966,1555.3,1553.1,0.0003265400,0.0000062500,0.2,75.5
2026-09-14T08:42:41.943+00:00,ASTER,ENTROPY,8.9431,2.1431,1554.89,2.7,1553.5,0.3749,1555.3,1553.4,0.0003265400,0.0000020875,0.2,75.5
2026-09-14T08:42:42.051+00:00,ASTER,HL,10.8744,4.0744,1554.89,2.7,1553.2,0.966,1555.27,1553.1,0.0003265400,0.0000062500,0.2,183.3
2026-09-14T08:42:42.051+00:00,ASTER,ENTROPY,8.9431,2.1431,1554.89,2.7,1553.5,0.3749,1555.27,1553.4,0.0003265400,0.0000020875,0.2,183.3
2026-09-14T08:42:42.052+00:00,ASTER,HL,10.8744,4.0744,1554.89,2.7,1553.2,0.966,1555.27,1553.1,0.0003265400,0.0000062500,0.3,183.5
2026-09-14T08:42:42.052+00:00,ASTER,ENTROPY,8.9431,2.1431,1554.89,2.7,1553.5,0.3749,1555.27,1553.4,0.0003265400,0.0000020875,0.3,183.5
2026-09-14T08:42:42.090+00:00,ASTER,HL,9.2661,2.4661,1554.64,48.5,1553.2,0.966,1555.27,1553.1,0.0003265400,0.0000062500,0.1,221.5
2026-09-14T08:42:42.090+00:00,ASTER,ENTROPY,7.3350,0.5350,1554.64,48.5,1553.5,0.3749,1555.27,1553.4,0.0003265400,0.0000020875,0.1,221.5
2026-09-14T08:42:42.099+00:00,ASTER,HL,11.0030,4.2030,1554.91,2.7,1553.2,0.966,1555.27,1553.1,0.0003265400,0.0000062500,0.1,231.2
2026-09-14T08:42:42.099+00:00,ASTER,ENTROPY,9.0718,2.2718,1554.91,2.7,1553.5,0.3749,1555.27,1553.4,0.0003265400,0.0000020875,0.1,231.2
2026-09-14T08:42:42.239+00:00,ASTER,HL,9.2661,2.4661,1554.64,48.5,1553.2,0.966,1555.27,1553.1,0.0003265400,0.0000062500,0.1,370.9
2026-09-14T08:42:42.239+00:00,ASTER,ENTROPY,7.3350,0.5350,1554.64,48.5,1553.5,0.3749,1555.27,1553.4,0.0003265400,0.0000020875,0.1,370.9
2026-09-14T08:42:42.250+00:00,ASTER,HL,11.2603,4.4603,1554.95,2.7,1553.2,0.966,1555.27,1553.1,0.0003265400,0.0000062500,0.2,382.2
2026-09-14T08:42:42.250+00:00,ASTER,ENTROPY,9.3291,2.5291,1554.95,2.7,1553.5,0.3749,1555.27,1553.4,0.0003265400,0.0000020875,0.2,382.1
2026-09-14T08:42:42.439+00:00,ASTER,ENTROPY,9.3291,2.5291,1554.95,2.7,1553.5,0.5449,1555.27,1553.4,0.0003265400,0.0000020875,189.4,0.3
2026-09-14T08:42:42.439+00:00,ASTER,HL,10.6167,3.8167,1554.95,2.7,1553.3,62.399,1555.27,1553.1,0.0003265400,0.0000062500,189.6,0.4
2026-09-14T08:42:42.440+00:00,ASTER,ENTROPY,9.3291,2.5291,1554.95,2.7,1553.5,0.3749,1555.27,1553.4,0.0003265400,0.0000020875,189.6,0.4
2026-09-14T08:42:42.440+00:00,ASTER,ENTROPY,9.3291,2.5291,1554.95,2.7,1553.5,0.3877,1555.27,1553.4,0.0003265400,0.0000020875,189.6,0.4
2026-09-14T08:42:42.490+00:00,ASTER,HL,8.6225,1.8225,1554.64,48.5,1553.3,62.399,1555.27,1553.1,0.0003265400,0.0000062500,0.2,50.6
2026-09-14T08:42:42.490+00:00,ASTER,ENTROPY,7.3350,0.5350,1554.64,48.5,1553.5,0.3877,1555.27,1553.4,0.0003265400,0.0000020875,0.2,50.6
2026-09-14T08:42:42.499+00:00,ASTER,HL,8.6225,1.8225,1554.64,48.5,1553.3,62.399,1555.27,1553.1,0.0003265400,0.0000062500,0.1,59.8
2026-09-14T08:42:42.499+00:00,ASTER,ENTROPY,7.3350,0.5350,1554.64,48.5,1553.5,0.3877,1555.27,1553.4,0.0003265400,0.0000020875,0.1,59.8
2026-09-14T08:42:42.499+00:00,ASTER,HL,8.6225,1.8225,1554.64,40.65,1553.3,62.399,1555.27,1553.1,0.0003265400,0.0000062500,0.2,59.9
2026-09-14T08:42:42.499+00:00,ASTER,ENTROPY,7.3350,0.5350,1554.64,40.65,1553.5,0.3877,1555.27,1553.4,0.0003265400,0.0000020875,0.2,59.8
2026-09-14T08:42:42.499+00:00,ASTER,HL,8.6225,1.8225,1554.64,24.25,1553.3,62.399,1555.27,1553.1,0.0003265400,0.0000062500,0.2,59.9
2026-09-14T08:42:42.499+00:00,ASTER,ENTROPY,7.3350,0.5350,1554.64,24.25,1553.5,0.3877,1555.27,1553.4,0.0003265400,0.0000020875,0.2,59.9
2026-09-14T08:42:42.499+00:00,ASTER,HL,8.6224,1.8224,1554.64,24.25,1553.3,62.399,1555.3,1553.1,0.0003265400,0.0000062500,0.2,59.9
2026-09-14T08:42:42.499+00:00,ASTER,ENTROPY,7.3349,0.5349,1554.64,24.25,1553.5,0.3877,1555.3,1553.4,0.0003265400,0.0000020875,0.2,59.9
2026-09-14T08:42:42.499+00:00,ASTER,HL,8.6224,1.8224,1554.64,16.4,1553.3,62.399,1555.3,1553.1,0.0003265400,0.0000062500,0.2,59.9
2026-09-14T08:42:42.499+00:00,ASTER,ENTROPY,7.3349,0.5349,1554.64,16.4,1553.5,0.3877,1555.3,1553.4,0.0003265400,0.0000020875,0.2,59.9
2026-09-14T08:42:42.499+00:00,ASTER,HL,8.2364,1.4364,1554.58,1.42,1553.3,62.399,1555.3,1553.1,0.0003265400,0.0000062500,0.3,60.0
2026-09-14T08:42:42.499+00:00,ASTER,ENTROPY,6.9489,0.1489,1554.58,1.42,1553.5,0.3877,1555.3,1553.4,0.0003265400,0.0000020875,0.3,59.9
2026-09-14T08:42:42.499+00:00,ASTER,HL,10.6810,3.8810,1554.96,2.7,1553.3,62.399,1555.3,1553.1,0.0003265400,0.0000062500,0.3,60.0
2026-09-14T08:42:42.499+00:00,ASTER,ENTROPY,9.3934,2.5934,1554.96,2.7,1553.5,0.3877,1555.3,1553.4,0.0003265400,0.0000020875,0.3,60.0
2026-09-14T08:42:42.506+00:00,ASTER,HL,10.6810,3.8810,1554.96,2.7,1553.3,61.688,1555.3,1553.1,0.0003265400,0.0000062500,7.4,0.1
2026-09-14T08:42:42.538+00:00,ASTER,HL,10.6810,3.8810,1554.96,2.7,1553.3,61.688,1555.3,1553.1,0.0003265400,0.0000062500,39.1,0.1
2026-09-14T08:42:42.538+00:00,ASTER,ENTROPY,9.3934,2.5934,1554.96,2.7,1553.5,0.3877,1555.3,1553.4,0.0003265400,0.0000020875,39.2,0.1
2026-09-14T08:42:42.592+00:00,ASTER,HL,10.6810,3.8810,1554.96,2.7,1553.3,61.688,1555.26,1553.1,0.0003265400,0.0000062500,0.1,54.2
2026-09-14T08:42:42.592+00:00,ASTER,ENTROPY,9.3934,2.5934,1554.96,2.7,1553.5,0.3877,1555.26,1553.4,0.0003265400,0.0000020875,0.1,54.2
2026-09-14T08:42:42.638+00:00,ASTER,HL,10.6810,3.8810,1554.96,2.7,1553.3,61.688,1555.3,1553.1,0.0003265400,0.0000062500,0.2,100.0
2026-09-14T08:42:42.638+00:00,ASTER,ENTROPY,9.3934,2.5934,1554.96,2.7,1553.5,0.3877,1555.3,1553.4,0.0003265400,0.0000020875,0.2,100.0
2026-09-14T08:42:42.731+00:00,ASTER,HL,10.6810,3.8810,1554.96,2.7,1553.3,61.61,1555.3,1553.1,0.0003265400,0.0000062500,92.6,0.2
2026-09-14T08:42:42.917+00:00,ASTER,HL,10.6810,3.8810,1554.96,2.7,1553.3,61.61,1555.3,1553.1,0.0003265400,0.0000062500,279.8,0.4
2026-09-14T08:42:42.918+00:00,ASTER,HL,10.6808,3.8808,1554.96,2.7,1553.3,61.61,1555.3,1553.2,0.0003265400,0.0000062500,280.0,0.4
2026-09-14T08:42:43.019+00:00,ASTER,HL,10.6808,3.8808,1554.96,2.7,1553.3,62.422,1555.3,1553.2,0.0003265400,0.0000062500,380.9,0.3
2026-09-14T08:42:43.171+00:00,ASTER,HL,10.6808,3.8808,1554.96,2.7,1553.3,61.61,1555.3,1553.2,0.0003265400,0.0000062500,533.3,0.3
2026-09-14T08:42:43.256+00:00,ASTER,HL,10.6808,3.8808,1554.96,2.7,1553.3,41.61,1555.3,1553.2,0.0003265400,0.0000062500,617.4,0.3
2026-09-14T08:42:43.422+00:00,ASTER,HL,10.6808,3.8808,1554.96,2.7,1553.3,41.528,1555.3,1553.2,0.0003265400,0.0000062500,784.3,0.3
2026-09-14T08:42:43.625+00:00,ASTER,ENTROPY,9.3934,2.5934,1554.96,2.7,1553.5,0.3877,1555.3,1553.4,0.0003265400,0.0000020875,987.7,0.2
2026-09-14T08:42:44.046+00:00,ASTER,HL,10.6808,3.8808,1554.96,2.7,1553.3,41.528,1555.3,1553.2,0.0003265400,0.0000062500,1408.0,0.1
2026-09-14T08:42:44.585+00:00,ASTER,HL,10.6808,3.8808,1554.96,2.7,1553.3,41.528,1555.3,1553.2,0.0003265400,0.0000062500,1947.5,0.2
2026-09-14T08:42:45.102+00:00,ASTER,HL,10.6808,3.8808,1554.96,2.7,1553.3,61.528,1555.28,1553.2,0.0003265400,0.0000062500,0.1,4.7
2026-09-14T08:42:45.102+00:00,ASTER,ENTROPY,9.3934,2.5934,1554.96,2.7,1553.5,0.3877,1555.28,1553.4,0.0003265400,0.0000020875,0.1,1476.9
2026-09-14T08:42:45.102+00:00,ASTER,HL,10.6808,3.8808,1554.96,2.7,1553.3,61.528,1555.28,1553.2,0.0003265400,0.0000062500,0.4,5.0
2026-09-14T08:42:45.102+00:00,ASTER,ENTROPY,9.3934,2.5934,1554.96,2.7,1553.5,0.3877,1555.28,1553.4,0.0003265400,0.0000020875,0.4,1477.1
2026-09-14T08:42:45.413+00:00,ASTER,ENTROPY,9.3934,2.5934,1554.96,2.7,1553.5,0.5878,1555.28,1553.4,0.0003265400,0.0000020875,310.7,0.3
2026-09-14T08:42:45.792+00:00,ASTER,HL,10.6808,3.8808,1554.96,2.7,1553.3,61.528,1555.28,1553.2,0.0003265400,0.0000062500,689.8,0.2
2026-09-14T08:42:45.990+00:00,ASTER,HL,8.6867,1.8867,1554.65,7.74,1553.3,61.528,1555.28,1553.2,0.0003265400,0.0000062500,0.1,198.6
2026-09-14T08:42:45.990+00:00,ASTER,ENTROPY,7.3993,0.5993,1554.65,7.74,1553.5,0.5878,1555.28,1553.4,0.0003265400,0.0000020875,0.1,577.7
2026-09-14T08:42:45.994+00:00,ASTER,HL,8.6867,1.8867,1554.65,7.74,1553.3,61.528,1555.28,1553.2,0.0003265400,0.0000062500,0.2,202.2
2026-09-14T08:42:45.994+00:00,ASTER,ENTROPY,7.3993,0.5993,1554.65,7.74,1553.5,0.5878,1555.28,1553.4,0.0003265400,0.0000020875,0.2,581.3
2026-09-14T08:42:45.994+00:00,ASTER,HL,8.6867,1.8867,1554.65,3.89,1553.3,61.528,1555.28,1553.2,0.0003265400,0.0000062500,0.3,202.3
2026-09-14T08:42:45.994+00:00,ASTER,ENTROPY,7.3993,0.5993,1554.65,3.89,1553.5,0.5878,1555.28,1553.4,0.0003265400,0.0000020875,0.3,581.5
2026-09-14T08:42:45.997+00:00,ASTER,HL,8.6866,1.8866,1554.65,3.89,1553.3,61.528,1555.3,1553.2,0.0003265400,0.0000062500,0.1,205.8
2026-09-14T08:42:45.997+00:00,ASTER,ENTROPY,7.3992,0.5992,1554.65,3.89,1553.5,0.5878,1555.3,1553.4,0.0003265400,0.0000020875,0.1,584.9
2026-09-14T08:42:45.997+00:00,ASTER,HL,8.6866,1.8866,1554.65,0.04,1553.3,61.528,1555.3,1553.2,0.0003265400,0.0000062500,0.2,205.9
2026-09-14T08:42:45.997+00:00,ASTER,ENTROPY,7.3992,0.5992,1554.65,0.04,1553.5,0.5878,1555.3,1553.4,0.0003265400,0.0000020875,0.2,585.0
2026-09-14T08:42:46.003+00:00,ASTER,HL,10.8095,4.0095,1554.98,2.7,1553.3,61.528,1555.3,1553.2,0.0003265400,0.0000062500,0.1,211.8
2026-09-14T08:42:46.003+00:00,ASTER,ENTROPY,9.5220,2.7220,1554.98,2.7,1553.5,0.5878,1555.3,1553.4,0.0003265400,0.0000020875,0.1,590.9
2026-09-14T08:42:46.171+00:00,ASTER,HL,10.8095,4.0095,1554.98,2.7,1553.3,61.528,1555.3,1553.2,0.0003265400,0.0000062500,167.1,0.2
2026-09-14T08:42:46.289+00:00,ASTER,HL,8.8796,2.0796,1554.68,54.06,1553.3,61.528,1555.3,1553.2,0.0003265400,0.0000062500,0.2,118.4
2026-09-14T08:42:46.289+00:00,ASTER,ENTROPY,7.5922,0.7922,1554.68,54.06,1553.5,0.5878,1555.3,1553.4,0.0003265400,0.0000020875,0.2,876.2
2026-09-14T08:42:46.315+00:00,ASTER,HL,8.8796,2.0796,1554.68,43.43,1553.3,61.528,1555.3,1553.2,0.0003265400,0.0000062500,0.2,144.8
2026-09-14T08:42:46.315+00:00,ASTER,ENTROPY,7.5922,0.7922,1554.68,43.43,1553.5,0.5878,1555.3,1553.4,0.0003265400,0.0000020875,0.2,902.6
2026-09-14T08:42:46.315+00:00,ASTER,HL,8.8796,2.0796,1554.68,27.03,1553.3,61.528,1555.3,1553.2,0.0003265400,0.0000062500,0.2,144.9
2026-09-14T08:42:46.315+00:00,ASTER,ENTROPY,7.5922,0.7922,1554.68,27.03,1553.5,0.5878,1555.3,1553.4,0.0003265400,0.0000020875,0.2,902.7
2026-09-14T08:42:46.315+00:00,ASTER,HL,8.8796,2.0796,1554.68,16.4,1553.3,61.528,1555.3,1553.2,0.0003265400,0.0000062500,0.2,144.9
2026-09-14T08:42:46.315+00:00,ASTER,ENTROPY,7.5922,0.7922,1554.68,16.4,1553.5,0.5878,1555.3,1553.4,0.0003265400,0.0000020875,0.2,902.7
2026-09-14T08:42:46.315+00:00,ASTER,HL,8.6866,1.8866,1554.65,0.04,1553.3,61.528,1555.3,1553.2,0.0003265400,0.0000062500,0.3,144.9
2026-09-14T08:42:46.315+00:00,ASTER,ENTROPY,7.3992,0.5992,1554.65,0.04,1553.5,0.5878,1555.3,1553.4,0.0003265400,0.0000020875,0.3,902.7
2026-09-14T08:42:46.315+00:00,ASTER,HL,10.9381,4.1381,1555.0,2.7,1553.3,61.528,1555.3,1553.2,0.0003265400,0.0000062500,0.3,145.0
2026-09-14T08:42:46.315+00:00,ASTER,ENTROPY,9.6506,2.8506,1555.0,2.7,1553.5,0.5878,1555.3,1553.4,0.0003265400,0.0000020875,0.3,902.8
2026-09-14T08:42:46.315+00:00,ASTER,HL,11.2597,4.4597,1555.05,2.7,1553.3,61.528,1555.3,1553.2,0.0003265400,0.0000062500,0.3,145.0
2026-09-14T08:42:46.315+00:00,ASTER,ENTROPY,9.9723,3.1723,1555.05,2.7,1553.5,0.5878,1555.3,1553.4,0.0003265400,0.0000020875,0.3,902.8
2026-09-14T08:42:46.315+00:00,ASTER,HL,11.5170,4.7170,1555.09,2.7,1553.3,61.528,1555.3,1553.2,0.0003265400,0.0000062500,0.3,145.0
2026-09-14T08:42:46.315+00:00,ASTER,ENTROPY,10.2295,3.4295,1555.09,2.7,1553.5,0.5878,1555.3,1553.4,0.0003265400,0.0000020875,0.3,902.8
2026-09-14T08:42:46.359+00:00,ASTER,HL,11.5170,4.7170,1555.09,2.7,1553.3,61.446,1555.3,1553.2,0.0003265400,0.0000062500,43.9,0.2
2026-09-14T08:42:46.359+00:00,ASTER,ENTROPY,10.2295,3.4295,1555.09,2.7,1553.5,0.3877,1555.3,1553.4,0.0003265400,0.0000020875,44.0,0.3
2026-09-14T08:42:46.359+00:00,ASTER,ENTROPY,10.2295,3.4295,1555.09,2.7,1553.5,0.3877,1555.3,1553.4,0.0003265400,0.0000020875,44.1,0.3
2026-09-14T08:42:46.394+00:00,ASTER,HL,11.5167,4.7167,1555.09,2.7,1553.3,61.446,1555.45,1553.2,0.0003265400,0.0000062500,0.2,35.9
2026-09-14T08:42:46.394+00:00,ASTER,ENTROPY,10.2293,3.4293,1555.09,2.7,1553.5,0.3877,1555.45,1553.4,0.0003265400,0.0000020875,0.2,35.9
2026-09-14T08:42:46.394+00:00,ASTER,HL,11.2594,4.4594,1555.05,2.7,1553.3,61.446,1555.45,1553.2,0.0003265400,0.0000062500,0.3,36.1
2026-09-14T08:42:46.394+00:00,ASTER,ENTROPY,9.9720,3.1720,1555.05,2.7,1553.5,0.3877,1555.45,1553.4,0.0003265400,0.0000020875,0.3,36.0
2026-09-14T08:42:46.402+00:00,ASTER,HL,8.6864,1.8864,1554.65,0.04,1553.3,61.446,1555.45,1553.2,0.0003265400,0.0000062500,0.1,43.2
2026-09-14T08:42:46.402+00:00,ASTER,ENTROPY,7.3991,0.5991,1554.65,0.04,1553.5,0.3877,1555.45,1553.4,0.0003265400,0.0000020875,0.1,43.1
2026-09-14T08:42:46.402+00:00,ASTER,HL,8.9437,2.1437,1554.69,0.24,1553.3,61.446,1555.45,1553.2,0.0003265400,0.0000062500,0.2,43.3
2026-09-14T08:42:46.402+00:00,ASTER,ENTROPY,7.6564,0.8564,1554.69,0.24,1553.5,0.3877,1555.45,1553.4,0.0003265400,0.0000020875,0.2,43.2
2026-09-14T08:42:46.405+00:00,ASTER,HL,8.9437,2.1437,1554.69,0.28,1553.3,61.446,1555.45,1553.2,0.0003265400,0.0000062500,0.1,47.0
2026-09-14T08:42:46.405+00:00,ASTER,ENTROPY,7.6564,0.8564,1554.69,0.28,1553.5,0.3877,1555.45,1553.4,0.0003265400,0.0000020875,0.1,46.9
2026-09-14T08:42:46.405+00:00,ASTER,HL,11.8383,5.0383,1555.14,2.7,1553.3,61.446,1555.45,1553.2,0.0003265400,0.0000062500,0.1,47.0
2026-09-14T08:42:46.405+00:00,ASTER,ENTROPY,10.5509,3.7509,1555.14,2.7,1553.5,0.3877,1555.45,1553.4,0.0003265400,0.0000020875,0.1,47.0
2026-09-14T08:42:46.405+00:00,ASTER,HL,12.0956,5.2956,1555.18,2.7,1553.3,61.446,1555.45,1553.2,0.0003265400,0.0000062500,0.2,47.1
2026-09-14T08:42:46.405+00:00,ASTER,ENTROPY,10.8082,4.0082,1555.18,2.7,1553.5,0.3877,1555.45,1553.4,0.0003265400,0.0000020875,0.2,47.0
2026-09-14T08:42:46.700+00:00,ASTER,HL,12.0956,5.2956,1555.18,2.7,1553.3,39.314,1555.45,1553.2,0.0003265400,0.0000062500,295.1,0.2
2026-09-14T08:42:46.746+00:00,ASTER,HL,12.0956,5.2956,1555.18,2.7,1553.3,39.314,1555.45,1553.2,0.0003265400,0.0000062500,340.5,0.3
2026-09-14T08:42:46.820+00:00,ASTER,ENTROPY,10.8082,4.0082,1555.18,2.7,1553.5,0.3877,1555.45,1553.4,0.0003265400,0.0000020875,414.0,0.3
2026-09-14T08:42:47.000+00:00,ASTER,HL,12.0956,5.2956,1555.18,2.7,1553.3,39.254,1555.45,1553.2,0.0003265400,0.0000062500,594.6,0.4
2026-09-14T08:42:47.000+00:00,ASTER,ENTROPY,10.1646,3.3646,1555.18,2.7,1553.6,0.0966,1555.45,1553.4,0.0003265400,0.0000020875,594.7,0.5
2026-09-14T08:42:47.018+00:00,ASTER,ENTROPY,10.1645,3.3645,1555.18,2.7,1553.6,0.0966,1555.45,1553.5,0.0003265400,0.0000020995,612.3,0.2
2026-09-14T08:42:47.042+00:00,ASTER,HL,10.1660,3.3660,1554.88,47.06,1553.3,39.254,1555.45,1553.2,0.0003265400,0.0000062500,0.1,42.6
2026-09-14T08:42:47.042+00:00,ASTER,ENTROPY,8.2349,1.4349,1554.88,47.06,1553.6,0.0966,1555.45,1553.5,0.0003265400,0.0000020995,0.1,24.7
2026-09-14T08:42:47.192+00:00,ASTER,HL,11.5167,4.7167,1555.09,2.7,1553.3,39.254,1555.45,1553.2,0.0003265400,0.0000062500,0.2,191.7
2026-09-14T08:42:47.192+00:00,ASTER,ENTROPY,9.5856,2.7856,1555.09,2.7,1553.6,0.0966,1555.45,1553.5,0.0003265400,0.0000020995,0.2,173.8
2026-09-14T08:42:47.203+00:00,ASTER,HL,11.5167,4.7167,1555.09,2.7,1553.3,39.254,1555.45,1553.2,0.0003265400,0.0000062500,11.8,0.1
2026-09-14T08:42:47.398+00:00,ASTER,HL,11.5168,4.7168,1555.09,2.7,1553.3,39.254,1555.44,1553.2,0.0003265400,0.0000062500,0.2,195.1
2026-09-14T08:42:47.398+00:00,ASTER,ENTROPY,9.5856,2.7856,1555.09,2.7,1553.6,0.0966,1555.44,1553.5,0.0003265400,0.0000020995,0.2,380.4
2026-09-14T08:42:47.399+00:00,ASTER,HL,11.5168,4.7168,1555.09,2.7,1553.3,39.254,1555.44,1553.2,0.0003265400,0.0000062500,0.3,195.3
2026-09-14T08:42:47.399+00:00,ASTER,ENTROPY,9.5856,2.7856,1555.09,2.7,1553.6,0.0966,1555.44,1553.5,0.0003265400,0.0000020995,0.3,380.6
2026-09-14T08:42:47.399+00:00,ASTER,HL,11.5168,4.7168,1555.09,2.7,1553.3,39.254,1555.44,1553.2,0.0003265400,0.0000062500,0.4,195.3
2026-09-14T08:42:47.399+00:00,ASTER,ENTROPY,9.5856,2.7856,1555.09,2.7,1553.6,0.0966,1555.44,1553.5,0.0003265400,0.0000020995,0.4,380.6
2026-09-14T08:42:47.399+00:00,ASTER,HL,11.5168,4.7168,1555.09,2.7,1553.3,39.254,1555.44,1553.2,0.0003265400,0.0000062500,0.4,195.4
2026-09-14T08:42:47.399+00:00,ASTER,ENTROPY,9.5856,2.7856,1555.09,2.7,1553.6,0.0966,1555.44,1553.5,0.0003265400,0.0000020995,0.4,380.6
2026-09-14T08:42:47.492+00:00,ASTER,HL,10.2946,3.4946,1554.9,0.64,1553.3,39.254,1555.44,1553.2,0.0003265400,0.0000062500,0.1,288.7
2026-09-14T08:42:47.492+00:00,ASTER,ENTROPY,8.3636,1.5636,1554.9,0.64,1553.6,0.0966,1555.44,1553.5,0.0003265400,0.0000020995,0.1,474.0
2026-09-14T08:42:47.521+00:00,ASTER,ENTROPY,8.3636,1.5636,1554.9,0.64,1553.6,0.0966,1555.44,1553.5,0.0003265400,0.0000020995,29.4,1.5
2026-09-14T08:42:47.521+00:00,ASTER,HL,10.2946,3.4946,1554.9,0.64,1553.3,39.254,1555.44,1553.2,0.0003265400,0.0000062500,29.4,1.5
2026-09-14T08:42:47.576+00:00,ASTER,ENTROPY,8.3636,1.5636,1554.9,0.64,1553.6,0.1094,1555.44,1553.5,0.0003265400,0.0000020995,84.6,0.2
2026-09-14T08:42:47.594+00:00,ASTER,HL,10.7449,3.9449,1554.97,2.7,1553.3,39.254,1555.44,1553.2,0.0003265400,0.0000062500,0.1,74.9
2026-09-14T08:42:47.594+00:00,ASTER,ENTROPY,8.8138,2.0138,1554.97,2.7,1553.6,0.1094,1555.44,1553.5,0.0003265400,0.0000020995,0.1,18.5
2026-09-14T08:42:47.718+00:00,ASTER,HL,10.7449,3.9449,1554.97,2.7,1553.3,39.141,1555.44,1553.2,0.0003265400,0.0000062500,123.2,0.2
2026-09-14T08:42:47.718+00:00,ASTER,ENTROPY,8.8138,2.0138,1554.97,2.7,1553.6,0.3035,1555.44,1553.5,0.0003265400,0.0000020995,123.3,0.3
2026-09-14T08:42:47.745+00:00,ASTER,HL,10.7449,3.9449,1554.97,2.7,1553.3,39.141,1555.44,1553.2,0.0003265400,0.0000062500,151.6,0.1
2026-09-14T08:42:47.746+00:00,ASTER,ENTROPY,8.8140,2.0140,1554.97,2.7,1553.6,0.3035,1555.44,1553.4,0.0003265400,0.0000020995,151.7,0.2
2026-09-14T08:42:47.789+00:00,ASTER,HL,9.7157,2.9157,1554.81,4.98,1553.3,39.141,1555.44,1553.2,0.0003265400,0.0000062500,0.1,43.2
2026-09-14T08:42:47.789+00:00,ASTER,ENTROPY,7.7848,0.9848,1554.81,4.98,1553.6,0.3035,1555.44,1553.4,0.0003265400,0.0000020995,0.1,43.2
2026-09-14T08:42:47.798+00:00,ASTER,HL,9.7157,2.9157,1554.81,4.98,1553.3,39.141,1555.44,1553.2,0.0003265400,0.0000062500,0.1,51.9
2026-09-14T08:42:47.798+00:00,ASTER,ENTROPY,7.7848,0.9848,1554.81,4.98,1553.6,0.3035,1555.44,1553.4,0.0003265400,0.0000020995,0.1,51.9
2026-09-14T08:42:47.798+00:00,ASTER,HL,9.7157,2.9157,1554.81,4.98,1553.3,39.141,1555.44,1553.2,0.0003265400,0.0000062500,0.2,52.0
2026-09-14T08:42:47.798+00:00,ASTER,ENTROPY,7.7848,0.9848,1554.81,4.98,1553.6,0.3035,1555.44,1553.4,0.0003265400,0.0000020995,0.2,52.0
2026-09-14T08:42:47.807+00:00,ASTER,HL,11.0022,4.2022,1555.01,2.7,1553.3,39.141,1555.44,1553.2,0.0003265400,0.0000062500,0.1,61.8
2026-09-14T08:42:47.807+00:00,ASTER,ENTROPY,9.0712,2.2712,1555.01,2.7,1553.6,0.3035,1555.44,1553.4,0.0003265400,0.0000020995,0.1,61.7
2026-09-14T08:42:47.844+00:00,ASTER,HL,9.7157,2.9157,1554.81,37.78,1553.3,39.141,1555.44,1553.2,0.0003265400,0.0000062500,0.1,98.0
2026-09-14T08:42:47.844+00:00,ASTER,ENTROPY,7.7848,0.9848,1554.81,37.78,1553.6,0.3035,1555.44,1553.4,0.0003265400,0.0000020995,0.1,98.0
2026-09-14T08:42:47.844+00:00,ASTER,HL,11.3881,4.5881,1555.07,2.7,1553.3,39.141,1555.44,1553.2,0.0003265400,0.0000062500,0.2,98.2
2026-09-14T08:42:47.844+00:00,ASTER,ENTROPY,9.4572,2.6572,1555.07,2.7,1553.6,0.3035,1555.44,1553.4,0.0003265400,0.0000020995,0.2,98.1
2026-09-14T08:42:48.151+00:00,ASTER,HL,11.3881,4.5881,1555.07,2.7,1553.3,39.141,1555.44,1553.2,0.0003265400,0.0000062500,307.7,0.3
2026-09-14T08:42:48.152+00:00,ASTER,ENTROPY,9.4570,2.6570,1555.07,2.7,1553.6,0.1094,1555.44,1553.5,0.0003265400,0.0000020995,308.0,0.5
2026-09-14T08:42:48.276+00:00,ASTER,HL,11.3881,4.5881,1555.07,2.7,1553.3,39.141,1555.44,1553.2,0.0003265400,0.0000062500,432.5,0.2
2026-09-14T08:42:48.352+00:00,ASTER,ENTROPY,9.4570,2.6570,1555.07,2.7,1553.6,0.1094,1555.44,1553.5,0.0003265400,0.0000020995,508.4,0.3
2026-09-14T08:42:48.464+00:00,ASTER,ENTROPY,9.4570,2.6570,1555.07,2.7,1553.6,0.1094,1555.44,1553.5,0.0003265400,0.0000020995,620.6,0.3
2026-09-14T08:42:48.544+00:00,ASTER,HL,9.7157,2.9157,1554.81,37.78,1553.3,39.141,1555.44,1553.2,0.0003265400,0.0000062500,0.2,267.6
2026-09-14T08:42:48.544+00:00,ASTER,ENTROPY,7.7847,0.9847,1554.81,37.78,1553.6,0.1094,1555.44,1553.5,0.0003265400,0.0000020995,0.2,79.6
2026-09-14T08:42:48.556+00:00,ASTER,HL,11.4524,4.6524,1555.08,2.7,1553.3,39.141,1555.44,1553.2,0.0003265400,0.0000062500,0.1,280.6
2026-09-14T08:42:48.556+00:00,ASTER,ENTROPY,9.5213,2.7213,1555.08,2.7,1553.6,0.1094,1555.44,1553.5,0.0003265400,0.0000020995,0.1,92.6
2026-09-14T08:42:48.646+00:00,ASTER,HL,11.4525,4.6525,1555.08,2.7,1553.3,39.141,1555.43,1553.2,0.0003265400,0.0000062500,0.2,369.7
2026-09-14T08:42:48.646+00:00,ASTER,ENTROPY,9.5213,2.7213,1555.08,2.7,1553.6,0.1094,1555.43,1553.5,0.0003265400,0.0000020995,0.2,181.7
2026-09-14T08:42:48.694+00:00,ASTER,HL,11.4524,4.6524,1555.08,2.7,1553.3,39.141,1555.44,1553.2,0.0003265400,0.0000062500,0.2,417.9
2026-09-14T08:42:48.694+00:00,ASTER,ENTROPY,9.5213,2.7213,1555.08,2.7,1553.6,0.1094,1555.44,1553.5,0.0003265400,0.0000020995,0.2,229.9
2026-09-14T08:42:48.793+00:00,ASTER,HL,11.4524,4.6524,1555.08,2.7,1553.3,39.141,1555.44,1553.2,0.0003265400,0.0000062500,0.2,517.1
2026-09-14T08:42:48.793+00:00,ASTER,ENTROPY,9.5213,2.7213,1555.08,2.7,1553.6,0.1094,1555.44,1553.5,0.0003265400,0.0000020995,0.2,329.1
2026-09-14T08:42:48.794+00:00,ASTER,HL,11.4524,4.6524,1555.08,2.7,1553.3,39.141,1555.45,1553.2,0.0003265400,0.0000062500,0.3,517.3
2026-09-14T08:42:48.794+00:00,ASTER,ENTROPY,9.5213,2.7213,1555.08,2.7,1553.6,0.1094,1555.45,1553.5,0.0003265400,0.0000020995,0.3,329.3
2026-09-14T08:42:48.798+00:00,ASTER,HL,11.4525,4.6525,1555.08,2.7,1553.3,39.141,1555.43,1553.2,0.0003265400,0.0000062500,0.1,521.9
2026-09-14T08:42:48.798+00:00,ASTER,ENTROPY,9.5213,2.7213,1555.08,2.7,1553.6,0.1094,1555.43,1553.5,0.0003265400,0.0000020995,0.1,333.9
2026-09-14T08:42:48.798+00:00,ASTER,HL,11.4525,4.6525,1555.08,2.7,1553.3,39.141,1555.43,1553.2,0.0003265400,0.0000062500,0.2,522.0
2026-09-14T08:42:48.798+00:00,ASTER,ENTROPY,9.5213,2.7213,1555.08,2.7,1553.6,0.1094,1555.43,1553.5,0.0003265400,0.0000020995,0.2,334.0
2026-09-14T08:42:48.811+00:00,ASTER,ENTROPY,9.5213,2.7213,1555.08,2.7,1553.6,0.1094,1555.43,1553.5,0.0003265400,0.0000020995,13.2,0.2
2026-09-14T08:42:48.840+00:00,ASTER,HL,9.6514,2.8514,1554.8,3.86,1553.3,39.141,1555.43,1553.2,0.0003265400,0.0000062500,0.1,563.8
2026-09-14T08:42:48.840+00:00,ASTER,ENTROPY,7.7204,0.9204,1554.8,3.86,1553.6,0.1094,1555.43,1553.5,0.0003265400,0.0000020995,0.1,29.0
2026-09-14T08:42:48.861+00:00,ASTER,HL,9.6514,2.8514,1554.8,3.86,1553.3,39.141,1555.43,1553.2,0.0003265400,0.0000062500,21.7,0.2
2026-09-14T08:42:48.861+00:00,ASTER,ENTROPY,7.7204,0.9204,1554.8,3.86,1553.6,0.3042,1555.43,1553.5,0.0003265400,0.0000020995,21.9,0.3
2026-09-14T08:42:48.907+00:00,ASTER,HL,9.6514,2.8514,1554.8,3.86,1553.3,39.141,1555.43,1553.2,0.0003265400,0.0000062500,0.1,46.2
2026-09-14T08:42:48.907+00:00,ASTER,ENTROPY,7.7204,0.9204,1554.8,3.86,1553.6,0.3042,1555.43,1553.5,0.0003265400,0.0000020995,0.1,46.1
2026-09-14T08:42:48.907+00:00,ASTER,HL,9.6514,2.8514,1554.8,1.93,1553.3,39.141,1555.43,1553.2,0.0003265400,0.0000062500,0.2,46.3
2026-09-14T08:42:48.907+00:00,ASTER,ENTROPY,7.7204,0.9204,1554.8,1.93,1553.6,0.3042,1555.43,1553.5,0.0003265400,0.0000020995,0.2,46.2
2026-09-14T08:42:48.907+00:00,ASTER,HL,9.6513,2.8513,1554.8,1.93,1553.3,39.141,1555.45,1553.2,0.0003265400,0.0000062500,0.2,46.3
2026-09-14T08:42:48.907+00:00,ASTER,ENTROPY,7.7203,0.9203,1554.8,1.93,1553.6,0.3042,1555.45,1553.5,0.0003265400,0.0000020995,0.2,46.3
2026-09-14T08:42:48.907+00:00,ASTER,HL,9.3940,2.5940,1554.76,16.41,1553.3,39.141,1555.45,1553.2,0.0003265400,0.0000062500,0.2,46.3
2026-09-14T08:42:48.907+00:00,ASTER,ENTROPY,7.4630,0.6630,1554.76,16.41,1553.6,0.3042,1555.45,1553.5,0.0003265400,0.0000020995,0.2,46.3
2026-09-14T08:42:48.907+00:00,ASTER,HL,9.3940,2.5940,1554.76,0.01,1553.3,39.141,1555.45,1553.2,0.0003265400,0.0000062500,0.3,46.4
2026-09-14T08:42:48.907+00:00,ASTER,ENTROPY,7.4630,0.6630,1554.76,0.01,1553.6,0.3042,1555.45,1553.5,0.0003265400,0.0000020995,0.3,46.3
2026-09-14T08:42:48.907+00:00,ASTER,HL,9.3941,2.5941,1554.76,0.01,1553.3,39.141,1555.42,1553.2,0.0003265400,0.0000062500,0.3,46.4
2026-09-14T08:42:48.907+00:00,ASTER,ENTROPY,7.4631,0.6631,1554.76,0.01,1553.6,0.3042,1555.42,1553.5,0.0003265400,0.0000020995,0.3,46.4
2026-09-14T08:42:48.907+00:00,ASTER,HL,9.3941,2.5941,1554.76,0.01,1553.3,39.141,1555.38,1553.2,0.0003265400,0.0000062500,0.3,46.4
2026-09-14T08:42:48.907+00:00,ASTER,ENTROPY,7.4631,0.6631,1554.76,0.01,1553.6,0.3042,1555.38,1553.5,0.0003265400,0.0000020995,0.3,46.4
2026-09-14T08:42:48.907+00:00,ASTER,HL,9.3941,2.5941,1554.76,0.01,1553.3,39.141,1555.38,1553.2,0.0003265400,0.0000062500,0.3,46.4
2026-09-14T08:42:48.907+00:00,ASTER,ENTROPY,7.4631,0.6631,1554.76,0.01,1553.6,0.3042,1555.38,1553.5,0.0003265400,0.0000020995,0.3,46.4
2026-09-14T08:42:48.948+00:00,ASTER,HL,10.8736,4.0736,1554.99,2.7,1553.3,39.141,1555.38,1553.2,0.0003265400,0.0000062500,0.2,87.0
2026-09-14T08:42:48.948+00:00,ASTER,ENTROPY,8.9425,2.1425,1554.99,2.7,1553.6,0.3042,1555.38,1553.5,0.0003265400,0.0000020995,0.2,87.0
2026-09-14T08:42:49.047+00:00,ASTER,HL,9.3941,2.5941,1554.76,0.01,1553.3,39.141,1555.38,1553.2,0.0003265400,0.0000062500,0.2,185.9
2026-09-14T08:42:49.047+00:00,ASTER,ENTROPY,7.4631,0.6631,1554.76,0.01,1553.6,0.3042,1555.38,1553.5,0.0003265400,0.0000020995,0.2,185.8
2026-09-14T08:42:49.050+00:00,ASTER,HL,9.3941,2.5941,1554.76,0.01,1553.3,39.141,1555.38,1553.2,0.0003265400,0.0000062500,0.1,189.1
2026-09-14T08:42:49.050+00:00,ASTER,ENTROPY,7.4631,0.6631,1554.76,0.01,1553.6,0.3042,1555.38,1553.5,0.0003265400,0.0000020995,0.1,189.0
2026-09-14T08:42:49.050+00:00,ASTER,HL,9.3940,2.5940,1554.76,0.01,1553.3,39.141,1555.45,1553.2,0.0003265400,0.0000062500,0.2,189.2
2026-09-14T08:42:49.050+00:00,ASTER,ENTROPY,7.4630,0.6630,1554.76,0.01,1553.6,0.3042,1555.45,1553.5,0.0003265400,0.0000020995,0.2,189.2
2026-09-14T08:42:49.050+00:00,ASTER,HL,11.0022,4.2022,1555.01,2.7,1553.3,39.141,1555.45,1553.2,0.0003265400,0.0000062500,0.3,189.3
2026-09-14T08:42:49.050+00:00,ASTER,ENTROPY,9.0711,2.2711,1555.01,2.7,1553.6,0.3042,1555.45,1553.5,0.0003265400,0.0000020995,0.3,189.2
2026-09-14T08:42:49.114+00:00,ASTER,HL,11.0022,4.2022,1555.01,2.7,1553.3,39.141,1555.45,1553.2,0.0003265400,0.0000062500,63.6,0.2
2026-09-14T08:42:49.151+00:00,ASTER,HL,11.0022,4.2022,1555.01,2.7,1553.3,39.141,1555.45,1553.2,0.0003265400,0.0000062500,100.2,0.2
2026-09-14T08:42:49.151+00:00,ASTER,ENTROPY,9.0711,2.2711,1555.01,2.7,1553.6,0.3042,1555.45,1553.5,0.0003265400,0.0000020995,100.3,0.3
2026-09-14T08:42:49.284+00:00,ASTER,HL,9.3940,2.5940,1554.76,0.01,1553.3,39.141,1555.45,1553.2,0.0003265400,0.0000062500,0.1,134.0
2026-09-14T08:42:49.284+00:00,ASTER,ENTROPY,7.4630,0.6630,1554.76,0.01,1553.6,0.3042,1555.45,1553.5,0.0003265400,0.0000020995,0.1,134.0
2026-09-14T08:42:49.297+00:00,ASTER,HL,11.1951,4.3951,1555.04,2.7,1553.3,39.141,1555.45,1553.2,0.0003265400,0.0000062500,0.1,146.8
2026-09-14T08:42:49.297+00:00,ASTER,ENTROPY,9.2640,2.4640,1555.04,2.7,1553.6,0.3042,1555.45,1553.5,0.0003265400,0.0000020995,0.1,146.8
2026-09-14T08:42:49.367+00:00,ASTER,HL,11.1951,4.3951,1555.04,2.7,1553.3,39.141,1555.45,1553.2,0.0003265400,0.0000062500,70.6,0.6
2026-09-14T08:42:49.368+00:00,ASTER,ENTROPY,9.2640,2.4640,1555.04,2.7,1553.6,0.3383,1555.45,1553.5,0.0003265400,0.0000020995,70.7,0.7
2026-09-14T08:42:49.407+00:00,ASTER,HL,11.1951,4.3951,1555.04,2.7,1553.3,40.107,1555.45,1553.2,0.0003265400,0.0000062500,109.9,0.1
2026-09-14T08:42:49.615+00:00,ASTER,HL,11.1951,4.3951,1555.04,2.7,1553.3,40.025,1555.45,1553.2,0.0003265400,0.0000062500,317.7,0.3
2026-09-14T08:42:51.109+00:00,ASTER,HL,11.1953,4.3953,1555.04,2.7,1553.3,40.025,1555.38,1553.2,0.0003265400,0.0000062500,0.2,1494.7
2026-09-14T08:42:51.109+00:00,ASTER,ENTROPY,9.2641,2.4641,1555.04,2.7,1553.6,0.3383,1555.38,1553.5,0.0003265400,0.0000020995,0.2,1742.1
2026-09-14T08:42:51.109+00:00,ASTER,HL,11.1953,4.3953,1555.04,2.7,1553.3,40.025,1555.38,1553.2,0.0003265400,0.0000062500,0.5,1494.9
2026-09-14T08:42:51.109+00:00,ASTER,ENTROPY,9.2641,2.4641,1555.04,2.7,1553.6,0.3383,1555.38,1553.5,0.0003265400,0.0000020995,0.5,1742.3
2026-09-14T08:42:51.136+00:00,ASTER,HL,9.3941,2.5941,1554.76,0.01,1553.3,40.025,1555.38,1553.2,0.0003265400,0.0000062500,0.1,1521.5
2026-09-14T08:42:51.136+00:00,ASTER,ENTROPY,7.4631,0.6631,1554.76,0.01,1553.6,0.3383,1555.38,1553.5,0.0003265400,0.0000020995,0.1,1768.9
2026-09-14T08:42:51.145+00:00,ASTER,HL,9.3941,2.5941,1554.76,0.01,1553.3,40.025,1555.38,1553.2,0.0003265400,0.0000062500,0.1,1530.4
2026-09-14T08:42:51.145+00:00,ASTER,ENTROPY,7.4631,0.6631,1554.76,0.01,1553.6,0.3383,1555.38,1553.5,0.0003265400,0.0000020995,0.1,1777.8
2026-09-14T08:42:51.145+00:00,ASTER,HL,9.3940,2.5940,1554.76,0.01,1553.3,40.025,1555.45,1553.2,0.0003265400,0.0000062500,0.2,1530.5
2026-09-14T08:42:51.145+00:00,ASTER,ENTROPY,7.4630,0.6630,1554.76,0.01,1553.6,0.3383,1555.45,1553.5,0.0003265400,0.0000020995,0.2,1777.9
2026-09-14T08:42:51.145+00:00,ASTER,HL,9.3297,2.5297,1554.75,5.28,1553.3,40.025,1555.45,1553.2,0.0003265400,0.0000062500,0.3,1530.5
2026-09-14T08:42:51.145+00:00,ASTER,ENTROPY,7.3987,0.5987,1554.75,5.28,1553.6,0.3383,1555.45,1553.5,0.0003265400,0.0000020995,0.3,1778.0
2026-09-14T08:42:51.145+00:00,ASTER,HL,9.3297,2.5297,1554.75,2.96,1553.3,40.025,1555.45,1553.2,0.0003265400,0.0000062500,0.3,1530.6
2026-09-14T08:42:51.145+00:00,ASTER,ENTROPY,7.3987,0.5987,1554.75,2.96,1553.6,0.3383,1555.45,1553.5,0.0003265400,0.0000020995,0.3,1778.0
2026-09-14T08:42:51.145+00:00,ASTER,HL,9.3297,2.5297,1554.75,0.64,1553.3,40.025,1555.45,1553.2,0.0003265400,0.0000062500,0.4,1530.6
2026-09-14T08:42:51.145+00:00,ASTER,ENTROPY,7.3987,0.5987,1554.75,0.64,1553.6,0.3383,1555.45,1553.5,0.0003265400,0.0000020995,0.4,1778.1
2026-09-14T08:42:51.223+00:00,ASTER,HL,9.3298,2.5298,1554.75,0.64,1553.3,40.025,1555.41,1553.2,0.0003265400,0.0000062500,0.2,1608.7
2026-09-14T08:42:51.223+00:00,ASTER,ENTROPY,7.3988,0.5988,1554.75,0.64,1553.6,0.3383,1555.41,1553.5,0.0003265400,0.0000020995,0.2,1856.1
2026-09-14T08:42:51.223+00:00,ASTER,HL,9.3298,2.5298,1554.75,0.64,1553.3,40.025,1555.37,1553.2,0.0003265400,0.0000062500,0.3,1608.9
2026-09-14T08:42:51.223+00:00,ASTER,ENTROPY,7.3988,0.5988,1554.75,0.64,1553.6,0.3383,1555.37,1553.5,0.0003265400,0.0000020995,0.3,1856.3
2026-09-14T08:42:51.223+00:00,ASTER,HL,9.3299,2.5299,1554.75,0.64,1553.3,40.025,1555.3,1553.2,0.0003265400,0.0000062500,0.3,1608.9
2026-09-14T08:42:51.223+00:00,ASTER,ENTROPY,7.3989,0.5989,1554.75,0.64,1553.6,0.3383,1555.3,1553.5,0.0003265400,0.0000020995,0.3,1856.3
2026-09-14T08:42:51.223+00:00,ASTER,HL,9.3299,2.5299,1554.75,0.64,1553.3,40.025,1555.3,1553.2,0.0003265400,0.0000062500,0.3,1608.9
2026-09-14T08:42:51.223+00:00,ASTER,ENTROPY,7.3989,0.5989,1554.75,0.64,1553.6,0.3383,1555.3,1553.5,0.0003265400,0.0000020995,0.3,1856.3
2026-09-14T08:42:51.223+00:00,ASTER,HL,9.3299,2.5299,1554.75,0.64,1553.3,40.025,1555.3,1553.2,0.0003265400,0.0000062500,0.3,1608.9
2026-09-14T08:42:51.223+00:00,ASTER,ENTROPY,7.3989,0.5989,1554.75,0.64,1553.6,0.3383,1555.3,1553.5,0.0003265400,0.0000020995,0.3,1856.3
2026-09-14T08:42:51.223+00:00,ASTER,HL,9.3299,2.5299,1554.75,0.64,1553.3,40.025,1555.3,1553.2,0.0003265400,0.0000062500,0.4,1609.0
2026-09-14T08:42:51.223+00:00,ASTER,ENTROPY,7.3989,0.5989,1554.75,0.64,1553.6,0.3383,1555.3,1553.5,0.0003265400,0.0000020995,0.4,1856.4
2026-09-14T08:42:51.223+00:00,ASTER,HL,10.1662,3.3662,1554.88,2.7,1553.3,40.025,1555.3,1553.2,0.0003265400,0.0000062500,0.4,1609.0
2026-09-14T08:42:51.223+00:00,ASTER,ENTROPY,8.2351,1.4351,1554.88,2.7,1553.6,0.3383,1555.3,1553.5,0.0003265400,0.0000020995,0.4,1856.4
2026-09-14T08:42:51.288+00:00,ASTER,ENTROPY,8.2351,1.4351,1554.88,2.7,1553.6,0.35,1555.3,1553.5,0.0003265400,0.0000020995,65.3,0.2
2026-09-14T08:42:51.295+00:00,ASTER,HL,10.1662,3.3662,1554.88,2.7,1553.3,40.025,1555.29,1553.2,0.0003265400,0.0000062500,0.7,1680.4
2026-09-14T08:42:51.295+00:00,ASTER,ENTROPY,8.2351,1.4351,1554.88,2.7,1553.6,0.35,1555.29,1553.5,0.0003265400,0.0000020995,0.7,6.7
2026-09-14T08:42:51.295+00:00,ASTER,HL,10.1662,3.3662,1554.88,2.7,1553.3,40.025,1555.29,1553.2,0.0003265400,0.0000062500,0.8,1680.5
2026-09-14T08:42:51.295+00:00,ASTER,ENTROPY,8.2351,1.4351,1554.88,2.7,1553.6,0.35,1555.29,1553.5,0.0003265400,0.0000020995,0.8,6.8
2026-09-14T08:42:51.382+00:00,ASTER,HL,10.1662,3.3662,1554.88,2.7,1553.3,40.804,1555.29,1553.2,0.0003265400,0.0000062500,88.4,0.2
2026-09-14T08:42:51.423+00:00,ASTER,HL,10.1664,3.3664,1554.88,2.7,1553.3,40.882,1555.29,1553.1,0.0003265400,0.0000062500,128.6,0.2
2026-09-14T08:42:51.490+00:00,ASTER,HL,9.3301,2.5301,1554.75,0.64,1553.3,40.882,1555.29,1553.1,0.0003265400,0.0000062500,0.2,67.5
2026-09-14T08:42:51.490+00:00,ASTER,ENTROPY,7.3989,0.5989,1554.75,0.64,1553.6,0.35,1555.29,1553.5,0.0003265400,0.0000020995,0.2,201.9
2026-09-14T08:42:51.546+00:00,ASTER,HL,10.2307,3.4307,1554.89,2.7,1553.3,40.882,1555.29,1553.1,0.0003265400,0.0000062500,0.2,124.0
2026-09-14T08:42:51.546+00:00,ASTER,ENTROPY,8.2994,1.4994,1554.89,2.7,1553.6,0.35,1555.29,1553.5,0.0003265400,0.0000020995,0.2,258.4
2026-09-14T08:42:51.736+00:00,ASTER,HL,10.2307,3.4307,1554.89,2.7,1553.3,40.882,1555.29,1553.1,0.0003265400,0.0000062500,0.2,313.2
2026-09-14T08:42:51.736+00:00,ASTER,ENTROPY,8.2994,1.4994,1554.89,2.7,1553.6,0.35,1555.29,1553.5,0.0003265400,0.0000020995,0.2,447.6
2026-09-14T08:42:51.788+00:00,ASTER,HL,9.3301,2.5301,1554.75,0.64,1553.3,40.882,1555.29,1553.1,0.0003265400,0.0000062500,0.2,365.9
2026-09-14T08:42:51.788+00:00,ASTER,ENTROPY,7.3989,0.5989,1554.75,0.64,1553.6,0.35,1555.29,1553.5,0.0003265400,0.0000020995,0.2,500.3
2026-09-14T08:42:51.799+00:00,ASTER,HL,10.3594,3.5594,1554.91,2.7,1553.3,40.882,1555.29,1553.1,0.0003265400,0.0000062500,0.6,377.1
2026-09-14T08:42:51.799+00:00,ASTER,ENTROPY,8.4281,1.6281,1554.91,2.7,1553.6,0.35,1555.29,1553.5,0.0003265400,0.0000020995,0.6,511.5
2026-09-14T08:42:51.804+00:00,ASTER,HL,11.0030,4.2030,1554.91,2.7,1553.2,0.644,1555.29,1553.1,0.0003265400,0.0000062500,5.0,0.2
2026-09-14T08:42:51.845+00:00,ASTER,HL,11.0030,4.2030,1554.91,2.7,1553.2,0.644,1555.28,1553.1,0.0003265400,0.0000062500,0.2,41.2
2026-09-14T08:42:51.845+00:00,ASTER,ENTROPY,8.4281,1.6281,1554.91,2.7,1553.6,0.35,1555.28,1553.5,0.0003265400,0.0000020995,0.2,556.8
2026-09-14T08:42:51.896+00:00,ASTER,HL,11.0030,4.2030,1554.91,2.7,1553.2,0.644,1555.29,1553.1,0.0003265400,0.0000062500,0.2,92.8
2026-09-14T08:42:51.896+00:00,ASTER,ENTROPY,8.4281,1.6281,1554.91,2.7,1553.6,0.35,1555.29,1553.5,0.0003265400,0.0000020995,0.2,608.5
2026-09-14T08:42:52.123+00:00,ASTER,HL,11.0030,4.2030,1554.91,2.7,1553.2,1.61,1555.29,1553.1,0.0003265400,0.0000062500,227.0,0.1
2026-09-14T08:42:52.183+00:00,ASTER,ENTROPY,8.4281,1.6281,1554.91,2.7,1553.6,1.6745,1555.29,1553.5,0.0003265400,0.0000021045,286.5,0.3
2026-09-14T08:42:52.236+00:00,ASTER,HL,9.9737,3.1737,1554.75,0.64,1553.2,1.61,1555.29,1553.1,0.0003265400,0.0000062500,0.2,112.4
2026-09-14T08:42:52.236+00:00,ASTER,ENTROPY,7.3989,0.5989,1554.75,0.64,1553.6,1.6745,1555.29,1553.5,0.0003265400,0.0000021045,0.2,53.0
2026-09-14T08:42:52.243+00:00,ASTER,HL,11.0673,4.2673,1554.92,2.7,1553.2,1.61,1555.29,1553.1,0.0003265400,0.0000062500,0.2,119.4
2026-09-14T08:42:52.243+00:00,ASTER,ENTROPY,8.4924,1.6924,1554.92,2.7,1553.6,1.6745,1555.29,1553.5,0.0003265400,0.0000021045,0.2,60.1
2026-09-14T08:42:52.619+00:00,ASTER,HL,11.0673,4.2673,1554.92,2.7,1553.2,0.966,1555.29,1553.1,0.0003265400,0.0000062500,376.3,0.2
2026-09-14T08:42:52.619+00:00,ASTER,HL,11.0673,4.2673,1554.92,2.7,1553.2,0.884,1555.29,1553.1,0.0003265400,0.0000062500,376.5,0.4
2026-09-14T08:42:52.789+00:00,ASTER,HL,9.9737,3.1737,1554.75,0.64,1553.2,0.884,1555.29,1553.1,0.0003265400,0.0000062500,0.3,170.8
2026-09-14T08:42:52.789+00:00,ASTER,ENTROPY,7.3989,0.5989,1554.75,0.64,1553.6,1.6745,1555.29,1553.5,0.0003265400,0.0000021045,0.3,606.8
2026-09-14T08:42:52.819+00:00,ASTER,HL,9.9737,3.1737,1554.75,0.64,1553.2,0.884,1555.29,1553.1,0.0003265400,0.0000062500,30.3,0.2
2026-09-14T08:42:52.819+00:00,ASTER,HL,9.3301,2.5301,1554.75,0.64,1553.3,39.916,1555.29,1553.1,0.0003265400,0.0000062500,30.5,0.3
2026-09-14T08:42:52.855+00:00,ASTER,HL,11.0026,4.2026,1555.01,2.7,1553.3,39.916,1555.29,1553.1,0.0003265400,0.0000062500,0.2,36.0
2026-09-14T08:42:52.855+00:00,ASTER,ENTROPY,9.0713,2.2713,1555.01,2.7,1553.6,1.6745,1555.29,1553.5,0.0003265400,0.0000021045,0.2,672.8
2026-09-14T08:42:52.856+00:00,ASTER,HL,11.4529,4.6529,1555.08,2.7,1553.3,39.916,1555.29,1553.1,0.0003265400,0.0000062500,0.3,36.2
2026-09-14T08:42:52.856+00:00,ASTER,ENTROPY,9.5216,2.7216,1555.08,2.7,1553.6,1.6745,1555.29,1553.5,0.0003265400,0.0000021045,0.3,672.9
2026-09-14T08:42:52.919+00:00,ASTER,HL,11.4529,4.6529,1555.08,2.7,1553.3,39.916,1555.29,1553.1,0.0003265400,0.0000062500,64.4,0.2
2026-09-14T08:42:52.975+00:00,ASTER,HL,11.4529,4.6529,1555.08,2.7,1553.3,39.916,1555.29,1553.1,0.0003265400,0.0000062500,119.4,0.3
2026-09-14T08:42:52.990+00:00,ASTER,HL,9.7161,2.9161,1554.81,43.22,1553.3,39.916,1555.29,1553.1,0.0003265400,0.0000062500,0.1,15.0
2026-09-14T08:42:52.990+00:00,ASTER,ENTROPY,7.7849,0.9849,1554.81,43.22,1553.6,1.6745,1555.29,1553.5,0.0003265400,0.0000021045,0.1,806.8
2026-09-14T08:42:52.999+00:00,ASTER,HL,11.5815,4.7815,1555.1,2.7,1553.3,39.916,1555.29,1553.1,0.0003265400,0.0000062500,0.1,25.0
2026-09-14T08:42:52.999+00:00,ASTER,ENTROPY,9.6502,2.8502,1555.1,2.7,1553.6,1.6745,1555.29,1553.5,0.0003265400,0.0000021045,0.1,816.8
2026-09-14T08:42:53.199+00:00,ASTER,HL,11.5814,4.7814,1555.1,2.7,1553.3,40.882,1555.29,1553.2,0.0003265400,0.0000062500,199.9,0.3
2026-09-14T08:42:53.200+00:00,ASTER,ENTROPY,9.6502,2.8502,1555.1,2.7,1553.6,1.6745,1555.29,1553.5,0.0003265400,0.0000021045,200.1,0.4
2026-09-14T08:42:53.200+00:00,ASTER,HL,11.5814,4.7814,1555.1,2.7,1553.3,40.025,1555.29,1553.2,0.0003265400,0.0000062500,200.1,0.4
2026-09-14T08:42:53.200+00:00,ASTER,ENTROPY,9.6502,2.8502,1555.1,2.7,1553.6,1.4797,1555.29,1553.5,0.0003265400,0.0000021045,200.2,0.4
2026-09-14T08:42:53.330+00:00,ASTER,HL,11.5814,4.7814,1555.1,2.7,1553.3,39.059,1555.29,1553.2,0.0003265400,0.0000062500,330.0,0.2
2026-09-14T08:42:53.437+00:00,ASTER,HL,9.7159,2.9159,1554.81,10.42,1553.3,39.059,1555.29,1553.2,0.0003265400,0.0000062500,0.2,107.5
2026-09-14T08:42:53.437+00:00,ASTER,ENTROPY,7.7849,0.9849,1554.81,10.42,1553.6,1.4797,1555.29,1553.5,0.0003265400,0.0000021045,0.2,237.5
2026-09-14T08:42:53.507+00:00,ASTER,HL,9.7159,2.9159,1554.81,10.42,1553.3,39.059,1555.29,1553.2,0.0003265400,0.0000062500,70.8,0.2
2026-09-14T08:42:53.554+00:00,ASTER,HL,10.8095,4.0095,1554.98,2.7,1553.3,39.059,1555.29,1553.2,0.0003265400,0.0000062500,0.1,46.9
2026-09-14T08:42:53.554+00:00,ASTER,ENTROPY,8.8784,2.0784,1554.98,2.7,1553.6,1.4797,1555.29,1553.5,0.0003265400,0.0000021045,0.1,354.9
2026-09-14T08:42:53.587+00:00,ASTER,HL,9.7159,2.9159,1554.81,10.42,1553.3,39.059,1555.29,1553.2,0.0003265400,0.0000062500,0.2,79.6
2026-09-14T08:42:53.587+00:00,ASTER,ENTROPY,7.7849,0.9849,1554.81,10.42,1553.6,1.4797,1555.29,1553.5,0.0003265400,0.0000021045,0.2,387.6
2026-09-14T08:42:53.587+00:00,ASTER,HL,9.7159,2.9159,1554.81,10.42,1553.3,19.059,1555.29,1553.2,0.0003265400,0.0000062500,0.3,0.3
2026-09-14T08:42:53.599+00:00,ASTER,HL,10.8738,4.0738,1554.99,2.7,1553.3,19.059,1555.29,1553.2,0.0003265400,0.0000062500,0.1,12.7
2026-09-14T08:42:53.599+00:00,ASTER,ENTROPY,8.9427,2.1427,1554.99,2.7,1553.6,1.4797,1555.29,1553.5,0.0003265400,0.0000021045,0.1,400.1
2026-09-14T08:42:53.713+00:00,ASTER,HL,10.8738,4.0738,1554.99,2.7,1553.3,19.059,1555.29,1553.2,0.0003265400,0.0000062500,114.2,0.2
2026-09-14T08:42:53.713+00:00,ASTER,ENTROPY,8.9427,2.1427,1554.99,2.7,1553.6,1.7449,1555.29,1553.5,0.0003265400,0.0000021045,114.3,0.3
2026-09-14T08:42:53.775+00:00,ASTER,HL,10.8738,4.0738,1554.99,2.7,1553.3,19.059,1555.29,1553.2,0.0003265400,0.0000062500,176.1,0.2
2026-09-14T08:42:53.776+00:00,ASTER,ENTROPY,8.9427,2.1427,1554.99,2.7,1553.6,1.4797,1555.29,1553.5,0.0003265400,0.0000021045,176.3,0.3
2026-09-14T08:42:53.885+00:00,ASTER,HL,10.8735,4.0735,1554.99,2.7,1553.3,19.059,1555.44,1553.2,0.0003265400,0.0000062500,0.2,109.8
2026-09-14T08:42:53.885+00:00,ASTER,ENTROPY,8.9425,2.1425,1554.99,2.7,1553.6,1.4797,1555.44,1553.5,0.0003265400,0.0000021045,0.2,109.8
2026-09-14T08:42:53.890+00:00,ASTER,HL,9.7157,2.9157,1554.81,10.42,1553.3,19.059,1555.44,1553.2,0.0003265400,0.0000062500,0.1,115.2
2026-09-14T08:42:53.890+00:00,ASTER,ENTROPY,7.7847,0.9847,1554.81,10.42,1553.6,1.4797,1555.44,1553.5,0.0003265400,0.0000021045,0.1,115.1
2026-09-14T08:42:53.893+00:00,ASTER,HL,9.7157,2.9157,1554.81,10.42,1553.3,19.059,1555.44,1553.2,0.0003265400,0.0000062500,0.1,117.7
2026-09-14T08:42:53.893+00:00,ASTER,ENTROPY,7.7847,0.9847,1554.81,10.42,1553.6,1.4797,1555.44,1553.5,0.0003265400,0.0000021045,0.1,117.7
2026-09-14T08:42:53.893+00:00,ASTER,HL,9.7157,2.9157,1554.81,5.21,1553.3,19.059,1555.44,1553.2,0.0003265400,0.0000062500,0.2,117.8
2026-09-14T08:42:53.893+00:00,ASTER,ENTROPY,7.7847,0.9847,1554.81,5.21,1553.6,1.4797,1555.44,1553.5,0.0003265400,0.0000021045,0.2,117.7
2026-09-14T08:42:53.893+00:00,ASTER,HL,9.7157,2.9157,1554.81,5.21,1553.3,19.059,1555.45,1553.2,0.0003265400,0.0000062500,0.2,117.8
2026-09-14T08:42:53.893+00:00,ASTER,ENTROPY,7.7847,0.9847,1554.81,5.21,1553.6,1.4797,1555.45,1553.5,0.0003265400,0.0000021045,0.2,117.8
2026-09-14T08:42:53.893+00:00,ASTER,HL,9.3940,2.5940,1554.76,16.4,1553.3,19.059,1555.45,1553.2,0.0003265400,0.0000062500,0.2,117.8
2026-09-14T08:42:53.893+00:00,ASTER,ENTROPY,7.4630,0.6630,1554.76,16.4,1553.6,1.4797,1555.45,1553.5,0.0003265400,0.0000021045,0.2,117.8
2026-09-14T08:42:53.893+00:00,ASTER,HL,9.3297,2.5297,1554.75,0.64,1553.3,19.059,1555.45,1553.2,0.0003265400,0.0000062500,0.3,117.9
2026-09-14T08:42:53.893+00:00,ASTER,ENTROPY,7.3987,0.5987,1554.75,0.64,1553.6,1.4797,1555.45,1553.5,0.0003265400,0.0000021045,0.3,117.8
2026-09-14T08:42:53.893+00:00,ASTER,HL,11.1308,4.3308,1555.03,2.7,1553.3,19.059,1555.45,1553.2,0.0003265400,0.0000062500,0.3,117.9
2026-09-14T08:42:53.893+00:00,ASTER,ENTROPY,9.1997,2.3997,1555.03,2.7,1553.6,1.4797,1555.45,1553.5,0.0003265400,0.0000021045,0.3,117.9
2026-09-14T08:42:53.893+00:00,ASTER,HL,11.5811,4.7811,1555.1,2.7,1553.3,19.059,1555.45,1553.2,0.0003265400,0.0000062500,0.3,117.9
2026-09-14T08:42:53.893+00:00,ASTER,ENTROPY,9.6499,2.8499,1555.1,2.7,1553.6,1.4797,1555.45,1553.5,0.0003265400,0.0000021045,0.3,117.9
2026-09-14T08:42:53.893+00:00,ASTER,HL,11.8383,5.0383,1555.14,2.7,1553.3,19.059,1555.45,1553.2,0.0003265400,0.0000062500,0.3,117.9
2026-09-14T08:42:53.893+00:00,ASTER,ENTROPY,9.9072,3.1072,1555.14,2.7,1553.6,1.4797,1555.45,1553.5,0.0003265400,0.0000021045,0.3,117.9
2026-09-14T08:42:53.902+00:00,ASTER,HL,11.8383,5.0383,1555.14,2.7,1553.3,19.059,1555.45,1553.2,0.0003265400,0.0000062500,9.8,0.2
2026-09-14T08:42:53.902+00:00,ASTER,ENTROPY,9.9072,3.1072,1555.14,2.7,1553.6,1.6384,1555.45,1553.5,0.0003265400,0.0000021045,9.9,0.2
2026-09-14T08:42:53.939+00:00,ASTER,HL,11.5811,4.7811,1555.1,2.7,1553.3,19.059,1555.45,1553.2,0.0003265400,0.0000062500,0.1,36.9
2026-09-14T08:42:53.939+00:00,ASTER,ENTROPY,9.6499,2.8499,1555.1,2.7,1553.6,1.6384,1555.45,1553.5,0.0003265400,0.0000021045,0.1,36.9
2026-09-14T08:42:53.952+00:00,ASTER,HL,10.6162,3.8162,1554.95,42.18,1553.3,19.059,1555.45,1553.2,0.0003265400,0.0000062500,0.1,49.8
2026-09-14T08:42:53.952+00:00,ASTER,ENTROPY,8.6852,1.8852,1554.95,42.18,1553.6,1.6384,1555.45,1553.5,0.0003265400,0.0000021045,0.1,49.8
2026-09-14T08:42:53.955+00:00,ASTER,HL,11.9670,5.1670,1555.16,2.7,1553.3,19.059,1555.45,1553.2,0.0003265400,0.0000062500,0.1,52.4
2026-09-14T08:42:53.955+00:00,ASTER,ENTROPY,10.0358,3.2358,1555.16,2.7,1553.6,1.6384,1555.45,1553.5,0.0003265400,0.0000021045,0.1,52.3
2026-09-14T08:42:53.970+00:00,ASTER,HL,11.9670,5.1670,1555.16,2.7,1553.3,19.059,1555.45,1553.2,0.0003265400,0.0000062500,15.2,0.1
2026-09-14T08:42:53.970+00:00,ASTER,ENTROPY,10.0358,3.2358,1555.16,2.7,1553.6,1.6384,1555.45,1553.5,0.0003265400,0.0000021045,15.3,0.2
2026-09-14T08:42:54.088+00:00,ASTER,HL,11.9667,5.1667,1555.16,2.7,1553.3,19.059,1555.58,1553.2,0.0003265400,0.0000062500,0.2,118.2
2026-09-14T08:42:54.088+00:00,ASTER,ENTROPY,10.0356,3.2356,1555.16,2.7,1553.6,1.6384,1555.58,1553.5,0.0003265400,0.0000021045,0.2,118.1
2026-09-14T08:42:54.095+00:00,ASTER,HL,11.9667,5.1667,1555.16,2.7,1553.3,19.059,1555.58,1553.2,0.0003265400,0.0000062500,0.1,125.1
2026-09-14T08:42:54.095+00:00,ASTER,ENTROPY,10.0356,3.2356,1555.16,2.7,1553.6,1.6384,1555.58,1553.5,0.0003265400,0.0000021045,0.1,125.0
2026-09-14T08:42:54.100+00:00,ASTER,HL,11.9667,5.1667,1555.16,2.7,1553.3,19.059,1555.58,1553.2,0.0003265400,0.0000062500,0.2,129.8
2026-09-14T08:42:54.100+00:00,ASTER,ENTROPY,10.0356,3.2356,1555.16,2.7,1553.6,1.6384,1555.58,1553.5,0.0003265400,0.0000021045,0.2,129.7
2026-09-14T08:42:54.100+00:00,ASTER,HL,11.9666,5.1666,1555.16,2.7,1553.3,19.059,1555.65,1553.2,0.0003265400,0.0000062500,0.3,129.9
2026-09-14T08:42:54.100+00:00,ASTER,ENTROPY,10.0355,3.2355,1555.16,2.7,1553.6,1.6384,1555.65,1553.5,0.0003265400,0.0000021045,0.3,129.9
2026-09-14T08:42:54.100+00:00,ASTER,HL,11.9666,5.1666,1555.16,2.7,1553.3,19.059,1555.65,1553.2,0.0003265400,0.0000062500,0.4,130.0
2026-09-14T08:42:54.100+00:00,ASTER,ENTROPY,10.0355,3.2355,1555.16,2.7,1553.6,1.6384,1555.65,1553.5,0.0003265400,0.0000021045,0.4,130.0
2026-09-14T08:42:54.105+00:00,ASTER,HL,12.6098,5.8098,1555.26,0.78,1553.3,19.059,1555.65,1553.2,0.0003265400,0.0000062500,0.1,135.8
2026-09-14T08:42:54.105+00:00,ASTER,ENTROPY,10.6787,3.8787,1555.26,0.78,1553.6,1.6384,1555.65,1553.5,0.0003265400,0.0000021045,0.1,135.8
2026-09-14T08:42:54.252+00:00,ASTER,HL,11.3223,4.5223,1555.26,0.78,1553.5,19.311,1555.65,1553.4,0.0003265400,0.0000062500,147.0,0.2
2026-09-14T08:42:54.252+00:00,ASTER,ENTROPY,10.6787,3.8787,1555.26,0.78,1553.6,1.4797,1555.65,1553.5,0.0003265400,0.0000021045,147.2,0.4
2026-09-14T08:42:54.374+00:00,ASTER,HL,11.3223,4.5223,1555.26,0.78,1553.5,19.311,1555.65,1553.4,0.0003265400,0.0000062500,268.7,0.2
2026-09-14T08:42:54.398+00:00,ASTER,HL,11.3223,4.5223,1555.26,0.78,1553.5,19.311,1555.65,1553.4,0.0003265400,0.0000062500,292.1,0.2
2026-09-14T08:42:54.512+00:00,ASTER,HL,10.0354,3.2354,1555.26,0.78,1553.7,19.309,1555.65,1553.4,0.0003265400,0.0000062500,406.8,0.2
2026-09-14T08:42:54.579+00:00,ASTER,HL,10.0350,3.2350,1555.26,0.78,1553.7,19.309,1555.65,1553.6,0.0003265400,0.0000062500,473.7,0.2
2026-09-14T08:42:54.649+00:00,ASTER,HL,10.0350,3.2350,1555.26,0.78,1553.7,19.309,1555.65,1553.6,0.0003265400,0.0000062500,543.9,0.3
2026-09-14T08:42:54.736+00:00,ASTER,HL,10.0349,3.2349,1555.26,0.78,1553.7,19.309,1555.76,1553.6,0.0003265400,0.0000062500,0.3,87.6
2026-09-14T08:42:54.736+00:00,ASTER,ENTROPY,10.6785,3.8785,1555.26,0.78,1553.6,1.4797,1555.76,1553.5,0.0003265400,0.0000021045,0.3,484.4
2026-09-14T08:42:54.742+00:00,ASTER,HL,10.0349,3.2349,1555.26,0.78,1553.7,19.309,1555.76,1553.6,0.0003265400,0.0000062500,0.1,93.1
2026-09-14T08:42:54.742+00:00,ASTER,ENTROPY,10.6785,3.8785,1555.26,0.78,1553.6,1.4797,1555.76,1553.5,0.0003265400,0.0000021045,0.1,489.9
2026-09-14T08:42:54.744+00:00,ASTER,HL,10.0348,3.2348,1555.26,0.78,1553.7,19.309,1555.83,1553.6,0.0003265400,0.0000062500,0.1,95.2
2026-09-14T08:42:54.744+00:00,ASTER,ENTROPY,10.6783,3.8783,1555.26,0.78,1553.6,1.4797,1555.83,1553.5,0.0003265400,0.0000021045,0.1,492.0
2026-09-14T08:42:54.752+00:00,ASTER,HL,10.0348,3.2348,1555.26,0.78,1553.7,19.309,1555.82,1553.6,0.0003265400,0.0000062500,0.1,103.5
2026-09-14T08:42:54.752+00:00,ASTER,ENTROPY,10.6784,3.8784,1555.26,0.78,1553.6,1.4797,1555.82,1553.5,0.0003265400,0.0000021045,0.1,500.2
2026-09-14T08:42:54.752+00:00,ASTER,HL,11.2566,4.4566,1555.45,2.7,1553.7,19.309,1555.82,1553.6,0.0003265400,0.0000062500,0.2,103.5
2026-09-14T08:42:54.752+00:00,ASTER,ENTROPY,11.9002,5.1002,1555.45,2.7,1553.6,1.4797,1555.82,1553.5,0.0003265400,0.0000021045,0.2,500.3
2026-09-14T08:42:54.752+00:00,ASTER,HL,11.2566,4.4566,1555.45,2.7,1553.7,19.309,1555.82,1553.6,0.0003265400,0.0000062500,0.2,103.6
2026-09-14T08:42:54.752+00:00,ASTER,ENTROPY,11.9002,5.1002,1555.45,2.7,1553.6,1.4797,1555.82,1553.5,0.0003265400,0.0000021045,0.2,500.4
2026-09-14T08:42:54.839+00:00,ASTER,HL,11.2566,4.4566,1555.45,2.7,1553.7,19.309,1555.82,1553.6,0.0003265400,0.0000062500,86.6,0.3
2026-09-14T08:42:54.839+00:00,ASTER,ENTROPY,11.9002,5.1002,1555.45,2.7,1553.6,0.9777,1555.82,1553.5,0.0003265400,0.0000021045,86.7,0.4
2026-09-14T08:42:54.840+00:00,ASTER,HL,11.2566,4.4566,1555.45,2.7,1553.7,20.035,1555.82,1553.6,0.0003265400,0.0000062500,87.3,0.9
2026-09-14T08:42:54.840+00:00,ASTER,ENTROPY,11.2568,4.4568,1555.45,2.7,1553.7,0.1114,1555.82,1553.5,0.0003265400,0.0000021045,87.4,0.9
2026-09-14T08:42:54.846+00:00,ASTER,HL,11.2566,4.4566,1555.45,2.7,1553.7,20.035,1555.82,1553.6,0.0003265400,0.0000062500,0.1,6.5
2026-09-14T08:42:54.846+00:00,ASTER,ENTROPY,11.2568,4.4568,1555.45,2.7,1553.7,0.1114,1555.82,1553.5,0.0003265400,0.0000021045,0.1,6.5
2026-09-14T08:42:54.930+00:00,ASTER,HL,11.2566,4.4566,1555.45,2.7,1553.7,19.309,1555.82,1553.6,0.0003265400,0.0000062500,84.5,0.2
2026-09-14T08:42:54.930+00:00,ASTER,ENTROPY,10.6134,3.8134,1555.45,2.7,1553.8,0.0314,1555.82,1553.5,0.0003265400,0.0000021045,84.6,0.3
2026-09-14T08:42:54.941+00:00,ASTER,HL,11.2566,4.4566,1555.45,2.7,1553.7,19.309,1555.82,1553.6,0.0003265400,0.0000062500,0.1,11.9
2026-09-14T08:42:54.941+00:00,ASTER,ENTROPY,10.6134,3.8134,1555.45,2.7,1553.8,0.0314,1555.82,1553.5,0.0003265400,0.0000021045,0.1,11.8
2026-09-14T08:42:54.996+00:00,ASTER,HL,11.2566,4.4566,1555.45,2.7,1553.7,19.309,1555.82,1553.6,0.0003265400,0.0000062500,54.9,0.2
2026-09-14T08:42:54.996+00:00,ASTER,ENTROPY,11.9002,5.1002,1555.45,2.7,1553.6,0.0077,1555.82,1553.5,0.0003265400,0.0000021045,55.1,0.3
2026-09-14T08:42:55.172+00:00,ASTER,HL,9.9698,3.1698,1555.45,2.7,1553.9,46.163,1555.82,1553.6,0.0003265400,0.0000062500,230.7,0.3
2026-09-14T08:42:55.191+00:00,ASTER,HL,9.9695,3.1695,1555.45,2.7,1553.9,46.163,1555.82,1553.8,0.0003265400,0.0000062500,249.4,0.3
2026-09-14T08:42:55.191+00:00,ASTER,ENTROPY,10.6130,3.8130,1555.45,2.7,1553.8,0.0314,1555.82,1553.7,0.0003265400,0.0000021045,249.5,0.4
2026-09-14T08:42:55.462+00:00,ASTER,HL,9.9698,3.1698,1555.45,2.7,1553.9,46.163,1555.82,1553.6,0.0003265400,0.0000062500,521.0,0.3
2026-09-14T08:42:55.462+00:00,ASTER,HL,9.9697,3.1697,1555.45,2.7,1553.9,46.268,1555.82,1553.7,0.0003265400,0.0000062500,521.2,0.4
2026-09-14T08:42:55.462+00:00,ASTER,ENTROPY,9.3263,2.5263,1555.45,2.7,1554.0,0.2066,1555.82,1553.7,0.0003265400,0.0000021045,521.2,0.4
2026-09-14T08:42:55.542+00:00,ASTER,HL,10.6130,3.8130,1555.45,2.7,1553.8,0.644,1555.82,1553.7,0.0003265400,0.0000062500,601.0,0.1
2026-09-14T08:42:55.599+00:00,ASTER,HL,10.6130,3.8130,1555.45,2.7,1553.8,7.061,1555.82,1553.7,0.0003265400,0.0000062500,657.6,0.2
2026-09-14T08:42:55.599+00:00,ASTER,ENTROPY,9.3265,2.5265,1555.45,2.7,1554.0,0.2066,1555.82,1553.6,0.0003265400,0.0000021045,657.8,0.3
2026-09-14T08:42:55.724+00:00,ASTER,HL,10.6130,3.8130,1555.45,2.7,1553.8,11.375,1555.82,1553.7,0.0003265400,0.0000062500,783.1,0.2
2026-09-14T08:42:55.742+00:00,ASTER,HL,9.3912,2.5912,1555.26,0.78,1553.8,11.375,1555.82,1553.7,0.0003265400,0.0000062500,0.2,17.6
2026-09-14T08:42:55.742+00:00,ASTER,ENTROPY,8.1046,1.3046,1555.26,0.78,1554.0,0.2066,1555.82,1553.6,0.0003265400,0.0000021045,0.2,143.0
2026-09-14T08:42:55.801+00:00,ASTER,HL,9.3912,2.5912,1555.26,0.78,1553.8,11.375,1555.81,1553.7,0.0003265400,0.0000062500,0.2,76.9
2026-09-14T08:42:55.801+00:00,ASTER,ENTROPY,8.1046,1.3046,1555.26,0.78,1554.0,0.2066,1555.81,1553.6,0.0003265400,0.0000021045,0.2,202.4
2026-09-14T08:42:55.807+00:00,ASTER,HL,9.3912,2.5912,1555.26,0.78,1553.8,8.367,1555.81,1553.7,0.0003265400,0.0000062500,5.7,0.3
2026-09-14T08:42:55.851+00:00,ASTER,HL,9.9700,3.1700,1555.35,2.7,1553.8,8.367,1555.81,1553.7,0.0003265400,0.0000062500,0.2,44.8
2026-09-14T08:42:55.851+00:00,ASTER,ENTROPY,8.6834,1.8834,1555.35,2.7,1554.0,0.2066,1555.81,1553.6,0.0003265400,0.0000021045,0.2,252.4
2026-09-14T08:42:55.905+00:00,ASTER,HL,9.9701,3.1701,1555.35,2.7,1553.8,8.367,1555.75,1553.7,0.0003265400,0.0000062500,0.1,99.7
2026-09-14T08:42:55.905+00:00,ASTER,ENTROPY,8.6835,1.8835,1555.35,2.7,1554.0,0.2066,1555.75,1553.6,0.0003265400,0.0000021045,0.1,307.3
2026-09-14T08:42:55.905+00:00,ASTER,HL,9.9701,3.1701,1555.35,2.7,1553.8,8.367,1555.75,1553.7,0.0003265400,0.0000062500,0.2,99.8
2026-09-14T08:42:55.905+00:00,ASTER,ENTROPY,8.6835,1.8835,1555.35,2.7,1554.0,0.2066,1555.75,1553.6,0.0003265400,0.0000021045,0.2,307.4
2026-09-14T08:42:55.951+00:00,ASTER,HL,9.9701,3.1701,1555.35,2.7,1553.8,8.367,1555.75,1553.7,0.0003265400,0.0000062500,0.1,144.0
2026-09-14T08:42:55.951+00:00,ASTER,ENTROPY,8.6835,1.8835,1555.35,2.7,1554.0,0.2066,1555.75,1553.6,0.0003265400,0.0000021045,0.1,351.6
2026-09-14T08:42:55.951+00:00,ASTER,HL,9.9701,3.1701,1555.35,2.7,1553.8,8.367,1555.75,1553.7,0.0003265400,0.0000062500,0.2,144.1
2026-09-14T08:42:55.951+00:00,ASTER,ENTROPY,8.6835,1.8835,1555.35,2.7,1554.0,0.2066,1555.75,1553.6,0.0003265400,0.0000021045,0.2,351.7
2026-09-14T08:42:56.062+00:00,ASTER,HL,9.9701,3.1701,1555.35,2.7,1553.8,8.443,1555.75,1553.7,0.0003265400,0.0000062500,112.3,0.2
2026-09-14T08:42:56.062+00:00,ASTER,ENTROPY,9.3269,2.5269,1555.35,2.7,1553.9,0.2004,1555.75,1553.6,0.0003265400,0.0000021045,112.4,0.3
2026-09-14T08:42:56.210+00:00,ASTER,HL,10.6137,3.8137,1555.35,2.7,1553.7,7.061,1555.75,1553.6,0.0003265400,0.0000062500,259.8,0.3
2026-09-14T08:42:56.210+00:00,ASTER,ENTROPY,9.3270,2.5270,1555.35,2.7,1553.9,0.2004,1555.75,1553.5,0.0003265400,0.0000021045,260.0,0.4
2026-09-14T08:42:56.372+00:00,ASTER,HL,10.6138,3.8138,1555.35,2.7,1553.7,7.061,1555.75,1553.5,0.0003265400,0.0000062500,422.0,0.3
2026-09-14T08:42:56.372+00:00,ASTER,ENTROPY,9.3267,2.5267,1555.35,2.7,1553.9,0.2004,1555.75,1553.7,0.0003265400,0.0000021045,422.2,0.4
2026-09-14T08:42:56.401+00:00,ASTER,ENTROPY,9.9701,3.1701,1555.35,2.7,1553.8,0.0312,1555.75,1553.7,0.0003265400,0.0000021045,450.5,0.2
2026-09-14T08:42:56.606+00:00,ASTER,HL,10.6137,3.8137,1555.35,2.7,1553.7,0.644,1555.75,1553.6,0.0003265400,0.0000062500,655.7,0.3
2026-09-14T08:42:56.718+00:00,ASTER,HL,10.6137,3.8137,1555.35,2.7,1553.7,2.329,1555.75,1553.6,0.0003265400,0.0000062500,767.8,0.3
2026-09-14T08:42:56.938+00:00,ASTER,HL,10.0349,3.2349,1555.26,0.78,1553.7,2.329,1555.75,1553.6,0.0003265400,0.0000062500,0.2,220.2
2026-09-14T08:42:56.938+00:00,ASTER,ENTROPY,9.3913,2.5913,1555.26,0.78,1553.8,0.0312,1555.75,1553.7,0.0003265400,0.0000021045,0.2,537.5
2026-09-14T08:42:56.941+00:00,ASTER,HL,10.0349,3.2349,1555.26,0.78,1553.7,2.329,1555.75,1553.6,0.0003265400,0.0000062500,0.1,223.6
2026-09-14T08:42:56.941+00:00,ASTER,ENTROPY,9.3913,2.5913,1555.26,0.78,1553.8,0.0312,1555.75,1553.7,0.0003265400,0.0000021045,0.1,540.8
2026-09-14T08:42:56.942+00:00,ASTER,HL,10.0349,3.2349,1555.26,0.78,1553.7,2.329,1555.75,1553.6,0.0003265400,0.0000062500,0.2,223.7
2026-09-14T08:42:56.942+00:00,ASTER,ENTROPY,9.3913,2.5913,1555.26,0.78,1553.8,0.0312,1555.75,1553.7,0.0003265400,0.0000021045,0.2,541.0
2026-09-14T08:42:57.000+00:00,ASTER,HL,10.6780,3.8780,1555.36,2.7,1553.7,2.329,1555.75,1553.6,0.0003265400,0.0000062500,0.2,282.2
2026-09-14T08:42:57.000+00:00,ASTER,ENTROPY,10.0344,3.2344,1555.36,2.7,1553.8,0.0312,1555.75,1553.7,0.0003265400,0.0000021045,0.2,599.5
2026-09-14T08:42:57.002+00:00,ASTER,HL,10.9995,4.1995,1555.41,2.7,1553.7,2.329,1555.75,1553.6,0.0003265400,0.0000062500,0.1,284.4
2026-09-14T08:42:57.002+00:00,ASTER,ENTROPY,10.3559,3.5559,1555.41,2.7,1553.8,0.0312,1555.75,1553.7,0.0003265400,0.0000021045,0.1,601.7
2026-09-14T08:42:57.073+00:00,ASTER,HL,10.9995,4.1995,1555.41,2.7,1553.7,0.72,1555.75,1553.6,0.0003265400,0.0000062500,71.7,0.2
2026-09-14T08:42:57.188+00:00,ASTER,HL,10.0349,3.2349,1555.26,0.78,1553.7,0.72,1555.75,1553.6,0.0003265400,0.0000062500,0.2,114.9
2026-09-14T08:42:57.188+00:00,ASTER,ENTROPY,9.3913,2.5913,1555.26,0.78,1553.8,0.0312,1555.75,1553.7,0.0003265400,0.0000021075,0.2,787.9
2026-09-14T08:42:57.273+00:00,ASTER,HL,10.0349,3.2349,1555.26,0.78,1553.7,0.076,1555.75,1553.6,0.0003265400,0.0000062500,85.1,0.2
2026-09-14T08:42:57.274+00:00,ASTER,ENTROPY,9.3913,2.5913,1555.26,0.78,1553.8,0.0312,1555.75,1553.7,0.0003265400,0.0000021075,85.3,0.3
2026-09-14T08:42:57.305+00:00,ASTER,HL,10.6137,3.8137,1555.35,2.7,1553.7,0.076,1555.75,1553.6,0.0003265400,0.0000062500,0.2,31.3
2026-09-14T08:42:57.305+00:00,ASTER,ENTROPY,9.9701,3.1701,1555.35,2.7,1553.8,0.0312,1555.75,1553.7,0.0003265400,0.0000021075,0.2,31.3
2026-09-14T08:42:57.310+00:00,ASTER,HL,10.7423,3.9423,1555.37,2.7,1553.7,0.076,1555.75,1553.6,0.0003265400,0.0000062500,0.1,36.8
2026-09-14T08:42:57.310+00:00,ASTER,ENTROPY,10.0987,3.2987,1555.37,2.7,1553.8,0.0312,1555.75,1553.7,0.0003265400,0.0000021075,0.1,36.8
2026-09-14T08:42:57.342+00:00,ASTER,HL,10.6137,3.8137,1555.35,2.7,1553.7,0.076,1555.75,1553.6,0.0003265400,0.0000062500,0.2,68.8
2026-09-14T08:42:57.342+00:00,ASTER,ENTROPY,9.9701,3.1701,1555.35,2.7,1553.8,0.0312,1555.75,1553.7,0.0003265400,0.0000021075,0.2,68.8
2026-09-14T08:42:57.350+00:00,ASTER,HL,10.9352,4.1352,1555.4,2.7,1553.7,0.076,1555.75,1553.6,0.0003265400,0.0000062500,0.2,76.4
2026-09-14T08:42:57.350+00:00,ASTER,ENTROPY,10.2916,3.4916,1555.4,2.7,1553.8,0.0312,1555.75,1553.7,0.0003265400,0.0000021075,0.2,76.4
2026-09-14T08:42:57.398+00:00,ASTER,HL,10.9352,4.1352,1555.4,2.7,1553.7,0.076,1555.75,1553.6,0.0003265400,0.0000062500,0.2,125.2
2026-09-14T08:42:57.398+00:00,ASTER,ENTROPY,10.2916,3.4916,1555.4,2.7,1553.8,0.0312,1555.75,1553.7,0.0003265400,0.0000021075,0.2,125.2
2026-09-14T08:42:57.399+00:00,ASTER,HL,10.9351,4.1351,1555.4,2.7,1553.7,0.076,1555.83,1553.6,0.0003265400,0.0000062500,0.4,125.4
2026-09-14T08:42:57.399+00:00,ASTER,ENTROPY,10.2915,3.4915,1555.4,2.7,1553.8,0.0312,1555.83,1553.7,0.0003265400,0.0000021075,0.4,125.4
2026-09-14T08:42:57.552+00:00,ASTER,HL,10.9352,4.1352,1555.4,2.7,1553.7,0.076,1555.75,1553.6,0.0003265400,0.0000062500,0.2,279.0
2026-09-14T08:42:57.552+00:00,ASTER,ENTROPY,10.2916,3.4916,1555.4,2.7,1553.8,0.0312,1555.75,1553.7,0.0003265400,0.0000021075,0.2,279.0
2026-09-14T08:42:57.552+00:00,ASTER,HL,10.9352,4.1352,1555.4,2.7,1553.7,0.076,1555.75,1553.6,0.0003265400,0.0000062500,0.3,279.2
2026-09-14T08:42:57.552+00:00,ASTER,ENTROPY,10.2916,3.4916,1555.4,2.7,1553.8,0.0312,1555.75,1553.7,0.0003265400,0.0000021075,0.3,279.1
2026-09-14T08:42:57.560+00:00,ASTER,HL,10.2918,3.4918,1555.4,2.7,1553.8,0.82,1555.75,1553.6,0.0003265400,0.0000062500,8.2,0.1
2026-09-14T08:42:57.560+00:00,ASTER,HL,10.2918,3.4918,1555.4,2.7,1553.8,0.82,1555.75,1553.6,0.0003265400,0.0000062500,8.3,0.2
2026-09-14T08:42:57.560+00:00,ASTER,ENTROPY,10.2916,3.4916,1555.4,2.7,1553.8,0.0312,1555.75,1553.7,0.0003265400,0.0000021075,8.4,0.2
2026-09-14T08:42:57.650+00:00,ASTER,HL,10.2918,3.4918,1555.4,2.7,1553.8,5.428,1555.75,1553.6,0.0003265400,0.0000062500,97.8,0.2
2026-09-14T08:42:57.650+00:00,ASTER,HL,10.9352,4.1352,1555.4,2.7,1553.7,20.0,1555.75,1553.6,0.0003265400,0.0000062500,98.0,0.3
2026-09-14T08:42:57.744+00:00,ASTER,HL,10.9352,4.1352,1555.4,2.7,1553.7,20.0,1555.75,1553.6,0.0003265400,0.0000062500,0.2,94.3
2026-09-14T08:42:57.744+00:00,ASTER,ENTROPY,10.2916,3.4916,1555.4,2.7,1553.8,0.0312,1555.75,1553.7,0.0003265400,0.0000021075,0.2,183.9
2026-09-14T08:42:57.744+00:00,ASTER,HL,10.9351,4.1351,1555.4,2.7,1553.7,20.0,1555.83,1553.6,0.0003265400,0.0000062500,0.3,94.4
2026-09-14T08:42:57.744+00:00,ASTER,ENTROPY,10.2915,3.4915,1555.4,2.7,1553.8,0.0312,1555.83,1553.7,0.0003265400,0.0000021075,0.3,184.0
2026-09-14T08:42:57.860+00:00,ASTER,ENTROPY,10.2915,3.4915,1555.4,2.7,1553.8,0.0312,1555.83,1553.7,0.0003265400,0.0000021075,115.6,0.3
2026-09-14T08:42:57.960+00:00,ASTER,ENTROPY,10.2915,3.4915,1555.4,2.7,1553.8,0.0312,1555.83,1553.7,0.0003265400,0.0000021075,216.2,0.2
2026-09-14T08:42:57.999+00:00,ASTER,HL,10.9352,4.1352,1555.4,2.7,1553.7,20.0,1555.75,1553.6,0.0003265400,0.0000062500,0.2,349.9
2026-09-14T08:42:57.999+00:00,ASTER,ENTROPY,10.2916,3.4916,1555.4,2.7,1553.8,0.0312,1555.75,1553.7,0.0003265400,0.0000021075,0.2,39.9
2026-09-14T08:42:58.000+00:00,ASTER,HL,10.9352,4.1352,1555.4,2.7,1553.7,20.0,1555.75,1553.6,0.0003265400,0.0000062500,0.3,350.1
2026-09-14T08:42:58.000+00:00,ASTER,ENTROPY,10.2916,3.4916,1555.4,2.7,1553.8,0.0312,1555.75,1553.7,0.0003265400,0.0000021075,0.3,40.0
2026-09-14T08:42:58.016+00:00,ASTER,HL,10.9352,4.1352,1555.4,2.7,1553.7,20.0,1555.75,1553.6,0.0003265400,0.0000062500,16.2,0.2
2026-09-14T08:42:58.328+00:00,ASTER,HL,10.9352,4.1352,1555.4,2.7,1553.7,20.0,1555.75,1553.6,0.0003265400,0.0000062500,327.6,0.2
2026-09-14T08:42:58.328+00:00,ASTER,HL,10.9352,4.1352,1555.4,2.7,1553.7,20.644,1555.75,1553.6,0.0003265400,0.0000062500,327.8,0.4
2026-09-14T08:42:58.345+00:00,ASTER,HL,10.9352,4.1352,1555.4,2.7,1553.7,20.644,1555.75,1553.6,0.0003265400,0.0000062500,0.2,18.3
2026-09-14T08:42:58.345+00:00,ASTER,ENTROPY,10.2916,3.4916,1555.4,2.7,1553.8,0.0312,1555.75,1553.7,0.0003265400,0.0000021075,0.2,385.4
2026-09-14T08:42:58.346+00:00,ASTER,HL,10.9351,4.1351,1555.4,2.7,1553.7,20.644,1555.83,1553.6,0.0003265400,0.0000062500,0.2,18.4
2026-09-14T08:42:58.346+00:00,ASTER,ENTROPY,10.2915,3.4915,1555.4,2.7,1553.8,0.0312,1555.83,1553.7,0.0003265400,0.0000021075,0.2,385.6
2026-09-14T08:42:58.394+00:00,ASTER,HL,10.0348,3.2348,1555.26,0.78,1553.7,20.644,1555.83,1553.6,0.0003265400,0.0000062500,0.2,67.9
2026-09-14T08:42:58.394+00:00,ASTER,ENTROPY,9.3912,2.5912,1555.26,0.78,1553.8,0.0312,1555.83,1553.7,0.0003265400,0.0000021075,0.2,435.0
2026-09-14T08:42:58.402+00:00,ASTER,HL,10.9994,4.1994,1555.41,2.7,1553.7,20.644,1555.83,1553.6,0.0003265400,0.0000062500,0.2,75.3
2026-09-14T08:42:58.402+00:00,ASTER,ENTROPY,10.3558,3.5558,1555.41,2.7,1553.8,0.0312,1555.83,1553.7,0.0003265400,0.0000021075,0.2,442.5
2026-09-14T08:42:58.444+00:00,ASTER,HL,10.0348,3.2348,1555.26,0.78,1553.7,20.644,1555.83,1553.6,0.0003265400,0.0000062500,0.1,116.8
2026-09-14T08:42:58.444+00:00,ASTER,ENTROPY,9.3912,2.5912,1555.26,0.78,1553.8,0.0312,1555.83,1553.7,0.0003265400,0.0000021075,0.1,484.0
2026-09-14T08:42:58.451+00:00,ASTER,HL,11.1280,4.3280,1555.43,2.7,1553.7,20.644,1555.83,1553.6,0.0003265400,0.0000062500,0.1,123.7
2026-09-14T08:42:58.451+00:00,ASTER,ENTROPY,10.4844,3.6844,1555.43,2.7,1553.8,0.0312,1555.83,1553.7,0.0003265400,0.0000021075,0.1,490.9
2026-09-14T08:42:58.708+00:00,ASTER,HL,11.1280,4.3280,1555.43,2.7,1553.7,19.918,1555.83,1553.6,0.0003265400,0.0000062500,257.2,0.2
2026-09-14T08:42:58.708+00:00,ASTER,ENTROPY,10.4844,3.6844,1555.43,2.7,1553.8,0.0312,1555.83,1553.7,0.0003265400,0.0000021075,257.4,0.4
2026-09-14T08:42:58.747+00:00,ASTER,HL,11.1281,4.3281,1555.43,2.7,1553.7,19.918,1555.76,1553.6,0.0003265400,0.0000062500,0.2,39.5
2026-09-14T08:42:58.747+00:00,ASTER,ENTROPY,10.4845,3.6845,1555.43,2.7,1553.8,0.0312,1555.76,1553.7,0.0003265400,0.0000021075,0.2,39.4
2026-09-14T08:42:58.751+00:00,ASTER,HL,11.1281,4.3281,1555.43,2.7,1553.7,19.918,1555.76,1553.6,0.0003265400,0.0000062500,0.2,43.0
2026-09-14T08:42:58.751+00:00,ASTER,ENTROPY,10.4845,3.6845,1555.43,2.7,1553.8,0.0312,1555.76,1553.7,0.0003265400,0.0000021075,0.2,43.0
2026-09-14T08:42:58.840+00:00,ASTER,HL,10.0349,3.2349,1555.26,0.78,1553.7,19.918,1555.76,1553.6,0.0003265400,0.0000062500,0.2,132.6
2026-09-14T08:42:58.840+00:00,ASTER,ENTROPY,9.3913,2.5913,1555.26,0.78,1553.8,0.0312,1555.76,1553.7,0.0003265400,0.0000021075,0.2,132.5
2026-09-14T08:42:58.951+00:00,ASTER,HL,10.5493,3.7493,1555.34,2.7,1553.7,19.918,1555.76,1553.6,0.0003265400,0.0000062500,0.2,243.7
2026-09-14T08:42:58.951+00:00,ASTER,ENTROPY,9.9058,3.1058,1555.34,2.7,1553.8,0.0312,1555.76,1553.7,0.0003265400,0.0000021075,0.2,243.6
2026-09-14T08:42:58.953+00:00,ASTER,HL,10.5493,3.7493,1555.34,2.7,1553.7,19.858,1555.76,1553.6,0.0003265400,0.0000062500,2.2,0.2
2026-09-14T08:42:58.987+00:00,ASTER,HL,10.0349,3.2349,1555.26,0.78,1553.7,19.858,1555.76,1553.6,0.0003265400,0.0000062500,0.1,33.6
2026-09-14T08:42:58.987+00:00,ASTER,ENTROPY,9.3913,2.5913,1555.26,0.78,1553.8,0.0312,1555.76,1553.7,0.0003265400,0.0000021075,0.1,279.1
2026-09-14T08:42:59.032+00:00,ASTER,HL,10.0349,3.2349,1555.26,0.78,1553.7,19.858,1555.76,1553.6,0.0003265400,0.0000062500,45.2,0.2
2026-09-14T08:42:59.032+00:00,ASTER,ENTROPY,9.3913,2.5913,1555.26,0.78,1553.8,0.0312,1555.76,1553.7,0.0003265400,0.0000021075,45.3,0.2
2026-09-14T08:42:59.040+00:00,ASTER,HL,10.0349,3.2349,1555.26,0.78,1553.7,19.858,1555.76,1553.6,0.0003265400,0.0000062500,0.1,8.0
2026-09-14T08:42:59.040+00:00,ASTER,ENTROPY,9.3913,2.5913,1555.26,0.78,1553.8,0.0312,1555.76,1553.7,0.0003265400,0.0000021075,0.1,8.0
2026-09-14T08:42:59.040+00:00,ASTER,HL,10.0348,3.2348,1555.26,0.78,1553.7,19.858,1555.83,1553.6,0.0003265400,0.0000062500,0.2,8.1
2026-09-14T08:42:59.040+00:00,ASTER,ENTROPY,9.3912,2.5912,1555.26,0.78,1553.8,0.0312,1555.83,1553.7,0.0003265400,0.0000021075,0.2,8.1
2026-09-14T08:42:59.040+00:00,ASTER,HL,10.6135,3.8135,1555.35,2.7,1553.7,19.858,1555.83,1553.6,0.0003265400,0.0000062500,0.2,8.2
2026-09-14T08:42:59.040+00:00,ASTER,ENTROPY,9.9700,3.1700,1555.35,2.7,1553.8,0.0312,1555.83,1553.7,0.0003265400,0.0000021075,0.2,8.2
2026-09-14T08:42:59.040+00:00,ASTER,HL,10.8064,4.0064,1555.38,2.7,1553.7,19.858,1555.83,1553.6,0.0003265400,0.0000062500,0.3,8.2
2026-09-14T08:42:59.040+00:00,ASTER,ENTROPY,10.1629,3.3629,1555.38,2.7,1553.8,0.0312,1555.83,1553.7,0.0003265400,0.0000021075,0.3,8.2
2026-09-14T08:42:59.148+00:00,ASTER,HL,10.0348,3.2348,1555.26,0.78,1553.7,19.858,1555.83,1553.6,0.0003265400,0.0000062500,0.2,116.0
2026-09-14T08:42:59.148+00:00,ASTER,ENTROPY,9.3912,2.5912,1555.26,0.78,1553.8,0.0312,1555.83,1553.7,0.0003265400,0.0000021075,0.2,115.9
2026-09-14T08:42:59.151+00:00,ASTER,HL,10.8708,4.0708,1555.39,2.7,1553.7,19.858,1555.83,1553.6,0.0003265400,0.0000062500,0.1,119.7
2026-09-14T08:42:59.151+00:00,ASTER,ENTROPY,10.2272,3.4272,1555.39,2.7,1553.8,0.0312,1555.83,1553.7,0.0003265400,0.0000021075,0.1,119.7
2026-09-14T08:42:59.151+00:00,ASTER,HL,11.0637,4.2637,1555.42,2.7,1553.7,19.858,1555.83,1553.6,0.0003265400,0.0000062500,0.2,119.8
2026-09-14T08:42:59.151+00:00,ASTER,ENTROPY,10.4201,3.6201,1555.42,2.7,1553.8,0.0312,1555.83,1553.7,0.0003265400,0.0000021075,0.2,119.8
2026-09-14T08:42:59.239+00:00,ASTER,HL,10.0348,3.2348,1555.26,0.78,1553.7,19.858,1555.83,1553.6,0.0003265400,0.0000062500,0.2,207.3
2026-09-14T08:42:59.239+00:00,ASTER,ENTROPY,9.3912,2.5912,1555.26,0.78,1553.8,0.0312,1555.83,1553.7,0.0003265400,0.0000021075,0.2,207.2
2026-09-14T08:42:59.248+00:00,ASTER,HL,11.1280,4.3280,1555.43,2.7,1553.7,19.858,1555.83,1553.6,0.0003265400,0.0000062500,0.1,215.6
2026-09-14T08:42:59.248+00:00,ASTER,ENTROPY,10.4844,3.6844,1555.43,2.7,1553.8,0.0312,1555.83,1553.7,0.0003265400,0.0000021075,0.1,215.6
2026-09-14T08:42:59.264+00:00,ASTER,HL,11.1280,4.3280,1555.43,2.7,1553.7,19.858,1555.83,1553.6,0.0003265400,0.0000062500,17.0,0.2
2026-09-14T08:42:59.264+00:00,ASTER,ENTROPY,10.4844,3.6844,1555.43,2.7,1553.8,0.0614,1555.83,1553.7,0.0003265400,0.0000021075,17.1,0.3
2026-09-14T08:42:59.339+00:00,ASTER,HL,10.0348,3.2348,1555.26,0.78,1553.7,19.858,1555.83,1553.6,0.0003265400,0.0000062500,0.1,75.3
2026-09-14T08:42:59.339+00:00,ASTER,ENTROPY,9.3912,2.5912,1555.26,0.78,1553.8,0.0614,1555.83,1553.7,0.0003265400,0.0000021075,0.1,75.3
2026-09-14T08:42:59.344+00:00,ASTER,HL,11.1923,4.3923,1555.44,2.7,1553.7,19.858,1555.83,1553.6,0.0003265400,0.0000062500,0.1,79.6
2026-09-14T08:42:59.344+00:00,ASTER,ENTROPY,10.5487,3.7487,1555.44,2.7,1553.8,0.0614,1555.83,1553.7,0.0003265400,0.0000021075,0.1,79.6
2026-09-14T08:42:59.362+00:00,ASTER,ENTROPY,10.5487,3.7487,1555.44,2.7,1553.8,0.0614,1555.83,1553.7,0.0003265400,0.0000021075,18.8,0.1
2026-09-14T08:42:59.439+00:00,ASTER,HL,11.1923,4.3923,1555.44,2.7,1553.7,19.858,1555.83,1553.6,0.0003265400,0.0000062500,95.2,0.2
2026-09-14T08:42:59.439+00:00,ASTER,ENTROPY,10.5487,3.7487,1555.44,2.7,1553.8,0.0614,1555.83,1553.7,0.0003265400,0.0000021075,95.3,0.3
2026-09-14T08:42:59.603+00:00,ASTER,HL,11.1924,4.3924,1555.44,2.7,1553.7,19.858,1555.77,1553.6,0.0003265400,0.0000062500,0.2,164.3
2026-09-14T08:42:59.603+00:00,ASTER,ENTROPY,10.5488,3.7488,1555.44,2.7,1553.8,0.0614,1555.77,1553.7,0.0003265400,0.0000021075,0.2,164.3
2026-09-14T08:42:59.603+00:00,ASTER,HL,11.1924,4.3924,1555.44,2.7,1553.7,19.858,1555.77,1553.6,0.0003265400,0.0000062500,0.2,164.5
2026-09-14T08:42:59.603+00:00,ASTER,ENTROPY,10.5488,3.7488,1555.44,2.7,1553.8,0.0614,1555.77,1553.7,0.0003265400,0.0000021075,0.2,164.4
2026-09-14T08:42:59.809+00:00,ASTER,HL,11.1924,4.3924,1555.44,2.7,1553.7,19.858,1555.77,1553.6,0.0003265400,0.0000062500,0.2,370.1
2026-09-14T08:42:59.809+00:00,ASTER,ENTROPY,10.5488,3.7488,1555.44,2.7,1553.8,0.0614,1555.77,1553.7,0.0003265400,0.0000021075,0.2,370.1
2026-09-14T08:42:59.809+00:00,ASTER,HL,11.1923,4.3923,1555.44,2.7,1553.7,19.858,1555.83,1553.6,0.0003265400,0.0000062500,0.3,370.3
2026-09-14T08:42:59.809+00:00,ASTER,ENTROPY,10.5487,3.7487,1555.44,2.7,1553.8,0.0614,1555.83,1553.7,0.0003265400,0.0000021075,0.3,370.2
2026-09-14T08:42:59.809+00:00,ASTER,HL,11.1923,4.3923,1555.44,2.7,1553.7,19.858,1555.82,1553.6,0.0003265400,0.0000062500,0.3,370.3
2026-09-14T08:42:59.809+00:00,ASTER,ENTROPY,10.5487,3.7487,1555.44,2.7,1553.8,0.0614,1555.82,1553.7,0.0003265400,0.0000021075,0.3,370.3
2026-09-14T08:42:59.816+00:00,ASTER,HL,11.1923,4.3923,1555.44,2.7,1553.7,19.858,1555.82,1553.6,0.0003265400,0.0000062500,0.2,377.6
2026-09-14T08:42:59.816+00:00,ASTER,ENTROPY,10.5487,3.7487,1555.44,2.7,1553.8,0.0614,1555.82,1553.7,0.0003265400,0.0000021075,0.2,377.5
2026-09-14T08:42:59.836+00:00,ASTER,HL,11.1923,4.3923,1555.44,2.7,1553.7,19.858,1555.82,1553.6,0.0003265400,0.0000062500,20.3,0.2
2026-09-14T08:42:59.942+00:00,ASTER,HL,11.1923,4.3923,1555.44,2.7,1553.7,19.858,1555.82,1553.6,0.0003265400,0.0000062500,0.1,106.8
2026-09-14T08:42:59.942+00:00,ASTER,ENTROPY,10.5487,3.7487,1555.44,2.7,1553.8,0.0614,1555.82,1553.7,0.0003265400,0.0000021075,0.1,504.3
2026-09-14T08:42:59.942+00:00,ASTER,HL,11.1923,4.3923,1555.44,2.7,1553.7,19.858,1555.83,1553.6,0.0003265400,0.0000062500,0.2,106.9
2026-09-14T08:42:59.942+00:00,ASTER,ENTROPY,10.5487,3.7487,1555.44,2.7,1553.8,0.0614,1555.83,1553.7,0.0003265400,0.0000021075,0.2,504.4
2026-09-14T08:43:00.192+00:00,ASTER,HL,10.0348,3.2348,1555.26,0.78,1553.7,19.858,1555.83,1553.6,0.0003265400,0.0000062500,0.2,356.3
2026-09-14T08:43:00.192+00:00,ASTER,ENTROPY,9.3912,2.5912,1555.26,0.78,1553.8,0.0614,1555.83,1553.7,0.0003265400,0.0000021075,0.2,753.8
2026-09-14T08:43:00.201+00:00,ASTER,HL,11.2566,4.4566,1555.45,2.7,1553.7,19.858,1555.83,1553.6,0.0003265400,0.0000062500,0.1,364.5
2026-09-14T08:43:00.201+00:00,ASTER,ENTROPY,10.6130,3.8130,1555.45,2.7,1553.8,0.0614,1555.83,1553.7,0.0003265400,0.0000021075,0.1,762.0
2026-09-14T08:43:00.390+00:00,ASTER,HL,10.0348,3.2348,1555.26,0.78,1553.7,19.858,1555.83,1553.6,0.0003265400,0.0000062500,0.2,553.7
2026-09-14T08:43:00.390+00:00,ASTER,ENTROPY,9.3912,2.5912,1555.26,0.78,1553.8,0.0614,1555.83,1553.7,0.0003265400,0.0000021075,0.2,951.2
2026-09-14T08:43:00.397+00:00,ASTER,HL,11.5138,4.7138,1555.49,2.7,1553.7,19.858,1555.83,1553.6,0.0003265400,0.0000062500,0.1,561.2
2026-09-14T08:43:00.397+00:00,ASTER,ENTROPY,10.8702,4.0702,1555.49,2.7,1553.8,0.0614,1555.83,1553.7,0.0003265400,0.0000021075,0.1,958.8
2026-09-14T08:43:00.440+00:00,ASTER,HL,11.5138,4.7138,1555.49,2.7,1553.7,19.858,1555.83,1553.6,0.0003265400,0.0000062500,43.2,0.2
2026-09-14T08:43:00.440+00:00,ASTER,ENTROPY,10.8702,4.0702,1555.49,2.7,1553.8,0.0614,1555.83,1553.7,0.0003265400,0.0000021075,43.4,0.3
2026-09-14T08:43:00.577+00:00,ASTER,HL,11.5138,4.7138,1555.49,2.7,1553.7,19.858,1555.83,1553.6,0.0003265400,0.0000062500,180.3,0.2
2026-09-14T08:43:00.577+00:00,ASTER,ENTROPY,10.8702,4.0702,1555.49,2.7,1553.8,0.0614,1555.83,1553.7,0.0003265400,0.0000021075,180.4,0.3
2026-09-14T08:43:00.725+00:00,ASTER,HL,11.5138,4.7138,1555.49,2.7,1553.7,19.858,1555.83,1553.6,0.0003265400,0.0000062500,328.2,0.2
2026-09-14T08:43:00.725+00:00,ASTER,ENTROPY,10.8702,4.0702,1555.49,2.7,1553.8,0.0614,1555.83,1553.7,0.0003265400,0.0000021075,328.3,0.3
2026-09-14T08:43:00.859+00:00,ASTER,HL,11.5138,4.7138,1555.49,2.7,1553.7,19.858,1555.83,1553.6,0.0003265400,0.0000062500,461.8,0.2
2026-09-14T08:43:00.975+00:00,ASTER,ENTROPY,10.8702,4.0702,1555.49,2.7,1553.8,0.0614,1555.83,1553.7,0.0003265400,0.0000021075,578.3,0.2
2026-09-14T08:43:01.191+00:00,ASTER,HL,10.0348,3.2348,1555.26,0.78,1553.7,19.858,1555.83,1553.6,0.0003265400,0.0000062500,0.3,331.7
2026-09-14T08:43:01.191+00:00,ASTER,ENTROPY,9.3912,2.5912,1555.26,0.78,1553.8,0.0614,1555.83,1553.7,0.0003265400,0.0000021075,0.3,215.2
2026-09-14T08:43:01.208+00:00,ASTER,HL,10.4206,3.6206,1555.32,10.1,1553.7,19.858,1555.83,1553.6,0.0003265400,0.0000062500,0.3,348.7
2026-09-14T08:43:01.208+00:00,ASTER,ENTROPY,9.7770,2.9770,1555.32,10.1,1553.8,0.0614,1555.83,1553.7,0.0003265400,0.0000021075,0.3,232.2
2026-09-14T08:43:01.208+00:00,ASTER,HL,10.4206,3.6206,1555.32,26.49,1553.7,19.858,1555.83,1553.6,0.0003265400,0.0000062500,0.4,348.9
2026-09-14T08:43:01.208+00:00,ASTER,ENTROPY,9.7770,2.9770,1555.32,26.49,1553.8,0.0614,1555.83,1553.7,0.0003265400,0.0000021075,0.4,232.4
2026-09-14T08:43:01.208+00:00,ASTER,HL,10.4206,3.6206,1555.32,36.59,1553.7,19.858,1555.83,1553.6,0.0003265400,0.0000062500,0.4,348.9
2026-09-14T08:43:01.208+00:00,ASTER,ENTROPY,9.7770,2.9770,1555.32,36.59,1553.8,0.0614,1555.83,1553.7,0.0003265400,0.0000021075,0.4,232.4
2026-09-14T08:43:01.208+00:00,ASTER,HL,10.4206,3.6206,1555.32,52.98,1553.7,19.858,1555.83,1553.6,0.0003265400,0.0000062500,0.4,348.9
2026-09-14T08:43:01.208+00:00,ASTER,ENTROPY,9.7770,2.9770,1555.32,52.98,1553.8,0.0614,1555.83,1553.7,0.0003265400,0.0000021075,0.4,232.5
2026-09-14T08:43:01.208+00:00,ASTER,HL,12.0282,5.2282,1555.57,2.7,1553.7,19.858,1555.83,1553.6,0.0003265400,0.0000062500,0.5,349.0
2026-09-14T08:43:01.208+00:00,ASTER,ENTROPY,11.3847,4.5847,1555.57,2.7,1553.8,0.0614,1555.83,1553.7,0.0003265400,0.0000021075,0.5,232.5
2026-09-14T08:43:01.252+00:00,ASTER,ENTROPY,11.3847,4.5847,1555.57,2.7,1553.8,0.0614,1555.83,1553.7,0.0003265400,0.0000021075,44.5,0.2
2026-09-14T08:43:01.293+00:00,ASTER,HL,10.4206,3.6206,1555.32,52.98,1553.7,19.858,1555.83,1553.6,0.0003265400,0.0000062500,0.1,434.3
2026-09-14T08:43:01.293+00:00,ASTER,ENTROPY,9.7770,2.9770,1555.32,52.98,1553.8,0.0614,1555.83,1553.7,0.0003265400,0.0000021075,0.1,41.6
2026-09-14T08:43:01.304+00:00,ASTER,HL,12.2211,5.4211,1555.6,2.7,1553.7,19.858,1555.83,1553.6,0.0003265400,0.0000062500,0.1,445.1
2026-09-14T08:43:01.304+00:00,ASTER,ENTROPY,11.5776,4.7776,1555.6,2.7,1553.8,0.0614,1555.83,1553.7,0.0003265400,0.0000021075,0.1,52.4
2026-09-14T08:43:01.339+00:00,ASTER,HL,10.4206,3.6206,1555.32,52.98,1553.7,19.858,1555.83,1553.6,0.0003265400,0.0000062500,0.1,479.9
2026-09-14T08:43:01.339+00:00,ASTER,ENTROPY,9.7770,2.9770,1555.32,52.98,1553.8,0.0614,1555.83,1553.7,0.0003265400,0.0000021075,0.1,87.1
2026-09-14T08:43:01.346+00:00,ASTER,ENTROPY,9.7770,2.9770,1555.32,52.98,1553.8,0.0691,1555.83,1553.7,0.0003265400,0.0000021075,7.5,0.1
2026-09-14T08:43:01.353+00:00,ASTER,HL,12.2854,5.4854,1555.61,2.7,1553.7,19.858,1555.83,1553.6,0.0003265400,0.0000062500,0.1,494.4
2026-09-14T08:43:01.353+00:00,ASTER,ENTROPY,11.6419,4.8419,1555.61,2.7,1553.8,0.0691,1555.83,1553.7,0.0003265400,0.0000021075,0.1,7.3
2026-09-14T08:43:01.481+00:00,ASTER,HL,12.2854,5.4854,1555.61,2.7,1553.7,19.776,1555.83,1553.6,0.0003265400,0.0000062500,127.7,0.2
2026-09-14T08:43:01.589+00:00,ASTER,HL,12.2852,5.4852,1555.61,2.7,1553.7,19.776,1555.94,1553.6,0.0003265400,0.0000062500,0.2,108.5
2026-09-14T08:43:01.589+00:00,ASTER,ENTROPY,11.6416,4.8416,1555.61,2.7,1553.8,0.0691,1555.94,1553.7,0.0003265400,0.0000021075,0.2,243.2
2026-09-14T08:43:01.589+00:00,ASTER,HL,10.4204,3.6204,1555.32,52.98,1553.7,19.776,1555.94,1553.6,0.0003265400,0.0000062500,0.2,108.6
2026-09-14T08:43:01.589+00:00,ASTER,ENTROPY,9.7769,2.9769,1555.32,52.98,1553.8,0.0691,1555.94,1553.7,0.0003265400,0.0000021075,0.2,243.3
2026-09-14T08:43:01.602+00:00,ASTER,HL,10.4204,3.6204,1555.32,42.88,1553.7,19.776,1555.94,1553.6,0.0003265400,0.0000062500,0.1,121.6
2026-09-14T08:43:01.602+00:00,ASTER,ENTROPY,9.7769,2.9769,1555.32,42.88,1553.8,0.0691,1555.94,1553.7,0.0003265400,0.0000021075,0.1,256.3
2026-09-14T08:43:01.602+00:00,ASTER,HL,10.4204,3.6204,1555.32,26.49,1553.7,19.776,1555.94,1553.6,0.0003265400,0.0000062500,0.2,121.7
2026-09-14T08:43:01.602+00:00,ASTER,ENTROPY,9.7769,2.9769,1555.32,26.49,1553.8,0.0691,1555.94,1553.7,0.0003265400,0.0000021075,0.2,256.4
2026-09-14T08:43:01.602+00:00,ASTER,HL,10.4204,3.6204,1555.32,16.39,1553.7,19.776,1555.94,1553.6,0.0003265400,0.0000062500,0.3,121.7
2026-09-14T08:43:01.602+00:00,ASTER,ENTROPY,9.7769,2.9769,1555.32,16.39,1553.8,0.0691,1555.94,1553.7,0.0003265400,0.0000021075,0.3,256.4
2026-09-14T08:43:01.602+00:00,ASTER,HL,10.0989,3.2989,1555.27,0.04,1553.7,19.776,1555.94,1553.6,0.0003265400,0.0000062500,0.3,121.8
2026-09-14T08:43:01.602+00:00,ASTER,ENTROPY,9.4553,2.6553,1555.27,0.04,1553.8,0.0691,1555.94,1553.7,0.0003265400,0.0000021075,0.3,256.5
2026-09-14T08:43:01.607+00:00,ASTER,HL,12.4138,5.6138,1555.63,2.7,1553.7,19.776,1555.94,1553.6,0.0003265400,0.0000062500,0.1,126.9
2026-09-14T08:43:01.607+00:00,ASTER,ENTROPY,11.7702,4.9702,1555.63,2.7,1553.8,0.0691,1555.94,1553.7,0.0003265400,0.0000021075,0.1,261.6
2026-09-14T08:43:01.610+00:00,ASTER,HL,12.7353,5.9353,1555.68,2.7,1553.7,19.776,1555.94,1553.6,0.0003265400,0.0000062500,0.1,129.5
2026-09-14T08:43:01.610+00:00,ASTER,ENTROPY,12.0917,5.2917,1555.68,2.7,1553.8,0.0691,1555.94,1553.7,0.0003265400,0.0000021075,0.1,264.2
2026-09-14T08:43:01.690+00:00,ASTER,HL,12.7353,5.9353,1555.68,2.7,1553.7,19.776,1555.94,1553.6,0.0003265400,0.0000062500,80.2,0.3
2026-09-14T08:43:01.863+00:00,ASTER,HL,12.7353,5.9353,1555.68,2.7,1553.7,11.684,1555.94,1553.6,0.0003265400,0.0000062500,253.3,0.3
2026-09-14T08:43:01.863+00:00,ASTER,ENTROPY,9.5184,2.7184,1555.68,2.7,1554.2,0.3012,1555.94,1553.7,0.0003265400,0.0000021075,253.5,0.4
2026-09-14T08:43:01.989+00:00,ASTER,HL,10.0989,3.2989,1555.27,0.04,1553.7,11.684,1555.94,1553.6,0.0003265400,0.0000062500,0.2,125.2
2026-09-14T08:43:01.989+00:00,ASTER,ENTROPY,6.8820,0.0820,1555.27,0.04,1554.2,0.3012,1555.94,1553.7,0.0003265400,0.0000021075,0.2,125.2
2026-09-14T08:43:02.002+00:00,ASTER,HL,10.6133,3.8133,1555.35,16.39,1553.7,11.684,1555.94,1553.6,0.0003265400,0.0000062500,0.2,138.4
2026-09-14T08:43:02.002+00:00,ASTER,ENTROPY,7.3965,0.5965,1555.35,16.39,1554.2,0.3012,1555.94,1553.7,0.0003265400,0.0000021075,0.2,138.3
2026-09-14T08:43:02.002+00:00,ASTER,HL,10.6133,3.8133,1555.35,32.78,1553.7,11.684,1555.94,1553.6,0.0003265400,0.0000062500,0.3,138.5
2026-09-14T08:43:02.002+00:00,ASTER,ENTROPY,7.3965,0.5965,1555.35,32.78,1554.2,0.3012,1555.94,1553.7,0.0003265400,0.0000021075,0.3,138.5
2026-09-14T08:43:02.005+00:00,ASTER,HL,10.6133,3.8133,1555.35,32.78,1553.7,10.87,1555.94,1553.6,0.0003265400,0.0000062500,2.9,0.2
2026-09-14T08:43:02.005+00:00,ASTER,ENTROPY,7.3965,0.5965,1555.35,32.78,1554.2,0.1786,1555.94,1553.7,0.0003265400,0.0000021075,3.1,0.3
2026-09-14T08:43:02.045+00:00,ASTER,HL,10.6133,3.8133,1555.35,34.08,1553.7,10.87,1555.94,1553.6,0.0003265400,0.0000062500,0.1,40.6
2026-09-14T08:43:02.045+00:00,ASTER,ENTROPY,7.3965,0.5965,1555.35,34.08,1554.2,0.1786,1555.94,1553.7,0.0003265400,0.0000021075,0.1,40.5
2026-09-14T08:43:02.045+00:00,ASTER,HL,10.6133,3.8133,1555.35,35.38,1553.7,10.87,1555.94,1553.6,0.0003265400,0.0000062500,0.1,40.6
2026-09-14T08:43:02.045+00:00,ASTER,ENTROPY,7.3965,0.5965,1555.35,35.38,1554.2,0.1786,1555.94,1553.7,0.0003265400,0.0000021075,0.1,40.6
2026-09-14T08:43:02.109+00:00,ASTER,HL,11.8994,5.0994,1555.55,2.7,1553.7,10.87,1555.94,1553.6,0.0003267100,0.0000062500,0.1,105.1
2026-09-14T08:43:02.109+00:00,ASTER,ENTROPY,8.6825,1.8825,1555.55,2.7,1554.2,0.1786,1555.94,1553.7,0.0003267100,0.0000021075,0.1,105.1
2026-09-14T08:43:02.167+00:00,ASTER,HL,11.8994,5.0994,1555.55,2.7,1553.7,6.541,1555.94,1553.6,0.0003267100,0.0000062500,58.2,0.3
2026-09-14T08:43:02.290+00:00,ASTER,HL,10.6133,3.8133,1555.35,35.38,1553.7,6.541,1555.94,1553.6,0.0003267100,0.0000062500,0.1,122.9
2026-09-14T08:43:02.290+00:00,ASTER,ENTROPY,7.3965,0.5965,1555.35,35.38,1554.2,0.1786,1555.94,1553.7,0.0003267100,0.0000021066,0.1,285.8
2026-09-14T08:43:02.299+00:00,ASTER,HL,12.0280,5.2280,1555.57,2.7,1553.7,6.541,1555.94,1553.6,0.0003267100,0.0000062500,0.1,132.3
2026-09-14T08:43:02.299+00:00,ASTER,ENTROPY,8.8111,2.0111,1555.57,2.7,1554.2,0.1786,1555.94,1553.7,0.0003267100,0.0000021066,0.1,295.2
2026-09-14T08:43:02.489+00:00,ASTER,HL,10.6133,3.8133,1555.35,35.38,1553.7,6.541,1555.94,1553.6,0.0003267100,0.0000062500,0.2,321.5
2026-09-14T08:43:02.489+00:00,ASTER,ENTROPY,7.3965,0.5965,1555.35,35.38,1554.2,0.1786,1555.94,1553.7,0.0003267100,0.0000021066,0.2,484.3
2026-09-14T08:43:02.496+00:00,ASTER,HL,10.6133,3.8133,1555.35,34.08,1553.7,6.541,1555.94,1553.6,0.0003267100,0.0000062500,0.1,329.0
2026-09-14T08:43:02.496+00:00,ASTER,ENTROPY,7.3965,0.5965,1555.35,34.08,1554.2,0.1786,1555.94,1553.7,0.0003267100,0.0000021066,0.1,491.9
2026-09-14T08:43:02.496+00:00,ASTER,HL,10.6133,3.8133,1555.35,17.69,1553.7,6.541,1555.94,1553.6,0.0003267100,0.0000062500,0.2,329.1
2026-09-14T08:43:02.496+00:00,ASTER,ENTROPY,7.3965,0.5965,1555.35,17.69,1554.2,0.1786,1555.94,1553.7,0.0003267100,0.0000021066,0.2,492.0
2026-09-14T08:43:02.496+00:00,ASTER,HL,10.6133,3.8133,1555.35,16.39,1553.7,6.541,1555.94,1553.6,0.0003267100,0.0000062500,0.2,329.2
2026-09-14T08:43:02.496+00:00,ASTER,ENTROPY,7.3965,0.5965,1555.35,16.39,1554.2,0.1786,1555.94,1553.7,0.0003267100,0.0000021066,0.2,492.0
2026-09-14T08:43:02.496+00:00,ASTER,HL,10.0989,3.2989,1555.27,0.04,1553.7,6.541,1555.94,1553.6,0.0003267100,0.0000062500,0.2,329.2
2026-09-14T08:43:02.496+00:00,ASTER,ENTROPY,6.8820,0.0820,1555.27,0.04,1554.2,0.1786,1555.94,1553.7,0.0003267100,0.0000021066,0.2,492.0
2026-09-14T08:43:02.503+00:00,ASTER,HL,12.6067,5.8067,1555.66,2.7,1553.7,6.541,1555.94,1553.6,0.0003267100,0.0000062500,0.1,336.0
2026-09-14T08:43:02.503+00:00,ASTER,ENTROPY,9.3898,2.5898,1555.66,2.7,1554.2,0.1786,1555.94,1553.7,0.0003267100,0.0000021066,0.1,498.8
2026-09-14T08:43:02.503+00:00,ASTER,HL,12.7353,5.9353,1555.68,2.7,1553.7,6.541,1555.94,1553.6,0.0003267100,0.0000062500,0.2,336.1
2026-09-14T08:43:02.503+00:00,ASTER,ENTROPY,9.5184,2.7184,1555.68,2.7,1554.2,0.1786,1555.94,1553.7,0.0003267100,0.0000021066,0.2,499.0
2026-09-14T08:43:02.687+00:00,ASTER,HL,10.8063,4.0063,1555.38,6.8,1553.7,6.541,1555.94,1553.6,0.0003267100,0.0000062500,0.2,520.7
2026-09-14T08:43:02.687+00:00,ASTER,ENTROPY,7.5894,0.7894,1555.38,6.8,1554.2,0.1786,1555.94,1553.7,0.0003267100,0.0000021066,0.2,683.5
2026-09-14T08:43:02.731+00:00,ASTER,HL,9.5195,2.7195,1555.38,6.8,1553.9,0.859,1555.94,1553.6,0.0003267100,0.0000062500,43.4,0.3
2026-09-14T08:43:02.731+00:00,ASTER,HL,8.8759,2.0759,1555.38,6.8,1554.0,25.414,1555.94,1553.8,0.0003267100,0.0000062500,43.7,0.6
2026-09-14T08:43:02.731+00:00,ASTER,HL,9.5192,2.7192,1555.38,6.8,1553.9,0.728,1555.94,1553.8,0.0003267100,0.0000062500,43.8,0.6
2026-09-14T08:43:02.731+00:00,ASTER,ENTROPY,7.5893,0.7893,1555.38,6.8,1554.2,0.1786,1555.94,1553.8,0.0003267100,0.0000021066,43.8,0.6
2026-09-14T08:43:02.804+00:00,ASTER,HL,10.5480,3.7480,1555.54,2.7,1553.9,0.728,1555.94,1553.8,0.0003267100,0.0000062500,0.2,73.0
2026-09-14T08:43:02.804+00:00,ASTER,ENTROPY,8.6181,1.8181,1555.54,2.7,1554.2,0.1786,1555.94,1553.8,0.0003267100,0.0000021066,0.2,73.0
2026-09-14T08:43:02.931+00:00,ASTER,HL,9.9047,3.1047,1555.54,2.7,1554.0,22.034,1555.94,1553.8,0.0003267100,0.0000062500,127.7,0.2
2026-09-14T08:43:02.931+00:00,ASTER,ENTROPY,8.6179,1.8179,1555.54,2.7,1554.2,0.1786,1555.94,1553.9,0.0003267100,0.0000021066,127.9,0.4
2026-09-14T08:43:03.050+00:00,ASTER,HL,9.9047,3.1047,1555.54,2.7,1554.0,22.034,1555.94,1553.8,0.0003267100,0.0000062500,246.5,0.2
2026-09-14T08:43:03.050+00:00,ASTER,ENTROPY,8.6181,1.8181,1555.54,2.7,1554.2,0.1786,1555.94,1553.8,0.0003267100,0.0000021066,246.6,0.3
2026-09-14T08:43:03.050+00:00,ASTER,HL,10.5480,3.7480,1555.54,2.7,1553.9,7.061,1555.94,1553.8,0.0003267100,0.0000062500,246.6,0.3
2026-09-14T08:43:03.050+00:00,ASTER,ENTROPY,9.2614,2.4614,1555.54,2.7,1554.1,0.2396,1555.94,1553.8,0.0003267100,0.0000021066,246.7,0.3
2026-09-14T08:43:03.138+00:00,ASTER,HL,9.3906,2.5906,1555.36,0.04,1553.9,7.061,1555.94,1553.8,0.0003267100,0.0000062500,0.2,87.9
2026-09-14T08:43:03.138+00:00,ASTER,ENTROPY,8.1039,1.3039,1555.36,0.04,1554.1,0.2396,1555.94,1553.8,0.0003267100,0.0000021066,0.2,87.9
2026-09-14T08:43:03.158+00:00,ASTER,HL,10.9338,4.1338,1555.6,2.7,1553.9,7.061,1555.94,1553.8,0.0003267100,0.0000062500,0.1,107.8
2026-09-14T08:43:03.158+00:00,ASTER,ENTROPY,9.6472,2.8472,1555.6,2.7,1554.1,0.2396,1555.94,1553.8,0.0003267100,0.0000021066,0.1,107.8
2026-09-14T08:43:03.205+00:00,ASTER,HL,10.9338,4.1338,1555.6,2.7,1553.9,14.122,1555.94,1553.8,0.0003267100,0.0000062500,47.8,0.2
2026-09-14T08:43:03.334+00:00,ASTER,HL,10.9338,4.1338,1555.6,2.7,1553.9,14.122,1555.94,1553.8,0.0003267100,0.0000062500,176.6,0.2
2026-09-14T08:43:03.407+00:00,ASTER,HL,10.9338,4.1338,1555.6,2.7,1553.9,14.122,1555.94,1553.8,0.0003267100,0.0000062500,249.3,0.2
2026-09-14T08:43:03.407+00:00,ASTER,ENTROPY,9.6473,2.8473,1555.6,2.7,1554.1,0.2396,1555.94,1553.7,0.0003267100,0.0000021066,249.4,0.3
2026-09-14T08:43:03.622+00:00,ASTER,HL,10.9338,4.1338,1555.6,2.7,1553.9,7.061,1555.94,1553.8,0.0003267100,0.0000062500,464.6,0.2
2026-09-14T08:43:03.622+00:00,ASTER,HL,10.9338,4.1338,1555.6,2.7,1553.9,7.061,1555.94,1553.8,0.0003267100,0.0000062500,464.7,0.2
2026-09-14T08:43:03.715+00:00,ASTER,HL,10.9338,4.1338,1555.6,2.7,1553.9,7.061,1555.94,1553.8,0.0003267100,0.0000062500,557.0,0.2
2026-09-14T08:43:03.715+00:00,ASTER,ENTROPY,9.6473,2.8473,1555.6,2.7,1554.1,0.2396,1555.94,1553.7,0.0003267100,0.0000021066,557.1,0.3
2026-09-14T08:43:03.841+00:00,ASTER,ENTROPY,9.6472,2.8472,1555.6,2.7,1554.1,0.2396,1555.94,1553.8,0.0003267100,0.0000021066,683.8,0.2
2026-09-14T08:43:03.905+00:00,ASTER,HL,10.9338,4.1338,1555.6,2.7,1553.9,7.705,1555.94,1553.8,0.0003267100,0.0000062500,747.6,0.2
2026-09-14T08:43:03.967+00:00,ASTER,HL,10.9338,4.1338,1555.6,2.7,1553.9,7.061,1555.94,1553.8,0.0003267100,0.0000062500,810.1,0.3
2026-09-14T08:43:04.127+00:00,ASTER,ENTROPY,9.6469,2.8469,1555.6,2.7,1554.1,0.2396,1555.94,1554.0,0.0003267100,0.0000021066,968.6,0.2
2026-09-14T08:43:04.381+00:00,ASTER,HL,10.9338,4.1338,1555.6,2.7,1553.9,6.979,1555.94,1553.8,0.0003267100,0.0000062500,1223.7,0.3
2026-09-14T08:43:04.504+00:00,ASTER,HL,10.9338,4.1338,1555.6,2.7,1553.9,7.944,1555.94,1553.8,0.0003267100,0.0000062500,1346.6,0.2
2026-09-14T08:43:04.588+00:00,ASTER,HL,9.3906,2.5906,1555.36,0.04,1553.9,7.944,1555.94,1553.8,0.0003267100,0.0000062500,0.2,84.3
2026-09-14T08:43:04.588+00:00,ASTER,ENTROPY,8.1037,1.3037,1555.36,0.04,1554.1,0.2396,1555.94,1554.0,0.0003267100,0.0000021066,0.2,462.2
2026-09-14T08:43:04.637+00:00,ASTER,HL,9.3906,2.5906,1555.36,0.04,1553.9,7.944,1555.94,1553.8,0.0003267100,0.0000062500,49.1,0.2
2026-09-14T08:43:04.646+00:00,ASTER,HL,9.3906,2.5906,1555.36,0.04,1553.9,7.944,1555.94,1553.8,0.0003267100,0.0000062500,0.1,8.5
2026-09-14T08:43:04.646+00:00,ASTER,ENTROPY,8.1037,1.3037,1555.36,0.04,1554.1,0.2396,1555.94,1554.0,0.0003267100,0.0000021066,0.1,519.4
2026-09-14T08:43:04.646+00:00,ASTER,HL,9.3906,2.5906,1555.36,0.04,1553.9,7.944,1555.94,1553.8,0.0003267100,0.0000062500,0.2,8.6
2026-09-14T08:43:04.646+00:00,ASTER,ENTROPY,8.1037,1.3037,1555.36,0.04,1554.1,0.2396,1555.94,1554.0,0.0003267100,0.0000021066,0.2,519.5
2026-09-14T08:43:04.646+00:00,ASTER,HL,9.3906,2.5906,1555.36,0.04,1553.9,7.944,1555.94,1553.8,0.0003267100,0.0000062500,0.2,8.7
2026-09-14T08:43:04.646+00:00,ASTER,ENTROPY,8.1037,1.3037,1555.36,0.04,1554.1,0.2396,1555.94,1554.0,0.0003267100,0.0000021066,0.2,519.5
2026-09-14T08:43:04.648+00:00,ASTER,HL,9.3906,2.5906,1555.36,0.04,1553.9,7.944,1555.94,1553.8,0.0003267100,0.0000062500,0.1,11.3
2026-09-14T08:43:04.648+00:00,ASTER,ENTROPY,8.1037,1.3037,1555.36,0.04,1554.1,0.2396,1555.94,1554.0,0.0003267100,0.0000021066,0.1,522.1
2026-09-14T08:43:04.702+00:00,ASTER,HL,10.0979,3.2979,1555.47,2.7,1553.9,7.944,1555.94,1553.8,0.0003267100,0.0000062500,0.1,65.1
2026-09-14T08:43:04.702+00:00,ASTER,ENTROPY,8.8110,2.0110,1555.47,2.7,1554.1,0.2396,1555.94,1554.0,0.0003267100,0.0000021066,0.1,575.9
2026-09-14T08:43:04.705+00:00,ASTER,HL,10.0979,3.2979,1555.47,2.7,1553.9,9.309,1555.94,1553.8,0.0003267100,0.0000062500,3.1,0.1
2026-09-14T08:43:04.751+00:00,ASTER,HL,10.0979,3.2979,1555.47,2.7,1553.9,9.309,1555.93,1553.8,0.0003267100,0.0000062500,0.1,46.5
2026-09-14T08:43:04.751+00:00,ASTER,ENTROPY,8.8110,2.0110,1555.47,2.7,1554.1,0.2396,1555.93,1554.0,0.0003267100,0.0000021066,0.1,625.3
2026-09-14T08:43:04.790+00:00,ASTER,HL,9.0691,2.2691,1555.31,2.56,1553.9,9.309,1555.93,1553.8,0.0003267100,0.0000062500,0.2,85.5
2026-09-14T08:43:04.790+00:00,ASTER,ENTROPY,7.7822,0.9822,1555.31,2.56,1554.1,0.2396,1555.93,1554.0,0.0003267100,0.0000021066,0.2,664.4
2026-09-14T08:43:04.796+00:00,ASTER,HL,9.0691,2.2691,1555.31,1.28,1553.9,9.309,1555.93,1553.8,0.0003267100,0.0000062500,0.1,91.5
2026-09-14T08:43:04.796+00:00,ASTER,ENTROPY,7.7822,0.9822,1555.31,1.28,1554.1,0.2396,1555.93,1554.0,0.0003267100,0.0000021066,0.1,670.4
2026-09-14T08:43:04.796+00:00,ASTER,HL,8.8118,2.0118,1555.27,0.04,1553.9,9.309,1555.93,1553.8,0.0003267100,0.0000062500,0.2,91.6
2026-09-14T08:43:04.796+00:00,ASTER,ENTROPY,7.5250,0.7250,1555.27,0.04,1554.1,0.2396,1555.93,1554.0,0.0003267100,0.0000021066,0.2,670.5
2026-09-14T08:43:04.842+00:00,ASTER,HL,8.8120,2.0120,1555.27,0.04,1553.9,9.309,1555.84,1553.8,0.0003267100,0.0000062500,0.7,137.6
2026-09-14T08:43:04.842+00:00,ASTER,ENTROPY,7.5251,0.7251,1555.27,0.04,1554.1,0.2396,1555.84,1554.0,0.0003267100,0.0000021066,0.7,716.4
2026-09-14T08:43:04.842+00:00,ASTER,HL,8.8120,2.0120,1555.27,0.04,1553.9,9.309,1555.84,1553.8,0.0003267100,0.0000062500,0.8,137.6
2026-09-14T08:43:04.842+00:00,ASTER,ENTROPY,7.5251,0.7251,1555.27,0.04,1554.1,0.2396,1555.84,1554.0,0.0003267100,0.0000021066,0.8,716.5
2026-09-14T08:43:04.844+00:00,ASTER,HL,8.8120,2.0120,1555.27,0.04,1553.9,9.309,1555.84,1553.8,0.0003267100,0.0000062500,0.1,138.9
2026-09-14T08:43:04.844+00:00,ASTER,ENTROPY,7.5251,0.7251,1555.27,0.04,1554.1,0.2396,1555.84,1554.0,0.0003267100,0.0000021066,0.1,717.7
2026-09-14T08:43:04.844+00:00,ASTER,HL,8.8120,2.0120,1555.27,0.04,1553.9,9.309,1555.84,1553.8,0.0003267100,0.0000062500,0.1,138.9
2026-09-14T08:43:04.844+00:00,ASTER,ENTROPY,7.5251,0.7251,1555.27,0.04,1554.1,0.2396,1555.84,1554.0,0.0003267100,0.0000021066,0.1,717.7
2026-09-14T08:43:04.905+00:00,ASTER,HL,9.1335,2.3335,1555.32,2.7,1553.9,9.309,1555.84,1553.8,0.0003267100,0.0000062500,0.1,200.4
2026-09-14T08:43:04.905+00:00,ASTER,ENTROPY,7.8466,1.0466,1555.32,2.7,1554.1,0.2396,1555.84,1554.0,0.0003267100,0.0000021066,0.1,779.3
2026-09-14T08:43:04.932+00:00,ASTER,HL,9.1335,2.3335,1555.32,2.7,1553.9,28.615,1555.84,1553.8,0.0003267100,0.0000062500,27.0,0.2
2026-09-14T08:43:04.941+00:00,ASTER,HL,8.8120,2.0120,1555.27,0.04,1553.9,28.615,1555.84,1553.8,0.0003267100,0.0000062500,0.1,9.8
2026-09-14T08:43:04.941+00:00,ASTER,ENTROPY,7.5251,0.7251,1555.27,0.04,1554.1,0.2396,1555.84,1554.0,0.0003267100,0.0000021066,0.1,815.7
2026-09-14T08:43:04.954+00:00,ASTER,HL,8.8120,2.0120,1555.27,0.04,1553.9,28.615,1555.83,1553.8,0.0003267100,0.0000062500,0.1,21.5
2026-09-14T08:43:04.954+00:00,ASTER,ENTROPY,7.5251,0.7251,1555.27,0.04,1554.1,0.2396,1555.83,1554.0,0.0003267100,0.0000021066,0.1,827.5
2026-09-14T08:43:04.954+00:00,ASTER,HL,8.8120,2.0120,1555.27,0.04,1553.9,28.615,1555.83,1553.8,0.0003267100,0.0000062500,0.1,21.6
2026-09-14T08:43:04.954+00:00,ASTER,ENTROPY,7.5251,0.7251,1555.27,0.04,1554.1,0.2396,1555.83,1554.0,0.0003267100,0.0000021066,0.1,827.6
2026-09-14T08:43:04.976+00:00,ASTER,HL,8.8120,2.0120,1555.27,0.04,1553.9,28.691,1555.83,1553.8,0.0003267100,0.0000062500,22.8,0.2
2026-09-14T08:43:04.992+00:00,ASTER,HL,9.2621,2.4621,1555.34,2.7,1553.9,28.691,1555.83,1553.8,0.0003267100,0.0000062500,0.2,16.6
2026-09-14T08:43:04.992+00:00,ASTER,ENTROPY,7.9752,1.1752,1555.34,2.7,1554.1,0.2396,1555.83,1554.0,0.0003267100,0.0000021066,0.2,866.6
2026-09-14T08:43:05.027+00:00,ASTER,HL,9.2623,2.4623,1555.34,2.7,1553.9,30.708,1555.83,1553.7,0.0003267100,0.0000062500,34.7,0.2
2026-09-14T08:43:05.091+00:00,ASTER,HL,8.8121,2.0121,1555.27,0.04,1553.9,30.708,1555.83,1553.7,0.0003267100,0.0000062500,0.1,64.1
2026-09-14T08:43:05.091+00:00,ASTER,ENTROPY,7.5251,0.7251,1555.27,0.04,1554.1,0.2396,1555.83,1554.0,0.0003267100,0.0000021066,0.1,965.1
2026-09-14T08:43:05.099+00:00,ASTER,HL,9.3266,2.5266,1555.35,2.7,1553.9,30.708,1555.83,1553.7,0.0003267100,0.0000062500,0.2,71.6
2026-09-14T08:43:05.099+00:00,ASTER,ENTROPY,8.0395,1.2395,1555.35,2.7,1554.1,0.2396,1555.83,1554.0,0.0003267100,0.0000021066,0.2,972.5
2026-09-14T08:43:05.138+00:00,ASTER,HL,9.9700,3.1700,1555.35,2.7,1553.8,7.859,1555.83,1553.7,0.0003267100,0.0000062500,39.9,0.2
2026-09-14T08:43:05.184+00:00,ASTER,HL,9.4555,2.6555,1555.27,0.04,1553.8,7.859,1555.83,1553.7,0.0003267100,0.0000062500,0.2,46.4
2026-09-14T08:43:05.184+00:00,ASTER,ENTROPY,7.5251,0.7251,1555.27,0.04,1554.1,0.2396,1555.83,1554.0,0.0003267100,0.0000021066,0.2,1058.5
2026-09-14T08:43:05.195+00:00,ASTER,HL,10.0343,3.2343,1555.36,2.7,1553.8,7.859,1555.83,1553.7,0.0003267100,0.0000062500,0.2,57.3
2026-09-14T08:43:05.195+00:00,ASTER,ENTROPY,8.1038,1.3038,1555.36,2.7,1554.1,0.2396,1555.83,1554.0,0.0003267100,0.0000021066,0.2,1069.3
2026-09-14T08:43:05.286+00:00,ASTER,HL,10.0343,3.2343,1555.36,2.7,1553.8,8.733,1555.83,1553.7,0.0003267100,0.0000062500,91.5,0.2
2026-09-14T08:43:05.385+00:00,ASTER,HL,10.0343,3.2343,1555.36,2.7,1553.8,10.175,1555.83,1553.7,0.0003267100,0.0000062500,190.3,0.4
2026-09-14T08:43:05.386+00:00,ASTER,ENTROPY,8.1038,1.3038,1555.36,2.7,1554.1,0.2396,1555.83,1554.0,0.0003267100,0.0000021066,190.5,0.5
2026-09-14T08:43:05.435+00:00,ASTER,HL,10.0343,3.2343,1555.36,2.7,1553.8,32.875,1555.83,1553.7,0.0003267100,0.0000062500,240.1,0.2
2026-09-14T08:43:05.435+00:00,ASTER,ENTROPY,8.1038,1.3038,1555.36,2.7,1554.1,0.6255,1555.83,1554.0,0.0003267100,0.0000021066,240.3,0.3
2026-09-14T08:43:05.485+00:00,ASTER,HL,9.4555,2.6555,1555.27,0.04,1553.8,32.875,1555.83,1553.7,0.0003267100,0.0000062500,0.2,49.6
2026-09-14T08:43:05.485+00:00,ASTER,ENTROPY,7.5251,0.7251,1555.27,0.04,1554.1,0.6255,1555.83,1554.0,0.0003267100,0.0000021066,0.2,49.6
2026-09-14T08:43:05.495+00:00,ASTER,HL,9.4555,2.6555,1555.27,0.04,1553.8,31.279,1555.83,1553.7,0.0003267100,0.0000062500,10.6,0.2
2026-09-14T08:43:05.499+00:00,ASTER,HL,10.0986,3.2986,1555.37,2.7,1553.8,31.279,1555.83,1553.7,0.0003267100,0.0000062500,0.1,3.9
2026-09-14T08:43:05.499+00:00,ASTER,ENTROPY,8.1681,1.3681,1555.37,2.7,1554.1,0.6255,1555.83,1554.0,0.0003267100,0.0000021066,0.1,63.7
2026-09-14T08:43:05.904+00:00,ASTER,ENTROPY,8.1681,1.3681,1555.37,2.7,1554.1,0.6255,1555.83,1554.0,0.0003267100,0.0000021066,405.2,0.3
2026-09-14T08:43:06.237+00:00,ASTER,HL,10.0986,3.2986,1555.37,2.7,1553.8,31.279,1555.83,1553.7,0.0003267100,0.0000062500,0.3,741.7
2026-09-14T08:43:06.237+00:00,ASTER,ENTROPY,8.1681,1.3681,1555.37,2.7,1554.1,0.6255,1555.83,1554.0,0.0003267100,0.0000021066,0.3,333.1
2026-09-14T08:43:06.237+00:00,ASTER,HL,9.4555,2.6555,1555.27,0.04,1553.8,31.279,1555.83,1553.7,0.0003267100,0.0000062500,0.5,742.0
2026-09-14T08:43:06.237+00:00,ASTER,ENTROPY,7.5251,0.7251,1555.27,0.04,1554.1,0.6255,1555.83,1554.0,0.0003267100,0.0000021066,0.5,333.3
2026-09-14T08:43:06.254+00:00,ASTER,HL,9.4555,2.6555,1555.27,0.04,1553.8,31.279,1555.82,1553.7,0.0003267100,0.0000062500,0.1,758.9
2026-09-14T08:43:06.254+00:00,ASTER,ENTROPY,7.5251,0.7251,1555.27,0.04,1554.1,0.6255,1555.82,1554.0,0.0003267100,0.0000021066,0.1,350.3
2026-09-14T08:43:06.254+00:00,ASTER,HL,10.4201,3.6201,1555.42,2.7,1553.8,31.279,1555.82,1553.7,0.0003267100,0.0000062500,0.2,759.0
2026-09-14T08:43:06.254+00:00,ASTER,ENTROPY,8.4896,1.6896,1555.42,2.7,1554.1,0.6255,1555.82,1554.0,0.0003267100,0.0000021066,0.2,350.4
2026-09-14T08:43:06.441+00:00,ASTER,HL,10.4201,3.6201,1555.42,2.7,1553.8,31.279,1555.82,1553.7,0.0003267100,0.0000062500,187.5,0.2
2026-09-14T08:43:06.523+00:00,ASTER,HL,10.4201,3.6201,1555.42,2.7,1553.8,31.279,1555.82,1553.7,0.0003267100,0.0000062500,269.2,0.2
2026-09-14T08:43:07.339+00:00,ASTER,HL,9.4555,2.6555,1555.27,0.04,1553.8,31.279,1555.82,1553.7,0.0003267100,0.0000062500,0.2,816.7
2026-09-14T08:43:07.339+00:00,ASTER,ENTROPY,7.5251,0.7251,1555.27,0.04,1554.1,0.6255,1555.82,1554.0,0.0003267100,0.0000021041,0.2,1435.9
2026-09-14T08:43:07.339+00:00,ASTER,HL,9.3912,2.5912,1555.26,0.78,1553.8,31.279,1555.82,1553.7,0.0003267100,0.0000062500,0.4,816.9
2026-09-14T08:43:07.339+00:00,ASTER,ENTROPY,7.4608,0.6608,1555.26,0.78,1554.1,0.6255,1555.82,1554.0,0.0003267100,0.0000021041,0.4,1436.1
2026-09-14T08:43:07.402+00:00,ASTER,HL,9.3913,2.5913,1555.26,0.78,1553.8,31.279,1555.77,1553.7,0.0003267100,0.0000062500,0.1,879.3
2026-09-14T08:43:07.402+00:00,ASTER,ENTROPY,7.4609,0.6609,1555.26,0.78,1554.1,0.6255,1555.77,1554.0,0.0003267100,0.0000021041,0.1,1498.5
2026-09-14T08:43:07.402+00:00,ASTER,HL,9.3913,2.5913,1555.26,0.78,1553.8,31.279,1555.77,1553.7,0.0003267100,0.0000062500,0.2,879.4
2026-09-14T08:43:07.402+00:00,ASTER,ENTROPY,7.4609,0.6609,1555.26,0.78,1554.1,0.6255,1555.77,1554.0,0.0003267100,0.0000021041,0.2,1498.6
2026-09-14T08:43:07.405+00:00,ASTER,HL,9.3913,2.5913,1555.26,0.78,1553.8,29.94,1555.77,1553.7,0.0003267100,0.0000062500,3.1,0.1
2026-09-14T08:43:07.496+00:00,ASTER,HL,9.3913,2.5913,1555.26,0.78,1553.8,29.94,1555.76,1553.7,0.0003267100,0.0000062500,0.2,91.1
2026-09-14T08:43:07.496+00:00,ASTER,ENTROPY,7.4609,0.6609,1555.26,0.78,1554.1,0.6255,1555.76,1554.0,0.0003267100,0.0000021041,0.2,1592.5
2026-09-14T08:43:07.496+00:00,ASTER,HL,10.1630,3.3630,1555.38,2.7,1553.8,29.94,1555.76,1553.7,0.0003267100,0.0000062500,0.3,91.3
2026-09-14T08:43:07.496+00:00,ASTER,ENTROPY,8.2325,1.4325,1555.38,2.7,1554.1,0.6255,1555.76,1554.0,0.0003267100,0.0000021041,0.3,1592.7
2026-09-14T08:43:07.541+00:00,ASTER,HL,9.3913,2.5913,1555.26,0.78,1553.8,29.94,1555.76,1553.7,0.0003267100,0.0000062500,0.1,136.3
2026-09-14T08:43:07.541+00:00,ASTER,ENTROPY,7.4609,0.6609,1555.26,0.78,1554.1,0.6255,1555.76,1554.0,0.0003267100,0.0000021041,0.1,1637.7
2026-09-14T08:43:07.549+00:00,ASTER,HL,9.3913,2.5913,1555.26,0.78,1553.8,29.94,1555.75,1553.7,0.0003267100,0.0000062500,0.1,144.0
2026-09-14T08:43:07.549+00:00,ASTER,ENTROPY,7.4609,0.6609,1555.26,0.78,1554.1,0.6255,1555.75,1554.0,0.0003267100,0.0000021041,0.1,1645.4
2026-09-14T08:43:07.549+00:00,ASTER,HL,9.3913,2.5913,1555.26,0.78,1553.8,29.94,1555.75,1553.7,0.0003267100,0.0000062500,0.1,144.1
2026-09-14T08:43:07.549+00:00,ASTER,ENTROPY,7.4609,0.6609,1555.26,0.78,1554.1,0.6255,1555.75,1554.0,0.0003267100,0.0000021041,0.1,1645.4
2026-09-14T08:43:07.549+00:00,ASTER,HL,9.3913,2.5913,1555.26,0.78,1553.8,29.94,1555.75,1553.7,0.0003267100,0.0000062500,0.2,144.1
2026-09-14T08:43:07.549+00:00,ASTER,ENTROPY,7.4609,0.6609,1555.26,0.78,1554.1,0.6255,1555.75,1554.0,0.0003267100,0.0000021041,0.2,1645.5
2026-09-14T08:43:07.549+00:00,ASTER,HL,9.3913,2.5913,1555.26,0.78,1553.8,29.94,1555.75,1553.7,0.0003267100,0.0000062500,0.2,144.1
2026-09-14T08:43:07.549+00:00,ASTER,ENTROPY,7.4609,0.6609,1555.26,0.78,1554.1,0.6255,1555.75,1554.0,0.0003267100,0.0000021041,0.2,1645.5
2026-09-14T08:43:07.549+00:00,ASTER,HL,9.3913,2.5913,1555.26,0.78,1553.8,29.94,1555.75,1553.7,0.0003267100,0.0000062500,0.2,144.1
2026-09-14T08:43:07.549+00:00,ASTER,ENTROPY,7.4609,0.6609,1555.26,0.78,1554.1,0.6255,1555.75,1554.0,0.0003267100,0.0000021041,0.2,1645.5
2026-09-14T08:43:07.650+00:00,ASTER,HL,9.5842,2.7842,1555.29,2.7,1553.8,29.94,1555.75,1553.7,0.0003267100,0.0000062500,0.1,245.1
2026-09-14T08:43:07.650+00:00,ASTER,ENTROPY,7.6538,0.8538,1555.29,2.7,1554.1,0.6255,1555.75,1554.0,0.0003267100,0.0000021041,0.1,1746.4
2026-09-14T08:43:07.688+00:00,ASTER,HL,9.3913,2.5913,1555.26,0.78,1553.8,29.94,1555.75,1553.7,0.0003267100,0.0000062500,0.2,283.3
2026-09-14T08:43:07.688+00:00,ASTER,ENTROPY,7.4609,0.6609,1555.26,0.78,1554.1,0.6255,1555.75,1554.0,0.0003267100,0.0000021041,0.2,1784.7
2026-09-14T08:43:07.697+00:00,ASTER,HL,9.3913,2.5913,1555.26,0.78,1553.8,29.94,1555.75,1553.7,0.0003267100,0.0000062500,0.2,291.8
2026-09-14T08:43:07.697+00:00,ASTER,ENTROPY,7.4609,0.6609,1555.26,0.78,1554.1,0.6255,1555.75,1554.0,0.0003267100,0.0000021041,0.2,1793.2
2026-09-14T08:43:07.697+00:00,ASTER,HL,9.3913,2.5913,1555.26,0.78,1553.8,29.94,1555.75,1553.7,0.0003267100,0.0000062500,0.3,291.9
2026-09-14T08:43:07.697+00:00,ASTER,ENTROPY,7.4609,0.6609,1555.26,0.78,1554.1,0.6255,1555.75,1554.0,0.0003267100,0.0000021041,0.3,1793.3
2026-09-14T08:43:07.709+00:00,ASTER,HL,10.0344,3.2344,1555.36,2.7,1553.8,29.94,1555.75,1553.7,0.0003267100,0.0000062500,0.1,304.4
2026-09-14T08:43:07.709+00:00,ASTER,ENTROPY,8.1039,1.3039,1555.36,2.7,1554.1,0.6255,1555.75,1554.0,0.0003267100,0.0000021041,0.1,1805.8
2026-09-14T08:43:07.750+00:00,ASTER,HL,9.3913,2.5913,1555.26,0.78,1553.8,29.94,1555.75,1553.7,0.0003267100,0.0000062500,0.1,345.1
2026-09-14T08:43:07.750+00:00,ASTER,ENTROPY,7.4609,0.6609,1555.26,0.78,1554.1,0.6255,1555.75,1554.0,0.0003267100,0.0000021041,0.1,1846.5
2026-09-14T08:43:07.757+00:00,ASTER,HL,10.2273,3.4273,1555.39,2.7,1553.8,29.94,1555.75,1553.7,0.0003267100,0.0000062500,0.1,352.5
2026-09-14T08:43:07.757+00:00,ASTER,ENTROPY,8.2968,1.4968,1555.39,2.7,1554.1,0.6255,1555.75,1554.0,0.0003267100,0.0000021041,0.1,1853.8
2026-09-14T08:43:07.783+00:00,ASTER,HL,10.2273,3.4273,1555.39,2.7,1553.8,29.858,1555.75,1553.7,0.0003267100,0.0000062500,26.1,0.2
2026-09-14T08:43:07.784+00:00,ASTER,HL,10.2273,3.4273,1555.39,2.7,1553.8,29.858,1555.75,1553.7,0.0003267100,0.0000062500,26.2,0.3
2026-09-14T08:43:07.784+00:00,ASTER,HL,10.2275,3.4275,1555.39,2.7,1553.8,29.858,1555.75,1553.6,0.0003267100,0.0000062500,26.3,0.3
2026-09-14T08:43:07.789+00:00,ASTER,HL,10.2275,3.4275,1555.39,2.7,1553.8,29.858,1555.75,1553.6,0.0003267100,0.0000062500,0.1,6.1
2026-09-14T08:43:07.789+00:00,ASTER,ENTROPY,8.2968,1.4968,1555.39,2.7,1554.1,0.6255,1555.75,1554.0,0.0003267100,0.0000021041,0.1,1885.8
2026-09-14T08:43:07.905+00:00,ASTER,HL,10.8709,4.0709,1555.39,2.7,1553.7,0.8,1555.75,1553.6,0.0003267100,0.0000062500,115.7,0.2
2026-09-14T08:43:07.905+00:00,ASTER,ENTROPY,8.2968,1.4968,1555.39,2.7,1554.1,0.6255,1555.75,1554.0,0.0003267100,0.0000021041,115.8,0.3
2026-09-14T08:43:07.922+00:00,ASTER,HL,10.8709,4.0709,1555.39,2.7,1553.7,9.68,1555.75,1553.6,0.0003267100,0.0000062500,133.2,0.1
2026-09-14T08:43:08.046+00:00,ASTER,HL,10.0349,3.2349,1555.26,0.78,1553.7,9.68,1555.75,1553.6,0.0003267100,0.0000062500,0.1,123.5
2026-09-14T08:43:08.046+00:00,ASTER,ENTROPY,7.4609,0.6609,1555.26,0.78,1554.1,0.6255,1555.75,1554.0,0.0003267100,0.0000021041,0.1,141.1
2026-09-14T08:43:08.055+00:00,ASTER,HL,10.9352,4.1352,1555.4,2.7,1553.7,9.68,1555.75,1553.6,0.0003267100,0.0000062500,0.1,132.6
2026-09-14T08:43:08.055+00:00,ASTER,ENTROPY,8.3611,1.5611,1555.4,2.7,1554.1,0.6255,1555.75,1554.0,0.0003267100,0.0000021041,0.1,150.2
2026-09-14T08:43:08.069+00:00,ASTER,HL,10.9352,4.1352,1555.4,2.7,1553.7,9.836,1555.75,1553.6,0.0003267100,0.0000062500,14.1,0.1
2026-09-14T08:43:08.142+00:00,ASTER,HL,10.9354,4.1354,1555.4,2.7,1553.7,9.836,1555.75,1553.5,0.0003267100,0.0000062500,87.5,0.3
2026-09-14T08:43:08.142+00:00,ASTER,ENTROPY,8.3614,1.5614,1555.4,2.7,1554.1,0.6255,1555.75,1553.8,0.0003267100,0.0000021041,87.7,0.4
2026-09-14T08:43:08.199+00:00,ASTER,HL,10.9352,4.1352,1555.4,2.7,1553.7,10.48,1555.75,1553.6,0.0003267100,0.0000062500,144.3,0.2
2026-09-14T08:43:08.329+00:00,ASTER,HL,10.9352,4.1352,1555.4,2.7,1553.7,9.046,1555.75,1553.6,0.0003267100,0.0000062500,273.6,0.2
2026-09-14T08:43:08.442+00:00,ASTER,HL,10.9352,4.1352,1555.4,2.7,1553.7,9.046,1555.75,1553.6,0.0003267100,0.0000062500,387.0,0.3
2026-09-14T08:43:08.666+00:00,ASTER,HL,10.9352,4.1352,1555.4,2.7,1553.7,9.689,1555.75,1553.6,0.0003267100,0.0000062500,611.1,0.3
2026-09-14T08:43:08.722+00:00,ASTER,HL,10.9352,4.1352,1555.4,2.7,1553.7,9.689,1555.75,1553.6,0.0003267100,0.0000062500,667.2,0.3
2026-09-14T08:43:08.800+00:00,ASTER,ENTROPY,8.3614,1.5614,1555.4,2.7,1554.1,0.6255,1555.75,1553.8,0.0003267100,0.0000021041,744.9,0.2
2026-09-14T08:43:09.290+00:00,ASTER,HL,10.0349,3.2349,1555.26,0.78,1553.7,9.689,1555.75,1553.6,0.0003267100,0.0000062500,0.3,568.4
2026-09-14T08:43:09.290+00:00,ASTER,ENTROPY,7.4611,0.6611,1555.26,0.78,1554.1,0.6255,1555.75,1553.8,0.0003267100,0.0000021041,0.3,490.7
2026-09-14T08:43:09.401+00:00,ASTER,HL,10.6780,3.8780,1555.36,2.7,1553.7,9.689,1555.75,1553.6,0.0003267100,0.0000062500,0.3,679.5
2026-09-14T08:43:09.401+00:00,ASTER,ENTROPY,8.1042,1.3042,1555.36,2.7,1554.1,0.6255,1555.75,1553.8,0.0003267100,0.0000021041,0.3,601.7
2026-09-14T08:43:09.616+00:00,ASTER,HL,10.6780,3.8780,1555.36,2.7,1553.7,9.689,1555.75,1553.6,0.0003267100,0.0000062500,215.1,0.2
2026-09-14T08:43:09.616+00:00,ASTER,ENTROPY,8.1042,1.3042,1555.36,2.7,1554.1,0.6255,1555.75,1553.8,0.0003267100,0.0000021041,215.3,0.4
2026-09-14T08:43:09.747+00:00,ASTER,HL,10.0349,3.2349,1555.26,0.78,1553.7,9.689,1555.75,1553.6,0.0003267100,0.0000062500,0.2,131.7
2026-09-14T08:43:09.747+00:00,ASTER,ENTROPY,7.4611,0.6611,1555.26,0.78,1554.1,0.6255,1555.75,1553.8,0.0003267100,0.0000021041,0.2,131.7
2026-09-14T08:43:09.757+00:00,ASTER,HL,10.7423,3.9423,1555.37,2.7,1553.7,9.689,1555.75,1553.6,0.0003267100,0.0000062500,0.1,141.2
2026-09-14T08:43:09.757+00:00,ASTER,ENTROPY,8.1685,1.3685,1555.37,2.7,1554.1,0.6255,1555.75,1553.8,0.0003267100,0.0000021041,0.1,141.1
2026-09-14T08:43:10.242+00:00,ASTER,HL,10.0349,3.2349,1555.26,0.78,1553.7,9.689,1555.75,1553.6,0.0003267100,0.0000062500,0.2,625.7
2026-09-14T08:43:10.242+00:00,ASTER,ENTROPY,7.4611,0.6611,1555.26,0.78,1554.1,0.6255,1555.75,1553.8,0.0003267100,0.0000021041,0.2,625.6
2026-09-14T08:43:10.251+00:00,ASTER,HL,10.8066,4.0066,1555.38,2.7,1553.7,9.689,1555.75,1553.6,0.0003267100,0.0000062500,0.1,635.5
2026-09-14T08:43:10.251+00:00,ASTER,ENTROPY,8.2328,1.4328,1555.38,2.7,1554.1,0.6255,1555.75,1553.8,0.0003267100,0.0000021041,0.1,635.4
2026-09-14T08:43:10.437+00:00,ASTER,HL,10.8066,4.0066,1555.38,2.7,1553.7,9.607,1555.75,1553.6,0.0003267100,0.0000062500,185.3,0.3
2026-09-14T08:43:10.894+00:00,ASTER,ENTROPY,8.2328,1.4328,1555.38,2.7,1554.1,0.6255,1555.75,1553.8,0.0003267100,0.0000021041,643.3,0.2
2026-09-14T08:43:10.995+00:00,ASTER,HL,10.0349,3.2349,1555.26,0.78,1553.7,9.607,1555.75,1553.6,0.0003267100,0.0000062500,0.2,558.6
2026-09-14T08:43:10.995+00:00,ASTER,ENTROPY,7.4611,0.6611,1555.26,0.78,1554.1,0.6255,1555.75,1553.8,0.0003267100,0.0000021041,0.2,100.6
2026-09-14T08:43:11.011+00:00,ASTER,HL,10.0349,3.2349,1555.26,0.78,1553.7,9.607,1555.75,1553.6,0.0003267100,0.0000062500,0.2,575.3
2026-09-14T08:43:11.011+00:00,ASTER,ENTROPY,7.4611,0.6611,1555.26,0.78,1554.1,0.6255,1555.75,1553.8,0.0003267100,0.0000021041,0.2,117.3
2026-09-14T08:43:11.012+00:00,ASTER,HL,10.0348,3.2348,1555.26,0.78,1553.7,9.607,1555.83,1553.6,0.0003267100,0.0000062500,0.3,575.5
2026-09-14T08:43:11.012+00:00,ASTER,ENTROPY,7.4610,0.6610,1555.26,0.78,1554.1,0.6255,1555.83,1553.8,0.0003267100,0.0000021041,0.3,117.4
2026-09-14T08:43:11.012+00:00,ASTER,HL,10.0348,3.2348,1555.26,0.78,1553.7,9.607,1555.83,1553.6,0.0003267100,0.0000062500,0.3,575.5
2026-09-14T08:43:11.012+00:00,ASTER,ENTROPY,7.4610,0.6610,1555.26,0.78,1554.1,0.6255,1555.83,1553.8,0.0003267100,0.0000021041,0.3,117.5
2026-09-14T08:43:11.012+00:00,ASTER,HL,10.0349,3.2349,1555.26,0.78,1553.7,9.607,1555.74,1553.6,0.0003267100,0.0000062500,0.4,575.6
2026-09-14T08:43:11.012+00:00,ASTER,ENTROPY,7.4611,0.6611,1555.26,0.78,1554.1,0.6255,1555.74,1553.8,0.0003267100,0.0000021041,0.4,117.5
2026-09-14T08:43:11.012+00:00,ASTER,HL,10.0349,3.2349,1555.26,0.78,1553.7,9.607,1555.74,1553.6,0.0003267100,0.0000062500,0.4,575.6
2026-09-14T08:43:11.012+00:00,ASTER,ENTROPY,7.4611,0.6611,1555.26,0.78,1554.1,0.6255,1555.74,1553.8,0.0003267100,0.0000021041,0.4,117.6
2026-09-14T08:43:11.046+00:00,ASTER,HL,10.0349,3.2349,1555.26,0.78,1553.7,9.607,1555.74,1553.6,0.0003267100,0.0000062500,0.1,609.5
2026-09-14T08:43:11.046+00:00,ASTER,ENTROPY,7.4611,0.6611,1555.26,0.78,1554.1,0.6255,1555.74,1553.8,0.0003267100,0.0000021041,0.1,151.5
2026-09-14T08:43:11.046+00:00,ASTER,HL,10.0348,3.2348,1555.26,0.78,1553.7,9.607,1555.83,1553.6,0.0003267100,0.0000062500,0.2,609.7
2026-09-14T08:43:11.046+00:00,ASTER,ENTROPY,7.4610,0.6610,1555.26,0.78,1554.1,0.6255,1555.83,1553.8,0.0003267100,0.0000021041,0.2,151.6
2026-09-14T08:43:11.046+00:00,ASTER,HL,10.0348,3.2348,1555.26,0.78,1553.7,9.607,1555.83,1553.6,0.0003267100,0.0000062500,0.9,0.7
2026-09-14T08:43:11.057+00:00,ASTER,HL,10.0350,3.2350,1555.26,0.78,1553.7,9.607,1555.69,1553.6,0.0003267100,0.0000062500,0.1,12.3
2026-09-14T08:43:11.057+00:00,ASTER,ENTROPY,7.4612,0.6612,1555.26,0.78,1554.1,0.6255,1555.69,1553.8,0.0003267100,0.0000021041,0.1,163.8
2026-09-14T08:43:11.057+00:00,ASTER,HL,10.0350,3.2350,1555.26,0.78,1553.7,9.607,1555.69,1553.6,0.0003267100,0.0000062500,0.2,12.4
2026-09-14T08:43:11.057+00:00,ASTER,ENTROPY,7.4612,0.6612,1555.26,0.78,1554.1,0.6255,1555.69,1553.8,0.0003267100,0.0000021041,0.2,163.9
2026-09-14T08:43:11.152+00:00,ASTER,HL,10.3565,3.5565,1555.31,2.7,1553.7,9.607,1555.69,1553.6,0.0003267100,0.0000062500,0.2,106.5
2026-09-14T08:43:11.152+00:00,ASTER,ENTROPY,7.7827,0.9827,1555.31,2.7,1554.1,0.6255,1555.69,1553.8,0.0003267100,0.0000021041,0.2,258.0
2026-09-14T08:43:11.286+00:00,ASTER,ENTROPY,7.7827,0.9827,1555.31,2.7,1554.1,0.5527,1555.69,1553.8,0.0003267100,0.0000021041,133.8,0.3
2026-09-14T08:43:11.312+00:00,ASTER,HL,10.3565,3.5565,1555.31,2.7,1553.7,10.333,1555.69,1553.6,0.0003267100,0.0000062500,160.0,0.3
2026-09-14T08:43:11.312+00:00,ASTER,ENTROPY,9.0694,2.2694,1555.31,2.7,1553.9,0.1816,1555.69,1553.8,0.0003267100,0.0000021041,160.2,0.4
2026-09-14T08:43:11.392+00:00,ASTER,HL,10.0350,3.2350,1555.26,0.78,1553.7,10.333,1555.69,1553.6,0.0003267100,0.0000062500,0.2,79.9
2026-09-14T08:43:11.392+00:00,ASTER,ENTROPY,8.7479,1.9479,1555.26,0.78,1553.9,0.1816,1555.69,1553.8,0.0003267100,0.0000021041,0.2,79.9
2026-09-14T08:43:11.403+00:00,ASTER,HL,10.4208,3.6208,1555.32,2.7,1553.7,10.333,1555.69,1553.6,0.0003267100,0.0000062500,0.1,91.0
2026-09-14T08:43:11.403+00:00,ASTER,ENTROPY,9.1337,2.3337,1555.32,2.7,1553.9,0.1816,1555.69,1553.8,0.0003267100,0.0000021041,0.1,91.0
2026-09-14T08:43:11.422+00:00,ASTER,HL,10.4210,3.6210,1555.32,2.7,1553.7,10.415,1555.69,1553.5,0.0003267100,0.0000062500,19.6,0.2
2026-09-14T08:43:11.423+00:00,ASTER,ENTROPY,7.8470,1.0470,1555.32,2.7,1554.1,0.5527,1555.69,1553.8,0.0003267100,0.0000021041,19.7,0.3
2026-09-14T08:43:11.423+00:00,ASTER,HL,10.4208,3.6208,1555.32,2.7,1553.7,10.415,1555.69,1553.6,0.0003267100,0.0000062500,19.8,0.3
2026-09-14T08:43:11.768+00:00,ASTER,HL,10.4208,3.6208,1555.32,2.7,1553.7,9.689,1555.69,1553.6,0.0003267100,0.0000062500,365.4,0.2
2026-09-14T08:43:11.768+00:00,ASTER,ENTROPY,7.8470,1.0470,1555.32,2.7,1554.1,0.5527,1555.69,1553.8,0.0003267100,0.0000021034,365.6,0.3
2026-09-14T08:43:11.798+00:00,ASTER,HL,10.0350,3.2350,1555.26,0.78,1553.7,9.689,1555.69,1553.6,0.0003267100,0.0000062500,0.2,29.4
2026-09-14T08:43:11.798+00:00,ASTER,ENTROPY,7.4612,0.6612,1555.26,0.78,1554.1,0.5527,1555.69,1553.8,0.0003267100,0.0000021034,0.2,29.4
2026-09-14T08:43:11.950+00:00,ASTER,HL,10.0350,3.2350,1555.26,0.78,1553.7,10.414,1555.69,1553.6,0.0003267100,0.0000062500,153.2,0.2
2026-09-14T08:43:11.950+00:00,ASTER,ENTROPY,7.4612,0.6612,1555.26,0.78,1554.1,0.5527,1555.69,1553.8,0.0003267100,0.0000021034,153.3,0.3
2026-09-14T08:43:12.006+00:00,ASTER,ENTROPY,7.4612,0.6612,1555.26,0.78,1554.1,0.5527,1555.69,1553.8,0.0003267100,0.0000021034,208.7,0.2
2026-09-14T08:43:12.069+00:00,ASTER,HL,10.0351,3.2351,1555.26,0.78,1553.7,10.414,1555.69,1553.5,0.0003267100,0.0000062500,271.7,0.2
2026-09-14T08:43:12.069+00:00,ASTER,ENTROPY,8.7479,1.9479,1555.26,0.78,1553.9,0.1659,1555.69,1553.8,0.0003267100,0.0000021034,271.8,0.3
2026-09-14T08:43:12.159+00:00,ASTER,HL,10.2281,3.4281,1555.29,2.7,1553.7,10.414,1555.69,1553.5,0.0003267100,0.0000062500,0.2,90.2
2026-09-14T08:43:12.159+00:00,ASTER,ENTROPY,8.9408,2.1408,1555.29,2.7,1553.9,0.1659,1555.69,1553.8,0.0003267100,0.0000021034,0.2,90.2
2026-09-14T08:43:12.228+00:00,ASTER,HL,10.8715,4.0715,1555.29,2.7,1553.6,7.436,1555.69,1553.5,0.0003267100,0.0000062500,69.2,0.2
2026-09-14T08:43:12.228+00:00,ASTER,ENTROPY,8.9408,2.1408,1555.29,2.7,1553.9,0.1659,1555.69,1553.8,0.0003267100,0.0000021034,69.3,0.2
2026-09-14T08:43:12.715+00:00,ASTER,ENTROPY,7.6541,0.8541,1555.29,2.7,1554.1,0.5527,1555.69,1553.8,0.0003267100,0.0000021034,556.3,0.4
2026-09-14T08:43:12.715+00:00,ASTER,ENTROPY,8.9408,2.1408,1555.29,2.7,1553.9,0.1743,1555.69,1553.8,0.0003267100,0.0000021034,556.5,0.5
2026-09-14T08:43:12.716+00:00,ASTER,HL,10.8715,4.0715,1555.29,2.7,1553.6,8.08,1555.69,1553.5,0.0003267100,0.0000062500,556.6,0.6
2026-09-14T08:43:12.759+00:00,ASTER,HL,10.8715,4.0715,1555.29,2.7,1553.6,8.08,1555.69,1553.5,0.0003267100,0.0000062500,600.8,0.2
2026-09-14T08:43:12.893+00:00,ASTER,ENTROPY,7.6541,0.8541,1555.29,2.7,1554.1,0.5527,1555.69,1553.8,0.0003267100,0.0000021034,734.7,0.3
2026-09-14T08:43:13.186+00:00,ASTER,ENTROPY,8.9408,2.1408,1555.29,2.7,1553.9,0.193,1555.69,1553.8,0.0003267100,0.0000021034,1027.1,0.2
2026-09-14T08:43:13.197+00:00,ASTER,HL,10.8715,4.0715,1555.29,2.7,1553.6,8.08,1555.69,1553.5,0.0003267100,0.0000062500,0.2,437.7
2026-09-14T08:43:13.197+00:00,ASTER,ENTROPY,8.9408,2.1408,1555.29,2.7,1553.9,0.193,1555.69,1553.8,0.0003267100,0.0000021034,0.2,11.4
2026-09-14T08:43:13.197+00:00,ASTER,HL,10.8713,4.0713,1555.29,2.7,1553.6,8.08,1555.82,1553.5,0.0003267100,0.0000062500,0.3,437.9
2026-09-14T08:43:13.197+00:00,ASTER,ENTROPY,8.9406,2.1406,1555.29,2.7,1553.9,0.193,1555.82,1553.8,0.0003267100,0.0000021034,0.3,11.6
2026-09-14T08:43:13.197+00:00,ASTER,HL,10.8713,4.0713,1555.29,2.7,1553.6,8.08,1555.83,1553.5,0.0003267100,0.0000062500,0.3,437.9
2026-09-14T08:43:13.197+00:00,ASTER,ENTROPY,8.9406,2.1406,1555.29,2.7,1553.9,0.193,1555.83,1553.8,0.0003267100,0.0000021034,0.3,11.6
2026-09-14T08:43:13.197+00:00,ASTER,HL,10.8715,4.0715,1555.29,2.7,1553.6,8.08,1555.68,1553.5,0.0003267100,0.0000062500,0.3,437.9
2026-09-14T08:43:13.197+00:00,ASTER,ENTROPY,8.9408,2.1408,1555.29,2.7,1553.9,0.193,1555.68,1553.8,0.0003267100,0.0000021034,0.3,11.6
2026-09-14T08:43:13.201+00:00,ASTER,HL,10.8716,4.0716,1555.29,2.7,1553.6,8.08,1555.67,1553.5,0.0003267100,0.0000062500,0.1,441.2
2026-09-14T08:43:13.201+00:00,ASTER,ENTROPY,8.9408,2.1408,1555.29,2.7,1553.9,0.193,1555.67,1553.8,0.0003267100,0.0000021034,0.1,14.9
2026-09-14T08:43:13.201+00:00,ASTER,HL,10.8716,4.0716,1555.29,2.7,1553.6,8.08,1555.67,1553.5,0.0003267100,0.0000062500,0.2,441.2
2026-09-14T08:43:13.201+00:00,ASTER,ENTROPY,8.9408,2.1408,1555.29,2.7,1553.9,0.193,1555.67,1553.8,0.0003267100,0.0000021034,0.2,15.0
2026-09-14T08:43:13.295+00:00,ASTER,HL,10.8716,4.0716,1555.29,2.7,1553.6,8.08,1555.66,1553.5,0.0003267100,0.0000062500,0.2,535.6
2026-09-14T08:43:13.295+00:00,ASTER,ENTROPY,8.9408,2.1408,1555.29,2.7,1553.9,0.193,1555.66,1553.8,0.0003267100,0.0000021034,0.2,109.3
2026-09-14T08:43:13.374+00:00,ASTER,HL,10.8716,4.0716,1555.29,2.7,1553.6,9.046,1555.66,1553.5,0.0003267100,0.0000062500,78.8,0.3
2026-09-14T08:43:13.374+00:00,ASTER,ENTROPY,7.6541,0.8541,1555.29,2.7,1554.1,0.5527,1555.66,1553.8,0.0003267100,0.0000021034,79.0,0.4
2026-09-14T08:43:13.389+00:00,ASTER,HL,10.6786,3.8786,1555.26,0.78,1553.6,9.046,1555.66,1553.5,0.0003267100,0.0000062500,0.2,15.2
2026-09-14T08:43:13.389+00:00,ASTER,ENTROPY,7.4612,0.6612,1555.26,0.78,1554.1,0.5527,1555.66,1553.8,0.0003267100,0.0000021034,0.2,15.2
2026-09-14T08:43:13.410+00:00,ASTER,HL,9.6496,2.8496,1555.1,0.64,1553.6,9.046,1555.66,1553.5,0.0003267100,0.0000062500,0.1,37.8
2026-09-14T08:43:13.410+00:00,ASTER,HL,9.6496,2.8496,1555.1,0.64,1553.6,9.046,1555.66,1553.5,0.0003267100,0.0000062500,0.2,37.9
2026-09-14T08:43:13.410+00:00,ASTER,HL,9.6498,2.8498,1555.1,0.64,1553.6,9.046,1555.53,1553.5,0.0003267100,0.0000062500,0.2,37.9
2026-09-14T08:43:13.410+00:00,ASTER,HL,9.6498,2.8498,1555.1,0.64,1553.6,9.046,1555.53,1553.5,0.0003267100,0.0000062500,0.3,37.9
2026-09-14T08:43:13.410+00:00,ASTER,HL,9.6498,2.8498,1555.1,0.64,1553.6,9.046,1555.53,1553.5,0.0003267100,0.0000062500,0.3,38.0
2026-09-14T08:43:13.411+00:00,ASTER,HL,9.6498,2.8498,1555.1,0.64,1553.6,9.046,1555.53,1553.5,0.0003267100,0.0000062500,0.3,38.0
2026-09-14T08:43:13.439+00:00,ASTER,HL,9.6498,2.8498,1555.1,0.64,1553.6,9.046,1555.53,1553.5,0.0003267100,0.0000062500,29.1,0.2
2026-09-14T08:43:13.442+00:00,ASTER,HL,9.6498,2.8498,1555.1,0.64,1553.6,9.046,1555.53,1553.5,0.0003267100,0.0000062500,0.1,2.6
2026-09-14T08:43:13.442+00:00,ASTER,HL,9.6498,2.8498,1555.1,0.64,1553.6,9.046,1555.53,1553.5,0.0003267100,0.0000062500,0.1,2.7
2026-09-14T08:43:13.447+00:00,ASTER,HL,9.6498,2.8498,1555.1,0.64,1553.6,8.964,1555.53,1553.5,0.0003267100,0.0000062500,5.2,0.2
2026-09-14T08:43:13.477+00:00,ASTER,HL,9.6498,2.8498,1555.1,0.64,1553.6,9.738,1555.53,1553.5,0.0003267100,0.0000062500,35.3,0.1
2026-09-14T08:43:13.477+00:00,ASTER,ENTROPY,7.7191,0.9191,1555.1,0.64,1553.9,0.163,1555.53,1553.8,0.0003267100,0.0000021034,35.4,0.2
2026-09-14T08:43:13.508+00:00,ASTER,HL,9.7785,2.9785,1555.12,2.7,1553.6,9.738,1555.53,1553.5,0.0003267100,0.0000062500,0.1,30.9
2026-09-14T08:43:13.508+00:00,ASTER,ENTROPY,7.8477,1.0477,1555.12,2.7,1553.9,0.163,1555.53,1553.8,0.0003267100,0.0000021034,0.1,30.9
2026-09-14T08:43:13.508+00:00,ASTER,HL,9.8428,3.0428,1555.13,2.7,1553.6,9.738,1555.53,1553.5,0.0003267100,0.0000062500,0.1,31.0
2026-09-14T08:43:13.508+00:00,ASTER,ENTROPY,7.9121,1.1121,1555.13,2.7,1553.9,0.163,1555.53,1553.8,0.0003267100,0.0000021034,0.1,31.0
2026-09-14T08:43:13.552+00:00,ASTER,HL,9.8428,3.0428,1555.13,2.7,1553.6,9.738,1555.52,1553.5,0.0003267100,0.0000062500,0.1,74.9
2026-09-14T08:43:13.552+00:00,ASTER,ENTROPY,7.9121,1.1121,1555.13,2.7,1553.9,0.163,1555.52,1553.8,0.0003267100,0.0000021034,0.1,74.9
2026-09-14T08:43:13.644+00:00,ASTER,HL,8.3635,1.5635,1554.9,2.56,1553.6,9.738,1555.52,1553.5,0.0003267100,0.0000062500,0.1,167.3
2026-09-14T08:43:13.656+00:00,ASTER,HL,9.9071,3.1071,1555.14,2.7,1553.6,9.738,1555.52,1553.5,0.0003267100,0.0000062500,0.1,178.2
2026-09-14T08:43:13.656+00:00,ASTER,ENTROPY,7.9764,1.1764,1555.14,2.7,1553.9,0.163,1555.52,1553.8,0.0003267100,0.0000021034,0.1,178.1
2026-09-14T08:43:13.670+00:00,ASTER,HL,9.9074,3.1074,1555.14,2.7,1553.6,32.854,1555.52,1553.3,0.0003267100,0.0000062500,13.7,0.1
2026-09-14T08:43:13.839+00:00,ASTER,HL,8.3637,1.5637,1554.9,2.56,1553.6,32.854,1555.52,1553.3,0.0003267100,0.0000062500,0.3,170.7
2026-09-14T08:43:13.851+00:00,ASTER,HL,9.9717,3.1717,1555.15,2.7,1553.6,32.854,1555.52,1553.3,0.0003267100,0.0000062500,0.2,181.9
2026-09-14T08:43:13.869+00:00,ASTER,HL,11.2588,4.4588,1555.15,2.7,1553.4,46.765,1555.52,1553.3,0.0003267100,0.0000062500,18.5,0.1
2026-09-14T08:43:13.869+00:00,ASTER,ENTROPY,8.0407,1.2407,1555.15,2.7,1553.9,0.1786,1555.52,1553.8,0.0003267100,0.0000021034,18.6,0.2
2026-09-14T08:43:13.895+00:00,ASTER,HL,11.2588,4.4588,1555.15,2.7,1553.4,46.765,1555.51,1553.3,0.0003267100,0.0000062500,0.1,26.0
2026-09-14T08:43:13.895+00:00,ASTER,ENTROPY,8.0407,1.2407,1555.15,2.7,1553.9,0.1786,1555.51,1553.8,0.0003267100,0.0000021034,0.1,26.0
2026-09-14T08:43:13.959+00:00,ASTER,HL,11.2588,4.4588,1555.15,2.7,1553.4,57.145,1555.51,1553.3,0.0003267100,0.0000062500,64.1,0.1
2026-09-14T08:43:13.985+00:00,ASTER,HL,11.2588,4.4588,1555.15,2.7,1553.4,28.196,1555.51,1553.3,0.0003267100,0.0000062500,90.0,0.2
2026-09-14T08:43:13.989+00:00,ASTER,HL,11.2588,4.4588,1555.15,2.7,1553.4,28.196,1555.53,1553.3,0.0003267100,0.0000062500,0.1,4.4
2026-09-14T08:43:13.989+00:00,ASTER,ENTROPY,8.0407,1.2407,1555.15,2.7,1553.9,0.1786,1555.53,1553.8,0.0003267100,0.0000021034,0.1,120.1
2026-09-14T08:43:14.037+00:00,ASTER,HL,11.2588,4.4588,1555.15,2.7,1553.4,7.436,1555.53,1553.3,0.0003267100,0.0000062500,48.1,0.2
2026-09-14T08:43:14.107+00:00,ASTER,HL,11.2588,4.4588,1555.15,2.7,1553.4,7.436,1555.53,1553.3,0.0003267100,0.0000062500,117.7,0.2
2026-09-14T08:43:14.107+00:00,ASTER,ENTROPY,8.0407,1.2407,1555.15,2.7,1553.9,0.5472,1555.53,1553.8,0.0003267100,0.0000021034,117.8,0.3
2026-09-14T08:43:14.155+00:00,ASTER,HL,11.2588,4.4588,1555.15,2.7,1553.4,7.436,1555.53,1553.3,0.0003267100,0.0000062500,0.7,48.3
2026-09-14T08:43:14.155+00:00,ASTER,ENTROPY,8.0407,1.2407,1555.15,2.7,1553.9,0.5472,1555.53,1553.8,0.0003267100,0.0000021034,0.7,48.3
2026-09-14T08:43:14.155+00:00,ASTER,HL,11.2588,4.4588,1555.15,2.7,1553.4,7.436,1555.53,1553.3,0.0003267100,0.0000062500,0.9,48.5
2026-09-14T08:43:14.155+00:00,ASTER,ENTROPY,8.0407,1.2407,1555.15,2.7,1553.9,0.5472,1555.53,1553.8,0.0003267100,0.0000021034,0.9,48.4
2026-09-14T08:43:14.174+00:00,ASTER,HL,11.2588,4.4588,1555.15,2.7,1553.4,7.436,1555.53,1553.3,0.0003267100,0.0000062500,19.6,0.2
2026-09-14T08:43:14.250+00:00,ASTER,HL,11.2588,4.4588,1555.15,2.7,1553.4,7.436,1555.53,1553.3,0.0003267100,0.0000062500,0.2,76.5
2026-09-14T08:43:14.250+00:00,ASTER,ENTROPY,8.0407,1.2407,1555.15,2.7,1553.9,0.5472,1555.53,1553.8,0.0003267100,0.0000021034,0.2,143.4
2026-09-14T08:43:14.250+00:00,ASTER,HL,11.2588,4.4588,1555.15,2.7,1553.4,7.436,1555.53,1553.3,0.0003267100,0.0000062500,0.3,76.6
2026-09-14T08:43:14.250+00:00,ASTER,ENTROPY,8.0407,1.2407,1555.15,2.7,1553.9,0.5472,1555.53,1553.8,0.0003267100,0.0000021034,0.3,143.5
2026-09-14T08:43:14.291+00:00,ASTER,HL,11.2588,4.4588,1555.15,2.7,1553.4,7.436,1555.53,1553.3,0.0003267100,0.0000062500,40.6,0.2
2026-09-14T08:43:14.365+00:00,ASTER,ENTROPY,8.0407,1.2407,1555.15,2.7,1553.9,0.7156,1555.53,1553.8,0.0003267100,0.0000021034,115.3,0.3
2026-09-14T08:43:14.470+00:00,ASTER,HL,11.2588,4.4588,1555.15,2.7,1553.4,7.436,1555.53,1553.3,0.0003267100,0.0000062500,219.9,0.2
2026-09-14T08:43:15.006+00:00,ASTER,HL,11.2588,4.4588,1555.15,2.7,1553.4,7.436,1555.53,1553.3,0.0003267100,0.0000062500,756.7,0.3
2026-09-14T08:43:15.007+00:00,ASTER,ENTROPY,8.0407,1.2407,1555.15,2.7,1553.9,0.5472,1555.53,1553.8,0.0003267100,0.0000021034,757.0,0.5
2026-09-14T08:43:15.411+00:00,ASTER,HL,11.2588,4.4588,1555.15,2.7,1553.4,7.436,1555.53,1553.3,0.0003267100,0.0000062500,1161.2,0.3
2026-09-14T08:43:15.750+00:00,ASTER,HL,11.2588,4.4588,1555.15,2.7,1553.4,7.436,1555.53,1553.3,0.0003267100,0.0000062500,1499.7,0.3
2026-09-14T08:43:15.750+00:00,ASTER,ENTROPY,8.0407,1.2407,1555.15,2.7,1553.9,0.5472,1555.53,1553.8,0.0003267100,0.0000021034,1499.9,0.5
2026-09-14T08:43:16.020+00:00,ASTER,HL,11.2588,4.4588,1555.15,2.7,1553.4,7.436,1555.53,1553.3,0.0003267100,0.0000062500,1770.2,0.2
2026-09-14T08:43:16.143+00:00,ASTER,HL,9.6508,2.8508,1554.9,2.56,1553.4,7.436,1555.53,1553.3,0.0003267100,0.0000062500,0.2,122.8
2026-09-14T08:43:16.169+00:00,ASTER,HL,9.6508,2.8508,1554.9,2.56,1553.4,7.436,1555.53,1553.3,0.0003267100,0.0000062500,0.2,149.3
2026-09-14T08:43:16.169+00:00,ASTER,HL,9.6508,2.8508,1554.9,1.28,1553.4,7.436,1555.53,1553.3,0.0003267100,0.0000062500,0.3,149.4
2026-09-14T08:43:16.169+00:00,ASTER,HL,9.6507,2.8507,1554.9,1.28,1553.4,7.436,1555.58,1553.3,0.0003267100,0.0000062500,0.3,149.5
2026-09-14T08:43:16.169+00:00,ASTER,HL,9.2004,2.4004,1554.83,0.64,1553.4,7.436,1555.58,1553.3,0.0003267100,0.0000062500,0.4,149.5
2026-09-14T08:43:16.169+00:00,ASTER,HL,9.2003,2.4003,1554.83,0.64,1553.4,7.436,1555.66,1553.3,0.0003267100,0.0000062500,0.4,149.5
2026-09-14T08:43:16.169+00:00,ASTER,HL,11.3872,4.5872,1555.17,2.7,1553.4,7.436,1555.66,1553.3,0.0003267100,0.0000062500,0.4,149.5
2026-09-14T08:43:16.169+00:00,ASTER,ENTROPY,8.1691,1.3691,1555.17,2.7,1553.9,0.5472,1555.66,1553.8,0.0003267100,0.0000021034,0.4,420.1
2026-09-14T08:43:16.170+00:00,ASTER,HL,11.3872,4.5872,1555.17,2.7,1553.4,7.436,1555.66,1553.3,0.0003267100,0.0000062500,1.0,0.9
2026-09-14T08:43:16.205+00:00,ASTER,HL,9.2003,2.4003,1554.83,0.64,1553.4,7.436,1555.66,1553.3,0.0003267100,0.0000062500,0.3,35.9
2026-09-14T08:43:16.206+00:00,ASTER,HL,9.2003,2.4003,1554.83,0.64,1553.4,7.436,1555.66,1553.3,0.0003267100,0.0000062500,0.4,36.1
2026-09-14T08:43:16.224+00:00,ASTER,HL,11.5801,4.7801,1555.2,2.7,1553.4,7.436,1555.66,1553.3,0.0003267100,0.0000062500,0.2,55.5
2026-09-14T08:43:16.224+00:00,ASTER,ENTROPY,8.3621,1.5621,1555.2,2.7,1553.9,0.5472,1555.66,1553.8,0.0003267100,0.0000021034,0.2,475.2
2026-09-14T08:43:16.224+00:00,ASTER,HL,11.8374,5.0374,1555.24,2.7,1553.4,7.436,1555.66,1553.3,0.0003267100,0.0000062500,0.4,55.6
2026-09-14T08:43:16.224+00:00,ASTER,ENTROPY,8.6193,1.8193,1555.24,2.7,1553.9,0.5472,1555.66,1553.8,0.0003267100,0.0000021034,0.4,475.4
2026-09-14T08:43:16.224+00:00,ASTER,HL,12.0946,5.2946,1555.28,2.7,1553.4,7.436,1555.66,1553.3,0.0003267100,0.0000062500,0.4,55.7
2026-09-14T08:43:16.224+00:00,ASTER,ENTROPY,8.8765,2.0765,1555.28,2.7,1553.9,0.5472,1555.66,1553.8,0.0003267100,0.0000021034,0.4,475.5
2026-09-14T08:43:16.224+00:00,ASTER,HL,12.2232,5.4232,1555.3,2.7,1553.4,7.436,1555.66,1553.3,0.0003267100,0.0000062500,0.4,55.7
2026-09-14T08:43:16.224+00:00,ASTER,ENTROPY,9.0052,2.2052,1555.3,2.7,1553.9,0.5472,1555.66,1553.8,0.0003267100,0.0000021034,0.4,475.5
2026-09-14T08:43:16.251+00:00,ASTER,HL,12.3519,5.5519,1555.32,2.7,1553.4,7.436,1555.66,1553.3,0.0003267100,0.0000062500,0.2,81.4
2026-09-14T08:43:16.251+00:00,ASTER,ENTROPY,9.1338,2.3338,1555.32,2.7,1553.9,0.5472,1555.66,1553.8,0.0003267100,0.0000021034,0.2,501.2
2026-09-14T08:43:16.264+00:00,ASTER,HL,12.4805,5.6805,1555.34,2.7,1553.4,7.436,1555.66,1553.3,0.0003267100,0.0000062500,0.1,94.6
2026-09-14T08:43:16.264+00:00,ASTER,ENTROPY,9.2624,2.4624,1555.34,2.7,1553.9,0.5472,1555.66,1553.8,0.0003267100,0.0000021034,0.1,514.4
2026-09-14T08:43:16.681+00:00,ASTER,HL,10.5500,3.7500,1555.34,2.7,1553.7,0.934,1555.66,1553.3,0.0003267100,0.0000062500,417.5,0.4
2026-09-14T08:43:16.681+00:00,ASTER,ENTROPY,9.2624,2.4624,1555.34,2.7,1553.9,0.3686,1555.66,1553.8,0.0003267100,0.0000021013,417.6,0.5
2026-09-14T08:43:16.682+00:00,ASTER,HL,10.5495,3.7495,1555.34,2.7,1553.7,0.291,1555.66,1553.6,0.0003267100,0.0000062500,418.1,0.8
2026-09-14T08:43:16.682+00:00,ASTER,HL,10.5495,3.7495,1555.34,2.7,1553.7,0.291,1555.66,1553.6,0.0003267100,0.0000062500,418.1,0.9
2026-09-14T08:43:16.720+00:00,ASTER,HL,10.5495,3.7495,1555.34,2.7,1553.7,0.291,1555.66,1553.6,0.0003267100,0.0000062500,456.5,0.1
2026-09-14T08:43:16.774+00:00,ASTER,HL,10.5495,3.7495,1555.34,2.7,1553.7,0.291,1555.66,1553.6,0.0003267100,0.0000062500,510.1,0.2
2026-09-14T08:43:16.850+00:00,ASTER,HL,10.5495,3.7495,1555.34,2.7,1553.7,5.056,1555.66,1553.6,0.0003267100,0.0000062500,586.3,0.3
2026-09-14T08:43:16.850+00:00,ASTER,ENTROPY,9.2624,2.4624,1555.34,2.7,1553.9,0.3686,1555.66,1553.8,0.0003267100,0.0000021013,586.5,0.5
2026-09-14T08:43:16.990+00:00,ASTER,HL,10.5495,3.7495,1555.34,2.7,1553.7,4.412,1555.66,1553.6,0.0003267100,0.0000062500,726.5,0.2
2026-09-14T08:43:17.039+00:00,ASTER,HL,9.7135,2.9135,1555.21,0.78,1553.7,4.412,1555.66,1553.6,0.0003267100,0.0000062500,0.2,49.4
2026-09-14T08:43:17.039+00:00,ASTER,ENTROPY,8.4264,1.6264,1555.21,0.78,1553.9,0.3686,1555.66,1553.8,0.0003267100,0.0000021013,0.2,189.6
2026-09-14T08:43:17.111+00:00,ASTER,HL,9.7135,2.9135,1555.21,0.78,1553.7,0.231,1555.66,1553.6,0.0003267100,0.0000062500,71.8,0.2
2026-09-14T08:43:17.151+00:00,ASTER,HL,9.9064,3.1064,1555.24,2.7,1553.7,0.231,1555.66,1553.6,0.0003267100,0.0000062500,0.2,40.4
2026-09-14T08:43:17.151+00:00,ASTER,ENTROPY,8.6193,1.8193,1555.24,2.7,1553.9,0.3686,1555.66,1553.8,0.0003267100,0.0000021013,0.2,301.4
2026-09-14T08:43:17.190+00:00,ASTER,HL,9.7135,2.9135,1555.21,0.78,1553.7,0.231,1555.66,1553.6,0.0003267100,0.0000062500,0.1,79.0
2026-09-14T08:43:17.190+00:00,ASTER,ENTROPY,8.4264,1.6264,1555.21,0.78,1553.9,0.3686,1555.66,1553.8,0.0003267100,0.0000021013,0.1,340.0
2026-09-14T08:43:17.199+00:00,ASTER,HL,9.9707,3.1707,1555.25,2.7,1553.7,0.231,1555.66,1553.6,0.0003267100,0.0000062500,0.5,88.3
2026-09-14T08:43:17.199+00:00,ASTER,ENTROPY,8.6836,1.8836,1555.25,2.7,1553.9,0.3686,1555.66,1553.8,0.0003267100,0.0000021013,0.5,349.3
2026-09-14T08:43:17.212+00:00,ASTER,HL,9.9707,3.1707,1555.25,2.7,1553.7,0.231,1555.66,1553.6,0.0003267100,0.0000062500,13.6,0.1
2026-09-14T08:43:17.331+00:00,ASTER,HL,9.9707,3.1707,1555.25,2.7,1553.7,1.593,1555.66,1553.6,0.0003267100,0.0000062500,132.4,0.3
2026-09-14T08:43:17.331+00:00,ASTER,ENTROPY,8.6836,1.8836,1555.25,2.7,1553.9,0.3686,1555.66,1553.8,0.0003267100,0.0000021013,132.6,0.4
2026-09-14T08:43:17.391+00:00,ASTER,HL,9.7135,2.9135,1555.21,0.78,1553.7,1.593,1555.66,1553.6,0.0003267100,0.0000062500,0.2,60.4
2026-09-14T08:43:17.391+00:00,ASTER,ENTROPY,8.4264,1.6264,1555.21,0.78,1553.9,0.3686,1555.66,1553.8,0.0003267100,0.0000021013,0.2,60.3
2026-09-14T08:43:17.415+00:00,ASTER,HL,10.0350,3.2350,1555.26,2.7,1553.7,1.593,1555.66,1553.6,0.0003267100,0.0000062500,0.2,84.6
2026-09-14T08:43:17.415+00:00,ASTER,ENTROPY,8.7479,1.9479,1555.26,2.7,1553.9,0.3686,1555.66,1553.8,0.0003267100,0.0000021013,0.2,84.6
2026-09-14T08:43:17.726+00:00,ASTER,HL,10.0350,3.2350,1555.26,2.7,1553.7,1.593,1555.66,1553.6,0.0003267100,0.0000062500,310.3,0.3
2026-09-14T08:43:17.943+00:00,ASTER,HL,10.0352,3.2352,1555.26,2.7,1553.7,3.202,1555.66,1553.5,0.0003267100,0.0000062500,528.1,0.3
2026-09-14T08:43:17.943+00:00,ASTER,ENTROPY,8.7479,1.9479,1555.26,2.7,1553.9,0.4155,1555.66,1553.8,0.0003267100,0.0000021013,528.3,0.4
2026-09-14T08:43:18.163+00:00,ASTER,HL,10.6786,3.8786,1555.26,2.7,1553.6,7.436,1555.66,1553.5,0.0003267100,0.0000062500,747.4,0.3
2026-09-14T08:43:18.163+00:00,ASTER,HL,10.6786,3.8786,1555.26,2.7,1553.6,14.872,1555.66,1553.5,0.0003267100,0.0000062500,747.6,0.5
2026-09-14T08:43:18.303+00:00,ASTER,ENTROPY,8.7479,1.9479,1555.26,2.7,1553.9,0.4155,1555.66,1553.8,0.0003267100,0.0000021013,888.4,0.3
2026-09-14T08:43:18.353+00:00,ASTER,ENTROPY,8.7479,1.9479,1555.26,2.7,1553.9,0.4155,1555.66,1553.8,0.0003267100,0.0000021013,937.9,0.2
2026-09-14T08:43:18.416+00:00,ASTER,HL,10.6786,3.8786,1555.26,2.7,1553.6,16.482,1555.66,1553.5,0.0003267100,0.0000062500,1000.8,0.1
2026-09-14T08:43:18.563+00:00,ASTER,HL,10.6786,3.8786,1555.26,2.7,1553.6,8.08,1555.66,1553.5,0.0003267100,0.0000062500,1148.5,0.1
2026-09-14T08:43:18.563+00:00,ASTER,ENTROPY,8.7479,1.9479,1555.26,2.7,1553.9,0.4155,1555.66,1553.8,0.0003267100,0.0000021013,1148.6,0.2
2026-09-14T08:43:19.368+00:00,ASTER,ENTROPY,8.7479,1.9479,1555.26,2.7,1553.9,0.4232,1555.66,1553.8,0.0003267100,0.0000021013,1953.1,0.3
2026-09-14T08:43:19.414+00:00,ASTER,HL,10.6786,3.8786,1555.26,2.7,1553.6,8.08,1555.66,1553.5,0.0003267100,0.0000062500,1998.9,0.3
2026-09-14T08:43:19.450+00:00,ASTER,HL,10.6787,3.8787,1555.26,2.7,1553.6,8.08,1555.63,1553.5,0.0003267100,0.0000062500,0.2,36.4
2026-09-14T08:43:19.450+00:00,ASTER,ENTROPY,8.7480,1.9480,1555.26,2.7,1553.9,0.4232,1555.63,1553.8,0.0003267100,0.0000021013,0.2,82.1
2026-09-14T08:43:19.451+00:00,ASTER,HL,10.6788,3.8788,1555.26,2.7,1553.6,8.08,1555.59,1553.5,0.0003267100,0.0000062500,0.3,36.5
2026-09-14T08:43:19.451+00:00,ASTER,ENTROPY,8.7480,1.9480,1555.26,2.7,1553.9,0.4232,1555.59,1553.8,0.0003267100,0.0000021013,0.3,82.3
2026-09-14T08:43:19.451+00:00,ASTER,HL,10.6788,3.8788,1555.26,2.7,1553.6,8.08,1555.59,1553.5,0.0003267100,0.0000062500,0.3,36.5
2026-09-14T08:43:19.451+00:00,ASTER,ENTROPY,8.7480,1.9480,1555.26,2.7,1553.9,0.4232,1555.59,1553.8,0.0003267100,0.0000021013,0.3,82.3
2026-09-14T08:43:19.616+00:00,ASTER,ENTROPY,8.7480,1.9480,1555.26,2.7,1553.9,0.6303,1555.59,1553.8,0.0003267100,0.0000021013,165.9,0.2
2026-09-14T08:43:19.761+00:00,ASTER,HL,10.6788,3.8788,1555.26,2.7,1553.6,9.784,1555.59,1553.5,0.0003267100,0.0000062500,311.8,0.4
2026-09-14T08:43:19.827+00:00,ASTER,HL,10.6788,3.8788,1555.26,2.7,1553.6,9.784,1555.59,1553.5,0.0003267100,0.0000062500,377.6,0.1
2026-09-14T08:43:19.953+00:00,ASTER,HL,10.6788,3.8788,1555.26,2.7,1553.6,9.86,1555.59,1553.5,0.0003267100,0.0000062500,502.8,0.2
2026-09-14T08:43:20.187+00:00,ASTER,HL,8.7493,1.9493,1554.96,5.48,1553.6,9.86,1555.59,1553.5,0.0003267100,0.0000062500,0.3,233.9
2026-09-14T08:43:20.187+00:00,ASTER,ENTROPY,6.8186,0.0186,1554.96,5.48,1553.9,0.6303,1555.59,1553.8,0.0003267100,0.0000021013,0.3,570.8
2026-09-14T08:43:20.211+00:00,ASTER,HL,8.7493,1.9493,1554.96,5.48,1553.6,9.86,1555.59,1553.5,0.0003267100,0.0000062500,0.3,258.1
2026-09-14T08:43:20.211+00:00,ASTER,ENTROPY,6.8186,0.0186,1554.96,5.48,1553.9,0.6303,1555.59,1553.8,0.0003267100,0.0000021013,0.3,595.0
2026-09-14T08:43:20.211+00:00,ASTER,HL,8.7493,1.9493,1554.96,2.74,1553.6,9.86,1555.59,1553.5,0.0003267100,0.0000062500,0.4,258.2
2026-09-14T08:43:20.211+00:00,ASTER,ENTROPY,6.8186,0.0186,1554.96,2.74,1553.9,0.6303,1555.59,1553.8,0.0003267100,0.0000021013,0.4,595.1
2026-09-14T08:43:20.211+00:00,ASTER,HL,8.7492,1.9492,1554.96,2.74,1553.6,9.86,1555.66,1553.5,0.0003267100,0.0000062500,0.5,258.2
2026-09-14T08:43:20.211+00:00,ASTER,ENTROPY,6.8186,0.0186,1554.96,2.74,1553.9,0.6303,1555.66,1553.8,0.0003267100,0.0000021013,0.5,595.2
2026-09-14T08:43:20.211+00:00,ASTER,HL,8.4919,1.6919,1554.92,16.39,1553.6,9.86,1555.66,1553.5,0.0003267100,0.0000062500,0.5,258.3
2026-09-14T08:43:20.211+00:00,ASTER,HL,7.9130,1.1130,1554.83,0.64,1553.6,9.86,1555.66,1553.5,0.0003267100,0.0000062500,0.5,258.3
2026-09-14T08:43:20.211+00:00,ASTER,HL,7.9131,1.1131,1554.83,0.64,1553.6,9.86,1555.58,1553.5,0.0003267100,0.0000062500,0.5,258.3
2026-09-14T08:43:20.220+00:00,ASTER,HL,7.9133,1.1133,1554.83,0.64,1553.6,9.86,1555.44,1553.5,0.0003267100,0.0000062500,0.1,266.8
2026-09-14T08:43:20.220+00:00,ASTER,HL,7.9133,1.1133,1554.83,0.64,1553.6,9.86,1555.44,1553.5,0.0003267100,0.0000062500,0.1,266.9
2026-09-14T08:43:20.251+00:00,ASTER,HL,7.9133,1.1133,1554.83,0.64,1553.6,9.86,1555.44,1553.5,0.0003267100,0.0000062500,0.1,297.9
2026-09-14T08:43:20.251+00:00,ASTER,HL,7.9133,1.1133,1554.83,0.64,1553.6,9.86,1555.44,1553.5,0.0003267100,0.0000062500,0.2,298.0
2026-09-14T08:43:20.295+00:00,ASTER,HL,7.9133,1.1133,1554.83,0.64,1553.6,9.86,1555.44,1553.5,0.0003267100,0.0000062500,0.6,342.5
2026-09-14T08:43:20.298+00:00,ASTER,HL,7.9133,1.1133,1554.83,0.64,1553.6,9.86,1555.44,1553.5,0.0003267100,0.0000062500,0.1,345.2
2026-09-14T08:43:20.301+00:00,ASTER,HL,7.9133,1.1133,1554.83,0.64,1553.6,9.86,1555.43,1553.5,0.0003267100,0.0000062500,0.1,347.7
2026-09-14T08:43:20.301+00:00,ASTER,HL,7.9133,1.1133,1554.83,0.64,1553.6,9.86,1555.43,1553.5,0.0003267100,0.0000062500,0.1,347.8
2026-09-14T08:43:20.305+00:00,ASTER,HL,9.0068,2.2068,1555.0,2.7,1553.6,9.86,1555.43,1553.5,0.0003267100,0.0000062500,0.1,351.8
2026-09-14T08:43:20.305+00:00,ASTER,ENTROPY,7.0761,0.2761,1555.0,2.7,1553.9,0.6303,1555.43,1553.8,0.0003267100,0.0000021013,0.1,688.7
2026-09-14T08:43:20.305+00:00,ASTER,HL,9.1354,2.3354,1555.02,2.7,1553.6,9.86,1555.43,1553.5,0.0003267100,0.0000062500,0.1,351.9
2026-09-14T08:43:20.305+00:00,ASTER,ENTROPY,7.2047,0.4047,1555.02,2.7,1553.9,0.6303,1555.43,1553.8,0.0003267100,0.0000021013,0.1,688.8
2026-09-14T08:43:20.305+00:00,ASTER,HL,9.2641,2.4641,1555.04,2.7,1553.6,9.86,1555.43,1553.5,0.0003267100,0.0000062500,0.1,351.9
2026-09-14T08:43:20.305+00:00,ASTER,ENTROPY,7.3333,0.5333,1555.04,2.7,1553.9,0.6303,1555.43,1553.8,0.0003267100,0.0000021013,0.1,688.8
2026-09-14T08:43:20.305+00:00,ASTER,HL,9.3927,2.5927,1555.06,2.7,1553.6,9.86,1555.43,1553.5,0.0003267100,0.0000062500,0.2,351.9
2026-09-14T08:43:20.305+00:00,ASTER,ENTROPY,7.4620,0.6620,1555.06,2.7,1553.9,0.6303,1555.43,1553.8,0.0003267100,0.0000021013,0.2,688.8
2026-09-14T08:43:20.329+00:00,ASTER,HL,9.3927,2.5927,1555.06,2.7,1553.6,9.86,1555.43,1553.5,0.0003267100,0.0000062500,24.0,0.2
2026-09-14T08:43:20.354+00:00,ASTER,HL,9.3927,2.5927,1555.06,2.7,1553.6,9.122,1555.43,1553.5,0.0003267100,0.0000062500,49.6,0.2
2026-09-14T08:43:20.392+00:00,ASTER,HL,9.3927,2.5927,1555.06,2.7,1553.6,9.122,1555.43,1553.5,0.0003267100,0.0000062500,0.1,39.0
2026-09-14T08:43:20.392+00:00,ASTER,ENTROPY,7.4620,0.6620,1555.06,2.7,1553.9,0.6303,1555.43,1553.8,0.0003267100,0.0000021013,0.1,777.1
2026-09-14T08:43:20.444+00:00,ASTER,HL,7.9133,1.1133,1554.83,0.64,1553.6,9.122,1555.43,1553.5,0.0003267100,0.0000062500,0.2,89.9
2026-09-14T08:43:20.461+00:00,ASTER,HL,9.4570,2.6570,1555.07,2.7,1553.6,9.122,1555.43,1553.5,0.0003267100,0.0000062500,0.2,106.9
2026-09-14T08:43:20.461+00:00,ASTER,ENTROPY,7.5263,0.7263,1555.07,2.7,1553.9,0.6303,1555.43,1553.8,0.0003267100,0.0000021013,0.2,845.0
2026-09-14T08:43:20.583+00:00,ASTER,HL,9.4573,2.6573,1555.07,2.7,1553.6,46.415,1555.43,1553.3,0.0003267100,0.0000062500,122.4,0.3
2026-09-14T08:43:20.583+00:00,ASTER,ENTROPY,7.5263,0.7263,1555.07,2.7,1553.9,1.6039,1555.43,1553.8,0.0003267100,0.0000021013,122.5,0.4
2026-09-14T08:43:20.669+00:00,ASTER,HL,10.7444,3.9444,1555.07,2.7,1553.4,57.939,1555.43,1553.3,0.0003267100,0.0000062500,208.7,0.3
2026-09-14T08:43:20.669+00:00,ASTER,ENTROPY,7.5263,0.7263,1555.07,2.7,1553.9,0.6303,1555.43,1553.8,0.0003267100,0.0000021013,208.9,0.5
2026-09-14T08:43:20.692+00:00,ASTER,HL,10.7444,3.9444,1555.07,2.7,1553.4,97.268,1555.43,1553.3,0.0003267100,0.0000062500,231.7,0.3
2026-09-14T08:43:20.857+00:00,ASTER,HL,10.7444,3.9444,1555.07,2.7,1553.4,39.37,1555.43,1553.3,0.0003267100,0.0000062500,396.7,0.3
2026-09-14T08:43:20.857+00:00,ASTER,ENTROPY,7.5264,0.7264,1555.07,2.7,1553.9,0.6303,1555.43,1553.7,0.0003267100,0.0000021013,396.9,0.5
2026-09-14T08:43:20.900+00:00,ASTER,HL,10.7444,3.9444,1555.07,2.7,1553.4,7.436,1555.43,1553.3,0.0003267100,0.0000062500,439.2,0.2
2026-09-14T08:43:20.900+00:00,ASTER,ENTROPY,7.5264,0.7264,1555.07,2.7,1553.9,0.6303,1555.43,1553.7,0.0003267100,0.0000021013,439.3,0.3
2026-09-14T08:43:20.942+00:00,ASTER,HL,9.2006,2.4006,1554.83,0.64,1553.4,7.436,1555.43,1553.3,0.0003267100,0.0000062500,0.1,42.0
2026-09-14T08:43:20.956+00:00,ASTER,HL,9.2007,2.4007,1554.83,0.64,1553.4,7.436,1555.42,1553.3,0.0003267100,0.0000062500,0.2,56.8
2026-09-14T08:43:21.017+00:00,ASTER,HL,9.2007,2.4007,1554.83,0.64,1553.4,8.08,1555.42,1553.3,0.0003267100,0.0000062500,60.9,0.2
2026-09-14T08:43:21.470+00:00,ASTER,HL,7.1438,0.3438,1554.31,2.7,1553.2,47.562,1554.7,1553.0,0.0003267100,0.0000062500,66.8,0.3
2026-09-14T08:43:21.480+00:00,ASTER,HL,7.7875,0.9875,1554.31,2.7,1553.1,82.716,1554.7,1553.0,0.0003267100,0.0000062500,76.9,0.2
2026-09-14T08:43:21.503+00:00,ASTER,HL,7.7875,0.9875,1554.31,2.7,1553.1,164.638,1554.7,1553.0,0.0003267100,0.0000062500,99.3,0.3
2026-09-14T08:43:21.635+00:00,ASTER,HL,7.6588,0.8588,1554.29,0.64,1553.1,164.638,1554.7,1553.0,0.0003267100,0.0000062500,0.3,132.9
2026-09-14T08:43:21.641+00:00,ASTER,HL,7.8518,1.0518,1554.32,2.7,1553.1,164.638,1554.7,1553.0,0.0003267100,0.0000062500,0.1,138.8
2026-09-14T08:43:21.693+00:00,ASTER,HL,7.8518,1.0518,1554.32,2.7,1553.1,167.888,1554.7,1553.0,0.0003267100,0.0000062500,52.1,0.3
2026-09-14T08:43:21.708+00:00,ASTER,HL,7.8523,1.0523,1554.32,2.7,1553.1,249.807,1554.7,1552.6,0.0003267100,0.0000062500,68.1,0.2
2026-09-14T08:43:21.806+00:00,ASTER,HL,10.4275,3.6275,1554.32,2.7,1552.7,42.593,1554.7,1552.6,0.0003267100,0.0000062500,164.9,0.3
2026-09-14T08:43:21.963+00:00,ASTER,HL,10.4275,3.6275,1554.32,2.7,1552.7,89.372,1554.7,1552.6,0.0003267100,0.0000062500,322.4,0.3
2026-09-14T08:43:21.964+00:00,ASTER,HL,10.4275,3.6275,1554.32,2.7,1552.7,49.931,1554.7,1552.6,0.0003267100,0.0000062500,323.0,0.7
2026-09-14T08:43:22.029+00:00,ASTER,HL,10.4275,3.6275,1554.32,2.7,1552.7,62.163,1554.7,1552.6,0.0003267100,0.0000062500,387.9,0.2
2026-09-14T08:43:22.105+00:00,ASTER,HL,10.4275,3.6275,1554.32,2.7,1552.7,27.724,1554.7,1552.6,0.0003267100,0.0000062500,464.2,0.3
2026-09-14T08:43:22.105+00:00,ASTER,ENTROPY,7.8519,1.0519,1554.32,2.7,1553.1,0.2495,1554.7,1552.9,0.0003267100,0.0000020968,464.4,0.4
2026-09-14T08:43:22.324+00:00,ASTER,ENTROPY,8.4957,1.6957,1554.32,2.7,1553.0,0.1794,1554.7,1552.9,0.0003267100,0.0000020968,683.9,0.3
2026-09-14T08:43:22.872+00:00,ASTER,HL,10.4275,3.6275,1554.32,2.7,1552.7,28.368,1554.7,1552.6,0.0003267100,0.0000062500,1231.4,0.4
2026-09-14T08:43:22.872+00:00,ASTER,ENTROPY,8.4960,1.6960,1554.32,2.7,1553.0,0.343,1554.7,1552.7,0.0003267100,0.0000020968,1231.5,0.5
2026-09-14T08:43:22.872+00:00,ASTER,HL,10.4275,3.6275,1554.32,2.7,1552.7,28.426,1554.7,1552.6,0.0003267100,0.0000062500,1231.6,0.5
2026-09-14T08:43:22.872+00:00,ASTER,ENTROPY,8.4960,1.6960,1554.32,2.7,1553.0,0.343,1554.7,1552.7,0.0003267100,0.0000020968,1231.6,0.5
2026-09-14T08:43:22.938+00:00,ASTER,HL,8.9474,2.1474,1554.09,0.04,1552.7,28.426,1554.7,1552.6,0.0003267100,0.0000062500,0.2,66.2
2026-09-14T08:43:22.938+00:00,ASTER,ENTROPY,7.0159,0.2159,1554.09,0.04,1553.0,0.343,1554.7,1552.7,0.0003267100,0.0000020968,0.2,66.1
2026-09-14T08:43:22.953+00:00,ASTER,HL,11.0710,4.2710,1554.42,2.7,1552.7,28.426,1554.7,1552.6,0.0003267100,0.0000062500,0.2,80.3
2026-09-14T08:43:22.953+00:00,ASTER,ENTROPY,9.1394,2.3394,1554.42,2.7,1553.0,0.343,1554.7,1552.7,0.0003267100,0.0000020968,0.2,80.2
2026-09-14T08:43:22.953+00:00,ASTER,HL,11.2641,4.4641,1554.45,2.7,1552.7,28.426,1554.7,1552.6,0.0003267100,0.0000062500,0.3,80.5
2026-09-14T08:43:22.953+00:00,ASTER,ENTROPY,9.3325,2.5325,1554.45,2.7,1553.0,0.343,1554.7,1552.7,0.0003267100,0.0000020968,0.3,80.4
2026-09-14T08:43:23.115+00:00,ASTER,HL,11.2641,4.4641,1554.45,2.7,1552.7,28.426,1554.7,1552.6,0.0003267100,0.0000062500,163.2,0.2
2026-09-14T08:43:23.115+00:00,ASTER,ENTROPY,9.3325,2.5325,1554.45,2.7,1553.0,0.1794,1554.7,1552.7,0.0003267100,0.0000020968,163.4,0.4
2026-09-14T08:43:23.271+00:00,ASTER,HL,11.2641,4.4641,1554.45,2.7,1552.7,1.61,1554.7,1552.6,0.0003267100,0.0000062500,318.5,0.2
2026-09-14T08:43:23.271+00:00,ASTER,ENTROPY,8.6884,1.8884,1554.45,2.7,1553.1,0.2495,1554.7,1552.9,0.0003267100,0.0000020968,318.6,0.3
2026-09-14T08:43:23.316+00:00,ASTER,HL,11.2641,4.4641,1554.45,2.7,1552.7,0.644,1554.7,1552.6,0.0003267100,0.0000062500,364.2,0.1
2026-09-14T08:43:23.341+00:00,ASTER,HL,9.7197,2.9197,1554.21,11.18,1552.7,0.644,1554.7,1552.6,0.0003267100,0.0000062500,0.2,24.8
2026-09-14T08:43:23.341+00:00,ASTER,ENTROPY,7.1441,0.3441,1554.21,11.18,1553.1,0.2495,1554.7,1552.9,0.0003267100,0.0000020968,0.2,70.6
2026-09-14T08:43:23.349+00:00,ASTER,HL,9.7197,2.9197,1554.21,5.59,1552.7,0.644,1554.7,1552.6,0.0003267100,0.0000062500,0.6,33.1
2026-09-14T08:43:23.349+00:00,ASTER,ENTROPY,7.1441,0.3441,1554.21,5.59,1553.1,0.2495,1554.7,1552.9,0.0003267100,0.0000020968,0.6,78.8
2026-09-14T08:43:23.349+00:00,ASTER,HL,8.9474,2.1474,1554.09,0.04,1552.7,0.644,1554.7,1552.6,0.0003267100,0.0000062500,0.7,33.1
2026-09-14T08:43:23.404+00:00,ASTER,HL,9.5266,2.7266,1554.18,1.81,1552.7,0.644,1554.7,1552.6,0.0003267100,0.0000062500,0.1,87.5
2026-09-14T08:43:23.404+00:00,ASTER,ENTROPY,6.9511,0.1511,1554.18,1.81,1553.1,0.2495,1554.7,1552.9,0.0003267100,0.0000020968,0.1,133.3
2026-09-14T08:43:23.404+00:00,ASTER,HL,9.5266,2.7266,1554.18,3.62,1552.7,0.644,1554.7,1552.6,0.0003267100,0.0000062500,0.3,87.7
2026-09-14T08:43:23.404+00:00,ASTER,ENTROPY,6.9511,0.1511,1554.18,3.62,1553.1,0.2495,1554.7,1552.9,0.0003267100,0.0000020968,0.3,133.4
2026-09-14T08:43:23.440+00:00,ASTER,HL,10.6206,3.8206,1554.35,2.7,1552.7,0.644,1554.7,1552.6,0.0003267100,0.0000062500,0.1,124.0
2026-09-14T08:43:23.440+00:00,ASTER,ENTROPY,8.0450,1.2450,1554.35,2.7,1553.1,0.2495,1554.7,1552.9,0.0003267100,0.0000020968,0.1,169.8
2026-09-14T08:43:23.452+00:00,ASTER,ENTROPY,8.0449,1.2449,1554.35,2.7,1553.1,0.2495,1554.7,1553.0,0.0003267100,0.0000020968,11.9,0.1
2026-09-14T08:43:23.492+00:00,ASTER,HL,9.5266,2.7266,1554.18,3.62,1552.7,0.644,1554.7,1552.6,0.0003267100,0.0000062500,0.2,176.2
2026-09-14T08:43:23.492+00:00,ASTER,ENTROPY,6.9509,0.1509,1554.18,3.62,1553.1,0.2495,1554.7,1553.0,0.0003267100,0.0000020968,0.2,40.4
2026-09-14T08:43:23.502+00:00,ASTER,HL,10.9423,4.1423,1554.4,2.7,1552.7,0.644,1554.7,1552.6,0.0003267100,0.0000062500,0.2,185.1
2026-09-14T08:43:23.502+00:00,ASTER,ENTROPY,8.3666,1.5666,1554.4,2.7,1553.1,0.2495,1554.7,1553.0,0.0003267100,0.0000020968,0.2,49.4
2026-09-14T08:43:23.596+00:00,ASTER,HL,10.2985,3.4985,1554.4,2.7,1552.8,21.735,1554.7,1552.6,0.0003267100,0.0000062500,95.3,0.3
2026-09-14T08:43:23.596+00:00,ASTER,ENTROPY,8.3666,1.5666,1554.4,2.7,1553.1,0.2495,1554.7,1553.0,0.0003267100,0.0000020968,95.4,0.4
2026-09-14T08:43:23.596+00:00,ASTER,HL,10.2985,3.4985,1554.4,2.7,1552.8,23.772,1554.7,1552.6,0.0003267100,0.0000062500,95.4,0.4
2026-09-14T08:43:23.598+00:00,ASTER,HL,8.8828,2.0828,1554.18,3.62,1552.8,23.772,1554.7,1552.6,0.0003267100,0.0000062500,0.1,2.3
2026-09-14T08:43:23.598+00:00,ASTER,ENTROPY,6.9509,0.1509,1554.18,3.62,1553.1,0.2495,1554.7,1553.0,0.0003267100,0.0000020968,0.1,2.3
2026-09-14T08:43:23.604+00:00,ASTER,HL,10.3628,3.5628,1554.41,2.7,1552.8,23.772,1554.7,1552.6,0.0003267100,0.0000062500,0.1,7.9
2026-09-14T08:43:23.604+00:00,ASTER,ENTROPY,8.4309,1.6309,1554.41,2.7,1553.1,0.2495,1554.7,1553.0,0.0003267100,0.0000020968,0.1,7.9
2026-09-14T08:43:23.712+00:00,ASTER,HL,10.3628,3.5628,1554.41,2.7,1552.8,26.644,1554.7,1552.6,0.0003267100,0.0000062500,107.9,0.3
2026-09-14T08:43:23.712+00:00,ASTER,HL,10.3627,3.5627,1554.41,2.7,1552.8,26.644,1554.7,1552.7,0.0003267100,0.0000062500,108.1,0.4
2026-09-14T08:43:23.783+00:00,ASTER,HL,10.3627,3.5627,1554.41,2.7,1552.8,21.793,1554.7,1552.7,0.0003267100,0.0000062500,179.0,0.3
2026-09-14T08:43:23.783+00:00,ASTER,ENTROPY,8.4309,1.6309,1554.41,2.7,1553.1,0.2495,1554.7,1553.0,0.0003267100,0.0000020968,179.2,0.5
2026-09-14T08:43:23.848+00:00,ASTER,HL,10.3627,3.5627,1554.41,2.7,1552.8,22.759,1554.7,1552.7,0.0003267100,0.0000062500,243.7,0.2
2026-09-14T08:43:23.848+00:00,ASTER,ENTROPY,8.4312,1.6312,1554.41,2.7,1553.1,0.2495,1554.7,1552.8,0.0003267100,0.0000020968,243.9,0.3
2026-09-14T08:43:23.926+00:00,ASTER,HL,10.3627,3.5627,1554.41,2.7,1552.8,23.403,1554.7,1552.7,0.0003267100,0.0000062500,321.7,0.2
2026-09-14T08:43:24.128+00:00,ASTER,HL,10.3627,3.5627,1554.41,2.7,1552.8,22.759,1554.7,1552.7,0.0003267100,0.0000062500,524.5,0.2
2026-09-14T08:43:24.215+00:00,ASTER,ENTROPY,8.4309,1.6309,1554.41,2.7,1553.1,0.2495,1554.7,1553.0,0.0003267100,0.0000020968,611.5,0.2
2026-09-14T08:43:24.379+00:00,ASTER,HL,10.3627,3.5627,1554.41,2.7,1552.8,23.403,1554.7,1552.7,0.0003267100,0.0000062500,775.2,0.2
2026-09-14T08:43:24.702+00:00,ASTER,ENTROPY,8.4309,1.6309,1554.41,2.7,1553.1,0.6181,1554.7,1553.0,0.0003267100,0.0000020968,1098.5,0.4
2026-09-14T08:43:24.788+00:00,ASTER,HL,10.3627,3.5627,1554.41,2.7,1552.8,23.403,1554.7,1552.7,0.0003267100,0.0000062500,1183.8,0.3
2026-09-14T08:43:24.922+00:00,ASTER,ENTROPY,8.4309,1.6309,1554.41,2.7,1553.1,0.665,1554.7,1553.0,0.0003267100,0.0000020968,1318.3,0.3
2026-09-14T08:43:25.048+00:00,ASTER,HL,10.3627,3.5627,1554.41,2.7,1552.8,23.403,1554.7,1552.7,0.0003267100,0.0000062500,1443.7,0.3
2026-09-14T08:43:25.048+00:00,ASTER,ENTROPY,8.4309,1.6309,1554.41,2.7,1553.1,0.665,1554.7,1553.0,0.0003267100,0.0000020968,1443.9,0.4
2026-09-14T08:43:25.539+00:00,ASTER,HL,10.3627,3.5627,1554.41,2.7,1552.8,24.141,1554.7,1552.7,0.0003267100,0.0000062500,1934.6,0.2
2026-09-14T08:43:25.539+00:00,ASTER,ENTROPY,8.4309,1.6309,1554.41,2.7,1553.1,0.665,1554.7,1553.0,0.0003267100,0.0000020968,1934.7,0.3
2026-09-14T08:43:25.647+00:00,ASTER,HL,8.8826,2.0826,1554.18,3.62,1552.8,24.141,1554.7,1552.7,0.0003267100,0.0000062500,0.3,109.4
2026-09-14T08:43:25.647+00:00,ASTER,ENTROPY,6.9509,0.1509,1554.18,3.62,1553.1,0.665,1554.7,1553.0,0.0003267100,0.0000020968,0.3,109.4
2026-09-14T08:43:25.802+00:00,ASTER,HL,9.7192,2.9192,1554.31,2.7,1552.8,24.141,1554.7,1552.7,0.0003267100,0.0000062500,0.2,263.9
2026-09-14T08:43:25.802+00:00,ASTER,ENTROPY,7.7875,0.9875,1554.31,2.7,1553.1,0.665,1554.7,1553.0,0.0003267100,0.0000020968,0.2,263.9
2026-09-14T08:43:25.860+00:00,ASTER,HL,9.7193,2.9193,1554.31,2.7,1552.8,24.141,1554.7,1552.6,0.0003267100,0.0000062500,58.1,0.2
2026-09-14T08:43:25.895+00:00,ASTER,HL,8.8828,2.0828,1554.18,3.62,1552.8,24.141,1554.7,1552.6,0.0003267100,0.0000062500,0.2,35.6
2026-09-14T08:43:25.895+00:00,ASTER,ENTROPY,6.9509,0.1509,1554.18,3.62,1553.1,0.665,1554.7,1553.0,0.0003267100,0.0000020968,0.2,357.2
2026-09-14T08:43:25.901+00:00,ASTER,HL,9.7837,2.9837,1554.32,2.7,1552.8,24.141,1554.7,1552.6,0.0003267100,0.0000062500,0.3,41.7
2026-09-14T08:43:25.901+00:00,ASTER,ENTROPY,7.8518,1.0518,1554.32,2.7,1553.1,0.665,1554.7,1553.0,0.0003267100,0.0000020968,0.3,363.3
2026-09-14T08:43:26.014+00:00,ASTER,HL,10.4275,3.6275,1554.32,2.7,1552.7,14.626,1554.7,1552.6,0.0003267100,0.0000062500,113.1,0.2
2026-09-14T08:43:26.296+00:00,ASTER,HL,10.4275,3.6275,1554.32,2.7,1552.7,14.626,1554.7,1552.6,0.0003267100,0.0000062500,394.8,0.3
2026-09-14T08:43:26.328+00:00,ASTER,HL,10.4275,3.6275,1554.32,2.7,1552.7,7.313,1554.7,1552.6,0.0003267100,0.0000062500,426.7,0.2
2026-09-14T08:43:26.328+00:00,ASTER,ENTROPY,7.8518,1.0518,1554.32,2.7,1553.1,0.6727,1554.7,1553.0,0.0003267100,0.0000020968,426.8,0.2
2026-09-14T08:43:26.816+00:00,ASTER,HL,10.4275,3.6275,1554.32,2.7,1552.7,7.313,1554.7,1552.6,0.0003267100,0.0000062500,915.0,0.3
2026-09-14T08:43:27.138+00:00,ASTER,HL,10.4275,3.6275,1554.32,2.7,1552.7,7.313,1554.7,1552.6,0.0003267100,0.0000062500,1237.1,0.2
2026-09-14T08:43:27.237+00:00,ASTER,HL,9.5266,2.7266,1554.18,3.62,1552.7,7.313,1554.7,1552.6,0.0003267100,0.0000062500,0.2,99.1
2026-09-14T08:43:27.237+00:00,ASTER,ENTROPY,6.9509,0.1509,1554.18,3.62,1553.1,0.6727,1554.7,1553.0,0.0003267100,0.0000021090,0.2,909.4
2026-09-14T08:43:27.246+00:00,ASTER,HL,9.5266,2.7266,1554.18,1.81,1552.7,7.313,1554.7,1552.6,0.0003267100,0.0000062500,0.2,107.8
2026-09-14T08:43:27.246+00:00,ASTER,ENTROPY,6.9509,0.1509,1554.18,1.81,1553.1,0.6727,1554.7,1553.0,0.0003267100,0.0000021090,0.2,918.1
2026-09-14T08:43:27.246+00:00,ASTER,HL,8.9474,2.1474,1554.09,0.04,1552.7,7.313,1554.7,1552.6,0.0003267100,0.0000062500,0.3,107.9
2026-09-14T08:43:27.311+00:00,ASTER,HL,8.9474,2.1474,1554.09,0.04,1552.7,7.313,1554.69,1552.6,0.0003267100,0.0000062500,0.2,172.2
2026-09-14T08:43:27.345+00:00,ASTER,HL,9.5910,2.7910,1554.19,2.7,1552.7,7.313,1554.69,1552.6,0.0003267100,0.0000062500,0.2,207.0
2026-09-14T08:43:27.345+00:00,ASTER,ENTROPY,7.0153,0.2153,1554.19,2.7,1553.1,0.6727,1554.69,1553.0,0.0003267100,0.0000021090,0.2,1017.3
2026-09-14T08:43:27.487+00:00,ASTER,HL,8.9474,2.1474,1554.09,0.04,1552.7,7.313,1554.69,1552.6,0.0003267100,0.0000062500,0.2,348.1
2026-09-14T08:43:27.498+00:00,ASTER,HL,9.6553,2.8553,1554.2,2.7,1552.7,7.313,1554.69,1552.6,0.0003267100,0.0000062500,0.2,359.9
2026-09-14T08:43:27.498+00:00,ASTER,ENTROPY,7.0797,0.2797,1554.2,2.7,1553.1,0.6727,1554.69,1553.0,0.0003267100,0.0000021090,0.2,1170.2
2026-09-14T08:43:27.603+00:00,ASTER,HL,8.9474,2.1474,1554.09,0.04,1552.7,7.313,1554.69,1552.6,0.0003267100,0.0000062500,0.2,465.3
2026-09-14T08:43:27.607+00:00,ASTER,HL,9.7197,2.9197,1554.21,2.7,1552.7,7.313,1554.69,1552.6,0.0003267100,0.0000062500,0.1,468.7
2026-09-14T08:43:27.607+00:00,ASTER,ENTROPY,7.1440,0.3440,1554.21,2.7,1553.1,0.6727,1554.69,1553.0,0.0003267100,0.0000021090,0.1,1279.0
2026-09-14T08:43:27.856+00:00,ASTER,HL,9.7197,2.9197,1554.21,2.7,1552.7,9.341,1554.69,1552.6,0.0003267100,0.0000062500,249.4,0.3
2026-09-14T08:43:27.856+00:00,ASTER,HL,9.7197,2.9197,1554.21,2.7,1552.7,9.985,1554.69,1552.6,0.0003267100,0.0000062500,249.6,0.4
2026-09-14T08:43:27.987+00:00,ASTER,HL,8.9474,2.1474,1554.09,0.04,1552.7,9.985,1554.69,1552.6,0.0003267100,0.0000062500,0.2,131.2
2026-09-14T08:43:27.996+00:00,ASTER,HL,9.8484,3.0484,1554.23,2.7,1552.7,9.985,1554.69,1552.6,0.0003267100,0.0000062500,0.2,140.0
2026-09-14T08:43:27.996+00:00,ASTER,ENTROPY,7.2727,0.4727,1554.23,2.7,1553.1,0.6727,1554.69,1553.0,0.0003267100,0.0000021090,0.2,1668.1
2026-09-14T08:43:28.045+00:00,ASTER,HL,9.8484,3.0484,1554.23,2.7,1552.7,9.985,1554.7,1552.6,0.0003267100,0.0000062500,0.2,188.8
2026-09-14T08:43:28.045+00:00,ASTER,ENTROPY,7.2727,0.4727,1554.23,2.7,1553.1,0.6727,1554.7,1553.0,0.0003267100,0.0000021090,0.2,1717.0
2026-09-14T08:43:28.045+00:00,ASTER,HL,8.9474,2.1474,1554.09,0.04,1552.7,9.985,1554.7,1552.6,0.0003267100,0.0000062500,0.3,189.0
2026-09-14T08:43:28.071+00:00,ASTER,HL,10.0414,3.2414,1554.26,2.7,1552.7,9.985,1554.7,1552.6,0.0003267100,0.0000062500,0.1,214.6
2026-09-14T08:43:28.071+00:00,ASTER,ENTROPY,7.4657,0.6657,1554.26,2.7,1553.1,0.6727,1554.7,1553.0,0.0003267100,0.0000021090,0.1,1742.7
2026-09-14T08:43:28.071+00:00,ASTER,HL,10.2345,3.4345,1554.29,2.7,1552.7,9.985,1554.7,1552.6,0.0003267100,0.0000062500,0.2,214.7
2026-09-14T08:43:28.071+00:00,ASTER,ENTROPY,7.6588,0.8588,1554.29,2.7,1553.1,0.6727,1554.7,1553.0,0.0003267100,0.0000021090,0.2,1742.8
2026-09-14T08:43:28.071+00:00,ASTER,HL,10.3632,3.5632,1554.31,2.7,1552.7,9.985,1554.7,1552.6,0.0003267100,0.0000062500,0.3,214.8
2026-09-14T08:43:28.071+00:00,ASTER,ENTROPY,7.7875,0.9875,1554.31,2.7,1553.1,0.6727,1554.7,1553.0,0.0003267100,0.0000021090,0.3,1742.9
2026-09-14T08:43:28.071+00:00,ASTER,HL,10.6849,3.8849,1554.36,2.7,1552.7,9.985,1554.7,1552.6,0.0003267100,0.0000062500,0.3,214.8
2026-09-14T08:43:28.071+00:00,ASTER,ENTROPY,8.1092,1.3092,1554.36,2.7,1553.1,0.6727,1554.7,1553.0,0.0003267100,0.0000021090,0.3,1742.9
2026-09-14T08:43:28.071+00:00,ASTER,HL,10.8780,4.0780,1554.39,2.7,1552.7,9.985,1554.7,1552.6,0.0003267100,0.0000062500,0.3,214.8
2026-09-14T08:43:28.071+00:00,ASTER,ENTROPY,8.3022,1.5022,1554.39,2.7,1553.1,0.6727,1554.7,1553.0,0.0003267100,0.0000021090,0.3,1742.9
2026-09-14T08:43:28.071+00:00,ASTER,HL,11.0067,4.2067,1554.41,2.7,1552.7,9.985,1554.7,1552.6,0.0003267100,0.0000062500,0.3,214.8
2026-09-14T08:43:28.071+00:00,ASTER,ENTROPY,8.4309,1.6309,1554.41,2.7,1553.1,0.6727,1554.7,1553.0,0.0003267100,0.0000021090,0.3,1743.0
2026-09-14T08:43:28.138+00:00,ASTER,HL,10.8780,4.0780,1554.39,2.7,1552.7,9.985,1554.7,1552.6,0.0003267100,0.0000062500,0.3,282.5
2026-09-14T08:43:28.138+00:00,ASTER,ENTROPY,8.3022,1.5022,1554.39,2.7,1553.1,0.6727,1554.7,1553.0,0.0003267100,0.0000021090,0.3,1810.6
2026-09-14T08:43:28.146+00:00,ASTER,HL,10.6849,3.8849,1554.36,2.7,1552.7,9.985,1554.7,1552.6,0.0003267100,0.0000062500,0.2,290.0
2026-09-14T08:43:28.146+00:00,ASTER,ENTROPY,8.1092,1.3092,1554.36,2.7,1553.1,0.6727,1554.7,1553.0,0.0003267100,0.0000021090,0.2,1818.1
2026-09-14T08:43:28.146+00:00,ASTER,HL,10.3632,3.5632,1554.31,2.7,1552.7,9.985,1554.7,1552.6,0.0003267100,0.0000062500,0.2,290.1
2026-09-14T08:43:28.146+00:00,ASTER,ENTROPY,7.7875,0.9875,1554.31,2.7,1553.1,0.6727,1554.7,1553.0,0.0003267100,0.0000021090,0.2,1818.2
2026-09-14T08:43:28.146+00:00,ASTER,HL,9.3335,2.5335,1554.15,46.84,1552.7,9.985,1554.7,1552.6,0.0003267100,0.0000062500,0.3,290.1
2026-09-14T08:43:28.149+00:00,ASTER,HL,11.1354,4.3354,1554.43,2.7,1552.7,9.985,1554.7,1552.6,0.0003267100,0.0000062500,0.1,293.2
2026-09-14T08:43:28.149+00:00,ASTER,ENTROPY,8.5596,1.7596,1554.43,2.7,1553.1,0.6727,1554.7,1553.0,0.0003267100,0.0000021090,0.1,1821.3
2026-09-14T08:43:28.149+00:00,ASTER,HL,11.1354,4.3354,1554.43,2.7,1552.7,8.999,1554.7,1552.6,0.0003267100,0.0000062500,0.2,0.2
2026-09-14T08:43:28.291+00:00,ASTER,HL,11.1354,4.3354,1554.43,2.7,1552.7,7.957,1554.7,1552.6,0.0003267100,0.0000062500,142.2,0.3
2026-09-14T08:43:28.291+00:00,ASTER,ENTROPY,8.5596,1.7596,1554.43,2.7,1553.1,0.4232,1554.7,1553.0,0.0003267100,0.0000021090,142.4,0.5
2026-09-14T08:43:28.345+00:00,ASTER,HL,11.1352,4.3352,1554.43,2.7,1552.7,7.957,1554.79,1552.6,0.0003267100,0.0000062500,0.2,54.4
2026-09-14T08:43:28.345+00:00,ASTER,ENTROPY,8.5595,1.7595,1554.43,2.7,1553.1,0.4232,1554.79,1553.0,0.0003267100,0.0000021090,0.2,54.4
2026-09-14T08:43:28.345+00:00,ASTER,HL,9.3334,2.5334,1554.15,46.84,1552.7,7.957,1554.79,1552.6,0.0003267100,0.0000062500,0.4,54.6
2026-09-14T08:43:28.369+00:00,ASTER,HL,9.3334,2.5334,1554.15,46.84,1552.7,7.957,1554.79,1552.6,0.0003267100,0.0000062500,0.3,78.8
2026-09-14T08:43:28.369+00:00,ASTER,HL,9.3334,2.5334,1554.15,39.82,1552.7,7.957,1554.79,1552.6,0.0003267100,0.0000062500,0.4,79.0
2026-09-14T08:43:28.369+00:00,ASTER,HL,9.3334,2.5334,1554.15,23.42,1552.7,7.957,1554.79,1552.6,0.0003267100,0.0000062500,0.4,79.0
2026-09-14T08:43:28.370+00:00,ASTER,HL,9.3331,2.5331,1554.15,23.42,1552.7,7.957,1554.97,1552.6,0.0003267100,0.0000062500,0.4,79.0
2026-09-14T08:43:28.370+00:00,ASTER,HL,9.3331,2.5331,1554.15,16.4,1552.7,7.957,1554.97,1552.6,0.0003267100,0.0000062500,0.4,79.0
2026-09-14T08:43:28.370+00:00,ASTER,HL,8.9470,2.1470,1554.09,0.04,1552.7,7.957,1554.97,1552.6,0.0003267100,0.0000062500,0.4,79.0
2026-09-14T08:43:28.370+00:00,ASTER,HL,11.2636,4.4636,1554.45,2.7,1552.7,7.957,1554.97,1552.6,0.0003267100,0.0000062500,0.5,79.1
2026-09-14T08:43:28.370+00:00,ASTER,ENTROPY,8.6879,1.8879,1554.45,2.7,1553.1,0.4232,1554.97,1553.0,0.0003267100,0.0000021090,0.5,79.0
2026-09-14T08:43:28.370+00:00,ASTER,HL,11.5210,4.7210,1554.49,2.7,1552.7,7.957,1554.97,1552.6,0.0003267100,0.0000062500,0.5,79.1
2026-09-14T08:43:28.370+00:00,ASTER,ENTROPY,8.9453,2.1453,1554.49,2.7,1553.1,0.4232,1554.97,1553.0,0.0003267100,0.0000021090,0.5,79.0
2026-09-14T08:43:28.370+00:00,ASTER,HL,11.5210,4.7210,1554.49,2.7,1552.7,7.957,1554.96,1552.6,0.0003267100,0.0000062500,0.5,79.1
2026-09-14T08:43:28.370+00:00,ASTER,ENTROPY,8.9453,2.1453,1554.49,2.7,1553.1,0.4232,1554.96,1553.0,0.0003267100,0.0000021090,0.5,79.1
2026-09-14T08:43:28.370+00:00,ASTER,HL,11.5211,4.7211,1554.49,2.7,1552.7,7.957,1554.9,1552.6,0.0003267100,0.0000062500,0.5,79.1
2026-09-14T08:43:28.370+00:00,ASTER,ENTROPY,8.9454,2.1454,1554.49,2.7,1553.1,0.4232,1554.9,1553.0,0.0003267100,0.0000021090,0.5,79.1
2026-09-14T08:43:28.389+00:00,ASTER,HL,11.2637,4.4637,1554.45,2.7,1552.7,7.957,1554.9,1552.6,0.0003267100,0.0000062500,0.3,98.4
2026-09-14T08:43:28.389+00:00,ASTER,ENTROPY,8.6880,1.8880,1554.45,2.7,1553.1,0.4232,1554.9,1553.0,0.0003267100,0.0000021090,0.3,98.4
2026-09-14T08:43:28.389+00:00,ASTER,HL,11.2636,4.4636,1554.45,2.7,1552.7,7.957,1554.96,1552.6,0.0003267100,0.0000062500,0.4,98.6
2026-09-14T08:43:28.389+00:00,ASTER,ENTROPY,8.6879,1.8879,1554.45,2.7,1553.1,0.4232,1554.96,1553.0,0.0003267100,0.0000021090,0.4,98.6
2026-09-14T08:43:28.389+00:00,ASTER,HL,11.2636,4.4636,1554.45,2.7,1552.7,7.957,1554.97,1552.6,0.0003267100,0.0000062500,0.4,98.7
2026-09-14T08:43:28.389+00:00,ASTER,ENTROPY,8.6879,1.8879,1554.45,2.7,1553.1,0.4232,1554.97,1553.0,0.0003267100,0.0000021090,0.4,98.6
2026-09-14T08:43:28.395+00:00,ASTER,HL,11.7783,4.9783,1554.53,2.7,1552.7,7.957,1554.97,1552.6,0.0003267100,0.0000062500,0.9,104.4
2026-09-14T08:43:28.395+00:00,ASTER,ENTROPY,9.2027,2.4027,1554.53,2.7,1553.1,0.4232,1554.97,1553.0,0.0003267100,0.0000021090,0.9,104.4
2026-09-14T08:43:28.401+00:00,ASTER,HL,11.7785,4.9785,1554.53,2.7,1552.7,7.957,1554.89,1552.6,0.0003267100,0.0000062500,0.2,110.1
2026-09-14T08:43:28.401+00:00,ASTER,ENTROPY,9.2028,2.4028,1554.53,2.7,1553.1,0.4232,1554.89,1553.0,0.0003267100,0.0000021090,0.2,110.1
2026-09-14T08:43:28.437+00:00,ASTER,HL,11.2637,4.4637,1554.45,2.7,1552.7,7.957,1554.89,1552.6,0.0003267100,0.0000062500,0.2,146.5
2026-09-14T08:43:28.437+00:00,ASTER,ENTROPY,8.6880,1.8880,1554.45,2.7,1553.1,0.4232,1554.89,1553.0,0.0003267100,0.0000021090,0.2,146.5
2026-09-14T08:43:28.440+00:00,ASTER,HL,11.2636,4.4636,1554.45,2.7,1552.7,7.957,1554.97,1552.6,0.0003267100,0.0000062500,0.2,149.7
2026-09-14T08:43:28.440+00:00,ASTER,ENTROPY,8.6879,1.8879,1554.45,2.7,1553.1,0.4232,1554.97,1553.0,0.0003267100,0.0000021090,0.2,149.7
2026-09-14T08:43:28.440+00:00,ASTER,HL,8.9470,2.1470,1554.09,0.04,1552.7,7.957,1554.97,1552.6,0.0003267100,0.0000062500,0.3,149.8
2026-09-14T08:43:28.444+00:00,ASTER,HL,9.3975,2.5975,1554.16,0.23,1552.7,7.957,1554.97,1552.6,0.0003267100,0.0000062500,0.7,153.1
2026-09-14T08:43:28.444+00:00,ASTER,ENTROPY,6.8220,0.0220,1554.16,0.23,1553.1,0.4232,1554.97,1553.0,0.0003267100,0.0000021090,0.7,153.0
2026-09-14T08:43:28.447+00:00,ASTER,HL,9.3975,2.5975,1554.16,0.27,1552.7,7.957,1554.97,1552.6,0.0003267100,0.0000062500,0.1,156.3
2026-09-14T08:43:28.447+00:00,ASTER,ENTROPY,6.8220,0.0220,1554.16,0.27,1553.1,0.4232,1554.97,1553.0,0.0003267100,0.0000021090,0.1,156.2
2026-09-14T08:43:28.447+00:00,ASTER,HL,11.9714,5.1714,1554.56,2.7,1552.7,7.957,1554.97,1552.6,0.0003267100,0.0000062500,0.2,156.4
2026-09-14T08:43:28.447+00:00,ASTER,ENTROPY,9.3957,2.5957,1554.56,2.7,1553.1,0.4232,1554.97,1553.0,0.0003267100,0.0000021090,0.2,156.3
2026-09-14T08:43:28.447+00:00,ASTER,HL,11.9715,5.1715,1554.56,2.7,1552.7,7.957,1554.92,1552.6,0.0003267100,0.0000062500,0.2,156.4
2026-09-14T08:43:28.447+00:00,ASTER,ENTROPY,9.3957,2.5957,1554.56,2.7,1553.1,0.4232,1554.92,1553.0,0.0003267100,0.0000021090,0.2,156.4
2026-09-14T08:43:28.447+00:00,ASTER,HL,11.9715,5.1715,1554.56,2.7,1552.7,7.957,1554.92,1552.6,0.0003267100,0.0000062500,0.2,156.4
2026-09-14T08:43:28.447+00:00,ASTER,ENTROPY,9.3957,2.5957,1554.56,2.7,1553.1,0.4232,1554.92,1553.0,0.0003267100,0.0000021090,0.2,156.4
2026-09-14T08:43:28.452+00:00,ASTER,HL,11.9715,5.1715,1554.56,2.7,1552.7,7.957,1554.92,1552.6,0.0003267100,0.0000062500,5.1,0.2
2026-09-14T08:43:28.514+00:00,ASTER,HL,11.9715,5.1715,1554.56,2.7,1552.7,7.313,1554.92,1552.6,0.0003267100,0.0000062500,67.6,0.3
2026-09-14T08:43:28.649+00:00,ASTER,HL,10.6839,3.8839,1554.56,2.7,1552.9,24.167,1554.92,1552.6,0.0003267100,0.0000062500,201.9,0.3
2026-09-14T08:43:28.699+00:00,ASTER,HL,10.6839,3.8839,1554.56,2.7,1552.9,24.167,1554.92,1552.6,0.0003267100,0.0000062500,1.0,50.4
2026-09-14T08:43:28.699+00:00,ASTER,ENTROPY,9.3957,2.5957,1554.56,2.7,1553.1,0.4232,1554.92,1553.0,0.0003267100,0.0000021090,1.0,408.2
2026-09-14T08:43:28.699+00:00,ASTER,HL,10.6838,3.8838,1554.56,2.7,1552.9,24.167,1554.97,1552.6,0.0003267100,0.0000062500,1.2,50.5
2026-09-14T08:43:28.699+00:00,ASTER,ENTROPY,9.3957,2.5957,1554.56,2.7,1553.1,0.4232,1554.97,1553.0,0.0003267100,0.0000021090,1.2,408.3
2026-09-14T08:43:28.703+00:00,ASTER,HL,10.6838,3.8838,1554.56,2.7,1552.9,24.167,1554.95,1552.6,0.0003267100,0.0000062500,0.1,54.7
2026-09-14T08:43:28.703+00:00,ASTER,ENTROPY,9.3957,2.5957,1554.56,2.7,1553.1,0.4232,1554.95,1553.0,0.0003267100,0.0000021090,0.1,412.5
2026-09-14T08:43:28.703+00:00,ASTER,HL,10.6838,3.8838,1554.56,2.7,1552.9,24.167,1554.95,1552.6,0.0003267100,0.0000062500,0.2,54.7
2026-09-14T08:43:28.703+00:00,ASTER,ENTROPY,9.3957,2.5957,1554.56,2.7,1553.1,0.4232,1554.95,1553.0,0.0003267100,0.0000021090,0.2,412.5
2026-09-14T08:43:28.755+00:00,ASTER,HL,10.6835,3.8835,1554.56,2.7,1552.9,19.391,1554.95,1552.8,0.0003267100,0.0000062500,52.2,0.3
2026-09-14T08:43:28.755+00:00,ASTER,ENTROPY,9.3957,2.5957,1554.56,2.7,1553.1,0.4309,1554.95,1553.0,0.0003267100,0.0000021090,52.4,0.4
2026-09-14T08:43:28.769+00:00,ASTER,HL,10.6835,3.8835,1554.56,2.7,1552.9,19.319,1554.95,1552.8,0.0003267100,0.0000062500,66.2,0.2
2026-09-14T08:43:28.911+00:00,ASTER,HL,10.6835,3.8835,1554.56,2.7,1552.9,19.319,1554.95,1552.8,0.0003267100,0.0000062500,0.2,141.9
2026-09-14T08:43:28.911+00:00,ASTER,ENTROPY,9.3957,2.5957,1554.56,2.7,1553.1,0.4309,1554.95,1553.0,0.0003267100,0.0000021090,0.2,155.9
2026-09-14T08:43:28.951+00:00,ASTER,HL,10.6834,3.8834,1554.56,2.7,1552.9,19.319,1554.97,1552.8,0.0003267100,0.0000062500,0.3,181.4
2026-09-14T08:43:28.951+00:00,ASTER,ENTROPY,9.3957,2.5957,1554.56,2.7,1553.1,0.4309,1554.97,1553.0,0.0003267100,0.0000021090,0.3,195.5
2026-09-14T08:43:28.958+00:00,ASTER,HL,10.6835,3.8835,1554.56,2.7,1552.9,19.319,1554.96,1552.8,0.0003267100,0.0000062500,0.1,188.6
2026-09-14T08:43:28.958+00:00,ASTER,ENTROPY,9.3957,2.5957,1554.56,2.7,1553.1,0.4309,1554.96,1553.0,0.0003267100,0.0000021090,0.1,202.6
2026-09-14T08:43:28.958+00:00,ASTER,HL,10.6835,3.8835,1554.56,2.7,1552.9,19.319,1554.96,1552.8,0.0003267100,0.0000062500,0.2,188.7
2026-09-14T08:43:28.958+00:00,ASTER,ENTROPY,9.3957,2.5957,1554.56,2.7,1553.1,0.4309,1554.96,1553.0,0.0003267100,0.0000021090,0.2,202.7
2026-09-14T08:43:29.005+00:00,ASTER,HL,10.6835,3.8835,1554.56,2.7,1552.9,19.319,1554.96,1552.8,0.0003267100,0.0000062500,47.5,0.4
2026-09-14T08:43:29.006+00:00,ASTER,HL,10.6835,3.8835,1554.56,2.7,1552.9,20.259,1554.96,1552.8,0.0003267100,0.0000062500,47.7,0.6
2026-09-14T08:43:29.006+00:00,ASTER,ENTROPY,9.3957,2.5957,1554.56,2.7,1553.1,0.0623,1554.96,1553.0,0.0003267100,0.0000021090,47.7,0.6
2026-09-14T08:43:29.111+00:00,ASTER,HL,10.6835,3.8835,1554.56,2.7,1552.9,21.225,1554.96,1552.8,0.0003267100,0.0000062500,153.8,0.2
2026-09-14T08:43:29.321+00:00,ASTER,HL,10.6835,3.8835,1554.56,2.7,1552.9,20.259,1554.96,1552.8,0.0003267100,0.0000062500,363.0,0.2
2026-09-14T08:43:29.557+00:00,ASTER,HL,10.6835,3.8835,1554.56,2.7,1552.9,20.259,1554.96,1552.8,0.0003267100,0.0000062500,0.2,237.0
2026-09-14T08:43:29.557+00:00,ASTER,ENTROPY,9.3957,2.5957,1554.56,2.7,1553.1,0.0623,1554.96,1553.0,0.0003267100,0.0000021090,0.2,552.6
2026-09-14T08:43:29.557+00:00,ASTER,HL,10.6834,3.8834,1554.56,2.7,1552.9,20.259,1554.97,1552.8,0.0003267100,0.0000062500,0.4,237.2
2026-09-14T08:43:29.557+00:00,ASTER,ENTROPY,9.3957,2.5957,1554.56,2.7,1553.1,0.0623,1554.97,1553.0,0.0003267100,0.0000021090,0.4,552.8
2026-09-14T08:43:29.558+00:00,ASTER,HL,10.6835,3.8835,1554.56,2.7,1552.9,20.259,1554.93,1552.8,0.0003267100,0.0000062500,0.4,237.3
2026-09-14T08:43:29.558+00:00,ASTER,ENTROPY,9.3957,2.5957,1554.56,2.7,1553.1,0.0623,1554.93,1553.0,0.0003267100,0.0000021090,0.4,552.9
2026-09-14T08:43:29.558+00:00,ASTER,HL,10.6835,3.8835,1554.56,2.7,1552.9,20.259,1554.93,1552.8,0.0003267100,0.0000062500,0.5,237.4
2026-09-14T08:43:29.558+00:00,ASTER,ENTROPY,9.3957,2.5957,1554.56,2.7,1553.1,0.0623,1554.93,1553.0,0.0003267100,0.0000021090,0.5,553.0
2026-09-14T08:43:29.699+00:00,ASTER,HL,10.6835,3.8835,1554.56,2.7,1552.9,20.259,1554.93,1552.8,0.0003267100,0.0000062500,1.1,378.9
2026-09-14T08:43:29.699+00:00,ASTER,ENTROPY,9.3957,2.5957,1554.56,2.7,1553.1,0.0623,1554.93,1553.0,0.0003267100,0.0000021090,1.1,694.5
2026-09-14T08:43:29.700+00:00,ASTER,HL,10.6834,3.8834,1554.56,2.7,1552.9,20.259,1554.97,1552.8,0.0003267100,0.0000062500,1.2,379.0
2026-09-14T08:43:29.700+00:00,ASTER,ENTROPY,9.3957,2.5957,1554.56,2.7,1553.1,0.0623,1554.97,1553.0,0.0003267100,0.0000021090,1.2,694.6
2026-09-14T08:43:29.792+00:00,ASTER,HL,8.9462,2.1462,1554.29,5.14,1552.9,20.259,1554.97,1552.8,0.0003267100,0.0000062500,0.3,471.4
2026-09-14T08:43:29.792+00:00,ASTER,ENTROPY,7.6584,0.8584,1554.29,5.14,1553.1,0.0623,1554.97,1553.0,0.0003267100,0.0000021090,0.3,787.0
2026-09-14T08:43:29.803+00:00,ASTER,HL,8.9462,2.1462,1554.29,5.14,1552.9,20.259,1554.92,1552.8,0.0003267100,0.0000062500,0.2,483.2
2026-09-14T08:43:29.803+00:00,ASTER,ENTROPY,7.6585,0.8585,1554.29,5.14,1553.1,0.0623,1554.92,1553.0,0.0003267100,0.0000021090,0.2,798.8
2026-09-14T08:43:29.804+00:00,ASTER,HL,8.9462,2.1462,1554.29,5.14,1552.9,20.259,1554.92,1552.8,0.0003267100,0.0000062500,0.3,483.4
2026-09-14T08:43:29.804+00:00,ASTER,ENTROPY,7.6585,0.8585,1554.29,5.14,1553.1,0.0623,1554.92,1553.0,0.0003267100,0.0000021090,0.3,799.0
2026-09-14T08:43:29.866+00:00,ASTER,HL,8.9462,2.1462,1554.29,5.14,1552.9,20.259,1554.92,1552.8,0.0003267100,0.0000062500,62.6,0.2
2026-09-14T08:43:29.899+00:00,ASTER,HL,8.9462,2.1462,1554.29,5.14,1552.9,20.259,1554.91,1552.8,0.0003267100,0.0000062500,0.2,32.7
2026-09-14T08:43:29.899+00:00,ASTER,ENTROPY,7.6585,0.8585,1554.29,5.14,1553.1,0.0623,1554.91,1553.0,0.0003267100,0.0000021090,0.2,893.7
2026-09-14T08:43:29.899+00:00,ASTER,HL,8.9463,2.1463,1554.29,5.14,1552.9,20.259,1554.9,1552.8,0.0003267100,0.0000062500,0.2,32.8
2026-09-14T08:43:29.899+00:00,ASTER,ENTROPY,7.6585,0.8585,1554.29,5.14,1553.1,0.0623,1554.9,1553.0,0.0003267100,0.0000021090,0.2,893.8
2026-09-14T08:43:29.899+00:00,ASTER,HL,9.9758,3.1758,1554.45,2.7,1552.9,20.259,1554.9,1552.8,0.0003267100,0.0000062500,0.3,32.8
2026-09-14T08:43:29.899+00:00,ASTER,ENTROPY,8.6880,1.8880,1554.45,2.7,1553.1,0.0623,1554.9,1553.0,0.0003267100,0.0000021090,0.3,893.9
2026-09-14T08:43:29.925+00:00,ASTER,HL,9.9758,3.1758,1554.45,2.7,1552.9,20.317,1554.9,1552.8,0.0003267100,0.0000062500,26.3,0.2
2026-09-14T08:43:29.925+00:00,ASTER,ENTROPY,8.6880,1.8880,1554.45,2.7,1553.1,0.0623,1554.9,1553.0,0.0003267100,0.0000021090,26.5,0.4
2026-09-14T08:43:30.000+00:00,ASTER,HL,9.9759,3.1759,1554.45,2.7,1552.9,20.317,1554.84,1552.8,0.0003267100,0.0000062500,0.2,75.3
2026-09-14T08:43:30.000+00:00,ASTER,ENTROPY,8.6881,1.8881,1554.45,2.7,1553.1,0.0623,1554.84,1553.0,0.0003267100,0.0000021090,0.2,75.3
2026-09-14T08:43:30.000+00:00,ASTER,HL,9.9759,3.1759,1554.45,2.7,1552.9,20.317,1554.84,1552.8,0.0003267100,0.0000062500,0.4,75.5
2026-09-14T08:43:30.000+00:00,ASTER,ENTROPY,8.6881,1.8881,1554.45,2.7,1553.1,0.0623,1554.84,1553.0,0.0003267100,0.0000021090,0.4,75.4
2026-09-14T08:43:30.000+00:00,ASTER,HL,9.9759,3.1759,1554.45,2.7,1552.9,20.317,1554.84,1552.8,0.0003267100,0.0000062500,0.4,75.5
2026-09-14T08:43:30.000+00:00,ASTER,ENTROPY,8.6881,1.8881,1554.45,2.7,1553.1,0.0623,1554.84,1553.0,0.0003267100,0.0000021090,0.4,75.5
2026-09-14T08:43:30.000+00:00,ASTER,HL,9.9759,3.1759,1554.45,2.7,1552.9,20.317,1554.84,1552.8,0.0003267100,0.0000062500,0.5,75.6
2026-09-14T08:43:30.000+00:00,ASTER,ENTROPY,8.6881,1.8881,1554.45,2.7,1553.1,0.0623,1554.84,1553.0,0.0003267100,0.0000021090,0.5,75.5
2026-09-14T08:43:30.038+00:00,ASTER,HL,8.4316,1.6316,1554.21,39.18,1552.9,20.317,1554.84,1552.8,0.0003267100,0.0000062500,0.2,113.4
2026-09-14T08:43:30.038+00:00,ASTER,ENTROPY,7.1438,0.3438,1554.21,39.18,1553.1,0.0623,1554.84,1553.0,0.0003267100,0.0000021090,0.2,113.3
2026-09-14T08:43:30.114+00:00,ASTER,HL,8.4316,1.6316,1554.21,39.18,1552.9,20.961,1554.84,1552.8,0.0003267100,0.0000062500,76.6,0.3
2026-09-14T08:43:30.115+00:00,ASTER,ENTROPY,7.1438,0.3438,1554.21,39.18,1553.1,0.2324,1554.84,1553.0,0.0003267100,0.0000021090,76.8,0.5
2026-09-14T08:43:30.115+00:00,ASTER,HL,8.4316,1.6316,1554.21,39.18,1552.9,20.961,1554.84,1552.8,0.0003267100,0.0000062500,76.9,0.6
2026-09-14T08:43:30.152+00:00,ASTER,HL,8.4316,1.6316,1554.21,39.18,1552.9,20.961,1554.82,1552.8,0.0003267100,0.0000062500,0.2,37.7
2026-09-14T08:43:30.152+00:00,ASTER,ENTROPY,7.1439,0.3439,1554.21,39.18,1553.1,0.2324,1554.82,1553.0,0.0003267100,0.0000021090,0.2,37.7
2026-09-14T08:43:30.159+00:00,ASTER,HL,9.3968,2.5968,1554.36,2.7,1552.9,20.961,1554.82,1552.8,0.0003267100,0.0000062500,0.1,45.2
2026-09-14T08:43:30.159+00:00,ASTER,ENTROPY,8.1090,1.3090,1554.36,2.7,1553.1,0.2324,1554.82,1553.0,0.0003267100,0.0000021090,0.1,45.2
2026-09-14T08:43:30.189+00:00,ASTER,HL,9.3968,2.5968,1554.36,2.7,1552.9,20.961,1554.82,1552.8,0.0003267100,0.0000062500,30.0,0.3
2026-09-14T08:43:30.195+00:00,ASTER,HL,8.4316,1.6316,1554.21,39.18,1552.9,20.961,1554.82,1552.8,0.0003267100,0.0000062500,0.2,5.6
2026-09-14T08:43:30.195+00:00,ASTER,ENTROPY,7.1439,0.3439,1554.21,39.18,1553.1,0.2324,1554.82,1553.0,0.0003267100,0.0000021090,0.2,80.3
2026-09-14T08:43:30.201+00:00,ASTER,HL,9.4611,2.6611,1554.37,2.7,1552.9,20.961,1554.82,1552.8,0.0003267100,0.0000062500,0.2,11.9
2026-09-14T08:43:30.201+00:00,ASTER,ENTROPY,8.1734,1.3734,1554.37,2.7,1553.1,0.2324,1554.82,1553.0,0.0003267100,0.0000021090,0.2,86.6
2026-09-14T08:43:30.244+00:00,ASTER,HL,9.4612,2.6612,1554.37,2.7,1552.9,20.961,1554.81,1552.8,0.0003267100,0.0000062500,0.2,54.8
2026-09-14T08:43:30.244+00:00,ASTER,ENTROPY,8.1734,1.3734,1554.37,2.7,1553.1,0.2324,1554.81,1553.0,0.0003267100,0.0000021090,0.2,129.6
2026-09-14T08:43:30.308+00:00,ASTER,HL,9.4613,2.6613,1554.37,2.7,1552.9,23.238,1554.81,1552.7,0.0003267100,0.0000062500,63.7,0.3
2026-09-14T08:43:30.308+00:00,ASTER,ENTROPY,8.1734,1.3734,1554.37,2.7,1553.1,0.2324,1554.81,1553.0,0.0003267100,0.0000021090,63.9,0.4
2026-09-14T08:43:30.327+00:00,ASTER,HL,10.1051,3.3051,1554.37,2.7,1552.8,7.313,1554.81,1552.7,0.0003267100,0.0000062500,82.7,0.3
2026-09-14T08:43:30.344+00:00,ASTER,HL,9.0755,2.2755,1554.21,39.18,1552.8,7.313,1554.81,1552.7,0.0003267100,0.0000062500,0.4,17.6
2026-09-14T08:43:30.344+00:00,ASTER,ENTROPY,7.1439,0.3439,1554.21,39.18,1553.1,0.2324,1554.81,1553.0,0.0003267100,0.0000021090,0.4,36.6
2026-09-14T08:43:30.352+00:00,ASTER,HL,10.1695,3.3695,1554.38,2.7,1552.8,7.313,1554.81,1552.7,0.0003267100,0.0000062500,0.2,25.8
2026-09-14T08:43:30.352+00:00,ASTER,ENTROPY,8.2377,1.4377,1554.38,2.7,1553.1,0.2324,1554.81,1553.0,0.0003267100,0.0000021090,0.2,44.7
2026-09-14T08:43:30.380+00:00,ASTER,HL,10.1695,3.3695,1554.38,2.7,1552.8,14.626,1554.81,1552.7,0.0003267100,0.0000062500,27.7,0.3
2026-09-14T08:43:30.595+00:00,ASTER,HL,9.0755,2.2755,1554.21,39.18,1552.8,14.626,1554.81,1552.7,0.0003267100,0.0000062500,0.3,215.6
2026-09-14T08:43:30.595+00:00,ASTER,ENTROPY,7.1439,0.3439,1554.21,39.18,1553.1,0.2324,1554.81,1553.0,0.0003267100,0.0000021090,0.3,287.5
2026-09-14T08:43:30.611+00:00,ASTER,HL,10.2338,3.4338,1554.39,2.7,1552.8,14.626,1554.81,1552.7,0.0003267100,0.0000062500,0.8,231.8
2026-09-14T08:43:30.611+00:00,ASTER,ENTROPY,8.3021,1.5021,1554.39,2.7,1553.1,0.2324,1554.81,1553.0,0.0003267100,0.0000021090,0.8,303.7
2026-09-14T08:43:30.648+00:00,ASTER,HL,10.2338,3.4338,1554.39,2.7,1552.8,15.27,1554.81,1552.7,0.0003267100,0.0000062500,37.6,0.3
2026-09-14T08:43:30.660+00:00,ASTER,HL,10.2338,3.4338,1554.39,2.7,1552.8,15.27,1554.81,1552.7,0.0003267100,0.0000062500,49.3,0.3
2026-09-14T08:43:30.660+00:00,ASTER,ENTROPY,8.3021,1.5021,1554.39,2.7,1553.1,0.6153,1554.81,1553.0,0.0003267100,0.0000021090,49.5,0.4
2026-09-14T08:43:30.699+00:00,ASTER,HL,9.0755,2.2755,1554.21,39.18,1552.8,15.27,1554.81,1552.7,0.0003267100,0.0000062500,0.2,40.2
2026-09-14T08:43:30.699+00:00,ASTER,ENTROPY,7.1439,0.3439,1554.21,39.18,1553.1,0.6153,1554.81,1553.0,0.0003267100,0.0000021090,0.2,40.2
2026-09-14T08:43:30.708+00:00,ASTER,HL,10.3625,3.5625,1554.41,2.7,1552.8,15.27,1554.81,1552.7,0.0003267100,0.0000062500,0.2,50.0
2026-09-14T08:43:30.708+00:00,ASTER,ENTROPY,8.4308,1.6308,1554.41,2.7,1553.1,0.6153,1554.81,1553.0,0.0003267100,0.0000021090,0.2,49.9
2026-09-14T08:43:30.778+00:00,ASTER,HL,10.3625,3.5625,1554.41,2.7,1552.8,7.957,1554.81,1552.7,0.0003267100,0.0000062500,69.6,0.3
2026-09-14T08:43:31.196+00:00,ASTER,HL,10.3625,3.5625,1554.41,2.7,1552.8,8.029,1554.81,1552.7,0.0003267100,0.0000062500,486.9,0.3
2026-09-14T08:43:31.241+00:00,ASTER,HL,9.0755,2.2755,1554.21,39.18,1552.8,8.029,1554.81,1552.7,0.0003267100,0.0000062500,0.2,45.5
2026-09-14T08:43:31.241+00:00,ASTER,ENTROPY,7.1439,0.3439,1554.21,39.18,1553.1,0.6153,1554.81,1553.0,0.0003267100,0.0000021090,0.2,581.8
2026-09-14T08:43:31.346+00:00,ASTER,HL,9.0755,2.2755,1554.21,22.78,1552.8,8.029,1554.81,1552.7,0.0003267100,0.0000062500,0.2,150.5
2026-09-14T08:43:31.346+00:00,ASTER,ENTROPY,7.1439,0.3439,1554.21,22.78,1553.1,0.6153,1554.81,1553.0,0.0003267100,0.0000021090,0.2,686.8
2026-09-14T08:43:31.346+00:00,ASTER,HL,9.0755,2.2755,1554.21,6.38,1552.8,8.029,1554.81,1552.7,0.0003267100,0.0000062500,0.3,150.7
2026-09-14T08:43:31.346+00:00,ASTER,ENTROPY,7.1439,0.3439,1554.21,6.38,1553.1,0.6153,1554.81,1553.0,0.0003267100,0.0000021090,0.3,687.0
2026-09-14T08:43:31.394+00:00,ASTER,HL,9.7834,2.9834,1554.32,2.7,1552.8,8.029,1554.81,1552.7,0.0003267100,0.0000062500,0.7,199.1
2026-09-14T08:43:31.394+00:00,ASTER,ENTROPY,7.8517,1.0517,1554.32,2.7,1553.1,0.6153,1554.81,1553.0,0.0003267100,0.0000021090,0.7,735.4
2026-09-14T08:43:31.405+00:00,ASTER,HL,9.8477,3.0477,1554.33,2.7,1552.8,8.029,1554.81,1552.7,0.0003267100,0.0000062500,0.1,209.2
2026-09-14T08:43:31.405+00:00,ASTER,ENTROPY,7.9160,1.1160,1554.33,2.7,1553.1,0.6153,1554.81,1553.0,0.0003267100,0.0000021090,0.1,745.5
2026-09-14T08:43:31.444+00:00,ASTER,HL,9.7834,2.9834,1554.32,2.7,1552.8,8.029,1554.81,1552.7,0.0003267100,0.0000062500,0.2,248.6
2026-09-14T08:43:31.444+00:00,ASTER,ENTROPY,7.8517,1.0517,1554.32,2.7,1553.1,0.6153,1554.81,1553.0,0.0003267100,0.0000021090,0.2,784.9
2026-09-14T08:43:31.451+00:00,ASTER,HL,9.0755,2.2755,1554.21,6.38,1552.8,8.029,1554.81,1552.7,0.0003267100,0.0000062500,0.7,255.3
2026-09-14T08:43:31.451+00:00,ASTER,ENTROPY,7.1439,0.3439,1554.21,6.38,1553.1,0.6153,1554.81,1553.0,0.0003267100,0.0000021090,0.7,791.6
2026-09-14T08:43:31.457+00:00,ASTER,HL,9.9121,3.1121,1554.34,2.7,1552.8,8.029,1554.81,1552.7,0.0003267100,0.0000062500,0.1,261.2
2026-09-14T08:43:31.457+00:00,ASTER,ENTROPY,7.9804,1.1804,1554.34,2.7,1553.1,0.6153,1554.81,1553.0,0.0003267100,0.0000021090,0.1,797.5
2026-09-14T08:43:31.497+00:00,ASTER,HL,9.0755,2.2755,1554.21,6.38,1552.8,8.029,1554.81,1552.7,0.0003267100,0.0000062500,0.3,301.5
2026-09-14T08:43:31.497+00:00,ASTER,ENTROPY,7.1439,0.3439,1554.21,6.38,1553.1,0.6153,1554.81,1553.0,0.0003267100,0.0000021090,0.3,837.8
2026-09-14T08:43:31.498+00:00,ASTER,HL,10.0408,3.2408,1554.36,2.7,1552.8,8.029,1554.81,1552.7,0.0003267100,0.0000062500,1.3,302.6
2026-09-14T08:43:31.498+00:00,ASTER,ENTROPY,8.1091,1.3091,1554.36,2.7,1553.1,0.6153,1554.81,1553.0,0.0003267100,0.0000021090,1.3,838.9
2026-09-14T08:43:31.547+00:00,ASTER,HL,10.0408,3.2408,1554.36,2.7,1552.8,29.764,1554.81,1552.7,0.0003267100,0.0000062500,50.4,0.2
2026-09-14T08:43:31.693+00:00,ASTER,HL,9.0755,2.2755,1554.21,6.38,1552.8,29.764,1554.81,1552.7,0.0003267100,0.0000062500,0.3,145.8
2026-09-14T08:43:31.693+00:00,ASTER,ENTROPY,7.1439,0.3439,1554.21,6.38,1553.1,0.6153,1554.81,1553.0,0.0003267100,0.0000021090,0.3,1033.6
2026-09-14T08:43:31.704+00:00,ASTER,HL,10.2338,3.4338,1554.39,2.7,1552.8,29.764,1554.81,1552.7,0.0003267100,0.0000062500,0.2,156.9
2026-09-14T08:43:31.704+00:00,ASTER,ENTROPY,8.3021,1.5021,1554.39,2.7,1553.1,0.6153,1554.81,1553.0,0.0003267100,0.0000021090,0.2,1044.7
2026-09-14T08:43:31.704+00:00,ASTER,HL,10.3625,3.5625,1554.41,2.7,1552.8,29.764,1554.81,1552.7,0.0003267100,0.0000062500,0.3,157.1
2026-09-14T08:43:31.704+00:00,ASTER,ENTROPY,8.4308,1.6308,1554.41,2.7,1553.1,0.6153,1554.81,1553.0,0.0003267100,0.0000021090,0.3,1044.9
2026-09-14T08:43:31.711+00:00,ASTER,HL,10.4912,3.6912,1554.43,2.7,1552.8,29.764,1554.81,1552.7,0.0003267100,0.0000062500,0.1,164.1
2026-09-14T08:43:31.711+00:00,ASTER,ENTROPY,8.5595,1.7595,1554.43,2.7,1553.1,0.6153,1554.81,1553.0,0.0003267100,0.0000021090,0.1,1051.9
2026-09-14T08:43:31.743+00:00,ASTER,HL,10.3625,3.5625,1554.41,2.7,1552.8,29.764,1554.81,1552.7,0.0003267100,0.0000062500,0.1,195.7
2026-09-14T08:43:31.743+00:00,ASTER,ENTROPY,8.4308,1.6308,1554.41,2.7,1553.1,0.6153,1554.81,1553.0,0.0003267100,0.0000021090,0.1,1083.5
2026-09-14T08:43:31.749+00:00,ASTER,HL,10.6199,3.8199,1554.45,2.7,1552.8,29.764,1554.81,1552.7,0.0003267100,0.0000062500,0.1,202.2
2026-09-14T08:43:31.749+00:00,ASTER,ENTROPY,8.6882,1.8882,1554.45,2.7,1553.1,0.6153,1554.81,1553.0,0.0003267100,0.0000021090,0.1,1090.0
2026-09-14T08:43:32.030+00:00,ASTER,HL,10.6199,3.8199,1554.45,2.7,1552.8,29.764,1554.81,1552.7,0.0003267100,0.0000062500,281.4,0.2
2026-09-14T08:43:32.030+00:00,ASTER,ENTROPY,8.6882,1.8882,1554.45,2.7,1553.1,0.4452,1554.81,1553.0,0.0003267100,0.0000021252,281.5,0.3
2026-09-14T08:43:32.180+00:00,ASTER,HL,10.6199,3.8199,1554.45,2.7,1552.8,29.692,1554.81,1552.7,0.0003267100,0.0000062500,431.4,0.2
2026-09-14T08:43:32.334+00:00,ASTER,ENTROPY,8.6882,1.8882,1554.45,2.7,1553.1,0.458,1554.81,1553.0,0.0003267100,0.0000021252,585.3,0.2
2026-09-14T08:43:32.421+00:00,ASTER,ENTROPY,8.6882,1.8882,1554.45,2.7,1553.1,0.6645,1554.81,1553.0,0.0003267100,0.0000021252,672.3,0.2
2026-09-14T08:43:32.941+00:00,ASTER,HL,10.6199,3.8199,1554.45,2.7,1552.8,29.764,1554.81,1552.7,0.0003267100,0.0000062500,1192.2,0.9
2026-09-14T08:43:33.099+00:00,ASTER,HL,10.6199,3.8199,1554.45,2.7,1552.8,30.73,1554.81,1552.7,0.0003267100,0.0000062500,1350.0,0.2
2026-09-14T08:43:33.402+00:00,ASTER,HL,10.6199,3.8199,1554.45,2.7,1552.8,30.73,1554.81,1552.7,0.0003267100,0.0000062500,1652.6,0.3
2026-09-14T08:43:33.448+00:00,ASTER,HL,10.6201,3.8201,1554.45,2.7,1552.8,30.73,1554.81,1552.6,0.0003267100,0.0000062500,1698.8,0.3
2026-09-14T08:43:33.731+00:00,ASTER,HL,10.6199,3.8199,1554.45,2.7,1552.8,30.73,1554.81,1552.7,0.0003267100,0.0000062500,1981.6,0.3
2026-09-14T08:43:34.190+00:00,ASTER,HL,9.0757,2.2757,1554.21,6.38,1552.8,34.189,1554.81,1552.6,0.0003267100,0.0000062500,0.2,31.3
2026-09-14T08:43:34.190+00:00,ASTER,ENTROPY,7.1439,0.3439,1554.21,6.38,1553.1,0.6645,1554.81,1553.0,0.0003267100,0.0000021252,0.2,1769.1
2026-09-14T08:43:34.304+00:00,ASTER,HL,9.7835,2.9835,1554.32,2.7,1552.8,34.189,1554.81,1552.6,0.0003267100,0.0000062500,0.3,145.3
2026-09-14T08:43:34.304+00:00,ASTER,ENTROPY,7.8517,1.0517,1554.32,2.7,1553.1,0.6645,1554.81,1553.0,0.0003267100,0.0000021252,0.3,1883.2
2026-09-14T08:43:34.450+00:00,ASTER,HL,9.0757,2.2757,1554.21,6.38,1552.8,34.189,1554.81,1552.6,0.0003267100,0.0000062500,0.2,291.0
2026-09-14T08:43:34.484+00:00,ASTER,HL,9.0757,2.2757,1554.21,6.38,1552.8,34.189,1554.81,1552.6,0.0003267100,0.0000062500,35.0,0.2
2026-09-14T08:43:34.501+00:00,ASTER,HL,9.8479,3.0479,1554.33,2.7,1552.8,34.189,1554.81,1552.6,0.0003267100,0.0000062500,0.1,16.7
2026-09-14T08:43:34.744+00:00,ASTER,HL,9.0757,2.2757,1554.21,6.38,1552.8,34.189,1554.81,1552.6,0.0003267100,0.0000062500,0.2,259.4
2026-09-14T08:43:34.759+00:00,ASTER,HL,9.9122,3.1122,1554.34,2.7,1552.8,34.189,1554.81,1552.6,0.0003267100,0.0000062500,0.2,274.2
2026-09-14T08:43:34.795+00:00,ASTER,HL,9.0757,2.2757,1554.21,6.38,1552.8,34.189,1554.81,1552.6,0.0003267100,0.0000062500,0.2,310.5
2026-09-14T08:43:34.846+00:00,ASTER,HL,10.0409,3.2409,1554.36,2.7,1552.8,34.189,1554.81,1552.6,0.0003267100,0.0000062500,0.2,362.0
2026-09-14T08:43:34.894+00:00,ASTER,HL,10.6847,3.8847,1554.36,2.7,1552.7,7.389,1554.81,1552.6,0.0003267100,0.0000062500,48.0,0.3
2026-09-14T08:43:34.895+00:00,ASTER,HL,9.7195,2.9195,1554.21,6.38,1552.7,7.389,1554.81,1552.6,0.0003267100,0.0000062500,0.4,0.4
2026-09-14T08:43:34.900+00:00,ASTER,HL,11.1995,4.3995,1554.44,2.7,1552.7,7.389,1554.81,1552.6,0.0003267100,0.0000062500,0.8,5.5
2026-09-14T08:43:34.995+00:00,ASTER,HL,11.1995,4.3995,1554.44,2.7,1552.7,7.389,1554.81,1552.6,0.0003267100,0.0000062500,96.2,0.3
2026-09-14T08:43:34.995+00:00,ASTER,HL,11.1995,4.3995,1554.44,2.7,1552.7,7.313,1554.81,1552.6,0.0003267100,0.0000062500,96.3,0.4
2026-09-14T08:43:35.350+00:00,ASTER,HL,10.5557,3.7557,1554.44,2.7,1552.8,21.807,1554.81,1552.6,0.0003267100,0.0000062500,451.1,0.3
2026-09-14T08:43:35.519+00:00,ASTER,HL,10.5557,3.7557,1554.44,2.7,1552.8,21.807,1554.81,1552.6,0.0003267100,0.0000062500,620.1,1.7
2026-09-14T08:43:35.587+00:00,ASTER,HL,10.5557,3.7557,1554.44,2.7,1552.8,22.451,1554.81,1552.6,0.0003267100,0.0000062500,688.3,0.3
2026-09-14T08:43:35.946+00:00,ASTER,HL,9.0757,2.2757,1554.21,6.38,1552.8,22.451,1554.81,1552.6,0.0003267100,0.0000062500,0.2,359.6
2026-09-14T08:43:35.946+00:00,ASTER,HL,9.0757,2.2757,1554.21,3.19,1552.8,22.451,1554.81,1552.6,0.0003267100,0.0000062500,0.4,359.8
2026-09-14T08:43:35.946+00:00,ASTER,HL,8.7539,1.9539,1554.16,0.04,1552.8,22.451,1554.81,1552.6,0.0003267100,0.0000062500,0.5,359.9
2026-09-14T08:43:35.946+00:00,ASTER,HL,8.7539,1.9539,1554.16,0.04,1552.8,22.451,1554.8,1552.6,0.0003267100,0.0000062500,0.5,359.9
2026-09-14T08:43:35.946+00:00,ASTER,HL,8.7540,1.9540,1554.16,0.04,1552.8,22.451,1554.73,1552.6,0.0003267100,0.0000062500,0.5,359.9
2026-09-14T08:43:35.946+00:00,ASTER,HL,8.7540,1.9540,1554.16,0.04,1552.8,22.451,1554.73,1552.6,0.0003267100,0.0000062500,0.5,359.9
2026-09-14T08:43:35.946+00:00,ASTER,HL,8.7540,1.9540,1554.16,0.04,1552.8,22.451,1554.73,1552.6,0.0003267100,0.0000062500,0.5,359.9
2026-09-14T08:43:35.946+00:00,ASTER,HL,8.7540,1.9540,1554.16,0.04,1552.8,22.451,1554.73,1552.6,0.0003267100,0.0000062500,0.6,360.0
2026-09-14T08:43:36.010+00:00,ASTER,HL,9.2688,2.4688,1554.24,2.7,1552.8,22.451,1554.73,1552.6,0.0003267100,0.0000062500,0.2,423.4
2026-09-14T08:43:36.050+00:00,ASTER,HL,9.2689,2.4689,1554.24,2.7,1552.8,22.451,1554.72,1552.6,0.0003267100,0.0000062500,0.2,463.3
2026-09-14T08:43:36.053+00:00,ASTER,HL,9.2689,2.4689,1554.24,2.7,1552.8,22.442,1554.72,1552.6,0.0003267100,0.0000062500,2.5,0.2
2026-09-14T08:43:36.185+00:00,ASTER,HL,9.9127,3.1127,1554.24,2.7,1552.7,0.966,1554.72,1552.6,0.0003267100,0.0000062500,135.2,0.2
2026-09-14T08:43:36.340+00:00,ASTER,HL,9.9127,3.1127,1554.24,2.7,1552.7,9.072,1554.72,1552.6,0.0003267100,0.0000062500,290.6,0.3
2026-09-14T08:43:36.340+00:00,ASTER,HL,9.9127,3.1127,1554.24,2.7,1552.7,9.716,1554.72,1552.6,0.0003267100,0.0000062500,290.8,0.4
2026-09-14T08:43:36.491+00:00,ASTER,HL,9.3979,2.5979,1554.16,0.04,1552.7,9.716,1554.72,1552.6,0.0003267100,0.0000062500,0.2,151.3
2026-09-14T08:43:36.503+00:00,ASTER,HL,9.9770,3.1770,1554.25,2.7,1552.7,9.716,1554.72,1552.6,0.0003267100,0.0000062500,0.2,162.5
2026-09-14T08:43:37.291+00:00,ASTER,HL,9.3979,2.5979,1554.16,0.04,1552.7,9.716,1554.72,1552.6,0.0003267100,0.0000062500,0.2,950.4
2026-09-14T08:43:37.291+00:00,ASTER,HL,9.0117,2.2117,1554.1,7.76,1552.7,9.716,1554.72,1552.6,0.0003267100,0.0000062500,0.4,950.5
2026-09-14T08:43:37.296+00:00,ASTER,HL,9.0117,2.2117,1554.1,7.76,1552.7,8.994,1554.72,1552.6,0.0003267100,0.0000062500,5.0,0.3
2026-09-14T08:43:37.303+00:00,ASTER,HL,9.0117,2.2117,1554.1,3.88,1552.7,8.994,1554.72,1552.6,0.0003267100,0.0000062500,0.1,7.4
2026-09-14T08:43:37.303+00:00,ASTER,HL,8.2395,1.4395,1553.98,0.01,1552.7,8.994,1554.72,1552.6,0.0003267100,0.0000062500,0.2,7.5
2026-09-14T08:43:37.318+00:00,ASTER,HL,8.2396,1.4396,1553.98,0.01,1552.7,8.994,1554.65,1552.6,0.0003267100,0.0000062500,0.1,22.4
2026-09-14T08:43:37.318+00:00,ASTER,HL,8.4970,1.6970,1554.02,1.49,1552.7,8.994,1554.65,1552.6,0.0003267100,0.0000062500,0.1,22.5
2026-09-14T08:43:37.318+00:00,ASTER,HL,8.4970,1.6970,1554.02,1.49,1552.7,8.994,1554.65,1552.6,0.0003267100,0.0000062500,0.2,22.5
2026-09-14T08:43:37.318+00:00,ASTER,HL,8.4970,1.6970,1554.02,1.49,1552.7,8.994,1554.65,1552.6,0.0003267100,0.0000062500,0.2,22.5
2026-09-14T08:43:37.318+00:00,ASTER,HL,8.4970,1.6970,1554.02,2.98,1552.7,8.994,1554.65,1552.6,0.0003267100,0.0000062500,0.2,22.5
2026-09-14T08:43:37.318+00:00,ASTER,HL,8.4970,1.6970,1554.02,2.98,1552.7,8.994,1554.65,1552.6,0.0003267100,0.0000062500,0.2,22.6
2026-09-14T08:43:37.365+00:00,ASTER,HL,9.1405,2.3405,1554.12,2.7,1552.7,8.994,1554.65,1552.6,0.0003267100,0.0000062500,0.2,70.0
2026-09-14T08:43:37.413+00:00,ASTER,HL,9.1406,2.3406,1554.12,2.7,1552.7,8.994,1554.59,1552.6,0.0003267100,0.0000062500,0.1,117.9
2026-09-14T08:43:37.438+00:00,ASTER,HL,8.4971,1.6971,1554.02,2.98,1552.7,8.994,1554.59,1552.6,0.0003267100,0.0000062500,0.2,143.0
2026-09-14T08:43:37.445+00:00,ASTER,HL,9.2050,2.4050,1554.13,2.7,1552.7,8.994,1554.59,1552.6,0.0003267100,0.0000062500,0.2,150.7
2026-09-14T08:43:37.552+00:00,ASTER,HL,8.4971,1.6971,1554.02,2.98,1552.7,8.994,1554.59,1552.6,0.0003267100,0.0000062500,0.1,256.9
2026-09-14T08:43:37.597+00:00,ASTER,HL,9.2693,2.4693,1554.14,2.7,1552.7,8.994,1554.59,1552.6,0.0003267100,0.0000062500,0.2,301.8
2026-09-14T08:43:37.650+00:00,ASTER,HL,8.4971,1.6971,1554.02,2.98,1552.7,8.994,1554.59,1552.6,0.0003267100,0.0000062500,0.2,354.6
2026-09-14T08:43:37.654+00:00,ASTER,HL,9.3981,2.5981,1554.16,2.7,1552.7,8.994,1554.59,1552.6,0.0003267100,0.0000062500,0.1,358.5
2026-09-14T08:43:37.800+00:00,ASTER,HL,8.4971,1.6971,1554.02,2.98,1552.7,8.994,1554.59,1552.6,0.0003267100,0.0000062500,0.3,504.3
2026-09-14T08:43:37.812+00:00,ASTER,HL,9.4624,2.6624,1554.17,2.7,1552.7,8.994,1554.59,1552.6,0.0003267100,0.0000062500,0.7,516.7
2026-09-14T08:43:37.995+00:00,ASTER,HL,9.4624,2.6624,1554.17,2.7,1552.7,14.383,1554.59,1552.6,0.0003267100,0.0000062500,183.0,0.3
2026-09-14T08:43:37.995+00:00,ASTER,HL,9.4624,2.6624,1554.17,2.7,1552.7,14.383,1554.59,1552.6,0.0003267100,0.0000062500,183.2,0.4
2026-09-14T08:43:37.995+00:00,ASTER,ENTROPY,6.8869,0.0869,1554.17,2.7,1553.1,0.6645,1554.59,1552.8,0.0003267100,0.0000021366,183.2,0.4
2026-09-14T08:43:38.145+00:00,ASTER,HL,8.3040,1.5040,1553.99,0.04,1552.7,14.383,1554.59,1552.6,0.0003267100,0.0000062500,0.2,150.7
2026-09-14T08:43:38.145+00:00,ASTER,HL,8.2396,1.4396,1553.98,2.73,1552.7,14.383,1554.59,1552.6,0.0003267100,0.0000062500,0.4,150.9
2026-09-14T08:43:38.152+00:00,ASTER,HL,8.2396,1.4396,1553.98,2.72,1552.7,14.383,1554.59,1552.6,0.0003267100,0.0000062500,0.2,157.8
2026-09-14T08:43:38.152+00:00,ASTER,HL,8.2396,1.4396,1553.98,1.36,1552.7,14.383,1554.59,1552.6,0.0003267100,0.0000062500,0.4,158.0
2026-09-14T08:43:38.152+00:00,ASTER,HL,8.1109,1.3109,1553.96,0.64,1552.7,14.383,1554.59,1552.6,0.0003267100,0.0000062500,0.4,158.1
2026-09-14T08:43:38.155+00:00,ASTER,HL,8.1110,1.3110,1553.96,0.64,1552.7,14.383,1554.54,1552.6,0.0003267100,0.0000062500,0.1,161.0
2026-09-14T08:43:38.159+00:00,ASTER,HL,8.1111,1.3111,1553.96,0.64,1552.7,14.383,1554.42,1552.6,0.0003267100,0.0000062500,0.1,165.7
2026-09-14T08:43:38.467+00:00,ASTER,HL,6.8241,0.0241,1553.76,2.7,1552.7,35.863,1554.23,1552.6,0.0003267100,0.0000062500,0.1,131.4
2026-09-14T08:43:38.467+00:00,ASTER,HL,6.9528,0.1528,1553.78,2.7,1552.7,35.863,1554.23,1552.6,0.0003267100,0.0000062500,0.2,131.4
2026-09-14T08:43:38.474+00:00,ASTER,HL,7.3390,0.5390,1553.84,2.7,1552.7,35.863,1554.23,1552.6,0.0003267100,0.0000062500,0.1,137.7
2026-09-14T08:43:38.474+00:00,ASTER,HL,7.7252,0.9252,1553.9,2.7,1552.7,35.863,1554.23,1552.6,0.0003267100,0.0000062500,0.1,137.8
2026-09-14T08:43:38.522+00:00,ASTER,HL,7.7252,0.9252,1553.9,2.7,1552.7,35.863,1554.23,1552.6,0.0003267100,0.0000062500,1.8,185.4
2026-09-14T08:43:38.522+00:00,ASTER,HL,7.7251,0.9251,1553.9,2.7,1552.7,35.863,1554.29,1552.6,0.0003267100,0.0000062500,1.8,185.5
2026-09-14T08:43:38.522+00:00,ASTER,HL,7.8539,1.0539,1553.92,2.7,1552.7,35.863,1554.29,1552.6,0.0003267100,0.0000062500,2.2,185.9
2026-09-14T08:43:38.522+00:00,ASTER,HL,8.0469,1.2469,1553.95,2.7,1552.7,35.863,1554.29,1552.6,0.0003267100,0.0000062500,2.2,185.9
2026-09-14T08:43:38.523+00:00,ASTER,HL,8.0472,1.2472,1553.95,2.7,1552.7,71.518,1554.29,1552.4,0.0003267100,0.0000062500,2.7,0.1
2026-09-14T08:43:38.543+00:00,ASTER,HL,8.0472,1.2472,1553.95,2.7,1552.7,71.518,1554.31,1552.4,0.0003267100,0.0000062500,0.2,20.9
2026-09-14T08:43:38.549+00:00,ASTER,HL,7.8541,1.0541,1553.92,2.7,1552.7,71.518,1554.31,1552.4,0.0003267100,0.0000062500,0.1,26.6
2026-09-14T08:43:38.549+00:00,ASTER,HL,7.8541,1.0541,1553.92,2.7,1552.7,71.518,1554.31,1552.4,0.0003267100,0.0000062500,0.2,26.7
2026-09-14T08:43:38.549+00:00,ASTER,HL,7.8541,1.0541,1553.92,2.7,1552.7,71.518,1554.31,1552.4,0.0003267100,0.0000062500,0.2,26.7
2026-09-14T08:43:38.549+00:00,ASTER,HL,7.8541,1.0541,1553.92,2.7,1552.7,71.518,1554.32,1552.4,0.0003267100,0.0000062500,0.2,26.8
2026-09-14T08:43:38.553+00:00,ASTER,HL,7.8537,1.0537,1553.92,2.7,1552.7,71.518,1554.59,1552.4,0.0003267100,0.0000062500,0.1,30.6
2026-09-14T08:43:38.553+00:00,ASTER,HL,7.8537,1.0537,1553.92,2.7,1552.7,71.518,1554.64,1552.4,0.0003267100,0.0000062500,0.2,30.7
2026-09-14T08:43:38.569+00:00,ASTER,HL,9.5914,2.7914,1554.19,2.7,1552.7,71.518,1554.64,1552.4,0.0003267100,0.0000062500,0.1,46.6
2026-09-14T08:43:38.569+00:00,ASTER,ENTROPY,8.3031,1.5031,1554.19,2.7,1552.9,0.3295,1554.64,1552.8,0.0003267100,0.0000021366,0.1,228.0
2026-09-14T08:43:38.569+00:00,ASTER,HL,9.7201,2.9201,1554.21,2.7,1552.7,71.518,1554.64,1552.4,0.0003267100,0.0000062500,0.2,46.7
2026-09-14T08:43:38.569+00:00,ASTER,ENTROPY,8.4318,1.6318,1554.21,2.7,1552.9,0.3295,1554.64,1552.8,0.0003267100,0.0000021366,0.2,228.2
2026-09-14T08:43:38.569+00:00,ASTER,HL,9.7201,2.9201,1554.21,2.7,1552.7,71.518,1554.63,1552.4,0.0003267100,0.0000062500,0.3,46.8
2026-09-14T08:43:38.569+00:00,ASTER,ENTROPY,8.4318,1.6318,1554.21,2.7,1552.9,0.3295,1554.63,1552.8,0.0003267100,0.0000021366,0.3,228.2
2026-09-14T08:43:38.613+00:00,ASTER,HL,9.5914,2.7914,1554.19,2.7,1552.7,71.518,1554.63,1552.4,0.0003267100,0.0000062500,0.1,91.0
2026-09-14T08:43:38.613+00:00,ASTER,ENTROPY,8.3031,1.5031,1554.19,2.7,1552.9,0.3295,1554.63,1552.8,0.0003267100,0.0000021366,0.1,272.4
2026-09-14T08:43:38.614+00:00,ASTER,HL,8.3686,1.5686,1554.0,22.01,1552.7,71.518,1554.63,1552.4,0.0003267100,0.0000062500,0.9,91.8
2026-09-14T08:43:38.614+00:00,ASTER,ENTROPY,7.0804,0.2804,1554.0,22.01,1552.9,0.3295,1554.63,1552.8,0.0003267100,0.0000021366,0.9,273.3
2026-09-14T08:43:38.614+00:00,ASTER,HL,9.9775,3.1775,1554.25,2.7,1552.7,71.518,1554.63,1552.4,0.0003267100,0.0000062500,0.9,91.9
2026-09-14T08:43:38.614+00:00,ASTER,ENTROPY,8.6892,1.8892,1554.25,2.7,1552.9,0.3295,1554.63,1552.8,0.0003267100,0.0000021366,0.9,273.4
2026-09-14T08:43:38.614+00:00,ASTER,HL,9.9775,3.1775,1554.25,2.7,1552.7,71.518,1554.63,1552.4,0.0003267100,0.0000062500,1.0,91.9
2026-09-14T08:43:38.614+00:00,ASTER,ENTROPY,8.6892,1.8892,1554.25,2.7,1552.9,0.3295,1554.63,1552.8,0.0003267100,0.0000021366,1.0,273.4
2026-09-14T08:43:38.664+00:00,ASTER,HL,10.0419,3.2419,1554.26,2.7,1552.7,71.518,1554.63,1552.4,0.0003267100,0.0000062500,0.2,141.5
2026-09-14T08:43:38.664+00:00,ASTER,ENTROPY,8.7536,1.9536,1554.26,2.7,1552.9,0.3295,1554.63,1552.8,0.0003267100,0.0000021366,0.2,322.9
2026-09-14T08:43:38.684+00:00,ASTER,HL,11.3296,4.5296,1554.26,2.7,1552.5,40.315,1554.63,1552.4,0.0003267100,0.0000062500,20.6,0.2
2026-09-14T08:43:38.695+00:00,ASTER,HL,11.2653,4.4653,1554.25,2.7,1552.5,40.315,1554.63,1552.4,0.0003267100,0.0000062500,0.1,11.4
2026-09-14T08:43:38.695+00:00,ASTER,ENTROPY,8.6892,1.8892,1554.25,2.7,1552.9,0.3295,1554.63,1552.8,0.0003267100,0.0000021366,0.1,354.5
2026-09-14T08:43:38.703+00:00,ASTER,HL,9.6563,2.8563,1554.0,42.87,1552.5,40.315,1554.63,1552.4,0.0003267100,0.0000062500,0.2,19.1
2026-09-14T08:43:38.703+00:00,ASTER,ENTROPY,7.0804,0.2804,1554.0,42.87,1552.9,0.3295,1554.63,1552.8,0.0003267100,0.0000021366,0.2,362.2
2026-09-14T08:43:38.723+00:00,ASTER,HL,9.6563,2.8563,1554.0,42.87,1552.5,40.315,1554.63,1552.4,0.0003267100,0.0000062500,0.2,39.6
2026-09-14T08:43:38.723+00:00,ASTER,ENTROPY,7.0804,0.2804,1554.0,42.87,1552.9,0.3295,1554.63,1552.8,0.0003267100,0.0000021366,0.2,382.8
2026-09-14T08:43:38.723+00:00,ASTER,HL,9.6563,2.8563,1554.0,38.41,1552.5,40.315,1554.63,1552.4,0.0003267100,0.0000062500,0.3,39.8
2026-09-14T08:43:38.723+00:00,ASTER,ENTROPY,7.0804,0.2804,1554.0,38.41,1552.9,0.3295,1554.63,1552.8,0.0003267100,0.0000021366,0.3,382.9
2026-09-14T08:43:38.724+00:00,ASTER,HL,9.6563,2.8563,1554.0,22.01,1552.5,40.315,1554.63,1552.4,0.0003267100,0.0000062500,0.3,39.8
2026-09-14T08:43:38.724+00:00,ASTER,ENTROPY,7.0804,0.2804,1554.0,22.01,1552.9,0.3295,1554.63,1552.8,0.0003267100,0.0000021366,0.3,383.0
2026-09-14T08:43:38.724+00:00,ASTER,HL,9.6563,2.8563,1554.0,22.01,1552.5,40.315,1554.64,1552.4,0.0003267100,0.0000062500,0.3,39.9
2026-09-14T08:43:38.724+00:00,ASTER,ENTROPY,7.0804,0.2804,1554.0,22.01,1552.9,0.3295,1554.64,1552.8,0.0003267100,0.0000021366,0.3,383.0
2026-09-14T08:43:38.724+00:00,ASTER,HL,9.6563,2.8563,1554.0,16.4,1552.5,40.315,1554.64,1552.4,0.0003267100,0.0000062500,0.4,39.9
2026-09-14T08:43:38.724+00:00,ASTER,ENTROPY,7.0804,0.2804,1554.0,16.4,1552.9,0.3295,1554.64,1552.8,0.0003267100,0.0000021366,0.4,383.0
2026-09-14T08:43:38.724+00:00,ASTER,HL,8.8840,2.0840,1553.88,0.01,1552.5,40.315,1554.64,1552.4,0.0003267100,0.0000062500,0.4,39.9
2026-09-14T08:43:38.724+00:00,ASTER,HL,9.7207,2.9207,1554.01,0.23,1552.5,40.315,1554.64,1552.4,0.0003267100,0.0000062500,0.4,39.9
2026-09-14T08:43:38.724+00:00,ASTER,ENTROPY,7.1448,0.3448,1554.01,0.23,1552.9,0.3295,1554.64,1552.8,0.0003267100,0.0000021366,0.4,383.0
2026-09-14T08:43:38.724+00:00,ASTER,HL,9.7207,2.9207,1554.01,0.27,1552.5,40.315,1554.64,1552.4,0.0003267100,0.0000062500,0.4,40.0
2026-09-14T08:43:38.724+00:00,ASTER,ENTROPY,7.1448,0.3448,1554.01,0.27,1552.9,0.3295,1554.64,1552.8,0.0003267100,0.0000021366,0.4,383.1
2026-09-14T08:43:38.724+00:00,ASTER,HL,11.5227,4.7227,1554.29,2.7,1552.5,40.315,1554.64,1552.4,0.0003267100,0.0000062500,1.1,40.6
2026-09-14T08:43:38.724+00:00,ASTER,ENTROPY,8.9466,2.1466,1554.29,2.7,1552.9,0.3295,1554.64,1552.8,0.0003267100,0.0000021366,1.1,383.8
2026-09-14T08:43:38.724+00:00,ASTER,HL,11.6514,4.8514,1554.31,2.7,1552.5,40.315,1554.64,1552.4,0.0003267100,0.0000062500,1.1,40.7
2026-09-14T08:43:38.724+00:00,ASTER,ENTROPY,9.0753,2.2753,1554.31,2.7,1552.9,0.3295,1554.64,1552.8,0.0003267100,0.0000021366,1.1,383.8
2026-09-14T08:43:38.813+00:00,ASTER,HL,11.6514,4.8514,1554.31,2.7,1552.5,140.221,1554.64,1552.4,0.0003267100,0.0000062500,89.6,0.3
2026-09-14T08:43:38.933+00:00,ASTER,HL,11.6521,4.8521,1554.31,2.7,1552.5,154.652,1554.64,1552.0,0.0003267100,0.0000062500,209.5,0.3
2026-09-14T08:43:38.933+00:00,ASTER,ENTROPY,9.0755,2.2755,1554.31,2.7,1552.9,0.3295,1554.64,1552.7,0.0003267100,0.0000021366,209.6,0.4
2026-09-14T08:43:38.952+00:00,ASTER,HL,13.5839,6.7839,1554.31,2.7,1552.2,3.25,1554.64,1552.1,0.0003267100,0.0000062500,228.4,0.3
2026-09-14T08:43:38.952+00:00,ASTER,ENTROPY,9.7194,2.9194,1554.31,2.7,1552.8,0.3219,1554.64,1552.6,0.0003267100,0.0000021366,228.6,0.4
2026-09-14T08:43:39.062+00:00,ASTER,HL,10.3638,3.5638,1554.31,2.7,1552.7,2.297,1554.64,1552.3,0.0003267100,0.0000062500,338.4,0.3
2026-09-14T08:43:39.062+00:00,ASTER,ENTROPY,9.0756,2.2756,1554.31,2.7,1552.9,0.2031,1554.64,1552.6,0.0003267100,0.0000021366,338.6,0.5
2026-09-14T08:43:39.159+00:00,ASTER,HL,10.3633,3.5633,1554.31,2.7,1552.7,4.637,1554.64,1552.6,0.0003267100,0.0000062500,435.6,0.3
2026-09-14T08:43:39.160+00:00,ASTER,ENTROPY,7.7880,0.9880,1554.31,2.7,1553.1,0.2816,1554.64,1552.6,0.0003267100,0.0000021366,435.9,0.5
2026-09-14T08:43:39.189+00:00,ASTER,HL,10.3633,3.5633,1554.31,2.7,1552.7,4.637,1554.64,1552.6,0.0003267100,0.0000062500,465.3,0.2
2026-09-14T08:43:39.409+00:00,ASTER,HL,10.3633,3.5633,1554.31,2.7,1552.7,4.517,1554.64,1552.6,0.0003267100,0.0000062500,686.0,0.3
2026-09-14T08:43:39.409+00:00,ASTER,HL,10.3633,3.5633,1554.31,2.7,1552.7,4.517,1554.64,1552.6,0.0003267100,0.0000062500,686.3,0.5
2026-09-14T08:43:39.410+00:00,ASTER,ENTROPY,8.4317,1.6317,1554.31,2.7,1553.0,0.2551,1554.64,1552.7,0.0003267100,0.0000021366,686.3,0.5
2026-09-14T08:43:39.426+00:00,ASTER,HL,10.3633,3.5633,1554.31,2.7,1552.7,4.517,1554.64,1552.6,0.0003267100,0.0000062500,702.8,0.2
2026-09-14T08:43:39.547+00:00,ASTER,HL,10.3633,3.5633,1554.31,2.7,1552.7,2.48,1554.64,1552.6,0.0003267100,0.0000062500,824.2,0.3
2026-09-14T08:43:39.548+00:00,ASTER,ENTROPY,9.0755,2.2755,1554.31,2.7,1552.9,0.0546,1554.64,1552.7,0.0003267100,0.0000021366,824.3,0.4
2026-09-14T08:43:39.645+00:00,ASTER,HL,10.3633,3.5633,1554.31,2.7,1552.7,2.48,1554.64,1552.6,0.0003267100,0.0000062500,922.3,0.3
2026-09-14T08:43:39.646+00:00,ASTER,ENTROPY,9.0753,2.2753,1554.31,2.7,1552.9,0.0546,1554.64,1552.8,0.0003267100,0.0000021366,922.5,0.5
2026-09-14T08:43:39.687+00:00,ASTER,HL,9.0762,2.2762,1554.11,3.06,1552.7,2.48,1554.64,1552.6,0.0003267100,0.0000062500,0.1,42.1
2026-09-14T08:43:39.687+00:00,ASTER,ENTROPY,7.7883,0.9883,1554.11,3.06,1552.9,0.0546,1554.64,1552.8,0.0003267100,0.0000021366,0.1,42.1
2026-09-14T08:43:39.709+00:00,ASTER,HL,10.4920,3.6920,1554.33,2.7,1552.7,2.48,1554.64,1552.6,0.0003267100,0.0000062500,0.1,63.7
2026-09-14T08:43:39.709+00:00,ASTER,ENTROPY,9.2040,2.4040,1554.33,2.7,1552.9,0.0546,1554.64,1552.8,0.0003267100,0.0000021366,0.1,63.7
2026-09-14T08:43:39.712+00:00,ASTER,HL,10.4920,3.6920,1554.33,2.7,1552.7,1.377,1554.64,1552.6,0.0003267100,0.0000062500,3.3,0.1
2026-09-14T08:43:39.852+00:00,ASTER,HL,9.0762,2.2762,1554.11,3.06,1552.7,1.377,1554.64,1552.6,0.0003267100,0.0000062500,0.1,140.2
2026-09-14T08:43:39.852+00:00,ASTER,ENTROPY,7.7883,0.9883,1554.11,3.06,1552.9,0.0546,1554.64,1552.8,0.0003267100,0.0000021366,0.1,207.0
2026-09-14T08:43:39.856+00:00,ASTER,HL,10.6850,3.8850,1554.36,2.7,1552.7,1.377,1554.64,1552.6,0.0003267100,0.0000062500,0.1,143.6
2026-09-14T08:43:39.856+00:00,ASTER,ENTROPY,9.3971,2.5971,1554.36,2.7,1552.9,0.0546,1554.64,1552.8,0.0003267100,0.0000021366,0.1,210.4
2026-09-14T08:43:39.881+00:00,ASTER,HL,10.6850,3.8850,1554.36,2.7,1552.7,1.377,1554.64,1552.6,0.0003267100,0.0000062500,25.3,0.1
2026-09-14T08:43:39.966+00:00,ASTER,HL,10.0412,3.2412,1554.36,2.7,1552.8,38.587,1554.64,1552.6,0.0003267100,0.0000062500,110.1,0.2
2026-09-14T08:43:39.974+00:00,ASTER,HL,10.0412,3.2412,1554.36,2.7,1552.8,38.587,1554.64,1552.6,0.0003267100,0.0000062500,118.7,0.1
2026-09-14T08:43:40.141+00:00,ASTER,HL,8.4324,1.6324,1554.11,3.06,1552.8,38.587,1554.64,1552.6,0.0003267100,0.0000062500,0.2,166.4
2026-09-14T08:43:40.141+00:00,ASTER,ENTROPY,7.7883,0.9883,1554.11,3.06,1552.9,0.0546,1554.64,1552.8,0.0003267100,0.0000021366,0.2,495.3
2026-09-14T08:43:40.249+00:00,ASTER,HL,8.4324,1.6324,1554.11,1.53,1552.8,38.587,1554.64,1552.6,0.0003267100,0.0000062500,0.2,274.7
2026-09-14T08:43:40.249+00:00,ASTER,ENTROPY,7.7883,0.9883,1554.11,1.53,1552.9,0.0546,1554.64,1552.8,0.0003267100,0.0000021366,0.2,603.6
2026-09-14T08:43:40.249+00:00,ASTER,HL,7.7888,0.9888,1554.01,16.44,1552.8,38.587,1554.64,1552.6,0.0003267100,0.0000062500,0.4,274.9
2026-09-14T08:43:40.249+00:00,ASTER,ENTROPY,7.1448,0.3448,1554.01,16.44,1552.9,0.0546,1554.64,1552.8,0.0003267100,0.0000021366,0.4,603.8
2026-09-14T08:43:40.249+00:00,ASTER,HL,7.7888,0.9888,1554.01,0.04,1552.8,38.587,1554.64,1552.6,0.0003267100,0.0000062500,0.4,275.0
2026-09-14T08:43:40.249+00:00,ASTER,ENTROPY,7.1448,0.3448,1554.01,0.04,1552.9,0.0546,1554.64,1552.8,0.0003267100,0.0000021366,0.4,603.8
2026-09-14T08:43:40.249+00:00,ASTER,HL,8.1106,1.3106,1554.06,1.43,1552.8,38.587,1554.64,1552.6,0.0003267100,0.0000062500,0.4,275.0
2026-09-14T08:43:40.249+00:00,ASTER,ENTROPY,7.4665,0.6665,1554.06,1.43,1552.9,0.0546,1554.64,1552.8,0.0003267100,0.0000021366,0.4,603.9
2026-09-14T08:43:40.252+00:00,ASTER,HL,9.1403,2.3403,1554.22,2.7,1552.8,38.587,1554.64,1552.6,0.0003267100,0.0000062500,0.1,277.0
2026-09-14T08:43:40.252+00:00,ASTER,ENTROPY,8.4962,1.6962,1554.22,2.7,1552.9,0.0546,1554.64,1552.8,0.0003267100,0.0000021366,0.1,605.9
2026-09-14T08:43:40.348+00:00,ASTER,HL,8.1106,1.3106,1554.06,3.6,1552.8,38.587,1554.64,1552.6,0.0003267100,0.0000062500,0.2,373.3
2026-09-14T08:43:40.348+00:00,ASTER,ENTROPY,7.4665,0.6665,1554.06,3.6,1552.9,0.0546,1554.64,1552.8,0.0003267100,0.0000021366,0.2,702.2
2026-09-14T08:43:40.353+00:00,ASTER,HL,8.1106,1.3106,1554.06,2.17,1552.8,38.587,1554.64,1552.6,0.0003267100,0.0000062500,0.2,378.4
2026-09-14T08:43:40.353+00:00,ASTER,ENTROPY,7.4665,0.6665,1554.06,2.17,1552.9,0.0546,1554.64,1552.8,0.0003267100,0.0000021366,0.2,707.3
2026-09-14T08:43:40.353+00:00,ASTER,HL,7.7888,0.9888,1554.01,16.44,1552.8,38.587,1554.64,1552.6,0.0003267100,0.0000062500,0.3,378.5
2026-09-14T08:43:40.353+00:00,ASTER,ENTROPY,7.1448,0.3448,1554.01,16.44,1552.9,0.0546,1554.64,1552.8,0.0003267100,0.0000021366,0.3,707.4
2026-09-14T08:43:40.353+00:00,ASTER,HL,7.7888,0.9888,1554.01,0.04,1552.8,38.587,1554.64,1552.6,0.0003267100,0.0000062500,0.3,378.6
2026-09-14T08:43:40.353+00:00,ASTER,ENTROPY,7.1448,0.3448,1554.01,0.04,1552.9,0.0546,1554.64,1552.8,0.0003267100,0.0000021366,0.3,707.4
2026-09-14T08:43:40.360+00:00,ASTER,HL,9.2046,2.4046,1554.23,2.7,1552.8,38.587,1554.64,1552.6,0.0003267100,0.0000062500,0.2,385.4
2026-09-14T08:43:40.360+00:00,ASTER,ENTROPY,8.5605,1.7605,1554.23,2.7,1552.9,0.0546,1554.64,1552.8,0.0003267100,0.0000021366,0.2,714.3
2026-09-14T08:43:40.360+00:00,ASTER,HL,9.3333,2.5333,1554.25,2.7,1552.8,38.587,1554.64,1552.6,0.0003267100,0.0000062500,0.3,385.6
2026-09-14T08:43:40.360+00:00,ASTER,ENTROPY,8.6892,1.8892,1554.25,2.7,1552.9,0.0546,1554.64,1552.8,0.0003267100,0.0000021366,0.3,714.5
2026-09-14T08:43:40.360+00:00,ASTER,HL,9.5264,2.7264,1554.28,2.7,1552.8,38.587,1554.64,1552.6,0.0003267100,0.0000062500,0.4,385.7
2026-09-14T08:43:40.360+00:00,ASTER,ENTROPY,8.8823,2.0823,1554.28,2.7,1552.9,0.0546,1554.64,1552.8,0.0003267100,0.0000021366,0.4,714.6
2026-09-14T08:43:40.360+00:00,ASTER,HL,9.6551,2.8551,1554.3,2.7,1552.8,38.587,1554.64,1552.6,0.0003267100,0.0000062500,0.5,385.8
2026-09-14T08:43:40.360+00:00,ASTER,ENTROPY,9.0110,2.2110,1554.3,2.7,1552.9,0.0546,1554.64,1552.8,0.0003267100,0.0000021366,0.5,714.7
2026-09-14T08:43:40.360+00:00,ASTER,HL,9.8481,3.0481,1554.33,2.7,1552.8,38.587,1554.64,1552.6,0.0003267100,0.0000062500,0.6,385.8
2026-09-14T08:43:40.360+00:00,ASTER,ENTROPY,9.2040,2.4040,1554.33,2.7,1552.9,0.0546,1554.64,1552.8,0.0003267100,0.0000021366,0.6,714.7
2026-09-14T08:43:40.368+00:00,ASTER,HL,9.8481,3.0481,1554.33,2.7,1552.8,41.196,1554.64,1552.6,0.0003267100,0.0000062500,8.9,0.1
2026-09-14T08:43:40.401+00:00,ASTER,HL,9.6551,2.8551,1554.3,2.7,1552.8,41.196,1554.64,1552.6,0.0003267100,0.0000062500,0.2,32.7
2026-09-14T08:43:40.401+00:00,ASTER,ENTROPY,9.0110,2.2110,1554.3,2.7,1552.9,0.0546,1554.64,1552.8,0.0003267100,0.0000021366,0.2,755.6
2026-09-14T08:43:40.406+00:00,ASTER,HL,9.9768,3.1768,1554.35,2.7,1552.8,41.196,1554.64,1552.6,0.0003267100,0.0000062500,0.1,38.0
2026-09-14T08:43:40.406+00:00,ASTER,ENTROPY,9.3327,2.5327,1554.35,2.7,1552.9,0.0546,1554.64,1552.8,0.0003267100,0.0000021366,0.1,760.9
2026-09-14T08:43:40.469+00:00,ASTER,HL,10.6207,3.8207,1554.35,2.7,1552.7,4.169,1554.64,1552.6,0.0003267100,0.0000062500,63.2,0.3
2026-09-14T08:43:40.533+00:00,ASTER,HL,10.6207,3.8207,1554.35,2.7,1552.7,7.216,1554.64,1552.6,0.0003267100,0.0000062500,125.9,0.2
2026-09-14T08:43:40.533+00:00,ASTER,ENTROPY,9.3329,2.5329,1554.35,2.7,1552.9,0.0546,1554.64,1552.7,0.0003267100,0.0000021366,126.0,0.3
2026-09-14T08:43:40.655+00:00,ASTER,HL,9.9768,3.1768,1554.35,2.7,1552.8,19.461,1554.64,1552.6,0.0003267100,0.0000062500,248.0,0.3
2026-09-14T08:43:40.655+00:00,ASTER,ENTROPY,9.3327,2.5327,1554.35,2.7,1552.9,0.0546,1554.64,1552.8,0.0003267100,0.0000021366,248.2,0.5
2026-09-14T08:43:40.916+00:00,ASTER,HL,9.9768,3.1768,1554.35,2.7,1552.8,16.852,1554.64,1552.6,0.0003267100,0.0000062500,510.1,0.2
2026-09-14T08:43:40.989+00:00,ASTER,HL,9.9768,3.1768,1554.35,2.7,1552.8,16.852,1554.64,1552.6,0.0003267100,0.0000062500,582.8,0.3
2026-09-14T08:43:40.989+00:00,ASTER,ENTROPY,9.3327,2.5327,1554.35,2.7,1552.9,0.0674,1554.64,1552.8,0.0003267100,0.0000021366,582.9,0.5
2026-09-14T08:43:41.049+00:00,ASTER,HL,9.9768,3.1768,1554.35,2.7,1552.8,40.197,1554.64,1552.6,0.0003267100,0.0000062500,643.0,0.2
2026-09-14T08:43:41.088+00:00,ASTER,HL,8.1749,1.3749,1554.07,15.72,1552.8,40.197,1554.64,1552.6,0.0003267100,0.0000062500,0.1,39.1
2026-09-14T08:43:41.088+00:00,ASTER,ENTROPY,7.5309,0.7309,1554.07,15.72,1552.9,0.0674,1554.64,1552.8,0.0003267100,0.0000021366,0.1,99.5
2026-09-14T08:43:41.097+00:00,ASTER,HL,8.1749,1.3749,1554.07,15.72,1552.8,40.532,1554.64,1552.6,0.0003267100,0.0000062500,9.0,0.1
2026-09-14T08:43:41.097+00:00,ASTER,ENTROPY,7.5309,0.7309,1554.07,15.72,1552.9,0.0674,1554.64,1552.8,0.0003267100,0.0000021366,9.1,0.2
2026-09-14T08:43:41.208+00:00,ASTER,HL,9.3333,2.5333,1554.25,2.7,1552.8,40.532,1554.64,1552.6,0.0003267100,0.0000062500,0.2,110.8
2026-09-14T08:43:41.208+00:00,ASTER,ENTROPY,8.6892,1.8892,1554.25,2.7,1552.9,0.0674,1554.64,1552.8,0.0003267100,0.0000021366,0.2,110.7
2026-09-14T08:43:41.253+00:00,ASTER,HL,8.1749,1.3749,1554.07,15.72,1552.8,40.532,1554.64,1552.6,0.0003267100,0.0000062500,0.1,156.3
2026-09-14T08:43:41.253+00:00,ASTER,ENTROPY,7.5309,0.7309,1554.07,15.72,1552.9,0.0674,1554.64,1552.8,0.0003267100,0.0000021366,0.1,156.3
2026-09-14T08:43:41.253+00:00,ASTER,HL,8.1749,1.3749,1554.07,7.86,1552.8,40.532,1554.64,1552.6,0.0003267100,0.0000062500,0.2,156.4
2026-09-14T08:43:41.253+00:00,ASTER,ENTROPY,7.5309,0.7309,1554.07,7.86,1552.9,0.0674,1554.64,1552.8,0.0003267100,0.0000021366,0.2,156.4
2026-09-14T08:43:41.253+00:00,ASTER,HL,7.7888,0.9888,1554.01,0.04,1552.8,40.532,1554.64,1552.6,0.0003267100,0.0000062500,0.2,156.4
2026-09-14T08:43:41.253+00:00,ASTER,ENTROPY,7.1448,0.3448,1554.01,0.04,1552.9,0.0674,1554.64,1552.8,0.0003267100,0.0000021366,0.2,156.4
2026-09-14T08:43:41.253+00:00,ASTER,HL,9.7194,2.9194,1554.31,2.7,1552.8,40.532,1554.64,1552.6,0.0003267100,0.0000062500,0.3,156.5
2026-09-14T08:43:41.253+00:00,ASTER,ENTROPY,9.0753,2.2753,1554.31,2.7,1552.9,0.0674,1554.64,1552.8,0.0003267100,0.0000021366,0.3,156.4
2026-09-14T08:43:41.260+00:00,ASTER,HL,9.8481,3.0481,1554.33,2.7,1552.8,40.532,1554.64,1552.6,0.0003267100,0.0000062500,0.1,162.9
2026-09-14T08:43:41.260+00:00,ASTER,ENTROPY,9.2040,2.4040,1554.33,2.7,1552.9,0.0674,1554.64,1552.8,0.0003267100,0.0000021366,0.1,162.9
2026-09-14T08:43:41.260+00:00,ASTER,HL,10.1055,3.3055,1554.37,2.7,1552.8,40.532,1554.64,1552.6,0.0003267100,0.0000062500,0.2,163.0
2026-09-14T08:43:41.260+00:00,ASTER,ENTROPY,9.4614,2.6614,1554.37,2.7,1552.9,0.0674,1554.64,1552.8,0.0003267100,0.0000021366,0.2,163.0
2026-09-14T08:43:41.339+00:00,ASTER,HL,8.6254,1.8254,1554.14,50.86,1552.8,40.532,1554.64,1552.6,0.0003267100,0.0000062500,0.1,242.6
2026-09-14T08:43:41.339+00:00,ASTER,ENTROPY,7.9814,1.1814,1554.14,50.86,1552.9,0.0674,1554.64,1552.8,0.0003267100,0.0000021366,0.1,242.6
2026-09-14T08:43:41.346+00:00,ASTER,HL,10.3629,3.5629,1554.41,2.7,1552.8,40.532,1554.64,1552.6,0.0003267100,0.0000062500,0.2,249.7
2026-09-14T08:43:41.346+00:00,ASTER,ENTROPY,9.7188,2.9188,1554.41,2.7,1552.9,0.0674,1554.64,1552.8,0.0003267100,0.0000021366,0.2,249.6
2026-09-14T08:43:41.419+00:00,ASTER,HL,11.0068,4.2068,1554.41,2.7,1552.7,2.037,1554.64,1552.6,0.0003267100,0.0000062500,73.4,0.3
2026-09-14T08:43:41.419+00:00,ASTER,ENTROPY,8.4313,1.6313,1554.41,2.7,1553.1,0.3076,1554.64,1552.8,0.0003267100,0.0000021366,73.5,0.4
2026-09-14T08:43:41.454+00:00,ASTER,HL,9.2693,2.4693,1554.14,50.86,1552.7,2.037,1554.64,1552.6,0.0003267100,0.0000062500,0.6,34.5
2026-09-14T08:43:41.460+00:00,ASTER,HL,11.0711,4.2711,1554.42,2.7,1552.7,2.037,1554.64,1552.6,0.0003267100,0.0000062500,0.1,40.8
2026-09-14T08:43:41.460+00:00,ASTER,ENTROPY,8.4956,1.6956,1554.42,2.7,1553.1,0.3076,1554.64,1552.8,0.0003267100,0.0000021366,0.1,40.8
2026-09-14T08:43:41.491+00:00,ASTER,HL,11.0711,4.2711,1554.42,2.7,1552.7,5.477,1554.64,1552.6,0.0003267100,0.0000062500,30.3,0.1
2026-09-14T08:43:41.547+00:00,ASTER,HL,10.4273,3.6273,1554.42,2.7,1552.8,28.091,1554.64,1552.6,0.0003267100,0.0000062500,86.8,0.2
2026-09-14T08:43:41.547+00:00,ASTER,ENTROPY,8.4954,1.6954,1554.42,2.7,1553.1,0.3076,1554.64,1553.0,0.0003267100,0.0000021366,86.9,0.3
2026-09-14T08:43:41.601+00:00,ASTER,HL,10.4273,3.6273,1554.42,2.7,1552.8,27.447,1554.64,1552.6,0.0003267100,0.0000062500,140.3,0.2
2026-09-14T08:43:41.689+00:00,ASTER,HL,10.4273,3.6273,1554.42,2.7,1552.8,27.447,1554.64,1552.6,0.0003267100,0.0000062500,229.4,0.3
2026-09-14T08:43:41.690+00:00,ASTER,ENTROPY,8.4954,1.6954,1554.42,2.7,1553.1,0.3076,1554.64,1553.0,0.0003267100,0.0000021366,229.6,0.4
2026-09-14T08:43:41.847+00:00,ASTER,HL,10.4273,3.6273,1554.42,2.7,1552.8,25.714,1554.64,1552.6,0.0003267100,0.0000062500,386.4,0.3
2026-09-14T08:43:41.847+00:00,ASTER,ENTROPY,8.4954,1.6954,1554.42,2.7,1553.1,0.3076,1554.64,1553.0,0.0003267100,0.0000021366,386.5,0.4
2026-09-14T08:43:41.970+00:00,ASTER,HL,10.4273,3.6273,1554.42,2.7,1552.8,23.225,1554.64,1552.6,0.0003267100,0.0000062500,509.9,0.4
2026-09-14T08:43:41.970+00:00,ASTER,ENTROPY,8.4956,1.6956,1554.42,2.7,1553.1,0.3076,1554.64,1552.8,0.0003267100,0.0000021366,510.0,0.5
2026-09-14T08:43:42.018+00:00,ASTER,HL,10.4271,3.6271,1554.42,2.7,1552.8,23.225,1554.64,1552.7,0.0003267100,0.0000062500,557.3,0.2
2026-09-14T08:43:42.018+00:00,ASTER,ENTROPY,9.7832,2.9832,1554.42,2.7,1552.9,0.0966,1554.64,1552.8,0.0003267100,0.0000021493,557.5,0.3
2026-09-14T08:43:42.196+00:00,ASTER,HL,8.6253,1.8253,1554.14,18.06,1552.8,23.225,1554.64,1552.7,0.0003267100,0.0000062500,0.3,178.5
2026-09-14T08:43:42.196+00:00,ASTER,ENTROPY,7.9814,1.1814,1554.14,18.06,1552.9,0.0966,1554.64,1552.8,0.0003267100,0.0000021493,0.3,178.5
2026-09-14T08:43:42.303+00:00,ASTER,HL,9.3332,2.5332,1554.25,2.7,1552.8,23.225,1554.64,1552.7,0.0003267100,0.0000062500,0.2,285.4
2026-09-14T08:43:42.303+00:00,ASTER,ENTROPY,8.6892,1.8892,1554.25,2.7,1552.9,0.0966,1554.64,1552.8,0.0003267100,0.0000021493,0.2,285.4
2026-09-14T08:43:42.340+00:00,ASTER,HL,8.6253,1.8253,1554.14,18.06,1552.8,23.225,1554.64,1552.7,0.0003267100,0.0000062500,0.2,322.5
2026-09-14T08:43:42.340+00:00,ASTER,ENTROPY,7.9814,1.1814,1554.14,18.06,1552.9,0.0966,1554.64,1552.8,0.0003267100,0.0000021493,0.2,322.4
2026-09-14T08:43:42.344+00:00,ASTER,HL,8.6253,1.8253,1554.14,9.03,1552.8,23.225,1554.64,1552.7,0.0003267100,0.0000062500,0.1,326.6
2026-09-14T08:43:42.344+00:00,ASTER,ENTROPY,7.9814,1.1814,1554.14,9.03,1552.9,0.0966,1554.64,1552.8,0.0003267100,0.0000021493,0.1,326.6
2026-09-14T08:43:42.344+00:00,ASTER,HL,7.7887,0.9887,1554.01,0.04,1552.8,23.225,1554.64,1552.7,0.0003267100,0.0000062500,0.2,326.7
2026-09-14T08:43:42.344+00:00,ASTER,ENTROPY,7.1448,0.3448,1554.01,0.04,1552.9,0.0966,1554.64,1552.8,0.0003267100,0.0000021493,0.2,326.7
2026-09-14T08:43:42.344+00:00,ASTER,HL,9.4619,2.6619,1554.27,2.7,1552.8,23.225,1554.64,1552.7,0.0003267100,0.0000062500,0.2,326.8
2026-09-14T08:43:42.344+00:00,ASTER,ENTROPY,8.8179,2.0179,1554.27,2.7,1552.9,0.0966,1554.64,1552.8,0.0003267100,0.0000021493,0.2,326.7
2026-09-14T08:43:42.500+00:00,ASTER,HL,9.4619,2.6619,1554.27,2.7,1552.8,23.328,1554.64,1552.7,0.0003267100,0.0000062500,156.1,0.3
2026-09-14T08:43:42.500+00:00,ASTER,HL,9.4619,2.6619,1554.27,2.7,1552.8,28.862,1554.64,1552.7,0.0003267100,0.0000062500,156.2,0.4
2026-09-14T08:43:42.500+00:00,ASTER,ENTROPY,8.8179,2.0179,1554.27,2.7,1552.9,0.0966,1554.64,1552.8,0.0003267100,0.0000021493,156.3,0.4
2026-09-14T08:43:42.546+00:00,ASTER,HL,8.2392,1.4392,1554.08,2.56,1552.8,28.862,1554.64,1552.7,0.0003267100,0.0000062500,0.1,46.1
2026-09-14T08:43:42.546+00:00,ASTER,ENTROPY,7.5952,0.7952,1554.08,2.56,1552.9,0.0966,1554.64,1552.8,0.0003267100,0.0000021493,0.1,46.1
2026-09-14T08:43:42.555+00:00,ASTER,HL,9.6549,2.8549,1554.3,2.7,1552.8,28.862,1554.64,1552.7,0.0003267100,0.0000062500,0.1,55.5
2026-09-14T08:43:42.555+00:00,ASTER,ENTROPY,9.0110,2.2110,1554.3,2.7,1552.9,0.0966,1554.64,1552.8,0.0003267100,0.0000021493,0.1,55.5
2026-09-14T08:43:42.740+00:00,ASTER,HL,8.2392,1.4392,1554.08,2.56,1552.8,28.862,1554.64,1552.7,0.0003267100,0.0000062500,0.2,239.5
2026-09-14T08:43:42.740+00:00,ASTER,ENTROPY,7.5952,0.7952,1554.08,2.56,1552.9,0.0966,1554.64,1552.8,0.0003267100,0.0000021493,0.2,239.5
2026-09-14T08:43:42.748+00:00,ASTER,HL,8.2392,1.4392,1554.08,1.28,1552.8,28.862,1554.64,1552.7,0.0003267100,0.0000062500,0.2,248.0
2026-09-14T08:43:42.748+00:00,ASTER,ENTROPY,7.5952,0.7952,1554.08,1.28,1552.9,0.0966,1554.64,1552.8,0.0003267100,0.0000021493,0.2,248.0
2026-09-14T08:43:42.748+00:00,ASTER,HL,7.9817,1.1817,1554.04,16.4,1552.8,28.862,1554.64,1552.7,0.0003267100,0.0000062500,0.3,248.2
2026-09-14T08:43:42.748+00:00,ASTER,ENTROPY,7.3378,0.5378,1554.04,16.4,1552.9,0.0966,1554.64,1552.8,0.0003267100,0.0000021493,0.3,248.2
2026-09-14T08:43:42.748+00:00,ASTER,HL,7.7887,0.9887,1554.01,0.04,1552.8,28.862,1554.64,1552.7,0.0003267100,0.0000062500,0.4,248.2
2026-09-14T08:43:42.748+00:00,ASTER,ENTROPY,7.1448,0.3448,1554.01,0.04,1552.9,0.0966,1554.64,1552.8,0.0003267100,0.0000021493,0.4,248.2
2026-09-14T08:43:42.755+00:00,ASTER,HL,8.3035,1.5035,1554.09,3.24,1552.8,28.862,1554.64,1552.7,0.0003267100,0.0000062500,0.1,255.1
2026-09-14T08:43:42.755+00:00,ASTER,ENTROPY,7.6596,0.8596,1554.09,3.24,1552.9,0.0966,1554.64,1552.8,0.0003267100,0.0000021493,0.1,255.1
2026-09-14T08:43:42.755+00:00,ASTER,HL,9.7193,2.9193,1554.31,2.7,1552.8,28.862,1554.64,1552.7,0.0003267100,0.0000062500,0.2,255.2
2026-09-14T08:43:42.755+00:00,ASTER,ENTROPY,9.0753,2.2753,1554.31,2.7,1552.9,0.0966,1554.64,1552.8,0.0003267100,0.0000021493,0.2,255.2
2026-09-14T08:43:42.795+00:00,ASTER,HL,8.3035,1.5035,1554.09,3.24,1552.8,28.862,1554.64,1552.7,0.0003267100,0.0000062500,0.2,295.7
2026-09-14T08:43:42.795+00:00,ASTER,ENTROPY,7.6596,0.8596,1554.09,3.24,1552.9,0.0966,1554.64,1552.8,0.0003267100,0.0000021493,0.2,295.7
2026-09-14T08:43:42.795+00:00,ASTER,HL,8.3035,1.5035,1554.09,6.48,1552.8,28.862,1554.64,1552.7,0.0003267100,0.0000062500,0.3,295.9
2026-09-14T08:43:42.795+00:00,ASTER,ENTROPY,7.6596,0.8596,1554.09,6.48,1552.9,0.0966,1554.64,1552.8,0.0003267100,0.0000021493,0.3,295.8
2026-09-14T08:43:42.796+00:00,ASTER,HL,9.8480,3.0480,1554.33,2.7,1552.8,28.862,1554.64,1552.7,0.0003267100,0.0000062500,0.4,295.9
2026-09-14T08:43:42.796+00:00,ASTER,ENTROPY,9.2040,2.4040,1554.33,2.7,1552.9,0.0966,1554.64,1552.8,0.0003267100,0.0000021493,0.4,295.9
2026-09-14T08:43:42.900+00:00,ASTER,HL,8.3035,1.5035,1554.09,6.48,1552.8,28.862,1554.64,1552.7,0.0003267100,0.0000062500,0.2,400.2
2026-09-14T08:43:42.900+00:00,ASTER,ENTROPY,7.6596,0.8596,1554.09,6.48,1552.9,0.0966,1554.64,1552.8,0.0003267100,0.0000021493,0.2,400.2
2026-09-14T08:43:42.906+00:00,ASTER,HL,9.9123,3.1123,1554.34,2.7,1552.8,28.862,1554.64,1552.7,0.0003267100,0.0000062500,0.1,406.1
2026-09-14T08:43:42.906+00:00,ASTER,ENTROPY,9.2684,2.4684,1554.34,2.7,1552.9,0.0966,1554.64,1552.8,0.0003267100,0.0000021493,0.1,406.1
2026-09-14T08:43:42.911+00:00,ASTER,HL,10.5563,3.7563,1554.34,2.7,1552.7,8.106,1554.64,1552.6,0.0003267100,0.0000062500,5.8,0.2
2026-09-14T08:43:42.912+00:00,ASTER,HL,10.5563,3.7563,1554.34,2.7,1552.7,15.419,1554.64,1552.6,0.0003267100,0.0000062500,5.9,0.2
2026-09-14T08:43:42.912+00:00,ASTER,HL,10.5563,3.7563,1554.34,2.7,1552.7,15.419,1554.64,1552.6,0.0003267100,0.0000062500,6.0,0.3
2026-09-14T08:43:42.912+00:00,ASTER,HL,10.5563,3.7563,1554.34,2.7,1552.7,15.419,1554.64,1552.6,0.0003267100,0.0000062500,6.0,0.3
2026-09-14T08:43:43.001+00:00,ASTER,HL,8.9475,2.1475,1554.09,6.48,1552.7,15.419,1554.64,1552.6,0.0003267100,0.0000062500,0.2,90.2
2026-09-14T08:43:43.001+00:00,ASTER,ENTROPY,7.6596,0.8596,1554.09,6.48,1552.9,0.0966,1554.64,1552.8,0.0003267100,0.0000021493,0.2,501.9
2026-09-14T08:43:43.010+00:00,ASTER,HL,10.7494,3.9494,1554.37,2.7,1552.7,15.419,1554.64,1552.6,0.0003267100,0.0000062500,0.1,99.4
2026-09-14T08:43:43.010+00:00,ASTER,ENTROPY,9.4614,2.6614,1554.37,2.7,1552.9,0.0966,1554.64,1552.8,0.0003267100,0.0000021493,0.1,511.1
2026-09-14T08:43:43.041+00:00,ASTER,HL,8.9475,2.1475,1554.09,6.48,1552.7,15.419,1554.64,1552.6,0.0003267100,0.0000062500,0.2,130.5
2026-09-14T08:43:43.041+00:00,ASTER,ENTROPY,7.6596,0.8596,1554.09,6.48,1552.9,0.0966,1554.64,1552.8,0.0003267100,0.0000021493,0.2,542.2
2026-09-14T08:43:43.052+00:00,ASTER,HL,8.9475,2.1475,1554.09,3.24,1552.7,15.419,1554.64,1552.6,0.0003267100,0.0000062500,0.2,140.8
2026-09-14T08:43:43.052+00:00,ASTER,ENTROPY,7.6596,0.8596,1554.09,3.24,1552.9,0.0966,1554.64,1552.8,0.0003267100,0.0000021493,0.2,552.4
2026-09-14T08:43:43.052+00:00,ASTER,HL,8.8831,2.0831,1554.08,16.4,1552.7,15.419,1554.64,1552.6,0.0003267100,0.0000062500,0.3,140.9
2026-09-14T08:43:43.052+00:00,ASTER,ENTROPY,7.5952,0.7952,1554.08,16.4,1552.9,0.0966,1554.64,1552.8,0.0003267100,0.0000021493,0.3,552.6
2026-09-14T08:43:43.052+00:00,ASTER,HL,8.4326,1.6326,1554.01,0.04,1552.7,15.419,1554.64,1552.6,0.0003267100,0.0000062500,0.3,140.9
2026-09-14T08:43:43.052+00:00,ASTER,ENTROPY,7.1448,0.3448,1554.01,0.04,1552.9,0.0966,1554.64,1552.8,0.0003267100,0.0000021493,0.3,552.6
2026-09-14T08:43:43.052+00:00,ASTER,HL,10.8781,4.0781,1554.39,2.7,1552.7,15.419,1554.64,1552.6,0.0003267100,0.0000062500,0.3,141.0
2026-09-14T08:43:43.052+00:00,ASTER,ENTROPY,9.5901,2.7901,1554.39,2.7,1552.9,0.0966,1554.64,1552.8,0.0003267100,0.0000021493,0.3,552.6
2026-09-14T08:43:43.053+00:00,ASTER,HL,10.8781,4.0781,1554.39,2.7,1552.7,15.27,1554.64,1552.6,0.0003267100,0.0000062500,2.0,0.1
2026-09-14T08:43:43.101+00:00,ASTER,HL,10.8781,4.0781,1554.39,2.7,1552.7,15.27,1554.64,1552.6,0.0003267100,0.0000062500,49.3,0.2
2026-09-14T08:43:43.209+00:00,ASTER,HL,10.8781,4.0781,1554.39,2.7,1552.7,7.957,1554.64,1552.6,0.0003267100,0.0000062500,157.4,0.3
2026-09-14T08:43:43.209+00:00,ASTER,ENTROPY,9.5901,2.7901,1554.39,2.7,1552.9,0.0966,1554.64,1552.8,0.0003267100,0.0000021493,157.7,0.6
2026-09-14T08:43:43.311+00:00,ASTER,ENTROPY,9.5901,2.7901,1554.39,2.7,1552.9,0.0966,1554.64,1552.8,0.0003267100,0.0000021493,259.5,0.3
2026-09-14T08:43:43.311+00:00,ASTER,HL,10.8781,4.0781,1554.39,2.7,1552.7,7.313,1554.64,1552.6,0.0003267100,0.0000062500,259.7,0.4
2026-09-14T08:43:43.406+00:00,ASTER,HL,10.8781,4.0781,1554.39,2.7,1552.7,7.313,1554.64,1552.6,0.0003267100,0.0000062500,354.9,0.2
2026-09-14T08:43:43.601+00:00,ASTER,HL,10.8781,4.0781,1554.39,2.7,1552.7,7.313,1554.64,1552.6,0.0003267100,0.0000062500,548.9,0.4
2026-09-14T08:43:43.744+00:00,ASTER,HL,10.8778,4.0778,1554.39,2.7,1552.7,7.313,1554.78,1552.6,0.0003267100,0.0000062500,0.2,143.4
2026-09-14T08:43:43.744+00:00,ASTER,ENTROPY,9.5899,2.7899,1554.39,2.7,1552.9,0.0966,1554.78,1552.8,0.0003267100,0.0000021493,0.2,432.6
2026-09-14T08:43:43.744+00:00,ASTER,HL,9.2691,2.4691,1554.14,50.9,1552.7,7.313,1554.78,1552.6,0.0003267100,0.0000062500,0.3,143.5
2026-09-14T08:43:43.744+00:00,ASTER,ENTROPY,7.9812,1.1812,1554.14,50.9,1552.9,0.0966,1554.78,1552.8,0.0003267100,0.0000021493,0.3,432.7
2026-09-14T08:43:43.771+00:00,ASTER,HL,9.2691,2.4691,1554.14,50.9,1552.7,7.313,1554.78,1552.6,0.0003267100,0.0000062500,0.1,170.5
2026-09-14T08:43:43.771+00:00,ASTER,ENTROPY,7.9812,1.1812,1554.14,50.9,1552.9,0.0966,1554.78,1552.8,0.0003267100,0.0000021493,0.1,459.7
2026-09-14T08:43:43.771+00:00,ASTER,HL,9.2691,2.4691,1554.14,34.5,1552.7,7.313,1554.78,1552.6,0.0003267100,0.0000062500,0.2,170.6
2026-09-14T08:43:43.771+00:00,ASTER,ENTROPY,7.9812,1.1812,1554.14,34.5,1552.9,0.0966,1554.78,1552.8,0.0003267100,0.0000021493,0.2,459.8
2026-09-14T08:43:43.771+00:00,ASTER,HL,9.2691,2.4691,1554.14,25.45,1552.7,7.313,1554.78,1552.6,0.0003267100,0.0000062500,0.3,170.6
2026-09-14T08:43:43.771+00:00,ASTER,ENTROPY,7.9812,1.1812,1554.14,25.45,1552.9,0.0966,1554.78,1552.8,0.0003267100,0.0000021493,0.3,459.8
2026-09-14T08:43:43.771+00:00,ASTER,HL,9.2687,2.4687,1554.14,25.45,1552.7,7.313,1555.0,1552.6,0.0003267100,0.0000062500,0.3,170.7
2026-09-14T08:43:43.771+00:00,ASTER,ENTROPY,7.9809,1.1809,1554.14,25.45,1552.9,0.0966,1555.0,1552.8,0.0003267100,0.0000021493,0.3,459.9
2026-09-14T08:43:43.771+00:00,ASTER,HL,9.2687,2.4687,1554.14,16.4,1552.7,7.313,1555.0,1552.6,0.0003267100,0.0000062500,0.3,170.7
2026-09-14T08:43:43.771+00:00,ASTER,ENTROPY,7.9809,1.1809,1554.14,16.4,1552.9,0.0966,1555.0,1552.8,0.0003267100,0.0000021493,0.3,459.9
2026-09-14T08:43:43.771+00:00,ASTER,HL,8.4322,1.6322,1554.01,0.04,1552.7,7.313,1555.0,1552.6,0.0003267100,0.0000062500,0.3,170.7
2026-09-14T08:43:43.771+00:00,ASTER,ENTROPY,7.1443,0.3443,1554.01,0.04,1552.9,0.0966,1555.0,1552.8,0.0003267100,0.0000021493,0.3,459.9
2026-09-14T08:43:43.771+00:00,ASTER,HL,10.9418,4.1418,1554.4,0.23,1552.7,7.313,1555.0,1552.6,0.0003267100,0.0000062500,0.3,170.7
2026-09-14T08:43:43.771+00:00,ASTER,ENTROPY,9.6539,2.8539,1554.4,0.23,1552.9,0.0966,1555.0,1552.8,0.0003267100,0.0000021493,0.3,459.9
2026-09-14T08:43:43.771+00:00,ASTER,HL,10.9418,4.1418,1554.4,0.27,1552.7,7.313,1555.0,1552.6,0.0003267100,0.0000062500,0.4,170.8
2026-09-14T08:43:43.771+00:00,ASTER,ENTROPY,9.6539,2.8539,1554.4,0.27,1552.9,0.0966,1555.0,1552.8,0.0003267100,0.0000021493,0.4,460.0
2026-09-14T08:43:43.771+00:00,ASTER,HL,11.1992,4.3992,1554.44,2.7,1552.7,7.313,1555.0,1552.6,0.0003267100,0.0000062500,0.4,170.8
2026-09-14T08:43:43.771+00:00,ASTER,ENTROPY,9.9113,3.1113,1554.44,2.7,1552.9,0.0966,1555.0,1552.8,0.0003267100,0.0000021493,0.4,460.0
2026-09-14T08:43:43.771+00:00,ASTER,HL,11.2635,4.4635,1554.45,2.7,1552.7,7.313,1555.0,1552.6,0.0003267100,0.0000062500,0.4,170.8
2026-09-14T08:43:43.771+00:00,ASTER,ENTROPY,9.9756,3.1756,1554.45,2.7,1552.9,0.0966,1555.0,1552.8,0.0003267100,0.0000021493,0.4,460.0
2026-09-14T08:43:43.772+00:00,ASTER,HL,11.3279,4.5279,1554.46,4.44,1552.7,7.313,1555.0,1552.6,0.0003267100,0.0000062500,1.1,171.5
2026-09-14T08:43:43.772+00:00,ASTER,ENTROPY,10.0400,3.2400,1554.46,4.44,1552.9,0.0966,1555.0,1552.8,0.0003267100,0.0000021493,1.1,460.7
2026-09-14T08:43:43.772+00:00,ASTER,HL,11.3279,4.5279,1554.46,20.84,1552.7,7.313,1555.0,1552.6,0.0003267100,0.0000062500,1.1,171.6
2026-09-14T08:43:43.772+00:00,ASTER,ENTROPY,10.0400,3.2400,1554.46,20.84,1552.9,0.0966,1555.0,1552.8,0.0003267100,0.0000021493,1.1,460.8
2026-09-14T08:43:43.809+00:00,ASTER,HL,11.3279,4.5279,1554.46,24.53,1552.7,7.313,1555.0,1552.6,0.0003267100,0.0000062500,0.1,209.3
2026-09-14T08:43:43.809+00:00,ASTER,ENTROPY,10.0400,3.2400,1554.46,24.53,1552.9,0.0966,1555.0,1552.8,0.0003267100,0.0000021493,0.1,498.5
2026-09-14T08:43:43.809+00:00,ASTER,HL,11.3279,4.5279,1554.46,40.93,1552.7,7.313,1555.0,1552.6,0.0003267100,0.0000062500,0.2,209.4
2026-09-14T08:43:43.809+00:00,ASTER,ENTROPY,10.0400,3.2400,1554.46,40.93,1552.9,0.0966,1555.0,1552.8,0.0003267100,0.0000021493,0.2,498.6
2026-09-14T08:43:43.809+00:00,ASTER,HL,12.4860,5.6860,1554.64,0.64,1552.7,7.313,1555.0,1552.6,0.0003267100,0.0000062500,0.2,209.4
2026-09-14T08:43:43.809+00:00,ASTER,ENTROPY,11.1981,4.3981,1554.64,0.64,1552.9,0.0966,1555.0,1552.8,0.0003267100,0.0000021493,0.2,498.6
2026-09-14T08:43:43.949+00:00,ASTER,HL,13.1938,6.3938,1554.75,2.7,1552.7,7.313,1555.0,1552.6,0.0003267100,0.0000062500,0.2,348.6
2026-09-14T08:43:43.949+00:00,ASTER,ENTROPY,11.9058,5.1058,1554.75,2.7,1552.9,0.0966,1555.0,1552.8,0.0003267100,0.0000021493,0.2,637.8
2026-09-14T08:43:43.996+00:00,ASTER,HL,12.4860,5.6860,1554.64,0.64,1552.7,7.313,1555.0,1552.6,0.0003267100,0.0000062500,0.1,395.4
2026-09-14T08:43:43.996+00:00,ASTER,ENTROPY,11.1981,4.3981,1554.64,0.64,1552.9,0.0966,1555.0,1552.8,0.0003267100,0.0000021493,0.1,684.6
2026-09-14T08:43:44.011+00:00,ASTER,HL,13.5155,6.7155,1554.8,2.7,1552.7,7.313,1555.0,1552.6,0.0003267100,0.0000062500,0.1,411.0
2026-09-14T08:43:44.011+00:00,ASTER,ENTROPY,12.2275,5.4275,1554.8,2.7,1552.9,0.0966,1555.0,1552.8,0.0003267100,0.0000021493,0.1,700.2
2026-09-14T08:43:44.105+00:00,ASTER,HL,10.9402,4.1402,1554.8,2.7,1553.1,1.0,1555.0,1552.7,0.0003267100,0.0000062500,93.8,0.2
2026-09-14T08:43:44.135+00:00,ASTER,HL,10.9397,4.1397,1554.8,2.7,1553.1,1.0,1555.0,1553.0,0.0003267100,0.0000062500,124.1,0.2
2026-09-14T08:43:44.199+00:00,ASTER,HL,9.9103,3.1103,1554.64,0.64,1553.1,1.0,1555.0,1553.0,0.0003267100,0.0000062500,0.3,63.4
2026-09-14T08:43:44.199+00:00,ASTER,ENTROPY,11.1981,4.3981,1554.64,0.64,1552.9,0.0966,1555.0,1552.8,0.0003267100,0.0000021493,0.3,887.4
2026-09-14T08:43:44.209+00:00,ASTER,HL,11.1970,4.3970,1554.84,2.7,1553.1,1.0,1555.0,1553.0,0.0003267100,0.0000062500,0.1,73.7
2026-09-14T08:43:44.209+00:00,ASTER,ENTROPY,12.4848,5.6848,1554.84,2.7,1552.9,0.0966,1555.0,1552.8,0.0003267100,0.0000021493,0.1,897.6
2026-09-14T08:43:44.214+00:00,ASTER,HL,11.7117,4.9117,1554.92,2.7,1553.1,1.0,1555.0,1553.0,0.0003267100,0.0000062500,0.1,79.0
2026-09-14T08:43:44.214+00:00,ASTER,ENTROPY,12.9995,6.1995,1554.92,2.7,1552.9,0.0966,1555.0,1552.8,0.0003267100,0.0000021493,0.1,902.9
2026-09-14T08:43:44.221+00:00,ASTER,HL,11.7111,4.9111,1554.92,2.7,1553.1,1.0,1555.31,1553.0,0.0003267100,0.0000062500,0.2,85.5
2026-09-14T08:43:44.221+00:00,ASTER,ENTROPY,12.9989,6.1989,1554.92,2.7,1552.9,0.0966,1555.31,1552.8,0.0003267100,0.0000021493,0.2,909.5
2026-09-14T08:43:44.225+00:00,ASTER,HL,11.7111,4.9111,1554.92,2.7,1553.1,1.0,1555.31,1553.0,0.0003267100,0.0000062500,4.9,0.1
2026-09-14T08:43:44.316+00:00,ASTER,HL,11.7111,4.9111,1554.92,2.7,1553.1,1.0,1555.31,1553.0,0.0003267100,0.0000062500,95.6,0.2
2026-09-14T08:43:44.351+00:00,ASTER,HL,10.4238,3.6238,1554.92,2.7,1553.3,21.674,1555.31,1553.0,0.0003267100,0.0000062500,130.4,0.2
2026-09-14T08:43:44.351+00:00,ASTER,ENTROPY,10.4242,3.6242,1554.92,2.7,1553.3,0.0597,1555.31,1552.8,0.0003267100,0.0000021493,130.5,0.3
2026-09-14T08:43:44.397+00:00,ASTER,HL,10.4235,3.6235,1554.92,2.7,1553.3,21.674,1555.31,1553.2,0.0003267100,0.0000062500,176.7,0.2
2026-09-14T08:43:44.493+00:00,ASTER,HL,9.7799,2.9799,1554.92,2.7,1553.4,18.492,1555.31,1553.2,0.0003267100,0.0000062500,272.4,0.3
2026-09-14T08:43:44.493+00:00,ASTER,ENTROPY,10.4235,3.6235,1554.92,2.7,1553.3,0.0597,1555.31,1553.2,0.0003267100,0.0000021493,272.6,0.4
2026-09-14T08:43:44.605+00:00,ASTER,HL,9.7797,2.9797,1554.92,2.7,1553.4,18.894,1555.31,1553.3,0.0003267100,0.0000062500,384.5,0.2
2026-09-14T08:43:44.629+00:00,ASTER,HL,9.7797,2.9797,1554.92,2.7,1553.4,18.894,1555.31,1553.3,0.0003267100,0.0000062500,408.5,0.2
2026-09-14T08:43:44.629+00:00,ASTER,ENTROPY,10.4235,3.6235,1554.92,2.7,1553.3,0.0597,1555.31,1553.2,0.0003267100,0.0000021493,408.6,0.3
2026-09-14T08:43:44.681+00:00,ASTER,HL,9.7797,2.9797,1554.92,2.7,1553.4,18.894,1555.31,1553.3,0.0003267100,0.0000062500,460.6,0.3
2026-09-14T08:43:44.681+00:00,ASTER,ENTROPY,10.4235,3.6235,1554.92,2.7,1553.3,0.0597,1555.31,1553.2,0.0003267100,0.0000021493,460.7,0.4
2026-09-14T08:43:44.702+00:00,ASTER,HL,9.7797,2.9797,1554.92,9.08,1553.4,18.894,1555.31,1553.3,0.0003267100,0.0000062500,0.1,21.1
2026-09-14T08:43:44.702+00:00,ASTER,ENTROPY,10.4235,3.6235,1554.92,9.08,1553.3,0.0597,1555.31,1553.2,0.0003267100,0.0000021493,0.1,21.1
2026-09-14T08:43:44.740+00:00,ASTER,HL,9.7797,2.9797,1554.92,9.08,1553.4,18.894,1555.31,1553.3,0.0003267100,0.0000062500,37.5,0.2
2026-09-14T08:43:44.740+00:00,ASTER,ENTROPY,9.1363,2.3363,1554.92,9.08,1553.5,0.2104,1555.31,1553.2,0.0003267100,0.0000021493,37.6,0.3
2026-09-14T08:43:44.744+00:00,ASTER,HL,9.7797,2.9797,1554.92,6.38,1553.4,18.894,1555.31,1553.3,0.0003267100,0.0000062500,0.1,4.3
2026-09-14T08:43:44.744+00:00,ASTER,ENTROPY,9.1363,2.3363,1554.92,6.38,1553.5,0.2104,1555.31,1553.2,0.0003267100,0.0000021493,0.1,4.2
2026-09-14T08:43:44.749+00:00,ASTER,HL,9.7798,2.9798,1554.92,6.38,1553.4,18.894,1555.29,1553.3,0.0003267100,0.0000062500,0.1,9.8
2026-09-14T08:43:44.749+00:00,ASTER,ENTROPY,9.1364,2.3364,1554.92,6.38,1553.5,0.2104,1555.29,1553.2,0.0003267100,0.0000021493,0.1,9.7
2026-09-14T08:43:44.795+00:00,ASTER,HL,8.4932,1.6932,1554.72,1.27,1553.4,18.894,1555.29,1553.3,0.0003267100,0.0000062500,0.2,56.1
2026-09-14T08:43:44.795+00:00,ASTER,ENTROPY,7.8498,1.0498,1554.72,1.27,1553.5,0.2104,1555.29,1553.2,0.0003267100,0.0000021493,0.2,56.0
2026-09-14T08:43:44.808+00:00,ASTER,HL,8.4932,1.6932,1554.72,1.27,1553.4,20.504,1555.29,1553.3,0.0003267100,0.0000062500,13.1,0.2
2026-09-14T08:43:44.808+00:00,ASTER,ENTROPY,7.8498,1.0498,1554.72,1.27,1553.5,0.2104,1555.29,1553.2,0.0003267100,0.0000021493,13.2,0.2
2026-09-14T08:43:44.820+00:00,ASTER,HL,8.4933,1.6933,1554.72,1.27,1553.4,20.504,1555.28,1553.3,0.0003267100,0.0000062500,0.1,11.8
2026-09-14T08:43:44.820+00:00,ASTER,ENTROPY,7.8498,1.0498,1554.72,1.27,1553.5,0.2104,1555.28,1553.2,0.0003267100,0.0000021493,0.1,11.8
2026-09-14T08:43:44.820+00:00,ASTER,HL,8.4933,1.6933,1554.72,1.27,1553.4,20.504,1555.28,1553.3,0.0003267100,0.0000062500,0.2,11.9
2026-09-14T08:43:44.820+00:00,ASTER,ENTROPY,7.8498,1.0498,1554.72,1.27,1553.5,0.2104,1555.28,1553.2,0.0003267100,0.0000021493,0.2,11.9
2026-09-14T08:43:44.821+00:00,ASTER,HL,9.2009,2.4009,1554.83,2.7,1553.4,20.504,1555.28,1553.3,0.0003267100,0.0000062500,0.9,12.6
2026-09-14T08:43:44.821+00:00,ASTER,ENTROPY,8.5574,1.7574,1554.83,2.7,1553.5,0.2104,1555.28,1553.2,0.0003267100,0.0000021493,0.9,12.6
2026-09-14T08:43:44.855+00:00,ASTER,HL,8.4933,1.6933,1554.72,1.27,1553.4,20.504,1555.28,1553.3,0.0003267100,0.0000062500,0.1,46.8
2026-09-14T08:43:44.855+00:00,ASTER,ENTROPY,7.8498,1.0498,1554.72,1.27,1553.5,0.2104,1555.28,1553.2,0.0003267100,0.0000021493,0.1,46.8
2026-09-14T08:43:44.862+00:00,ASTER,HL,9.7798,2.9798,1554.92,6.38,1553.4,20.504,1555.28,1553.3,0.0003267100,0.0000062500,0.1,53.8
2026-09-14T08:43:44.862+00:00,ASTER,ENTROPY,9.1364,2.3364,1554.92,6.38,1553.5,0.2104,1555.28,1553.2,0.0003267100,0.0000021493,0.1,53.8
2026-09-14T08:43:44.894+00:00,ASTER,HL,9.7798,2.9798,1554.92,6.38,1553.4,22.121,1555.28,1553.3,0.0003267100,0.0000062500,33.0,0.2
2026-09-14T08:43:44.894+00:00,ASTER,ENTROPY,9.1364,2.3364,1554.92,6.38,1553.5,0.2337,1555.28,1553.2,0.0003267100,0.0000021493,33.1,0.3
2026-09-14T08:43:44.901+00:00,ASTER,HL,9.7798,2.9798,1554.92,6.38,1553.4,22.121,1555.27,1553.3,0.0003267100,0.0000062500,0.1,6.0
2026-09-14T08:43:44.901+00:00,ASTER,ENTROPY,9.1364,2.3364,1554.92,6.38,1553.5,0.2337,1555.27,1553.2,0.0003267100,0.0000021493,0.1,6.0
2026-09-14T08:43:44.963+00:00,ASTER,HL,10.1658,3.3658,1554.98,6.38,1553.4,22.121,1555.27,1553.3,0.0003267100,0.0000062500,0.2,68.9
2026-09-14T08:43:44.963+00:00,ASTER,ENTROPY,9.5224,2.7224,1554.98,6.38,1553.5,0.2337,1555.27,1553.2,0.0003267100,0.0000021493,0.2,68.9
2026-09-14T08:43:45.012+00:00,ASTER,HL,10.2944,3.4944,1555.0,6.38,1553.4,22.121,1555.27,1553.3,0.0003267100,0.0000062500,0.7,117.0
2026-09-14T08:43:45.012+00:00,ASTER,ENTROPY,9.6510,2.8510,1555.0,6.38,1553.5,0.2337,1555.27,1553.2,0.0003267100,0.0000021493,0.7,117.0
2026-09-14T08:43:45.082+00:00,ASTER,HL,10.2946,3.4946,1555.0,6.38,1553.4,21.155,1555.27,1553.2,0.0003267100,0.0000062500,71.3,0.3
2026-09-14T08:43:45.089+00:00,ASTER,HL,10.2946,3.4946,1555.0,6.38,1553.4,21.155,1555.28,1553.2,0.0003267100,0.0000062500,0.1,7.6
2026-09-14T08:43:45.089+00:00,ASTER,ENTROPY,9.6510,2.8510,1555.0,6.38,1553.5,0.2337,1555.28,1553.2,0.0003267100,0.0000021493,0.1,195.0
2026-09-14T08:43:45.137+00:00,ASTER,HL,10.9381,4.1381,1555.0,6.38,1553.3,7.313,1555.28,1553.2,0.0003267100,0.0000062500,47.9,0.2
2026-09-14T08:43:45.152+00:00,ASTER,HL,10.9381,4.1381,1555.0,6.38,1553.3,7.347,1555.28,1553.2,0.0003267100,0.0000062500,62.2,0.2
2026-09-14T08:43:45.152+00:00,ASTER,HL,10.9382,4.1382,1555.0,6.38,1553.3,7.347,1555.26,1553.2,0.0003267100,0.0000062500,0.3,0.3
2026-09-14T08:43:45.152+00:00,ASTER,ENTROPY,9.6510,2.8510,1555.0,6.38,1553.5,0.2337,1555.26,1553.2,0.0003267100,0.0000021493,0.3,257.1
2026-09-14T08:43:45.252+00:00,ASTER,HL,10.9382,4.1382,1555.0,6.38,1553.3,7.347,1555.25,1553.2,0.0003267100,0.0000062500,0.2,100.4
2026-09-14T08:43:45.252+00:00,ASTER,ENTROPY,9.6510,2.8510,1555.0,6.38,1553.5,0.2337,1555.25,1553.2,0.0003267100,0.0000021493,0.2,357.2
2026-09-14T08:43:45.252+00:00,ASTER,HL,10.9382,4.1382,1555.0,6.38,1553.3,7.347,1555.25,1553.2,0.0003267100,0.0000062500,0.3,100.6
2026-09-14T08:43:45.252+00:00,ASTER,ENTROPY,9.6510,2.8510,1555.0,6.38,1553.5,0.2337,1555.25,1553.2,0.0003267100,0.0000021493,0.3,357.4
2026-09-14T08:43:45.252+00:00,ASTER,HL,10.9382,4.1382,1555.0,6.38,1553.3,7.347,1555.25,1553.2,0.0003267100,0.0000062500,0.4,100.6
2026-09-14T08:43:45.252+00:00,ASTER,ENTROPY,9.6510,2.8510,1555.0,6.38,1553.5,0.2337,1555.25,1553.2,0.0003267100,0.0000021493,0.4,357.4
2026-09-14T08:43:45.252+00:00,ASTER,HL,10.9382,4.1382,1555.0,6.38,1553.3,7.347,1555.25,1553.2,0.0003267100,0.0000062500,0.4,100.6
2026-09-14T08:43:45.252+00:00,ASTER,ENTROPY,9.6510,2.8510,1555.0,6.38,1553.5,0.2337,1555.25,1553.2,0.0003267100,0.0000021493,0.4,357.4
2026-09-14T08:43:45.256+00:00,ASTER,HL,10.9382,4.1382,1555.0,6.38,1553.3,8.784,1555.25,1553.2,0.0003267100,0.0000062500,4.0,0.1
2026-09-14T08:43:45.290+00:00,ASTER,HL,10.9382,4.1382,1555.0,6.38,1553.3,9.577,1555.25,1553.2,0.0003267100,0.0000062500,39.1,0.2
2026-09-14T08:43:45.343+00:00,ASTER,HL,10.9382,4.1382,1555.0,6.38,1553.3,31.312,1555.25,1553.2,0.0003267100,0.0000062500,91.6,0.2
2026-09-14T08:43:45.343+00:00,ASTER,ENTROPY,9.6510,2.8510,1555.0,6.38,1553.5,0.2337,1555.25,1553.2,0.0003267100,0.0000021493,91.7,0.3
2026-09-14T08:43:45.442+00:00,ASTER,HL,10.8095,4.0095,1554.98,6.38,1553.3,31.312,1555.25,1553.2,0.0003267100,0.0000062500,0.2,99.1
2026-09-14T08:43:45.442+00:00,ASTER,ENTROPY,9.5224,2.7224,1554.98,6.38,1553.5,0.2337,1555.25,1553.2,0.0003267100,0.0000021493,0.2,99.1
2026-09-14T08:43:45.442+00:00,ASTER,HL,10.4236,3.6236,1554.92,6.38,1553.3,31.312,1555.25,1553.2,0.0003267100,0.0000062500,0.3,99.3
2026-09-14T08:43:45.442+00:00,ASTER,ENTROPY,9.1364,2.3364,1554.92,6.38,1553.5,0.2337,1555.25,1553.2,0.0003267100,0.0000021493,0.3,99.2
2026-09-14T08:43:45.442+00:00,ASTER,HL,9.2013,2.4013,1554.73,2.7,1553.3,31.312,1555.25,1553.2,0.0003267100,0.0000062500,0.4,99.3
2026-09-14T08:43:45.442+00:00,ASTER,ENTROPY,7.9142,1.1142,1554.73,2.7,1553.5,0.2337,1555.25,1553.2,0.0003267100,0.0000021493,0.4,99.3
2026-09-14T08:43:45.442+00:00,ASTER,HL,9.2013,2.4013,1554.73,2.7,1553.3,31.312,1555.25,1553.2,0.0003267100,0.0000062500,0.4,99.3
2026-09-14T08:43:45.442+00:00,ASTER,ENTROPY,7.9142,1.1142,1554.73,2.7,1553.5,0.2337,1555.25,1553.2,0.0003267100,0.0000021493,0.4,99.3
2026-09-14T08:43:45.447+00:00,ASTER,HL,9.2013,2.4013,1554.73,2.7,1553.3,31.312,1555.25,1553.2,0.0003267100,0.0000062500,0.2,103.9
2026-09-14T08:43:45.447+00:00,ASTER,ENTROPY,7.9142,1.1142,1554.73,2.7,1553.5,0.2337,1555.25,1553.2,0.0003267100,0.0000021493,0.2,103.9
2026-09-14T08:43:45.485+00:00,ASTER,HL,9.2013,2.4013,1554.73,2.7,1553.3,32.588,1555.25,1553.2,0.0003267100,0.0000062500,38.2,0.3
2026-09-14T08:43:45.485+00:00,ASTER,ENTROPY,7.9142,1.1142,1554.73,2.7,1553.5,0.2337,1555.25,1553.2,0.0003267100,0.0000021493,38.4,0.4
2026-09-14T08:43:45.507+00:00,ASTER,HL,8.6867,1.8867,1554.65,0.04,1553.3,32.588,1555.25,1553.2,0.0003267100,0.0000062500,0.1,21.6
2026-09-14T08:43:45.507+00:00,ASTER,ENTROPY,7.3995,0.5995,1554.65,0.04,1553.5,0.2337,1555.25,1553.2,0.0003267100,0.0000021493,0.1,21.5
2026-09-14T08:43:45.507+00:00,ASTER,HL,8.6867,1.8867,1554.65,0.04,1553.3,32.588,1555.25,1553.2,0.0003267100,0.0000062500,0.2,21.7
2026-09-14T08:43:45.507+00:00,ASTER,ENTROPY,7.3995,0.5995,1554.65,0.04,1553.5,0.2337,1555.25,1553.2,0.0003267100,0.0000021493,0.2,21.6
2026-09-14T08:43:45.507+00:00,ASTER,HL,8.6866,1.8866,1554.65,0.04,1553.3,32.588,1555.31,1553.2,0.0003267100,0.0000062500,0.2,21.7
2026-09-14T08:43:45.507+00:00,ASTER,ENTROPY,7.3995,0.5995,1554.65,0.04,1553.5,0.2337,1555.31,1553.2,0.0003267100,0.0000021493,0.2,21.7
2026-09-14T08:43:45.507+00:00,ASTER,HL,9.8445,3.0445,1554.83,2.7,1553.3,32.588,1555.31,1553.2,0.0003267100,0.0000062500,0.2,21.8
2026-09-14T08:43:45.507+00:00,ASTER,ENTROPY,8.5574,1.7574,1554.83,2.7,1553.5,0.2337,1555.31,1553.2,0.0003267100,0.0000021493,0.2,21.7
2026-09-14T08:43:45.541+00:00,ASTER,HL,9.8447,3.0447,1554.83,2.7,1553.3,32.588,1555.31,1553.1,0.0003267100,0.0000062500,34.9,0.2
2026-09-14T08:43:45.590+00:00,ASTER,HL,9.0727,2.2727,1554.71,42.44,1553.3,32.588,1555.31,1553.1,0.0003267100,0.0000062500,0.1,49.2
2026-09-14T08:43:45.590+00:00,ASTER,ENTROPY,7.7855,0.9855,1554.71,42.44,1553.5,0.2337,1555.31,1553.2,0.0003267100,0.0000021493,0.1,105.5
2026-09-14T08:43:45.603+00:00,ASTER,HL,10.2307,3.4307,1554.89,2.7,1553.3,32.588,1555.31,1553.1,0.0003267100,0.0000062500,0.1,62.5
2026-09-14T08:43:45.603+00:00,ASTER,ENTROPY,8.9434,2.1434,1554.89,2.7,1553.5,0.2337,1555.31,1553.2,0.0003267100,0.0000021493,0.1,118.7
2026-09-14T08:43:45.603+00:00,ASTER,HL,10.3593,3.5593,1554.91,2.7,1553.3,32.588,1555.31,1553.1,0.0003267100,0.0000062500,0.2,62.6
2026-09-14T08:43:45.603+00:00,ASTER,ENTROPY,9.0720,2.2720,1554.91,2.7,1553.5,0.2337,1555.31,1553.2,0.0003267100,0.0000021493,0.2,118.8
2026-09-14T08:43:45.702+00:00,ASTER,HL,10.3593,3.5593,1554.91,2.7,1553.3,38.927,1555.31,1553.1,0.0003267100,0.0000062500,98.8,0.2
2026-09-14T08:43:45.702+00:00,ASTER,ENTROPY,9.7156,2.9156,1554.91,2.7,1553.4,0.3676,1555.31,1553.2,0.0003267100,0.0000021493,98.9,0.3
2026-09-14T08:43:45.704+00:00,ASTER,HL,9.0727,2.2727,1554.71,42.44,1553.3,38.927,1555.31,1553.1,0.0003267100,0.0000062500,0.1,2.2
2026-09-14T08:43:45.704+00:00,ASTER,ENTROPY,8.4290,1.6290,1554.71,42.44,1553.4,0.3676,1555.31,1553.2,0.0003267100,0.0000021493,0.1,2.1
2026-09-14T08:43:45.704+00:00,ASTER,HL,10.5523,3.7523,1554.94,2.7,1553.3,38.927,1555.31,1553.1,0.0003267100,0.0000062500,0.6,2.7
2026-09-14T08:43:45.704+00:00,ASTER,ENTROPY,9.9086,3.1086,1554.94,2.7,1553.4,0.3676,1555.31,1553.2,0.0003267100,0.0000021493,0.6,2.6
2026-09-14T08:43:45.747+00:00,ASTER,HL,11.1959,4.3959,1554.94,2.7,1553.2,7.313,1555.31,1553.1,0.0003267100,0.0000062500,42.7,0.2
2026-09-14T08:43:45.807+00:00,ASTER,HL,10.5523,3.7523,1554.94,2.7,1553.3,29.511,1555.31,1553.1,0.0003267100,0.0000062500,102.5,0.2
2026-09-14T08:43:45.807+00:00,ASTER,ENTROPY,9.2650,2.4650,1554.94,2.7,1553.5,0.2062,1555.31,1553.2,0.0003267100,0.0000021493,102.7,0.3
2026-09-14T08:43:45.890+00:00,ASTER,HL,10.5523,3.7523,1554.94,2.7,1553.3,32.472,1555.31,1553.1,0.0003267100,0.0000062500,185.8,0.2
2026-09-14T08:43:45.940+00:00,ASTER,HL,10.5523,3.7523,1554.94,2.7,1553.3,10.737,1555.31,1553.1,0.0003267100,0.0000062500,236.5,0.3
2026-09-14T08:43:45.940+00:00,ASTER,ENTROPY,9.2650,2.4650,1554.94,2.7,1553.5,0.1962,1555.31,1553.2,0.0003267100,0.0000021493,236.6,0.4
2026-09-14T08:43:46.078+00:00,ASTER,HL,10.5521,3.7521,1554.94,2.7,1553.3,0.644,1555.31,1553.2,0.0003267100,0.0000062500,373.8,0.3
2026-09-14T08:43:46.078+00:00,ASTER,ENTROPY,9.2648,2.4648,1554.94,2.7,1553.5,0.0012,1555.31,1553.3,0.0003267100,0.0000021493,373.9,0.4
2026-09-14T08:43:46.078+00:00,ASTER,HL,9.9086,3.1086,1554.94,2.7,1553.4,20.561,1555.31,1553.2,0.0003267100,0.0000062500,374.0,0.4
2026-09-14T08:43:46.078+00:00,ASTER,ENTROPY,7.9778,1.1778,1554.94,2.7,1553.7,0.3045,1555.31,1553.3,0.0003267100,0.0000021493,374.0,0.4
2026-09-14T08:43:46.220+00:00,ASTER,HL,10.5521,3.7521,1554.94,2.7,1553.3,0.011,1555.31,1553.2,0.0003267100,0.0000062500,515.9,0.3
2026-09-14T08:43:46.220+00:00,ASTER,ENTROPY,7.9774,1.1774,1554.94,2.7,1553.7,0.3045,1555.31,1553.6,0.0003267100,0.0000021493,516.0,0.4
2026-09-14T08:43:46.292+00:00,ASTER,ENTROPY,7.9774,1.1774,1554.94,2.7,1553.7,0.3045,1555.31,1553.6,0.0003267100,0.0000021493,588.0,0.3
2026-09-14T08:43:46.300+00:00,ASTER,ENTROPY,7.9778,1.1778,1554.94,2.7,1553.7,0.3045,1555.31,1553.3,0.0003267100,0.0000021493,595.5,0.2
2026-09-14T08:43:46.357+00:00,ASTER,HL,10.5521,3.7521,1554.94,2.7,1553.3,0.011,1555.31,1553.2,0.0003267100,0.0000062500,653.6,0.2
2026-09-14T08:43:46.357+00:00,ASTER,ENTROPY,8.6213,1.8213,1554.94,2.7,1553.6,0.2346,1555.31,1553.3,0.0003267100,0.0000021493,653.7,0.4
2026-09-14T08:43:46.421+00:00,ASTER,ENTROPY,8.6212,1.8212,1554.94,2.7,1553.6,0.2346,1555.31,1553.4,0.0003267100,0.0000021493,716.8,0.2
2026-09-14T08:43:46.495+00:00,ASTER,HL,9.9086,3.1086,1554.94,2.7,1553.4,20.058,1555.31,1553.2,0.0003267100,0.0000062500,790.5,0.2
2026-09-14T08:43:46.754+00:00,ASTER,HL,9.9086,3.1086,1554.94,2.7,1553.4,20.058,1555.31,1553.2,0.0003267100,0.0000062500,1050.5,0.2
2026-09-14T08:43:46.840+00:00,ASTER,HL,9.9086,3.1086,1554.94,2.7,1553.4,21.024,1555.31,1553.2,0.0003267100,0.0000062500,1136.3,0.2
2026-09-14T08:43:46.940+00:00,ASTER,ENTROPY,9.2648,2.4648,1554.94,2.7,1553.5,0.2167,1555.31,1553.3,0.0003267100,0.0000021493,1236.2,0.2
2026-09-14T08:43:47.097+00:00,ASTER,HL,9.9084,3.1084,1554.94,2.7,1553.4,21.024,1555.31,1553.3,0.0003267100,0.0000062500,1393.1,0.2
2026-09-14T08:43:47.097+00:00,ASTER,ENTROPY,8.6213,1.8213,1554.94,2.7,1553.6,0.2346,1555.31,1553.3,0.0003267100,0.0000021493,1393.2,0.3
2026-09-14T08:43:47.169+00:00,ASTER,HL,9.9084,3.1084,1554.94,2.7,1553.4,4.969,1555.31,1553.3,0.0003267100,0.0000062500,1464.7,0.3
2026-09-14T08:43:47.169+00:00,ASTER,ENTROPY,7.9775,1.1775,1554.94,2.7,1553.7,0.213,1555.31,1553.5,0.0003267100,0.0000021625,1464.9,0.5
2026-09-14T08:43:47.359+00:00,ASTER,HL,9.9084,3.1084,1554.94,2.7,1553.4,4.915,1555.31,1553.3,0.0003267100,0.0000062500,1655.2,0.3
2026-09-14T08:43:47.359+00:00,ASTER,ENTROPY,8.6210,1.8210,1554.94,2.7,1553.6,0.1747,1555.31,1553.5,0.0003267100,0.0000021625,1655.4,0.5
2026-09-14T08:43:47.393+00:00,ASTER,HL,9.1365,2.3365,1554.82,35.83,1553.4,4.915,1555.31,1553.3,0.0003267100,0.0000062500,0.2,34.5
2026-09-14T08:43:47.393+00:00,ASTER,ENTROPY,7.8492,1.0492,1554.82,35.83,1553.6,0.1747,1555.31,1553.5,0.0003267100,0.0000021625,0.2,34.5
2026-09-14T08:43:47.452+00:00,ASTER,HL,9.9727,3.1727,1554.95,2.7,1553.4,4.915,1555.31,1553.3,0.0003267100,0.0000062500,0.1,92.7
2026-09-14T08:43:47.452+00:00,ASTER,ENTROPY,8.6854,1.8854,1554.95,2.7,1553.6,0.1747,1555.31,1553.5,0.0003267100,0.0000021625,0.1,92.7
2026-09-14T08:43:47.533+00:00,ASTER,HL,9.3292,2.5292,1554.95,2.7,1553.5,26.179,1555.31,1553.3,0.0003267100,0.0000062500,82.4,0.2
2026-09-14T08:43:47.534+00:00,ASTER,ENTROPY,8.0419,1.2419,1554.95,2.7,1553.7,0.213,1555.31,1553.5,0.0003267100,0.0000021625,82.5,0.3
2026-09-14T08:43:47.540+00:00,ASTER,HL,8.4929,1.6929,1554.82,35.83,1553.5,26.179,1555.31,1553.3,0.0003267100,0.0000062500,0.1,5.8
2026-09-14T08:43:47.540+00:00,ASTER,ENTROPY,7.2057,0.4057,1554.82,35.83,1553.7,0.213,1555.31,1553.5,0.0003267100,0.0000021625,0.1,5.8
2026-09-14T08:43:47.553+00:00,ASTER,HL,9.3935,2.5935,1554.96,2.7,1553.5,26.179,1555.31,1553.3,0.0003267100,0.0000062500,0.2,19.7
2026-09-14T08:43:47.553+00:00,ASTER,ENTROPY,8.1062,1.3062,1554.96,2.7,1553.7,0.213,1555.31,1553.5,0.0003267100,0.0000021625,0.2,19.7
2026-09-14T08:43:47.942+00:00,ASTER,HL,9.3935,2.5935,1554.96,2.7,1553.5,30.311,1555.31,1553.3,0.0003267100,0.0000062500,388.6,0.3
2026-09-14T08:43:47.942+00:00,ASTER,HL,9.3935,2.5935,1554.96,2.7,1553.5,31.311,1555.31,1553.3,0.0003267100,0.0000062500,388.7,0.4
2026-09-14T08:43:48.128+00:00,ASTER,HL,9.3935,2.5935,1554.96,2.7,1553.5,31.277,1555.31,1553.3,0.0003267100,0.0000062500,574.5,0.2
2026-09-14T08:43:48.337+00:00,ASTER,HL,9.3935,2.5935,1554.96,2.7,1553.5,31.277,1555.31,1553.3,0.0003267100,0.0000062500,783.3,0.2
2026-09-14T08:43:48.337+00:00,ASTER,ENTROPY,8.7498,1.9498,1554.96,2.7,1553.6,0.1971,1555.31,1553.4,0.0003267100,0.0000021625,783.4,0.3
2026-09-14T08:43:48.474+00:00,ASTER,HL,10.0370,3.2370,1554.96,2.7,1553.4,0.644,1555.31,1553.3,0.0003267100,0.0000062500,920.6,0.2
2026-09-14T08:43:49.044+00:00,ASTER,HL,9.1365,2.3365,1554.82,3.03,1553.4,0.644,1555.31,1553.3,0.0003267100,0.0000062500,0.2,570.7
2026-09-14T08:43:49.044+00:00,ASTER,ENTROPY,7.8493,1.0493,1554.82,3.03,1553.6,0.1971,1555.31,1553.4,0.0003267100,0.0000021625,0.2,708.1
2026-09-14T08:43:49.056+00:00,ASTER,HL,9.1365,2.3365,1554.82,1.75,1553.4,0.644,1555.31,1553.3,0.0003267100,0.0000062500,0.2,581.6
2026-09-14T08:43:49.056+00:00,ASTER,ENTROPY,7.8493,1.0493,1554.82,1.75,1553.6,0.1971,1555.31,1553.4,0.0003267100,0.0000021625,0.2,719.0
2026-09-14T08:43:49.107+00:00,ASTER,HL,8.0429,1.2429,1554.65,0.04,1553.4,0.644,1555.31,1553.3,0.0003267100,0.0000062500,0.2,633.9
2026-09-14T08:43:49.108+00:00,ASTER,HL,8.5575,1.7575,1554.73,1.35,1553.4,0.644,1555.31,1553.3,0.0003267100,0.0000062500,0.3,634.1
2026-09-14T08:43:49.108+00:00,ASTER,ENTROPY,7.2703,0.4703,1554.73,1.35,1553.6,0.1971,1555.31,1553.4,0.0003267100,0.0000021625,0.3,771.5
2026-09-14T08:43:49.108+00:00,ASTER,HL,8.5575,1.7575,1554.73,2.7,1553.4,0.644,1555.31,1553.3,0.0003267100,0.0000062500,0.4,634.1
2026-09-14T08:43:49.108+00:00,ASTER,ENTROPY,7.2703,0.4703,1554.73,2.7,1553.6,0.1971,1555.31,1553.4,0.0003267100,0.0000021625,0.4,771.5
2026-09-14T08:43:49.156+00:00,ASTER,HL,9.3295,2.5295,1554.85,2.7,1553.4,0.644,1555.31,1553.3,0.0003267100,0.0000062500,0.7,681.4
2026-09-14T08:43:49.156+00:00,ASTER,ENTROPY,8.0423,1.2423,1554.85,2.7,1553.6,0.1971,1555.31,1553.4,0.0003267100,0.0000021625,0.7,818.8
2026-09-14T08:43:49.292+00:00,ASTER,HL,8.5575,1.7575,1554.73,2.7,1553.4,0.644,1555.31,1553.3,0.0003267100,0.0000062500,0.3,818.4
2026-09-14T08:43:49.292+00:00,ASTER,ENTROPY,7.2703,0.4703,1554.73,2.7,1553.6,0.1971,1555.31,1553.4,0.0003267100,0.0000021625,0.3,955.8
2026-09-14T08:43:49.295+00:00,ASTER,ENTROPY,7.2702,0.4702,1554.73,2.7,1553.6,0.1971,1555.31,1553.5,0.0003267100,0.0000021625,3.5,0.2
2026-09-14T08:43:49.301+00:00,ASTER,HL,9.3938,2.5938,1554.86,2.7,1553.4,0.644,1555.31,1553.3,0.0003267100,0.0000062500,0.1,827.6
2026-09-14T08:43:49.301+00:00,ASTER,ENTROPY,8.1065,1.3065,1554.86,2.7,1553.6,0.1971,1555.31,1553.5,0.0003267100,0.0000021625,0.1,6.2
2026-09-14T08:43:49.348+00:00,ASTER,HL,9.3938,2.5938,1554.86,2.7,1553.4,1.669,1555.31,1553.3,0.0003267100,0.0000062500,46.8,0.2
2026-09-14T08:43:49.396+00:00,ASTER,HL,8.5575,1.7575,1554.73,2.7,1553.4,1.669,1555.31,1553.3,0.0003267100,0.0000062500,0.2,47.6
2026-09-14T08:43:49.396+00:00,ASTER,ENTROPY,7.2702,0.4702,1554.73,2.7,1553.6,0.1971,1555.31,1553.5,0.0003267100,0.0000021625,0.2,100.3
2026-09-14T08:43:49.406+00:00,ASTER,HL,9.5224,2.7224,1554.88,2.7,1553.4,1.669,1555.31,1553.3,0.0003267100,0.0000062500,0.2,57.6
2026-09-14T08:43:49.406+00:00,ASTER,ENTROPY,8.2351,1.4351,1554.88,2.7,1553.6,0.1971,1555.31,1553.5,0.0003267100,0.0000021625,0.2,110.3
2026-09-14T08:43:49.510+00:00,ASTER,HL,9.5226,2.7226,1554.88,2.7,1553.4,2.635,1555.31,1553.2,0.0003267100,0.0000062500,105.1,0.4
2026-09-14T08:43:49.511+00:00,ASTER,HL,9.5226,2.7226,1554.88,2.7,1553.4,2.635,1555.31,1553.2,0.0003267100,0.0000062500,105.3,0.5
2026-09-14T08:43:49.544+00:00,ASTER,HL,8.5577,1.7577,1554.73,2.7,1553.4,2.635,1555.31,1553.2,0.0003267100,0.0000062500,0.1,33.9
2026-09-14T08:43:49.544+00:00,ASTER,ENTROPY,7.2702,0.4702,1554.73,2.7,1553.6,0.1971,1555.31,1553.5,0.0003267100,0.0000021625,0.1,248.7
2026-09-14T08:43:49.551+00:00,ASTER,HL,9.5869,2.7869,1554.89,2.7,1553.4,2.635,1555.31,1553.2,0.0003267100,0.0000062500,0.1,41.3
2026-09-14T08:43:49.551+00:00,ASTER,ENTROPY,8.2994,1.4994,1554.89,2.7,1553.6,0.1971,1555.31,1553.5,0.0003267100,0.0000021625,0.1,256.1
2026-09-14T08:43:49.551+00:00,ASTER,HL,10.2305,3.4305,1554.89,2.7,1553.3,14.626,1555.31,1553.2,0.0003267100,0.0000062500,0.3,0.3
2026-09-14T08:43:49.588+00:00,ASTER,HL,9.2013,2.4013,1554.73,2.7,1553.3,14.626,1555.31,1553.2,0.0003267100,0.0000062500,0.1,36.7
2026-09-14T08:43:49.588+00:00,ASTER,ENTROPY,7.2702,0.4702,1554.73,2.7,1553.6,0.1971,1555.31,1553.5,0.0003267100,0.0000021625,0.1,292.7
2026-09-14T08:43:49.650+00:00,ASTER,HL,10.4235,3.6235,1554.92,2.7,1553.3,14.626,1555.31,1553.2,0.0003267100,0.0000062500,0.2,98.8
2026-09-14T08:43:49.650+00:00,ASTER,ENTROPY,8.4924,1.6924,1554.92,2.7,1553.6,0.1971,1555.31,1553.5,0.0003267100,0.0000021625,0.2,354.7
2026-09-14T08:43:49.650+00:00,ASTER,HL,10.4878,3.6878,1554.93,2.7,1553.3,14.626,1555.31,1553.2,0.0003267100,0.0000062500,0.2,98.9
2026-09-14T08:43:49.650+00:00,ASTER,ENTROPY,8.5567,1.7567,1554.93,2.7,1553.6,0.1971,1555.31,1553.5,0.0003267100,0.0000021625,0.2,354.8
2026-09-14T08:43:49.691+00:00,ASTER,HL,10.4235,3.6235,1554.92,2.7,1553.3,14.626,1555.31,1553.2,0.0003267100,0.0000062500,0.1,139.1
2026-09-14T08:43:49.691+00:00,ASTER,ENTROPY,8.4924,1.6924,1554.92,2.7,1553.6,0.1971,1555.31,1553.5,0.0003267100,0.0000021625,0.1,395.1
2026-09-14T08:43:49.706+00:00,ASTER,HL,10.6165,3.8165,1554.95,2.7,1553.3,14.626,1555.31,1553.2,0.0003267100,0.0000062500,0.1,154.5
2026-09-14T08:43:49.706+00:00,ASTER,ENTROPY,8.6854,1.8854,1554.95,2.7,1553.6,0.1971,1555.31,1553.5,0.0003267100,0.0000021625,0.1,410.5
2026-09-14T08:43:49.767+00:00,ASTER,HL,10.6165,3.8165,1554.95,2.7,1553.3,14.626,1555.31,1553.2,0.0003267100,0.0000062500,62.3,0.2
2026-09-14T08:43:49.824+00:00,ASTER,ENTROPY,8.6854,1.8854,1554.95,2.7,1553.6,0.5806,1555.31,1553.5,0.0003267100,0.0000021625,118.1,0.2
2026-09-14T08:43:49.888+00:00,ASTER,HL,10.6165,3.8165,1554.95,2.7,1553.3,8.923,1555.31,1553.2,0.0003267100,0.0000062500,182.7,0.2
2026-09-14T08:43:50.025+00:00,ASTER,HL,10.6165,3.8165,1554.95,2.7,1553.3,8.923,1555.31,1553.2,0.0003267100,0.0000062500,320.0,0.2
2026-09-14T08:43:50.163+00:00,ASTER,HL,10.6165,3.8165,1554.95,2.7,1553.3,8.923,1555.31,1553.2,0.0003267100,0.0000062500,457.4,0.3
2026-09-14T08:43:50.445+00:00,ASTER,HL,10.6165,3.8165,1554.95,2.7,1553.3,8.279,1555.31,1553.2,0.0003267100,0.0000062500,739.6,0.3
2026-09-14T08:43:50.448+00:00,ASTER,HL,9.2013,2.4013,1554.73,2.7,1553.3,8.279,1555.31,1553.2,0.0003267100,0.0000062500,0.1,3.5
2026-09-14T08:43:50.448+00:00,ASTER,ENTROPY,7.2702,0.4702,1554.73,2.7,1553.6,0.5806,1555.31,1553.5,0.0003267100,0.0000021625,0.1,624.9
2026-09-14T08:43:50.457+00:00,ASTER,HL,9.2013,2.4013,1554.73,1.35,1553.3,8.279,1555.31,1553.2,0.0003267100,0.0000062500,0.1,12.5
2026-09-14T08:43:50.457+00:00,ASTER,ENTROPY,7.2702,0.4702,1554.73,1.35,1553.6,0.5806,1555.31,1553.5,0.0003267100,0.0000021625,0.1,633.8
2026-09-14T08:43:50.457+00:00,ASTER,HL,8.6866,1.8866,1554.65,0.04,1553.3,8.279,1555.31,1553.2,0.0003267100,0.0000062500,0.2,12.6
2026-09-14T08:43:50.506+00:00,ASTER,HL,8.6866,1.8866,1554.65,0.04,1553.3,8.279,1555.31,1553.2,0.0003267100,0.0000062500,0.8,60.8
2026-09-14T08:43:50.524+00:00,ASTER,HL,8.8796,2.0796,1554.68,1.28,1553.3,8.279,1555.31,1553.2,0.0003267100,0.0000062500,0.1,79.3
2026-09-14T08:43:50.524+00:00,ASTER,ENTROPY,6.9486,0.1486,1554.68,1.28,1553.6,0.5806,1555.31,1553.5,0.0003267100,0.0000021625,0.1,700.7
2026-09-14T08:43:50.524+00:00,ASTER,HL,8.8796,2.0796,1554.68,1.28,1553.3,8.279,1555.31,1553.2,0.0003267100,0.0000062500,0.2,79.4
2026-09-14T08:43:50.524+00:00,ASTER,ENTROPY,6.9486,0.1486,1554.68,1.28,1553.6,0.5806,1555.31,1553.5,0.0003267100,0.0000021625,0.2,700.8
2026-09-14T08:43:50.524+00:00,ASTER,HL,8.8796,2.0796,1554.68,1.28,1553.3,8.279,1555.31,1553.2,0.0003267100,0.0000062500,0.2,79.4
2026-09-14T08:43:50.524+00:00,ASTER,ENTROPY,6.9486,0.1486,1554.68,1.28,1553.6,0.5806,1555.31,1553.5,0.0003267100,0.0000021625,0.2,700.8
2026-09-14T08:43:50.524+00:00,ASTER,HL,8.8796,2.0796,1554.68,2.67,1553.3,8.279,1555.31,1553.2,0.0003267100,0.0000062500,0.3,79.5
2026-09-14T08:43:50.524+00:00,ASTER,ENTROPY,6.9486,0.1486,1554.68,2.67,1553.6,0.5806,1555.31,1553.5,0.0003267100,0.0000021625,0.3,700.8
2026-09-14T08:43:50.524+00:00,ASTER,HL,8.8796,2.0796,1554.68,2.67,1553.3,8.279,1555.31,1553.2,0.0003267100,0.0000062500,0.3,79.5
2026-09-14T08:43:50.524+00:00,ASTER,ENTROPY,6.9486,0.1486,1554.68,2.67,1553.6,0.5806,1555.31,1553.5,0.0003267100,0.0000021625,0.3,700.9
2026-09-14T08:43:50.554+00:00,ASTER,HL,8.8797,2.0797,1554.68,2.67,1553.3,8.279,1555.26,1553.2,0.0003267100,0.0000062500,0.2,108.8
2026-09-14T08:43:50.554+00:00,ASTER,ENTROPY,6.9486,0.1486,1554.68,2.67,1553.6,0.5806,1555.26,1553.5,0.0003267100,0.0000021625,0.2,730.1
2026-09-14T08:43:50.554+00:00,ASTER,HL,9.5873,2.7873,1554.79,2.7,1553.3,8.279,1555.26,1553.2,0.0003267100,0.0000062500,0.2,108.9
2026-09-14T08:43:50.554+00:00,ASTER,ENTROPY,7.6562,0.8562,1554.79,2.7,1553.6,0.5806,1555.26,1553.5,0.0003267100,0.0000021625,0.2,730.2
2026-09-14T08:43:50.579+00:00,ASTER,HL,9.5873,2.7873,1554.79,2.7,1553.3,8.923,1555.26,1553.2,0.0003267100,0.0000062500,25.4,0.1
2026-09-14T08:43:50.697+00:00,ASTER,HL,9.5873,2.7873,1554.79,2.7,1553.3,10.761,1555.26,1553.2,0.0003267100,0.0000062500,143.2,0.2
2026-09-14T08:43:50.747+00:00,ASTER,HL,8.8797,2.0797,1554.68,2.67,1553.3,10.761,1555.26,1553.2,0.0003267100,0.0000062500,0.2,50.7
2026-09-14T08:43:50.747+00:00,ASTER,ENTROPY,6.9486,0.1486,1554.68,2.67,1553.6,0.5806,1555.26,1553.5,0.0003267100,0.0000021625,0.2,923.7
2026-09-14T08:43:50.757+00:00,ASTER,HL,9.7160,2.9160,1554.81,2.7,1553.3,10.761,1555.26,1553.2,0.0003267100,0.0000062500,0.1,60.8
2026-09-14T08:43:50.757+00:00,ASTER,ENTROPY,7.7849,0.9849,1554.81,2.7,1553.6,0.5806,1555.26,1553.5,0.0003267100,0.0000021625,0.1,933.8
2026-09-14T08:43:50.757+00:00,ASTER,HL,9.8446,3.0446,1554.83,2.7,1553.3,10.761,1555.26,1553.2,0.0003267100,0.0000062500,0.2,60.9
2026-09-14T08:43:50.757+00:00,ASTER,ENTROPY,7.9135,1.1135,1554.83,2.7,1553.6,0.5806,1555.26,1553.5,0.0003267100,0.0000021625,0.2,933.9
2026-09-14T08:43:50.838+00:00,ASTER,ENTROPY,7.9135,1.1135,1554.83,2.7,1553.6,0.5806,1555.26,1553.5,0.0003267100,0.0000021625,80.5,0.2
2026-09-14T08:43:50.894+00:00,ASTER,HL,8.8797,2.0797,1554.68,2.67,1553.3,10.761,1555.26,1553.2,0.0003267100,0.0000062500,0.2,197.7
2026-09-14T08:43:50.894+00:00,ASTER,ENTROPY,6.9486,0.1486,1554.68,2.67,1553.6,0.5806,1555.26,1553.5,0.0003267100,0.0000021625,0.2,56.7
2026-09-14T08:43:50.897+00:00,ASTER,HL,9.9090,3.1090,1554.84,2.7,1553.3,10.761,1555.26,1553.2,0.0003267100,0.0000062500,0.1,200.7
2026-09-14T08:43:50.897+00:00,ASTER,ENTROPY,7.9779,1.1779,1554.84,2.7,1553.6,0.5806,1555.26,1553.5,0.0003267100,0.0000021625,0.1,59.6
2026-09-14T08:43:50.953+00:00,ASTER,HL,9.9090,3.1090,1554.84,2.7,1553.3,10.761,1555.21,1553.2,0.0003267100,0.0000062500,0.2,256.5
2026-09-14T08:43:50.953+00:00,ASTER,ENTROPY,7.9779,1.1779,1554.84,2.7,1553.6,0.5806,1555.21,1553.5,0.0003267100,0.0000021625,0.2,115.5
2026-09-14T08:43:50.954+00:00,ASTER,HL,9.9090,3.1090,1554.84,2.7,1553.3,10.761,1555.21,1553.2,0.0003267100,0.0000062500,0.3,256.7
2026-09-14T08:43:50.954+00:00,ASTER,ENTROPY,7.9779,1.1779,1554.84,2.7,1553.6,0.5806,1555.21,1553.5,0.0003267100,0.0000021625,0.3,115.6
2026-09-14T08:43:50.990+00:00,ASTER,HL,9.9090,3.1090,1554.84,2.7,1553.3,10.761,1555.21,1553.2,0.0003267100,0.0000062500,0.2,293.7
2026-09-14T08:43:50.990+00:00,ASTER,ENTROPY,7.9779,1.1779,1554.84,2.7,1553.6,0.5806,1555.21,1553.5,0.0003267100,0.0000021625,0.2,152.7
2026-09-14T08:43:50.990+00:00,ASTER,HL,9.9090,3.1090,1554.84,2.7,1553.3,10.761,1555.26,1553.2,0.0003267100,0.0000062500,0.4,293.9
2026-09-14T08:43:50.990+00:00,ASTER,ENTROPY,7.9779,1.1779,1554.84,2.7,1553.6,0.5806,1555.26,1553.5,0.0003267100,0.0000021625,0.4,152.9
2026-09-14T08:43:50.993+00:00,ASTER,HL,8.4294,1.6294,1554.61,0.01,1553.3,10.761,1555.26,1553.2,0.0003267100,0.0000062500,0.1,297.1
2026-09-14T08:43:50.993+00:00,ASTER,HL,7.2713,0.4713,1554.43,0.78,1553.3,10.761,1555.26,1553.2,0.0003267100,0.0000062500,0.2,297.2
2026-09-14T08:43:51.003+00:00,ASTER,HL,7.2714,0.4714,1554.43,0.78,1553.3,10.761,1555.21,1553.2,0.0003267100,0.0000062500,0.1,306.8
2026-09-14T08:43:51.074+00:00,ASTER,HL,7.2715,0.4715,1554.43,0.78,1553.3,10.761,1555.16,1553.2,0.0003267100,0.0000062500,0.2,378.1
2026-09-14T08:43:51.074+00:00,ASTER,HL,7.2715,0.4715,1554.43,0.78,1553.3,10.761,1555.1,1553.2,0.0003267100,0.0000062500,0.2,378.2
2026-09-14T08:43:51.074+00:00,ASTER,HL,7.5289,0.7289,1554.47,3.01,1553.3,10.761,1555.1,1553.2,0.0003267100,0.0000062500,0.3,378.2
2026-09-14T08:43:51.074+00:00,ASTER,HL,7.5289,0.7289,1554.47,3.01,1553.3,10.761,1555.1,1553.2,0.0003267100,0.0000062500,0.3,378.3
2026-09-14T08:43:51.074+00:00,ASTER,HL,7.5289,0.7289,1554.47,3.01,1553.3,10.761,1555.1,1553.2,0.0003267100,0.0000062500,0.3,378.3
2026-09-14T08:43:51.074+00:00,ASTER,HL,7.5289,0.7289,1554.47,5.62,1553.3,10.761,1555.1,1553.2,0.0003267100,0.0000062500,0.3,378.3
2026-09-14T08:43:51.074+00:00,ASTER,HL,7.5289,0.7289,1554.47,5.62,1553.3,10.761,1555.1,1553.2,0.0003267100,0.0000062500,0.3,378.3
2026-09-14T08:43:51.074+00:00,ASTER,HL,8.8156,2.0156,1554.67,2.7,1553.3,10.761,1555.1,1553.2,0.0003267100,0.0000062500,0.3,378.3
2026-09-14T08:43:51.074+00:00,ASTER,ENTROPY,6.8845,0.0845,1554.67,2.7,1553.6,0.5806,1555.1,1553.5,0.0003267100,0.0000021625,0.3,237.3
2026-09-14T08:43:51.115+00:00,ASTER,ENTROPY,6.8845,0.0845,1554.67,2.7,1553.6,0.5806,1555.1,1553.5,0.0003267100,0.0000021625,40.2,0.1
2026-09-14T08:43:51.141+00:00,ASTER,HL,7.5289,0.7289,1554.47,5.62,1553.3,10.761,1555.1,1553.2,0.0003267100,0.0000062500,0.2,445.2
2026-09-14T08:43:51.170+00:00,ASTER,HL,7.5289,0.7289,1554.47,5.62,1553.3,10.761,1555.09,1553.2,0.0003267100,0.0000062500,1.3,473.5
2026-09-14T08:43:51.170+00:00,ASTER,HL,7.5289,0.7289,1554.47,5.62,1553.3,10.761,1555.08,1553.2,0.0003267100,0.0000062500,1.4,473.7
2026-09-14T08:43:51.170+00:00,ASTER,HL,8.8799,2.0799,1554.68,2.7,1553.3,10.761,1555.08,1553.2,0.0003267100,0.0000062500,1.4,473.7
2026-09-14T08:43:51.170+00:00,ASTER,ENTROPY,6.9488,0.1488,1554.68,2.7,1553.6,0.5806,1555.08,1553.5,0.0003267100,0.0000021625,1.4,55.7
2026-09-14T08:43:51.187+00:00,ASTER,HL,8.8801,2.0801,1554.68,2.7,1553.3,11.482,1555.08,1553.1,0.0003267100,0.0000062500,18.8,0.2
2026-09-14T08:43:51.345+00:00,ASTER,HL,7.5290,0.7290,1554.47,5.62,1553.3,11.482,1555.08,1553.1,0.0003267100,0.0000062500,0.2,157.2
2026-09-14T08:43:51.356+00:00,ASTER,HL,8.9444,2.1444,1554.69,2.7,1553.3,11.482,1555.08,1553.1,0.0003267100,0.0000062500,0.1,169.1
2026-09-14T08:43:51.356+00:00,ASTER,ENTROPY,7.0132,0.2132,1554.69,2.7,1553.6,0.5806,1555.08,1553.5,0.0003267100,0.0000021625,0.1,241.8
2026-09-14T08:43:51.363+00:00,ASTER,HL,9.5881,2.7881,1554.69,2.7,1553.2,8.099,1555.08,1553.1,0.0003267100,0.0000062500,6.2,0.1
2026-09-14T08:43:51.363+00:00,ASTER,HL,9.5881,2.7881,1554.69,2.7,1553.2,52.719,1555.08,1553.1,0.0003267100,0.0000062500,6.3,0.2
2026-09-14T08:43:51.386+00:00,ASTER,HL,9.5881,2.7881,1554.69,2.7,1553.2,56.755,1555.08,1553.1,0.0003267100,0.0000062500,30.0,0.1
2026-09-14T08:43:51.435+00:00,ASTER,HL,9.5881,2.7881,1554.69,2.7,1553.2,99.887,1555.08,1553.1,0.0003267100,0.0000062500,79.0,0.2
2026-09-14T08:43:51.531+00:00,ASTER,HL,9.5881,2.7881,1554.69,2.7,1553.2,155.004,1555.08,1553.1,0.0003267100,0.0000062500,174.8,0.2
2026-09-14T08:43:51.531+00:00,ASTER,ENTROPY,7.0134,0.2134,1554.69,2.7,1553.6,0.5806,1555.08,1553.3,0.0003267100,0.0000021625,174.9,0.3
2026-09-14T08:43:51.545+00:00,ASTER,HL,9.5880,2.7880,1554.69,2.7,1553.2,155.004,1555.1,1553.1,0.0003267100,0.0000062500,0.1,14.8
2026-09-14T08:43:51.545+00:00,ASTER,ENTROPY,7.0134,0.2134,1554.69,2.7,1553.6,0.5806,1555.1,1553.3,0.0003267100,0.0000021625,0.1,14.7
2026-09-14T08:43:51.666+00:00,ASTER,HL,9.5883,2.7883,1554.69,2.7,1553.2,76.802,1555.1,1552.9,0.0003267100,0.0000062500,120.2,0.3
2026-09-14T08:43:51.666+00:00,ASTER,HL,10.8757,4.0757,1554.69,2.7,1553.0,7.313,1555.1,1552.9,0.0003267100,0.0000062500,120.4,0.4
2026-09-14T08:43:51.718+00:00,ASTER,HL,10.8757,4.0757,1554.69,2.7,1553.0,7.313,1555.1,1552.9,0.0003267100,0.0000062500,172.7,0.3
2026-09-14T08:43:51.841+00:00,ASTER,ENTROPY,8.3005,1.5005,1554.69,2.7,1553.4,0.2738,1555.1,1553.3,0.0003267100,0.0000021625,295.2,0.3
2026-09-14T08:43:51.903+00:00,ASTER,HL,10.8757,4.0757,1554.69,2.7,1553.0,7.313,1555.1,1552.9,0.0003267100,0.0000062500,357.9,0.2
2026-09-14T08:43:51.963+00:00,ASTER,HL,10.8757,4.0757,1554.69,2.7,1553.0,7.313,1555.1,1552.9,0.0003267100,0.0000062500,417.7,0.2
2026-09-14T08:43:52.035+00:00,ASTER,HL,10.8757,4.0757,1554.69,2.7,1553.0,7.313,1555.1,1552.9,0.0003267100,0.0000062500,489.3,0.3
2026-09-14T08:43:52.203+00:00,ASTER,HL,10.8757,4.0757,1554.69,2.7,1553.0,7.313,1555.1,1552.9,0.0003267100,0.0000062500,658.4,0.4
2026-09-14T08:43:52.336+00:00,ASTER,ENTROPY,8.3005,1.5005,1554.69,2.7,1553.4,0.6598,1555.1,1553.3,0.0003267100,0.0000021575,790.2,0.2
2026-09-14T08:43:53.146+00:00,ASTER,HL,9.4603,2.6603,1554.47,5.62,1553.0,7.313,1555.1,1552.9,0.0003267100,0.0000062500,0.2,942.8
2026-09-14T08:43:53.146+00:00,ASTER,ENTROPY,6.8852,0.0852,1554.47,5.62,1553.4,0.6598,1555.1,1553.3,0.0003267100,0.0000021575,0.2,810.8
2026-09-14T08:43:53.160+00:00,ASTER,HL,9.4603,2.6603,1554.47,5.62,1553.0,7.313,1555.1,1552.9,0.0003267100,0.0000062500,0.2,956.8
2026-09-14T08:43:53.160+00:00,ASTER,ENTROPY,6.8852,0.0852,1554.47,5.62,1553.4,0.6598,1555.1,1553.3,0.0003267100,0.0000021575,0.2,824.8
2026-09-14T08:43:53.160+00:00,ASTER,HL,9.4603,2.6603,1554.47,2.61,1553.0,7.313,1555.1,1552.9,0.0003267100,0.0000062500,0.3,957.0
2026-09-14T08:43:53.160+00:00,ASTER,ENTROPY,6.8852,0.0852,1554.47,2.61,1553.4,0.6598,1555.1,1553.3,0.0003267100,0.0000021575,0.3,824.9
2026-09-14T08:43:53.165+00:00,ASTER,HL,9.4602,2.6602,1554.47,2.61,1553.0,7.313,1555.15,1552.9,0.0003267100,0.0000062500,0.1,961.6
2026-09-14T08:43:53.165+00:00,ASTER,ENTROPY,6.8851,0.0851,1554.47,2.61,1553.4,0.6598,1555.15,1553.3,0.0003267100,0.0000021575,0.1,829.5
2026-09-14T08:43:53.165+00:00,ASTER,HL,9.2028,2.4028,1554.43,0.78,1553.0,7.313,1555.15,1552.9,0.0003267100,0.0000062500,0.2,961.7
2026-09-14T08:43:53.165+00:00,ASTER,HL,11.5190,4.7190,1554.79,2.7,1553.0,7.313,1555.15,1552.9,0.0003267100,0.0000062500,0.2,961.7
2026-09-14T08:43:53.165+00:00,ASTER,ENTROPY,8.9437,2.1437,1554.79,2.7,1553.4,0.6598,1555.15,1553.3,0.0003267100,0.0000021575,0.2,829.6
2026-09-14T08:43:53.195+00:00,ASTER,HL,11.5188,4.7188,1554.79,2.7,1553.0,7.313,1555.23,1552.9,0.0003267100,0.0000062500,0.1,991.0
2026-09-14T08:43:53.195+00:00,ASTER,ENTROPY,8.9436,2.1436,1554.79,2.7,1553.4,0.6598,1555.23,1553.3,0.0003267100,0.0000021575,0.1,859.0
2026-09-14T08:43:53.195+00:00,ASTER,HL,10.2965,3.4965,1554.6,47.04,1553.0,7.313,1555.23,1552.9,0.0003267100,0.0000062500,0.1,991.1
2026-09-14T08:43:53.195+00:00,ASTER,ENTROPY,7.7213,0.9213,1554.6,47.04,1553.4,0.6598,1555.23,1553.3,0.0003267100,0.0000021575,0.1,859.1
2026-09-14T08:43:53.218+00:00,ASTER,HL,10.2965,3.4965,1554.6,39.92,1553.0,7.313,1555.23,1552.9,0.0003267100,0.0000062500,0.9,1014.6
2026-09-14T08:43:53.218+00:00,ASTER,ENTROPY,7.7213,0.9213,1554.6,39.92,1553.4,0.6598,1555.23,1553.3,0.0003267100,0.0000021575,0.9,882.6
2026-09-14T08:43:53.218+00:00,ASTER,HL,10.2965,3.4965,1554.6,39.92,1553.0,7.313,1555.23,1552.9,0.0003267100,0.0000062500,1.0,1014.7
2026-09-14T08:43:53.218+00:00,ASTER,ENTROPY,7.7213,0.9213,1554.6,39.92,1553.4,0.6598,1555.23,1553.3,0.0003267100,0.0000021575,1.0,882.7
2026-09-14T08:43:53.218+00:00,ASTER,HL,10.2965,3.4965,1554.6,23.52,1553.0,7.313,1555.23,1552.9,0.0003267100,0.0000062500,1.1,1014.8
2026-09-14T08:43:53.218+00:00,ASTER,ENTROPY,7.7213,0.9213,1554.6,23.52,1553.4,0.6598,1555.23,1553.3,0.0003267100,0.0000021575,1.1,882.7
2026-09-14T08:43:53.218+00:00,ASTER,HL,10.2963,3.4963,1554.6,23.52,1553.0,7.313,1555.31,1552.9,0.0003267100,0.0000062500,1.1,1014.8
2026-09-14T08:43:53.218+00:00,ASTER,ENTROPY,7.7213,0.9213,1554.6,23.52,1553.4,0.6598,1555.31,1553.3,0.0003267100,0.0000021575,1.1,882.8
2026-09-14T08:43:53.218+00:00,ASTER,HL,10.2963,3.4963,1554.6,16.4,1553.0,7.313,1555.31,1552.9,0.0003267100,0.0000062500,1.1,1014.8
2026-09-14T08:43:53.218+00:00,ASTER,ENTROPY,7.7213,0.9213,1554.6,16.4,1553.4,0.6598,1555.31,1553.3,0.0003267100,0.0000021575,1.1,882.8
2026-09-14T08:43:53.218+00:00,ASTER,HL,9.2026,2.4026,1554.43,0.78,1553.0,7.313,1555.31,1552.9,0.0003267100,0.0000062500,1.1,1014.8
2026-09-14T08:43:53.218+00:00,ASTER,HL,9.2026,2.4026,1554.43,0.78,1553.0,7.313,1555.31,1552.9,0.0003267100,0.0000062500,1.1,1014.9
2026-09-14T08:43:53.218+00:00,ASTER,HL,12.0976,5.2976,1554.88,2.7,1553.0,7.313,1555.31,1552.9,0.0003267100,0.0000062500,1.2,1014.9
2026-09-14T08:43:53.218+00:00,ASTER,ENTROPY,9.5224,2.7224,1554.88,2.7,1553.4,0.6598,1555.31,1553.3,0.0003267100,0.0000021575,1.2,882.9
2026-09-14T08:43:53.238+00:00,ASTER,HL,10.9397,4.1397,1554.7,41.66,1553.0,7.313,1555.31,1552.9,0.0003267100,0.0000062500,0.1,1034.5
2026-09-14T08:43:53.238+00:00,ASTER,ENTROPY,8.3646,1.5646,1554.7,41.66,1553.4,0.6598,1555.31,1553.3,0.0003267100,0.0000021575,0.1,902.5
2026-09-14T08:43:53.248+00:00,ASTER,HL,12.3550,5.5550,1554.92,2.7,1553.0,7.313,1555.31,1552.9,0.0003267100,0.0000062500,0.1,1045.2
2026-09-14T08:43:53.248+00:00,ASTER,ENTROPY,9.7797,2.9797,1554.92,2.7,1553.4,0.6598,1555.31,1553.3,0.0003267100,0.0000021575,0.1,913.1
2026-09-14T08:43:53.333+00:00,ASTER,HL,12.3550,5.5550,1554.92,2.7,1553.0,7.313,1555.31,1552.9,0.0003267100,0.0000062500,85.3,0.2
