ts_utc,sell_venue,buy_venue,gross_bps,net_bps,sell_bid,sell_bid_size,buy_ask,buy_ask_size,sell_ask,buy_bid,funding_sell,funding_buy,age_sell_ms,age_buy_ms
2026-09-14T08:37:15.663+00:00,ASTER,HL,10.0234,3.2234,1557.06,3.04,1555.5,2.808,1557.5,1555.4,,0.0000062500,65.3,0.3
2026-09-14T08:37:15.663+00:00,ASTER,ENTROPY,12.5951,5.7951,1557.06,3.04,1555.1,0.0077,1557.5,1555.0,,0.0000017048,65.6,0.6
2026-09-14T08:37:15.688+00:00,ASTER,HL,10.0234,3.2234,1557.06,3.04,1555.5,2.808,1557.5,1555.4,,0.0000062500,91.5,0.2
2026-09-14T08:37:15.860+00:00,ASTER,HL,9.3805,2.5805,1557.06,3.04,1555.6,12.414,1557.5,1555.5,,0.0000062500,263.4,0.3
2026-09-14T08:37:15.860+00:00,ASTER,ENTROPY,9.3813,2.5813,1557.06,3.04,1555.6,0.032,1557.5,1555.0,,0.0000017048,263.5,0.4
2026-09-14T08:37:15.886+00:00,ASTER,HL,9.3805,2.5805,1557.06,3.04,1555.6,12.414,1557.5,1555.5,,0.0000062500,290.0,0.2
2026-09-14T08:37:15.887+00:00,ASTER,ENTROPY,9.3813,2.5813,1557.06,3.04,1555.6,0.022,1557.5,1555.0,,0.0000017048,290.1,0.3
2026-09-14T08:37:15.887+00:00,ASTER,HL,9.3805,2.5805,1557.06,3.04,1555.6,12.414,1557.51,1555.5,,0.0000062500,0.4,0.5
2026-09-14T08:37:15.887+00:00,ASTER,ENTROPY,9.3813,2.5813,1557.06,3.04,1555.6,0.022,1557.51,1555.0,,0.0000017048,0.4,0.4
2026-09-14T08:37:15.889+00:00,ASTER,HL,8.2885,1.4885,1556.89,4.06,1555.6,12.414,1557.51,1555.5,,0.0000062500,0.1,2.8
2026-09-14T08:37:15.889+00:00,ASTER,ENTROPY,8.2892,1.4892,1556.89,4.06,1555.6,0.022,1557.51,1555.0,,0.0000017048,0.1,2.8
2026-09-14T08:37:15.899+00:00,ASTER,HL,8.2885,1.4885,1556.89,20.43,1555.6,12.414,1557.51,1555.5,,0.0000062500,0.1,12.6
2026-09-14T08:37:15.899+00:00,ASTER,ENTROPY,8.2892,1.4892,1556.89,20.43,1555.6,0.022,1557.51,1555.0,,0.0000017048,0.1,12.6
2026-09-14T08:37:15.912+00:00,ASTER,HL,9.6375,2.8375,1557.1,3.04,1555.6,12.414,1557.51,1555.5,,0.0000062500,0.1,25.2
2026-09-14T08:37:15.912+00:00,ASTER,ENTROPY,9.6382,2.8382,1557.1,3.04,1555.6,0.022,1557.51,1555.0,,0.0000017048,0.1,25.2
2026-09-14T08:37:15.991+00:00,ASTER,HL,9.6375,2.8375,1557.1,3.04,1555.6,12.414,1557.5,1555.5,,0.0000062500,0.2,104.2
2026-09-14T08:37:15.991+00:00,ASTER,ENTROPY,9.6382,2.8382,1557.1,3.04,1555.6,0.022,1557.5,1555.0,,0.0000017048,0.2,104.1
2026-09-14T08:37:16.031+00:00,ASTER,HL,9.6375,2.8375,1557.1,3.04,1555.6,12.414,1557.51,1555.5,,0.0000062500,0.2,144.1
2026-09-14T08:37:16.031+00:00,ASTER,ENTROPY,9.6382,2.8382,1557.1,3.04,1555.6,0.022,1557.51,1555.0,,0.0000017048,0.2,144.1
2026-09-14T08:37:16.054+00:00,ASTER,HL,9.6375,2.8375,1557.1,3.04,1555.6,34.792,1557.51,1555.5,,0.0000062500,22.7,0.2
2026-09-14T08:37:16.054+00:00,ASTER,ENTROPY,9.6379,2.8379,1557.1,3.04,1555.6,0.022,1557.51,1555.2,,0.0000017048,22.8,0.3
2026-09-14T08:37:16.094+00:00,ASTER,HL,8.2885,1.4885,1556.89,36.8,1555.6,34.792,1557.51,1555.5,0.0003250100,0.0000062500,0.2,40.6
2026-09-14T08:37:16.094+00:00,ASTER,ENTROPY,8.2889,1.4889,1556.89,36.8,1555.6,0.022,1557.51,1555.2,0.0003250100,0.0000017048,0.2,40.6
2026-09-14T08:37:16.098+00:00,ASTER,HL,8.2885,1.4885,1556.89,34.87,1555.6,34.792,1557.51,1555.5,0.0003250100,0.0000062500,0.1,45.1
2026-09-14T08:37:16.098+00:00,ASTER,ENTROPY,8.2889,1.4889,1556.89,34.87,1555.6,0.022,1557.51,1555.2,0.0003250100,0.0000017048,0.1,45.1
2026-09-14T08:37:16.098+00:00,ASTER,HL,8.2885,1.4885,1556.89,18.5,1555.6,34.792,1557.51,1555.5,0.0003250100,0.0000062500,0.1,45.2
2026-09-14T08:37:16.098+00:00,ASTER,ENTROPY,8.2889,1.4889,1556.89,18.5,1555.6,0.022,1557.51,1555.2,0.0003250100,0.0000017048,0.1,45.2
2026-09-14T08:37:16.098+00:00,ASTER,HL,8.2885,1.4885,1556.89,16.37,1555.6,34.792,1557.51,1555.5,0.0003250100,0.0000062500,0.2,45.2
2026-09-14T08:37:16.098+00:00,ASTER,ENTROPY,8.2889,1.4889,1556.89,16.37,1555.6,0.022,1557.51,1555.2,0.0003250100,0.0000017048,0.2,45.2
2026-09-14T08:37:16.098+00:00,ASTER,HL,7.6461,0.8461,1556.79,0.78,1555.6,34.792,1557.51,1555.5,0.0003250100,0.0000062500,0.2,45.3
2026-09-14T08:37:16.098+00:00,ASTER,ENTROPY,7.6465,0.8465,1556.79,0.78,1555.6,0.022,1557.51,1555.2,0.0003250100,0.0000017048,0.2,45.2
2026-09-14T08:37:16.111+00:00,ASTER,HL,10.0229,3.2229,1557.16,3.04,1555.6,34.792,1557.51,1555.5,0.0003250100,0.0000062500,0.1,58.2
2026-09-14T08:37:16.111+00:00,ASTER,ENTROPY,10.0233,3.2233,1557.16,3.04,1555.6,0.022,1557.51,1555.2,0.0003250100,0.0000017048,0.1,58.2
2026-09-14T08:37:16.133+00:00,ASTER,HL,10.0226,3.2226,1557.16,3.04,1555.6,34.792,1557.64,1555.5,0.0003250100,0.0000062500,2.5,80.3
2026-09-14T08:37:16.133+00:00,ASTER,ENTROPY,10.0231,3.2231,1557.16,3.04,1555.6,0.022,1557.64,1555.2,0.0003250100,0.0000017048,2.5,80.3
2026-09-14T08:37:16.134+00:00,ASTER,HL,8.9949,2.1949,1557.0,37.28,1555.6,34.792,1557.64,1555.5,0.0003250100,0.0000062500,0.0,81.2
2026-09-14T08:37:16.134+00:00,ASTER,ENTROPY,8.9953,2.1953,1557.0,37.28,1555.6,0.022,1557.64,1555.2,0.0003250100,0.0000017048,0.0,81.1
2026-09-14T08:37:16.161+00:00,ASTER,HL,8.9949,2.1949,1557.0,37.28,1555.6,34.792,1557.64,1555.5,0.0003250100,0.0000062500,0.2,108.6
2026-09-14T08:37:16.161+00:00,ASTER,ENTROPY,8.9953,2.1953,1557.0,37.28,1555.6,0.022,1557.64,1555.2,0.0003250100,0.0000017048,0.2,108.6
2026-09-14T08:37:16.162+00:00,ASTER,HL,8.9949,2.1949,1557.0,35.01,1555.6,34.792,1557.64,1555.5,0.0003250100,0.0000062500,0.3,108.7
2026-09-14T08:37:16.162+00:00,ASTER,ENTROPY,8.9953,2.1953,1557.0,35.01,1555.6,0.022,1557.64,1555.2,0.0003250100,0.0000017048,0.3,108.7
2026-09-14T08:37:16.162+00:00,ASTER,HL,8.9949,2.1949,1557.0,18.64,1555.6,34.792,1557.64,1555.5,0.0003250100,0.0000062500,0.3,108.8
2026-09-14T08:37:16.162+00:00,ASTER,ENTROPY,8.9953,2.1953,1557.0,18.64,1555.6,0.022,1557.64,1555.2,0.0003250100,0.0000017048,0.3,108.7
2026-09-14T08:37:16.162+00:00,ASTER,HL,8.9949,2.1949,1557.0,2.27,1555.6,34.792,1557.64,1555.5,0.0003250100,0.0000062500,0.3,108.8
2026-09-14T08:37:16.162+00:00,ASTER,ENTROPY,8.9953,2.1953,1557.0,2.27,1555.6,0.022,1557.64,1555.2,0.0003250100,0.0000017048,0.3,108.8
2026-09-14T08:37:16.162+00:00,ASTER,HL,7.6459,0.8459,1556.79,0.78,1555.6,34.792,1557.64,1555.5,0.0003250100,0.0000062500,0.3,108.8
2026-09-14T08:37:16.162+00:00,ASTER,ENTROPY,7.6463,0.8463,1556.79,0.78,1555.6,0.022,1557.64,1555.2,0.0003250100,0.0000017048,0.3,108.8
2026-09-14T08:37:16.162+00:00,ASTER,HL,7.6459,0.8459,1556.79,0.78,1555.6,34.792,1557.7,1555.5,0.0003250100,0.0000062500,0.3,108.9
2026-09-14T08:37:16.162+00:00,ASTER,ENTROPY,7.6462,0.8462,1556.79,0.78,1555.6,0.022,1557.7,1555.2,0.0003250100,0.0000017048,0.3,108.8
2026-09-14T08:37:16.162+00:00,ASTER,HL,10.6649,3.8649,1557.26,3.04,1555.6,34.792,1557.7,1555.5,0.0003250100,0.0000062500,0.4,108.9
2026-09-14T08:37:16.162+00:00,ASTER,ENTROPY,10.6654,3.8654,1557.26,3.04,1555.6,0.022,1557.7,1555.2,0.0003250100,0.0000017048,0.4,108.8
2026-09-14T08:37:16.182+00:00,ASTER,HL,10.6649,3.8649,1557.26,3.04,1555.6,35.101,1557.7,1555.5,0.0003250100,0.0000062500,20.7,0.4
2026-09-14T08:37:16.203+00:00,ASTER,HL,10.6649,3.8649,1557.26,3.04,1555.6,35.101,1557.67,1555.5,0.0003250100,0.0000062500,0.2,20.7
2026-09-14T08:37:16.203+00:00,ASTER,ENTROPY,10.6654,3.8654,1557.26,3.04,1555.6,0.022,1557.67,1555.2,0.0003250100,0.0000017048,0.2,149.4
2026-09-14T08:37:16.203+00:00,ASTER,HL,10.6649,3.8649,1557.26,3.04,1555.6,35.101,1557.67,1555.5,0.0003250100,0.0000062500,0.3,20.8
2026-09-14T08:37:16.203+00:00,ASTER,ENTROPY,10.6654,3.8654,1557.26,3.04,1555.6,0.022,1557.67,1555.2,0.0003250100,0.0000017048,0.3,149.6
2026-09-14T08:37:16.250+00:00,ASTER,HL,10.6650,3.8650,1557.26,3.04,1555.6,35.101,1557.63,1555.5,0.0003250100,0.0000062500,0.2,68.4
2026-09-14T08:37:16.250+00:00,ASTER,ENTROPY,10.6655,3.8655,1557.26,3.04,1555.6,0.022,1557.63,1555.2,0.0003250100,0.0000017048,0.2,197.2
2026-09-14T08:37:16.337+00:00,ASTER,HL,9.2519,2.4519,1557.04,17.96,1555.6,35.101,1557.63,1555.5,0.0003250100,0.0000062500,0.2,155.3
2026-09-14T08:37:16.337+00:00,ASTER,ENTROPY,9.2523,2.4523,1557.04,17.96,1555.6,0.022,1557.63,1555.2,0.0003250100,0.0000017048,0.2,284.1
2026-09-14T08:37:16.345+00:00,ASTER,HL,9.2519,2.4519,1557.04,8.98,1555.6,35.101,1557.63,1555.5,0.0003250100,0.0000062500,0.2,163.0
2026-09-14T08:37:16.345+00:00,ASTER,ENTROPY,9.2523,2.4523,1557.04,8.98,1555.6,0.022,1557.63,1555.2,0.0003250100,0.0000017048,0.2,291.8
2026-09-14T08:37:16.345+00:00,ASTER,HL,8.3526,1.5526,1556.9,0.04,1555.6,35.101,1557.63,1555.5,0.0003250100,0.0000062500,0.2,163.1
2026-09-14T08:37:16.345+00:00,ASTER,ENTROPY,8.3530,1.5530,1556.9,0.04,1555.6,0.022,1557.63,1555.2,0.0003250100,0.0000017048,0.2,291.9
2026-09-14T08:37:16.356+00:00,ASTER,HL,8.3526,1.5526,1556.9,0.04,1555.6,29.055,1557.63,1555.5,0.0003250100,0.0000062500,11.1,0.2
2026-09-14T08:37:16.356+00:00,ASTER,ENTROPY,8.3526,1.5526,1556.9,0.04,1555.6,0.012,1557.63,1555.5,0.0003250100,0.0000017048,11.3,0.4
2026-09-14T08:37:16.370+00:00,ASTER,HL,8.3526,1.5526,1556.9,0.04,1555.6,28.488,1557.63,1555.5,0.0003250100,0.0000062500,25.1,0.1
2026-09-14T08:37:16.427+00:00,ASTER,HL,8.3527,1.5527,1556.9,0.04,1555.6,28.488,1557.56,1555.5,0.0003250100,0.0000062500,0.3,57.2
2026-09-14T08:37:16.427+00:00,ASTER,ENTROPY,8.3527,1.5527,1556.9,0.04,1555.6,0.012,1557.56,1555.5,0.0003250100,0.0000017259,0.3,71.3
2026-09-14T08:37:16.427+00:00,ASTER,HL,8.3527,1.5527,1556.9,0.04,1555.6,28.488,1557.56,1555.5,0.0003250100,0.0000062500,0.4,57.4
2026-09-14T08:37:16.427+00:00,ASTER,ENTROPY,8.3527,1.5527,1556.9,0.04,1555.6,0.012,1557.56,1555.5,0.0003250100,0.0000017259,0.4,71.4
2026-09-14T08:37:16.427+00:00,ASTER,HL,8.5454,1.7454,1556.93,1.28,1555.6,28.488,1557.56,1555.5,0.0003250100,0.0000062500,0.4,57.4
2026-09-14T08:37:16.427+00:00,ASTER,ENTROPY,8.5454,1.7454,1556.93,1.28,1555.6,0.012,1557.56,1555.5,0.0003250100,0.0000017259,0.4,71.5
2026-09-14T08:37:16.427+00:00,ASTER,HL,8.5454,1.7454,1556.93,1.28,1555.6,28.488,1557.56,1555.5,0.0003250100,0.0000062500,0.4,57.4
2026-09-14T08:37:16.427+00:00,ASTER,ENTROPY,8.5454,1.7454,1556.93,1.28,1555.6,0.012,1557.56,1555.5,0.0003250100,0.0000017259,0.4,71.5
2026-09-14T08:37:16.427+00:00,ASTER,HL,8.5454,1.7454,1556.93,2.56,1555.6,28.488,1557.56,1555.5,0.0003250100,0.0000062500,0.5,57.5
2026-09-14T08:37:16.427+00:00,ASTER,ENTROPY,8.5454,1.7454,1556.93,2.56,1555.6,0.012,1557.56,1555.5,0.0003250100,0.0000017259,0.5,71.5
2026-09-14T08:37:16.427+00:00,ASTER,HL,8.5454,1.7454,1556.93,2.56,1555.6,28.488,1557.56,1555.5,0.0003250100,0.0000062500,0.5,57.5
2026-09-14T08:37:16.427+00:00,ASTER,ENTROPY,8.5454,1.7454,1556.93,2.56,1555.6,0.012,1557.56,1555.5,0.0003250100,0.0000017259,0.5,71.5
2026-09-14T08:37:16.454+00:00,ASTER,HL,8.5454,1.7454,1556.93,2.56,1555.6,28.488,1557.56,1555.5,0.0003250100,0.0000062500,27.2,0.2
2026-09-14T08:37:16.457+00:00,ASTER,HL,8.5454,1.7454,1556.93,2.56,1555.6,28.488,1557.56,1555.5,0.0003250100,0.0000062500,0.1,3.6
2026-09-14T08:37:16.457+00:00,ASTER,ENTROPY,8.5454,1.7454,1556.93,2.56,1555.6,0.012,1557.56,1555.5,0.0003250100,0.0000017259,0.1,101.6
2026-09-14T08:37:16.457+00:00,ASTER,HL,8.5454,1.7454,1556.93,2.56,1555.6,28.488,1557.56,1555.5,0.0003250100,0.0000062500,0.2,3.7
2026-09-14T08:37:16.457+00:00,ASTER,ENTROPY,8.5454,1.7454,1556.93,2.56,1555.6,0.012,1557.56,1555.5,0.0003250100,0.0000017259,0.2,101.7
2026-09-14T08:37:16.457+00:00,ASTER,HL,8.5454,1.7454,1556.93,1.28,1555.6,28.488,1557.56,1555.5,0.0003250100,0.0000062500,0.2,3.7
2026-09-14T08:37:16.457+00:00,ASTER,ENTROPY,8.5454,1.7454,1556.93,1.28,1555.6,0.012,1557.56,1555.5,0.0003250100,0.0000017259,0.2,101.7
2026-09-14T08:37:16.457+00:00,ASTER,HL,8.5454,1.7454,1556.93,1.28,1555.6,28.488,1557.56,1555.5,0.0003250100,0.0000062500,0.3,3.7
2026-09-14T08:37:16.457+00:00,ASTER,ENTROPY,8.5454,1.7454,1556.93,1.28,1555.6,0.012,1557.56,1555.5,0.0003250100,0.0000017259,0.3,101.8
2026-09-14T08:37:16.457+00:00,ASTER,HL,7.9672,1.1672,1556.84,16.37,1555.6,28.488,1557.56,1555.5,0.0003250100,0.0000062500,0.3,3.7
2026-09-14T08:37:16.457+00:00,ASTER,ENTROPY,7.9672,1.1672,1556.84,16.37,1555.6,0.012,1557.56,1555.5,0.0003250100,0.0000017259,0.3,101.8
2026-09-14T08:37:16.457+00:00,ASTER,HL,7.9671,1.1671,1556.84,16.37,1555.6,28.488,1557.63,1555.5,0.0003250100,0.0000062500,0.3,3.8
2026-09-14T08:37:16.457+00:00,ASTER,ENTROPY,7.9671,1.1671,1556.84,16.37,1555.6,0.012,1557.63,1555.5,0.0003250100,0.0000017259,0.3,101.8
2026-09-14T08:37:16.457+00:00,ASTER,HL,7.6459,0.8459,1556.79,0.78,1555.6,28.488,1557.63,1555.5,0.0003250100,0.0000062500,0.3,3.8
2026-09-14T08:37:16.457+00:00,ASTER,ENTROPY,7.6459,0.8459,1556.79,0.78,1555.6,0.012,1557.63,1555.5,0.0003250100,0.0000017259,0.3,101.8
2026-09-14T08:37:16.458+00:00,ASTER,HL,7.6462,0.8462,1556.79,0.78,1555.6,28.488,1557.4,1555.5,0.0003250100,0.0000062500,0.9,4.4
2026-09-14T08:37:16.458+00:00,ASTER,ENTROPY,7.6462,0.8462,1556.79,0.78,1555.6,0.012,1557.4,1555.5,0.0003250100,0.0000017259,0.9,102.4
2026-09-14T08:37:16.458+00:00,ASTER,HL,9.0595,2.2595,1557.01,3.04,1555.6,28.488,1557.4,1555.5,0.0003250100,0.0000062500,0.9,4.4
2026-09-14T08:37:16.458+00:00,ASTER,ENTROPY,9.0595,2.2595,1557.01,3.04,1555.6,0.012,1557.4,1555.5,0.0003250100,0.0000017259,0.9,102.4
2026-09-14T08:37:16.551+00:00,ASTER,HL,9.0595,2.2595,1557.01,3.04,1555.6,28.488,1557.39,1555.5,0.0003250100,0.0000062500,0.7,97.1
2026-09-14T08:37:16.551+00:00,ASTER,ENTROPY,9.0595,2.2595,1557.01,3.04,1555.6,0.012,1557.39,1555.5,0.0003250100,0.0000017259,0.7,195.1
2026-09-14T08:37:16.640+00:00,ASTER,HL,7.1323,0.3323,1556.71,0.04,1555.6,28.488,1557.39,1555.5,0.0003250100,0.0000062500,0.2,185.9
2026-09-14T08:37:16.640+00:00,ASTER,ENTROPY,7.1323,0.3323,1556.71,0.04,1555.6,0.012,1557.39,1555.5,0.0003250100,0.0000017259,0.2,283.9
2026-09-14T08:37:16.655+00:00,ASTER,HL,7.1323,0.3323,1556.71,0.04,1555.6,28.488,1557.35,1555.5,0.0003250100,0.0000062500,0.2,201.8
2026-09-14T08:37:16.655+00:00,ASTER,ENTROPY,7.1323,0.3323,1556.71,0.04,1555.6,0.012,1557.35,1555.5,0.0003250100,0.0000017259,0.2,299.8
2026-09-14T08:37:16.655+00:00,ASTER,HL,7.1966,0.3966,1556.72,5.06,1555.6,28.488,1557.35,1555.5,0.0003250100,0.0000062500,0.3,201.9
2026-09-14T08:37:16.655+00:00,ASTER,ENTROPY,7.1966,0.3966,1556.72,5.06,1555.6,0.012,1557.35,1555.5,0.0003250100,0.0000017259,0.3,300.0
2026-09-14T08:37:16.655+00:00,ASTER,HL,7.1966,0.3966,1556.72,5.06,1555.6,28.488,1557.35,1555.5,0.0003250100,0.0000062500,0.3,202.0
2026-09-14T08:37:16.655+00:00,ASTER,ENTROPY,7.1966,0.3966,1556.72,5.06,1555.6,0.012,1557.35,1555.5,0.0003250100,0.0000017259,0.3,300.0
2026-09-14T08:37:16.656+00:00,ASTER,HL,7.1966,0.3966,1556.72,10.12,1555.6,28.488,1557.35,1555.5,0.0003250100,0.0000062500,0.4,202.0
2026-09-14T08:37:16.656+00:00,ASTER,ENTROPY,7.1966,0.3966,1556.72,10.12,1555.6,0.012,1557.35,1555.5,0.0003250100,0.0000017259,0.4,300.0
2026-09-14T08:37:16.658+00:00,ASTER,HL,7.7105,0.9105,1556.8,0.78,1555.6,28.488,1557.35,1555.5,0.0003250100,0.0000062500,0.1,204.2
2026-09-14T08:37:16.658+00:00,ASTER,ENTROPY,7.7105,0.9105,1556.8,0.78,1555.6,0.012,1557.35,1555.5,0.0003250100,0.0000017259,0.1,302.2
2026-09-14T08:37:16.705+00:00,ASTER,HL,7.0678,0.2678,1556.8,0.78,1555.7,0.041,1557.35,1555.6,0.0003250100,0.0000062500,47.0,0.2
2026-09-14T08:37:16.736+00:00,ASTER,HL,7.0678,0.2678,1556.8,0.78,1555.7,0.041,1557.35,1555.6,0.0003250100,0.0000062500,0.2,31.5
2026-09-14T08:37:16.736+00:00,ASTER,ENTROPY,7.7105,0.9105,1556.8,0.78,1555.6,0.012,1557.35,1555.5,0.0003250100,0.0000017259,0.2,380.4
2026-09-14T08:37:16.737+00:00,ASTER,HL,7.0677,0.2677,1556.8,0.78,1555.7,0.041,1557.39,1555.6,0.0003250100,0.0000062500,0.3,31.7
2026-09-14T08:37:16.737+00:00,ASTER,ENTROPY,7.7105,0.9105,1556.8,0.78,1555.6,0.012,1557.39,1555.5,0.0003250100,0.0000017259,0.3,380.6
2026-09-14T08:37:16.737+00:00,ASTER,HL,7.0678,0.2678,1556.8,0.78,1555.7,0.041,1557.34,1555.6,0.0003250100,0.0000062500,0.3,31.7
2026-09-14T08:37:16.737+00:00,ASTER,ENTROPY,7.7105,0.9105,1556.8,0.78,1555.6,0.012,1557.34,1555.5,0.0003250100,0.0000017259,0.3,380.6
2026-09-14T08:37:16.763+00:00,ASTER,HL,7.0678,0.2678,1556.8,0.78,1555.7,0.041,1557.34,1555.6,0.0003250100,0.0000062500,0.1,57.8
2026-09-14T08:37:16.763+00:00,ASTER,ENTROPY,7.7105,0.9105,1556.8,0.78,1555.6,0.012,1557.34,1555.5,0.0003250100,0.0000017259,0.1,406.8
2026-09-14T08:37:16.763+00:00,ASTER,HL,7.7744,0.9744,1556.91,3.04,1555.7,0.041,1557.34,1555.6,0.0003250100,0.0000062500,0.2,58.0
2026-09-14T08:37:16.763+00:00,ASTER,ENTROPY,8.4172,1.6172,1556.91,3.04,1555.6,0.012,1557.34,1555.5,0.0003250100,0.0000017259,0.2,406.9
2026-09-14T08:37:16.763+00:00,ASTER,HL,8.1598,1.3598,1556.97,3.04,1555.7,0.041,1557.34,1555.6,0.0003250100,0.0000062500,0.3,58.0
2026-09-14T08:37:16.763+00:00,ASTER,ENTROPY,8.8026,2.0026,1556.97,3.04,1555.6,0.012,1557.34,1555.5,0.0003250100,0.0000017259,0.3,406.9
2026-09-14T08:37:16.809+00:00,ASTER,HL,8.1598,1.3598,1556.97,3.04,1555.7,0.311,1557.34,1555.6,0.0003250100,0.0000062500,47.2,0.2
2026-09-14T08:37:16.829+00:00,ASTER,HL,8.1598,1.3598,1556.97,3.04,1555.7,0.311,1557.34,1555.6,0.0003250100,0.0000062500,0.1,20.1
2026-09-14T08:37:16.829+00:00,ASTER,ENTROPY,8.8026,2.0026,1556.97,3.04,1555.6,0.012,1557.34,1555.5,0.0003250100,0.0000017259,0.1,473.7
2026-09-14T08:37:16.864+00:00,ASTER,HL,8.1601,1.3601,1556.97,3.04,1555.7,26.256,1557.34,1555.4,0.0003250100,0.0000062500,34.6,0.3
2026-09-14T08:37:16.864+00:00,ASTER,ENTROPY,8.1600,1.3600,1556.97,3.04,1555.7,0.2341,1557.34,1555.5,0.0003250100,0.0000017259,34.8,0.4
2026-09-14T08:37:16.917+00:00,ASTER,HL,9.4456,2.6456,1556.97,3.04,1555.5,0.872,1557.34,1555.3,0.0003250100,0.0000062500,88.0,0.3
2026-09-14T08:37:16.917+00:00,ASTER,ENTROPY,8.1602,1.3602,1556.97,3.04,1555.7,0.079,1557.34,1555.3,0.0003250100,0.0000017259,88.2,0.3
2026-09-14T08:37:16.946+00:00,ASTER,HL,9.4456,2.6456,1556.97,3.04,1555.5,0.872,1557.34,1555.3,0.0003250100,0.0000062500,117.0,0.2
2026-09-14T08:37:16.946+00:00,ASTER,ENTROPY,8.8029,2.0029,1556.97,3.04,1555.6,1.2635,1557.34,1555.3,0.0003250100,0.0000017259,117.2,0.4
2026-09-14T08:37:17.088+00:00,ASTER,HL,9.4456,2.6456,1556.97,3.04,1555.5,1.744,1557.34,1555.3,0.0003250100,0.0000062500,259.3,0.2
2026-09-14T08:37:17.144+00:00,ASTER,HL,9.4456,2.6456,1556.97,3.04,1555.5,1.744,1557.34,1555.3,0.0003250100,0.0000062500,0.1,55.7
2026-09-14T08:37:17.144+00:00,ASTER,ENTROPY,8.8029,2.0029,1556.97,3.04,1555.6,1.2635,1557.34,1555.3,0.0003250100,0.0000017259,0.1,198.0
2026-09-14T08:37:17.144+00:00,ASTER,HL,9.4456,2.6456,1556.97,3.04,1555.5,1.744,1557.34,1555.3,0.0003250100,0.0000062500,0.2,55.8
2026-09-14T08:37:17.144+00:00,ASTER,ENTROPY,8.8029,2.0029,1556.97,3.04,1555.6,1.2635,1557.34,1555.3,0.0003250100,0.0000017259,0.2,198.1
2026-09-14T08:37:17.187+00:00,ASTER,HL,8.3535,1.5535,1556.8,0.78,1555.5,1.744,1557.34,1555.3,0.0003250100,0.0000062500,0.1,98.9
2026-09-14T08:37:17.187+00:00,ASTER,ENTROPY,7.7108,0.9108,1556.8,0.78,1555.6,1.2635,1557.34,1555.3,0.0003250100,0.0000017259,0.1,241.2
2026-09-14T08:37:17.229+00:00,ASTER,HL,8.9962,2.1962,1556.8,0.78,1555.4,0.872,1557.34,1555.3,0.0003250100,0.0000062500,42.1,0.3
2026-09-14T08:37:17.245+00:00,ASTER,HL,8.9962,2.1962,1556.8,0.78,1555.4,0.872,1557.33,1555.3,0.0003250100,0.0000062500,0.2,16.0
2026-09-14T08:37:17.245+00:00,ASTER,ENTROPY,7.7108,0.9108,1556.8,0.78,1555.6,1.2635,1557.33,1555.3,0.0003250100,0.0000017259,0.2,298.9
2026-09-14T08:37:17.288+00:00,ASTER,HL,9.4459,2.6459,1556.87,3.04,1555.4,0.872,1557.33,1555.3,0.0003250100,0.0000062500,0.2,59.6
2026-09-14T08:37:17.288+00:00,ASTER,ENTROPY,8.1605,1.3605,1556.87,3.04,1555.6,1.2635,1557.33,1555.3,0.0003250100,0.0000017259,0.2,342.4
2026-09-14T08:37:17.326+00:00,ASTER,HL,8.9962,2.1962,1556.8,0.78,1555.4,0.872,1557.33,1555.3,0.0003250100,0.0000062500,0.2,96.7
2026-09-14T08:37:17.326+00:00,ASTER,ENTROPY,7.7108,0.9108,1556.8,0.78,1555.6,1.2635,1557.33,1555.3,0.0003250100,0.0000017259,0.2,379.5
2026-09-14T08:37:17.331+00:00,ASTER,HL,8.3538,1.5538,1556.7,11.18,1555.4,0.872,1557.33,1555.3,0.0003250100,0.0000062500,0.1,102.2
2026-09-14T08:37:17.331+00:00,ASTER,ENTROPY,7.0684,0.2684,1556.7,11.18,1555.6,1.2635,1557.33,1555.3,0.0003250100,0.0000017259,0.1,385.0
2026-09-14T08:37:17.382+00:00,ASTER,HL,8.3538,1.5538,1556.7,11.18,1555.4,1.836,1557.33,1555.3,0.0003250100,0.0000062500,50.9,0.2
2026-09-14T08:37:17.382+00:00,ASTER,ENTROPY,7.0682,0.2682,1556.7,11.18,1555.6,1.2635,1557.33,1555.4,0.0003250100,0.0000017259,51.1,0.3
2026-09-14T08:37:17.422+00:00,ASTER,HL,8.3538,1.5538,1556.7,11.18,1555.4,0.964,1557.33,1555.3,0.0003250100,0.0000062500,90.7,0.2
2026-09-14T08:37:17.422+00:00,ASTER,ENTROPY,7.0682,0.2682,1556.7,11.18,1555.6,1.4606,1557.33,1555.4,0.0003250100,0.0000017259,90.8,0.4
2026-09-14T08:37:17.424+00:00,ASTER,HL,8.3538,1.5538,1556.7,5.59,1555.4,0.964,1557.33,1555.3,0.0003250100,0.0000062500,0.1,2.7
2026-09-14T08:37:17.424+00:00,ASTER,ENTROPY,7.0682,0.2682,1556.7,5.59,1555.6,1.4606,1557.33,1555.4,0.0003250100,0.0000017259,0.1,2.6
2026-09-14T08:37:17.424+00:00,ASTER,HL,8.0968,1.2968,1556.66,0.64,1555.4,0.964,1557.33,1555.3,0.0003250100,0.0000062500,0.2,2.8
2026-09-14T08:37:17.424+00:00,ASTER,ENTROPY,6.8113,0.0113,1556.66,0.64,1555.6,1.4606,1557.33,1555.4,0.0003250100,0.0000017259,0.2,2.7
2026-09-14T08:37:17.424+00:00,ASTER,HL,8.0969,1.2969,1556.66,0.64,1555.4,0.964,1557.27,1555.3,0.0003250100,0.0000062500,0.2,2.8
2026-09-14T08:37:17.424+00:00,ASTER,ENTROPY,6.8113,0.0113,1556.66,0.64,1555.6,1.4606,1557.27,1555.4,0.0003250100,0.0000017259,0.2,2.8
2026-09-14T08:37:17.424+00:00,ASTER,HL,8.0970,1.2970,1556.66,0.64,1555.4,0.964,1557.17,1555.3,0.0003250100,0.0000062500,0.2,2.8
2026-09-14T08:37:17.424+00:00,ASTER,ENTROPY,6.8114,0.0114,1556.66,0.64,1555.6,1.4606,1557.17,1555.4,0.0003250100,0.0000017259,0.2,2.8
2026-09-14T08:37:17.424+00:00,ASTER,HL,8.0970,1.2970,1556.66,0.64,1555.4,0.964,1557.17,1555.3,0.0003250100,0.0000062500,0.3,2.9
2026-09-14T08:37:17.424+00:00,ASTER,ENTROPY,6.8114,0.0114,1556.66,0.64,1555.6,1.4606,1557.17,1555.4,0.0003250100,0.0000017259,0.3,2.8
2026-09-14T08:37:17.441+00:00,ASTER,HL,8.2255,1.4255,1556.68,3.04,1555.4,0.964,1557.17,1555.3,0.0003250100,0.0000062500,0.1,19.5
2026-09-14T08:37:17.441+00:00,ASTER,ENTROPY,6.9399,0.1399,1556.68,3.04,1555.6,1.4606,1557.17,1555.4,0.0003250100,0.0000017259,0.1,19.5
2026-09-14T08:37:17.477+00:00,ASTER,HL,8.2255,1.4255,1556.68,3.04,1555.4,1.964,1557.17,1555.3,0.0003250100,0.0000062500,36.3,0.3
2026-09-14T08:37:17.477+00:00,ASTER,HL,8.2255,1.4255,1556.68,3.04,1555.4,6.486,1557.17,1555.3,0.0003250100,0.0000062500,36.5,0.3
2026-09-14T08:37:17.495+00:00,ASTER,HL,8.2255,1.4255,1556.68,3.04,1555.4,6.486,1557.16,1555.3,0.0003250100,0.0000062500,0.1,18.0
2026-09-14T08:37:17.495+00:00,ASTER,ENTROPY,6.9399,0.1399,1556.68,3.04,1555.6,1.4606,1557.16,1555.4,0.0003250100,0.0000017259,0.1,73.6
2026-09-14T08:37:17.495+00:00,ASTER,HL,8.2255,1.4255,1556.68,3.04,1555.4,6.486,1557.16,1555.3,0.0003250100,0.0000062500,0.2,18.1
2026-09-14T08:37:17.495+00:00,ASTER,ENTROPY,6.9399,0.1399,1556.68,3.04,1555.6,1.4606,1557.16,1555.4,0.0003250100,0.0000017259,0.2,73.7
2026-09-14T08:37:17.531+00:00,ASTER,HL,8.0970,1.2970,1556.66,0.64,1555.4,6.486,1557.16,1555.3,0.0003250100,0.0000062500,0.2,53.6
2026-09-14T08:37:17.531+00:00,ASTER,ENTROPY,6.8114,0.0114,1556.66,0.64,1555.6,1.4606,1557.16,1555.4,0.0003250100,0.0000017259,0.2,109.2
2026-09-14T08:37:17.544+00:00,ASTER,HL,8.2898,1.4898,1556.69,3.04,1555.4,6.486,1557.16,1555.3,0.0003250100,0.0000062500,0.2,66.9
2026-09-14T08:37:17.544+00:00,ASTER,ENTROPY,7.0042,0.2042,1556.69,3.04,1555.6,1.4606,1557.16,1555.4,0.0003250100,0.0000017259,0.2,122.5
2026-09-14T08:37:17.547+00:00,ASTER,HL,8.5467,1.7467,1556.73,3.04,1555.4,6.486,1557.16,1555.3,0.0003250100,0.0000062500,0.1,70.1
2026-09-14T08:37:17.547+00:00,ASTER,ENTROPY,7.2612,0.4612,1556.73,3.04,1555.6,1.4606,1557.16,1555.4,0.0003250100,0.0000017259,0.1,125.6
2026-09-14T08:37:17.627+00:00,ASTER,HL,8.5467,1.7467,1556.73,3.04,1555.4,6.486,1557.16,1555.3,0.0003250100,0.0000062500,0.3,149.9
2026-09-14T08:37:17.627+00:00,ASTER,ENTROPY,7.2612,0.4612,1556.73,3.04,1555.6,1.4606,1557.16,1555.4,0.0003250100,0.0000017259,0.3,205.5
2026-09-14T08:37:17.627+00:00,ASTER,HL,8.2898,1.4898,1556.69,3.04,1555.4,6.486,1557.16,1555.3,0.0003250100,0.0000062500,0.5,150.1
2026-09-14T08:37:17.627+00:00,ASTER,ENTROPY,7.0042,0.2042,1556.69,3.04,1555.6,1.4606,1557.16,1555.4,0.0003250100,0.0000017259,0.5,205.7
2026-09-14T08:37:17.637+00:00,ASTER,HL,8.0970,1.2970,1556.66,0.64,1555.4,6.486,1557.16,1555.3,0.0003250100,0.0000062500,0.2,160.2
2026-09-14T08:37:17.637+00:00,ASTER,ENTROPY,6.8114,0.0114,1556.66,0.64,1555.6,1.4606,1557.16,1555.4,0.0003250100,0.0000017259,0.2,215.8
2026-09-14T08:37:17.641+00:00,ASTER,HL,9.3819,2.5819,1556.86,3.04,1555.4,6.486,1557.16,1555.3,0.0003250100,0.0000062500,0.2,163.8
2026-09-14T08:37:17.641+00:00,ASTER,ENTROPY,8.0964,1.2964,1556.86,3.04,1555.6,1.4606,1557.16,1555.4,0.0003250100,0.0000017259,0.2,219.3
2026-09-14T08:37:17.643+00:00,ASTER,HL,9.7674,2.9674,1556.92,3.04,1555.4,6.486,1557.16,1555.3,0.0003250100,0.0000062500,0.1,165.6
2026-09-14T08:37:17.643+00:00,ASTER,ENTROPY,8.4818,1.6818,1556.92,3.04,1555.6,1.4606,1557.16,1555.4,0.0003250100,0.0000017259,0.1,221.1
2026-09-14T08:37:17.675+00:00,ASTER,HL,9.7674,2.9674,1556.92,3.04,1555.4,12.993,1557.16,1555.3,0.0003250100,0.0000062500,32.7,0.3
2026-09-14T08:37:17.675+00:00,ASTER,ENTROPY,8.4822,1.6822,1556.92,3.04,1555.6,1.4606,1557.16,1555.1,0.0003250100,0.0000017259,32.8,0.4
2026-09-14T08:37:17.687+00:00,ASTER,HL,9.3819,2.5819,1556.86,3.04,1555.4,12.993,1557.16,1555.3,0.0003250100,0.0000062500,0.2,12.1
2026-09-14T08:37:17.687+00:00,ASTER,ENTROPY,8.0967,1.2967,1556.86,3.04,1555.6,1.4606,1557.16,1555.1,0.0003250100,0.0000017259,0.2,12.1
2026-09-14T08:37:17.692+00:00,ASTER,HL,8.9322,2.1322,1556.79,0.78,1555.4,12.993,1557.16,1555.3,0.0003250100,0.0000062500,0.2,16.8
2026-09-14T08:37:17.692+00:00,ASTER,ENTROPY,7.6470,0.8470,1556.79,0.78,1555.6,1.4606,1557.16,1555.1,0.0003250100,0.0000017259,0.2,16.7
2026-09-14T08:37:17.697+00:00,ASTER,HL,10.0244,3.2244,1556.96,3.04,1555.4,12.993,1557.16,1555.3,0.0003250100,0.0000062500,0.1,22.3
2026-09-14T08:37:17.697+00:00,ASTER,ENTROPY,8.7392,1.9392,1556.96,3.04,1555.6,1.4606,1557.16,1555.1,0.0003250100,0.0000017259,0.1,22.3
2026-09-14T08:37:17.769+00:00,ASTER,HL,10.0247,3.2247,1556.96,3.04,1555.4,12.993,1557.16,1555.1,0.0003250100,0.0000062500,71.8,0.3
2026-09-14T08:37:17.846+00:00,ASTER,HL,11.3103,4.5103,1556.96,3.04,1555.2,76.41,1557.16,1555.1,0.0003250100,0.0000062500,148.5,0.2
2026-09-14T08:37:17.846+00:00,ASTER,ENTROPY,9.3819,2.5819,1556.96,3.04,1555.5,0.3073,1557.16,1555.1,0.0003250100,0.0000017259,148.6,0.3
2026-09-14T08:37:17.863+00:00,ASTER,HL,11.3103,4.5103,1556.96,3.04,1555.2,114.615,1557.16,1555.1,0.0003250100,0.0000062500,165.4,0.2
2026-09-14T08:37:17.863+00:00,ASTER,ENTROPY,9.3819,2.5819,1556.96,3.04,1555.5,0.6762,1557.16,1555.1,0.0003250100,0.0000017259,165.5,0.3
2026-09-14T08:37:17.880+00:00,ASTER,HL,11.3100,4.5100,1556.96,3.04,1555.2,114.615,1557.34,1555.1,0.0003250100,0.0000062500,0.2,18.4
2026-09-14T08:37:17.880+00:00,ASTER,ENTROPY,9.3817,2.5817,1556.96,3.04,1555.5,0.6762,1557.34,1555.1,0.0003250100,0.0000017259,0.2,18.3
2026-09-14T08:37:17.881+00:00,ASTER,HL,10.2178,3.4178,1556.79,0.78,1555.2,114.615,1557.34,1555.1,0.0003250100,0.0000062500,0.3,18.5
2026-09-14T08:37:17.881+00:00,ASTER,ENTROPY,8.2895,1.4895,1556.79,0.78,1555.5,0.6762,1557.34,1555.1,0.0003250100,0.0000017259,0.3,18.5
2026-09-14T08:37:17.893+00:00,ASTER,HL,11.3742,4.5742,1556.97,3.04,1555.2,114.615,1557.34,1555.1,0.0003250100,0.0000062500,0.1,31.3
2026-09-14T08:37:17.893+00:00,ASTER,ENTROPY,9.4459,2.6459,1556.97,3.04,1555.5,0.6762,1557.34,1555.1,0.0003250100,0.0000017259,0.1,31.3
2026-09-14T08:37:17.899+00:00,ASTER,HL,11.5669,4.7669,1557.0,3.04,1555.2,114.615,1557.34,1555.1,0.0003250100,0.0000062500,0.1,36.7
2026-09-14T08:37:17.899+00:00,ASTER,ENTROPY,9.6386,2.8386,1557.0,3.04,1555.5,0.6762,1557.34,1555.1,0.0003250100,0.0000017259,0.1,36.6
2026-09-14T08:37:17.930+00:00,ASTER,HL,11.3742,4.5742,1556.97,3.04,1555.2,114.615,1557.34,1555.1,0.0003250100,0.0000062500,0.1,67.7
2026-09-14T08:37:17.930+00:00,ASTER,ENTROPY,9.4459,2.6459,1556.97,3.04,1555.5,0.6762,1557.34,1555.1,0.0003250100,0.0000017259,0.1,67.7
2026-09-14T08:37:17.994+00:00,ASTER,HL,10.2178,3.4178,1556.79,0.78,1555.2,114.615,1557.34,1555.1,0.0003250100,0.0000062500,0.2,132.1
2026-09-14T08:37:17.994+00:00,ASTER,ENTROPY,8.2895,1.4895,1556.79,0.78,1555.5,0.6762,1557.34,1555.1,0.0003250100,0.0000017259,0.2,132.0
2026-09-14T08:37:18.033+00:00,ASTER,HL,8.9323,2.1323,1556.79,0.78,1555.4,7.964,1557.34,1555.1,0.0003250100,0.0000062500,38.8,0.2
2026-09-14T08:37:18.033+00:00,ASTER,ENTROPY,7.6465,0.8465,1556.79,0.78,1555.6,1.2635,1557.34,1555.3,0.0003250100,0.0000017259,39.0,0.3
2026-09-14T08:37:18.048+00:00,ASTER,HL,8.9320,2.1320,1556.79,0.78,1555.4,6.753,1557.34,1555.3,0.0003250100,0.0000062500,54.1,0.1
2026-09-14T08:37:18.101+00:00,ASTER,HL,8.9320,2.1320,1556.79,0.78,1555.4,7.396,1557.34,1555.3,0.0003250100,0.0000062500,107.1,0.2
2026-09-14T08:37:18.143+00:00,ASTER,HL,8.9962,2.1962,1556.8,0.04,1555.4,7.396,1557.34,1555.3,0.0003250100,0.0000062500,0.1,41.9
2026-09-14T08:37:18.143+00:00,ASTER,ENTROPY,7.7108,0.9108,1556.8,0.04,1555.6,1.2635,1557.34,1555.3,0.0003250100,0.0000017259,0.1,110.2
2026-09-14T08:37:18.143+00:00,ASTER,HL,10.4095,3.6095,1557.02,3.04,1555.4,7.396,1557.34,1555.3,0.0003250100,0.0000062500,0.2,42.0
2026-09-14T08:37:18.143+00:00,ASTER,ENTROPY,9.1241,2.3241,1557.02,3.04,1555.6,1.2635,1557.34,1555.3,0.0003250100,0.0000017259,0.2,110.3
2026-09-14T08:37:18.146+00:00,ASTER,HL,10.4738,3.6738,1557.03,3.04,1555.4,7.396,1557.34,1555.3,0.0003250100,0.0000062500,0.7,45.3
2026-09-14T08:37:18.146+00:00,ASTER,ENTROPY,9.1884,2.3884,1557.03,3.04,1555.6,1.2635,1557.34,1555.3,0.0003250100,0.0000017259,0.7,113.6
2026-09-14T08:37:18.158+00:00,ASTER,HL,10.7950,3.9950,1557.08,3.04,1555.4,7.396,1557.34,1555.3,0.0003250100,0.0000062500,0.1,57.0
2026-09-14T08:37:18.158+00:00,ASTER,ENTROPY,9.5096,2.7096,1557.08,3.04,1555.6,1.2635,1557.34,1555.3,0.0003250100,0.0000017259,0.1,125.3
2026-09-14T08:37:18.203+00:00,ASTER,HL,10.7950,3.9950,1557.08,3.04,1555.4,7.633,1557.34,1555.3,0.0003250100,0.0000062500,44.8,0.2
2026-09-14T08:37:18.280+00:00,ASTER,HL,9.2532,2.4532,1556.84,44.7,1555.4,7.633,1557.34,1555.3,0.0003250100,0.0000062500,0.3,77.7
2026-09-14T08:37:18.280+00:00,ASTER,ENTROPY,7.9678,1.1678,1556.84,44.7,1555.6,1.2635,1557.34,1555.3,0.0003250100,0.0000017259,0.3,247.4
2026-09-14T08:37:18.292+00:00,ASTER,HL,10.8592,4.0592,1557.09,3.04,1555.4,7.633,1557.34,1555.3,0.0003250100,0.0000062500,0.2,89.6
2026-09-14T08:37:18.292+00:00,ASTER,ENTROPY,9.5738,2.7738,1557.09,3.04,1555.6,1.2635,1557.34,1555.3,0.0003250100,0.0000017259,0.2,259.3
2026-09-14T08:37:18.382+00:00,ASTER,HL,10.2165,3.4165,1557.09,3.04,1555.5,21.735,1557.34,1555.3,0.0003250100,0.0000062500,90.3,0.2
2026-09-14T08:37:18.382+00:00,ASTER,ENTROPY,8.9310,2.1310,1557.09,3.04,1555.7,0.079,1557.34,1555.4,0.0003250100,0.0000017259,90.5,0.4
2026-09-14T08:37:18.414+00:00,ASTER,HL,10.8592,4.0592,1557.09,3.04,1555.4,0.964,1557.34,1555.3,0.0003250100,0.0000062500,122.2,0.2
2026-09-14T08:37:18.493+00:00,ASTER,HL,10.2165,3.4165,1557.09,3.04,1555.5,21.735,1557.34,1555.3,0.0003250100,0.0000062500,201.1,0.4
2026-09-14T08:37:18.493+00:00,ASTER,ENTROPY,8.9308,2.1308,1557.09,3.04,1555.7,0.079,1557.34,1555.5,0.0003250100,0.0000017259,201.3,0.5
2026-09-14T08:37:18.526+00:00,ASTER,HL,10.2163,3.4163,1557.09,3.04,1555.5,21.735,1557.34,1555.4,0.0003250100,0.0000062500,234.2,0.2
2026-09-14T08:37:18.526+00:00,ASTER,ENTROPY,8.2882,1.4882,1557.09,3.04,1555.8,0.218,1557.34,1555.5,0.0003250100,0.0000017259,234.4,0.4
2026-09-14T08:37:18.617+00:00,ASTER,HL,10.2163,3.4163,1557.09,3.04,1555.5,25.956,1557.34,1555.4,0.0003250100,0.0000062500,325.4,0.3
2026-09-14T08:37:18.617+00:00,ASTER,ENTROPY,8.2882,1.4882,1557.09,3.04,1555.8,0.218,1557.34,1555.5,0.0003250100,0.0000017259,325.6,0.4
2026-09-14T08:37:18.658+00:00,ASTER,HL,10.2163,3.4163,1557.09,3.04,1555.5,24.736,1557.34,1555.4,0.0003250100,0.0000062500,366.1,0.3
2026-09-14T08:37:18.658+00:00,ASTER,ENTROPY,8.9308,2.1308,1557.09,3.04,1555.7,0.2128,1557.34,1555.5,0.0003250100,0.0000017259,366.3,0.4
2026-09-14T08:37:18.727+00:00,ASTER,HL,10.2163,3.4163,1557.09,3.04,1555.5,21.735,1557.34,1555.4,0.0003250100,0.0000062500,435.7,0.3
2026-09-14T08:37:18.847+00:00,ASTER,HL,10.2163,3.4163,1557.09,3.04,1555.5,21.735,1557.34,1555.4,0.0003250100,0.0000062500,555.3,0.3
2026-09-14T08:37:18.847+00:00,ASTER,ENTROPY,8.2882,1.4882,1557.09,3.04,1555.8,0.218,1557.34,1555.5,0.0003250100,0.0000017259,555.6,0.5
2026-09-14T08:37:18.931+00:00,ASTER,HL,10.2163,3.4163,1557.09,3.04,1555.5,21.735,1557.34,1555.4,0.0003250100,0.0000062500,639.8,0.3
2026-09-14T08:37:19.180+00:00,ASTER,HL,8.6103,1.8103,1556.84,44.7,1555.5,21.735,1557.34,1555.4,0.0003250100,0.0000062500,0.2,248.1
2026-09-14T08:37:19.180+00:00,ASTER,HL,8.6103,1.8103,1556.84,44.7,1555.5,21.735,1557.39,1555.4,0.0003250100,0.0000062500,0.3,248.3
2026-09-14T08:37:19.180+00:00,ASTER,HL,8.6101,1.8101,1556.84,44.7,1555.5,21.735,1557.48,1555.4,0.0003250100,0.0000062500,0.4,248.4
2026-09-14T08:37:19.196+00:00,ASTER,HL,8.6101,1.8101,1556.84,44.7,1555.5,21.735,1557.48,1555.4,0.0003250100,0.0000062500,0.2,264.1
2026-09-14T08:37:19.196+00:00,ASTER,HL,8.6101,1.8101,1556.84,38.72,1555.5,21.735,1557.48,1555.4,0.0003250100,0.0000062500,0.3,264.2
2026-09-14T08:37:19.220+00:00,ASTER,HL,8.6101,1.8101,1556.84,22.35,1555.5,21.735,1557.48,1555.4,0.0003250100,0.0000062500,0.2,288.1
2026-09-14T08:37:19.220+00:00,ASTER,HL,8.6098,1.8098,1556.84,22.35,1555.5,21.735,1557.7,1555.4,0.0003250100,0.0000062500,0.3,288.2
2026-09-14T08:37:19.220+00:00,ASTER,HL,8.6098,1.8098,1556.84,16.37,1555.5,21.735,1557.7,1555.4,0.0003250100,0.0000062500,0.3,288.2
2026-09-14T08:37:19.220+00:00,ASTER,HL,8.3529,1.5529,1556.8,0.04,1555.5,21.735,1557.7,1555.4,0.0003250100,0.0000062500,0.3,288.2
2026-09-14T08:37:19.220+00:00,ASTER,HL,10.7938,3.9938,1557.18,3.04,1555.5,21.735,1557.7,1555.4,0.0003250100,0.0000062500,0.3,288.3
2026-09-14T08:37:19.220+00:00,ASTER,ENTROPY,8.8658,2.0658,1557.18,3.04,1555.8,0.218,1557.7,1555.5,0.0003250100,0.0000017259,0.3,372.8
2026-09-14T08:37:19.220+00:00,ASTER,HL,10.9865,4.1865,1557.21,3.04,1555.5,21.735,1557.7,1555.4,0.0003250100,0.0000062500,0.3,288.3
2026-09-14T08:37:19.220+00:00,ASTER,ENTROPY,9.0585,2.2585,1557.21,3.04,1555.8,0.218,1557.7,1555.5,0.0003250100,0.0000017259,0.3,372.8
2026-09-14T08:37:19.220+00:00,ASTER,HL,10.9866,4.1866,1557.21,3.04,1555.5,21.735,1557.64,1555.4,0.0003250100,0.0000062500,0.4,288.3
2026-09-14T08:37:19.220+00:00,ASTER,ENTROPY,9.0586,2.2586,1557.21,3.04,1555.8,0.218,1557.64,1555.5,0.0003250100,0.0000017259,0.4,372.8
2026-09-14T08:37:19.221+00:00,ASTER,HL,10.9866,4.1866,1557.21,3.04,1555.5,21.735,1557.64,1555.4,0.0003250100,0.0000062500,1.2,289.1
2026-09-14T08:37:19.221+00:00,ASTER,ENTROPY,9.0586,2.2586,1557.21,3.04,1555.8,0.218,1557.64,1555.5,0.0003250100,0.0000017259,1.2,373.7
2026-09-14T08:37:19.292+00:00,ASTER,HL,10.9866,4.1866,1557.21,3.04,1555.5,21.735,1557.63,1555.4,0.0003250100,0.0000062500,0.3,360.4
2026-09-14T08:37:19.292+00:00,ASTER,ENTROPY,9.0586,2.2586,1557.21,3.04,1555.8,0.218,1557.63,1555.5,0.0003250100,0.0000017259,0.3,445.0
2026-09-14T08:37:19.579+00:00,ASTER,HL,9.6377,2.8377,1557.0,4.96,1555.5,21.735,1557.63,1555.4,0.0003250100,0.0000062500,0.2,647.5
2026-09-14T08:37:19.579+00:00,ASTER,ENTROPY,7.7097,0.9097,1557.0,4.96,1555.8,0.218,1557.63,1555.5,0.0003250100,0.0000017259,0.2,732.0
2026-09-14T08:37:19.593+00:00,ASTER,HL,9.6377,2.8377,1557.0,2.48,1555.5,21.735,1557.63,1555.4,0.0003250100,0.0000062500,0.2,661.2
2026-09-14T08:37:19.593+00:00,ASTER,ENTROPY,7.7097,0.9097,1557.0,2.48,1555.8,0.218,1557.63,1555.5,0.0003250100,0.0000017259,0.2,745.8
2026-09-14T08:37:19.593+00:00,ASTER,HL,9.6378,2.8378,1557.0,2.48,1555.5,21.735,1557.61,1555.4,0.0003250100,0.0000062500,0.4,661.4
2026-09-14T08:37:19.593+00:00,ASTER,ENTROPY,7.7097,0.9097,1557.0,2.48,1555.8,0.218,1557.61,1555.5,0.0003250100,0.0000017259,0.4,746.0
2026-09-14T08:37:19.593+00:00,ASTER,HL,9.6379,2.8379,1557.0,2.48,1555.5,21.735,1557.55,1555.4,0.0003250100,0.0000062500,0.5,661.5
2026-09-14T08:37:19.593+00:00,ASTER,ENTROPY,7.7098,0.9098,1557.0,2.48,1555.8,0.218,1557.55,1555.5,0.0003250100,0.0000017259,0.5,746.0
2026-09-14T08:37:19.593+00:00,ASTER,HL,9.6379,2.8379,1557.0,2.48,1555.5,21.735,1557.55,1555.4,0.0003250100,0.0000062500,0.5,661.5
2026-09-14T08:37:19.593+00:00,ASTER,ENTROPY,7.7098,0.9098,1557.0,2.48,1555.8,0.218,1557.55,1555.5,0.0003250100,0.0000017259,0.5,746.1
2026-09-14T08:37:19.649+00:00,ASTER,HL,9.6379,2.8379,1557.0,2.48,1555.5,21.735,1557.55,1555.4,0.0003250100,0.0000062500,0.2,718.2
2026-09-14T08:37:19.649+00:00,ASTER,ENTROPY,7.7098,0.9098,1557.0,2.48,1555.8,0.218,1557.55,1555.5,0.0003250100,0.0000017259,0.2,802.7
2026-09-14T08:37:19.649+00:00,ASTER,HL,9.6378,2.8378,1557.0,2.48,1555.5,21.735,1557.61,1555.4,0.0003250100,0.0000062500,0.4,718.4
2026-09-14T08:37:19.649+00:00,ASTER,ENTROPY,7.7097,0.9097,1557.0,2.48,1555.8,0.218,1557.61,1555.5,0.0003250100,0.0000017259,0.4,802.9
2026-09-14T08:37:19.651+00:00,ASTER,HL,9.3808,2.5808,1556.96,16.37,1555.5,21.735,1557.61,1555.4,0.0003250100,0.0000062500,1.1,719.1
2026-09-14T08:37:19.651+00:00,ASTER,ENTROPY,7.4528,0.6528,1556.96,16.37,1555.8,0.218,1557.61,1555.5,0.0003250100,0.0000017259,1.1,803.6
2026-09-14T08:37:19.651+00:00,ASTER,HL,8.6100,1.8100,1556.84,0.01,1555.5,21.735,1557.61,1555.4,0.0003250100,0.0000062500,1.2,719.2
2026-09-14T08:37:19.670+00:00,ASTER,HL,7.9673,1.1673,1556.84,0.01,1555.6,7.202,1557.61,1555.4,0.0003250100,0.0000062500,20.5,0.3
2026-09-14T08:37:19.670+00:00,ASTER,HL,7.9672,1.1672,1556.84,0.01,1555.6,2.231,1557.61,1555.5,0.0003250100,0.0000062500,20.7,0.4
2026-09-14T08:37:19.670+00:00,ASTER,HL,7.9672,1.1672,1556.84,0.01,1555.6,2.231,1557.61,1555.5,0.0003250100,0.0000062500,20.7,0.4
2026-09-14T08:37:19.674+00:00,ASTER,HL,7.9672,1.1672,1556.84,0.01,1555.6,2.231,1557.61,1555.5,0.0003250100,0.0000062500,24.7,0.2
2026-09-14T08:37:19.686+00:00,ASTER,HL,7.9671,1.1671,1556.84,0.01,1555.6,2.231,1557.7,1555.5,0.0003250100,0.0000062500,0.1,12.0
2026-09-14T08:37:19.717+00:00,ASTER,HL,7.9673,1.1673,1556.84,0.01,1555.6,2.231,1557.53,1555.5,0.0003250100,0.0000062500,0.2,42.3
2026-09-14T08:37:19.717+00:00,ASTER,HL,7.9673,1.1673,1556.84,0.01,1555.6,2.231,1557.5,1555.5,0.0003250100,0.0000062500,0.3,42.4
2026-09-14T08:37:19.717+00:00,ASTER,HL,7.9673,1.1673,1556.84,0.01,1555.6,2.231,1557.48,1555.5,0.0003250100,0.0000062500,0.3,42.4
2026-09-14T08:37:19.717+00:00,ASTER,HL,7.9673,1.1673,1556.84,2.65,1555.6,2.231,1557.48,1555.5,0.0003250100,0.0000062500,0.3,42.4
2026-09-14T08:37:19.717+00:00,ASTER,HL,7.9673,1.1673,1556.84,2.65,1555.6,2.231,1557.48,1555.5,0.0003250100,0.0000062500,0.3,42.5
2026-09-14T08:37:19.717+00:00,ASTER,HL,7.9673,1.1673,1556.84,19.02,1555.6,2.231,1557.48,1555.5,0.0003250100,0.0000062500,0.3,42.5
2026-09-14T08:37:19.717+00:00,ASTER,HL,7.9673,1.1673,1556.84,19.02,1555.6,2.231,1557.48,1555.5,0.0003250100,0.0000062500,0.4,42.5
2026-09-14T08:37:19.717+00:00,ASTER,HL,7.9673,1.1673,1556.84,21.66,1555.6,2.231,1557.48,1555.5,0.0003250100,0.0000062500,0.4,42.5
2026-09-14T08:37:19.717+00:00,ASTER,HL,7.9673,1.1673,1556.84,21.66,1555.6,2.231,1557.48,1555.5,0.0003250100,0.0000062500,0.4,42.5
2026-09-14T08:37:19.717+00:00,ASTER,HL,7.9673,1.1673,1556.84,38.03,1555.6,2.231,1557.48,1555.5,0.0003250100,0.0000062500,0.4,42.5
2026-09-14T08:37:19.717+00:00,ASTER,HL,8.9309,2.1309,1556.99,3.04,1555.6,2.231,1557.48,1555.5,0.0003250100,0.0000062500,0.4,42.6
2026-09-14T08:37:19.717+00:00,ASTER,ENTROPY,7.6454,0.8454,1556.99,3.04,1555.8,0.1705,1557.48,1555.7,0.0003250100,0.0000017259,0.4,46.7
2026-09-14T08:37:19.741+00:00,ASTER,HL,8.9309,2.1309,1556.99,3.04,1555.6,6.445,1557.48,1555.5,0.0003250100,0.0000062500,25.2,0.2
2026-09-14T08:37:19.788+00:00,ASTER,HL,8.9309,2.1309,1556.99,3.04,1555.6,6.445,1557.47,1555.5,0.0003250100,0.0000062500,0.7,47.0
2026-09-14T08:37:19.788+00:00,ASTER,ENTROPY,7.6454,0.8454,1556.99,3.04,1555.8,0.1705,1557.47,1555.7,0.0003250100,0.0000017259,0.7,118.3
2026-09-14T08:37:19.788+00:00,ASTER,HL,8.9309,2.1309,1556.99,3.04,1555.6,6.445,1557.47,1555.5,0.0003250100,0.0000062500,0.9,47.1
2026-09-14T08:37:19.788+00:00,ASTER,ENTROPY,7.6454,0.8454,1556.99,3.04,1555.8,0.1705,1557.47,1555.7,0.0003250100,0.0000017259,0.9,118.4
2026-09-14T08:37:19.801+00:00,ASTER,HL,8.9309,2.1309,1556.99,3.04,1555.6,3.135,1557.47,1555.5,0.0003250100,0.0000062500,13.4,0.2
2026-09-14T08:37:19.909+00:00,ASTER,HL,8.9309,2.1309,1556.99,3.04,1555.6,8.253,1557.47,1555.5,0.0003250100,0.0000062500,121.3,0.3
2026-09-14T08:37:19.926+00:00,ASTER,HL,7.9673,1.1673,1556.84,38.03,1555.6,8.253,1557.47,1555.5,0.0003250100,0.0000062500,0.2,17.4
2026-09-14T08:37:19.938+00:00,ASTER,HL,8.9952,2.1952,1557.0,3.04,1555.6,8.253,1557.47,1555.5,0.0003250100,0.0000062500,0.2,29.3
2026-09-14T08:37:19.938+00:00,ASTER,ENTROPY,7.7096,0.9096,1557.0,3.04,1555.8,0.1705,1557.47,1555.7,0.0003250100,0.0000017259,0.2,267.8
2026-09-14T08:37:19.941+00:00,ASTER,HL,8.9952,2.1952,1557.0,3.04,1555.6,9.612,1557.47,1555.5,0.0003250100,0.0000062500,3.4,0.1
2026-09-14T08:37:19.941+00:00,ASTER,ENTROPY,7.0673,0.2673,1557.0,3.04,1555.9,1.2741,1557.47,1555.5,0.0003250100,0.0000017259,3.5,0.2
2026-09-14T08:37:20.033+00:00,ASTER,ENTROPY,7.7099,0.9099,1557.0,3.04,1555.8,0.1825,1557.47,1555.5,0.0003250100,0.0000017259,95.3,0.2
2026-09-14T08:37:20.063+00:00,ASTER,HL,8.9953,2.1953,1557.0,3.04,1555.6,10.255,1557.47,1555.4,0.0003250100,0.0000062500,124.6,0.2
2026-09-14T08:37:20.063+00:00,ASTER,ENTROPY,7.7099,0.9099,1557.0,3.04,1555.8,0.1825,1557.47,1555.5,0.0003250100,0.0000017259,124.7,0.3
2026-09-14T08:37:20.131+00:00,ASTER,HL,8.9953,2.1953,1557.0,3.04,1555.6,10.255,1557.47,1555.4,0.0003250100,0.0000062500,1.7,69.7
2026-09-14T08:37:20.131+00:00,ASTER,ENTROPY,7.7099,0.9099,1557.0,3.04,1555.8,0.1825,1557.47,1555.5,0.0003250100,0.0000017259,1.7,69.6
2026-09-14T08:37:20.153+00:00,ASTER,HL,8.9952,2.1952,1557.0,3.04,1555.6,10.564,1557.47,1555.5,0.0003250100,0.0000062500,23.7,0.2
2026-09-14T08:37:20.187+00:00,ASTER,HL,7.9673,1.1673,1556.84,38.03,1555.6,10.564,1557.47,1555.5,0.0003250100,0.0000062500,0.2,34.0
2026-09-14T08:37:20.198+00:00,ASTER,HL,9.3806,2.5806,1557.06,3.04,1555.6,10.564,1557.47,1555.5,0.0003250100,0.0000062500,0.2,44.7
2026-09-14T08:37:20.198+00:00,ASTER,ENTROPY,8.0953,1.2953,1557.06,3.04,1555.8,0.1825,1557.47,1555.5,0.0003250100,0.0000017259,0.2,136.1
2026-09-14T08:37:20.247+00:00,ASTER,HL,9.3806,2.5806,1557.06,3.04,1555.6,9.609,1557.47,1555.5,0.0003250100,0.0000062500,49.9,0.2
2026-09-14T08:37:20.248+00:00,ASTER,ENTROPY,8.0953,1.2953,1557.06,3.04,1555.8,0.365,1557.47,1555.5,0.0003250100,0.0000017259,50.1,0.3
2026-09-14T08:37:20.270+00:00,ASTER,HL,9.3806,2.5806,1557.06,3.04,1555.6,8.645,1557.47,1555.5,0.0003250100,0.0000062500,72.5,0.3
2026-09-14T08:37:20.270+00:00,ASTER,ENTROPY,9.3806,2.5806,1557.06,3.04,1555.6,0.6428,1557.47,1555.5,0.0003250100,0.0000017259,72.6,0.4
2026-09-14T08:37:20.287+00:00,ASTER,HL,7.9673,1.1673,1556.84,38.03,1555.6,8.645,1557.47,1555.5,0.0003250100,0.0000062500,0.1,16.8
2026-09-14T08:37:20.287+00:00,ASTER,ENTROPY,7.9673,1.1673,1556.84,38.03,1555.6,0.6428,1557.47,1555.5,0.0003250100,0.0000017259,0.1,16.8
2026-09-14T08:37:20.295+00:00,ASTER,HL,9.4448,2.6448,1557.07,3.04,1555.6,8.645,1557.47,1555.5,0.0003250100,0.0000062500,0.1,24.9
2026-09-14T08:37:20.295+00:00,ASTER,ENTROPY,9.4448,2.6448,1557.07,3.04,1555.6,0.6428,1557.47,1555.5,0.0003250100,0.0000017259,0.1,24.9
2026-09-14T08:37:20.355+00:00,ASTER,ENTROPY,8.1595,1.3595,1557.07,3.04,1555.8,0.365,1557.47,1555.5,0.0003250100,0.0000017259,59.8,0.2
2026-09-14T08:37:20.462+00:00,ASTER,ENTROPY,8.1595,1.3595,1557.07,3.04,1555.8,0.7339,1557.47,1555.5,0.0003250100,0.0000017259,167.4,0.3
2026-09-14T08:37:20.511+00:00,ASTER,HL,9.4448,2.6448,1557.07,3.04,1555.6,11.301,1557.47,1555.5,0.0003250100,0.0000062500,215.9,0.3
2026-09-14T08:37:20.511+00:00,ASTER,ENTROPY,8.1595,1.3595,1557.07,3.04,1555.8,0.5514,1557.47,1555.5,0.0003250100,0.0000017259,216.1,0.4
2026-09-14T08:37:20.562+00:00,ASTER,HL,9.4448,2.6448,1557.07,3.04,1555.6,7.002,1557.47,1555.5,0.0003250100,0.0000062500,267.3,0.3
2026-09-14T08:37:20.626+00:00,ASTER,HL,7.9673,1.1673,1556.84,38.03,1555.6,7.002,1557.47,1555.5,0.0003250100,0.0000062500,0.3,64.5
2026-09-14T08:37:20.635+00:00,ASTER,HL,7.9673,1.1673,1556.84,35.39,1555.6,7.002,1557.47,1555.5,0.0003250100,0.0000062500,0.1,73.3
2026-09-14T08:37:20.635+00:00,ASTER,HL,7.9673,1.1673,1556.84,19.02,1555.6,7.002,1557.47,1555.5,0.0003250100,0.0000062500,0.2,73.3
2026-09-14T08:37:20.635+00:00,ASTER,HL,7.9673,1.1673,1556.84,16.38,1555.6,7.002,1557.47,1555.5,0.0003250100,0.0000062500,0.2,73.4
2026-09-14T08:37:20.635+00:00,ASTER,HL,7.9673,1.1673,1556.84,0.01,1555.6,7.002,1557.47,1555.5,0.0003250100,0.0000062500,0.2,73.4
2026-09-14T08:37:20.644+00:00,ASTER,HL,9.8302,3.0302,1557.13,3.04,1555.6,7.002,1557.47,1555.5,0.0003250100,0.0000062500,0.2,81.8
2026-09-14T08:37:20.644+00:00,ASTER,ENTROPY,8.5449,1.7449,1557.13,3.04,1555.8,0.5514,1557.47,1555.5,0.0003250100,0.0000017259,0.2,133.2
2026-09-14T08:37:20.644+00:00,ASTER,HL,10.0872,3.2872,1557.17,3.04,1555.6,7.002,1557.47,1555.5,0.0003250100,0.0000062500,0.3,81.9
2026-09-14T08:37:20.644+00:00,ASTER,ENTROPY,8.8019,2.0019,1557.17,3.04,1555.8,0.5514,1557.47,1555.5,0.0003250100,0.0000017259,0.3,133.3
2026-09-14T08:37:20.671+00:00,ASTER,ENTROPY,8.8019,2.0019,1557.17,3.04,1555.8,0.1825,1557.47,1555.5,0.0003250100,0.0000017259,27.1,0.3
2026-09-14T08:37:20.685+00:00,ASTER,HL,9.8302,3.0302,1557.13,3.04,1555.6,7.002,1557.47,1555.5,0.0003250100,0.0000062500,0.2,122.1
2026-09-14T08:37:20.685+00:00,ASTER,ENTROPY,8.5449,1.7449,1557.13,3.04,1555.8,0.1825,1557.47,1555.5,0.0003250100,0.0000017259,0.2,13.6
2026-09-14T08:37:20.685+00:00,ASTER,HL,7.9673,1.1673,1556.84,0.01,1555.6,7.002,1557.47,1555.5,0.0003250100,0.0000062500,0.3,122.3
2026-09-14T08:37:20.686+00:00,ASTER,HL,8.0316,1.2316,1556.85,0.21,1555.6,7.002,1557.47,1555.5,0.0003250100,0.0000062500,0.1,124.5
2026-09-14T08:37:20.722+00:00,ASTER,HL,8.8667,2.0667,1556.98,8.96,1555.6,7.002,1557.47,1555.5,0.0003250100,0.0000062500,0.2,160.5
2026-09-14T08:37:20.722+00:00,ASTER,ENTROPY,7.5814,0.7814,1556.98,8.96,1555.8,0.1825,1557.47,1555.5,0.0003250100,0.0000017259,0.2,52.0
2026-09-14T08:37:20.722+00:00,ASTER,HL,8.8667,2.0667,1556.98,25.33,1555.6,7.002,1557.47,1555.5,0.0003250100,0.0000062500,0.3,160.7
2026-09-14T08:37:20.722+00:00,ASTER,ENTROPY,7.5814,0.7814,1556.98,25.33,1555.8,0.1825,1557.47,1555.5,0.0003250100,0.0000017259,0.3,52.2
2026-09-14T08:37:20.722+00:00,ASTER,HL,8.8667,2.0667,1556.98,41.7,1555.6,7.002,1557.47,1555.5,0.0003250100,0.0000062500,0.3,160.7
2026-09-14T08:37:20.722+00:00,ASTER,ENTROPY,7.5814,0.7814,1556.98,41.7,1555.8,0.1825,1557.47,1555.5,0.0003250100,0.0000017259,0.3,52.2
2026-09-14T08:37:20.722+00:00,ASTER,HL,8.8667,2.0667,1556.98,50.66,1555.6,7.002,1557.47,1555.5,0.0003250100,0.0000062500,0.4,160.7
2026-09-14T08:37:20.722+00:00,ASTER,ENTROPY,7.5814,0.7814,1556.98,50.66,1555.8,0.1825,1557.47,1555.5,0.0003250100,0.0000017259,0.4,52.2
2026-09-14T08:37:20.722+00:00,ASTER,HL,10.2799,3.4799,1557.2,3.04,1555.6,7.002,1557.47,1555.5,0.0003250100,0.0000062500,0.4,160.8
2026-09-14T08:37:20.722+00:00,ASTER,ENTROPY,8.9946,2.1946,1557.2,3.04,1555.8,0.1825,1557.47,1555.5,0.0003250100,0.0000017259,0.4,52.2
2026-09-14T08:37:20.722+00:00,ASTER,HL,10.4725,3.6725,1557.23,3.04,1555.6,7.002,1557.47,1555.5,0.0003250100,0.0000062500,0.4,160.8
2026-09-14T08:37:20.722+00:00,ASTER,ENTROPY,9.1873,2.3873,1557.23,3.04,1555.8,0.1825,1557.47,1555.5,0.0003250100,0.0000017259,0.4,52.3
2026-09-14T08:37:20.758+00:00,ASTER,HL,10.4727,3.6727,1557.23,3.04,1555.6,7.966,1557.47,1555.4,0.0003250100,0.0000062500,36.2,0.3
2026-09-14T08:37:20.778+00:00,ASTER,HL,10.4725,3.6725,1557.23,3.04,1555.6,7.966,1557.62,1555.4,0.0003250100,0.0000062500,0.2,19.7
2026-09-14T08:37:20.778+00:00,ASTER,ENTROPY,9.1871,2.3871,1557.23,3.04,1555.8,0.1825,1557.62,1555.5,0.0003250100,0.0000017259,0.2,107.5
2026-09-14T08:37:20.790+00:00,ASTER,HL,8.8666,2.0666,1556.98,50.66,1555.6,7.966,1557.62,1555.4,0.0003250100,0.0000062500,0.7,31.6
2026-09-14T08:37:20.790+00:00,ASTER,ENTROPY,7.5812,0.7812,1556.98,50.66,1555.8,0.1825,1557.62,1555.5,0.0003250100,0.0000017259,0.7,119.3
2026-09-14T08:37:20.790+00:00,ASTER,HL,8.8666,2.0666,1556.98,50.66,1555.6,7.966,1557.62,1555.4,0.0003250100,0.0000062500,0.8,31.7
2026-09-14T08:37:20.790+00:00,ASTER,ENTROPY,7.5812,0.7812,1556.98,50.66,1555.8,0.1825,1557.62,1555.5,0.0003250100,0.0000017259,0.8,119.5
2026-09-14T08:37:20.790+00:00,ASTER,HL,8.8666,2.0666,1556.98,34.29,1555.6,7.966,1557.62,1555.4,0.0003250100,0.0000062500,0.9,31.7
2026-09-14T08:37:20.790+00:00,ASTER,ENTROPY,7.5812,0.7812,1556.98,34.29,1555.8,0.1825,1557.62,1555.5,0.0003250100,0.0000017259,0.9,119.5
2026-09-14T08:37:20.790+00:00,ASTER,HL,8.8666,2.0666,1556.98,25.33,1555.6,7.966,1557.62,1555.4,0.0003250100,0.0000062500,0.9,31.7
2026-09-14T08:37:20.790+00:00,ASTER,ENTROPY,7.5812,0.7812,1556.98,25.33,1555.8,0.1825,1557.62,1555.5,0.0003250100,0.0000017259,0.9,119.5
2026-09-14T08:37:20.803+00:00,ASTER,ENTROPY,7.5812,0.7812,1556.98,25.33,1555.8,0.1825,1557.62,1555.5,0.0003250100,0.0000017259,13.3,0.1
2026-09-14T08:37:20.811+00:00,ASTER,HL,8.8665,2.0665,1556.98,25.33,1555.6,7.966,1557.7,1555.4,0.0003250100,0.0000062500,0.1,52.7
2026-09-14T08:37:20.811+00:00,ASTER,ENTROPY,7.5811,0.7811,1556.98,25.33,1555.8,0.1825,1557.7,1555.5,0.0003250100,0.0000017259,0.1,8.7
2026-09-14T08:37:20.811+00:00,ASTER,HL,8.8665,2.0665,1556.98,16.37,1555.6,7.966,1557.7,1555.4,0.0003250100,0.0000062500,0.2,52.8
2026-09-14T08:37:20.811+00:00,ASTER,ENTROPY,7.5811,0.7811,1556.98,16.37,1555.8,0.1825,1557.7,1555.5,0.0003250100,0.0000017259,0.2,8.8
2026-09-14T08:37:20.811+00:00,ASTER,HL,7.9672,1.1672,1556.84,0.01,1555.6,7.966,1557.7,1555.4,0.0003250100,0.0000062500,0.3,52.9
2026-09-14T08:37:20.811+00:00,ASTER,HL,7.9672,1.1672,1556.84,0.01,1555.6,7.966,1557.66,1555.4,0.0003250100,0.0000062500,0.3,52.9
2026-09-14T08:37:20.811+00:00,ASTER,HL,7.9673,1.1673,1556.84,0.01,1555.6,7.966,1557.63,1555.4,0.0003250100,0.0000062500,0.3,52.9
2026-09-14T08:37:20.811+00:00,ASTER,HL,10.7936,3.9936,1557.28,3.04,1555.6,7.966,1557.63,1555.4,0.0003250100,0.0000062500,0.4,52.9
2026-09-14T08:37:20.811+00:00,ASTER,ENTROPY,9.5082,2.7082,1557.28,3.04,1555.8,0.1825,1557.63,1555.5,0.0003250100,0.0000017259,0.4,9.0
2026-09-14T08:37:20.827+00:00,ASTER,HL,10.7935,3.9935,1557.28,3.04,1555.6,7.966,1557.7,1555.4,0.0003250100,0.0000062500,0.1,68.2
2026-09-14T08:37:20.827+00:00,ASTER,ENTROPY,9.5081,2.7081,1557.28,3.04,1555.8,0.1825,1557.7,1555.5,0.0003250100,0.0000017259,0.1,24.3
2026-09-14T08:37:20.829+00:00,ASTER,HL,9.6373,2.8373,1557.1,52.86,1555.6,7.966,1557.7,1555.4,0.0003250100,0.0000062500,0.1,71.2
2026-09-14T08:37:20.829+00:00,ASTER,ENTROPY,8.3519,1.5519,1557.1,52.86,1555.8,0.1825,1557.7,1555.5,0.0003250100,0.0000017259,0.1,27.2
2026-09-14T08:37:20.859+00:00,ASTER,HL,9.6373,2.8373,1557.1,52.86,1555.6,7.966,1557.7,1555.4,0.0003250100,0.0000062500,0.2,100.8
2026-09-14T08:37:20.859+00:00,ASTER,ENTROPY,8.3519,1.5519,1557.1,52.86,1555.8,0.1825,1557.7,1555.5,0.0003250100,0.0000017259,0.2,56.8
2026-09-14T08:37:20.860+00:00,ASTER,HL,11.0504,4.2504,1557.32,3.04,1555.6,7.966,1557.7,1555.4,0.0003250100,0.0000062500,0.9,101.5
2026-09-14T08:37:20.860+00:00,ASTER,ENTROPY,9.7650,2.9650,1557.32,3.04,1555.8,0.1825,1557.7,1555.5,0.0003250100,0.0000017259,0.9,57.6
2026-09-14T08:37:20.869+00:00,ASTER,HL,11.0504,4.2504,1557.32,3.04,1555.6,8.966,1557.7,1555.4,0.0003250100,0.0000062500,10.3,0.2
2026-09-14T08:37:20.869+00:00,ASTER,ENTROPY,9.7650,2.9650,1557.32,3.04,1555.8,0.1825,1557.7,1555.5,0.0003250100,0.0000017259,10.4,0.3
2026-09-14T08:37:20.951+00:00,ASTER,HL,9.6373,2.8373,1557.1,52.86,1555.6,8.966,1557.7,1555.4,0.0003250100,0.0000062500,0.2,82.4
2026-09-14T08:37:20.951+00:00,ASTER,ENTROPY,8.3519,1.5519,1557.1,52.86,1555.8,0.1825,1557.7,1555.5,0.0003250100,0.0000017259,0.2,82.3
2026-09-14T08:37:20.954+00:00,ASTER,HL,11.5000,4.7000,1557.39,3.04,1555.6,8.966,1557.7,1555.4,0.0003250100,0.0000062500,0.1,85.1
2026-09-14T08:37:20.954+00:00,ASTER,ENTROPY,10.2146,3.4146,1557.39,3.04,1555.8,0.1825,1557.7,1555.5,0.0003250100,0.0000017259,0.1,85.1
2026-09-14T08:37:20.982+00:00,ASTER,HL,9.6373,2.8373,1557.1,52.86,1555.6,8.966,1557.7,1555.4,0.0003250100,0.0000062500,0.2,113.0
2026-09-14T08:37:20.982+00:00,ASTER,ENTROPY,8.3519,1.5519,1557.1,52.86,1555.8,0.1825,1557.7,1555.5,0.0003250100,0.0000017259,0.2,113.0
2026-09-14T08:37:20.982+00:00,ASTER,HL,9.6373,2.8373,1557.1,42.8,1555.6,8.966,1557.7,1555.4,0.0003250100,0.0000062500,0.4,113.2
2026-09-14T08:37:20.982+00:00,ASTER,ENTROPY,8.3519,1.5519,1557.1,42.8,1555.8,0.1825,1557.7,1555.5,0.0003250100,0.0000017259,0.4,113.2
2026-09-14T08:37:20.982+00:00,ASTER,HL,9.6373,2.8373,1557.1,26.43,1555.6,8.966,1557.7,1555.4,0.0003250100,0.0000062500,0.4,113.2
2026-09-14T08:37:20.982+00:00,ASTER,ENTROPY,8.3519,1.5519,1557.1,26.43,1555.8,0.1825,1557.7,1555.5,0.0003250100,0.0000017259,0.4,113.2
2026-09-14T08:37:20.988+00:00,ASTER,HL,9.6373,2.8373,1557.1,16.37,1555.6,8.966,1557.7,1555.4,0.0003250100,0.0000062500,0.2,119.1
2026-09-14T08:37:20.988+00:00,ASTER,ENTROPY,8.3519,1.5519,1557.1,16.37,1555.8,0.1825,1557.7,1555.5,0.0003250100,0.0000017259,0.2,119.0
2026-09-14T08:37:20.988+00:00,ASTER,HL,8.9307,2.1307,1556.99,0.04,1555.6,8.966,1557.7,1555.4,0.0003250100,0.0000062500,0.2,119.2
2026-09-14T08:37:20.988+00:00,ASTER,ENTROPY,7.6454,0.8454,1556.99,0.04,1555.8,0.1825,1557.7,1555.5,0.0003250100,0.0000017259,0.2,119.2
2026-09-14T08:37:20.990+00:00,ASTER,HL,10.4081,3.6081,1557.22,10.06,1555.6,8.966,1557.7,1555.4,0.0003250100,0.0000062500,0.1,121.2
2026-09-14T08:37:20.990+00:00,ASTER,ENTROPY,9.1227,2.3227,1557.22,10.06,1555.8,0.1825,1557.7,1555.5,0.0003250100,0.0000017259,0.1,121.2
2026-09-14T08:37:20.990+00:00,ASTER,HL,10.4081,3.6081,1557.22,26.43,1555.6,8.966,1557.7,1555.4,0.0003250100,0.0000062500,0.2,121.3
2026-09-14T08:37:20.990+00:00,ASTER,ENTROPY,9.1227,2.3227,1557.22,26.43,1555.8,0.1825,1557.7,1555.5,0.0003250100,0.0000017259,0.2,121.3
2026-09-14T08:37:20.990+00:00,ASTER,HL,10.4081,3.6081,1557.22,36.49,1555.6,8.966,1557.7,1555.4,0.0003250100,0.0000062500,0.2,121.3
2026-09-14T08:37:20.990+00:00,ASTER,ENTROPY,9.1227,2.3227,1557.22,36.49,1555.8,0.1825,1557.7,1555.5,0.0003250100,0.0000017259,0.2,121.3
2026-09-14T08:37:20.990+00:00,ASTER,HL,10.4081,3.6081,1557.22,52.86,1555.6,8.966,1557.7,1555.4,0.0003250100,0.0000062500,0.2,121.4
2026-09-14T08:37:20.990+00:00,ASTER,ENTROPY,9.1227,2.3227,1557.22,52.86,1555.8,0.1825,1557.7,1555.5,0.0003250100,0.0000017259,0.2,121.3
2026-09-14T08:37:20.992+00:00,ASTER,HL,12.0138,5.2138,1557.47,3.04,1555.6,8.966,1557.7,1555.4,0.0003250100,0.0000062500,0.1,123.3
2026-09-14T08:37:20.992+00:00,ASTER,ENTROPY,10.7284,3.9284,1557.47,3.04,1555.8,0.1825,1557.7,1555.5,0.0003250100,0.0000017259,0.1,123.3
2026-09-14T08:37:21.020+00:00,ASTER,HL,12.0136,5.2136,1557.47,3.04,1555.6,5.522,1557.7,1555.5,0.0003250100,0.0000062500,27.9,0.2
2026-09-14T08:37:21.021+00:00,ASTER,ENTROPY,10.0855,3.2855,1557.47,3.04,1555.9,1.2741,1557.7,1555.7,0.0003250100,0.0000017259,28.0,0.3
2026-09-14T08:37:21.071+00:00,ASTER,HL,12.0136,5.2136,1557.47,3.04,1555.6,1.0,1557.7,1555.5,0.0003250100,0.0000062500,78.7,0.2
2026-09-14T08:37:21.167+00:00,ASTER,HL,11.3710,4.5710,1557.47,3.04,1555.7,21.735,1557.7,1555.5,0.0003250100,0.0000062500,174.5,0.2
2026-09-14T08:37:21.167+00:00,ASTER,ENTROPY,8.8003,2.0003,1557.47,3.04,1556.1,4.8286,1557.7,1555.8,0.0003250100,0.0000017259,174.6,0.3
2026-09-14T08:37:21.232+00:00,ASTER,HL,11.3707,4.5707,1557.47,3.04,1555.7,21.735,1557.84,1555.5,0.0003250100,0.0000062500,0.3,65.7
2026-09-14T08:37:21.232+00:00,ASTER,ENTROPY,8.8001,2.0001,1557.47,3.04,1556.1,4.8286,1557.84,1555.8,0.0003250100,0.0000017259,0.3,65.7
2026-09-14T08:37:21.255+00:00,ASTER,HL,10.7280,3.9280,1557.47,3.04,1555.8,5.256,1557.84,1555.6,0.0003250100,0.0000062500,22.6,0.2
2026-09-14T08:37:21.277+00:00,ASTER,HL,10.4069,3.6069,1557.42,0.78,1555.8,5.256,1557.84,1555.6,0.0003250100,0.0000062500,0.2,23.0
2026-09-14T08:37:21.277+00:00,ASTER,ENTROPY,8.4790,1.6790,1557.42,0.78,1556.1,4.8286,1557.84,1555.8,0.0003250100,0.0000017259,0.2,110.9
2026-09-14T08:37:21.286+00:00,ASTER,HL,11.0491,4.2491,1557.52,3.04,1555.8,5.256,1557.84,1555.6,0.0003250100,0.0000062500,0.2,31.7
2026-09-14T08:37:21.286+00:00,ASTER,ENTROPY,9.1212,2.3212,1557.52,3.04,1556.1,4.8286,1557.84,1555.8,0.0003250100,0.0000017259,0.2,119.5
2026-09-14T08:37:21.315+00:00,ASTER,HL,10.4064,3.6064,1557.52,3.04,1555.9,2.247,1557.84,1555.7,0.0003250100,0.0000062500,29.4,0.2
2026-09-14T08:37:21.315+00:00,ASTER,ENTROPY,9.1209,2.3209,1557.52,3.04,1556.1,1.2635,1557.84,1556.0,0.0003250100,0.0000017259,29.5,0.3
2026-09-14T08:37:21.371+00:00,ASTER,HL,10.4062,3.6062,1557.52,3.04,1555.9,6.252,1557.84,1555.8,0.0003250100,0.0000062500,84.5,0.3
2026-09-14T08:37:21.371+00:00,ASTER,ENTROPY,8.4784,1.6784,1557.52,3.04,1556.2,1.2635,1557.84,1556.0,0.0003250100,0.0000017259,84.7,0.4
2026-09-14T08:37:21.451+00:00,ASTER,HL,9.7637,2.9637,1557.52,3.04,1556.0,29.657,1557.84,1555.8,0.0003250100,0.0000062500,165.3,0.2
2026-09-14T08:37:21.451+00:00,ASTER,ENTROPY,8.4787,1.6787,1557.52,3.04,1556.2,1.2635,1557.84,1555.8,0.0003250100,0.0000017259,165.4,0.3
2026-09-14T08:37:21.578+00:00,ASTER,HL,9.7635,2.9635,1557.52,3.04,1556.0,29.657,1557.84,1555.9,0.0003250100,0.0000062500,292.3,0.5
2026-09-14T08:37:21.632+00:00,ASTER,HL,9.7635,2.9635,1557.52,3.04,1556.0,29.657,1557.84,1555.9,0.0003250100,0.0000062500,346.2,0.3
2026-09-14T08:37:21.632+00:00,ASTER,ENTROPY,8.4784,1.6784,1557.52,3.04,1556.2,1.2635,1557.84,1556.0,0.0003250100,0.0000017363,346.4,0.5
2026-09-14T08:37:21.683+00:00,ASTER,HL,9.7635,2.9635,1557.52,3.04,1556.0,28.458,1557.84,1555.9,0.0003250100,0.0000062500,396.9,0.3
2026-09-14T08:37:21.683+00:00,ASTER,ENTROPY,8.4783,1.6783,1557.52,3.04,1556.2,1.2635,1557.84,1556.1,0.0003250100,0.0000017363,397.1,0.4
2026-09-14T08:37:21.754+00:00,ASTER,HL,9.7635,2.9635,1557.52,3.04,1556.0,28.458,1557.84,1555.9,0.0003250100,0.0000062500,467.9,0.2
2026-09-14T08:37:21.754+00:00,ASTER,ENTROPY,8.4784,1.6784,1557.52,3.04,1556.2,1.2635,1557.84,1556.0,0.0003250100,0.0000017363,468.1,0.4
2026-09-14T08:37:21.784+00:00,ASTER,HL,9.7634,2.9634,1557.52,3.04,1556.0,28.458,1557.93,1555.9,0.0003250100,0.0000062500,0.1,29.9
2026-09-14T08:37:21.784+00:00,ASTER,ENTROPY,8.4783,1.6783,1557.52,3.04,1556.2,1.2635,1557.93,1556.0,0.0003250100,0.0000017363,0.1,29.8
2026-09-14T08:37:21.784+00:00,ASTER,HL,9.1212,2.3212,1557.42,0.78,1556.0,28.458,1557.93,1555.9,0.0003250100,0.0000062500,0.2,30.0
2026-09-14T08:37:21.784+00:00,ASTER,ENTROPY,7.8361,1.0361,1557.42,0.78,1556.2,1.2635,1557.93,1556.0,0.0003250100,0.0000017363,0.2,29.9
2026-09-14T08:37:21.786+00:00,ASTER,HL,9.1212,2.3212,1557.42,0.78,1556.0,28.458,1557.93,1555.9,0.0003250100,0.0000062500,2.0,0.1
2026-09-14T08:37:21.790+00:00,ASTER,HL,9.1212,2.3212,1557.42,0.78,1556.0,28.458,1557.93,1555.9,0.0003250100,0.0000062500,0.1,4.8
2026-09-14T08:37:21.790+00:00,ASTER,ENTROPY,7.8361,1.0361,1557.42,0.78,1556.2,1.2635,1557.93,1556.0,0.0003250100,0.0000017363,0.1,36.4
2026-09-14T08:37:21.790+00:00,ASTER,HL,9.1211,2.3211,1557.42,0.78,1556.0,28.458,1558.03,1555.9,0.0003250100,0.0000062500,0.2,4.9
2026-09-14T08:37:21.790+00:00,ASTER,ENTROPY,7.8360,1.0360,1557.42,0.78,1556.2,1.2635,1558.03,1556.0,0.0003250100,0.0000017363,0.2,36.5
2026-09-14T08:37:21.796+00:00,ASTER,HL,9.1211,2.3211,1557.42,0.78,1556.0,28.458,1558.01,1555.9,0.0003250100,0.0000062500,0.1,10.7
2026-09-14T08:37:21.796+00:00,ASTER,ENTROPY,7.8360,1.0360,1557.42,0.78,1556.2,1.2635,1558.01,1556.0,0.0003250100,0.0000017363,0.1,42.3
2026-09-14T08:37:21.796+00:00,ASTER,HL,10.1486,3.3486,1557.58,3.04,1556.0,28.458,1558.01,1555.9,0.0003250100,0.0000062500,0.1,10.8
2026-09-14T08:37:21.796+00:00,ASTER,ENTROPY,8.8635,2.0635,1557.58,3.04,1556.2,1.2635,1558.01,1556.0,0.0003250100,0.0000017363,0.1,42.3
2026-09-14T08:37:21.801+00:00,ASTER,HL,10.1486,3.3486,1557.58,3.04,1556.0,28.458,1558.01,1555.9,0.0003250100,0.0000062500,0.1,15.6
2026-09-14T08:37:21.801+00:00,ASTER,ENTROPY,8.8635,2.0635,1557.58,3.04,1556.2,1.2635,1558.01,1556.0,0.0003250100,0.0000017363,0.1,47.2
2026-09-14T08:37:21.894+00:00,ASTER,HL,10.1486,3.3486,1557.58,3.04,1556.0,28.691,1558.01,1555.9,0.0003250100,0.0000062500,93.5,0.3
2026-09-14T08:37:21.931+00:00,ASTER,HL,9.1211,2.3211,1557.42,0.78,1556.0,28.691,1558.01,1555.9,0.0003250100,0.0000062500,0.2,37.5
2026-09-14T08:37:21.931+00:00,ASTER,ENTROPY,7.8360,1.0360,1557.42,0.78,1556.2,1.2635,1558.01,1556.0,0.0003250100,0.0000017363,0.2,177.7
2026-09-14T08:37:21.941+00:00,ASTER,HL,10.2770,3.4770,1557.6,3.04,1556.0,28.691,1558.01,1555.9,0.0003250100,0.0000062500,0.7,47.6
2026-09-14T08:37:21.941+00:00,ASTER,ENTROPY,8.9919,2.1919,1557.6,3.04,1556.2,1.2635,1558.01,1556.0,0.0003250100,0.0000017363,0.7,187.9
2026-09-14T08:37:22.041+00:00,ASTER,HL,10.2770,3.4770,1557.6,3.04,1556.0,28.691,1558.0,1555.9,0.0003250100,0.0000062500,0.7,147.2
2026-09-14T08:37:22.041+00:00,ASTER,ENTROPY,8.9919,2.1919,1557.6,3.04,1556.2,1.2635,1558.0,1556.0,0.0003250100,0.0000017363,0.7,287.4
2026-09-14T08:37:22.093+00:00,ASTER,HL,10.2770,3.4770,1557.6,3.04,1556.0,4.755,1558.0,1555.9,0.0003250100,0.0000062500,52.8,0.3
2026-09-14T08:37:22.093+00:00,ASTER,ENTROPY,8.9918,2.1918,1557.6,3.04,1556.2,1.2635,1558.0,1556.1,0.0003250100,0.0000017363,53.0,0.5
2026-09-14T08:37:22.149+00:00,ASTER,HL,10.2770,3.4770,1557.6,3.04,1556.0,4.755,1557.97,1555.9,0.0003250100,0.0000062500,0.1,56.4
2026-09-14T08:37:22.149+00:00,ASTER,ENTROPY,8.9918,2.1918,1557.6,3.04,1556.2,1.2635,1557.97,1556.1,0.0003250100,0.0000017363,0.1,56.4
2026-09-14T08:37:22.149+00:00,ASTER,HL,10.2770,3.4770,1557.6,3.04,1556.0,4.755,1557.97,1555.9,0.0003250100,0.0000062500,0.2,56.5
2026-09-14T08:37:22.149+00:00,ASTER,ENTROPY,8.9918,2.1918,1557.6,3.04,1556.2,1.2635,1557.97,1556.1,0.0003250100,0.0000017363,0.2,56.5
2026-09-14T08:37:22.149+00:00,ASTER,HL,10.2770,3.4770,1557.6,3.04,1556.0,4.755,1557.97,1555.9,0.0003250100,0.0000062500,0.2,56.6
2026-09-14T08:37:22.149+00:00,ASTER,ENTROPY,8.9918,2.1918,1557.6,3.04,1556.2,1.2635,1557.97,1556.1,0.0003250100,0.0000017363,0.2,56.5
2026-09-14T08:37:22.182+00:00,ASTER,HL,10.2770,3.4770,1557.6,3.04,1556.0,4.755,1557.97,1555.9,0.0003250100,0.0000062500,0.3,89.9
2026-09-14T08:37:22.182+00:00,ASTER,ENTROPY,8.9918,2.1918,1557.6,3.04,1556.2,1.2635,1557.97,1556.1,0.0003250100,0.0000017363,0.3,89.8
2026-09-14T08:37:22.183+00:00,ASTER,HL,10.2770,3.4770,1557.6,3.04,1556.0,4.755,1557.97,1555.9,0.0003250100,0.0000062500,0.5,0.5
2026-09-14T08:37:22.271+00:00,ASTER,HL,10.2770,3.4770,1557.6,3.04,1556.0,0.233,1557.97,1555.9,0.0003250100,0.0000062500,88.3,0.3
2026-09-14T08:37:22.271+00:00,ASTER,ENTROPY,8.3494,1.5494,1557.6,3.04,1556.3,1.2635,1557.97,1556.1,0.0003250100,0.0000017363,88.5,0.4
2026-09-14T08:37:22.311+00:00,ASTER,HL,9.6346,2.8346,1557.6,3.04,1556.1,6.892,1557.97,1555.9,0.0003250100,0.0000062500,128.6,0.2
2026-09-14T08:37:22.311+00:00,ASTER,ENTROPY,8.3494,1.5494,1557.6,3.04,1556.3,1.4328,1557.97,1556.1,0.0003250100,0.0000017363,128.8,0.3
2026-09-14T08:37:22.424+00:00,ASTER,HL,10.2770,3.4770,1557.6,3.04,1556.0,0.964,1557.97,1555.9,0.0003250100,0.0000062500,241.1,0.2
2026-09-14T08:37:22.424+00:00,ASTER,ENTROPY,8.3496,1.5496,1557.6,3.04,1556.3,1.4328,1557.97,1556.0,0.0003250100,0.0000017363,241.2,0.4
2026-09-14T08:37:22.580+00:00,ASTER,HL,10.2770,3.4770,1557.6,3.04,1556.0,0.964,1557.97,1555.9,0.0003250100,0.0000062500,397.6,0.3
2026-09-14T08:37:22.629+00:00,ASTER,ENTROPY,9.6344,2.8344,1557.6,3.04,1556.1,0.3213,1557.97,1556.0,0.0003250100,0.0000017363,446.9,0.2
2026-09-14T08:37:22.725+00:00,ASTER,ENTROPY,8.3496,1.5496,1557.6,3.04,1556.3,1.4328,1557.97,1556.0,0.0003250100,0.0000017363,542.4,0.2
2026-09-14T08:37:23.026+00:00,ASTER,HL,9.1211,2.3211,1557.42,0.78,1556.0,0.964,1557.97,1555.9,0.0003250100,0.0000062500,0.2,446.2
2026-09-14T08:37:23.026+00:00,ASTER,ENTROPY,7.1937,0.3937,1557.42,0.78,1556.3,1.4328,1557.97,1556.0,0.0003250100,0.0000017363,0.2,301.3
2026-09-14T08:37:23.036+00:00,ASTER,HL,9.1212,2.3212,1557.42,0.78,1556.0,0.964,1557.96,1555.9,0.0003250100,0.0000062500,0.2,456.2
2026-09-14T08:37:23.036+00:00,ASTER,ENTROPY,7.1937,0.3937,1557.42,0.78,1556.3,1.4328,1557.96,1556.0,0.0003250100,0.0000017363,0.2,311.3
2026-09-14T08:37:23.091+00:00,ASTER,HL,8.5432,1.7432,1557.33,43.66,1556.0,0.964,1557.96,1555.9,0.0003250100,0.0000062500,0.2,511.3
2026-09-14T08:37:23.092+00:00,ASTER,HL,8.5432,1.7432,1557.33,43.66,1556.0,0.964,1557.95,1555.9,0.0003250100,0.0000062500,0.3,511.5
2026-09-14T08:37:23.099+00:00,ASTER,HL,9.3780,2.5780,1557.46,3.04,1556.0,0.964,1557.95,1555.9,0.0003250100,0.0000062500,0.1,519.2
2026-09-14T08:37:23.099+00:00,ASTER,ENTROPY,7.4506,0.6506,1557.46,3.04,1556.3,1.4328,1557.95,1556.0,0.0003250100,0.0000017363,0.1,374.3
2026-09-14T08:37:23.135+00:00,ASTER,HL,9.3780,2.5780,1557.46,3.04,1556.0,0.925,1557.95,1555.9,0.0003250100,0.0000062500,36.2,1.4
2026-09-14T08:37:23.188+00:00,ASTER,HL,8.5432,1.7432,1557.33,0.64,1556.0,0.925,1557.95,1555.9,0.0003250100,0.0000062500,0.2,54.6
2026-09-14T08:37:23.195+00:00,ASTER,HL,9.4423,2.6423,1557.47,3.04,1556.0,0.925,1557.95,1555.9,0.0003250100,0.0000062500,0.2,61.1
2026-09-14T08:37:23.195+00:00,ASTER,ENTROPY,7.5148,0.7148,1557.47,3.04,1556.3,1.4328,1557.95,1556.0,0.0003250100,0.0000017363,0.2,470.2
2026-09-14T08:37:23.239+00:00,ASTER,HL,9.4423,2.6423,1557.47,3.04,1556.0,0.925,1557.91,1555.9,0.0003250100,0.0000062500,0.2,105.0
2026-09-14T08:37:23.239+00:00,ASTER,ENTROPY,7.5148,0.7148,1557.47,3.04,1556.3,1.4328,1557.91,1556.0,0.0003250100,0.0000017363,0.2,514.1
2026-09-14T08:37:23.239+00:00,ASTER,HL,9.4423,2.6423,1557.47,3.04,1556.0,0.925,1557.91,1555.9,0.0003250100,0.0000062500,0.4,105.3
2026-09-14T08:37:23.239+00:00,ASTER,ENTROPY,7.5148,0.7148,1557.47,3.04,1556.3,1.4328,1557.91,1556.0,0.0003250100,0.0000017363,0.4,514.3
2026-09-14T08:37:23.282+00:00,ASTER,HL,8.5432,1.7432,1557.33,0.64,1556.0,0.925,1557.91,1555.9,0.0003250100,0.0000062500,0.2,148.5
2026-09-14T08:37:23.282+00:00,ASTER,HL,8.5432,1.7432,1557.33,0.64,1556.0,0.925,1557.91,1555.9,0.0003250100,0.0000062500,0.4,148.7
2026-09-14T08:37:23.282+00:00,ASTER,HL,8.5431,1.7431,1557.33,0.64,1556.0,0.925,1558.03,1555.9,0.0003250100,0.0000062500,0.4,148.8
2026-09-14T08:37:23.290+00:00,ASTER,HL,9.6990,2.8990,1557.51,3.04,1556.0,0.925,1558.03,1555.9,0.0003250100,0.0000062500,0.1,156.1
2026-09-14T08:37:23.290+00:00,ASTER,ENTROPY,7.7716,0.9716,1557.51,3.04,1556.3,1.4328,1558.03,1556.0,0.0003250100,0.0000017363,0.1,565.1
2026-09-14T08:37:23.297+00:00,ASTER,HL,9.6991,2.8991,1557.51,3.04,1556.0,0.925,1557.96,1555.9,0.0003250100,0.0000062500,0.1,163.4
2026-09-14T08:37:23.297+00:00,ASTER,ENTROPY,7.7716,0.9716,1557.51,3.04,1556.3,1.4328,1557.96,1556.0,0.0003250100,0.0000017363,0.1,572.5
2026-09-14T08:37:23.297+00:00,ASTER,HL,9.6991,2.8991,1557.51,3.04,1556.0,0.925,1557.96,1555.9,0.0003250100,0.0000062500,0.2,163.5
2026-09-14T08:37:23.297+00:00,ASTER,ENTROPY,7.7716,0.9716,1557.51,3.04,1556.3,1.4328,1557.96,1556.0,0.0003250100,0.0000017363,0.2,572.6
2026-09-14T08:37:23.354+00:00,ASTER,HL,9.6991,2.8991,1557.51,3.04,1556.0,6.447,1557.96,1555.9,0.0003250100,0.0000062500,56.6,0.2
2026-09-14T08:37:23.383+00:00,ASTER,HL,9.1854,2.3854,1557.43,0.78,1556.0,6.447,1557.96,1555.9,0.0003250100,0.0000062500,0.2,29.4
2026-09-14T08:37:23.383+00:00,ASTER,ENTROPY,7.2579,0.4579,1557.43,0.78,1556.3,1.4328,1557.96,1556.0,0.0003250100,0.0000017363,0.2,658.2
2026-09-14T08:37:23.422+00:00,ASTER,HL,9.1854,2.3854,1557.43,0.78,1556.0,6.447,1557.96,1555.9,0.0003250100,0.0000062500,0.2,69.1
2026-09-14T08:37:23.422+00:00,ASTER,ENTROPY,7.2579,0.4579,1557.43,0.78,1556.3,1.4328,1557.96,1556.0,0.0003250100,0.0000017363,0.2,697.8
2026-09-14T08:37:23.422+00:00,ASTER,HL,9.1853,2.3853,1557.43,0.78,1556.0,6.447,1558.03,1555.9,0.0003250100,0.0000062500,0.3,69.2
2026-09-14T08:37:23.422+00:00,ASTER,ENTROPY,7.2578,0.4578,1557.43,0.78,1556.3,1.4328,1558.03,1556.0,0.0003250100,0.0000017363,0.3,698.0
2026-09-14T08:37:23.422+00:00,ASTER,HL,9.8274,3.0274,1557.53,3.04,1556.0,6.447,1558.03,1555.9,0.0003250100,0.0000062500,0.3,69.3
2026-09-14T08:37:23.422+00:00,ASTER,ENTROPY,7.9000,1.1000,1557.53,3.04,1556.3,1.4328,1558.03,1556.0,0.0003250100,0.0000017363,0.3,698.0
2026-09-14T08:37:23.422+00:00,ASTER,HL,9.8275,3.0275,1557.53,3.04,1556.0,6.447,1557.97,1555.9,0.0003250100,0.0000062500,0.4,69.3
2026-09-14T08:37:23.422+00:00,ASTER,ENTROPY,7.9001,1.1001,1557.53,3.04,1556.3,1.4328,1557.97,1556.0,0.0003250100,0.0000017363,0.4,698.0
2026-09-14T08:37:23.422+00:00,ASTER,HL,9.8275,3.0275,1557.53,3.04,1556.0,6.447,1557.97,1555.9,0.0003250100,0.0000062500,0.4,69.3
2026-09-14T08:37:23.422+00:00,ASTER,ENTROPY,7.9001,1.1001,1557.53,3.04,1556.3,1.4328,1557.97,1556.0,0.0003250100,0.0000017363,0.4,698.1
2026-09-14T08:37:23.423+00:00,ASTER,HL,9.9560,3.1560,1557.55,3.04,1556.0,6.447,1557.97,1555.9,0.0003250100,0.0000062500,0.4,69.3
2026-09-14T08:37:23.423+00:00,ASTER,ENTROPY,8.0285,1.2285,1557.55,3.04,1556.3,1.4328,1557.97,1556.0,0.0003250100,0.0000017363,0.4,698.1
2026-09-14T08:37:23.431+00:00,ASTER,HL,9.9560,3.1560,1557.55,3.04,1556.0,6.447,1557.97,1555.9,0.0003250100,0.0000062500,0.1,77.8
2026-09-14T08:37:23.431+00:00,ASTER,ENTROPY,8.0285,1.2285,1557.55,3.04,1556.3,1.4328,1557.97,1556.0,0.0003250100,0.0000017363,0.1,706.6
2026-09-14T08:37:23.431+00:00,ASTER,HL,9.9559,3.1559,1557.55,3.04,1556.0,6.447,1558.03,1555.9,0.0003250100,0.0000062500,0.2,77.9
2026-09-14T08:37:23.431+00:00,ASTER,ENTROPY,8.0284,1.2284,1557.55,3.04,1556.3,1.4328,1558.03,1556.0,0.0003250100,0.0000017363,0.2,706.7
2026-09-14T08:37:23.449+00:00,ASTER,HL,9.9559,3.1559,1557.55,3.04,1556.0,29.074,1558.03,1555.9,0.0003250100,0.0000062500,18.8,0.1
2026-09-14T08:37:23.450+00:00,ASTER,ENTROPY,9.3136,2.5136,1557.55,3.04,1556.1,0.1825,1558.03,1555.8,0.0003250100,0.0000017363,18.9,0.3
2026-09-14T08:37:23.450+00:00,ASTER,HL,9.9560,3.1560,1557.55,3.04,1556.0,29.074,1557.98,1555.9,0.0003250100,0.0000062500,0.2,0.3
2026-09-14T08:37:23.450+00:00,ASTER,ENTROPY,9.3136,2.5136,1557.55,3.04,1556.1,0.1825,1557.98,1555.8,0.0003250100,0.0000017363,0.2,0.3
2026-09-14T08:37:23.450+00:00,ASTER,HL,9.9560,3.1560,1557.55,3.04,1556.0,29.074,1557.98,1555.9,0.0003250100,0.0000062500,0.2,0.3
2026-09-14T08:37:23.450+00:00,ASTER,ENTROPY,9.3136,2.5136,1557.55,3.04,1556.1,0.1825,1557.98,1555.8,0.0003250100,0.0000017363,0.2,0.3
2026-09-14T08:37:23.487+00:00,ASTER,HL,9.1853,2.3853,1557.43,0.78,1556.0,29.074,1557.98,1555.9,0.0003250100,0.0000062500,0.3,37.1
2026-09-14T08:37:23.487+00:00,ASTER,ENTROPY,8.5430,1.7430,1557.43,0.78,1556.1,0.1825,1557.98,1555.8,0.0003250100,0.0000017363,0.3,37.1
2026-09-14T08:37:23.542+00:00,ASTER,HL,10.0202,3.2202,1557.56,3.04,1556.0,29.074,1557.98,1555.9,0.0003250100,0.0000062500,0.2,92.2
2026-09-14T08:37:23.542+00:00,ASTER,ENTROPY,9.3779,2.5779,1557.56,3.04,1556.1,0.1825,1557.98,1555.8,0.0003250100,0.0000017363,0.2,92.2
2026-09-14T08:37:23.561+00:00,ASTER,HL,10.0202,3.2202,1557.56,3.04,1556.0,30.745,1557.98,1555.9,0.0003250100,0.0000062500,19.3,0.4
2026-09-14T08:37:23.561+00:00,ASTER,ENTROPY,8.0927,1.2927,1557.56,3.04,1556.3,1.4328,1557.98,1556.0,0.0003250100,0.0000017363,19.5,0.5
2026-09-14T08:37:23.596+00:00,ASTER,HL,10.0202,3.2202,1557.56,3.04,1556.0,30.745,1557.97,1555.9,0.0003250100,0.0000062500,0.2,35.7
2026-09-14T08:37:23.596+00:00,ASTER,ENTROPY,8.0927,1.2927,1557.56,3.04,1556.3,1.4328,1557.97,1556.0,0.0003250100,0.0000017363,0.2,35.6
2026-09-14T08:37:23.597+00:00,ASTER,HL,10.0202,3.2202,1557.56,3.04,1556.0,30.745,1557.96,1555.9,0.0003250100,0.0000062500,0.3,35.8
2026-09-14T08:37:23.597+00:00,ASTER,ENTROPY,8.0927,1.2927,1557.56,3.04,1556.3,1.4328,1557.96,1556.0,0.0003250100,0.0000017363,0.3,35.8
2026-09-14T08:37:23.652+00:00,ASTER,HL,10.0202,3.2202,1557.56,3.04,1556.0,30.383,1557.96,1555.9,0.0003250100,0.0000062500,56.3,0.3
2026-09-14T08:37:23.731+00:00,ASTER,HL,9.1854,2.3854,1557.43,0.78,1556.0,30.383,1557.96,1555.9,0.0003250100,0.0000062500,0.2,78.9
2026-09-14T08:37:23.731+00:00,ASTER,ENTROPY,7.2579,0.4579,1557.43,0.78,1556.3,1.4328,1557.96,1556.0,0.0003250100,0.0000017363,0.2,170.4
2026-09-14T08:37:23.802+00:00,ASTER,HL,8.5432,1.7432,1557.33,0.64,1556.0,30.383,1557.96,1555.9,0.0003250100,0.0000062500,0.2,149.6
2026-09-14T08:37:23.802+00:00,ASTER,HL,8.5434,1.7434,1557.33,0.64,1556.0,30.383,1557.83,1555.9,0.0003250100,0.0000062500,0.5,149.9
2026-09-14T08:37:23.802+00:00,ASTER,HL,8.5434,1.7434,1557.33,0.64,1556.0,30.383,1557.78,1555.9,0.0003250100,0.0000062500,0.6,150.1
2026-09-14T08:37:23.802+00:00,ASTER,HL,8.5434,1.7434,1557.33,0.64,1556.0,30.383,1557.78,1555.9,0.0003250100,0.0000062500,0.7,150.1
2026-09-14T08:37:23.851+00:00,ASTER,HL,8.5434,1.7434,1557.33,3.68,1556.0,30.383,1557.78,1555.9,0.0003250100,0.0000062500,0.2,198.9
2026-09-14T08:37:23.996+00:00,ASTER,HL,8.5434,1.7434,1557.33,3.68,1556.0,30.383,1557.78,1555.9,0.0003250100,0.0000062500,144.5,0.2
2026-09-14T08:37:24.032+00:00,ASTER,HL,8.5434,1.7434,1557.33,0.64,1556.0,30.383,1557.78,1555.9,0.0003250100,0.0000062500,0.2,37.2
2026-09-14T08:37:24.047+00:00,ASTER,HL,8.6076,1.8076,1557.34,3.04,1556.0,30.383,1557.78,1555.9,0.0003250100,0.0000062500,0.2,51.9
2026-09-14T08:37:24.091+00:00,ASTER,HL,8.5434,1.7434,1557.33,0.64,1556.0,30.383,1557.78,1555.9,0.0003250100,0.0000062500,0.2,95.8
2026-09-14T08:37:24.095+00:00,ASTER,HL,8.7361,1.9361,1557.36,3.04,1556.0,30.383,1557.78,1555.9,0.0003250100,0.0000062500,0.1,100.1
2026-09-14T08:37:24.095+00:00,ASTER,ENTROPY,6.8086,0.0086,1557.36,3.04,1556.3,1.4328,1557.78,1556.0,0.0003250100,0.0000017363,0.1,100.1
2026-09-14T08:37:24.190+00:00,ASTER,HL,10.0215,3.2215,1557.36,3.04,1555.8,38.194,1557.78,1555.7,0.0003250100,0.0000062500,93.8,0.3
2026-09-14T08:37:24.190+00:00,ASTER,ENTROPY,8.0935,1.2935,1557.36,3.04,1556.1,1.2635,1557.78,1556.0,0.0003250100,0.0000017363,93.9,0.4
2026-09-14T08:37:24.207+00:00,ASTER,HL,10.0215,3.2215,1557.36,3.04,1555.8,76.388,1557.78,1555.7,0.0003250100,0.0000062500,111.6,0.2
2026-09-14T08:37:24.283+00:00,ASTER,HL,9.8288,3.0288,1557.33,0.64,1555.8,76.388,1557.78,1555.7,0.0003250100,0.0000062500,0.2,75.8
2026-09-14T08:37:24.283+00:00,ASTER,ENTROPY,7.9008,1.1008,1557.33,0.64,1556.1,1.2635,1557.78,1556.0,0.0003250100,0.0000017363,0.2,93.7
2026-09-14T08:37:24.299+00:00,ASTER,HL,10.1499,3.3499,1557.38,3.04,1555.8,76.388,1557.78,1555.7,0.0003250100,0.0000062500,0.2,92.1
2026-09-14T08:37:24.299+00:00,ASTER,ENTROPY,8.2219,1.4219,1557.38,3.04,1556.1,1.2635,1557.78,1556.0,0.0003250100,0.0000017363,0.2,110.0
2026-09-14T08:37:24.388+00:00,ASTER,HL,10.1499,3.3499,1557.38,3.04,1555.8,76.388,1557.77,1555.7,0.0003250100,0.0000062500,0.2,181.1
2026-09-14T08:37:24.388+00:00,ASTER,ENTROPY,8.2219,1.4219,1557.38,3.04,1556.1,1.2635,1557.77,1556.0,0.0003250100,0.0000017363,0.2,199.0
2026-09-14T08:37:24.409+00:00,ASTER,HL,10.1499,3.3499,1557.38,3.04,1555.8,27.495,1557.77,1555.7,0.0003250100,0.0000062500,20.8,0.3
2026-09-14T08:37:24.409+00:00,ASTER,ENTROPY,8.2219,1.4219,1557.38,3.04,1556.1,1.5848,1557.77,1556.0,0.0003250100,0.0000017363,20.9,0.4
2026-09-14T08:37:24.479+00:00,ASTER,HL,10.1499,3.3499,1557.38,3.04,1555.8,27.495,1557.78,1555.7,0.0003250100,0.0000062500,0.2,70.1
2026-09-14T08:37:24.479+00:00,ASTER,ENTROPY,8.2219,1.4219,1557.38,3.04,1556.1,1.5848,1557.78,1556.0,0.0003250100,0.0000017363,0.2,70.1
2026-09-14T08:37:24.479+00:00,ASTER,HL,8.6085,1.8085,1557.14,41.48,1555.8,27.495,1557.78,1555.7,0.0003250100,0.0000062500,0.3,70.3
2026-09-14T08:37:24.487+00:00,ASTER,HL,8.6085,1.8085,1557.14,25.11,1555.8,27.495,1557.78,1555.7,0.0003250100,0.0000062500,0.1,78.1
2026-09-14T08:37:24.487+00:00,ASTER,HL,8.6085,1.8085,1557.14,8.74,1555.8,27.495,1557.78,1555.7,0.0003250100,0.0000062500,0.2,78.2
2026-09-14T08:37:24.492+00:00,ASTER,HL,8.6085,1.8085,1557.14,4.37,1555.8,27.495,1557.78,1555.7,0.0003250100,0.0000062500,0.1,83.9
2026-09-14T08:37:24.500+00:00,ASTER,HL,10.3426,3.5426,1557.41,3.04,1555.8,27.495,1557.78,1555.7,0.0003250100,0.0000062500,0.1,91.7
2026-09-14T08:37:24.500+00:00,ASTER,ENTROPY,8.4146,1.6146,1557.41,3.04,1556.1,1.5848,1557.78,1556.0,0.0003250100,0.0000017363,0.1,91.7
2026-09-14T08:37:24.534+00:00,ASTER,HL,10.3426,3.5426,1557.41,3.04,1555.8,27.495,1557.78,1555.7,0.0003250100,0.0000062500,0.2,126.2
2026-09-14T08:37:24.534+00:00,ASTER,ENTROPY,8.4146,1.6146,1557.41,3.04,1556.1,1.5848,1557.78,1556.0,0.0003250100,0.0000017363,0.2,126.1
2026-09-14T08:37:24.534+00:00,ASTER,HL,10.3425,3.5425,1557.41,3.04,1555.8,27.495,1557.82,1555.7,0.0003250100,0.0000062500,0.3,126.3
2026-09-14T08:37:24.534+00:00,ASTER,ENTROPY,8.4145,1.6145,1557.41,3.04,1556.1,1.5848,1557.82,1556.0,0.0003250100,0.0000017363,0.3,126.3
2026-09-14T08:37:24.581+00:00,ASTER,ENTROPY,8.4145,1.6145,1557.41,3.04,1556.1,1.7664,1557.82,1556.0,0.0003250100,0.0000017363,47.0,0.6
2026-09-14T08:37:24.583+00:00,ASTER,HL,10.3423,3.5423,1557.41,3.04,1555.8,27.495,1557.97,1555.7,0.0003250100,0.0000062500,0.1,174.8
2026-09-14T08:37:24.583+00:00,ASTER,ENTROPY,8.4143,1.6143,1557.41,3.04,1556.1,1.7664,1557.97,1556.0,0.0003250100,0.0000017363,0.1,2.4
2026-09-14T08:37:24.583+00:00,ASTER,HL,8.4155,1.6155,1557.11,0.05,1555.8,27.495,1557.97,1555.7,0.0003250100,0.0000062500,0.1,174.9
2026-09-14T08:37:24.601+00:00,ASTER,HL,8.4155,1.6155,1557.11,0.05,1555.8,27.495,1558.03,1555.7,0.0003250100,0.0000062500,0.1,193.1
2026-09-14T08:37:24.601+00:00,ASTER,HL,10.6633,3.8633,1557.46,3.04,1555.8,27.495,1558.03,1555.7,0.0003250100,0.0000062500,0.2,193.2
2026-09-14T08:37:24.601+00:00,ASTER,ENTROPY,8.7353,1.9353,1557.46,3.04,1556.1,1.7664,1558.03,1556.0,0.0003250100,0.0000017363,0.2,20.8
2026-09-14T08:37:24.601+00:00,ASTER,HL,10.9201,4.1201,1557.5,3.04,1555.8,27.495,1558.03,1555.7,0.0003250100,0.0000062500,0.2,193.2
2026-09-14T08:37:24.601+00:00,ASTER,ENTROPY,8.9922,2.1922,1557.5,3.04,1556.1,1.7664,1558.03,1556.0,0.0003250100,0.0000017363,0.2,20.8
2026-09-14T08:37:24.601+00:00,ASTER,HL,11.2412,4.4412,1557.55,3.04,1555.8,27.495,1558.03,1555.7,0.0003250100,0.0000062500,0.2,193.3
2026-09-14T08:37:24.601+00:00,ASTER,ENTROPY,9.3133,2.5133,1557.55,3.04,1556.1,1.7664,1558.03,1556.0,0.0003250100,0.0000017363,0.2,20.8
2026-09-14T08:37:24.653+00:00,ASTER,HL,11.2413,4.4413,1557.55,3.04,1555.8,27.495,1558.01,1555.7,0.0003250100,0.0000062500,0.2,244.8
2026-09-14T08:37:24.653+00:00,ASTER,ENTROPY,9.3133,2.5133,1557.55,3.04,1556.1,1.7664,1558.01,1556.0,0.0003250100,0.0000017363,0.2,72.4
2026-09-14T08:37:24.653+00:00,ASTER,HL,11.2413,4.4413,1557.55,3.04,1555.8,27.495,1558.01,1555.7,0.0003250100,0.0000062500,0.4,245.0
2026-09-14T08:37:24.653+00:00,ASTER,ENTROPY,9.3133,2.5133,1557.55,3.04,1556.1,1.7664,1558.01,1556.0,0.0003250100,0.0000017363,0.4,72.6
2026-09-14T08:37:24.655+00:00,ASTER,HL,11.2413,4.4413,1557.55,3.04,1555.8,1.0,1558.01,1555.7,0.0003250100,0.0000062500,2.8,0.2
2026-09-14T08:37:24.655+00:00,ASTER,ENTROPY,9.3133,2.5133,1557.55,3.04,1556.1,1.4451,1558.01,1556.0,0.0003250100,0.0000017363,2.9,0.3
2026-09-14T08:37:24.655+00:00,ASTER,HL,11.2413,4.4413,1557.55,3.04,1555.8,22.735,1558.01,1555.7,0.0003250100,0.0000062500,2.9,0.2
2026-09-14T08:37:24.655+00:00,ASTER,ENTROPY,9.3133,2.5133,1557.55,3.04,1556.1,1.6285,1558.01,1556.0,0.0003250100,0.0000017363,2.9,0.3
2026-09-14T08:37:24.743+00:00,ASTER,HL,10.4064,3.6064,1557.42,0.78,1555.8,22.735,1558.01,1555.7,0.0003250100,0.0000062500,1.0,87.2
2026-09-14T08:37:24.743+00:00,ASTER,ENTROPY,8.4785,1.6785,1557.42,0.78,1556.1,1.6285,1558.01,1556.0,0.0003250100,0.0000017363,1.0,87.2
2026-09-14T08:37:24.746+00:00,ASTER,HL,10.4064,3.6064,1557.42,0.78,1555.8,22.735,1558.0,1555.7,0.0003250100,0.0000062500,0.1,90.4
2026-09-14T08:37:24.746+00:00,ASTER,ENTROPY,8.4785,1.6785,1557.42,0.78,1556.1,1.6285,1558.0,1556.0,0.0003250100,0.0000017363,0.1,90.4
2026-09-14T08:37:24.750+00:00,ASTER,HL,11.3055,4.5055,1557.56,3.04,1555.8,22.735,1558.0,1555.7,0.0003250100,0.0000062500,0.1,94.2
2026-09-14T08:37:24.750+00:00,ASTER,ENTROPY,9.3775,2.5775,1557.56,3.04,1556.1,1.6285,1558.0,1556.0,0.0003250100,0.0000017363,0.1,94.2
2026-09-14T08:37:24.782+00:00,ASTER,HL,10.4064,3.6064,1557.42,0.78,1555.8,22.735,1558.0,1555.7,0.0003250100,0.0000062500,0.2,126.2
2026-09-14T08:37:24.782+00:00,ASTER,ENTROPY,8.4785,1.6785,1557.42,0.78,1556.1,1.6285,1558.0,1556.0,0.0003250100,0.0000017363,0.2,126.2
2026-09-14T08:37:24.790+00:00,ASTER,HL,11.4981,4.6981,1557.59,3.04,1555.8,22.735,1558.0,1555.7,0.0003250100,0.0000062500,0.2,134.9
2026-09-14T08:37:24.790+00:00,ASTER,ENTROPY,9.5702,2.7702,1557.59,3.04,1556.1,1.6285,1558.0,1556.0,0.0003250100,0.0000017363,0.2,134.9
2026-09-14T08:37:24.818+00:00,ASTER,HL,11.4981,4.6981,1557.59,3.04,1555.8,23.378,1558.0,1555.7,0.0003250100,0.0000062500,27.5,0.2
2026-09-14T08:37:24.835+00:00,ASTER,HL,11.4981,4.6981,1557.59,3.04,1555.8,21.735,1558.0,1555.7,0.0003250100,0.0000062500,44.5,0.2
2026-09-14T08:37:24.835+00:00,ASTER,ENTROPY,8.2853,1.4853,1557.59,3.04,1556.3,1.6283,1558.0,1556.0,0.0003250100,0.0000017363,44.6,0.3
2026-09-14T08:37:24.974+00:00,ASTER,HL,10.2131,3.4131,1557.59,3.04,1556.0,21.735,1558.0,1555.7,0.0003250100,0.0000062500,183.4,0.2
2026-09-14T08:37:24.974+00:00,ASTER,ENTROPY,8.2853,1.4853,1557.59,3.04,1556.3,1.4437,1558.0,1556.0,0.0003250100,0.0000017363,183.5,0.3
2026-09-14T08:37:25.026+00:00,ASTER,HL,10.2128,3.4128,1557.59,3.04,1556.0,21.735,1558.0,1555.9,0.0003250100,0.0000062500,235.9,0.2
2026-09-14T08:37:25.098+00:00,ASTER,HL,10.2128,3.4128,1557.59,3.04,1556.0,21.735,1558.0,1555.9,0.0003250100,0.0000062500,307.1,0.2
2026-09-14T08:37:25.237+00:00,ASTER,HL,9.1211,2.3211,1557.42,0.78,1556.0,21.735,1558.0,1555.9,0.0003250100,0.0000062500,0.2,140.3
2026-09-14T08:37:25.237+00:00,ASTER,ENTROPY,7.1936,0.3936,1557.42,0.78,1556.3,1.4437,1558.0,1556.0,0.0003250100,0.0000017363,0.2,263.9
2026-09-14T08:37:25.246+00:00,ASTER,HL,9.1212,2.3212,1557.42,0.78,1556.0,21.735,1557.93,1555.9,0.0003250100,0.0000062500,0.2,149.5
2026-09-14T08:37:25.246+00:00,ASTER,ENTROPY,7.1937,0.3937,1557.42,0.78,1556.3,1.4437,1557.93,1556.0,0.0003250100,0.0000017363,0.2,273.1
2026-09-14T08:37:25.246+00:00,ASTER,HL,9.1212,2.3212,1557.42,0.78,1556.0,21.735,1557.93,1555.9,0.0003250100,0.0000062500,0.3,149.6
2026-09-14T08:37:25.246+00:00,ASTER,ENTROPY,7.1937,0.3937,1557.42,0.78,1556.3,1.4437,1557.93,1556.0,0.0003250100,0.0000017363,0.3,273.3
2026-09-14T08:37:25.250+00:00,ASTER,HL,9.1212,2.3212,1557.42,0.78,1556.0,21.735,1557.93,1555.9,0.0003250100,0.0000062500,0.1,153.7
2026-09-14T08:37:25.250+00:00,ASTER,ENTROPY,7.1937,0.3937,1557.42,0.78,1556.3,1.4437,1557.93,1556.0,0.0003250100,0.0000017363,0.1,277.4
2026-09-14T08:37:25.251+00:00,ASTER,HL,9.1212,2.3212,1557.42,0.78,1556.0,21.735,1557.93,1555.9,0.0003250100,0.0000062500,0.2,153.9
2026-09-14T08:37:25.251+00:00,ASTER,ENTROPY,7.1937,0.3937,1557.42,0.78,1556.3,1.4437,1557.93,1556.0,0.0003250100,0.0000017363,0.2,277.5
2026-09-14T08:37:25.328+00:00,ASTER,HL,9.1212,2.3212,1557.42,0.78,1556.0,21.735,1557.93,1555.9,0.0003250100,0.0000062500,77.5,0.2
2026-09-14T08:37:25.329+00:00,ASTER,ENTROPY,7.1935,0.3935,1557.42,0.78,1556.3,1.4437,1557.93,1556.2,0.0003250100,0.0000017363,77.8,0.4
2026-09-14T08:37:25.342+00:00,ASTER,HL,9.1212,2.3212,1557.42,0.78,1556.0,21.735,1557.92,1555.9,0.0003250100,0.0000062500,0.1,13.9
2026-09-14T08:37:25.342+00:00,ASTER,ENTROPY,7.1935,0.3935,1557.42,0.78,1556.3,1.4437,1557.92,1556.2,0.0003250100,0.0000017363,0.1,13.9
2026-09-14T08:37:25.379+00:00,ASTER,HL,9.1212,2.3212,1557.42,0.78,1556.0,22.378,1557.92,1555.9,0.0003250100,0.0000062500,38.0,0.3
2026-09-14T08:37:25.379+00:00,ASTER,ENTROPY,7.1935,0.3935,1557.42,0.78,1556.3,1.4437,1557.92,1556.2,0.0003250100,0.0000017363,38.2,0.5
2026-09-14T08:37:25.400+00:00,ASTER,HL,9.1854,2.3854,1557.43,3.04,1556.0,22.378,1557.92,1555.9,0.0003250100,0.0000062500,0.1,21.4
2026-09-14T08:37:25.400+00:00,ASTER,ENTROPY,7.2577,0.4577,1557.43,3.04,1556.3,1.4437,1557.92,1556.2,0.0003250100,0.0000017363,0.1,21.3
2026-09-14T08:37:25.400+00:00,ASTER,HL,9.2497,2.4497,1557.44,3.04,1556.0,22.378,1557.92,1555.9,0.0003250100,0.0000062500,0.2,21.5
2026-09-14T08:37:25.400+00:00,ASTER,ENTROPY,7.3219,0.5219,1557.44,3.04,1556.3,1.4437,1557.92,1556.2,0.0003250100,0.0000017363,0.2,21.4
2026-09-14T08:37:25.458+00:00,ASTER,HL,9.2497,2.4497,1557.44,3.04,1556.0,22.735,1557.92,1555.9,0.0003250100,0.0000062500,56.5,0.2
2026-09-14T08:37:25.458+00:00,ASTER,ENTROPY,7.3219,0.5219,1557.44,3.04,1556.3,1.4437,1557.92,1556.2,0.0003250100,0.0000017363,56.6,0.3
2026-09-14T08:37:25.479+00:00,ASTER,HL,9.2497,2.4497,1557.44,3.04,1556.0,28.221,1557.92,1555.9,0.0003250100,0.0000062500,78.5,0.2
2026-09-14T08:37:25.479+00:00,ASTER,HL,9.2496,2.4496,1557.44,3.04,1556.0,28.221,1557.93,1555.9,0.0003250100,0.0000062500,0.3,0.4
2026-09-14T08:37:25.479+00:00,ASTER,ENTROPY,7.3219,0.5219,1557.44,3.04,1556.3,1.4437,1557.93,1556.2,0.0003250100,0.0000017363,0.3,22.4
2026-09-14T08:37:25.541+00:00,ASTER,HL,9.1212,2.3212,1557.42,0.78,1556.0,28.221,1557.93,1555.9,0.0003250100,0.0000062500,0.2,62.4
2026-09-14T08:37:25.541+00:00,ASTER,ENTROPY,7.1935,0.3935,1557.42,0.78,1556.3,1.4437,1557.93,1556.2,0.0003250100,0.0000017363,0.2,84.5
2026-09-14T08:37:25.541+00:00,ASTER,HL,9.1212,2.3212,1557.42,0.78,1556.0,28.221,1557.93,1555.9,0.0003250100,0.0000062500,0.3,62.6
2026-09-14T08:37:25.541+00:00,ASTER,ENTROPY,7.1935,0.3935,1557.42,0.78,1556.3,1.4437,1557.93,1556.2,0.0003250100,0.0000017363,0.3,84.6
2026-09-14T08:37:25.548+00:00,ASTER,HL,9.1212,2.3212,1557.42,0.78,1556.0,28.221,1557.93,1555.9,0.0003250100,0.0000062500,0.1,68.4
2026-09-14T08:37:25.548+00:00,ASTER,ENTROPY,7.1935,0.3935,1557.42,0.78,1556.3,1.4437,1557.93,1556.2,0.0003250100,0.0000017363,0.1,90.4
2026-09-14T08:37:25.548+00:00,ASTER,HL,9.4423,2.6423,1557.47,3.04,1556.0,28.221,1557.93,1555.9,0.0003250100,0.0000062500,0.2,68.5
2026-09-14T08:37:25.548+00:00,ASTER,ENTROPY,7.5146,0.7146,1557.47,3.04,1556.3,1.4437,1557.93,1556.2,0.0003250100,0.0000017363,0.2,90.5
2026-09-14T08:37:25.636+00:00,ASTER,HL,9.1212,2.3212,1557.42,0.78,1556.0,28.221,1557.93,1555.9,0.0003250100,0.0000062500,0.3,156.8
2026-09-14T08:37:25.636+00:00,ASTER,ENTROPY,7.1935,0.3935,1557.42,0.78,1556.3,1.4437,1557.93,1556.2,0.0003250100,0.0000017363,0.3,178.8
2026-09-14T08:37:25.644+00:00,ASTER,HL,9.5065,2.7065,1557.48,3.04,1556.0,28.221,1557.93,1555.9,0.0003250100,0.0000062500,0.2,164.1
2026-09-14T08:37:25.644+00:00,ASTER,ENTROPY,7.5788,0.7788,1557.48,3.04,1556.3,1.4437,1557.93,1556.2,0.0003250100,0.0000017363,0.2,186.1
2026-09-14T08:37:25.666+00:00,ASTER,HL,9.5067,2.7067,1557.48,3.04,1556.0,28.221,1557.93,1555.8,0.0003250100,0.0000062500,22.6,0.4
2026-09-14T08:37:25.666+00:00,ASTER,ENTROPY,7.5788,0.7788,1557.48,3.04,1556.3,1.6285,1557.93,1556.2,0.0003250100,0.0000017363,22.8,0.5
2026-09-14T08:37:25.699+00:00,ASTER,HL,9.5067,2.7067,1557.48,3.04,1556.0,30.422,1557.93,1555.8,0.0003250100,0.0000062500,55.4,0.2
2026-09-14T08:37:25.831+00:00,ASTER,HL,9.1213,2.3213,1557.42,0.78,1556.0,30.422,1557.93,1555.8,0.0003250100,0.0000062500,0.2,133.1
2026-09-14T08:37:25.831+00:00,ASTER,ENTROPY,7.1935,0.3935,1557.42,0.78,1556.3,1.6285,1557.93,1556.2,0.0003250100,0.0000017363,0.2,166.1
2026-09-14T08:37:25.838+00:00,ASTER,HL,9.1213,2.3213,1557.42,0.78,1556.0,30.422,1557.93,1555.8,0.0003250100,0.0000062500,0.1,140.4
2026-09-14T08:37:25.838+00:00,ASTER,ENTROPY,7.1935,0.3935,1557.42,0.78,1556.3,1.6285,1557.93,1556.2,0.0003250100,0.0000017363,0.1,173.3
2026-09-14T08:37:25.838+00:00,ASTER,HL,9.1212,2.3212,1557.42,0.78,1556.0,30.422,1558.03,1555.8,0.0003250100,0.0000062500,0.2,140.5
2026-09-14T08:37:25.838+00:00,ASTER,ENTROPY,7.1934,0.3934,1557.42,0.78,1556.3,1.6285,1558.03,1556.2,0.0003250100,0.0000017363,0.2,173.4
2026-09-14T08:37:25.838+00:00,ASTER,HL,8.7359,1.9359,1557.36,0.64,1556.0,30.422,1558.03,1555.8,0.0003250100,0.0000062500,0.3,140.5
2026-09-14T08:37:25.838+00:00,ASTER,ENTROPY,6.8081,0.0081,1557.36,0.64,1556.3,1.6285,1558.03,1556.2,0.0003250100,0.0000017363,0.3,173.5
2026-09-14T08:37:25.838+00:00,ASTER,HL,8.7360,1.9360,1557.36,0.64,1556.0,30.422,1557.92,1555.8,0.0003250100,0.0000062500,0.3,140.5
2026-09-14T08:37:25.838+00:00,ASTER,ENTROPY,6.8082,0.0082,1557.36,0.64,1556.3,1.6285,1557.92,1556.2,0.0003250100,0.0000017363,0.3,173.5
2026-09-14T08:37:25.843+00:00,ASTER,HL,8.7361,1.9361,1557.36,0.64,1556.0,30.422,1557.85,1555.8,0.0003250100,0.0000062500,0.1,144.9
2026-09-14T08:37:25.843+00:00,ASTER,ENTROPY,6.8083,0.0083,1557.36,0.64,1556.3,1.6285,1557.85,1556.2,0.0003250100,0.0000017363,0.1,177.9
2026-09-14T08:37:25.882+00:00,ASTER,ENTROPY,6.8083,0.0083,1557.36,0.64,1556.3,1.6362,1557.85,1556.2,0.0003250100,0.0000017363,39.0,0.2
2026-09-14T08:37:25.899+00:00,ASTER,HL,8.7362,1.9362,1557.36,0.64,1556.0,30.422,1557.79,1555.8,0.0003250100,0.0000062500,0.7,200.8
2026-09-14T08:37:25.899+00:00,ASTER,ENTROPY,6.8083,0.0083,1557.36,0.64,1556.3,1.6362,1557.79,1556.2,0.0003250100,0.0000017363,0.7,17.2
2026-09-14T08:37:25.899+00:00,ASTER,HL,8.7362,1.9362,1557.36,0.64,1556.0,30.422,1557.79,1555.8,0.0003250100,0.0000062500,0.7,200.9
2026-09-14T08:37:25.899+00:00,ASTER,ENTROPY,6.8083,0.0083,1557.36,0.64,1556.3,1.6362,1557.79,1556.2,0.0003250100,0.0000017363,0.7,17.3
2026-09-14T08:37:25.899+00:00,ASTER,HL,8.7362,1.9362,1557.36,0.64,1556.0,30.422,1557.79,1555.8,0.0003250100,0.0000062500,0.8,200.9
2026-09-14T08:37:25.899+00:00,ASTER,ENTROPY,6.8083,0.0083,1557.36,0.64,1556.3,1.6362,1557.79,1556.2,0.0003250100,0.0000017363,0.8,17.3
2026-09-14T08:37:25.899+00:00,ASTER,HL,8.7362,1.9362,1557.36,0.64,1556.0,30.422,1557.79,1555.8,0.0003250100,0.0000062500,0.8,200.9
2026-09-14T08:37:25.899+00:00,ASTER,ENTROPY,6.8083,0.0083,1557.36,0.64,1556.3,1.6362,1557.79,1556.2,0.0003250100,0.0000017363,0.8,17.3
2026-09-14T08:37:25.993+00:00,ASTER,HL,8.7362,1.9362,1557.36,0.64,1556.0,30.422,1557.78,1555.8,0.0003250100,0.0000062500,0.2,294.9
2026-09-14T08:37:25.993+00:00,ASTER,ENTROPY,6.8084,0.0084,1557.36,0.64,1556.3,1.6362,1557.78,1556.2,0.0003250100,0.0000017363,0.2,111.3
2026-09-14T08:37:26.031+00:00,ASTER,HL,8.7362,1.9362,1557.36,0.64,1556.0,30.422,1557.78,1555.8,0.0003250100,0.0000062500,38.3,0.2
2026-09-14T08:37:26.119+00:00,ASTER,HL,9.3788,2.5788,1557.36,0.64,1555.9,0.309,1557.78,1555.8,0.0003250100,0.0000062500,125.5,0.3
2026-09-14T08:37:26.119+00:00,ASTER,ENTROPY,6.8084,0.0084,1557.36,0.64,1556.3,2.0194,1557.78,1556.2,0.0003250100,0.0000017363,125.7,0.5
2026-09-14T08:37:26.146+00:00,ASTER,HL,8.9292,2.1292,1557.29,3.04,1555.9,0.309,1557.78,1555.8,0.0003250100,0.0000062500,0.2,28.6
2026-09-14T08:37:26.282+00:00,ASTER,HL,8.0300,1.2300,1557.15,2.78,1555.9,0.309,1557.78,1555.8,0.0003250100,0.0000062500,0.2,164.1
2026-09-14T08:37:26.296+00:00,ASTER,HL,8.6727,1.8727,1557.15,2.78,1555.8,9.165,1557.78,1555.7,0.0003250100,0.0000062500,14.0,0.2
2026-09-14T08:37:26.304+00:00,ASTER,HL,9.6361,2.8361,1557.3,3.04,1555.8,9.165,1557.78,1555.7,0.0003250100,0.0000062500,0.2,8.6
2026-09-14T08:37:26.394+00:00,ASTER,HL,9.6361,2.8361,1557.3,3.04,1555.8,18.33,1557.78,1555.7,0.0003250100,0.0000062500,89.3,0.3
2026-09-14T08:37:26.394+00:00,ASTER,HL,8.6727,1.8727,1557.15,2.78,1555.8,18.33,1557.78,1555.7,0.0003250100,0.0000062500,0.4,0.5
2026-09-14T08:37:26.394+00:00,ASTER,HL,8.6727,1.8727,1557.15,2.78,1555.8,18.33,1557.76,1555.7,0.0003250100,0.0000062500,0.4,0.5
2026-09-14T08:37:26.394+00:00,ASTER,HL,9.7004,2.9004,1557.31,3.04,1555.8,18.33,1557.76,1555.7,0.0003250100,0.0000062500,0.4,0.5
2026-09-14T08:37:26.456+00:00,ASTER,HL,9.0578,2.2578,1557.31,3.04,1555.9,2.199,1557.76,1555.7,0.0003250100,0.0000062500,62.6,0.2
2026-09-14T08:37:26.536+00:00,ASTER,HL,8.0302,1.2302,1557.15,2.78,1555.9,2.199,1557.76,1555.7,0.0003250100,0.0000062500,0.3,80.6
2026-09-14T08:37:26.546+00:00,ASTER,HL,9.2505,2.4505,1557.34,3.04,1555.9,2.199,1557.76,1555.7,0.0003250100,0.0000062500,0.6,91.1
2026-09-14T08:37:26.547+00:00,ASTER,HL,9.2505,2.4505,1557.34,3.04,1555.9,3.163,1557.76,1555.7,0.0003250100,0.0000062500,0.7,0.6
2026-09-14T08:37:26.547+00:00,ASTER,ENTROPY,7.9651,1.1651,1557.34,3.04,1556.1,0.3213,1557.76,1556.0,0.0003250100,0.0000017363,0.8,0.6
2026-09-14T08:37:26.647+00:00,ASTER,HL,8.0302,1.2302,1557.15,2.78,1555.9,3.163,1557.76,1555.7,0.0003250100,0.0000062500,0.3,101.6
2026-09-14T08:37:26.648+00:00,ASTER,HL,9.3789,2.5789,1557.36,3.04,1555.9,3.163,1557.76,1555.7,0.0003250100,0.0000062500,0.4,101.8
2026-09-14T08:37:26.648+00:00,ASTER,ENTROPY,8.0935,1.2935,1557.36,3.04,1556.1,0.3213,1557.76,1556.0,0.0003250100,0.0000017363,0.4,101.8
2026-09-14T08:37:26.668+00:00,ASTER,HL,10.0215,3.2215,1557.36,3.04,1555.8,31.065,1557.76,1555.7,0.0003250100,0.0000062500,20.9,0.3
2026-09-14T08:37:26.668+00:00,ASTER,ENTROPY,8.0935,1.2935,1557.36,3.04,1556.1,1.5848,1557.76,1556.0,0.0003250100,0.0000017363,21.0,0.4
2026-09-14T08:37:26.690+00:00,ASTER,ENTROPY,8.0935,1.2935,1557.36,3.04,1556.1,1.9061,1557.76,1556.0,0.0003250100,0.0000017300,43.0,0.2
2026-09-14T08:37:26.852+00:00,ASTER,HL,10.0215,3.2215,1557.36,3.04,1555.8,31.065,1557.73,1555.7,0.0003250100,0.0000062500,0.8,183.8
2026-09-14T08:37:26.852+00:00,ASTER,ENTROPY,8.0935,1.2935,1557.36,3.04,1556.1,1.9061,1557.73,1556.0,0.0003250100,0.0000017300,0.8,161.6
2026-09-14T08:37:26.852+00:00,ASTER,HL,10.0215,3.2215,1557.36,3.04,1555.8,31.065,1557.73,1555.7,0.0003250100,0.0000062500,0.9,184.0
2026-09-14T08:37:26.852+00:00,ASTER,ENTROPY,8.0935,1.2935,1557.36,3.04,1556.1,1.9061,1557.73,1556.0,0.0003250100,0.0000017300,0.9,161.7
2026-09-14T08:37:26.852+00:00,ASTER,HL,10.0215,3.2215,1557.36,3.04,1555.8,30.422,1557.73,1555.7,0.0003250100,0.0000062500,1.0,0.8
2026-09-14T08:37:26.852+00:00,ASTER,ENTROPY,8.0935,1.2935,1557.36,3.04,1556.1,1.4427,1557.73,1556.0,0.0003250100,0.0000017300,1.0,0.8
2026-09-14T08:37:26.977+00:00,ASTER,HL,10.0215,3.2215,1557.36,3.04,1555.8,30.422,1557.73,1555.7,0.0003250100,0.0000062500,126.5,0.4
2026-09-14T08:37:26.978+00:00,ASTER,ENTROPY,8.0935,1.2935,1557.36,3.04,1556.1,0.1792,1557.73,1556.0,0.0003250100,0.0000017300,126.6,0.5
2026-09-14T08:37:27.043+00:00,ASTER,HL,10.0215,3.2215,1557.36,3.04,1555.8,31.065,1557.73,1555.7,0.0003250100,0.0000062500,192.5,0.2
2026-09-14T08:37:27.044+00:00,ASTER,ENTROPY,8.0935,1.2935,1557.36,3.04,1556.1,0.3638,1557.73,1556.0,0.0003250100,0.0000017300,192.6,0.4
2026-09-14T08:37:27.095+00:00,ASTER,HL,10.0215,3.2215,1557.36,3.04,1555.8,30.422,1557.73,1555.7,0.0003250100,0.0000062500,243.6,0.3
2026-09-14T08:37:27.098+00:00,ASTER,HL,10.0215,3.2215,1557.36,3.04,1555.8,30.422,1557.73,1555.7,0.0003250100,0.0000062500,0.6,3.5
2026-09-14T08:37:27.098+00:00,ASTER,ENTROPY,8.0935,1.2935,1557.36,3.04,1556.1,0.3638,1557.73,1556.0,0.0003250100,0.0000017300,0.6,54.5
2026-09-14T08:37:27.098+00:00,ASTER,HL,10.0214,3.2214,1557.36,3.04,1555.8,30.422,1557.83,1555.7,0.0003250100,0.0000062500,0.7,3.6
2026-09-14T08:37:27.098+00:00,ASTER,ENTROPY,8.0934,1.2934,1557.36,3.04,1556.1,0.3638,1557.83,1556.0,0.0003250100,0.0000017300,0.7,54.6
2026-09-14T08:37:27.098+00:00,ASTER,HL,10.0214,3.2214,1557.36,3.04,1555.8,30.422,1557.83,1555.7,0.0003250100,0.0000062500,0.7,3.6
2026-09-14T08:37:27.098+00:00,ASTER,ENTROPY,8.0934,1.2934,1557.36,3.04,1556.1,0.3638,1557.83,1556.0,0.0003250100,0.0000017300,0.7,54.6
2026-09-14T08:37:27.098+00:00,ASTER,HL,10.0214,3.2214,1557.36,3.04,1555.8,30.422,1557.84,1555.7,0.0003250100,0.0000062500,0.8,3.7
2026-09-14T08:37:27.098+00:00,ASTER,ENTROPY,8.0934,1.2934,1557.36,3.04,1556.1,0.3638,1557.84,1556.0,0.0003250100,0.0000017300,0.8,54.7
2026-09-14T08:37:27.103+00:00,ASTER,HL,10.0214,3.2214,1557.36,3.04,1555.8,30.422,1557.79,1555.7,0.0003250100,0.0000062500,0.1,8.7
2026-09-14T08:37:27.103+00:00,ASTER,ENTROPY,8.0935,1.2935,1557.36,3.04,1556.1,0.3638,1557.79,1556.0,0.0003250100,0.0000017300,0.1,59.7
2026-09-14T08:37:27.113+00:00,ASTER,HL,10.0214,3.2214,1557.36,3.04,1555.8,30.422,1557.79,1555.7,0.0003250100,0.0000062500,0.1,18.1
2026-09-14T08:37:27.113+00:00,ASTER,ENTROPY,8.0935,1.2935,1557.36,3.04,1556.1,0.3638,1557.79,1556.0,0.0003250100,0.0000017300,0.1,69.1
2026-09-14T08:37:27.113+00:00,ASTER,HL,10.0214,3.2214,1557.36,3.04,1555.8,30.422,1557.79,1555.7,0.0003250100,0.0000062500,0.1,18.2
2026-09-14T08:37:27.113+00:00,ASTER,ENTROPY,8.0935,1.2935,1557.36,3.04,1556.1,0.3638,1557.79,1556.0,0.0003250100,0.0000017300,0.1,69.2
2026-09-14T08:37:27.144+00:00,ASTER,HL,10.0214,3.2214,1557.36,3.04,1555.8,30.422,1557.79,1555.7,0.0003250100,0.0000062500,0.1,49.3
2026-09-14T08:37:27.144+00:00,ASTER,ENTROPY,8.0935,1.2935,1557.36,3.04,1556.1,0.3638,1557.79,1556.0,0.0003250100,0.0000017300,0.1,100.3
2026-09-14T08:37:27.236+00:00,ASTER,HL,10.0214,3.2214,1557.36,3.04,1555.8,30.422,1557.79,1555.7,0.0003250100,0.0000062500,0.3,142.0
2026-09-14T08:37:27.236+00:00,ASTER,ENTROPY,8.0935,1.2935,1557.36,3.04,1556.1,0.3638,1557.79,1556.0,0.0003250100,0.0000017300,0.3,193.0
2026-09-14T08:37:27.237+00:00,ASTER,HL,10.0214,3.2214,1557.36,3.04,1555.8,30.422,1557.79,1555.7,0.0003250100,0.0000062500,0.6,142.3
2026-09-14T08:37:27.237+00:00,ASTER,ENTROPY,8.0935,1.2935,1557.36,3.04,1556.1,0.3638,1557.79,1556.0,0.0003250100,0.0000017300,0.6,193.3
2026-09-14T08:37:27.237+00:00,ASTER,HL,10.0214,3.2214,1557.36,3.04,1555.8,30.422,1557.79,1555.7,0.0003250100,0.0000062500,0.7,142.4
2026-09-14T08:37:27.237+00:00,ASTER,ENTROPY,8.0935,1.2935,1557.36,3.04,1556.1,0.3638,1557.79,1556.0,0.0003250100,0.0000017300,0.7,193.4
2026-09-14T08:37:27.237+00:00,ASTER,HL,10.0214,3.2214,1557.36,3.04,1555.8,30.422,1557.84,1555.7,0.0003250100,0.0000062500,0.7,142.5
2026-09-14T08:37:27.237+00:00,ASTER,ENTROPY,8.0934,1.2934,1557.36,3.04,1556.1,0.3638,1557.84,1556.0,0.0003250100,0.0000017300,0.7,193.5
2026-09-14T08:37:27.238+00:00,ASTER,HL,10.0215,3.2215,1557.36,3.04,1555.8,30.422,1557.78,1555.7,0.0003250100,0.0000062500,0.1,143.9
2026-09-14T08:37:27.238+00:00,ASTER,ENTROPY,8.0935,1.2935,1557.36,3.04,1556.1,0.3638,1557.78,1556.0,0.0003250100,0.0000017300,0.1,194.9
2026-09-14T08:37:27.249+00:00,ASTER,HL,10.0215,3.2215,1557.36,3.04,1555.8,30.422,1557.78,1555.7,0.0003250100,0.0000062500,0.1,154.1
2026-09-14T08:37:27.249+00:00,ASTER,ENTROPY,8.0935,1.2935,1557.36,3.04,1556.1,0.3638,1557.78,1556.0,0.0003250100,0.0000017300,0.1,205.1
2026-09-14T08:37:27.249+00:00,ASTER,HL,10.0215,3.2215,1557.36,3.04,1555.8,30.422,1557.78,1555.7,0.0003250100,0.0000062500,0.3,154.2
2026-09-14T08:37:27.249+00:00,ASTER,ENTROPY,8.0935,1.2935,1557.36,3.04,1556.1,0.3638,1557.78,1556.0,0.0003250100,0.0000017300,0.3,205.2
2026-09-14T08:37:27.249+00:00,ASTER,HL,10.0215,3.2215,1557.36,3.04,1555.8,30.422,1557.78,1555.7,0.0003250100,0.0000062500,0.3,154.3
2026-09-14T08:37:27.249+00:00,ASTER,ENTROPY,8.0935,1.2935,1557.36,3.04,1556.1,0.3638,1557.78,1556.0,0.0003250100,0.0000017300,0.3,205.3
2026-09-14T08:37:27.249+00:00,ASTER,HL,10.0215,3.2215,1557.36,3.04,1555.8,30.422,1557.78,1555.7,0.0003250100,0.0000062500,0.4,154.3
2026-09-14T08:37:27.249+00:00,ASTER,ENTROPY,8.0935,1.2935,1557.36,3.04,1556.1,0.3638,1557.78,1556.0,0.0003250100,0.0000017300,0.4,205.3
2026-09-14T08:37:27.280+00:00,ASTER,HL,10.0215,3.2215,1557.36,3.04,1555.8,30.422,1557.78,1555.7,0.0003250100,0.0000062500,0.2,185.5
2026-09-14T08:37:27.280+00:00,ASTER,ENTROPY,8.0935,1.2935,1557.36,3.04,1556.1,0.3638,1557.78,1556.0,0.0003250100,0.0000017300,0.2,236.5
2026-09-14T08:37:27.280+00:00,ASTER,HL,8.6085,1.8085,1557.14,4.02,1555.8,30.422,1557.78,1555.7,0.0003250100,0.0000062500,0.2,185.6
2026-09-14T08:37:27.288+00:00,ASTER,HL,8.6085,1.8085,1557.14,4.02,1555.8,30.422,1557.78,1555.7,0.0003250100,0.0000062500,0.1,194.3
2026-09-14T08:37:27.292+00:00,ASTER,HL,8.6085,1.8085,1557.14,4.02,1555.8,30.422,1557.78,1555.7,0.0003250100,0.0000062500,0.1,196.8
2026-09-14T08:37:27.300+00:00,ASTER,HL,10.0857,3.2857,1557.37,3.04,1555.8,30.422,1557.78,1555.7,0.0003250100,0.0000062500,0.0,205.3
2026-09-14T08:37:27.300+00:00,ASTER,ENTROPY,8.1577,1.3577,1557.37,3.04,1556.1,0.1792,1557.78,1556.0,0.0003250100,0.0000017300,0.0,0.2
2026-09-14T08:37:27.389+00:00,ASTER,HL,10.0857,3.2857,1557.37,3.04,1555.8,30.422,1557.78,1555.7,0.0003250100,0.0000062500,0.2,294.2
2026-09-14T08:37:27.389+00:00,ASTER,ENTROPY,8.1577,1.3577,1557.37,3.04,1556.1,0.1792,1557.78,1556.0,0.0003250100,0.0000017300,0.2,89.0
2026-09-14T08:37:27.389+00:00,ASTER,HL,10.0856,3.2856,1557.37,3.04,1555.8,30.422,1557.84,1555.7,0.0003250100,0.0000062500,0.3,294.3
2026-09-14T08:37:27.389+00:00,ASTER,ENTROPY,8.1576,1.3576,1557.37,3.04,1556.1,0.1792,1557.84,1556.0,0.0003250100,0.0000017300,0.3,89.2
2026-09-14T08:37:27.392+00:00,ASTER,HL,10.0856,3.2856,1557.37,3.04,1555.8,30.422,1557.83,1555.7,0.0003250100,0.0000062500,0.1,297.0
2026-09-14T08:37:27.392+00:00,ASTER,ENTROPY,8.1576,1.3576,1557.37,3.04,1556.1,0.1792,1557.83,1556.0,0.0003250100,0.0000017300,0.1,91.9
2026-09-14T08:37:27.392+00:00,ASTER,HL,10.0856,3.2856,1557.37,3.04,1555.8,30.422,1557.83,1555.7,0.0003250100,0.0000062500,0.2,297.1
2026-09-14T08:37:27.392+00:00,ASTER,ENTROPY,8.1576,1.3576,1557.37,3.04,1556.1,0.1792,1557.83,1556.0,0.0003250100,0.0000017300,0.2,91.9
2026-09-14T08:37:27.441+00:00,ASTER,HL,8.6726,1.8726,1557.15,62.7,1555.8,30.422,1557.83,1555.7,0.0003250100,0.0000062500,0.2,346.7
2026-09-14T08:37:27.448+00:00,ASTER,HL,10.2783,3.4783,1557.4,3.04,1555.8,30.422,1557.83,1555.7,0.0003250100,0.0000062500,0.2,353.7
2026-09-14T08:37:27.448+00:00,ASTER,ENTROPY,8.3503,1.5503,1557.4,3.04,1556.1,0.1792,1557.83,1556.0,0.0003250100,0.0000017300,0.2,148.5
2026-09-14T08:37:27.489+00:00,ASTER,HL,8.6726,1.8726,1557.15,62.7,1555.8,30.422,1557.83,1555.7,0.0003250100,0.0000062500,0.2,394.0
2026-09-14T08:37:27.532+00:00,ASTER,HL,8.6726,1.8726,1557.15,62.7,1555.8,30.422,1557.83,1555.7,0.0003250100,0.0000062500,43.5,0.3
2026-09-14T08:37:27.532+00:00,ASTER,HL,8.6726,1.8726,1557.15,62.7,1555.8,31.065,1557.83,1555.7,0.0003250100,0.0000062500,44.3,1.0
2026-09-14T08:37:27.535+00:00,ASTER,HL,8.6726,1.8726,1557.15,62.7,1555.8,31.065,1557.83,1555.7,0.0003250100,0.0000062500,0.1,2.9
2026-09-14T08:37:27.559+00:00,ASTER,HL,8.6726,1.8726,1557.15,47.72,1555.8,31.065,1557.83,1555.7,0.0003250100,0.0000062500,0.2,27.4
2026-09-14T08:37:27.559+00:00,ASTER,HL,8.6726,1.8726,1557.15,31.35,1555.8,31.065,1557.83,1555.7,0.0003250100,0.0000062500,0.3,27.5
2026-09-14T08:37:27.559+00:00,ASTER,HL,8.6726,1.8726,1557.15,31.35,1555.8,31.065,1557.84,1555.7,0.0003250100,0.0000062500,0.3,27.5
2026-09-14T08:37:27.559+00:00,ASTER,HL,8.6726,1.8726,1557.15,16.37,1555.8,31.065,1557.84,1555.7,0.0003250100,0.0000062500,0.3,27.6
2026-09-14T08:37:27.559+00:00,ASTER,HL,8.4157,1.6157,1557.11,0.05,1555.8,31.065,1557.84,1555.7,0.0003250100,0.0000062500,0.4,27.6
2026-09-14T08:37:27.559+00:00,ASTER,HL,10.4709,3.6709,1557.43,3.04,1555.8,31.065,1557.84,1555.7,0.0003250100,0.0000062500,0.4,27.6
2026-09-14T08:37:27.559+00:00,ASTER,ENTROPY,8.5435,1.7435,1557.43,3.04,1556.1,0.3453,1557.84,1555.6,0.0003250100,0.0000017300,0.4,27.6
2026-09-14T08:37:27.559+00:00,ASTER,HL,10.5994,3.7994,1557.45,3.04,1555.8,31.065,1557.84,1555.7,0.0003250100,0.0000062500,0.4,27.6
2026-09-14T08:37:27.559+00:00,ASTER,ENTROPY,8.6719,1.8719,1557.45,3.04,1556.1,0.3453,1557.84,1555.6,0.0003250100,0.0000017300,0.4,27.6
2026-09-14T08:37:27.559+00:00,ASTER,HL,10.8562,4.0562,1557.49,3.04,1555.8,31.065,1557.84,1555.7,0.0003250100,0.0000062500,0.4,27.6
2026-09-14T08:37:27.559+00:00,ASTER,ENTROPY,8.9288,2.1288,1557.49,3.04,1556.1,0.3453,1557.84,1555.6,0.0003250100,0.0000017300,0.4,27.6
2026-09-14T08:37:27.647+00:00,ASTER,HL,9.3149,2.5149,1557.25,47.9,1555.8,31.065,1557.84,1555.7,0.0003250100,0.0000062500,0.3,115.0
2026-09-14T08:37:27.647+00:00,ASTER,ENTROPY,7.3874,0.5874,1557.25,47.9,1556.1,0.3453,1557.84,1555.6,0.0003250100,0.0000017300,0.3,115.0
2026-09-14T08:37:27.647+00:00,ASTER,HL,10.9847,4.1847,1557.51,3.04,1555.8,31.065,1557.84,1555.7,0.0003250100,0.0000062500,0.9,115.7
2026-09-14T08:37:27.647+00:00,ASTER,ENTROPY,9.0573,2.2573,1557.51,3.04,1556.1,0.3453,1557.84,1555.6,0.0003250100,0.0000017300,0.9,115.7
2026-09-14T08:37:27.702+00:00,ASTER,HL,10.9847,4.1847,1557.51,3.04,1555.8,24.936,1557.84,1555.7,0.0003250100,0.0000062500,55.7,0.3
2026-09-14T08:37:27.702+00:00,ASTER,ENTROPY,7.7718,0.9718,1557.51,3.04,1556.3,1.5679,1557.84,1556.0,0.0003250100,0.0000017300,55.8,0.5
2026-09-14T08:37:27.708+00:00,ASTER,HL,10.9847,4.1847,1557.51,3.04,1555.8,22.735,1557.84,1555.7,0.0003250100,0.0000062500,61.3,0.3
2026-09-14T08:37:27.860+00:00,ASTER,HL,9.6996,2.8996,1557.51,3.04,1556.0,32.681,1557.84,1555.7,0.0003250100,0.0000062500,213.9,0.3
2026-09-14T08:37:27.860+00:00,ASTER,ENTROPY,7.7715,0.9715,1557.51,3.04,1556.3,1.1847,1557.84,1556.2,0.0003250100,0.0000017300,214.1,0.4
2026-09-14T08:37:28.088+00:00,ASTER,HL,9.6995,2.8995,1557.51,3.04,1556.0,32.681,1557.84,1555.8,0.0003250100,0.0000062500,441.4,0.3
2026-09-14T08:37:28.088+00:00,ASTER,ENTROPY,7.7715,0.9715,1557.51,3.04,1556.3,1.1847,1557.84,1556.2,0.0003250100,0.0000017300,441.6,0.4
2026-09-14T08:37:28.147+00:00,ASTER,ENTROPY,7.7715,0.9715,1557.51,3.04,1556.3,1.1847,1557.84,1556.2,0.0003250100,0.0000017300,500.4,0.2
2026-09-14T08:37:28.151+00:00,ASTER,HL,10.3420,3.5420,1557.51,3.04,1555.9,0.964,1557.84,1555.8,0.0003250100,0.0000062500,504.3,0.2
2026-09-14T08:37:28.151+00:00,ASTER,ENTROPY,7.7718,0.9718,1557.51,3.04,1556.3,1.1847,1557.84,1556.0,0.0003250100,0.0000017300,504.4,0.3
2026-09-14T08:37:28.234+00:00,ASTER,HL,8.6722,1.8722,1557.25,47.9,1555.9,0.964,1557.84,1555.8,0.0003250100,0.0000062500,0.2,84.1
2026-09-14T08:37:28.241+00:00,ASTER,HL,8.6722,1.8722,1557.25,31.53,1555.9,0.964,1557.84,1555.8,0.0003250100,0.0000062500,0.2,90.6
2026-09-14T08:37:28.241+00:00,ASTER,HL,8.6722,1.8722,1557.25,15.16,1555.9,0.964,1557.84,1555.8,0.0003250100,0.0000062500,0.3,90.7
2026-09-14T08:37:28.241+00:00,ASTER,HL,8.6722,1.8722,1557.25,7.58,1555.9,0.964,1557.84,1555.8,0.0003250100,0.0000062500,0.3,90.7
2026-09-14T08:37:28.241+00:00,ASTER,HL,7.7730,0.9730,1557.11,0.01,1555.9,0.964,1557.84,1555.8,0.0003250100,0.0000062500,0.3,90.7
2026-09-14T08:37:28.247+00:00,ASTER,HL,7.3877,0.5877,1557.05,0.64,1555.9,0.964,1557.84,1555.8,0.0003250100,0.0000062500,0.1,96.4
2026-09-14T08:37:28.247+00:00,ASTER,HL,7.3878,0.5878,1557.05,0.64,1555.9,0.964,1557.76,1555.8,0.0003250100,0.0000062500,0.2,96.5
2026-09-14T08:37:28.345+00:00,ASTER,HL,7.6446,0.8446,1557.19,3.04,1556.0,30.101,1557.64,1555.8,0.0003250100,0.0000062500,0.2,44.2
2026-09-14T08:37:28.345+00:00,ASTER,ENTROPY,7.0018,0.2018,1557.19,3.04,1556.1,0.0469,1557.64,1556.0,0.0003250100,0.0000017300,0.2,44.2
2026-09-14T08:37:28.350+00:00,ASTER,HL,7.6445,0.8445,1557.19,3.04,1556.0,30.791,1557.64,1555.9,0.0003250100,0.0000062500,4.8,0.2
2026-09-14T08:37:28.350+00:00,ASTER,ENTROPY,7.0021,0.2021,1557.19,3.04,1556.1,0.0469,1557.64,1555.8,0.0003250100,0.0000017300,4.9,0.3
2026-09-14T08:37:28.393+00:00,ASTER,HL,7.7087,0.9087,1557.2,3.04,1556.0,30.791,1557.63,1555.9,0.0003250100,0.0000062500,0.3,44.1
2026-09-14T08:37:28.393+00:00,ASTER,ENTROPY,7.0663,0.2663,1557.2,3.04,1556.1,0.0469,1557.63,1555.8,0.0003250100,0.0000017300,0.3,44.0
2026-09-14T08:37:28.639+00:00,ASTER,HL,7.3881,0.5881,1557.05,0.64,1555.9,4.457,1557.54,1555.7,0.0003250100,0.0000062500,45.9,0.2
2026-09-14T08:37:28.692+00:00,ASTER,HL,8.0307,1.2307,1557.05,0.64,1555.8,39.056,1557.54,1555.7,0.0003250100,0.0000062500,99.3,0.3
2026-09-14T08:37:28.708+00:00,ASTER,HL,7.0672,0.2672,1556.9,3.9,1555.8,39.056,1557.54,1555.7,0.0003250100,0.0000062500,0.2,15.9
2026-09-14T08:37:28.708+00:00,ASTER,HL,7.0672,0.2672,1556.9,3.9,1555.8,39.056,1557.54,1555.7,0.0003250100,0.0000062500,0.3,16.0
2026-09-14T08:37:28.708+00:00,ASTER,HL,7.0672,0.2672,1556.9,1.95,1555.8,39.056,1557.54,1555.7,0.0003250100,0.0000062500,0.3,16.1
2026-09-14T08:37:28.708+00:00,ASTER,HL,7.0672,0.2672,1556.9,1.95,1555.8,39.056,1557.54,1555.7,0.0003250100,0.0000062500,0.3,16.1
2026-09-14T08:37:28.708+00:00,ASTER,HL,7.0672,0.2672,1556.9,1.95,1555.8,39.056,1557.54,1555.7,0.0003250100,0.0000062500,0.3,16.1
2026-09-14T08:37:29.195+00:00,ASTER,HL,6.8105,0.0105,1556.86,3.04,1555.8,217.897,1557.33,1555.7,0.0003250100,0.0000062500,0.1,162.5
2026-09-14T08:37:29.209+00:00,ASTER,HL,6.8105,0.0105,1556.86,3.04,1555.8,136.2,1557.33,1555.7,0.0003250100,0.0000062500,14.7,0.2
2026-09-14T08:37:29.300+00:00,ASTER,HL,6.9390,0.1390,1556.88,3.04,1555.8,136.2,1557.33,1555.7,0.0003250100,0.0000062500,0.1,90.5
2026-09-14T08:37:29.300+00:00,ASTER,HL,6.9394,0.1394,1556.88,3.04,1555.8,137.464,1557.33,1555.3,0.0003250100,0.0000062500,0.2,0.3
2026-09-14T08:37:29.411+00:00,ASTER,HL,8.9962,2.1962,1556.8,0.78,1555.4,0.864,1557.33,1555.3,0.0003250100,0.0000062500,24.4,0.3
2026-09-14T08:37:29.411+00:00,ASTER,ENTROPY,7.0678,0.2678,1556.8,0.78,1555.7,1.2635,1557.33,1555.6,0.0003250100,0.0000017300,24.6,0.4
2026-09-14T08:37:29.442+00:00,ASTER,HL,8.9320,2.1320,1556.79,8.78,1555.4,0.864,1557.33,1555.3,0.0003250100,0.0000062500,0.2,30.9
2026-09-14T08:37:29.442+00:00,ASTER,ENTROPY,7.0035,0.2035,1556.79,8.78,1555.7,1.2635,1557.33,1555.6,0.0003250100,0.0000017300,0.2,30.9
2026-09-14T08:37:29.444+00:00,ASTER,HL,8.9320,2.1320,1556.79,1.36,1555.4,0.864,1557.33,1555.3,0.0003250100,0.0000062500,0.1,33.5
2026-09-14T08:37:29.444+00:00,ASTER,ENTROPY,7.0035,0.2035,1556.79,1.36,1555.7,1.2635,1557.33,1555.6,0.0003250100,0.0000017300,0.1,33.5
2026-09-14T08:37:29.444+00:00,ASTER,HL,8.9321,2.1321,1556.79,1.36,1555.4,0.864,1557.25,1555.3,0.0003250100,0.0000062500,0.1,33.6
2026-09-14T08:37:29.444+00:00,ASTER,ENTROPY,7.0036,0.2036,1556.79,1.36,1555.7,1.2635,1557.25,1555.6,0.0003250100,0.0000017300,0.1,33.6
2026-09-14T08:37:29.444+00:00,ASTER,HL,9.5745,2.7745,1556.89,3.04,1555.4,0.864,1557.25,1555.3,0.0003250100,0.0000062500,0.2,33.6
2026-09-14T08:37:29.444+00:00,ASTER,ENTROPY,7.6460,0.8460,1556.89,3.04,1555.7,1.2635,1557.25,1555.6,0.0003250100,0.0000017300,0.2,33.6
2026-09-14T08:37:29.492+00:00,ASTER,HL,9.5746,2.7746,1556.89,3.04,1555.4,0.864,1557.2,1555.3,0.0003250100,0.0000062500,0.2,81.5
2026-09-14T08:37:29.492+00:00,ASTER,ENTROPY,7.6461,0.8461,1556.89,3.04,1555.7,1.2635,1557.2,1555.6,0.0003250100,0.0000017300,0.2,81.5
2026-09-14T08:37:29.492+00:00,ASTER,HL,9.5746,2.7746,1556.89,3.04,1555.4,0.864,1557.2,1555.3,0.0003250100,0.0000062500,0.4,81.7
2026-09-14T08:37:29.492+00:00,ASTER,ENTROPY,7.6461,0.8461,1556.89,3.04,1555.7,1.2635,1557.2,1555.6,0.0003250100,0.0000017300,0.4,81.7
2026-09-14T08:37:29.538+00:00,ASTER,HL,8.3540,1.5540,1556.7,0.64,1555.4,0.864,1557.2,1555.3,0.0003250100,0.0000062500,0.2,127.0
2026-09-14T08:37:29.545+00:00,ASTER,HL,8.3540,1.5540,1556.7,0.64,1555.4,0.864,1557.2,1555.3,0.0003250100,0.0000062500,0.2,133.4
2026-09-14T08:37:29.545+00:00,ASTER,HL,8.3540,1.5540,1556.7,0.64,1555.4,0.864,1557.2,1555.3,0.0003250100,0.0000062500,0.3,133.6
2026-09-14T08:37:29.583+00:00,ASTER,HL,8.3540,1.5540,1556.7,0.64,1555.4,0.864,1557.2,1555.3,0.0003250100,0.0000062500,0.3,172.0
2026-09-14T08:37:29.583+00:00,ASTER,HL,8.3540,1.5540,1556.7,0.64,1555.4,0.864,1557.2,1555.3,0.0003250100,0.0000062500,0.4,172.2
2026-09-14T08:37:29.595+00:00,ASTER,HL,8.3540,1.5540,1556.7,0.64,1555.4,0.864,1557.2,1555.3,0.0003250100,0.0000062500,0.1,184.4
2026-09-14T08:37:29.598+00:00,ASTER,HL,8.3538,1.5538,1556.7,0.64,1555.4,0.864,1557.33,1555.3,0.0003250100,0.0000062500,0.1,186.6
2026-09-14T08:37:29.598+00:00,ASTER,HL,8.3540,1.5540,1556.7,0.64,1555.4,0.864,1557.19,1555.3,0.0003250100,0.0000062500,0.1,186.7
2026-09-14T08:37:29.598+00:00,ASTER,HL,8.3540,1.5540,1556.7,0.64,1555.4,0.864,1557.19,1555.3,0.0003250100,0.0000062500,0.1,186.7
2026-09-14T08:37:29.598+00:00,ASTER,HL,8.3540,1.5540,1556.7,0.64,1555.4,0.864,1557.19,1555.3,0.0003250100,0.0000062500,0.1,186.7
2026-09-14T08:37:29.603+00:00,ASTER,HL,8.9322,2.1322,1556.79,3.04,1555.4,0.864,1557.19,1555.3,0.0003250100,0.0000062500,0.1,192.4
2026-09-14T08:37:29.603+00:00,ASTER,ENTROPY,7.0037,0.2037,1556.79,3.04,1555.7,1.2635,1557.19,1555.6,0.0003250100,0.0000017300,0.1,192.4
2026-09-14T08:37:29.629+00:00,ASTER,HL,8.9322,2.1322,1556.79,3.04,1555.4,0.864,1557.19,1555.3,0.0003250100,0.0000062500,0.1,219.0
2026-09-14T08:37:29.629+00:00,ASTER,ENTROPY,7.0037,0.2037,1556.79,3.04,1555.7,1.2635,1557.19,1555.6,0.0003250100,0.0000017300,0.1,219.0
2026-09-14T08:37:29.629+00:00,ASTER,HL,8.9322,2.1322,1556.79,3.04,1555.4,0.864,1557.19,1555.3,0.0003250100,0.0000062500,0.3,219.2
2026-09-14T08:37:29.629+00:00,ASTER,ENTROPY,7.0037,0.2037,1556.79,3.04,1555.7,1.2635,1557.19,1555.6,0.0003250100,0.0000017300,0.3,219.1
2026-09-14T08:37:29.631+00:00,ASTER,HL,8.9320,2.1320,1556.79,3.04,1555.4,0.864,1557.33,1555.3,0.0003250100,0.0000062500,0.1,221.0
2026-09-14T08:37:29.631+00:00,ASTER,ENTROPY,7.0035,0.2035,1556.79,3.04,1555.7,1.2635,1557.33,1555.6,0.0003250100,0.0000017300,0.1,221.0
2026-09-14T08:37:29.641+00:00,ASTER,HL,8.3538,1.5538,1556.7,0.64,1555.4,0.864,1557.33,1555.3,0.0003250100,0.0000062500,0.1,229.7
2026-09-14T08:37:29.653+00:00,ASTER,HL,8.3538,1.5538,1556.7,0.64,1555.4,1.728,1557.33,1555.3,0.0003250100,0.0000062500,12.2,0.2
2026-09-14T08:37:29.674+00:00,ASTER,HL,7.5186,0.7186,1556.57,0.01,1555.4,1.728,1557.33,1555.3,0.0003250100,0.0000062500,0.2,21.4
2026-09-14T08:37:29.674+00:00,ASTER,HL,8.3538,1.5538,1556.7,0.04,1555.4,1.728,1557.33,1555.3,0.0003250100,0.0000062500,0.3,21.5
2026-09-14T08:37:29.674+00:00,ASTER,HL,9.3817,2.5817,1556.86,3.04,1555.4,1.728,1557.33,1555.3,0.0003250100,0.0000062500,0.3,21.6
2026-09-14T08:37:29.674+00:00,ASTER,ENTROPY,7.4535,0.6535,1556.86,3.04,1555.7,1.2635,1557.33,1555.4,0.0003250100,0.0000017300,0.3,21.5
2026-09-14T08:37:29.674+00:00,ASTER,HL,9.8314,3.0314,1556.93,3.04,1555.4,1.728,1557.33,1555.3,0.0003250100,0.0000062500,0.3,21.6
2026-09-14T08:37:29.674+00:00,ASTER,ENTROPY,7.9032,1.1032,1556.93,3.04,1555.7,1.2635,1557.33,1555.4,0.0003250100,0.0000017300,0.3,21.6
2026-09-14T08:37:29.702+00:00,ASTER,HL,9.8314,3.0314,1556.93,3.04,1555.4,29.933,1557.33,1555.3,0.0003250100,0.0000062500,29.0,0.8
2026-09-14T08:37:29.703+00:00,ASTER,ENTROPY,7.9032,1.1032,1556.93,3.04,1555.7,1.6047,1557.33,1555.4,0.0003250100,0.0000017300,29.2,1.0
2026-09-14T08:37:29.740+00:00,ASTER,HL,8.9320,2.1320,1556.79,0.78,1555.4,29.933,1557.33,1555.3,0.0003250100,0.0000062500,0.2,37.5
2026-09-14T08:37:29.740+00:00,ASTER,ENTROPY,7.0038,0.2038,1556.79,0.78,1555.7,1.6047,1557.33,1555.4,0.0003250100,0.0000017300,0.2,37.5
2026-09-14T08:37:29.740+00:00,ASTER,HL,10.0884,3.2884,1556.97,3.04,1555.4,29.933,1557.33,1555.3,0.0003250100,0.0000062500,0.3,37.7
2026-09-14T08:37:29.740+00:00,ASTER,ENTROPY,8.1601,1.3601,1556.97,3.04,1555.7,1.6047,1557.33,1555.4,0.0003250100,0.0000017300,0.3,37.6
2026-09-14T08:37:29.840+00:00,ASTER,HL,10.0884,3.2884,1556.97,3.04,1555.4,26.783,1557.33,1555.3,0.0003250100,0.0000062500,101.5,0.4
2026-09-14T08:37:29.840+00:00,ASTER,HL,10.0884,3.2884,1556.97,3.04,1555.4,27.914,1557.33,1555.3,0.0003250100,0.0000062500,101.7,0.5
2026-09-14T08:37:29.840+00:00,ASTER,ENTROPY,9.4456,2.6456,1556.97,3.04,1555.5,0.3173,1557.33,1555.3,0.0003250100,0.0000017300,101.7,0.5
2026-09-14T08:37:29.845+00:00,ASTER,ENTROPY,8.1602,1.3602,1556.97,3.04,1555.7,1.6113,1557.33,1555.3,0.0003250100,0.0000017300,106.5,0.1
2026-09-14T08:37:29.981+00:00,ASTER,HL,8.9320,2.1320,1556.79,0.78,1555.4,27.914,1557.33,1555.3,0.0003250100,0.0000062500,0.2,140.4
2026-09-14T08:37:29.981+00:00,ASTER,ENTROPY,7.0039,0.2039,1556.79,0.78,1555.7,1.6113,1557.33,1555.3,0.0003250100,0.0000017300,0.2,135.3
2026-09-14T08:37:29.986+00:00,ASTER,HL,8.9320,2.1320,1556.79,0.78,1555.4,24.936,1557.33,1555.3,0.0003250100,0.0000062500,5.2,0.2
2026-09-14T08:37:29.986+00:00,ASTER,ENTROPY,7.0038,0.2038,1556.79,0.78,1555.7,0.3478,1557.33,1555.4,0.0003250100,0.0000017300,5.4,0.4
2026-09-14T08:37:30.070+00:00,ASTER,HL,8.9320,2.1320,1556.79,0.78,1555.4,24.936,1557.33,1555.3,0.0003250100,0.0000062500,89.5,0.2
2026-09-14T08:37:30.095+00:00,ASTER,HL,9.5744,2.7744,1556.89,3.04,1555.4,24.936,1557.33,1555.3,0.0003250100,0.0000062500,0.2,25.8
2026-09-14T08:37:30.095+00:00,ASTER,ENTROPY,7.6462,0.8462,1556.89,3.04,1555.7,0.3478,1557.33,1555.4,0.0003250100,0.0000017300,0.2,110.0
2026-09-14T08:37:30.194+00:00,ASTER,HL,9.5744,2.7744,1556.89,3.04,1555.4,24.936,1557.33,1555.3,0.0003250100,0.0000062500,0.3,124.5
2026-09-14T08:37:30.194+00:00,ASTER,ENTROPY,7.6462,0.8462,1556.89,3.04,1555.7,0.3478,1557.33,1555.4,0.0003250100,0.0000017300,0.3,208.7
2026-09-14T08:37:30.194+00:00,ASTER,HL,9.5744,2.7744,1556.89,3.04,1555.4,24.936,1557.33,1555.3,0.0003250100,0.0000062500,0.4,124.7
2026-09-14T08:37:30.194+00:00,ASTER,ENTROPY,7.6462,0.8462,1556.89,3.04,1555.7,0.3478,1557.33,1555.4,0.0003250100,0.0000017300,0.4,208.9
2026-09-14T08:37:30.201+00:00,ASTER,HL,9.5744,2.7744,1556.89,3.04,1555.4,24.936,1557.33,1555.3,0.0003250100,0.0000062500,0.1,131.4
2026-09-14T08:37:30.201+00:00,ASTER,ENTROPY,7.6462,0.8462,1556.89,3.04,1555.7,0.3478,1557.33,1555.4,0.0003250100,0.0000017300,0.1,215.6
2026-09-14T08:37:30.201+00:00,ASTER,HL,9.5744,2.7744,1556.89,3.04,1555.4,24.936,1557.33,1555.3,0.0003250100,0.0000062500,0.2,131.5
2026-09-14T08:37:30.201+00:00,ASTER,ENTROPY,7.6462,0.8462,1556.89,3.04,1555.7,0.3478,1557.33,1555.4,0.0003250100,0.0000017300,0.2,215.7
2026-09-14T08:37:30.235+00:00,ASTER,HL,9.5744,2.7744,1556.89,3.04,1555.4,24.936,1557.33,1555.3,0.0003250100,0.0000062500,34.7,0.3
2026-09-14T08:37:30.236+00:00,ASTER,ENTROPY,8.2889,1.4889,1556.89,3.04,1555.6,0.2362,1557.33,1555.4,0.0003250100,0.0000017300,34.8,0.4
2026-09-14T08:37:30.287+00:00,ASTER,HL,9.5744,2.7744,1556.89,3.04,1555.4,24.936,1557.32,1555.3,0.0003250100,0.0000062500,0.2,52.2
2026-09-14T08:37:30.287+00:00,ASTER,ENTROPY,8.2889,1.4889,1556.89,3.04,1555.6,0.2362,1557.32,1555.4,0.0003250100,0.0000017300,0.2,52.2
2026-09-14T08:37:30.390+00:00,ASTER,HL,9.5744,2.7744,1556.89,3.04,1555.4,26.543,1557.32,1555.3,0.0003250100,0.0000062500,102.8,0.2
2026-09-14T08:37:30.390+00:00,ASTER,ENTROPY,8.2890,1.4890,1556.89,3.04,1555.6,0.2362,1557.32,1555.3,0.0003250100,0.0000017300,103.0,0.3
2026-09-14T08:37:30.430+00:00,ASTER,HL,8.9320,2.1320,1556.79,0.78,1555.4,26.543,1557.32,1555.3,0.0003250100,0.0000062500,0.2,39.9
2026-09-14T08:37:30.430+00:00,ASTER,ENTROPY,7.6466,0.8466,1556.79,0.78,1555.6,0.2362,1557.32,1555.3,0.0003250100,0.0000017300,0.2,39.9
2026-09-14T08:37:30.445+00:00,ASTER,HL,8.9321,2.1321,1556.79,0.78,1555.4,27.326,1557.32,1555.2,0.0003250100,0.0000062500,15.4,0.3
2026-09-14T08:37:30.445+00:00,ASTER,ENTROPY,7.6466,0.8466,1556.79,0.78,1555.6,0.2362,1557.32,1555.3,0.0003250100,0.0000017300,15.5,0.4
2026-09-14T08:37:30.538+00:00,ASTER,HL,8.9321,2.1321,1556.79,3.82,1555.4,27.326,1557.32,1555.2,0.0003250100,0.0000062500,0.2,93.9
2026-09-14T08:37:30.538+00:00,ASTER,ENTROPY,7.6466,0.8466,1556.79,3.82,1555.6,0.2362,1557.32,1555.3,0.0003250100,0.0000017300,0.2,93.9
2026-09-14T08:37:30.582+00:00,ASTER,HL,8.9321,2.1321,1556.79,0.78,1555.4,27.326,1557.32,1555.2,0.0003250100,0.0000062500,0.3,137.5
2026-09-14T08:37:30.582+00:00,ASTER,ENTROPY,7.6466,0.8466,1556.79,0.78,1555.6,0.2362,1557.32,1555.3,0.0003250100,0.0000017300,0.3,137.5
2026-09-14T08:37:30.593+00:00,ASTER,HL,9.1249,2.3249,1556.82,3.04,1555.4,27.326,1557.32,1555.2,0.0003250100,0.0000062500,0.1,147.5
2026-09-14T08:37:30.593+00:00,ASTER,ENTROPY,7.8393,1.0393,1556.82,3.04,1555.6,0.2362,1557.32,1555.3,0.0003250100,0.0000017300,0.1,147.5
2026-09-14T08:37:30.612+00:00,ASTER,HL,9.1249,2.3249,1556.82,3.04,1555.4,27.326,1557.32,1555.2,0.0003250100,0.0000062500,19.4,0.2
2026-09-14T08:37:30.683+00:00,ASTER,HL,8.9321,2.1321,1556.79,0.78,1555.4,27.326,1557.32,1555.2,0.0003250100,0.0000062500,0.3,71.4
2026-09-14T08:37:30.683+00:00,ASTER,ENTROPY,7.6466,0.8466,1556.79,0.78,1555.6,0.2362,1557.32,1555.3,0.0003250100,0.0000017300,0.3,237.9
2026-09-14T08:37:30.702+00:00,ASTER,HL,8.9321,2.1321,1556.79,0.78,1555.4,27.326,1557.32,1555.2,0.0003250100,0.0000062500,19.7,0.3
2026-09-14T08:37:30.703+00:00,ASTER,ENTROPY,8.2893,1.4893,1556.79,0.78,1555.5,0.1969,1557.32,1555.3,0.0003250100,0.0000017300,19.9,0.5
2026-09-14T08:37:30.733+00:00,ASTER,HL,9.2534,2.4534,1556.84,3.04,1555.4,27.326,1557.32,1555.2,0.0003250100,0.0000062500,0.2,31.8
2026-09-14T08:37:30.733+00:00,ASTER,ENTROPY,8.6105,1.8105,1556.84,3.04,1555.5,0.1969,1557.32,1555.3,0.0003250100,0.0000017300,0.2,31.8
2026-09-14T08:37:30.781+00:00,ASTER,HL,9.2534,2.4534,1556.84,3.04,1555.4,27.326,1557.32,1555.2,0.0003250100,0.0000062500,48.1,0.3
2026-09-14T08:37:30.782+00:00,ASTER,HL,8.9321,2.1321,1556.79,0.78,1555.4,27.326,1557.32,1555.2,0.0003250100,0.0000062500,0.5,0.6
2026-09-14T08:37:30.782+00:00,ASTER,ENTROPY,8.2893,1.4893,1556.79,0.78,1555.5,0.1969,1557.32,1555.3,0.0003250100,0.0000017300,0.5,79.9
2026-09-14T08:37:30.844+00:00,ASTER,HL,9.3819,2.5819,1556.86,3.04,1555.4,27.326,1557.32,1555.2,0.0003250100,0.0000062500,0.2,62.5
2026-09-14T08:37:30.844+00:00,ASTER,ENTROPY,8.7390,1.9390,1556.86,3.04,1555.5,0.1969,1557.32,1555.3,0.0003250100,0.0000017300,0.2,141.8
2026-09-14T08:37:30.856+00:00,ASTER,HL,9.3817,2.5817,1556.86,3.04,1555.4,26.906,1557.32,1555.3,0.0003250100,0.0000062500,12.5,0.2
2026-09-14T08:37:30.856+00:00,ASTER,ENTROPY,8.7390,1.9390,1556.86,3.04,1555.5,0.1969,1557.32,1555.3,0.0003250100,0.0000017300,12.7,0.4
2026-09-14T08:37:30.931+00:00,ASTER,HL,8.9320,2.1320,1556.79,0.78,1555.4,26.906,1557.32,1555.3,0.0003250100,0.0000062500,0.3,75.3
2026-09-14T08:37:30.931+00:00,ASTER,ENTROPY,8.2893,1.4893,1556.79,0.78,1555.5,0.1969,1557.32,1555.3,0.0003250100,0.0000017300,0.3,75.3
2026-09-14T08:37:30.943+00:00,ASTER,HL,9.4460,2.6460,1556.87,3.04,1555.4,26.906,1557.32,1555.3,0.0003250100,0.0000062500,0.2,87.5
2026-09-14T08:37:30.943+00:00,ASTER,ENTROPY,8.8032,2.0032,1556.87,3.04,1555.5,0.1969,1557.32,1555.3,0.0003250100,0.0000017300,0.2,87.4
2026-09-14T08:37:31.094+00:00,ASTER,HL,9.4460,2.6460,1556.87,3.04,1555.4,26.263,1557.32,1555.3,0.0003250100,0.0000062500,150.8,0.3
2026-09-14T08:37:31.131+00:00,ASTER,HL,9.4459,2.6459,1556.87,3.04,1555.4,26.263,1557.33,1555.3,0.0003250100,0.0000062500,0.2,37.8
2026-09-14T08:37:31.131+00:00,ASTER,ENTROPY,8.8032,2.0032,1556.87,3.04,1555.5,0.1969,1557.33,1555.3,0.0003250100,0.0000017300,0.2,275.6
2026-09-14T08:37:31.131+00:00,ASTER,HL,8.9320,2.1320,1556.79,0.78,1555.4,26.263,1557.33,1555.3,0.0003250100,0.0000062500,0.3,38.0
2026-09-14T08:37:31.131+00:00,ASTER,ENTROPY,8.2893,1.4893,1556.79,0.78,1555.5,0.1969,1557.33,1555.3,0.0003250100,0.0000017300,0.3,275.7
2026-09-14T08:37:31.136+00:00,ASTER,HL,9.5102,2.7102,1556.88,3.04,1555.4,26.263,1557.33,1555.3,0.0003250100,0.0000062500,0.1,42.3
2026-09-14T08:37:31.136+00:00,ASTER,ENTROPY,8.8675,2.0675,1556.88,3.04,1555.5,0.1969,1557.33,1555.3,0.0003250100,0.0000017300,0.1,280.1
2026-09-14T08:37:31.292+00:00,ASTER,HL,9.5102,2.7102,1556.88,3.04,1555.4,26.263,1557.32,1555.3,0.0003250100,0.0000062500,0.2,197.9
2026-09-14T08:37:31.292+00:00,ASTER,ENTROPY,8.8675,2.0675,1556.88,3.04,1555.5,0.1969,1557.32,1555.3,0.0003250100,0.0000017300,0.2,435.6
2026-09-14T08:37:31.305+00:00,ASTER,HL,9.5102,2.7102,1556.88,3.04,1555.4,25.9,1557.32,1555.3,0.0003250100,0.0000062500,13.7,0.2
2026-09-14T08:37:31.305+00:00,ASTER,ENTROPY,8.2248,1.4248,1556.88,3.04,1555.6,0.1659,1557.32,1555.3,0.0003250100,0.0000017300,13.9,0.3
2026-09-14T08:37:31.334+00:00,ASTER,ENTROPY,8.2246,1.4246,1556.88,3.04,1555.6,0.1659,1557.32,1555.4,0.0003250100,0.0000017300,42.1,0.2
2026-09-14T08:37:31.382+00:00,ASTER,HL,8.2895,1.4895,1556.69,3.98,1555.4,25.9,1557.32,1555.3,0.0003250100,0.0000062500,0.2,76.9
2026-09-14T08:37:31.382+00:00,ASTER,ENTROPY,7.0040,0.2040,1556.69,3.98,1555.6,0.1659,1557.32,1555.4,0.0003250100,0.0000017300,0.2,48.5
2026-09-14T08:37:31.392+00:00,ASTER,HL,8.2895,1.4895,1556.69,1.99,1555.4,25.9,1557.32,1555.3,0.0003250100,0.0000062500,0.1,87.2
2026-09-14T08:37:31.392+00:00,ASTER,ENTROPY,7.0040,0.2040,1556.69,1.99,1555.6,0.1659,1557.32,1555.4,0.0003250100,0.0000017300,0.1,58.8
2026-09-14T08:37:31.392+00:00,ASTER,HL,7.8398,1.0398,1556.62,16.38,1555.4,25.9,1557.32,1555.3,0.0003250100,0.0000062500,0.3,87.4
2026-09-14T08:37:31.392+00:00,ASTER,HL,7.6471,0.8471,1556.59,0.64,1555.4,25.9,1557.32,1555.3,0.0003250100,0.0000062500,0.3,87.4
2026-09-14T08:37:31.398+00:00,ASTER,HL,7.6472,0.8472,1556.59,0.64,1555.4,25.9,1557.24,1555.3,0.0003250100,0.0000062500,0.2,93.6
2026-09-14T08:37:31.398+00:00,ASTER,HL,7.7114,0.9114,1556.6,1.7,1555.4,25.9,1557.24,1555.3,0.0003250100,0.0000062500,0.2,93.8
2026-09-14T08:37:31.398+00:00,ASTER,HL,7.7114,0.9114,1556.6,1.7,1555.4,25.9,1557.24,1555.3,0.0003250100,0.0000062500,0.3,93.8
2026-09-14T08:37:31.398+00:00,ASTER,HL,7.7114,0.9114,1556.6,3.59,1555.4,25.9,1557.24,1555.3,0.0003250100,0.0000062500,0.3,93.8
2026-09-14T08:37:31.433+00:00,ASTER,HL,7.7114,0.9114,1556.6,3.59,1555.4,25.9,1557.24,1555.3,0.0003250100,0.0000062500,0.1,127.9
2026-09-14T08:37:31.433+00:00,ASTER,HL,7.7114,0.9114,1556.6,1.89,1555.4,25.9,1557.24,1555.3,0.0003250100,0.0000062500,0.2,128.0
2026-09-14T08:37:31.444+00:00,ASTER,HL,7.7113,0.9113,1556.6,1.89,1555.4,25.9,1557.3,1555.3,0.0003250100,0.0000062500,0.1,139.7
2026-09-14T08:37:31.444+00:00,ASTER,HL,7.6471,0.8471,1556.59,0.64,1555.4,25.9,1557.3,1555.3,0.0003250100,0.0000062500,0.2,139.8
2026-09-14T08:37:31.444+00:00,ASTER,HL,7.6471,0.8471,1556.59,0.64,1555.4,25.9,1557.32,1555.3,0.0003250100,0.0000062500,0.2,139.8
2026-09-14T08:37:31.444+00:00,ASTER,HL,7.6472,0.8472,1556.59,0.64,1555.4,25.9,1557.25,1555.3,0.0003250100,0.0000062500,0.2,139.8
2026-09-14T08:37:31.451+00:00,ASTER,HL,7.6472,0.8472,1556.59,0.64,1555.4,25.9,1557.19,1555.3,0.0003250100,0.0000062500,0.1,146.0
2026-09-14T08:37:31.451+00:00,ASTER,HL,7.6472,0.8472,1556.59,0.64,1555.4,25.9,1557.19,1555.3,0.0003250100,0.0000062500,0.1,146.1
2026-09-14T08:37:31.454+00:00,ASTER,HL,7.6472,0.8472,1556.59,0.64,1555.4,25.9,1557.19,1555.3,0.0003250100,0.0000062500,0.1,149.6
2026-09-14T08:37:31.483+00:00,ASTER,HL,7.6472,0.8472,1556.59,0.64,1555.4,25.9,1557.19,1555.3,0.0003250100,0.0000062500,0.2,178.4
2026-09-14T08:37:31.485+00:00,ASTER,HL,8.2897,1.4897,1556.69,3.04,1555.4,25.9,1557.19,1555.3,0.0003250100,0.0000062500,0.1,180.2
2026-09-14T08:37:31.485+00:00,ASTER,ENTROPY,7.0042,0.2042,1556.69,3.04,1555.6,0.1659,1557.19,1555.4,0.0003250100,0.0000017300,0.1,151.8
2026-09-14T08:37:31.500+00:00,ASTER,ENTROPY,7.0042,0.2042,1556.69,3.04,1555.6,0.2647,1557.19,1555.4,0.0003250100,0.0000017300,15.3,0.2
2026-09-14T08:37:31.543+00:00,ASTER,HL,8.2897,1.4897,1556.69,3.04,1555.4,25.9,1557.18,1555.3,0.0003250100,0.0000062500,0.2,238.0
2026-09-14T08:37:31.543+00:00,ASTER,ENTROPY,7.0042,0.2042,1556.69,3.04,1555.6,0.2647,1557.18,1555.4,0.0003250100,0.0000017300,0.2,42.7
2026-09-14T08:37:31.543+00:00,ASTER,HL,8.2899,1.4899,1556.69,3.04,1555.4,26.728,1557.18,1555.2,0.0003250100,0.0000062500,0.3,0.2
2026-09-14T08:37:31.543+00:00,ASTER,ENTROPY,7.0043,0.2043,1556.69,3.04,1555.6,0.2647,1557.18,1555.3,0.0003250100,0.0000017300,0.4,0.2
2026-09-14T08:37:31.546+00:00,ASTER,HL,8.2899,1.4899,1556.69,3.04,1555.4,26.728,1557.18,1555.2,0.0003250100,0.0000062500,0.1,3.2
2026-09-14T08:37:31.546+00:00,ASTER,ENTROPY,7.0043,0.2043,1556.69,3.04,1555.6,0.2647,1557.18,1555.3,0.0003250100,0.0000017300,0.1,3.1
2026-09-14T08:37:31.578+00:00,ASTER,HL,7.6474,0.8474,1556.59,0.64,1555.4,26.728,1557.18,1555.2,0.0003250100,0.0000062500,0.2,36.0
2026-09-14T08:37:31.594+00:00,ASTER,HL,8.3541,1.5541,1556.7,3.04,1555.4,26.728,1557.18,1555.2,0.0003250100,0.0000062500,0.2,51.7
2026-09-14T08:37:31.594+00:00,ASTER,ENTROPY,7.0685,0.2685,1556.7,3.04,1555.6,0.2647,1557.18,1555.3,0.0003250100,0.0000017300,0.2,51.7
2026-09-14T08:37:31.714+00:00,ASTER,HL,8.9970,2.1970,1556.7,3.04,1555.3,0.041,1557.18,1555.1,0.0003250100,0.0000062500,119.4,0.3
2026-09-14T08:37:31.714+00:00,ASTER,ENTROPY,7.0683,0.2683,1556.7,3.04,1555.6,0.3116,1557.18,1555.5,0.0003250100,0.0000017300,119.6,0.5
2026-09-14T08:37:31.740+00:00,ASTER,HL,9.6398,2.8398,1556.7,3.04,1555.2,39.079,1557.18,1555.1,0.0003250100,0.0000062500,145.7,0.2
2026-09-14T08:37:31.895+00:00,ASTER,HL,9.6398,2.8398,1556.7,3.04,1555.2,48.249,1557.18,1555.1,0.0003250100,0.0000062500,301.2,0.2
2026-09-14T08:37:31.943+00:00,ASTER,HL,9.6398,2.8398,1556.7,3.04,1555.2,49.123,1557.18,1555.1,0.0003250100,0.0000062500,349.1,0.3
2026-09-14T08:37:31.979+00:00,ASTER,HL,9.6398,2.8398,1556.7,3.04,1555.2,20.088,1557.18,1555.1,0.0003250100,0.0000062500,385.2,0.2
2026-09-14T08:37:32.048+00:00,ASTER,HL,9.6399,2.8399,1556.7,3.04,1555.2,20.088,1557.13,1555.1,0.0003250100,0.0000062500,0.7,69.5
2026-09-14T08:37:32.048+00:00,ASTER,ENTROPY,7.0684,0.2684,1556.7,3.04,1555.6,0.3116,1557.13,1555.5,0.0003250100,0.0000017113,0.7,335.3
2026-09-14T08:37:32.048+00:00,ASTER,HL,9.6399,2.8399,1556.7,3.04,1555.2,20.088,1557.13,1555.1,0.0003250100,0.0000062500,0.9,69.7
2026-09-14T08:37:32.048+00:00,ASTER,ENTROPY,7.0684,0.2684,1556.7,3.04,1555.6,0.3116,1557.13,1555.5,0.0003250100,0.0000017113,0.9,335.4
2026-09-14T08:37:32.066+00:00,ASTER,HL,9.6399,2.8399,1556.7,3.04,1555.2,25.448,1557.13,1555.1,0.0003250100,0.0000062500,18.2,0.4
2026-09-14T08:37:32.066+00:00,ASTER,ENTROPY,7.0686,0.2686,1556.7,3.04,1555.6,0.3116,1557.13,1555.3,0.0003250100,0.0000017113,18.3,0.5
2026-09-14T08:37:32.093+00:00,ASTER,HL,9.6399,2.8399,1556.7,3.04,1555.2,25.448,1557.13,1555.1,0.0003250100,0.0000062500,0.2,27.4
2026-09-14T08:37:32.093+00:00,ASTER,ENTROPY,7.0686,0.2686,1556.7,3.04,1555.6,0.3116,1557.13,1555.3,0.0003250100,0.0000017113,0.2,27.4
2026-09-14T08:37:32.093+00:00,ASTER,HL,9.6399,2.8399,1556.7,3.04,1555.2,25.448,1557.13,1555.1,0.0003250100,0.0000062500,0.3,27.6
2026-09-14T08:37:32.093+00:00,ASTER,ENTROPY,7.0686,0.2686,1556.7,3.04,1555.6,0.3116,1557.13,1555.3,0.0003250100,0.0000017113,0.3,27.5
2026-09-14T08:37:32.127+00:00,ASTER,HL,9.6399,2.8399,1556.7,3.04,1555.2,25.448,1557.13,1555.1,0.0003250100,0.0000062500,0.3,61.5
2026-09-14T08:37:32.127+00:00,ASTER,ENTROPY,7.0686,0.2686,1556.7,3.04,1555.6,0.3116,1557.13,1555.3,0.0003250100,0.0000017113,0.3,61.5
2026-09-14T08:37:32.134+00:00,ASTER,HL,9.6399,2.8399,1556.7,3.04,1555.2,25.448,1557.13,1555.1,0.0003250100,0.0000062500,0.1,68.7
2026-09-14T08:37:32.134+00:00,ASTER,ENTROPY,7.0686,0.2686,1556.7,3.04,1555.6,0.3116,1557.13,1555.3,0.0003250100,0.0000017113,0.1,68.7
2026-09-14T08:37:32.151+00:00,ASTER,HL,9.6399,2.8399,1556.7,3.04,1555.2,24.343,1557.13,1555.1,0.0003250100,0.0000062500,17.0,0.1
2026-09-14T08:37:32.188+00:00,ASTER,HL,9.6399,2.8399,1556.7,3.04,1555.2,24.343,1557.13,1555.1,0.0003250100,0.0000062500,0.2,37.0
2026-09-14T08:37:32.188+00:00,ASTER,ENTROPY,7.0686,0.2686,1556.7,3.04,1555.6,0.3116,1557.13,1555.3,0.0003250100,0.0000017113,0.2,122.4
2026-09-14T08:37:32.188+00:00,ASTER,HL,9.6398,2.8398,1556.7,3.04,1555.2,24.343,1557.18,1555.1,0.0003250100,0.0000062500,0.4,37.2
2026-09-14T08:37:32.188+00:00,ASTER,ENTROPY,7.0685,0.2685,1556.7,3.04,1555.6,0.3116,1557.18,1555.3,0.0003250100,0.0000017113,0.4,122.5
2026-09-14T08:37:32.199+00:00,ASTER,HL,9.6398,2.8398,1556.7,3.04,1555.2,24.343,1557.18,1555.1,0.0003250100,0.0000062500,0.1,48.0
2026-09-14T08:37:32.199+00:00,ASTER,ENTROPY,7.0685,0.2685,1556.7,3.04,1555.6,0.3116,1557.18,1555.3,0.0003250100,0.0000017113,0.1,133.4
2026-09-14T08:37:32.291+00:00,ASTER,HL,9.6398,2.8398,1556.7,3.04,1555.2,24.343,1557.18,1555.1,0.0003250100,0.0000062500,0.2,140.2
2026-09-14T08:37:32.291+00:00,ASTER,ENTROPY,7.0685,0.2685,1556.7,3.04,1555.6,0.3116,1557.18,1555.3,0.0003250100,0.0000017113,0.2,225.5
2026-09-14T08:37:32.308+00:00,ASTER,HL,9.6398,2.8398,1556.7,3.04,1555.2,27.802,1557.18,1555.1,0.0003250100,0.0000062500,17.0,0.2
2026-09-14T08:37:32.332+00:00,ASTER,HL,8.9331,2.1331,1556.59,0.64,1555.2,27.802,1557.18,1555.1,0.0003250100,0.0000062500,0.2,24.6
2026-09-14T08:37:32.332+00:00,ASTER,HL,8.9331,2.1331,1556.59,0.64,1555.2,27.802,1557.18,1555.1,0.0003250100,0.0000062500,0.3,24.8
2026-09-14T08:37:32.335+00:00,ASTER,HL,8.9331,2.1331,1556.59,0.64,1555.2,27.802,1557.18,1555.1,0.0003250100,0.0000062500,0.1,27.9
2026-09-14T08:37:32.368+00:00,ASTER,HL,10.3466,3.5466,1556.81,3.04,1555.2,27.802,1557.18,1555.1,0.0003250100,0.0000062500,0.2,59.7
2026-09-14T08:37:32.368+00:00,ASTER,ENTROPY,7.7752,0.9752,1556.81,3.04,1555.6,0.3116,1557.18,1555.3,0.0003250100,0.0000017113,0.2,301.8
2026-09-14T08:37:32.368+00:00,ASTER,HL,10.7963,3.9963,1556.88,3.04,1555.2,27.802,1557.18,1555.1,0.0003250100,0.0000062500,0.3,59.8
2026-09-14T08:37:32.368+00:00,ASTER,ENTROPY,8.2250,1.4250,1556.88,3.04,1555.6,0.3116,1557.18,1555.3,0.0003250100,0.0000017113,0.3,301.9
2026-09-14T08:37:32.368+00:00,ASTER,HL,10.9890,4.1890,1556.91,3.04,1555.2,27.802,1557.18,1555.1,0.0003250100,0.0000062500,0.3,59.8
2026-09-14T08:37:32.368+00:00,ASTER,ENTROPY,8.4177,1.6177,1556.91,3.04,1555.6,0.3116,1557.18,1555.3,0.0003250100,0.0000017113,0.3,301.9
2026-09-14T08:37:32.432+00:00,ASTER,HL,10.7963,3.9963,1556.88,3.04,1555.2,27.802,1557.18,1555.1,0.0003250100,0.0000062500,0.2,125.0
2026-09-14T08:37:32.432+00:00,ASTER,ENTROPY,8.2250,1.4250,1556.88,3.04,1555.6,0.3116,1557.18,1555.3,0.0003250100,0.0000017113,0.2,367.1
2026-09-14T08:37:32.442+00:00,ASTER,HL,10.3466,3.5466,1556.81,3.04,1555.2,27.802,1557.18,1555.1,0.0003250100,0.0000062500,0.2,134.4
2026-09-14T08:37:32.442+00:00,ASTER,ENTROPY,7.7752,0.9752,1556.81,3.04,1555.6,0.3116,1557.18,1555.3,0.0003250100,0.0000017113,0.2,376.5
2026-09-14T08:37:32.442+00:00,ASTER,HL,10.2181,3.4181,1556.79,0.78,1555.2,27.802,1557.18,1555.1,0.0003250100,0.0000062500,0.3,134.5
2026-09-14T08:37:32.442+00:00,ASTER,ENTROPY,7.6467,0.8467,1556.79,0.78,1555.6,0.3116,1557.18,1555.3,0.0003250100,0.0000017113,0.3,376.6
2026-09-14T08:37:32.450+00:00,ASTER,HL,11.0533,4.2533,1556.92,3.04,1555.2,27.802,1557.18,1555.1,0.0003250100,0.0000062500,0.1,142.7
2026-09-14T08:37:32.450+00:00,ASTER,ENTROPY,8.4819,1.6819,1556.92,3.04,1555.6,0.3116,1557.18,1555.3,0.0003250100,0.0000017113,0.1,384.8
2026-09-14T08:37:32.496+00:00,ASTER,HL,11.0533,4.2533,1556.92,3.04,1555.2,25.901,1557.18,1555.1,0.0003250100,0.0000062500,45.8,0.2
2026-09-14T08:37:32.684+00:00,ASTER,HL,10.2181,3.4181,1556.79,0.78,1555.2,25.901,1557.18,1555.1,0.0003250100,0.0000062500,0.2,188.0
2026-09-14T08:37:32.684+00:00,ASTER,ENTROPY,7.6467,0.8467,1556.79,0.78,1555.6,0.3116,1557.18,1555.3,0.0003250100,0.0000017113,0.2,618.3
2026-09-14T08:37:32.768+00:00,ASTER,HL,9.5753,2.7753,1556.79,0.78,1555.3,2.037,1557.18,1555.1,0.0003250100,0.0000062500,84.6,0.3
2026-09-14T08:37:32.769+00:00,ASTER,ENTROPY,7.6467,0.8467,1556.79,0.78,1555.6,0.3116,1557.18,1555.3,0.0003250100,0.0000017113,84.8,0.5
2026-09-14T08:37:32.783+00:00,ASTER,HL,8.9325,2.1325,1556.79,0.78,1555.4,29.737,1557.18,1555.1,0.0003250100,0.0000062500,99.5,0.1
2026-09-14T08:37:32.842+00:00,ASTER,HL,8.9325,2.1325,1556.79,3.82,1555.4,29.737,1557.18,1555.1,0.0003250100,0.0000062500,0.2,59.5
2026-09-14T08:37:32.842+00:00,ASTER,ENTROPY,7.6467,0.8467,1556.79,3.82,1555.6,0.3116,1557.18,1555.3,0.0003250100,0.0000017113,0.2,74.5
2026-09-14T08:37:32.945+00:00,ASTER,HL,8.9325,2.1325,1556.79,3.82,1555.4,30.428,1557.18,1555.1,0.0003250100,0.0000062500,101.9,0.3
2026-09-14T08:37:32.945+00:00,ASTER,ENTROPY,7.6467,0.8467,1556.79,3.82,1555.6,0.3116,1557.18,1555.3,0.0003250100,0.0000017113,102.0,0.3
2026-09-14T08:37:33.018+00:00,ASTER,HL,9.5753,2.7753,1556.79,3.82,1555.3,1.57,1557.18,1555.1,0.0003250100,0.0000062500,175.1,0.3
2026-09-14T08:37:33.031+00:00,ASTER,HL,9.5753,2.7753,1556.79,0.78,1555.3,1.57,1557.18,1555.1,0.0003250100,0.0000062500,0.2,14.0
2026-09-14T08:37:33.031+00:00,ASTER,ENTROPY,7.6467,0.8467,1556.79,0.78,1555.6,0.3116,1557.18,1555.3,0.0003250100,0.0000017113,0.2,87.2
2026-09-14T08:37:33.048+00:00,ASTER,HL,10.0892,3.2892,1556.87,3.04,1555.3,1.57,1557.18,1555.1,0.0003250100,0.0000062500,0.1,30.8
2026-09-14T08:37:33.048+00:00,ASTER,ENTROPY,8.1607,1.3607,1556.87,3.04,1555.6,0.3116,1557.18,1555.3,0.0003250100,0.0000017113,0.1,104.0
2026-09-14T08:37:33.088+00:00,ASTER,HL,10.0892,3.2892,1556.87,3.04,1555.3,3.535,1557.18,1555.1,0.0003250100,0.0000062500,39.9,0.2
2026-09-14T08:37:33.254+00:00,ASTER,HL,10.0892,3.2892,1556.87,3.04,1555.3,2.535,1557.18,1555.1,0.0003250100,0.0000062500,206.3,0.2
2026-09-14T08:37:33.254+00:00,ASTER,ENTROPY,8.1607,1.3607,1556.87,3.04,1555.6,0.3116,1557.18,1555.3,0.0003250100,0.0000017113,206.5,0.4
2026-09-14T08:37:33.301+00:00,ASTER,HL,10.0891,3.2891,1556.87,3.04,1555.3,0.965,1557.18,1555.2,0.0003250100,0.0000062500,253.5,0.3
2026-09-14T08:37:33.301+00:00,ASTER,ENTROPY,8.1607,1.3607,1556.87,3.04,1555.6,0.3116,1557.18,1555.3,0.0003250100,0.0000017113,253.6,0.4
2026-09-14T08:37:33.425+00:00,ASTER,HL,9.5751,2.7751,1556.79,0.78,1555.3,0.965,1557.18,1555.2,0.0003250100,0.0000062500,0.2,123.9
2026-09-14T08:37:33.425+00:00,ASTER,ENTROPY,7.6467,0.8467,1556.79,0.78,1555.6,0.3116,1557.18,1555.3,0.0003250100,0.0000017113,0.2,123.9
2026-09-14T08:37:33.440+00:00,ASTER,HL,10.1533,3.3533,1556.88,3.04,1555.3,0.965,1557.18,1555.2,0.0003250100,0.0000062500,0.2,139.2
2026-09-14T08:37:33.440+00:00,ASTER,ENTROPY,8.2250,1.4250,1556.88,3.04,1555.6,0.3116,1557.18,1555.3,0.0003250100,0.0000017113,0.2,139.1
2026-09-14T08:37:33.466+00:00,ASTER,HL,10.1533,3.3533,1556.88,3.04,1555.3,0.965,1557.18,1555.2,0.0003250100,0.0000062500,25.9,0.3
2026-09-14T08:37:33.466+00:00,ASTER,ENTROPY,8.2250,1.4250,1556.88,3.04,1555.6,0.3244,1557.18,1555.3,0.0003250100,0.0000017113,26.0,0.4
2026-09-14T08:37:33.523+00:00,ASTER,HL,10.1535,3.3535,1556.88,3.04,1555.3,2.46,1557.18,1555.1,0.0003250100,0.0000062500,83.1,0.2
2026-09-14T08:37:33.523+00:00,ASTER,ENTROPY,8.2250,1.4250,1556.88,3.04,1555.6,0.3244,1557.18,1555.3,0.0003250100,0.0000017113,83.2,0.3
2026-09-14T08:37:33.626+00:00,ASTER,HL,10.1533,3.3533,1556.88,3.04,1555.3,2.46,1557.18,1555.2,0.0003250100,0.0000062500,186.3,0.2
2026-09-14T08:37:33.626+00:00,ASTER,ENTROPY,8.2250,1.4250,1556.88,3.04,1555.6,0.3244,1557.18,1555.3,0.0003250100,0.0000017113,186.5,0.3
2026-09-14T08:37:33.634+00:00,ASTER,HL,9.5751,2.7751,1556.79,0.78,1555.3,2.46,1557.18,1555.2,0.0003250100,0.0000062500,0.1,8.1
2026-09-14T08:37:33.634+00:00,ASTER,ENTROPY,7.6467,0.8467,1556.79,0.78,1555.6,0.3244,1557.18,1555.3,0.0003250100,0.0000017113,0.1,8.0
2026-09-14T08:37:33.647+00:00,ASTER,HL,8.2901,1.4901,1556.59,0.64,1555.3,2.46,1557.18,1555.2,0.0003250100,0.0000062500,0.1,20.9
2026-09-14T08:37:33.660+00:00,ASTER,HL,7.6478,0.8478,1556.49,3.23,1555.3,2.46,1557.01,1555.2,0.0003250100,0.0000062500,0.1,33.6
2026-09-14T08:37:33.660+00:00,ASTER,HL,7.6478,0.8478,1556.49,6.46,1555.3,2.46,1557.01,1555.2,0.0003250100,0.0000062500,0.2,33.7
2026-09-14T08:37:33.686+00:00,ASTER,HL,7.6478,0.8478,1556.49,3.23,1555.3,2.46,1557.01,1555.2,0.0003250100,0.0000062500,0.1,59.1
2026-09-14T08:37:33.686+00:00,ASTER,HL,7.0053,0.2053,1556.39,16.38,1555.3,2.46,1557.01,1555.2,0.0003250100,0.0000062500,0.1,59.2
2026-09-14T08:37:33.760+00:00,ASTER,HL,8.0976,1.2976,1556.56,3.04,1555.3,0.965,1557.0,1555.2,0.0003250100,0.0000062500,0.8,30.7
2026-09-14T08:37:33.787+00:00,ASTER,HL,8.0976,1.2976,1556.56,3.04,1555.3,0.965,1556.98,1555.2,0.0003250100,0.0000062500,0.2,58.2
2026-09-14T08:37:33.787+00:00,ASTER,HL,8.2261,1.4261,1556.58,3.04,1555.3,0.965,1556.98,1555.2,0.0003250100,0.0000062500,0.3,58.3
2026-09-14T08:37:33.787+00:00,ASTER,HL,8.4189,1.6189,1556.61,3.04,1555.3,0.965,1556.98,1555.2,0.0003250100,0.0000062500,0.3,58.3
2026-09-14T08:37:33.877+00:00,ASTER,HL,8.4189,1.6189,1556.61,3.04,1555.3,0.965,1557.0,1555.2,0.0003250100,0.0000062500,0.2,148.8
2026-09-14T08:37:33.902+00:00,ASTER,HL,6.8768,0.0768,1556.37,45.9,1555.3,0.965,1557.0,1555.2,0.0003250100,0.0000062500,1.1,173.4
2026-09-14T08:37:33.902+00:00,ASTER,HL,6.8768,0.0768,1556.37,29.52,1555.3,0.965,1557.0,1555.2,0.0003250100,0.0000062500,1.2,173.6
2026-09-14T08:37:33.902+00:00,ASTER,HL,6.8768,0.0768,1556.37,13.14,1555.3,0.965,1557.0,1555.2,0.0003250100,0.0000062500,1.2,173.6
2026-09-14T08:37:33.902+00:00,ASTER,HL,8.4831,1.6831,1556.62,3.04,1555.3,0.965,1557.0,1555.2,0.0003250100,0.0000062500,1.3,173.6
2026-09-14T08:37:33.970+00:00,ASTER,HL,8.4833,1.6833,1556.62,3.04,1555.3,2.293,1557.0,1555.1,0.0003250100,0.0000062500,68.9,0.3
2026-09-14T08:37:33.971+00:00,ASTER,ENTROPY,7.8402,1.0402,1556.62,3.04,1555.4,0.1646,1557.0,1555.3,0.0003250100,0.0000017113,69.2,0.5
2026-09-14T08:37:34.094+00:00,ASTER,HL,8.4833,1.6833,1556.62,3.04,1555.3,27.452,1557.0,1555.1,0.0003250100,0.0000062500,192.5,0.3
2026-09-14T08:37:34.094+00:00,ASTER,ENTROPY,7.8403,1.0403,1556.62,3.04,1555.4,0.3451,1557.0,1555.2,0.0003250100,0.0000017113,192.6,0.4
2026-09-14T08:37:34.124+00:00,ASTER,HL,9.1261,2.3261,1556.62,3.04,1555.2,51.498,1557.0,1555.1,0.0003250100,0.0000062500,222.5,0.3
2026-09-14T08:37:34.124+00:00,ASTER,ENTROPY,7.8403,1.0403,1556.62,3.04,1555.4,0.3451,1557.0,1555.2,0.0003250100,0.0000017113,222.6,0.4
2026-09-14T08:37:34.294+00:00,ASTER,HL,9.1261,2.3261,1556.62,3.04,1555.2,120.361,1557.0,1555.1,0.0003250100,0.0000062500,393.3,0.3
2026-09-14T08:37:34.295+00:00,ASTER,ENTROPY,7.8403,1.0403,1556.62,3.04,1555.4,0.3451,1557.0,1555.2,0.0003250100,0.0000017113,393.5,0.4
2026-09-14T08:37:34.317+00:00,ASTER,HL,9.1261,2.3261,1556.62,3.04,1555.2,169.36,1557.0,1555.1,0.0003250100,0.0000062500,416.3,0.3
2026-09-14T08:37:34.400+00:00,ASTER,HL,9.1261,2.3261,1556.62,3.04,1555.2,74.959,1557.0,1555.1,0.0003250100,0.0000062500,499.2,0.3
2026-09-14T08:37:34.469+00:00,ASTER,HL,9.1262,2.3262,1556.62,3.04,1555.2,32.144,1557.0,1555.0,0.0003250100,0.0000062500,567.5,0.3
2026-09-14T08:37:34.727+00:00,ASTER,HL,9.1262,2.3262,1556.62,3.04,1555.2,30.687,1557.0,1555.0,0.0003250100,0.0000062500,825.6,0.3
2026-09-14T08:37:34.727+00:00,ASTER,ENTROPY,7.8403,1.0403,1556.62,3.04,1555.4,0.7283,1557.0,1555.2,0.0003250100,0.0000017113,825.7,0.4
2026-09-14T08:37:34.791+00:00,ASTER,ENTROPY,8.4831,1.6831,1556.62,3.04,1555.3,0.1708,1557.0,1555.2,0.0003250100,0.0000017113,890.0,0.2
2026-09-14T08:37:34.841+00:00,ASTER,HL,9.7691,2.9691,1556.62,3.04,1555.1,0.643,1557.0,1555.0,0.0003250100,0.0000062500,939.6,0.3
2026-09-14T08:37:34.846+00:00,ASTER,HL,9.1262,2.3262,1556.62,3.04,1555.2,32.266,1557.0,1555.0,0.0003250100,0.0000062500,944.8,0.2
2026-09-14T08:37:34.922+00:00,ASTER,HL,9.7691,2.9691,1556.62,3.04,1555.1,1.0,1557.0,1555.0,0.0003250100,0.0000062500,1020.2,0.3
2026-09-14T08:37:34.985+00:00,ASTER,HL,8.1626,1.3626,1556.37,13.14,1555.1,1.0,1557.0,1555.0,0.0003250100,0.0000062500,0.3,64.6
2026-09-14T08:37:34.985+00:00,ASTER,ENTROPY,6.8768,0.0768,1556.37,13.14,1555.3,0.1708,1557.0,1555.2,0.0003250100,0.0000017113,0.3,194.8
2026-09-14T08:37:34.997+00:00,ASTER,HL,8.1626,1.3626,1556.37,6.57,1555.1,1.0,1557.0,1555.0,0.0003250100,0.0000062500,0.2,75.7
2026-09-14T08:37:34.997+00:00,ASTER,ENTROPY,6.8768,0.0768,1556.37,6.57,1555.3,0.1708,1557.0,1555.2,0.0003250100,0.0000017113,0.2,205.9
2026-09-14T08:37:34.997+00:00,ASTER,HL,7.3915,0.5915,1556.25,0.01,1555.1,1.0,1557.0,1555.0,0.0003250100,0.0000062500,0.3,75.9
2026-09-14T08:37:34.997+00:00,ASTER,HL,7.3915,0.5915,1556.25,0.01,1555.1,1.0,1557.0,1555.0,0.0003250100,0.0000062500,0.3,75.9
2026-09-14T08:37:34.997+00:00,ASTER,HL,7.3915,0.5915,1556.25,0.01,1555.1,1.0,1556.99,1555.0,0.0003250100,0.0000062500,0.3,75.9
2026-09-14T08:37:35.061+00:00,ASTER,HL,7.4558,0.6558,1556.26,1.88,1555.1,1.0,1556.99,1555.0,0.0003250100,0.0000062500,0.2,139.6
2026-09-14T08:37:35.061+00:00,ASTER,HL,7.4559,0.6559,1556.26,1.88,1555.1,1.0,1556.9,1555.0,0.0003250100,0.0000062500,0.3,139.7
2026-09-14T08:37:35.061+00:00,ASTER,HL,7.4559,0.6559,1556.26,1.88,1555.1,1.0,1556.9,1555.0,0.0003250100,0.0000062500,0.3,139.7
2026-09-14T08:37:35.061+00:00,ASTER,HL,7.4559,0.6559,1556.26,1.88,1555.1,1.0,1556.9,1555.0,0.0003250100,0.0000062500,0.3,139.8
2026-09-14T08:37:35.061+00:00,ASTER,HL,7.4559,0.6559,1556.26,1.88,1555.1,1.0,1556.9,1555.0,0.0003250100,0.0000062500,0.3,139.8
2026-09-14T08:37:35.061+00:00,ASTER,HL,7.4559,0.6559,1556.26,3.76,1555.1,1.0,1556.9,1555.0,0.0003250100,0.0000062500,0.3,139.8
2026-09-14T08:37:35.091+00:00,ASTER,HL,7.4559,0.6559,1556.26,3.76,1555.1,1.965,1556.9,1555.0,0.0003250100,0.0000062500,29.9,0.2
2026-09-14T08:37:35.142+00:00,ASTER,HL,7.4559,0.6559,1556.26,3.76,1555.1,1.965,1556.87,1555.0,0.0003250100,0.0000062500,0.2,51.2
2026-09-14T08:37:35.142+00:00,ASTER,HL,8.4199,1.6199,1556.41,3.04,1555.1,1.965,1556.87,1555.0,0.0003250100,0.0000062500,0.4,51.4
2026-09-14T08:37:35.142+00:00,ASTER,ENTROPY,7.1339,0.3339,1556.41,3.04,1555.3,0.1708,1556.87,1555.2,0.0003250100,0.0000017113,0.4,350.7
2026-09-14T08:37:35.199+00:00,ASTER,HL,8.4199,1.6199,1556.41,3.04,1555.1,1.965,1556.87,1555.0,0.0003250100,0.0000062500,0.3,108.9
2026-09-14T08:37:35.199+00:00,ASTER,ENTROPY,7.1339,0.3339,1556.41,3.04,1555.3,0.1708,1556.87,1555.2,0.0003250100,0.0000017113,0.3,408.2
2026-09-14T08:37:35.199+00:00,ASTER,HL,8.4199,1.6199,1556.41,3.04,1555.1,1.965,1556.87,1555.0,0.0003250100,0.0000062500,0.4,109.1
2026-09-14T08:37:35.199+00:00,ASTER,ENTROPY,7.1339,0.3339,1556.41,3.04,1555.3,0.1708,1556.87,1555.2,0.0003250100,0.0000017113,0.4,408.4
2026-09-14T08:37:35.199+00:00,ASTER,HL,8.4199,1.6199,1556.41,3.04,1555.1,1.965,1556.87,1555.0,0.0003250100,0.0000062500,0.5,109.2
2026-09-14T08:37:35.199+00:00,ASTER,ENTROPY,7.1339,0.3339,1556.41,3.04,1555.3,0.1708,1556.87,1555.2,0.0003250100,0.0000017113,0.5,408.5
2026-09-14T08:37:35.199+00:00,ASTER,HL,8.4199,1.6199,1556.41,3.04,1555.1,1.965,1556.87,1555.0,0.0003250100,0.0000062500,0.5,109.2
2026-09-14T08:37:35.199+00:00,ASTER,ENTROPY,7.1339,0.3339,1556.41,3.04,1555.3,0.1708,1556.87,1555.2,0.0003250100,0.0000017113,0.5,408.5
2026-09-14T08:37:35.278+00:00,ASTER,ENTROPY,7.1339,0.3339,1556.41,3.04,1555.3,0.1708,1556.87,1555.2,0.0003250100,0.0000017113,78.8,0.3
2026-09-14T08:37:35.282+00:00,ASTER,HL,8.4199,1.6199,1556.41,3.04,1555.1,1.965,1556.87,1555.0,0.0003250100,0.0000062500,0.1,191.9
2026-09-14T08:37:35.282+00:00,ASTER,ENTROPY,7.1339,0.3339,1556.41,3.04,1555.3,0.1708,1556.87,1555.2,0.0003250100,0.0000017113,0.1,4.8
2026-09-14T08:37:35.282+00:00,ASTER,HL,8.4199,1.6199,1556.41,3.04,1555.1,1.965,1556.87,1555.0,0.0003250100,0.0000062500,0.2,192.0
2026-09-14T08:37:35.282+00:00,ASTER,ENTROPY,7.1339,0.3339,1556.41,3.04,1555.3,0.1708,1556.87,1555.2,0.0003250100,0.0000017113,0.2,4.9
2026-09-14T08:37:35.282+00:00,ASTER,HL,8.4199,1.6199,1556.41,3.04,1555.1,1.965,1556.87,1555.0,0.0003250100,0.0000062500,0.2,192.1
2026-09-14T08:37:35.282+00:00,ASTER,ENTROPY,7.1339,0.3339,1556.41,3.04,1555.3,0.1708,1556.87,1555.2,0.0003250100,0.0000017113,0.2,4.9
2026-09-14T08:37:35.282+00:00,ASTER,HL,8.4199,1.6199,1556.41,3.04,1555.1,1.965,1556.87,1555.0,0.0003250100,0.0000062500,0.3,192.1
2026-09-14T08:37:35.282+00:00,ASTER,ENTROPY,7.1339,0.3339,1556.41,3.04,1555.3,0.1708,1556.87,1555.2,0.0003250100,0.0000017113,0.3,5.0
2026-09-14T08:37:35.288+00:00,ASTER,HL,8.4199,1.6199,1556.41,3.04,1555.1,1.965,1556.82,1555.0,0.0003250100,0.0000062500,0.1,197.8
2026-09-14T08:37:35.288+00:00,ASTER,ENTROPY,7.1340,0.3340,1556.41,3.04,1555.3,0.1708,1556.82,1555.2,0.0003250100,0.0000017113,0.1,10.6
2026-09-14T08:37:35.288+00:00,ASTER,HL,8.4199,1.6199,1556.41,3.04,1555.1,1.965,1556.82,1555.0,0.0003250100,0.0000062500,0.2,197.9
2026-09-14T08:37:35.288+00:00,ASTER,ENTROPY,7.1340,0.3340,1556.41,3.04,1555.3,0.1708,1556.82,1555.2,0.0003250100,0.0000017113,0.2,10.8
2026-09-14T08:37:35.288+00:00,ASTER,HL,8.4199,1.6199,1556.41,3.04,1555.1,1.965,1556.82,1555.0,0.0003250100,0.0000062500,0.3,198.0
2026-09-14T08:37:35.288+00:00,ASTER,ENTROPY,7.1340,0.3340,1556.41,3.04,1555.3,0.1708,1556.82,1555.2,0.0003250100,0.0000017113,0.3,10.8
2026-09-14T08:37:35.288+00:00,ASTER,HL,8.4199,1.6199,1556.41,3.04,1555.1,1.965,1556.82,1555.0,0.0003250100,0.0000062500,0.3,198.0
2026-09-14T08:37:35.288+00:00,ASTER,ENTROPY,7.1340,0.3340,1556.41,3.04,1555.3,0.1708,1556.82,1555.2,0.0003250100,0.0000017113,0.3,10.9
2026-09-14T08:37:35.333+00:00,ASTER,HL,8.4199,1.6199,1556.41,3.04,1555.1,3.51,1556.82,1555.0,0.0003250100,0.0000062500,44.9,0.2
2026-09-14T08:37:35.379+00:00,ASTER,HL,7.0704,0.2704,1556.2,0.04,1555.1,3.51,1556.82,1555.0,0.0003250100,0.0000062500,0.2,46.9
2026-09-14T08:37:35.382+00:00,ASTER,HL,7.0704,0.2704,1556.2,0.04,1555.1,3.51,1556.81,1555.0,0.0003250100,0.0000062500,1.0,50.0
2026-09-14T08:37:35.382+00:00,ASTER,HL,7.0704,0.2704,1556.2,0.04,1555.1,3.51,1556.81,1555.0,0.0003250100,0.0000062500,1.1,50.1
2026-09-14T08:37:35.464+00:00,ASTER,HL,7.0704,0.2704,1556.2,0.04,1555.1,4.308,1556.81,1555.0,0.0003250100,0.0000062500,82.5,0.3
2026-09-14T08:37:35.499+00:00,ASTER,HL,7.8416,1.0416,1556.32,3.04,1555.1,4.308,1556.81,1555.0,0.0003250100,0.0000062500,0.2,34.6
2026-09-14T08:37:35.593+00:00,ASTER,HL,7.8416,1.0416,1556.32,3.04,1555.1,4.308,1556.81,1555.0,0.0003250100,0.0000062500,0.2,129.3
2026-09-14T08:37:35.593+00:00,ASTER,HL,7.8416,1.0416,1556.32,3.04,1555.1,4.308,1556.81,1555.0,0.0003250100,0.0000062500,0.3,129.5
2026-09-14T08:37:35.593+00:00,ASTER,HL,7.8416,1.0416,1556.32,3.04,1555.1,4.308,1556.81,1555.0,0.0003250100,0.0000062500,0.4,129.5
2026-09-14T08:37:35.593+00:00,ASTER,HL,7.8416,1.0416,1556.32,3.04,1555.1,4.308,1556.81,1555.0,0.0003250100,0.0000062500,0.4,129.5
2026-09-14T08:37:35.641+00:00,ASTER,HL,7.8416,1.0416,1556.32,3.04,1555.1,4.447,1556.81,1555.0,0.0003250100,0.0000062500,48.3,0.3
2026-09-14T08:37:35.743+00:00,ASTER,HL,7.8416,1.0416,1556.32,3.04,1555.1,4.447,1556.81,1555.0,0.0003250100,0.0000062500,0.2,101.3
2026-09-14T08:37:35.743+00:00,ASTER,HL,7.8416,1.0416,1556.32,3.04,1555.1,4.447,1556.81,1555.0,0.0003250100,0.0000062500,0.5,101.5
2026-09-14T08:37:35.743+00:00,ASTER,HL,7.8416,1.0416,1556.32,3.04,1555.1,4.447,1556.81,1555.0,0.0003250100,0.0000062500,0.5,101.5
2026-09-14T08:37:35.743+00:00,ASTER,HL,7.8416,1.0416,1556.32,3.04,1555.1,4.447,1556.81,1555.0,0.0003250100,0.0000062500,0.4,101.6
2026-09-14T08:37:35.752+00:00,ASTER,HL,8.4846,1.6846,1556.32,3.04,1555.0,30.661,1556.81,1554.9,0.0003250100,0.0000062500,9.1,0.2
2026-09-14T08:37:35.752+00:00,ASTER,ENTROPY,7.1986,0.3986,1556.32,3.04,1555.2,0.3215,1556.81,1555.1,0.0003250100,0.0000017113,9.2,0.2
2026-09-14T08:37:35.781+00:00,ASTER,HL,7.4564,0.6564,1556.16,0.78,1555.0,30.661,1556.81,1554.9,0.0003250100,0.0000062500,0.1,29.9
2026-09-14T08:37:35.785+00:00,ASTER,HL,6.8780,0.0780,1556.07,0.01,1555.0,30.661,1556.81,1554.9,0.0003250100,0.0000062500,0.1,33.5
2026-09-14T08:37:35.916+00:00,ASTER,HL,7.2638,0.4638,1556.13,3.04,1555.0,9.502,1556.61,1554.9,0.0003250100,0.0000062500,0.2,23.1
2026-09-14T08:37:35.916+00:00,ASTER,HL,7.2638,0.4638,1556.13,3.04,1555.0,9.502,1556.58,1554.9,0.0003250100,0.0000062500,0.3,23.2
2026-09-14T08:37:35.916+00:00,ASTER,HL,7.2638,0.4638,1556.13,3.04,1555.0,9.502,1556.58,1554.9,0.0003250100,0.0000062500,0.3,23.2
2026-09-14T08:37:35.953+00:00,ASTER,HL,7.2638,0.4638,1556.13,3.04,1555.0,12.875,1556.58,1554.9,0.0003250100,0.0000062500,38.4,0.3
2026-09-14T08:37:35.960+00:00,ASTER,HL,7.2639,0.4639,1556.13,3.04,1555.0,12.875,1556.54,1554.9,0.0003250100,0.0000062500,1.2,7.1
2026-09-14T08:37:35.977+00:00,ASTER,HL,7.2638,0.4638,1556.13,3.04,1555.0,12.875,1556.58,1554.9,0.0003250100,0.0000062500,0.1,24.2
2026-09-14T08:37:36.095+00:00,ASTER,HL,7.7136,0.9136,1556.2,3.04,1555.0,13.749,1556.66,1554.9,0.0003250100,0.0000062500,0.2,56.4
2026-09-14T08:37:36.117+00:00,ASTER,HL,7.7140,0.9140,1556.2,3.04,1555.0,59.386,1556.66,1554.6,0.0003250100,0.0000062500,22.6,0.2
2026-09-14T08:37:36.130+00:00,ASTER,HL,6.8142,0.0142,1556.06,0.78,1555.0,59.386,1556.66,1554.6,0.0003250100,0.0000062500,1.7,13.0
2026-09-14T08:37:36.142+00:00,ASTER,HL,6.8142,0.0142,1556.06,0.78,1555.0,59.386,1556.66,1554.6,0.0003250100,0.0000062500,0.1,24.5
2026-09-14T08:37:36.147+00:00,ASTER,HL,8.7431,1.9431,1556.06,0.78,1554.7,38.215,1556.66,1554.6,0.0003250100,0.0000062500,5.1,0.1
2026-09-14T08:37:36.148+00:00,ASTER,HL,9.7715,2.9715,1556.22,3.04,1554.7,38.215,1556.66,1554.6,0.0003250100,0.0000062500,0.2,0.3
2026-09-14T08:37:36.187+00:00,ASTER,HL,9.7715,2.9715,1556.22,3.04,1554.7,38.215,1556.66,1554.6,0.0003250100,0.0000062500,0.2,39.7
2026-09-14T08:37:36.236+00:00,ASTER,HL,9.7715,2.9715,1556.22,3.04,1554.7,38.215,1556.65,1554.6,0.0003250100,0.0000062500,0.2,88.8
2026-09-14T08:37:36.377+00:00,ASTER,HL,9.7715,2.9715,1556.22,3.04,1554.7,41.465,1556.65,1554.6,0.0003250100,0.0000062500,141.1,0.3
2026-09-14T08:37:36.394+00:00,ASTER,HL,9.7717,2.9717,1556.22,3.04,1554.7,4.124,1556.65,1554.5,0.0003250100,0.0000062500,157.9,0.2
2026-09-14T08:37:36.402+00:00,ASTER,HL,9.7715,2.9715,1556.22,3.04,1554.7,6.623,1556.65,1554.6,0.0003250100,0.0000062500,166.8,0.2
2026-09-14T08:37:36.428+00:00,ASTER,HL,9.7715,2.9715,1556.22,3.04,1554.7,6.623,1556.66,1554.6,0.0003250100,0.0000062500,0.2,25.4
2026-09-14T08:37:36.428+00:00,ASTER,HL,8.7431,1.9431,1556.06,0.78,1554.7,6.623,1556.66,1554.6,0.0003250100,0.0000062500,0.3,25.5
2026-09-14T08:37:36.435+00:00,ASTER,HL,8.7431,1.9431,1556.06,0.78,1554.7,6.623,1556.66,1554.6,0.0003250100,0.0000062500,0.1,33.0
2026-09-14T08:37:36.435+00:00,ASTER,HL,8.7431,1.9431,1556.06,0.78,1554.7,6.623,1556.68,1554.6,0.0003250100,0.0000062500,0.2,33.1
2026-09-14T08:37:36.435+00:00,ASTER,HL,10.0928,3.2928,1556.27,3.04,1554.7,6.623,1556.68,1554.6,0.0003250100,0.0000062500,0.2,33.1
2026-09-14T08:37:36.435+00:00,ASTER,ENTROPY,6.8774,0.0774,1556.27,3.04,1555.2,0.3596,1556.68,1555.1,0.0003250100,0.0000017113,0.2,396.3
2026-09-14T08:37:36.443+00:00,ASTER,HL,10.0928,3.2928,1556.27,3.04,1554.7,9.122,1556.68,1554.6,0.0003250100,0.0000062500,7.0,0.2
2026-09-14T08:37:36.443+00:00,ASTER,ENTROPY,6.8777,0.0777,1556.27,3.04,1555.2,0.3662,1556.68,1554.9,0.0003250100,0.0000017113,7.0,0.2
2026-09-14T08:37:36.477+00:00,ASTER,HL,9.1288,2.3288,1556.12,37.87,1554.7,9.122,1556.68,1554.6,0.0003250100,0.0000062500,0.2,34.7
2026-09-14T08:37:36.531+00:00,ASTER,HL,9.1288,2.3288,1556.12,37.87,1554.7,0.309,1556.68,1554.6,0.0003250100,0.0000062500,54.6,0.3
2026-09-14T08:37:36.545+00:00,ASTER,HL,10.1571,3.3571,1556.28,3.04,1554.7,0.309,1556.68,1554.6,0.0003250100,0.0000062500,0.2,13.9
2026-09-14T08:37:36.545+00:00,ASTER,ENTROPY,6.9421,0.1421,1556.28,3.04,1555.2,0.3662,1556.68,1554.7,0.0003250100,0.0000017113,0.2,13.8
2026-09-14T08:37:36.562+00:00,ASTER,HL,10.1571,3.3571,1556.28,3.04,1554.7,1.309,1556.68,1554.6,0.0003250100,0.0000062500,17.3,0.3
2026-09-14T08:37:36.562+00:00,ASTER,ENTROPY,6.9421,0.1421,1556.28,3.04,1555.2,0.7494,1556.68,1554.7,0.0003250100,0.0000017113,17.4,0.4
2026-09-14T08:37:36.642+00:00,ASTER,HL,9.1288,2.3288,1556.12,37.87,1554.7,1.309,1556.68,1554.6,0.0003250100,0.0000062500,0.7,79.7
2026-09-14T08:37:36.642+00:00,ASTER,HL,9.1288,2.3288,1556.12,35.21,1554.7,1.309,1556.68,1554.6,0.0003250100,0.0000062500,0.8,79.9
2026-09-14T08:37:36.642+00:00,ASTER,HL,9.1288,2.3288,1556.12,18.83,1554.7,1.309,1556.68,1554.6,0.0003250100,0.0000062500,0.9,79.9
2026-09-14T08:37:36.642+00:00,ASTER,HL,9.1288,2.3288,1556.12,16.38,1554.7,1.309,1556.68,1554.6,0.0003250100,0.0000062500,0.9,79.9
2026-09-14T08:37:36.642+00:00,ASTER,HL,8.8074,2.0074,1556.07,0.04,1554.7,1.309,1556.68,1554.6,0.0003250100,0.0000062500,0.9,79.9
2026-09-14T08:37:36.647+00:00,ASTER,HL,10.4784,3.6784,1556.33,3.04,1554.7,1.309,1556.68,1554.6,0.0003250100,0.0000062500,0.1,85.6
2026-09-14T08:37:36.647+00:00,ASTER,ENTROPY,7.2635,0.4635,1556.33,3.04,1555.2,0.7494,1556.68,1554.7,0.0003250100,0.0000017113,0.1,85.5
2026-09-14T08:37:36.664+00:00,ASTER,HL,10.4784,3.6784,1556.33,3.04,1554.7,1.309,1556.68,1554.6,0.0003250100,0.0000062500,17.2,0.2
2026-09-14T08:37:36.664+00:00,ASTER,ENTROPY,7.2636,0.4636,1556.33,3.04,1555.2,0.7494,1556.68,1554.6,0.0003250100,0.0000017113,17.3,0.3
2026-09-14T08:37:36.703+00:00,ASTER,HL,10.4784,3.6784,1556.33,3.04,1554.7,2.601,1556.68,1554.6,0.0003250100,0.0000062500,55.6,0.3
2026-09-14T08:37:36.703+00:00,ASTER,ENTROPY,7.2636,0.4636,1556.33,3.04,1555.2,0.7494,1556.68,1554.6,0.0003250100,0.0000017113,55.8,0.4
2026-09-14T08:37:36.776+00:00,ASTER,HL,9.4501,2.6501,1556.17,8.62,1554.7,2.601,1556.68,1554.6,0.0003250100,0.0000062500,0.2,73.5
2026-09-14T08:37:36.786+00:00,ASTER,HL,10.5427,3.7427,1556.34,3.04,1554.7,2.601,1556.68,1554.6,0.0003250100,0.0000062500,0.2,83.5
2026-09-14T08:37:36.786+00:00,ASTER,ENTROPY,7.3279,0.5279,1556.34,3.04,1555.2,0.7494,1556.68,1554.6,0.0003250100,0.0000017113,0.2,83.4
2026-09-14T08:37:36.824+00:00,ASTER,HL,9.8997,3.0997,1556.34,3.04,1554.8,2.582,1556.68,1554.6,0.0003250100,0.0000062500,37.6,0.3
2026-09-14T08:37:36.849+00:00,ASTER,HL,9.8997,3.0997,1556.34,3.04,1554.8,3.555,1556.68,1554.6,0.0003250100,0.0000062500,63.1,0.2
2026-09-14T08:37:36.927+00:00,ASTER,HL,9.2567,2.4567,1556.34,3.04,1554.9,3.15,1556.68,1554.6,0.0003250100,0.0000062500,141.3,0.3
2026-09-14T08:37:36.927+00:00,ASTER,ENTROPY,8.6137,1.8137,1556.34,3.04,1555.0,0.1731,1556.68,1554.6,0.0003250100,0.0000016861,141.5,0.5
2026-09-14T08:37:36.955+00:00,ASTER,HL,9.2566,2.4566,1556.34,3.04,1554.9,2.121,1556.68,1554.7,0.0003250100,0.0000062500,168.9,0.2
2026-09-14T08:37:36.955+00:00,ASTER,ENTROPY,7.3275,0.5275,1556.34,3.04,1555.2,0.7494,1556.68,1554.9,0.0003250100,0.0000016861,169.0,0.3
2026-09-14T08:37:37.047+00:00,ASTER,HL,9.2566,2.4566,1556.34,3.04,1554.9,3.499,1556.68,1554.7,0.0003250100,0.0000062500,261.6,0.3
2026-09-14T08:37:37.047+00:00,ASTER,ENTROPY,8.6136,1.8136,1556.34,3.04,1555.0,0.1688,1556.68,1554.7,0.0003250100,0.0000016861,261.8,0.4
2026-09-14T08:37:37.099+00:00,ASTER,HL,9.8995,3.0995,1556.34,3.04,1554.8,0.965,1556.68,1554.7,0.0003250100,0.0000062500,313.3,0.3
2026-09-14T08:37:37.099+00:00,ASTER,ENTROPY,8.6136,1.8136,1556.34,3.04,1555.0,0.1688,1556.68,1554.7,0.0003250100,0.0000016861,313.4,0.4
2026-09-14T08:37:37.150+00:00,ASTER,HL,9.8995,3.0995,1556.34,3.04,1554.8,1.965,1556.68,1554.7,0.0003250100,0.0000062500,364.1,0.2
2026-09-14T08:37:37.329+00:00,ASTER,HL,9.8995,3.0995,1556.34,3.04,1554.8,2.213,1556.68,1554.7,0.0003250100,0.0000062500,543.0,0.3
2026-09-14T08:37:37.329+00:00,ASTER,ENTROPY,8.6136,1.8136,1556.34,3.04,1555.0,0.1688,1556.68,1554.7,0.0003250100,0.0000016861,543.2,0.4
2026-09-14T08:37:37.377+00:00,ASTER,HL,8.8070,2.0070,1556.17,8.62,1554.8,2.213,1556.68,1554.7,0.0003250100,0.0000062500,0.2,48.3
2026-09-14T08:37:37.377+00:00,ASTER,ENTROPY,7.5210,0.7210,1556.17,8.62,1555.0,0.1688,1556.68,1554.7,0.0003250100,0.0000016861,0.2,48.3
2026-09-14T08:37:37.382+00:00,ASTER,HL,8.8070,2.0070,1556.17,8.62,1554.8,23.948,1556.68,1554.7,0.0003250100,0.0000062500,5.7,0.1
2026-09-14T08:37:37.382+00:00,ASTER,ENTROPY,6.8781,0.0781,1556.17,8.62,1555.1,0.0128,1556.68,1554.7,0.0003250100,0.0000016861,5.8,0.2
2026-09-14T08:37:37.387+00:00,ASTER,HL,10.0281,3.2281,1556.36,3.04,1554.8,23.948,1556.68,1554.7,0.0003250100,0.0000062500,0.2,5.1
2026-09-14T08:37:37.387+00:00,ASTER,ENTROPY,8.0992,1.2992,1556.36,3.04,1555.1,0.0128,1556.68,1554.7,0.0003250100,0.0000016861,0.2,5.1
2026-09-14T08:37:37.534+00:00,ASTER,HL,8.8070,2.0070,1556.17,41.38,1554.8,23.948,1556.68,1554.7,0.0003250100,0.0000062500,0.2,152.1
2026-09-14T08:37:37.534+00:00,ASTER,ENTROPY,6.8781,0.0781,1556.17,41.38,1555.1,0.0128,1556.68,1554.7,0.0003250100,0.0000016861,0.2,152.0
2026-09-14T08:37:37.538+00:00,ASTER,HL,10.1566,3.3566,1556.38,3.04,1554.8,23.948,1556.68,1554.7,0.0003250100,0.0000062500,0.2,156.1
2026-09-14T08:37:37.538+00:00,ASTER,ENTROPY,8.2277,1.4277,1556.38,3.04,1555.1,0.0128,1556.68,1554.7,0.0003250100,0.0000016861,0.2,156.1
2026-09-14T08:37:37.577+00:00,ASTER,HL,10.1564,3.3564,1556.38,3.04,1554.8,23.948,1556.81,1554.7,0.0003250100,0.0000062500,0.2,195.3
2026-09-14T08:37:37.577+00:00,ASTER,ENTROPY,8.2276,1.4276,1556.38,3.04,1555.1,0.0128,1556.81,1554.7,0.0003250100,0.0000016861,0.2,195.2
2026-09-14T08:37:37.579+00:00,ASTER,HL,8.8068,2.0068,1556.17,41.38,1554.8,23.948,1556.81,1554.7,0.0003250100,0.0000062500,0.1,197.7
2026-09-14T08:37:37.579+00:00,ASTER,ENTROPY,6.8780,0.0780,1556.17,41.38,1555.1,0.0128,1556.81,1554.7,0.0003250100,0.0000016861,0.1,197.7
2026-09-14T08:37:37.651+00:00,ASTER,HL,8.8068,2.0068,1556.17,41.38,1554.8,23.948,1556.81,1554.7,0.0003250100,0.0000062500,71.0,0.2
2026-09-14T08:37:37.666+00:00,ASTER,HL,8.8068,2.0068,1556.17,41.38,1554.8,23.948,1556.81,1554.7,0.0003250100,0.0000062500,0.2,15.1
2026-09-14T08:37:37.666+00:00,ASTER,ENTROPY,6.8780,0.0780,1556.17,41.38,1555.1,0.0128,1556.81,1554.7,0.0003250100,0.0000016861,0.2,283.4
2026-09-14T08:37:37.666+00:00,ASTER,HL,8.8068,2.0068,1556.17,36.59,1554.8,23.948,1556.81,1554.7,0.0003250100,0.0000062500,0.3,15.3
2026-09-14T08:37:37.666+00:00,ASTER,ENTROPY,6.8780,0.0780,1556.17,36.59,1555.1,0.0128,1556.81,1554.7,0.0003250100,0.0000016861,0.3,283.6
2026-09-14T08:37:37.666+00:00,ASTER,HL,8.8068,2.0068,1556.17,20.21,1554.8,23.948,1556.81,1554.7,0.0003250100,0.0000062500,0.3,15.3
2026-09-14T08:37:37.666+00:00,ASTER,ENTROPY,6.8780,0.0780,1556.17,20.21,1555.1,0.0128,1556.81,1554.7,0.0003250100,0.0000016861,0.3,283.6
2026-09-14T08:37:37.666+00:00,ASTER,HL,8.8068,2.0068,1556.17,20.21,1554.8,23.948,1556.81,1554.7,0.0003250100,0.0000062500,0.3,15.3
2026-09-14T08:37:37.666+00:00,ASTER,ENTROPY,6.8780,0.0780,1556.17,20.21,1555.1,0.0128,1556.81,1554.7,0.0003250100,0.0000016861,0.3,283.6
2026-09-14T08:37:37.666+00:00,ASTER,HL,8.8068,2.0068,1556.17,16.38,1554.8,23.948,1556.81,1554.7,0.0003250100,0.0000062500,0.3,15.3
2026-09-14T08:37:37.666+00:00,ASTER,ENTROPY,6.8780,0.0780,1556.17,16.38,1555.1,0.0128,1556.81,1554.7,0.0003250100,0.0000016861,0.3,283.6
2026-09-14T08:37:37.666+00:00,ASTER,HL,8.1641,1.3641,1556.07,0.04,1554.8,23.948,1556.81,1554.7,0.0003250100,0.0000062500,0.4,15.4
2026-09-14T08:37:37.666+00:00,ASTER,HL,10.2849,3.4849,1556.4,3.04,1554.8,23.948,1556.81,1554.7,0.0003250100,0.0000062500,0.4,15.4
2026-09-14T08:37:37.666+00:00,ASTER,ENTROPY,8.3561,1.5561,1556.4,3.04,1555.1,0.0128,1556.81,1554.7,0.0003250100,0.0000016861,0.4,283.7
2026-09-14T08:37:37.666+00:00,ASTER,HL,10.5420,3.7420,1556.44,3.04,1554.8,23.948,1556.81,1554.7,0.0003250100,0.0000062500,0.4,15.4
2026-09-14T08:37:37.666+00:00,ASTER,ENTROPY,8.6131,1.8131,1556.44,3.04,1555.1,0.0128,1556.81,1554.7,0.0003250100,0.0000016861,0.4,283.7
2026-09-14T08:37:37.666+00:00,ASTER,HL,10.8633,4.0633,1556.49,3.04,1554.8,23.948,1556.81,1554.7,0.0003250100,0.0000062500,0.4,15.4
2026-09-14T08:37:37.666+00:00,ASTER,ENTROPY,8.9345,2.1345,1556.49,3.04,1555.1,0.0128,1556.81,1554.7,0.0003250100,0.0000016861,0.4,283.7
2026-09-14T08:37:37.684+00:00,ASTER,HL,10.5420,3.7420,1556.44,3.04,1554.8,23.948,1556.81,1554.7,0.0003250100,0.0000062500,0.2,33.1
2026-09-14T08:37:37.684+00:00,ASTER,ENTROPY,8.6131,1.8131,1556.44,3.04,1555.1,0.0128,1556.81,1554.7,0.0003250100,0.0000016861,0.2,301.4
2026-09-14T08:37:37.697+00:00,ASTER,HL,10.9918,4.1918,1556.51,3.04,1554.8,23.948,1556.81,1554.7,0.0003250100,0.0000062500,0.2,46.0
2026-09-14T08:37:37.697+00:00,ASTER,ENTROPY,9.0630,2.2630,1556.51,3.04,1555.1,0.0128,1556.81,1554.7,0.0003250100,0.0000016861,0.2,314.3
2026-09-14T08:37:37.731+00:00,ASTER,HL,10.9918,4.1918,1556.51,3.04,1554.8,22.616,1556.81,1554.7,0.0003250100,0.0000062500,34.2,0.3
2026-09-14T08:37:37.828+00:00,ASTER,HL,10.9918,4.1918,1556.51,3.04,1554.8,21.735,1556.81,1554.7,0.0003250100,0.0000062500,131.4,0.3
2026-09-14T08:37:37.828+00:00,ASTER,ENTROPY,9.0628,2.2628,1556.51,3.04,1555.1,0.0128,1556.81,1554.8,0.0003250100,0.0000016861,131.6,0.5
2026-09-14T08:37:37.828+00:00,ASTER,HL,10.9916,4.1916,1556.51,3.04,1554.8,21.735,1556.93,1554.7,0.0003250100,0.0000062500,0.3,0.6
2026-09-14T08:37:37.828+00:00,ASTER,ENTROPY,9.0627,2.2627,1556.51,3.04,1555.1,0.0128,1556.93,1554.8,0.0003250100,0.0000016861,0.3,0.5
2026-09-14T08:37:37.828+00:00,ASTER,HL,9.5778,2.7778,1556.29,44.48,1554.8,21.735,1556.93,1554.7,0.0003250100,0.0000062500,0.3,0.6
2026-09-14T08:37:37.828+00:00,ASTER,ENTROPY,7.6489,0.8489,1556.29,44.48,1555.1,0.0128,1556.93,1554.8,0.0003250100,0.0000016861,0.3,0.5
2026-09-14T08:37:37.906+00:00,ASTER,HL,9.5778,2.7778,1556.29,44.48,1554.8,21.735,1556.93,1554.7,0.0003250100,0.0000062500,0.2,78.5
2026-09-14T08:37:37.906+00:00,ASTER,ENTROPY,7.6489,0.8489,1556.29,44.48,1555.1,0.0128,1556.93,1554.8,0.0003250100,0.0000016861,0.2,78.4
2026-09-14T08:37:37.906+00:00,ASTER,HL,9.5778,2.7778,1556.29,37.46,1554.8,21.735,1556.93,1554.7,0.0003250100,0.0000062500,0.3,78.6
2026-09-14T08:37:37.906+00:00,ASTER,ENTROPY,7.6489,0.8489,1556.29,37.46,1555.1,0.0128,1556.93,1554.8,0.0003250100,0.0000016861,0.3,78.6
2026-09-14T08:37:37.906+00:00,ASTER,HL,9.5778,2.7778,1556.29,21.08,1554.8,21.735,1556.93,1554.7,0.0003250100,0.0000062500,0.4,78.7
2026-09-14T08:37:37.906+00:00,ASTER,ENTROPY,7.6489,0.8489,1556.29,21.08,1555.1,0.0128,1556.93,1554.8,0.0003250100,0.0000016861,0.4,78.6
2026-09-14T08:37:37.906+00:00,ASTER,HL,9.5777,2.7777,1556.29,21.08,1554.8,21.735,1557.0,1554.7,0.0003250100,0.0000062500,0.4,78.7
2026-09-14T08:37:37.906+00:00,ASTER,ENTROPY,7.6488,0.8488,1556.29,21.08,1555.1,0.0128,1557.0,1554.8,0.0003250100,0.0000016861,0.4,78.6
2026-09-14T08:37:37.906+00:00,ASTER,HL,9.5777,2.7777,1556.29,16.38,1554.8,21.735,1557.0,1554.7,0.0003250100,0.0000062500,0.4,78.7
2026-09-14T08:37:37.906+00:00,ASTER,ENTROPY,7.6488,0.8488,1556.29,16.38,1555.1,0.0128,1557.0,1554.8,0.0003250100,0.0000016861,0.4,78.7
2026-09-14T08:37:37.906+00:00,ASTER,HL,8.8708,2.0708,1556.18,0.01,1554.8,21.735,1557.0,1554.7,0.0003250100,0.0000062500,0.4,78.7
2026-09-14T08:37:37.906+00:00,ASTER,ENTROPY,6.9419,0.1419,1556.18,0.01,1555.1,0.0128,1557.0,1554.8,0.0003250100,0.0000016861,0.4,78.7
2026-09-14T08:37:37.906+00:00,ASTER,HL,9.6420,2.8420,1556.3,0.04,1554.8,21.735,1557.0,1554.7,0.0003250100,0.0000062500,0.5,78.7
2026-09-14T08:37:37.906+00:00,ASTER,ENTROPY,7.7131,0.9131,1556.3,0.04,1555.1,0.0128,1557.0,1554.8,0.0003250100,0.0000016861,0.5,78.7
2026-09-14T08:37:37.906+00:00,ASTER,HL,11.3128,4.5128,1556.56,3.04,1554.8,21.735,1557.0,1554.7,0.0003250100,0.0000062500,0.5,78.8
2026-09-14T08:37:37.906+00:00,ASTER,ENTROPY,9.3838,2.5838,1556.56,3.04,1555.1,0.0128,1557.0,1554.8,0.0003250100,0.0000016861,0.5,78.7
2026-09-14T08:37:37.906+00:00,ASTER,HL,11.8268,5.0268,1556.64,3.04,1554.8,21.735,1557.0,1554.7,0.0003250100,0.0000062500,0.5,78.8
2026-09-14T08:37:37.906+00:00,ASTER,ENTROPY,9.8979,3.0979,1556.64,3.04,1555.1,0.0128,1557.0,1554.8,0.0003250100,0.0000016861,0.5,78.8
2026-09-14T08:37:37.939+00:00,ASTER,ENTROPY,9.8976,3.0976,1556.64,3.04,1555.1,0.0128,1557.0,1555.0,0.0003250100,0.0000016861,33.7,0.4
2026-09-14T08:37:37.979+00:00,ASTER,HL,10.5406,3.7406,1556.64,3.04,1555.0,23.209,1557.0,1554.9,0.0003250100,0.0000062500,73.4,0.3
2026-09-14T08:37:37.997+00:00,ASTER,HL,8.8699,2.0699,1556.38,50.9,1555.0,23.209,1557.0,1554.9,0.0003250100,0.0000062500,0.2,18.3
2026-09-14T08:37:37.997+00:00,ASTER,ENTROPY,8.2269,1.4269,1556.38,50.9,1555.1,0.0128,1557.0,1555.0,0.0003250100,0.0000016861,0.2,58.1
2026-09-14T08:37:37.998+00:00,ASTER,HL,10.6691,3.8691,1556.66,3.04,1555.0,23.209,1557.0,1554.9,0.0003250100,0.0000062500,1.0,19.1
2026-09-14T08:37:37.998+00:00,ASTER,ENTROPY,10.0261,3.2261,1556.66,3.04,1555.1,0.0128,1557.0,1555.0,0.0003250100,0.0000016861,1.0,58.9
2026-09-14T08:37:38.063+00:00,ASTER,HL,10.6691,3.8691,1556.66,3.04,1555.0,1.474,1557.0,1554.9,0.0003250100,0.0000062500,65.9,0.3
2026-09-14T08:37:38.092+00:00,ASTER,HL,8.8699,2.0699,1556.38,50.9,1555.0,1.474,1557.0,1554.9,0.0003250100,0.0000062500,0.2,30.2
2026-09-14T08:37:38.092+00:00,ASTER,ENTROPY,8.2269,1.4269,1556.38,50.9,1555.1,0.0128,1557.0,1555.0,0.0003250100,0.0000016861,0.2,153.7
2026-09-14T08:37:38.096+00:00,ASTER,HL,10.7976,3.9976,1556.68,3.04,1555.0,1.474,1557.0,1554.9,0.0003250100,0.0000062500,0.2,33.4
2026-09-14T08:37:38.096+00:00,ASTER,ENTROPY,10.1546,3.3546,1556.68,3.04,1555.1,0.0128,1557.0,1555.0,0.0003250100,0.0000016861,0.2,156.9
2026-09-14T08:37:38.131+00:00,ASTER,HL,8.8699,2.0699,1556.38,50.9,1555.0,1.474,1557.0,1554.9,0.0003250100,0.0000062500,1.7,68.3
2026-09-14T08:37:38.131+00:00,ASTER,ENTROPY,8.2269,1.4269,1556.38,50.9,1555.1,0.0128,1557.0,1555.0,0.0003250100,0.0000016861,1.7,191.8
2026-09-14T08:37:38.137+00:00,ASTER,HL,8.8699,2.0699,1556.38,50.9,1555.0,0.502,1557.0,1554.9,0.0003250100,0.0000062500,8.3,0.2
2026-09-14T08:37:38.137+00:00,ASTER,ENTROPY,8.2269,1.4269,1556.38,50.9,1555.1,0.0128,1557.0,1555.0,0.0003250100,0.0000016861,8.4,0.2
2026-09-14T08:37:38.211+00:00,ASTER,HL,8.8699,2.0699,1556.38,41.83,1555.0,0.502,1557.0,1554.9,0.0003250100,0.0000062500,0.2,74.4
2026-09-14T08:37:38.211+00:00,ASTER,ENTROPY,8.2269,1.4269,1556.38,41.83,1555.1,0.0128,1557.0,1555.0,0.0003250100,0.0000016861,0.2,74.4
2026-09-14T08:37:38.211+00:00,ASTER,HL,8.8699,2.0699,1556.38,25.45,1555.0,0.502,1557.0,1554.9,0.0003250100,0.0000062500,0.4,74.6
2026-09-14T08:37:38.211+00:00,ASTER,ENTROPY,8.2269,1.4269,1556.38,25.45,1555.1,0.0128,1557.0,1555.0,0.0003250100,0.0000016861,0.4,74.6
2026-09-14T08:37:38.212+00:00,ASTER,HL,8.8699,2.0699,1556.38,9.07,1555.0,0.502,1557.0,1554.9,0.0003250100,0.0000062500,0.4,74.6
2026-09-14T08:37:38.212+00:00,ASTER,ENTROPY,8.2269,1.4269,1556.38,9.07,1555.1,0.0128,1557.0,1555.0,0.0003250100,0.0000016861,0.4,74.6
2026-09-14T08:37:38.212+00:00,ASTER,HL,7.5847,0.7847,1556.18,0.01,1555.0,0.502,1557.0,1554.9,0.0003250100,0.0000062500,0.4,74.7
2026-09-14T08:37:38.212+00:00,ASTER,ENTROPY,6.9417,0.1417,1556.18,0.01,1555.1,0.0128,1557.0,1555.0,0.0003250100,0.0000016861,0.4,74.6
2026-09-14T08:37:38.212+00:00,ASTER,HL,7.5847,0.7847,1556.18,0.01,1555.0,0.502,1556.99,1554.9,0.0003250100,0.0000062500,0.4,74.7
2026-09-14T08:37:38.212+00:00,ASTER,ENTROPY,6.9417,0.1417,1556.18,0.01,1555.1,0.0128,1556.99,1555.0,0.0003250100,0.0000016861,0.4,74.7
2026-09-14T08:37:38.212+00:00,ASTER,HL,7.5848,0.7848,1556.18,0.01,1555.0,0.502,1556.87,1554.9,0.0003250100,0.0000062500,0.5,74.7
2026-09-14T08:37:38.212+00:00,ASTER,ENTROPY,6.9418,0.1418,1556.18,0.01,1555.1,0.0128,1556.87,1555.0,0.0003250100,0.0000016861,0.5,74.7
2026-09-14T08:37:38.212+00:00,ASTER,HL,7.9062,1.1062,1556.23,1.61,1555.0,0.502,1556.87,1554.9,0.0003250100,0.0000062500,0.5,74.7
2026-09-14T08:37:38.212+00:00,ASTER,ENTROPY,7.2631,0.4631,1556.23,1.61,1555.1,0.0128,1556.87,1555.0,0.0003250100,0.0000016861,0.5,74.7
2026-09-14T08:37:38.212+00:00,ASTER,HL,7.9062,1.1062,1556.23,1.61,1555.0,0.502,1556.87,1554.9,0.0003250100,0.0000062500,0.5,74.8
2026-09-14T08:37:38.212+00:00,ASTER,ENTROPY,7.2631,0.4631,1556.23,1.61,1555.1,0.0128,1556.87,1555.0,0.0003250100,0.0000016861,0.5,74.7
2026-09-14T08:37:38.212+00:00,ASTER,HL,7.9062,1.1062,1556.23,1.61,1555.0,0.502,1556.87,1554.9,0.0003250100,0.0000062500,0.5,74.8
2026-09-14T08:37:38.212+00:00,ASTER,ENTROPY,7.2631,0.4631,1556.23,1.61,1555.1,0.0128,1556.87,1555.0,0.0003250100,0.0000016861,0.5,74.7
2026-09-14T08:37:38.212+00:00,ASTER,HL,7.9062,1.1062,1556.23,4.17,1555.0,0.502,1556.87,1554.9,0.0003250100,0.0000062500,0.5,74.8
2026-09-14T08:37:38.212+00:00,ASTER,ENTROPY,7.2631,0.4631,1556.23,4.17,1555.1,0.0128,1556.87,1555.0,0.0003250100,0.0000016861,0.5,74.8
2026-09-14T08:37:38.212+00:00,ASTER,HL,7.9062,1.1062,1556.23,4.17,1555.0,0.502,1556.87,1554.9,0.0003250100,0.0000062500,0.6,74.8
2026-09-14T08:37:38.212+00:00,ASTER,ENTROPY,7.2631,0.4631,1556.23,4.17,1555.1,0.0128,1556.87,1555.0,0.0003250100,0.0000016861,0.6,74.8
2026-09-14T08:37:38.249+00:00,ASTER,HL,9.1272,2.3272,1556.42,3.04,1555.0,0.502,1556.87,1554.9,0.0003250100,0.0000062500,0.2,111.6
2026-09-14T08:37:38.249+00:00,ASTER,ENTROPY,8.4841,1.6841,1556.42,3.04,1555.1,0.0128,1556.87,1555.0,0.0003250100,0.0000016861,0.2,111.6
2026-09-14T08:37:38.284+00:00,ASTER,HL,7.9062,1.1062,1556.23,4.17,1555.0,0.502,1556.87,1554.9,0.0003250100,0.0000062500,0.3,147.3
2026-09-14T08:37:38.284+00:00,ASTER,ENTROPY,7.2631,0.4631,1556.23,4.17,1555.1,0.0128,1556.87,1555.0,0.0003250100,0.0000016861,0.3,147.3
2026-09-14T08:37:38.290+00:00,ASTER,HL,7.9062,1.1062,1556.23,4.17,1555.0,0.502,1556.87,1554.9,0.0003250100,0.0000062500,0.2,153.1
2026-09-14T08:37:38.290+00:00,ASTER,ENTROPY,7.2631,0.4631,1556.23,4.17,1555.1,0.0128,1556.87,1555.0,0.0003250100,0.0000016861,0.2,153.0
2026-09-14T08:37:38.312+00:00,ASTER,HL,7.9062,1.1062,1556.23,1.61,1555.0,0.502,1556.87,1554.9,0.0003250100,0.0000062500,0.2,175.2
2026-09-14T08:37:38.312+00:00,ASTER,ENTROPY,7.2631,0.4631,1556.23,1.61,1555.1,0.0128,1556.87,1555.0,0.0003250100,0.0000016861,0.2,175.1
2026-09-14T08:37:38.312+00:00,ASTER,HL,7.9062,1.1062,1556.23,1.61,1555.0,0.502,1556.87,1554.9,0.0003250100,0.0000062500,0.3,175.3
2026-09-14T08:37:38.312+00:00,ASTER,ENTROPY,7.2631,0.4631,1556.23,1.61,1555.1,0.0128,1556.87,1555.0,0.0003250100,0.0000016861,0.3,175.3
2026-09-14T08:37:38.312+00:00,ASTER,HL,7.7134,0.9134,1556.2,0.64,1555.0,0.502,1556.87,1554.9,0.0003250100,0.0000062500,0.3,175.3
2026-09-14T08:37:38.312+00:00,ASTER,ENTROPY,7.0704,0.2704,1556.2,0.64,1555.1,0.0128,1556.87,1555.0,0.0003250100,0.0000016861,0.3,175.3
2026-09-14T08:37:38.312+00:00,ASTER,HL,7.7134,0.9134,1556.2,0.64,1555.0,0.502,1556.87,1554.9,0.0003250100,0.0000062500,0.4,175.4
2026-09-14T08:37:38.312+00:00,ASTER,ENTROPY,7.0704,0.2704,1556.2,0.64,1555.1,0.0128,1556.87,1555.0,0.0003250100,0.0000016861,0.4,175.3
2026-09-14T08:37:38.312+00:00,ASTER,HL,7.7132,0.9132,1556.2,0.64,1555.0,0.502,1557.0,1554.9,0.0003250100,0.0000062500,0.4,175.4
2026-09-14T08:37:38.312+00:00,ASTER,ENTROPY,7.0702,0.2702,1556.2,0.64,1555.1,0.0128,1557.0,1555.0,0.0003250100,0.0000016861,0.4,175.4
2026-09-14T08:37:38.312+00:00,ASTER,HL,7.7134,0.9134,1556.2,0.64,1555.0,0.502,1556.86,1554.9,0.0003250100,0.0000062500,0.4,175.4
2026-09-14T08:37:38.312+00:00,ASTER,ENTROPY,7.0704,0.2704,1556.2,0.64,1555.1,0.0128,1556.86,1555.0,0.0003250100,0.0000016861,0.4,175.4
2026-09-14T08:37:38.312+00:00,ASTER,HL,9.3842,2.5842,1556.46,3.04,1555.0,0.502,1556.86,1554.9,0.0003250100,0.0000062500,0.4,175.4
2026-09-14T08:37:38.312+00:00,ASTER,ENTROPY,8.7412,1.9412,1556.46,3.04,1555.1,0.0128,1556.86,1555.0,0.0003250100,0.0000016861,0.4,175.4
2026-09-14T08:37:38.323+00:00,ASTER,HL,8.0984,1.2984,1556.46,3.04,1555.2,26.083,1556.86,1554.9,0.0003250100,0.0000062500,11.2,0.2
2026-09-14T08:37:38.329+00:00,ASTER,HL,8.0984,1.2984,1556.46,3.04,1555.2,26.083,1556.88,1554.9,0.0003250100,0.0000062500,0.2,6.1
2026-09-14T08:37:38.329+00:00,ASTER,ENTROPY,8.7411,1.9411,1556.46,3.04,1555.1,0.0128,1556.88,1555.0,0.0003250100,0.0000016861,0.2,192.2
2026-09-14T08:37:38.343+00:00,ASTER,HL,8.0983,1.2983,1556.46,3.04,1555.2,27.616,1556.88,1555.0,0.0003250100,0.0000062500,13.8,0.2
2026-09-14T08:37:38.383+00:00,ASTER,ENTROPY,7.3274,0.5274,1556.24,41.53,1555.1,0.0128,1556.88,1555.0,0.0003250100,0.0000016861,0.2,245.5
2026-09-14T08:37:38.414+00:00,ASTER,ENTROPY,7.3274,0.5274,1556.24,41.53,1555.1,0.0128,1556.86,1555.0,0.0003250100,0.0000016861,0.3,276.6
2026-09-14T08:37:38.415+00:00,ASTER,ENTROPY,7.3274,0.5274,1556.24,41.53,1555.1,0.0128,1556.85,1555.0,0.0003250100,0.0000016861,0.9,277.4
2026-09-14T08:37:38.415+00:00,ASTER,HL,8.1626,1.3626,1556.47,3.04,1555.2,27.616,1556.85,1555.0,0.0003250100,0.0000062500,1.0,71.9
2026-09-14T08:37:38.415+00:00,ASTER,ENTROPY,8.8054,2.0054,1556.47,3.04,1555.1,0.0128,1556.85,1555.0,0.0003250100,0.0000016861,1.0,277.4
2026-09-14T08:37:38.431+00:00,ASTER,ENTROPY,7.3274,0.5274,1556.24,41.53,1555.1,0.0128,1556.85,1555.0,0.0003250100,0.0000016861,0.2,293.8
2026-09-14T08:37:38.444+00:00,ASTER,HL,8.3554,1.5554,1556.5,3.04,1555.2,27.616,1556.85,1555.0,0.0003250100,0.0000062500,0.8,100.5
2026-09-14T08:37:38.444+00:00,ASTER,ENTROPY,8.9982,2.1982,1556.5,3.04,1555.1,0.0128,1556.85,1555.0,0.0003250100,0.0000016861,0.8,306.0
2026-09-14T08:37:38.524+00:00,ASTER,HL,8.3555,1.5555,1556.5,3.04,1555.2,26.782,1556.85,1554.9,0.0003250100,0.0000062500,81.4,0.3
2026-09-14T08:37:38.524+00:00,ASTER,ENTROPY,8.9982,2.1982,1556.5,3.04,1555.1,0.2073,1556.85,1555.0,0.0003250100,0.0000016861,81.6,0.5
2026-09-14T08:37:38.535+00:00,ASTER,ENTROPY,7.3274,0.5274,1556.24,41.53,1555.1,0.2073,1556.85,1555.0,0.0003250100,0.0000016861,0.1,11.4
2026-09-14T08:37:38.538+00:00,ASTER,HL,7.9704,1.1704,1556.24,41.53,1555.0,0.309,1556.85,1554.9,0.0003250100,0.0000062500,3.4,0.2
2026-09-14T08:37:38.538+00:00,ASTER,ENTROPY,7.3274,0.5274,1556.24,41.53,1555.1,0.0128,1556.85,1555.0,0.0003250100,0.0000016861,3.6,0.3
2026-09-14T08:37:38.539+00:00,ASTER,HL,7.9704,1.1704,1556.24,25.15,1555.0,0.309,1556.85,1554.9,0.0003250100,0.0000062500,0.1,0.3
2026-09-14T08:37:38.539+00:00,ASTER,ENTROPY,7.3274,0.5274,1556.24,25.15,1555.1,0.0128,1556.85,1555.0,0.0003250100,0.0000016861,0.1,0.3
2026-09-14T08:37:38.539+00:00,ASTER,HL,7.9704,1.1704,1556.24,8.77,1555.0,0.309,1556.85,1554.9,0.0003250100,0.0000062500,0.1,0.4
2026-09-14T08:37:38.539+00:00,ASTER,ENTROPY,7.3274,0.5274,1556.24,8.77,1555.1,0.0128,1556.85,1555.0,0.0003250100,0.0000016861,0.1,0.3
2026-09-14T08:37:38.542+00:00,ASTER,HL,7.9705,1.1705,1556.24,8.77,1555.0,0.309,1556.84,1554.9,0.0003250100,0.0000062500,0.1,4.4
2026-09-14T08:37:38.542+00:00,ASTER,ENTROPY,7.3274,0.5274,1556.24,8.77,1555.1,0.0128,1556.84,1555.0,0.0003250100,0.0000016861,0.1,4.4
2026-09-14T08:37:38.542+00:00,ASTER,HL,9.7055,2.9055,1556.51,3.04,1555.0,0.309,1556.84,1554.9,0.0003250100,0.0000062500,0.1,4.5
2026-09-14T08:37:38.542+00:00,ASTER,ENTROPY,9.0625,2.2625,1556.51,3.04,1555.1,0.0128,1556.84,1555.0,0.0003250100,0.0000016861,0.1,4.4
2026-09-14T08:37:38.638+00:00,ASTER,HL,9.7055,2.9055,1556.51,3.04,1555.0,0.309,1556.85,1554.9,0.0003250100,0.0000062500,0.2,100.0
2026-09-14T08:37:38.638+00:00,ASTER,ENTROPY,9.0625,2.2625,1556.51,3.04,1555.1,0.0128,1556.85,1555.0,0.0003250100,0.0000016861,0.2,100.0
2026-09-14T08:37:38.700+00:00,ASTER,HL,9.7055,2.9055,1556.51,3.04,1555.0,24.535,1556.85,1554.9,0.0003250100,0.0000062500,62.3,0.2
2026-09-14T08:37:38.700+00:00,ASTER,ENTROPY,9.0625,2.2625,1556.51,3.04,1555.1,0.0597,1556.85,1555.0,0.0003250100,0.0000016861,62.4,0.3
2026-09-14T08:37:38.745+00:00,ASTER,HL,9.7055,2.9055,1556.51,3.04,1555.0,26.16,1556.85,1554.9,0.0003250100,0.0000062500,107.2,0.3
2026-09-14T08:37:38.934+00:00,ASTER,HL,9.7055,2.9055,1556.51,3.04,1555.0,24.776,1556.85,1554.9,0.0003250100,0.0000062500,296.1,0.3
2026-09-14T08:37:38.934+00:00,ASTER,ENTROPY,9.0625,2.2625,1556.51,3.04,1555.1,0.2468,1556.85,1555.0,0.0003250100,0.0000016861,296.2,0.4
2026-09-14T08:37:39.146+00:00,ASTER,HL,9.7055,2.9055,1556.51,3.04,1555.0,27.738,1556.85,1554.9,0.0003250100,0.0000062500,508.6,0.3
2026-09-14T08:37:39.146+00:00,ASTER,ENTROPY,9.0625,2.2625,1556.51,3.04,1555.1,0.2545,1556.85,1555.0,0.0003250100,0.0000016861,508.8,0.4
2026-09-14T08:37:39.802+00:00,ASTER,HL,9.7055,2.9055,1556.51,3.04,1555.0,27.429,1556.85,1554.9,0.0003250100,0.0000062500,1165.0,0.3
2026-09-14T08:37:39.803+00:00,ASTER,ENTROPY,9.0625,2.2625,1556.51,3.04,1555.1,0.0674,1556.85,1555.0,0.0003250100,0.0000016861,1165.2,0.4
2026-09-14T08:37:39.807+00:00,ASTER,ENTROPY,9.0625,2.2625,1556.51,3.04,1555.1,0.0932,1556.85,1555.0,0.0003250100,0.0000016861,1169.2,0.2
2026-09-14T08:37:39.877+00:00,ASTER,HL,8.0347,1.2347,1556.25,30.26,1555.0,27.429,1556.85,1554.9,0.0003250100,0.0000062500,0.2,75.0
2026-09-14T08:37:39.877+00:00,ASTER,ENTROPY,7.3917,0.5917,1556.25,30.26,1555.1,0.0932,1556.85,1555.0,0.0003250100,0.0000016861,0.2,70.7
2026-09-14T08:37:39.885+00:00,ASTER,HL,8.0347,1.2347,1556.25,13.88,1555.0,27.429,1556.85,1554.9,0.0003250100,0.0000062500,0.2,82.4
2026-09-14T08:37:39.885+00:00,ASTER,ENTROPY,7.3917,0.5917,1556.25,13.88,1555.1,0.0932,1556.85,1555.0,0.0003250100,0.0000016861,0.2,78.0
2026-09-14T08:37:39.990+00:00,ASTER,HL,8.0347,1.2347,1556.25,6.91,1555.0,27.429,1556.85,1554.9,0.0003250100,0.0000062500,0.2,187.4
2026-09-14T08:37:39.990+00:00,ASTER,ENTROPY,7.3917,0.5917,1556.25,6.91,1555.1,0.0932,1556.85,1555.0,0.0003250100,0.0000016861,0.2,183.1
2026-09-14T08:37:39.990+00:00,ASTER,HL,7.6491,0.8491,1556.19,0.04,1555.0,27.429,1556.85,1554.9,0.0003250100,0.0000062500,0.4,187.6
2026-09-14T08:37:39.990+00:00,ASTER,ENTROPY,7.0061,0.2061,1556.19,0.04,1555.1,0.0932,1556.85,1555.0,0.0003250100,0.0000016861,0.4,183.2
2026-09-14T08:37:39.994+00:00,ASTER,HL,9.1272,2.3272,1556.42,3.04,1555.0,27.429,1556.85,1554.9,0.0003250100,0.0000062500,0.1,191.7
2026-09-14T08:37:39.994+00:00,ASTER,ENTROPY,8.4841,1.6841,1556.42,3.04,1555.1,0.0932,1556.85,1555.0,0.0003250100,0.0000016861,0.1,187.3
2026-09-14T08:37:39.999+00:00,ASTER,HL,9.1272,2.3272,1556.42,3.04,1555.0,27.429,1556.85,1554.9,0.0003250100,0.0000062500,0.1,196.4
2026-09-14T08:37:39.999+00:00,ASTER,ENTROPY,8.4841,1.6841,1556.42,3.04,1555.1,0.0932,1556.85,1555.0,0.0003250100,0.0000016861,0.1,192.1
2026-09-14T08:37:39.999+00:00,ASTER,HL,9.1272,2.3272,1556.42,3.04,1555.0,27.429,1556.85,1554.9,0.0003250100,0.0000062500,0.1,196.5
2026-09-14T08:37:39.999+00:00,ASTER,ENTROPY,8.4841,1.6841,1556.42,3.04,1555.1,0.0932,1556.85,1555.0,0.0003250100,0.0000016861,0.1,192.1
2026-09-14T08:37:40.028+00:00,ASTER,HL,7.8419,1.0419,1556.22,2.56,1555.0,27.429,1556.85,1554.9,0.0003250100,0.0000062500,0.2,225.4
2026-09-14T08:37:40.028+00:00,ASTER,ENTROPY,7.1989,0.3989,1556.22,2.56,1555.1,0.0932,1556.85,1555.0,0.0003250100,0.0000016861,0.2,221.0
2026-09-14T08:37:40.034+00:00,ASTER,HL,7.8419,1.0419,1556.22,2.56,1555.0,27.429,1556.85,1554.9,0.0003250100,0.0000062500,0.1,231.3
2026-09-14T08:37:40.034+00:00,ASTER,ENTROPY,7.1989,0.3989,1556.22,2.56,1555.1,0.0932,1556.85,1555.0,0.0003250100,0.0000016861,0.1,227.0
2026-09-14T08:37:40.034+00:00,ASTER,HL,7.8419,1.0419,1556.22,1.28,1555.0,27.429,1556.85,1554.9,0.0003250100,0.0000062500,0.2,231.4
2026-09-14T08:37:40.034+00:00,ASTER,ENTROPY,7.1989,0.3989,1556.22,1.28,1555.1,0.0932,1556.85,1555.0,0.0003250100,0.0000016861,0.2,227.1
2026-09-14T08:37:40.034+00:00,ASTER,HL,7.8419,1.0419,1556.22,1.28,1555.0,27.429,1556.85,1554.9,0.0003250100,0.0000062500,0.3,231.5
2026-09-14T08:37:40.034+00:00,ASTER,ENTROPY,7.1989,0.3989,1556.22,1.28,1555.1,0.0932,1556.85,1555.0,0.0003250100,0.0000016861,0.3,227.1
2026-09-14T08:37:40.034+00:00,ASTER,HL,7.6491,0.8491,1556.19,0.04,1555.0,27.429,1556.85,1554.9,0.0003250100,0.0000062500,0.3,231.5
2026-09-14T08:37:40.034+00:00,ASTER,ENTROPY,7.0061,0.2061,1556.19,0.04,1555.1,0.0932,1556.85,1555.0,0.0003250100,0.0000016861,0.3,227.1
2026-09-14T08:37:40.111+00:00,ASTER,HL,7.6492,0.8492,1556.19,0.04,1555.0,27.429,1556.8,1554.9,0.0003250100,0.0000062500,0.2,308.5
2026-09-14T08:37:40.111+00:00,ASTER,ENTROPY,7.0062,0.2062,1556.19,0.04,1555.1,0.0932,1556.8,1555.0,0.0003250100,0.0000016861,0.2,304.2
2026-09-14T08:37:40.112+00:00,ASTER,HL,7.6492,0.8492,1556.19,0.04,1555.0,27.429,1556.79,1554.9,0.0003250100,0.0000062500,0.4,308.7
2026-09-14T08:37:40.112+00:00,ASTER,ENTROPY,7.0062,0.2062,1556.19,0.04,1555.1,0.0932,1556.79,1555.0,0.0003250100,0.0000016861,0.4,304.3
2026-09-14T08:37:40.112+00:00,ASTER,HL,7.6492,0.8492,1556.19,0.04,1555.0,27.429,1556.79,1554.9,0.0003250100,0.0000062500,0.4,308.7
2026-09-14T08:37:40.112+00:00,ASTER,ENTROPY,7.0062,0.2062,1556.19,0.04,1555.1,0.0932,1556.79,1555.0,0.0003250100,0.0000016861,0.4,304.4
2026-09-14T08:37:40.112+00:00,ASTER,HL,7.6492,0.8492,1556.19,0.04,1555.0,27.429,1556.79,1554.9,0.0003250100,0.0000062500,0.4,308.7
2026-09-14T08:37:40.112+00:00,ASTER,ENTROPY,7.0062,0.2062,1556.19,0.04,1555.1,0.0932,1556.79,1555.0,0.0003250100,0.0000016861,0.4,304.4
2026-09-14T08:37:40.112+00:00,ASTER,HL,7.6492,0.8492,1556.19,0.04,1555.0,27.429,1556.79,1554.9,0.0003250100,0.0000062500,0.4,308.8
2026-09-14T08:37:40.112+00:00,ASTER,ENTROPY,7.0062,0.2062,1556.19,0.04,1555.1,0.0932,1556.79,1555.0,0.0003250100,0.0000016861,0.4,304.4
2026-09-14T08:37:40.112+00:00,ASTER,HL,7.6492,0.8492,1556.19,0.04,1555.0,27.429,1556.79,1554.9,0.0003250100,0.0000062500,0.5,308.8
2026-09-14T08:37:40.112+00:00,ASTER,ENTROPY,7.0062,0.2062,1556.19,0.04,1555.1,0.0932,1556.79,1555.0,0.0003250100,0.0000016861,0.5,304.5
2026-09-14T08:37:40.136+00:00,ASTER,HL,7.6492,0.8492,1556.19,0.04,1555.0,27.429,1556.79,1554.9,0.0003250100,0.0000062500,1.6,333.6
2026-09-14T08:37:40.136+00:00,ASTER,ENTROPY,7.0062,0.2062,1556.19,0.04,1555.1,0.0932,1556.79,1555.0,0.0003250100,0.0000016861,1.6,329.3
2026-09-14T08:37:40.136+00:00,ASTER,HL,7.6492,0.8492,1556.19,0.04,1555.0,27.429,1556.79,1554.9,0.0003250100,0.0000062500,1.7,333.8
2026-09-14T08:37:40.136+00:00,ASTER,ENTROPY,7.0062,0.2062,1556.19,0.04,1555.1,0.0932,1556.79,1555.0,0.0003250100,0.0000016861,1.7,329.4
2026-09-14T08:37:40.150+00:00,ASTER,HL,8.7417,1.9417,1556.36,3.04,1555.0,27.429,1556.79,1554.9,0.0003250100,0.0000062500,0.2,347.6
2026-09-14T08:37:40.150+00:00,ASTER,ENTROPY,8.0987,1.2987,1556.36,3.04,1555.1,0.0932,1556.79,1555.0,0.0003250100,0.0000016861,0.2,343.2
2026-09-14T08:37:40.150+00:00,ASTER,HL,9.1915,2.3915,1556.43,3.04,1555.0,27.429,1556.79,1554.9,0.0003250100,0.0000062500,0.3,347.7
2026-09-14T08:37:40.150+00:00,ASTER,ENTROPY,8.5485,1.7485,1556.43,3.04,1555.1,0.0932,1556.79,1555.0,0.0003250100,0.0000016861,0.3,343.4
2026-09-14T08:37:40.232+00:00,ASTER,HL,8.7417,1.9417,1556.36,3.04,1555.0,27.429,1556.79,1554.9,0.0003250100,0.0000062500,0.2,428.8
2026-09-14T08:37:40.232+00:00,ASTER,ENTROPY,8.0987,1.2987,1556.36,3.04,1555.1,0.0932,1556.79,1555.0,0.0003250100,0.0000016861,0.2,424.5
2026-09-14T08:37:40.236+00:00,ASTER,HL,7.6492,0.8492,1556.19,0.04,1555.0,27.429,1556.79,1554.9,0.0003250100,0.0000062500,0.8,433.3
2026-09-14T08:37:40.236+00:00,ASTER,ENTROPY,7.0062,0.2062,1556.19,0.04,1555.1,0.0932,1556.79,1555.0,0.0003250100,0.0000016861,0.8,428.9
2026-09-14T08:37:40.242+00:00,ASTER,HL,9.2558,2.4558,1556.44,3.04,1555.0,27.429,1556.79,1554.9,0.0003250100,0.0000062500,0.1,439.4
2026-09-14T08:37:40.242+00:00,ASTER,ENTROPY,8.6128,1.8128,1556.44,3.04,1555.1,0.0932,1556.79,1555.0,0.0003250100,0.0000016861,0.1,435.1
2026-09-14T08:37:40.242+00:00,ASTER,HL,9.2558,2.4558,1556.44,3.04,1555.0,28.292,1556.79,1554.9,0.0003250100,0.0000062500,0.2,0.3
2026-09-14T08:37:40.242+00:00,ASTER,ENTROPY,8.6128,1.8128,1556.44,3.04,1555.1,0.3257,1556.79,1555.0,0.0003250100,0.0000016861,0.3,0.3
2026-09-14T08:37:40.341+00:00,ASTER,HL,9.2558,2.4558,1556.44,3.04,1555.0,29.995,1556.79,1554.9,0.0003250100,0.0000062500,99.2,0.3
2026-09-14T08:37:40.383+00:00,ASTER,HL,7.6492,0.8492,1556.19,0.04,1555.0,29.995,1556.79,1554.9,0.0003250100,0.0000062500,0.3,42.2
2026-09-14T08:37:40.383+00:00,ASTER,ENTROPY,7.0062,0.2062,1556.19,0.04,1555.1,0.3257,1556.79,1555.0,0.0003250100,0.0000016861,0.3,141.2
2026-09-14T08:37:40.446+00:00,ASTER,HL,7.6492,0.8492,1556.19,0.04,1555.0,29.995,1556.79,1554.9,0.0003250100,0.0000062500,0.2,105.4
2026-09-14T08:37:40.446+00:00,ASTER,ENTROPY,7.0062,0.2062,1556.19,0.04,1555.1,0.3257,1556.79,1555.0,0.0003250100,0.0000016861,0.2,204.3
2026-09-14T08:37:40.451+00:00,ASTER,HL,7.6492,0.8492,1556.19,0.04,1555.0,29.995,1556.79,1554.9,0.0003250100,0.0000062500,0.7,110.4
2026-09-14T08:37:40.451+00:00,ASTER,ENTROPY,7.0062,0.2062,1556.19,0.04,1555.1,0.3257,1556.79,1555.0,0.0003250100,0.0000016861,0.7,209.3
2026-09-14T08:37:40.456+00:00,ASTER,HL,7.6494,0.8494,1556.19,0.04,1555.0,44.813,1556.79,1554.7,0.0003250100,0.0000062500,4.9,0.2
2026-09-14T08:37:40.479+00:00,ASTER,HL,7.6494,0.8494,1556.19,0.04,1555.0,44.813,1556.79,1554.7,0.0003250100,0.0000062500,0.2,23.9
2026-09-14T08:37:40.479+00:00,ASTER,ENTROPY,7.0062,0.2062,1556.19,0.04,1555.1,0.3257,1556.79,1555.0,0.0003250100,0.0000016861,0.2,237.1
2026-09-14T08:37:40.485+00:00,ASTER,HL,7.6494,0.8494,1556.19,0.04,1555.0,44.813,1556.79,1554.7,0.0003250100,0.0000062500,0.2,29.3
2026-09-14T08:37:40.485+00:00,ASTER,ENTROPY,7.0062,0.2062,1556.19,0.04,1555.1,0.3257,1556.79,1555.0,0.0003250100,0.0000016861,0.2,242.6
2026-09-14T08:37:40.490+00:00,ASTER,HL,8.2278,1.4278,1556.28,3.04,1555.0,44.813,1556.79,1554.7,0.0003250100,0.0000062500,0.2,34.7
2026-09-14T08:37:40.490+00:00,ASTER,ENTROPY,7.5846,0.7846,1556.28,3.04,1555.1,0.3257,1556.79,1555.0,0.0003250100,0.0000016861,0.2,247.9
2026-09-14T08:37:40.528+00:00,ASTER,HL,7.6494,0.8494,1556.19,0.04,1555.0,44.813,1556.79,1554.7,0.0003250100,0.0000062500,0.2,73.3
2026-09-14T08:37:40.528+00:00,ASTER,ENTROPY,7.0062,0.2062,1556.19,0.04,1555.1,0.3257,1556.79,1555.0,0.0003250100,0.0000016861,0.2,286.5
2026-09-14T08:37:40.542+00:00,ASTER,HL,8.3564,1.5564,1556.3,3.04,1555.0,44.813,1556.79,1554.7,0.0003250100,0.0000062500,0.2,86.7
2026-09-14T08:37:40.542+00:00,ASTER,ENTROPY,7.7131,0.9131,1556.3,3.04,1555.1,0.3257,1556.79,1555.0,0.0003250100,0.0000016861,0.2,299.9
2026-09-14T08:37:40.608+00:00,ASTER,HL,8.3564,1.5564,1556.3,3.04,1555.0,40.08,1556.79,1554.7,0.0003250100,0.0000062500,66.8,0.3
2026-09-14T08:37:40.630+00:00,ASTER,HL,7.6494,0.8494,1556.19,0.04,1555.0,40.08,1556.79,1554.7,0.0003250100,0.0000062500,0.2,21.7
2026-09-14T08:37:40.630+00:00,ASTER,ENTROPY,7.0062,0.2062,1556.19,0.04,1555.1,0.3257,1556.79,1555.0,0.0003250100,0.0000016861,0.2,388.0
2026-09-14T08:37:40.645+00:00,ASTER,HL,8.5492,1.7492,1556.33,3.04,1555.0,40.08,1556.79,1554.7,0.0003250100,0.0000062500,0.2,37.1
2026-09-14T08:37:40.645+00:00,ASTER,ENTROPY,7.9059,1.1059,1556.33,3.04,1555.1,0.3257,1556.79,1555.0,0.0003250100,0.0000016861,0.2,403.4
2026-09-14T08:37:40.731+00:00,ASTER,HL,7.6494,0.8494,1556.19,0.04,1555.0,40.08,1556.79,1554.7,0.0003250100,0.0000062500,0.1,122.7
2026-09-14T08:37:40.731+00:00,ASTER,ENTROPY,7.0062,0.2062,1556.19,0.04,1555.1,0.3257,1556.79,1555.0,0.0003250100,0.0000016861,0.1,489.1
2026-09-14T08:37:40.752+00:00,ASTER,HL,8.8062,2.0062,1556.37,3.04,1555.0,40.08,1556.79,1554.7,0.0003250100,0.0000062500,0.2,143.6
2026-09-14T08:37:40.752+00:00,ASTER,ENTROPY,8.1629,1.3629,1556.37,3.04,1555.1,0.3257,1556.79,1555.0,0.0003250100,0.0000016861,0.2,509.9
2026-09-14T08:37:40.795+00:00,ASTER,HL,9.4492,2.6492,1556.37,3.04,1554.9,0.232,1556.79,1554.7,0.0003250100,0.0000062500,43.3,0.3
2026-09-14T08:37:40.841+00:00,ASTER,HL,9.4490,2.6490,1556.37,3.04,1554.9,2.912,1556.79,1554.8,0.0003250100,0.0000062500,90.0,0.2
2026-09-14T08:37:40.980+00:00,ASTER,HL,9.4490,2.6490,1556.37,3.04,1554.9,2.912,1556.79,1554.8,0.0003250100,0.0000062500,0.2,138.1
2026-09-14T08:37:40.980+00:00,ASTER,ENTROPY,8.1629,1.3629,1556.37,3.04,1555.1,0.3257,1556.79,1555.0,0.0003250100,0.0000016861,0.2,737.6
2026-09-14T08:37:40.995+00:00,ASTER,HL,9.4490,2.6490,1556.37,3.04,1554.9,3.912,1556.79,1554.8,0.0003250100,0.0000062500,15.5,0.3
2026-09-14T08:37:41.108+00:00,ASTER,HL,9.4490,2.6490,1556.37,3.04,1554.9,3.269,1556.79,1554.8,0.0003250100,0.0000062500,128.2,0.3
2026-09-14T08:37:41.214+00:00,ASTER,HL,9.4490,2.6490,1556.37,3.04,1554.9,0.232,1556.79,1554.8,0.0003250100,0.0000062500,234.4,0.2
2026-09-14T08:37:41.392+00:00,ASTER,HL,9.4490,2.6490,1556.37,3.04,1554.9,0.232,1556.79,1554.8,0.0003250100,0.0000062500,412.4,0.3
2026-09-14T08:37:41.593+00:00,ASTER,HL,9.4490,2.6490,1556.37,3.04,1554.9,1.232,1556.79,1554.8,0.0003250100,0.0000062500,614.4,0.3
2026-09-14T08:37:41.730+00:00,ASTER,HL,9.4490,2.6490,1556.37,3.04,1554.9,2.08,1556.79,1554.8,0.0003250100,0.0000062500,751.1,0.2
2026-09-14T08:37:42.001+00:00,ASTER,HL,9.4490,2.6490,1556.37,3.04,1554.9,1.232,1556.79,1554.8,0.0003250100,0.0000062500,1021.8,0.4
2026-09-14T08:37:42.405+00:00,ASTER,HL,9.4490,2.6490,1556.37,3.04,1554.9,1.232,1556.79,1554.8,0.0003250100,0.0000062500,1425.7,0.3
2026-09-14T08:37:42.581+00:00,ASTER,ENTROPY,8.1629,1.3629,1556.37,3.04,1555.1,0.3257,1556.79,1555.0,0.0003250100,0.0000016855,1601.8,0.3
2026-09-14T08:37:42.760+00:00,ASTER,HL,9.4490,2.6490,1556.37,3.04,1554.9,1.232,1556.79,1554.8,0.0003250100,0.0000062500,1780.5,0.3
2026-09-14T08:37:44.191+00:00,ASTER,HL,9.4490,2.6490,1556.37,3.04,1554.9,1.232,1556.78,1554.8,0.0003250100,0.0000062500,0.2,507.5
2026-09-14T08:37:44.191+00:00,ASTER,ENTROPY,8.1629,1.3629,1556.37,3.04,1555.1,0.3257,1556.78,1555.0,0.0003250100,0.0000016855,0.2,507.4
2026-09-14T08:37:44.385+00:00,ASTER,HL,9.4490,2.6490,1556.37,3.04,1554.9,1.232,1556.79,1554.8,0.0003250100,0.0000062500,0.2,701.2
2026-09-14T08:37:44.385+00:00,ASTER,ENTROPY,8.1629,1.3629,1556.37,3.04,1555.1,0.3257,1556.79,1555.0,0.0003250100,0.0000016855,0.2,701.2
2026-09-14T08:37:44.468+00:00,ASTER,HL,9.4490,2.6490,1556.37,3.04,1554.9,2.797,1556.79,1554.8,0.0003250100,0.0000062500,83.0,0.3
2026-09-14T08:37:44.468+00:00,ASTER,ENTROPY,8.1633,1.3633,1556.37,3.04,1555.1,0.3257,1556.79,1554.7,0.0003250100,0.0000016855,83.2,0.5
2026-09-14T08:37:44.513+00:00,ASTER,HL,9.4492,2.6492,1556.37,3.04,1554.9,2.797,1556.79,1554.7,0.0003250100,0.0000062500,128.0,0.3
2026-09-14T08:37:44.827+00:00,ASTER,HL,9.4492,2.6492,1556.37,3.04,1554.9,3.44,1556.79,1554.7,0.0003250100,0.0000062500,443.2,0.3
2026-09-14T08:37:44.828+00:00,ASTER,ENTROPY,8.1629,1.3629,1556.37,3.04,1555.1,0.3257,1556.79,1555.0,0.0003250100,0.0000016855,443.3,0.4
2026-09-14T08:37:44.882+00:00,ASTER,HL,9.4492,2.6492,1556.37,3.04,1554.9,3.349,1556.79,1554.7,0.0003250100,0.0000062500,497.7,0.3
2026-09-14T08:37:44.900+00:00,ASTER,HL,10.0921,3.2921,1556.37,3.04,1554.8,22.735,1556.79,1554.7,0.0003250100,0.0000062500,515.7,0.2
2026-09-14T08:37:45.089+00:00,ASTER,ENTROPY,6.8772,0.0772,1556.37,3.04,1555.3,0.1222,1556.79,1555.0,0.0003250100,0.0000016855,705.1,0.3
2026-09-14T08:37:45.352+00:00,ASTER,HL,10.0921,3.2921,1556.37,3.04,1554.8,23.378,1556.79,1554.7,0.0003250100,0.0000062500,967.4,0.3
2026-09-14T08:37:45.352+00:00,ASTER,ENTROPY,7.5201,0.7201,1556.37,3.04,1555.2,0.1134,1556.79,1555.0,0.0003250100,0.0000016855,967.6,0.4
2026-09-14T08:37:45.469+00:00,ASTER,ENTROPY,8.1629,1.3629,1556.37,3.04,1555.1,0.3689,1556.79,1555.0,0.0003250100,0.0000016855,1084.2,0.3
2026-09-14T08:37:45.589+00:00,ASTER,ENTROPY,8.1629,1.3629,1556.37,3.04,1555.1,0.6968,1556.79,1555.0,0.0003250100,0.0000016855,1205.2,0.3
2026-09-14T08:37:45.685+00:00,ASTER,HL,10.0921,3.2921,1556.37,3.04,1554.8,23.378,1556.79,1554.7,0.0003250100,0.0000062500,1301.0,0.3
2026-09-14T08:37:45.685+00:00,ASTER,ENTROPY,8.1632,1.3632,1556.37,3.04,1555.1,0.6968,1556.79,1554.8,0.0003250100,0.0000016855,1301.1,0.4
2026-09-14T08:37:45.967+00:00,ASTER,ENTROPY,8.1629,1.3629,1556.37,3.04,1555.1,0.6968,1556.79,1555.0,0.0003250100,0.0000016855,1581.6,0.3
2026-09-14T08:37:46.137+00:00,ASTER,HL,10.0921,3.2921,1556.37,3.04,1554.8,22.735,1556.79,1554.7,0.0003250100,0.0000062500,1752.3,0.2
2026-09-14T08:37:46.581+00:00,ASTER,HL,8.9353,2.1353,1556.19,0.04,1554.8,22.735,1556.79,1554.7,0.0003250100,0.0000062500,0.2,98.8
2026-09-14T08:37:46.581+00:00,ASTER,ENTROPY,7.0062,0.2062,1556.19,0.04,1555.1,0.3689,1556.79,1555.0,0.0003250100,0.0000016855,0.2,98.8
2026-09-14T08:37:46.593+00:00,ASTER,HL,10.1564,3.3564,1556.38,3.04,1554.8,22.735,1556.79,1554.7,0.0003250100,0.0000062500,0.2,110.5
2026-09-14T08:37:46.593+00:00,ASTER,ENTROPY,8.2272,1.4272,1556.38,3.04,1555.1,0.3689,1556.79,1555.0,0.0003250100,0.0000016855,0.2,110.5
2026-09-14T08:37:46.689+00:00,ASTER,HL,8.9353,2.1353,1556.19,0.04,1554.8,22.735,1556.79,1554.7,0.0003250100,0.0000062500,0.3,206.7
2026-09-14T08:37:46.689+00:00,ASTER,ENTROPY,7.0062,0.2062,1556.19,0.04,1555.1,0.3689,1556.79,1555.0,0.0003250100,0.0000016855,0.3,206.7
2026-09-14T08:37:46.690+00:00,ASTER,HL,8.9353,2.1353,1556.19,0.04,1554.8,22.735,1556.79,1554.7,0.0003250100,0.0000062500,0.4,206.9
2026-09-14T08:37:46.690+00:00,ASTER,ENTROPY,7.0062,0.2062,1556.19,0.04,1555.1,0.3689,1556.79,1555.0,0.0003250100,0.0000016855,0.4,206.9
2026-09-14T08:37:46.690+00:00,ASTER,HL,8.9353,2.1353,1556.19,0.04,1554.8,22.735,1556.84,1554.7,0.0003250100,0.0000062500,0.5,207.0
2026-09-14T08:37:46.690+00:00,ASTER,ENTROPY,7.0061,0.2061,1556.19,0.04,1555.1,0.3689,1556.84,1555.0,0.0003250100,0.0000016855,0.5,206.9
2026-09-14T08:37:46.695+00:00,ASTER,HL,10.2849,3.4849,1556.4,3.04,1554.8,22.735,1556.84,1554.7,0.0003250100,0.0000062500,0.1,212.5
2026-09-14T08:37:46.695+00:00,ASTER,ENTROPY,8.3556,1.5556,1556.4,3.04,1555.1,0.3689,1556.84,1555.0,0.0003250100,0.0000016855,0.1,212.5
2026-09-14T08:37:46.743+00:00,ASTER,ENTROPY,8.3556,1.5556,1556.4,3.04,1555.1,0.6054,1556.84,1555.0,0.0003250100,0.0000016855,47.7,0.3
2026-09-14T08:37:46.813+00:00,ASTER,HL,10.2849,3.4849,1556.4,3.04,1554.8,22.735,1556.84,1554.7,0.0003250100,0.0000062500,117.7,0.3
2026-09-14T08:37:46.813+00:00,ASTER,ENTROPY,8.3556,1.5556,1556.4,3.04,1555.1,0.3689,1556.84,1555.0,0.0003250100,0.0000016855,117.9,0.5
2026-09-14T08:37:46.925+00:00,ASTER,HL,9.1281,2.3281,1556.22,41.02,1554.8,22.735,1556.84,1554.7,0.0003250100,0.0000062500,0.2,113.4
2026-09-14T08:37:46.925+00:00,ASTER,ENTROPY,7.1989,0.3989,1556.22,41.02,1555.1,0.3689,1556.84,1555.0,0.0003250100,0.0000016855,0.2,113.4
2026-09-14T08:37:46.938+00:00,ASTER,HL,10.3491,3.5491,1556.41,3.04,1554.8,22.735,1556.84,1554.7,0.0003250100,0.0000062500,0.2,125.7
2026-09-14T08:37:46.938+00:00,ASTER,ENTROPY,8.4199,1.6199,1556.41,3.04,1555.1,0.3689,1556.84,1555.0,0.0003250100,0.0000016855,0.2,125.6
2026-09-14T08:37:46.938+00:00,ASTER,ENTROPY,8.4199,1.6199,1556.41,3.04,1555.1,0.5884,1556.84,1555.0,0.0003250100,0.0000016855,0.5,0.5
2026-09-14T08:37:46.959+00:00,ASTER,HL,10.3491,3.5491,1556.41,3.04,1554.8,22.735,1556.84,1554.7,0.0003250100,0.0000062500,20.8,0.2
2026-09-14T08:37:46.983+00:00,ASTER,HL,9.1281,2.3281,1556.22,41.02,1554.8,22.735,1556.84,1554.7,0.0003250100,0.0000062500,0.2,24.6
2026-09-14T08:37:46.983+00:00,ASTER,ENTROPY,7.1989,0.3989,1556.22,41.02,1555.1,0.5884,1556.84,1555.0,0.0003250100,0.0000016855,0.2,45.1
2026-09-14T08:37:46.987+00:00,ASTER,HL,9.1281,2.3281,1556.22,41.02,1554.8,22.735,1556.85,1554.7,0.0003250100,0.0000062500,0.1,28.8
2026-09-14T08:37:46.987+00:00,ASTER,ENTROPY,7.1989,0.3989,1556.22,41.02,1555.1,0.5884,1556.85,1555.0,0.0003250100,0.0000016855,0.1,49.4
2026-09-14T08:37:47.004+00:00,ASTER,HL,10.4776,3.6776,1556.43,3.04,1554.8,22.735,1556.85,1554.7,0.0003250100,0.0000062500,0.2,45.6
2026-09-14T08:37:47.004+00:00,ASTER,ENTROPY,8.5484,1.7484,1556.43,3.04,1555.1,0.5884,1556.85,1555.0,0.0003250100,0.0000016855,0.2,66.2
2026-09-14T08:37:47.096+00:00,ASTER,HL,10.4776,3.6776,1556.43,3.04,1554.8,22.735,1556.84,1554.7,0.0003250100,0.0000062500,0.2,137.6
2026-09-14T08:37:47.096+00:00,ASTER,ENTROPY,8.5484,1.7484,1556.43,3.04,1555.1,0.5884,1556.84,1555.0,0.0003250100,0.0000016855,0.2,158.2
2026-09-14T08:37:47.116+00:00,ASTER,HL,10.4776,3.6776,1556.43,3.04,1554.8,22.735,1556.84,1554.7,0.0003250100,0.0000062500,19.6,0.4
2026-09-14T08:37:47.116+00:00,ASTER,ENTROPY,8.5484,1.7484,1556.43,3.04,1555.1,0.3689,1556.84,1555.0,0.0003250100,0.0000016855,19.7,0.5
2026-09-14T08:37:47.132+00:00,ASTER,HL,10.4776,3.6776,1556.43,3.04,1554.8,22.735,1556.85,1554.7,0.0003250100,0.0000062500,0.1,17.3
2026-09-14T08:37:47.132+00:00,ASTER,ENTROPY,8.5484,1.7484,1556.43,3.04,1555.1,0.3689,1556.85,1555.0,0.0003250100,0.0000016866,0.1,17.2
2026-09-14T08:37:47.141+00:00,ASTER,HL,9.1281,2.3281,1556.22,41.02,1554.8,22.735,1556.85,1554.7,0.0003250100,0.0000062500,0.2,26.1
2026-09-14T08:37:47.141+00:00,ASTER,ENTROPY,7.1989,0.3989,1556.22,41.02,1555.1,0.3689,1556.85,1555.0,0.0003250100,0.0000016866,0.2,26.0
2026-09-14T08:37:47.144+00:00,ASTER,HL,9.1281,2.3281,1556.22,36.89,1554.8,22.735,1556.85,1554.7,0.0003250100,0.0000062500,0.1,29.9
2026-09-14T08:37:47.144+00:00,ASTER,ENTROPY,7.1989,0.3989,1556.22,36.89,1555.1,0.3689,1556.85,1555.0,0.0003250100,0.0000016866,0.1,29.8
2026-09-14T08:37:47.145+00:00,ASTER,HL,9.1281,2.3281,1556.22,20.51,1554.8,22.735,1556.85,1554.7,0.0003250100,0.0000062500,0.6,30.4
2026-09-14T08:37:47.145+00:00,ASTER,ENTROPY,7.1989,0.3989,1556.22,20.51,1555.1,0.3689,1556.85,1555.0,0.0003250100,0.0000016866,0.6,30.4
2026-09-14T08:37:47.145+00:00,ASTER,HL,9.1281,2.3281,1556.22,16.38,1554.8,22.735,1556.85,1554.7,0.0003250100,0.0000062500,0.7,30.5
2026-09-14T08:37:47.145+00:00,ASTER,ENTROPY,7.1989,0.3989,1556.22,16.38,1555.1,0.3689,1556.85,1555.0,0.0003250100,0.0000016866,0.7,30.4
2026-09-14T08:37:47.145+00:00,ASTER,HL,8.9353,2.1353,1556.19,0.04,1554.8,22.735,1556.85,1554.7,0.0003250100,0.0000062500,0.7,30.5
2026-09-14T08:37:47.145+00:00,ASTER,ENTROPY,7.0061,0.2061,1556.19,0.04,1555.1,0.3689,1556.85,1555.0,0.0003250100,0.0000016866,0.7,30.4
2026-09-14T08:37:47.151+00:00,ASTER,HL,10.7989,3.9989,1556.48,3.04,1554.8,22.735,1556.85,1554.7,0.0003250100,0.0000062500,0.1,36.4
2026-09-14T08:37:47.151+00:00,ASTER,ENTROPY,8.8697,2.0697,1556.48,3.04,1555.1,0.3689,1556.85,1555.0,0.0003250100,0.0000016866,0.1,36.3
2026-09-14T08:37:47.151+00:00,ASTER,HL,10.9275,4.1275,1556.5,3.04,1554.8,22.735,1556.85,1554.7,0.0003250100,0.0000062500,0.1,36.4
2026-09-14T08:37:47.151+00:00,ASTER,ENTROPY,8.9982,2.1982,1556.5,3.04,1555.1,0.3689,1556.85,1555.0,0.0003250100,0.0000016866,0.1,36.4
2026-09-14T08:37:47.232+00:00,ASTER,HL,10.7989,3.9989,1556.48,3.04,1554.8,22.735,1556.85,1554.7,0.0003250100,0.0000062500,0.3,116.6
2026-09-14T08:37:47.232+00:00,ASTER,ENTROPY,8.8697,2.0697,1556.48,3.04,1555.1,0.3689,1556.85,1555.0,0.0003250100,0.0000016866,0.3,116.5
2026-09-14T08:37:47.237+00:00,ASTER,HL,9.7707,2.9707,1556.32,37.18,1554.8,22.735,1556.85,1554.7,0.0003250100,0.0000062500,0.1,121.9
2026-09-14T08:37:47.237+00:00,ASTER,ENTROPY,7.8415,1.0415,1556.32,37.18,1555.1,0.3689,1556.85,1555.0,0.0003250100,0.0000016866,0.1,121.9
2026-09-14T08:37:47.243+00:00,ASTER,HL,11.0560,4.2560,1556.52,3.04,1554.8,22.735,1556.85,1554.7,0.0003250100,0.0000062500,0.2,127.7
2026-09-14T08:37:47.243+00:00,ASTER,ENTROPY,9.1267,2.3267,1556.52,3.04,1555.1,0.3689,1556.85,1555.0,0.0003250100,0.0000016866,0.2,127.7
2026-09-14T08:37:47.336+00:00,ASTER,HL,11.0560,4.2560,1556.52,3.04,1554.8,22.675,1556.85,1554.7,0.0003250100,0.0000062500,93.4,0.3
2026-09-14T08:37:47.364+00:00,ASTER,HL,9.7707,2.9707,1556.32,37.18,1554.8,22.675,1556.85,1554.7,0.0003250100,0.0000062500,0.2,28.3
2026-09-14T08:37:47.364+00:00,ASTER,ENTROPY,7.8415,1.0415,1556.32,37.18,1555.1,0.3689,1556.85,1555.0,0.0003250100,0.0000016866,0.2,248.9
2026-09-14T08:37:47.365+00:00,ASTER,HL,9.7707,2.9707,1556.32,34.97,1554.8,22.675,1556.85,1554.7,0.0003250100,0.0000062500,0.3,28.4
2026-09-14T08:37:47.365+00:00,ASTER,ENTROPY,7.8415,1.0415,1556.32,34.97,1555.1,0.3689,1556.85,1555.0,0.0003250100,0.0000016866,0.3,249.1
2026-09-14T08:37:47.365+00:00,ASTER,HL,9.7707,2.9707,1556.32,18.59,1554.8,22.675,1556.85,1554.7,0.0003250100,0.0000062500,0.4,28.5
2026-09-14T08:37:47.365+00:00,ASTER,ENTROPY,7.8415,1.0415,1556.32,18.59,1555.1,0.3689,1556.85,1555.0,0.0003250100,0.0000016866,0.4,249.1
2026-09-14T08:37:47.365+00:00,ASTER,HL,9.7707,2.9707,1556.32,16.38,1554.8,22.675,1556.85,1554.7,0.0003250100,0.0000062500,0.4,28.5
2026-09-14T08:37:47.365+00:00,ASTER,ENTROPY,7.8415,1.0415,1556.32,16.38,1555.1,0.3689,1556.85,1555.0,0.0003250100,0.0000016866,0.4,249.1
2026-09-14T08:37:47.365+00:00,ASTER,HL,8.9353,2.1353,1556.19,0.04,1554.8,22.675,1556.85,1554.7,0.0003250100,0.0000062500,0.4,28.5
2026-09-14T08:37:47.365+00:00,ASTER,ENTROPY,7.0061,0.2061,1556.19,0.04,1555.1,0.3689,1556.85,1555.0,0.0003250100,0.0000016866,0.4,249.1
2026-09-14T08:37:47.365+00:00,ASTER,HL,11.1845,4.3845,1556.54,3.04,1554.8,22.675,1556.85,1554.7,0.0003250100,0.0000062500,0.4,28.5
2026-09-14T08:37:47.365+00:00,ASTER,ENTROPY,9.2553,2.4553,1556.54,3.04,1555.1,0.3689,1556.85,1555.0,0.0003250100,0.0000016866,0.4,249.2
2026-09-14T08:37:47.365+00:00,ASTER,HL,11.3773,4.5773,1556.57,3.04,1554.8,22.675,1556.85,1554.7,0.0003250100,0.0000062500,0.4,28.6
2026-09-14T08:37:47.365+00:00,ASTER,ENTROPY,9.4480,2.6480,1556.57,3.04,1555.1,0.3689,1556.85,1555.0,0.0003250100,0.0000016866,0.4,249.2
2026-09-14T08:37:47.365+00:00,ASTER,HL,11.5701,4.7701,1556.6,3.04,1554.8,22.675,1556.85,1554.7,0.0003250100,0.0000062500,0.5,28.6
2026-09-14T08:37:47.365+00:00,ASTER,ENTROPY,9.6408,2.8408,1556.6,3.04,1555.1,0.3689,1556.85,1555.0,0.0003250100,0.0000016866,0.5,249.2
2026-09-14T08:37:47.479+00:00,ASTER,HL,10.0278,3.2278,1556.36,50.79,1554.8,22.675,1556.85,1554.7,0.0003250100,0.0000062500,0.2,143.4
2026-09-14T08:37:47.479+00:00,ASTER,ENTROPY,8.0986,1.2986,1556.36,50.79,1555.1,0.3689,1556.85,1555.0,0.0003250100,0.0000016866,0.2,364.0
2026-09-14T08:37:47.481+00:00,ASTER,HL,8.7416,1.9416,1556.36,50.79,1555.0,23.542,1556.85,1554.9,0.0003250100,0.0000062500,2.1,0.2
2026-09-14T08:37:47.481+00:00,ASTER,ENTROPY,7.4557,0.6557,1556.36,50.79,1555.2,0.1134,1556.85,1555.0,0.0003250100,0.0000016866,2.3,0.3
2026-09-14T08:37:47.485+00:00,ASTER,HL,10.5409,3.7409,1556.64,3.04,1555.0,23.542,1556.85,1554.9,0.0003250100,0.0000062500,0.2,4.1
2026-09-14T08:37:47.485+00:00,ASTER,ENTROPY,9.2550,2.4550,1556.64,3.04,1555.2,0.1134,1556.85,1555.0,0.0003250100,0.0000016866,0.2,4.1
2026-09-14T08:37:47.542+00:00,ASTER,HL,10.5409,3.7409,1556.64,3.04,1555.0,23.542,1556.85,1554.9,0.0003250100,0.0000062500,57.0,0.2
2026-09-14T08:37:47.686+00:00,ASTER,HL,10.5409,3.7409,1556.64,3.04,1555.0,21.735,1556.85,1554.9,0.0003250100,0.0000062500,201.5,0.3
2026-09-14T08:37:47.776+00:00,ASTER,HL,10.5406,3.7406,1556.64,3.04,1555.0,21.735,1557.0,1554.9,0.0003250100,0.0000062500,0.2,89.4
2026-09-14T08:37:47.776+00:00,ASTER,ENTROPY,9.2547,2.4547,1556.64,3.04,1555.2,0.1134,1557.0,1555.0,0.0003250100,0.0000016866,0.2,294.5
2026-09-14T08:37:47.776+00:00,ASTER,HL,8.8699,2.0699,1556.38,49.92,1555.0,21.735,1557.0,1554.9,0.0003250100,0.0000062500,0.4,89.5
2026-09-14T08:37:47.776+00:00,ASTER,ENTROPY,7.5841,0.7841,1556.38,49.92,1555.2,0.1134,1557.0,1555.0,0.0003250100,0.0000016866,0.4,294.6
2026-09-14T08:37:47.787+00:00,ASTER,HL,10.7334,3.9334,1556.67,3.04,1555.0,21.735,1557.0,1554.9,0.0003250100,0.0000062500,0.2,101.9
2026-09-14T08:37:47.787+00:00,ASTER,ENTROPY,9.4475,2.6475,1556.67,3.04,1555.2,0.1134,1557.0,1555.0,0.0003250100,0.0000016866,0.2,307.0
2026-09-14T08:37:47.845+00:00,ASTER,HL,8.7414,1.9414,1556.36,0.04,1555.0,21.735,1557.0,1554.9,0.0003250100,0.0000062500,0.2,159.2
2026-09-14T08:37:47.845+00:00,ASTER,ENTROPY,7.4555,0.6555,1556.36,0.04,1555.2,0.1134,1557.0,1555.0,0.0003250100,0.0000016866,0.2,364.3
2026-09-14T08:37:47.847+00:00,ASTER,HL,11.3117,4.5117,1556.76,3.04,1555.0,21.735,1557.0,1554.9,0.0003250100,0.0000062500,0.1,161.0
2026-09-14T08:37:47.847+00:00,ASTER,ENTROPY,10.0258,3.2258,1556.76,3.04,1555.2,0.1134,1557.0,1555.0,0.0003250100,0.0000016866,0.1,366.1
2026-09-14T08:37:47.893+00:00,ASTER,HL,11.3117,4.5117,1556.76,3.04,1555.0,21.735,1557.0,1554.9,0.0003250100,0.0000062500,46.1,0.7
2026-09-14T08:37:47.893+00:00,ASTER,ENTROPY,10.0256,3.2256,1556.76,3.04,1555.2,0.1134,1557.0,1555.1,0.0003250100,0.0000016866,46.3,0.8
2026-09-14T08:37:48.127+00:00,ASTER,HL,10.6688,3.8688,1556.76,3.04,1555.1,1.0,1557.0,1554.9,0.0003250100,0.0000062500,279.6,0.4
2026-09-14T08:37:48.145+00:00,ASTER,HL,10.6686,3.8686,1556.76,3.04,1555.1,1.0,1557.0,1555.0,0.0003250100,0.0000062500,297.6,0.2
2026-09-14T08:37:48.183+00:00,ASTER,HL,10.6684,3.8684,1556.76,3.04,1555.1,1.0,1557.15,1555.0,0.0003250100,0.0000062500,0.3,38.8
2026-09-14T08:37:48.183+00:00,ASTER,ENTROPY,10.0254,3.2254,1556.76,3.04,1555.2,0.1134,1557.15,1555.1,0.0003250100,0.0000016866,0.3,290.7
2026-09-14T08:37:48.197+00:00,ASTER,HL,10.6684,3.8684,1556.76,3.04,1555.1,1.0,1557.15,1555.0,0.0003250100,0.0000062500,0.2,52.2
2026-09-14T08:37:48.197+00:00,ASTER,ENTROPY,10.0254,3.2254,1556.76,3.04,1555.2,0.1134,1557.15,1555.1,0.0003250100,0.0000016866,0.2,304.1
2026-09-14T08:37:48.197+00:00,ASTER,HL,10.6683,3.8683,1556.76,3.04,1555.1,1.0,1557.18,1555.0,0.0003250100,0.0000062500,0.3,52.3
2026-09-14T08:37:48.197+00:00,ASTER,ENTROPY,10.0253,3.2253,1556.76,3.04,1555.2,0.1134,1557.18,1555.1,0.0003250100,0.0000016866,0.3,304.2
2026-09-14T08:37:48.263+00:00,ASTER,HL,10.6683,3.8683,1556.76,3.04,1555.1,1.0,1557.18,1555.0,0.0003250100,0.0000062500,0.2,119.3
2026-09-14T08:37:48.263+00:00,ASTER,ENTROPY,10.0253,3.2253,1556.76,3.04,1555.2,0.1134,1557.18,1555.1,0.0003250100,0.0000016866,0.2,371.3
2026-09-14T08:37:48.264+00:00,ASTER,HL,10.6683,3.8683,1556.76,3.04,1555.1,1.0,1557.18,1555.0,0.0003250100,0.0000062500,1.0,120.1
2026-09-14T08:37:48.264+00:00,ASTER,ENTROPY,10.0253,3.2253,1556.76,3.04,1555.2,0.1134,1557.18,1555.1,0.0003250100,0.0000016866,1.0,372.1
2026-09-14T08:37:48.315+00:00,ASTER,HL,10.6683,3.8683,1556.76,3.04,1555.1,1.0,1557.18,1555.0,0.0003250100,0.0000062500,50.7,0.2
2026-09-14T08:37:48.335+00:00,ASTER,HL,10.0255,3.2255,1556.76,3.04,1555.2,24.499,1557.18,1555.0,0.0003250100,0.0000062500,72.3,0.2
2026-09-14T08:37:48.380+00:00,ASTER,HL,8.6119,1.8119,1556.54,44.55,1555.2,24.499,1557.18,1555.0,0.0003250100,0.0000062500,0.2,44.1
2026-09-14T08:37:48.380+00:00,ASTER,ENTROPY,8.6118,1.8118,1556.54,44.55,1555.2,0.1134,1557.18,1555.1,0.0003250100,0.0000016866,0.2,487.3
2026-09-14T08:37:48.409+00:00,ASTER,HL,8.6119,1.8119,1556.54,44.55,1555.2,24.499,1557.18,1555.0,0.0003250100,0.0000062500,0.2,73.3
2026-09-14T08:37:48.409+00:00,ASTER,ENTROPY,8.6118,1.8118,1556.54,44.55,1555.2,0.1134,1557.18,1555.1,0.0003250100,0.0000016866,0.2,516.5
2026-09-14T08:37:48.409+00:00,ASTER,HL,8.6119,1.8119,1556.54,38.31,1555.2,24.499,1557.18,1555.0,0.0003250100,0.0000062500,0.3,73.5
2026-09-14T08:37:48.409+00:00,ASTER,ENTROPY,8.6118,1.8118,1556.54,38.31,1555.2,0.1134,1557.18,1555.1,0.0003250100,0.0000016866,0.3,516.7
2026-09-14T08:37:48.409+00:00,ASTER,HL,8.6119,1.8119,1556.54,21.93,1555.2,24.499,1557.18,1555.0,0.0003250100,0.0000062500,0.4,73.5
2026-09-14T08:37:48.409+00:00,ASTER,ENTROPY,8.6118,1.8118,1556.54,21.93,1555.2,0.1134,1557.18,1555.1,0.0003250100,0.0000016866,0.4,516.7
2026-09-14T08:37:48.409+00:00,ASTER,HL,8.6119,1.8119,1556.54,21.93,1555.2,24.499,1557.18,1555.0,0.0003250100,0.0000062500,0.4,73.5
2026-09-14T08:37:48.409+00:00,ASTER,ENTROPY,8.6118,1.8118,1556.54,21.93,1555.2,0.1134,1557.18,1555.1,0.0003250100,0.0000016866,0.4,516.7
2026-09-14T08:37:48.409+00:00,ASTER,HL,8.6119,1.8119,1556.54,16.38,1555.2,24.499,1557.18,1555.0,0.0003250100,0.0000062500,0.4,73.6
2026-09-14T08:37:48.409+00:00,ASTER,ENTROPY,8.6118,1.8118,1556.54,16.38,1555.2,0.1134,1557.18,1555.1,0.0003250100,0.0000016866,0.4,516.7
2026-09-14T08:37:48.409+00:00,ASTER,HL,7.4553,0.6553,1556.36,0.05,1555.2,24.499,1557.18,1555.0,0.0003250100,0.0000062500,0.4,73.6
2026-09-14T08:37:48.409+00:00,ASTER,ENTROPY,7.4552,0.6552,1556.36,0.05,1555.2,0.1134,1557.18,1555.1,0.0003250100,0.0000016866,0.4,516.8
2026-09-14T08:37:48.409+00:00,ASTER,HL,7.4553,0.6553,1556.36,0.05,1555.2,24.499,1557.17,1555.0,0.0003250100,0.0000062500,0.4,73.6
2026-09-14T08:37:48.409+00:00,ASTER,ENTROPY,7.4552,0.6552,1556.36,0.05,1555.2,0.1134,1557.17,1555.1,0.0003250100,0.0000016866,0.4,516.8
2026-09-14T08:37:48.409+00:00,ASTER,HL,7.4554,0.6554,1556.36,0.05,1555.2,24.499,1557.13,1555.0,0.0003250100,0.0000062500,0.5,73.6
2026-09-14T08:37:48.409+00:00,ASTER,ENTROPY,7.4553,0.6553,1556.36,0.05,1555.2,0.1134,1557.13,1555.1,0.0003250100,0.0000016866,0.5,516.8
2026-09-14T08:37:48.416+00:00,ASTER,HL,7.4554,0.6554,1556.36,0.05,1555.2,21.735,1557.13,1555.0,0.0003250100,0.0000062500,6.9,0.2
2026-09-14T08:37:48.417+00:00,ASTER,HL,7.4554,0.6554,1556.36,0.05,1555.2,21.735,1557.1,1555.0,0.0003250100,0.0000062500,0.9,1.0
2026-09-14T08:37:48.417+00:00,ASTER,ENTROPY,7.4553,0.6553,1556.36,0.05,1555.2,0.1134,1557.1,1555.1,0.0003250100,0.0000016866,0.9,524.1
2026-09-14T08:37:48.417+00:00,ASTER,HL,8.0980,1.2980,1556.46,3.41,1555.2,21.735,1557.1,1555.0,0.0003250100,0.0000062500,1.0,1.1
2026-09-14T08:37:48.417+00:00,ASTER,ENTROPY,8.0979,1.2979,1556.46,3.41,1555.2,0.1134,1557.1,1555.1,0.0003250100,0.0000016866,1.0,524.1
2026-09-14T08:37:48.417+00:00,ASTER,HL,8.0980,1.2980,1556.46,3.41,1555.2,21.735,1557.1,1555.0,0.0003250100,0.0000062500,1.0,1.2
2026-09-14T08:37:48.417+00:00,ASTER,ENTROPY,8.0979,1.2979,1556.46,3.41,1555.2,0.1134,1557.1,1555.1,0.0003250100,0.0000016866,1.0,524.2
2026-09-14T08:37:48.417+00:00,ASTER,HL,8.0980,1.2980,1556.46,19.79,1555.2,21.735,1557.1,1555.0,0.0003250100,0.0000062500,1.1,1.2
2026-09-14T08:37:48.417+00:00,ASTER,ENTROPY,8.0979,1.2979,1556.46,19.79,1555.2,0.1134,1557.1,1555.1,0.0003250100,0.0000016866,1.1,524.2
2026-09-14T08:37:48.417+00:00,ASTER,HL,8.0980,1.2980,1556.46,19.79,1555.2,21.735,1557.1,1555.0,0.0003250100,0.0000062500,1.1,1.2
2026-09-14T08:37:48.417+00:00,ASTER,ENTROPY,8.0979,1.2979,1556.46,19.79,1555.2,0.1134,1557.1,1555.1,0.0003250100,0.0000016866,1.1,524.3
2026-09-14T08:37:48.417+00:00,ASTER,HL,8.0980,1.2980,1556.46,23.2,1555.2,21.735,1557.1,1555.0,0.0003250100,0.0000062500,1.1,1.3
2026-09-14T08:37:48.417+00:00,ASTER,ENTROPY,8.0979,1.2979,1556.46,23.2,1555.2,0.1134,1557.1,1555.1,0.0003250100,0.0000016866,1.1,524.3
2026-09-14T08:37:48.417+00:00,ASTER,HL,8.0980,1.2980,1556.46,23.2,1555.2,21.735,1557.1,1555.0,0.0003250100,0.0000062500,1.2,1.3
2026-09-14T08:37:48.417+00:00,ASTER,ENTROPY,8.0979,1.2979,1556.46,23.2,1555.2,0.1134,1557.1,1555.1,0.0003250100,0.0000016866,1.2,524.3
2026-09-14T08:37:48.417+00:00,ASTER,HL,8.0980,1.2980,1556.46,39.58,1555.2,21.735,1557.1,1555.0,0.0003250100,0.0000062500,1.2,1.3
2026-09-14T08:37:48.417+00:00,ASTER,ENTROPY,8.0979,1.2979,1556.46,39.58,1555.2,0.1134,1557.1,1555.1,0.0003250100,0.0000016866,1.2,524.4
2026-09-14T08:37:48.433+00:00,ASTER,HL,8.0980,1.2980,1556.46,23.2,1555.2,21.735,1557.1,1555.0,0.0003250100,0.0000062500,0.2,17.0
2026-09-14T08:37:48.433+00:00,ASTER,ENTROPY,8.0979,1.2979,1556.46,23.2,1555.2,0.1134,1557.1,1555.1,0.0003250100,0.0000016866,0.2,540.0
2026-09-14T08:37:48.433+00:00,ASTER,HL,8.0980,1.2980,1556.46,6.82,1555.2,21.735,1557.1,1555.0,0.0003250100,0.0000062500,0.3,17.1
2026-09-14T08:37:48.433+00:00,ASTER,ENTROPY,8.0979,1.2979,1556.46,6.82,1555.2,0.1134,1557.1,1555.1,0.0003250100,0.0000016866,0.3,540.1
2026-09-14T08:37:48.502+00:00,ASTER,HL,8.0980,1.2980,1556.46,6.82,1555.2,21.735,1557.1,1555.0,0.0003250100,0.0000062500,0.2,86.4
2026-09-14T08:37:48.502+00:00,ASTER,ENTROPY,8.0979,1.2979,1556.46,6.82,1555.2,0.1134,1557.1,1555.1,0.0003250100,0.0000016866,0.2,609.4
2026-09-14T08:37:48.502+00:00,ASTER,HL,8.0980,1.2980,1556.46,3.41,1555.2,21.735,1557.1,1555.0,0.0003250100,0.0000062500,0.3,86.6
2026-09-14T08:37:48.502+00:00,ASTER,ENTROPY,8.0979,1.2979,1556.46,3.41,1555.2,0.1134,1557.1,1555.1,0.0003250100,0.0000016866,0.3,609.6
2026-09-14T08:37:48.502+00:00,ASTER,HL,8.0980,1.2980,1556.46,3.41,1555.2,21.735,1557.1,1555.0,0.0003250100,0.0000062500,0.4,86.6
2026-09-14T08:37:48.502+00:00,ASTER,ENTROPY,8.0979,1.2979,1556.46,3.41,1555.2,0.1134,1557.1,1555.1,0.0003250100,0.0000016866,0.4,609.6
2026-09-14T08:37:48.502+00:00,ASTER,HL,8.0980,1.2980,1556.46,3.41,1555.2,21.735,1557.1,1555.0,0.0003250100,0.0000062500,0.4,86.7
2026-09-14T08:37:48.502+00:00,ASTER,ENTROPY,8.0979,1.2979,1556.46,3.41,1555.2,0.1134,1557.1,1555.1,0.0003250100,0.0000016866,0.4,609.7
2026-09-14T08:37:48.502+00:00,ASTER,HL,7.4554,0.6554,1556.36,0.05,1555.2,21.735,1557.1,1555.0,0.0003250100,0.0000062500,0.4,86.7
2026-09-14T08:37:48.502+00:00,ASTER,ENTROPY,7.4553,0.6553,1556.36,0.05,1555.2,0.1134,1557.1,1555.1,0.0003250100,0.0000016866,0.4,609.7
2026-09-14T08:37:48.502+00:00,ASTER,HL,7.4553,0.6553,1556.36,0.05,1555.2,21.735,1557.18,1555.0,0.0003250100,0.0000062500,0.5,86.7
2026-09-14T08:37:48.502+00:00,ASTER,ENTROPY,7.4552,0.6552,1556.36,0.05,1555.2,0.1134,1557.18,1555.1,0.0003250100,0.0000016866,0.5,609.7
2026-09-14T08:37:48.502+00:00,ASTER,HL,7.4555,0.6555,1556.36,0.05,1555.2,21.735,1557.03,1555.0,0.0003250100,0.0000062500,0.5,86.7
2026-09-14T08:37:48.502+00:00,ASTER,ENTROPY,7.4554,0.6554,1556.36,0.05,1555.2,0.1134,1557.03,1555.1,0.0003250100,0.0000016866,0.5,609.7
2026-09-14T08:37:48.502+00:00,ASTER,HL,7.4556,0.6556,1556.36,0.05,1555.2,21.735,1556.97,1555.0,0.0003250100,0.0000062500,0.5,86.8
2026-09-14T08:37:48.502+00:00,ASTER,ENTROPY,7.4555,0.6555,1556.36,0.05,1555.2,0.1134,1556.97,1555.1,0.0003250100,0.0000016866,0.5,609.8
2026-09-14T08:37:48.502+00:00,ASTER,HL,7.5841,0.7841,1556.38,1.62,1555.2,21.735,1556.97,1555.0,0.0003250100,0.0000062500,0.5,86.8
2026-09-14T08:37:48.502+00:00,ASTER,ENTROPY,7.5840,0.7840,1556.38,1.62,1555.2,0.1134,1556.97,1555.1,0.0003250100,0.0000016866,0.5,609.8
2026-09-14T08:37:48.502+00:00,ASTER,HL,7.5841,0.7841,1556.38,3.24,1555.2,21.735,1556.97,1555.0,0.0003250100,0.0000062500,0.6,86.8
2026-09-14T08:37:48.502+00:00,ASTER,ENTROPY,7.5840,0.7840,1556.38,3.24,1555.2,0.1134,1556.97,1555.1,0.0003250100,0.0000016866,0.6,609.8
2026-09-14T08:37:48.502+00:00,ASTER,HL,8.5480,1.7480,1556.53,3.04,1555.2,21.735,1556.97,1555.0,0.0003250100,0.0000062500,0.6,86.8
2026-09-14T08:37:48.502+00:00,ASTER,ENTROPY,8.5478,1.7478,1556.53,3.04,1555.2,0.1134,1556.97,1555.1,0.0003250100,0.0000016866,0.6,609.9
2026-09-14T08:37:48.502+00:00,ASTER,HL,8.9335,2.1335,1556.59,3.04,1555.2,21.735,1556.97,1555.0,0.0003250100,0.0000062500,0.6,86.9
2026-09-14T08:37:48.502+00:00,ASTER,ENTROPY,8.9334,2.1334,1556.59,3.04,1555.2,0.1134,1556.97,1555.1,0.0003250100,0.0000016866,0.6,609.9
2026-09-14T08:37:48.548+00:00,ASTER,HL,8.2905,1.4905,1556.59,3.04,1555.3,4.507,1556.97,1555.1,0.0003250100,0.0000062500,46.4,0.5
2026-09-14T08:37:48.560+00:00,ASTER,HL,8.2904,1.4904,1556.59,3.04,1555.3,5.479,1556.97,1555.2,0.0003250100,0.0000062500,58.7,0.2
2026-09-14T08:37:48.561+00:00,ASTER,ENTROPY,8.9334,2.1334,1556.59,3.04,1555.2,0.1417,1556.97,1555.1,0.0003250100,0.0000016866,58.8,0.4
2026-09-14T08:37:48.687+00:00,ASTER,HL,6.9410,0.1410,1556.38,3.24,1555.3,5.479,1556.97,1555.2,0.0003250100,0.0000062500,0.3,126.5
2026-09-14T08:37:48.687+00:00,ASTER,ENTROPY,7.5840,0.7840,1556.38,3.24,1555.2,0.1417,1556.97,1555.1,0.0003250100,0.0000016866,0.3,126.5
2026-09-14T08:37:48.698+00:00,ASTER,HL,6.9412,0.1412,1556.38,3.24,1555.3,10.172,1556.97,1555.1,0.0003250100,0.0000062500,11.7,0.2
2026-09-14T08:37:48.698+00:00,ASTER,ENTROPY,7.5840,0.7840,1556.38,3.24,1555.2,0.3278,1556.97,1555.1,0.0003250100,0.0000016866,11.8,0.3
2026-09-14T08:37:48.698+00:00,ASTER,HL,6.9412,0.1412,1556.38,1.62,1555.3,10.172,1556.97,1555.1,0.0003250100,0.0000062500,0.3,0.4
2026-09-14T08:37:48.698+00:00,ASTER,ENTROPY,7.5840,0.7840,1556.38,1.62,1555.2,0.3278,1556.97,1555.1,0.0003250100,0.0000016866,0.3,0.3
2026-09-14T08:37:48.698+00:00,ASTER,HL,6.9412,0.1412,1556.38,1.62,1555.3,10.172,1556.96,1555.1,0.0003250100,0.0000062500,0.3,0.4
2026-09-14T08:37:48.698+00:00,ASTER,ENTROPY,7.5840,0.7840,1556.38,1.62,1555.2,0.3278,1556.96,1555.1,0.0003250100,0.0000016866,0.3,0.4
2026-09-14T08:37:48.706+00:00,ASTER,HL,6.9412,0.1412,1556.38,1.62,1555.3,10.172,1556.92,1555.1,0.0003250100,0.0000062500,0.2,8.4
2026-09-14T08:37:48.706+00:00,ASTER,ENTROPY,7.5840,0.7840,1556.38,1.62,1555.2,0.3278,1556.92,1555.1,0.0003250100,0.0000016866,0.2,8.4
2026-09-14T08:37:48.741+00:00,ASTER,HL,6.9411,0.1411,1556.38,1.62,1555.3,10.172,1557.02,1555.1,0.0003250100,0.0000062500,0.8,43.7
2026-09-14T08:37:48.741+00:00,ASTER,ENTROPY,7.5839,0.7839,1556.38,1.62,1555.2,0.3278,1557.02,1555.1,0.0003250100,0.0000016866,0.8,43.7
2026-09-14T08:37:48.743+00:00,ASTER,HL,6.9411,0.1411,1556.38,1.62,1555.3,10.172,1557.02,1555.1,0.0003250100,0.0000062500,0.1,45.4
2026-09-14T08:37:48.743+00:00,ASTER,ENTROPY,7.5839,0.7839,1556.38,1.62,1555.2,0.3278,1557.02,1555.1,0.0003250100,0.0000016866,0.1,45.3
2026-09-14T08:37:48.745+00:00,ASTER,ENTROPY,7.1342,0.3342,1556.31,1.53,1555.2,0.3278,1556.95,1555.1,0.0003250100,0.0000016866,0.1,47.3
2026-09-14T08:37:48.745+00:00,ASTER,ENTROPY,7.1342,0.3342,1556.31,1.53,1555.2,0.3278,1556.95,1555.1,0.0003250100,0.0000016866,0.1,47.3
2026-09-14T08:37:48.783+00:00,ASTER,ENTROPY,7.1342,0.3342,1556.31,1.53,1555.2,0.3278,1556.95,1555.1,0.0003250100,0.0000016866,0.3,85.3
2026-09-14T08:37:48.785+00:00,ASTER,HL,7.5195,0.7195,1556.47,3.04,1555.3,10.172,1556.95,1555.1,0.0003250100,0.0000062500,0.1,87.6
2026-09-14T08:37:48.785+00:00,ASTER,ENTROPY,8.1623,1.3623,1556.47,3.04,1555.2,0.3278,1556.95,1555.1,0.0003250100,0.0000016866,0.1,87.6
2026-09-14T08:37:48.786+00:00,ASTER,HL,7.5195,0.7195,1556.47,3.04,1555.3,10.172,1556.95,1555.1,0.0003250100,0.0000062500,0.2,87.7
2026-09-14T08:37:48.786+00:00,ASTER,ENTROPY,8.1623,1.3623,1556.47,3.04,1555.2,0.3278,1556.95,1555.1,0.0003250100,0.0000016866,0.2,87.7
2026-09-14T08:37:48.786+00:00,ASTER,HL,7.9050,1.1050,1556.53,3.04,1555.3,10.172,1556.95,1555.1,0.0003250100,0.0000062500,0.2,87.7
2026-09-14T08:37:48.786+00:00,ASTER,ENTROPY,8.5479,1.7479,1556.53,3.04,1555.2,0.3278,1556.95,1555.1,0.0003250100,0.0000016866,0.2,87.7
2026-09-14T08:37:48.828+00:00,ASTER,HL,7.5195,0.7195,1556.47,3.04,1555.3,10.172,1556.95,1555.1,0.0003250100,0.0000062500,0.2,131.1
2026-09-14T08:37:48.828+00:00,ASTER,ENTROPY,8.1623,1.3623,1556.47,3.04,1555.2,0.3278,1556.95,1555.1,0.0003250100,0.0000016866,0.2,131.0
2026-09-14T08:37:48.840+00:00,ASTER,ENTROPY,7.1342,0.3342,1556.31,22.93,1555.2,0.3278,1556.95,1555.1,0.0003250100,0.0000016866,0.2,142.8
2026-09-14T08:37:48.841+00:00,ASTER,ENTROPY,7.1342,0.3342,1556.31,22.93,1555.2,0.3278,1556.94,1555.1,0.0003250100,0.0000016866,0.9,143.6
2026-09-14T08:37:48.841+00:00,ASTER,ENTROPY,7.1342,0.3342,1556.31,22.93,1555.2,0.3278,1556.92,1555.1,0.0003250100,0.0000016866,0.9,143.6
2026-09-14T08:37:48.841+00:00,ASTER,ENTROPY,7.1342,0.3342,1556.31,39.31,1555.2,0.3278,1556.92,1555.1,0.0003250100,0.0000016866,0.9,143.7
2026-09-14T08:37:48.851+00:00,ASTER,HL,7.7773,0.9773,1556.31,39.31,1555.1,22.601,1556.92,1554.9,0.0003250100,0.0000062500,10.8,0.2
2026-09-14T08:37:48.876+00:00,ASTER,HL,7.7773,0.9773,1556.31,39.31,1555.1,24.226,1556.92,1554.9,0.0003250100,0.0000062500,35.4,0.3
2026-09-14T08:37:48.876+00:00,ASTER,ENTROPY,7.1342,0.3342,1556.31,39.31,1555.2,0.2121,1556.92,1555.1,0.0003250100,0.0000016866,35.5,0.4
2026-09-14T08:37:48.881+00:00,ASTER,HL,7.7773,0.9773,1556.31,22.93,1555.1,24.226,1556.92,1554.9,0.0003250100,0.0000062500,0.1,5.8
2026-09-14T08:37:48.881+00:00,ASTER,ENTROPY,7.1342,0.3342,1556.31,22.93,1555.2,0.2121,1556.92,1555.1,0.0003250100,0.0000016866,0.1,5.8
2026-09-14T08:37:48.913+00:00,ASTER,HL,7.7773,0.9773,1556.31,17.91,1555.1,24.226,1556.92,1554.9,0.0003250100,0.0000062500,0.2,37.5
2026-09-14T08:37:48.913+00:00,ASTER,ENTROPY,7.1342,0.3342,1556.31,17.91,1555.2,0.2121,1556.92,1555.1,0.0003250100,0.0000016866,0.2,37.5
2026-09-14T08:37:48.913+00:00,ASTER,HL,7.7773,0.9773,1556.31,16.38,1555.1,24.226,1556.92,1554.9,0.0003250100,0.0000062500,0.3,37.6
2026-09-14T08:37:48.913+00:00,ASTER,ENTROPY,7.1342,0.3342,1556.31,16.38,1555.2,0.2121,1556.92,1555.1,0.0003250100,0.0000016866,0.3,37.6
2026-09-14T08:37:48.913+00:00,ASTER,HL,7.1347,0.3347,1556.21,0.64,1555.1,24.226,1556.92,1554.9,0.0003250100,0.0000062500,0.4,37.7
2026-09-14T08:37:48.914+00:00,ASTER,HL,7.1347,0.3347,1556.21,0.64,1555.1,24.226,1556.88,1554.9,0.0003250100,0.0000062500,1.0,38.3
2026-09-14T08:37:48.914+00:00,ASTER,HL,7.3275,0.5275,1556.24,3.34,1555.1,24.226,1556.88,1554.9,0.0003250100,0.0000062500,1.0,38.3
2026-09-14T08:37:48.914+00:00,ASTER,HL,7.3275,0.5275,1556.24,3.34,1555.1,24.226,1556.88,1554.9,0.0003250100,0.0000062500,1.0,38.3
2026-09-14T08:37:48.914+00:00,ASTER,HL,7.3275,0.5275,1556.24,6.68,1555.1,24.226,1556.88,1554.9,0.0003250100,0.0000062500,1.0,38.4
2026-09-14T08:37:48.941+00:00,ASTER,HL,8.5485,1.7485,1556.43,3.04,1555.1,24.226,1556.88,1554.9,0.0003250100,0.0000062500,0.8,65.2
2026-09-14T08:37:48.941+00:00,ASTER,ENTROPY,7.9054,1.1054,1556.43,3.04,1555.2,0.2121,1556.88,1555.1,0.0003250100,0.0000016866,0.8,65.2
2026-09-14T08:37:48.980+00:00,ASTER,HL,7.3275,0.5275,1556.24,6.68,1555.1,24.226,1556.88,1554.9,0.0003250100,0.0000062500,0.2,104.1
2026-09-14T08:37:48.989+00:00,ASTER,HL,7.3275,0.5275,1556.24,6.68,1555.1,24.226,1556.87,1554.9,0.0003250100,0.0000062500,0.2,112.5
2026-09-14T08:37:48.989+00:00,ASTER,HL,7.3275,0.5275,1556.24,6.68,1555.1,24.226,1556.85,1554.9,0.0003250100,0.0000062500,0.6,112.9
2026-09-14T08:37:48.993+00:00,ASTER,HL,8.6128,1.8128,1556.44,3.04,1555.1,24.226,1556.85,1554.9,0.0003250100,0.0000062500,0.9,117.3
2026-09-14T08:37:48.993+00:00,ASTER,ENTROPY,7.9697,1.1697,1556.44,3.04,1555.2,0.2121,1556.85,1555.1,0.0003250100,0.0000016866,0.9,117.2
2026-09-14T08:37:49.064+00:00,ASTER,HL,9.2557,2.4557,1556.44,3.04,1555.0,39.834,1556.85,1554.9,0.0003250100,0.0000062500,71.8,0.3
2026-09-14T08:37:49.064+00:00,ASTER,ENTROPY,7.9697,1.1697,1556.44,3.04,1555.2,0.2121,1556.85,1555.1,0.0003250100,0.0000016866,72.0,0.4
2026-09-14T08:37:49.081+00:00,ASTER,HL,9.2557,2.4557,1556.44,3.04,1555.0,39.834,1556.88,1554.9,0.0003250100,0.0000062500,0.2,16.9
2026-09-14T08:37:49.081+00:00,ASTER,ENTROPY,7.9696,1.1696,1556.44,3.04,1555.2,0.2121,1556.88,1555.1,0.0003250100,0.0000016866,0.2,16.8
2026-09-14T08:37:49.081+00:00,ASTER,HL,7.9704,1.1704,1556.24,6.68,1555.0,39.834,1556.88,1554.9,0.0003250100,0.0000062500,0.3,17.0
2026-09-14T08:37:49.087+00:00,ASTER,HL,7.9705,1.1705,1556.24,6.68,1555.0,39.834,1556.84,1554.9,0.0003250100,0.0000062500,0.2,23.7
2026-09-14T08:37:49.088+00:00,ASTER,HL,9.3842,2.5842,1556.46,3.04,1555.0,39.834,1556.84,1554.9,0.0003250100,0.0000062500,0.3,23.8
2026-09-14T08:37:49.088+00:00,ASTER,ENTROPY,8.0982,1.2982,1556.46,3.04,1555.2,0.2121,1556.84,1555.1,0.0003250100,0.0000016866,0.3,23.8
2026-09-14T08:37:49.113+00:00,ASTER,HL,9.3842,2.5842,1556.46,3.04,1555.0,40.489,1556.84,1554.9,0.0003250100,0.0000062500,25.5,0.3
2026-09-14T08:37:49.231+00:00,ASTER,HL,9.3842,2.5842,1556.46,3.04,1555.0,40.489,1556.88,1554.9,0.0003250100,0.0000062500,0.2,119.4
2026-09-14T08:37:49.231+00:00,ASTER,ENTROPY,8.0982,1.2982,1556.46,3.04,1555.2,0.2121,1556.88,1555.1,0.0003250100,0.0000016866,0.2,168.2
2026-09-14T08:37:49.232+00:00,ASTER,HL,7.9704,1.1704,1556.24,6.68,1555.0,40.489,1556.88,1554.9,0.0003250100,0.0000062500,0.9,120.2
2026-09-14T08:37:49.239+00:00,ASTER,HL,7.9704,1.1704,1556.24,6.68,1555.0,40.489,1556.88,1554.9,0.0003250100,0.0000062500,0.1,126.9
2026-09-14T08:37:49.240+00:00,ASTER,HL,7.9704,1.1704,1556.24,3.34,1555.0,40.489,1556.88,1554.9,0.0003250100,0.0000062500,0.2,127.0
2026-09-14T08:37:49.240+00:00,ASTER,HL,7.9702,1.1702,1556.24,3.34,1555.0,40.489,1557.02,1554.9,0.0003250100,0.0000062500,0.2,127.0
2026-09-14T08:37:49.240+00:00,ASTER,HL,7.7774,0.9774,1556.21,0.64,1555.0,40.489,1557.02,1554.9,0.0003250100,0.0000062500,0.2,127.1
2026-09-14T08:37:49.244+00:00,ASTER,HL,9.5767,2.7767,1556.49,3.04,1555.0,40.489,1557.02,1554.9,0.0003250100,0.0000062500,0.1,131.6
2026-09-14T08:37:49.244+00:00,ASTER,ENTROPY,8.2907,1.4907,1556.49,3.04,1555.2,0.2121,1557.02,1555.1,0.0003250100,0.0000016866,0.1,180.5
2026-09-14T08:37:49.244+00:00,ASTER,HL,9.8980,3.0980,1556.54,3.04,1555.0,40.489,1557.02,1554.9,0.0003250100,0.0000062500,0.1,131.7
2026-09-14T08:37:49.244+00:00,ASTER,ENTROPY,8.6120,1.8120,1556.54,3.04,1555.2,0.2121,1557.02,1555.1,0.0003250100,0.0000016866,0.1,180.5
2026-09-14T08:37:49.244+00:00,ASTER,HL,10.1551,3.3551,1556.58,3.04,1555.0,40.489,1557.02,1554.9,0.0003250100,0.0000062500,0.1,131.7
2026-09-14T08:37:49.244+00:00,ASTER,ENTROPY,8.8690,2.0690,1556.58,3.04,1555.2,0.2121,1557.02,1555.1,0.0003250100,0.0000016866,0.1,180.5
2026-09-14T08:37:49.244+00:00,ASTER,HL,10.1551,3.3551,1556.58,3.04,1555.0,40.489,1557.01,1554.9,0.0003250100,0.0000062500,0.2,131.8
2026-09-14T08:37:49.244+00:00,ASTER,ENTROPY,8.8691,2.0691,1556.58,3.04,1555.2,0.2121,1557.01,1555.1,0.0003250100,0.0000016866,0.2,180.6
2026-09-14T08:37:49.285+00:00,ASTER,HL,10.1551,3.3551,1556.58,3.04,1555.0,40.489,1557.01,1554.9,0.0003250100,0.0000062500,0.2,172.9
2026-09-14T08:37:49.285+00:00,ASTER,ENTROPY,8.8691,2.0691,1556.58,3.04,1555.2,0.2121,1557.01,1555.1,0.0003250100,0.0000016866,0.2,221.8
2026-09-14T08:37:49.285+00:00,ASTER,HL,10.1551,3.3551,1556.58,3.04,1555.0,88.492,1557.01,1554.9,0.0003250100,0.0000062500,0.3,0.2
2026-09-14T08:37:49.293+00:00,ASTER,HL,10.1551,3.3551,1556.58,3.04,1555.0,97.021,1557.01,1554.9,0.0003250100,0.0000062500,7.3,0.1
2026-09-14T08:37:49.334+00:00,ASTER,HL,8.8056,2.0056,1556.37,49.48,1555.0,97.021,1557.01,1554.9,0.0003250100,0.0000062500,0.2,40.8
2026-09-14T08:37:49.334+00:00,ASTER,ENTROPY,7.5197,0.7197,1556.37,49.48,1555.2,0.2121,1557.01,1555.1,0.0003250100,0.0000016866,0.2,269.5
2026-09-14T08:37:49.336+00:00,ASTER,HL,10.2836,3.4836,1556.6,3.04,1555.0,97.021,1557.01,1554.9,0.0003250100,0.0000062500,0.2,43.7
2026-09-14T08:37:49.336+00:00,ASTER,ENTROPY,8.9976,2.1976,1556.6,3.04,1555.2,0.2121,1557.01,1555.1,0.0003250100,0.0000016866,0.2,272.4
2026-09-14T08:37:49.420+00:00,ASTER,HL,10.2836,3.4836,1556.6,3.04,1555.0,7.228,1557.01,1554.9,0.0003250100,0.0000062500,85.0,0.4
2026-09-14T08:37:49.480+00:00,ASTER,HL,10.2836,3.4836,1556.6,3.04,1555.0,4.968,1557.01,1554.9,0.0003250100,0.0000062500,144.6,0.9
2026-09-14T08:37:49.481+00:00,ASTER,ENTROPY,8.3547,1.5547,1556.6,3.04,1555.3,0.0297,1557.01,1555.1,0.0003250100,0.0000016866,144.8,1.0
2026-09-14T08:37:49.619+00:00,ASTER,HL,9.6407,2.8407,1556.6,3.04,1555.1,24.167,1557.01,1554.9,0.0003250100,0.0000062500,282.7,0.3
2026-09-14T08:37:49.825+00:00,ASTER,HL,8.1628,1.3628,1556.37,49.48,1555.1,24.167,1557.01,1554.9,0.0003250100,0.0000062500,0.2,206.6
2026-09-14T08:37:49.825+00:00,ASTER,ENTROPY,6.8768,0.0768,1556.37,49.48,1555.3,0.0297,1557.01,1555.1,0.0003250100,0.0000016866,0.2,345.3
2026-09-14T08:37:49.843+00:00,ASTER,HL,10.0905,3.2905,1556.67,3.04,1555.1,24.167,1557.01,1554.9,0.0003250100,0.0000062500,0.2,225.5
2026-09-14T08:37:49.843+00:00,ASTER,ENTROPY,8.8045,2.0045,1556.67,3.04,1555.3,0.0297,1557.01,1555.1,0.0003250100,0.0000016866,0.2,364.2
2026-09-14T08:37:49.887+00:00,ASTER,HL,10.0905,3.2905,1556.67,3.04,1555.1,24.167,1557.01,1554.9,0.0003250100,0.0000062500,0.2,269.1
2026-09-14T08:37:49.887+00:00,ASTER,ENTROPY,8.8045,2.0045,1556.67,3.04,1555.3,0.0297,1557.01,1555.1,0.0003250100,0.0000016866,0.2,407.8
2026-09-14T08:37:49.887+00:00,ASTER,HL,10.0905,3.2905,1556.67,3.04,1555.1,24.167,1557.02,1554.9,0.0003250100,0.0000062500,0.4,269.4
2026-09-14T08:37:49.887+00:00,ASTER,ENTROPY,8.8045,2.0045,1556.67,3.04,1555.3,0.0297,1557.02,1555.1,0.0003250100,0.0000016866,0.4,408.0
2026-09-14T08:37:49.900+00:00,ASTER,HL,10.0905,3.2905,1556.67,3.04,1555.1,24.167,1557.02,1554.9,0.0003250100,0.0000062500,12.5,0.2
2026-09-14T08:37:49.925+00:00,ASTER,HL,10.0905,3.2905,1556.67,3.04,1555.1,22.427,1557.02,1554.9,0.0003250100,0.0000062500,38.1,0.3
2026-09-14T08:37:49.928+00:00,ASTER,HL,8.8053,2.0053,1556.47,50.01,1555.1,22.427,1557.02,1554.9,0.0003250100,0.0000062500,0.1,3.2
2026-09-14T08:37:49.928+00:00,ASTER,ENTROPY,7.5194,0.7194,1556.47,50.01,1555.3,0.0297,1557.02,1555.1,0.0003250100,0.0000016866,0.1,448.6
2026-09-14T08:37:49.941+00:00,ASTER,HL,10.3475,3.5475,1556.71,3.04,1555.1,22.427,1557.02,1554.9,0.0003250100,0.0000062500,0.1,15.5
2026-09-14T08:37:49.941+00:00,ASTER,ENTROPY,9.0615,2.2615,1556.71,3.04,1555.3,0.0297,1557.02,1555.1,0.0003250100,0.0000016866,0.1,460.9
2026-09-14T08:37:50.019+00:00,ASTER,HL,10.3473,3.5473,1556.71,3.04,1555.1,24.032,1557.02,1555.0,0.0003250100,0.0000062500,78.8,0.2
2026-09-14T08:37:50.034+00:00,ASTER,HL,10.2188,3.4188,1556.69,0.78,1555.1,24.032,1557.02,1555.0,0.0003250100,0.0000062500,0.2,15.5
2026-09-14T08:37:50.034+00:00,ASTER,ENTROPY,8.9330,2.1330,1556.69,0.78,1555.3,0.0297,1557.02,1555.1,0.0003250100,0.0000016866,0.2,554.8
2026-09-14T08:37:50.039+00:00,ASTER,HL,10.5401,3.7401,1556.74,3.04,1555.1,24.032,1557.02,1555.0,0.0003250100,0.0000062500,0.9,20.5
2026-09-14T08:37:50.039+00:00,ASTER,ENTROPY,9.2543,2.4543,1556.74,3.04,1555.3,0.0297,1557.02,1555.1,0.0003250100,0.0000016866,0.9,559.8
2026-09-14T08:37:50.260+00:00,ASTER,HL,9.8972,3.0972,1556.74,3.04,1555.2,1.097,1557.02,1555.0,0.0003250100,0.0000062500,221.3,0.3
2026-09-14T08:37:50.260+00:00,ASTER,ENTROPY,9.2541,2.4541,1556.74,3.04,1555.3,0.0297,1557.02,1555.2,0.0003250100,0.0000016866,221.5,0.4
2026-09-14T08:37:50.274+00:00,ASTER,HL,9.2543,2.4543,1556.74,3.04,1555.3,4.204,1557.02,1555.1,0.0003250100,0.0000062500,234.9,0.3
2026-09-14T08:37:50.279+00:00,ASTER,HL,8.9330,2.1330,1556.69,0.78,1555.3,4.204,1557.02,1555.1,0.0003250100,0.0000062500,0.2,5.7
2026-09-14T08:37:50.279+00:00,ASTER,ENTROPY,8.9329,2.1329,1556.69,0.78,1555.3,0.0297,1557.02,1555.2,0.0003250100,0.0000016866,0.2,19.3
2026-09-14T08:37:50.290+00:00,ASTER,HL,9.3185,2.5185,1556.75,3.04,1555.3,4.204,1557.02,1555.1,0.0003250100,0.0000062500,0.1,16.7
2026-09-14T08:37:50.290+00:00,ASTER,ENTROPY,9.3184,2.5184,1556.75,3.04,1555.3,0.0297,1557.02,1555.2,0.0003250100,0.0000016866,0.1,30.3
2026-09-14T08:37:50.421+00:00,ASTER,HL,9.9613,3.1613,1556.75,3.04,1555.2,1.145,1557.02,1555.1,0.0003250100,0.0000062500,131.2,0.3
2026-09-14T08:37:50.483+00:00,ASTER,HL,9.3185,2.5185,1556.75,3.04,1555.3,4.204,1557.02,1555.1,0.0003250100,0.0000062500,192.6,0.3
2026-09-14T08:37:50.532+00:00,ASTER,HL,8.9330,2.1330,1556.69,0.78,1555.3,4.204,1557.02,1555.1,0.0003250100,0.0000062500,0.3,49.8
2026-09-14T08:37:50.532+00:00,ASTER,ENTROPY,8.9329,2.1329,1556.69,0.78,1555.3,0.0297,1557.02,1555.2,0.0003250100,0.0000016866,0.3,272.2
2026-09-14T08:37:50.549+00:00,ASTER,HL,9.3828,2.5828,1556.76,3.04,1555.3,4.204,1557.02,1555.1,0.0003250100,0.0000062500,0.2,66.4
2026-09-14T08:37:50.549+00:00,ASTER,ENTROPY,9.3826,2.5826,1556.76,3.04,1555.3,0.0297,1557.02,1555.2,0.0003250100,0.0000016866,0.2,288.9
2026-09-14T08:37:50.674+00:00,ASTER,HL,10.0256,3.2256,1556.76,3.04,1555.2,1.0,1557.02,1555.1,0.0003250100,0.0000062500,125.7,0.3
2026-09-14T08:37:50.685+00:00,ASTER,HL,9.5758,2.7758,1556.69,0.78,1555.2,1.0,1557.02,1555.1,0.0003250100,0.0000062500,0.2,10.8
2026-09-14T08:37:50.685+00:00,ASTER,ENTROPY,8.9329,2.1329,1556.69,0.78,1555.3,0.0297,1557.02,1555.2,0.0003250100,0.0000016866,0.2,424.9
2026-09-14T08:37:50.702+00:00,ASTER,HL,10.0898,3.2898,1556.77,3.04,1555.2,1.0,1557.02,1555.1,0.0003250100,0.0000062500,0.2,27.9
2026-09-14T08:37:50.702+00:00,ASTER,ENTROPY,9.4469,2.6469,1556.77,3.04,1555.3,0.0297,1557.02,1555.2,0.0003250100,0.0000016866,0.2,442.1
2026-09-14T08:37:50.813+00:00,ASTER,HL,10.0898,3.2898,1556.77,3.04,1555.2,1.0,1557.02,1555.1,0.0003250100,0.0000062500,112.0,0.3
2026-09-14T08:37:51.265+00:00,ASTER,HL,10.0898,3.2898,1556.77,3.04,1555.2,1.0,1557.02,1555.1,0.0003250100,0.0000062500,563.8,0.3
2026-09-14T08:37:51.334+00:00,ASTER,HL,9.5758,2.7758,1556.69,0.78,1555.2,1.0,1557.02,1555.1,0.0003250100,0.0000062500,0.2,68.0
2026-09-14T08:37:51.334+00:00,ASTER,ENTROPY,8.9329,2.1329,1556.69,0.78,1555.3,0.0297,1557.02,1555.2,0.0003250100,0.0000016866,0.2,1073.4
2026-09-14T08:37:51.348+00:00,ASTER,HL,10.1541,3.3541,1556.78,3.04,1555.2,1.0,1557.02,1555.1,0.0003250100,0.0000062500,0.2,82.8
2026-09-14T08:37:51.348+00:00,ASTER,ENTROPY,9.5111,2.7111,1556.78,3.04,1555.3,0.0297,1557.02,1555.2,0.0003250100,0.0000016866,0.2,1088.2
2026-09-14T08:37:51.611+00:00,ASTER,ENTROPY,9.5111,2.7111,1556.78,3.04,1555.3,0.0297,1557.02,1555.2,0.0003250100,0.0000016866,263.5,0.3
2026-09-14T08:37:51.826+00:00,ASTER,HL,9.5758,2.7758,1556.69,0.78,1555.2,1.0,1557.02,1555.1,0.0003250100,0.0000062500,0.2,560.6
2026-09-14T08:37:51.826+00:00,ASTER,ENTROPY,8.9329,2.1329,1556.69,0.78,1555.3,0.0297,1557.02,1555.2,0.0003250100,0.0000016866,0.2,214.8
2026-09-14T08:37:51.834+00:00,ASTER,HL,8.5478,1.7478,1556.53,0.64,1555.2,1.0,1557.02,1555.1,0.0003250100,0.0000062500,0.2,568.3
2026-09-14T08:37:51.834+00:00,ASTER,ENTROPY,7.9048,1.1048,1556.53,0.64,1555.3,0.0297,1557.02,1555.2,0.0003250100,0.0000016866,0.2,222.5
2026-09-14T08:37:51.838+00:00,ASTER,HL,8.5478,1.7478,1556.53,0.64,1555.2,1.0,1557.02,1555.1,0.0003250100,0.0000062500,4.7,0.2
2026-09-14T08:37:51.891+00:00,ASTER,HL,7.9049,1.1049,1556.53,0.64,1555.3,5.596,1557.02,1555.1,0.0003250100,0.0000062500,57.3,0.2
2026-09-14T08:37:51.891+00:00,ASTER,ENTROPY,7.9048,1.1048,1556.53,0.64,1555.3,0.0425,1557.02,1555.2,0.0003250100,0.0000016866,57.4,0.4
2026-09-14T08:37:51.938+00:00,ASTER,HL,7.8407,1.0407,1556.52,40.98,1555.3,5.596,1557.02,1555.1,0.0003250100,0.0000062500,0.1,47.1
2026-09-14T08:37:51.938+00:00,ASTER,ENTROPY,7.8406,1.0406,1556.52,40.98,1555.3,0.0425,1557.02,1555.2,0.0003250100,0.0000016866,0.1,47.1
2026-09-14T08:37:51.940+00:00,ASTER,HL,8.8688,2.0688,1556.68,3.04,1555.3,5.596,1557.02,1555.1,0.0003250100,0.0000062500,0.1,49.7
2026-09-14T08:37:51.940+00:00,ASTER,ENTROPY,8.8686,2.0686,1556.68,3.04,1555.3,0.0425,1557.02,1555.2,0.0003250100,0.0000016866,0.1,49.7
2026-09-14T08:37:52.129+00:00,ASTER,HL,7.8407,1.0407,1556.52,40.98,1555.3,5.596,1557.02,1555.1,0.0003250100,0.0000062500,1.5,239.4
2026-09-14T08:37:52.129+00:00,ASTER,ENTROPY,7.8406,1.0406,1556.52,40.98,1555.3,0.0425,1557.02,1555.2,0.0003250100,0.0000016866,1.5,239.3
2026-09-14T08:37:52.134+00:00,ASTER,HL,8.4835,1.6835,1556.52,40.98,1555.2,0.309,1557.02,1555.1,0.0003250100,0.0000062500,6.4,0.4
2026-09-14T08:37:52.135+00:00,ASTER,ENTROPY,7.8406,1.0406,1556.52,40.98,1555.3,0.0425,1557.02,1555.2,0.0003250100,0.0000016866,6.5,0.4
2026-09-14T08:37:52.138+00:00,ASTER,HL,8.4835,1.6835,1556.52,36.87,1555.2,0.309,1557.02,1555.1,0.0003250100,0.0000062500,0.1,4.1
2026-09-14T08:37:52.138+00:00,ASTER,ENTROPY,7.8406,1.0406,1556.52,36.87,1555.3,0.0425,1557.02,1555.2,0.0003250100,0.0000016903,0.1,4.0
2026-09-14T08:37:52.138+00:00,ASTER,HL,8.4835,1.6835,1556.52,20.49,1555.2,0.309,1557.02,1555.1,0.0003250100,0.0000062500,0.2,4.2
2026-09-14T08:37:52.138+00:00,ASTER,ENTROPY,7.8406,1.0406,1556.52,20.49,1555.3,0.0425,1557.02,1555.2,0.0003250100,0.0000016903,0.2,4.2
2026-09-14T08:37:52.138+00:00,ASTER,HL,8.4835,1.6835,1556.52,16.38,1555.2,0.309,1557.02,1555.1,0.0003250100,0.0000062500,0.3,4.3
2026-09-14T08:37:52.138+00:00,ASTER,ENTROPY,7.8406,1.0406,1556.52,16.38,1555.3,0.0425,1557.02,1555.2,0.0003250100,0.0000016903,0.3,4.2
2026-09-14T08:37:52.138+00:00,ASTER,HL,7.7124,0.9124,1556.4,0.64,1555.2,0.309,1557.02,1555.1,0.0003250100,0.0000062500,0.4,4.3
2026-09-14T08:37:52.138+00:00,ASTER,ENTROPY,7.0695,0.2695,1556.4,0.64,1555.3,0.0425,1557.02,1555.2,0.0003250100,0.0000016903,0.4,4.3
2026-09-14T08:37:52.145+00:00,ASTER,HL,8.4193,1.6193,1556.51,2.54,1555.2,0.309,1557.02,1555.1,0.0003250100,0.0000062500,0.1,10.9
2026-09-14T08:37:52.145+00:00,ASTER,ENTROPY,7.7763,0.9763,1556.51,2.54,1555.3,0.0425,1557.02,1555.2,0.0003250100,0.0000016903,0.1,10.8
2026-09-14T08:37:52.145+00:00,ASTER,HL,8.4193,1.6193,1556.51,18.92,1555.2,0.309,1557.02,1555.1,0.0003250100,0.0000062500,0.1,10.9
2026-09-14T08:37:52.145+00:00,ASTER,ENTROPY,7.7763,0.9763,1556.51,18.92,1555.3,0.0425,1557.02,1555.2,0.0003250100,0.0000016903,0.1,10.9
2026-09-14T08:37:52.145+00:00,ASTER,HL,8.4193,1.6193,1556.51,21.46,1555.2,0.309,1557.02,1555.1,0.0003250100,0.0000062500,0.1,11.0
2026-09-14T08:37:52.145+00:00,ASTER,ENTROPY,7.7763,0.9763,1556.51,21.46,1555.3,0.0425,1557.02,1555.2,0.0003250100,0.0000016903,0.1,10.9
2026-09-14T08:37:52.145+00:00,ASTER,HL,8.4193,1.6193,1556.51,37.84,1555.2,0.309,1557.02,1555.1,0.0003250100,0.0000062500,0.2,11.0
2026-09-14T08:37:52.145+00:00,ASTER,ENTROPY,7.7763,0.9763,1556.51,37.84,1555.3,0.0425,1557.02,1555.2,0.0003250100,0.0000016903,0.2,11.0
2026-09-14T08:37:52.179+00:00,ASTER,HL,8.4193,1.6193,1556.51,35.3,1555.2,0.309,1557.02,1555.1,0.0003250100,0.0000062500,0.3,44.7
2026-09-14T08:37:52.179+00:00,ASTER,ENTROPY,7.7763,0.9763,1556.51,35.3,1555.3,0.0425,1557.02,1555.2,0.0003250100,0.0000016903,0.3,44.7
2026-09-14T08:37:52.179+00:00,ASTER,HL,8.4193,1.6193,1556.51,18.92,1555.2,0.309,1557.02,1555.1,0.0003250100,0.0000062500,0.4,44.9
2026-09-14T08:37:52.179+00:00,ASTER,ENTROPY,7.7763,0.9763,1556.51,18.92,1555.3,0.0425,1557.02,1555.2,0.0003250100,0.0000016903,0.4,44.9
2026-09-14T08:37:52.179+00:00,ASTER,HL,8.4193,1.6193,1556.51,16.38,1555.2,0.309,1557.02,1555.1,0.0003250100,0.0000062500,0.5,45.0
2026-09-14T08:37:52.179+00:00,ASTER,ENTROPY,7.7763,0.9763,1556.51,16.38,1555.3,0.0425,1557.02,1555.2,0.0003250100,0.0000016903,0.5,45.0
2026-09-14T08:37:52.179+00:00,ASTER,HL,7.7124,0.9124,1556.4,0.64,1555.2,0.309,1557.02,1555.1,0.0003250100,0.0000062500,0.5,45.0
2026-09-14T08:37:52.179+00:00,ASTER,ENTROPY,7.0695,0.2695,1556.4,0.64,1555.3,0.0425,1557.02,1555.2,0.0003250100,0.0000016903,0.5,45.0
2026-09-14T08:37:52.201+00:00,ASTER,HL,7.9695,1.1695,1556.44,6.21,1555.2,0.309,1557.02,1555.1,0.0003250100,0.0000062500,0.2,67.3
2026-09-14T08:37:52.201+00:00,ASTER,ENTROPY,7.3265,0.5265,1556.44,6.21,1555.3,0.0425,1557.02,1555.2,0.0003250100,0.0000016903,0.2,67.3
2026-09-14T08:37:52.201+00:00,ASTER,HL,7.9695,1.1695,1556.44,22.59,1555.2,0.309,1557.02,1555.1,0.0003250100,0.0000062500,0.3,67.5
2026-09-14T08:37:52.201+00:00,ASTER,ENTROPY,7.3265,0.5265,1556.44,22.59,1555.3,0.0425,1557.02,1555.2,0.0003250100,0.0000016903,0.3,67.4
2026-09-14T08:37:52.201+00:00,ASTER,HL,7.9695,1.1695,1556.44,28.8,1555.2,0.309,1557.02,1555.1,0.0003250100,0.0000062500,0.3,67.5
2026-09-14T08:37:52.201+00:00,ASTER,ENTROPY,7.3265,0.5265,1556.44,28.8,1555.3,0.0425,1557.02,1555.2,0.0003250100,0.0000016903,0.3,67.5
2026-09-14T08:37:52.201+00:00,ASTER,HL,7.9695,1.1695,1556.44,45.18,1555.2,0.309,1557.02,1555.1,0.0003250100,0.0000062500,0.3,67.5
2026-09-14T08:37:52.201+00:00,ASTER,ENTROPY,7.3265,0.5265,1556.44,45.18,1555.3,0.0425,1557.02,1555.2,0.0003250100,0.0000016903,0.3,67.5
2026-09-14T08:37:52.244+00:00,ASTER,HL,7.9695,1.1695,1556.44,45.18,1555.2,0.309,1557.01,1555.1,0.0003250100,0.0000062500,0.2,110.1
2026-09-14T08:37:52.244+00:00,ASTER,ENTROPY,7.3265,0.5265,1556.44,45.18,1555.3,0.0425,1557.01,1555.2,0.0003250100,0.0000016903,0.2,110.0
2026-09-14T08:37:52.244+00:00,ASTER,HL,8.9976,2.1976,1556.6,3.04,1555.2,0.309,1557.01,1555.1,0.0003250100,0.0000062500,0.4,110.3
2026-09-14T08:37:52.244+00:00,ASTER,ENTROPY,8.3546,1.5546,1556.6,3.04,1555.3,0.0425,1557.01,1555.2,0.0003250100,0.0000016903,0.4,110.2
2026-09-14T08:37:52.250+00:00,ASTER,HL,9.1261,2.3261,1556.62,3.04,1555.2,0.309,1557.01,1555.1,0.0003250100,0.0000062500,0.1,115.6
2026-09-14T08:37:52.250+00:00,ASTER,ENTROPY,8.4831,1.6831,1556.62,3.04,1555.3,0.0425,1557.01,1555.2,0.0003250100,0.0000016903,0.1,115.5
2026-09-14T08:37:52.283+00:00,ASTER,HL,8.9976,2.1976,1556.6,3.04,1555.2,0.309,1557.01,1555.1,0.0003250100,0.0000062500,0.2,149.3
2026-09-14T08:37:52.283+00:00,ASTER,ENTROPY,8.3546,1.5546,1556.6,3.04,1555.3,0.0425,1557.01,1555.2,0.0003250100,0.0000016903,0.2,149.2
2026-09-14T08:37:52.291+00:00,ASTER,HL,9.3188,2.5188,1556.65,3.04,1555.2,0.309,1557.01,1555.1,0.0003250100,0.0000062500,0.2,156.9
2026-09-14T08:37:52.291+00:00,ASTER,ENTROPY,8.6759,1.8759,1556.65,3.04,1555.3,0.0425,1557.01,1555.2,0.0003250100,0.0000016903,0.2,156.9
2026-09-14T08:37:52.333+00:00,ASTER,HL,9.3188,2.5188,1556.65,3.04,1555.2,0.309,1557.02,1555.1,0.0003250100,0.0000062500,0.2,199.0
2026-09-14T08:37:52.333+00:00,ASTER,ENTROPY,8.6759,1.8759,1556.65,3.04,1555.3,0.0425,1557.02,1555.2,0.0003250100,0.0000016903,0.2,198.9
2026-09-14T08:37:52.333+00:00,ASTER,HL,9.3188,2.5188,1556.65,3.04,1555.2,0.309,1557.02,1555.1,0.0003250100,0.0000062500,0.4,0.3
2026-09-14T08:37:52.333+00:00,ASTER,ENTROPY,8.6759,1.8759,1556.65,3.04,1555.3,0.0167,1557.02,1555.2,0.0003250100,0.0000016903,0.4,0.3
2026-09-14T08:37:52.440+00:00,ASTER,HL,9.3188,2.5188,1556.65,3.04,1555.2,22.841,1557.02,1555.1,0.0003250100,0.0000062500,107.0,0.3
2026-09-14T08:37:52.440+00:00,ASTER,ENTROPY,8.6759,1.8759,1556.65,3.04,1555.3,0.2028,1557.02,1555.2,0.0003250100,0.0000016903,107.1,0.4
2026-09-14T08:37:52.504+00:00,ASTER,HL,9.3188,2.5188,1556.65,3.04,1555.2,22.379,1557.02,1555.1,0.0003250100,0.0000062500,171.6,0.4
2026-09-14T08:37:52.504+00:00,ASTER,ENTROPY,8.6759,1.8759,1556.65,3.04,1555.3,0.1989,1557.02,1555.2,0.0003250100,0.0000016903,171.8,0.6
2026-09-14T08:37:52.580+00:00,ASTER,HL,7.9695,1.1695,1556.44,45.18,1555.2,22.379,1557.02,1555.1,0.0003250100,0.0000062500,0.2,75.5
2026-09-14T08:37:52.580+00:00,ASTER,ENTROPY,7.3265,0.5265,1556.44,45.18,1555.3,0.1989,1557.02,1555.2,0.0003250100,0.0000016903,0.2,75.4
2026-09-14T08:37:52.595+00:00,ASTER,HL,9.4473,2.6473,1556.67,3.04,1555.2,22.379,1557.02,1555.1,0.0003250100,0.0000062500,0.3,90.7
2026-09-14T08:37:52.595+00:00,ASTER,ENTROPY,8.8044,2.0044,1556.67,3.04,1555.3,0.1989,1557.02,1555.2,0.0003250100,0.0000016903,0.3,90.6
2026-09-14T08:37:52.671+00:00,ASTER,HL,9.4473,2.6473,1556.67,3.04,1555.2,22.379,1557.02,1555.1,0.0003250100,0.0000062500,77.0,0.4
2026-09-14T08:37:52.837+00:00,ASTER,HL,7.9695,1.1695,1556.44,45.18,1555.2,22.379,1557.02,1555.1,0.0003250100,0.0000062500,0.2,166.0
2026-09-14T08:37:52.837+00:00,ASTER,ENTROPY,7.3265,0.5265,1556.44,45.18,1555.3,0.1989,1557.02,1555.2,0.0003250100,0.0000016903,0.2,332.9
2026-09-14T08:37:52.842+00:00,ASTER,HL,7.9695,1.1695,1556.44,38.97,1555.2,22.379,1557.02,1555.1,0.0003250100,0.0000062500,0.2,170.3
2026-09-14T08:37:52.842+00:00,ASTER,ENTROPY,7.3265,0.5265,1556.44,38.97,1555.3,0.1989,1557.02,1555.2,0.0003250100,0.0000016903,0.2,337.2
2026-09-14T08:37:52.842+00:00,ASTER,HL,7.9695,1.1695,1556.44,22.59,1555.2,22.379,1557.02,1555.1,0.0003250100,0.0000062500,0.2,170.4
2026-09-14T08:37:52.842+00:00,ASTER,ENTROPY,7.3265,0.5265,1556.44,22.59,1555.3,0.1989,1557.02,1555.2,0.0003250100,0.0000016903,0.2,337.3
2026-09-14T08:37:52.844+00:00,ASTER,HL,7.9695,1.1695,1556.44,16.38,1555.2,22.379,1557.02,1555.1,0.0003250100,0.0000062500,0.1,173.0
2026-09-14T08:37:52.844+00:00,ASTER,ENTROPY,7.3265,0.5265,1556.44,16.38,1555.3,0.1989,1557.02,1555.2,0.0003250100,0.0000016903,0.1,340.0
2026-09-14T08:37:52.845+00:00,ASTER,HL,7.7124,0.9124,1556.4,0.64,1555.2,22.379,1557.02,1555.1,0.0003250100,0.0000062500,0.2,173.1
2026-09-14T08:37:52.845+00:00,ASTER,ENTROPY,7.0695,0.2695,1556.4,0.64,1555.3,0.1989,1557.02,1555.2,0.0003250100,0.0000016903,0.2,340.0
2026-09-14T08:37:52.875+00:00,ASTER,HL,7.7124,0.9124,1556.4,0.64,1555.2,24.014,1557.02,1555.1,0.0003250100,0.0000062500,30.5,0.3
2026-09-14T08:37:52.906+00:00,ASTER,ENTROPY,7.0695,0.2695,1556.4,0.64,1555.3,0.2066,1557.02,1555.2,0.0003250100,0.0000016903,61.7,0.2
2026-09-14T08:37:52.935+00:00,ASTER,HL,7.7124,0.9124,1556.4,0.64,1555.2,24.014,1557.01,1555.1,0.0003250100,0.0000062500,0.2,60.4
2026-09-14T08:37:52.935+00:00,ASTER,ENTROPY,7.0695,0.2695,1556.4,0.64,1555.3,0.2066,1557.01,1555.2,0.0003250100,0.0000016903,0.2,29.2
2026-09-14T08:37:52.988+00:00,ASTER,HL,8.7405,1.9405,1556.56,3.04,1555.2,24.014,1557.01,1555.1,0.0003250100,0.0000062500,0.3,113.5
2026-09-14T08:37:52.988+00:00,ASTER,ENTROPY,8.0976,1.2976,1556.56,3.04,1555.3,0.2066,1557.01,1555.2,0.0003250100,0.0000016903,0.3,82.3
2026-09-14T08:37:52.988+00:00,ASTER,HL,8.8691,2.0691,1556.58,3.04,1555.2,24.014,1557.01,1555.1,0.0003250100,0.0000062500,0.5,113.8
2026-09-14T08:37:52.988+00:00,ASTER,ENTROPY,8.2261,1.4261,1556.58,3.04,1555.3,0.2066,1557.01,1555.2,0.0003250100,0.0000016903,0.5,82.5
2026-09-14T08:37:53.025+00:00,ASTER,HL,8.8690,2.0690,1556.58,3.04,1555.2,24.014,1557.02,1555.1,0.0003250100,0.0000062500,0.2,150.6
2026-09-14T08:37:53.025+00:00,ASTER,ENTROPY,8.2261,1.4261,1556.58,3.04,1555.3,0.2066,1557.02,1555.2,0.0003250100,0.0000016903,0.2,119.3
2026-09-14T08:37:53.025+00:00,ASTER,HL,8.7405,1.9405,1556.56,3.04,1555.2,24.014,1557.02,1555.1,0.0003250100,0.0000062500,0.3,150.7
2026-09-14T08:37:53.025+00:00,ASTER,ENTROPY,8.0976,1.2976,1556.56,3.04,1555.3,0.2066,1557.02,1555.2,0.0003250100,0.0000016903,0.3,119.5
2026-09-14T08:37:53.033+00:00,ASTER,HL,7.7124,0.9124,1556.4,0.64,1555.2,24.014,1557.02,1555.1,0.0003250100,0.0000062500,0.1,159.0
2026-09-14T08:37:53.033+00:00,ASTER,ENTROPY,7.0695,0.2695,1556.4,0.64,1555.3,0.2066,1557.02,1555.2,0.0003250100,0.0000016903,0.1,127.7
2026-09-14T08:37:53.043+00:00,ASTER,HL,9.1903,2.3903,1556.63,3.04,1555.2,24.014,1557.02,1555.1,0.0003250100,0.0000062500,0.1,168.5
2026-09-14T08:37:53.043+00:00,ASTER,ENTROPY,8.5474,1.7474,1556.63,3.04,1555.3,0.2066,1557.02,1555.2,0.0003250100,0.0000016903,0.1,137.3
2026-09-14T08:37:53.043+00:00,ASTER,HL,9.1903,2.3903,1556.63,3.04,1555.2,24.238,1557.02,1555.1,0.0003250100,0.0000062500,0.3,0.3
2026-09-14T08:37:53.136+00:00,ASTER,HL,7.7124,0.9124,1556.4,0.64,1555.2,24.238,1557.02,1555.1,0.0003250100,0.0000062500,1.8,92.6
2026-09-14T08:37:53.136+00:00,ASTER,ENTROPY,7.0695,0.2695,1556.4,0.64,1555.3,0.2066,1557.02,1555.2,0.0003250100,0.0000016903,1.8,229.7
2026-09-14T08:37:53.142+00:00,ASTER,HL,7.7124,0.9124,1556.4,0.64,1555.2,24.238,1557.01,1555.1,0.0003250100,0.0000062500,0.3,98.9
2026-09-14T08:37:53.142+00:00,ASTER,ENTROPY,7.0695,0.2695,1556.4,0.64,1555.3,0.2066,1557.01,1555.2,0.0003250100,0.0000016903,0.3,236.1
2026-09-14T08:37:53.142+00:00,ASTER,HL,7.7125,0.9125,1556.4,0.64,1555.2,24.238,1557.0,1555.1,0.0003250100,0.0000062500,0.5,99.2
2026-09-14T08:37:53.142+00:00,ASTER,ENTROPY,7.0695,0.2695,1556.4,0.64,1555.3,0.2066,1557.0,1555.2,0.0003250100,0.0000016903,0.5,236.3
2026-09-14T08:37:53.142+00:00,ASTER,HL,7.7125,0.9125,1556.4,0.64,1555.2,25.238,1557.0,1555.1,0.0003250100,0.0000062500,0.7,0.8
2026-09-14T08:37:53.176+00:00,ASTER,HL,7.7124,0.9124,1556.4,0.64,1555.2,25.238,1557.01,1555.1,0.0003250100,0.0000062500,0.2,34.6
2026-09-14T08:37:53.176+00:00,ASTER,ENTROPY,7.0695,0.2695,1556.4,0.64,1555.3,0.2066,1557.01,1555.2,0.0003250100,0.0000016903,0.2,270.3
2026-09-14T08:37:53.176+00:00,ASTER,HL,7.7124,0.9124,1556.4,0.64,1555.2,25.238,1557.02,1555.1,0.0003250100,0.0000062500,0.3,34.7
2026-09-14T08:37:53.176+00:00,ASTER,ENTROPY,7.0695,0.2695,1556.4,0.64,1555.3,0.2066,1557.02,1555.2,0.0003250100,0.0000016903,0.3,270.4
2026-09-14T08:37:53.205+00:00,ASTER,HL,9.5758,2.7758,1556.69,0.78,1555.2,25.238,1557.02,1555.1,0.0003250100,0.0000062500,0.2,63.3
2026-09-14T08:37:53.205+00:00,ASTER,ENTROPY,8.9329,2.1329,1556.69,0.78,1555.3,0.2066,1557.02,1555.2,0.0003250100,0.0000016903,0.2,299.0
2026-09-14T08:37:53.232+00:00,ASTER,HL,9.5758,2.7758,1556.69,0.78,1555.2,25.238,1557.02,1555.1,0.0003250100,0.0000062500,0.2,91.0
2026-09-14T08:37:53.232+00:00,ASTER,ENTROPY,8.9329,2.1329,1556.69,0.78,1555.3,0.2066,1557.02,1555.2,0.0003250100,0.0000016903,0.2,326.7
2026-09-14T08:37:53.245+00:00,ASTER,HL,9.7686,2.9686,1556.72,3.04,1555.2,25.238,1557.02,1555.1,0.0003250100,0.0000062500,0.2,104.1
2026-09-14T08:37:53.245+00:00,ASTER,ENTROPY,9.1256,2.3256,1556.72,3.04,1555.3,0.2066,1557.02,1555.2,0.0003250100,0.0000016903,0.2,339.8
2026-09-14T08:37:53.249+00:00,ASTER,HL,9.8971,3.0971,1556.74,3.04,1555.2,25.238,1557.02,1555.1,0.0003250100,0.0000062500,0.1,107.5
2026-09-14T08:37:53.249+00:00,ASTER,ENTROPY,9.2541,2.4541,1556.74,3.04,1555.3,0.2066,1557.02,1555.2,0.0003250100,0.0000016903,0.1,343.3
2026-09-14T08:37:53.283+00:00,ASTER,HL,9.7686,2.9686,1556.72,3.04,1555.2,25.238,1557.02,1555.1,0.0003250100,0.0000062500,0.2,141.3
2026-09-14T08:37:53.283+00:00,ASTER,ENTROPY,9.1256,2.3256,1556.72,3.04,1555.3,0.2066,1557.02,1555.2,0.0003250100,0.0000016903,0.2,377.1
2026-09-14T08:37:53.289+00:00,ASTER,HL,9.5758,2.7758,1556.69,0.78,1555.2,25.238,1557.02,1555.1,0.0003250100,0.0000062500,0.2,148.0
2026-09-14T08:37:53.289+00:00,ASTER,ENTROPY,8.9329,2.1329,1556.69,0.78,1555.3,0.2066,1557.02,1555.2,0.0003250100,0.0000016903,0.2,383.8
2026-09-14T08:37:53.290+00:00,ASTER,HL,9.5758,2.7758,1556.69,0.78,1555.2,24.516,1557.02,1555.1,0.0003250100,0.0000062500,0.5,0.3
2026-09-14T08:37:53.295+00:00,ASTER,HL,10.0256,3.2256,1556.76,3.04,1555.2,24.516,1557.02,1555.1,0.0003250100,0.0000062500,0.9,5.6
2026-09-14T08:37:53.295+00:00,ASTER,ENTROPY,9.3826,2.5826,1556.76,3.04,1555.3,0.2066,1557.02,1555.2,0.0003250100,0.0000016903,0.9,389.3
2026-09-14T08:37:53.454+00:00,ASTER,HL,9.3829,2.5829,1556.76,3.04,1555.3,4.204,1557.02,1555.0,0.0003250100,0.0000062500,159.6,0.2
2026-09-14T08:37:53.454+00:00,ASTER,ENTROPY,9.3826,2.5826,1556.76,3.04,1555.3,0.0205,1557.02,1555.2,0.0003250100,0.0000016903,159.7,0.3
2026-09-14T08:37:53.534+00:00,ASTER,HL,9.3829,2.5829,1556.76,3.04,1555.3,4.204,1557.02,1555.0,0.0003250100,0.0000062500,240.4,0.2
2026-09-14T08:37:53.655+00:00,ASTER,HL,9.3828,2.5828,1556.76,3.04,1555.3,4.204,1557.02,1555.1,0.0003250100,0.0000062500,360.4,0.3
2026-09-14T08:37:53.733+00:00,ASTER,HL,9.3825,2.5825,1556.76,3.04,1555.3,4.204,1557.17,1555.1,0.0003250100,0.0000062500,0.2,78.9
2026-09-14T08:37:53.733+00:00,ASTER,ENTROPY,9.3824,2.5824,1556.76,3.04,1555.3,0.0205,1557.17,1555.2,0.0003250100,0.0000016903,0.2,279.7
2026-09-14T08:37:53.741+00:00,ASTER,HL,8.9328,2.1328,1556.69,0.78,1555.3,4.204,1557.17,1555.1,0.0003250100,0.0000062500,0.2,86.7
2026-09-14T08:37:53.741+00:00,ASTER,ENTROPY,8.9326,2.1326,1556.69,0.78,1555.3,0.0205,1557.17,1555.2,0.0003250100,0.0000016903,0.2,287.5
2026-09-14T08:37:53.741+00:00,ASTER,HL,8.9328,2.1328,1556.69,0.78,1555.3,4.204,1557.17,1555.1,0.0003250100,0.0000062500,0.3,86.9
2026-09-14T08:37:53.741+00:00,ASTER,ENTROPY,8.9326,2.1326,1556.69,0.78,1555.3,0.0205,1557.17,1555.2,0.0003250100,0.0000016903,0.3,287.6
2026-09-14T08:37:53.741+00:00,ASTER,HL,8.9328,2.1328,1556.69,0.78,1555.3,4.204,1557.18,1555.1,0.0003250100,0.0000062500,0.3,86.9
2026-09-14T08:37:53.741+00:00,ASTER,ENTROPY,8.9326,2.1326,1556.69,0.78,1555.3,0.0205,1557.18,1555.2,0.0003250100,0.0000016903,0.3,287.6
2026-09-14T08:37:53.741+00:00,ASTER,HL,9.4468,2.6468,1556.77,3.04,1555.3,4.204,1557.18,1555.1,0.0003250100,0.0000062500,0.3,86.9
2026-09-14T08:37:53.741+00:00,ASTER,ENTROPY,9.4466,2.6466,1556.77,3.04,1555.3,0.0205,1557.18,1555.2,0.0003250100,0.0000016903,0.3,287.6
2026-09-14T08:37:53.741+00:00,ASTER,HL,9.7038,2.9038,1556.81,3.04,1555.3,4.204,1557.18,1555.1,0.0003250100,0.0000062500,0.3,86.9
2026-09-14T08:37:53.741+00:00,ASTER,ENTROPY,9.7036,2.9036,1556.81,3.04,1555.3,0.0205,1557.18,1555.2,0.0003250100,0.0000016903,0.3,287.7
2026-09-14T08:37:53.936+00:00,ASTER,HL,10.3466,3.5466,1556.81,3.04,1555.2,1.0,1557.18,1555.1,0.0003250100,0.0000062500,195.3,0.5
2026-09-14T08:37:53.937+00:00,ASTER,HL,10.3466,3.5466,1556.81,3.04,1555.2,1.0,1557.18,1555.1,0.0003250100,0.0000062500,196.0,0.8
2026-09-14T08:37:54.060+00:00,ASTER,HL,10.3466,3.5466,1556.81,3.04,1555.2,1.0,1557.18,1555.1,0.0003250100,0.0000062500,319.4,0.3
2026-09-14T08:37:54.060+00:00,ASTER,ENTROPY,9.7036,2.9036,1556.81,3.04,1555.3,0.0205,1557.18,1555.2,0.0003250100,0.0000016903,319.6,0.4
2026-09-14T08:37:54.323+00:00,ASTER,HL,9.7038,2.9038,1556.81,3.04,1555.3,23.721,1557.18,1555.1,0.0003250100,0.0000062500,582.0,0.3
2026-09-14T08:37:54.328+00:00,ASTER,HL,9.7038,2.9038,1556.81,3.04,1555.3,23.721,1557.18,1555.1,0.0003250100,0.0000062500,587.2,0.1
2026-09-14T08:37:54.462+00:00,ASTER,HL,9.7038,2.9038,1556.81,3.04,1555.3,22.958,1557.18,1555.1,0.0003250100,0.0000062500,721.3,0.3
2026-09-14T08:37:54.655+00:00,ASTER,HL,9.7036,2.9036,1556.81,3.04,1555.3,22.958,1557.18,1555.2,0.0003250100,0.0000062500,914.4,0.3
2026-09-14T08:37:54.655+00:00,ASTER,ENTROPY,9.7036,2.9036,1556.81,3.04,1555.3,0.117,1557.18,1555.2,0.0003250100,0.0000016903,914.6,0.4
2026-09-14T08:37:54.948+00:00,ASTER,HL,9.7036,2.9036,1556.81,3.04,1555.3,23.206,1557.18,1555.2,0.0003250100,0.0000062500,1207.0,0.3
2026-09-14T08:37:54.996+00:00,ASTER,HL,9.7038,2.9038,1556.81,3.04,1555.3,24.453,1557.18,1555.1,0.0003250100,0.0000062500,1255.7,0.3
2026-09-14T08:37:54.997+00:00,ASTER,ENTROPY,9.7036,2.9036,1556.81,3.04,1555.3,0.117,1557.18,1555.2,0.0003250100,0.0000016903,1255.9,0.4
2026-09-14T08:37:55.016+00:00,ASTER,HL,9.7038,2.9038,1556.81,3.04,1555.3,24.453,1557.18,1555.1,0.0003250100,0.0000062500,1275.7,0.3
2026-09-14T08:37:55.071+00:00,ASTER,HL,9.7038,2.9038,1556.81,3.04,1555.3,25.247,1557.18,1555.1,0.0003250100,0.0000062500,1330.3,0.2
2026-09-14T08:37:55.280+00:00,ASTER,HL,8.9328,2.1328,1556.69,0.78,1555.3,25.247,1557.18,1555.1,0.0003250100,0.0000062500,0.2,209.0
2026-09-14T08:37:55.280+00:00,ASTER,ENTROPY,8.9326,2.1326,1556.69,0.78,1555.3,0.117,1557.18,1555.2,0.0003250100,0.0000016903,0.2,283.6
2026-09-14T08:37:55.286+00:00,ASTER,HL,8.9328,2.1328,1556.69,0.78,1555.3,25.247,1557.17,1555.1,0.0003250100,0.0000062500,0.3,215.3
2026-09-14T08:37:55.286+00:00,ASTER,ENTROPY,8.9326,2.1326,1556.69,0.78,1555.3,0.117,1557.17,1555.2,0.0003250100,0.0000016903,0.3,289.9
2026-09-14T08:37:55.308+00:00,ASTER,HL,8.9328,2.1328,1556.69,0.78,1555.3,25.247,1557.17,1555.1,0.0003250100,0.0000062500,22.3,0.3
2026-09-14T08:37:55.341+00:00,ASTER,HL,7.0694,0.2694,1556.4,0.64,1555.3,25.247,1557.17,1555.1,0.0003250100,0.0000062500,0.3,33.3
2026-09-14T08:37:55.341+00:00,ASTER,ENTROPY,7.0693,0.2693,1556.4,0.64,1555.3,0.117,1557.17,1555.2,0.0003250100,0.0000016903,0.3,344.9
2026-09-14T08:37:55.373+00:00,ASTER,HL,7.0696,0.2696,1556.4,0.64,1555.3,25.247,1557.04,1555.1,0.0003250100,0.0000062500,0.3,65.2
2026-09-14T08:37:55.373+00:00,ASTER,ENTROPY,7.0695,0.2695,1556.4,0.64,1555.3,0.117,1557.04,1555.2,0.0003250100,0.0000016903,0.3,376.8
2026-09-14T08:37:55.373+00:00,ASTER,HL,7.0696,0.2696,1556.4,0.64,1555.3,25.247,1557.04,1555.1,0.0003250100,0.0000062500,0.5,65.5
2026-09-14T08:37:55.373+00:00,ASTER,ENTROPY,7.0695,0.2695,1556.4,0.64,1555.3,0.117,1557.04,1555.2,0.0003250100,0.0000016903,0.5,377.0
2026-09-14T08:37:55.373+00:00,ASTER,HL,7.1338,0.3338,1556.41,1.33,1555.3,25.247,1557.04,1555.1,0.0003250100,0.0000062500,0.6,65.6
2026-09-14T08:37:55.373+00:00,ASTER,ENTROPY,7.1337,0.3337,1556.41,1.33,1555.3,0.117,1557.04,1555.2,0.0003250100,0.0000016903,0.6,377.1
2026-09-14T08:37:55.374+00:00,ASTER,HL,7.1338,0.3338,1556.41,17.71,1555.3,25.247,1557.04,1555.1,0.0003250100,0.0000062500,0.6,65.6
2026-09-14T08:37:55.374+00:00,ASTER,ENTROPY,7.1337,0.3337,1556.41,17.71,1555.3,0.117,1557.04,1555.2,0.0003250100,0.0000016903,0.6,377.2
2026-09-14T08:37:55.374+00:00,ASTER,HL,7.1338,0.3338,1556.41,17.71,1555.3,25.247,1557.04,1555.1,0.0003250100,0.0000062500,0.7,65.6
2026-09-14T08:37:55.374+00:00,ASTER,ENTROPY,7.1337,0.3337,1556.41,17.71,1555.3,0.117,1557.04,1555.2,0.0003250100,0.0000016903,0.7,377.2
2026-09-14T08:37:55.374+00:00,ASTER,HL,7.1338,0.3338,1556.41,19.04,1555.3,25.247,1557.04,1555.1,0.0003250100,0.0000062500,0.7,65.7
2026-09-14T08:37:55.374+00:00,ASTER,ENTROPY,7.1337,0.3337,1556.41,19.04,1555.3,0.117,1557.04,1555.2,0.0003250100,0.0000016903,0.7,377.2
2026-09-14T08:37:55.374+00:00,ASTER,HL,7.1338,0.3338,1556.41,19.04,1555.3,25.247,1557.04,1555.1,0.0003250100,0.0000062500,0.7,65.7
2026-09-14T08:37:55.374+00:00,ASTER,ENTROPY,7.1337,0.3337,1556.41,19.04,1555.3,0.117,1557.04,1555.2,0.0003250100,0.0000016903,0.7,377.3
2026-09-14T08:37:55.374+00:00,ASTER,HL,7.1338,0.3338,1556.41,35.42,1555.3,25.247,1557.04,1555.1,0.0003250100,0.0000062500,0.7,65.7
2026-09-14T08:37:55.374+00:00,ASTER,ENTROPY,7.1337,0.3337,1556.41,35.42,1555.3,0.117,1557.04,1555.2,0.0003250100,0.0000016903,0.7,377.3
2026-09-14T08:37:55.391+00:00,ASTER,HL,8.3547,1.5547,1556.6,3.04,1555.3,25.247,1557.04,1555.1,0.0003250100,0.0000062500,0.2,83.2
2026-09-14T08:37:55.391+00:00,ASTER,ENTROPY,8.3546,1.5546,1556.6,3.04,1555.3,0.117,1557.04,1555.2,0.0003250100,0.0000016903,0.2,394.8
2026-09-14T08:37:55.447+00:00,ASTER,HL,8.3547,1.5547,1556.6,3.04,1555.3,25.247,1557.01,1555.1,0.0003250100,0.0000062500,0.2,139.4
2026-09-14T08:37:55.447+00:00,ASTER,ENTROPY,8.3546,1.5546,1556.6,3.04,1555.3,0.117,1557.01,1555.2,0.0003250100,0.0000016903,0.2,451.0
2026-09-14T08:37:55.529+00:00,ASTER,HL,8.9976,2.1976,1556.6,3.04,1555.2,1.0,1557.01,1555.1,0.0003250100,0.0000062500,82.4,0.3
2026-09-14T08:37:55.556+00:00,ASTER,HL,8.9976,2.1976,1556.6,3.04,1555.2,1.0,1557.0,1555.1,0.0003250100,0.0000062500,0.2,26.7
2026-09-14T08:37:55.556+00:00,ASTER,ENTROPY,8.3546,1.5546,1556.6,3.04,1555.3,0.117,1557.0,1555.2,0.0003250100,0.0000016903,0.2,559.6
2026-09-14T08:37:55.606+00:00,ASTER,HL,8.9976,2.1976,1556.6,3.04,1555.2,1.831,1557.0,1555.1,0.0003250100,0.0000062500,50.8,0.3
2026-09-14T08:37:55.607+00:00,ASTER,ENTROPY,8.3546,1.5546,1556.6,3.04,1555.3,0.3298,1557.0,1555.2,0.0003250100,0.0000016903,51.0,0.4
2026-09-14T08:37:55.759+00:00,ASTER,HL,8.9976,2.1976,1556.6,3.04,1555.2,21.95,1557.0,1555.1,0.0003250100,0.0000062500,203.3,0.3
2026-09-14T08:37:55.863+00:00,ASTER,HL,8.9977,2.1977,1556.6,3.04,1555.2,31.12,1557.0,1555.0,0.0003250100,0.0000062500,307.2,0.3
2026-09-14T08:37:55.930+00:00,ASTER,HL,9.6406,2.8406,1556.6,3.04,1555.1,18.342,1557.0,1555.0,0.0003250100,0.0000062500,374.7,0.3
2026-09-14T08:37:55.937+00:00,ASTER,HL,8.4197,1.6197,1556.41,35.42,1555.1,18.342,1557.0,1555.0,0.0003250100,0.0000062500,0.2,7.1
2026-09-14T08:37:55.937+00:00,ASTER,ENTROPY,7.1338,0.3338,1556.41,35.42,1555.3,0.3298,1557.0,1555.2,0.0003250100,0.0000016903,0.2,330.9
2026-09-14T08:37:55.942+00:00,ASTER,HL,8.4197,1.6197,1556.41,34.09,1555.1,18.342,1557.0,1555.0,0.0003250100,0.0000062500,0.1,12.1
2026-09-14T08:37:55.942+00:00,ASTER,ENTROPY,7.1338,0.3338,1556.41,34.09,1555.3,0.3298,1557.0,1555.2,0.0003250100,0.0000016903,0.1,336.0
2026-09-14T08:37:55.942+00:00,ASTER,HL,8.4197,1.6197,1556.41,17.71,1555.1,18.342,1557.0,1555.0,0.0003250100,0.0000062500,0.2,12.2
2026-09-14T08:37:55.942+00:00,ASTER,ENTROPY,7.1338,0.3338,1556.41,17.71,1555.3,0.3298,1557.0,1555.2,0.0003250100,0.0000016903,0.2,336.1
2026-09-14T08:37:55.949+00:00,ASTER,HL,9.8333,3.0333,1556.63,3.04,1555.1,18.342,1557.0,1555.0,0.0003250100,0.0000062500,0.1,18.7
2026-09-14T08:37:55.949+00:00,ASTER,ENTROPY,8.5474,1.7474,1556.63,3.04,1555.3,0.3298,1557.0,1555.2,0.0003250100,0.0000016903,0.1,342.6
2026-09-14T08:37:56.010+00:00,ASTER,HL,9.1905,2.3905,1556.63,3.04,1555.2,4.333,1557.0,1555.0,0.0003250100,0.0000062500,62.0,0.2
2026-09-14T08:37:56.132+00:00,ASTER,HL,7.9054,1.1054,1556.43,44.76,1555.2,4.333,1557.0,1555.0,0.0003250100,0.0000062500,1.6,121.5
2026-09-14T08:37:56.132+00:00,ASTER,ENTROPY,7.2623,0.4623,1556.43,44.76,1555.3,0.3298,1557.0,1555.2,0.0003250100,0.0000016903,1.6,525.7
2026-09-14T08:37:56.147+00:00,ASTER,HL,7.9054,1.1054,1556.43,38.76,1555.2,4.333,1557.0,1555.0,0.0003250100,0.0000062500,0.2,136.7
2026-09-14T08:37:56.147+00:00,ASTER,ENTROPY,7.2623,0.4623,1556.43,38.76,1555.3,0.3298,1557.0,1555.2,0.0003250100,0.0000016903,0.2,540.9
2026-09-14T08:37:56.147+00:00,ASTER,HL,7.9054,1.1054,1556.43,22.38,1555.2,4.333,1557.0,1555.0,0.0003250100,0.0000062500,0.2,136.8
2026-09-14T08:37:56.147+00:00,ASTER,ENTROPY,7.2623,0.4623,1556.43,22.38,1555.3,0.3298,1557.0,1555.2,0.0003250100,0.0000016903,0.2,541.0
2026-09-14T08:37:56.147+00:00,ASTER,HL,7.9054,1.1054,1556.43,16.38,1555.2,4.333,1557.0,1555.0,0.0003250100,0.0000062500,0.3,136.8
2026-09-14T08:37:56.147+00:00,ASTER,ENTROPY,7.2623,0.4623,1556.43,16.38,1555.3,0.3298,1557.0,1555.2,0.0003250100,0.0000016903,0.3,541.0
2026-09-14T08:37:56.147+00:00,ASTER,HL,7.7126,0.9126,1556.4,0.64,1555.2,4.333,1557.0,1555.0,0.0003250100,0.0000062500,0.3,136.9
2026-09-14T08:37:56.147+00:00,ASTER,ENTROPY,7.0695,0.2695,1556.4,0.64,1555.3,0.3298,1557.0,1555.2,0.0003250100,0.0000016903,0.3,541.1
2026-09-14T08:37:56.147+00:00,ASTER,HL,9.2547,2.4547,1556.64,3.04,1555.2,4.333,1557.0,1555.0,0.0003250100,0.0000062500,0.3,136.9
2026-09-14T08:37:56.147+00:00,ASTER,ENTROPY,8.6116,1.8116,1556.64,3.04,1555.3,0.3298,1557.0,1555.2,0.0003250100,0.0000016903,0.3,541.1
2026-09-14T08:37:56.147+00:00,ASTER,HL,9.4475,2.6475,1556.67,3.04,1555.2,4.333,1557.0,1555.0,0.0003250100,0.0000062500,0.3,136.9
2026-09-14T08:37:56.147+00:00,ASTER,ENTROPY,8.8044,2.0044,1556.67,3.04,1555.3,0.3298,1557.0,1555.2,0.0003250100,0.0000016903,0.3,541.1
2026-09-14T08:37:56.187+00:00,ASTER,HL,9.4475,2.6475,1556.67,3.04,1555.2,3.388,1557.0,1555.0,0.0003250100,0.0000062500,40.1,0.2
2026-09-14T08:37:56.187+00:00,ASTER,ENTROPY,8.8044,2.0044,1556.67,3.04,1555.3,0.3298,1557.0,1555.2,0.0003250100,0.0000016903,40.3,0.4
2026-09-14T08:37:56.251+00:00,ASTER,HL,8.0981,1.2981,1556.46,56.94,1555.2,3.388,1557.0,1555.0,0.0003250100,0.0000062500,0.2,64.1
2026-09-14T08:37:56.251+00:00,ASTER,ENTROPY,7.4551,0.6551,1556.46,56.94,1555.3,0.3298,1557.0,1555.2,0.0003250100,0.0000016903,0.2,64.1
2026-09-14T08:37:56.257+00:00,ASTER,HL,9.6403,2.8403,1556.7,3.04,1555.2,3.388,1557.0,1555.0,0.0003250100,0.0000062500,0.2,70.1
2026-09-14T08:37:56.257+00:00,ASTER,ENTROPY,8.9971,2.1971,1556.7,3.04,1555.3,0.3298,1557.0,1555.2,0.0003250100,0.0000016903,0.2,70.1
2026-09-14T08:37:56.285+00:00,ASTER,HL,10.2831,3.4831,1556.7,3.04,1555.1,0.643,1557.0,1555.0,0.0003250100,0.0000062500,28.6,0.3
2026-09-14T08:37:56.363+00:00,ASTER,HL,10.2831,3.4831,1556.7,3.04,1555.1,22.735,1557.0,1555.0,0.0003250100,0.0000062500,105.9,0.2
2026-09-14T08:37:56.363+00:00,ASTER,ENTROPY,8.9971,2.1971,1556.7,3.04,1555.3,0.3298,1557.0,1555.2,0.0003250100,0.0000016903,106.1,0.4
2026-09-14T08:37:56.454+00:00,ASTER,ENTROPY,8.9971,2.1971,1556.7,3.04,1555.3,0.3298,1557.0,1555.2,0.0003250100,0.0000016903,197.0,0.2
2026-09-14T08:37:56.577+00:00,ASTER,HL,8.7410,1.9410,1556.46,56.94,1555.1,22.735,1557.0,1555.0,0.0003250100,0.0000062500,0.2,214.9
2026-09-14T08:37:56.577+00:00,ASTER,ENTROPY,7.4551,0.6551,1556.46,56.94,1555.3,0.3298,1557.0,1555.2,0.0003250100,0.0000016903,0.2,123.8
2026-09-14T08:37:56.671+00:00,ASTER,HL,8.7410,1.9410,1556.46,44.85,1555.1,22.735,1557.0,1555.0,0.0003250100,0.0000062500,0.2,308.1
2026-09-14T08:37:56.671+00:00,ASTER,ENTROPY,7.4551,0.6551,1556.46,44.85,1555.3,0.3298,1557.0,1555.2,0.0003250100,0.0000016903,0.2,217.0
2026-09-14T08:37:56.671+00:00,ASTER,HL,8.7410,1.9410,1556.46,28.47,1555.1,22.735,1557.0,1555.0,0.0003250100,0.0000062500,0.4,308.3
2026-09-14T08:37:56.671+00:00,ASTER,ENTROPY,7.4551,0.6551,1556.46,28.47,1555.3,0.3298,1557.0,1555.2,0.0003250100,0.0000016903,0.4,217.2
2026-09-14T08:37:56.671+00:00,ASTER,HL,8.7410,1.9410,1556.46,16.38,1555.1,22.735,1557.0,1555.0,0.0003250100,0.0000062500,0.4,308.3
2026-09-14T08:37:56.671+00:00,ASTER,ENTROPY,7.4551,0.6551,1556.46,16.38,1555.3,0.3298,1557.0,1555.2,0.0003250100,0.0000016903,0.4,217.2
2026-09-14T08:37:56.671+00:00,ASTER,HL,8.3554,1.5554,1556.4,0.64,1555.1,22.735,1557.0,1555.0,0.0003250100,0.0000062500,0.4,308.3
2026-09-14T08:37:56.671+00:00,ASTER,ENTROPY,7.0695,0.2695,1556.4,0.64,1555.3,0.3298,1557.0,1555.2,0.0003250100,0.0000016903,0.4,217.2
2026-09-14T08:37:56.671+00:00,ASTER,HL,9.7691,2.9691,1556.62,3.04,1555.1,22.735,1557.0,1555.0,0.0003250100,0.0000062500,0.4,308.4
2026-09-14T08:37:56.671+00:00,ASTER,ENTROPY,8.4831,1.6831,1556.62,3.04,1555.3,0.3298,1557.0,1555.2,0.0003250100,0.0000016903,0.4,217.3
2026-09-14T08:37:56.671+00:00,ASTER,HL,10.3474,3.5474,1556.71,0.78,1555.1,22.735,1557.0,1555.0,0.0003250100,0.0000062500,0.4,308.4
2026-09-14T08:37:56.671+00:00,ASTER,ENTROPY,9.0614,2.2614,1556.71,0.78,1555.3,0.3298,1557.0,1555.2,0.0003250100,0.0000016903,0.4,217.3
2026-09-14T08:37:56.694+00:00,ASTER,HL,10.3474,3.5474,1556.71,3.82,1555.1,22.735,1557.0,1555.0,0.0003250100,0.0000062500,0.3,331.1
2026-09-14T08:37:56.694+00:00,ASTER,ENTROPY,9.0614,2.2614,1556.71,3.82,1555.3,0.3298,1557.0,1555.2,0.0003250100,0.0000016903,0.3,240.0
2026-09-14T08:37:56.727+00:00,ASTER,HL,10.3471,3.5471,1556.71,3.82,1555.1,22.735,1557.16,1555.0,0.0003250100,0.0000062500,0.3,364.7
2026-09-14T08:37:56.727+00:00,ASTER,ENTROPY,9.0612,2.2612,1556.71,3.82,1555.3,0.3298,1557.16,1555.2,0.0003250100,0.0000016903,0.3,273.6
2026-09-14T08:37:56.743+00:00,ASTER,HL,10.3471,3.5471,1556.71,3.82,1555.1,22.735,1557.16,1555.0,0.0003250100,0.0000062500,0.2,380.5
2026-09-14T08:37:56.743+00:00,ASTER,ENTROPY,9.0612,2.2612,1556.71,3.82,1555.3,0.3298,1557.16,1555.2,0.0003250100,0.0000016903,0.2,289.4
2026-09-14T08:37:56.743+00:00,ASTER,HL,10.3471,3.5471,1556.71,3.82,1555.1,22.735,1557.18,1555.0,0.0003250100,0.0000062500,0.4,380.7
2026-09-14T08:37:56.743+00:00,ASTER,ENTROPY,9.0611,2.2611,1556.71,3.82,1555.3,0.3298,1557.18,1555.2,0.0003250100,0.0000016903,0.4,289.6
2026-09-14T08:37:56.743+00:00,ASTER,HL,10.4756,3.6756,1556.73,3.04,1555.1,22.735,1557.18,1555.0,0.0003250100,0.0000062500,0.4,380.7
2026-09-14T08:37:56.743+00:00,ASTER,ENTROPY,9.1896,2.3896,1556.73,3.04,1555.3,0.3298,1557.18,1555.2,0.0003250100,0.0000016903,0.4,289.6
2026-09-14T08:37:56.785+00:00,ASTER,HL,10.3471,3.5471,1556.71,0.78,1555.1,22.735,1557.18,1555.0,0.0003250100,0.0000062500,0.3,422.4
2026-09-14T08:37:56.785+00:00,ASTER,ENTROPY,9.0611,2.2611,1556.71,0.78,1555.3,0.3298,1557.18,1555.2,0.0003250100,0.0000016903,0.3,331.3
2026-09-14T08:37:56.800+00:00,ASTER,HL,10.3471,3.5471,1556.71,0.78,1555.1,22.735,1557.17,1555.0,0.0003250100,0.0000062500,0.2,437.7
2026-09-14T08:37:56.800+00:00,ASTER,ENTROPY,9.0611,2.2611,1556.71,0.78,1555.3,0.3298,1557.17,1555.2,0.0003250100,0.0000016903,0.2,346.6
2026-09-14T08:37:56.800+00:00,ASTER,HL,10.6041,3.8041,1556.75,3.04,1555.1,22.735,1557.17,1555.0,0.0003250100,0.0000062500,0.3,437.9
2026-09-14T08:37:56.800+00:00,ASTER,ENTROPY,9.3181,2.5181,1556.75,3.04,1555.3,0.3298,1557.17,1555.2,0.0003250100,0.0000016903,0.3,346.8
2026-09-14T08:37:56.800+00:00,ASTER,HL,10.6041,3.8041,1556.75,3.04,1555.1,22.735,1557.17,1555.0,0.0003250100,0.0000062500,0.4,437.9
2026-09-14T08:37:56.800+00:00,ASTER,ENTROPY,9.3181,2.5181,1556.75,3.04,1555.3,0.3298,1557.17,1555.2,0.0003250100,0.0000016903,0.4,346.8
2026-09-14T08:37:56.851+00:00,ASTER,HL,10.6041,3.8041,1556.75,3.04,1555.1,23.88,1557.17,1555.0,0.0003250100,0.0000062500,51.6,0.2
2026-09-14T08:37:56.881+00:00,ASTER,HL,10.3471,3.5471,1556.71,0.78,1555.1,23.88,1557.17,1555.0,0.0003250100,0.0000062500,0.2,30.2
2026-09-14T08:37:56.881+00:00,ASTER,ENTROPY,9.0611,2.2611,1556.71,0.78,1555.3,0.3298,1557.17,1555.2,0.0003250100,0.0000016903,0.2,428.0
2026-09-14T08:37:56.890+00:00,ASTER,HL,10.3471,3.5471,1556.71,0.78,1555.1,23.88,1557.17,1555.0,0.0003250100,0.0000062500,0.2,38.6
2026-09-14T08:37:56.890+00:00,ASTER,ENTROPY,9.0611,2.2611,1556.71,0.78,1555.3,0.3298,1557.17,1555.2,0.0003250100,0.0000016903,0.2,436.5
2026-09-14T08:37:56.890+00:00,ASTER,HL,10.3471,3.5471,1556.71,0.78,1555.1,23.88,1557.18,1555.0,0.0003250100,0.0000062500,0.3,38.7
2026-09-14T08:37:56.890+00:00,ASTER,ENTROPY,9.0611,2.2611,1556.71,0.78,1555.3,0.3298,1557.18,1555.2,0.0003250100,0.0000016903,0.3,436.6
2026-09-14T08:37:56.890+00:00,ASTER,HL,10.7326,3.9326,1556.77,3.04,1555.1,23.88,1557.18,1555.0,0.0003250100,0.0000062500,0.3,38.8
2026-09-14T08:37:56.890+00:00,ASTER,ENTROPY,9.4466,2.6466,1556.77,3.04,1555.3,0.3298,1557.18,1555.2,0.0003250100,0.0000016903,0.3,436.6
2026-09-14T08:37:56.927+00:00,ASTER,HL,10.7326,3.9326,1556.77,3.04,1555.1,0.54,1557.18,1555.0,0.0003250100,0.0000062500,36.9,0.3
2026-09-14T08:37:56.927+00:00,ASTER,ENTROPY,9.4466,2.6466,1556.77,3.04,1555.3,0.117,1557.18,1555.2,0.0003250100,0.0000016903,37.0,0.4
2026-09-14T08:37:56.933+00:00,ASTER,HL,10.3471,3.5471,1556.71,0.78,1555.1,0.54,1557.18,1555.0,0.0003250100,0.0000062500,0.1,6.6
2026-09-14T08:37:56.933+00:00,ASTER,ENTROPY,9.0611,2.2611,1556.71,0.78,1555.3,0.117,1557.18,1555.2,0.0003250100,0.0000016903,0.1,6.5
2026-09-14T08:37:56.944+00:00,ASTER,HL,10.9253,4.1253,1556.8,3.04,1555.1,0.54,1557.18,1555.0,0.0003250100,0.0000062500,0.1,17.7
2026-09-14T08:37:56.944+00:00,ASTER,ENTROPY,9.6394,2.8394,1556.8,3.04,1555.3,0.117,1557.18,1555.2,0.0003250100,0.0000016903,0.1,17.7
2026-09-14T08:37:56.991+00:00,ASTER,HL,10.9253,4.1253,1556.8,3.04,1555.1,0.54,1557.18,1555.0,0.0003250100,0.0000062500,47.0,0.2
2026-09-14T08:37:57.044+00:00,ASTER,HL,10.9253,4.1253,1556.8,3.04,1555.1,0.54,1557.18,1555.0,0.0003250100,0.0000062500,99.7,0.2
2026-09-14T08:37:57.086+00:00,ASTER,HL,10.3471,3.5471,1556.71,0.78,1555.1,0.54,1557.18,1555.0,0.0003250100,0.0000062500,0.2,43.1
2026-09-14T08:37:57.086+00:00,ASTER,ENTROPY,9.0611,2.2611,1556.71,0.78,1555.3,0.117,1557.18,1555.2,0.0003250100,0.0000016903,0.2,160.2
2026-09-14T08:37:57.098+00:00,ASTER,HL,11.1181,4.3181,1556.83,3.04,1555.1,0.54,1557.18,1555.0,0.0003250100,0.0000062500,0.1,54.2
2026-09-14T08:37:57.098+00:00,ASTER,ENTROPY,9.8321,3.0321,1556.83,3.04,1555.3,0.117,1557.18,1555.2,0.0003250100,0.0000016903,0.1,171.3
2026-09-14T08:37:57.136+00:00,ASTER,HL,10.3471,3.5471,1556.71,0.78,1555.1,0.54,1557.18,1555.0,0.0003250100,0.0000062500,1.2,92.8
2026-09-14T08:37:57.136+00:00,ASTER,ENTROPY,9.0611,2.2611,1556.71,0.78,1555.3,0.117,1557.18,1555.2,0.0003250100,0.0000016903,1.2,209.9
2026-09-14T08:37:57.136+00:00,ASTER,HL,10.3468,3.5468,1556.71,0.78,1555.1,0.54,1557.33,1555.0,0.0003250100,0.0000062500,1.3,92.9
2026-09-14T08:37:57.136+00:00,ASTER,ENTROPY,9.0609,2.2609,1556.71,0.78,1555.3,0.117,1557.33,1555.2,0.0003250100,0.0000016903,1.3,210.0
2026-09-14T08:37:57.147+00:00,ASTER,HL,11.3748,4.5748,1556.87,3.04,1555.1,0.54,1557.33,1555.0,0.0003250100,0.0000062500,0.1,103.6
2026-09-14T08:37:57.147+00:00,ASTER,ENTROPY,10.0888,3.2888,1556.87,3.04,1555.3,0.117,1557.33,1555.2,0.0003250100,0.0000016903,0.1,220.7
2026-09-14T08:37:57.196+00:00,ASTER,HL,10.3468,3.5468,1556.71,0.78,1555.1,0.54,1557.33,1555.0,0.0003250100,0.0000062500,0.1,153.0
2026-09-14T08:37:57.196+00:00,ASTER,ENTROPY,9.0609,2.2609,1556.71,0.78,1555.3,0.117,1557.33,1555.2,0.0003250100,0.0000016903,0.1,270.0
2026-09-14T08:37:57.205+00:00,ASTER,HL,10.3468,3.5468,1556.71,0.78,1555.1,0.54,1557.32,1555.0,0.0003250100,0.0000062500,0.2,161.8
2026-09-14T08:37:57.205+00:00,ASTER,ENTROPY,9.0609,2.2609,1556.71,0.78,1555.3,0.117,1557.32,1555.2,0.0003250100,0.0000016903,0.2,278.8
2026-09-14T08:37:57.206+00:00,ASTER,HL,10.4111,3.6111,1556.72,0.04,1555.1,0.54,1557.32,1555.0,0.0003250100,0.0000062500,0.4,162.0
2026-09-14T08:37:57.206+00:00,ASTER,ENTROPY,9.1252,2.3252,1556.72,0.04,1555.3,0.117,1557.32,1555.2,0.0003250100,0.0000016903,0.4,279.0
2026-09-14T08:37:57.206+00:00,ASTER,HL,11.7603,4.9603,1556.93,3.04,1555.1,0.54,1557.32,1555.0,0.0003250100,0.0000062500,0.5,162.1
2026-09-14T08:37:57.206+00:00,ASTER,ENTROPY,10.4743,3.6743,1556.93,3.04,1555.3,0.117,1557.32,1555.2,0.0003250100,0.0000016903,0.5,279.1
2026-09-14T08:37:57.287+00:00,ASTER,HL,10.4111,3.6111,1556.72,0.04,1555.1,0.54,1557.32,1555.0,0.0003250100,0.0000062500,0.2,243.3
2026-09-14T08:37:57.287+00:00,ASTER,ENTROPY,9.1252,2.3252,1556.72,0.04,1555.3,0.117,1557.32,1555.2,0.0003250100,0.0000016959,0.2,360.4
2026-09-14T08:37:57.294+00:00,ASTER,HL,10.4111,3.6111,1556.72,0.04,1555.1,0.54,1557.3,1555.0,0.0003250100,0.0000062500,0.2,250.8
2026-09-14T08:37:57.294+00:00,ASTER,ENTROPY,9.1252,2.3252,1556.72,0.04,1555.3,0.117,1557.3,1555.2,0.0003250100,0.0000016959,0.2,367.9
2026-09-14T08:37:57.294+00:00,ASTER,HL,10.4111,3.6111,1556.72,0.04,1555.1,0.54,1557.3,1555.0,0.0003250100,0.0000062500,0.3,251.0
2026-09-14T08:37:57.294+00:00,ASTER,ENTROPY,9.1252,2.3252,1556.72,0.04,1555.3,0.117,1557.3,1555.2,0.0003250100,0.0000016959,0.3,368.0
2026-09-14T08:37:57.294+00:00,ASTER,HL,10.4111,3.6111,1556.72,0.04,1555.1,0.54,1557.3,1555.0,0.0003250100,0.0000062500,0.3,251.0
2026-09-14T08:37:57.294+00:00,ASTER,ENTROPY,9.1252,2.3252,1556.72,0.04,1555.3,0.117,1557.3,1555.2,0.0003250100,0.0000016959,0.3,368.1
2026-09-14T08:37:57.294+00:00,ASTER,HL,10.4111,3.6111,1556.72,0.04,1555.1,0.54,1557.3,1555.0,0.0003250100,0.0000062500,0.3,251.0
2026-09-14T08:37:57.294+00:00,ASTER,ENTROPY,9.1252,2.3252,1556.72,0.04,1555.3,0.117,1557.3,1555.2,0.0003250100,0.0000016959,0.3,368.1
2026-09-14T08:37:57.315+00:00,ASTER,HL,10.4111,3.6111,1556.72,0.04,1555.1,0.54,1557.3,1555.0,0.0003250100,0.0000062500,20.6,0.2
2026-09-14T08:37:57.347+00:00,ASTER,HL,9.1252,2.3252,1556.72,0.04,1555.3,1.181,1557.3,1555.2,0.0003250100,0.0000062500,52.4,0.2
2026-09-14T08:37:57.392+00:00,ASTER,HL,9.1252,2.3252,1556.72,0.04,1555.3,0.958,1557.3,1555.2,0.0003250100,0.0000062500,97.2,0.2
2026-09-14T08:37:57.392+00:00,ASTER,ENTROPY,9.1252,2.3252,1556.72,0.04,1555.3,0.1639,1557.3,1555.2,0.0003250100,0.0000016959,97.3,0.3
2026-09-14T08:37:57.395+00:00,ASTER,HL,9.1252,2.3252,1556.72,0.04,1555.3,0.958,1557.29,1555.2,0.0003250100,0.0000062500,0.1,3.5
2026-09-14T08:37:57.395+00:00,ASTER,ENTROPY,9.1252,2.3252,1556.72,0.04,1555.3,0.1639,1557.29,1555.2,0.0003250100,0.0000016959,0.1,3.4
2026-09-14T08:37:57.395+00:00,ASTER,HL,9.9604,3.1604,1556.85,3.04,1555.3,0.958,1557.29,1555.2,0.0003250100,0.0000062500,0.1,3.6
2026-09-14T08:37:57.395+00:00,ASTER,ENTROPY,9.9604,3.1604,1556.85,3.04,1555.3,0.1639,1557.29,1555.2,0.0003250100,0.0000016959,0.1,3.5
2026-09-14T08:37:57.520+00:00,ASTER,HL,8.6749,1.8749,1556.85,3.04,1555.5,29.741,1557.29,1555.2,0.0003250100,0.0000062500,125.1,0.2
2026-09-14T08:37:57.575+00:00,ASTER,HL,8.6749,1.8749,1556.85,3.04,1555.5,29.741,1557.29,1555.2,0.0003250100,0.0000062500,180.2,0.3
2026-09-14T08:37:57.805+00:00,ASTER,HL,9.9604,3.1604,1556.85,3.04,1555.3,0.604,1557.29,1555.2,0.0003250100,0.0000062500,410.7,0.3
2026-09-14T08:37:57.806+00:00,ASTER,ENTROPY,8.6749,1.8749,1556.85,3.04,1555.5,0.2142,1557.29,1555.2,0.0003250100,0.0000016959,410.8,0.5
2026-09-14T08:37:57.834+00:00,ASTER,HL,9.0610,2.2610,1556.71,0.78,1555.3,0.604,1557.29,1555.2,0.0003250100,0.0000062500,0.2,29.9
2026-09-14T08:37:57.834+00:00,ASTER,ENTROPY,7.7755,0.9755,1556.71,0.78,1555.5,0.2142,1557.29,1555.2,0.0003250100,0.0000016959,0.2,29.8
2026-09-14T08:37:57.846+00:00,ASTER,HL,8.8040,2.0040,1556.67,2.56,1555.3,0.604,1557.29,1555.2,0.0003250100,0.0000062500,0.1,40.6
2026-09-14T08:37:57.846+00:00,ASTER,ENTROPY,7.5185,0.7185,1556.67,2.56,1555.5,0.2142,1557.29,1555.2,0.0003250100,0.0000016959,0.1,40.5
2026-09-14T08:37:57.846+00:00,ASTER,HL,8.8041,2.0041,1556.67,2.56,1555.3,0.604,1557.22,1555.2,0.0003250100,0.0000062500,0.2,40.7
2026-09-14T08:37:57.846+00:00,ASTER,ENTROPY,7.5186,0.7186,1556.67,2.56,1555.5,0.2142,1557.22,1555.2,0.0003250100,0.0000016959,0.2,40.6
2026-09-14T08:37:57.893+00:00,ASTER,HL,8.8041,2.0041,1556.67,1.28,1555.3,0.604,1557.22,1555.2,0.0003250100,0.0000062500,0.2,88.3
2026-09-14T08:37:57.893+00:00,ASTER,ENTROPY,7.5186,0.7186,1556.67,1.28,1555.5,0.2142,1557.22,1555.2,0.0003250100,0.0000016959,0.2,88.2
2026-09-14T08:37:57.897+00:00,ASTER,HL,7.9688,1.1688,1556.54,0.01,1555.3,0.604,1557.22,1555.2,0.0003250100,0.0000062500,0.1,92.2
2026-09-14T08:37:57.905+00:00,ASTER,HL,7.9689,1.1689,1556.54,0.01,1555.3,0.604,1557.16,1555.2,0.0003250100,0.0000062500,0.2,100.3
2026-09-14T08:37:57.905+00:00,ASTER,HL,7.9689,1.1689,1556.54,0.01,1555.3,0.604,1557.16,1555.2,0.0003250100,0.0000062500,0.4,100.5
2026-09-14T08:37:57.917+00:00,ASTER,HL,7.9689,1.1689,1556.54,0.01,1555.3,22.339,1557.16,1555.2,0.0003250100,0.0000062500,12.6,0.1
2026-09-14T08:37:57.945+00:00,ASTER,HL,8.8684,2.0684,1556.68,3.04,1555.3,22.339,1557.16,1555.2,0.0003250100,0.0000062500,0.2,27.8
2026-09-14T08:37:57.945+00:00,ASTER,ENTROPY,7.5829,0.7829,1556.68,3.04,1555.5,0.2142,1557.16,1555.2,0.0003250100,0.0000016959,0.2,140.4
2026-09-14T08:37:57.988+00:00,ASTER,HL,8.8684,2.0684,1556.68,3.04,1555.3,22.339,1557.15,1555.2,0.0003250100,0.0000062500,0.2,69.8
2026-09-14T08:37:57.988+00:00,ASTER,ENTROPY,7.5829,0.7829,1556.68,3.04,1555.5,0.2142,1557.15,1555.2,0.0003250100,0.0000016959,0.2,182.3
2026-09-14T08:37:57.988+00:00,ASTER,HL,8.8684,2.0684,1556.68,3.04,1555.3,22.339,1557.15,1555.2,0.0003250100,0.0000062500,0.4,69.9
2026-09-14T08:37:57.988+00:00,ASTER,ENTROPY,7.5829,0.7829,1556.68,3.04,1555.5,0.2142,1557.15,1555.2,0.0003250100,0.0000016959,0.4,182.5
2026-09-14T08:37:58.090+00:00,ASTER,HL,7.9689,1.1689,1556.54,0.01,1555.3,22.339,1557.15,1555.2,0.0003250100,0.0000062500,0.2,173.1
2026-09-14T08:37:58.098+00:00,ASTER,HL,8.9969,2.1969,1556.7,3.04,1555.3,22.339,1557.15,1555.2,0.0003250100,0.0000062500,0.2,180.6
2026-09-14T08:37:58.098+00:00,ASTER,ENTROPY,7.7114,0.9114,1556.7,3.04,1555.5,0.2142,1557.15,1555.2,0.0003250100,0.0000016959,0.2,293.1
2026-09-14T08:37:58.120+00:00,ASTER,HL,8.9971,2.1971,1556.7,3.04,1555.3,23.309,1557.15,1555.1,0.0003250100,0.0000062500,22.5,0.3
2026-09-14T08:37:58.334+00:00,ASTER,HL,7.9690,1.1690,1556.54,0.01,1555.3,23.309,1557.15,1555.1,0.0003250100,0.0000062500,0.9,214.0
2026-09-14T08:37:58.344+00:00,ASTER,HL,8.6118,1.8118,1556.54,0.01,1555.2,0.643,1557.15,1555.1,0.0003250100,0.0000062500,11.0,0.2
2026-09-14T08:37:58.348+00:00,ASTER,HL,9.8326,3.0326,1556.73,3.04,1555.2,0.643,1557.15,1555.1,0.0003250100,0.0000062500,0.1,3.9
2026-09-14T08:37:58.348+00:00,ASTER,ENTROPY,7.9041,1.1041,1556.73,3.04,1555.5,0.2142,1557.15,1555.2,0.0003250100,0.0000016959,0.1,543.0
2026-09-14T08:37:58.382+00:00,ASTER,HL,9.8326,3.0326,1556.73,3.04,1555.2,0.643,1557.15,1555.1,0.0003250100,0.0000062500,0.2,38.1
2026-09-14T08:37:58.382+00:00,ASTER,ENTROPY,7.9041,1.1041,1556.73,3.04,1555.5,0.2142,1557.15,1555.2,0.0003250100,0.0000016959,0.2,577.2
2026-09-14T08:37:58.498+00:00,ASTER,HL,9.8326,3.0326,1556.73,3.04,1555.2,0.643,1557.14,1555.1,0.0003250100,0.0000062500,0.3,153.9
2026-09-14T08:37:58.498+00:00,ASTER,ENTROPY,7.9042,1.1042,1556.73,3.04,1555.5,0.2142,1557.14,1555.2,0.0003250100,0.0000016959,0.3,693.0
2026-09-14T08:37:58.521+00:00,ASTER,HL,9.8326,3.0326,1556.73,3.04,1555.2,0.643,1557.14,1555.1,0.0003250100,0.0000062500,23.2,0.2
2026-09-14T08:37:58.521+00:00,ASTER,ENTROPY,9.1897,2.3897,1556.73,3.04,1555.3,0.1819,1557.14,1555.2,0.0003250100,0.0000016959,23.4,0.4
2026-09-14T08:37:58.588+00:00,ASTER,ENTROPY,9.1897,2.3897,1556.73,3.04,1555.3,0.1819,1557.14,1555.2,0.0003250100,0.0000016959,90.5,0.4
2026-09-14T08:37:58.721+00:00,ASTER,HL,9.8326,3.0326,1556.73,3.04,1555.2,0.643,1557.14,1555.1,0.0003250100,0.0000062500,223.5,0.3
2026-09-14T08:37:58.721+00:00,ASTER,ENTROPY,9.1897,2.3897,1556.73,3.04,1555.3,0.1882,1557.14,1555.2,0.0003250100,0.0000016959,223.8,0.6
2026-09-14T08:37:58.842+00:00,ASTER,HL,9.8326,3.0326,1556.73,3.04,1555.2,1.248,1557.14,1555.1,0.0003250100,0.0000062500,344.3,0.3
2026-09-14T08:37:59.121+00:00,ASTER,HL,9.8326,3.0326,1556.73,3.04,1555.2,2.248,1557.14,1555.1,0.0003250100,0.0000062500,623.1,0.3
2026-09-14T08:37:59.121+00:00,ASTER,ENTROPY,9.1897,2.3897,1556.73,3.04,1555.3,0.163,1557.14,1555.2,0.0003250100,0.0000016959,623.2,0.4
2026-09-14T08:37:59.479+00:00,ASTER,HL,9.8326,3.0326,1556.73,3.04,1555.2,2.248,1557.15,1555.1,0.0003250100,0.0000062500,0.2,357.9
2026-09-14T08:37:59.479+00:00,ASTER,ENTROPY,9.1897,2.3897,1556.73,3.04,1555.3,0.163,1557.15,1555.2,0.0003250100,0.0000016959,0.2,357.9
2026-09-14T08:37:59.538+00:00,ASTER,ENTROPY,7.9041,1.1041,1556.73,3.04,1555.5,0.2142,1557.15,1555.2,0.0003250100,0.0000016959,59.0,0.2
2026-09-14T08:37:59.540+00:00,ASTER,HL,8.6118,1.8118,1556.54,0.01,1555.2,2.248,1557.15,1555.1,0.0003250100,0.0000062500,0.2,419.0
2026-09-14T08:37:59.547+00:00,ASTER,HL,10.1539,3.3539,1556.78,3.04,1555.2,2.248,1557.15,1555.1,0.0003250100,0.0000062500,0.2,425.7
2026-09-14T08:37:59.547+00:00,ASTER,ENTROPY,8.2254,1.4254,1556.78,3.04,1555.5,0.2142,1557.15,1555.2,0.0003250100,0.0000016959,0.2,9.2
2026-09-14T08:37:59.547+00:00,ASTER,HL,10.6678,3.8678,1556.86,3.04,1555.2,2.248,1557.15,1555.1,0.0003250100,0.0000062500,0.3,425.9
2026-09-14T08:37:59.547+00:00,ASTER,ENTROPY,8.7394,1.9394,1556.86,3.04,1555.5,0.2142,1557.15,1555.2,0.0003250100,0.0000016959,0.3,9.4
2026-09-14T08:37:59.547+00:00,ASTER,HL,10.7963,3.9963,1556.88,3.04,1555.2,2.248,1557.15,1555.1,0.0003250100,0.0000062500,0.4,426.0
2026-09-14T08:37:59.547+00:00,ASTER,ENTROPY,8.8679,2.0679,1556.88,3.04,1555.5,0.2142,1557.15,1555.2,0.0003250100,0.0000016959,0.4,9.5
2026-09-14T08:37:59.583+00:00,ASTER,HL,10.7960,3.9960,1556.88,3.04,1555.2,2.248,1557.33,1555.1,0.0003250100,0.0000062500,0.2,462.6
2026-09-14T08:37:59.583+00:00,ASTER,ENTROPY,8.8676,2.0676,1556.88,3.04,1555.5,0.2142,1557.33,1555.2,0.0003250100,0.0000016959,0.2,46.1
2026-09-14T08:37:59.583+00:00,ASTER,HL,10.6675,3.8675,1556.86,3.04,1555.2,2.248,1557.33,1555.1,0.0003250100,0.0000062500,0.4,462.8
2026-09-14T08:37:59.583+00:00,ASTER,ENTROPY,8.7391,1.9391,1556.86,3.04,1555.5,0.2142,1557.33,1555.2,0.0003250100,0.0000016959,0.4,46.3
2026-09-14T08:37:59.597+00:00,ASTER,HL,10.9888,4.1888,1556.91,3.04,1555.2,2.248,1557.33,1555.1,0.0003250100,0.0000062500,0.3,476.4
2026-09-14T08:37:59.597+00:00,ASTER,ENTROPY,9.0603,2.2603,1556.91,3.04,1555.5,0.2142,1557.33,1555.2,0.0003250100,0.0000016959,0.3,59.9
2026-09-14T08:37:59.597+00:00,ASTER,HL,10.9888,4.1888,1556.91,3.04,1555.2,2.248,1557.31,1555.1,0.0003250100,0.0000062500,0.5,476.6
2026-09-14T08:37:59.597+00:00,ASTER,ENTROPY,9.0604,2.2604,1556.91,3.04,1555.5,0.2142,1557.31,1555.2,0.0003250100,0.0000016959,0.5,60.1
2026-09-14T08:37:59.597+00:00,ASTER,HL,10.9888,4.1888,1556.91,3.04,1555.2,2.248,1557.31,1555.1,0.0003250100,0.0000062500,0.6,476.8
2026-09-14T08:37:59.597+00:00,ASTER,ENTROPY,9.0604,2.2604,1556.91,3.04,1555.5,0.2142,1557.31,1555.2,0.0003250100,0.0000016959,0.6,60.3
2026-09-14T08:37:59.699+00:00,ASTER,HL,9.9609,3.1609,1556.75,0.78,1555.2,2.248,1557.31,1555.1,0.0003250100,0.0000062500,0.2,578.3
2026-09-14T08:37:59.699+00:00,ASTER,ENTROPY,8.0324,1.2324,1556.75,0.78,1555.5,0.2142,1557.31,1555.2,0.0003250100,0.0000016959,0.2,161.8
2026-09-14T08:37:59.699+00:00,ASTER,HL,11.0530,4.2530,1556.92,3.04,1555.2,2.248,1557.31,1555.1,0.0003250100,0.0000062500,0.3,578.5
2026-09-14T08:37:59.699+00:00,ASTER,ENTROPY,9.1246,2.3246,1556.92,3.04,1555.5,0.2142,1557.31,1555.2,0.0003250100,0.0000016959,0.3,162.0
2026-09-14T08:37:59.787+00:00,ASTER,HL,11.0530,4.2530,1556.92,3.04,1555.2,2.248,1557.31,1555.1,0.0003250100,0.0000062500,0.2,666.4
2026-09-14T08:37:59.787+00:00,ASTER,ENTROPY,9.1246,2.3246,1556.92,3.04,1555.5,0.2142,1557.31,1555.2,0.0003250100,0.0000016959,0.2,249.9
2026-09-14T08:37:59.787+00:00,ASTER,HL,11.0530,4.2530,1556.92,3.04,1555.2,2.248,1557.33,1555.1,0.0003250100,0.0000062500,0.3,666.6
2026-09-14T08:37:59.787+00:00,ASTER,ENTROPY,9.1246,2.3246,1556.92,3.04,1555.5,0.2142,1557.33,1555.2,0.0003250100,0.0000016959,0.3,250.1
2026-09-14T08:37:59.787+00:00,ASTER,HL,9.9608,3.1608,1556.75,0.78,1555.2,2.248,1557.33,1555.1,0.0003250100,0.0000062500,0.4,666.6
2026-09-14T08:37:59.787+00:00,ASTER,ENTROPY,8.0324,1.2324,1556.75,0.78,1555.5,0.2142,1557.33,1555.2,0.0003250100,0.0000016959,0.4,250.1
2026-09-14T08:37:59.801+00:00,ASTER,HL,11.2457,4.4457,1556.95,3.04,1555.2,2.248,1557.33,1555.1,0.0003250100,0.0000062500,0.2,680.5
2026-09-14T08:37:59.801+00:00,ASTER,ENTROPY,9.3173,2.5173,1556.95,3.04,1555.5,0.2142,1557.33,1555.2,0.0003250100,0.0000016959,0.2,264.0
2026-09-14T08:37:59.919+00:00,ASTER,ENTROPY,9.3173,2.5173,1556.95,3.04,1555.5,0.2142,1557.33,1555.2,0.0003250100,0.0000016959,118.3,0.3
2026-09-14T08:37:59.973+00:00,ASTER,HL,11.2457,4.4457,1556.95,3.04,1555.2,1.0,1557.33,1555.1,0.0003250100,0.0000062500,171.5,0.3
2026-09-14T08:37:59.973+00:00,ASTER,ENTROPY,8.0318,1.2318,1556.95,3.04,1555.7,0.3216,1557.33,1555.3,0.0003250100,0.0000016959,171.6,0.4
2026-09-14T08:38:00.010+00:00,ASTER,HL,11.2457,4.4457,1556.95,3.04,1555.2,1.0,1557.33,1555.1,0.0003250100,0.0000062500,208.7,0.3
2026-09-14T08:38:00.010+00:00,ASTER,ENTROPY,8.0314,1.2314,1556.95,3.04,1555.7,0.3216,1557.33,1555.6,0.0003250100,0.0000016959,208.8,0.4
2026-09-14T08:38:00.024+00:00,ASTER,HL,11.2457,4.4457,1556.95,3.04,1555.2,1.0,1557.33,1555.1,0.0003250100,0.0000062500,223.4,0.3
2026-09-14T08:38:00.035+00:00,ASTER,HL,9.9608,3.1608,1556.75,0.78,1555.2,1.0,1557.33,1555.1,0.0003250100,0.0000062500,0.2,10.7
2026-09-14T08:38:00.043+00:00,ASTER,HL,9.9608,3.1608,1556.75,0.78,1555.2,1.0,1557.33,1555.1,0.0003250100,0.0000062500,0.2,18.8
2026-09-14T08:38:00.094+00:00,ASTER,HL,9.9609,3.1609,1556.75,0.78,1555.2,1.0,1557.3,1555.1,0.0003250100,0.0000062500,0.2,69.8
2026-09-14T08:38:00.094+00:00,ASTER,HL,9.9609,3.1609,1556.75,0.78,1555.2,1.0,1557.3,1555.1,0.0003250100,0.0000062500,0.3,69.9
2026-09-14T08:38:00.140+00:00,ASTER,HL,8.6750,1.8750,1556.75,0.78,1555.4,1.423,1557.3,1555.3,0.0003250100,0.0000062500,47.0,0.2
2026-09-14T08:38:00.150+00:00,ASTER,HL,8.6751,1.8751,1556.75,0.78,1555.4,1.423,1557.29,1555.3,0.0003250100,0.0000062500,0.1,9.3
2026-09-14T08:38:00.150+00:00,ASTER,HL,9.3818,2.5818,1556.86,3.04,1555.4,1.423,1557.29,1555.3,0.0003250100,0.0000062500,0.2,9.4
2026-09-14T08:38:00.150+00:00,ASTER,ENTROPY,7.4533,0.6533,1556.86,3.04,1555.7,0.3216,1557.29,1555.6,0.0003250100,0.0000016959,0.2,9.4
2026-09-14T08:38:00.184+00:00,ASTER,HL,8.6751,1.8751,1556.75,0.78,1555.4,1.423,1557.29,1555.3,0.0003250100,0.0000062500,0.2,43.1
2026-09-14T08:38:00.204+00:00,ASTER,HL,9.4460,2.6460,1556.87,3.04,1555.4,1.423,1557.29,1555.3,0.0003250100,0.0000062500,0.2,63.7
2026-09-14T08:38:00.204+00:00,ASTER,ENTROPY,7.5175,0.7175,1556.87,3.04,1555.7,0.3216,1557.29,1555.6,0.0003250100,0.0000016959,0.2,63.7
2026-09-14T08:38:00.236+00:00,ASTER,HL,9.4460,2.6460,1556.87,3.04,1555.4,1.423,1557.3,1555.3,0.0003250100,0.0000062500,0.2,95.7
2026-09-14T08:38:00.236+00:00,ASTER,ENTROPY,7.5175,0.7175,1556.87,3.04,1555.7,0.3216,1557.3,1555.6,0.0003250100,0.0000016959,0.2,95.6
2026-09-14T08:38:00.236+00:00,ASTER,HL,8.6750,1.8750,1556.75,0.78,1555.4,1.423,1557.3,1555.3,0.0003250100,0.0000062500,0.3,95.8
2026-09-14T08:38:00.247+00:00,ASTER,HL,8.6750,1.8750,1556.75,0.78,1555.4,1.423,1557.3,1555.3,0.0003250100,0.0000062500,10.5,0.2
2026-09-14T08:38:00.261+00:00,ASTER,HL,8.1611,1.3611,1556.67,3.79,1555.4,1.423,1557.3,1555.3,0.0003250100,0.0000062500,0.1,14.9
2026-09-14T08:38:00.261+00:00,ASTER,HL,8.1611,1.3611,1556.67,3.79,1555.4,1.423,1557.3,1555.3,0.0003250100,0.0000062500,0.2,15.0
2026-09-14T08:38:00.261+00:00,ASTER,HL,8.1611,1.3611,1556.67,1.28,1555.4,1.423,1557.3,1555.3,0.0003250100,0.0000062500,0.2,15.1
2026-09-14T08:38:00.261+00:00,ASTER,HL,8.1610,1.3610,1556.67,1.28,1555.4,1.423,1557.33,1555.3,0.0003250100,0.0000062500,0.2,15.1
2026-09-14T08:38:00.261+00:00,ASTER,HL,7.3901,0.5901,1556.55,0.04,1555.4,1.423,1557.33,1555.3,0.0003250100,0.0000062500,0.2,15.1
2026-09-14T08:38:00.261+00:00,ASTER,HL,7.3901,0.5901,1556.55,0.04,1555.4,1.423,1557.28,1555.3,0.0003250100,0.0000062500,0.3,15.1
2026-09-14T08:38:00.261+00:00,ASTER,HL,7.3902,0.5902,1556.55,0.04,1555.4,1.423,1557.23,1555.3,0.0003250100,0.0000062500,0.3,15.1
2026-09-14T08:38:00.277+00:00,ASTER,HL,7.3902,0.5902,1556.55,0.04,1555.4,1.423,1557.23,1555.3,0.0003250100,0.0000062500,0.1,31.1
2026-09-14T08:38:00.277+00:00,ASTER,HL,7.6472,0.8472,1556.59,1.84,1555.4,1.423,1557.23,1555.3,0.0003250100,0.0000062500,0.2,31.2
2026-09-14T08:38:00.277+00:00,ASTER,HL,7.6472,0.8472,1556.59,1.84,1555.4,1.423,1557.23,1555.3,0.0003250100,0.0000062500,0.2,31.2
2026-09-14T08:38:00.277+00:00,ASTER,HL,7.6472,0.8472,1556.59,1.84,1555.4,1.423,1557.23,1555.3,0.0003250100,0.0000062500,0.2,31.2
2026-09-14T08:38:00.277+00:00,ASTER,HL,7.6472,0.8472,1556.59,3.68,1555.4,1.423,1557.23,1555.3,0.0003250100,0.0000062500,0.2,31.3
2026-09-14T08:38:00.277+00:00,ASTER,HL,7.6472,0.8472,1556.59,3.68,1555.4,1.423,1557.23,1555.3,0.0003250100,0.0000062500,0.2,31.3
2026-09-14T08:38:00.309+00:00,ASTER,HL,7.6472,0.8472,1556.59,3.68,1555.4,1.423,1557.23,1555.3,0.0003250100,0.0000062500,0.2,63.0
2026-09-14T08:38:00.309+00:00,ASTER,HL,7.6472,0.8472,1556.59,1.84,1555.4,1.423,1557.23,1555.3,0.0003250100,0.0000062500,0.3,63.1
2026-09-14T08:38:00.309+00:00,ASTER,HL,7.6472,0.8472,1556.59,1.84,1555.4,1.423,1557.23,1555.3,0.0003250100,0.0000062500,0.3,63.2
2026-09-14T08:38:00.309+00:00,ASTER,HL,7.6472,0.8472,1556.59,1.84,1555.4,1.423,1557.23,1555.3,0.0003250100,0.0000062500,0.3,63.2
2026-09-14T08:38:00.309+00:00,ASTER,HL,7.3902,0.5902,1556.55,0.04,1555.4,1.423,1557.23,1555.3,0.0003250100,0.0000062500,0.3,63.2
2026-09-14T08:38:00.309+00:00,ASTER,HL,7.3902,0.5902,1556.55,0.04,1555.4,1.423,1557.23,1555.3,0.0003250100,0.0000062500,0.4,63.2
2026-09-14T08:38:00.335+00:00,ASTER,HL,7.3902,0.5902,1556.55,0.04,1555.4,1.423,1557.18,1555.3,0.0003250100,0.0000062500,0.2,88.4
2026-09-14T08:38:00.335+00:00,ASTER,HL,7.3902,0.5902,1556.55,4.71,1555.4,1.423,1557.18,1555.3,0.0003250100,0.0000062500,0.3,88.5
2026-09-14T08:38:00.335+00:00,ASTER,HL,7.3902,0.5902,1556.55,4.71,1555.4,1.423,1557.18,1555.3,0.0003250100,0.0000062500,0.3,88.5
2026-09-14T08:38:00.335+00:00,ASTER,HL,7.3902,0.5902,1556.55,8.39,1555.4,1.423,1557.18,1555.3,0.0003250100,0.0000062500,0.3,88.6
2026-09-14T08:38:00.342+00:00,ASTER,HL,8.5467,1.7467,1556.73,3.04,1555.4,1.423,1557.18,1555.3,0.0003250100,0.0000062500,0.1,95.1
2026-09-14T08:38:00.382+00:00,ASTER,HL,8.5467,1.7467,1556.73,3.04,1555.4,1.423,1557.18,1555.3,0.0003250100,0.0000062500,40.7,0.2
2026-09-14T08:38:00.399+00:00,ASTER,HL,8.5467,1.7467,1556.73,3.04,1555.4,1.423,1557.17,1555.3,0.0003250100,0.0000062500,0.2,17.8
2026-09-14T08:38:00.399+00:00,ASTER,HL,8.5467,1.7467,1556.73,3.04,1555.4,1.423,1557.17,1555.3,0.0003250100,0.0000062500,0.3,17.9
2026-09-14T08:38:00.405+00:00,ASTER,HL,8.5467,1.7467,1556.73,3.04,1555.4,2.554,1557.17,1555.3,0.0003250100,0.0000062500,5.8,0.2
2026-09-14T08:38:00.594+00:00,ASTER,HL,6.9407,0.1407,1556.48,3.04,1555.4,2.554,1557.01,1555.3,0.0003250100,0.0000062500,0.2,189.3
2026-09-14T08:38:00.594+00:00,ASTER,HL,7.0049,0.2049,1556.49,3.04,1555.4,2.554,1557.01,1555.3,0.0003250100,0.0000062500,0.3,189.4
2026-09-14T08:38:00.596+00:00,ASTER,HL,7.1334,0.3334,1556.51,3.04,1555.4,2.554,1557.01,1555.3,0.0003250100,0.0000062500,0.1,191.4
2026-09-14T08:38:00.601+00:00,ASTER,HL,7.1335,0.3335,1556.51,3.04,1555.4,2.554,1556.97,1555.3,0.0003250100,0.0000062500,0.1,196.1
2026-09-14T08:38:00.601+00:00,ASTER,HL,7.1335,0.3335,1556.51,3.04,1555.4,2.554,1556.97,1555.3,0.0003250100,0.0000062500,0.1,196.2
2026-09-14T08:38:00.601+00:00,ASTER,HL,7.3262,0.5262,1556.54,3.04,1555.4,2.554,1556.97,1555.3,0.0003250100,0.0000062500,0.2,196.2
2026-09-14T08:38:00.618+00:00,ASTER,HL,7.3263,0.5263,1556.54,3.04,1555.4,24.132,1556.97,1555.2,0.0003250100,0.0000062500,17.1,0.2
2026-09-14T08:38:00.637+00:00,ASTER,HL,7.9691,1.1691,1556.54,3.04,1555.3,0.867,1556.97,1555.2,0.0003250100,0.0000062500,36.7,0.1
2026-09-14T08:38:00.651+00:00,ASTER,HL,7.7764,0.9764,1556.51,3.04,1555.3,0.867,1556.97,1555.2,0.0003250100,0.0000062500,0.2,13.6
2026-09-14T08:38:00.651+00:00,ASTER,HL,7.0696,0.2696,1556.4,0.64,1555.3,0.867,1556.97,1555.2,0.0003250100,0.0000062500,0.2,13.8
2026-09-14T08:38:00.651+00:00,ASTER,HL,8.0334,1.2334,1556.55,3.04,1555.3,0.867,1556.97,1555.2,0.0003250100,0.0000062500,0.3,13.8
2026-09-14T08:38:00.744+00:00,ASTER,HL,8.0334,1.2334,1556.55,3.04,1555.3,0.867,1556.96,1555.2,0.0003250100,0.0000062500,0.2,106.4
2026-09-14T08:38:00.774+00:00,ASTER,HL,8.6764,1.8764,1556.55,3.04,1555.2,11.662,1556.96,1555.1,0.0003250100,0.0000062500,30.6,0.3
2026-09-14T08:38:00.775+00:00,ASTER,ENTROPY,8.0334,1.2334,1556.55,3.04,1555.3,0.3221,1556.96,1555.2,0.0003250100,0.0000016959,30.8,0.4
2026-09-14T08:38:00.812+00:00,ASTER,HL,8.6764,1.8764,1556.55,3.04,1555.2,81.61,1556.96,1555.1,0.0003250100,0.0000062500,68.1,0.2
2026-09-14T08:38:00.834+00:00,ASTER,HL,8.6763,1.8763,1556.55,3.04,1555.2,81.61,1556.97,1555.1,0.0003250100,0.0000062500,0.2,22.3
2026-09-14T08:38:00.834+00:00,ASTER,ENTROPY,8.0334,1.2334,1556.55,3.04,1555.3,0.3221,1556.97,1555.2,0.0003250100,0.0000016959,0.2,59.8
2026-09-14T08:38:00.842+00:00,ASTER,HL,7.7125,0.9125,1556.4,0.64,1555.2,81.61,1556.97,1555.1,0.0003250100,0.0000062500,0.3,29.7
2026-09-14T08:38:00.842+00:00,ASTER,ENTROPY,7.0696,0.2696,1556.4,0.64,1555.3,0.3221,1556.97,1555.2,0.0003250100,0.0000016959,0.3,67.2
2026-09-14T08:38:00.850+00:00,ASTER,HL,8.8049,2.0049,1556.57,3.04,1555.2,81.61,1556.97,1555.1,0.0003250100,0.0000062500,0.1,38.0
2026-09-14T08:38:00.850+00:00,ASTER,ENTROPY,8.1619,1.3619,1556.57,3.04,1555.3,0.3221,1556.97,1555.2,0.0003250100,0.0000016959,0.1,75.6
2026-09-14T08:38:00.850+00:00,ASTER,HL,8.9334,2.1334,1556.59,3.04,1555.2,81.61,1556.97,1555.1,0.0003250100,0.0000062500,0.2,38.2
2026-09-14T08:38:00.850+00:00,ASTER,ENTROPY,8.2904,1.4904,1556.59,3.04,1555.3,0.3221,1556.97,1555.2,0.0003250100,0.0000016959,0.2,75.7
2026-09-14T08:38:00.890+00:00,ASTER,HL,8.8049,2.0049,1556.57,3.04,1555.2,81.61,1556.97,1555.1,0.0003250100,0.0000062500,0.2,78.8
2026-09-14T08:38:00.890+00:00,ASTER,ENTROPY,8.1619,1.3619,1556.57,3.04,1555.3,0.3221,1556.97,1555.2,0.0003250100,0.0000016959,0.2,116.4
2026-09-14T08:38:00.890+00:00,ASTER,HL,8.8049,2.0049,1556.57,3.04,1555.2,81.61,1556.97,1555.1,0.0003250100,0.0000062500,0.3,79.0
2026-09-14T08:38:00.890+00:00,ASTER,ENTROPY,8.1619,1.3619,1556.57,3.04,1555.3,0.3221,1556.97,1555.2,0.0003250100,0.0000016959,0.3,116.5
2026-09-14T08:38:00.891+00:00,ASTER,HL,8.8048,2.0048,1556.57,3.04,1555.2,81.61,1556.99,1555.1,0.0003250100,0.0000062500,0.3,79.0
2026-09-14T08:38:00.891+00:00,ASTER,ENTROPY,8.1619,1.3619,1556.57,3.04,1555.3,0.3221,1556.99,1555.2,0.0003250100,0.0000016959,0.3,116.6
2026-09-14T08:38:00.891+00:00,ASTER,HL,9.0618,2.2618,1556.61,3.04,1555.2,81.61,1556.99,1555.1,0.0003250100,0.0000062500,0.4,79.1
2026-09-14T08:38:00.891+00:00,ASTER,ENTROPY,8.4189,1.6189,1556.61,3.04,1555.3,0.3221,1556.99,1555.2,0.0003250100,0.0000016959,0.4,116.7
2026-09-14T08:38:00.896+00:00,ASTER,HL,9.1903,2.3903,1556.63,3.04,1555.2,81.61,1556.99,1555.1,0.0003250100,0.0000062500,0.1,84.3
2026-09-14T08:38:00.896+00:00,ASTER,ENTROPY,8.5474,1.7474,1556.63,3.04,1555.3,0.3221,1556.99,1555.2,0.0003250100,0.0000016959,0.1,121.8
2026-09-14T08:38:00.939+00:00,ASTER,HL,9.0618,2.2618,1556.61,3.04,1555.2,81.61,1556.99,1555.1,0.0003250100,0.0000062500,0.2,127.7
2026-09-14T08:38:00.939+00:00,ASTER,ENTROPY,8.4189,1.6189,1556.61,3.04,1555.3,0.3221,1556.99,1555.2,0.0003250100,0.0000016959,0.2,165.2
2026-09-14T08:38:00.942+00:00,ASTER,HL,9.3189,2.5189,1556.65,3.04,1555.2,81.61,1556.99,1555.1,0.0003250100,0.0000062500,0.1,130.7
2026-09-14T08:38:00.942+00:00,ASTER,ENTROPY,8.6759,1.8759,1556.65,3.04,1555.3,0.3221,1556.99,1555.2,0.0003250100,0.0000016959,0.1,168.2
2026-09-14T08:38:00.946+00:00,ASTER,HL,9.4474,2.6474,1556.67,3.04,1555.2,81.61,1556.99,1555.1,0.0003250100,0.0000062500,0.1,134.5
2026-09-14T08:38:00.946+00:00,ASTER,ENTROPY,8.8044,2.0044,1556.67,3.04,1555.3,0.3221,1556.99,1555.2,0.0003250100,0.0000016959,0.1,172.0
2026-09-14T08:38:00.999+00:00,ASTER,HL,10.7334,3.9334,1556.67,3.04,1555.0,39.834,1556.99,1554.9,0.0003250100,0.0000062500,53.2,0.2
2026-09-14T08:38:01.000+00:00,ASTER,ENTROPY,8.8044,2.0044,1556.67,3.04,1555.3,0.9421,1556.99,1555.2,0.0003250100,0.0000016959,53.4,0.3
2026-09-14T08:38:01.091+00:00,ASTER,HL,10.7334,3.9334,1556.67,3.04,1555.0,80.535,1556.99,1554.9,0.0003250100,0.0000062500,145.5,0.2
2026-09-14T08:38:01.091+00:00,ASTER,ENTROPY,8.8044,2.0044,1556.67,3.04,1555.3,0.6675,1556.99,1555.2,0.0003250100,0.0000016959,145.6,0.3
2026-09-14T08:38:01.104+00:00,ASTER,HL,10.7334,3.9334,1556.67,3.04,1555.0,115.494,1556.99,1554.9,0.0003250100,0.0000062500,158.7,0.2
2026-09-14T08:38:01.156+00:00,ASTER,HL,10.7334,3.9334,1556.67,3.04,1555.0,0.867,1556.99,1554.9,0.0003250100,0.0000062500,210.1,0.2
2026-09-14T08:38:01.177+00:00,ASTER,HL,9.1270,2.3270,1556.42,44.04,1555.0,0.867,1556.99,1554.9,0.0003250100,0.0000062500,0.2,21.1
2026-09-14T08:38:01.177+00:00,ASTER,ENTROPY,7.1980,0.3980,1556.42,44.04,1555.3,0.6675,1556.99,1555.2,0.0003250100,0.0000016959,0.2,85.7
2026-09-14T08:38:01.191+00:00,ASTER,HL,10.7977,3.9977,1556.68,3.04,1555.0,0.867,1556.99,1554.9,0.0003250100,0.0000062500,0.2,34.6
2026-09-14T08:38:01.191+00:00,ASTER,ENTROPY,8.8687,2.0687,1556.68,3.04,1555.3,0.6675,1556.99,1555.2,0.0003250100,0.0000016959,0.2,99.2
2026-09-14T08:38:01.307+00:00,ASTER,ENTROPY,8.8687,2.0687,1556.68,3.04,1555.3,0.6675,1556.99,1555.2,0.0003250100,0.0000016959,115.8,0.3
2026-09-14T08:38:01.346+00:00,ASTER,HL,9.5119,2.7119,1556.68,3.04,1555.2,24.548,1556.99,1554.9,0.0003250100,0.0000062500,155.0,0.2
2026-09-14T08:38:01.414+00:00,ASTER,HL,9.5119,2.7119,1556.68,3.04,1555.2,24.548,1556.99,1554.9,0.0003250100,0.0000062500,223.5,0.3
2026-09-14T08:38:01.414+00:00,ASTER,ENTROPY,8.8687,2.0687,1556.68,3.04,1555.3,0.6675,1556.99,1555.2,0.0003250100,0.0000017000,223.7,0.4
2026-09-14T08:38:01.430+00:00,ASTER,HL,7.8412,1.0412,1556.42,44.04,1555.2,24.548,1556.99,1554.9,0.0003250100,0.0000062500,0.1,16.3
2026-09-14T08:38:01.430+00:00,ASTER,ENTROPY,7.1980,0.3980,1556.42,44.04,1555.3,0.6675,1556.99,1555.2,0.0003250100,0.0000017000,0.1,16.3
2026-09-14T08:38:01.493+00:00,ASTER,HL,7.8412,1.0412,1556.42,38.4,1555.2,24.548,1556.99,1554.9,0.0003250100,0.0000062500,0.2,79.8
2026-09-14T08:38:01.493+00:00,ASTER,ENTROPY,7.1980,0.3980,1556.42,38.4,1555.3,0.6675,1556.99,1555.2,0.0003250100,0.0000017000,0.2,79.8
2026-09-14T08:38:01.493+00:00,ASTER,HL,7.8412,1.0412,1556.42,22.02,1555.2,24.548,1556.99,1554.9,0.0003250100,0.0000062500,0.3,79.9
2026-09-14T08:38:01.493+00:00,ASTER,ENTROPY,7.1980,0.3980,1556.42,22.02,1555.3,0.6675,1556.99,1555.2,0.0003250100,0.0000017000,0.3,79.9
2026-09-14T08:38:01.493+00:00,ASTER,HL,7.8412,1.0412,1556.42,16.38,1555.2,24.548,1556.99,1554.9,0.0003250100,0.0000062500,0.3,80.0
2026-09-14T08:38:01.493+00:00,ASTER,ENTROPY,7.1980,0.3980,1556.42,16.38,1555.3,0.6675,1556.99,1555.2,0.0003250100,0.0000017000,0.3,79.9
2026-09-14T08:38:01.493+00:00,ASTER,HL,7.7127,0.9127,1556.4,0.64,1555.2,24.548,1556.99,1554.9,0.0003250100,0.0000062500,0.3,80.0
2026-09-14T08:38:01.493+00:00,ASTER,ENTROPY,7.0695,0.2695,1556.4,0.64,1555.3,0.6675,1556.99,1555.2,0.0003250100,0.0000017000,0.3,80.0
2026-09-14T08:38:01.546+00:00,ASTER,HL,9.1906,2.3906,1556.63,3.04,1555.2,24.548,1556.99,1554.9,0.0003250100,0.0000062500,0.2,132.7
2026-09-14T08:38:01.546+00:00,ASTER,ENTROPY,8.5474,1.7474,1556.63,3.04,1555.3,0.6675,1556.99,1555.2,0.0003250100,0.0000017000,0.2,132.6
2026-09-14T08:38:01.550+00:00,ASTER,HL,9.5119,2.7119,1556.68,3.04,1555.2,24.548,1556.99,1554.9,0.0003250100,0.0000062500,0.8,137.0
2026-09-14T08:38:01.550+00:00,ASTER,ENTROPY,8.8687,2.0687,1556.68,3.04,1555.3,0.6675,1556.99,1555.2,0.0003250100,0.0000017000,0.8,137.0
2026-09-14T08:38:01.597+00:00,ASTER,HL,10.1548,3.3548,1556.68,3.04,1555.1,1.101,1556.99,1554.9,0.0003250100,0.0000062500,47.1,0.2
2026-09-14T08:38:01.766+00:00,ASTER,HL,10.1546,3.3546,1556.68,3.04,1555.1,1.0,1556.99,1555.0,0.0003250100,0.0000062500,215.8,0.2
2026-09-14T08:38:01.766+00:00,ASTER,ENTROPY,8.2259,1.4259,1556.68,3.04,1555.4,0.417,1556.99,1555.2,0.0003250100,0.0000017000,215.9,0.4
2026-09-14T08:38:01.811+00:00,ASTER,HL,10.1546,3.3546,1556.68,3.04,1555.1,1.0,1556.99,1555.0,0.0003250100,0.0000062500,260.8,0.2
2026-09-14T08:38:01.900+00:00,ASTER,HL,10.1546,3.3546,1556.68,3.04,1555.1,1.0,1556.99,1555.0,0.0003250100,0.0000062500,349.7,0.3
2026-09-14T08:38:02.150+00:00,ASTER,HL,10.1546,3.3546,1556.68,3.04,1555.1,1.0,1556.99,1555.0,0.0003266100,0.0000062500,600.5,0.2
2026-09-14T08:38:02.288+00:00,ASTER,ENTROPY,8.8687,2.0687,1556.68,3.04,1555.3,0.1965,1556.99,1555.2,0.0003266100,0.0000017000,738.2,0.3
2026-09-14T08:38:02.365+00:00,ASTER,HL,10.1546,3.3546,1556.68,3.04,1555.1,1.0,1556.99,1555.0,0.0003266100,0.0000062500,815.4,0.3
2026-09-14T08:38:02.478+00:00,ASTER,HL,8.8695,2.0695,1556.48,40.82,1555.1,1.0,1556.99,1555.0,0.0003266100,0.0000062500,0.2,113.3
2026-09-14T08:38:02.478+00:00,ASTER,ENTROPY,7.5836,0.7836,1556.48,40.82,1555.3,0.1965,1556.99,1555.2,0.0003266100,0.0000017000,0.2,190.6
2026-09-14T08:38:02.556+00:00,ASTER,HL,9.1265,2.3265,1556.52,3.04,1555.1,1.0,1556.99,1555.0,0.0003266100,0.0000062500,0.2,190.7
2026-09-14T08:38:02.556+00:00,ASTER,ENTROPY,7.8406,1.0406,1556.52,3.04,1555.3,0.1965,1556.99,1555.2,0.0003266100,0.0000017000,0.2,268.0
2026-09-14T08:38:02.577+00:00,ASTER,ENTROPY,7.8406,1.0406,1556.52,3.04,1555.3,0.1965,1556.99,1555.2,0.0003266100,0.0000017000,21.4,0.3
2026-09-14T08:38:02.665+00:00,ASTER,HL,9.1265,2.3265,1556.52,3.04,1555.1,1.0,1556.99,1555.0,0.0003266100,0.0000062500,109.6,0.3
2026-09-14T08:38:02.676+00:00,ASTER,HL,8.8695,2.0695,1556.48,40.82,1555.1,1.0,1556.99,1555.0,0.0003266100,0.0000062500,0.2,12.0
2026-09-14T08:38:02.676+00:00,ASTER,ENTROPY,7.5836,0.7836,1556.48,40.82,1555.3,0.1965,1556.99,1555.2,0.0003266100,0.0000017000,0.2,100.1
2026-09-14T08:38:02.683+00:00,ASTER,HL,9.2550,2.4550,1556.54,3.04,1555.1,1.0,1556.99,1555.0,0.0003266100,0.0000062500,0.2,19.1
2026-09-14T08:38:02.683+00:00,ASTER,ENTROPY,7.9691,1.1691,1556.54,3.04,1555.3,0.1965,1556.99,1555.2,0.0003266100,0.0000017000,0.2,107.2
2026-09-14T08:38:02.700+00:00,ASTER,HL,9.2550,2.4550,1556.54,3.04,1555.1,1.0,1556.99,1555.0,0.0003266100,0.0000062500,16.1,0.2
2026-09-14T08:38:02.741+00:00,ASTER,HL,9.2550,2.4550,1556.54,3.04,1555.1,1.0,1556.99,1555.0,0.0003266100,0.0000062500,56.5,0.2
2026-09-14T08:38:02.983+00:00,ASTER,HL,8.8695,2.0695,1556.48,40.82,1555.1,1.0,1556.99,1555.0,0.0003266100,0.0000062500,0.3,243.5
2026-09-14T08:38:02.983+00:00,ASTER,ENTROPY,7.5836,0.7836,1556.48,40.82,1555.3,0.1965,1556.99,1555.2,0.0003266100,0.0000017000,0.3,406.8
2026-09-14T08:38:02.999+00:00,ASTER,HL,9.5121,2.7121,1556.58,3.04,1555.1,1.0,1556.99,1555.0,0.0003266100,0.0000062500,0.2,258.0
2026-09-14T08:38:02.999+00:00,ASTER,ENTROPY,8.2261,1.4261,1556.58,3.04,1555.3,0.1965,1556.99,1555.2,0.0003266100,0.0000017000,0.2,421.3
2026-09-14T08:38:03.034+00:00,ASTER,HL,8.8695,2.0695,1556.48,40.82,1555.1,1.0,1556.99,1555.0,0.0003266100,0.0000062500,0.1,293.9
2026-09-14T08:38:03.034+00:00,ASTER,ENTROPY,7.5836,0.7836,1556.48,40.82,1555.3,0.1965,1556.99,1555.2,0.0003266100,0.0000017000,0.1,457.2
2026-09-14T08:38:03.048+00:00,ASTER,HL,9.7048,2.9048,1556.61,3.04,1555.1,1.0,1556.99,1555.0,0.0003266100,0.0000062500,0.1,308.4
2026-09-14T08:38:03.048+00:00,ASTER,ENTROPY,8.4189,1.6189,1556.61,3.04,1555.3,0.1965,1556.99,1555.2,0.0003266100,0.0000017000,0.1,471.7
2026-09-14T08:38:03.085+00:00,ASTER,HL,8.8695,2.0695,1556.48,40.82,1555.1,1.0,1556.99,1555.0,0.0003266100,0.0000062500,0.8,344.8
2026-09-14T08:38:03.085+00:00,ASTER,ENTROPY,7.5836,0.7836,1556.48,40.82,1555.3,0.1965,1556.99,1555.2,0.0003266100,0.0000017000,0.8,508.1
2026-09-14T08:38:03.096+00:00,ASTER,HL,9.8333,3.0333,1556.63,3.04,1555.1,1.0,1556.99,1555.0,0.0003266100,0.0000062500,0.2,355.6
2026-09-14T08:38:03.096+00:00,ASTER,ENTROPY,8.5474,1.7474,1556.63,3.04,1555.3,0.1965,1556.99,1555.2,0.0003266100,0.0000017000,0.2,518.9
2026-09-14T08:38:03.199+00:00,ASTER,HL,8.8695,2.0695,1556.48,40.82,1555.1,1.0,1556.99,1555.0,0.0003266100,0.0000062500,0.2,459.4
2026-09-14T08:38:03.199+00:00,ASTER,ENTROPY,7.5836,0.7836,1556.48,40.82,1555.3,0.1965,1556.99,1555.2,0.0003266100,0.0000017000,0.2,622.7
2026-09-14T08:38:03.201+00:00,ASTER,HL,9.9619,3.1619,1556.65,3.04,1555.1,1.0,1556.99,1555.0,0.0003266100,0.0000062500,0.1,461.2
2026-09-14T08:38:03.201+00:00,ASTER,ENTROPY,8.6759,1.8759,1556.65,3.04,1555.3,0.1965,1556.99,1555.2,0.0003266100,0.0000017000,0.1,624.5
2026-09-14T08:38:03.210+00:00,ASTER,ENTROPY,8.6759,1.8759,1556.65,3.04,1555.3,0.1965,1556.99,1555.2,0.0003266100,0.0000017000,8.6,0.2
2026-09-14T08:38:04.076+00:00,ASTER,ENTROPY,8.6759,1.8759,1556.65,3.04,1555.3,0.1965,1556.99,1555.2,0.0003266100,0.0000017000,874.5,0.2
2026-09-14T08:38:04.081+00:00,ASTER,HL,9.9617,3.1617,1556.65,3.04,1555.1,1.0,1557.11,1555.0,0.0003266100,0.0000062500,0.1,1340.6
2026-09-14T08:38:04.081+00:00,ASTER,ENTROPY,8.6757,1.8757,1556.65,3.04,1555.3,0.1965,1557.11,1555.2,0.0003266100,0.0000017000,0.1,5.2
2026-09-14T08:38:04.081+00:00,ASTER,HL,8.8693,2.0693,1556.48,40.82,1555.1,1.0,1557.11,1555.0,0.0003266100,0.0000062500,0.2,1340.7
2026-09-14T08:38:04.081+00:00,ASTER,ENTROPY,7.5834,0.7834,1556.48,40.82,1555.3,0.1965,1557.11,1555.2,0.0003266100,0.0000017000,0.2,5.3
2026-09-14T08:38:04.113+00:00,ASTER,HL,8.8693,2.0693,1556.48,40.82,1555.1,1.0,1557.11,1555.0,0.0003266100,0.0000062500,0.2,1373.4
2026-09-14T08:38:04.113+00:00,ASTER,ENTROPY,7.5834,0.7834,1556.48,40.82,1555.3,0.1965,1557.11,1555.2,0.0003266100,0.0000017000,0.2,38.0
2026-09-14T08:38:04.113+00:00,ASTER,HL,8.8693,2.0693,1556.48,36.79,1555.1,1.0,1557.11,1555.0,0.0003266100,0.0000062500,0.3,1373.5
2026-09-14T08:38:04.113+00:00,ASTER,ENTROPY,7.5834,0.7834,1556.48,36.79,1555.3,0.1965,1557.11,1555.2,0.0003266100,0.0000017000,0.3,38.1
2026-09-14T08:38:04.113+00:00,ASTER,HL,8.8693,2.0693,1556.48,20.41,1555.1,1.0,1557.11,1555.0,0.0003266100,0.0000062500,0.3,1373.5
2026-09-14T08:38:04.113+00:00,ASTER,ENTROPY,7.5834,0.7834,1556.48,20.41,1555.3,0.1965,1557.11,1555.2,0.0003266100,0.0000017000,0.3,38.2
2026-09-14T08:38:04.113+00:00,ASTER,HL,8.8693,2.0693,1556.48,20.41,1555.1,1.0,1557.17,1555.0,0.0003266100,0.0000062500,0.4,1373.6
2026-09-14T08:38:04.113+00:00,ASTER,ENTROPY,7.5834,0.7834,1556.48,20.41,1555.3,0.1965,1557.17,1555.2,0.0003266100,0.0000017000,0.4,38.2
2026-09-14T08:38:04.113+00:00,ASTER,HL,8.8693,2.0693,1556.48,16.38,1555.1,1.0,1557.17,1555.0,0.0003266100,0.0000062500,0.4,1373.6
2026-09-14T08:38:04.113+00:00,ASTER,ENTROPY,7.5834,0.7834,1556.48,16.38,1555.3,0.1965,1557.17,1555.2,0.0003266100,0.0000017000,0.4,38.2
2026-09-14T08:38:04.113+00:00,ASTER,HL,8.3552,1.5552,1556.4,0.64,1555.1,1.0,1557.17,1555.0,0.0003266100,0.0000062500,0.4,1373.6
2026-09-14T08:38:04.113+00:00,ASTER,ENTROPY,7.0693,0.2693,1556.4,0.64,1555.3,0.1965,1557.17,1555.2,0.0003266100,0.0000017000,0.4,38.3
2026-09-14T08:38:04.113+00:00,ASTER,HL,10.5398,3.7398,1556.74,3.04,1555.1,1.0,1557.17,1555.0,0.0003266100,0.0000062500,0.5,1373.7
2026-09-14T08:38:04.113+00:00,ASTER,ENTROPY,9.2539,2.4539,1556.74,3.04,1555.3,0.1965,1557.17,1555.2,0.0003266100,0.0000017000,0.5,38.3
2026-09-14T08:38:04.113+00:00,ASTER,HL,11.1181,4.3181,1556.83,3.04,1555.1,1.0,1557.17,1555.0,0.0003266100,0.0000062500,0.5,1373.7
2026-09-14T08:38:04.113+00:00,ASTER,ENTROPY,9.8321,3.0321,1556.83,3.04,1555.3,0.1965,1557.17,1555.2,0.0003266100,0.0000017000,0.5,38.3
2026-09-14T08:38:04.113+00:00,ASTER,HL,11.3108,4.5108,1556.86,3.04,1555.1,1.0,1557.17,1555.0,0.0003266100,0.0000062500,0.5,1373.7
2026-09-14T08:38:04.113+00:00,ASTER,ENTROPY,10.0249,3.2249,1556.86,3.04,1555.3,0.1965,1557.17,1555.2,0.0003266100,0.0000017000,0.5,38.3
2026-09-14T08:38:04.113+00:00,ASTER,HL,11.6321,4.8321,1556.91,3.04,1555.1,1.0,1557.17,1555.0,0.0003266100,0.0000062500,0.5,1373.8
2026-09-14T08:38:04.113+00:00,ASTER,ENTROPY,10.3461,3.5461,1556.91,3.04,1555.3,0.1965,1557.17,1555.2,0.0003266100,0.0000017000,0.5,38.4
2026-09-14T08:38:04.350+00:00,ASTER,HL,10.3464,3.5464,1556.91,3.04,1555.3,0.082,1557.17,1555.0,0.0003266100,0.0000062500,236.6,0.3
2026-09-14T08:38:04.350+00:00,ASTER,ENTROPY,9.7033,2.9033,1556.91,3.04,1555.4,0.113,1557.17,1555.2,0.0003266100,0.0000017000,236.8,0.4
2026-09-14T08:38:04.472+00:00,ASTER,HL,10.3461,3.5461,1556.91,3.04,1555.3,0.082,1557.17,1555.2,0.0003266100,0.0000062500,358.5,0.3
2026-09-14T08:38:04.472+00:00,ASTER,ENTROPY,9.7032,2.9032,1556.91,3.04,1555.4,0.113,1557.17,1555.3,0.0003266100,0.0000017000,358.8,0.6
2026-09-14T08:38:04.571+00:00,ASTER,HL,10.3461,3.5461,1556.91,3.04,1555.3,0.082,1557.17,1555.2,0.0003266100,0.0000062500,458.4,0.3
2026-09-14T08:38:04.571+00:00,ASTER,ENTROPY,9.7032,2.9032,1556.91,3.04,1555.4,0.113,1557.17,1555.3,0.0003266100,0.0000017000,458.7,0.5
2026-09-14T08:38:04.699+00:00,ASTER,HL,9.7033,2.9033,1556.91,3.04,1555.4,21.735,1557.17,1555.2,0.0003266100,0.0000062500,585.6,0.3
2026-09-14T08:38:04.699+00:00,ASTER,ENTROPY,9.7032,2.9032,1556.91,3.04,1555.4,0.113,1557.17,1555.3,0.0003266100,0.0000017000,585.7,0.4
2026-09-14T08:38:05.038+00:00,ASTER,HL,9.7033,2.9033,1556.91,3.04,1555.4,21.735,1557.17,1555.2,0.0003266100,0.0000062500,924.2,0.4
2026-09-14T08:38:05.038+00:00,ASTER,ENTROPY,9.7032,2.9032,1556.91,3.04,1555.4,0.113,1557.17,1555.3,0.0003266100,0.0000017000,924.4,0.5
2026-09-14T08:38:05.038+00:00,ASTER,HL,9.7033,2.9033,1556.91,3.04,1555.4,21.735,1557.17,1555.2,0.0003266100,0.0000062500,924.8,0.7
2026-09-14T08:38:05.038+00:00,ASTER,HL,9.7033,2.9033,1556.91,3.04,1555.4,21.735,1557.17,1555.2,0.0003266100,0.0000062500,924.8,0.8
2026-09-14T08:38:05.061+00:00,ASTER,HL,9.7033,2.9033,1556.91,3.04,1555.4,22.735,1557.17,1555.2,0.0003266100,0.0000062500,947.5,0.3
2026-09-14T08:38:05.175+00:00,ASTER,HL,9.7032,2.9032,1556.91,3.04,1555.4,23.13,1557.17,1555.3,0.0003266100,0.0000062500,1061.4,0.3
2026-09-14T08:38:05.445+00:00,ASTER,HL,9.7032,2.9032,1556.91,3.04,1555.4,22.735,1557.17,1555.3,0.0003266100,0.0000062500,1331.5,0.4
2026-09-14T08:38:05.679+00:00,ASTER,HL,8.2897,1.4897,1556.69,0.78,1555.4,22.735,1557.17,1555.3,0.0003266100,0.0000062500,0.2,234.2
2026-09-14T08:38:05.679+00:00,ASTER,ENTROPY,8.2897,1.4897,1556.69,0.78,1555.4,0.113,1557.17,1555.3,0.0003266100,0.0000017000,0.2,641.5
2026-09-14T08:38:05.679+00:00,ASTER,HL,8.2895,1.4895,1556.69,0.78,1555.4,22.735,1557.33,1555.3,0.0003266100,0.0000062500,0.4,234.4
2026-09-14T08:38:05.679+00:00,ASTER,ENTROPY,8.2895,1.4895,1556.69,0.78,1555.4,0.113,1557.33,1555.3,0.0003266100,0.0000017000,0.4,641.7
2026-09-14T08:38:05.699+00:00,ASTER,HL,9.8314,3.0314,1556.93,3.04,1555.4,22.735,1557.33,1555.3,0.0003266100,0.0000062500,0.1,254.6
2026-09-14T08:38:05.699+00:00,ASTER,ENTROPY,9.8314,3.0314,1556.93,3.04,1555.4,0.113,1557.33,1555.3,0.0003266100,0.0000017000,0.1,661.9
2026-09-14T08:38:05.699+00:00,ASTER,HL,10.0241,3.2241,1556.96,3.04,1555.4,22.735,1557.33,1555.3,0.0003266100,0.0000062500,0.2,254.7
2026-09-14T08:38:05.699+00:00,ASTER,ENTROPY,10.0241,3.2241,1556.96,3.04,1555.4,0.113,1557.33,1555.3,0.0003266100,0.0000017000,0.2,662.0
2026-09-14T08:38:05.699+00:00,ASTER,HL,10.0884,3.2884,1556.97,3.04,1555.4,22.735,1557.33,1555.3,0.0003266100,0.0000062500,0.3,254.7
2026-09-14T08:38:05.699+00:00,ASTER,ENTROPY,10.0884,3.2884,1556.97,3.04,1555.4,0.113,1557.33,1555.3,0.0003266100,0.0000017000,0.3,662.0
2026-09-14T08:38:05.783+00:00,ASTER,ENTROPY,10.0884,3.2884,1556.97,3.04,1555.4,0.113,1557.33,1555.3,0.0003266100,0.0000017000,83.9,0.3
2026-09-14T08:38:05.929+00:00,ASTER,HL,10.0884,3.2884,1556.97,3.04,1555.4,22.735,1557.33,1555.3,0.0003266100,0.0000062500,230.2,0.4
2026-09-14T08:38:05.930+00:00,ASTER,ENTROPY,9.4456,2.6456,1556.97,3.04,1555.5,0.1614,1557.33,1555.3,0.0003266100,0.0000017000,230.4,0.5
2026-09-14T08:38:06.117+00:00,ASTER,HL,10.0884,3.2884,1556.97,3.04,1555.4,22.735,1557.33,1555.3,0.0003266100,0.0000062500,417.9,0.2
2026-09-14T08:38:06.117+00:00,ASTER,ENTROPY,9.4456,2.6456,1556.97,3.04,1555.5,0.1614,1557.33,1555.3,0.0003266100,0.0000017000,418.0,0.3
2026-09-14T08:38:06.232+00:00,ASTER,HL,9.0605,2.2605,1556.81,8.26,1555.4,22.735,1557.33,1555.3,0.0003266100,0.0000062500,0.2,115.7
2026-09-14T08:38:06.232+00:00,ASTER,ENTROPY,8.4178,1.6178,1556.81,8.26,1555.5,0.1614,1557.33,1555.3,0.0003266100,0.0000017000,0.2,115.6
2026-09-14T08:38:06.238+00:00,ASTER,HL,9.0605,2.2605,1556.81,4.13,1555.4,22.735,1557.33,1555.3,0.0003266100,0.0000062500,0.2,122.0
2026-09-14T08:38:06.238+00:00,ASTER,ENTROPY,8.4178,1.6178,1556.81,4.13,1555.5,0.1614,1557.33,1555.3,0.0003266100,0.0000017000,0.2,121.9
2026-09-14T08:38:06.238+00:00,ASTER,HL,8.7393,1.9393,1556.76,16.38,1555.4,22.735,1557.33,1555.3,0.0003266100,0.0000062500,0.3,122.1
2026-09-14T08:38:06.238+00:00,ASTER,ENTROPY,8.0965,1.2965,1556.76,16.38,1555.5,0.1614,1557.33,1555.3,0.0003266100,0.0000017000,0.3,122.1
2026-09-14T08:38:06.589+00:00,ASTER,HL,7.2631,0.4631,1556.43,3.04,1555.3,39.076,1556.75,1554.8,0.0003266100,0.0000062500,0.3,0.3
2026-09-14T08:38:06.641+00:00,ASTER,HL,9.8347,3.0347,1556.43,3.04,1554.9,38.214,1556.75,1554.8,0.0003266100,0.0000062500,52.0,0.2
2026-09-14T08:38:06.714+00:00,ASTER,HL,9.8347,3.0347,1556.43,3.04,1554.9,76.428,1556.75,1554.8,0.0003266100,0.0000062500,125.8,0.2
2026-09-14T08:38:06.800+00:00,ASTER,HL,9.8347,3.0347,1556.43,3.04,1554.9,114.642,1556.75,1554.8,0.0003266100,0.0000062500,210.6,0.3
2026-09-14T08:38:06.860+00:00,ASTER,HL,9.8347,3.0347,1556.43,3.04,1554.9,162.028,1556.75,1554.8,0.0003266100,0.0000062500,271.8,0.3
2026-09-14T08:38:06.860+00:00,ASTER,ENTROPY,7.2628,0.4628,1556.43,3.04,1555.3,0.3221,1556.75,1555.0,0.0003266100,0.0000017071,271.9,0.4
2026-09-14T08:38:06.966+00:00,ASTER,HL,9.8347,3.0347,1556.43,3.04,1554.9,221.975,1556.75,1554.8,0.0003266100,0.0000062500,377.5,0.3
2026-09-14T08:38:06.992+00:00,ASTER,HL,9.8347,3.0347,1556.43,3.04,1554.9,76.767,1556.75,1554.8,0.0003266100,0.0000062500,403.6,0.2
2026-09-14T08:38:07.060+00:00,ASTER,HL,9.8347,3.0347,1556.43,3.04,1554.9,21.735,1556.75,1554.8,0.0003266100,0.0000062500,472.2,0.2
2026-09-14T08:38:07.061+00:00,ASTER,ENTROPY,8.5485,1.7485,1556.43,3.04,1555.1,0.3228,1556.75,1555.0,0.0003266100,0.0000017071,472.3,0.3
2026-09-14T08:38:07.146+00:00,ASTER,ENTROPY,7.2628,0.4628,1556.43,3.04,1555.3,0.3602,1556.75,1555.0,0.0003266100,0.0000017071,557.2,0.2
2026-09-14T08:38:07.186+00:00,ASTER,ENTROPY,8.5485,1.7485,1556.43,3.04,1555.1,0.2469,1556.75,1555.0,0.0003266100,0.0000017071,596.4,0.3
2026-09-14T08:38:07.286+00:00,ASTER,HL,9.8347,3.0347,1556.43,3.04,1554.9,20.991,1556.75,1554.8,0.0003266100,0.0000062500,697.7,0.3
2026-09-14T08:38:07.543+00:00,ASTER,HL,9.8347,3.0347,1556.43,3.04,1554.9,23.379,1556.75,1554.8,0.0003266100,0.0000062500,953.6,0.4
2026-09-14T08:38:07.735+00:00,ASTER,HL,9.8347,3.0347,1556.43,3.04,1554.9,23.379,1556.75,1554.8,0.0003266100,0.0000062500,1146.3,0.2
2026-09-14T08:38:07.778+00:00,ASTER,HL,9.8347,3.0347,1556.43,3.04,1554.9,23.379,1556.75,1554.8,0.0003266100,0.0000062500,1189.2,0.2
2026-09-14T08:38:08.082+00:00,ASTER,HL,8.4208,1.6208,1556.21,0.78,1554.9,23.379,1556.75,1554.8,0.0003266100,0.0000062500,0.2,304.6
2026-09-14T08:38:08.082+00:00,ASTER,ENTROPY,7.1348,0.3348,1556.21,0.78,1555.1,0.2469,1556.75,1555.0,0.0003266100,0.0000017071,0.2,897.5
2026-09-14T08:38:08.091+00:00,ASTER,HL,8.4208,1.6208,1556.21,0.78,1554.9,23.379,1556.75,1554.8,0.0003266100,0.0000062500,8.3,0.2
2026-09-14T08:38:08.121+00:00,ASTER,HL,8.4208,1.6208,1556.21,0.78,1554.9,24.379,1556.75,1554.8,0.0003266100,0.0000062500,38.4,0.2
2026-09-14T08:38:08.244+00:00,ASTER,HL,9.2563,2.4563,1556.34,3.04,1554.9,24.379,1556.75,1554.8,0.0003266100,0.0000062500,0.2,123.5
2026-09-14T08:38:08.244+00:00,ASTER,ENTROPY,7.9702,1.1702,1556.34,3.04,1555.1,0.2469,1556.75,1555.0,0.0003266100,0.0000017071,0.2,1059.0
2026-09-14T08:38:08.245+00:00,ASTER,HL,9.3206,2.5206,1556.35,3.04,1554.9,24.379,1556.75,1554.8,0.0003266100,0.0000062500,1.1,124.4
2026-09-14T08:38:08.245+00:00,ASTER,ENTROPY,8.0345,1.2345,1556.35,3.04,1555.1,0.2469,1556.75,1555.0,0.0003266100,0.0000017071,1.1,1059.9
2026-09-14T08:38:08.301+00:00,ASTER,HL,9.3206,2.5206,1556.35,3.04,1554.9,22.596,1556.75,1554.8,0.0003266100,0.0000062500,57.6,0.2
2026-09-14T08:38:08.301+00:00,ASTER,ENTROPY,8.0345,1.2345,1556.35,3.04,1555.1,0.2597,1556.75,1555.0,0.0003266100,0.0000017071,57.8,0.4
2026-09-14T08:38:08.560+00:00,ASTER,HL,9.3206,2.5206,1556.35,3.04,1554.9,21.991,1556.75,1554.8,0.0003266100,0.0000062500,316.2,0.3
2026-09-14T08:38:08.670+00:00,ASTER,HL,9.3206,2.5206,1556.35,3.04,1554.9,25.493,1556.75,1554.8,0.0003266100,0.0000062500,426.4,0.3
2026-09-14T08:38:08.834+00:00,ASTER,HL,8.4208,1.6208,1556.21,0.78,1554.9,25.493,1556.75,1554.8,0.0003266100,0.0000062500,0.2,164.1
2026-09-14T08:38:08.834+00:00,ASTER,ENTROPY,7.1348,0.3348,1556.21,0.78,1555.1,0.2597,1556.75,1555.0,0.0003266100,0.0000017071,0.2,532.8
2026-09-14T08:38:08.845+00:00,ASTER,HL,9.3848,2.5848,1556.36,3.04,1554.9,25.493,1556.75,1554.8,0.0003266100,0.0000062500,0.2,175.1
2026-09-14T08:38:08.845+00:00,ASTER,ENTROPY,8.0987,1.2987,1556.36,3.04,1555.1,0.2597,1556.75,1555.0,0.0003266100,0.0000017071,0.2,543.7
2026-09-14T08:38:08.852+00:00,ASTER,HL,9.3848,2.5848,1556.36,3.04,1554.9,25.493,1556.75,1554.8,0.0003266100,0.0000062500,7.8,0.2
2026-09-14T08:38:08.980+00:00,ASTER,HL,8.4208,1.6208,1556.21,0.78,1554.9,25.493,1556.75,1554.8,0.0003266100,0.0000062500,0.2,127.9
2026-09-14T08:38:08.980+00:00,ASTER,ENTROPY,7.1348,0.3348,1556.21,0.78,1555.1,0.2597,1556.75,1555.0,0.0003266100,0.0000017071,0.2,679.0
2026-09-14T08:38:08.989+00:00,ASTER,HL,9.4491,2.6491,1556.37,3.04,1554.9,25.493,1556.75,1554.8,0.0003266100,0.0000062500,0.2,137.0
2026-09-14T08:38:08.989+00:00,ASTER,ENTROPY,8.1630,1.3630,1556.37,3.04,1555.1,0.2597,1556.75,1555.0,0.0003266100,0.0000017071,0.2,688.1
2026-09-14T08:38:09.099+00:00,ASTER,HL,9.4491,2.6491,1556.37,3.04,1554.9,25.493,1556.75,1554.8,0.0003266100,0.0000062500,110.2,0.2
2026-09-14T08:38:09.302+00:00,ASTER,HL,9.4491,2.6491,1556.37,3.04,1554.9,25.493,1556.75,1554.8,0.0003266100,0.0000062500,312.8,0.3
2026-09-14T08:38:09.432+00:00,ASTER,HL,8.4208,1.6208,1556.21,0.78,1554.9,25.493,1556.75,1554.8,0.0003266100,0.0000062500,0.2,130.2
2026-09-14T08:38:09.432+00:00,ASTER,ENTROPY,7.1348,0.3348,1556.21,0.78,1555.1,0.2597,1556.75,1555.0,0.0003266100,0.0000017071,0.2,1130.6
2026-09-14T08:38:09.448+00:00,ASTER,HL,8.4208,1.6208,1556.21,0.78,1554.9,25.493,1556.75,1554.8,0.0003266100,0.0000062500,0.1,146.6
2026-09-14T08:38:09.448+00:00,ASTER,ENTROPY,7.1348,0.3348,1556.21,0.78,1555.1,0.2597,1556.75,1555.0,0.0003266100,0.0000017071,0.1,1147.1
2026-09-14T08:38:09.448+00:00,ASTER,HL,8.4208,1.6208,1556.21,0.78,1554.9,25.493,1556.75,1554.8,0.0003266100,0.0000062500,0.2,146.7
2026-09-14T08:38:09.448+00:00,ASTER,ENTROPY,7.1348,0.3348,1556.21,0.78,1555.1,0.2597,1556.75,1555.0,0.0003266100,0.0000017071,0.2,1147.2
2026-09-14T08:38:09.448+00:00,ASTER,HL,8.4208,1.6208,1556.21,0.78,1554.9,25.493,1556.75,1554.8,0.0003266100,0.0000062500,0.2,146.7
2026-09-14T08:38:09.448+00:00,ASTER,ENTROPY,7.1348,0.3348,1556.21,0.78,1555.1,0.2597,1556.75,1555.0,0.0003266100,0.0000017071,0.2,1147.2
2026-09-14T08:38:09.448+00:00,ASTER,HL,8.4208,1.6208,1556.21,0.78,1554.9,25.493,1556.75,1554.8,0.0003266100,0.0000062500,0.3,146.8
2026-09-14T08:38:09.448+00:00,ASTER,ENTROPY,7.1348,0.3348,1556.21,0.78,1555.1,0.2597,1556.75,1555.0,0.0003266100,0.0000017071,0.3,1147.2
2026-09-14T08:38:09.538+00:00,ASTER,HL,8.4208,1.6208,1556.21,0.78,1554.9,25.493,1556.74,1554.8,0.0003266100,0.0000062500,0.2,236.0
2026-09-14T08:38:09.538+00:00,ASTER,ENTROPY,7.1348,0.3348,1556.21,0.78,1555.1,0.2597,1556.74,1555.0,0.0003266100,0.0000017071,0.2,1236.4
2026-09-14T08:38:09.538+00:00,ASTER,HL,8.7422,1.9422,1556.26,3.04,1554.9,25.493,1556.74,1554.8,0.0003266100,0.0000062500,0.3,236.1
2026-09-14T08:38:09.538+00:00,ASTER,ENTROPY,7.4561,0.6561,1556.26,3.04,1555.1,0.2597,1556.74,1555.0,0.0003266100,0.0000017071,0.3,1236.6
2026-09-14T08:38:09.673+00:00,ASTER,HL,8.7423,1.9423,1556.26,3.04,1554.9,23.856,1556.74,1554.7,0.0003266100,0.0000062500,135.5,0.3
2026-09-14T08:38:09.727+00:00,ASTER,HL,8.4210,1.6210,1556.21,0.78,1554.9,23.856,1556.74,1554.7,0.0003266100,0.0000062500,0.2,54.8
2026-09-14T08:38:09.727+00:00,ASTER,ENTROPY,7.1348,0.3348,1556.21,0.78,1555.1,0.2597,1556.74,1555.0,0.0003266100,0.0000017071,0.2,1426.2
2026-09-14T08:38:09.731+00:00,ASTER,HL,8.4210,1.6210,1556.21,0.78,1554.9,24.499,1556.74,1554.7,0.0003266100,0.0000062500,3.9,0.2
2026-09-14T08:38:09.731+00:00,ASTER,ENTROPY,7.1348,0.3348,1556.21,0.78,1555.1,0.2597,1556.74,1555.0,0.0003266100,0.0000017071,4.0,0.2
2026-09-14T08:38:09.741+00:00,ASTER,HL,8.8066,2.0066,1556.27,3.04,1554.9,24.499,1556.74,1554.7,0.0003266100,0.0000062500,0.1,10.7
2026-09-14T08:38:09.741+00:00,ASTER,ENTROPY,7.5204,0.7204,1556.27,3.04,1555.1,0.2597,1556.74,1555.0,0.0003266100,0.0000017071,0.1,10.6
2026-09-14T08:38:09.935+00:00,ASTER,HL,8.8066,2.0066,1556.27,3.04,1554.9,24.499,1556.74,1554.7,0.0003266100,0.0000062500,0.2,204.6
2026-09-14T08:38:09.935+00:00,ASTER,ENTROPY,7.5204,0.7204,1556.27,3.04,1555.1,0.2597,1556.74,1555.0,0.0003266100,0.0000017071,0.2,204.6
2026-09-14T08:38:09.935+00:00,ASTER,HL,8.8066,2.0066,1556.27,3.04,1554.9,24.499,1556.74,1554.7,0.0003266100,0.0000062500,0.3,204.8
2026-09-14T08:38:09.935+00:00,ASTER,ENTROPY,7.5204,0.7204,1556.27,3.04,1555.1,0.2597,1556.74,1555.0,0.0003266100,0.0000017071,0.3,204.8
2026-09-14T08:38:09.935+00:00,ASTER,HL,8.8066,2.0066,1556.27,3.04,1554.9,24.499,1556.74,1554.7,0.0003266100,0.0000062500,0.4,204.8
2026-09-14T08:38:09.935+00:00,ASTER,ENTROPY,7.5204,0.7204,1556.27,3.04,1555.1,0.2597,1556.74,1555.0,0.0003266100,0.0000017071,0.4,204.8
2026-09-14T08:38:09.935+00:00,ASTER,HL,8.8066,2.0066,1556.27,3.04,1554.9,24.499,1556.74,1554.7,0.0003266100,0.0000062500,0.4,204.8
2026-09-14T08:38:09.935+00:00,ASTER,ENTROPY,7.5204,0.7204,1556.27,3.04,1555.1,0.2597,1556.74,1555.0,0.0003266100,0.0000017071,0.4,204.8
2026-09-14T08:38:10.003+00:00,ASTER,HL,8.4210,1.6210,1556.21,0.78,1554.9,24.499,1556.74,1554.7,0.0003266100,0.0000062500,0.2,272.3
2026-09-14T08:38:10.003+00:00,ASTER,ENTROPY,7.1348,0.3348,1556.21,0.78,1555.1,0.2597,1556.74,1555.0,0.0003266100,0.0000017071,0.2,272.3
2026-09-14T08:38:10.003+00:00,ASTER,HL,8.4210,1.6210,1556.21,0.78,1554.9,24.499,1556.74,1554.7,0.0003266100,0.0000062500,0.3,272.5
2026-09-14T08:38:10.003+00:00,ASTER,ENTROPY,7.1348,0.3348,1556.21,0.78,1555.1,0.2597,1556.74,1555.0,0.0003266100,0.0000017071,0.3,272.4
2026-09-14T08:38:10.003+00:00,ASTER,HL,8.4210,1.6210,1556.21,0.78,1554.9,24.499,1556.74,1554.7,0.0003266100,0.0000062500,0.3,272.5
2026-09-14T08:38:10.003+00:00,ASTER,ENTROPY,7.1348,0.3348,1556.21,0.78,1555.1,0.2597,1556.74,1555.0,0.0003266100,0.0000017071,0.3,272.5
2026-09-14T08:38:10.003+00:00,ASTER,HL,8.4210,1.6210,1556.21,0.78,1554.9,24.499,1556.74,1554.7,0.0003266100,0.0000062500,0.4,272.5
2026-09-14T08:38:10.003+00:00,ASTER,ENTROPY,7.1348,0.3348,1556.21,0.78,1555.1,0.2597,1556.74,1555.0,0.0003266100,0.0000017071,0.4,272.5
2026-09-14T08:38:10.003+00:00,ASTER,HL,8.4210,1.6210,1556.21,0.78,1554.9,24.499,1556.74,1554.7,0.0003266100,0.0000062500,0.4,272.5
2026-09-14T08:38:10.003+00:00,ASTER,ENTROPY,7.1348,0.3348,1556.21,0.78,1555.1,0.2597,1556.74,1555.0,0.0003266100,0.0000017071,0.4,272.5
2026-09-14T08:38:10.003+00:00,ASTER,HL,8.3567,1.5567,1556.2,0.64,1554.9,24.499,1556.74,1554.7,0.0003266100,0.0000062500,0.4,272.6
2026-09-14T08:38:10.003+00:00,ASTER,ENTROPY,7.0705,0.2705,1556.2,0.64,1555.1,0.2597,1556.74,1555.0,0.0003266100,0.0000017071,0.4,272.5
2026-09-14T08:38:10.003+00:00,ASTER,HL,8.3569,1.5569,1556.2,0.64,1554.9,24.499,1556.64,1554.7,0.0003266100,0.0000062500,0.4,272.6
2026-09-14T08:38:10.003+00:00,ASTER,ENTROPY,7.0706,0.2706,1556.2,0.64,1555.1,0.2597,1556.64,1555.0,0.0003266100,0.0000017071,0.4,272.6
2026-09-14T08:38:10.003+00:00,ASTER,HL,8.3570,1.5570,1556.2,0.64,1554.9,24.499,1556.52,1554.7,0.0003266100,0.0000062500,0.4,272.6
2026-09-14T08:38:10.003+00:00,ASTER,ENTROPY,7.0707,0.2707,1556.2,0.64,1555.1,0.2597,1556.52,1555.0,0.0003266100,0.0000017071,0.4,272.6
2026-09-14T08:38:10.038+00:00,ASTER,HL,8.3570,1.5570,1556.2,0.64,1554.9,24.499,1556.52,1554.7,0.0003266100,0.0000062500,0.2,306.9
2026-09-14T08:38:10.038+00:00,ASTER,ENTROPY,7.0707,0.2707,1556.2,0.64,1555.1,0.2597,1556.52,1555.0,0.0003266100,0.0000017071,0.2,306.9
2026-09-14T08:38:10.038+00:00,ASTER,HL,8.3570,1.5570,1556.2,0.64,1554.9,24.499,1556.52,1554.7,0.0003266100,0.0000062500,0.3,307.1
2026-09-14T08:38:10.038+00:00,ASTER,ENTROPY,7.0707,0.2707,1556.2,0.64,1555.1,0.2597,1556.52,1555.0,0.0003266100,0.0000017071,0.3,307.0
2026-09-14T08:38:10.051+00:00,ASTER,HL,8.3570,1.5570,1556.2,0.64,1554.9,24.499,1556.52,1554.7,0.0003266100,0.0000062500,13.7,0.2
2026-09-14T08:38:10.086+00:00,ASTER,HL,8.3570,1.5570,1556.2,0.64,1554.9,24.499,1556.52,1554.7,0.0003266100,0.0000062500,0.2,35.1
2026-09-14T08:38:10.086+00:00,ASTER,ENTROPY,7.0707,0.2707,1556.2,0.64,1555.1,0.2597,1556.52,1555.0,0.0003266100,0.0000017071,0.2,355.4
2026-09-14T08:38:10.097+00:00,ASTER,HL,8.3570,1.5570,1556.2,0.64,1554.9,24.499,1556.51,1554.7,0.0003266100,0.0000062500,0.1,45.9
2026-09-14T08:38:10.097+00:00,ASTER,ENTROPY,7.0708,0.2708,1556.2,0.64,1555.1,0.2597,1556.51,1555.0,0.0003266100,0.0000017071,0.1,366.2
2026-09-14T08:38:10.103+00:00,ASTER,HL,9.0000,2.2000,1556.2,0.64,1554.8,1.0,1556.51,1554.7,0.0003266100,0.0000062500,6.6,0.2
2026-09-14T08:38:10.103+00:00,ASTER,ENTROPY,7.0708,0.2708,1556.2,0.64,1555.1,0.646,1556.51,1555.0,0.0003266100,0.0000017071,6.7,0.3
2026-09-14T08:38:10.237+00:00,ASTER,HL,9.0000,2.2000,1556.2,0.64,1554.8,1.782,1556.51,1554.7,0.0003266100,0.0000062500,140.1,0.5
2026-09-14T08:38:10.284+00:00,ASTER,HL,7.7788,0.9788,1556.01,3.04,1554.8,1.782,1556.51,1554.7,0.0003266100,0.0000062500,0.3,47.6
2026-09-14T08:38:10.357+00:00,ASTER,HL,7.7791,0.9791,1556.01,3.04,1554.8,26.456,1556.51,1554.5,0.0003266100,0.0000062500,72.7,0.3
2026-09-14T08:38:10.374+00:00,ASTER,HL,9.0652,2.2652,1556.01,3.04,1554.6,51.508,1556.51,1554.5,0.0003266100,0.0000062500,90.0,0.2
2026-09-14T08:38:10.378+00:00,ASTER,HL,9.0651,2.2651,1556.01,3.04,1554.6,51.508,1556.52,1554.5,0.0003266100,0.0000062500,0.1,4.0
2026-09-14T08:38:10.378+00:00,ASTER,HL,8.2938,1.4938,1555.89,11.42,1554.6,51.508,1556.52,1554.5,0.0003266100,0.0000062500,0.2,4.1
2026-09-14T08:38:10.392+00:00,ASTER,HL,9.1294,2.3294,1556.02,0.04,1554.6,51.508,1556.52,1554.5,0.0003266100,0.0000062500,0.1,18.3
2026-09-14T08:38:10.392+00:00,ASTER,HL,9.2580,2.4580,1556.04,3.04,1554.6,51.508,1556.52,1554.5,0.0003266100,0.0000062500,0.2,18.5
2026-09-14T08:38:10.396+00:00,ASTER,HL,10.1578,3.3578,1556.18,3.04,1554.6,51.508,1556.52,1554.5,0.0003266100,0.0000062500,0.1,22.3
2026-09-14T08:38:10.396+00:00,ASTER,ENTROPY,6.9422,0.1422,1556.18,3.04,1555.1,0.646,1556.52,1555.0,0.0003266100,0.0000017071,0.1,39.7
2026-09-14T08:38:10.396+00:00,ASTER,HL,10.5435,3.7435,1556.24,3.04,1554.6,51.508,1556.52,1554.5,0.0003266100,0.0000062500,0.2,22.4
2026-09-14T08:38:10.396+00:00,ASTER,ENTROPY,7.3278,0.5278,1556.24,3.04,1555.1,0.646,1556.52,1555.0,0.0003266100,0.0000017071,0.2,39.8
2026-09-14T08:38:10.432+00:00,ASTER,HL,10.5435,3.7435,1556.24,3.04,1554.6,51.508,1556.52,1554.5,0.0003266100,0.0000062500,0.2,58.0
2026-09-14T08:38:10.432+00:00,ASTER,ENTROPY,7.3278,0.5278,1556.24,3.04,1555.1,0.646,1556.52,1555.0,0.0003266100,0.0000017071,0.2,75.4
2026-09-14T08:38:10.432+00:00,ASTER,HL,10.5433,3.7433,1556.24,3.04,1554.6,51.508,1556.63,1554.5,0.0003266100,0.0000062500,0.3,58.1
2026-09-14T08:38:10.432+00:00,ASTER,ENTROPY,7.3277,0.5277,1556.24,3.04,1555.1,0.646,1556.63,1555.0,0.0003266100,0.0000017071,0.3,75.5
2026-09-14T08:38:10.490+00:00,ASTER,HL,9.1293,2.3293,1556.02,0.82,1554.6,51.508,1556.63,1554.5,0.0003266100,0.0000062500,0.2,116.4
2026-09-14T08:38:10.491+00:00,ASTER,HL,9.3221,2.5221,1556.05,10.96,1554.6,51.508,1556.63,1554.5,0.0003266100,0.0000062500,1.2,117.4
2026-09-14T08:38:10.492+00:00,ASTER,HL,9.3221,2.5221,1556.05,27.34,1554.6,51.508,1556.63,1554.5,0.0003266100,0.0000062500,1.3,117.5
2026-09-14T08:38:10.492+00:00,ASTER,HL,9.3221,2.5221,1556.05,38.3,1554.6,51.508,1556.63,1554.5,0.0003266100,0.0000062500,1.4,117.6
2026-09-14T08:38:10.492+00:00,ASTER,HL,9.3221,2.5221,1556.05,54.68,1554.6,51.508,1556.63,1554.5,0.0003266100,0.0000062500,1.5,117.7
2026-09-14T08:38:10.498+00:00,ASTER,HL,9.3221,2.5221,1556.05,54.68,1554.6,55.625,1556.63,1554.5,0.0003266100,0.0000062500,8.2,0.2
2026-09-14T08:38:10.498+00:00,ASTER,HL,10.7361,3.9361,1556.27,3.04,1554.6,55.625,1556.63,1554.5,0.0003266100,0.0000062500,0.1,0.4
2026-09-14T08:38:10.498+00:00,ASTER,ENTROPY,7.5205,0.7205,1556.27,3.04,1555.1,0.646,1556.63,1555.0,0.0003266100,0.0000017071,0.1,0.4
2026-09-14T08:38:10.498+00:00,ASTER,HL,10.9289,4.1289,1556.3,3.04,1554.6,55.625,1556.63,1554.5,0.0003266100,0.0000062500,0.1,0.4
2026-09-14T08:38:10.498+00:00,ASTER,ENTROPY,7.7133,0.9133,1556.3,3.04,1555.1,0.646,1556.63,1555.0,0.0003266100,0.0000017071,0.1,0.4
2026-09-14T08:38:10.530+00:00,ASTER,HL,10.9289,4.1289,1556.3,3.04,1554.6,57.25,1556.63,1554.5,0.0003266100,0.0000062500,31.9,0.2
2026-09-14T08:38:10.756+00:00,ASTER,HL,10.9289,4.1289,1556.3,3.04,1554.6,21.735,1556.63,1554.5,0.0003266100,0.0000062500,257.0,0.3
2026-09-14T08:38:10.756+00:00,ASTER,ENTROPY,7.7135,0.9135,1556.3,3.04,1555.1,0.646,1556.63,1554.8,0.0003266100,0.0000017071,257.3,0.6
2026-09-14T08:38:10.758+00:00,ASTER,HL,10.9289,4.1289,1556.3,3.04,1554.6,21.735,1556.63,1554.5,0.0003266100,0.0000062500,260.1,0.1
2026-09-14T08:38:10.758+00:00,ASTER,ENTROPY,7.7135,0.9135,1556.3,3.04,1555.1,0.646,1556.63,1554.8,0.0003266100,0.0000017071,260.1,0.2
2026-09-14T08:38:10.876+00:00,ASTER,HL,10.2857,3.4857,1556.3,3.04,1554.7,2.037,1556.63,1554.6,0.0003266100,0.0000062500,377.4,0.3
2026-09-14T08:38:10.929+00:00,ASTER,HL,9.6427,2.8427,1556.3,3.04,1554.8,1.55,1556.63,1554.6,0.0003266100,0.0000062500,430.5,0.2
2026-09-14T08:38:11.087+00:00,ASTER,HL,9.6425,2.8425,1556.3,3.04,1554.8,1.55,1556.63,1554.7,0.0003266100,0.0000062500,589.0,0.2
2026-09-14T08:38:11.087+00:00,ASTER,ENTROPY,7.7135,0.9135,1556.3,3.04,1555.1,0.646,1556.63,1554.8,0.0003266100,0.0000017071,589.2,0.4
2026-09-14T08:38:11.130+00:00,ASTER,HL,9.6425,2.8425,1556.3,3.04,1554.8,1.55,1556.63,1554.7,0.0003266100,0.0000062500,632.4,1.7
2026-09-14T08:38:11.377+00:00,ASTER,HL,9.6425,2.8425,1556.3,3.04,1554.8,2.55,1556.63,1554.7,0.0003266100,0.0000062500,879.3,0.3
2026-09-14T08:38:11.516+00:00,ASTER,HL,9.6425,2.8425,1556.3,3.04,1554.8,1.0,1556.63,1554.7,0.0003266100,0.0000062500,1017.8,0.3
2026-09-14T08:38:11.516+00:00,ASTER,ENTROPY,7.7135,0.9135,1556.3,3.04,1555.1,0.6537,1556.63,1554.8,0.0003266100,0.0000017071,1018.0,0.4
2026-09-14T08:38:11.704+00:00,ASTER,HL,9.6425,2.8425,1556.3,3.04,1554.8,1.605,1556.63,1554.7,0.0003266100,0.0000062500,1205.7,0.2
2026-09-14T08:38:11.838+00:00,ASTER,HL,9.6425,2.8425,1556.3,3.04,1554.8,3.156,1556.63,1554.7,0.0003266100,0.0000062500,1339.5,0.3
2026-09-14T08:38:11.838+00:00,ASTER,ENTROPY,8.9994,2.1994,1556.3,3.04,1554.9,0.2124,1556.63,1554.8,0.0003266100,0.0000017173,1339.7,0.5
2026-09-14T08:38:11.920+00:00,ASTER,HL,9.6425,2.8425,1556.3,3.04,1554.8,2.33,1556.63,1554.7,0.0003266100,0.0000062500,1422.0,0.2
2026-09-14T08:38:12.099+00:00,ASTER,HL,9.6425,2.8425,1556.3,3.04,1554.8,1.725,1556.63,1554.7,0.0003266100,0.0000062500,1601.4,0.3
2026-09-14T08:38:12.100+00:00,ASTER,ENTROPY,7.7135,0.9135,1556.3,3.04,1555.1,0.6537,1556.63,1554.8,0.0003266100,0.0000017173,1601.6,0.5
2026-09-14T08:38:12.274+00:00,ASTER,HL,9.6425,2.8425,1556.3,3.04,1554.8,1.725,1556.63,1554.7,0.0003266100,0.0000062500,1774.9,0.4
2026-09-14T08:38:12.274+00:00,ASTER,ENTROPY,7.7133,0.9133,1556.3,3.04,1555.1,0.6537,1556.63,1555.0,0.0003266100,0.0000017173,1775.1,0.4
2026-09-14T08:38:13.630+00:00,ASTER,HL,8.3571,1.5571,1556.1,54.1,1554.8,2.523,1556.63,1554.7,0.0003266100,0.0000062500,0.2,56.6
2026-09-14T08:38:13.630+00:00,ASTER,HL,8.3570,1.5570,1556.1,54.1,1554.8,2.523,1556.73,1554.7,0.0003266100,0.0000062500,0.3,56.7
2026-09-14T08:38:13.674+00:00,ASTER,HL,8.3570,1.5570,1556.1,54.1,1554.8,2.523,1556.73,1554.7,0.0003266100,0.0000062500,0.3,99.7
2026-09-14T08:38:13.674+00:00,ASTER,HL,8.3570,1.5570,1556.1,43.43,1554.8,2.523,1556.73,1554.7,0.0003266100,0.0000062500,0.5,100.0
2026-09-14T08:38:13.674+00:00,ASTER,HL,8.3570,1.5570,1556.1,27.05,1554.8,2.523,1556.73,1554.7,0.0003266100,0.0000062500,0.5,100.1
2026-09-14T08:38:13.674+00:00,ASTER,HL,8.3570,1.5570,1556.1,27.05,1554.8,2.523,1556.75,1554.7,0.0003266100,0.0000062500,0.6,100.1
2026-09-14T08:38:13.674+00:00,ASTER,HL,8.3570,1.5570,1556.1,16.38,1554.8,2.523,1556.75,1554.7,0.0003266100,0.0000062500,0.6,100.1
2026-09-14T08:38:13.674+00:00,ASTER,HL,7.8428,1.0428,1556.02,0.82,1554.8,2.523,1556.75,1554.7,0.0003266100,0.0000062500,0.6,100.2
2026-09-14T08:38:13.674+00:00,ASTER,HL,9.7066,2.9066,1556.31,3.04,1554.8,2.523,1556.75,1554.7,0.0003266100,0.0000062500,0.6,100.2
2026-09-14T08:38:13.674+00:00,ASTER,ENTROPY,7.7774,0.9774,1556.31,3.04,1555.1,0.7425,1556.75,1555.0,0.0003266100,0.0000017173,0.6,1047.9
2026-09-14T08:38:13.679+00:00,ASTER,HL,8.8069,2.0069,1556.17,65.28,1554.8,2.523,1556.75,1554.7,0.0003266100,0.0000062500,0.1,105.2
2026-09-14T08:38:13.679+00:00,ASTER,ENTROPY,6.8777,0.0777,1556.17,65.28,1555.1,0.7425,1556.75,1555.0,0.0003266100,0.0000017173,0.1,1052.9
2026-09-14T08:38:13.692+00:00,ASTER,HL,9.9637,3.1637,1556.35,3.04,1554.8,2.523,1556.75,1554.7,0.0003266100,0.0000062500,0.2,118.5
2026-09-14T08:38:13.692+00:00,ASTER,ENTROPY,8.0345,1.2345,1556.35,3.04,1555.1,0.7425,1556.75,1555.0,0.0003266100,0.0000017173,0.2,1066.2
2026-09-14T08:38:13.726+00:00,ASTER,HL,9.9637,3.1637,1556.35,3.04,1554.8,1.798,1556.75,1554.7,0.0003266100,0.0000062500,34.1,0.3
2026-09-14T08:38:13.726+00:00,ASTER,ENTROPY,8.0345,1.2345,1556.35,3.04,1555.1,0.7425,1556.75,1555.0,0.0003266100,0.0000017173,34.3,0.5
2026-09-14T08:38:13.749+00:00,ASTER,HL,7.8428,1.0428,1556.02,0.82,1554.8,1.798,1556.75,1554.7,0.0003266100,0.0000062500,0.2,22.9
2026-09-14T08:38:13.750+00:00,ASTER,HL,10.1565,3.3565,1556.38,3.04,1554.8,1.798,1556.75,1554.7,0.0003266100,0.0000062500,0.3,23.0
2026-09-14T08:38:13.750+00:00,ASTER,ENTROPY,8.2272,1.4272,1556.38,3.04,1555.1,0.7425,1556.75,1555.0,0.0003266100,0.0000017173,0.3,23.0
2026-09-14T08:38:13.750+00:00,ASTER,HL,10.2207,3.4207,1556.39,3.04,1554.8,1.798,1556.75,1554.7,0.0003266100,0.0000062500,0.4,23.1
2026-09-14T08:38:13.750+00:00,ASTER,ENTROPY,8.2915,1.4915,1556.39,3.04,1555.1,0.7425,1556.75,1555.0,0.0003266100,0.0000017173,0.4,23.1
2026-09-14T08:38:13.750+00:00,ASTER,HL,10.3493,3.5493,1556.41,3.04,1554.8,1.798,1556.75,1554.7,0.0003266100,0.0000062500,0.4,23.1
2026-09-14T08:38:13.750+00:00,ASTER,ENTROPY,8.4200,1.6200,1556.41,3.04,1555.1,0.7425,1556.75,1555.0,0.0003266100,0.0000017173,0.4,23.1
2026-09-14T08:38:13.750+00:00,ASTER,HL,10.4778,3.6778,1556.43,3.04,1554.8,1.798,1556.75,1554.7,0.0003266100,0.0000062500,0.4,23.2
2026-09-14T08:38:13.750+00:00,ASTER,ENTROPY,8.5485,1.7485,1556.43,3.04,1555.1,0.7425,1556.75,1555.0,0.0003266100,0.0000017173,0.4,23.1
2026-09-14T08:38:13.750+00:00,ASTER,HL,10.6063,3.8063,1556.45,3.04,1554.8,1.798,1556.75,1554.7,0.0003266100,0.0000062500,0.5,23.2
2026-09-14T08:38:13.750+00:00,ASTER,ENTROPY,8.6771,1.8771,1556.45,3.04,1555.1,0.7425,1556.75,1555.0,0.0003266100,0.0000017173,0.5,23.2
2026-09-14T08:38:13.803+00:00,ASTER,HL,10.6063,3.8063,1556.45,3.04,1554.8,1.0,1556.75,1554.7,0.0003266100,0.0000062500,54.0,0.2
2026-09-14T08:38:13.933+00:00,ASTER,HL,9.2567,2.4567,1556.24,43.94,1554.8,1.0,1556.75,1554.7,0.0003266100,0.0000062500,0.3,130.4
2026-09-14T08:38:13.933+00:00,ASTER,ENTROPY,7.3275,0.5275,1556.24,43.94,1555.1,0.7425,1556.75,1555.0,0.0003266100,0.0000017173,0.3,206.9
2026-09-14T08:38:13.944+00:00,ASTER,HL,9.2567,2.4567,1556.24,35.17,1554.8,1.0,1556.75,1554.7,0.0003266100,0.0000062500,0.2,141.0
2026-09-14T08:38:13.944+00:00,ASTER,ENTROPY,7.3275,0.5275,1556.24,35.17,1555.1,0.7425,1556.75,1555.0,0.0003266100,0.0000017173,0.2,217.5
2026-09-14T08:38:13.944+00:00,ASTER,HL,9.2567,2.4567,1556.24,18.79,1554.8,1.0,1556.75,1554.7,0.0003266100,0.0000062500,0.3,141.2
2026-09-14T08:38:13.944+00:00,ASTER,ENTROPY,7.3275,0.5275,1556.24,18.79,1555.1,0.7425,1556.75,1555.0,0.0003266100,0.0000017173,0.3,217.6
2026-09-14T08:38:13.944+00:00,ASTER,HL,9.2567,2.4567,1556.24,16.38,1554.8,1.0,1556.75,1554.7,0.0003266100,0.0000062500,0.3,141.2
2026-09-14T08:38:13.944+00:00,ASTER,ENTROPY,7.3275,0.5275,1556.24,16.38,1555.1,0.7425,1556.75,1555.0,0.0003266100,0.0000017173,0.3,217.7
2026-09-14T08:38:13.944+00:00,ASTER,HL,8.4212,1.6212,1556.11,0.01,1554.8,1.0,1556.75,1554.7,0.0003266100,0.0000062500,0.3,141.2
2026-09-14T08:38:13.948+00:00,ASTER,HL,8.9354,2.1354,1556.19,2.32,1554.8,1.0,1556.75,1554.7,0.0003266100,0.0000062500,0.1,144.7
2026-09-14T08:38:13.948+00:00,ASTER,ENTROPY,7.0062,0.2062,1556.19,2.32,1555.1,0.7425,1556.75,1555.0,0.0003266100,0.0000017173,0.1,221.2
2026-09-14T08:38:13.948+00:00,ASTER,HL,8.9354,2.1354,1556.19,18.7,1554.8,1.0,1556.75,1554.7,0.0003266100,0.0000062500,0.2,144.8
2026-09-14T08:38:13.948+00:00,ASTER,ENTROPY,7.0062,0.2062,1556.19,18.7,1555.1,0.7425,1556.75,1555.0,0.0003266100,0.0000017173,0.2,221.3
2026-09-14T08:38:13.948+00:00,ASTER,HL,8.9354,2.1354,1556.19,21.02,1554.8,1.0,1556.75,1554.7,0.0003266100,0.0000062500,0.2,144.9
2026-09-14T08:38:13.948+00:00,ASTER,ENTROPY,7.0062,0.2062,1556.19,21.02,1555.1,0.7425,1556.75,1555.0,0.0003266100,0.0000017173,0.2,221.3
2026-09-14T08:38:13.948+00:00,ASTER,HL,8.9354,2.1354,1556.19,37.4,1554.8,1.0,1556.75,1554.7,0.0003266100,0.0000062500,0.2,144.9
2026-09-14T08:38:13.948+00:00,ASTER,ENTROPY,7.0062,0.2062,1556.19,37.4,1555.1,0.7425,1556.75,1555.0,0.0003266100,0.0000017173,0.2,221.4
2026-09-14T08:38:13.952+00:00,ASTER,HL,8.9354,2.1354,1556.19,37.4,1554.8,1.0,1556.75,1554.7,0.0003266100,0.0000062500,4.6,0.1
2026-09-14T08:38:13.952+00:00,ASTER,ENTROPY,7.0062,0.2062,1556.19,37.4,1555.1,0.3562,1556.75,1555.0,0.0003266100,0.0000017173,4.7,0.2
2026-09-14T08:38:14.021+00:00,ASTER,HL,8.2924,1.4924,1556.19,37.4,1554.9,22.516,1556.75,1554.7,0.0003266100,0.0000062500,74.0,0.3
2026-09-14T08:38:14.021+00:00,ASTER,ENTROPY,7.0062,0.2062,1556.19,37.4,1555.1,0.1093,1556.75,1555.0,0.0003266100,0.0000017173,74.1,0.4
2026-09-14T08:38:14.034+00:00,ASTER,HL,8.2925,1.4925,1556.19,37.4,1554.9,22.516,1556.72,1554.7,0.0003266100,0.0000062500,0.1,13.0
2026-09-14T08:38:14.034+00:00,ASTER,ENTROPY,7.0063,0.2063,1556.19,37.4,1555.1,0.1093,1556.72,1555.0,0.0003266100,0.0000017173,0.1,13.0
2026-09-14T08:38:14.089+00:00,ASTER,ENTROPY,7.0063,0.2063,1556.19,37.4,1555.1,0.3226,1556.72,1555.0,0.0003266100,0.0000017173,54.7,0.2
2026-09-14T08:38:14.089+00:00,ASTER,HL,9.1280,2.3280,1556.32,3.04,1554.9,22.516,1556.72,1554.7,0.0003266100,0.0000062500,0.3,67.7
2026-09-14T08:38:14.089+00:00,ASTER,ENTROPY,7.8417,1.0417,1556.32,3.04,1555.1,0.3226,1556.72,1555.0,0.0003266100,0.0000017173,0.3,0.4
2026-09-14T08:38:14.184+00:00,ASTER,HL,9.1279,2.3279,1556.32,3.04,1554.9,22.516,1556.75,1554.7,0.0003266100,0.0000062500,0.2,162.8
2026-09-14T08:38:14.184+00:00,ASTER,ENTROPY,7.8417,1.0417,1556.32,3.04,1555.1,0.3226,1556.75,1555.0,0.0003266100,0.0000017173,0.2,95.5
2026-09-14T08:38:14.184+00:00,ASTER,ENTROPY,7.8417,1.0417,1556.32,3.04,1555.1,0.3226,1556.75,1555.0,0.0003266100,0.0000017173,0.4,0.2
2026-09-14T08:38:14.197+00:00,ASTER,HL,8.2924,1.4924,1556.19,37.4,1554.9,22.516,1556.75,1554.7,0.0003266100,0.0000062500,0.1,175.5
2026-09-14T08:38:14.197+00:00,ASTER,ENTROPY,7.0062,0.2062,1556.19,37.4,1555.1,0.3226,1556.75,1555.0,0.0003266100,0.0000017173,0.1,12.8
2026-09-14T08:38:14.202+00:00,ASTER,HL,9.1922,2.3922,1556.33,3.04,1554.9,22.516,1556.75,1554.7,0.0003266100,0.0000062500,0.1,180.2
2026-09-14T08:38:14.202+00:00,ASTER,ENTROPY,7.9059,1.1059,1556.33,3.04,1555.1,0.3226,1556.75,1555.0,0.0003266100,0.0000017173,0.1,17.4
2026-09-14T08:38:14.230+00:00,ASTER,HL,8.2924,1.4924,1556.19,37.4,1554.9,22.516,1556.75,1554.7,0.0003266100,0.0000062500,0.2,208.9
2026-09-14T08:38:14.230+00:00,ASTER,ENTROPY,7.0062,0.2062,1556.19,37.4,1555.1,0.3226,1556.75,1555.0,0.0003266100,0.0000017173,0.2,46.2
2026-09-14T08:38:14.240+00:00,ASTER,HL,9.4492,2.6492,1556.37,3.04,1554.9,22.516,1556.75,1554.7,0.0003266100,0.0000062500,0.2,218.9
2026-09-14T08:38:14.240+00:00,ASTER,ENTROPY,8.1630,1.3630,1556.37,3.04,1555.1,0.3226,1556.75,1555.0,0.0003266100,0.0000017173,0.2,56.2
2026-09-14T08:38:14.280+00:00,ASTER,HL,10.0922,3.2922,1556.37,3.04,1554.8,0.605,1556.75,1554.7,0.0003266100,0.0000062500,40.8,0.2
2026-09-14T08:38:14.312+00:00,ASTER,HL,10.0922,3.2922,1556.37,3.04,1554.8,1.605,1556.75,1554.7,0.0003266100,0.0000062500,72.2,0.3
2026-09-14T08:38:14.312+00:00,ASTER,ENTROPY,8.1630,1.3630,1556.37,3.04,1555.1,0.6915,1556.75,1555.0,0.0003266100,0.0000017173,72.3,0.4
2026-09-14T08:38:14.378+00:00,ASTER,HL,8.9354,2.1354,1556.19,37.4,1554.8,1.605,1556.75,1554.7,0.0003266100,0.0000062500,0.2,66.3
2026-09-14T08:38:14.378+00:00,ASTER,ENTROPY,7.0062,0.2062,1556.19,37.4,1555.1,0.6915,1556.75,1555.0,0.0003266100,0.0000017173,0.2,66.3
2026-09-14T08:38:14.390+00:00,ASTER,HL,10.1565,3.3565,1556.38,3.04,1554.8,1.605,1556.75,1554.7,0.0003266100,0.0000062500,0.2,78.3
2026-09-14T08:38:14.390+00:00,ASTER,ENTROPY,8.2272,1.4272,1556.38,3.04,1555.1,0.6915,1556.75,1555.0,0.0003266100,0.0000017173,0.2,78.3
2026-09-14T08:38:14.398+00:00,ASTER,HL,10.2850,3.4850,1556.4,3.04,1554.8,1.605,1556.75,1554.7,0.0003266100,0.0000062500,0.2,86.5
2026-09-14T08:38:14.398+00:00,ASTER,ENTROPY,8.3558,1.5558,1556.4,3.04,1555.1,0.6915,1556.75,1555.0,0.0003266100,0.0000017173,0.2,86.5
2026-09-14T08:38:14.432+00:00,ASTER,HL,10.1565,3.3565,1556.38,3.04,1554.8,1.605,1556.75,1554.7,0.0003266100,0.0000062500,0.2,120.7
2026-09-14T08:38:14.432+00:00,ASTER,ENTROPY,8.2272,1.4272,1556.38,3.04,1555.1,0.6915,1556.75,1555.0,0.0003266100,0.0000017173,0.2,120.7
2026-09-14T08:38:14.432+00:00,ASTER,HL,10.6706,3.8706,1556.46,3.04,1554.8,1.605,1556.75,1554.7,0.0003266100,0.0000062500,0.3,120.9
2026-09-14T08:38:14.432+00:00,ASTER,ENTROPY,8.7413,1.9413,1556.46,3.04,1555.1,0.6915,1556.75,1555.0,0.0003266100,0.0000017173,0.3,120.9
2026-09-14T08:38:14.537+00:00,ASTER,HL,9.2567,2.4567,1556.24,61.04,1554.8,1.605,1556.75,1554.7,0.0003266100,0.0000062500,0.3,225.1
2026-09-14T08:38:14.537+00:00,ASTER,ENTROPY,7.3275,0.5275,1556.24,61.04,1555.1,0.6915,1556.75,1555.0,0.0003266100,0.0000017173,0.3,225.1
2026-09-14T08:38:14.543+00:00,ASTER,HL,10.7349,3.9349,1556.47,3.04,1554.8,1.605,1556.75,1554.7,0.0003266100,0.0000062500,0.2,230.9
2026-09-14T08:38:14.543+00:00,ASTER,ENTROPY,8.8056,2.0056,1556.47,3.04,1555.1,0.6915,1556.75,1555.0,0.0003266100,0.0000017173,0.2,230.9
2026-09-14T08:38:14.596+00:00,ASTER,HL,10.7349,3.9349,1556.47,3.04,1554.8,0.605,1556.75,1554.7,0.0003266100,0.0000062500,53.1,0.6
2026-09-14T08:38:14.731+00:00,ASTER,HL,10.7346,3.9346,1556.47,3.04,1554.8,0.605,1556.89,1554.7,0.0003266100,0.0000062500,0.2,136.6
2026-09-14T08:38:14.731+00:00,ASTER,ENTROPY,8.8054,2.0054,1556.47,3.04,1555.1,0.6915,1556.89,1555.0,0.0003266100,0.0000017173,0.2,419.9
2026-09-14T08:38:14.740+00:00,ASTER,HL,10.0915,3.2915,1556.47,3.04,1554.9,9.869,1556.89,1554.8,0.0003266100,0.0000062500,8.6,0.2
2026-09-14T08:38:14.740+00:00,ASTER,ENTROPY,8.8054,2.0054,1556.47,3.04,1555.1,0.5251,1556.89,1555.0,0.0003266100,0.0000017173,8.7,0.3
2026-09-14T08:38:14.766+00:00,ASTER,HL,8.6134,1.8134,1556.24,61.04,1554.9,9.869,1556.89,1554.8,0.0003266100,0.0000062500,0.2,26.0
2026-09-14T08:38:14.766+00:00,ASTER,ENTROPY,7.3274,0.5274,1556.24,61.04,1555.1,0.5251,1556.89,1555.0,0.0003266100,0.0000017173,0.2,25.9
2026-09-14T08:38:14.766+00:00,ASTER,HL,8.6134,1.8134,1556.24,61.04,1554.9,9.869,1556.89,1554.8,0.0003266100,0.0000062500,0.4,26.2
2026-09-14T08:38:14.766+00:00,ASTER,ENTROPY,7.3274,0.5274,1556.24,61.04,1555.1,0.5251,1556.89,1555.0,0.0003266100,0.0000017173,0.4,26.1
2026-09-14T08:38:14.766+00:00,ASTER,HL,8.6134,1.8134,1556.24,46.9,1554.9,9.869,1556.89,1554.8,0.0003266100,0.0000062500,0.4,26.3
2026-09-14T08:38:14.766+00:00,ASTER,ENTROPY,7.3274,0.5274,1556.24,46.9,1555.1,0.5251,1556.89,1555.0,0.0003266100,0.0000017173,0.4,26.2
2026-09-14T08:38:14.766+00:00,ASTER,HL,8.6134,1.8134,1556.24,30.52,1554.9,9.869,1556.89,1554.8,0.0003266100,0.0000062500,0.5,26.3
2026-09-14T08:38:14.766+00:00,ASTER,ENTROPY,7.3274,0.5274,1556.24,30.52,1555.1,0.5251,1556.89,1555.0,0.0003266100,0.0000017173,0.5,26.2
2026-09-14T08:38:14.766+00:00,ASTER,HL,8.6133,1.8133,1556.24,30.52,1554.9,9.869,1556.97,1554.8,0.0003266100,0.0000062500,0.5,26.4
2026-09-14T08:38:14.766+00:00,ASTER,ENTROPY,7.3273,0.5273,1556.24,30.52,1555.1,0.5251,1556.97,1555.0,0.0003266100,0.0000017173,0.5,26.3
2026-09-14T08:38:14.766+00:00,ASTER,HL,8.6133,1.8133,1556.24,16.38,1554.9,9.869,1556.97,1554.8,0.0003266100,0.0000062500,0.6,26.4
2026-09-14T08:38:14.766+00:00,ASTER,ENTROPY,7.3273,0.5273,1556.24,16.38,1555.1,0.5251,1556.97,1555.0,0.0003266100,0.0000017173,0.6,26.3
2026-09-14T08:38:14.766+00:00,ASTER,HL,7.7779,0.9779,1556.11,0.01,1554.9,9.869,1556.97,1554.8,0.0003266100,0.0000062500,0.6,26.4
2026-09-14T08:38:14.766+00:00,ASTER,HL,10.3484,3.5484,1556.51,3.04,1554.9,9.869,1556.97,1554.8,0.0003266100,0.0000062500,0.6,26.5
2026-09-14T08:38:14.766+00:00,ASTER,ENTROPY,9.0623,2.2623,1556.51,3.04,1555.1,0.5251,1556.97,1555.0,0.0003266100,0.0000017173,0.6,26.4
2026-09-14T08:38:14.766+00:00,ASTER,HL,10.3485,3.5485,1556.51,3.04,1554.9,9.869,1556.94,1554.8,0.0003266100,0.0000062500,0.7,26.5
2026-09-14T08:38:14.766+00:00,ASTER,ENTROPY,9.0624,2.2624,1556.51,3.04,1555.1,0.5251,1556.94,1555.0,0.0003266100,0.0000017173,0.7,26.5
2026-09-14T08:38:14.790+00:00,ASTER,HL,10.3485,3.5485,1556.51,3.04,1554.9,9.869,1556.94,1554.8,0.0003266100,0.0000062500,0.1,50.0
2026-09-14T08:38:14.790+00:00,ASTER,ENTROPY,9.0624,2.2624,1556.51,3.04,1555.1,0.5251,1556.94,1555.0,0.0003266100,0.0000017173,0.1,49.9
2026-09-14T08:38:14.792+00:00,ASTER,HL,9.7055,2.9055,1556.51,3.04,1555.0,3.069,1556.94,1554.8,0.0003266100,0.0000062500,2.9,0.1
2026-09-14T08:38:14.831+00:00,ASTER,HL,9.7055,2.9055,1556.51,3.04,1555.0,3.069,1556.94,1554.8,0.0003266100,0.0000062500,0.2,38.4
2026-09-14T08:38:14.831+00:00,ASTER,ENTROPY,9.0624,2.2624,1556.51,3.04,1555.1,0.5251,1556.94,1555.0,0.0003266100,0.0000017173,0.2,91.0
2026-09-14T08:38:14.835+00:00,ASTER,HL,9.7055,2.9055,1556.51,3.04,1555.0,3.069,1556.97,1554.8,0.0003266100,0.0000062500,0.1,43.0
2026-09-14T08:38:14.835+00:00,ASTER,ENTROPY,9.0623,2.2623,1556.51,3.04,1555.1,0.5251,1556.97,1555.0,0.0003266100,0.0000017173,0.1,95.6
2026-09-14T08:38:14.839+00:00,ASTER,HL,9.7055,2.9055,1556.51,3.04,1555.0,3.069,1556.96,1554.8,0.0003266100,0.0000062500,0.1,47.1
2026-09-14T08:38:14.839+00:00,ASTER,ENTROPY,9.0623,2.2623,1556.51,3.04,1555.1,0.5251,1556.96,1555.0,0.0003266100,0.0000017173,0.1,99.7
2026-09-14T08:38:14.849+00:00,ASTER,HL,9.7055,2.9055,1556.51,3.04,1555.0,3.069,1556.96,1554.8,0.0003266100,0.0000062500,0.1,56.7
2026-09-14T08:38:14.849+00:00,ASTER,ENTROPY,9.0623,2.2623,1556.51,3.04,1555.1,0.5251,1556.96,1555.0,0.0003266100,0.0000017173,0.1,109.3
2026-09-14T08:38:14.849+00:00,ASTER,HL,9.7055,2.9055,1556.51,3.04,1555.0,3.069,1556.96,1554.8,0.0003266100,0.0000062500,0.2,56.8
2026-09-14T08:38:14.849+00:00,ASTER,ENTROPY,9.0623,2.2623,1556.51,3.04,1555.1,0.5251,1556.96,1555.0,0.0003266100,0.0000017173,0.2,109.4
2026-09-14T08:38:14.883+00:00,ASTER,HL,8.4203,1.6203,1556.31,49.52,1555.0,3.069,1556.96,1554.8,0.0003266100,0.0000062500,0.2,90.1
2026-09-14T08:38:14.883+00:00,ASTER,ENTROPY,7.7771,0.9771,1556.31,49.52,1555.1,0.5251,1556.96,1555.0,0.0003266100,0.0000017173,0.2,142.7
2026-09-14T08:38:14.890+00:00,ASTER,HL,9.7698,2.9698,1556.52,3.04,1555.0,3.069,1556.96,1554.8,0.0003266100,0.0000062500,0.8,97.8
2026-09-14T08:38:14.890+00:00,ASTER,ENTROPY,9.1266,2.3266,1556.52,3.04,1555.1,0.5251,1556.96,1555.0,0.0003266100,0.0000017173,0.8,150.5
2026-09-14T08:38:14.927+00:00,ASTER,HL,9.7698,2.9698,1556.52,3.04,1555.0,3.069,1556.96,1554.8,0.0003266100,0.0000062500,0.1,134.8
2026-09-14T08:38:14.927+00:00,ASTER,ENTROPY,9.1266,2.3266,1556.52,3.04,1555.1,0.5251,1556.96,1555.0,0.0003266100,0.0000017173,0.1,187.5
2026-09-14T08:38:14.936+00:00,ASTER,HL,9.7698,2.9698,1556.52,3.04,1555.0,3.069,1556.95,1554.8,0.0003266100,0.0000062500,0.1,143.5
2026-09-14T08:38:14.936+00:00,ASTER,ENTROPY,9.1266,2.3266,1556.52,3.04,1555.1,0.5251,1556.95,1555.0,0.0003266100,0.0000017173,0.1,196.1
2026-09-14T08:38:15.087+00:00,ASTER,HL,9.7698,2.9698,1556.52,3.04,1555.0,3.069,1556.94,1554.8,0.0003266100,0.0000062500,0.2,295.0
2026-09-14T08:38:15.087+00:00,ASTER,ENTROPY,9.1266,2.3266,1556.52,3.04,1555.1,0.5251,1556.94,1555.0,0.0003266100,0.0000017173,0.2,347.6
2026-09-14T08:38:15.134+00:00,ASTER,HL,9.7696,2.9696,1556.52,3.04,1555.0,3.069,1556.94,1554.9,0.0003266100,0.0000062500,47.7,1.8
2026-09-14T08:38:15.147+00:00,ASTER,HL,9.7696,2.9696,1556.52,3.04,1555.0,3.069,1556.94,1554.9,0.0003266100,0.0000062500,0.2,14.2
2026-09-14T08:38:15.147+00:00,ASTER,ENTROPY,9.1266,2.3266,1556.52,3.04,1555.1,0.5251,1556.94,1555.0,0.0003266100,0.0000017173,0.2,407.5
2026-09-14T08:38:15.197+00:00,ASTER,HL,9.7696,2.9696,1556.52,3.04,1555.0,3.069,1556.94,1554.9,0.0003266100,0.0000062500,50.5,0.2
2026-09-14T08:38:15.221+00:00,ASTER,HL,9.7696,2.9696,1556.52,3.04,1555.0,3.633,1556.94,1554.9,0.0003266100,0.0000062500,74.1,0.2
2026-09-14T08:38:15.221+00:00,ASTER,ENTROPY,9.1266,2.3266,1556.52,3.04,1555.1,0.1562,1556.94,1555.0,0.0003266100,0.0000017173,74.3,0.3
2026-09-14T08:38:15.235+00:00,ASTER,HL,9.7696,2.9696,1556.52,3.04,1555.0,5.097,1556.94,1554.9,0.0003266100,0.0000062500,87.9,0.2
2026-09-14T08:38:15.350+00:00,ASTER,HL,9.7696,2.9696,1556.52,3.04,1555.0,3.069,1556.94,1554.9,0.0003266100,0.0000062500,203.6,0.3
2026-09-14T08:38:15.350+00:00,ASTER,ENTROPY,9.1266,2.3266,1556.52,3.04,1555.1,0.1562,1556.94,1555.0,0.0003266100,0.0000017173,203.7,0.4
2026-09-14T08:38:15.433+00:00,ASTER,HL,8.4202,1.6202,1556.31,49.52,1555.0,3.069,1556.94,1554.9,0.0003266100,0.0000062500,0.2,83.3
2026-09-14T08:38:15.433+00:00,ASTER,ENTROPY,7.7772,0.9772,1556.31,49.52,1555.1,0.1562,1556.94,1555.0,0.0003266100,0.0000017173,0.2,83.2
2026-09-14T08:38:15.465+00:00,ASTER,HL,8.4202,1.6202,1556.31,49.52,1555.0,3.069,1556.94,1554.9,0.0003266100,0.0000062500,0.2,114.8
2026-09-14T08:38:15.465+00:00,ASTER,ENTROPY,7.7772,0.9772,1556.31,49.52,1555.1,0.1562,1556.94,1555.0,0.0003266100,0.0000017173,0.2,114.8
2026-09-14T08:38:15.465+00:00,ASTER,HL,8.4202,1.6202,1556.31,41.14,1555.0,3.069,1556.94,1554.9,0.0003266100,0.0000062500,0.4,115.0
2026-09-14T08:38:15.465+00:00,ASTER,ENTROPY,7.7772,0.9772,1556.31,41.14,1555.1,0.1562,1556.94,1555.0,0.0003266100,0.0000017173,0.4,115.0
2026-09-14T08:38:15.465+00:00,ASTER,HL,8.4202,1.6202,1556.31,24.76,1555.0,3.069,1556.94,1554.9,0.0003266100,0.0000062500,0.4,115.1
2026-09-14T08:38:15.465+00:00,ASTER,ENTROPY,7.7772,0.9772,1556.31,24.76,1555.1,0.1562,1556.94,1555.0,0.0003266100,0.0000017173,0.4,115.0
2026-09-14T08:38:15.465+00:00,ASTER,HL,8.4202,1.6202,1556.31,16.38,1555.0,3.069,1556.94,1554.9,0.0003266100,0.0000062500,0.4,115.1
2026-09-14T08:38:15.465+00:00,ASTER,ENTROPY,7.7772,0.9772,1556.31,16.38,1555.1,0.1562,1556.94,1555.0,0.0003266100,0.0000017173,0.4,115.1
2026-09-14T08:38:15.465+00:00,ASTER,HL,8.0346,1.2346,1556.25,0.64,1555.0,3.069,1556.94,1554.9,0.0003266100,0.0000062500,0.5,115.1
2026-09-14T08:38:15.465+00:00,ASTER,ENTROPY,7.3916,0.5916,1556.25,0.64,1555.1,0.1562,1556.94,1555.0,0.0003266100,0.0000017173,0.5,115.1
2026-09-14T08:38:15.465+00:00,ASTER,HL,8.0343,1.2343,1556.25,0.64,1555.0,3.069,1557.18,1554.9,0.0003266100,0.0000062500,0.5,115.2
2026-09-14T08:38:15.465+00:00,ASTER,ENTROPY,7.3913,0.5913,1556.25,0.64,1555.1,0.1562,1557.18,1555.0,0.0003266100,0.0000017173,0.5,115.1
2026-09-14T08:38:15.466+00:00,ASTER,HL,10.3476,3.5476,1556.61,3.04,1555.0,3.069,1557.18,1554.9,0.0003266100,0.0000062500,0.5,115.2
2026-09-14T08:38:15.466+00:00,ASTER,ENTROPY,9.7045,2.9045,1556.61,3.04,1555.1,0.1562,1557.18,1555.0,0.0003266100,0.0000017173,0.5,115.2
2026-09-14T08:38:15.466+00:00,ASTER,HL,10.7331,3.9331,1556.67,3.04,1555.0,3.069,1557.18,1554.9,0.0003266100,0.0000062500,0.7,115.3
2026-09-14T08:38:15.466+00:00,ASTER,ENTROPY,10.0901,3.2901,1556.67,3.04,1555.1,0.1562,1557.18,1555.0,0.0003266100,0.0000017173,0.7,115.3
2026-09-14T08:38:15.492+00:00,ASTER,HL,10.7331,3.9331,1556.67,3.04,1555.0,3.069,1557.14,1554.9,0.0003266100,0.0000062500,0.1,141.2
2026-09-14T08:38:15.492+00:00,ASTER,ENTROPY,10.0901,3.2901,1556.67,3.04,1555.1,0.1562,1557.14,1555.0,0.0003266100,0.0000017173,0.1,141.1
2026-09-14T08:38:15.492+00:00,ASTER,HL,10.7331,3.9331,1556.67,3.04,1555.0,3.069,1557.14,1554.9,0.0003266100,0.0000062500,0.2,141.3
2026-09-14T08:38:15.492+00:00,ASTER,ENTROPY,10.0901,3.2901,1556.67,3.04,1555.1,0.1562,1557.14,1555.0,0.0003266100,0.0000017173,0.2,141.2
2026-09-14T08:38:15.526+00:00,ASTER,HL,10.7331,3.9331,1556.67,3.04,1555.0,3.069,1557.14,1554.9,0.0003266100,0.0000062500,0.2,176.1
2026-09-14T08:38:15.526+00:00,ASTER,ENTROPY,10.0901,3.2901,1556.67,3.04,1555.1,0.1562,1557.14,1555.0,0.0003266100,0.0000017173,0.2,176.0
2026-09-14T08:38:15.526+00:00,ASTER,HL,10.7331,3.9331,1556.67,3.04,1555.0,3.069,1557.15,1554.9,0.0003266100,0.0000062500,0.3,176.2
2026-09-14T08:38:15.526+00:00,ASTER,ENTROPY,10.0901,3.2901,1556.67,3.04,1555.1,0.1562,1557.15,1555.0,0.0003266100,0.0000017173,0.3,176.1
2026-09-14T08:38:15.536+00:00,ASTER,HL,10.7331,3.9331,1556.67,3.04,1555.0,3.069,1557.15,1554.9,0.0003266100,0.0000062500,0.1,185.9
2026-09-14T08:38:15.536+00:00,ASTER,ENTROPY,10.0901,3.2901,1556.67,3.04,1555.1,0.1562,1557.15,1555.0,0.0003266100,0.0000017173,0.1,185.8
2026-09-14T08:38:15.536+00:00,ASTER,HL,10.7331,3.9331,1556.67,3.04,1555.0,3.069,1557.15,1554.9,0.0003266100,0.0000062500,0.2,186.0
2026-09-14T08:38:15.536+00:00,ASTER,ENTROPY,10.0901,3.2901,1556.67,3.04,1555.1,0.1562,1557.15,1555.0,0.0003266100,0.0000017173,0.2,186.0
2026-09-14T08:38:15.558+00:00,ASTER,HL,10.7331,3.9331,1556.67,3.04,1555.0,2.464,1557.15,1554.9,0.0003266100,0.0000062500,22.1,0.2
2026-09-14T08:38:15.580+00:00,ASTER,HL,10.7331,3.9331,1556.67,3.04,1555.0,2.464,1557.15,1554.9,0.0003266100,0.0000062500,0.2,22.7
2026-09-14T08:38:15.580+00:00,ASTER,ENTROPY,10.0901,3.2901,1556.67,3.04,1555.1,0.1562,1557.15,1555.0,0.0003266100,0.0000017173,0.2,230.3
2026-09-14T08:38:15.580+00:00,ASTER,HL,10.7331,3.9331,1556.67,3.04,1555.0,2.464,1557.15,1554.9,0.0003266100,0.0000062500,0.3,22.9
2026-09-14T08:38:15.580+00:00,ASTER,ENTROPY,10.0901,3.2901,1556.67,3.04,1555.1,0.1562,1557.15,1555.0,0.0003266100,0.0000017173,0.3,230.5
2026-09-14T08:38:15.583+00:00,ASTER,HL,10.7331,3.9331,1556.67,3.04,1555.0,2.464,1557.15,1554.9,0.0003266100,0.0000062500,0.0,24.8
2026-09-14T08:38:15.583+00:00,ASTER,ENTROPY,10.0901,3.2901,1556.67,3.04,1555.1,0.1562,1557.15,1555.0,0.0003266100,0.0000017173,0.0,232.4
2026-09-14T08:38:15.588+00:00,ASTER,HL,10.7331,3.9331,1556.67,3.04,1555.0,2.464,1557.17,1554.9,0.0003266100,0.0000062500,0.1,29.8
2026-09-14T08:38:15.588+00:00,ASTER,ENTROPY,10.0901,3.2901,1556.67,3.04,1555.1,0.1562,1557.17,1555.0,0.0003266100,0.0000017173,0.1,237.3
2026-09-14T08:38:15.627+00:00,ASTER,HL,10.7331,3.9331,1556.67,3.04,1555.0,2.464,1557.19,1554.9,0.0003266100,0.0000062500,0.2,69.3
2026-09-14T08:38:15.627+00:00,ASTER,ENTROPY,10.0900,3.2900,1556.67,3.04,1555.1,0.1562,1557.19,1555.0,0.0003266100,0.0000017173,0.2,276.9
2026-09-14T08:38:15.628+00:00,ASTER,HL,9.9620,3.1620,1556.55,56.48,1555.0,2.464,1557.19,1554.9,0.0003266100,0.0000062500,0.4,69.5
2026-09-14T08:38:15.628+00:00,ASTER,ENTROPY,9.3190,2.5190,1556.55,56.48,1555.1,0.1562,1557.19,1555.0,0.0003266100,0.0000017173,0.4,277.1
2026-09-14T08:38:15.632+00:00,ASTER,HL,9.9620,3.1620,1556.55,44.62,1555.0,2.464,1557.19,1554.9,0.0003266100,0.0000062500,0.8,73.6
2026-09-14T08:38:15.632+00:00,ASTER,ENTROPY,9.3190,2.5190,1556.55,44.62,1555.1,0.1562,1557.19,1555.0,0.0003266100,0.0000017173,0.8,281.2
2026-09-14T08:38:15.632+00:00,ASTER,HL,9.9620,3.1620,1556.55,28.24,1555.0,2.464,1557.19,1554.9,0.0003266100,0.0000062500,0.9,73.7
2026-09-14T08:38:15.632+00:00,ASTER,ENTROPY,9.3190,2.5190,1556.55,28.24,1555.1,0.1562,1557.19,1555.0,0.0003266100,0.0000017173,0.9,281.2
2026-09-14T08:38:15.632+00:00,ASTER,HL,9.9620,3.1620,1556.55,16.38,1555.0,2.464,1557.19,1554.9,0.0003266100,0.0000062500,0.9,73.7
2026-09-14T08:38:15.632+00:00,ASTER,ENTROPY,9.3190,2.5190,1556.55,16.38,1555.1,0.1562,1557.19,1555.0,0.0003266100,0.0000017173,0.9,281.3
2026-09-14T08:38:15.632+00:00,ASTER,HL,8.4841,1.6841,1556.32,0.04,1555.0,2.464,1557.19,1554.9,0.0003266100,0.0000062500,1.0,73.7
2026-09-14T08:38:15.632+00:00,ASTER,ENTROPY,7.8411,1.0411,1556.32,0.04,1555.1,0.1562,1557.19,1555.0,0.0003266100,0.0000017173,1.0,281.3
2026-09-14T08:38:15.641+00:00,ASTER,HL,8.4842,1.6842,1556.32,0.04,1555.0,2.464,1557.14,1554.9,0.0003266100,0.0000062500,0.1,82.5
2026-09-14T08:38:15.641+00:00,ASTER,ENTROPY,7.8412,1.0412,1556.32,0.04,1555.1,0.1562,1557.14,1555.0,0.0003266100,0.0000017173,0.1,290.0
2026-09-14T08:38:15.641+00:00,ASTER,HL,11.3114,4.5114,1556.76,3.04,1555.0,2.464,1557.14,1554.9,0.0003266100,0.0000062500,0.1,82.5
2026-09-14T08:38:15.641+00:00,ASTER,ENTROPY,10.6684,3.8684,1556.76,3.04,1555.1,0.1562,1557.14,1555.0,0.0003266100,0.0000017173,0.1,290.1
2026-09-14T08:38:15.737+00:00,ASTER,HL,9.8978,3.0978,1556.54,2.56,1555.0,2.464,1557.14,1554.9,0.0003266100,0.0000062500,0.2,178.3
2026-09-14T08:38:15.737+00:00,ASTER,ENTROPY,9.2548,2.4548,1556.54,2.56,1555.1,0.1562,1557.14,1555.0,0.0003266100,0.0000017173,0.2,385.9
2026-09-14T08:38:15.751+00:00,ASTER,HL,9.2550,2.4550,1556.54,2.56,1555.1,0.272,1557.14,1554.9,0.0003266100,0.0000062500,15.1,0.2
2026-09-14T08:38:15.797+00:00,ASTER,HL,8.6120,1.8120,1556.54,2.56,1555.2,2.346,1557.14,1555.0,0.0003266100,0.0000062500,60.6,0.2
2026-09-14T08:38:15.846+00:00,ASTER,HL,8.8048,2.0048,1556.57,3.04,1555.2,2.346,1557.14,1555.0,0.0003266100,0.0000062500,0.2,49.2
2026-09-14T08:38:15.846+00:00,ASTER,ENTROPY,9.4476,2.6476,1556.57,3.04,1555.1,0.1562,1557.14,1555.0,0.0003266100,0.0000017173,0.2,495.3
2026-09-14T08:38:15.846+00:00,ASTER,HL,8.8690,2.0690,1556.58,3.04,1555.2,2.346,1557.14,1555.0,0.0003266100,0.0000062500,0.3,49.3
2026-09-14T08:38:15.846+00:00,ASTER,ENTROPY,9.5118,2.7118,1556.58,3.04,1555.1,0.1562,1557.14,1555.0,0.0003266100,0.0000017173,0.3,495.4
2026-09-14T08:38:15.878+00:00,ASTER,HL,8.8048,2.0048,1556.57,3.04,1555.2,2.346,1557.14,1555.0,0.0003266100,0.0000062500,0.2,81.7
2026-09-14T08:38:15.878+00:00,ASTER,ENTROPY,9.4476,2.6476,1556.57,3.04,1555.1,0.1562,1557.14,1555.0,0.0003266100,0.0000017173,0.2,527.8
2026-09-14T08:38:15.890+00:00,ASTER,HL,8.6120,1.8120,1556.54,2.56,1555.2,2.346,1557.14,1555.0,0.0003266100,0.0000062500,0.1,93.3
2026-09-14T08:38:15.890+00:00,ASTER,ENTROPY,9.2548,2.4548,1556.54,2.56,1555.1,0.1562,1557.14,1555.0,0.0003266100,0.0000017173,0.1,539.4
2026-09-14T08:38:15.941+00:00,ASTER,HL,8.6120,1.8120,1556.54,1.28,1555.2,2.346,1557.14,1555.0,0.0003266100,0.0000062500,0.2,144.3
2026-09-14T08:38:15.941+00:00,ASTER,ENTROPY,9.2548,2.4548,1556.54,1.28,1555.1,0.1562,1557.14,1555.0,0.0003266100,0.0000017173,0.2,590.4
2026-09-14T08:38:15.941+00:00,ASTER,HL,7.1983,0.3983,1556.32,0.04,1555.2,2.346,1557.14,1555.0,0.0003266100,0.0000062500,0.3,144.5
2026-09-14T08:38:15.941+00:00,ASTER,ENTROPY,7.8412,1.0412,1556.32,0.04,1555.1,0.1562,1557.14,1555.0,0.0003266100,0.0000017173,0.3,590.6
2026-09-14T08:38:15.941+00:00,ASTER,HL,7.1984,0.3984,1556.32,0.04,1555.2,2.346,1557.06,1555.0,0.0003266100,0.0000062500,0.3,144.5
2026-09-14T08:38:15.941+00:00,ASTER,ENTROPY,7.8413,1.0413,1556.32,0.04,1555.1,0.1562,1557.06,1555.0,0.0003266100,0.0000017173,0.3,590.6
2026-09-14T08:38:15.941+00:00,ASTER,HL,7.1983,0.3983,1556.32,0.04,1555.2,2.346,1557.06,1555.1,0.0003266100,0.0000062500,0.3,0.2
2026-09-14T08:38:15.945+00:00,ASTER,HL,7.4553,0.6553,1556.36,2.0,1555.2,2.346,1557.06,1555.1,0.0003266100,0.0000062500,0.1,4.8
2026-09-14T08:38:15.945+00:00,ASTER,ENTROPY,8.0983,1.2983,1556.36,2.0,1555.1,0.1562,1557.06,1555.0,0.0003266100,0.0000017173,0.1,595.2
2026-09-14T08:38:15.945+00:00,ASTER,HL,7.4554,0.6554,1556.36,2.0,1555.2,2.346,1556.99,1555.1,0.0003266100,0.0000062500,0.1,4.9
2026-09-14T08:38:15.945+00:00,ASTER,ENTROPY,8.0984,1.2984,1556.36,2.0,1555.1,0.1562,1556.99,1555.0,0.0003266100,0.0000017173,0.1,595.3
2026-09-14T08:38:15.946+00:00,ASTER,HL,7.4554,0.6554,1556.36,2.0,1555.2,2.346,1556.99,1555.1,0.0003266100,0.0000062500,0.2,4.9
2026-09-14T08:38:15.946+00:00,ASTER,ENTROPY,8.0984,1.2984,1556.36,2.0,1555.1,0.1562,1556.99,1555.0,0.0003266100,0.0000017173,0.2,595.3
2026-09-14T08:38:15.946+00:00,ASTER,HL,7.4554,0.6554,1556.36,2.0,1555.2,2.346,1556.99,1555.1,0.0003266100,0.0000062500,0.2,5.0
2026-09-14T08:38:15.946+00:00,ASTER,ENTROPY,8.0984,1.2984,1556.36,2.0,1555.1,0.1562,1556.99,1555.0,0.0003266100,0.0000017173,0.2,595.3
2026-09-14T08:38:15.946+00:00,ASTER,HL,7.4554,0.6554,1556.36,4.0,1555.2,2.346,1556.99,1555.1,0.0003266100,0.0000062500,0.2,5.0
2026-09-14T08:38:15.946+00:00,ASTER,ENTROPY,8.0984,1.2984,1556.36,4.0,1555.1,0.1562,1556.99,1555.0,0.0003266100,0.0000017173,0.2,595.4
2026-09-14T08:38:15.946+00:00,ASTER,HL,7.4554,0.6554,1556.36,4.0,1555.2,2.346,1556.99,1555.1,0.0003266100,0.0000062500,0.2,5.0
2026-09-14T08:38:15.946+00:00,ASTER,ENTROPY,8.0984,1.2984,1556.36,4.0,1555.1,0.1562,1556.99,1555.0,0.0003266100,0.0000017173,0.2,595.4
2026-09-14T08:38:15.992+00:00,ASTER,HL,8.2908,1.4908,1556.49,3.04,1555.2,2.346,1556.99,1555.1,0.0003266100,0.0000062500,0.8,51.0
2026-09-14T08:38:15.992+00:00,ASTER,ENTROPY,8.9338,2.1338,1556.49,3.04,1555.1,0.1562,1556.99,1555.0,0.0003266100,0.0000017173,0.8,641.4
2026-09-14T08:38:16.041+00:00,ASTER,HL,8.2908,1.4908,1556.49,3.04,1555.2,2.346,1556.99,1555.1,0.0003266100,0.0000062500,0.2,99.7
2026-09-14T08:38:16.041+00:00,ASTER,ENTROPY,8.9338,2.1338,1556.49,3.04,1555.1,0.1562,1556.99,1555.0,0.0003266100,0.0000017173,0.2,690.1
2026-09-14T08:38:16.048+00:00,ASTER,HL,8.2908,1.4908,1556.49,3.04,1555.2,2.346,1556.99,1555.1,0.0003266100,0.0000062500,0.2,106.6
2026-09-14T08:38:16.048+00:00,ASTER,ENTROPY,8.9338,2.1338,1556.49,3.04,1555.1,0.1562,1556.99,1555.0,0.0003266100,0.0000017173,0.2,697.0
2026-09-14T08:38:16.048+00:00,ASTER,HL,8.2908,1.4908,1556.49,3.04,1555.2,2.346,1556.98,1555.1,0.0003266100,0.0000062500,0.4,106.8
2026-09-14T08:38:16.048+00:00,ASTER,ENTROPY,8.9338,2.1338,1556.49,3.04,1555.1,0.1562,1556.98,1555.0,0.0003266100,0.0000017173,0.4,697.2
2026-09-14T08:38:16.048+00:00,ASTER,HL,8.2908,1.4908,1556.49,3.04,1555.2,2.346,1556.98,1555.1,0.0003266100,0.0000062500,0.5,106.9
2026-09-14T08:38:16.048+00:00,ASTER,ENTROPY,8.9338,2.1338,1556.49,3.04,1555.1,0.1562,1556.98,1555.0,0.0003266100,0.0000017173,0.5,697.3
2026-09-14T08:38:16.087+00:00,ASTER,HL,8.2908,1.4908,1556.49,3.04,1555.2,2.037,1556.98,1555.1,0.0003266100,0.0000062500,39.8,0.2
2026-09-14T08:38:16.087+00:00,ASTER,ENTROPY,7.6481,0.8481,1556.49,3.04,1555.3,0.2353,1556.98,1555.0,0.0003266100,0.0000017173,40.0,0.3
2026-09-14T08:38:16.140+00:00,ASTER,HL,8.2908,1.4908,1556.49,3.04,1555.2,31.688,1556.98,1555.1,0.0003266100,0.0000062500,93.1,2.0
2026-09-14T08:38:16.302+00:00,ASTER,HL,8.2909,1.4909,1556.49,3.04,1555.2,37.271,1556.98,1555.0,0.0003266100,0.0000062500,254.8,0.3
2026-09-14T08:38:16.346+00:00,ASTER,HL,8.9339,2.1339,1556.49,3.04,1555.1,0.867,1556.98,1554.9,0.0003266100,0.0000062500,298.9,0.2
2026-09-14T08:38:16.427+00:00,ASTER,HL,8.9339,2.1339,1556.49,3.04,1555.1,1.734,1556.98,1554.9,0.0003266100,0.0000062500,379.9,0.3
2026-09-14T08:38:16.525+00:00,ASTER,HL,8.0985,1.2985,1556.36,4.0,1555.1,1.734,1556.98,1554.9,0.0003266100,0.0000062500,0.2,97.6
2026-09-14T08:38:16.525+00:00,ASTER,ENTROPY,6.8127,0.0127,1556.36,4.0,1555.3,0.2353,1556.98,1555.0,0.0003266100,0.0000017173,0.2,437.6
2026-09-14T08:38:16.536+00:00,ASTER,HL,9.0624,2.2624,1556.51,3.04,1555.1,1.734,1556.98,1554.9,0.0003266100,0.0000062500,0.2,109.3
2026-09-14T08:38:16.536+00:00,ASTER,ENTROPY,7.7766,0.9766,1556.51,3.04,1555.3,0.2353,1556.98,1555.0,0.0003266100,0.0000017173,0.2,449.3
2026-09-14T08:38:16.596+00:00,ASTER,HL,9.0624,2.2624,1556.51,3.04,1555.1,1.734,1556.98,1554.9,0.0003266100,0.0000062500,60.2,0.3
2026-09-14T08:38:16.596+00:00,ASTER,HL,9.0625,2.2625,1556.51,3.04,1555.1,1.734,1556.97,1554.9,0.0003266100,0.0000062500,0.4,0.6
2026-09-14T08:38:16.596+00:00,ASTER,ENTROPY,7.7766,0.9766,1556.51,3.04,1555.3,0.2353,1556.97,1555.0,0.0003266100,0.0000017352,0.4,509.5
2026-09-14T08:38:16.637+00:00,ASTER,HL,8.0986,1.2986,1556.36,4.0,1555.1,1.734,1556.97,1554.9,0.0003266100,0.0000062500,0.2,41.1
2026-09-14T08:38:16.637+00:00,ASTER,ENTROPY,6.8127,0.0127,1556.36,4.0,1555.3,0.2353,1556.97,1555.0,0.0003266100,0.0000017352,0.2,549.9
2026-09-14T08:38:16.637+00:00,ASTER,HL,8.0984,1.2984,1556.36,4.0,1555.1,3.418,1556.97,1555.0,0.0003266100,0.0000062500,0.4,0.4
2026-09-14T08:38:16.637+00:00,ASTER,ENTROPY,8.0984,1.2984,1556.36,4.0,1555.1,0.0077,1556.97,1555.0,0.0003266100,0.0000017352,0.4,0.4
2026-09-14T08:38:16.643+00:00,ASTER,HL,9.1266,2.3266,1556.52,3.04,1555.1,3.418,1556.97,1555.0,0.0003266100,0.0000062500,0.1,6.7
2026-09-14T08:38:16.643+00:00,ASTER,ENTROPY,9.1266,2.3266,1556.52,3.04,1555.1,0.0077,1556.97,1555.0,0.0003266100,0.0000017352,0.1,6.6
2026-09-14T08:38:16.687+00:00,ASTER,HL,9.1266,2.3266,1556.52,3.04,1555.1,5.101,1556.97,1555.0,0.0003266100,0.0000062500,43.8,0.2
2026-09-14T08:38:16.687+00:00,ASTER,HL,8.0984,1.2984,1556.36,4.0,1555.1,5.101,1556.97,1555.0,0.0003266100,0.0000062500,0.3,0.3
2026-09-14T08:38:16.687+00:00,ASTER,ENTROPY,8.0984,1.2984,1556.36,4.0,1555.1,0.0077,1556.97,1555.0,0.0003266100,0.0000017352,0.3,50.4
2026-09-14T08:38:16.695+00:00,ASTER,HL,9.3193,2.5193,1556.55,3.04,1555.1,5.101,1556.97,1555.0,0.0003266100,0.0000062500,0.1,8.3
2026-09-14T08:38:16.695+00:00,ASTER,ENTROPY,9.3193,2.5193,1556.55,3.04,1555.1,0.0077,1556.97,1555.0,0.0003266100,0.0000017352,0.1,58.4
2026-09-14T08:38:16.729+00:00,ASTER,HL,9.3193,2.5193,1556.55,3.04,1555.1,5.101,1556.98,1555.0,0.0003266100,0.0000062500,0.2,42.2
2026-09-14T08:38:16.729+00:00,ASTER,ENTROPY,9.3193,2.5193,1556.55,3.04,1555.1,0.0077,1556.98,1555.0,0.0003266100,0.0000017352,0.2,92.3
2026-09-14T08:38:16.781+00:00,ASTER,HL,9.3193,2.5193,1556.55,3.04,1555.1,4.234,1556.98,1555.0,0.0003266100,0.0000062500,52.6,0.2
2026-09-14T08:38:16.975+00:00,ASTER,HL,9.3193,2.5193,1556.55,3.04,1555.1,0.684,1556.98,1555.0,0.0003266100,0.0000062500,245.9,0.2
2026-09-14T08:38:16.975+00:00,ASTER,ENTROPY,9.3193,2.5193,1556.55,3.04,1555.1,0.0077,1556.98,1555.0,0.0003266100,0.0000017352,246.1,0.3
2026-09-14T08:38:16.999+00:00,ASTER,HL,9.3193,2.5193,1556.55,3.04,1555.1,0.041,1556.98,1555.0,0.0003266100,0.0000062500,270.4,0.3
2026-09-14T08:38:17.093+00:00,ASTER,HL,9.3193,2.5193,1556.55,3.04,1555.1,0.041,1556.97,1555.0,0.0003266100,0.0000062500,0.2,94.2
2026-09-14T08:38:17.093+00:00,ASTER,ENTROPY,9.3193,2.5193,1556.55,3.04,1555.1,0.0077,1556.97,1555.0,0.0003266100,0.0000017352,0.2,118.5
2026-09-14T08:38:17.229+00:00,ASTER,HL,9.3193,2.5193,1556.55,3.04,1555.1,0.041,1556.98,1555.0,0.0003266100,0.0000062500,0.3,230.8
2026-09-14T08:38:17.229+00:00,ASTER,ENTROPY,9.3193,2.5193,1556.55,3.04,1555.1,0.0077,1556.98,1555.0,0.0003266100,0.0000017352,0.3,255.1
2026-09-14T08:38:17.229+00:00,ASTER,HL,8.0984,1.2984,1556.36,36.76,1555.1,0.041,1556.98,1555.0,0.0003266100,0.0000062500,0.4,231.0
2026-09-14T08:38:17.229+00:00,ASTER,ENTROPY,8.0984,1.2984,1556.36,36.76,1555.1,0.0077,1556.98,1555.0,0.0003266100,0.0000017352,0.4,255.3
2026-09-14T08:38:17.229+00:00,ASTER,HL,8.0984,1.2984,1556.36,20.38,1555.1,0.041,1556.98,1555.0,0.0003266100,0.0000062500,0.5,231.0
2026-09-14T08:38:17.229+00:00,ASTER,ENTROPY,8.0984,1.2984,1556.36,20.38,1555.1,0.0077,1556.98,1555.0,0.0003266100,0.0000017352,0.5,255.3
2026-09-14T08:38:17.240+00:00,ASTER,HL,9.3836,2.5836,1556.56,3.04,1555.1,0.041,1556.98,1555.0,0.0003266100,0.0000062500,0.1,240.8
2026-09-14T08:38:17.240+00:00,ASTER,ENTROPY,9.3836,2.5836,1556.56,3.04,1555.1,0.0077,1556.98,1555.0,0.0003266100,0.0000017352,0.1,265.1
2026-09-14T08:38:17.284+00:00,ASTER,HL,9.3836,2.5836,1556.56,3.04,1555.1,0.041,1556.98,1555.0,0.0003266100,0.0000062500,0.2,285.7
2026-09-14T08:38:17.284+00:00,ASTER,ENTROPY,9.3836,2.5836,1556.56,3.04,1555.1,0.0077,1556.98,1555.0,0.0003266100,0.0000017352,0.2,310.0
2026-09-14T08:38:17.323+00:00,ASTER,HL,9.3836,2.5836,1556.56,3.04,1555.1,0.041,1556.98,1555.0,0.0003266100,0.0000062500,0.3,324.9
2026-09-14T08:38:17.323+00:00,ASTER,ENTROPY,9.3836,2.5836,1556.56,3.04,1555.1,0.0077,1556.98,1555.0,0.0003266100,0.0000017352,0.3,349.2
2026-09-14T08:38:17.368+00:00,ASTER,HL,9.3836,2.5836,1556.56,3.04,1555.1,1.829,1556.98,1555.0,0.0003266100,0.0000062500,44.5,0.2
2026-09-14T08:38:17.426+00:00,ASTER,HL,9.3836,2.5836,1556.56,3.04,1555.1,1.041,1556.98,1555.0,0.0003266100,0.0000062500,102.6,0.2
2026-09-14T08:38:17.588+00:00,ASTER,HL,9.3836,2.5836,1556.56,3.04,1555.1,1.0,1556.98,1555.0,0.0003266100,0.0000062500,265.0,0.3
2026-09-14T08:38:17.633+00:00,ASTER,HL,9.3836,2.5836,1556.56,3.04,1555.1,1.0,1556.98,1555.0,0.0003266100,0.0000062500,309.2,0.2
2026-09-14T08:38:17.763+00:00,ASTER,HL,9.3836,2.5836,1556.56,3.04,1555.1,0.94,1556.98,1555.0,0.0003266100,0.0000062500,439.7,0.3
2026-09-14T08:38:17.872+00:00,ASTER,HL,9.3836,2.5836,1556.56,3.04,1555.1,0.94,1556.98,1555.0,0.0003266100,0.0000062500,549.2,0.3
2026-09-14T08:38:17.959+00:00,ASTER,HL,9.3836,2.5836,1556.56,3.04,1555.1,0.94,1556.98,1555.0,0.0003266100,0.0000062500,636.2,0.3
2026-09-14T08:38:18.027+00:00,ASTER,HL,9.3836,2.5836,1556.56,3.04,1555.1,1.545,1556.98,1555.0,0.0003266100,0.0000062500,703.7,0.2
2026-09-14T08:38:18.165+00:00,ASTER,HL,9.3836,2.5836,1556.56,3.04,1555.1,1.545,1556.98,1555.0,0.0003266100,0.0000062500,842.1,0.3
2026-09-14T08:38:18.165+00:00,ASTER,ENTROPY,9.3836,2.5836,1556.56,3.04,1555.1,0.0077,1556.98,1555.0,0.0003266100,0.0000017352,842.4,0.5
2026-09-14T08:38:18.180+00:00,ASTER,HL,8.1627,1.3627,1556.37,0.04,1555.1,1.545,1556.98,1555.0,0.0003266100,0.0000062500,0.2,15.5
2026-09-14T08:38:18.180+00:00,ASTER,ENTROPY,8.1627,1.3627,1556.37,0.04,1555.1,0.0077,1556.98,1555.0,0.0003266100,0.0000017352,0.2,15.5
2026-09-14T08:38:18.252+00:00,ASTER,HL,8.1627,1.3627,1556.37,0.04,1555.1,1.545,1556.98,1555.0,0.0003266100,0.0000062500,0.2,86.6
2026-09-14T08:38:18.252+00:00,ASTER,ENTROPY,8.1627,1.3627,1556.37,0.04,1555.1,0.0077,1556.98,1555.0,0.0003266100,0.0000017352,0.2,86.6
2026-09-14T08:38:18.266+00:00,ASTER,HL,8.1627,1.3627,1556.37,0.04,1555.1,1.545,1556.98,1555.0,0.0003266100,0.0000062500,15.0,0.3
2026-09-14T08:38:18.288+00:00,ASTER,HL,8.1627,1.3627,1556.37,0.04,1555.1,1.545,1556.97,1555.0,0.0003266100,0.0000062500,0.2,22.1
2026-09-14T08:38:18.288+00:00,ASTER,ENTROPY,8.1627,1.3627,1556.37,0.04,1555.1,0.0077,1556.97,1555.0,0.0003266100,0.0000017352,0.2,123.2
2026-09-14T08:38:18.292+00:00,ASTER,HL,8.8053,2.0053,1556.47,3.04,1555.1,1.545,1556.97,1555.0,0.0003266100,0.0000062500,0.2,25.5
2026-09-14T08:38:18.292+00:00,ASTER,ENTROPY,8.8053,2.0053,1556.47,3.04,1555.1,0.0077,1556.97,1555.0,0.0003266100,0.0000017352,0.2,126.6
2026-09-14T08:38:18.332+00:00,ASTER,HL,8.1627,1.3627,1556.37,0.04,1555.1,1.545,1556.97,1555.0,0.0003266100,0.0000062500,0.2,66.2
2026-09-14T08:38:18.332+00:00,ASTER,ENTROPY,8.1627,1.3627,1556.37,0.04,1555.1,0.0077,1556.97,1555.0,0.0003266100,0.0000017352,0.2,167.2
2026-09-14T08:38:18.349+00:00,ASTER,HL,8.9981,2.1981,1556.5,3.04,1555.1,1.545,1556.97,1555.0,0.0003266100,0.0000062500,0.2,83.2
2026-09-14T08:38:18.349+00:00,ASTER,ENTROPY,8.9981,2.1981,1556.5,3.04,1555.1,0.0077,1556.97,1555.0,0.0003266100,0.0000017352,0.2,184.2
2026-09-14T08:38:18.381+00:00,ASTER,HL,8.1627,1.3627,1556.37,0.04,1555.1,1.545,1556.97,1555.0,0.0003266100,0.0000062500,0.2,114.4
2026-09-14T08:38:18.381+00:00,ASTER,ENTROPY,8.1627,1.3627,1556.37,0.04,1555.1,0.0077,1556.97,1555.0,0.0003266100,0.0000017352,0.2,215.5
2026-09-14T08:38:18.388+00:00,ASTER,HL,9.0623,2.2623,1556.51,3.04,1555.1,1.545,1556.97,1555.0,0.0003266100,0.0000062500,0.2,122.0
2026-09-14T08:38:18.388+00:00,ASTER,ENTROPY,9.0623,2.2623,1556.51,3.04,1555.1,0.0077,1556.97,1555.0,0.0003266100,0.0000017352,0.2,223.1
2026-09-14T08:38:18.433+00:00,ASTER,HL,9.0625,2.2625,1556.51,3.04,1555.1,2.414,1556.97,1554.9,0.0003266100,0.0000062500,45.3,0.3
2026-09-14T08:38:18.448+00:00,ASTER,HL,9.0625,2.2625,1556.51,3.04,1555.1,2.455,1556.97,1554.9,0.0003266100,0.0000062500,59.8,0.2
2026-09-14T08:38:18.448+00:00,ASTER,ENTROPY,9.0623,2.2623,1556.51,3.04,1555.1,0.1957,1556.97,1555.0,0.0003266100,0.0000017352,59.9,0.3
2026-09-14T08:38:18.610+00:00,ASTER,HL,9.0625,2.2625,1556.51,3.04,1555.1,3.098,1556.97,1554.9,0.0003266100,0.0000062500,222.3,0.4
2026-09-14T08:38:18.610+00:00,ASTER,ENTROPY,9.0623,2.2623,1556.51,3.04,1555.1,0.0077,1556.97,1555.0,0.0003266100,0.0000017352,222.5,0.5
2026-09-14T08:38:18.634+00:00,ASTER,HL,9.0625,2.2625,1556.51,3.04,1555.1,2.455,1556.97,1554.9,0.0003266100,0.0000062500,245.4,0.2
2026-09-14T08:38:18.777+00:00,ASTER,HL,9.7053,2.9053,1556.51,3.04,1555.0,22.735,1556.97,1554.9,0.0003266100,0.0000062500,388.6,0.3
2026-09-14T08:38:18.826+00:00,ASTER,HL,8.8057,2.0057,1556.37,0.04,1555.0,22.735,1556.97,1554.9,0.0003266100,0.0000062500,0.2,49.9
2026-09-14T08:38:18.826+00:00,ASTER,ENTROPY,8.1627,1.3627,1556.37,0.04,1555.1,0.0077,1556.97,1555.0,0.0003266100,0.0000017352,0.2,216.3
2026-09-14T08:38:18.940+00:00,ASTER,HL,9.3198,2.5198,1556.45,3.04,1555.0,22.735,1556.97,1554.9,0.0003266100,0.0000062500,0.2,163.7
2026-09-14T08:38:18.940+00:00,ASTER,ENTROPY,8.6768,1.8768,1556.45,3.04,1555.1,0.0077,1556.97,1555.0,0.0003266100,0.0000017352,0.2,330.1
2026-09-14T08:38:18.976+00:00,ASTER,HL,8.8057,2.0057,1556.37,0.04,1555.0,22.735,1556.97,1554.9,0.0003266100,0.0000062500,0.2,199.6
2026-09-14T08:38:18.976+00:00,ASTER,ENTROPY,8.1627,1.3627,1556.37,0.04,1555.1,0.0077,1556.97,1555.0,0.0003266100,0.0000017352,0.2,366.0
2026-09-14T08:38:18.976+00:00,ASTER,HL,8.8057,2.0057,1556.37,0.04,1555.0,22.735,1556.97,1554.9,0.0003266100,0.0000062500,0.4,0.4
2026-09-14T08:38:18.976+00:00,ASTER,ENTROPY,8.1627,1.3627,1556.37,0.04,1555.1,0.1728,1556.97,1555.0,0.0003266100,0.0000017352,0.5,0.5
2026-09-14T08:38:18.982+00:00,ASTER,HL,9.6411,2.8411,1556.5,3.04,1555.0,22.735,1556.97,1554.9,0.0003266100,0.0000062500,0.1,5.8
2026-09-14T08:38:18.982+00:00,ASTER,ENTROPY,8.9981,2.1981,1556.5,3.04,1555.1,0.1728,1556.97,1555.0,0.0003266100,0.0000017352,0.1,5.7
2026-09-14T08:38:18.984+00:00,ASTER,HL,9.8339,3.0339,1556.53,3.04,1555.0,22.735,1556.97,1554.9,0.0003266100,0.0000062500,0.1,8.2
2026-09-14T08:38:18.984+00:00,ASTER,ENTROPY,9.1908,2.3908,1556.53,3.04,1555.1,0.1728,1556.97,1555.0,0.0003266100,0.0000017352,0.1,8.2
2026-09-14T08:38:19.130+00:00,ASTER,HL,9.8338,3.0338,1556.53,3.04,1555.0,22.735,1556.98,1554.9,0.0003266100,0.0000062500,1.8,154.0
2026-09-14T08:38:19.130+00:00,ASTER,ENTROPY,9.1908,2.3908,1556.53,3.04,1555.1,0.1728,1556.98,1555.0,0.0003266100,0.0000017352,1.8,153.9
2026-09-14T08:38:19.134+00:00,ASTER,HL,8.8057,2.0057,1556.37,0.04,1555.0,22.735,1556.98,1554.9,0.0003266100,0.0000062500,0.3,157.7
2026-09-14T08:38:19.134+00:00,ASTER,ENTROPY,8.1627,1.3627,1556.37,0.04,1555.1,0.1728,1556.98,1555.0,0.0003266100,0.0000017352,0.3,157.7
2026-09-14T08:38:19.140+00:00,ASTER,HL,10.0266,3.2266,1556.56,3.04,1555.0,22.735,1556.98,1554.9,0.0003266100,0.0000062500,0.1,164.7
2026-09-14T08:38:19.140+00:00,ASTER,ENTROPY,9.3836,2.5836,1556.56,3.04,1555.1,0.1728,1556.98,1555.0,0.0003266100,0.0000017352,0.1,164.6
2026-09-14T08:38:19.184+00:00,ASTER,HL,10.0266,3.2266,1556.56,3.04,1555.0,22.735,1556.98,1554.9,0.0003266100,0.0000062500,44.0,0.2
2026-09-14T08:38:19.185+00:00,ASTER,ENTROPY,9.3836,2.5836,1556.56,3.04,1555.1,0.0077,1556.98,1555.0,0.0003266100,0.0000017352,44.1,0.3
2026-09-14T08:38:19.280+00:00,ASTER,ENTROPY,9.3836,2.5836,1556.56,3.04,1555.1,0.0205,1556.98,1555.0,0.0003266100,0.0000017352,139.1,0.3
2026-09-14T08:38:19.280+00:00,ASTER,HL,8.8057,2.0057,1556.37,0.04,1555.0,22.735,1556.98,1554.9,0.0003266100,0.0000062500,0.3,95.5
2026-09-14T08:38:19.280+00:00,ASTER,ENTROPY,8.1627,1.3627,1556.37,0.04,1555.1,0.0205,1556.98,1555.0,0.0003266100,0.0000017352,0.3,0.5
2026-09-14T08:38:19.290+00:00,ASTER,HL,8.8057,2.0057,1556.37,0.04,1555.0,22.735,1556.98,1554.9,0.0003266100,0.0000062500,0.1,106.2
2026-09-14T08:38:19.290+00:00,ASTER,ENTROPY,8.1627,1.3627,1556.37,0.04,1555.1,0.0205,1556.98,1555.0,0.0003266100,0.0000017352,0.1,11.2
2026-09-14T08:38:19.290+00:00,ASTER,HL,8.8057,2.0057,1556.37,0.04,1555.0,22.735,1556.98,1554.9,0.0003266100,0.0000062500,0.2,106.3
2026-09-14T08:38:19.290+00:00,ASTER,ENTROPY,8.1627,1.3627,1556.37,0.04,1555.1,0.0205,1556.98,1555.0,0.0003266100,0.0000017352,0.2,11.3
2026-09-14T08:38:19.290+00:00,ASTER,HL,10.0909,3.2909,1556.57,3.04,1555.0,22.735,1556.98,1554.9,0.0003266100,0.0000062500,0.2,106.3
2026-09-14T08:38:19.290+00:00,ASTER,ENTROPY,9.4478,2.6478,1556.57,3.04,1555.1,0.0205,1556.98,1555.0,0.0003266100,0.0000017352,0.2,11.3
2026-09-14T08:38:19.292+00:00,ASTER,HL,10.2836,3.4836,1556.6,3.04,1555.0,22.735,1556.98,1554.9,0.0003266100,0.0000062500,0.1,108.7
2026-09-14T08:38:19.292+00:00,ASTER,ENTROPY,9.6406,2.8406,1556.6,3.04,1555.1,0.0205,1556.98,1555.0,0.0003266100,0.0000017352,0.1,13.6
2026-09-14T08:38:19.336+00:00,ASTER,HL,10.0909,3.2909,1556.57,3.04,1555.0,22.735,1556.98,1554.9,0.0003266100,0.0000062500,0.1,151.9
2026-09-14T08:38:19.336+00:00,ASTER,ENTROPY,9.4478,2.6478,1556.57,3.04,1555.1,0.0205,1556.98,1555.0,0.0003266100,0.0000017352,0.1,56.9
2026-09-14T08:38:19.336+00:00,ASTER,HL,9.1913,2.3913,1556.43,21.4,1555.0,22.735,1556.98,1554.9,0.0003266100,0.0000062500,0.3,152.1
2026-09-14T08:38:19.336+00:00,ASTER,ENTROPY,8.5482,1.7482,1556.43,21.4,1555.1,0.0205,1556.98,1555.0,0.0003266100,0.0000017352,0.3,57.1
2026-09-14T08:38:19.338+00:00,ASTER,HL,10.4121,3.6121,1556.62,3.04,1555.0,22.735,1556.98,1554.9,0.0003266100,0.0000062500,0.0,153.8
2026-09-14T08:38:19.338+00:00,ASTER,ENTROPY,9.7691,2.9691,1556.62,3.04,1555.1,0.0205,1556.98,1555.0,0.0003266100,0.0000017352,0.0,58.8
2026-09-14T08:38:19.436+00:00,ASTER,HL,9.2555,2.4555,1556.44,44.01,1555.0,22.735,1556.98,1554.9,0.0003266100,0.0000062500,0.2,252.3
2026-09-14T08:38:19.436+00:00,ASTER,ENTROPY,8.6125,1.8125,1556.44,44.01,1555.1,0.0205,1556.98,1555.0,0.0003266100,0.0000017352,0.2,157.3
2026-09-14T08:38:19.437+00:00,ASTER,HL,10.5407,3.7407,1556.64,3.04,1555.0,22.735,1556.98,1554.9,0.0003266100,0.0000062500,0.9,253.1
2026-09-14T08:38:19.437+00:00,ASTER,ENTROPY,9.8976,3.0976,1556.64,3.04,1555.1,0.0205,1556.98,1555.0,0.0003266100,0.0000017352,0.9,158.1
2026-09-14T08:38:19.544+00:00,ASTER,HL,9.2555,2.4555,1556.44,44.01,1555.0,22.735,1556.98,1554.9,0.0003266100,0.0000062500,0.2,359.7
2026-09-14T08:38:19.544+00:00,ASTER,ENTROPY,8.6125,1.8125,1556.44,44.01,1555.1,0.0205,1556.98,1555.0,0.0003266100,0.0000017352,0.2,264.6
2026-09-14T08:38:19.544+00:00,ASTER,HL,9.2555,2.4555,1556.44,38.31,1555.0,22.735,1556.98,1554.9,0.0003266100,0.0000062500,0.3,359.8
2026-09-14T08:38:19.544+00:00,ASTER,ENTROPY,8.6125,1.8125,1556.44,38.31,1555.1,0.0205,1556.98,1555.0,0.0003266100,0.0000017352,0.3,264.8
2026-09-14T08:38:19.544+00:00,ASTER,HL,9.2555,2.4555,1556.44,21.93,1555.0,22.735,1556.98,1554.9,0.0003266100,0.0000062500,0.3,359.8
2026-09-14T08:38:19.544+00:00,ASTER,ENTROPY,8.6125,1.8125,1556.44,21.93,1555.1,0.0205,1556.98,1555.0,0.0003266100,0.0000017352,0.3,264.8
2026-09-14T08:38:19.544+00:00,ASTER,HL,9.2555,2.4555,1556.44,16.38,1555.0,22.735,1556.98,1554.9,0.0003266100,0.0000062500,0.3,359.9
2026-09-14T08:38:19.544+00:00,ASTER,ENTROPY,8.6125,1.8125,1556.44,16.38,1555.1,0.0205,1556.98,1555.0,0.0003266100,0.0000017352,0.3,264.8
2026-09-14T08:38:19.544+00:00,ASTER,HL,8.8057,2.0057,1556.37,0.04,1555.0,22.735,1556.98,1554.9,0.0003266100,0.0000062500,0.3,359.9
2026-09-14T08:38:19.544+00:00,ASTER,ENTROPY,8.1627,1.3627,1556.37,0.04,1555.1,0.0205,1556.98,1555.0,0.0003266100,0.0000017352,0.3,264.9
2026-09-14T08:38:19.592+00:00,ASTER,HL,9.1270,2.3270,1556.42,1.28,1555.0,22.735,1556.98,1554.9,0.0003266100,0.0000062500,0.2,407.9
2026-09-14T08:38:19.592+00:00,ASTER,ENTROPY,8.4840,1.6840,1556.42,1.28,1555.1,0.0205,1556.98,1555.0,0.0003266100,0.0000017352,0.2,312.9
2026-09-14T08:38:19.592+00:00,ASTER,HL,9.1270,2.3270,1556.42,2.56,1555.0,22.735,1556.98,1554.9,0.0003266100,0.0000062500,0.3,408.0
2026-09-14T08:38:19.592+00:00,ASTER,ENTROPY,8.4840,1.6840,1556.42,2.56,1555.1,0.0205,1556.98,1555.0,0.0003266100,0.0000017352,0.3,313.0
2026-09-14T08:38:19.619+00:00,ASTER,HL,9.1270,2.3270,1556.42,2.56,1555.0,22.735,1556.98,1554.9,0.0003266100,0.0000062500,28.0,0.2
2026-09-14T08:38:19.620+00:00,ASTER,ENTROPY,8.4840,1.6840,1556.42,2.56,1555.1,0.0205,1556.98,1555.0,0.0003266100,0.0000017352,28.1,0.3
2026-09-14T08:38:19.644+00:00,ASTER,HL,9.1270,2.3270,1556.42,2.56,1555.0,21.735,1556.98,1554.9,0.0003266100,0.0000062500,51.5,0.2
2026-09-14T08:38:19.646+00:00,ASTER,HL,9.1270,2.3270,1556.42,2.56,1555.0,21.735,1556.97,1554.9,0.0003266100,0.0000062500,0.1,2.1
2026-09-14T08:38:19.646+00:00,ASTER,ENTROPY,8.4840,1.6840,1556.42,2.56,1555.1,0.0205,1556.97,1555.0,0.0003266100,0.0000017352,0.1,25.7
2026-09-14T08:38:19.646+00:00,ASTER,HL,9.1270,2.3270,1556.42,5.6,1555.0,21.735,1556.97,1554.9,0.0003266100,0.0000062500,0.1,2.2
2026-09-14T08:38:19.646+00:00,ASTER,ENTROPY,8.4840,1.6840,1556.42,5.6,1555.1,0.0205,1556.97,1555.0,0.0003266100,0.0000017352,0.1,25.7
2026-09-14T08:38:19.694+00:00,ASTER,HL,9.1270,2.3270,1556.42,4.32,1555.0,21.735,1556.97,1554.9,0.0003266100,0.0000062500,0.7,50.3
2026-09-14T08:38:19.694+00:00,ASTER,ENTROPY,8.4840,1.6840,1556.42,4.32,1555.1,0.0205,1556.97,1555.0,0.0003266100,0.0000017352,0.7,73.9
2026-09-14T08:38:19.694+00:00,ASTER,HL,9.1270,2.3270,1556.42,3.04,1555.0,21.735,1556.97,1554.9,0.0003266100,0.0000062500,0.8,50.4
2026-09-14T08:38:19.694+00:00,ASTER,ENTROPY,8.4840,1.6840,1556.42,3.04,1555.1,0.0205,1556.97,1555.0,0.0003266100,0.0000017352,0.8,74.0
2026-09-14T08:38:19.787+00:00,ASTER,HL,8.8057,2.0057,1556.37,0.04,1555.0,21.735,1556.97,1554.9,0.0003266100,0.0000062500,0.2,144.2
2026-09-14T08:38:19.787+00:00,ASTER,ENTROPY,8.1627,1.3627,1556.37,0.04,1555.1,0.0205,1556.97,1555.0,0.0003266100,0.0000017352,0.2,167.7
2026-09-14T08:38:19.797+00:00,ASTER,HL,8.8057,2.0057,1556.37,0.04,1555.0,21.735,1556.94,1554.9,0.0003266100,0.0000062500,0.2,153.3
2026-09-14T08:38:19.797+00:00,ASTER,ENTROPY,8.1627,1.3627,1556.37,0.04,1555.1,0.0205,1556.94,1555.0,0.0003266100,0.0000017352,0.2,176.9
2026-09-14T08:38:19.797+00:00,ASTER,HL,8.8057,2.0057,1556.37,0.04,1555.0,21.735,1556.94,1554.9,0.0003266100,0.0000062500,0.3,153.5
2026-09-14T08:38:19.797+00:00,ASTER,ENTROPY,8.1627,1.3627,1556.37,0.04,1555.1,0.0205,1556.94,1555.0,0.0003266100,0.0000017352,0.3,177.0
2026-09-14T08:38:19.797+00:00,ASTER,HL,8.8057,2.0057,1556.37,0.04,1555.0,21.735,1556.94,1554.9,0.0003266100,0.0000062500,0.3,153.5
2026-09-14T08:38:19.797+00:00,ASTER,ENTROPY,8.1627,1.3627,1556.37,0.04,1555.1,0.0205,1556.94,1555.0,0.0003266100,0.0000017352,0.3,177.0
2026-09-14T08:38:19.797+00:00,ASTER,HL,8.8057,2.0057,1556.37,0.04,1555.0,21.735,1556.94,1554.9,0.0003266100,0.0000062500,0.4,153.5
2026-09-14T08:38:19.797+00:00,ASTER,ENTROPY,8.1627,1.3627,1556.37,0.04,1555.1,0.0205,1556.94,1555.0,0.0003266100,0.0000017352,0.4,177.1
2026-09-14T08:38:19.837+00:00,ASTER,HL,8.8057,2.0057,1556.37,0.04,1555.0,30.86,1556.94,1554.9,0.0003266100,0.0000062500,40.5,0.2
2026-09-14T08:38:19.837+00:00,ASTER,ENTROPY,8.1627,1.3627,1556.37,0.04,1555.1,0.0205,1556.94,1555.0,0.0003266100,0.0000017352,40.6,0.3
2026-09-14T08:38:19.883+00:00,ASTER,HL,8.8058,2.0058,1556.37,0.04,1555.0,30.86,1556.93,1554.9,0.0003266100,0.0000062500,0.2,45.9
2026-09-14T08:38:19.883+00:00,ASTER,ENTROPY,8.1627,1.3627,1556.37,0.04,1555.1,0.0205,1556.93,1555.0,0.0003266100,0.0000017352,0.2,45.9
2026-09-14T08:38:20.206+00:00,ASTER,HL,8.8058,2.0058,1556.37,0.04,1555.0,31.503,1556.93,1554.9,0.0003266100,0.0000062500,323.9,0.3
2026-09-14T08:38:20.207+00:00,ASTER,ENTROPY,8.1627,1.3627,1556.37,0.04,1555.1,0.1892,1556.93,1555.0,0.0003266100,0.0000017352,324.1,0.5
2026-09-14T08:38:20.251+00:00,ASTER,HL,8.8058,2.0058,1556.37,0.04,1555.0,42.015,1556.93,1554.9,0.0003266100,0.0000062500,368.9,0.3
2026-09-14T08:38:20.334+00:00,ASTER,HL,8.8057,2.0057,1556.37,0.04,1555.0,42.015,1556.94,1554.9,0.0003266100,0.0000062500,0.2,83.8
2026-09-14T08:38:20.334+00:00,ASTER,ENTROPY,8.1627,1.3627,1556.37,0.04,1555.1,0.1892,1556.94,1555.0,0.0003266100,0.0000017352,0.2,128.7
2026-09-14T08:38:20.339+00:00,ASTER,HL,8.8057,2.0057,1556.37,0.04,1555.0,42.015,1556.94,1554.9,0.0003266100,0.0000062500,0.2,88.8
2026-09-14T08:38:20.339+00:00,ASTER,ENTROPY,8.1627,1.3627,1556.37,0.04,1555.1,0.1892,1556.94,1555.0,0.0003266100,0.0000017352,0.2,133.8
2026-09-14T08:38:20.340+00:00,ASTER,HL,8.8057,2.0057,1556.37,0.04,1555.0,42.015,1556.94,1554.9,0.0003266100,0.0000062500,0.3,88.9
2026-09-14T08:38:20.340+00:00,ASTER,ENTROPY,8.1627,1.3627,1556.37,0.04,1555.1,0.1892,1556.94,1555.0,0.0003266100,0.0000017352,0.3,133.9
2026-09-14T08:38:20.340+00:00,ASTER,HL,8.8057,2.0057,1556.37,0.04,1555.0,42.015,1556.94,1554.9,0.0003266100,0.0000062500,0.3,89.0
2026-09-14T08:38:20.340+00:00,ASTER,ENTROPY,8.1627,1.3627,1556.37,0.04,1555.1,0.1892,1556.94,1555.0,0.0003266100,0.0000017352,0.3,133.9
2026-09-14T08:38:20.340+00:00,ASTER,HL,8.8057,2.0057,1556.37,0.04,1555.0,42.015,1556.98,1554.9,0.0003266100,0.0000062500,0.3,89.0
2026-09-14T08:38:20.340+00:00,ASTER,ENTROPY,8.1627,1.3627,1556.37,0.04,1555.1,0.1892,1556.98,1555.0,0.0003266100,0.0000017352,0.3,134.0
2026-09-14T08:38:20.346+00:00,ASTER,HL,9.3198,2.5198,1556.45,3.04,1555.0,42.015,1556.98,1554.9,0.0003266100,0.0000062500,0.1,95.0
2026-09-14T08:38:20.346+00:00,ASTER,ENTROPY,8.6767,1.8767,1556.45,3.04,1555.1,0.1892,1556.98,1555.0,0.0003266100,0.0000017352,0.1,140.0
2026-09-14T08:38:20.346+00:00,ASTER,HL,9.8981,3.0981,1556.54,3.04,1555.0,42.015,1556.98,1554.9,0.0003266100,0.0000062500,0.2,95.2
2026-09-14T08:38:20.346+00:00,ASTER,ENTROPY,9.2551,2.4551,1556.54,3.04,1555.1,0.1892,1556.98,1555.0,0.0003266100,0.0000017352,0.2,140.1
2026-09-14T08:38:20.350+00:00,ASTER,HL,10.1551,3.3551,1556.58,3.04,1555.0,42.015,1556.98,1554.9,0.0003266100,0.0000062500,0.1,99.1
2026-09-14T08:38:20.350+00:00,ASTER,ENTROPY,9.5121,2.7121,1556.58,3.04,1555.1,0.1892,1556.98,1555.0,0.0003266100,0.0000017352,0.1,144.1
2026-09-14T08:38:20.376+00:00,ASTER,HL,10.1551,3.3551,1556.58,3.04,1555.0,43.015,1556.98,1554.9,0.0003266100,0.0000062500,25.6,0.2
2026-09-14T08:38:20.616+00:00,ASTER,HL,10.1551,3.3551,1556.58,3.04,1555.0,21.28,1556.98,1554.9,0.0003266100,0.0000062500,265.4,0.3
2026-09-14T08:38:20.616+00:00,ASTER,ENTROPY,9.5121,2.7121,1556.58,3.04,1555.1,0.1892,1556.98,1555.0,0.0003266100,0.0000017352,265.6,0.5
2026-09-14T08:38:20.647+00:00,ASTER,HL,10.1551,3.3551,1556.58,3.04,1555.0,19.637,1556.98,1554.9,0.0003266100,0.0000062500,296.5,0.2
2026-09-14T08:38:20.775+00:00,ASTER,HL,10.1551,3.3551,1556.58,3.04,1555.0,14.084,1556.98,1554.9,0.0003266100,0.0000062500,424.8,0.2
2026-09-14T08:38:20.775+00:00,ASTER,ENTROPY,9.5121,2.7121,1556.58,3.04,1555.1,0.0205,1556.98,1555.0,0.0003266100,0.0000017352,424.9,0.3
2026-09-14T08:38:20.849+00:00,ASTER,HL,10.1551,3.3551,1556.58,3.04,1555.0,9.125,1556.98,1554.9,0.0003266100,0.0000062500,498.7,0.2
2026-09-14T08:38:20.849+00:00,ASTER,ENTROPY,9.5121,2.7121,1556.58,3.04,1555.1,0.0282,1556.98,1555.0,0.0003266100,0.0000017352,498.8,0.3
2026-09-14T08:38:20.980+00:00,ASTER,HL,10.1551,3.3551,1556.58,3.04,1555.0,10.125,1556.98,1554.9,0.0003266100,0.0000062500,629.9,0.3
2026-09-14T08:38:20.980+00:00,ASTER,ENTROPY,9.5121,2.7121,1556.58,3.04,1555.1,0.0282,1556.98,1555.0,0.0003266100,0.0000017352,630.0,0.4
2026-09-14T08:38:21.025+00:00,ASTER,HL,8.8699,2.0699,1556.38,4.26,1555.0,10.125,1556.98,1554.9,0.0003266100,0.0000062500,0.2,45.8
2026-09-14T08:38:21.025+00:00,ASTER,ENTROPY,8.2269,1.4269,1556.38,4.26,1555.1,0.0282,1556.98,1555.0,0.0003266100,0.0000017352,0.2,45.7
2026-09-14T08:38:21.033+00:00,ASTER,HL,8.8700,2.0700,1556.38,4.26,1555.0,10.125,1556.95,1554.9,0.0003266100,0.0000062500,0.1,54.1
2026-09-14T08:38:21.033+00:00,ASTER,ENTROPY,8.2270,1.4270,1556.38,4.26,1555.1,0.0282,1556.95,1555.0,0.0003266100,0.0000017352,0.1,54.1
2026-09-14T08:38:21.091+00:00,ASTER,HL,8.8700,2.0700,1556.38,2.13,1555.0,10.125,1556.95,1554.9,0.0003266100,0.0000062500,0.2,112.1
2026-09-14T08:38:21.091+00:00,ASTER,ENTROPY,8.2270,1.4270,1556.38,2.13,1555.1,0.0282,1556.95,1555.0,0.0003266100,0.0000017352,0.2,112.1
2026-09-14T08:38:21.092+00:00,ASTER,HL,8.8057,2.0057,1556.37,0.04,1555.0,10.125,1556.95,1554.9,0.0003266100,0.0000062500,0.3,112.3
2026-09-14T08:38:21.092+00:00,ASTER,ENTROPY,8.1627,1.3627,1556.37,0.04,1555.1,0.0282,1556.95,1555.0,0.0003266100,0.0000017352,0.3,112.2
2026-09-14T08:38:21.092+00:00,ASTER,HL,8.8057,2.0057,1556.37,0.04,1555.0,10.125,1556.95,1554.9,0.0003266100,0.0000062500,0.4,112.4
2026-09-14T08:38:21.092+00:00,ASTER,ENTROPY,8.1627,1.3627,1556.37,0.04,1555.1,0.0282,1556.95,1555.0,0.0003266100,0.0000017352,0.4,112.3
2026-09-14T08:38:21.092+00:00,ASTER,HL,8.8057,2.0057,1556.37,0.04,1555.0,10.125,1556.95,1554.9,0.0003266100,0.0000062500,0.4,112.4
2026-09-14T08:38:21.092+00:00,ASTER,ENTROPY,8.1627,1.3627,1556.37,0.04,1555.1,0.0282,1556.95,1555.0,0.0003266100,0.0000017352,0.4,112.4
2026-09-14T08:38:21.097+00:00,ASTER,HL,8.8057,2.0057,1556.37,0.04,1555.0,10.125,1556.95,1554.9,0.0003266100,0.0000062500,0.1,117.6
2026-09-14T08:38:21.097+00:00,ASTER,ENTROPY,8.1627,1.3627,1556.37,0.04,1555.1,0.0282,1556.95,1555.0,0.0003266100,0.0000017352,0.1,117.5
2026-09-14T08:38:21.097+00:00,ASTER,HL,8.8057,2.0057,1556.37,0.04,1555.0,10.125,1556.95,1554.9,0.0003266100,0.0000062500,0.1,117.6
2026-09-14T08:38:21.097+00:00,ASTER,ENTROPY,8.1627,1.3627,1556.37,0.04,1555.1,0.0282,1556.95,1555.0,0.0003266100,0.0000017352,0.1,117.6
2026-09-14T08:38:21.126+00:00,ASTER,HL,8.8057,2.0057,1556.37,0.04,1555.0,10.125,1556.95,1554.9,0.0003266100,0.0000062500,29.2,0.3
2026-09-14T08:38:21.134+00:00,ASTER,HL,8.8057,2.0057,1556.37,0.04,1555.0,10.125,1556.95,1554.9,0.0003266100,0.0000062500,1.5,7.9
2026-09-14T08:38:21.134+00:00,ASTER,ENTROPY,8.1627,1.3627,1556.37,0.04,1555.1,0.0282,1556.95,1555.0,0.0003266100,0.0000017352,1.5,154.3
2026-09-14T08:38:21.136+00:00,ASTER,HL,8.8057,2.0057,1556.37,0.04,1555.0,10.125,1556.95,1554.9,0.0003266100,0.0000062500,0.1,9.8
2026-09-14T08:38:21.136+00:00,ASTER,ENTROPY,8.1627,1.3627,1556.37,0.04,1555.1,0.0282,1556.95,1555.0,0.0003266100,0.0000017352,0.1,156.1
2026-09-14T08:38:21.141+00:00,ASTER,HL,9.3198,2.5198,1556.45,3.04,1555.0,10.125,1556.95,1554.9,0.0003266100,0.0000062500,0.1,15.1
2026-09-14T08:38:21.141+00:00,ASTER,ENTROPY,8.6768,1.8768,1556.45,3.04,1555.1,0.0282,1556.95,1555.0,0.0003266100,0.0000017352,0.1,161.5
2026-09-14T08:38:21.177+00:00,ASTER,HL,8.8057,2.0057,1556.37,0.04,1555.0,10.125,1556.95,1554.9,0.0003266100,0.0000062500,0.2,50.9
2026-09-14T08:38:21.177+00:00,ASTER,ENTROPY,8.1627,1.3627,1556.37,0.04,1555.1,0.0282,1556.95,1555.0,0.0003266100,0.0000017352,0.2,197.3
2026-09-14T08:38:21.191+00:00,ASTER,HL,9.7054,2.9054,1556.51,3.04,1555.0,10.125,1556.95,1554.9,0.0003266100,0.0000062500,0.2,65.2
2026-09-14T08:38:21.191+00:00,ASTER,ENTROPY,9.0623,2.2623,1556.51,3.04,1555.1,0.0282,1556.95,1555.0,0.0003266100,0.0000017352,0.2,211.6
2026-09-14T08:38:21.192+00:00,ASTER,HL,9.7054,2.9054,1556.51,3.04,1555.0,10.125,1556.95,1554.9,0.0003266100,0.0000062500,0.8,0.6
2026-09-14T08:38:21.192+00:00,ASTER,ENTROPY,9.0623,2.2623,1556.51,3.04,1555.1,0.1903,1556.95,1555.0,0.0003266100,0.0000017352,0.9,0.7
2026-09-14T08:38:21.302+00:00,ASTER,ENTROPY,9.0623,2.2623,1556.51,3.04,1555.1,0.1903,1556.95,1555.0,0.0003266100,0.0000017352,110.8,0.2
2026-09-14T08:38:21.391+00:00,ASTER,HL,9.7054,2.9054,1556.51,3.04,1555.0,10.73,1556.95,1554.9,0.0003266100,0.0000062500,199.4,0.3
2026-09-14T08:38:21.681+00:00,ASTER,HL,8.6129,1.8129,1556.34,0.64,1555.0,10.73,1556.95,1554.9,0.0003266100,0.0000062500,0.2,291.6
2026-09-14T08:38:21.681+00:00,ASTER,ENTROPY,7.9699,1.1699,1556.34,0.64,1555.1,0.1903,1556.95,1555.0,0.0003266100,0.0000017483,0.2,380.2
2026-09-14T08:38:21.689+00:00,ASTER,HL,8.6129,1.8129,1556.34,0.64,1555.0,10.73,1556.95,1554.9,0.0003266100,0.0000062500,0.2,298.9
2026-09-14T08:38:21.689+00:00,ASTER,ENTROPY,7.9699,1.1699,1556.34,0.64,1555.1,0.1903,1556.95,1555.0,0.0003266100,0.0000017483,0.2,387.5
2026-09-14T08:38:21.692+00:00,ASTER,HL,8.6129,1.8129,1556.34,0.64,1555.0,10.73,1556.95,1554.9,0.0003266100,0.0000062500,0.2,302.3
2026-09-14T08:38:21.692+00:00,ASTER,ENTROPY,7.9699,1.1699,1556.34,0.64,1555.1,0.1903,1556.95,1555.0,0.0003266100,0.0000017483,0.2,390.9
2026-09-14T08:38:21.692+00:00,ASTER,HL,8.6130,1.8130,1556.34,0.64,1555.0,10.73,1556.89,1554.9,0.0003266100,0.0000062500,0.2,302.4
2026-09-14T08:38:21.692+00:00,ASTER,ENTROPY,7.9700,1.1700,1556.34,0.64,1555.1,0.1903,1556.89,1555.0,0.0003266100,0.0000017483,0.2,391.0
2026-09-14T08:38:21.692+00:00,ASTER,HL,8.6130,1.8130,1556.34,0.64,1555.0,10.73,1556.89,1554.9,0.0003266100,0.0000062500,0.3,302.4
2026-09-14T08:38:21.692+00:00,ASTER,ENTROPY,7.9700,1.1700,1556.34,0.64,1555.1,0.1903,1556.89,1555.0,0.0003266100,0.0000017483,0.3,391.0
2026-09-14T08:38:21.728+00:00,ASTER,HL,8.6130,1.8130,1556.34,0.64,1555.0,10.73,1556.89,1554.9,0.0003266100,0.0000062500,0.2,336.9
2026-09-14T08:38:21.728+00:00,ASTER,ENTROPY,7.9700,1.1700,1556.34,0.64,1555.1,0.1903,1556.89,1555.0,0.0003266100,0.0000017483,0.2,425.5
2026-09-14T08:38:21.728+00:00,ASTER,HL,8.6129,1.8129,1556.34,0.64,1555.0,10.73,1556.95,1554.9,0.0003266100,0.0000062500,0.3,337.1
2026-09-14T08:38:21.728+00:00,ASTER,ENTROPY,7.9699,1.1699,1556.34,0.64,1555.1,0.1903,1556.95,1555.0,0.0003266100,0.0000017483,0.3,425.7
2026-09-14T08:38:21.739+00:00,ASTER,HL,8.6130,1.8130,1556.34,0.64,1555.0,10.73,1556.9,1554.9,0.0003266100,0.0000062500,0.1,348.8
2026-09-14T08:38:21.739+00:00,ASTER,ENTROPY,7.9700,1.1700,1556.34,0.64,1555.1,0.1903,1556.9,1555.0,0.0003266100,0.0000017483,0.1,437.4
2026-09-14T08:38:21.785+00:00,ASTER,HL,8.6130,1.8130,1556.34,0.64,1555.0,10.73,1556.88,1554.9,0.0003266100,0.0000062500,0.2,394.5
2026-09-14T08:38:21.785+00:00,ASTER,ENTROPY,7.9700,1.1700,1556.34,0.64,1555.1,0.1903,1556.88,1555.0,0.0003266100,0.0000017483,0.2,483.1
2026-09-14T08:38:21.798+00:00,ASTER,HL,9.1271,2.3271,1556.42,3.04,1555.0,10.73,1556.88,1554.9,0.0003266100,0.0000062500,0.2,407.9
2026-09-14T08:38:21.798+00:00,ASTER,ENTROPY,8.4841,1.6841,1556.42,3.04,1555.1,0.1903,1556.88,1555.0,0.0003266100,0.0000017483,0.2,496.5
2026-09-14T08:38:21.889+00:00,ASTER,HL,8.6130,1.8130,1556.34,0.64,1555.0,10.73,1556.88,1554.9,0.0003266100,0.0000062500,0.3,498.5
2026-09-14T08:38:21.889+00:00,ASTER,ENTROPY,7.9700,1.1700,1556.34,0.64,1555.1,0.1903,1556.88,1555.0,0.0003266100,0.0000017483,0.3,587.1
2026-09-14T08:38:21.939+00:00,ASTER,HL,8.6131,1.8131,1556.34,0.64,1555.0,10.73,1556.83,1554.9,0.0003266100,0.0000062500,0.1,548.0
2026-09-14T08:38:21.939+00:00,ASTER,ENTROPY,7.9701,1.1701,1556.34,0.64,1555.1,0.1903,1556.83,1555.0,0.0003266100,0.0000017483,0.1,636.6
2026-09-14T08:38:21.939+00:00,ASTER,HL,8.6131,1.8131,1556.34,0.64,1555.0,10.73,1556.83,1554.9,0.0003266100,0.0000062500,0.3,548.1
2026-09-14T08:38:21.939+00:00,ASTER,ENTROPY,7.9701,1.1701,1556.34,0.64,1555.1,0.1903,1556.83,1555.0,0.0003266100,0.0000017483,0.3,636.7
2026-09-14T08:38:21.989+00:00,ASTER,HL,8.6133,1.8133,1556.34,0.64,1555.0,10.73,1556.83,1554.8,0.0003266100,0.0000062500,50.3,0.2
2026-09-14T08:38:22.038+00:00,ASTER,HL,7.7135,0.9135,1556.2,67.28,1555.0,10.73,1556.83,1554.8,0.0003266100,0.0000062500,0.7,49.7
2026-09-14T08:38:22.038+00:00,ASTER,ENTROPY,7.0704,0.2704,1556.2,67.28,1555.1,0.1903,1556.83,1555.0,0.0003266100,0.0000017483,0.7,736.4
2026-09-14T08:38:22.044+00:00,ASTER,HL,7.7135,0.9135,1556.2,67.28,1555.0,10.73,1556.82,1554.8,0.0003266100,0.0000062500,0.2,55.6
2026-09-14T08:38:22.044+00:00,ASTER,ENTROPY,7.0704,0.2704,1556.2,67.28,1555.1,0.1903,1556.82,1555.0,0.0003266100,0.0000017483,0.2,742.2
2026-09-14T08:38:22.046+00:00,ASTER,HL,8.6133,1.8133,1556.34,3.04,1555.0,10.73,1556.82,1554.8,0.0003266100,0.0000062500,0.1,57.4
2026-09-14T08:38:22.046+00:00,ASTER,ENTROPY,7.9701,1.1701,1556.34,3.04,1555.1,0.1903,1556.82,1555.0,0.0003266100,0.0000017483,0.1,744.0
2026-09-14T08:38:22.078+00:00,ASTER,HL,7.7135,0.9135,1556.2,67.28,1555.0,10.73,1556.82,1554.8,0.0003266100,0.0000062500,0.1,90.5
2026-09-14T08:38:22.078+00:00,ASTER,ENTROPY,7.0704,0.2704,1556.2,67.28,1555.1,0.1903,1556.82,1555.0,0.0003266100,0.0000017483,0.1,777.1
2026-09-14T08:38:22.088+00:00,ASTER,HL,8.8061,2.0061,1556.37,3.04,1555.0,10.73,1556.82,1554.8,0.0003266100,0.0000062500,0.2,99.8
2026-09-14T08:38:22.088+00:00,ASTER,ENTROPY,8.1629,1.3629,1556.37,3.04,1555.1,0.1903,1556.82,1555.0,0.0003266100,0.0000017483,0.2,786.4
2026-09-14T08:38:22.133+00:00,ASTER,HL,7.7135,0.9135,1556.2,67.28,1555.0,10.73,1556.82,1554.8,0.0003266100,0.0000062500,1.7,144.7
2026-09-14T08:38:22.133+00:00,ASTER,ENTROPY,7.0704,0.2704,1556.2,67.28,1555.1,0.1903,1556.82,1555.0,0.0003266100,0.0000017483,1.7,831.4
2026-09-14T08:38:22.139+00:00,ASTER,HL,7.7135,0.9135,1556.2,50.02,1555.0,10.73,1556.82,1554.8,0.0003266100,0.0000062500,0.1,151.2
2026-09-14T08:38:22.139+00:00,ASTER,ENTROPY,7.0704,0.2704,1556.2,50.02,1555.1,0.1903,1556.82,1555.0,0.0003266100,0.0000017483,0.1,837.8
2026-09-14T08:38:22.139+00:00,ASTER,HL,7.7135,0.9135,1556.2,33.64,1555.0,10.73,1556.82,1554.8,0.0003266100,0.0000062500,0.2,151.3
2026-09-14T08:38:22.139+00:00,ASTER,ENTROPY,7.0704,0.2704,1556.2,33.64,1555.1,0.1903,1556.82,1555.0,0.0003266100,0.0000017483,0.2,837.9
2026-09-14T08:38:22.139+00:00,ASTER,HL,7.7135,0.9135,1556.2,16.38,1555.0,10.73,1556.82,1554.8,0.0003266100,0.0000062500,0.2,151.3
2026-09-14T08:38:22.139+00:00,ASTER,ENTROPY,7.0704,0.2704,1556.2,16.38,1555.1,0.1903,1556.82,1555.0,0.0003266100,0.0000017483,0.2,837.9
2026-09-14T08:38:22.139+00:00,ASTER,HL,7.3279,0.5279,1556.14,0.01,1555.0,10.73,1556.82,1554.8,0.0003266100,0.0000062500,0.2,151.3
2026-09-14T08:38:22.139+00:00,ASTER,HL,7.7778,0.9778,1556.21,0.04,1555.0,10.73,1556.82,1554.8,0.0003266100,0.0000062500,0.2,151.3
2026-09-14T08:38:22.139+00:00,ASTER,ENTROPY,7.1347,0.3347,1556.21,0.04,1555.1,0.1903,1556.82,1555.0,0.0003266100,0.0000017483,0.2,838.0
2026-09-14T08:38:22.141+00:00,ASTER,HL,7.9706,1.1706,1556.24,0.64,1555.0,10.73,1556.82,1554.8,0.0003266100,0.0000062500,0.1,153.7
2026-09-14T08:38:22.141+00:00,ASTER,ENTROPY,7.3275,0.5275,1556.24,0.64,1555.1,0.1903,1556.82,1555.0,0.0003266100,0.0000017483,0.1,840.3
2026-09-14T08:38:22.142+00:00,ASTER,HL,8.9988,2.1988,1556.4,3.04,1555.0,10.73,1556.82,1554.8,0.0003266100,0.0000062500,0.1,153.7
2026-09-14T08:38:22.142+00:00,ASTER,ENTROPY,8.3557,1.5557,1556.4,3.04,1555.1,0.1903,1556.82,1555.0,0.0003266100,0.0000017483,0.1,840.4
2026-09-14T08:38:22.191+00:00,ASTER,HL,9.6418,2.8418,1556.4,3.04,1554.9,0.866,1556.82,1554.8,0.0003266100,0.0000062500,49.0,0.3
2026-09-14T08:38:22.191+00:00,ASTER,ENTROPY,8.3557,1.5557,1556.4,3.04,1555.1,0.3566,1556.82,1555.0,0.0003266100,0.0000017483,49.2,0.4
2026-09-14T08:38:22.284+00:00,ASTER,HL,9.6417,2.8417,1556.4,3.04,1554.9,0.866,1556.89,1554.8,0.0003266100,0.0000062500,0.3,93.3
2026-09-14T08:38:22.284+00:00,ASTER,ENTROPY,8.3556,1.5556,1556.4,3.04,1555.1,0.3566,1556.89,1555.0,0.0003266100,0.0000017483,0.3,93.2
2026-09-14T08:38:22.287+00:00,ASTER,HL,8.7420,1.9420,1556.26,50.04,1554.9,0.866,1556.89,1554.8,0.0003266100,0.0000062500,0.1,96.3
2026-09-14T08:38:22.287+00:00,ASTER,ENTROPY,7.4559,0.6559,1556.26,50.04,1555.1,0.3566,1556.89,1555.0,0.0003266100,0.0000017483,0.1,96.3
2026-09-14T08:38:22.293+00:00,ASTER,HL,8.7420,1.9420,1556.26,50.04,1554.9,0.866,1556.89,1554.8,0.0003266100,0.0000062500,0.1,102.2
2026-09-14T08:38:22.293+00:00,ASTER,ENTROPY,7.4559,0.6559,1556.26,50.04,1555.1,0.3566,1556.89,1555.0,0.0003266100,0.0000017483,0.1,102.2
2026-09-14T08:38:22.293+00:00,ASTER,HL,8.7420,1.9420,1556.26,41.4,1554.9,0.866,1556.89,1554.8,0.0003266100,0.0000062500,0.2,102.3
2026-09-14T08:38:22.293+00:00,ASTER,ENTROPY,7.4559,0.6559,1556.26,41.4,1555.1,0.3566,1556.89,1555.0,0.0003266100,0.0000017483,0.2,102.3
2026-09-14T08:38:22.293+00:00,ASTER,HL,8.7420,1.9420,1556.26,25.02,1554.9,0.866,1556.89,1554.8,0.0003266100,0.0000062500,0.2,102.4
2026-09-14T08:38:22.293+00:00,ASTER,ENTROPY,7.4559,0.6559,1556.26,25.02,1555.1,0.3566,1556.89,1555.0,0.0003266100,0.0000017483,0.2,102.3
2026-09-14T08:38:22.293+00:00,ASTER,HL,9.6417,2.8417,1556.4,0.04,1554.9,0.866,1556.89,1554.8,0.0003266100,0.0000062500,0.3,102.4
2026-09-14T08:38:22.293+00:00,ASTER,ENTROPY,8.3556,1.5556,1556.4,0.04,1555.1,0.3566,1556.89,1555.0,0.0003266100,0.0000017483,0.3,102.3
2026-09-14T08:38:22.300+00:00,ASTER,HL,9.7059,2.9059,1556.41,3.04,1554.9,0.866,1556.89,1554.8,0.0003266100,0.0000062500,0.1,109.8
2026-09-14T08:38:22.300+00:00,ASTER,ENTROPY,8.4198,1.6198,1556.41,3.04,1555.1,0.3566,1556.89,1555.0,0.0003266100,0.0000017483,0.1,109.8
2026-09-14T08:38:22.300+00:00,ASTER,HL,10.0915,3.2915,1556.47,3.04,1554.9,0.866,1556.89,1554.8,0.0003266100,0.0000062500,0.2,109.9
2026-09-14T08:38:22.300+00:00,ASTER,ENTROPY,8.8054,2.0054,1556.47,3.04,1555.1,0.3566,1556.89,1555.0,0.0003266100,0.0000017483,0.2,109.9
2026-09-14T08:38:22.300+00:00,ASTER,HL,10.6056,3.8056,1556.55,3.04,1554.9,0.866,1556.89,1554.8,0.0003266100,0.0000062500,0.2,110.0
2026-09-14T08:38:22.300+00:00,ASTER,ENTROPY,9.3195,2.5195,1556.55,3.04,1555.1,0.3566,1556.89,1555.0,0.0003266100,0.0000017483,0.2,109.9
2026-09-14T08:38:22.300+00:00,ASTER,HL,10.8626,4.0626,1556.59,3.04,1554.9,0.866,1556.89,1554.8,0.0003266100,0.0000062500,0.2,110.0
2026-09-14T08:38:22.300+00:00,ASTER,ENTROPY,9.5765,2.7765,1556.59,3.04,1555.1,0.3566,1556.89,1555.0,0.0003266100,0.0000017483,0.2,109.9
2026-09-14T08:38:22.300+00:00,ASTER,HL,11.1839,4.3839,1556.64,3.04,1554.9,0.866,1556.89,1554.8,0.0003266100,0.0000062500,0.2,110.0
2026-09-14T08:38:22.300+00:00,ASTER,ENTROPY,9.8978,3.0978,1556.64,3.04,1555.1,0.3566,1556.89,1555.0,0.0003266100,0.0000017483,0.2,110.0
2026-09-14T08:38:22.335+00:00,ASTER,HL,11.1834,4.3834,1556.64,3.04,1554.9,0.866,1557.19,1554.8,0.0003266100,0.0000062500,0.9,144.7
2026-09-14T08:38:22.335+00:00,ASTER,ENTROPY,9.8973,3.0973,1556.64,3.04,1555.1,0.3566,1557.19,1555.0,0.0003266100,0.0000017483,0.9,144.6
2026-09-14T08:38:22.340+00:00,ASTER,HL,11.1836,4.3836,1556.64,3.04,1554.9,0.866,1557.06,1554.8,0.0003266100,0.0000062500,0.2,149.1
2026-09-14T08:38:22.340+00:00,ASTER,ENTROPY,9.8975,3.0975,1556.64,3.04,1555.1,0.3566,1557.06,1555.0,0.0003266100,0.0000017483,0.2,149.1
2026-09-14T08:38:22.404+00:00,ASTER,HL,11.1836,4.3836,1556.64,3.04,1554.9,0.866,1557.06,1554.8,0.0003266100,0.0000062500,0.2,213.2
2026-09-14T08:38:22.404+00:00,ASTER,ENTROPY,9.8975,3.0975,1556.64,3.04,1555.1,0.3566,1557.06,1555.0,0.0003266100,0.0000017483,0.2,213.2
2026-09-14T08:38:22.427+00:00,ASTER,HL,11.1836,4.3836,1556.64,3.04,1554.9,22.735,1557.06,1554.8,0.0003266100,0.0000062500,23.2,0.2
2026-09-14T08:38:22.427+00:00,ASTER,ENTROPY,9.8975,3.0975,1556.64,3.04,1555.1,0.1903,1557.06,1555.0,0.0003266100,0.0000017483,23.3,0.3
2026-09-14T08:38:22.671+00:00,ASTER,HL,10.5407,3.7407,1556.64,3.04,1555.0,1.823,1557.06,1554.8,0.0003266100,0.0000062500,267.9,0.4
2026-09-14T08:38:22.672+00:00,ASTER,ENTROPY,9.8975,3.0975,1556.64,3.04,1555.1,0.0282,1557.06,1555.0,0.0003266100,0.0000017483,268.0,0.5
2026-09-14T08:38:22.683+00:00,ASTER,HL,9.1913,2.3913,1556.43,42.53,1555.0,1.823,1557.06,1554.8,0.0003266100,0.0000062500,0.1,11.9
2026-09-14T08:38:22.683+00:00,ASTER,ENTROPY,8.5481,1.7481,1556.43,42.53,1555.1,0.0282,1557.06,1555.0,0.0003266100,0.0000017483,0.1,11.9
2026-09-14T08:38:22.700+00:00,ASTER,HL,9.1913,2.3913,1556.43,42.53,1555.0,1.823,1557.06,1554.8,0.0003266100,0.0000062500,0.1,29.1
2026-09-14T08:38:22.700+00:00,ASTER,ENTROPY,8.5481,1.7481,1556.43,42.53,1555.1,0.0282,1557.06,1555.0,0.0003266100,0.0000017483,0.1,29.1
2026-09-14T08:38:22.700+00:00,ASTER,HL,9.1913,2.3913,1556.43,37.12,1555.0,1.823,1557.06,1554.8,0.0003266100,0.0000062500,0.2,29.3
2026-09-14T08:38:22.700+00:00,ASTER,ENTROPY,8.5481,1.7481,1556.43,37.12,1555.1,0.0282,1557.06,1555.0,0.0003266100,0.0000017483,0.2,29.2
2026-09-14T08:38:22.700+00:00,ASTER,HL,9.1913,2.3913,1556.43,20.74,1555.0,1.823,1557.06,1554.8,0.0003266100,0.0000062500,0.3,29.3
2026-09-14T08:38:22.700+00:00,ASTER,ENTROPY,8.5481,1.7481,1556.43,20.74,1555.1,0.0282,1557.06,1555.0,0.0003266100,0.0000017483,0.3,29.3
2026-09-14T08:38:22.700+00:00,ASTER,HL,9.1911,2.3911,1556.43,20.74,1555.0,1.823,1557.19,1554.8,0.0003266100,0.0000062500,0.3,29.3
2026-09-14T08:38:22.700+00:00,ASTER,ENTROPY,8.5479,1.7479,1556.43,20.74,1555.1,0.0282,1557.19,1555.0,0.0003266100,0.0000017483,0.3,29.3
2026-09-14T08:38:22.700+00:00,ASTER,HL,9.1911,2.3911,1556.43,16.38,1555.0,1.823,1557.19,1554.8,0.0003266100,0.0000062500,0.3,29.4
2026-09-14T08:38:22.700+00:00,ASTER,ENTROPY,8.5479,1.7479,1556.43,16.38,1555.1,0.0282,1557.19,1555.0,0.0003266100,0.0000017483,0.3,29.3
2026-09-14T08:38:22.700+00:00,ASTER,HL,8.9983,2.1983,1556.4,0.04,1555.0,1.823,1557.19,1554.8,0.0003266100,0.0000062500,0.4,29.4
2026-09-14T08:38:22.700+00:00,ASTER,ENTROPY,8.3552,1.5552,1556.4,0.04,1555.1,0.0282,1557.19,1555.0,0.0003266100,0.0000017483,0.4,29.4
2026-09-14T08:38:22.700+00:00,ASTER,HL,8.9985,2.1985,1556.4,0.04,1555.0,1.823,1557.05,1554.8,0.0003266100,0.0000062500,0.4,29.4
2026-09-14T08:38:22.700+00:00,ASTER,ENTROPY,8.3554,1.5554,1556.4,0.04,1555.1,0.0282,1557.05,1555.0,0.0003266100,0.0000017483,0.4,29.4
2026-09-14T08:38:22.724+00:00,ASTER,HL,8.9984,2.1984,1556.4,0.04,1555.0,1.823,1557.05,1554.9,0.0003266100,0.0000062500,24.4,0.2
2026-09-14T08:38:22.738+00:00,ASTER,HL,8.9984,2.1984,1556.4,0.04,1555.0,1.823,1557.04,1554.9,0.0003266100,0.0000062500,0.2,13.6
2026-09-14T08:38:22.738+00:00,ASTER,ENTROPY,8.3554,1.5554,1556.4,0.04,1555.1,0.0282,1557.04,1555.0,0.0003266100,0.0000017483,0.2,66.8
2026-09-14T08:38:22.738+00:00,ASTER,HL,9.1269,2.3269,1556.42,1.28,1555.0,1.823,1557.04,1554.9,0.0003266100,0.0000062500,0.3,13.8
2026-09-14T08:38:22.738+00:00,ASTER,ENTROPY,8.4839,1.6839,1556.42,1.28,1555.1,0.0282,1557.04,1555.0,0.0003266100,0.0000017483,0.3,67.0
2026-09-14T08:38:22.738+00:00,ASTER,HL,9.1269,2.3269,1556.42,17.66,1555.0,1.823,1557.04,1554.9,0.0003266100,0.0000062500,0.4,13.8
2026-09-14T08:38:22.738+00:00,ASTER,ENTROPY,8.4839,1.6839,1556.42,17.66,1555.1,0.0282,1557.04,1555.0,0.0003266100,0.0000017483,0.4,67.0
2026-09-14T08:38:22.738+00:00,ASTER,HL,9.1269,2.3269,1556.42,18.94,1555.0,1.823,1557.04,1554.9,0.0003266100,0.0000062500,0.4,13.9
2026-09-14T08:38:22.738+00:00,ASTER,ENTROPY,8.4839,1.6839,1556.42,18.94,1555.1,0.0282,1557.04,1555.0,0.0003266100,0.0000017483,0.4,67.1
2026-09-14T08:38:22.738+00:00,ASTER,HL,9.1269,2.3269,1556.42,35.32,1555.0,1.823,1557.04,1554.9,0.0003266100,0.0000062500,0.4,13.9
2026-09-14T08:38:22.738+00:00,ASTER,ENTROPY,8.4839,1.6839,1556.42,35.32,1555.1,0.0282,1557.04,1555.0,0.0003266100,0.0000017483,0.4,67.1
2026-09-14T08:38:22.782+00:00,ASTER,HL,9.1269,2.3269,1556.42,35.32,1555.0,1.823,1557.01,1554.9,0.0003266100,0.0000062500,0.2,57.9
2026-09-14T08:38:22.782+00:00,ASTER,ENTROPY,8.4839,1.6839,1556.42,35.32,1555.1,0.0282,1557.01,1555.0,0.0003266100,0.0000017483,0.2,111.1
2026-09-14T08:38:22.782+00:00,ASTER,HL,9.9623,3.1623,1556.55,3.04,1555.0,1.823,1557.01,1554.9,0.0003266100,0.0000062500,0.4,58.1
2026-09-14T08:38:22.782+00:00,ASTER,ENTROPY,9.3193,2.5193,1556.55,3.04,1555.1,0.0282,1557.01,1555.0,0.0003266100,0.0000017483,0.4,111.3
2026-09-14T08:38:22.826+00:00,ASTER,HL,9.3193,2.5193,1556.55,3.04,1555.1,1.646,1557.01,1555.0,0.0003266100,0.0000062500,43.9,0.2
2026-09-14T08:38:22.833+00:00,ASTER,HL,8.4839,1.6839,1556.42,35.32,1555.1,1.646,1557.01,1555.0,0.0003266100,0.0000062500,0.1,7.1
2026-09-14T08:38:22.833+00:00,ASTER,ENTROPY,8.4839,1.6839,1556.42,35.32,1555.1,0.0282,1557.01,1555.0,0.0003266100,0.0000017483,0.1,161.7
2026-09-14T08:38:22.841+00:00,ASTER,HL,8.4839,1.6839,1556.42,34.04,1555.1,1.646,1557.01,1555.0,0.0003266100,0.0000062500,0.1,15.5
2026-09-14T08:38:22.841+00:00,ASTER,ENTROPY,8.4839,1.6839,1556.42,34.04,1555.1,0.0282,1557.01,1555.0,0.0003266100,0.0000017483,0.1,170.1
2026-09-14T08:38:22.841+00:00,ASTER,HL,8.4839,1.6839,1556.42,17.66,1555.1,1.646,1557.01,1555.0,0.0003266100,0.0000062500,0.2,15.6
2026-09-14T08:38:22.841+00:00,ASTER,ENTROPY,8.4839,1.6839,1556.42,17.66,1555.1,0.0282,1557.01,1555.0,0.0003266100,0.0000017483,0.2,170.2
2026-09-14T08:38:22.841+00:00,ASTER,HL,8.4839,1.6839,1556.42,16.38,1555.1,1.646,1557.01,1555.0,0.0003266100,0.0000062500,0.2,15.7
2026-09-14T08:38:22.841+00:00,ASTER,ENTROPY,8.4839,1.6839,1556.42,16.38,1555.1,0.0282,1557.01,1555.0,0.0003266100,0.0000017483,0.2,170.2
2026-09-14T08:38:22.841+00:00,ASTER,HL,7.7128,0.9128,1556.3,0.01,1555.1,1.646,1557.01,1555.0,0.0003266100,0.0000062500,0.2,15.7
2026-09-14T08:38:22.841+00:00,ASTER,ENTROPY,7.7128,0.9128,1556.3,0.01,1555.1,0.0282,1557.01,1555.0,0.0003266100,0.0000017483,0.2,170.2
2026-09-14T08:38:22.843+00:00,ASTER,HL,8.2912,1.4912,1556.39,2.23,1555.1,1.646,1557.01,1555.0,0.0003266100,0.0000062500,0.1,18.0
2026-09-14T08:38:22.843+00:00,ASTER,ENTROPY,8.2912,1.4912,1556.39,2.23,1555.1,0.0282,1557.01,1555.0,0.0003266100,0.0000017483,0.1,172.5
2026-09-14T08:38:22.843+00:00,ASTER,HL,8.2912,1.4912,1556.39,18.61,1555.1,1.646,1557.01,1555.0,0.0003266100,0.0000062500,0.1,18.0
2026-09-14T08:38:22.843+00:00,ASTER,ENTROPY,8.2912,1.4912,1556.39,18.61,1555.1,0.0282,1557.01,1555.0,0.0003266100,0.0000017483,0.1,172.6
2026-09-14T08:38:22.887+00:00,ASTER,HL,8.2912,1.4912,1556.39,16.38,1555.1,1.646,1557.01,1555.0,0.0003266100,0.0000062500,0.2,60.9
2026-09-14T08:38:22.887+00:00,ASTER,ENTROPY,8.2912,1.4912,1556.39,16.38,1555.1,0.0282,1557.01,1555.0,0.0003266100,0.0000017483,0.2,215.5
2026-09-14T08:38:22.887+00:00,ASTER,HL,7.7128,0.9128,1556.3,0.01,1555.1,1.646,1557.01,1555.0,0.0003266100,0.0000062500,0.2,61.0
2026-09-14T08:38:22.887+00:00,ASTER,ENTROPY,7.7128,0.9128,1556.3,0.01,1555.1,0.0282,1557.01,1555.0,0.0003266100,0.0000017483,0.2,215.6
2026-09-14T08:38:22.892+00:00,ASTER,HL,7.7128,0.9128,1556.3,0.01,1555.1,1.646,1557.0,1555.0,0.0003266100,0.0000062500,0.7,67.1
2026-09-14T08:38:22.892+00:00,ASTER,ENTROPY,7.7128,0.9128,1556.3,0.01,1555.1,0.0282,1557.0,1555.0,0.0003266100,0.0000017483,0.7,221.6
2026-09-14T08:38:22.893+00:00,ASTER,HL,7.7129,0.9129,1556.3,0.01,1555.1,1.646,1556.93,1555.0,0.0003266100,0.0000062500,0.7,67.2
2026-09-14T08:38:22.893+00:00,ASTER,ENTROPY,7.7129,0.9129,1556.3,0.01,1555.1,0.0282,1556.93,1555.0,0.0003266100,0.0000017483,0.7,221.7
2026-09-14T08:38:22.893+00:00,ASTER,HL,7.7129,0.9129,1556.3,9.24,1555.1,1.646,1556.93,1555.0,0.0003266100,0.0000062500,0.8,67.2
2026-09-14T08:38:22.893+00:00,ASTER,ENTROPY,7.7129,0.9129,1556.3,9.24,1555.1,0.0282,1556.93,1555.0,0.0003266100,0.0000017483,0.8,221.7
2026-09-14T08:38:22.893+00:00,ASTER,HL,7.7129,0.9129,1556.3,25.62,1555.1,1.646,1556.93,1555.0,0.0003266100,0.0000062500,0.8,67.2
2026-09-14T08:38:22.893+00:00,ASTER,ENTROPY,7.7129,0.9129,1556.3,25.62,1555.1,0.0282,1556.93,1555.0,0.0003266100,0.0000017483,0.8,221.8
2026-09-14T08:38:22.894+00:00,ASTER,HL,7.7129,0.9129,1556.3,34.85,1555.1,1.646,1556.93,1555.0,0.0003266100,0.0000062500,0.1,68.6
2026-09-14T08:38:22.894+00:00,ASTER,ENTROPY,7.7129,0.9129,1556.3,34.85,1555.1,0.0282,1556.93,1555.0,0.0003266100,0.0000017483,0.1,223.2
2026-09-14T08:38:22.894+00:00,ASTER,HL,7.7129,0.9129,1556.3,51.23,1555.1,1.646,1556.93,1555.0,0.0003266100,0.0000062500,0.1,68.7
2026-09-14T08:38:22.894+00:00,ASTER,ENTROPY,7.7129,0.9129,1556.3,51.23,1555.1,0.0282,1556.93,1555.0,0.0003266100,0.0000017483,0.1,223.3
2026-09-14T08:38:22.925+00:00,ASTER,HL,7.7129,0.9129,1556.3,51.23,1555.1,1.646,1556.95,1555.0,0.0003266100,0.0000062500,0.2,99.0
2026-09-14T08:38:22.925+00:00,ASTER,ENTROPY,7.7129,0.9129,1556.3,51.23,1555.1,0.0282,1556.95,1555.0,0.0003266100,0.0000017483,0.2,253.6
2026-09-14T08:38:22.925+00:00,ASTER,HL,7.7129,0.9129,1556.3,42.0,1555.1,1.646,1556.95,1555.0,0.0003266100,0.0000062500,0.2,99.2
2026-09-14T08:38:22.925+00:00,ASTER,ENTROPY,7.7129,0.9129,1556.3,42.0,1555.1,0.0282,1556.95,1555.0,0.0003266100,0.0000017483,0.2,253.7
2026-09-14T08:38:22.925+00:00,ASTER,HL,7.7128,0.9128,1556.3,42.0,1555.1,1.646,1557.0,1555.0,0.0003266100,0.0000062500,0.3,99.2
2026-09-14T08:38:22.925+00:00,ASTER,ENTROPY,7.7128,0.9128,1556.3,42.0,1555.1,0.0282,1557.0,1555.0,0.0003266100,0.0000017483,0.3,253.8
2026-09-14T08:38:22.925+00:00,ASTER,HL,7.7128,0.9128,1556.3,25.62,1555.1,1.646,1557.0,1555.0,0.0003266100,0.0000062500,0.3,99.2
2026-09-14T08:38:22.925+00:00,ASTER,ENTROPY,7.7128,0.9128,1556.3,25.62,1555.1,0.0282,1557.0,1555.0,0.0003266100,0.0000017483,0.3,253.8
2026-09-14T08:38:22.928+00:00,ASTER,HL,7.7128,0.9128,1556.3,16.39,1555.1,1.646,1557.0,1555.0,0.0003266100,0.0000062500,0.1,102.5
2026-09-14T08:38:22.928+00:00,ASTER,ENTROPY,7.7128,0.9128,1556.3,16.39,1555.1,0.0282,1557.0,1555.0,0.0003266100,0.0000017483,0.1,257.1
2026-09-14T08:38:22.928+00:00,ASTER,HL,7.7128,0.9128,1556.3,0.01,1555.1,1.646,1557.0,1555.0,0.0003266100,0.0000062500,0.2,102.6
2026-09-14T08:38:22.928+00:00,ASTER,ENTROPY,7.7128,0.9128,1556.3,0.01,1555.1,0.0282,1557.0,1555.0,0.0003266100,0.0000017483,0.2,257.1
2026-09-14T08:38:22.934+00:00,ASTER,HL,7.7128,0.9128,1556.3,0.01,1555.1,1.646,1557.0,1555.0,0.0003266100,0.0000062500,0.1,107.9
2026-09-14T08:38:22.934+00:00,ASTER,ENTROPY,7.7128,0.9128,1556.3,0.01,1555.1,0.0282,1557.0,1555.0,0.0003266100,0.0000017483,0.1,262.4
2026-09-14T08:38:22.934+00:00,ASTER,HL,8.8052,2.0052,1556.47,3.04,1555.1,1.646,1557.0,1555.0,0.0003266100,0.0000062500,0.2,108.0
2026-09-14T08:38:22.934+00:00,ASTER,ENTROPY,8.8052,2.0052,1556.47,3.04,1555.1,0.0282,1557.0,1555.0,0.0003266100,0.0000017483,0.2,262.5
2026-09-14T08:38:22.962+00:00,ASTER,HL,8.8053,2.0053,1556.47,3.04,1555.1,1.646,1556.94,1555.0,0.0003266100,0.0000062500,0.1,136.7
2026-09-14T08:38:22.962+00:00,ASTER,ENTROPY,8.8053,2.0053,1556.47,3.04,1555.1,0.0282,1556.94,1555.0,0.0003266100,0.0000017483,0.1,291.2
2026-09-14T08:38:22.962+00:00,ASTER,HL,8.8053,2.0053,1556.47,3.04,1555.1,1.646,1556.94,1555.0,0.0003266100,0.0000062500,0.2,136.8
2026-09-14T08:38:22.962+00:00,ASTER,ENTROPY,8.8053,2.0053,1556.47,3.04,1555.1,0.0282,1556.94,1555.0,0.0003266100,0.0000017483,0.2,291.3
2026-09-14T08:38:22.962+00:00,ASTER,HL,8.8053,2.0053,1556.47,3.04,1555.1,1.646,1556.94,1555.0,0.0003266100,0.0000062500,0.3,136.8
2026-09-14T08:38:22.962+00:00,ASTER,ENTROPY,8.8053,2.0053,1556.47,3.04,1555.1,0.0282,1556.94,1555.0,0.0003266100,0.0000017483,0.3,291.4
2026-09-14T08:38:22.962+00:00,ASTER,HL,8.8053,2.0053,1556.47,3.04,1555.1,1.646,1556.94,1555.0,0.0003266100,0.0000062500,0.3,136.8
2026-09-14T08:38:22.962+00:00,ASTER,ENTROPY,8.8053,2.0053,1556.47,3.04,1555.1,0.0282,1556.94,1555.0,0.0003266100,0.0000017483,0.3,291.4
2026-09-14T08:38:22.986+00:00,ASTER,HL,8.8054,2.0054,1556.47,3.04,1555.1,1.646,1556.91,1555.0,0.0003266100,0.0000062500,0.1,160.5
2026-09-14T08:38:22.986+00:00,ASTER,ENTROPY,8.8054,2.0054,1556.47,3.04,1555.1,0.0282,1556.91,1555.0,0.0003266100,0.0000017483,0.1,315.0
2026-09-14T08:38:23.022+00:00,ASTER,HL,8.8055,2.0055,1556.47,3.04,1555.1,1.646,1556.91,1554.9,0.0003266100,0.0000062500,35.9,0.3
2026-09-14T08:38:23.081+00:00,ASTER,HL,9.4484,2.6484,1556.47,3.04,1555.0,11.194,1556.91,1554.9,0.0003266100,0.0000062500,94.7,0.3
2026-09-14T08:38:23.081+00:00,ASTER,ENTROPY,8.8054,2.0054,1556.47,3.04,1555.1,0.0282,1556.91,1555.0,0.0003266100,0.0000017483,94.9,0.4
2026-09-14T08:38:23.227+00:00,ASTER,HL,8.4202,1.6202,1556.31,4.32,1555.0,11.194,1556.91,1554.9,0.0003266100,0.0000062500,0.3,146.5
2026-09-14T08:38:23.227+00:00,ASTER,ENTROPY,7.7772,0.9772,1556.31,4.32,1555.1,0.0282,1556.91,1555.0,0.0003266100,0.0000017483,0.3,146.4
2026-09-14T08:38:23.286+00:00,ASTER,HL,8.4202,1.6202,1556.31,2.16,1555.0,11.194,1556.91,1554.9,0.0003266100,0.0000062500,0.2,205.0
2026-09-14T08:38:23.286+00:00,ASTER,ENTROPY,7.7772,0.9772,1556.31,2.16,1555.1,0.0282,1556.91,1555.0,0.0003266100,0.0000017483,0.2,205.0
2026-09-14T08:38:23.286+00:00,ASTER,HL,7.7776,0.9776,1556.21,0.04,1555.0,11.194,1556.91,1554.9,0.0003266100,0.0000062500,0.3,205.2
2026-09-14T08:38:23.286+00:00,ASTER,ENTROPY,7.1346,0.3346,1556.21,0.04,1555.1,0.0282,1556.91,1555.0,0.0003266100,0.0000017483,0.3,205.2
2026-09-14T08:38:23.288+00:00,ASTER,HL,7.7776,0.9776,1556.21,0.04,1555.0,11.194,1556.89,1554.9,0.0003266100,0.0000062500,0.1,207.5
2026-09-14T08:38:23.288+00:00,ASTER,ENTROPY,7.1346,0.3346,1556.21,0.04,1555.1,0.0282,1556.89,1555.0,0.0003266100,0.0000017483,0.1,207.5
2026-09-14T08:38:23.288+00:00,ASTER,HL,8.0989,1.2989,1556.26,4.34,1555.0,11.194,1556.89,1554.9,0.0003266100,0.0000062500,0.2,207.6
2026-09-14T08:38:23.288+00:00,ASTER,ENTROPY,7.4559,0.6559,1556.26,4.34,1555.1,0.0282,1556.89,1555.0,0.0003266100,0.0000017483,0.2,207.6
2026-09-14T08:38:23.288+00:00,ASTER,HL,8.0989,1.2989,1556.26,4.34,1555.0,11.194,1556.89,1554.9,0.0003266100,0.0000062500,0.3,207.7
2026-09-14T08:38:23.288+00:00,ASTER,ENTROPY,7.4559,0.6559,1556.26,4.34,1555.1,0.0282,1556.89,1555.0,0.0003266100,0.0000017483,0.3,207.6
2026-09-14T08:38:23.306+00:00,ASTER,HL,8.0989,1.2989,1556.26,4.34,1555.0,10.799,1556.89,1554.9,0.0003266100,0.0000062500,18.4,0.2
2026-09-14T08:38:23.306+00:00,ASTER,ENTROPY,7.4559,0.6559,1556.26,4.34,1555.1,0.2032,1556.89,1555.0,0.0003266100,0.0000017483,18.6,0.3
2026-09-14T08:38:23.310+00:00,ASTER,HL,8.0989,1.2989,1556.26,20.72,1555.0,10.799,1556.89,1554.9,0.0003266100,0.0000062500,0.1,3.7
2026-09-14T08:38:23.310+00:00,ASTER,ENTROPY,7.4559,0.6559,1556.26,20.72,1555.1,0.2032,1556.89,1555.0,0.0003266100,0.0000017483,0.1,3.6
2026-09-14T08:38:23.310+00:00,ASTER,HL,8.0989,1.2989,1556.26,20.72,1555.0,10.799,1556.89,1554.9,0.0003266100,0.0000062500,0.2,3.8
2026-09-14T08:38:23.310+00:00,ASTER,ENTROPY,7.4559,0.6559,1556.26,20.72,1555.1,0.2032,1556.89,1555.0,0.0003266100,0.0000017483,0.2,3.7
2026-09-14T08:38:23.310+00:00,ASTER,HL,8.0989,1.2989,1556.26,25.06,1555.0,10.799,1556.89,1554.9,0.0003266100,0.0000062500,0.2,3.8
2026-09-14T08:38:23.310+00:00,ASTER,ENTROPY,7.4559,0.6559,1556.26,25.06,1555.1,0.2032,1556.89,1555.0,0.0003266100,0.0000017483,0.2,3.7
2026-09-14T08:38:23.310+00:00,ASTER,HL,8.0989,1.2989,1556.26,25.06,1555.0,10.799,1556.89,1554.9,0.0003266100,0.0000062500,0.2,3.8
2026-09-14T08:38:23.310+00:00,ASTER,ENTROPY,7.4559,0.6559,1556.26,25.06,1555.1,0.2032,1556.89,1555.0,0.0003266100,0.0000017483,0.2,3.8
2026-09-14T08:38:23.310+00:00,ASTER,HL,8.0989,1.2989,1556.26,41.44,1555.0,10.799,1556.89,1554.9,0.0003266100,0.0000062500,0.2,3.9
2026-09-14T08:38:23.310+00:00,ASTER,ENTROPY,7.4559,0.6559,1556.26,41.44,1555.1,0.2032,1556.89,1555.0,0.0003266100,0.0000017483,0.2,3.8
2026-09-14T08:38:23.343+00:00,ASTER,HL,8.7416,1.9416,1556.36,3.04,1555.0,10.799,1556.89,1554.9,0.0003266100,0.0000062500,0.2,37.3
2026-09-14T08:38:23.343+00:00,ASTER,ENTROPY,8.0985,1.2985,1556.36,3.04,1555.1,0.2032,1556.89,1555.0,0.0003266100,0.0000017483,0.2,37.2
2026-09-14T08:38:23.388+00:00,ASTER,HL,8.7416,1.9416,1556.36,3.04,1555.0,10.799,1556.88,1554.9,0.0003266100,0.0000062500,0.3,81.6
2026-09-14T08:38:23.388+00:00,ASTER,ENTROPY,8.0985,1.2985,1556.36,3.04,1555.1,0.2032,1556.88,1555.0,0.0003266100,0.0000017483,0.3,81.5
2026-09-14T08:38:23.388+00:00,ASTER,HL,8.7416,1.9416,1556.36,3.04,1555.0,10.799,1556.87,1554.9,0.0003266100,0.0000062500,0.4,81.8
2026-09-14T08:38:23.388+00:00,ASTER,ENTROPY,8.0986,1.2986,1556.36,3.04,1555.1,0.2032,1556.87,1555.0,0.0003266100,0.0000017483,0.4,81.7
2026-09-14T08:38:23.415+00:00,ASTER,HL,8.7416,1.9416,1556.36,3.04,1555.0,22.34,1556.87,1554.9,0.0003266100,0.0000062500,27.2,0.3
2026-09-14T08:38:23.580+00:00,ASTER,HL,8.0989,1.2989,1556.26,41.44,1555.0,22.34,1556.87,1554.9,0.0003266100,0.0000062500,0.2,166.0
2026-09-14T08:38:23.580+00:00,ASTER,ENTROPY,7.4559,0.6559,1556.26,41.44,1555.1,0.2032,1556.87,1555.0,0.0003266100,0.0000017483,0.2,274.2
2026-09-14T08:38:23.610+00:00,ASTER,HL,8.0989,1.2989,1556.26,37.1,1555.0,22.34,1556.87,1554.9,0.0003266100,0.0000062500,0.2,196.6
2026-09-14T08:38:23.610+00:00,ASTER,ENTROPY,7.4559,0.6559,1556.26,37.1,1555.1,0.2032,1556.87,1555.0,0.0003266100,0.0000017483,0.2,304.8
2026-09-14T08:38:23.611+00:00,ASTER,HL,8.0989,1.2989,1556.26,20.72,1555.0,22.34,1556.87,1554.9,0.0003266100,0.0000062500,0.3,196.8
2026-09-14T08:38:23.611+00:00,ASTER,ENTROPY,7.4559,0.6559,1556.26,20.72,1555.1,0.2032,1556.87,1555.0,0.0003266100,0.0000017483,0.3,305.0
2026-09-14T08:38:23.611+00:00,ASTER,HL,8.0989,1.2989,1556.26,16.38,1555.0,22.34,1556.87,1554.9,0.0003266100,0.0000062500,0.3,196.8
2026-09-14T08:38:23.611+00:00,ASTER,ENTROPY,7.4559,0.6559,1556.26,16.38,1555.1,0.2032,1556.87,1555.0,0.0003266100,0.0000017483,0.3,305.0
2026-09-14T08:38:23.611+00:00,ASTER,HL,7.7776,0.9776,1556.21,0.04,1555.0,22.34,1556.87,1554.9,0.0003266100,0.0000062500,0.3,196.8
2026-09-14T08:38:23.611+00:00,ASTER,ENTROPY,7.1346,0.3346,1556.21,0.04,1555.1,0.2032,1556.87,1555.0,0.0003266100,0.0000017483,0.3,305.0
2026-09-14T08:38:23.611+00:00,ASTER,HL,7.7776,0.9776,1556.21,0.04,1555.0,22.34,1556.85,1554.9,0.0003266100,0.0000062500,0.4,196.8
2026-09-14T08:38:23.611+00:00,ASTER,ENTROPY,7.1346,0.3346,1556.21,0.04,1555.1,0.2032,1556.85,1555.0,0.0003266100,0.0000017483,0.4,305.0
2026-09-14T08:38:23.613+00:00,ASTER,HL,7.7777,0.9777,1556.21,0.04,1555.0,22.34,1556.83,1554.9,0.0003266100,0.0000062500,0.8,199.3
2026-09-14T08:38:23.613+00:00,ASTER,ENTROPY,7.1347,0.3347,1556.21,0.04,1555.1,0.2032,1556.83,1555.0,0.0003266100,0.0000017483,0.8,307.5
2026-09-14T08:38:23.613+00:00,ASTER,HL,7.7777,0.9777,1556.21,0.04,1555.0,22.34,1556.83,1554.9,0.0003266100,0.0000062500,0.9,199.4
2026-09-14T08:38:23.613+00:00,ASTER,ENTROPY,7.1347,0.3347,1556.21,0.04,1555.1,0.2032,1556.83,1555.0,0.0003266100,0.0000017483,0.9,307.6
2026-09-14T08:38:23.613+00:00,ASTER,HL,7.7777,0.9777,1556.21,0.04,1555.0,22.34,1556.83,1554.9,0.0003266100,0.0000062500,0.9,199.4
2026-09-14T08:38:23.613+00:00,ASTER,ENTROPY,7.1347,0.3347,1556.21,0.04,1555.1,0.2032,1556.83,1555.0,0.0003266100,0.0000017483,0.9,307.6
2026-09-14T08:38:23.613+00:00,ASTER,HL,7.7777,0.9777,1556.21,0.04,1555.0,22.34,1556.83,1554.9,0.0003266100,0.0000062500,0.9,199.4
2026-09-14T08:38:23.613+00:00,ASTER,ENTROPY,7.1347,0.3347,1556.21,0.04,1555.1,0.2032,1556.83,1555.0,0.0003266100,0.0000017483,0.9,307.6
2026-09-14T08:38:23.671+00:00,ASTER,HL,7.7779,0.9779,1556.21,0.04,1555.0,25.008,1556.83,1554.7,0.0003266100,0.0000062500,58.0,0.2
2026-09-14T08:38:23.671+00:00,ASTER,ENTROPY,7.1347,0.3347,1556.21,0.04,1555.1,0.3668,1556.83,1555.0,0.0003266100,0.0000017483,58.2,0.3
2026-09-14T08:38:23.684+00:00,ASTER,HL,7.7779,0.9779,1556.21,0.04,1555.0,25.008,1556.82,1554.7,0.0003266100,0.0000062500,0.2,13.8
2026-09-14T08:38:23.684+00:00,ASTER,ENTROPY,7.1347,0.3347,1556.21,0.04,1555.1,0.3668,1556.82,1555.0,0.0003266100,0.0000017483,0.2,13.8
2026-09-14T08:38:23.687+00:00,ASTER,HL,8.0350,1.2350,1556.25,3.04,1555.0,25.008,1556.82,1554.7,0.0003266100,0.0000062500,0.1,16.1
2026-09-14T08:38:23.687+00:00,ASTER,ENTROPY,7.3917,0.5917,1556.25,3.04,1555.1,0.3668,1556.82,1555.0,0.0003266100,0.0000017483,0.1,16.1
2026-09-14T08:38:23.749+00:00,ASTER,HL,8.0351,1.2351,1556.25,3.04,1555.0,25.008,1556.75,1554.7,0.0003266100,0.0000062500,0.2,79.0
2026-09-14T08:38:23.749+00:00,ASTER,ENTROPY,7.3918,0.5918,1556.25,3.04,1555.1,0.3668,1556.75,1555.0,0.0003266100,0.0000017483,0.2,79.0
2026-09-14T08:38:23.750+00:00,ASTER,HL,8.0351,1.2351,1556.25,3.04,1555.0,25.008,1556.75,1554.7,0.0003266100,0.0000062500,0.3,79.2
2026-09-14T08:38:23.750+00:00,ASTER,ENTROPY,7.3918,0.5918,1556.25,3.04,1555.1,0.3668,1556.75,1555.0,0.0003266100,0.0000017483,0.3,79.1
2026-09-14T08:38:23.835+00:00,ASTER,HL,8.0351,1.2351,1556.25,3.04,1555.0,25.008,1556.74,1554.7,0.0003266100,0.0000062500,0.7,164.6
2026-09-14T08:38:23.835+00:00,ASTER,ENTROPY,7.3918,0.5918,1556.25,3.04,1555.1,0.3668,1556.74,1555.0,0.0003266100,0.0000017483,0.7,164.6
2026-09-14T08:38:23.843+00:00,ASTER,HL,9.3210,2.5210,1556.25,3.04,1554.8,0.866,1556.74,1554.7,0.0003266100,0.0000062500,8.3,0.2
2026-09-14T08:38:23.877+00:00,ASTER,HL,9.3210,2.5210,1556.25,3.04,1554.8,0.866,1556.74,1554.7,0.0003266100,0.0000062500,42.9,0.2
2026-09-14T08:38:24.030+00:00,ASTER,HL,9.3210,2.5210,1556.25,3.04,1554.8,30.908,1556.74,1554.7,0.0003266100,0.0000062500,196.0,0.2
2026-09-14T08:38:24.031+00:00,ASTER,ENTROPY,7.3918,0.5918,1556.25,3.04,1555.1,0.7529,1556.74,1555.0,0.0003266100,0.0000017483,196.2,0.4
2026-09-14T08:38:24.076+00:00,ASTER,HL,8.5498,1.7498,1556.13,0.01,1554.8,30.908,1556.74,1554.7,0.0003266100,0.0000062500,0.2,46.0
2026-09-14T08:38:24.083+00:00,ASTER,HL,8.5498,1.7498,1556.13,0.01,1554.8,40.081,1556.74,1554.7,0.0003266100,0.0000062500,6.8,0.2
2026-09-14T08:38:24.087+00:00,ASTER,HL,9.3853,2.5853,1556.26,3.04,1554.8,40.081,1556.74,1554.7,0.0003266100,0.0000062500,0.1,4.4
2026-09-14T08:38:24.087+00:00,ASTER,ENTROPY,7.4561,0.6561,1556.26,3.04,1555.1,0.7529,1556.74,1555.0,0.0003266100,0.0000017483,0.1,56.8
2026-09-14T08:38:24.126+00:00,ASTER,HL,9.3853,2.5853,1556.26,3.04,1554.8,40.081,1556.75,1554.7,0.0003266100,0.0000062500,0.2,43.3
2026-09-14T08:38:24.126+00:00,ASTER,ENTROPY,7.4561,0.6561,1556.26,3.04,1555.1,0.7529,1556.75,1555.0,0.0003266100,0.0000017483,0.2,95.7
2026-09-14T08:38:24.138+00:00,ASTER,HL,9.3853,2.5853,1556.26,3.04,1554.8,40.081,1556.75,1554.7,0.0003266100,0.0000062500,2.0,55.3
2026-09-14T08:38:24.138+00:00,ASTER,ENTROPY,7.4561,0.6561,1556.26,3.04,1555.1,0.7529,1556.75,1555.0,0.0003266100,0.0000017483,2.0,107.7
2026-09-14T08:38:24.157+00:00,ASTER,HL,9.3851,2.5851,1556.26,3.04,1554.8,40.081,1556.84,1554.7,0.0003266100,0.0000062500,0.2,74.7
2026-09-14T08:38:24.157+00:00,ASTER,ENTROPY,7.4560,0.6560,1556.26,3.04,1555.1,0.7529,1556.84,1555.0,0.0003266100,0.0000017483,0.2,127.1
2026-09-14T08:38:24.157+00:00,ASTER,HL,8.5497,1.7497,1556.13,0.01,1554.8,40.081,1556.84,1554.7,0.0003266100,0.0000062500,0.3,74.9
2026-09-14T08:38:24.157+00:00,ASTER,HL,9.4494,2.6494,1556.27,3.04,1554.8,40.081,1556.84,1554.7,0.0003266100,0.0000062500,0.3,74.9
2026-09-14T08:38:24.157+00:00,ASTER,ENTROPY,7.5202,0.7202,1556.27,3.04,1555.1,0.7529,1556.84,1555.0,0.0003266100,0.0000017483,0.3,127.3
2026-09-14T08:38:24.157+00:00,ASTER,HL,9.5779,2.7779,1556.29,3.04,1554.8,40.081,1556.84,1554.7,0.0003266100,0.0000062500,0.4,75.0
2026-09-14T08:38:24.157+00:00,ASTER,ENTROPY,7.6488,0.8488,1556.29,3.04,1555.1,0.7529,1556.84,1555.0,0.0003266100,0.0000017483,0.4,127.4
2026-09-14T08:38:24.157+00:00,ASTER,HL,9.7707,2.9707,1556.32,3.04,1554.8,40.081,1556.84,1554.7,0.0003266100,0.0000062500,0.4,75.0
2026-09-14T08:38:24.157+00:00,ASTER,ENTROPY,7.8415,1.0415,1556.32,3.04,1555.1,0.7529,1556.84,1555.0,0.0003266100,0.0000017483,0.4,127.4
2026-09-14T08:38:24.187+00:00,ASTER,HL,9.7708,2.9708,1556.32,3.04,1554.8,40.081,1556.83,1554.7,0.0003266100,0.0000062500,0.1,105.1
2026-09-14T08:38:24.187+00:00,ASTER,ENTROPY,7.8416,1.0416,1556.32,3.04,1555.1,0.7529,1556.83,1555.0,0.0003266100,0.0000017483,0.1,157.5
2026-09-14T08:38:24.187+00:00,ASTER,HL,9.7708,2.9708,1556.32,3.04,1554.8,40.081,1556.83,1554.7,0.0003266100,0.0000062500,0.3,105.3
2026-09-14T08:38:24.187+00:00,ASTER,ENTROPY,7.8416,1.0416,1556.32,3.04,1555.1,0.7529,1556.83,1555.0,0.0003266100,0.0000017483,0.3,157.7
2026-09-14T08:38:24.226+00:00,ASTER,HL,9.5780,2.7780,1556.29,3.04,1554.8,40.081,1556.83,1554.7,0.0003266100,0.0000062500,0.2,144.1
2026-09-14T08:38:24.226+00:00,ASTER,ENTROPY,7.6488,0.8488,1556.29,3.04,1555.1,0.7529,1556.83,1555.0,0.0003266100,0.0000017483,0.2,196.5
2026-09-14T08:38:24.236+00:00,ASTER,HL,8.9996,2.1996,1556.2,38.34,1554.8,40.081,1556.83,1554.7,0.0003266100,0.0000062500,0.8,153.8
2026-09-14T08:38:24.236+00:00,ASTER,ENTROPY,7.0704,0.2704,1556.2,38.34,1555.1,0.7529,1556.83,1555.0,0.0003266100,0.0000017483,0.8,206.2
2026-09-14T08:38:24.239+00:00,ASTER,HL,10.0278,3.2278,1556.36,3.04,1554.8,40.081,1556.83,1554.7,0.0003266100,0.0000062500,0.1,156.8
2026-09-14T08:38:24.239+00:00,ASTER,ENTROPY,8.0986,1.2986,1556.36,3.04,1555.1,0.7529,1556.83,1555.0,0.0003266100,0.0000017483,0.1,209.2
2026-09-14T08:38:24.283+00:00,ASTER,HL,8.9996,2.1996,1556.2,38.34,1554.8,40.081,1556.83,1554.7,0.0003266100,0.0000062500,0.2,200.1
2026-09-14T08:38:24.283+00:00,ASTER,ENTROPY,7.0704,0.2704,1556.2,38.34,1555.1,0.7529,1556.83,1555.0,0.0003266100,0.0000017483,0.2,252.5
2026-09-14T08:38:24.298+00:00,ASTER,HL,8.9996,2.1996,1556.2,38.34,1554.8,40.081,1556.82,1554.7,0.0003266100,0.0000062500,0.2,215.3
2026-09-14T08:38:24.298+00:00,ASTER,ENTROPY,7.0704,0.2704,1556.2,38.34,1555.1,0.7529,1556.82,1555.0,0.0003266100,0.0000017483,0.2,267.7
2026-09-14T08:38:24.298+00:00,ASTER,HL,10.1564,3.3564,1556.38,3.04,1554.8,40.081,1556.82,1554.7,0.0003266100,0.0000062500,0.3,215.4
2026-09-14T08:38:24.298+00:00,ASTER,ENTROPY,8.2271,1.4271,1556.38,3.04,1555.1,0.7529,1556.82,1555.0,0.0003266100,0.0000017483,0.3,267.8
2026-09-14T08:38:24.298+00:00,ASTER,HL,10.1564,3.3564,1556.38,3.04,1554.8,50.859,1556.82,1554.7,0.0003266100,0.0000062500,0.3,0.2
2026-09-14T08:38:24.336+00:00,ASTER,HL,10.1564,3.3564,1556.38,3.04,1554.8,50.859,1556.81,1554.7,0.0003266100,0.0000062500,0.2,38.2
2026-09-14T08:38:24.336+00:00,ASTER,ENTROPY,8.2272,1.4272,1556.38,3.04,1555.1,0.7529,1556.81,1555.0,0.0003266100,0.0000017483,0.2,305.8
2026-09-14T08:38:24.375+00:00,ASTER,HL,10.1564,3.3564,1556.38,3.04,1554.8,23.34,1556.81,1554.7,0.0003266100,0.0000062500,39.5,0.3
2026-09-14T08:38:24.376+00:00,ASTER,ENTROPY,8.2273,1.4273,1556.38,3.04,1555.1,0.7529,1556.81,1554.9,0.0003266100,0.0000017483,39.6,0.4
2026-09-14T08:38:24.385+00:00,ASTER,HL,8.5497,1.7497,1556.13,0.01,1554.8,23.34,1556.81,1554.7,0.0003266100,0.0000062500,0.2,10.2
2026-09-14T08:38:24.427+00:00,ASTER,HL,8.5497,1.7497,1556.13,0.01,1554.8,21.735,1556.81,1554.7,0.0003266100,0.0000062500,42.2,0.2
2026-09-14T08:38:24.427+00:00,ASTER,ENTROPY,7.2636,0.4636,1556.13,0.01,1555.0,0.3215,1556.81,1554.9,0.0003266100,0.0000017483,42.3,0.3
2026-09-14T08:38:24.462+00:00,ASTER,HL,8.5498,1.7498,1556.13,0.01,1554.8,21.735,1556.76,1554.7,0.0003266100,0.0000062500,0.2,35.2
2026-09-14T08:38:24.462+00:00,ASTER,ENTROPY,7.2636,0.4636,1556.13,0.01,1555.0,0.3215,1556.76,1554.9,0.0003266100,0.0000017483,0.2,35.2
2026-09-14T08:38:24.462+00:00,ASTER,HL,8.5498,1.7498,1556.13,12.09,1554.8,21.735,1556.76,1554.7,0.0003266100,0.0000062500,0.2,35.4
2026-09-14T08:38:24.462+00:00,ASTER,ENTROPY,7.2636,0.4636,1556.13,12.09,1555.0,0.3215,1556.76,1554.9,0.0003266100,0.0000017483,0.2,35.3
2026-09-14T08:38:24.462+00:00,ASTER,HL,8.5498,1.7498,1556.13,28.47,1554.8,21.735,1556.76,1554.7,0.0003266100,0.0000062500,0.3,35.4
2026-09-14T08:38:24.462+00:00,ASTER,ENTROPY,7.2636,0.4636,1556.13,28.47,1555.0,0.3215,1556.76,1554.9,0.0003266100,0.0000017483,0.3,35.4
2026-09-14T08:38:24.462+00:00,ASTER,HL,8.5498,1.7498,1556.13,28.47,1554.8,21.735,1556.76,1554.7,0.0003266100,0.0000062500,0.3,35.4
2026-09-14T08:38:24.462+00:00,ASTER,ENTROPY,7.2636,0.4636,1556.13,28.47,1555.0,0.3215,1556.76,1554.9,0.0003266100,0.0000017483,0.3,35.4
2026-09-14T08:38:24.462+00:00,ASTER,HL,8.5498,1.7498,1556.13,40.55,1554.8,21.735,1556.76,1554.7,0.0003266100,0.0000062500,0.3,35.5
2026-09-14T08:38:24.462+00:00,ASTER,ENTROPY,7.2636,0.4636,1556.13,40.55,1555.0,0.3215,1556.76,1554.9,0.0003266100,0.0000017483,0.3,35.4
2026-09-14T08:38:24.462+00:00,ASTER,HL,8.5498,1.7498,1556.13,56.93,1554.8,21.735,1556.76,1554.7,0.0003266100,0.0000062500,0.3,35.5
2026-09-14T08:38:24.462+00:00,ASTER,ENTROPY,7.2636,0.4636,1556.13,56.93,1555.0,0.3215,1556.76,1554.9,0.0003266100,0.0000017483,0.3,35.4
2026-09-14T08:38:24.512+00:00,ASTER,HL,8.5498,1.7498,1556.13,56.93,1554.8,21.735,1556.76,1554.7,0.0003266100,0.0000062500,0.2,85.5
2026-09-14T08:38:24.512+00:00,ASTER,HL,8.5498,1.7498,1556.13,44.85,1554.8,21.735,1556.76,1554.7,0.0003266100,0.0000062500,0.3,85.6
2026-09-14T08:38:24.512+00:00,ASTER,HL,8.5498,1.7498,1556.13,28.47,1554.8,21.735,1556.76,1554.7,0.0003266100,0.0000062500,0.3,85.6
2026-09-14T08:38:24.512+00:00,ASTER,HL,8.5497,1.7497,1556.13,28.47,1554.8,21.735,1556.81,1554.7,0.0003266100,0.0000062500,0.3,85.7
2026-09-14T08:38:24.512+00:00,ASTER,HL,8.5497,1.7497,1556.13,16.39,1554.8,21.735,1556.81,1554.7,0.0003266100,0.0000062500,0.3,85.7
2026-09-14T08:38:24.512+00:00,ASTER,HL,8.5497,1.7497,1556.13,0.01,1554.8,21.735,1556.81,1554.7,0.0003266100,0.0000062500,0.4,85.7
2026-09-14T08:38:24.522+00:00,ASTER,HL,8.8710,2.0710,1556.18,1.91,1554.8,21.735,1556.81,1554.7,0.0003266100,0.0000062500,0.1,95.4
2026-09-14T08:38:24.522+00:00,ASTER,ENTROPY,6.9420,0.1420,1556.18,1.91,1555.1,0.7529,1556.81,1554.9,0.0003266100,0.0000017483,0.1,54.5
2026-09-14T08:38:24.522+00:00,ASTER,HL,8.8710,2.0710,1556.18,1.91,1554.8,21.735,1556.81,1554.7,0.0003266100,0.0000062500,0.2,95.5
2026-09-14T08:38:24.522+00:00,ASTER,ENTROPY,6.9420,0.1420,1556.18,1.91,1555.1,0.7529,1556.81,1554.9,0.0003266100,0.0000017483,0.2,54.6
2026-09-14T08:38:24.522+00:00,ASTER,HL,8.8710,2.0710,1556.18,18.29,1554.8,21.735,1556.81,1554.7,0.0003266100,0.0000062500,0.2,95.5
2026-09-14T08:38:24.522+00:00,ASTER,ENTROPY,6.9420,0.1420,1556.18,18.29,1555.1,0.7529,1556.81,1554.9,0.0003266100,0.0000017483,0.2,54.6
2026-09-14T08:38:24.522+00:00,ASTER,HL,8.8710,2.0710,1556.18,18.29,1554.8,21.735,1556.81,1554.7,0.0003266100,0.0000062500,0.2,95.5
2026-09-14T08:38:24.522+00:00,ASTER,ENTROPY,6.9420,0.1420,1556.18,18.29,1555.1,0.7529,1556.81,1554.9,0.0003266100,0.0000017483,0.2,54.6
2026-09-14T08:38:24.522+00:00,ASTER,HL,8.8710,2.0710,1556.18,20.1,1554.8,21.735,1556.81,1554.7,0.0003266100,0.0000062500,0.3,95.6
2026-09-14T08:38:24.522+00:00,ASTER,ENTROPY,6.9420,0.1420,1556.18,20.1,1555.1,0.7529,1556.81,1554.9,0.0003266100,0.0000017483,0.3,54.7
2026-09-14T08:38:24.523+00:00,ASTER,HL,8.8710,2.0710,1556.18,36.48,1554.8,21.735,1556.81,1554.7,0.0003266100,0.0000062500,0.3,95.6
2026-09-14T08:38:24.523+00:00,ASTER,ENTROPY,6.9420,0.1420,1556.18,36.48,1555.1,0.7529,1556.81,1554.9,0.0003266100,0.0000017483,0.3,54.7
2026-09-14T08:38:24.523+00:00,ASTER,HL,9.9636,3.1636,1556.35,3.04,1554.8,21.735,1556.81,1554.7,0.0003266100,0.0000062500,0.3,95.6
2026-09-14T08:38:24.523+00:00,ASTER,ENTROPY,8.0345,1.2345,1556.35,3.04,1555.1,0.7529,1556.81,1554.9,0.0003266100,0.0000017483,0.3,54.7
2026-09-14T08:38:24.532+00:00,ASTER,HL,9.9636,3.1636,1556.35,3.04,1554.8,21.735,1556.81,1554.7,0.0003266100,0.0000062500,0.1,105.2
2026-09-14T08:38:24.532+00:00,ASTER,ENTROPY,8.0345,1.2345,1556.35,3.04,1555.1,0.7529,1556.81,1554.9,0.0003266100,0.0000017483,0.1,64.3
2026-09-14T08:38:24.536+00:00,ASTER,HL,8.8710,2.0710,1556.18,36.48,1554.8,21.735,1556.81,1554.7,0.0003266100,0.0000062500,0.1,108.4
2026-09-14T08:38:24.536+00:00,ASTER,ENTROPY,6.9420,0.1420,1556.18,36.48,1555.1,0.7529,1556.81,1554.9,0.0003266100,0.0000017483,0.1,67.5
2026-09-14T08:38:24.548+00:00,ASTER,HL,8.8711,2.0711,1556.18,36.48,1554.8,21.735,1556.75,1554.7,0.0003266100,0.0000062500,0.1,121.0
2026-09-14T08:38:24.548+00:00,ASTER,ENTROPY,6.9421,0.1421,1556.18,36.48,1555.1,0.7529,1556.75,1554.9,0.0003266100,0.0000017483,0.1,80.1
2026-09-14T08:38:24.548+00:00,ASTER,HL,10.0279,3.2279,1556.36,3.04,1554.8,21.735,1556.75,1554.7,0.0003266100,0.0000062500,0.2,121.1
2026-09-14T08:38:24.548+00:00,ASTER,ENTROPY,8.0988,1.2988,1556.36,3.04,1555.1,0.7529,1556.75,1554.9,0.0003266100,0.0000017483,0.2,80.2
2026-09-14T08:38:24.597+00:00,ASTER,HL,10.0279,3.2279,1556.36,3.04,1554.8,21.735,1556.75,1554.7,0.0003266100,0.0000062500,49.5,0.2
2026-09-14T08:38:24.635+00:00,ASTER,HL,10.0278,3.2278,1556.36,3.04,1554.8,21.735,1556.81,1554.7,0.0003266100,0.0000062500,0.2,37.5
2026-09-14T08:38:24.635+00:00,ASTER,ENTROPY,8.0988,1.2988,1556.36,3.04,1555.1,0.7529,1556.81,1554.9,0.0003266100,0.0000017483,0.2,166.8
2026-09-14T08:38:24.635+00:00,ASTER,HL,8.8710,2.0710,1556.18,36.48,1554.8,21.735,1556.81,1554.7,0.0003266100,0.0000062500,0.4,37.7
2026-09-14T08:38:24.635+00:00,ASTER,ENTROPY,6.9420,0.1420,1556.18,36.48,1555.1,0.7529,1556.81,1554.9,0.0003266100,0.0000017483,0.4,167.0
2026-09-14T08:38:24.643+00:00,ASTER,HL,8.8710,2.0710,1556.18,36.48,1554.8,21.735,1556.81,1554.7,0.0003266100,0.0000062500,0.1,45.7
2026-09-14T08:38:24.643+00:00,ASTER,ENTROPY,6.9420,0.1420,1556.18,36.48,1555.1,0.7529,1556.81,1554.9,0.0003266100,0.0000017483,0.1,175.0
2026-09-14T08:38:24.643+00:00,ASTER,HL,8.8710,2.0710,1556.18,34.57,1554.8,21.735,1556.81,1554.7,0.0003266100,0.0000062500,0.2,45.8
2026-09-14T08:38:24.643+00:00,ASTER,ENTROPY,6.9420,0.1420,1556.18,34.57,1555.1,0.7529,1556.81,1554.9,0.0003266100,0.0000017483,0.2,175.1
2026-09-14T08:38:24.643+00:00,ASTER,HL,8.8710,2.0710,1556.18,18.19,1554.8,21.735,1556.81,1554.7,0.0003266100,0.0000062500,0.2,45.8
2026-09-14T08:38:24.643+00:00,ASTER,ENTROPY,6.9420,0.1420,1556.18,18.19,1555.1,0.7529,1556.81,1554.9,0.0003266100,0.0000017483,0.2,175.2
2026-09-14T08:38:24.664+00:00,ASTER,HL,8.8710,2.0710,1556.18,18.19,1554.8,21.735,1556.84,1554.7,0.0003266100,0.0000062500,0.1,67.0
2026-09-14T08:38:24.664+00:00,ASTER,ENTROPY,6.9420,0.1420,1556.18,18.19,1555.1,0.7529,1556.84,1554.9,0.0003266100,0.0000017483,0.1,196.3
2026-09-14T08:38:24.664+00:00,ASTER,HL,8.8710,2.0710,1556.18,16.38,1554.8,21.735,1556.84,1554.7,0.0003266100,0.0000062500,0.2,67.1
2026-09-14T08:38:24.664+00:00,ASTER,ENTROPY,6.9420,0.1420,1556.18,16.38,1555.1,0.7529,1556.84,1554.9,0.0003266100,0.0000017483,0.2,196.4
2026-09-14T08:38:24.664+00:00,ASTER,HL,8.5497,1.7497,1556.13,0.01,1554.8,21.735,1556.84,1554.7,0.0003266100,0.0000062500,0.2,67.2
2026-09-14T08:38:24.665+00:00,ASTER,HL,10.2206,3.4206,1556.39,3.04,1554.8,21.735,1556.84,1554.7,0.0003266100,0.0000062500,0.8,67.8
2026-09-14T08:38:24.665+00:00,ASTER,ENTROPY,8.2915,1.4915,1556.39,3.04,1555.1,0.7529,1556.84,1554.9,0.0003266100,0.0000017483,0.8,197.1
2026-09-14T08:38:24.696+00:00,ASTER,HL,10.2206,3.4206,1556.39,3.04,1554.8,21.735,1556.83,1554.7,0.0003266100,0.0000062500,0.1,99.0
2026-09-14T08:38:24.696+00:00,ASTER,ENTROPY,8.2915,1.4915,1556.39,3.04,1555.1,0.7529,1556.83,1554.9,0.0003266100,0.0000017483,0.1,228.3
2026-09-14T08:38:24.734+00:00,ASTER,HL,10.2206,3.4206,1556.39,3.04,1554.8,21.735,1556.84,1554.7,0.0003266100,0.0000062500,0.2,137.3
2026-09-14T08:38:24.734+00:00,ASTER,ENTROPY,8.2915,1.4915,1556.39,3.04,1555.1,0.7529,1556.84,1554.9,0.0003266100,0.0000017483,0.2,266.6
2026-09-14T08:38:24.737+00:00,ASTER,HL,10.2207,3.4207,1556.39,3.04,1554.8,21.735,1556.8,1554.7,0.0003266100,0.0000062500,0.1,139.4
2026-09-14T08:38:24.737+00:00,ASTER,ENTROPY,8.2916,1.4916,1556.39,3.04,1555.1,0.7529,1556.8,1554.9,0.0003266100,0.0000017483,0.1,268.7
2026-09-14T08:38:24.743+00:00,ASTER,HL,10.2207,3.4207,1556.39,3.04,1554.8,21.735,1556.8,1554.7,0.0003266100,0.0000062500,6.2,0.2
2026-09-14T08:38:24.743+00:00,ASTER,ENTROPY,8.9345,2.1345,1556.39,3.04,1555.0,0.358,1556.8,1554.9,0.0003266100,0.0000017483,6.3,0.3
2026-09-14T08:38:24.786+00:00,ASTER,HL,8.9353,2.1353,1556.19,42.79,1554.8,21.735,1556.8,1554.7,0.0003266100,0.0000062500,0.2,43.4
2026-09-14T08:38:24.786+00:00,ASTER,ENTROPY,7.6492,0.8492,1556.19,42.79,1555.0,0.358,1556.8,1554.9,0.0003266100,0.0000017483,0.2,43.3
2026-09-14T08:38:24.786+00:00,ASTER,HL,8.9353,2.1353,1556.19,37.37,1554.8,21.735,1556.8,1554.7,0.0003266100,0.0000062500,0.3,43.5
2026-09-14T08:38:24.786+00:00,ASTER,ENTROPY,7.6492,0.8492,1556.19,37.37,1555.0,0.358,1556.8,1554.9,0.0003266100,0.0000017483,0.3,43.4
2026-09-14T08:38:24.786+00:00,ASTER,HL,8.9353,2.1353,1556.19,20.99,1554.8,21.735,1556.8,1554.7,0.0003266100,0.0000062500,0.3,43.5
2026-09-14T08:38:24.786+00:00,ASTER,ENTROPY,7.6492,0.8492,1556.19,20.99,1555.0,0.358,1556.8,1554.9,0.0003266100,0.0000017483,0.3,43.5
2026-09-14T08:38:24.787+00:00,ASTER,HL,8.9353,2.1353,1556.19,16.38,1554.8,21.735,1556.8,1554.7,0.0003266100,0.0000062500,1.0,44.3
2026-09-14T08:38:24.787+00:00,ASTER,ENTROPY,7.6492,0.8492,1556.19,16.38,1555.0,0.358,1556.8,1554.9,0.0003266100,0.0000017483,1.0,44.2
2026-09-14T08:38:24.787+00:00,ASTER,HL,8.5497,1.7497,1556.13,0.01,1554.8,21.735,1556.8,1554.7,0.0003266100,0.0000062500,1.1,44.3
2026-09-14T08:38:24.787+00:00,ASTER,ENTROPY,7.2636,0.4636,1556.13,0.01,1555.0,0.358,1556.8,1554.9,0.0003266100,0.0000017483,1.1,44.3
2026-09-14T08:38:24.798+00:00,ASTER,HL,8.8711,2.0711,1556.18,2.03,1554.8,21.735,1556.8,1554.7,0.0003266100,0.0000062500,0.2,55.4
2026-09-14T08:38:24.798+00:00,ASTER,ENTROPY,7.5849,0.7849,1556.18,2.03,1555.0,0.358,1556.8,1554.9,0.0003266100,0.0000017483,0.2,55.4
2026-09-14T08:38:24.798+00:00,ASTER,HL,8.8711,2.0711,1556.18,18.41,1554.8,21.735,1556.8,1554.7,0.0003266100,0.0000062500,0.4,55.6
2026-09-14T08:38:24.798+00:00,ASTER,ENTROPY,7.5849,0.7849,1556.18,18.41,1555.0,0.358,1556.8,1554.9,0.0003266100,0.0000017483,0.4,55.6
2026-09-14T08:38:24.834+00:00,ASTER,HL,8.8711,2.0711,1556.18,20.44,1554.8,21.735,1556.8,1554.7,0.0003266100,0.0000062500,0.2,92.5
2026-09-14T08:38:24.834+00:00,ASTER,ENTROPY,7.5849,0.7849,1556.18,20.44,1555.0,0.358,1556.8,1554.9,0.0003266100,0.0000017483,0.2,92.5
2026-09-14T08:38:24.835+00:00,ASTER,HL,8.8711,2.0711,1556.18,36.82,1554.8,21.735,1556.8,1554.7,0.0003266100,0.0000062500,0.5,92.8
2026-09-14T08:38:24.835+00:00,ASTER,ENTROPY,7.5849,0.7849,1556.18,36.82,1555.0,0.358,1556.8,1554.9,0.0003266100,0.0000017483,0.5,92.8
2026-09-14T08:38:24.868+00:00,ASTER,HL,8.8711,2.0711,1556.18,36.82,1554.8,23.305,1556.8,1554.7,0.0003266100,0.0000062500,33.4,0.2
2026-09-14T08:38:24.888+00:00,ASTER,HL,8.8711,2.0711,1556.18,36.82,1554.8,23.305,1556.79,1554.7,0.0003266100,0.0000062500,0.2,19.7
2026-09-14T08:38:24.888+00:00,ASTER,ENTROPY,7.5849,0.7849,1556.18,36.82,1555.0,0.358,1556.79,1554.9,0.0003266100,0.0000017483,0.2,145.1
2026-09-14T08:38:24.888+00:00,ASTER,HL,9.2567,2.4567,1556.24,3.04,1554.8,23.305,1556.79,1554.7,0.0003266100,0.0000062500,0.3,19.8
2026-09-14T08:38:24.888+00:00,ASTER,ENTROPY,7.9705,1.1705,1556.24,3.04,1555.0,0.358,1556.79,1554.9,0.0003266100,0.0000017483,0.3,145.2
2026-09-14T08:38:24.932+00:00,ASTER,HL,8.8711,2.0711,1556.18,36.82,1554.8,23.305,1556.79,1554.7,0.0003266100,0.0000062500,0.1,63.9
2026-09-14T08:38:24.932+00:00,ASTER,ENTROPY,7.5849,0.7849,1556.18,36.82,1555.0,0.358,1556.79,1554.9,0.0003266100,0.0000017483,0.1,189.3
2026-09-14T08:38:24.950+00:00,ASTER,HL,9.3210,2.5210,1556.25,3.04,1554.8,23.305,1556.79,1554.7,0.0003266100,0.0000062500,0.2,82.3
2026-09-14T08:38:24.950+00:00,ASTER,ENTROPY,8.0348,1.2348,1556.25,3.04,1555.0,0.358,1556.79,1554.9,0.0003266100,0.0000017483,0.2,207.8
2026-09-14T08:38:25.035+00:00,ASTER,HL,8.8711,2.0711,1556.18,36.82,1554.8,23.305,1556.79,1554.7,0.0003266100,0.0000062500,0.2,167.2
2026-09-14T08:38:25.035+00:00,ASTER,ENTROPY,7.5849,0.7849,1556.18,36.82,1555.0,0.358,1556.79,1554.9,0.0003266100,0.0000017483,0.2,292.6
2026-09-14T08:38:25.045+00:00,ASTER,HL,9.5780,2.7780,1556.29,3.04,1554.8,23.305,1556.79,1554.7,0.0003266100,0.0000062500,0.2,177.5
2026-09-14T08:38:25.045+00:00,ASTER,ENTROPY,8.2918,1.4918,1556.29,3.04,1555.0,0.358,1556.79,1554.9,0.0003266100,0.0000017483,0.2,302.9
2026-09-14T08:38:25.079+00:00,ASTER,HL,8.8711,2.0711,1556.18,36.82,1554.8,23.305,1556.79,1554.7,0.0003266100,0.0000062500,0.2,211.2
2026-09-14T08:38:25.079+00:00,ASTER,ENTROPY,7.5849,0.7849,1556.18,36.82,1555.0,0.358,1556.79,1554.9,0.0003266100,0.0000017483,0.2,336.6
2026-09-14T08:38:25.092+00:00,ASTER,HL,9.7066,2.9066,1556.31,3.04,1554.8,23.305,1556.79,1554.7,0.0003266100,0.0000062500,0.1,223.6
2026-09-14T08:38:25.092+00:00,ASTER,ENTROPY,8.4204,1.6204,1556.31,3.04,1555.0,0.358,1556.79,1554.9,0.0003266100,0.0000017483,0.1,349.1
2026-09-14T08:38:25.092+00:00,ASTER,HL,9.8351,3.0351,1556.33,3.04,1554.8,23.305,1556.79,1554.7,0.0003266100,0.0000062500,0.2,223.8
2026-09-14T08:38:25.092+00:00,ASTER,ENTROPY,8.5489,1.7489,1556.33,3.04,1555.0,0.358,1556.79,1554.9,0.0003266100,0.0000017483,0.2,349.2
2026-09-14T08:38:25.092+00:00,ASTER,HL,10.0279,3.2279,1556.36,3.04,1554.8,23.305,1556.79,1554.7,0.0003266100,0.0000062500,0.3,223.8
2026-09-14T08:38:25.092+00:00,ASTER,ENTROPY,8.7417,1.9417,1556.36,3.04,1555.0,0.358,1556.79,1554.9,0.0003266100,0.0000017483,0.3,349.2
2026-09-14T08:38:25.134+00:00,ASTER,HL,9.8351,3.0351,1556.33,3.04,1554.8,23.305,1556.79,1554.7,0.0003266100,0.0000062500,0.4,265.2
2026-09-14T08:38:25.134+00:00,ASTER,ENTROPY,8.5489,1.7489,1556.33,3.04,1555.0,0.358,1556.79,1554.9,0.0003266100,0.0000017483,0.4,390.7
2026-09-14T08:38:25.145+00:00,ASTER,HL,10.0921,3.2921,1556.37,3.04,1554.8,23.305,1556.79,1554.7,0.0003266100,0.0000062500,0.2,277.1
2026-09-14T08:38:25.145+00:00,ASTER,ENTROPY,8.8060,2.0060,1556.37,3.04,1555.0,0.358,1556.79,1554.9,0.0003266100,0.0000017483,0.2,402.5
2026-09-14T08:38:25.223+00:00,ASTER,HL,10.0921,3.2921,1556.37,3.04,1554.8,23.305,1556.79,1554.7,0.0003266100,0.0000062500,78.3,0.3
2026-09-14T08:38:25.227+00:00,ASTER,HL,10.0921,3.2921,1556.37,3.04,1554.8,23.305,1556.81,1554.7,0.0003266100,0.0000062500,0.2,3.5
2026-09-14T08:38:25.227+00:00,ASTER,ENTROPY,8.8059,2.0059,1556.37,3.04,1555.0,0.358,1556.81,1554.9,0.0003266100,0.0000017483,0.2,483.8
2026-09-14T08:38:25.256+00:00,ASTER,HL,8.8710,2.0710,1556.18,36.82,1554.8,23.305,1556.81,1554.7,0.0003266100,0.0000062500,0.2,33.7
2026-09-14T08:38:25.256+00:00,ASTER,ENTROPY,7.5849,0.7849,1556.18,36.82,1555.0,0.358,1556.81,1554.9,0.0003266100,0.0000017483,0.2,513.9
2026-09-14T08:38:25.256+00:00,ASTER,HL,8.8710,2.0710,1556.18,36.82,1554.8,23.305,1556.81,1554.7,0.0003266100,0.0000062500,0.4,33.9
2026-09-14T08:38:25.256+00:00,ASTER,ENTROPY,7.5849,0.7849,1556.18,36.82,1555.0,0.358,1556.81,1554.9,0.0003266100,0.0000017483,0.4,514.2
2026-09-14T08:38:25.256+00:00,ASTER,HL,8.8710,2.0710,1556.18,34.79,1554.8,23.305,1556.81,1554.7,0.0003266100,0.0000062500,0.4,34.0
2026-09-14T08:38:25.256+00:00,ASTER,ENTROPY,7.5849,0.7849,1556.18,34.79,1555.0,0.358,1556.81,1554.9,0.0003266100,0.0000017483,0.4,514.2
2026-09-14T08:38:25.256+00:00,ASTER,HL,8.8710,2.0710,1556.18,18.41,1554.8,23.305,1556.81,1554.7,0.0003266100,0.0000062500,0.6,34.2
2026-09-14T08:38:25.256+00:00,ASTER,ENTROPY,7.5849,0.7849,1556.18,18.41,1555.0,0.358,1556.81,1554.9,0.0003266100,0.0000017483,0.6,514.4
2026-09-14T08:38:25.256+00:00,ASTER,HL,8.8710,2.0710,1556.18,18.41,1554.8,23.305,1556.84,1554.7,0.0003266100,0.0000062500,0.7,34.2
2026-09-14T08:38:25.256+00:00,ASTER,ENTROPY,7.5849,0.7849,1556.18,18.41,1555.0,0.358,1556.84,1554.9,0.0003266100,0.0000017483,0.7,514.4
2026-09-14T08:38:25.256+00:00,ASTER,HL,8.8710,2.0710,1556.18,16.38,1554.8,23.305,1556.84,1554.7,0.0003266100,0.0000062500,0.7,34.2
2026-09-14T08:38:25.256+00:00,ASTER,ENTROPY,7.5849,0.7849,1556.18,16.38,1555.0,0.358,1556.84,1554.9,0.0003266100,0.0000017483,0.7,514.5
2026-09-14T08:38:25.256+00:00,ASTER,HL,8.5497,1.7497,1556.13,0.01,1554.8,23.305,1556.84,1554.7,0.0003266100,0.0000062500,0.7,34.3
2026-09-14T08:38:25.256+00:00,ASTER,ENTROPY,7.2635,0.4635,1556.13,0.01,1555.0,0.358,1556.84,1554.9,0.0003266100,0.0000017483,0.7,514.5
2026-09-14T08:38:25.257+00:00,ASTER,HL,10.2849,3.4849,1556.4,3.04,1554.8,23.305,1556.84,1554.7,0.0003266100,0.0000062500,0.8,34.3
2026-09-14T08:38:25.257+00:00,ASTER,ENTROPY,8.9987,2.1987,1556.4,3.04,1555.0,0.358,1556.84,1554.9,0.0003266100,0.0000017483,0.8,514.5
2026-09-14T08:38:25.305+00:00,ASTER,HL,10.2849,3.4849,1556.4,3.04,1554.8,22.735,1556.84,1554.7,0.0003266100,0.0000062500,48.9,0.2
2026-09-14T08:38:25.338+00:00,ASTER,HL,9.3851,2.5851,1556.26,51.82,1554.8,22.735,1556.84,1554.7,0.0003266100,0.0000062500,0.2,32.4
2026-09-14T08:38:25.338+00:00,ASTER,ENTROPY,8.0990,1.2990,1556.26,51.82,1555.0,0.358,1556.84,1554.9,0.0003266100,0.0000017483,0.2,594.9
2026-09-14T08:38:25.345+00:00,ASTER,HL,10.5419,3.7419,1556.44,3.04,1554.8,22.735,1556.84,1554.7,0.0003266100,0.0000062500,0.2,40.0
2026-09-14T08:38:25.345+00:00,ASTER,ENTROPY,9.2557,2.4557,1556.44,3.04,1555.0,0.358,1556.84,1554.9,0.0003266100,0.0000017483,0.2,602.4
2026-09-14T08:38:25.382+00:00,ASTER,HL,9.3851,2.5851,1556.26,51.82,1554.8,22.735,1556.84,1554.7,0.0003266100,0.0000062500,0.2,77.2
2026-09-14T08:38:25.382+00:00,ASTER,ENTROPY,8.0990,1.2990,1556.26,51.82,1555.0,0.358,1556.84,1554.9,0.0003266100,0.0000017483,0.2,639.7
2026-09-14T08:38:25.392+00:00,ASTER,HL,10.7990,3.9990,1556.48,3.04,1554.8,22.735,1556.84,1554.7,0.0003266100,0.0000062500,0.2,87.4
2026-09-14T08:38:25.392+00:00,ASTER,ENTROPY,9.5128,2.7128,1556.48,3.04,1555.0,0.358,1556.84,1554.9,0.0003266100,0.0000017483,0.2,649.9
2026-09-14T08:38:25.432+00:00,ASTER,ENTROPY,9.5128,2.7128,1556.48,3.04,1555.0,0.178,1556.84,1554.9,0.0003266100,0.0000017483,40.7,0.2
2026-09-14T08:38:25.522+00:00,ASTER,HL,10.7990,3.9990,1556.48,3.04,1554.8,1.0,1556.84,1554.7,0.0003266100,0.0000062500,129.4,0.3
2026-09-14T08:38:25.522+00:00,ASTER,ENTROPY,8.8699,2.0699,1556.48,3.04,1555.1,0.2109,1556.84,1554.9,0.0003266100,0.0000017483,129.6,0.5
2026-09-14T08:38:25.641+00:00,ASTER,HL,10.7990,3.9990,1556.48,3.04,1554.8,1.0,1556.84,1554.7,0.0003266100,0.0000062500,248.4,0.3
2026-09-14T08:38:25.879+00:00,ASTER,HL,10.1560,3.3560,1556.48,3.04,1554.9,1.0,1556.84,1554.7,0.0003266100,0.0000062500,487.2,0.3
2026-09-14T08:38:25.879+00:00,ASTER,ENTROPY,8.8699,2.0699,1556.48,3.04,1555.1,0.2109,1556.84,1554.9,0.0003266100,0.0000017483,487.4,0.4
2026-09-14T08:38:25.883+00:00,ASTER,HL,8.7422,1.9422,1556.26,51.82,1554.9,1.0,1556.84,1554.7,0.0003266100,0.0000062500,0.1,3.7
2026-09-14T08:38:25.883+00:00,ASTER,ENTROPY,7.4561,0.6561,1556.26,51.82,1555.1,0.2109,1556.84,1554.9,0.0003266100,0.0000017483,0.1,3.7
2026-09-14T08:38:25.948+00:00,ASTER,HL,9.4491,2.6491,1556.37,3.04,1554.9,1.0,1556.84,1554.7,0.0003266100,0.0000062500,0.2,68.9
2026-09-14T08:38:25.948+00:00,ASTER,ENTROPY,8.1630,1.3630,1556.37,3.04,1555.1,0.2109,1556.84,1554.9,0.0003266100,0.0000017483,0.2,68.8
2026-09-14T08:38:26.037+00:00,ASTER,HL,9.4490,2.6490,1556.37,3.04,1554.9,1.0,1556.84,1554.8,0.0003266100,0.0000062500,89.2,0.3
2026-09-14T08:38:26.174+00:00,ASTER,HL,9.4490,2.6490,1556.37,3.04,1554.9,2.549,1556.84,1554.8,0.0003266100,0.0000062500,226.3,0.3
2026-09-14T08:38:26.174+00:00,ASTER,ENTROPY,8.8059,2.0059,1556.37,3.04,1555.0,0.1652,1556.84,1554.9,0.0003266100,0.0000017483,226.4,0.4
2026-09-14T08:38:26.303+00:00,ASTER,HL,9.4491,2.6491,1556.37,3.04,1554.9,2.549,1556.84,1554.7,0.0003266100,0.0000062500,355.1,0.3
2026-09-14T08:38:26.318+00:00,ASTER,HL,9.4491,2.6491,1556.37,3.04,1554.9,6.619,1556.84,1554.7,0.0003266100,0.0000062500,369.8,0.2
2026-09-14T08:38:26.318+00:00,ASTER,ENTROPY,8.8059,2.0059,1556.37,3.04,1555.0,0.1652,1556.84,1554.9,0.0003266100,0.0000017483,369.9,0.3
2026-09-14T08:38:26.329+00:00,ASTER,HL,8.7422,1.9422,1556.26,51.82,1554.9,6.619,1556.84,1554.7,0.0003266100,0.0000062500,0.2,10.9
2026-09-14T08:38:26.329+00:00,ASTER,ENTROPY,8.0990,1.2990,1556.26,51.82,1555.0,0.1652,1556.84,1554.9,0.0003266100,0.0000017483,0.2,10.9
2026-09-14T08:38:26.339+00:00,ASTER,HL,8.7422,1.9422,1556.26,42.29,1554.9,6.619,1556.84,1554.7,0.0003266100,0.0000062500,0.1,20.8
2026-09-14T08:38:26.339+00:00,ASTER,ENTROPY,8.0990,1.2990,1556.26,42.29,1555.0,0.1652,1556.84,1554.9,0.0003266100,0.0000017483,0.1,20.8
2026-09-14T08:38:26.339+00:00,ASTER,HL,8.7422,1.9422,1556.26,25.91,1554.9,6.619,1556.84,1554.7,0.0003266100,0.0000062500,0.2,21.0
2026-09-14T08:38:26.339+00:00,ASTER,ENTROPY,8.0990,1.2990,1556.26,25.91,1555.0,0.1652,1556.84,1554.9,0.0003266100,0.0000017483,0.2,21.0
2026-09-14T08:38:26.344+00:00,ASTER,HL,8.7422,1.9422,1556.26,16.38,1554.9,6.619,1556.84,1554.7,0.0003266100,0.0000062500,0.1,26.5
2026-09-14T08:38:26.344+00:00,ASTER,ENTROPY,8.0990,1.2990,1556.26,16.38,1555.0,0.1652,1556.84,1554.9,0.0003266100,0.0000017483,0.1,26.5
2026-09-14T08:38:26.344+00:00,ASTER,HL,8.2923,1.4923,1556.19,0.04,1554.9,6.619,1556.84,1554.7,0.0003266100,0.0000062500,0.2,26.6
2026-09-14T08:38:26.344+00:00,ASTER,ENTROPY,7.6491,0.8491,1556.19,0.04,1555.0,0.1652,1556.84,1554.9,0.0003266100,0.0000017483,0.2,26.6
2026-09-14T08:38:26.366+00:00,ASTER,HL,8.2923,1.4923,1556.19,0.04,1554.9,6.619,1556.82,1554.7,0.0003266100,0.0000062500,0.3,48.1
2026-09-14T08:38:26.366+00:00,ASTER,ENTROPY,7.6492,0.8492,1556.19,0.04,1555.0,0.1652,1556.82,1554.9,0.0003266100,0.0000017483,0.3,48.1
2026-09-14T08:38:26.366+00:00,ASTER,HL,8.2923,1.4923,1556.19,17.23,1554.9,6.619,1556.82,1554.7,0.0003266100,0.0000062500,0.4,48.3
2026-09-14T08:38:26.366+00:00,ASTER,ENTROPY,7.6492,0.8492,1556.19,17.23,1555.0,0.1652,1556.82,1554.9,0.0003266100,0.0000017483,0.4,48.3
2026-09-14T08:38:26.366+00:00,ASTER,HL,8.2923,1.4923,1556.19,17.23,1554.9,6.619,1556.82,1554.7,0.0003266100,0.0000062500,0.5,48.4
2026-09-14T08:38:26.366+00:00,ASTER,ENTROPY,7.6492,0.8492,1556.19,17.23,1555.0,0.1652,1556.82,1554.9,0.0003266100,0.0000017483,0.5,48.3
2026-09-14T08:38:26.366+00:00,ASTER,HL,8.2923,1.4923,1556.19,33.61,1554.9,6.619,1556.82,1554.7,0.0003266100,0.0000062500,0.5,48.4
2026-09-14T08:38:26.366+00:00,ASTER,ENTROPY,7.6492,0.8492,1556.19,33.61,1555.0,0.1652,1556.82,1554.9,0.0003266100,0.0000017483,0.5,48.4
2026-09-14T08:38:26.366+00:00,ASTER,HL,8.2923,1.4923,1556.19,33.61,1554.9,6.619,1556.82,1554.7,0.0003266100,0.0000062500,0.6,48.4
2026-09-14T08:38:26.366+00:00,ASTER,ENTROPY,7.6492,0.8492,1556.19,33.61,1555.0,0.1652,1556.82,1554.9,0.0003266100,0.0000017483,0.6,48.4
2026-09-14T08:38:26.366+00:00,ASTER,HL,8.2923,1.4923,1556.19,50.8,1554.9,6.619,1556.82,1554.7,0.0003266100,0.0000062500,0.6,48.5
2026-09-14T08:38:26.366+00:00,ASTER,ENTROPY,7.6492,0.8492,1556.19,50.8,1555.0,0.1652,1556.82,1554.9,0.0003266100,0.0000017483,0.6,48.4
2026-09-14T08:38:26.366+00:00,ASTER,HL,8.2923,1.4923,1556.19,67.18,1554.9,6.619,1556.82,1554.7,0.0003266100,0.0000062500,0.6,48.5
2026-09-14T08:38:26.366+00:00,ASTER,ENTROPY,7.6492,0.8492,1556.19,67.18,1555.0,0.1652,1556.82,1554.9,0.0003266100,0.0000017483,0.6,48.5
2026-09-14T08:38:26.366+00:00,ASTER,HL,8.2923,1.4923,1556.19,67.18,1554.9,6.619,1556.82,1554.7,0.0003266100,0.0000062500,0.7,48.5
2026-09-14T08:38:26.366+00:00,ASTER,ENTROPY,7.6492,0.8492,1556.19,67.18,1555.0,0.1652,1556.82,1554.9,0.0003266100,0.0000017483,0.7,48.5
2026-09-14T08:38:26.436+00:00,ASTER,HL,8.2924,1.4924,1556.19,67.18,1554.9,6.619,1556.8,1554.7,0.0003266100,0.0000062500,0.3,117.9
2026-09-14T08:38:26.436+00:00,ASTER,ENTROPY,7.6492,0.8492,1556.19,67.18,1555.0,0.1652,1556.8,1554.9,0.0003266100,0.0000017483,0.3,117.9
2026-09-14T08:38:26.436+00:00,ASTER,HL,8.4209,1.6209,1556.21,3.04,1554.9,6.619,1556.8,1554.7,0.0003266100,0.0000062500,0.4,118.1
2026-09-14T08:38:26.436+00:00,ASTER,ENTROPY,7.7777,0.9777,1556.21,3.04,1555.0,0.1652,1556.8,1554.9,0.0003266100,0.0000017483,0.4,118.1
2026-09-14T08:38:26.450+00:00,ASTER,HL,8.4208,1.6208,1556.21,3.04,1554.9,6.619,1556.8,1554.8,0.0003266100,0.0000062500,14.5,0.5
2026-09-14T08:38:26.465+00:00,ASTER,HL,8.4208,1.6208,1556.21,3.04,1554.9,5.07,1556.8,1554.8,0.0003266100,0.0000062500,30.2,0.2
2026-09-14T08:38:26.539+00:00,ASTER,HL,8.2922,1.4922,1556.19,67.18,1554.9,5.07,1556.8,1554.8,0.0003266100,0.0000062500,0.2,74.0
2026-09-14T08:38:26.539+00:00,ASTER,ENTROPY,7.6492,0.8492,1556.19,67.18,1555.0,0.1652,1556.8,1554.9,0.0003266100,0.0000017483,0.2,221.7
2026-09-14T08:38:26.547+00:00,ASTER,HL,8.4850,1.6850,1556.22,3.04,1554.9,5.07,1556.8,1554.8,0.0003266100,0.0000062500,0.2,81.5
2026-09-14T08:38:26.547+00:00,ASTER,ENTROPY,7.8420,1.0420,1556.22,3.04,1555.0,0.1652,1556.8,1554.9,0.0003266100,0.0000017483,0.2,229.2
2026-09-14T08:38:26.590+00:00,ASTER,HL,8.4851,1.6851,1556.22,3.04,1554.9,5.07,1556.74,1554.8,0.0003266100,0.0000062500,0.2,125.0
2026-09-14T08:38:26.590+00:00,ASTER,ENTROPY,7.8421,1.0421,1556.22,3.04,1555.0,0.1652,1556.74,1554.9,0.0003266100,0.0000017483,0.2,272.7
2026-09-14T08:38:26.590+00:00,ASTER,HL,8.4851,1.6851,1556.22,3.04,1554.9,5.07,1556.74,1554.8,0.0003266100,0.0000062500,0.4,125.2
2026-09-14T08:38:26.590+00:00,ASTER,ENTROPY,7.8421,1.0421,1556.22,3.04,1555.0,0.1652,1556.74,1554.9,0.0003266100,0.0000017483,0.4,272.9
2026-09-14T08:38:26.652+00:00,ASTER,HL,9.1282,2.3282,1556.22,3.04,1554.8,1.0,1556.74,1554.7,0.0003266100,0.0000062500,61.8,0.2
2026-09-14T08:38:26.652+00:00,ASTER,ENTROPY,7.8421,1.0421,1556.22,3.04,1555.0,0.1652,1556.74,1554.9,0.0003266100,0.0000017483,61.9,0.3
2026-09-14T08:38:26.691+00:00,ASTER,HL,9.1282,2.3282,1556.22,3.04,1554.8,1.0,1556.73,1554.7,0.0003266100,0.0000062500,0.3,39.5
2026-09-14T08:38:26.691+00:00,ASTER,ENTROPY,7.8421,1.0421,1556.22,3.04,1555.0,0.1652,1556.73,1554.9,0.0003266100,0.0000017483,0.3,39.5
2026-09-14T08:38:26.777+00:00,ASTER,HL,9.1284,2.3284,1556.22,3.04,1554.8,1.0,1556.73,1554.6,0.0003266100,0.0000062500,86.2,0.3
2026-09-14T08:38:26.777+00:00,ASTER,ENTROPY,7.8421,1.0421,1556.22,3.04,1555.0,0.178,1556.73,1554.9,0.0003266100,0.0000017626,86.4,0.4
2026-09-14T08:38:26.831+00:00,ASTER,HL,8.5499,1.7499,1556.13,0.01,1554.8,1.0,1556.73,1554.6,0.0003266100,0.0000062500,0.2,53.7
2026-09-14T08:38:26.831+00:00,ASTER,ENTROPY,7.2637,0.4637,1556.13,0.01,1555.0,0.178,1556.73,1554.9,0.0003266100,0.0000017626,0.2,53.7
2026-09-14T08:38:26.833+00:00,ASTER,HL,8.5499,1.7499,1556.13,0.01,1554.8,1.0,1556.73,1554.6,0.0003266100,0.0000062500,3.0,0.2
2026-09-14T08:38:26.842+00:00,ASTER,HL,9.2569,2.4569,1556.24,3.04,1554.8,1.0,1556.73,1554.6,0.0003266100,0.0000062500,0.1,8.8
2026-09-14T08:38:26.842+00:00,ASTER,ENTROPY,7.9706,1.1706,1556.24,3.04,1555.0,0.178,1556.73,1554.9,0.0003266100,0.0000017626,0.1,65.1
2026-09-14T08:38:26.971+00:00,ASTER,HL,9.8999,3.0999,1556.24,3.04,1554.7,0.866,1556.73,1554.6,0.0003266100,0.0000062500,129.1,0.3
2026-09-14T08:38:26.971+00:00,ASTER,ENTROPY,7.9706,1.1706,1556.24,3.04,1555.0,0.3493,1556.73,1554.9,0.0003266100,0.0000017626,129.2,0.4
2026-09-14T08:38:26.982+00:00,ASTER,HL,9.8999,3.0999,1556.24,3.04,1554.7,0.866,1556.73,1554.6,0.0003266100,0.0000062500,139.9,0.2
2026-09-14T08:38:27.056+00:00,ASTER,HL,9.8999,3.0999,1556.24,3.04,1554.7,0.866,1556.73,1554.6,0.0003266100,0.0000062500,214.6,0.3
2026-09-14T08:38:27.056+00:00,ASTER,ENTROPY,7.9706,1.1706,1556.24,3.04,1555.0,0.7171,1556.73,1554.9,0.0003266100,0.0000017626,214.8,0.5
2026-09-14T08:38:27.183+00:00,ASTER,HL,9.2569,2.4569,1556.24,3.04,1554.8,11.978,1556.73,1554.6,0.0003266100,0.0000062500,341.3,0.2
2026-09-14T08:38:27.183+00:00,ASTER,HL,8.4214,1.6214,1556.11,52.08,1554.8,11.978,1556.73,1554.6,0.0003266100,0.0000062500,0.3,0.4
2026-09-14T08:38:27.183+00:00,ASTER,ENTROPY,7.1351,0.3351,1556.11,52.08,1555.0,0.7171,1556.73,1554.9,0.0003266100,0.0000017626,0.3,127.1
2026-09-14T08:38:27.191+00:00,ASTER,HL,8.4214,1.6214,1556.11,34.98,1554.8,11.978,1556.73,1554.6,0.0003266100,0.0000062500,0.1,8.0
2026-09-14T08:38:27.191+00:00,ASTER,ENTROPY,7.1351,0.3351,1556.11,34.98,1555.0,0.7171,1556.73,1554.9,0.0003266100,0.0000017626,0.1,134.7
2026-09-14T08:38:27.191+00:00,ASTER,HL,8.4214,1.6214,1556.11,18.6,1554.8,11.978,1556.73,1554.6,0.0003266100,0.0000062500,0.2,8.1
2026-09-14T08:38:27.191+00:00,ASTER,ENTROPY,7.1351,0.3351,1556.11,18.6,1555.0,0.7171,1556.73,1554.9,0.0003266100,0.0000017626,0.2,134.8
2026-09-14T08:38:27.191+00:00,ASTER,HL,8.4214,1.6214,1556.11,16.38,1554.8,11.978,1556.73,1554.6,0.0003266100,0.0000062500,0.2,8.2
2026-09-14T08:38:27.191+00:00,ASTER,ENTROPY,7.1351,0.3351,1556.11,16.38,1555.0,0.7171,1556.73,1554.9,0.0003266100,0.0000017626,0.2,134.9
2026-09-14T08:38:27.191+00:00,ASTER,HL,7.8429,1.0429,1556.02,0.82,1554.8,11.978,1556.73,1554.6,0.0003266100,0.0000062500,0.2,8.2
2026-09-14T08:38:27.216+00:00,ASTER,HL,7.8429,1.0429,1556.02,0.82,1554.8,11.978,1556.73,1554.6,0.0003266100,0.0000062500,0.3,33.1
2026-09-14T08:38:27.216+00:00,ASTER,HL,8.3571,1.5571,1556.1,17.07,1554.8,11.978,1556.73,1554.6,0.0003266100,0.0000062500,0.4,33.3
2026-09-14T08:38:27.216+00:00,ASTER,ENTROPY,7.0709,0.2709,1556.1,17.07,1555.0,0.7171,1556.73,1554.9,0.0003266100,0.0000017626,0.4,160.0
2026-09-14T08:38:27.216+00:00,ASTER,HL,8.3571,1.5571,1556.1,17.07,1554.8,11.978,1556.73,1554.6,0.0003266100,0.0000062500,0.5,33.3
2026-09-14T08:38:27.216+00:00,ASTER,ENTROPY,7.0709,0.2709,1556.1,17.07,1555.0,0.7171,1556.73,1554.9,0.0003266100,0.0000017626,0.5,160.0
2026-09-14T08:38:27.216+00:00,ASTER,HL,8.3571,1.5571,1556.1,33.45,1554.8,11.978,1556.73,1554.6,0.0003266100,0.0000062500,0.5,33.4
2026-09-14T08:38:27.216+00:00,ASTER,ENTROPY,7.0709,0.2709,1556.1,33.45,1555.0,0.7171,1556.73,1554.9,0.0003266100,0.0000017626,0.5,160.1
2026-09-14T08:38:27.216+00:00,ASTER,HL,9.3855,2.5855,1556.26,3.04,1554.8,11.978,1556.73,1554.6,0.0003266100,0.0000062500,0.6,33.4
2026-09-14T08:38:27.216+00:00,ASTER,ENTROPY,8.0991,1.2991,1556.26,3.04,1555.0,0.7171,1556.73,1554.9,0.0003266100,0.0000017626,0.6,160.1
2026-09-14T08:38:27.217+00:00,ASTER,HL,9.3855,2.5855,1556.26,3.04,1554.8,11.978,1556.73,1554.6,0.0003266100,0.0000062500,0.6,33.5
2026-09-14T08:38:27.217+00:00,ASTER,ENTROPY,8.0991,1.2991,1556.26,3.04,1555.0,0.7171,1556.73,1554.9,0.0003266100,0.0000017626,0.6,160.2
2026-09-14T08:38:27.217+00:00,ASTER,HL,9.3855,2.5855,1556.26,3.04,1554.8,11.978,1556.73,1554.6,0.0003266100,0.0000062500,0.6,33.5
2026-09-14T08:38:27.217+00:00,ASTER,ENTROPY,8.0991,1.2991,1556.26,3.04,1555.0,0.7171,1556.73,1554.9,0.0003266100,0.0000017626,0.6,160.2
2026-09-14T08:38:27.293+00:00,ASTER,HL,9.3855,2.5855,1556.26,3.04,1554.8,11.978,1556.72,1554.6,0.0003266100,0.0000062500,0.2,109.9
2026-09-14T08:38:27.293+00:00,ASTER,ENTROPY,8.0991,1.2991,1556.26,3.04,1555.0,0.7171,1556.72,1554.9,0.0003266100,0.0000017626,0.2,236.6
2026-09-14T08:38:27.293+00:00,ASTER,HL,9.3855,2.5855,1556.26,3.04,1554.8,11.978,1556.71,1554.6,0.0003266100,0.0000062500,0.3,110.1
2026-09-14T08:38:27.293+00:00,ASTER,ENTROPY,8.0992,1.2992,1556.26,3.04,1555.0,0.7171,1556.71,1554.9,0.0003266100,0.0000017626,0.3,236.8
2026-09-14T08:38:27.310+00:00,ASTER,HL,9.3853,2.5853,1556.26,3.04,1554.8,11.373,1556.71,1554.7,0.0003266100,0.0000062500,16.9,0.2
2026-09-14T08:38:27.504+00:00,ASTER,HL,9.3853,2.5853,1556.26,3.04,1554.8,2.627,1556.71,1554.7,0.0003266100,0.0000062500,211.6,0.3
2026-09-14T08:38:27.505+00:00,ASTER,ENTROPY,8.0992,1.2992,1556.26,3.04,1555.0,0.7171,1556.71,1554.9,0.0003266100,0.0000017626,211.7,0.4
2026-09-14T08:38:27.606+00:00,ASTER,HL,9.3853,2.5853,1556.26,3.04,1554.8,3.27,1556.71,1554.7,0.0003266100,0.0000062500,313.4,0.3
2026-09-14T08:38:27.671+00:00,ASTER,HL,9.3853,2.5853,1556.26,3.04,1554.8,2.509,1556.71,1554.7,0.0003266100,0.0000062500,378.3,0.3
2026-09-14T08:38:27.871+00:00,ASTER,HL,9.3853,2.5853,1556.26,3.04,1554.8,10.975,1556.71,1554.7,0.0003266100,0.0000062500,578.4,0.3
2026-09-14T08:38:28.309+00:00,ASTER,HL,9.3853,2.5853,1556.26,3.04,1554.8,11.618,1556.71,1554.7,0.0003266100,0.0000062500,1016.2,0.3
2026-09-14T08:38:28.552+00:00,ASTER,ENTROPY,8.0992,1.2992,1556.26,3.04,1555.0,0.7171,1556.71,1554.9,0.0003266100,0.0000017626,1259.5,0.3
2026-09-14T08:38:28.974+00:00,ASTER,ENTROPY,8.0992,1.2992,1556.26,3.04,1555.0,0.7171,1556.71,1554.9,0.0003266100,0.0000017626,1681.7,0.3
2026-09-14T08:38:29.126+00:00,ASTER,ENTROPY,8.0992,1.2992,1556.26,3.04,1555.0,0.7171,1556.71,1554.9,0.0003266100,0.0000017626,1833.1,0.3
2026-09-14T08:38:31.833+00:00,ASTER,ENTROPY,7.0709,0.2709,1556.1,66.9,1555.0,0.7555,1556.71,1554.9,0.0003266100,0.0000017626,0.2,1520.5
2026-09-14T08:38:31.843+00:00,ASTER,ENTROPY,7.0709,0.2709,1556.1,49.83,1555.0,0.7555,1556.71,1554.9,0.0003266100,0.0000017626,0.2,1530.3
2026-09-14T08:38:31.843+00:00,ASTER,ENTROPY,7.0709,0.2709,1556.1,33.45,1555.0,0.7555,1556.71,1554.9,0.0003266100,0.0000017626,0.4,1530.5
2026-09-14T08:38:31.843+00:00,ASTER,ENTROPY,7.0709,0.2709,1556.1,16.38,1555.0,0.7555,1556.71,1554.9,0.0003266100,0.0000017626,0.4,1530.5
2026-09-14T08:38:31.873+00:00,ASTER,HL,7.9072,1.1072,1556.03,35.7,1554.8,10.752,1556.66,1554.7,0.0003266100,0.0000062500,2.0,0.2
2026-09-14T08:38:31.910+00:00,ASTER,HL,7.9072,1.1072,1556.03,35.7,1554.8,10.752,1556.66,1554.7,0.0003266100,0.0000062500,1.1,37.6
2026-09-14T08:38:31.910+00:00,ASTER,HL,7.9072,1.1072,1556.03,34.23,1554.8,10.752,1556.66,1554.7,0.0003266100,0.0000062500,1.2,37.8
2026-09-14T08:38:31.910+00:00,ASTER,HL,7.9072,1.1072,1556.03,34.23,1554.8,10.752,1556.66,1554.7,0.0003266100,0.0000062500,1.3,37.8
2026-09-14T08:38:31.910+00:00,ASTER,HL,7.9072,1.1072,1556.03,17.85,1554.8,10.752,1556.66,1554.7,0.0003266100,0.0000062500,1.3,37.8
2026-09-14T08:38:31.910+00:00,ASTER,HL,7.9072,1.1072,1556.03,17.85,1554.8,10.752,1556.66,1554.7,0.0003266100,0.0000062500,1.3,37.8
2026-09-14T08:38:31.910+00:00,ASTER,HL,7.9072,1.1072,1556.03,16.38,1554.8,10.752,1556.66,1554.7,0.0003266100,0.0000062500,1.3,37.8
2026-09-14T08:38:31.910+00:00,ASTER,HL,7.9071,1.1071,1556.03,16.38,1554.8,10.752,1556.71,1554.7,0.0003266100,0.0000062500,1.3,37.9
2026-09-14T08:38:31.910+00:00,ASTER,HL,7.8428,1.0428,1556.02,0.82,1554.8,10.752,1556.71,1554.7,0.0003266100,0.0000062500,1.4,37.9
2026-09-14T08:38:31.910+00:00,ASTER,HL,7.8428,1.0428,1556.02,0.82,1554.8,10.752,1556.71,1554.7,0.0003266100,0.0000062500,1.4,37.9
2026-09-14T08:38:31.910+00:00,ASTER,HL,8.2285,1.4285,1556.08,4.04,1554.8,10.752,1556.71,1554.7,0.0003266100,0.0000062500,1.4,37.9
2026-09-14T08:38:31.910+00:00,ASTER,ENTROPY,6.9423,0.1423,1556.08,4.04,1555.0,0.7555,1556.71,1554.9,0.0003266100,0.0000017780,1.4,1597.5
2026-09-14T08:38:31.910+00:00,ASTER,HL,8.2285,1.4285,1556.08,4.04,1554.8,10.752,1556.71,1554.7,0.0003266100,0.0000062500,1.4,37.9
2026-09-14T08:38:31.910+00:00,ASTER,ENTROPY,6.9423,0.1423,1556.08,4.04,1555.0,0.7555,1556.71,1554.9,0.0003266100,0.0000017780,1.4,1597.5
2026-09-14T08:38:31.910+00:00,ASTER,HL,8.2285,1.4285,1556.08,20.42,1554.8,10.752,1556.71,1554.7,0.0003266100,0.0000062500,1.4,38.0
2026-09-14T08:38:31.910+00:00,ASTER,ENTROPY,6.9423,0.1423,1556.08,20.42,1555.0,0.7555,1556.71,1554.9,0.0003266100,0.0000017780,1.4,1597.5
2026-09-14T08:38:31.933+00:00,ASTER,HL,8.2285,1.4285,1556.08,20.42,1554.8,10.752,1556.71,1554.7,0.0003266100,0.0000062500,0.6,60.6
2026-09-14T08:38:31.933+00:00,ASTER,ENTROPY,6.9423,0.1423,1556.08,20.42,1555.0,0.7555,1556.71,1554.9,0.0003266100,0.0000017780,0.6,1620.2
2026-09-14T08:38:31.939+00:00,ASTER,HL,8.2286,1.4286,1556.08,20.42,1554.8,10.752,1556.65,1554.7,0.0003266100,0.0000062500,0.1,67.3
2026-09-14T08:38:31.939+00:00,ASTER,ENTROPY,6.9424,0.1424,1556.08,20.42,1555.0,0.7555,1556.65,1554.9,0.0003266100,0.0000017780,0.1,1626.8
2026-09-14T08:38:31.940+00:00,ASTER,HL,8.2286,1.4286,1556.08,20.42,1554.8,10.752,1556.65,1554.7,0.0003266100,0.0000062500,0.2,67.3
2026-09-14T08:38:31.940+00:00,ASTER,ENTROPY,6.9424,0.1424,1556.08,20.42,1555.0,0.7555,1556.65,1554.9,0.0003266100,0.0000017780,0.2,1626.9
2026-09-14T08:38:31.940+00:00,ASTER,HL,9.5782,2.7782,1556.29,3.04,1554.8,10.752,1556.65,1554.7,0.0003266100,0.0000062500,0.2,67.4
2026-09-14T08:38:31.940+00:00,ASTER,ENTROPY,8.2920,1.4920,1556.29,3.04,1555.0,0.7555,1556.65,1554.9,0.0003266100,0.0000017780,0.2,1626.9
2026-09-14T08:38:31.950+00:00,ASTER,HL,9.5782,2.7782,1556.29,3.04,1554.8,10.752,1556.65,1554.7,0.0003266100,0.0000062500,10.6,0.1
2026-09-14T08:38:32.032+00:00,ASTER,HL,9.5782,2.7782,1556.29,3.04,1554.8,10.752,1556.65,1554.7,0.0003266100,0.0000062500,0.2,81.7
2026-09-14T08:38:32.032+00:00,ASTER,ENTROPY,8.2920,1.4920,1556.29,3.04,1555.0,0.7555,1556.65,1554.9,0.0003266100,0.0000017780,0.2,1718.9
2026-09-14T08:38:32.127+00:00,ASTER,HL,9.5784,2.7784,1556.29,3.04,1554.8,11.707,1556.65,1554.6,0.0003266100,0.0000062500,95.7,0.3
2026-09-14T08:38:32.178+00:00,ASTER,HL,9.5784,2.7784,1556.29,3.04,1554.8,11.443,1556.65,1554.6,0.0003266100,0.0000062500,146.4,0.2
2026-09-14T08:38:32.250+00:00,ASTER,HL,9.5782,2.7782,1556.29,3.04,1554.8,10.8,1556.65,1554.7,0.0003266100,0.0000062500,218.1,0.3
2026-09-14T08:38:32.372+00:00,ASTER,HL,9.5782,2.7782,1556.29,3.04,1554.8,10.8,1556.65,1554.7,0.0003266100,0.0000062500,341.2,0.3
2026-09-14T08:38:32.432+00:00,ASTER,HL,8.2286,1.4286,1556.08,40.84,1554.8,10.8,1556.65,1554.7,0.0003266100,0.0000062500,0.2,60.3
2026-09-14T08:38:32.523+00:00,ASTER,HL,8.2286,1.4286,1556.08,40.84,1554.8,34.605,1556.65,1554.7,0.0003266100,0.0000062500,90.0,0.4
2026-09-14T08:38:32.523+00:00,ASTER,ENTROPY,6.9426,0.1426,1556.08,40.84,1555.0,0.7684,1556.65,1554.7,0.0003266100,0.0000017780,90.2,0.6
2026-09-14T08:38:32.523+00:00,ASTER,HL,8.2286,1.4286,1556.08,40.84,1554.8,33.605,1556.65,1554.7,0.0003266100,0.0000062500,90.4,0.7
2026-09-14T08:38:32.548+00:00,ASTER,HL,8.9355,2.1355,1556.19,3.04,1554.8,33.605,1556.65,1554.7,0.0003266100,0.0000062500,0.2,26.4
2026-09-14T08:38:32.548+00:00,ASTER,ENTROPY,7.6496,0.8496,1556.19,3.04,1555.0,0.7684,1556.65,1554.7,0.0003266100,0.0000017780,0.2,26.5
2026-09-14T08:38:32.570+00:00,ASTER,HL,8.9355,2.1355,1556.19,3.04,1554.8,32.178,1556.65,1554.7,0.0003266100,0.0000062500,22.4,0.2
2026-09-14T08:38:32.570+00:00,ASTER,ENTROPY,7.6496,0.8496,1556.19,3.04,1555.0,0.7684,1556.65,1554.7,0.0003266100,0.0000017780,22.5,0.3
2026-09-14T08:38:32.620+00:00,ASTER,HL,8.9355,2.1355,1556.19,3.04,1554.8,32.219,1556.65,1554.7,0.0003266100,0.0000062500,71.9,0.2
2026-09-14T08:38:32.703+00:00,ASTER,HL,8.9358,2.1358,1556.19,3.04,1554.8,33.014,1556.65,1554.5,0.0003266100,0.0000062500,155.3,0.2
2026-09-14T08:38:32.880+00:00,ASTER,HL,8.9358,2.1358,1556.19,3.04,1554.8,34.014,1556.65,1554.5,0.0003266100,0.0000062500,331.3,0.3
2026-09-14T08:38:32.880+00:00,ASTER,ENTROPY,8.9355,2.1355,1556.19,3.04,1554.8,0.1638,1556.65,1554.7,0.0003266100,0.0000017780,331.5,0.5
2026-09-14T08:38:33.036+00:00,ASTER,HL,9.5787,2.7787,1556.19,3.04,1554.7,2.552,1556.65,1554.6,0.0003266100,0.0000062500,487.1,0.2
2026-09-14T08:38:33.290+00:00,ASTER,HL,9.5787,2.7787,1556.19,3.04,1554.7,3.195,1556.65,1554.6,0.0003266100,0.0000062500,742.6,0.3
2026-09-14T08:38:33.452+00:00,ASTER,HL,9.5787,2.7787,1556.19,3.04,1554.7,1.605,1556.65,1554.6,0.0003266100,0.0000062500,903.8,0.3
2026-09-14T08:38:33.784+00:00,ASTER,HL,9.5787,2.7787,1556.19,3.04,1554.7,6.3,1556.65,1554.6,0.0003266100,0.0000062500,1235.5,0.3
2026-09-14T08:38:33.808+00:00,ASTER,HL,9.5786,2.7786,1556.19,3.04,1554.7,6.3,1556.69,1554.6,0.0003266100,0.0000062500,1.0,25.0
2026-09-14T08:38:33.808+00:00,ASTER,ENTROPY,8.9355,2.1355,1556.19,3.04,1554.8,0.1638,1556.69,1554.7,0.0003266100,0.0000017780,1.0,929.2
2026-09-14T08:38:33.808+00:00,ASTER,HL,8.7431,1.9431,1556.06,2.56,1554.7,6.3,1556.69,1554.6,0.0003266100,0.0000062500,1.1,25.2
2026-09-14T08:38:33.808+00:00,ASTER,ENTROPY,8.1000,1.3000,1556.06,2.56,1554.8,0.1638,1556.69,1554.7,0.0003266100,0.0000017780,1.1,929.3
2026-09-14T08:38:33.858+00:00,ASTER,HL,8.7431,1.9431,1556.06,2.56,1554.7,6.3,1556.69,1554.6,0.0003266100,0.0000062500,0.2,74.4
2026-09-14T08:38:33.858+00:00,ASTER,ENTROPY,8.1000,1.3000,1556.06,2.56,1554.8,0.1638,1556.69,1554.7,0.0003266100,0.0000017780,0.2,978.6
2026-09-14T08:38:33.858+00:00,ASTER,HL,8.7431,1.9431,1556.06,2.56,1554.7,6.3,1556.69,1554.6,0.0003266100,0.0000062500,0.4,74.7
2026-09-14T08:38:33.858+00:00,ASTER,ENTROPY,8.1000,1.3000,1556.06,2.56,1554.8,0.1638,1556.69,1554.7,0.0003266100,0.0000017780,0.4,978.9
2026-09-14T08:38:33.858+00:00,ASTER,HL,8.7431,1.9431,1556.06,1.28,1554.7,6.3,1556.69,1554.6,0.0003266100,0.0000062500,0.5,74.8
2026-09-14T08:38:33.858+00:00,ASTER,ENTROPY,8.1000,1.3000,1556.06,1.28,1554.8,0.1638,1556.69,1554.7,0.0003266100,0.0000017780,0.5,979.0
2026-09-14T08:38:33.858+00:00,ASTER,HL,8.7431,1.9431,1556.06,1.28,1554.7,6.3,1556.69,1554.6,0.0003266100,0.0000062500,0.5,74.8
2026-09-14T08:38:33.858+00:00,ASTER,ENTROPY,8.1000,1.3000,1556.06,1.28,1554.8,0.1638,1556.69,1554.7,0.0003266100,0.0000017780,0.5,979.0
2026-09-14T08:38:33.858+00:00,ASTER,HL,8.4860,1.6860,1556.02,0.82,1554.7,6.3,1556.69,1554.6,0.0003266100,0.0000062500,0.6,74.8
2026-09-14T08:38:33.858+00:00,ASTER,ENTROPY,7.8429,1.0429,1556.02,0.82,1554.8,0.1638,1556.69,1554.7,0.0003266100,0.0000017780,0.6,979.0
2026-09-14T08:38:33.858+00:00,ASTER,HL,8.4858,1.6858,1556.02,0.82,1554.7,6.3,1556.84,1554.6,0.0003266100,0.0000062500,0.6,74.9
2026-09-14T08:38:33.858+00:00,ASTER,ENTROPY,7.8427,1.0427,1556.02,0.82,1554.8,0.1638,1556.84,1554.7,0.0003266100,0.0000017780,0.6,979.0
2026-09-14T08:38:33.860+00:00,ASTER,HL,9.7069,2.9069,1556.21,3.04,1554.7,6.3,1556.84,1554.6,0.0003266100,0.0000062500,0.1,77.2
2026-09-14T08:38:33.860+00:00,ASTER,ENTROPY,9.0638,2.2638,1556.21,3.04,1554.8,0.1638,1556.84,1554.7,0.0003266100,0.0000017780,0.1,981.4
2026-09-14T08:38:33.860+00:00,ASTER,HL,9.9640,3.1640,1556.25,3.04,1554.7,6.3,1556.84,1554.6,0.0003266100,0.0000062500,0.1,77.3
2026-09-14T08:38:33.860+00:00,ASTER,ENTROPY,9.3209,2.5209,1556.25,3.04,1554.8,0.1638,1556.84,1554.7,0.0003266100,0.0000017780,0.1,981.5
2026-09-14T08:38:33.860+00:00,ASTER,HL,10.3496,3.5496,1556.31,3.04,1554.7,6.3,1556.84,1554.6,0.0003266100,0.0000062500,0.2,77.3
2026-09-14T08:38:33.860+00:00,ASTER,ENTROPY,9.7065,2.9065,1556.31,3.04,1554.8,0.1638,1556.84,1554.7,0.0003266100,0.0000017780,0.2,981.5
2026-09-14T08:38:33.860+00:00,ASTER,HL,10.9923,4.1923,1556.41,3.04,1554.7,6.3,1556.84,1554.6,0.0003266100,0.0000062500,0.2,77.4
2026-09-14T08:38:33.860+00:00,ASTER,ENTROPY,10.3491,3.5491,1556.41,3.04,1554.8,0.1638,1556.84,1554.7,0.0003266100,0.0000017780,0.2,981.5
2026-09-14T08:38:33.860+00:00,ASTER,HL,10.9923,4.1923,1556.41,3.04,1554.7,6.3,1556.82,1554.6,0.0003266100,0.0000062500,0.2,77.4
2026-09-14T08:38:33.860+00:00,ASTER,ENTROPY,10.3492,3.5492,1556.41,3.04,1554.8,0.1638,1556.82,1554.7,0.0003266100,0.0000017780,0.2,981.6
2026-09-14T08:38:33.860+00:00,ASTER,HL,10.9923,4.1923,1556.41,3.04,1554.7,6.3,1556.82,1554.6,0.0003266100,0.0000062500,0.3,77.4
2026-09-14T08:38:33.860+00:00,ASTER,ENTROPY,10.3492,3.5492,1556.41,3.04,1554.8,0.1638,1556.82,1554.7,0.0003266100,0.0000017780,0.3,981.6
2026-09-14T08:38:33.907+00:00,ASTER,ENTROPY,10.3492,3.5492,1556.41,3.04,1554.8,0.1715,1556.82,1554.7,0.0003266100,0.0000017780,47.3,0.3
2026-09-14T08:38:33.936+00:00,ASTER,HL,10.3497,3.5497,1556.31,3.04,1554.7,6.3,1556.82,1554.6,0.0003266100,0.0000062500,0.2,152.8
2026-09-14T08:38:33.936+00:00,ASTER,ENTROPY,9.7065,2.9065,1556.31,3.04,1554.8,0.1715,1556.82,1554.7,0.0003266100,0.0000017780,0.2,28.7
2026-09-14T08:38:33.966+00:00,ASTER,HL,9.5784,2.7784,1556.19,50.6,1554.7,6.3,1556.82,1554.6,0.0003266100,0.0000062500,0.2,182.9
2026-09-14T08:38:33.966+00:00,ASTER,ENTROPY,8.9353,2.1353,1556.19,50.6,1554.8,0.1715,1556.82,1554.7,0.0003266100,0.0000017780,0.2,58.8
2026-09-14T08:38:33.966+00:00,ASTER,HL,9.5784,2.7784,1556.19,50.6,1554.7,6.3,1556.82,1554.6,0.0003266100,0.0000062500,0.3,183.1
2026-09-14T08:38:33.966+00:00,ASTER,ENTROPY,8.9353,2.1353,1556.19,50.6,1554.8,0.1715,1556.82,1554.7,0.0003266100,0.0000017780,0.3,58.9
2026-09-14T08:38:33.966+00:00,ASTER,HL,9.5784,2.7784,1556.19,41.68,1554.7,6.3,1556.82,1554.6,0.0003266100,0.0000062500,0.4,183.1
2026-09-14T08:38:33.966+00:00,ASTER,ENTROPY,8.9353,2.1353,1556.19,41.68,1554.8,0.1715,1556.82,1554.7,0.0003266100,0.0000017780,0.4,59.0
2026-09-14T08:38:33.966+00:00,ASTER,HL,9.5784,2.7784,1556.19,25.3,1554.7,6.3,1556.82,1554.6,0.0003266100,0.0000062500,0.4,183.2
2026-09-14T08:38:33.966+00:00,ASTER,ENTROPY,8.9353,2.1353,1556.19,25.3,1554.8,0.1715,1556.82,1554.7,0.0003266100,0.0000017780,0.4,59.0
2026-09-14T08:38:33.966+00:00,ASTER,HL,9.5784,2.7784,1556.19,16.38,1554.7,6.3,1556.82,1554.6,0.0003266100,0.0000062500,0.4,183.2
2026-09-14T08:38:33.966+00:00,ASTER,ENTROPY,8.9353,2.1353,1556.19,16.38,1554.8,0.1715,1556.82,1554.7,0.0003266100,0.0000017780,0.4,59.0
2026-09-14T08:38:33.966+00:00,ASTER,HL,9.5782,2.7782,1556.19,16.38,1554.7,6.3,1557.0,1554.6,0.0003266100,0.0000062500,0.4,183.2
2026-09-14T08:38:33.966+00:00,ASTER,ENTROPY,8.9350,2.1350,1556.19,16.38,1554.8,0.1715,1557.0,1554.7,0.0003266100,0.0000017780,0.4,59.0
2026-09-14T08:38:33.966+00:00,ASTER,HL,8.4856,1.6856,1556.02,0.82,1554.7,6.3,1557.0,1554.6,0.0003266100,0.0000062500,0.5,183.2
2026-09-14T08:38:33.966+00:00,ASTER,ENTROPY,7.8425,1.0425,1556.02,0.82,1554.8,0.1715,1557.0,1554.7,0.0003266100,0.0000017780,0.5,59.1
2026-09-14T08:38:33.966+00:00,ASTER,HL,8.4858,1.6858,1556.02,0.82,1554.7,6.3,1556.87,1554.6,0.0003266100,0.0000062500,0.5,183.3
2026-09-14T08:38:33.966+00:00,ASTER,ENTROPY,7.8426,1.0426,1556.02,0.82,1554.8,0.1715,1556.87,1554.7,0.0003266100,0.0000017780,0.5,59.1
2026-09-14T08:38:33.966+00:00,ASTER,HL,11.0565,4.2565,1556.42,3.04,1554.7,6.3,1556.87,1554.6,0.0003266100,0.0000062500,0.5,183.3
2026-09-14T08:38:33.966+00:00,ASTER,ENTROPY,10.4133,3.6133,1556.42,3.04,1554.8,0.1715,1556.87,1554.7,0.0003266100,0.0000017780,0.5,59.1
2026-09-14T08:38:33.966+00:00,ASTER,HL,11.8276,5.0276,1556.54,3.04,1554.7,6.3,1556.87,1554.6,0.0003266100,0.0000062500,0.5,183.3
2026-09-14T08:38:33.966+00:00,ASTER,ENTROPY,11.1845,4.3845,1556.54,3.04,1554.8,0.1715,1556.87,1554.7,0.0003266100,0.0000017780,0.5,59.1
2026-09-14T08:38:33.966+00:00,ASTER,HL,12.0204,5.2204,1556.57,3.04,1554.7,6.3,1556.87,1554.6,0.0003266100,0.0000062500,0.6,183.3
2026-09-14T08:38:33.966+00:00,ASTER,ENTROPY,11.3773,4.5773,1556.57,3.04,1554.8,0.1715,1556.87,1554.7,0.0003266100,0.0000017780,0.6,59.2
2026-09-14T08:38:33.967+00:00,ASTER,HL,12.1489,5.3489,1556.59,3.04,1554.7,6.3,1556.87,1554.6,0.0003266100,0.0000062500,0.6,183.4
2026-09-14T08:38:33.967+00:00,ASTER,ENTROPY,11.5058,4.7058,1556.59,3.04,1554.8,0.1715,1556.87,1554.7,0.0003266100,0.0000017780,0.6,59.2
2026-09-14T08:38:33.967+00:00,ASTER,HL,12.2775,5.4775,1556.61,3.04,1554.7,6.3,1556.87,1554.6,0.0003266100,0.0000062500,0.6,183.4
2026-09-14T08:38:33.967+00:00,ASTER,ENTROPY,11.6343,4.8343,1556.61,3.04,1554.8,0.1715,1556.87,1554.7,0.0003266100,0.0000017780,0.6,59.2
2026-09-14T08:38:33.988+00:00,ASTER,HL,12.2772,5.4772,1556.61,3.04,1554.7,6.3,1556.99,1554.6,0.0003266100,0.0000062500,0.4,204.2
2026-09-14T08:38:33.988+00:00,ASTER,ENTROPY,11.6341,4.8341,1556.61,3.04,1554.8,0.1715,1556.99,1554.7,0.0003266100,0.0000017780,0.4,80.0
2026-09-14T08:38:33.988+00:00,ASTER,HL,12.2772,5.4772,1556.61,3.04,1554.7,6.3,1557.0,1554.6,0.0003266100,0.0000062500,0.5,204.4
2026-09-14T08:38:33.988+00:00,ASTER,ENTROPY,11.6341,4.8341,1556.61,3.04,1554.8,0.1715,1557.0,1554.7,0.0003266100,0.0000017780,0.5,80.2
2026-09-14T08:38:34.010+00:00,ASTER,HL,12.2772,5.4772,1556.61,3.04,1554.7,6.3,1557.0,1554.6,0.0003266100,0.0000062500,1.5,226.2
2026-09-14T08:38:34.010+00:00,ASTER,ENTROPY,11.6341,4.8341,1556.61,3.04,1554.8,0.1715,1557.0,1554.7,0.0003266100,0.0000017780,1.5,102.1
2026-09-14T08:38:34.096+00:00,ASTER,HL,12.2772,5.4772,1556.61,3.04,1554.7,6.943,1557.0,1554.6,0.0003266100,0.0000062500,88.6,0.3
2026-09-14T08:38:34.122+00:00,ASTER,HL,10.9913,4.1913,1556.61,3.04,1554.9,2.755,1557.0,1554.6,0.0003266100,0.0000062500,113.6,0.2
2026-09-14T08:38:34.122+00:00,ASTER,ENTROPY,11.6341,4.8341,1556.61,3.04,1554.8,0.0077,1557.0,1554.7,0.0003266100,0.0000017780,113.8,0.4
2026-09-14T08:38:34.230+00:00,ASTER,HL,9.6418,2.8418,1556.4,5.64,1554.9,2.755,1557.0,1554.6,0.0003266100,0.0000062500,0.2,108.6
2026-09-14T08:38:34.230+00:00,ASTER,ENTROPY,10.2846,3.4846,1556.4,5.64,1554.8,0.0077,1557.0,1554.7,0.0003266100,0.0000017780,0.2,108.6
2026-09-14T08:38:34.247+00:00,ASTER,HL,9.6418,2.8418,1556.4,22.02,1554.9,2.755,1557.0,1554.6,0.0003266100,0.0000062500,0.2,125.8
2026-09-14T08:38:34.247+00:00,ASTER,ENTROPY,10.2846,3.4846,1556.4,22.02,1554.8,0.0077,1557.0,1554.7,0.0003266100,0.0000017780,0.2,125.7
2026-09-14T08:38:34.247+00:00,ASTER,HL,9.6418,2.8418,1556.4,38.4,1554.9,2.755,1557.0,1554.6,0.0003266100,0.0000062500,0.3,125.9
2026-09-14T08:38:34.247+00:00,ASTER,ENTROPY,10.2846,3.4846,1556.4,38.4,1554.8,0.0077,1557.0,1554.7,0.0003266100,0.0000017780,0.3,125.9
2026-09-14T08:38:34.297+00:00,ASTER,HL,8.9986,2.1986,1556.4,38.4,1555.0,0.813,1557.0,1554.8,0.0003266100,0.0000062500,50.3,0.3
2026-09-14T08:38:34.346+00:00,ASTER,HL,9.7697,2.9697,1556.52,3.04,1555.0,0.813,1557.0,1554.8,0.0003266100,0.0000062500,0.2,48.5
2026-09-14T08:38:34.346+00:00,ASTER,ENTROPY,11.0557,4.2557,1556.52,3.04,1554.8,0.0077,1557.0,1554.7,0.0003266100,0.0000017780,0.2,224.2
2026-09-14T08:38:34.349+00:00,ASTER,HL,9.9625,3.1625,1556.55,3.04,1555.0,0.813,1557.0,1554.8,0.0003266100,0.0000062500,0.1,52.0
2026-09-14T08:38:34.349+00:00,ASTER,ENTROPY,11.2485,4.4485,1556.55,3.04,1554.8,0.0077,1557.0,1554.7,0.0003266100,0.0000017780,0.1,227.7
2026-09-14T08:38:34.383+00:00,ASTER,HL,9.9623,3.1623,1556.55,3.04,1555.0,0.813,1557.0,1554.9,0.0003266100,0.0000062500,34.7,0.3
2026-09-14T08:38:34.481+00:00,ASTER,HL,9.9623,3.1623,1556.55,3.04,1555.0,0.753,1557.0,1554.9,0.0003266100,0.0000062500,131.9,0.3
2026-09-14T08:38:34.481+00:00,ASTER,ENTROPY,10.6056,3.8056,1556.55,3.04,1554.9,0.0128,1557.0,1554.7,0.0003266100,0.0000017780,132.1,0.4
2026-09-14T08:38:34.542+00:00,ASTER,HL,9.3194,2.5194,1556.55,3.04,1555.1,3.63,1557.0,1554.9,0.0003266100,0.0000062500,193.2,0.3
2026-09-14T08:38:34.542+00:00,ASTER,ENTROPY,8.6769,1.8769,1556.55,3.04,1555.2,0.3532,1557.0,1554.7,0.0003266100,0.0000017780,193.4,0.5
2026-09-14T08:38:34.654+00:00,ASTER,HL,9.3194,2.5194,1556.55,3.04,1555.1,3.502,1557.0,1554.9,0.0003266100,0.0000062500,304.2,0.3
2026-09-14T08:38:34.654+00:00,ASTER,ENTROPY,8.6764,1.8764,1556.55,3.04,1555.2,0.3532,1557.0,1555.0,0.0003266100,0.0000017780,304.4,0.4
2026-09-14T08:38:34.722+00:00,ASTER,HL,9.3193,2.5193,1556.55,3.04,1555.1,3.502,1557.0,1555.0,0.0003266100,0.0000062500,373.2,0.3
2026-09-14T08:38:34.924+00:00,ASTER,HL,9.3193,2.5193,1556.55,3.04,1555.1,2.716,1557.0,1555.0,0.0003266100,0.0000062500,574.7,0.4
2026-09-14T08:38:35.066+00:00,ASTER,HL,9.3193,2.5193,1556.55,3.04,1555.1,8.345,1557.0,1555.0,0.0003266100,0.0000062500,717.2,0.3
2026-09-14T08:38:35.067+00:00,ASTER,ENTROPY,8.6763,1.8763,1556.55,3.04,1555.2,0.3532,1557.0,1555.1,0.0003266100,0.0000017780,717.5,0.5
2026-09-14T08:38:35.138+00:00,ASTER,HL,8.3554,1.5554,1556.4,38.4,1555.1,8.345,1557.0,1555.0,0.0003266100,0.0000062500,2.0,72.4
2026-09-14T08:38:35.138+00:00,ASTER,ENTROPY,7.7125,0.9125,1556.4,38.4,1555.2,0.3532,1557.0,1555.1,0.0003266100,0.0000017780,2.0,72.3
2026-09-14T08:38:35.145+00:00,ASTER,HL,8.3554,1.5554,1556.4,35.58,1555.1,8.345,1557.0,1555.0,0.0003266100,0.0000062500,0.1,79.5
2026-09-14T08:38:35.145+00:00,ASTER,ENTROPY,7.7125,0.9125,1556.4,35.58,1555.2,0.3532,1557.0,1555.1,0.0003266100,0.0000017780,0.1,79.4
2026-09-14T08:38:35.145+00:00,ASTER,HL,8.3554,1.5554,1556.4,19.2,1555.1,8.345,1557.0,1555.0,0.0003266100,0.0000062500,0.2,79.6
2026-09-14T08:38:35.145+00:00,ASTER,ENTROPY,7.7125,0.9125,1556.4,19.2,1555.2,0.3532,1557.0,1555.1,0.0003266100,0.0000017780,0.2,79.6
2026-09-14T08:38:35.145+00:00,ASTER,HL,8.3554,1.5554,1556.4,16.38,1555.1,8.345,1557.0,1555.0,0.0003266100,0.0000062500,0.3,79.6
2026-09-14T08:38:35.145+00:00,ASTER,ENTROPY,7.7125,0.9125,1556.4,16.38,1555.2,0.3532,1557.0,1555.1,0.0003266100,0.0000017780,0.3,79.6
2026-09-14T08:38:35.145+00:00,ASTER,HL,7.8413,1.0413,1556.32,0.04,1555.1,8.345,1557.0,1555.0,0.0003266100,0.0000062500,0.3,79.7
2026-09-14T08:38:35.145+00:00,ASTER,ENTROPY,7.1984,0.3984,1556.32,0.04,1555.2,0.3532,1557.0,1555.1,0.0003266100,0.0000017780,0.3,79.6
2026-09-14T08:38:35.150+00:00,ASTER,HL,9.3835,2.5835,1556.56,3.04,1555.1,8.345,1557.0,1555.0,0.0003266100,0.0000062500,0.1,84.5
2026-09-14T08:38:35.150+00:00,ASTER,ENTROPY,8.7406,1.9406,1556.56,3.04,1555.2,0.3532,1557.0,1555.1,0.0003266100,0.0000017780,0.1,84.5
2026-09-14T08:38:35.150+00:00,ASTER,HL,9.5763,2.7763,1556.59,3.04,1555.1,8.345,1557.0,1555.0,0.0003266100,0.0000062500,0.1,84.6
2026-09-14T08:38:35.150+00:00,ASTER,ENTROPY,8.9333,2.1333,1556.59,3.04,1555.2,0.3532,1557.0,1555.1,0.0003266100,0.0000017780,0.1,84.6
2026-09-14T08:38:35.150+00:00,ASTER,HL,9.7691,2.9691,1556.62,3.04,1555.1,8.345,1557.0,1555.0,0.0003266100,0.0000062500,0.2,84.6
2026-09-14T08:38:35.150+00:00,ASTER,ENTROPY,9.1261,2.3261,1556.62,3.04,1555.2,0.3532,1557.0,1555.1,0.0003266100,0.0000017780,0.2,84.6
2026-09-14T08:38:35.335+00:00,ASTER,HL,9.7688,2.9688,1556.62,3.04,1555.1,8.345,1557.19,1555.0,0.0003266100,0.0000062500,0.2,269.4
2026-09-14T08:38:35.335+00:00,ASTER,ENTROPY,9.1258,2.3258,1556.62,3.04,1555.2,0.3532,1557.19,1555.1,0.0003266100,0.0000017780,0.2,269.4
2026-09-14T08:38:35.335+00:00,ASTER,HL,8.8050,2.0050,1556.47,2.55,1555.1,8.345,1557.19,1555.0,0.0003266100,0.0000062500,0.4,269.6
2026-09-14T08:38:35.335+00:00,ASTER,ENTROPY,8.1620,1.3620,1556.47,2.55,1555.2,0.3532,1557.19,1555.1,0.0003266100,0.0000017780,0.4,269.6
2026-09-14T08:38:35.340+00:00,ASTER,HL,8.4194,1.6194,1556.41,0.04,1555.1,8.345,1557.19,1555.0,0.0003266100,0.0000062500,0.2,274.1
2026-09-14T08:38:35.340+00:00,ASTER,ENTROPY,7.7765,0.9765,1556.41,0.04,1555.2,0.3532,1557.19,1555.1,0.0003266100,0.0000017780,0.2,274.1
2026-09-14T08:38:35.374+00:00,ASTER,HL,9.8973,3.0973,1556.64,3.04,1555.1,8.345,1557.19,1555.0,0.0003266100,0.0000062500,0.2,308.5
2026-09-14T08:38:35.374+00:00,ASTER,ENTROPY,9.2543,2.4543,1556.64,3.04,1555.2,0.3532,1557.19,1555.1,0.0003266100,0.0000017780,0.2,308.5
2026-09-14T08:38:35.374+00:00,ASTER,HL,10.6040,3.8040,1556.75,3.04,1555.1,8.345,1557.19,1555.0,0.0003266100,0.0000062500,0.3,308.7
2026-09-14T08:38:35.374+00:00,ASTER,ENTROPY,9.9611,3.1611,1556.75,3.04,1555.2,0.3532,1557.19,1555.1,0.0003266100,0.0000017780,0.3,308.6
2026-09-14T08:38:35.374+00:00,ASTER,HL,10.7968,3.9968,1556.78,3.04,1555.1,8.345,1557.19,1555.0,0.0003266100,0.0000062500,0.3,308.7
2026-09-14T08:38:35.374+00:00,ASTER,ENTROPY,10.1538,3.3538,1556.78,3.04,1555.2,0.3532,1557.19,1555.1,0.0003266100,0.0000017780,0.3,308.7
2026-09-14T08:38:35.374+00:00,ASTER,HL,11.1823,4.3823,1556.84,3.04,1555.1,8.345,1557.19,1555.0,0.0003266100,0.0000062500,0.4,308.7
2026-09-14T08:38:35.374+00:00,ASTER,ENTROPY,10.5393,3.7393,1556.84,3.04,1555.2,0.3532,1557.19,1555.1,0.0003266100,0.0000017780,0.4,308.7
2026-09-14T08:38:35.374+00:00,ASTER,HL,11.4393,4.6393,1556.88,3.04,1555.1,8.345,1557.19,1555.0,0.0003266100,0.0000062500,0.4,308.8
2026-09-14T08:38:35.374+00:00,ASTER,ENTROPY,10.7963,3.9963,1556.88,3.04,1555.2,0.3532,1557.19,1555.1,0.0003266100,0.0000017780,0.4,308.7
2026-09-14T08:38:35.380+00:00,ASTER,HL,11.1823,4.3823,1556.84,3.04,1555.1,8.345,1557.19,1555.0,0.0003266100,0.0000062500,0.1,313.7
2026-09-14T08:38:35.380+00:00,ASTER,ENTROPY,10.5393,3.7393,1556.84,3.04,1555.2,0.3532,1557.19,1555.1,0.0003266100,0.0000017780,0.1,313.6
2026-09-14T08:38:35.387+00:00,ASTER,HL,10.7968,3.9968,1556.78,3.04,1555.1,8.345,1557.19,1555.0,0.0003266100,0.0000062500,0.1,320.6
2026-09-14T08:38:35.387+00:00,ASTER,ENTROPY,10.1538,3.3538,1556.78,3.04,1555.2,0.3532,1557.19,1555.1,0.0003266100,0.0000017780,0.1,320.5
2026-09-14T08:38:35.387+00:00,ASTER,HL,10.6040,3.8040,1556.75,3.04,1555.1,8.345,1557.19,1555.0,0.0003266100,0.0000062500,0.2,320.7
2026-09-14T08:38:35.387+00:00,ASTER,ENTROPY,9.9611,3.1611,1556.75,3.04,1555.2,0.3532,1557.19,1555.1,0.0003266100,0.0000017780,0.2,320.6
2026-09-14T08:38:35.387+00:00,ASTER,HL,10.0900,3.2900,1556.67,0.78,1555.1,8.345,1557.19,1555.0,0.0003266100,0.0000062500,0.2,320.7
2026-09-14T08:38:35.387+00:00,ASTER,ENTROPY,9.4471,2.6471,1556.67,0.78,1555.2,0.3532,1557.19,1555.1,0.0003266100,0.0000017780,0.2,320.7
2026-09-14T08:38:35.397+00:00,ASTER,ENTROPY,9.4472,2.6472,1556.67,0.78,1555.2,0.3532,1557.19,1555.0,0.0003266100,0.0000017780,10.1,0.2
2026-09-14T08:38:35.414+00:00,ASTER,HL,10.0901,3.2901,1556.67,0.78,1555.1,8.345,1557.16,1555.0,0.0003266100,0.0000062500,0.3,348.4
2026-09-14T08:38:35.414+00:00,ASTER,ENTROPY,9.4473,2.6473,1556.67,0.78,1555.2,0.3532,1557.16,1555.0,0.0003266100,0.0000017780,0.3,18.0
2026-09-14T08:38:35.441+00:00,ASTER,HL,10.0901,3.2901,1556.67,0.78,1555.1,8.345,1557.14,1555.0,0.0003266100,0.0000062500,0.3,375.1
2026-09-14T08:38:35.441+00:00,ASTER,ENTROPY,9.4473,2.6473,1556.67,0.78,1555.2,0.3532,1557.14,1555.0,0.0003266100,0.0000017780,0.3,44.7
2026-09-14T08:38:35.486+00:00,ASTER,HL,8.5480,1.7480,1556.43,0.01,1555.1,8.345,1557.14,1555.0,0.0003266100,0.0000062500,0.2,420.3
2026-09-14T08:38:35.486+00:00,ASTER,ENTROPY,7.9052,1.1052,1556.43,0.01,1555.2,0.3532,1557.14,1555.0,0.0003266100,0.0000017780,0.2,89.9
2026-09-14T08:38:35.488+00:00,ASTER,HL,8.5480,1.7480,1556.43,0.01,1555.1,9.304,1557.14,1555.0,0.0003266100,0.0000062500,2.3,0.1
2026-09-14T08:38:35.488+00:00,ASTER,ENTROPY,7.9050,1.1050,1556.43,0.01,1555.2,0.0814,1557.14,1555.1,0.0003266100,0.0000017780,2.3,0.2
2026-09-14T08:38:35.490+00:00,ASTER,HL,10.1544,3.3544,1556.68,3.04,1555.1,9.304,1557.14,1555.0,0.0003266100,0.0000062500,0.1,2.3
2026-09-14T08:38:35.490+00:00,ASTER,ENTROPY,9.5114,2.7114,1556.68,3.04,1555.2,0.0814,1557.14,1555.1,0.0003266100,0.0000017780,0.1,2.2
2026-09-14T08:38:35.710+00:00,ASTER,HL,8.8687,2.0687,1556.68,3.04,1555.3,2.0,1557.14,1555.0,0.0003266100,0.0000062500,219.7,0.3
2026-09-14T08:38:35.779+00:00,ASTER,HL,8.8687,2.0687,1556.68,3.04,1555.3,4.718,1557.14,1555.0,0.0003266100,0.0000062500,288.8,0.3
2026-09-14T08:38:35.779+00:00,ASTER,ENTROPY,9.5114,2.7114,1556.68,3.04,1555.2,0.1115,1557.14,1555.1,0.0003266100,0.0000017780,289.0,0.4
2026-09-14T08:38:35.971+00:00,ASTER,HL,9.5115,2.7115,1556.68,3.04,1555.2,1.653,1557.14,1555.0,0.0003266100,0.0000062500,480.7,0.3
2026-09-14T08:38:35.971+00:00,ASTER,ENTROPY,8.8686,2.0686,1556.68,3.04,1555.3,0.1773,1557.14,1555.1,0.0003266100,0.0000017780,480.9,0.5
2026-09-14T08:38:35.991+00:00,ASTER,HL,9.5117,2.7117,1556.68,3.04,1555.2,1.653,1557.05,1555.0,0.0003266100,0.0000062500,0.2,19.9
2026-09-14T08:38:35.991+00:00,ASTER,ENTROPY,8.8687,2.0687,1556.68,3.04,1555.3,0.1773,1557.05,1555.1,0.0003266100,0.0000017780,0.2,19.9
2026-09-14T08:38:35.991+00:00,ASTER,HL,9.5117,2.7117,1556.68,3.04,1555.2,1.653,1557.05,1555.0,0.0003266100,0.0000062500,0.5,20.2
2026-09-14T08:38:35.991+00:00,ASTER,ENTROPY,8.8687,2.0687,1556.68,3.04,1555.3,0.1773,1557.05,1555.1,0.0003266100,0.0000017780,0.5,20.1
2026-09-14T08:38:35.991+00:00,ASTER,HL,9.5117,2.7117,1556.68,3.04,1555.2,1.653,1557.05,1555.0,0.0003266100,0.0000062500,0.7,20.4
2026-09-14T08:38:35.991+00:00,ASTER,ENTROPY,8.8687,2.0687,1556.68,3.04,1555.3,0.1773,1557.05,1555.1,0.0003266100,0.0000017780,0.7,20.3
2026-09-14T08:38:35.991+00:00,ASTER,HL,9.5117,2.7117,1556.68,3.04,1555.2,1.653,1557.05,1555.0,0.0003266100,0.0000062500,0.7,20.4
2026-09-14T08:38:35.991+00:00,ASTER,ENTROPY,8.8687,2.0687,1556.68,3.04,1555.3,0.1773,1557.05,1555.1,0.0003266100,0.0000017780,0.7,20.4
2026-09-14T08:38:36.086+00:00,ASTER,HL,9.5115,2.7115,1556.68,3.04,1555.2,23.34,1557.05,1555.1,0.0003266100,0.0000062500,96.3,0.3
2026-09-14T08:38:36.089+00:00,ASTER,HL,7.9052,1.1052,1556.43,0.01,1555.2,23.34,1557.05,1555.1,0.0003266100,0.0000062500,0.1,2.8
2026-09-14T08:38:36.089+00:00,ASTER,ENTROPY,7.2624,0.4624,1556.43,0.01,1555.3,0.1773,1557.05,1555.1,0.0003266100,0.0000017780,0.1,118.4
2026-09-14T08:38:36.210+00:00,ASTER,HL,8.9332,2.1332,1556.59,3.04,1555.2,23.34,1557.05,1555.1,0.0003266100,0.0000062500,0.2,123.6
2026-09-14T08:38:36.210+00:00,ASTER,ENTROPY,8.2904,1.4904,1556.59,3.04,1555.3,0.1773,1557.05,1555.1,0.0003266100,0.0000017780,0.2,239.2
2026-09-14T08:38:36.242+00:00,ASTER,HL,8.9333,2.1333,1556.59,3.04,1555.2,23.34,1557.04,1555.1,0.0003266100,0.0000062500,0.3,156.0
2026-09-14T08:38:36.242+00:00,ASTER,ENTROPY,8.2904,1.4904,1556.59,3.04,1555.3,0.1773,1557.04,1555.1,0.0003266100,0.0000017780,0.3,271.7
2026-09-14T08:38:36.293+00:00,ASTER,HL,8.9333,2.1333,1556.59,3.04,1555.2,23.34,1557.04,1555.1,0.0003266100,0.0000062500,0.2,206.7
2026-09-14T08:38:36.293+00:00,ASTER,ENTROPY,8.2904,1.4904,1556.59,3.04,1555.3,0.1773,1557.04,1555.1,0.0003266100,0.0000017780,0.2,322.3
2026-09-14T08:38:36.293+00:00,ASTER,HL,8.9333,2.1333,1556.59,3.04,1555.2,23.34,1557.04,1555.1,0.0003266100,0.0000062500,0.4,206.9
2026-09-14T08:38:36.293+00:00,ASTER,ENTROPY,8.2904,1.4904,1556.59,3.04,1555.3,0.1773,1557.04,1555.1,0.0003266100,0.0000017780,0.4,322.5
2026-09-14T08:38:36.293+00:00,ASTER,HL,8.9333,2.1333,1556.59,3.04,1555.2,23.34,1557.04,1555.1,0.0003266100,0.0000062500,0.5,207.0
2026-09-14T08:38:36.293+00:00,ASTER,ENTROPY,8.2904,1.4904,1556.59,3.04,1555.3,0.1773,1557.04,1555.1,0.0003266100,0.0000017780,0.5,322.6
2026-09-14T08:38:36.293+00:00,ASTER,HL,8.9333,2.1333,1556.59,3.04,1555.2,23.34,1557.04,1555.1,0.0003266100,0.0000062500,0.5,207.0
2026-09-14T08:38:36.293+00:00,ASTER,ENTROPY,8.2904,1.4904,1556.59,3.04,1555.3,0.1773,1557.04,1555.1,0.0003266100,0.0000017780,0.5,322.7
2026-09-14T08:38:36.329+00:00,ASTER,HL,8.9333,2.1333,1556.59,3.04,1555.2,23.34,1557.04,1555.1,0.0003266100,0.0000062500,0.2,242.4
2026-09-14T08:38:36.329+00:00,ASTER,ENTROPY,8.2904,1.4904,1556.59,3.04,1555.3,0.1773,1557.04,1555.1,0.0003266100,0.0000017780,0.2,358.1
2026-09-14T08:38:36.331+00:00,ASTER,HL,9.5763,2.7763,1556.59,3.04,1555.1,1.0,1557.04,1555.0,0.0003266100,0.0000062500,2.0,0.1
2026-09-14T08:38:36.331+00:00,ASTER,ENTROPY,8.9333,2.1333,1556.59,3.04,1555.2,0.1675,1557.04,1555.1,0.0003266100,0.0000017780,2.1,0.2
2026-09-14T08:38:36.396+00:00,ASTER,HL,9.5763,2.7763,1556.59,3.04,1555.1,1.0,1557.04,1555.0,0.0003266100,0.0000062500,0.2,65.8
2026-09-14T08:38:36.396+00:00,ASTER,ENTROPY,8.9333,2.1333,1556.59,3.04,1555.2,0.1675,1557.04,1555.1,0.0003266100,0.0000017780,0.2,65.8
2026-09-14T08:38:36.483+00:00,ASTER,HL,9.5763,2.7763,1556.59,3.04,1555.1,1.0,1557.04,1555.0,0.0003266100,0.0000062500,87.0,0.2
2026-09-14T08:38:36.557+00:00,ASTER,HL,9.5764,2.7764,1556.59,3.04,1555.1,1.0,1557.04,1554.9,0.0003266100,0.0000062500,160.8,0.3
2026-09-14T08:38:36.695+00:00,ASTER,HL,9.5764,2.7764,1556.59,3.04,1555.1,1.605,1557.04,1554.9,0.0003266100,0.0000062500,299.4,0.3
2026-09-14T08:38:36.861+00:00,ASTER,HL,9.5764,2.7764,1556.59,3.04,1555.1,2.248,1557.04,1554.9,0.0003266100,0.0000062500,464.6,0.4
2026-09-14T08:38:37.009+00:00,ASTER,HL,9.5764,2.7764,1556.59,3.04,1555.1,4.067,1557.04,1554.9,0.0003266100,0.0000062500,613.4,0.3
2026-09-14T08:38:37.009+00:00,ASTER,ENTROPY,8.9334,2.1334,1556.59,3.04,1555.2,0.1675,1557.04,1555.0,0.0003266100,0.0000017780,613.6,0.5
2026-09-14T08:38:37.083+00:00,ASTER,HL,9.5764,2.7764,1556.59,3.04,1555.1,4.067,1557.04,1554.9,0.0003266100,0.0000062500,0.2,74.0
2026-09-14T08:38:37.083+00:00,ASTER,ENTROPY,8.9334,2.1334,1556.59,3.04,1555.2,0.1675,1557.04,1555.0,0.0003266100,0.0000017923,0.2,73.9
2026-09-14T08:38:37.090+00:00,ASTER,HL,8.5483,1.7483,1556.43,0.01,1555.1,4.067,1557.04,1554.9,0.0003266100,0.0000062500,0.1,80.8
2026-09-14T08:38:37.090+00:00,ASTER,ENTROPY,7.9053,1.1053,1556.43,0.01,1555.2,0.1675,1557.04,1555.0,0.0003266100,0.0000017923,0.1,80.7
2026-09-14T08:38:37.090+00:00,ASTER,HL,8.5483,1.7483,1556.43,0.01,1555.1,4.067,1557.04,1554.9,0.0003266100,0.0000062500,0.3,81.0
2026-09-14T08:38:37.090+00:00,ASTER,ENTROPY,7.9053,1.1053,1556.43,0.01,1555.2,0.1675,1557.04,1555.0,0.0003266100,0.0000017923,0.3,81.0
2026-09-14T08:38:37.090+00:00,ASTER,HL,8.5483,1.7483,1556.43,0.01,1555.1,4.067,1557.04,1554.9,0.0003266100,0.0000062500,0.4,81.1
2026-09-14T08:38:37.090+00:00,ASTER,ENTROPY,7.9053,1.1053,1556.43,0.01,1555.2,0.1675,1557.04,1555.0,0.0003266100,0.0000017923,0.4,81.1
2026-09-14T08:38:37.090+00:00,ASTER,HL,8.5483,1.7483,1556.43,0.01,1555.1,4.067,1557.04,1554.9,0.0003266100,0.0000062500,0.5,81.2
2026-09-14T08:38:37.090+00:00,ASTER,ENTROPY,7.9053,1.1053,1556.43,0.01,1555.2,0.1675,1557.04,1555.0,0.0003266100,0.0000017923,0.5,81.1
2026-09-14T08:38:37.090+00:00,ASTER,HL,8.5481,1.7481,1556.43,0.01,1555.1,4.067,1557.19,1554.9,0.0003266100,0.0000062500,0.5,81.2
2026-09-14T08:38:37.090+00:00,ASTER,ENTROPY,7.9051,1.1051,1556.43,0.01,1555.2,0.1675,1557.19,1555.0,0.0003266100,0.0000017923,0.5,81.2
2026-09-14T08:38:37.108+00:00,ASTER,HL,9.8332,3.0332,1556.63,3.04,1555.1,4.067,1557.19,1554.9,0.0003266100,0.0000062500,0.1,98.7
2026-09-14T08:38:37.108+00:00,ASTER,ENTROPY,9.1902,2.3902,1556.63,3.04,1555.2,0.1675,1557.19,1555.0,0.0003266100,0.0000017923,0.1,98.7
2026-09-14T08:38:37.108+00:00,ASTER,HL,9.8333,3.0333,1556.63,3.04,1555.1,4.067,1557.09,1554.9,0.0003266100,0.0000062500,0.1,98.8
2026-09-14T08:38:37.108+00:00,ASTER,ENTROPY,9.1903,2.3903,1556.63,3.04,1555.2,0.1675,1557.09,1555.0,0.0003266100,0.0000017923,0.1,98.8
2026-09-14T08:38:37.108+00:00,ASTER,HL,9.8333,3.0333,1556.63,3.04,1555.1,4.067,1557.09,1554.9,0.0003266100,0.0000062500,0.2,98.8
2026-09-14T08:38:37.108+00:00,ASTER,ENTROPY,9.1903,2.3903,1556.63,3.04,1555.2,0.1675,1557.09,1555.0,0.0003266100,0.0000017923,0.2,98.8
2026-09-14T08:38:37.108+00:00,ASTER,HL,10.1546,3.3546,1556.68,3.04,1555.1,4.067,1557.09,1554.9,0.0003266100,0.0000062500,0.2,98.9
2026-09-14T08:38:37.108+00:00,ASTER,ENTROPY,9.5116,2.7116,1556.68,3.04,1555.2,0.1675,1557.09,1555.0,0.0003266100,0.0000017923,0.2,98.8
2026-09-14T08:38:37.287+00:00,ASTER,HL,10.1546,3.3546,1556.68,3.04,1555.1,2.75,1557.09,1554.9,0.0003266100,0.0000062500,178.9,0.3
2026-09-14T08:38:37.365+00:00,ASTER,HL,10.1545,3.3545,1556.68,3.04,1555.1,0.288,1557.09,1555.0,0.0003266100,0.0000062500,257.2,0.3
2026-09-14T08:38:37.365+00:00,ASTER,ENTROPY,8.8687,2.0687,1556.68,3.04,1555.3,0.1773,1557.09,1555.1,0.0003266100,0.0000017923,257.3,0.4
2026-09-14T08:38:37.381+00:00,ASTER,HL,8.7409,1.9409,1556.46,44.08,1555.1,0.288,1557.09,1555.0,0.0003266100,0.0000062500,0.1,16.3
2026-09-14T08:38:37.381+00:00,ASTER,ENTROPY,7.4551,0.6551,1556.46,44.08,1555.3,0.1773,1557.09,1555.1,0.0003266100,0.0000017923,0.1,16.3
2026-09-14T08:38:37.413+00:00,ASTER,HL,8.7409,1.9409,1556.46,44.08,1555.1,0.288,1557.09,1555.0,0.0003266100,0.0000062500,0.2,48.4
2026-09-14T08:38:37.413+00:00,ASTER,ENTROPY,7.4551,0.6551,1556.46,44.08,1555.3,0.1773,1557.09,1555.1,0.0003266100,0.0000017923,0.2,48.4
2026-09-14T08:38:37.414+00:00,ASTER,HL,8.7409,1.9409,1556.46,27.7,1555.1,0.288,1557.09,1555.0,0.0003266100,0.0000062500,0.4,48.6
2026-09-14T08:38:37.414+00:00,ASTER,ENTROPY,7.4551,0.6551,1556.46,27.7,1555.3,0.1773,1557.09,1555.1,0.0003266100,0.0000017923,0.4,48.6
2026-09-14T08:38:37.414+00:00,ASTER,HL,8.7409,1.9409,1556.46,22.04,1555.1,0.288,1557.09,1555.0,0.0003266100,0.0000062500,0.4,48.7
2026-09-14T08:38:37.414+00:00,ASTER,ENTROPY,7.4551,0.6551,1556.46,22.04,1555.3,0.1773,1557.09,1555.1,0.0003266100,0.0000017923,0.4,48.7
2026-09-14T08:38:37.414+00:00,ASTER,HL,8.7407,1.9407,1556.46,22.04,1555.1,0.288,1557.19,1555.0,0.0003266100,0.0000062500,0.4,48.7
2026-09-14T08:38:37.414+00:00,ASTER,ENTROPY,7.4550,0.6550,1556.46,22.04,1555.3,0.1773,1557.19,1555.1,0.0003266100,0.0000017923,0.4,48.7
2026-09-14T08:38:37.414+00:00,ASTER,HL,8.7407,1.9407,1556.46,16.38,1555.1,0.288,1557.19,1555.0,0.0003266100,0.0000062500,0.5,48.7
2026-09-14T08:38:37.414+00:00,ASTER,ENTROPY,7.4550,0.6550,1556.46,16.38,1555.3,0.1773,1557.19,1555.1,0.0003266100,0.0000017923,0.5,48.7
2026-09-14T08:38:37.414+00:00,ASTER,HL,7.8411,1.0411,1556.32,0.04,1555.1,0.288,1557.19,1555.0,0.0003266100,0.0000062500,0.5,48.8
2026-09-14T08:38:37.414+00:00,ASTER,HL,7.8412,1.0412,1556.32,0.04,1555.1,0.288,1557.08,1555.0,0.0003266100,0.0000062500,0.5,48.8
2026-09-14T08:38:37.414+00:00,ASTER,HL,7.8413,1.0413,1556.32,0.04,1555.1,0.288,1557.05,1555.0,0.0003266100,0.0000062500,0.5,48.8
2026-09-14T08:38:37.414+00:00,ASTER,HL,7.8414,1.0414,1556.32,0.04,1555.1,0.288,1556.94,1555.0,0.0003266100,0.0000062500,0.5,48.8
2026-09-14T08:38:37.414+00:00,ASTER,HL,7.8414,1.0414,1556.32,0.04,1555.1,0.288,1556.94,1555.0,0.0003266100,0.0000062500,0.5,48.8
2026-09-14T08:38:37.414+00:00,ASTER,HL,7.1986,0.3986,1556.32,0.04,1555.2,22.499,1556.94,1555.0,0.0003266100,0.0000062500,0.6,0.5
2026-09-14T08:38:37.456+00:00,ASTER,HL,7.1986,0.3986,1556.32,0.04,1555.2,22.499,1556.94,1555.0,0.0003266100,0.0000062500,0.7,42.3
2026-09-14T08:38:37.456+00:00,ASTER,HL,7.1984,0.3984,1556.32,0.04,1555.2,22.499,1557.05,1555.0,0.0003266100,0.0000062500,0.8,42.4
2026-09-14T08:38:37.456+00:00,ASTER,HL,7.1986,0.3986,1556.32,0.04,1555.2,22.499,1556.95,1555.0,0.0003266100,0.0000062500,0.8,42.4
2026-09-14T08:38:37.456+00:00,ASTER,HL,7.1986,0.3986,1556.32,0.04,1555.2,22.499,1556.89,1555.0,0.0003266100,0.0000062500,0.8,42.4
2026-09-14T08:38:37.478+00:00,ASTER,HL,7.1986,0.3986,1556.32,0.04,1555.2,22.499,1556.89,1555.0,0.0003266100,0.0000062500,0.2,64.7
2026-09-14T08:38:37.478+00:00,ASTER,HL,7.1986,0.3986,1556.32,0.04,1555.2,22.499,1556.89,1555.0,0.0003266100,0.0000062500,0.2,64.8
2026-09-14T08:38:37.478+00:00,ASTER,HL,7.1986,0.3986,1556.32,0.04,1555.2,22.499,1556.89,1555.0,0.0003266100,0.0000062500,0.3,64.9
2026-09-14T08:38:37.543+00:00,ASTER,HL,7.1986,0.3986,1556.32,0.04,1555.2,22.499,1556.88,1555.0,0.0003266100,0.0000062500,1.1,130.1
2026-09-14T08:38:37.543+00:00,ASTER,HL,7.7127,0.9127,1556.4,3.04,1555.2,22.499,1556.88,1555.0,0.0003266100,0.0000062500,1.2,130.2
2026-09-14T08:38:37.543+00:00,ASTER,ENTROPY,7.0698,0.2698,1556.4,3.04,1555.3,0.1773,1556.88,1555.1,0.0003266100,0.0000017923,1.2,178.5
2026-09-14T08:38:37.637+00:00,ASTER,HL,7.7127,0.9127,1556.4,3.04,1555.2,22.499,1556.88,1555.0,0.0003266100,0.0000062500,94.4,0.3
2026-09-14T08:38:37.736+00:00,ASTER,HL,8.9988,2.1988,1556.4,3.04,1555.0,9.967,1556.88,1554.8,0.0003266100,0.0000062500,193.5,0.3
2026-09-14T08:38:37.736+00:00,ASTER,ENTROPY,7.7127,0.9127,1556.4,3.04,1555.2,0.3498,1556.88,1555.0,0.0003266100,0.0000017923,193.6,0.4
2026-09-14T08:38:37.775+00:00,ASTER,HL,9.6417,2.8417,1556.4,3.04,1554.9,68.114,1556.88,1554.8,0.0003266100,0.0000062500,232.6,0.3
2026-09-14T08:38:37.874+00:00,ASTER,HL,9.6417,2.8417,1556.4,3.04,1554.9,78.152,1556.88,1554.8,0.0003266100,0.0000062500,332.2,0.3
2026-09-14T08:38:37.892+00:00,ASTER,HL,9.6417,2.8417,1556.4,3.04,1554.9,79.018,1556.88,1554.8,0.0003266100,0.0000062500,350.2,0.2
2026-09-14T08:38:38.000+00:00,ASTER,HL,9.6417,2.8417,1556.4,3.04,1554.9,21.808,1556.88,1554.8,0.0003266100,0.0000062500,458.1,0.3
2026-09-14T08:38:38.037+00:00,ASTER,HL,9.6417,2.8417,1556.4,3.04,1554.9,22.378,1556.88,1554.8,0.0003266100,0.0000062500,494.6,0.2
2026-09-14T08:38:38.115+00:00,ASTER,HL,9.6417,2.8417,1556.4,3.04,1554.9,23.044,1556.88,1554.8,0.0003266100,0.0000062500,573.3,0.2
2026-09-14T08:38:38.115+00:00,ASTER,ENTROPY,8.3556,1.5556,1556.4,3.04,1555.1,0.279,1556.88,1555.0,0.0003266100,0.0000017923,573.5,0.4
2026-09-14T08:38:38.136+00:00,ASTER,HL,9.1276,2.3276,1556.32,0.04,1554.9,23.044,1556.88,1554.8,0.0003266100,0.0000062500,1.0,20.1
2026-09-14T08:38:38.136+00:00,ASTER,ENTROPY,7.8415,1.0415,1556.32,0.04,1555.1,0.279,1556.88,1555.0,0.0003266100,0.0000017923,1.0,20.1
2026-09-14T08:38:38.147+00:00,ASTER,HL,9.7702,2.9702,1556.42,3.04,1554.9,23.044,1556.88,1554.8,0.0003266100,0.0000062500,0.2,31.3
2026-09-14T08:38:38.147+00:00,ASTER,ENTROPY,8.4841,1.6841,1556.42,3.04,1555.1,0.279,1556.88,1555.0,0.0003266100,0.0000017923,0.2,31.2
2026-09-14T08:38:38.274+00:00,ASTER,HL,9.7702,2.9702,1556.42,3.04,1554.9,23.044,1556.88,1554.8,0.0003266100,0.0000062500,127.3,0.2
2026-09-14T08:38:38.303+00:00,ASTER,HL,9.7702,2.9702,1556.42,3.04,1554.9,23.687,1556.88,1554.8,0.0003266100,0.0000062500,156.5,0.2
2026-09-14T08:38:38.329+00:00,ASTER,HL,9.7702,2.9702,1556.42,3.04,1554.9,23.687,1556.89,1554.8,0.0003266100,0.0000062500,0.2,26.4
2026-09-14T08:38:38.329+00:00,ASTER,ENTROPY,8.4841,1.6841,1556.42,3.04,1555.1,0.279,1556.89,1555.0,0.0003266100,0.0000017923,0.2,213.7
2026-09-14T08:38:38.329+00:00,ASTER,HL,9.1276,2.3276,1556.32,0.04,1554.9,23.687,1556.89,1554.8,0.0003266100,0.0000062500,0.3,26.6
2026-09-14T08:38:38.329+00:00,ASTER,ENTROPY,7.8415,1.0415,1556.32,0.04,1555.1,0.279,1556.89,1555.0,0.0003266100,0.0000017923,0.3,213.9
2026-09-14T08:38:38.363+00:00,ASTER,HL,9.1276,2.3276,1556.32,0.04,1554.9,23.687,1556.89,1554.8,0.0003266100,0.0000062500,0.2,60.0
2026-09-14T08:38:38.363+00:00,ASTER,ENTROPY,7.8415,1.0415,1556.32,0.04,1555.1,0.279,1556.89,1555.0,0.0003266100,0.0000017923,0.2,247.3
2026-09-14T08:38:38.363+00:00,ASTER,HL,9.1276,2.3276,1556.32,0.04,1554.9,23.687,1556.89,1554.8,0.0003266100,0.0000062500,0.3,60.2
2026-09-14T08:38:38.363+00:00,ASTER,ENTROPY,7.8415,1.0415,1556.32,0.04,1555.1,0.279,1556.89,1555.0,0.0003266100,0.0000017923,0.3,247.5
2026-09-14T08:38:38.363+00:00,ASTER,HL,9.1276,2.3276,1556.32,0.04,1554.9,23.687,1556.89,1554.8,0.0003266100,0.0000062500,0.4,60.2
2026-09-14T08:38:38.363+00:00,ASTER,ENTROPY,7.8415,1.0415,1556.32,0.04,1555.1,0.279,1556.89,1555.0,0.0003266100,0.0000017923,0.4,247.5
2026-09-14T08:38:38.364+00:00,ASTER,HL,9.1275,2.3275,1556.32,0.04,1554.9,23.687,1556.93,1554.8,0.0003266100,0.0000062500,0.9,60.8
2026-09-14T08:38:38.364+00:00,ASTER,ENTROPY,7.8414,1.0414,1556.32,0.04,1555.1,0.279,1556.93,1555.0,0.0003266100,0.0000017923,0.9,248.1
2026-09-14T08:38:38.364+00:00,ASTER,HL,9.8987,3.0987,1556.44,3.04,1554.9,23.687,1556.93,1554.8,0.0003266100,0.0000062500,1.0,60.8
2026-09-14T08:38:38.364+00:00,ASTER,ENTROPY,8.6126,1.8126,1556.44,3.04,1555.1,0.279,1556.93,1555.0,0.0003266100,0.0000017923,1.0,248.1
2026-09-14T08:38:38.364+00:00,ASTER,HL,10.1557,3.3557,1556.48,3.04,1554.9,23.687,1556.93,1554.8,0.0003266100,0.0000062500,1.0,60.8
2026-09-14T08:38:38.364+00:00,ASTER,ENTROPY,8.8696,2.0696,1556.48,3.04,1555.1,0.279,1556.93,1555.0,0.0003266100,0.0000017923,1.0,248.2
2026-09-14T08:38:38.364+00:00,ASTER,HL,10.4127,3.6127,1556.52,3.04,1554.9,23.687,1556.93,1554.8,0.0003266100,0.0000062500,1.0,60.9
2026-09-14T08:38:38.364+00:00,ASTER,ENTROPY,9.1266,2.3266,1556.52,3.04,1555.1,0.279,1556.93,1555.0,0.0003266100,0.0000017923,1.0,248.2
2026-09-14T08:38:38.377+00:00,ASTER,HL,10.1557,3.3557,1556.48,3.04,1554.9,23.687,1556.93,1554.8,0.0003266100,0.0000062500,0.1,73.9
2026-09-14T08:38:38.377+00:00,ASTER,ENTROPY,8.8696,2.0696,1556.48,3.04,1555.1,0.279,1556.93,1555.0,0.0003266100,0.0000017923,0.1,261.2
2026-09-14T08:38:38.388+00:00,ASTER,HL,10.7983,3.9983,1556.58,3.04,1554.9,23.687,1556.93,1554.8,0.0003266100,0.0000062500,0.2,85.3
2026-09-14T08:38:38.388+00:00,ASTER,ENTROPY,9.5122,2.7122,1556.58,3.04,1555.1,0.279,1556.93,1555.0,0.0003266100,0.0000017923,0.2,272.6
2026-09-14T08:38:38.389+00:00,ASTER,HL,11.1196,4.3196,1556.63,3.04,1554.9,23.687,1556.93,1554.8,0.0003266100,0.0000062500,0.8,85.9
2026-09-14T08:38:38.389+00:00,ASTER,ENTROPY,9.8334,3.0334,1556.63,3.04,1555.1,0.279,1556.93,1555.0,0.0003266100,0.0000017923,0.8,273.3
2026-09-14T08:38:38.415+00:00,ASTER,HL,11.1196,4.3196,1556.63,3.04,1554.9,22.044,1556.93,1554.8,0.0003266100,0.0000062500,26.6,0.2
2026-09-14T08:38:38.443+00:00,ASTER,HL,11.1196,4.3196,1556.63,3.04,1554.9,21.735,1556.93,1554.8,0.0003266100,0.0000062500,55.3,0.9
2026-09-14T08:38:38.484+00:00,ASTER,HL,11.1193,4.3193,1556.63,3.04,1554.9,21.735,1557.06,1554.8,0.0003266100,0.0000062500,0.3,42.3
2026-09-14T08:38:38.484+00:00,ASTER,ENTROPY,9.8332,3.0332,1556.63,3.04,1555.1,0.279,1557.06,1555.0,0.0003266100,0.0000017923,0.3,369.2
2026-09-14T08:38:38.485+00:00,ASTER,HL,11.1193,4.3193,1556.63,3.04,1554.9,21.735,1557.06,1554.8,0.0003266100,0.0000062500,0.4,42.5
2026-09-14T08:38:38.485+00:00,ASTER,ENTROPY,9.8332,3.0332,1556.63,3.04,1555.1,0.279,1557.06,1555.0,0.0003266100,0.0000017923,0.4,369.4
2026-09-14T08:38:38.485+00:00,ASTER,HL,11.1191,4.3191,1556.63,3.04,1554.9,21.735,1557.19,1554.8,0.0003266100,0.0000062500,0.5,42.6
2026-09-14T08:38:38.485+00:00,ASTER,ENTROPY,9.8330,3.0330,1556.63,3.04,1555.1,0.279,1557.19,1555.0,0.0003266100,0.0000017923,0.5,369.5
2026-09-14T08:38:38.492+00:00,ASTER,HL,9.1271,2.3271,1556.32,0.04,1554.9,21.735,1557.19,1554.8,0.0003266100,0.0000062500,0.2,49.7
2026-09-14T08:38:38.492+00:00,ASTER,ENTROPY,7.8411,1.0411,1556.32,0.04,1555.1,0.279,1557.19,1555.0,0.0003266100,0.0000017923,0.2,376.7
2026-09-14T08:38:38.500+00:00,ASTER,HL,11.3761,4.5761,1556.67,3.04,1554.9,21.735,1557.19,1554.8,0.0003266100,0.0000062500,0.3,57.9
2026-09-14T08:38:38.500+00:00,ASTER,ENTROPY,10.0900,3.2900,1556.67,3.04,1555.1,0.279,1557.19,1555.0,0.0003266100,0.0000017923,0.3,384.8
2026-09-14T08:38:38.500+00:00,ASTER,HL,11.3763,4.5763,1556.67,3.04,1554.9,21.735,1557.09,1554.8,0.0003266100,0.0000062500,0.4,58.1
2026-09-14T08:38:38.500+00:00,ASTER,ENTROPY,10.0902,3.2902,1556.67,3.04,1555.1,0.279,1557.09,1555.0,0.0003266100,0.0000017923,0.4,385.0
2026-09-14T08:38:38.502+00:00,ASTER,HL,11.3763,4.5763,1556.67,3.04,1554.9,25.313,1557.09,1554.8,0.0003266100,0.0000062500,2.3,0.2
2026-09-14T08:38:38.502+00:00,ASTER,ENTROPY,10.0902,3.2902,1556.67,3.04,1555.1,0.6468,1557.09,1555.0,0.0003266100,0.0000017923,2.4,0.2
2026-09-14T08:38:38.536+00:00,ASTER,HL,10.0269,3.2269,1556.46,24.31,1554.9,25.313,1557.09,1554.8,0.0003266100,0.0000062500,0.3,33.7
2026-09-14T08:38:38.536+00:00,ASTER,ENTROPY,8.7409,1.9409,1556.46,24.31,1555.1,0.6468,1557.09,1555.0,0.0003266100,0.0000017923,0.3,33.6
2026-09-14T08:38:38.543+00:00,ASTER,HL,10.0269,3.2269,1556.46,32.24,1554.9,25.313,1557.09,1554.8,0.0003266100,0.0000062500,0.2,40.6
2026-09-14T08:38:38.543+00:00,ASTER,ENTROPY,8.7409,1.9409,1556.46,32.24,1555.1,0.6468,1557.09,1555.0,0.0003266100,0.0000017923,0.2,40.6
2026-09-14T08:38:38.543+00:00,ASTER,HL,10.0269,3.2269,1556.46,32.24,1554.9,25.313,1557.09,1554.8,0.0003266100,0.0000062500,0.4,40.8
2026-09-14T08:38:38.543+00:00,ASTER,ENTROPY,8.7409,1.9409,1556.46,32.24,1555.1,0.6468,1557.09,1555.0,0.0003266100,0.0000017923,0.4,40.8
2026-09-14T08:38:38.543+00:00,ASTER,HL,10.0269,3.2269,1556.46,48.62,1554.9,25.313,1557.09,1554.8,0.0003266100,0.0000062500,0.5,40.9
2026-09-14T08:38:38.543+00:00,ASTER,ENTROPY,8.7409,1.9409,1556.46,48.62,1555.1,0.6468,1557.09,1555.0,0.0003266100,0.0000017923,0.5,40.9
2026-09-14T08:38:38.543+00:00,ASTER,HL,11.6333,4.8333,1556.71,3.04,1554.9,25.313,1557.09,1554.8,0.0003266100,0.0000062500,0.5,40.9
2026-09-14T08:38:38.543+00:00,ASTER,ENTROPY,10.3472,3.5472,1556.71,3.04,1555.1,0.6468,1557.09,1555.0,0.0003266100,0.0000017923,0.5,40.9
2026-09-14T08:38:38.581+00:00,ASTER,HL,11.6333,4.8333,1556.71,3.04,1554.9,25.313,1557.09,1554.8,0.0003266100,0.0000062500,39.0,0.2
2026-09-14T08:38:38.581+00:00,ASTER,ENTROPY,10.3472,3.5472,1556.71,3.04,1555.1,0.3678,1557.09,1555.0,0.0003266100,0.0000017923,39.1,0.3
2026-09-14T08:38:38.585+00:00,ASTER,HL,11.6333,4.8333,1556.71,3.04,1554.9,25.313,1557.09,1554.8,0.0003266100,0.0000062500,0.1,4.5
2026-09-14T08:38:38.585+00:00,ASTER,ENTROPY,10.3472,3.5472,1556.71,3.04,1555.1,0.3678,1557.09,1555.0,0.0003266100,0.0000017923,0.1,4.4
2026-09-14T08:38:38.591+00:00,ASTER,HL,11.6332,4.8332,1556.71,3.04,1554.9,25.313,1557.16,1554.8,0.0003266100,0.0000062500,0.1,10.4
2026-09-14T08:38:38.591+00:00,ASTER,ENTROPY,10.3471,3.5471,1556.71,3.04,1555.1,0.3678,1557.16,1555.0,0.0003266100,0.0000017923,0.1,10.3
2026-09-14T08:38:38.598+00:00,ASTER,HL,11.6333,4.8333,1556.71,3.04,1554.9,25.313,1557.12,1554.8,0.0003266100,0.0000062500,0.1,16.6
2026-09-14T08:38:38.598+00:00,ASTER,ENTROPY,10.3472,3.5472,1556.71,3.04,1555.1,0.3678,1557.12,1555.0,0.0003266100,0.0000017923,0.1,16.5
2026-09-14T08:38:38.598+00:00,ASTER,HL,11.6333,4.8333,1556.71,3.04,1554.9,25.313,1557.12,1554.8,0.0003266100,0.0000062500,0.2,16.7
2026-09-14T08:38:38.598+00:00,ASTER,ENTROPY,10.3472,3.5472,1556.71,3.04,1555.1,0.3678,1557.12,1555.0,0.0003266100,0.0000017923,0.2,16.7
2026-09-14T08:38:38.637+00:00,ASTER,HL,10.0269,3.2269,1556.46,48.62,1554.9,25.313,1557.12,1554.8,0.0003266100,0.0000062500,0.2,56.4
2026-09-14T08:38:38.637+00:00,ASTER,ENTROPY,8.7408,1.9408,1556.46,48.62,1555.1,0.3678,1557.12,1555.0,0.0003266100,0.0000017923,0.2,56.3
2026-09-14T08:38:38.638+00:00,ASTER,HL,10.0269,3.2269,1556.46,48.62,1554.9,3.578,1557.12,1554.8,0.0003266100,0.0000062500,0.4,0.3
2026-09-14T08:38:38.638+00:00,ASTER,ENTROPY,7.4552,0.6552,1556.46,48.62,1555.3,0.1661,1557.12,1555.0,0.0003266100,0.0000017923,0.5,0.3
2026-09-14T08:38:38.644+00:00,ASTER,HL,10.0269,3.2269,1556.46,48.62,1554.9,3.578,1557.08,1554.8,0.0003266100,0.0000062500,0.1,7.0
2026-09-14T08:38:38.644+00:00,ASTER,ENTROPY,7.4552,0.6552,1556.46,48.62,1555.3,0.1661,1557.08,1555.0,0.0003266100,0.0000017923,0.1,7.0
2026-09-14T08:38:38.644+00:00,ASTER,HL,11.6976,4.8976,1556.72,3.04,1554.9,3.578,1557.08,1554.8,0.0003266100,0.0000062500,0.2,7.1
2026-09-14T08:38:38.644+00:00,ASTER,ENTROPY,9.1258,2.3258,1556.72,3.04,1555.3,0.1661,1557.08,1555.0,0.0003266100,0.0000017923,0.2,7.1
2026-09-14T08:38:38.687+00:00,ASTER,ENTROPY,9.1258,2.3258,1556.72,3.04,1555.3,0.278,1557.08,1555.0,0.0003266100,0.0000017923,42.6,0.2
2026-09-14T08:38:38.734+00:00,ASTER,HL,11.6975,4.8975,1556.72,3.04,1554.9,3.578,1557.12,1554.8,0.0003266100,0.0000062500,0.2,96.5
2026-09-14T08:38:38.734+00:00,ASTER,ENTROPY,9.1258,2.3258,1556.72,3.04,1555.3,0.278,1557.12,1555.0,0.0003266100,0.0000017923,0.2,47.1
2026-09-14T08:38:38.846+00:00,ASTER,HL,11.6975,4.8975,1556.72,3.04,1554.9,3.578,1557.11,1554.8,0.0003266100,0.0000062500,0.2,208.9
2026-09-14T08:38:38.846+00:00,ASTER,ENTROPY,9.1258,2.3258,1556.72,3.04,1555.3,0.278,1557.11,1555.0,0.0003266100,0.0000017923,0.2,159.5
2026-09-14T08:38:38.846+00:00,ASTER,HL,11.6975,4.8975,1556.72,3.04,1554.9,3.578,1557.11,1554.8,0.0003266100,0.0000062500,0.4,0.2
2026-09-14T08:38:38.981+00:00,ASTER,HL,9.7684,2.9684,1556.72,3.04,1555.2,23.016,1557.11,1555.1,0.0003266100,0.0000062500,134.3,0.3
2026-09-14T08:38:38.981+00:00,ASTER,ENTROPY,9.1255,2.3255,1556.72,3.04,1555.3,0.278,1557.11,1555.2,0.0003266100,0.0000017923,134.5,0.5
2026-09-14T08:38:39.061+00:00,ASTER,HL,9.7684,2.9684,1556.72,3.04,1555.2,22.66,1557.11,1555.1,0.0003266100,0.0000062500,214.9,0.3
2026-09-14T08:38:39.061+00:00,ASTER,ENTROPY,9.1255,2.3255,1556.72,3.04,1555.3,0.3126,1557.11,1555.2,0.0003266100,0.0000017923,215.1,0.5
2026-09-14T08:38:39.061+00:00,ASTER,HL,9.7684,2.9684,1556.72,3.04,1555.2,22.66,1557.11,1555.1,0.0003266100,0.0000062500,215.2,0.4
2026-09-14T08:38:39.061+00:00,ASTER,HL,9.7684,2.9684,1556.72,3.04,1555.2,22.66,1557.12,1555.1,0.0003266100,0.0000062500,0.2,0.4
2026-09-14T08:38:39.061+00:00,ASTER,ENTROPY,9.1255,2.3255,1556.72,3.04,1555.3,0.3126,1557.12,1555.2,0.0003266100,0.0000017923,0.2,0.6
2026-09-14T08:38:39.061+00:00,ASTER,HL,9.3829,2.5829,1556.66,0.78,1555.2,22.66,1557.12,1555.1,0.0003266100,0.0000062500,0.2,0.5
2026-09-14T08:38:39.061+00:00,ASTER,ENTROPY,8.7400,1.9400,1556.66,0.78,1555.3,0.3126,1557.12,1555.2,0.0003266100,0.0000017923,0.2,0.6
2026-09-14T08:38:39.062+00:00,ASTER,HL,9.3829,2.5829,1556.66,0.78,1555.2,22.66,1557.12,1555.1,0.0003266100,0.0000062500,0.2,0.5
2026-09-14T08:38:39.062+00:00,ASTER,ENTROPY,8.7400,1.9400,1556.66,0.78,1555.3,0.3126,1557.12,1555.2,0.0003266100,0.0000017923,0.2,0.6
2026-09-14T08:38:39.062+00:00,ASTER,HL,9.3828,2.5828,1556.66,0.78,1555.2,22.66,1557.19,1555.1,0.0003266100,0.0000062500,0.3,0.5
2026-09-14T08:38:39.062+00:00,ASTER,ENTROPY,8.7399,1.9399,1556.66,0.78,1555.3,0.3126,1557.19,1555.2,0.0003266100,0.0000017923,0.3,0.7
2026-09-14T08:38:39.062+00:00,ASTER,HL,9.3829,2.5829,1556.66,0.78,1555.2,22.66,1557.14,1555.1,0.0003266100,0.0000062500,0.8,1.1
2026-09-14T08:38:39.062+00:00,ASTER,ENTROPY,8.7399,1.9399,1556.66,0.78,1555.3,0.3126,1557.14,1555.2,0.0003266100,0.0000017923,0.8,1.2
2026-09-14T08:38:39.062+00:00,ASTER,HL,9.3829,2.5829,1556.66,0.78,1555.2,22.66,1557.14,1555.1,0.0003266100,0.0000062500,0.9,1.1
2026-09-14T08:38:39.062+00:00,ASTER,ENTROPY,8.7399,1.9399,1556.66,0.78,1555.3,0.3126,1557.14,1555.2,0.0003266100,0.0000017923,0.9,1.3
2026-09-14T08:38:39.062+00:00,ASTER,HL,9.8969,3.0969,1556.74,3.04,1555.2,22.66,1557.14,1555.1,0.0003266100,0.0000062500,0.9,1.2
2026-09-14T08:38:39.062+00:00,ASTER,ENTROPY,9.2539,2.4539,1556.74,3.04,1555.3,0.3126,1557.14,1555.2,0.0003266100,0.0000017923,0.9,1.3
2026-09-14T08:38:39.081+00:00,ASTER,HL,9.8969,3.0969,1556.74,3.04,1555.2,22.66,1557.14,1555.1,0.0003266100,0.0000062500,0.1,19.6
2026-09-14T08:38:39.081+00:00,ASTER,ENTROPY,9.2539,2.4539,1556.74,3.04,1555.3,0.3126,1557.14,1555.2,0.0003266100,0.0000017923,0.1,19.8
2026-09-14T08:38:39.081+00:00,ASTER,HL,9.8968,3.0968,1556.74,3.04,1555.2,22.66,1557.19,1555.1,0.0003266100,0.0000062500,0.2,19.7
2026-09-14T08:38:39.081+00:00,ASTER,ENTROPY,9.2539,2.4539,1556.74,3.04,1555.3,0.3126,1557.19,1555.2,0.0003266100,0.0000017923,0.2,19.9
2026-09-14T08:38:39.097+00:00,ASTER,HL,9.8968,3.0968,1556.74,3.04,1555.2,22.66,1557.19,1555.1,0.0003266100,0.0000062500,0.2,36.9
2026-09-14T08:38:39.097+00:00,ASTER,ENTROPY,9.2539,2.4539,1556.74,3.04,1555.3,0.3126,1557.19,1555.2,0.0003266100,0.0000017923,0.2,37.0
2026-09-14T08:38:39.098+00:00,ASTER,HL,9.8968,3.0968,1556.74,3.04,1555.2,22.66,1557.19,1555.1,0.0003266100,0.0000062500,0.3,37.0
2026-09-14T08:38:39.098+00:00,ASTER,ENTROPY,9.2539,2.4539,1556.74,3.04,1555.3,0.3126,1557.19,1555.2,0.0003266100,0.0000017923,0.3,37.2
2026-09-14T08:38:39.117+00:00,ASTER,ENTROPY,9.2542,2.4542,1556.74,3.04,1555.3,0.3126,1557.19,1555.0,0.0003266100,0.0000017923,19.8,0.2
2026-09-14T08:38:39.171+00:00,ASTER,HL,9.3828,2.5828,1556.66,0.78,1555.2,22.66,1557.19,1555.1,0.0003266100,0.0000062500,0.2,110.5
2026-09-14T08:38:39.171+00:00,ASTER,ENTROPY,8.7401,1.9401,1556.66,0.78,1555.3,0.3126,1557.19,1555.0,0.0003266100,0.0000017923,0.2,54.2
2026-09-14T08:38:39.176+00:00,ASTER,HL,10.3465,3.5465,1556.81,3.04,1555.2,22.66,1557.19,1555.1,0.0003266100,0.0000062500,0.7,114.8
2026-09-14T08:38:39.176+00:00,ASTER,ENTROPY,9.7039,2.9039,1556.81,3.04,1555.3,0.3126,1557.19,1555.0,0.0003266100,0.0000017923,0.7,58.5
2026-09-14T08:38:39.181+00:00,ASTER,HL,10.3465,3.5465,1556.81,3.04,1555.2,21.735,1557.19,1555.1,0.0003266100,0.0000062500,6.2,0.2
2026-09-14T08:38:39.236+00:00,ASTER,HL,10.3466,3.5466,1556.81,3.04,1555.2,21.735,1557.18,1555.1,0.0003266100,0.0000062500,0.2,55.0
2026-09-14T08:38:39.236+00:00,ASTER,ENTROPY,9.7039,2.9039,1556.81,3.04,1555.3,0.3126,1557.18,1555.0,0.0003266100,0.0000017923,0.2,118.7
2026-09-14T08:38:39.303+00:00,ASTER,HL,10.3467,3.5467,1556.81,3.04,1555.2,22.023,1557.18,1555.0,0.0003266100,0.0000062500,66.8,0.3
2026-09-14T08:38:39.311+00:00,ASTER,HL,10.3466,3.5466,1556.81,3.04,1555.2,21.735,1557.18,1555.1,0.0003266100,0.0000062500,75.4,0.2
2026-09-14T08:38:39.312+00:00,ASTER,ENTROPY,9.7036,2.9036,1556.81,3.04,1555.3,0.1119,1557.18,1555.2,0.0003266100,0.0000017923,75.5,0.3
2026-09-14T08:38:39.385+00:00,ASTER,HL,10.3465,3.5465,1556.81,3.04,1555.2,21.735,1557.19,1555.1,0.0003266100,0.0000062500,0.2,73.6
2026-09-14T08:38:39.385+00:00,ASTER,ENTROPY,9.7036,2.9036,1556.81,3.04,1555.3,0.1119,1557.19,1555.2,0.0003266100,0.0000017923,0.2,73.6
2026-09-14T08:38:39.426+00:00,ASTER,HL,9.3828,2.5828,1556.66,0.78,1555.2,21.735,1557.19,1555.1,0.0003266100,0.0000062500,0.2,114.4
2026-09-14T08:38:39.426+00:00,ASTER,ENTROPY,8.7399,1.9399,1556.66,0.78,1555.3,0.1119,1557.19,1555.2,0.0003266100,0.0000017923,0.2,114.4
2026-09-14T08:38:39.457+00:00,ASTER,HL,8.7403,1.9403,1556.56,42.04,1555.2,21.735,1557.19,1555.1,0.0003266100,0.0000062500,0.2,146.2
2026-09-14T08:38:39.457+00:00,ASTER,ENTROPY,8.0974,1.2974,1556.56,42.04,1555.3,0.1119,1557.19,1555.2,0.0003266100,0.0000017923,0.2,146.2
2026-09-14T08:38:39.458+00:00,ASTER,HL,8.7403,1.9403,1556.56,42.04,1555.2,21.735,1557.19,1555.1,0.0003266100,0.0000062500,0.3,146.4
2026-09-14T08:38:39.458+00:00,ASTER,ENTROPY,8.0974,1.2974,1556.56,42.04,1555.3,0.1119,1557.19,1555.2,0.0003266100,0.0000017923,0.3,146.4
2026-09-14T08:38:39.458+00:00,ASTER,HL,8.7403,1.9403,1556.56,37.4,1555.2,21.735,1557.19,1555.1,0.0003266100,0.0000062500,0.4,146.5
2026-09-14T08:38:39.458+00:00,ASTER,ENTROPY,8.0974,1.2974,1556.56,37.4,1555.3,0.1119,1557.19,1555.2,0.0003266100,0.0000017923,0.4,146.5
2026-09-14T08:38:39.458+00:00,ASTER,HL,8.7403,1.9403,1556.56,21.02,1555.2,21.735,1557.19,1555.1,0.0003266100,0.0000062500,0.5,146.6
2026-09-14T08:38:39.458+00:00,ASTER,ENTROPY,8.0974,1.2974,1556.56,21.02,1555.3,0.1119,1557.19,1555.2,0.0003266100,0.0000017923,0.5,146.6
2026-09-14T08:38:39.458+00:00,ASTER,HL,8.7403,1.9403,1556.56,21.02,1555.2,21.735,1557.17,1555.1,0.0003266100,0.0000062500,0.6,146.7
2026-09-14T08:38:39.458+00:00,ASTER,ENTROPY,8.0974,1.2974,1556.56,21.02,1555.3,0.1119,1557.17,1555.2,0.0003266100,0.0000017923,0.6,146.7
2026-09-14T08:38:39.495+00:00,ASTER,HL,8.7403,1.9403,1556.56,16.38,1555.2,21.735,1557.17,1555.1,0.0003266100,0.0000062500,0.2,184.3
2026-09-14T08:38:39.495+00:00,ASTER,ENTROPY,8.0974,1.2974,1556.56,16.38,1555.3,0.1119,1557.17,1555.2,0.0003266100,0.0000017923,0.2,184.3
2026-09-14T08:38:39.495+00:00,ASTER,HL,7.1982,0.3982,1556.32,0.04,1555.2,21.735,1557.17,1555.1,0.0003266100,0.0000062500,0.2,184.4
2026-09-14T08:38:39.495+00:00,ASTER,HL,7.1982,0.3982,1556.32,0.04,1555.2,21.735,1557.15,1555.1,0.0003266100,0.0000062500,0.3,184.4
2026-09-14T08:38:39.504+00:00,ASTER,HL,7.1982,0.3982,1556.32,0.04,1555.2,23.063,1557.15,1555.1,0.0003266100,0.0000062500,8.2,0.1
2026-09-14T08:38:39.524+00:00,ASTER,HL,7.1983,0.3983,1556.32,0.04,1555.2,23.063,1557.1,1555.1,0.0003266100,0.0000062500,0.2,20.5
2026-09-14T08:38:39.524+00:00,ASTER,HL,8.1621,1.3621,1556.47,1.75,1555.2,23.063,1557.1,1555.1,0.0003266100,0.0000062500,0.3,20.6
2026-09-14T08:38:39.524+00:00,ASTER,ENTROPY,7.5192,0.7192,1556.47,1.75,1555.3,0.1119,1557.1,1555.2,0.0003266100,0.0000017923,0.3,212.8
2026-09-14T08:38:39.524+00:00,ASTER,HL,8.1621,1.3621,1556.47,1.75,1555.2,23.063,1557.1,1555.1,0.0003266100,0.0000062500,0.4,20.7
2026-09-14T08:38:39.524+00:00,ASTER,ENTROPY,7.5192,0.7192,1556.47,1.75,1555.3,0.1119,1557.1,1555.2,0.0003266100,0.0000017923,0.4,212.9
2026-09-14T08:38:39.524+00:00,ASTER,HL,8.1621,1.3621,1556.47,1.75,1555.2,23.063,1557.1,1555.1,0.0003266100,0.0000062500,0.5,20.8
2026-09-14T08:38:39.524+00:00,ASTER,ENTROPY,7.5192,0.7192,1556.47,1.75,1555.3,0.1119,1557.1,1555.2,0.0003266100,0.0000017923,0.5,213.0
2026-09-14T08:38:39.525+00:00,ASTER,HL,8.1621,1.3621,1556.47,1.75,1555.2,23.063,1557.1,1555.1,0.0003266100,0.0000062500,0.5,20.9
2026-09-14T08:38:39.525+00:00,ASTER,ENTROPY,7.5192,0.7192,1556.47,1.75,1555.3,0.1119,1557.1,1555.2,0.0003266100,0.0000017923,0.5,213.1
2026-09-14T08:38:39.525+00:00,ASTER,HL,8.1621,1.3621,1556.47,3.46,1555.2,23.063,1557.1,1555.1,0.0003266100,0.0000062500,0.6,21.0
2026-09-14T08:38:39.525+00:00,ASTER,ENTROPY,7.5192,0.7192,1556.47,3.46,1555.3,0.1119,1557.1,1555.2,0.0003266100,0.0000017923,0.6,213.2
2026-09-14T08:38:39.525+00:00,ASTER,HL,8.1621,1.3621,1556.47,3.46,1555.2,23.063,1557.1,1555.1,0.0003266100,0.0000062500,0.6,0.5
2026-09-14T08:38:39.525+00:00,ASTER,ENTROPY,7.5192,0.7192,1556.47,3.46,1555.3,0.3113,1557.1,1555.2,0.0003266100,0.0000017923,0.7,0.6
2026-09-14T08:38:39.540+00:00,ASTER,HL,8.1621,1.3621,1556.47,3.46,1555.2,23.063,1557.1,1555.1,0.0003266100,0.0000062500,0.1,16.0
2026-09-14T08:38:39.540+00:00,ASTER,ENTROPY,7.5192,0.7192,1556.47,3.46,1555.3,0.3113,1557.1,1555.2,0.0003266100,0.0000017923,0.1,16.0
2026-09-14T08:38:39.540+00:00,ASTER,HL,8.1621,1.3621,1556.47,1.71,1555.2,23.063,1557.1,1555.1,0.0003266100,0.0000062500,0.2,16.1
2026-09-14T08:38:39.540+00:00,ASTER,ENTROPY,7.5192,0.7192,1556.47,1.71,1555.3,0.3113,1557.1,1555.2,0.0003266100,0.0000017923,0.2,16.1
2026-09-14T08:38:39.540+00:00,ASTER,HL,8.1621,1.3621,1556.47,1.71,1555.2,23.063,1557.1,1555.1,0.0003266100,0.0000062500,0.3,16.2
2026-09-14T08:38:39.540+00:00,ASTER,ENTROPY,7.5192,0.7192,1556.47,1.71,1555.3,0.3113,1557.1,1555.2,0.0003266100,0.0000017923,0.3,16.1
2026-09-14T08:38:39.540+00:00,ASTER,HL,8.1621,1.3621,1556.47,1.71,1555.2,23.063,1557.1,1555.1,0.0003266100,0.0000062500,0.3,16.2
2026-09-14T08:38:39.540+00:00,ASTER,ENTROPY,7.5192,0.7192,1556.47,1.71,1555.3,0.3113,1557.1,1555.2,0.0003266100,0.0000017923,0.3,16.2
2026-09-14T08:38:39.540+00:00,ASTER,HL,8.1621,1.3621,1556.47,1.71,1555.2,23.063,1557.15,1555.1,0.0003266100,0.0000062500,0.4,16.3
2026-09-14T08:38:39.540+00:00,ASTER,ENTROPY,7.5191,0.7191,1556.47,1.71,1555.3,0.3113,1557.15,1555.2,0.0003266100,0.0000017923,0.4,16.2
2026-09-14T08:38:39.540+00:00,ASTER,HL,7.6480,0.8480,1556.39,16.38,1555.2,23.063,1557.15,1555.1,0.0003266100,0.0000062500,0.4,16.3
2026-09-14T08:38:39.540+00:00,ASTER,ENTROPY,7.0051,0.2051,1556.39,16.38,1555.3,0.3113,1557.15,1555.2,0.0003266100,0.0000017923,0.4,16.3
2026-09-14T08:38:39.540+00:00,ASTER,HL,7.1982,0.3982,1556.32,0.04,1555.2,23.063,1557.15,1555.1,0.0003266100,0.0000062500,0.5,16.4
2026-09-14T08:38:39.540+00:00,ASTER,HL,7.1983,0.3983,1556.32,0.04,1555.2,23.063,1557.05,1555.1,0.0003266100,0.0000062500,0.5,16.4
2026-09-14T08:38:39.547+00:00,ASTER,HL,8.9975,2.1975,1556.6,3.04,1555.2,23.063,1557.05,1555.1,0.0003266100,0.0000062500,0.2,23.1
2026-09-14T08:38:39.547+00:00,ASTER,ENTROPY,8.3546,1.5546,1556.6,3.04,1555.3,0.3113,1557.05,1555.2,0.0003266100,0.0000017923,0.2,23.1
2026-09-14T08:38:39.582+00:00,ASTER,HL,8.9975,2.1975,1556.6,3.04,1555.2,23.706,1557.05,1555.1,0.0003266100,0.0000062500,35.7,0.2
2026-09-14T08:38:39.593+00:00,ASTER,HL,8.9975,2.1975,1556.6,3.04,1555.2,23.706,1557.02,1555.1,0.0003266100,0.0000062500,0.1,10.7
2026-09-14T08:38:39.593+00:00,ASTER,ENTROPY,8.3546,1.5546,1556.6,3.04,1555.3,0.3113,1557.02,1555.2,0.0003266100,0.0000017923,0.1,69.1
2026-09-14T08:38:39.593+00:00,ASTER,HL,8.9975,2.1975,1556.6,3.04,1555.2,23.706,1557.02,1555.1,0.0003266100,0.0000062500,0.2,10.8
2026-09-14T08:38:39.593+00:00,ASTER,ENTROPY,8.3546,1.5546,1556.6,3.04,1555.3,0.3113,1557.02,1555.2,0.0003266100,0.0000017923,0.2,69.2
2026-09-14T08:38:39.593+00:00,ASTER,HL,8.9975,2.1975,1556.6,3.04,1555.2,23.706,1557.02,1555.1,0.0003266100,0.0000062500,0.3,10.8
2026-09-14T08:38:39.593+00:00,ASTER,ENTROPY,8.3546,1.5546,1556.6,3.04,1555.3,0.3113,1557.02,1555.2,0.0003266100,0.0000017923,0.3,69.2
2026-09-14T08:38:39.593+00:00,ASTER,HL,8.9975,2.1975,1556.6,3.04,1555.2,23.706,1557.02,1555.1,0.0003266100,0.0000062500,0.3,10.8
2026-09-14T08:38:39.593+00:00,ASTER,ENTROPY,8.3546,1.5546,1556.6,3.04,1555.3,0.3113,1557.02,1555.2,0.0003266100,0.0000017923,0.3,69.3
2026-09-14T08:38:39.630+00:00,ASTER,HL,8.9975,2.1975,1556.6,3.04,1555.2,23.706,1557.02,1555.1,0.0003266100,0.0000062500,0.2,48.2
2026-09-14T08:38:39.630+00:00,ASTER,ENTROPY,8.3546,1.5546,1556.6,3.04,1555.3,0.3113,1557.02,1555.2,0.0003266100,0.0000017923,0.2,106.6
2026-09-14T08:38:39.630+00:00,ASTER,HL,8.9975,2.1975,1556.6,3.04,1555.2,23.706,1557.02,1555.1,0.0003266100,0.0000062500,0.3,48.4
2026-09-14T08:38:39.630+00:00,ASTER,ENTROPY,8.3546,1.5546,1556.6,3.04,1555.3,0.3113,1557.02,1555.2,0.0003266100,0.0000017923,0.3,106.8
2026-09-14T08:38:39.636+00:00,ASTER,HL,8.9975,2.1975,1556.6,3.04,1555.2,23.706,1557.02,1555.1,0.0003266100,0.0000062500,0.1,53.1
2026-09-14T08:38:39.636+00:00,ASTER,ENTROPY,8.3546,1.5546,1556.6,3.04,1555.3,0.3113,1557.02,1555.2,0.0003266100,0.0000017923,0.1,111.5
2026-09-14T08:38:39.636+00:00,ASTER,HL,8.9975,2.1975,1556.6,3.04,1555.2,23.706,1557.05,1555.1,0.0003266100,0.0000062500,0.1,53.1
2026-09-14T08:38:39.636+00:00,ASTER,ENTROPY,8.3546,1.5546,1556.6,3.04,1555.3,0.3113,1557.05,1555.2,0.0003266100,0.0000017923,0.1,111.6
2026-09-14T08:38:39.645+00:00,ASTER,HL,8.9975,2.1975,1556.6,3.04,1555.2,23.706,1557.03,1555.1,0.0003266100,0.0000062500,0.6,62.9
2026-09-14T08:38:39.645+00:00,ASTER,ENTROPY,8.3546,1.5546,1556.6,3.04,1555.3,0.3113,1557.03,1555.2,0.0003266100,0.0000017923,0.6,121.3
2026-09-14T08:38:39.645+00:00,ASTER,HL,8.9975,2.1975,1556.6,3.04,1555.2,23.706,1557.03,1555.1,0.0003266100,0.0000062500,0.7,62.9
2026-09-14T08:38:39.645+00:00,ASTER,ENTROPY,8.3546,1.5546,1556.6,3.04,1555.3,0.3113,1557.03,1555.2,0.0003266100,0.0000017923,0.7,121.4
2026-09-14T08:38:39.691+00:00,ASTER,HL,8.9976,2.1976,1556.6,3.04,1555.2,23.706,1557.01,1555.1,0.0003266100,0.0000062500,0.2,109.3
2026-09-14T08:38:39.691+00:00,ASTER,ENTROPY,8.3546,1.5546,1556.6,3.04,1555.3,0.3113,1557.01,1555.2,0.0003266100,0.0000017923,0.2,167.7
2026-09-14T08:38:39.718+00:00,ASTER,HL,8.9977,2.1977,1556.6,3.04,1555.2,24.59,1557.01,1555.0,0.0003266100,0.0000062500,26.2,0.2
2026-09-14T08:38:39.718+00:00,ASTER,ENTROPY,8.3549,1.5549,1556.6,3.04,1555.3,0.4487,1557.01,1555.0,0.0003266100,0.0000017923,26.3,0.2
2026-09-14T08:38:39.785+00:00,ASTER,HL,7.7126,0.9126,1556.4,44.24,1555.2,24.59,1557.01,1555.0,0.0003266100,0.0000062500,0.2,67.4
2026-09-14T08:38:39.785+00:00,ASTER,ENTROPY,7.0697,0.2697,1556.4,44.24,1555.3,0.4487,1557.01,1555.0,0.0003266100,0.0000017923,0.2,67.4
2026-09-14T08:38:39.787+00:00,ASTER,HL,7.7126,0.9126,1556.4,44.24,1555.2,31.083,1557.01,1555.0,0.0003266100,0.0000062500,2.6,0.1
2026-09-14T08:38:39.826+00:00,ASTER,HL,7.7126,0.9126,1556.4,38.5,1555.2,31.083,1557.01,1555.0,0.0003266100,0.0000062500,0.2,38.3
2026-09-14T08:38:39.826+00:00,ASTER,ENTROPY,7.0697,0.2697,1556.4,38.5,1555.3,0.4487,1557.01,1555.0,0.0003266100,0.0000017923,0.2,107.9
2026-09-14T08:38:39.826+00:00,ASTER,HL,7.7126,0.9126,1556.4,22.12,1555.2,31.083,1557.01,1555.0,0.0003266100,0.0000062500,0.4,38.5
2026-09-14T08:38:39.826+00:00,ASTER,ENTROPY,7.0697,0.2697,1556.4,22.12,1555.3,0.4487,1557.01,1555.0,0.0003266100,0.0000017923,0.4,108.1
2026-09-14T08:38:39.826+00:00,ASTER,HL,7.7126,0.9126,1556.4,16.38,1555.2,31.083,1557.01,1555.0,0.0003266100,0.0000062500,0.4,38.5
2026-09-14T08:38:39.826+00:00,ASTER,ENTROPY,7.0697,0.2697,1556.4,16.38,1555.3,0.4487,1557.01,1555.0,0.0003266100,0.0000017923,0.4,108.1
2026-09-14T08:38:39.826+00:00,ASTER,HL,7.1985,0.3985,1556.32,0.04,1555.2,31.083,1557.01,1555.0,0.0003266100,0.0000062500,0.5,38.5
2026-09-14T08:38:39.826+00:00,ASTER,HL,9.3832,2.5832,1556.66,3.04,1555.2,31.083,1557.01,1555.0,0.0003266100,0.0000062500,0.5,38.6
2026-09-14T08:38:39.826+00:00,ASTER,ENTROPY,8.7404,1.9404,1556.66,3.04,1555.3,0.4487,1557.01,1555.0,0.0003266100,0.0000017923,0.5,108.2
2026-09-14T08:38:39.836+00:00,ASTER,HL,8.2266,1.4266,1556.48,23.49,1555.2,31.083,1557.01,1555.0,0.0003266100,0.0000062500,0.1,49.0
2026-09-14T08:38:39.836+00:00,ASTER,ENTROPY,7.5838,0.7838,1556.48,23.49,1555.3,0.4487,1557.01,1555.0,0.0003266100,0.0000017923,0.1,118.6
2026-09-14T08:38:39.851+00:00,ASTER,HL,8.2266,1.4266,1556.48,30.6,1555.2,31.083,1557.01,1555.0,0.0003266100,0.0000062500,0.1,64.2
2026-09-14T08:38:39.851+00:00,ASTER,ENTROPY,7.5838,0.7838,1556.48,30.6,1555.3,0.4487,1557.01,1555.0,0.0003266100,0.0000017923,0.1,133.8
2026-09-14T08:38:39.851+00:00,ASTER,HL,8.2266,1.4266,1556.48,46.98,1555.2,31.083,1557.01,1555.0,0.0003266100,0.0000062500,0.2,64.4
2026-09-14T08:38:39.851+00:00,ASTER,ENTROPY,7.5838,0.7838,1556.48,46.98,1555.3,0.4487,1557.01,1555.0,0.0003266100,0.0000017923,0.2,134.0
2026-09-14T08:38:39.851+00:00,ASTER,HL,9.7045,2.9045,1556.71,3.04,1555.2,31.083,1557.01,1555.0,0.0003266100,0.0000062500,0.3,64.4
2026-09-14T08:38:39.851+00:00,ASTER,ENTROPY,9.0617,2.2617,1556.71,3.04,1555.3,0.4487,1557.01,1555.0,0.0003266100,0.0000017923,0.3,134.0
2026-09-14T08:38:40.063+00:00,ASTER,HL,9.7045,2.9045,1556.71,3.04,1555.2,27.997,1557.01,1555.0,0.0003266100,0.0000062500,211.9,0.3
2026-09-14T08:38:40.080+00:00,ASTER,HL,8.2266,1.4266,1556.48,46.98,1555.2,27.997,1557.01,1555.0,0.0003266100,0.0000062500,0.2,16.8
2026-09-14T08:38:40.080+00:00,ASTER,ENTROPY,7.5838,0.7838,1556.48,46.98,1555.3,0.4487,1557.01,1555.0,0.0003266100,0.0000017923,0.2,362.2
2026-09-14T08:38:40.099+00:00,ASTER,HL,9.8330,3.0330,1556.73,3.04,1555.2,27.997,1557.01,1555.0,0.0003266100,0.0000062500,0.2,36.5
2026-09-14T08:38:40.099+00:00,ASTER,ENTROPY,9.1902,2.3902,1556.73,3.04,1555.3,0.4487,1557.01,1555.0,0.0003266100,0.0000017923,0.2,381.9
2026-09-14T08:38:40.197+00:00,ASTER,HL,9.8328,3.0328,1556.73,3.04,1555.2,25.818,1557.01,1555.1,0.0003266100,0.0000062500,98.1,0.3
2026-09-14T08:38:40.197+00:00,ASTER,ENTROPY,9.1902,2.3902,1556.73,3.04,1555.3,0.4487,1557.01,1555.0,0.0003266100,0.0000017923,98.2,0.4
2026-09-14T08:38:40.396+00:00,ASTER,ENTROPY,9.1899,2.3899,1556.73,3.04,1555.3,0.4487,1557.01,1555.2,0.0003266100,0.0000017923,296.4,0.2
2026-09-14T08:38:40.460+00:00,ASTER,HL,9.8328,3.0328,1556.73,3.04,1555.2,24.585,1557.01,1555.1,0.0003266100,0.0000062500,361.0,0.3
2026-09-14T08:38:40.463+00:00,ASTER,HL,9.8328,3.0328,1556.73,3.04,1555.2,24.585,1557.01,1555.1,0.0003266100,0.0000062500,363.9,0.2
2026-09-14T08:38:40.463+00:00,ASTER,ENTROPY,9.1899,2.3899,1556.73,3.04,1555.3,0.2862,1557.01,1555.2,0.0003266100,0.0000017923,364.0,0.3
2026-09-14T08:38:40.620+00:00,ASTER,HL,9.8328,3.0328,1556.73,3.04,1555.2,23.942,1557.01,1555.1,0.0003266100,0.0000062500,521.2,0.3
2026-09-14T08:38:40.745+00:00,ASTER,HL,9.8328,3.0328,1556.73,3.04,1555.2,24.942,1557.01,1555.1,0.0003266100,0.0000062500,646.3,0.3
2026-09-14T08:38:40.745+00:00,ASTER,ENTROPY,9.1899,2.3899,1556.73,3.04,1555.3,0.2862,1557.01,1555.2,0.0003266100,0.0000017923,646.4,0.4
2026-09-14T08:38:40.803+00:00,ASTER,HL,9.8328,3.0328,1556.73,3.04,1555.2,23.942,1557.01,1555.1,0.0003266100,0.0000062500,703.5,0.2
2026-09-14T08:38:41.037+00:00,ASTER,HL,9.8326,3.0326,1556.73,3.04,1555.2,23.942,1557.14,1555.1,0.0003266100,0.0000062500,0.2,234.8
2026-09-14T08:38:41.037+00:00,ASTER,ENTROPY,9.1897,2.3897,1556.73,3.04,1555.3,0.2862,1557.14,1555.2,0.0003266100,0.0000017923,0.2,292.1
2026-09-14T08:38:41.037+00:00,ASTER,HL,8.2263,1.4263,1556.48,46.98,1555.2,23.942,1557.14,1555.1,0.0003266100,0.0000062500,0.4,235.0
2026-09-14T08:38:41.037+00:00,ASTER,ENTROPY,7.5834,0.7834,1556.48,46.98,1555.3,0.2862,1557.14,1555.2,0.0003266100,0.0000017923,0.4,292.3
2026-09-14T08:38:41.056+00:00,ASTER,HL,9.9611,3.1611,1556.75,3.04,1555.2,23.942,1557.14,1555.1,0.0003266100,0.0000062500,0.2,253.2
2026-09-14T08:38:41.056+00:00,ASTER,ENTROPY,9.3182,2.5182,1556.75,3.04,1555.3,0.2862,1557.14,1555.2,0.0003266100,0.0000017923,0.2,310.5
2026-09-14T08:38:41.107+00:00,ASTER,HL,8.2263,1.4263,1556.48,46.98,1555.2,23.942,1557.14,1555.1,0.0003266100,0.0000062500,0.7,304.7
2026-09-14T08:38:41.107+00:00,ASTER,ENTROPY,7.5834,0.7834,1556.48,46.98,1555.3,0.2862,1557.14,1555.2,0.0003266100,0.0000017923,0.7,362.0
2026-09-14T08:38:41.107+00:00,ASTER,HL,8.2263,1.4263,1556.48,46.98,1555.2,23.942,1557.14,1555.1,0.0003266100,0.0000062500,0.9,304.9
2026-09-14T08:38:41.107+00:00,ASTER,ENTROPY,7.5834,0.7834,1556.48,46.98,1555.3,0.2862,1557.14,1555.2,0.0003266100,0.0000017923,0.9,362.2
2026-09-14T08:38:41.107+00:00,ASTER,HL,8.2263,1.4263,1556.48,39.87,1555.2,23.942,1557.14,1555.1,0.0003266100,0.0000062500,1.0,305.1
2026-09-14T08:38:41.107+00:00,ASTER,ENTROPY,7.5834,0.7834,1556.48,39.87,1555.3,0.2862,1557.14,1555.2,0.0003266100,0.0000017923,1.0,362.3
2026-09-14T08:38:41.107+00:00,ASTER,HL,8.2263,1.4263,1556.48,23.49,1555.2,23.942,1557.14,1555.1,0.0003266100,0.0000062500,1.1,305.1
2026-09-14T08:38:41.107+00:00,ASTER,ENTROPY,7.5834,0.7834,1556.48,23.49,1555.3,0.2862,1557.14,1555.2,0.0003266100,0.0000017923,1.1,362.4
2026-09-14T08:38:41.107+00:00,ASTER,HL,8.2263,1.4263,1556.48,23.49,1555.2,23.942,1557.19,1555.1,0.0003266100,0.0000062500,1.1,305.2
2026-09-14T08:38:41.107+00:00,ASTER,ENTROPY,7.5833,0.7833,1556.48,23.49,1555.3,0.2862,1557.19,1555.2,0.0003266100,0.0000017923,1.1,362.4
2026-09-14T08:38:41.107+00:00,ASTER,HL,8.2263,1.4263,1556.48,16.38,1555.2,23.942,1557.19,1555.1,0.0003266100,0.0000062500,1.2,305.2
2026-09-14T08:38:41.107+00:00,ASTER,ENTROPY,7.5833,0.7833,1556.48,16.38,1555.3,0.2862,1557.19,1555.2,0.0003266100,0.0000017923,1.2,362.5
2026-09-14T08:38:41.107+00:00,ASTER,HL,7.7765,0.9765,1556.41,0.04,1555.2,23.942,1557.19,1555.1,0.0003266100,0.0000062500,1.2,305.2
2026-09-14T08:38:41.107+00:00,ASTER,ENTROPY,7.1336,0.3336,1556.41,0.04,1555.3,0.2862,1557.19,1555.2,0.0003266100,0.0000017923,1.2,362.5
2026-09-14T08:38:41.112+00:00,ASTER,HL,7.7765,0.9765,1556.41,0.04,1555.2,23.942,1557.18,1555.1,0.0003266100,0.0000062500,0.1,309.9
2026-09-14T08:38:41.112+00:00,ASTER,ENTROPY,7.1336,0.3336,1556.41,0.04,1555.3,0.2862,1557.18,1555.2,0.0003266100,0.0000017923,0.1,367.2
2026-09-14T08:38:41.112+00:00,ASTER,HL,8.6761,1.8761,1556.55,6.02,1555.2,23.942,1557.18,1555.1,0.0003266100,0.0000062500,0.1,310.0
2026-09-14T08:38:41.112+00:00,ASTER,ENTROPY,8.0331,1.2331,1556.55,6.02,1555.3,0.2862,1557.18,1555.2,0.0003266100,0.0000017923,0.1,367.2
2026-09-14T08:38:41.112+00:00,ASTER,HL,8.6761,1.8761,1556.55,22.4,1555.2,23.942,1557.18,1555.1,0.0003266100,0.0000062500,0.2,310.0
2026-09-14T08:38:41.112+00:00,ASTER,ENTROPY,8.0331,1.2331,1556.55,22.4,1555.3,0.2862,1557.18,1555.2,0.0003266100,0.0000017923,0.2,367.3
2026-09-14T08:38:41.112+00:00,ASTER,HL,8.6761,1.8761,1556.55,22.4,1555.2,23.942,1557.18,1555.1,0.0003266100,0.0000062500,0.2,310.0
2026-09-14T08:38:41.112+00:00,ASTER,ENTROPY,8.0331,1.2331,1556.55,22.4,1555.3,0.2862,1557.18,1555.2,0.0003266100,0.0000017923,0.2,367.3
2026-09-14T08:38:41.112+00:00,ASTER,HL,8.6761,1.8761,1556.55,28.42,1555.2,23.942,1557.18,1555.1,0.0003266100,0.0000062500,0.2,310.0
2026-09-14T08:38:41.112+00:00,ASTER,ENTROPY,8.0331,1.2331,1556.55,28.42,1555.3,0.2862,1557.18,1555.2,0.0003266100,0.0000017923,0.2,367.3
2026-09-14T08:38:41.112+00:00,ASTER,HL,8.6761,1.8761,1556.55,44.8,1555.2,23.942,1557.18,1555.1,0.0003266100,0.0000062500,0.2,310.1
2026-09-14T08:38:41.112+00:00,ASTER,ENTROPY,8.0331,1.2331,1556.55,44.8,1555.3,0.2862,1557.18,1555.2,0.0003266100,0.0000017923,0.2,367.3
2026-09-14T08:38:41.112+00:00,ASTER,HL,10.0896,3.2896,1556.77,3.04,1555.2,23.942,1557.18,1555.1,0.0003266100,0.0000062500,0.2,310.1
2026-09-14T08:38:41.112+00:00,ASTER,ENTROPY,9.4466,2.6466,1556.77,3.04,1555.3,0.2862,1557.18,1555.2,0.0003266100,0.0000017923,0.2,367.3
2026-09-14T08:38:41.147+00:00,ASTER,HL,10.0897,3.2897,1556.77,3.04,1555.2,23.942,1557.13,1555.1,0.0003266100,0.0000062500,0.2,344.3
2026-09-14T08:38:41.147+00:00,ASTER,ENTROPY,9.4467,2.6467,1556.77,3.04,1555.3,0.2862,1557.13,1555.2,0.0003266100,0.0000017923,0.2,401.6
2026-09-14T08:38:41.166+00:00,ASTER,ENTROPY,9.4467,2.6467,1556.77,3.04,1555.3,0.2862,1557.13,1555.2,0.0003266100,0.0000017923,19.3,0.2
2026-09-14T08:38:41.201+00:00,ASTER,HL,10.0897,3.2897,1556.77,3.04,1555.2,23.942,1557.13,1555.1,0.0003266100,0.0000062500,0.2,398.7
2026-09-14T08:38:41.201+00:00,ASTER,ENTROPY,9.4467,2.6467,1556.77,3.04,1555.3,0.2862,1557.13,1555.2,0.0003266100,0.0000017923,0.2,35.5
2026-09-14T08:38:41.234+00:00,ASTER,HL,10.0897,3.2897,1556.77,3.04,1555.2,23.942,1557.13,1555.1,0.0003266100,0.0000062500,0.2,431.4
2026-09-14T08:38:41.234+00:00,ASTER,ENTROPY,9.4467,2.6467,1556.77,3.04,1555.3,0.2862,1557.13,1555.2,0.0003266100,0.0000017923,0.2,68.1
2026-09-14T08:38:41.234+00:00,ASTER,HL,10.0896,3.2896,1556.77,3.04,1555.2,23.942,1557.18,1555.1,0.0003266100,0.0000062500,0.3,431.5
2026-09-14T08:38:41.234+00:00,ASTER,ENTROPY,9.4466,2.6466,1556.77,3.04,1555.3,0.2862,1557.18,1555.2,0.0003266100,0.0000017923,0.3,68.3
2026-09-14T08:38:41.335+00:00,ASTER,HL,8.6761,1.8761,1556.55,44.8,1555.2,23.942,1557.18,1555.1,0.0003266100,0.0000062500,0.2,532.2
2026-09-14T08:38:41.335+00:00,ASTER,ENTROPY,8.0331,1.2331,1556.55,44.8,1555.3,0.2862,1557.18,1555.2,0.0003266100,0.0000017923,0.2,169.0
2026-09-14T08:38:41.351+00:00,ASTER,HL,10.2181,3.4181,1556.79,3.04,1555.2,23.942,1557.18,1555.1,0.0003266100,0.0000062500,0.2,548.0
2026-09-14T08:38:41.351+00:00,ASTER,ENTROPY,9.5751,2.7751,1556.79,3.04,1555.3,0.2862,1557.18,1555.2,0.0003266100,0.0000017923,0.2,184.8
2026-09-14T08:38:41.362+00:00,ASTER,HL,10.2181,3.4181,1556.79,3.04,1555.2,23.654,1557.18,1555.1,0.0003266100,0.0000062500,12.2,0.2
2026-09-14T08:38:41.362+00:00,ASTER,ENTROPY,9.5751,2.7751,1556.79,3.04,1555.3,0.1119,1557.18,1555.2,0.0003266100,0.0000017923,12.3,0.2
2026-09-14T08:38:41.450+00:00,ASTER,HL,10.2181,3.4181,1556.79,3.04,1555.2,23.654,1557.17,1555.1,0.0003266100,0.0000062500,0.2,87.8
2026-09-14T08:38:41.450+00:00,ASTER,ENTROPY,9.5751,2.7751,1556.79,3.04,1555.3,0.1119,1557.17,1555.2,0.0003266100,0.0000017923,0.2,87.7
2026-09-14T08:38:41.484+00:00,ASTER,HL,10.2181,3.4181,1556.79,3.04,1555.2,23.654,1557.18,1555.1,0.0003266100,0.0000062500,0.2,121.9
2026-09-14T08:38:41.484+00:00,ASTER,ENTROPY,9.5751,2.7751,1556.79,3.04,1555.3,0.1119,1557.18,1555.2,0.0003266100,0.0000017923,0.2,121.9
2026-09-14T08:38:41.549+00:00,ASTER,HL,10.2181,3.4181,1556.79,3.04,1555.2,23.654,1557.18,1555.1,0.0003266100,0.0000062500,65.6,0.3
2026-09-14T08:38:41.634+00:00,ASTER,HL,8.6761,1.8761,1556.55,44.8,1555.2,23.654,1557.18,1555.1,0.0003266100,0.0000062500,0.2,85.2
2026-09-14T08:38:41.634+00:00,ASTER,ENTROPY,8.0331,1.2331,1556.55,44.8,1555.3,0.1119,1557.18,1555.2,0.0003266100,0.0000017923,0.2,272.2
2026-09-14T08:38:41.646+00:00,ASTER,HL,8.6761,1.8761,1556.55,44.8,1555.2,23.654,1557.18,1555.1,0.0003266100,0.0000062500,0.2,97.0
2026-09-14T08:38:41.646+00:00,ASTER,ENTROPY,8.0331,1.2331,1556.55,44.8,1555.3,0.1119,1557.18,1555.2,0.0003266100,0.0000017923,0.2,283.9
2026-09-14T08:38:41.646+00:00,ASTER,HL,8.6761,1.8761,1556.55,38.78,1555.2,23.654,1557.18,1555.1,0.0003266100,0.0000062500,0.3,97.1
2026-09-14T08:38:41.646+00:00,ASTER,ENTROPY,8.0331,1.2331,1556.55,38.78,1555.3,0.1119,1557.18,1555.2,0.0003266100,0.0000017923,0.3,284.0
2026-09-14T08:38:41.646+00:00,ASTER,HL,8.6761,1.8761,1556.55,22.4,1555.2,23.654,1557.18,1555.1,0.0003266100,0.0000062500,0.3,97.1
2026-09-14T08:38:41.646+00:00,ASTER,ENTROPY,8.0331,1.2331,1556.55,22.4,1555.3,0.1119,1557.18,1555.2,0.0003266100,0.0000017923,0.3,284.1
2026-09-14T08:38:41.646+00:00,ASTER,HL,8.6761,1.8761,1556.55,16.38,1555.2,23.654,1557.18,1555.1,0.0003266100,0.0000062500,0.3,97.1
2026-09-14T08:38:41.646+00:00,ASTER,ENTROPY,8.0331,1.2331,1556.55,16.38,1555.3,0.1119,1557.18,1555.2,0.0003266100,0.0000017923,0.3,284.1
2026-09-14T08:38:41.646+00:00,ASTER,HL,8.6758,1.8758,1556.55,16.38,1555.2,23.654,1557.33,1555.1,0.0003266100,0.0000062500,0.3,97.2
2026-09-14T08:38:41.646+00:00,ASTER,ENTROPY,8.0329,1.2329,1556.55,16.38,1555.3,0.1119,1557.33,1555.2,0.0003266100,0.0000017923,0.3,284.1
2026-09-14T08:38:41.646+00:00,ASTER,HL,7.7763,0.9763,1556.41,0.04,1555.2,23.654,1557.33,1555.1,0.0003266100,0.0000062500,0.4,97.2
2026-09-14T08:38:41.646+00:00,ASTER,ENTROPY,7.1334,0.3334,1556.41,0.04,1555.3,0.1119,1557.33,1555.2,0.0003266100,0.0000017923,0.4,284.1
2026-09-14T08:38:41.655+00:00,ASTER,HL,10.2821,3.4821,1556.8,0.04,1555.2,23.654,1557.33,1555.1,0.0003266100,0.0000062500,0.2,105.6
2026-09-14T08:38:41.655+00:00,ASTER,ENTROPY,9.6391,2.8391,1556.8,0.04,1555.3,0.1119,1557.33,1555.2,0.0003266100,0.0000017923,0.2,292.5
2026-09-14T08:38:41.655+00:00,ASTER,HL,10.5390,3.7390,1556.84,3.04,1555.2,23.654,1557.33,1555.1,0.0003266100,0.0000062500,0.3,105.7
2026-09-14T08:38:41.655+00:00,ASTER,ENTROPY,9.8961,3.0961,1556.84,3.04,1555.3,0.1119,1557.33,1555.2,0.0003266100,0.0000017923,0.3,292.7
2026-09-14T08:38:41.655+00:00,ASTER,HL,11.2457,4.4457,1556.95,3.04,1555.2,23.654,1557.33,1555.1,0.0003266100,0.0000062500,0.3,105.8
2026-09-14T08:38:41.655+00:00,ASTER,ENTROPY,10.6028,3.8028,1556.95,3.04,1555.3,0.1119,1557.33,1555.2,0.0003266100,0.0000017923,0.3,292.7
2026-09-14T08:38:41.655+00:00,ASTER,HL,11.5027,4.7027,1556.99,3.04,1555.2,23.654,1557.33,1555.1,0.0003266100,0.0000062500,0.4,105.8
2026-09-14T08:38:41.655+00:00,ASTER,ENTROPY,10.8598,4.0598,1556.99,3.04,1555.3,0.1119,1557.33,1555.2,0.0003266100,0.0000017923,0.4,292.8
2026-09-14T08:38:41.743+00:00,ASTER,HL,11.2457,4.4457,1556.95,3.04,1555.2,23.654,1557.33,1555.1,0.0003266100,0.0000062500,0.2,194.2
2026-09-14T08:38:41.743+00:00,ASTER,ENTROPY,10.6028,3.8028,1556.95,3.04,1555.3,0.1119,1557.33,1555.2,0.0003266100,0.0000017923,0.2,381.1
2026-09-14T08:38:41.743+00:00,ASTER,HL,7.7763,0.9763,1556.41,0.04,1555.2,23.654,1557.33,1555.1,0.0003266100,0.0000062500,0.3,194.3
2026-09-14T08:38:41.743+00:00,ASTER,ENTROPY,7.1334,0.3334,1556.41,0.04,1555.3,0.1119,1557.33,1555.2,0.0003266100,0.0000017923,0.3,381.3
2026-09-14T08:38:41.747+00:00,ASTER,HL,7.7764,0.9764,1556.41,0.04,1555.2,23.654,1557.26,1555.1,0.0003266100,0.0000062500,0.1,198.7
2026-09-14T08:38:41.747+00:00,ASTER,ENTROPY,7.1335,0.3335,1556.41,0.04,1555.3,0.1119,1557.26,1555.2,0.0003266100,0.0000017923,0.1,385.6
2026-09-14T08:38:41.747+00:00,ASTER,HL,8.2262,1.4262,1556.48,0.21,1555.2,23.654,1557.26,1555.1,0.0003266100,0.0000062500,0.2,198.8
2026-09-14T08:38:41.747+00:00,ASTER,ENTROPY,7.5833,0.7833,1556.48,0.21,1555.3,0.1119,1557.26,1555.2,0.0003266100,0.0000017923,0.2,385.7
2026-09-14T08:38:41.748+00:00,ASTER,HL,8.7402,1.9402,1556.56,0.04,1555.2,23.654,1557.26,1555.1,0.0003266100,0.0000062500,0.2,198.8
2026-09-14T08:38:41.748+00:00,ASTER,ENTROPY,8.0973,1.2973,1556.56,0.04,1555.3,0.1119,1557.26,1555.2,0.0003266100,0.0000017923,0.2,385.8
2026-09-14T08:38:41.755+00:00,ASTER,HL,9.3185,2.5185,1556.65,2.16,1555.2,23.654,1557.26,1555.1,0.0003266100,0.0000062500,0.1,206.0
2026-09-14T08:38:41.755+00:00,ASTER,ENTROPY,8.6755,1.8755,1556.65,2.16,1555.3,0.1119,1557.26,1555.2,0.0003266100,0.0000017923,0.1,392.9
2026-09-14T08:38:41.756+00:00,ASTER,HL,9.3185,2.5185,1556.65,4.32,1555.2,23.654,1557.26,1555.1,0.0003266100,0.0000062500,0.2,206.1
2026-09-14T08:38:41.756+00:00,ASTER,ENTROPY,8.6755,1.8755,1556.65,4.32,1555.3,0.1119,1557.26,1555.2,0.0003266100,0.0000017923,0.2,393.1
2026-09-14T08:38:41.786+00:00,ASTER,HL,9.3185,2.5185,1556.65,2.16,1555.2,23.654,1557.26,1555.1,0.0003266100,0.0000062500,0.2,237.1
2026-09-14T08:38:41.786+00:00,ASTER,ENTROPY,8.6755,1.8755,1556.65,2.16,1555.3,0.1119,1557.26,1555.2,0.0003266100,0.0000017923,0.2,424.1
2026-09-14T08:38:41.787+00:00,ASTER,HL,8.7402,1.9402,1556.56,0.04,1555.2,23.654,1557.26,1555.1,0.0003266100,0.0000062500,0.4,237.3
2026-09-14T08:38:41.787+00:00,ASTER,ENTROPY,8.0973,1.2973,1556.56,0.04,1555.3,0.1119,1557.26,1555.2,0.0003266100,0.0000017923,0.4,424.3
2026-09-14T08:38:41.842+00:00,ASTER,HL,9.7039,2.9039,1556.71,3.04,1555.2,23.654,1557.26,1555.1,0.0003266100,0.0000062500,0.2,292.1
2026-09-14T08:38:41.842+00:00,ASTER,ENTROPY,9.0610,2.2610,1556.71,3.04,1555.3,0.1119,1557.26,1555.2,0.0003266100,0.0000017923,0.2,479.1
2026-09-14T08:38:41.867+00:00,ASTER,HL,9.7039,2.9039,1556.71,3.04,1555.2,23.654,1557.26,1555.1,0.0003266100,0.0000062500,25.7,0.2
2026-09-14T08:38:41.868+00:00,ASTER,HL,9.7040,2.9040,1556.71,3.04,1555.2,23.654,1557.2,1555.1,0.0003266100,0.0000062500,0.9,1.0
2026-09-14T08:38:41.868+00:00,ASTER,ENTROPY,9.0611,2.2611,1556.71,3.04,1555.3,0.1119,1557.2,1555.2,0.0003266100,0.0000017923,0.9,505.3
2026-09-14T08:38:41.868+00:00,ASTER,HL,9.7040,2.9040,1556.71,3.04,1555.2,23.654,1557.2,1555.1,0.0003266100,0.0000062500,1.0,1.1
2026-09-14T08:38:41.868+00:00,ASTER,ENTROPY,9.0611,2.2611,1556.71,3.04,1555.3,0.1119,1557.2,1555.2,0.0003266100,0.0000017923,1.0,505.4
2026-09-14T08:38:41.868+00:00,ASTER,HL,9.7040,2.9040,1556.71,3.04,1555.2,23.654,1557.2,1555.1,0.0003266100,0.0000062500,1.0,1.1
2026-09-14T08:38:41.868+00:00,ASTER,ENTROPY,9.0611,2.2611,1556.71,3.04,1555.3,0.1119,1557.2,1555.2,0.0003266100,0.0000017923,1.0,505.5
2026-09-14T08:38:41.868+00:00,ASTER,HL,9.7040,2.9040,1556.71,3.04,1555.2,23.654,1557.2,1555.1,0.0003266100,0.0000062500,1.0,1.2
2026-09-14T08:38:41.868+00:00,ASTER,ENTROPY,9.0611,2.2611,1556.71,3.04,1555.3,0.1119,1557.2,1555.2,0.0003266100,0.0000017923,1.0,505.5
2026-09-14T08:38:41.898+00:00,ASTER,HL,9.7041,2.9041,1556.71,3.04,1555.2,23.654,1557.17,1555.1,0.0003266100,0.0000062500,1.0,31.2
2026-09-14T08:38:41.898+00:00,ASTER,ENTROPY,9.0611,2.2611,1556.71,3.04,1555.3,0.1119,1557.17,1555.2,0.0003266100,0.0000017923,1.0,535.5
2026-09-14T08:38:42.006+00:00,ASTER,HL,9.0613,2.2613,1556.71,3.04,1555.3,2.0,1557.17,1555.1,0.0003266100,0.0000062500,109.7,0.3
2026-09-14T08:38:42.230+00:00,ASTER,HL,9.0613,2.2613,1556.71,3.04,1555.3,2.321,1557.17,1555.1,0.0003266100,0.0000062500,333.4,0.5
2026-09-14T08:38:42.309+00:00,ASTER,HL,8.4185,1.6185,1556.71,3.04,1555.4,3.301,1557.17,1555.1,0.0003266100,0.0000062500,413.0,0.3
2026-09-14T08:38:42.310+00:00,ASTER,ENTROPY,7.7756,0.9756,1556.71,3.04,1555.5,0.1911,1557.17,1555.2,0.0003266100,0.0000018064,413.2,0.4
2026-09-14T08:38:42.387+00:00,ASTER,HL,9.0611,2.2611,1556.71,3.04,1555.3,22.022,1557.17,1555.2,0.0003266100,0.0000062500,490.5,0.3
2026-09-14T08:38:42.387+00:00,ASTER,ENTROPY,7.7756,0.9756,1556.71,3.04,1555.5,0.1911,1557.17,1555.2,0.0003266100,0.0000018064,490.6,0.4
2026-09-14T08:38:42.432+00:00,ASTER,HL,8.1616,1.3616,1556.57,2.72,1555.3,22.022,1557.17,1555.2,0.0003266100,0.0000062500,0.2,44.8
2026-09-14T08:38:42.432+00:00,ASTER,ENTROPY,6.8761,0.0761,1556.57,2.72,1555.5,0.1911,1557.17,1555.2,0.0003266100,0.0000018064,0.2,44.8
2026-09-14T08:38:42.446+00:00,ASTER,HL,9.1896,2.3896,1556.73,3.04,1555.3,22.022,1557.17,1555.2,0.0003266100,0.0000062500,0.1,58.3
2026-09-14T08:38:42.446+00:00,ASTER,ENTROPY,7.9041,1.1041,1556.73,3.04,1555.5,0.1911,1557.17,1555.2,0.0003266100,0.0000018064,0.1,58.3
2026-09-14T08:38:42.540+00:00,ASTER,HL,9.1896,2.3896,1556.73,3.04,1555.3,25.379,1557.17,1555.2,0.0003266100,0.0000062500,94.3,0.3
2026-09-14T08:38:42.645+00:00,ASTER,HL,9.1896,2.3896,1556.73,3.04,1555.3,25.379,1557.19,1555.2,0.0003266100,0.0000062500,0.2,106.2
2026-09-14T08:38:42.645+00:00,ASTER,ENTROPY,7.9041,1.1041,1556.73,3.04,1555.5,0.1911,1557.19,1555.2,0.0003266100,0.0000018064,0.2,258.3
2026-09-14T08:38:42.690+00:00,ASTER,HL,8.1616,1.3616,1556.57,2.72,1555.3,25.379,1557.19,1555.2,0.0003266100,0.0000062500,0.3,151.1
2026-09-14T08:38:42.690+00:00,ASTER,ENTROPY,6.8761,0.0761,1556.57,2.72,1555.5,0.1911,1557.19,1555.2,0.0003266100,0.0000018064,0.3,303.2
2026-09-14T08:38:42.700+00:00,ASTER,HL,9.3181,2.5181,1556.75,3.04,1555.3,25.379,1557.19,1555.2,0.0003266100,0.0000062500,0.2,160.6
2026-09-14T08:38:42.700+00:00,ASTER,ENTROPY,8.0326,1.2326,1556.75,3.04,1555.5,0.1911,1557.19,1555.2,0.0003266100,0.0000018064,0.2,312.7
2026-09-14T08:38:42.743+00:00,ASTER,HL,9.3181,2.5181,1556.75,3.04,1555.3,25.379,1557.19,1555.2,0.0003266100,0.0000062500,0.2,203.8
2026-09-14T08:38:42.743+00:00,ASTER,ENTROPY,8.0326,1.2326,1556.75,3.04,1555.5,0.1911,1557.19,1555.2,0.0003266100,0.0000018064,0.2,355.9
2026-09-14T08:38:42.754+00:00,ASTER,HL,9.3181,2.5181,1556.75,3.04,1555.3,24.736,1557.19,1555.2,0.0003266100,0.0000062500,10.6,0.2
2026-09-14T08:38:42.786+00:00,ASTER,HL,9.3181,2.5181,1556.75,3.04,1555.3,24.736,1557.19,1555.2,0.0003266100,0.0000062500,0.2,33.1
2026-09-14T08:38:42.786+00:00,ASTER,ENTROPY,8.0326,1.2326,1556.75,3.04,1555.5,0.1911,1557.19,1555.2,0.0003266100,0.0000018064,0.2,399.2
2026-09-14T08:38:42.792+00:00,ASTER,HL,8.1616,1.3616,1556.57,2.72,1555.3,24.736,1557.19,1555.2,0.0003266100,0.0000062500,0.2,38.4
2026-09-14T08:38:42.792+00:00,ASTER,ENTROPY,6.8761,0.0761,1556.57,2.72,1555.5,0.1911,1557.19,1555.2,0.0003266100,0.0000018064,0.2,404.5
2026-09-14T08:38:42.797+00:00,ASTER,HL,9.6393,2.8393,1556.8,3.04,1555.3,24.736,1557.19,1555.2,0.0003266100,0.0000062500,0.2,43.2
2026-09-14T08:38:42.797+00:00,ASTER,ENTROPY,8.3538,1.5538,1556.8,3.04,1555.5,0.1911,1557.19,1555.2,0.0003266100,0.0000018064,0.2,409.3
2026-09-14T08:38:42.874+00:00,ASTER,HL,9.6393,2.8393,1556.8,3.04,1555.3,25.379,1557.19,1555.2,0.0003266100,0.0000062500,78.3,0.4
2026-09-14T08:38:42.891+00:00,ASTER,HL,9.6393,2.8393,1556.8,3.04,1555.3,25.379,1557.19,1555.2,0.0003266100,0.0000062500,0.3,16.9
2026-09-14T08:38:42.891+00:00,ASTER,ENTROPY,8.3538,1.5538,1556.8,3.04,1555.5,0.1911,1557.19,1555.2,0.0003266100,0.0000018064,0.3,504.0
2026-09-14T08:38:42.943+00:00,ASTER,HL,9.6393,2.8393,1556.8,3.04,1555.3,25.379,1557.19,1555.2,0.0003266100,0.0000062500,0.2,68.7
2026-09-14T08:38:42.943+00:00,ASTER,ENTROPY,8.3538,1.5538,1556.8,3.04,1555.5,0.1911,1557.19,1555.2,0.0003266100,0.0000018064,0.2,555.7
2026-09-14T08:38:42.950+00:00,ASTER,HL,9.6393,2.8393,1556.8,3.04,1555.3,24.736,1557.19,1555.2,0.0003266100,0.0000062500,7.4,0.2
2026-09-14T08:38:43.147+00:00,ASTER,HL,9.6393,2.8393,1556.8,3.04,1555.3,22.022,1557.19,1555.2,0.0003266100,0.0000062500,204.5,0.2
2026-09-14T08:38:43.147+00:00,ASTER,ENTROPY,8.9966,2.1966,1556.8,3.04,1555.4,0.3837,1557.19,1555.2,0.0003266100,0.0000018064,204.6,0.3
2026-09-14T08:38:43.344+00:00,ASTER,ENTROPY,9.6393,2.8393,1556.8,3.04,1555.3,0.0964,1557.19,1555.2,0.0003266100,0.0000018064,400.8,0.3
2026-09-14T08:38:43.544+00:00,ASTER,HL,9.6393,2.8393,1556.8,3.04,1555.3,24.557,1557.19,1555.2,0.0003266100,0.0000062500,601.4,0.3
2026-09-14T08:38:43.544+00:00,ASTER,ENTROPY,9.6393,2.8393,1556.8,3.04,1555.3,0.0964,1557.19,1555.2,0.0003266100,0.0000018064,601.6,0.5
2026-09-14T08:38:44.338+00:00,ASTER,HL,9.6394,2.8394,1556.8,3.04,1555.3,24.557,1557.18,1555.2,0.0003266100,0.0000062500,0.8,793.8
2026-09-14T08:38:44.338+00:00,ASTER,ENTROPY,9.6394,2.8394,1556.8,3.04,1555.3,0.0964,1557.18,1555.2,0.0003266100,0.0000018064,0.8,793.8
2026-09-14T08:38:44.338+00:00,ASTER,HL,9.6394,2.8394,1556.8,3.04,1555.3,24.557,1557.17,1555.2,0.0003266100,0.0000062500,0.9,794.0
2026-09-14T08:38:44.338+00:00,ASTER,ENTROPY,9.6394,2.8394,1556.8,3.04,1555.3,0.0964,1557.17,1555.2,0.0003266100,0.0000018064,0.9,793.9
2026-09-14T08:38:44.382+00:00,ASTER,HL,8.1616,1.3616,1556.57,2.72,1555.3,24.557,1557.17,1555.2,0.0003266100,0.0000062500,0.3,838.8
2026-09-14T08:38:44.382+00:00,ASTER,ENTROPY,8.1616,1.3616,1556.57,2.72,1555.3,0.0964,1557.17,1555.2,0.0003266100,0.0000018064,0.3,838.8
2026-09-14T08:38:44.418+00:00,ASTER,HL,8.1616,1.3616,1556.57,1.36,1555.3,24.557,1557.17,1555.2,0.0003266100,0.0000062500,0.2,874.0
2026-09-14T08:38:44.418+00:00,ASTER,ENTROPY,8.1616,1.3616,1556.57,1.36,1555.3,0.0964,1557.17,1555.2,0.0003266100,0.0000018064,0.2,874.0
2026-09-14T08:38:44.418+00:00,ASTER,HL,8.0331,1.2331,1556.55,16.38,1555.3,24.557,1557.17,1555.2,0.0003266100,0.0000062500,0.3,874.2
2026-09-14T08:38:44.418+00:00,ASTER,ENTROPY,8.0331,1.2331,1556.55,16.38,1555.3,0.0964,1557.17,1555.2,0.0003266100,0.0000018064,0.3,874.1
2026-09-14T08:38:44.418+00:00,ASTER,HL,7.1336,0.3336,1556.41,0.04,1555.3,24.557,1557.17,1555.2,0.0003266100,0.0000062500,0.3,874.2
2026-09-14T08:38:44.418+00:00,ASTER,ENTROPY,7.1336,0.3336,1556.41,0.04,1555.3,0.0964,1557.17,1555.2,0.0003266100,0.0000018064,0.3,874.2
2026-09-14T08:38:44.418+00:00,ASTER,HL,7.1336,0.3336,1556.41,0.04,1555.3,24.557,1557.12,1555.2,0.0003266100,0.0000062500,0.4,874.2
2026-09-14T08:38:44.418+00:00,ASTER,ENTROPY,7.1336,0.3336,1556.41,0.04,1555.3,0.0964,1557.12,1555.2,0.0003266100,0.0000018064,0.4,874.2
2026-09-14T08:38:44.418+00:00,ASTER,HL,7.6477,0.8477,1556.49,2.76,1555.3,24.557,1557.12,1555.2,0.0003266100,0.0000062500,0.4,874.3
2026-09-14T08:38:44.418+00:00,ASTER,ENTROPY,7.6477,0.8477,1556.49,2.76,1555.3,0.0964,1557.12,1555.2,0.0003266100,0.0000018064,0.4,874.2
2026-09-14T08:38:44.418+00:00,ASTER,HL,7.6477,0.8477,1556.49,19.14,1555.3,24.557,1557.12,1555.2,0.0003266100,0.0000062500,0.4,874.3
2026-09-14T08:38:44.418+00:00,ASTER,ENTROPY,7.6477,0.8477,1556.49,19.14,1555.3,0.0964,1557.12,1555.2,0.0003266100,0.0000018064,0.4,874.2
2026-09-14T08:38:44.418+00:00,ASTER,HL,7.6477,0.8477,1556.49,19.14,1555.3,24.557,1557.12,1555.2,0.0003266100,0.0000062500,0.4,874.3
2026-09-14T08:38:44.418+00:00,ASTER,ENTROPY,7.6477,0.8477,1556.49,19.14,1555.3,0.0964,1557.12,1555.2,0.0003266100,0.0000018064,0.4,874.3
2026-09-14T08:38:44.418+00:00,ASTER,HL,7.6477,0.8477,1556.49,21.9,1555.3,24.557,1557.12,1555.2,0.0003266100,0.0000062500,0.5,874.3
2026-09-14T08:38:44.418+00:00,ASTER,ENTROPY,7.6477,0.8477,1556.49,21.9,1555.3,0.0964,1557.12,1555.2,0.0003266100,0.0000018064,0.5,874.3
2026-09-14T08:38:44.418+00:00,ASTER,HL,7.6477,0.8477,1556.49,38.28,1555.3,24.557,1557.12,1555.2,0.0003266100,0.0000062500,0.5,874.3
2026-09-14T08:38:44.418+00:00,ASTER,ENTROPY,7.6477,0.8477,1556.49,38.28,1555.3,0.0964,1557.12,1555.2,0.0003266100,0.0000018064,0.5,874.3
2026-09-14T08:38:44.495+00:00,ASTER,HL,7.6477,0.8477,1556.49,38.28,1555.3,24.557,1557.11,1555.2,0.0003266100,0.0000062500,0.2,951.7
2026-09-14T08:38:44.495+00:00,ASTER,ENTROPY,7.6477,0.8477,1556.49,38.28,1555.3,0.0964,1557.11,1555.2,0.0003266100,0.0000018064,0.2,951.7
2026-09-14T08:38:44.496+00:00,ASTER,HL,7.6477,0.8477,1556.49,38.28,1555.3,24.557,1557.1,1555.2,0.0003266100,0.0000062500,0.4,951.9
2026-09-14T08:38:44.496+00:00,ASTER,ENTROPY,7.6477,0.8477,1556.49,38.28,1555.3,0.0964,1557.1,1555.2,0.0003266100,0.0000018064,0.4,951.9
2026-09-14T08:38:44.500+00:00,ASTER,HL,7.9047,1.1047,1556.53,3.04,1555.3,24.557,1557.1,1555.2,0.0003266100,0.0000062500,0.1,956.9
2026-09-14T08:38:44.500+00:00,ASTER,ENTROPY,7.9047,1.1047,1556.53,3.04,1555.3,0.0964,1557.1,1555.2,0.0003266100,0.0000018064,0.1,956.8
2026-09-14T08:38:44.589+00:00,ASTER,HL,7.6477,0.8477,1556.49,38.28,1555.3,24.557,1557.1,1555.2,0.0003266100,0.0000062500,0.2,1046.1
2026-09-14T08:38:44.589+00:00,ASTER,ENTROPY,7.6477,0.8477,1556.49,38.28,1555.3,0.0964,1557.1,1555.2,0.0003266100,0.0000018064,0.2,1046.1
2026-09-14T08:38:44.603+00:00,ASTER,HL,8.2260,1.4260,1556.58,3.04,1555.3,24.557,1557.1,1555.2,0.0003266100,0.0000062500,0.2,1059.1
2026-09-14T08:38:44.603+00:00,ASTER,ENTROPY,8.2260,1.4260,1556.58,3.04,1555.3,0.0964,1557.1,1555.2,0.0003266100,0.0000018064,0.2,1059.1
2026-09-14T08:38:44.681+00:00,ASTER,HL,8.2261,1.4261,1556.58,3.04,1555.3,22.807,1557.1,1555.1,0.0003266100,0.0000062500,79.2,0.3
2026-09-14T08:38:44.682+00:00,ASTER,ENTROPY,8.2260,1.4260,1556.58,3.04,1555.3,0.2858,1557.1,1555.2,0.0003266100,0.0000018064,79.5,0.6
2026-09-14T08:38:44.692+00:00,ASTER,HL,7.6478,0.8478,1556.49,38.28,1555.3,22.807,1557.1,1555.1,0.0003266100,0.0000062500,1.1,10.7
2026-09-14T08:38:44.692+00:00,ASTER,ENTROPY,7.6477,0.8477,1556.49,38.28,1555.3,0.2858,1557.1,1555.2,0.0003266100,0.0000018064,1.1,10.6
2026-09-14T08:38:44.706+00:00,ASTER,HL,8.4831,1.6831,1556.62,3.04,1555.3,22.807,1557.1,1555.1,0.0003266100,0.0000062500,0.2,25.0
2026-09-14T08:38:44.706+00:00,ASTER,ENTROPY,8.4830,1.6830,1556.62,3.04,1555.3,0.2858,1557.1,1555.2,0.0003266100,0.0000018064,0.2,24.9
2026-09-14T08:38:44.772+00:00,ASTER,HL,8.4831,1.6831,1556.62,3.04,1555.3,23.45,1557.1,1555.1,0.0003266100,0.0000062500,66.4,0.3
2026-09-14T08:38:44.972+00:00,ASTER,HL,8.4831,1.6831,1556.62,3.04,1555.3,23.55,1557.1,1555.1,0.0003266100,0.0000062500,265.6,0.3
2026-09-14T08:38:45.079+00:00,ASTER,HL,8.4831,1.6831,1556.62,3.04,1555.3,32.417,1557.1,1555.1,0.0003266100,0.0000062500,373.4,0.2
2026-09-14T08:38:45.162+00:00,ASTER,HL,8.4831,1.6831,1556.62,3.04,1555.3,32.627,1557.1,1555.1,0.0003266100,0.0000062500,455.8,0.2
2026-09-14T08:38:45.190+00:00,ASTER,HL,7.6478,0.8478,1556.49,38.28,1555.3,32.627,1557.1,1555.1,0.0003266100,0.0000062500,0.1,27.6
2026-09-14T08:38:45.190+00:00,ASTER,ENTROPY,7.6477,0.8477,1556.49,38.28,1555.3,0.2858,1557.1,1555.2,0.0003266100,0.0000018064,0.1,508.0
2026-09-14T08:38:45.201+00:00,ASTER,HL,8.6759,1.8759,1556.65,3.04,1555.3,32.627,1557.1,1555.1,0.0003266100,0.0000062500,0.2,38.5
2026-09-14T08:38:45.201+00:00,ASTER,ENTROPY,8.6757,1.8757,1556.65,3.04,1555.3,0.2858,1557.1,1555.2,0.0003266100,0.0000018064,0.2,518.9
2026-09-14T08:38:45.239+00:00,ASTER,HL,8.6759,1.8759,1556.65,3.04,1555.3,32.627,1557.12,1555.1,0.0003266100,0.0000062500,0.2,77.9
2026-09-14T08:38:45.239+00:00,ASTER,ENTROPY,8.6757,1.8757,1556.65,3.04,1555.3,0.2858,1557.12,1555.2,0.0003266100,0.0000018064,0.2,558.3
2026-09-14T08:38:45.313+00:00,ASTER,HL,8.6759,1.8759,1556.65,3.04,1555.3,32.627,1557.12,1555.1,0.0003266100,0.0000062500,0.2,151.2
2026-09-14T08:38:45.313+00:00,ASTER,ENTROPY,8.6757,1.8757,1556.65,3.04,1555.3,0.2858,1557.12,1555.2,0.0003266100,0.0000018064,0.2,631.6
2026-09-14T08:38:45.313+00:00,ASTER,HL,8.6758,1.8758,1556.65,3.04,1555.3,32.627,1557.19,1555.1,0.0003266100,0.0000062500,0.3,151.3
2026-09-14T08:38:45.313+00:00,ASTER,ENTROPY,8.6756,1.8756,1556.65,3.04,1555.3,0.2858,1557.19,1555.2,0.0003266100,0.0000018064,0.3,631.7
2026-09-14T08:38:45.313+00:00,ASTER,HL,7.1337,0.3337,1556.41,0.04,1555.3,32.627,1557.19,1555.1,0.0003266100,0.0000062500,0.4,151.4
2026-09-14T08:38:45.313+00:00,ASTER,ENTROPY,7.1336,0.3336,1556.41,0.04,1555.3,0.2858,1557.19,1555.2,0.0003266100,0.0000018064,0.4,631.7
2026-09-14T08:38:45.313+00:00,ASTER,HL,7.1337,0.3337,1556.41,0.04,1555.3,32.627,1557.19,1555.1,0.0003266100,0.0000062500,0.4,151.4
2026-09-14T08:38:45.313+00:00,ASTER,ENTROPY,7.1336,0.3336,1556.41,0.04,1555.3,0.2858,1557.19,1555.2,0.0003266100,0.0000018064,0.4,631.8
2026-09-14T08:38:45.313+00:00,ASTER,HL,8.0975,1.2975,1556.56,5.78,1555.3,32.627,1557.19,1555.1,0.0003266100,0.0000062500,0.4,151.4
2026-09-14T08:38:45.313+00:00,ASTER,ENTROPY,8.0974,1.2974,1556.56,5.78,1555.3,0.2858,1557.19,1555.2,0.0003266100,0.0000018064,0.4,631.8
2026-09-14T08:38:45.313+00:00,ASTER,HL,8.0975,1.2975,1556.56,22.16,1555.3,32.627,1557.19,1555.1,0.0003266100,0.0000062500,0.4,151.4
2026-09-14T08:38:45.313+00:00,ASTER,ENTROPY,8.0974,1.2974,1556.56,22.16,1555.3,0.2858,1557.19,1555.2,0.0003266100,0.0000018064,0.4,631.8
2026-09-14T08:38:45.313+00:00,ASTER,HL,9.1255,2.3255,1556.72,3.04,1555.3,32.627,1557.19,1555.1,0.0003266100,0.0000062500,0.5,151.5
2026-09-14T08:38:45.313+00:00,ASTER,ENTROPY,9.1254,2.3254,1556.72,3.04,1555.3,0.2858,1557.19,1555.2,0.0003266100,0.0000018064,0.5,631.8
2026-09-14T08:38:45.328+00:00,ASTER,HL,9.1255,2.3255,1556.72,3.04,1555.3,32.627,1557.19,1555.1,0.0003266100,0.0000062500,0.2,165.9
2026-09-14T08:38:45.328+00:00,ASTER,ENTROPY,9.1254,2.3254,1556.72,3.04,1555.3,0.2858,1557.19,1555.2,0.0003266100,0.0000018064,0.2,646.3
2026-09-14T08:38:45.392+00:00,ASTER,HL,9.1255,2.3255,1556.72,3.04,1555.3,32.627,1557.18,1555.1,0.0003266100,0.0000062500,0.3,230.1
2026-09-14T08:38:45.392+00:00,ASTER,ENTROPY,9.1254,2.3254,1556.72,3.04,1555.3,0.2858,1557.18,1555.2,0.0003266100,0.0000018064,0.3,710.4
2026-09-14T08:38:45.437+00:00,ASTER,HL,9.1255,2.3255,1556.72,3.04,1555.3,32.627,1557.19,1555.1,0.0003266100,0.0000062500,0.2,275.8
2026-09-14T08:38:45.437+00:00,ASTER,ENTROPY,9.1254,2.3254,1556.72,3.04,1555.3,0.2858,1557.19,1555.2,0.0003266100,0.0000018064,0.2,756.1
2026-09-14T08:38:45.437+00:00,ASTER,HL,8.6758,1.8758,1556.65,0.78,1555.3,32.627,1557.19,1555.1,0.0003266100,0.0000062500,0.3,275.9
2026-09-14T08:38:45.437+00:00,ASTER,ENTROPY,8.6756,1.8756,1556.65,0.78,1555.3,0.2858,1557.19,1555.2,0.0003266100,0.0000018064,0.3,756.3
2026-09-14T08:38:45.442+00:00,ASTER,HL,9.3825,2.5825,1556.76,3.04,1555.3,32.627,1557.19,1555.1,0.0003266100,0.0000062500,0.2,280.0
2026-09-14T08:38:45.442+00:00,ASTER,ENTROPY,9.3824,2.5824,1556.76,3.04,1555.3,0.2858,1557.19,1555.2,0.0003266100,0.0000018064,0.2,760.4
2026-09-14T08:38:45.497+00:00,ASTER,HL,9.3825,2.5825,1556.76,3.04,1555.3,33.627,1557.19,1555.1,0.0003266100,0.0000062500,54.8,0.3
2026-09-14T08:38:45.512+00:00,ASTER,HL,9.3825,2.5825,1556.76,3.04,1555.3,34.132,1557.19,1555.1,0.0003266100,0.0000062500,69.8,0.2
2026-09-14T08:38:45.523+00:00,ASTER,HL,9.3825,2.5825,1556.76,3.04,1555.3,25.165,1557.19,1555.1,0.0003266100,0.0000062500,81.2,0.2
2026-09-14T08:38:45.523+00:00,ASTER,ENTROPY,9.3824,2.5824,1556.76,3.04,1555.3,0.3327,1557.19,1555.2,0.0003266100,0.0000018064,81.3,0.3
2026-09-14T08:38:45.533+00:00,ASTER,HL,8.6758,1.8758,1556.65,0.78,1555.3,25.165,1557.19,1555.1,0.0003266100,0.0000062500,0.1,9.8
2026-09-14T08:38:45.533+00:00,ASTER,ENTROPY,8.6756,1.8756,1556.65,0.78,1555.3,0.3327,1557.19,1555.2,0.0003266100,0.0000018064,0.1,9.7
2026-09-14T08:38:45.533+00:00,ASTER,HL,8.6758,1.8758,1556.65,0.78,1555.3,25.165,1557.18,1555.1,0.0003266100,0.0000062500,0.2,9.9
2026-09-14T08:38:45.533+00:00,ASTER,ENTROPY,8.6756,1.8756,1556.65,0.78,1555.3,0.3327,1557.18,1555.2,0.0003266100,0.0000018064,0.2,9.8
2026-09-14T08:38:45.537+00:00,ASTER,HL,9.4468,2.6468,1556.77,3.04,1555.3,25.165,1557.18,1555.1,0.0003266100,0.0000062500,0.1,13.7
2026-09-14T08:38:45.537+00:00,ASTER,ENTROPY,9.4466,2.6466,1556.77,3.04,1555.3,0.3327,1557.18,1555.2,0.0003266100,0.0000018064,0.1,13.7
2026-09-14T08:38:45.556+00:00,ASTER,HL,9.4466,2.6466,1556.77,3.04,1555.3,23.666,1557.18,1555.2,0.0003266100,0.0000062500,19.5,0.2
2026-09-14T08:38:45.556+00:00,ASTER,ENTROPY,9.4466,2.6466,1556.77,3.04,1555.3,0.1433,1557.18,1555.2,0.0003266100,0.0000018064,19.7,0.3
2026-09-14T08:38:45.629+00:00,ASTER,ENTROPY,9.4466,2.6466,1556.77,3.04,1555.3,0.151,1557.18,1555.2,0.0003266100,0.0000018064,92.7,0.2
2026-09-14T08:38:45.690+00:00,ASTER,HL,9.4466,2.6466,1556.77,3.04,1555.3,23.378,1557.18,1555.2,0.0003266100,0.0000062500,153.5,0.3
2026-09-14T08:38:45.923+00:00,ASTER,HL,9.4466,2.6466,1556.77,3.04,1555.3,22.378,1557.18,1555.2,0.0003266100,0.0000062500,386.5,0.3
2026-09-14T08:38:45.923+00:00,ASTER,ENTROPY,9.4466,2.6466,1556.77,3.04,1555.3,0.151,1557.18,1555.2,0.0003266100,0.0000018064,386.6,0.4
2026-09-14T08:38:45.978+00:00,ASTER,HL,9.4466,2.6466,1556.77,3.04,1555.3,30.133,1557.18,1555.2,0.0003266100,0.0000062500,441.6,0.3
2026-09-14T08:38:46.103+00:00,ASTER,HL,9.4466,2.6466,1556.77,3.04,1555.3,29.49,1557.18,1555.2,0.0003266100,0.0000062500,566.9,0.2
2026-09-14T08:38:46.175+00:00,ASTER,ENTROPY,9.4466,2.6466,1556.77,3.04,1555.3,0.1587,1557.18,1555.2,0.0003266100,0.0000018064,639.4,0.3
2026-09-14T08:38:46.288+00:00,ASTER,HL,9.4466,2.6466,1556.77,3.04,1555.3,30.49,1557.18,1555.2,0.0003266100,0.0000062500,751.4,0.3
2026-09-14T08:38:46.536+00:00,ASTER,HL,8.6756,1.8756,1556.65,0.78,1555.3,30.49,1557.18,1555.2,0.0003266100,0.0000062500,0.3,247.9
2026-09-14T08:38:46.536+00:00,ASTER,ENTROPY,8.6756,1.8756,1556.65,0.78,1555.3,0.1587,1557.18,1555.2,0.0003266100,0.0000018064,0.3,359.9
2026-09-14T08:38:46.563+00:00,ASTER,HL,8.0974,1.2974,1556.56,12.68,1555.3,30.49,1557.18,1555.2,0.0003266100,0.0000062500,0.3,275.9
2026-09-14T08:38:46.563+00:00,ASTER,ENTROPY,8.0974,1.2974,1556.56,12.68,1555.3,0.1587,1557.18,1555.2,0.0003266100,0.0000018064,0.3,388.0
2026-09-14T08:38:46.563+00:00,ASTER,HL,8.0974,1.2974,1556.56,6.9,1555.3,30.49,1557.18,1555.2,0.0003266100,0.0000062500,0.4,276.1
2026-09-14T08:38:46.563+00:00,ASTER,ENTROPY,8.0974,1.2974,1556.56,6.9,1555.3,0.1587,1557.18,1555.2,0.0003266100,0.0000018064,0.4,388.2
2026-09-14T08:38:46.563+00:00,ASTER,HL,8.0331,1.2331,1556.55,16.38,1555.3,30.49,1557.18,1555.2,0.0003266100,0.0000062500,0.5,276.2
2026-09-14T08:38:46.563+00:00,ASTER,ENTROPY,8.0331,1.2331,1556.55,16.38,1555.3,0.1587,1557.18,1555.2,0.0003266100,0.0000018064,0.5,388.3
2026-09-14T08:38:46.563+00:00,ASTER,HL,7.1336,0.3336,1556.41,0.04,1555.3,30.49,1557.18,1555.2,0.0003266100,0.0000062500,0.5,276.2
2026-09-14T08:38:46.563+00:00,ASTER,ENTROPY,7.1336,0.3336,1556.41,0.04,1555.3,0.1587,1557.18,1555.2,0.0003266100,0.0000018064,0.5,388.3
2026-09-14T08:38:46.563+00:00,ASTER,HL,7.1336,0.3336,1556.41,0.04,1555.3,30.49,1557.14,1555.2,0.0003266100,0.0000062500,0.6,276.3
2026-09-14T08:38:46.563+00:00,ASTER,ENTROPY,7.1336,0.3336,1556.41,0.04,1555.3,0.1587,1557.14,1555.2,0.0003266100,0.0000018064,0.6,388.4
2026-09-14T08:38:46.564+00:00,ASTER,HL,7.1337,0.3337,1556.41,0.04,1555.3,30.49,1557.08,1555.2,0.0003266100,0.0000062500,0.6,276.3
2026-09-14T08:38:46.564+00:00,ASTER,ENTROPY,7.1337,0.3337,1556.41,0.04,1555.3,0.1587,1557.08,1555.2,0.0003266100,0.0000018064,0.6,388.4
2026-09-14T08:38:46.564+00:00,ASTER,HL,7.3907,0.5907,1556.45,1.3,1555.3,30.49,1557.08,1555.2,0.0003266100,0.0000062500,0.6,276.3
2026-09-14T08:38:46.564+00:00,ASTER,ENTROPY,7.3907,0.5907,1556.45,1.3,1555.3,0.1587,1557.08,1555.2,0.0003266100,0.0000018064,0.6,388.4
2026-09-14T08:38:46.564+00:00,ASTER,HL,7.3907,0.5907,1556.45,1.3,1555.3,30.49,1557.08,1555.2,0.0003266100,0.0000062500,0.6,276.4
2026-09-14T08:38:46.564+00:00,ASTER,ENTROPY,7.3907,0.5907,1556.45,1.3,1555.3,0.1587,1557.08,1555.2,0.0003266100,0.0000018064,0.6,388.4
2026-09-14T08:38:46.597+00:00,ASTER,HL,7.3907,0.5907,1556.45,1.3,1555.3,30.49,1557.08,1555.2,0.0003266100,0.0000062500,0.2,309.4
2026-09-14T08:38:46.597+00:00,ASTER,ENTROPY,7.3907,0.5907,1556.45,1.3,1555.3,0.1587,1557.08,1555.2,0.0003266100,0.0000018064,0.2,421.5
2026-09-14T08:38:46.597+00:00,ASTER,HL,7.3907,0.5907,1556.45,2.62,1555.3,30.49,1557.08,1555.2,0.0003266100,0.0000062500,0.3,309.6
2026-09-14T08:38:46.597+00:00,ASTER,ENTROPY,7.3907,0.5907,1556.45,2.62,1555.3,0.1587,1557.08,1555.2,0.0003266100,0.0000018064,0.3,421.7
2026-09-14T08:38:46.599+00:00,ASTER,HL,7.3907,0.5907,1556.45,2.62,1555.3,30.49,1557.08,1555.2,0.0003266100,0.0000062500,0.1,311.4
2026-09-14T08:38:46.599+00:00,ASTER,ENTROPY,7.3907,0.5907,1556.45,2.62,1555.3,0.1587,1557.08,1555.2,0.0003266100,0.0000018064,0.1,423.5
2026-09-14T08:38:46.640+00:00,ASTER,HL,7.3907,0.5907,1556.45,2.62,1555.3,30.49,1557.08,1555.2,0.0003266100,0.0000062500,0.1,352.8
2026-09-14T08:38:46.640+00:00,ASTER,ENTROPY,7.3907,0.5907,1556.45,2.62,1555.3,0.1587,1557.08,1555.2,0.0003266100,0.0000018064,0.1,464.9
2026-09-14T08:38:46.641+00:00,ASTER,HL,7.3907,0.5907,1556.45,1.3,1555.3,30.49,1557.08,1555.2,0.0003266100,0.0000062500,0.2,353.0
2026-09-14T08:38:46.641+00:00,ASTER,ENTROPY,7.3907,0.5907,1556.45,1.3,1555.3,0.1587,1557.08,1555.2,0.0003266100,0.0000018064,0.2,465.1
2026-09-14T08:38:46.641+00:00,ASTER,HL,7.3907,0.5907,1556.45,1.3,1555.3,30.49,1557.08,1555.2,0.0003266100,0.0000062500,0.3,353.0
2026-09-14T08:38:46.641+00:00,ASTER,ENTROPY,7.3907,0.5907,1556.45,1.3,1555.3,0.1587,1557.08,1555.2,0.0003266100,0.0000018064,0.3,465.1
2026-09-14T08:38:46.641+00:00,ASTER,HL,7.3907,0.5907,1556.45,1.3,1555.3,30.49,1557.08,1555.2,0.0003266100,0.0000062500,0.3,353.0
2026-09-14T08:38:46.641+00:00,ASTER,ENTROPY,7.3907,0.5907,1556.45,1.3,1555.3,0.1587,1557.08,1555.2,0.0003266100,0.0000018064,0.3,465.1
2026-09-14T08:38:46.641+00:00,ASTER,HL,7.1337,0.3337,1556.41,0.04,1555.3,30.49,1557.08,1555.2,0.0003266100,0.0000062500,0.3,353.1
2026-09-14T08:38:46.641+00:00,ASTER,ENTROPY,7.1337,0.3337,1556.41,0.04,1555.3,0.1587,1557.08,1555.2,0.0003266100,0.0000018064,0.3,465.1
2026-09-14T08:38:46.641+00:00,ASTER,HL,7.1336,0.3336,1556.41,0.04,1555.3,30.49,1557.19,1555.2,0.0003266100,0.0000062500,0.3,353.1
2026-09-14T08:38:46.641+00:00,ASTER,ENTROPY,7.1336,0.3336,1556.41,0.04,1555.3,0.1587,1557.19,1555.2,0.0003266100,0.0000018064,0.3,465.2
2026-09-14T08:38:46.641+00:00,ASTER,HL,7.1338,0.3338,1556.41,0.04,1555.3,30.49,1557.02,1555.2,0.0003266100,0.0000062500,0.4,353.1
2026-09-14T08:38:46.641+00:00,ASTER,ENTROPY,7.1338,0.3338,1556.41,0.04,1555.3,0.1587,1557.02,1555.2,0.0003266100,0.0000018064,0.4,465.2
2026-09-14T08:38:46.671+00:00,ASTER,HL,7.1980,0.3980,1556.42,3.04,1555.3,30.49,1557.02,1555.2,0.0003266100,0.0000062500,0.1,382.9
2026-09-14T08:38:46.671+00:00,ASTER,ENTROPY,7.1980,0.3980,1556.42,3.04,1555.3,0.1587,1557.02,1555.2,0.0003266100,0.0000018064,0.1,495.0
2026-09-14T08:38:46.730+00:00,ASTER,HL,7.1338,0.3338,1556.41,3.5,1555.3,30.49,1557.02,1555.2,0.0003266100,0.0000062500,0.2,442.6
2026-09-14T08:38:46.730+00:00,ASTER,ENTROPY,7.1338,0.3338,1556.41,3.5,1555.3,0.1587,1557.02,1555.2,0.0003266100,0.0000018064,0.2,554.7
2026-09-14T08:38:46.730+00:00,ASTER,HL,7.1338,0.3338,1556.41,1.75,1555.3,30.49,1557.02,1555.2,0.0003266100,0.0000062500,0.4,442.9
2026-09-14T08:38:46.730+00:00,ASTER,ENTROPY,7.1338,0.3338,1556.41,1.75,1555.3,0.1587,1557.02,1555.2,0.0003266100,0.0000018064,0.4,554.9
2026-09-14T08:38:46.730+00:00,ASTER,HL,6.8125,0.0125,1556.36,0.01,1555.3,30.49,1557.02,1555.2,0.0003266100,0.0000062500,0.4,442.9
2026-09-14T08:38:46.730+00:00,ASTER,ENTROPY,6.8125,0.0125,1556.36,0.01,1555.3,0.1587,1557.02,1555.2,0.0003266100,0.0000018064,0.4,555.0
2026-09-14T08:38:46.741+00:00,ASTER,HL,7.9692,1.1692,1556.54,3.04,1555.3,30.49,1556.91,1555.2,0.0003266100,0.0000062500,0.1,453.6
2026-09-14T08:38:46.741+00:00,ASTER,ENTROPY,7.9692,1.1692,1556.54,3.04,1555.3,0.1587,1556.91,1555.2,0.0003266100,0.0000018064,0.1,565.7
2026-09-14T08:38:46.900+00:00,ASTER,HL,7.0054,0.2054,1556.39,3.04,1555.3,30.49,1556.88,1555.2,0.0003266100,0.0000062500,0.3,612.1
2026-09-14T08:38:46.900+00:00,ASTER,ENTROPY,7.0054,0.2054,1556.39,3.04,1555.3,0.1587,1556.88,1555.2,0.0003266100,0.0000018064,0.3,724.1
2026-09-14T08:38:46.938+00:00,ASTER,HL,7.0055,0.2055,1556.39,3.04,1555.3,32.502,1556.88,1555.1,0.0003266100,0.0000062500,38.3,0.3
2026-09-14T08:38:46.938+00:00,ASTER,ENTROPY,7.0054,0.2054,1556.39,3.04,1555.3,0.4933,1556.88,1555.2,0.0003266100,0.0000018064,38.4,0.4
2026-09-14T08:38:47.060+00:00,ASTER,HL,7.6483,0.8483,1556.39,3.04,1555.2,51.366,1556.88,1555.1,0.0003266100,0.0000062500,159.8,0.3
2026-09-14T08:38:47.112+00:00,ASTER,HL,7.6487,0.8487,1556.39,3.04,1555.2,92.057,1556.88,1554.8,0.0003266100,0.0000062500,212.0,1.0
2026-09-14T08:38:47.153+00:00,ASTER,HL,7.6488,0.8488,1556.39,3.04,1555.2,92.057,1556.8,1554.8,0.0003266100,0.0000062500,0.1,42.4
2026-09-14T08:38:47.153+00:00,ASTER,ENTROPY,7.0055,0.2055,1556.39,3.04,1555.3,0.4933,1556.8,1555.2,0.0003266100,0.0000018136,0.1,215.4
2026-09-14T08:38:47.204+00:00,ASTER,HL,9.5775,2.7775,1556.39,3.04,1554.9,76.426,1556.8,1554.8,0.0003266100,0.0000062500,51.2,0.2
2026-09-14T08:38:47.235+00:00,ASTER,HL,9.1277,2.3277,1556.32,0.04,1554.9,76.426,1556.8,1554.8,0.0003266100,0.0000062500,0.2,31.7
2026-09-14T08:38:47.235+00:00,ASTER,HL,8.9992,2.1992,1556.3,0.64,1554.9,76.426,1556.8,1554.8,0.0003266100,0.0000062500,0.4,31.9
2026-09-14T08:38:47.265+00:00,ASTER,HL,8.7421,1.9421,1556.26,2.72,1554.9,76.426,1556.8,1554.8,0.0003266100,0.0000062500,0.2,61.3
2026-09-14T08:38:47.266+00:00,ASTER,HL,7.1997,0.3997,1556.02,0.82,1554.9,76.426,1556.8,1554.8,0.0003266100,0.0000062500,0.4,61.5
2026-09-14T08:38:47.266+00:00,ASTER,HL,7.1997,0.3997,1556.02,0.82,1554.9,76.426,1556.76,1554.8,0.0003266100,0.0000062500,0.4,61.6
2026-09-14T08:38:47.266+00:00,ASTER,HL,7.1998,0.3998,1556.02,0.82,1554.9,76.426,1556.64,1554.8,0.0003266100,0.0000062500,0.5,61.6
2026-09-14T08:38:47.266+00:00,ASTER,HL,7.1998,0.3998,1556.02,0.82,1554.9,76.426,1556.64,1554.8,0.0003266100,0.0000062500,0.5,61.6
2026-09-14T08:38:47.284+00:00,ASTER,HL,7.1998,0.3998,1556.02,0.82,1554.9,76.426,1556.64,1554.8,0.0003266100,0.0000062500,0.1,81.1
2026-09-14T08:38:47.303+00:00,ASTER,HL,7.7140,0.9140,1556.1,2.27,1554.9,76.426,1556.64,1554.8,0.0003266100,0.0000062500,0.1,99.4
2026-09-14T08:38:47.306+00:00,ASTER,HL,7.7140,0.9140,1556.1,4.54,1554.9,76.426,1556.64,1554.8,0.0003266100,0.0000062500,0.1,102.7
2026-09-14T08:38:47.328+00:00,ASTER,HL,7.7140,0.9140,1556.1,4.54,1554.9,76.426,1556.64,1554.8,0.0003266100,0.0000062500,21.5,0.3
2026-09-14T08:38:47.345+00:00,ASTER,HL,7.7139,0.9139,1556.1,4.54,1554.9,76.426,1556.73,1554.8,0.0003266100,0.0000062500,0.2,16.8
2026-09-14T08:38:47.352+00:00,ASTER,HL,7.7140,0.9140,1556.1,4.54,1554.9,76.426,1556.64,1554.8,0.0003266100,0.0000062500,0.2,24.2
2026-09-14T08:38:47.401+00:00,ASTER,HL,8.7423,1.9423,1556.26,3.04,1554.9,76.426,1556.64,1554.8,0.0003266100,0.0000062500,0.2,73.1
2026-09-14T08:38:47.430+00:00,ASTER,HL,8.7423,1.9423,1556.26,3.04,1554.9,21.735,1556.64,1554.8,0.0003266100,0.0000062500,29.0,0.3
2026-09-14T08:38:47.491+00:00,ASTER,HL,8.7422,1.9422,1556.26,3.04,1554.9,21.735,1556.73,1554.8,0.0003266100,0.0000062500,0.2,62.6
2026-09-14T08:38:47.491+00:00,ASTER,HL,7.7139,0.9139,1556.1,4.54,1554.9,21.735,1556.73,1554.8,0.0003266100,0.0000062500,0.4,62.8
2026-09-14T08:38:47.523+00:00,ASTER,HL,7.7139,0.9139,1556.1,4.54,1554.9,21.735,1556.73,1554.8,0.0003266100,0.0000062500,0.2,94.0
2026-09-14T08:38:47.523+00:00,ASTER,HL,7.7139,0.9139,1556.1,2.27,1554.9,21.735,1556.73,1554.8,0.0003266100,0.0000062500,0.2,94.1
2026-09-14T08:38:47.523+00:00,ASTER,HL,7.7138,0.9138,1556.1,2.27,1554.9,21.735,1556.79,1554.8,0.0003266100,0.0000062500,0.3,94.1
2026-09-14T08:38:47.523+00:00,ASTER,HL,7.5853,0.7853,1556.08,0.64,1554.9,21.735,1556.79,1554.8,0.0003266100,0.0000062500,0.3,94.2
2026-09-14T08:38:47.523+00:00,ASTER,HL,8.9349,2.1349,1556.29,3.04,1554.9,21.735,1556.79,1554.8,0.0003266100,0.0000062500,0.3,94.2
2026-09-14T08:38:47.523+00:00,ASTER,HL,9.3205,2.5205,1556.35,3.04,1554.9,21.735,1556.79,1554.8,0.0003266100,0.0000062500,0.3,94.2
2026-09-14T08:38:47.523+00:00,ASTER,HL,9.6418,2.8418,1556.4,3.04,1554.9,21.735,1556.79,1554.8,0.0003266100,0.0000062500,0.3,94.2
2026-09-14T08:38:47.523+00:00,ASTER,ENTROPY,7.0701,0.2701,1556.4,3.04,1555.3,0.8621,1556.79,1554.9,0.0003266100,0.0000018136,0.3,94.2
2026-09-14T08:38:47.523+00:00,ASTER,HL,9.8989,3.0989,1556.44,3.04,1554.9,21.735,1556.79,1554.8,0.0003266100,0.0000062500,0.4,94.2
2026-09-14T08:38:47.523+00:00,ASTER,ENTROPY,7.3271,0.5271,1556.44,3.04,1555.3,0.8621,1556.79,1554.9,0.0003266100,0.0000018136,0.4,94.2
2026-09-14T08:38:47.536+00:00,ASTER,HL,9.6418,2.8418,1556.4,3.04,1554.9,21.735,1556.79,1554.8,0.0003266100,0.0000062500,0.2,107.4
2026-09-14T08:38:47.536+00:00,ASTER,ENTROPY,7.0701,0.2701,1556.4,3.04,1555.3,0.8621,1556.79,1554.9,0.0003266100,0.0000018136,0.2,107.4
2026-09-14T08:38:47.553+00:00,ASTER,HL,10.2202,3.4202,1556.49,3.04,1554.9,21.735,1556.79,1554.8,0.0003266100,0.0000062500,0.1,124.2
2026-09-14T08:38:47.553+00:00,ASTER,ENTROPY,7.6485,0.8485,1556.49,3.04,1555.3,0.8621,1556.79,1554.9,0.0003266100,0.0000018136,0.1,124.2
2026-09-14T08:38:47.692+00:00,ASTER,HL,8.7421,1.9421,1556.26,46.81,1554.9,21.735,1556.79,1554.8,0.0003266100,0.0000062500,0.2,263.5
2026-09-14T08:38:47.701+00:00,ASTER,HL,10.2844,3.4844,1556.5,3.04,1554.9,21.735,1556.79,1554.8,0.0003266100,0.0000062500,0.7,271.9
2026-09-14T08:38:47.701+00:00,ASTER,ENTROPY,7.7127,0.9127,1556.5,3.04,1555.3,0.8621,1556.79,1554.9,0.0003266100,0.0000018136,0.7,271.9
2026-09-14T08:38:47.762+00:00,ASTER,HL,10.9276,4.1276,1556.5,3.04,1554.8,38.212,1556.79,1554.7,0.0003266100,0.0000062500,62.3,0.4
2026-09-14T08:38:47.763+00:00,ASTER,ENTROPY,9.6414,2.8414,1556.5,3.04,1555.0,0.3228,1556.79,1554.9,0.0003266100,0.0000018136,62.5,0.5
2026-09-14T08:38:47.784+00:00,ASTER,HL,10.9276,4.1276,1556.5,3.04,1554.8,76.424,1556.79,1554.7,0.0003266100,0.0000062500,83.4,0.3
2026-09-14T08:38:47.852+00:00,ASTER,HL,10.2846,3.4846,1556.5,3.04,1554.9,9.415,1556.79,1554.7,0.0003266100,0.0000062500,151.2,0.3
2026-09-14T08:38:47.852+00:00,ASTER,ENTROPY,8.3556,1.5556,1556.5,3.04,1555.2,0.3081,1556.79,1554.9,0.0003266100,0.0000018136,151.4,0.4
2026-09-14T08:38:47.867+00:00,ASTER,HL,10.2846,3.4846,1556.5,3.04,1554.9,9.415,1556.79,1554.7,0.0003266100,0.0000062500,167.1,0.3
2026-09-14T08:38:48.048+00:00,ASTER,HL,10.2844,3.4844,1556.5,3.04,1554.9,9.415,1556.79,1554.8,0.0003266100,0.0000062500,348.2,0.4
2026-09-14T08:38:48.049+00:00,ASTER,ENTROPY,8.3556,1.5556,1556.5,3.04,1555.2,0.3081,1556.79,1554.9,0.0003266100,0.0000018136,348.5,0.5
2026-09-14T08:38:48.236+00:00,ASTER,HL,8.9986,2.1986,1556.5,3.04,1555.1,23.101,1556.79,1554.8,0.0003266100,0.0000062500,535.6,0.3
2026-09-14T08:38:48.312+00:00,ASTER,HL,8.9985,2.1985,1556.5,3.04,1555.1,23.101,1556.79,1554.9,0.0003266100,0.0000062500,612.0,0.2
2026-09-14T08:38:48.342+00:00,ASTER,HL,8.9985,2.1985,1556.5,3.04,1555.1,23.101,1556.79,1554.9,0.0003266100,0.0000062500,641.9,0.2
2026-09-14T08:38:48.384+00:00,ASTER,HL,7.4562,0.6562,1556.26,46.81,1555.1,23.101,1556.79,1554.9,0.0003266100,0.0000062500,0.2,41.5
2026-09-14T08:38:48.384+00:00,ASTER,ENTROPY,6.8133,0.0133,1556.26,46.81,1555.2,0.3081,1556.79,1554.9,0.0003266100,0.0000018136,0.2,335.3
2026-09-14T08:38:48.393+00:00,ASTER,HL,7.4562,0.6562,1556.26,46.81,1555.1,24.248,1556.79,1554.9,0.0003266100,0.0000062500,9.5,0.3
2026-09-14T08:38:48.393+00:00,ASTER,HL,7.4562,0.6562,1556.26,39.28,1555.1,24.248,1556.79,1554.9,0.0003266100,0.0000062500,0.2,0.5
2026-09-14T08:38:48.393+00:00,ASTER,ENTROPY,6.8133,0.0133,1556.26,39.28,1555.2,0.3081,1556.79,1554.9,0.0003266100,0.0000018136,0.2,344.8
2026-09-14T08:38:48.393+00:00,ASTER,HL,7.4562,0.6562,1556.26,22.9,1555.1,24.248,1556.79,1554.9,0.0003266100,0.0000062500,0.2,0.6
2026-09-14T08:38:48.393+00:00,ASTER,ENTROPY,6.8133,0.0133,1556.26,22.9,1555.2,0.3081,1556.79,1554.9,0.0003266100,0.0000018136,0.2,344.8
2026-09-14T08:38:48.393+00:00,ASTER,HL,7.4562,0.6562,1556.26,16.38,1555.1,24.248,1556.79,1554.9,0.0003266100,0.0000062500,0.3,0.6
2026-09-14T08:38:48.393+00:00,ASTER,ENTROPY,6.8133,0.0133,1556.26,16.38,1555.2,0.3081,1556.79,1554.9,0.0003266100,0.0000018136,0.3,344.9
2026-09-14T08:38:48.513+00:00,ASTER,HL,7.5205,0.7205,1556.27,3.04,1555.1,24.248,1556.69,1554.9,0.0003266100,0.0000062500,0.1,120.4
2026-09-14T08:38:48.513+00:00,ASTER,ENTROPY,6.8776,0.0776,1556.27,3.04,1555.2,0.3081,1556.69,1554.9,0.0003266100,0.0000018136,0.1,464.7
2026-09-14T08:38:48.588+00:00,ASTER,HL,7.5205,0.7205,1556.27,3.04,1555.1,24.248,1556.69,1554.9,0.0003266100,0.0000062500,75.1,0.3
2026-09-14T08:38:48.588+00:00,ASTER,HL,7.5205,0.7205,1556.27,3.04,1555.1,24.248,1556.68,1554.9,0.0003266100,0.0000062500,0.4,0.4
2026-09-14T08:38:48.588+00:00,ASTER,ENTROPY,6.8777,0.0777,1556.27,3.04,1555.2,0.3081,1556.68,1554.9,0.0003266100,0.0000018136,0.4,539.9
2026-09-14T08:38:48.716+00:00,ASTER,HL,8.0347,1.2347,1556.35,3.04,1555.1,24.248,1556.68,1554.9,0.0003266100,0.0000062500,0.3,128.6
2026-09-14T08:38:48.716+00:00,ASTER,ENTROPY,7.3918,0.5918,1556.35,3.04,1555.2,0.3081,1556.68,1554.9,0.0003266100,0.0000018136,0.3,668.0
2026-09-14T08:38:48.716+00:00,ASTER,HL,8.4845,1.6845,1556.42,3.04,1555.1,24.248,1556.68,1554.9,0.0003266100,0.0000062500,0.4,128.7
2026-09-14T08:38:48.716+00:00,ASTER,ENTROPY,7.8416,1.0416,1556.42,3.04,1555.2,0.3081,1556.68,1554.9,0.0003266100,0.0000018136,0.4,668.1
2026-09-14T08:38:48.735+00:00,ASTER,HL,9.1274,2.3274,1556.42,3.04,1555.0,1.643,1556.68,1554.9,0.0003266100,0.0000062500,19.5,0.2
2026-09-14T08:38:48.827+00:00,ASTER,HL,9.1277,2.3277,1556.42,3.04,1555.0,19.496,1556.68,1554.7,0.0003266100,0.0000062500,111.3,0.3
2026-09-14T08:38:48.827+00:00,ASTER,ENTROPY,9.1274,2.3274,1556.42,3.04,1555.0,0.7457,1556.68,1554.9,0.0003266100,0.0000018136,111.5,0.4
2026-09-14T08:38:48.867+00:00,ASTER,HL,10.4137,3.6137,1556.42,3.04,1554.8,90.571,1556.68,1554.7,0.0003266100,0.0000062500,150.8,0.2
2026-09-14T08:38:48.882+00:00,ASTER,HL,10.4137,3.6137,1556.42,3.04,1554.8,101.369,1556.68,1554.7,0.0003266100,0.0000062500,165.9,0.2
2026-09-14T08:38:49.035+00:00,ASTER,HL,10.4137,3.6137,1556.42,3.04,1554.8,1.724,1556.68,1554.7,0.0003266100,0.0000062500,319.1,0.3
2026-09-14T08:38:49.359+00:00,ASTER,HL,9.7707,2.9707,1556.42,3.04,1554.9,26.166,1556.68,1554.7,0.0003266100,0.0000062500,643.1,0.5
2026-09-14T08:38:49.368+00:00,ASTER,HL,9.7707,2.9707,1556.42,3.04,1554.9,23.824,1556.68,1554.7,0.0003266100,0.0000062500,651.6,0.2
2026-09-14T08:38:49.445+00:00,ASTER,HL,9.7707,2.9707,1556.42,3.04,1554.9,24.133,1556.68,1554.7,0.0003266100,0.0000062500,728.7,0.2
2026-09-14T08:38:49.632+00:00,ASTER,HL,9.7707,2.9707,1556.42,3.04,1554.9,24.776,1556.68,1554.7,0.0003266100,0.0000062500,916.4,0.2
2026-09-14T08:38:49.679+00:00,ASTER,HL,8.2925,1.4925,1556.19,40.1,1554.9,24.776,1556.68,1554.7,0.0003266100,0.0000062500,0.2,47.2
2026-09-14T08:38:49.679+00:00,ASTER,ENTROPY,7.6493,0.8493,1556.19,40.1,1555.0,0.7457,1556.68,1554.9,0.0003266100,0.0000018136,0.2,852.2
2026-09-14T08:38:49.686+00:00,ASTER,HL,8.2925,1.4925,1556.19,23.72,1554.9,24.776,1556.68,1554.7,0.0003266100,0.0000062500,0.1,54.1
2026-09-14T08:38:49.686+00:00,ASTER,ENTROPY,7.6493,0.8493,1556.19,23.72,1555.0,0.7457,1556.68,1554.9,0.0003266100,0.0000018136,0.1,859.2
2026-09-14T08:38:49.686+00:00,ASTER,HL,8.2925,1.4925,1556.19,7.34,1554.9,24.776,1556.68,1554.7,0.0003266100,0.0000062500,0.2,54.2
2026-09-14T08:38:49.686+00:00,ASTER,ENTROPY,7.6493,0.8493,1556.19,7.34,1555.0,0.7457,1556.68,1554.9,0.0003266100,0.0000018136,0.2,859.3
2026-09-14T08:38:49.694+00:00,ASTER,HL,8.2925,1.4925,1556.19,7.34,1554.9,33.998,1556.68,1554.7,0.0003266100,0.0000062500,8.6,0.2
2026-09-14T08:38:49.749+00:00,ASTER,HL,8.2925,1.4925,1556.19,1.28,1554.9,33.998,1556.68,1554.7,0.0003266100,0.0000062500,0.2,54.8
2026-09-14T08:38:49.749+00:00,ASTER,ENTROPY,7.6493,0.8493,1556.19,1.28,1555.0,0.7457,1556.68,1554.9,0.0003266100,0.0000018136,0.2,922.3
2026-09-14T08:38:49.749+00:00,ASTER,HL,7.5855,0.7855,1556.08,0.64,1554.9,33.998,1556.68,1554.7,0.0003266100,0.0000062500,0.3,54.9
2026-09-14T08:38:49.749+00:00,ASTER,ENTROPY,6.9424,0.1424,1556.08,0.64,1555.0,0.7457,1556.68,1554.9,0.0003266100,0.0000018136,0.3,922.4
2026-09-14T08:38:49.758+00:00,ASTER,HL,8.8709,2.0709,1556.28,3.04,1554.9,33.998,1556.68,1554.7,0.0003266100,0.0000062500,0.2,63.7
2026-09-14T08:38:49.758+00:00,ASTER,ENTROPY,8.2277,1.4277,1556.28,3.04,1555.0,0.7457,1556.68,1554.9,0.0003266100,0.0000018136,0.2,931.2
2026-09-14T08:38:49.898+00:00,ASTER,HL,8.8708,2.0708,1556.28,3.04,1554.9,33.355,1556.68,1554.8,0.0003266100,0.0000062500,139.6,0.3
2026-09-14T08:38:49.898+00:00,ASTER,ENTROPY,8.2277,1.4277,1556.28,3.04,1555.0,0.5798,1556.68,1554.9,0.0003266100,0.0000018136,139.8,0.5
2026-09-14T08:38:49.982+00:00,ASTER,HL,7.5854,0.7854,1556.08,0.64,1554.9,33.355,1556.68,1554.8,0.0003266100,0.0000062500,0.2,85.3
2026-09-14T08:38:49.982+00:00,ASTER,ENTROPY,6.9424,0.1424,1556.08,0.64,1555.0,0.5798,1556.68,1554.9,0.0003266100,0.0000018136,0.2,85.2
2026-09-14T08:38:49.996+00:00,ASTER,HL,9.0636,2.2636,1556.31,3.04,1554.9,33.355,1556.68,1554.8,0.0003266100,0.0000062500,0.1,99.1
2026-09-14T08:38:49.996+00:00,ASTER,ENTROPY,8.4205,1.6205,1556.31,3.04,1555.0,0.5798,1556.68,1554.9,0.0003266100,0.0000018136,0.1,99.1
2026-09-14T08:38:50.024+00:00,ASTER,HL,9.0637,2.2637,1556.31,3.04,1554.9,33.286,1556.68,1554.7,0.0003266100,0.0000062500,27.5,0.3
2026-09-14T08:38:50.024+00:00,ASTER,ENTROPY,8.4205,1.6205,1556.31,3.04,1555.0,0.7457,1556.68,1554.9,0.0003266100,0.0000018136,27.7,0.4
2026-09-14T08:38:50.094+00:00,ASTER,HL,9.0638,2.2638,1556.31,3.04,1554.9,33.286,1556.67,1554.7,0.0003266100,0.0000062500,0.2,70.1
2026-09-14T08:38:50.094+00:00,ASTER,ENTROPY,8.4205,1.6205,1556.31,3.04,1555.0,0.7457,1556.67,1554.9,0.0003266100,0.0000018136,0.2,70.1
2026-09-14T08:38:50.237+00:00,ASTER,HL,9.0637,2.2637,1556.31,3.04,1554.9,33.286,1556.68,1554.7,0.0003266100,0.0000062500,0.3,212.9
2026-09-14T08:38:50.237+00:00,ASTER,ENTROPY,8.4205,1.6205,1556.31,3.04,1555.0,0.7457,1556.68,1554.9,0.0003266100,0.0000018136,0.3,212.9
2026-09-14T08:38:50.492+00:00,ASTER,HL,9.0639,2.2639,1556.31,3.04,1554.9,34.196,1556.68,1554.6,0.0003266100,0.0000062500,256.3,0.3
2026-09-14T08:38:50.492+00:00,ASTER,ENTROPY,8.4205,1.6205,1556.31,3.04,1555.0,0.5798,1556.68,1554.9,0.0003266100,0.0000018136,256.5,0.5
2026-09-14T08:38:50.544+00:00,ASTER,ENTROPY,8.4205,1.6205,1556.31,3.04,1555.0,0.7457,1556.68,1554.9,0.0003266100,0.0000018136,307.8,0.3
2026-09-14T08:38:50.557+00:00,ASTER,HL,9.7069,2.9069,1556.31,3.04,1554.8,1.984,1556.68,1554.6,0.0003266100,0.0000062500,320.0,0.2
2026-09-14T08:38:50.557+00:00,ASTER,ENTROPY,8.4205,1.6205,1556.31,3.04,1555.0,0.7926,1556.68,1554.9,0.0003266100,0.0000018136,320.2,0.3
2026-09-14T08:38:50.560+00:00,ASTER,ENTROPY,8.4205,1.6205,1556.31,3.04,1555.0,0.8003,1556.68,1554.9,0.0003266100,0.0000018136,323.0,0.1
2026-09-14T08:38:50.688+00:00,ASTER,HL,10.3499,3.5499,1556.31,3.04,1554.7,21.735,1556.68,1554.6,0.0003266100,0.0000062500,451.7,0.2
2026-09-14T08:38:50.784+00:00,ASTER,HL,8.8717,2.0717,1556.08,0.64,1554.7,21.735,1556.68,1554.6,0.0003266100,0.0000062500,0.3,96.1
2026-09-14T08:38:50.784+00:00,ASTER,ENTROPY,6.9424,0.1424,1556.08,0.64,1555.0,0.8003,1556.68,1554.9,0.0003266100,0.0000018136,0.3,224.7
2026-09-14T08:38:50.799+00:00,ASTER,HL,8.7431,1.9431,1556.06,2.6,1554.7,21.735,1556.68,1554.6,0.0003266100,0.0000062500,0.2,110.7
2026-09-14T08:38:50.799+00:00,ASTER,ENTROPY,6.8138,0.0138,1556.06,2.6,1555.0,0.8003,1556.68,1554.9,0.0003266100,0.0000018136,0.2,239.3
2026-09-14T08:38:50.799+00:00,ASTER,HL,8.5503,1.7503,1556.03,16.38,1554.7,21.735,1556.68,1554.6,0.0003266100,0.0000062500,0.4,110.9
2026-09-14T08:38:50.820+00:00,ASTER,HL,8.2935,1.4935,1555.99,1.71,1554.7,21.735,1556.44,1554.6,0.0003266100,0.0000062500,0.3,132.8
2026-09-14T08:38:50.821+00:00,ASTER,HL,8.2935,1.4935,1555.99,18.09,1554.7,21.735,1556.44,1554.6,0.0003266100,0.0000062500,0.3,132.8
2026-09-14T08:38:50.838+00:00,ASTER,HL,8.2935,1.4935,1555.99,16.38,1554.7,21.735,1556.44,1554.6,0.0003266100,0.0000062500,0.1,150.7
2026-09-14T08:38:50.895+00:00,ASTER,HL,7.7152,0.9152,1555.9,3.04,1554.7,21.735,1556.32,1554.6,0.0003266100,0.0000062500,0.2,207.8
2026-09-14T08:38:50.971+00:00,ASTER,HL,7.7153,0.9153,1555.9,3.04,1554.7,21.735,1556.2,1554.6,0.0003266100,0.0000062500,0.1,282.9
2026-09-14T08:38:51.045+00:00,ASTER,HL,7.7152,0.9152,1555.9,3.04,1554.7,21.735,1556.32,1554.6,0.0003266100,0.0000062500,0.3,356.5
2026-09-14T08:38:51.045+00:00,ASTER,HL,7.7152,0.9152,1555.9,3.04,1554.7,21.735,1556.32,1554.6,0.0003266100,0.0000062500,0.5,356.7
2026-09-14T08:38:51.101+00:00,ASTER,HL,7.7152,0.9152,1555.9,3.04,1554.7,46.759,1556.32,1554.6,0.0003266100,0.0000062500,57.2,0.3
2026-09-14T08:38:51.521+00:00,ASTER,HL,7.8453,1.0453,1555.62,3.04,1554.4,49.022,1555.99,1554.3,0.0003266100,0.0000062500,13.8,0.3
2026-09-14T08:38:51.521+00:00,ASTER,HL,7.8453,1.0453,1555.62,3.04,1554.4,116.329,1555.99,1554.3,0.0003266100,0.0000062500,14.1,0.5
2026-09-14T08:38:51.537+00:00,ASTER,HL,7.8452,1.0452,1555.62,3.04,1554.4,116.329,1556.05,1554.3,0.0003266100,0.0000062500,0.1,15.9
2026-09-14T08:38:51.537+00:00,ASTER,HL,7.8452,1.0452,1555.62,3.04,1554.4,116.329,1556.05,1554.3,0.0003266100,0.0000062500,0.2,16.0
2026-09-14T08:38:51.544+00:00,ASTER,HL,7.8452,1.0452,1555.62,3.04,1554.4,116.329,1556.07,1554.3,0.0003266100,0.0000062500,0.1,22.9
2026-09-14T08:38:51.573+00:00,ASTER,HL,8.2952,1.4952,1555.69,3.04,1554.4,116.329,1556.07,1554.3,0.0003266100,0.0000062500,0.9,52.1
2026-09-14T08:38:51.573+00:00,ASTER,HL,9.0024,2.2024,1555.8,3.04,1554.4,116.329,1556.07,1554.3,0.0003266100,0.0000062500,1.0,52.1
2026-09-14T08:38:51.757+00:00,ASTER,HL,10.2891,3.4891,1555.8,3.04,1554.2,40.714,1556.07,1554.1,0.0003266100,0.0000062500,184.5,0.3
2026-09-14T08:38:51.763+00:00,ASTER,HL,10.2891,3.4891,1555.8,3.04,1554.2,80.566,1556.07,1554.1,0.0003266100,0.0000062500,190.4,0.1
2026-09-14T08:38:51.909+00:00,ASTER,HL,10.2891,3.4891,1555.8,3.04,1554.2,0.862,1556.07,1554.1,0.0003266100,0.0000062500,336.7,0.4
2026-09-14T08:38:52.024+00:00,ASTER,HL,10.2891,3.4891,1555.8,3.04,1554.2,0.862,1556.07,1554.1,0.0003266100,0.0000062500,452.7,0.4
2026-09-14T08:38:52.025+00:00,ASTER,ENTROPY,8.3592,1.5592,1555.8,3.04,1554.5,0.3229,1556.07,1554.3,0.0003266100,0.0000018175,453.0,0.7
2026-09-14T08:38:52.150+00:00,ASTER,HL,10.2891,3.4891,1555.8,3.04,1554.2,22.735,1556.07,1554.1,0.0003266100,0.0000062500,577.9,0.2
2026-09-14T08:38:52.150+00:00,ASTER,ENTROPY,8.3592,1.5592,1555.8,3.04,1554.5,0.6458,1556.07,1554.3,0.0003266100,0.0000018175,578.0,0.3
2026-09-14T08:38:52.242+00:00,ASTER,HL,8.4889,1.6889,1555.52,2.56,1554.2,22.735,1556.07,1554.1,0.0003266100,0.0000062500,0.2,92.0
2026-09-14T08:38:52.349+00:00,ASTER,HL,9.5819,2.7819,1555.69,3.04,1554.2,22.735,1556.07,1554.1,0.0003266100,0.0000062500,0.2,198.7
2026-09-14T08:38:52.349+00:00,ASTER,ENTROPY,7.6520,0.8520,1555.69,3.04,1554.5,0.6458,1556.07,1554.3,0.0003266100,0.0000018175,0.2,198.6
2026-09-14T08:38:52.357+00:00,ASTER,ENTROPY,7.6522,0.8522,1555.69,3.04,1554.5,0.9687,1556.07,1554.2,0.0003266100,0.0000018175,8.9,0.3
2026-09-14T08:38:52.357+00:00,ASTER,HL,9.5819,2.7819,1555.69,3.04,1554.2,25.957,1556.07,1554.1,0.0003266100,0.0000062500,9.0,0.3
2026-09-14T08:38:52.357+00:00,ASTER,ENTROPY,8.9385,2.1385,1555.69,3.04,1554.3,0.3216,1556.07,1554.2,0.0003266100,0.0000018175,9.1,0.3
2026-09-14T08:38:52.376+00:00,ASTER,ENTROPY,7.0090,0.2090,1555.69,3.04,1554.6,0.308,1556.07,1554.2,0.0003266100,0.0000018175,27.4,0.2
2026-09-14T08:38:52.441+00:00,ASTER,HL,9.5819,2.7819,1555.69,3.04,1554.2,26.889,1556.07,1554.1,0.0003266100,0.0000062500,92.5,0.3
2026-09-14T08:38:52.441+00:00,ASTER,ENTROPY,8.2953,1.4953,1555.69,3.04,1554.4,0.1929,1556.07,1554.2,0.0003266100,0.0000018175,92.7,0.5
2026-09-14T08:38:52.558+00:00,ASTER,HL,9.5819,2.7819,1555.69,3.04,1554.2,26.6,1556.07,1554.1,0.0003266100,0.0000062500,209.7,0.3
2026-09-14T08:38:52.692+00:00,ASTER,HL,8.4889,1.6889,1555.52,2.56,1554.2,26.6,1556.07,1554.1,0.0003266100,0.0000062500,0.2,134.8
2026-09-14T08:38:52.692+00:00,ASTER,ENTROPY,7.2024,0.4024,1555.52,2.56,1554.4,0.1929,1556.07,1554.2,0.0003266100,0.0000018175,0.2,252.0
2026-09-14T08:38:52.703+00:00,ASTER,HL,8.4889,1.6889,1555.52,2.56,1554.2,23.378,1556.07,1554.1,0.0003266100,0.0000062500,11.2,0.2
2026-09-14T08:38:52.744+00:00,ASTER,HL,9.7748,2.9748,1555.72,3.04,1554.2,23.378,1556.07,1554.1,0.0003266100,0.0000062500,0.2,40.8
2026-09-14T08:38:52.744+00:00,ASTER,ENTROPY,8.4882,1.6882,1555.72,3.04,1554.4,0.1929,1556.07,1554.2,0.0003266100,0.0000018175,0.2,303.6
2026-09-14T08:38:52.774+00:00,ASTER,ENTROPY,8.4882,1.6882,1555.72,3.04,1554.4,0.1929,1556.07,1554.2,0.0003266100,0.0000018175,30.0,0.2
2026-09-14T08:38:52.836+00:00,ASTER,ENTROPY,9.1314,2.3314,1555.72,3.04,1554.3,0.3688,1556.07,1554.2,0.0003266100,0.0000018175,91.6,0.3
2026-09-14T08:38:52.838+00:00,ASTER,HL,9.7747,2.9747,1555.72,3.04,1554.2,23.378,1556.15,1554.1,0.0003266100,0.0000062500,0.1,134.1
2026-09-14T08:38:52.838+00:00,ASTER,ENTROPY,9.1313,2.3313,1555.72,3.04,1554.3,0.3688,1556.15,1554.2,0.0003266100,0.0000018175,0.1,2.2
2026-09-14T08:38:52.838+00:00,ASTER,HL,8.4888,1.6888,1555.52,2.56,1554.2,23.378,1556.15,1554.1,0.0003266100,0.0000062500,0.2,134.2
2026-09-14T08:38:52.838+00:00,ASTER,ENTROPY,7.8454,1.0454,1555.52,2.56,1554.3,0.3688,1556.15,1554.2,0.0003266100,0.0000018175,0.2,2.3
2026-09-14T08:38:52.845+00:00,ASTER,HL,8.4888,1.6888,1555.52,2.56,1554.2,23.378,1556.15,1554.1,0.0003266100,0.0000062500,0.1,141.5
2026-09-14T08:38:52.845+00:00,ASTER,ENTROPY,7.8454,1.0454,1555.52,2.56,1554.3,0.3688,1556.15,1554.2,0.0003266100,0.0000018175,0.1,9.5
2026-09-14T08:38:52.845+00:00,ASTER,HL,8.4888,1.6888,1555.52,1.28,1554.2,23.378,1556.15,1554.1,0.0003266100,0.0000062500,0.2,141.5
2026-09-14T08:38:52.845+00:00,ASTER,ENTROPY,7.8454,1.0454,1555.52,1.28,1554.3,0.3688,1556.15,1554.2,0.0003266100,0.0000018175,0.2,9.6
2026-09-14T08:38:52.845+00:00,ASTER,HL,8.4885,1.6885,1555.52,1.28,1554.2,23.378,1556.34,1554.1,0.0003266100,0.0000062500,0.2,141.6
2026-09-14T08:38:52.845+00:00,ASTER,ENTROPY,7.8452,1.0452,1555.52,1.28,1554.3,0.3688,1556.34,1554.2,0.0003266100,0.0000018175,0.2,9.6
2026-09-14T08:38:52.845+00:00,ASTER,HL,8.4242,1.6242,1555.51,0.78,1554.2,23.378,1556.34,1554.1,0.0003266100,0.0000062500,0.2,141.6
2026-09-14T08:38:52.845+00:00,ASTER,ENTROPY,7.7809,0.9809,1555.51,0.78,1554.3,0.3688,1556.34,1554.2,0.0003266100,0.0000018175,0.2,9.7
2026-09-14T08:38:52.848+00:00,ASTER,HL,9.8386,3.0386,1555.73,3.04,1554.2,23.378,1556.34,1554.1,0.0003266100,0.0000062500,0.1,144.2
2026-09-14T08:38:52.848+00:00,ASTER,ENTROPY,9.1953,2.3953,1555.73,3.04,1554.3,0.3688,1556.34,1554.2,0.0003266100,0.0000018175,0.1,12.3
2026-09-14T08:38:52.848+00:00,ASTER,HL,10.2244,3.4244,1555.79,3.04,1554.2,23.378,1556.34,1554.1,0.0003266100,0.0000062500,0.1,144.3
2026-09-14T08:38:52.848+00:00,ASTER,ENTROPY,9.5810,2.7810,1555.79,3.04,1554.3,0.3688,1556.34,1554.2,0.0003266100,0.0000018175,0.1,12.4
2026-09-14T08:38:52.848+00:00,ASTER,HL,10.5458,3.7458,1555.84,3.04,1554.2,23.378,1556.34,1554.1,0.0003266100,0.0000062500,0.2,144.3
2026-09-14T08:38:52.848+00:00,ASTER,ENTROPY,9.9025,3.1025,1555.84,3.04,1554.3,0.3688,1556.34,1554.2,0.0003266100,0.0000018175,0.2,12.4
2026-09-14T08:38:52.848+00:00,ASTER,HL,10.5459,3.7459,1555.84,3.04,1554.2,23.378,1556.27,1554.1,0.0003266100,0.0000062500,0.2,144.4
2026-09-14T08:38:52.848+00:00,ASTER,ENTROPY,9.9026,3.1026,1555.84,3.04,1554.3,0.3688,1556.27,1554.2,0.0003266100,0.0000018175,0.2,12.4
2026-09-14T08:38:52.848+00:00,ASTER,HL,10.5459,3.7459,1555.84,3.04,1554.2,23.378,1556.27,1554.1,0.0003266100,0.0000062500,0.2,144.4
2026-09-14T08:38:52.848+00:00,ASTER,ENTROPY,9.9026,3.1026,1555.84,3.04,1554.3,0.3688,1556.27,1554.2,0.0003266100,0.0000018175,0.2,12.5
2026-09-14T08:38:52.884+00:00,ASTER,HL,10.2245,3.4245,1555.79,3.04,1554.2,23.378,1556.27,1554.1,0.0003266100,0.0000062500,0.1,180.9
2026-09-14T08:38:52.884+00:00,ASTER,ENTROPY,9.5811,2.7811,1555.79,3.04,1554.3,0.3688,1556.27,1554.2,0.0003266100,0.0000018175,0.1,49.0
2026-09-14T08:38:52.895+00:00,ASTER,HL,9.2601,2.4601,1555.64,50.2,1554.2,23.378,1556.27,1554.1,0.0003266100,0.0000062500,0.2,191.4
2026-09-14T08:38:52.895+00:00,ASTER,ENTROPY,8.6168,1.8168,1555.64,50.2,1554.3,0.3688,1556.27,1554.2,0.0003266100,0.0000018175,0.2,59.5
2026-09-14T08:38:52.899+00:00,ASTER,HL,9.2601,2.4601,1555.64,50.2,1554.2,22.735,1556.27,1554.1,0.0003266100,0.0000062500,4.3,0.2
2026-09-14T08:38:52.900+00:00,ASTER,HL,10.7388,3.9388,1555.87,3.04,1554.2,22.735,1556.27,1554.1,0.0003266100,0.0000062500,0.1,2.0
2026-09-14T08:38:52.900+00:00,ASTER,ENTROPY,10.0954,3.2954,1555.87,3.04,1554.3,0.3688,1556.27,1554.2,0.0003266100,0.0000018175,0.1,65.5
2026-09-14T08:38:52.936+00:00,ASTER,HL,10.7388,3.9388,1555.87,3.04,1554.2,22.735,1556.25,1554.1,0.0003266100,0.0000062500,0.2,37.2
2026-09-14T08:38:52.936+00:00,ASTER,ENTROPY,10.0955,3.2955,1555.87,3.04,1554.3,0.3688,1556.25,1554.2,0.0003266100,0.0000018175,0.2,100.7
2026-09-14T08:38:52.972+00:00,ASTER,HL,10.7388,3.9388,1555.87,3.04,1554.2,22.735,1556.25,1554.1,0.0003266100,0.0000062500,36.2,0.3
2026-09-14T08:38:53.039+00:00,ASTER,HL,10.7388,3.9388,1555.87,3.04,1554.2,22.735,1556.27,1554.1,0.0003266100,0.0000062500,0.2,66.9
2026-09-14T08:38:53.039+00:00,ASTER,ENTROPY,10.0954,3.2954,1555.87,3.04,1554.3,0.3688,1556.27,1554.2,0.0003266100,0.0000018175,0.2,203.3
2026-09-14T08:38:53.111+00:00,ASTER,HL,10.7388,3.9388,1555.87,3.04,1554.2,24.615,1556.27,1554.1,0.0003266100,0.0000062500,72.8,0.4
2026-09-14T08:38:53.111+00:00,ASTER,ENTROPY,10.0954,3.2954,1555.87,3.04,1554.3,0.3688,1556.27,1554.2,0.0003266100,0.0000018175,73.0,0.6
2026-09-14T08:38:53.181+00:00,ASTER,HL,9.2601,2.4601,1555.64,50.2,1554.2,24.615,1556.27,1554.1,0.0003266100,0.0000062500,0.2,69.6
2026-09-14T08:38:53.181+00:00,ASTER,ENTROPY,8.6168,1.8168,1555.64,50.2,1554.3,0.3688,1556.27,1554.2,0.0003266100,0.0000018175,0.2,69.5
2026-09-14T08:38:53.187+00:00,ASTER,HL,9.2601,2.4601,1555.64,50.2,1554.2,24.615,1556.27,1554.1,0.0003266100,0.0000062500,0.1,75.6
2026-09-14T08:38:53.187+00:00,ASTER,ENTROPY,8.6168,1.8168,1555.64,50.2,1554.3,0.3688,1556.27,1554.2,0.0003266100,0.0000018175,0.1,75.6
2026-09-14T08:38:53.187+00:00,ASTER,HL,9.2600,2.4600,1555.64,50.2,1554.2,24.615,1556.34,1554.1,0.0003266100,0.0000062500,0.2,75.7
2026-09-14T08:38:53.187+00:00,ASTER,ENTROPY,8.6167,1.8167,1555.64,50.2,1554.3,0.3688,1556.34,1554.2,0.0003266100,0.0000018175,0.2,75.7
2026-09-14T08:38:53.193+00:00,ASTER,HL,9.2601,2.4601,1555.64,50.2,1554.2,24.615,1556.3,1554.1,0.0003266100,0.0000062500,0.1,82.3
2026-09-14T08:38:53.193+00:00,ASTER,ENTROPY,8.6168,1.8168,1555.64,50.2,1554.3,0.3688,1556.3,1554.2,0.0003266100,0.0000018175,0.1,82.2
2026-09-14T08:38:53.194+00:00,ASTER,HL,10.9959,4.1959,1555.91,3.04,1554.2,24.615,1556.3,1554.1,0.0003266100,0.0000062500,0.2,82.4
2026-09-14T08:38:53.194+00:00,ASTER,ENTROPY,10.3525,3.5525,1555.91,3.04,1554.3,0.3688,1556.3,1554.2,0.0003266100,0.0000018175,0.2,82.3
2026-09-14T08:38:53.194+00:00,ASTER,HL,11.1245,4.3245,1555.93,3.04,1554.2,24.615,1556.3,1554.1,0.0003266100,0.0000062500,0.2,82.4
2026-09-14T08:38:53.194+00:00,ASTER,ENTROPY,10.4811,3.6811,1555.93,3.04,1554.3,0.3688,1556.3,1554.2,0.0003266100,0.0000018175,0.2,82.3
2026-09-14T08:38:53.196+00:00,ASTER,HL,11.1245,4.3245,1555.93,3.04,1554.2,1.88,1556.3,1554.1,0.0003266100,0.0000062500,3.4,0.1
2026-09-14T08:38:53.196+00:00,ASTER,ENTROPY,7.9085,1.1085,1555.93,3.04,1554.7,0.2634,1556.3,1554.2,0.0003266100,0.0000018175,3.4,0.2
2026-09-14T08:38:53.241+00:00,ASTER,HL,11.1244,4.3244,1555.93,3.04,1554.2,1.88,1556.34,1554.1,0.0003266100,0.0000062500,0.2,45.3
2026-09-14T08:38:53.241+00:00,ASTER,ENTROPY,7.9085,1.1085,1555.93,3.04,1554.7,0.2634,1556.34,1554.2,0.0003266100,0.0000018175,0.2,45.3
2026-09-14T08:38:53.293+00:00,ASTER,HL,8.5528,1.7528,1555.53,0.04,1554.2,1.88,1556.34,1554.1,0.0003266100,0.0000062500,0.3,97.2
2026-09-14T08:38:53.297+00:00,ASTER,HL,8.5529,1.7529,1555.53,0.04,1554.2,1.88,1556.26,1554.1,0.0003266100,0.0000062500,0.2,101.2
2026-09-14T08:38:53.304+00:00,ASTER,HL,8.5529,1.7529,1555.53,0.04,1554.2,1.88,1556.26,1554.1,0.0003266100,0.0000062500,0.2,108.0
2026-09-14T08:38:53.304+00:00,ASTER,HL,9.1959,2.3959,1555.63,1.68,1554.2,1.88,1556.26,1554.1,0.0003266100,0.0000062500,0.3,108.1
2026-09-14T08:38:53.340+00:00,ASTER,HL,9.1959,2.3959,1555.63,1.68,1554.2,1.88,1556.26,1554.1,0.0003266100,0.0000062500,0.2,144.5
2026-09-14T08:38:53.341+00:00,ASTER,HL,9.1959,2.3959,1555.63,3.34,1554.2,1.88,1556.26,1554.1,0.0003266100,0.0000062500,0.4,144.7
2026-09-14T08:38:53.406+00:00,ASTER,HL,9.1959,2.3959,1555.63,3.34,1554.2,1.88,1556.24,1554.1,0.0003266100,0.0000062500,0.2,209.7
2026-09-14T08:38:53.406+00:00,ASTER,HL,10.0317,3.2317,1555.76,3.04,1554.2,1.88,1556.24,1554.1,0.0003266100,0.0000062500,0.3,209.9
2026-09-14T08:38:53.406+00:00,ASTER,ENTROPY,6.8154,0.0154,1555.76,3.04,1554.7,0.2634,1556.24,1554.5,0.0003266100,0.0000018175,0.3,90.1
2026-09-14T08:38:53.430+00:00,ASTER,HL,10.0317,3.2317,1555.76,3.04,1554.2,1.82,1556.24,1554.1,0.0003266100,0.0000062500,24.6,0.3
2026-09-14T08:38:53.431+00:00,ASTER,ENTROPY,6.8154,0.0154,1555.76,3.04,1554.7,0.2634,1556.24,1554.5,0.0003266100,0.0000018175,24.7,0.4
2026-09-14T08:38:53.493+00:00,ASTER,HL,10.0317,3.2317,1555.76,3.04,1554.2,1.82,1556.23,1554.1,0.0003266100,0.0000062500,0.3,62.8
2026-09-14T08:38:53.493+00:00,ASTER,ENTROPY,6.8154,0.0154,1555.76,3.04,1554.7,0.2634,1556.23,1554.5,0.0003266100,0.0000018175,0.3,62.7
2026-09-14T08:38:53.493+00:00,ASTER,HL,10.0317,3.2317,1555.76,3.04,1554.2,1.82,1556.23,1554.1,0.0003266100,0.0000062500,0.4,63.0
2026-09-14T08:38:53.493+00:00,ASTER,ENTROPY,6.8154,0.0154,1555.76,3.04,1554.7,0.2634,1556.23,1554.5,0.0003266100,0.0000018175,0.4,63.0
2026-09-14T08:38:53.528+00:00,ASTER,HL,8.7453,1.9453,1555.76,3.04,1554.4,22.356,1556.23,1554.1,0.0003266100,0.0000062500,36.0,0.2
2026-09-14T08:38:53.603+00:00,ASTER,HL,8.7453,1.9453,1555.76,3.04,1554.4,22.356,1556.22,1554.1,0.0003266100,0.0000062500,0.2,75.6
2026-09-14T08:38:53.603+00:00,ASTER,ENTROPY,6.8154,0.0154,1555.76,3.04,1554.7,0.2634,1556.22,1554.5,0.0003266100,0.0000018175,0.2,173.8
2026-09-14T08:38:53.626+00:00,ASTER,HL,8.7450,1.9450,1555.76,3.04,1554.4,23.255,1556.22,1554.3,0.0003266100,0.0000062500,23.0,0.3
2026-09-14T08:38:53.627+00:00,ASTER,ENTROPY,7.4585,0.6585,1555.76,3.04,1554.6,0.3678,1556.22,1554.5,0.0003266100,0.0000018175,23.2,0.5
2026-09-14T08:38:53.655+00:00,ASTER,HL,8.7450,1.9450,1555.76,3.04,1554.4,27.973,1556.22,1554.3,0.0003266100,0.0000062500,51.3,0.7
2026-09-14T08:38:53.655+00:00,ASTER,ENTROPY,7.4589,0.6589,1555.76,3.04,1554.6,0.6198,1556.22,1554.2,0.0003266100,0.0000018175,51.5,0.9
2026-09-14T08:38:53.712+00:00,ASTER,HL,8.7450,1.9450,1555.76,3.04,1554.4,32.549,1556.22,1554.3,0.0003266100,0.0000062500,109.0,0.2
2026-09-14T08:38:53.741+00:00,ASTER,HL,7.7164,0.9164,1555.6,4.34,1554.4,32.549,1556.22,1554.3,0.0003266100,0.0000062500,0.2,28.5
2026-09-14T08:38:53.789+00:00,ASTER,HL,8.8093,2.0093,1555.77,3.04,1554.4,32.549,1556.22,1554.3,0.0003266100,0.0000062500,0.2,77.1
2026-09-14T08:38:53.789+00:00,ASTER,ENTROPY,7.5232,0.7232,1555.77,3.04,1554.6,0.6198,1556.22,1554.2,0.0003266100,0.0000018175,0.2,135.2
2026-09-14T08:38:53.838+00:00,ASTER,HL,8.8093,2.0093,1555.77,3.04,1554.4,32.549,1556.21,1554.3,0.0003266100,0.0000062500,0.2,126.0
2026-09-14T08:38:53.838+00:00,ASTER,ENTROPY,7.5232,0.7232,1555.77,3.04,1554.6,0.6198,1556.21,1554.2,0.0003266100,0.0000018175,0.2,184.1
2026-09-14T08:38:53.845+00:00,ASTER,HL,8.8095,2.0095,1555.77,3.04,1554.4,32.549,1556.21,1554.2,0.0003266100,0.0000062500,6.8,0.3
2026-09-14T08:38:53.845+00:00,ASTER,ENTROPY,7.5232,0.7232,1555.77,3.04,1554.6,0.5906,1556.21,1554.2,0.0003266100,0.0000018175,7.0,0.5
2026-09-14T08:38:53.914+00:00,ASTER,HL,8.8095,2.0095,1555.77,3.04,1554.4,42.819,1556.21,1554.2,0.0003266100,0.0000062500,75.6,0.3
2026-09-14T08:38:53.914+00:00,ASTER,ENTROPY,8.8093,2.0093,1555.77,3.04,1554.4,0.0546,1556.21,1554.3,0.0003266100,0.0000018175,75.8,0.5
2026-09-14T08:38:53.942+00:00,ASTER,HL,7.7165,0.9165,1555.6,4.34,1554.4,42.819,1556.21,1554.2,0.0003266100,0.0000062500,0.2,27.9
2026-09-14T08:38:53.942+00:00,ASTER,ENTROPY,7.7164,0.9164,1555.6,4.34,1554.4,0.0546,1556.21,1554.3,0.0003266100,0.0000018175,0.2,27.9
2026-09-14T08:38:53.944+00:00,ASTER,HL,7.7165,0.9165,1555.6,2.17,1554.4,42.819,1556.21,1554.2,0.0003266100,0.0000062500,0.2,30.0
2026-09-14T08:38:53.944+00:00,ASTER,ENTROPY,7.7164,0.9164,1555.6,2.17,1554.4,0.0546,1556.21,1554.3,0.0003266100,0.0000018175,0.2,30.0
2026-09-14T08:38:53.944+00:00,ASTER,HL,7.2665,0.4665,1555.53,0.04,1554.4,42.819,1556.21,1554.2,0.0003266100,0.0000062500,0.3,30.2
2026-09-14T08:38:53.944+00:00,ASTER,ENTROPY,7.2664,0.4664,1555.53,0.04,1554.4,0.0546,1556.21,1554.3,0.0003266100,0.0000018175,0.3,30.1
2026-09-14T08:38:53.947+00:00,ASTER,HL,7.2666,0.4666,1555.53,0.04,1554.4,42.819,1556.15,1554.2,0.0003266100,0.0000062500,0.1,33.0
2026-09-14T08:38:53.947+00:00,ASTER,ENTROPY,7.2664,0.4664,1555.53,0.04,1554.4,0.0546,1556.15,1554.3,0.0003266100,0.0000018175,0.1,33.0
2026-09-14T08:38:53.947+00:00,ASTER,HL,7.2666,0.4666,1555.53,0.04,1554.4,42.819,1556.15,1554.2,0.0003266100,0.0000062500,0.2,33.1
2026-09-14T08:38:53.947+00:00,ASTER,ENTROPY,7.2664,0.4664,1555.53,0.04,1554.4,0.0546,1556.15,1554.3,0.0003266100,0.0000018175,0.2,33.1
2026-09-14T08:38:53.989+00:00,ASTER,HL,7.2666,0.4666,1555.53,0.04,1554.4,42.247,1556.15,1554.2,0.0003266100,0.0000062500,42.5,0.6
2026-09-14T08:38:53.991+00:00,ASTER,HL,7.2666,0.4666,1555.53,0.04,1554.4,42.247,1556.15,1554.2,0.0003266100,0.0000062500,0.2,3.0
2026-09-14T08:38:53.991+00:00,ASTER,ENTROPY,7.2664,0.4664,1555.53,0.04,1554.4,0.0546,1556.15,1554.3,0.0003266100,0.0000018175,0.2,77.8
2026-09-14T08:38:53.991+00:00,ASTER,HL,7.2666,0.4666,1555.53,0.04,1554.4,42.247,1556.15,1554.2,0.0003266100,0.0000062500,0.3,3.2
2026-09-14T08:38:53.991+00:00,ASTER,ENTROPY,7.2664,0.4664,1555.53,0.04,1554.4,0.0546,1556.15,1554.3,0.0003266100,0.0000018175,0.3,77.9
2026-09-14T08:38:54.053+00:00,ASTER,HL,7.2666,0.4666,1555.53,0.04,1554.4,42.89,1556.15,1554.2,0.0003266100,0.0000062500,62.1,0.2
2026-09-14T08:38:54.053+00:00,ASTER,ENTROPY,7.2666,0.4666,1555.53,0.04,1554.4,0.0546,1556.15,1554.2,0.0003266100,0.0000018175,62.3,0.3
2026-09-14T08:38:54.053+00:00,ASTER,HL,7.2666,0.4666,1555.53,0.04,1554.4,42.89,1556.14,1554.2,0.0003266100,0.0000062500,0.2,0.4
2026-09-14T08:38:54.053+00:00,ASTER,ENTROPY,7.2666,0.4666,1555.53,0.04,1554.4,0.0546,1556.14,1554.2,0.0003266100,0.0000018175,0.2,0.4
2026-09-14T08:38:54.053+00:00,ASTER,HL,7.2666,0.4666,1555.53,0.04,1554.4,42.89,1556.14,1554.2,0.0003266100,0.0000062500,0.2,0.4
2026-09-14T08:38:54.053+00:00,ASTER,ENTROPY,7.2666,0.4666,1555.53,0.04,1554.4,0.0546,1556.14,1554.2,0.0003266100,0.0000018175,0.2,0.4
2026-09-14T08:38:54.053+00:00,ASTER,HL,7.9738,1.1738,1555.64,3.04,1554.4,42.89,1556.14,1554.2,0.0003266100,0.0000062500,0.2,0.4
2026-09-14T08:38:54.053+00:00,ASTER,ENTROPY,7.9738,1.1738,1555.64,3.04,1554.4,0.0546,1556.14,1554.2,0.0003266100,0.0000018175,0.2,0.4
2026-09-14T08:38:54.145+00:00,ASTER,HL,7.9738,1.1738,1555.64,3.04,1554.4,42.89,1556.13,1554.2,0.0003266100,0.0000062500,0.2,92.3
2026-09-14T08:38:54.145+00:00,ASTER,ENTROPY,7.9738,1.1738,1555.64,3.04,1554.4,0.0546,1556.13,1554.2,0.0003266100,0.0000018175,0.2,92.3
2026-09-14T08:38:54.183+00:00,ASTER,HL,7.9738,1.1738,1555.64,3.04,1554.4,44.927,1556.13,1554.2,0.0003266100,0.0000062500,38.2,0.3
2026-09-14T08:38:54.333+00:00,ASTER,HL,8.6171,1.8171,1555.64,3.04,1554.3,1.605,1556.13,1554.1,0.0003266100,0.0000062500,188.1,0.3
2026-09-14T08:38:54.333+00:00,ASTER,ENTROPY,7.9738,1.1738,1555.64,3.04,1554.4,0.2714,1556.13,1554.2,0.0003266100,0.0000018175,188.2,0.5
2026-09-14T08:38:54.445+00:00,ASTER,HL,7.9099,1.1099,1555.53,0.04,1554.3,1.605,1556.13,1554.1,0.0003266100,0.0000062500,0.2,112.1
2026-09-14T08:38:54.445+00:00,ASTER,ENTROPY,7.2666,0.4666,1555.53,0.04,1554.4,0.2714,1556.13,1554.2,0.0003266100,0.0000018175,0.2,112.1
2026-09-14T08:38:54.476+00:00,ASTER,HL,8.6814,1.8814,1555.65,3.04,1554.3,1.605,1556.13,1554.1,0.0003266100,0.0000062500,1.2,142.7
2026-09-14T08:38:54.476+00:00,ASTER,ENTROPY,8.0381,1.2381,1555.65,3.04,1554.4,0.2714,1556.13,1554.2,0.0003266100,0.0000018175,1.2,142.7
2026-09-14T08:38:54.588+00:00,ASTER,HL,9.3246,2.5246,1555.65,3.04,1554.2,21.735,1556.13,1554.1,0.0003266100,0.0000062500,113.5,0.3
2026-09-14T08:38:54.693+00:00,ASTER,HL,9.3246,2.5246,1555.65,3.04,1554.2,22.044,1556.13,1554.1,0.0003266100,0.0000062500,218.4,0.2
2026-09-14T08:38:54.804+00:00,ASTER,ENTROPY,8.6813,1.8813,1555.65,3.04,1554.3,0.3688,1556.13,1554.2,0.0003266100,0.0000018175,329.5,0.3
2026-09-14T08:38:54.858+00:00,ASTER,HL,9.3247,2.5247,1555.65,3.04,1554.2,22.044,1556.1,1554.1,0.0003266100,0.0000062500,0.2,165.0
2026-09-14T08:38:54.858+00:00,ASTER,ENTROPY,8.6813,1.8813,1555.65,3.04,1554.3,0.3688,1556.1,1554.2,0.0003266100,0.0000018175,0.2,53.9
2026-09-14T08:38:54.858+00:00,ASTER,HL,9.3247,2.5247,1555.65,3.04,1554.2,22.044,1556.1,1554.1,0.0003266100,0.0000062500,0.3,165.1
2026-09-14T08:38:54.858+00:00,ASTER,ENTROPY,8.6813,1.8813,1555.65,3.04,1554.3,0.3688,1556.1,1554.2,0.0003266100,0.0000018175,0.3,54.0
2026-09-14T08:38:54.858+00:00,ASTER,HL,9.3247,2.5247,1555.65,3.04,1554.2,22.044,1556.1,1554.1,0.0003266100,0.0000062500,0.4,165.1
2026-09-14T08:38:54.858+00:00,ASTER,ENTROPY,8.6813,1.8813,1555.65,3.04,1554.3,0.3688,1556.1,1554.2,0.0003266100,0.0000018175,0.4,54.0
2026-09-14T08:38:54.858+00:00,ASTER,HL,9.3247,2.5247,1555.65,3.04,1554.2,22.044,1556.1,1554.1,0.0003266100,0.0000062500,0.4,165.2
2026-09-14T08:38:54.858+00:00,ASTER,ENTROPY,8.6813,1.8813,1555.65,3.04,1554.3,0.3688,1556.1,1554.2,0.0003266100,0.0000018175,0.4,54.1
2026-09-14T08:38:54.954+00:00,ASTER,HL,9.3247,2.5247,1555.65,3.04,1554.2,22.044,1556.09,1554.1,0.0003266100,0.0000062500,0.2,261.7
2026-09-14T08:38:54.954+00:00,ASTER,ENTROPY,8.6813,1.8813,1555.65,3.04,1554.3,0.3688,1556.09,1554.2,0.0003266100,0.0000018175,0.2,150.6
2026-09-14T08:38:54.993+00:00,ASTER,HL,9.3247,2.5247,1555.65,3.04,1554.2,23.929,1556.09,1554.1,0.0003266100,0.0000062500,38.2,0.3
2026-09-14T08:38:54.993+00:00,ASTER,ENTROPY,8.6813,1.8813,1555.65,3.04,1554.3,0.5505,1556.09,1554.2,0.0003266100,0.0000018175,38.4,0.5
2026-09-14T08:38:55.264+00:00,ASTER,HL,9.3247,2.5247,1555.65,3.04,1554.2,34.224,1556.09,1554.1,0.0003266100,0.0000062500,310.2,0.3
2026-09-14T08:38:55.690+00:00,ASTER,HL,8.5532,1.7532,1555.53,0.04,1554.2,34.224,1556.09,1554.1,0.0003266100,0.0000062500,0.2,426.1
2026-09-14T08:38:55.690+00:00,ASTER,ENTROPY,7.9098,1.1098,1555.53,0.04,1554.3,0.5505,1556.09,1554.2,0.0003266100,0.0000018175,0.2,698.1
2026-09-14T08:38:55.690+00:00,ASTER,HL,8.2317,1.4317,1555.48,0.64,1554.2,34.224,1556.09,1554.1,0.0003266100,0.0000062500,0.4,426.3
2026-09-14T08:38:55.690+00:00,ASTER,ENTROPY,7.5883,0.7883,1555.48,0.64,1554.3,0.5505,1556.09,1554.2,0.0003266100,0.0000018175,0.4,698.2
2026-09-14T08:38:55.698+00:00,ASTER,HL,8.1674,1.3674,1555.47,2.96,1554.2,34.224,1556.09,1554.1,0.0003266100,0.0000062500,0.1,434.2
2026-09-14T08:38:55.698+00:00,ASTER,ENTROPY,7.5240,0.7240,1555.47,2.96,1554.3,0.5505,1556.09,1554.2,0.0003266100,0.0000018175,0.1,706.2
2026-09-14T08:38:55.698+00:00,ASTER,HL,8.1674,1.3674,1555.47,1.28,1554.2,34.224,1556.09,1554.1,0.0003266100,0.0000062500,0.2,434.3
2026-09-14T08:38:55.698+00:00,ASTER,ENTROPY,7.5240,0.7240,1555.47,1.28,1554.3,0.5505,1556.09,1554.2,0.0003266100,0.0000018175,0.2,706.3
2026-09-14T08:38:55.705+00:00,ASTER,HL,7.1388,0.3388,1555.31,2.63,1554.2,34.224,1555.94,1554.1,0.0003266100,0.0000062500,0.3,441.5
2026-09-14T08:38:55.705+00:00,ASTER,HL,7.1388,0.3388,1555.31,2.63,1554.2,34.224,1555.94,1554.1,0.0003266100,0.0000062500,0.4,441.6
2026-09-14T08:38:55.744+00:00,ASTER,HL,7.1388,0.3388,1555.31,2.63,1554.2,34.224,1555.94,1554.1,0.0003266100,0.0000062500,0.2,479.5
2026-09-14T08:38:55.749+00:00,ASTER,HL,7.1388,0.3388,1555.31,5.26,1554.2,34.224,1555.94,1554.1,0.0003266100,0.0000062500,0.2,484.6
2026-09-14T08:38:55.749+00:00,ASTER,HL,7.1388,0.3388,1555.31,5.26,1554.2,34.224,1555.94,1554.1,0.0003266100,0.0000062500,0.3,484.8
2026-09-14T08:38:55.789+00:00,ASTER,HL,7.1388,0.3388,1555.31,5.26,1554.2,34.224,1555.94,1554.1,0.0003266100,0.0000062500,1.0,525.0
2026-09-14T08:38:55.789+00:00,ASTER,HL,7.1388,0.3388,1555.31,5.26,1554.2,34.224,1555.92,1554.1,0.0003266100,0.0000062500,1.1,525.2
2026-09-14T08:38:55.836+00:00,ASTER,HL,8.2319,1.4319,1555.48,3.04,1554.2,34.224,1555.92,1554.1,0.0003266100,0.0000062500,0.2,572.6
2026-09-14T08:38:55.836+00:00,ASTER,ENTROPY,7.5885,0.7885,1555.48,3.04,1554.3,0.5505,1555.92,1554.2,0.0003266100,0.0000018175,0.2,844.6
2026-09-14T08:38:56.014+00:00,ASTER,HL,8.2319,1.4319,1555.48,3.04,1554.2,58.694,1555.92,1554.1,0.0003266100,0.0000062500,178.3,0.2
2026-09-14T08:38:56.014+00:00,ASTER,ENTROPY,7.5885,0.7885,1555.48,3.04,1554.3,0.7126,1555.92,1554.2,0.0003266100,0.0000018175,178.5,0.4
2026-09-14T08:38:56.077+00:00,ASTER,ENTROPY,7.5885,0.7885,1555.48,3.04,1554.3,0.7672,1555.92,1554.2,0.0003266100,0.0000018175,240.1,0.3
2026-09-14T08:38:56.077+00:00,ASTER,HL,7.1388,0.3388,1555.31,5.26,1554.2,58.694,1555.92,1554.1,0.0003266100,0.0000062500,0.4,62.1
2026-09-14T08:38:56.153+00:00,ASTER,HL,8.2962,1.4962,1555.49,3.04,1554.2,58.694,1555.92,1554.1,0.0003266100,0.0000062500,0.3,138.3
2026-09-14T08:38:56.153+00:00,ASTER,ENTROPY,7.6528,0.8528,1555.49,3.04,1554.3,0.7672,1555.92,1554.2,0.0003266100,0.0000018175,0.3,76.6
2026-09-14T08:38:56.292+00:00,ASTER,HL,8.2962,1.4962,1555.49,3.04,1554.2,63.177,1555.92,1554.1,0.0003266100,0.0000062500,139.6,0.4
2026-09-14T08:38:56.292+00:00,ASTER,ENTROPY,7.6530,0.8530,1555.49,3.04,1554.3,0.7672,1555.92,1554.1,0.0003266100,0.0000018175,139.8,0.6
2026-09-14T08:38:56.385+00:00,ASTER,HL,8.2965,1.4965,1555.49,3.04,1554.2,63.177,1555.92,1553.9,0.0003266100,0.0000062500,233.0,0.4
2026-09-14T08:38:56.385+00:00,ASTER,HL,7.1390,0.3390,1555.31,5.26,1554.2,63.177,1555.92,1553.9,0.0003266100,0.0000062500,0.4,0.7
2026-09-14T08:38:56.405+00:00,ASTER,HL,8.3608,1.5608,1555.5,3.04,1554.2,63.177,1555.92,1553.9,0.0003266100,0.0000062500,0.2,20.2
2026-09-14T08:38:56.405+00:00,ASTER,ENTROPY,7.7173,0.9173,1555.5,3.04,1554.3,0.7672,1555.92,1554.1,0.0003266100,0.0000018092,0.2,113.6
2026-09-14T08:38:56.454+00:00,ASTER,HL,9.6474,2.8474,1555.5,3.04,1554.0,1.724,1555.92,1553.9,0.0003266100,0.0000062500,48.1,0.3
2026-09-14T08:38:56.454+00:00,ASTER,ENTROPY,7.7175,0.9175,1555.5,3.04,1554.3,0.7672,1555.92,1553.9,0.0003266100,0.0000018092,48.3,0.4
2026-09-14T08:38:56.477+00:00,ASTER,HL,9.6473,2.8473,1555.5,3.04,1554.0,1.724,1555.93,1553.9,0.0003266100,0.0000062500,0.2,24.3
2026-09-14T08:38:56.477+00:00,ASTER,ENTROPY,7.7175,0.9175,1555.5,3.04,1554.3,0.7672,1555.93,1553.9,0.0003266100,0.0000018092,0.2,24.3
2026-09-14T08:38:56.482+00:00,ASTER,HL,8.4256,1.6256,1555.31,5.26,1554.0,1.724,1555.93,1553.9,0.0003266100,0.0000062500,0.1,29.1
2026-09-14T08:38:56.482+00:00,ASTER,HL,8.4256,1.6256,1555.31,2.63,1554.0,1.724,1555.93,1553.9,0.0003266100,0.0000062500,0.2,29.2
2026-09-14T08:38:56.482+00:00,ASTER,HL,7.7826,0.9826,1555.21,0.04,1554.0,1.724,1555.93,1553.9,0.0003266100,0.0000062500,0.2,29.2
2026-09-14T08:38:56.489+00:00,ASTER,HL,10.0974,3.2974,1555.57,3.04,1554.0,1.724,1555.93,1553.9,0.0003266100,0.0000062500,0.1,35.9
2026-09-14T08:38:56.489+00:00,ASTER,ENTROPY,8.1676,1.3676,1555.57,3.04,1554.3,0.7672,1555.93,1553.9,0.0003266100,0.0000018092,0.1,35.9
2026-09-14T08:38:56.489+00:00,ASTER,HL,10.1617,3.3617,1555.58,3.04,1554.0,1.724,1555.93,1553.9,0.0003266100,0.0000062500,0.3,36.1
2026-09-14T08:38:56.489+00:00,ASTER,ENTROPY,8.2319,1.4319,1555.58,3.04,1554.3,0.7672,1555.93,1553.9,0.0003266100,0.0000018092,0.3,36.0
2026-09-14T08:38:56.493+00:00,ASTER,HL,10.3546,3.5546,1555.61,3.04,1554.0,1.724,1555.93,1553.9,0.0003266100,0.0000062500,0.1,39.8
2026-09-14T08:38:56.493+00:00,ASTER,ENTROPY,8.4248,1.6248,1555.61,3.04,1554.3,0.7672,1555.93,1553.9,0.0003266100,0.0000018092,0.1,39.7
2026-09-14T08:38:56.493+00:00,ASTER,HL,10.5475,3.7475,1555.64,3.04,1554.0,1.724,1555.93,1553.9,0.0003266100,0.0000062500,0.2,39.9
2026-09-14T08:38:56.493+00:00,ASTER,ENTROPY,8.6177,1.8177,1555.64,3.04,1554.3,0.7672,1555.93,1553.9,0.0003266100,0.0000018092,0.2,39.9
2026-09-14T08:38:56.493+00:00,ASTER,HL,10.6761,3.8761,1555.66,3.04,1554.0,1.724,1555.93,1553.9,0.0003266100,0.0000062500,0.3,39.9
2026-09-14T08:38:56.493+00:00,ASTER,ENTROPY,8.7463,1.9463,1555.66,3.04,1554.3,0.7672,1555.93,1553.9,0.0003266100,0.0000018092,0.3,39.9
2026-09-14T08:38:56.497+00:00,ASTER,HL,10.8690,4.0690,1555.69,3.04,1554.0,1.724,1555.93,1553.9,0.0003266100,0.0000062500,0.1,43.8
2026-09-14T08:38:56.497+00:00,ASTER,ENTROPY,8.9392,2.1392,1555.69,3.04,1554.3,0.7672,1555.93,1553.9,0.0003266100,0.0000018092,0.1,43.8
2026-09-14T08:38:56.530+00:00,ASTER,HL,10.8686,4.0686,1555.69,3.04,1554.0,1.724,1556.14,1553.9,0.0003266100,0.0000062500,0.2,77.4
2026-09-14T08:38:56.530+00:00,ASTER,ENTROPY,8.9389,2.1389,1555.69,3.04,1554.3,0.7672,1556.14,1553.9,0.0003266100,0.0000018092,0.2,77.4
2026-09-14T08:38:56.535+00:00,ASTER,HL,10.6758,3.8758,1555.66,3.04,1554.0,1.724,1556.14,1553.9,0.0003266100,0.0000062500,0.1,82.5
2026-09-14T08:38:56.535+00:00,ASTER,ENTROPY,8.7460,1.9460,1555.66,3.04,1554.3,0.7672,1556.14,1553.9,0.0003266100,0.0000018092,0.1,82.5
2026-09-14T08:38:56.562+00:00,ASTER,HL,10.6758,3.8758,1555.66,3.04,1554.0,1.724,1556.14,1553.9,0.0003266100,0.0000062500,0.2,109.3
2026-09-14T08:38:56.562+00:00,ASTER,ENTROPY,8.7460,1.9460,1555.66,3.04,1554.3,0.7672,1556.14,1553.9,0.0003266100,0.0000018092,0.2,109.2
2026-09-14T08:38:56.562+00:00,ASTER,HL,10.5472,3.7472,1555.64,3.04,1554.0,1.724,1556.14,1553.9,0.0003266100,0.0000062500,0.3,109.4
2026-09-14T08:38:56.562+00:00,ASTER,ENTROPY,8.6174,1.8174,1555.64,3.04,1554.3,0.7672,1556.14,1553.9,0.0003266100,0.0000018092,0.3,109.4
2026-09-14T08:38:56.562+00:00,ASTER,HL,10.3543,3.5543,1555.61,3.04,1554.0,1.724,1556.14,1553.9,0.0003266100,0.0000062500,0.3,109.4
2026-09-14T08:38:56.562+00:00,ASTER,ENTROPY,8.4245,1.6245,1555.61,3.04,1554.3,0.7672,1556.14,1553.9,0.0003266100,0.0000018092,0.3,109.4
2026-09-14T08:38:56.562+00:00,ASTER,HL,10.1614,3.3614,1555.58,3.04,1554.0,1.724,1556.14,1553.9,0.0003266100,0.0000062500,0.3,109.5
2026-09-14T08:38:56.562+00:00,ASTER,ENTROPY,8.2316,1.4316,1555.58,3.04,1554.3,0.7672,1556.14,1553.9,0.0003266100,0.0000018092,0.3,109.4
2026-09-14T08:38:56.562+00:00,ASTER,HL,8.4896,1.6896,1555.32,0.78,1554.0,1.724,1556.14,1553.9,0.0003266100,0.0000062500,0.3,109.5
2026-09-14T08:38:56.562+00:00,ASTER,HL,11.1258,4.3258,1555.73,3.04,1554.0,1.724,1556.14,1553.9,0.0003266100,0.0000062500,0.4,109.5
2026-09-14T08:38:56.562+00:00,ASTER,ENTROPY,9.1960,2.3960,1555.73,3.04,1554.3,0.7672,1556.14,1553.9,0.0003266100,0.0000018092,0.4,109.5
2026-09-14T08:38:56.590+00:00,ASTER,HL,11.1258,4.3258,1555.73,3.04,1554.0,1.724,1556.13,1553.9,0.0003266100,0.0000062500,0.1,136.8
2026-09-14T08:38:56.590+00:00,ASTER,ENTROPY,9.1961,2.3961,1555.73,3.04,1554.3,0.7672,1556.13,1553.9,0.0003266100,0.0000018092,0.1,136.8
2026-09-14T08:38:56.614+00:00,ASTER,HL,11.1259,4.3259,1555.73,3.04,1554.0,1.724,1556.1,1553.9,0.0003266100,0.0000062500,0.2,160.6
2026-09-14T08:38:56.614+00:00,ASTER,ENTROPY,9.1961,2.3961,1555.73,3.04,1554.3,0.7672,1556.1,1553.9,0.0003266100,0.0000018092,0.2,160.5
2026-09-14T08:38:56.614+00:00,ASTER,HL,11.1259,4.3259,1555.73,3.04,1554.0,1.724,1556.1,1553.9,0.0003266100,0.0000062500,0.9,161.4
2026-09-14T08:38:56.614+00:00,ASTER,ENTROPY,9.1961,2.3961,1555.73,3.04,1554.3,0.7672,1556.1,1553.9,0.0003266100,0.0000018092,0.9,161.3
2026-09-14T08:38:56.614+00:00,ASTER,HL,11.1259,4.3259,1555.73,3.04,1554.0,24.321,1556.1,1553.9,0.0003266100,0.0000062500,1.0,0.9
2026-09-14T08:38:56.614+00:00,ASTER,ENTROPY,9.1957,2.3957,1555.73,3.04,1554.3,0.7672,1556.1,1554.2,0.0003266100,0.0000018092,1.0,0.8
2026-09-14T08:38:56.706+00:00,ASTER,ENTROPY,9.1957,2.3957,1555.73,3.04,1554.3,0.3984,1556.1,1554.2,0.0003266100,0.0000018092,92.3,0.3
2026-09-14T08:38:56.862+00:00,ASTER,HL,9.8393,3.0393,1555.73,3.04,1554.2,22.566,1556.1,1553.9,0.0003266100,0.0000062500,248.8,0.2
2026-09-14T08:38:56.862+00:00,ASTER,ENTROPY,9.1957,2.3957,1555.73,3.04,1554.3,0.0546,1556.1,1554.2,0.0003266100,0.0000018092,248.9,0.3
2026-09-14T08:38:56.878+00:00,ASTER,HL,9.8390,3.0390,1555.73,3.04,1554.2,22.566,1556.1,1554.1,0.0003266100,0.0000062500,265.1,0.2
2026-09-14T08:38:57.050+00:00,ASTER,HL,9.8390,3.0390,1555.73,3.04,1554.2,22.566,1556.1,1554.1,0.0003266100,0.0000062500,436.8,0.3
2026-09-14T08:38:57.076+00:00,ASTER,HL,8.1674,1.3674,1555.47,45.83,1554.2,22.566,1556.1,1554.1,0.0003266100,0.0000062500,0.2,26.7
2026-09-14T08:38:57.076+00:00,ASTER,ENTROPY,7.5240,0.7240,1555.47,45.83,1554.3,0.0546,1556.1,1554.2,0.0003266100,0.0000018092,0.2,214.6
2026-09-14T08:38:57.105+00:00,ASTER,HL,8.1674,1.3674,1555.47,45.83,1554.2,22.566,1556.1,1554.1,0.0003266100,0.0000062500,0.2,55.5
2026-09-14T08:38:57.105+00:00,ASTER,ENTROPY,7.5240,0.7240,1555.47,45.83,1554.3,0.0546,1556.1,1554.2,0.0003266100,0.0000018092,0.2,243.4
2026-09-14T08:38:57.105+00:00,ASTER,HL,8.1674,1.3674,1555.47,37.55,1554.2,22.566,1556.1,1554.1,0.0003266100,0.0000062500,0.3,55.6
2026-09-14T08:38:57.105+00:00,ASTER,ENTROPY,7.5240,0.7240,1555.47,37.55,1554.3,0.0546,1556.1,1554.2,0.0003266100,0.0000018092,0.3,243.5
2026-09-14T08:38:57.105+00:00,ASTER,HL,8.1674,1.3674,1555.47,21.16,1554.2,22.566,1556.1,1554.1,0.0003266100,0.0000062500,0.3,55.7
2026-09-14T08:38:57.105+00:00,ASTER,ENTROPY,7.5240,0.7240,1555.47,21.16,1554.3,0.0546,1556.1,1554.2,0.0003266100,0.0000018092,0.3,243.6
2026-09-14T08:38:57.105+00:00,ASTER,HL,8.1671,1.3671,1555.47,21.16,1554.2,22.566,1556.34,1554.1,0.0003266100,0.0000062500,0.3,55.7
2026-09-14T08:38:57.105+00:00,ASTER,ENTROPY,7.5237,0.7237,1555.47,21.16,1554.3,0.0546,1556.34,1554.2,0.0003266100,0.0000018092,0.3,243.6
2026-09-14T08:38:57.105+00:00,ASTER,HL,8.1671,1.3671,1555.47,4.77,1554.2,22.566,1556.34,1554.1,0.0003266100,0.0000062500,0.4,55.7
2026-09-14T08:38:57.105+00:00,ASTER,ENTROPY,7.5237,0.7237,1555.47,4.77,1554.3,0.0546,1556.34,1554.2,0.0003266100,0.0000018092,0.4,243.6
2026-09-14T08:38:57.106+00:00,ASTER,HL,7.2026,0.4026,1555.32,0.78,1554.2,22.566,1556.34,1554.1,0.0003266100,0.0000062500,0.4,55.7
2026-09-14T08:38:57.106+00:00,ASTER,HL,9.9029,3.1029,1555.74,0.04,1554.2,22.566,1556.34,1554.1,0.0003266100,0.0000062500,0.4,55.8
2026-09-14T08:38:57.106+00:00,ASTER,ENTROPY,9.2596,2.4596,1555.74,0.04,1554.3,0.0546,1556.34,1554.2,0.0003266100,0.0000018092,0.4,243.7
2026-09-14T08:38:57.106+00:00,ASTER,HL,10.1601,3.3601,1555.78,3.04,1554.2,22.566,1556.34,1554.1,0.0003266100,0.0000062500,0.4,55.8
2026-09-14T08:38:57.106+00:00,ASTER,ENTROPY,9.5167,2.7167,1555.78,3.04,1554.3,0.0546,1556.34,1554.2,0.0003266100,0.0000018092,0.4,243.7
2026-09-14T08:38:57.106+00:00,ASTER,HL,10.8030,4.0030,1555.88,3.04,1554.2,22.566,1556.34,1554.1,0.0003266100,0.0000062500,0.4,55.8
2026-09-14T08:38:57.106+00:00,ASTER,ENTROPY,10.1596,3.3596,1555.88,3.04,1554.3,0.0546,1556.34,1554.2,0.0003266100,0.0000018092,0.4,243.7
2026-09-14T08:38:57.106+00:00,ASTER,HL,11.8958,5.0958,1556.05,3.04,1554.2,22.566,1556.34,1554.1,0.0003266100,0.0000062500,0.5,55.8
2026-09-14T08:38:57.106+00:00,ASTER,ENTROPY,11.2524,4.4524,1556.05,3.04,1554.3,0.0546,1556.34,1554.2,0.0003266100,0.0000018092,0.5,243.7
2026-09-14T08:38:57.144+00:00,ASTER,HL,9.9029,3.1029,1555.74,0.04,1554.2,22.566,1556.34,1554.1,0.0003266100,0.0000062500,0.4,93.6
2026-09-14T08:38:57.144+00:00,ASTER,ENTROPY,9.2596,2.4596,1555.74,0.04,1554.3,0.0546,1556.34,1554.2,0.0003266100,0.0000018092,0.4,281.5
2026-09-14T08:38:57.146+00:00,ASTER,HL,10.1601,3.3601,1555.78,1.28,1554.2,22.566,1556.34,1554.1,0.0003266100,0.0000062500,0.1,96.1
2026-09-14T08:38:57.146+00:00,ASTER,ENTROPY,9.5167,2.7167,1555.78,1.28,1554.3,0.0546,1556.34,1554.2,0.0003266100,0.0000018092,0.1,284.0
2026-09-14T08:38:57.146+00:00,ASTER,HL,10.1601,3.3601,1555.78,2.56,1554.2,22.566,1556.34,1554.1,0.0003266100,0.0000062500,0.1,96.1
2026-09-14T08:38:57.146+00:00,ASTER,ENTROPY,9.5167,2.7167,1555.78,2.56,1554.3,0.0546,1556.34,1554.2,0.0003266100,0.0000018092,0.1,284.0
2026-09-14T08:38:57.177+00:00,ASTER,HL,10.1601,3.3601,1555.78,1.28,1554.2,22.566,1556.34,1554.1,0.0003266100,0.0000062500,0.1,127.6
2026-09-14T08:38:57.177+00:00,ASTER,ENTROPY,9.5167,2.7167,1555.78,1.28,1554.3,0.0546,1556.34,1554.2,0.0003266100,0.0000018092,0.1,315.5
2026-09-14T08:38:57.177+00:00,ASTER,HL,9.9029,3.1029,1555.74,0.04,1554.2,22.566,1556.34,1554.1,0.0003266100,0.0000062500,0.2,127.7
2026-09-14T08:38:57.177+00:00,ASTER,ENTROPY,9.2596,2.4596,1555.74,0.04,1554.3,0.0546,1556.34,1554.2,0.0003266100,0.0000018092,0.2,315.6
2026-09-14T08:38:57.246+00:00,ASTER,HL,9.9029,3.1029,1555.74,0.04,1554.2,22.566,1556.33,1554.1,0.0003266100,0.0000062500,0.2,196.0
2026-09-14T08:38:57.246+00:00,ASTER,ENTROPY,9.2596,2.4596,1555.74,0.04,1554.3,0.0546,1556.33,1554.2,0.0003266100,0.0000018092,0.2,384.0
2026-09-14T08:38:57.246+00:00,ASTER,HL,9.9029,3.1029,1555.74,0.04,1554.2,22.566,1556.33,1554.1,0.0003266100,0.0000062500,0.3,196.2
2026-09-14T08:38:57.246+00:00,ASTER,ENTROPY,9.2596,2.4596,1555.74,0.04,1554.3,0.0546,1556.33,1554.2,0.0003266100,0.0000018092,0.3,384.1
2026-09-14T08:38:57.249+00:00,ASTER,HL,11.0601,4.2601,1555.92,3.04,1554.2,22.566,1556.33,1554.1,0.0003266100,0.0000062500,0.1,199.0
2026-09-14T08:38:57.249+00:00,ASTER,ENTROPY,10.4168,3.6168,1555.92,3.04,1554.3,0.0546,1556.33,1554.2,0.0003266100,0.0000018092,0.1,386.9
2026-09-14T08:38:57.257+00:00,ASTER,HL,11.0601,4.2601,1555.92,3.04,1554.2,22.735,1556.33,1554.1,0.0003266100,0.0000062500,9.1,0.1
2026-09-14T08:38:57.279+00:00,ASTER,HL,11.0601,4.2601,1555.92,3.04,1554.2,22.735,1556.33,1554.1,0.0003266100,0.0000062500,0.2,21.2
2026-09-14T08:38:57.279+00:00,ASTER,ENTROPY,10.4168,3.6168,1555.92,3.04,1554.3,0.0546,1556.33,1554.2,0.0003266100,0.0000018092,0.2,417.0
2026-09-14T08:38:57.279+00:00,ASTER,HL,11.0601,4.2601,1555.92,3.04,1554.2,22.735,1556.34,1554.1,0.0003266100,0.0000062500,0.3,21.4
2026-09-14T08:38:57.279+00:00,ASTER,ENTROPY,10.4167,3.6167,1555.92,3.04,1554.3,0.0546,1556.34,1554.2,0.0003266100,0.0000018092,0.3,417.1
2026-09-14T08:38:57.288+00:00,ASTER,HL,9.9029,3.1029,1555.74,0.04,1554.2,22.735,1556.34,1554.1,0.0003266100,0.0000062500,0.1,30.7
2026-09-14T08:38:57.288+00:00,ASTER,ENTROPY,9.2596,2.4596,1555.74,0.04,1554.3,0.0546,1556.34,1554.2,0.0003266100,0.0000018092,0.1,426.4
2026-09-14T08:38:57.291+00:00,ASTER,HL,11.3815,4.5815,1555.97,3.04,1554.2,22.735,1556.34,1554.1,0.0003266100,0.0000062500,0.1,33.4
2026-09-14T08:38:57.291+00:00,ASTER,ENTROPY,10.7382,3.9382,1555.97,3.04,1554.3,0.0546,1556.34,1554.2,0.0003266100,0.0000018092,0.1,429.2
2026-09-14T08:38:57.326+00:00,ASTER,HL,11.3815,4.5815,1555.97,3.04,1554.2,31.654,1556.34,1554.1,0.0003266100,0.0000062500,34.5,0.4
2026-09-14T08:38:57.430+00:00,ASTER,HL,11.3815,4.5815,1555.97,3.04,1554.2,8.919,1556.34,1554.1,0.0003266100,0.0000062500,138.7,0.2
2026-09-14T08:38:57.480+00:00,ASTER,HL,11.3815,4.5815,1555.97,3.04,1554.2,8.919,1556.34,1554.1,0.0003266100,0.0000062500,188.9,0.3
2026-09-14T08:38:57.487+00:00,ASTER,HL,10.2244,3.4244,1555.79,24.69,1554.2,8.919,1556.34,1554.1,0.0003266100,0.0000062500,0.2,7.2
2026-09-14T08:38:57.487+00:00,ASTER,ENTROPY,9.5810,2.7810,1555.79,24.69,1554.3,0.0546,1556.34,1554.2,0.0003266100,0.0000018092,0.2,624.9
2026-09-14T08:38:57.488+00:00,ASTER,HL,10.2244,3.4244,1555.79,16.39,1554.2,8.919,1556.34,1554.1,0.0003266100,0.0000062500,1.0,8.0
2026-09-14T08:38:57.488+00:00,ASTER,ENTROPY,9.5810,2.7810,1555.79,16.39,1554.3,0.0546,1556.34,1554.2,0.0003266100,0.0000018092,1.0,625.8
2026-09-14T08:38:57.488+00:00,ASTER,HL,9.9029,3.1029,1555.74,0.04,1554.2,8.919,1556.34,1554.1,0.0003266100,0.0000062500,1.0,8.1
2026-09-14T08:38:57.488+00:00,ASTER,ENTROPY,9.2596,2.4596,1555.74,0.04,1554.3,0.0546,1556.34,1554.2,0.0003266100,0.0000018092,1.0,625.9
2026-09-14T08:38:57.495+00:00,ASTER,HL,11.8315,5.0315,1556.04,3.04,1554.2,8.919,1556.34,1554.1,0.0003266100,0.0000062500,0.1,15.5
2026-09-14T08:38:57.495+00:00,ASTER,ENTROPY,11.1881,4.3881,1556.04,3.04,1554.3,0.0546,1556.34,1554.2,0.0003266100,0.0000018092,0.1,633.2
2026-09-14T08:38:57.582+00:00,ASTER,HL,10.3529,3.5529,1555.81,42.06,1554.2,8.919,1556.34,1554.1,0.0003266100,0.0000062500,0.3,102.5
2026-09-14T08:38:57.582+00:00,ASTER,ENTROPY,9.7096,2.9096,1555.81,42.06,1554.3,0.0546,1556.34,1554.2,0.0003266100,0.0000018092,0.3,720.3
2026-09-14T08:38:57.593+00:00,ASTER,HL,12.0244,5.2244,1556.07,3.04,1554.2,8.919,1556.34,1554.1,0.0003266100,0.0000062500,0.2,113.8
2026-09-14T08:38:57.593+00:00,ASTER,ENTROPY,11.3810,4.5810,1556.07,3.04,1554.3,0.0546,1556.34,1554.2,0.0003266100,0.0000018092,0.2,731.6
2026-09-14T08:38:57.656+00:00,ASTER,HL,9.4517,2.6517,1556.07,3.04,1554.6,11.191,1556.34,1554.1,0.0003266100,0.0000062500,63.3,0.2
2026-09-14T08:38:57.656+00:00,ASTER,ENTROPY,10.7378,3.9378,1556.07,3.04,1554.4,0.0128,1556.34,1554.2,0.0003266100,0.0000018092,63.4,0.3
2026-09-14T08:38:57.690+00:00,ASTER,HL,7.3303,0.5303,1555.74,0.04,1554.6,11.191,1556.34,1554.1,0.0003266100,0.0000062500,0.2,34.1
2026-09-14T08:38:57.690+00:00,ASTER,ENTROPY,8.6164,1.8164,1555.74,0.04,1554.4,0.0128,1556.34,1554.2,0.0003266100,0.0000018092,0.2,34.0
2026-09-14T08:38:57.694+00:00,ASTER,HL,7.3298,0.5298,1555.74,0.04,1554.6,11.063,1556.34,1554.5,0.0003266100,0.0000062500,4.0,0.2
2026-09-14T08:38:57.694+00:00,ASTER,ENTROPY,7.9731,1.1731,1555.74,0.04,1554.5,0.0151,1556.34,1554.3,0.0003266100,0.0000018092,4.2,0.4
2026-09-14T08:38:57.700+00:00,ASTER,HL,9.6439,2.8439,1556.1,3.04,1554.6,11.063,1556.34,1554.5,0.0003266100,0.0000062500,0.1,5.7
2026-09-14T08:38:57.700+00:00,ASTER,ENTROPY,10.2873,3.4873,1556.1,3.04,1554.5,0.0151,1556.34,1554.3,0.0003266100,0.0000018092,0.1,5.7
2026-09-14T08:38:57.832+00:00,ASTER,HL,9.6438,2.8438,1556.1,3.04,1554.6,11.063,1556.43,1554.5,0.0003266100,0.0000062500,0.2,138.2
2026-09-14T08:38:57.832+00:00,ASTER,ENTROPY,10.2872,3.4872,1556.1,3.04,1554.5,0.0151,1556.43,1554.3,0.0003266100,0.0000018092,0.2,138.1
2026-09-14T08:38:57.832+00:00,ASTER,HL,9.6436,2.8436,1556.1,3.04,1554.6,11.063,1556.52,1554.5,0.0003266100,0.0000062500,0.4,138.3
2026-09-14T08:38:57.832+00:00,ASTER,ENTROPY,10.2870,3.4870,1556.1,3.04,1554.5,0.0151,1556.52,1554.3,0.0003266100,0.0000018092,0.4,138.3
2026-09-14T08:38:57.838+00:00,ASTER,HL,8.6795,1.8795,1555.95,0.78,1554.6,11.063,1556.52,1554.5,0.0003266100,0.0000062500,0.9,144.2
2026-09-14T08:38:57.838+00:00,ASTER,ENTROPY,9.3229,2.5229,1555.95,0.78,1554.5,0.0151,1556.52,1554.3,0.0003266100,0.0000018092,0.9,144.1
2026-09-14T08:38:57.838+00:00,ASTER,HL,8.6795,1.8795,1555.95,0.78,1554.6,11.063,1556.52,1554.5,0.0003266100,0.0000062500,1.0,144.3
2026-09-14T08:38:57.838+00:00,ASTER,ENTROPY,9.3229,2.5229,1555.95,0.78,1554.5,0.0151,1556.52,1554.3,0.0003266100,0.0000018092,1.0,144.3
2026-09-14T08:38:57.840+00:00,ASTER,HL,8.6794,1.8794,1555.95,0.78,1554.6,11.063,1556.6,1554.5,0.0003266100,0.0000062500,0.1,146.2
2026-09-14T08:38:57.840+00:00,ASTER,ENTROPY,9.3227,2.5227,1555.95,0.78,1554.5,0.0151,1556.6,1554.3,0.0003266100,0.0000018092,0.1,146.2
2026-09-14T08:38:57.840+00:00,ASTER,HL,8.6788,1.8788,1555.95,0.78,1554.6,11.063,1557.01,1554.5,0.0003266100,0.0000062500,0.1,146.3
2026-09-14T08:38:57.840+00:00,ASTER,ENTROPY,9.3221,2.5221,1555.95,0.78,1554.5,0.0151,1557.01,1554.3,0.0003266100,0.0000018092,0.1,146.3
2026-09-14T08:38:57.843+00:00,ASTER,HL,10.3498,3.5498,1556.21,0.23,1554.6,11.063,1557.01,1554.5,0.0003266100,0.0000062500,0.1,149.1
2026-09-14T08:38:57.843+00:00,ASTER,ENTROPY,10.9932,4.1932,1556.21,0.23,1554.5,0.0151,1557.01,1554.3,0.0003266100,0.0000018092,0.1,149.1
2026-09-14T08:38:57.846+00:00,ASTER,HL,10.4141,3.6141,1556.22,3.04,1554.6,11.063,1557.01,1554.5,0.0003266100,0.0000062500,0.1,153.1
2026-09-14T08:38:57.846+00:00,ASTER,ENTROPY,11.0575,4.2575,1556.22,3.04,1554.5,0.0151,1557.01,1554.3,0.0003266100,0.0000018092,0.1,153.1
2026-09-14T08:38:57.846+00:00,ASTER,HL,10.8640,4.0640,1556.29,3.04,1554.6,11.063,1557.01,1554.5,0.0003266100,0.0000062500,0.1,153.2
2026-09-14T08:38:57.846+00:00,ASTER,ENTROPY,11.5074,4.7074,1556.29,3.04,1554.5,0.0151,1557.01,1554.3,0.0003266100,0.0000018092,0.1,153.2
2026-09-14T08:38:57.849+00:00,ASTER,HL,11.1210,4.3210,1556.33,3.04,1554.6,11.063,1557.01,1554.5,0.0003266100,0.0000062500,0.1,155.2
2026-09-14T08:38:57.849+00:00,ASTER,ENTROPY,11.7644,4.9644,1556.33,3.04,1554.5,0.0151,1557.01,1554.3,0.0003266100,0.0000018092,0.1,155.1
2026-09-14T08:38:57.849+00:00,ASTER,HL,11.1853,4.3853,1556.34,0.64,1554.6,11.063,1557.01,1554.5,0.0003266100,0.0000062500,0.1,155.3
2026-09-14T08:38:57.849+00:00,ASTER,ENTROPY,11.8287,5.0287,1556.34,0.64,1554.5,0.0151,1557.01,1554.3,0.0003266100,0.0000018092,0.1,155.2
2026-09-14T08:38:57.858+00:00,ASTER,HL,11.1853,4.3853,1556.34,0.64,1554.6,9.724,1557.01,1554.5,0.0003266100,0.0000062500,9.2,0.2
2026-09-14T08:38:57.858+00:00,ASTER,ENTROPY,11.8287,5.0287,1556.34,0.64,1554.5,0.0151,1557.01,1554.3,0.0003266100,0.0000018092,9.4,0.4
2026-09-14T08:38:57.936+00:00,ASTER,HL,11.1853,4.3853,1556.34,0.64,1554.6,6.017,1557.01,1554.5,0.0003266100,0.0000062500,86.9,0.3
2026-09-14T08:38:57.966+00:00,ASTER,HL,9.7071,2.9071,1556.11,0.04,1554.6,6.017,1557.01,1554.5,0.0003266100,0.0000062500,0.7,30.2
2026-09-14T08:38:57.966+00:00,ASTER,ENTROPY,10.3505,3.5505,1556.11,0.04,1554.5,0.0151,1557.01,1554.3,0.0003266100,0.0000018092,0.7,107.8
2026-09-14T08:38:57.966+00:00,ASTER,HL,9.7073,2.9073,1556.11,0.04,1554.6,6.017,1556.92,1554.5,0.0003266100,0.0000062500,0.8,30.4
2026-09-14T08:38:57.966+00:00,ASTER,ENTROPY,10.3507,3.5507,1556.11,0.04,1554.5,0.0151,1556.92,1554.3,0.0003266100,0.0000018092,0.8,108.0
2026-09-14T08:38:57.966+00:00,ASTER,HL,11.7639,4.9639,1556.43,3.04,1554.6,6.017,1556.92,1554.5,0.0003266100,0.0000062500,0.9,30.4
2026-09-14T08:38:57.966+00:00,ASTER,ENTROPY,12.4073,5.6073,1556.43,3.04,1554.5,0.0151,1556.92,1554.3,0.0003266100,0.0000018092,0.9,108.0
2026-09-14T08:38:57.966+00:00,ASTER,HL,12.0209,5.2209,1556.47,3.04,1554.6,6.017,1556.92,1554.5,0.0003266100,0.0000062500,0.9,30.4
2026-09-14T08:38:57.966+00:00,ASTER,ENTROPY,12.6644,5.8644,1556.47,3.04,1554.5,0.0151,1556.92,1554.3,0.0003266100,0.0000018092,0.9,108.0
2026-09-14T08:38:58.018+00:00,ASTER,HL,12.0209,5.2209,1556.47,3.04,1554.6,6.017,1556.92,1554.5,0.0003266100,0.0000062500,1.3,81.8
2026-09-14T08:38:58.018+00:00,ASTER,ENTROPY,12.6644,5.8644,1556.47,3.04,1554.5,0.0151,1556.92,1554.3,0.0003266100,0.0000018092,1.3,159.4
2026-09-14T08:38:58.028+00:00,ASTER,HL,11.7639,4.9639,1556.43,3.04,1554.6,6.017,1556.92,1554.5,0.0003266100,0.0000062500,0.2,92.1
2026-09-14T08:38:58.028+00:00,ASTER,ENTROPY,12.4073,5.6073,1556.43,3.04,1554.5,0.0151,1556.92,1554.3,0.0003266100,0.0000018092,0.2,169.7
2026-09-14T08:38:58.028+00:00,ASTER,HL,11.7639,4.9639,1556.43,3.04,1554.6,6.017,1556.92,1554.5,0.0003266100,0.0000062500,0.3,92.2
2026-09-14T08:38:58.028+00:00,ASTER,ENTROPY,12.4073,5.6073,1556.43,3.04,1554.5,0.0151,1556.92,1554.3,0.0003266100,0.0000018092,0.3,169.8
2026-09-14T08:38:58.038+00:00,ASTER,HL,9.7073,2.9073,1556.11,0.04,1554.6,6.017,1556.92,1554.5,0.0003266100,0.0000062500,0.1,102.2
2026-09-14T08:38:58.038+00:00,ASTER,ENTROPY,10.3507,3.5507,1556.11,0.04,1554.5,0.0151,1556.92,1554.3,0.0003266100,0.0000018092,0.1,179.8
2026-09-14T08:38:58.039+00:00,ASTER,HL,9.7074,2.9074,1556.11,0.04,1554.6,6.017,1556.84,1554.5,0.0003266100,0.0000062500,0.2,102.3
2026-09-14T08:38:58.039+00:00,ASTER,ENTROPY,10.3508,3.5508,1556.11,0.04,1554.5,0.0151,1556.84,1554.3,0.0003266100,0.0000018092,0.2,179.9
2026-09-14T08:38:58.039+00:00,ASTER,HL,9.7074,2.9074,1556.11,0.04,1554.6,6.017,1556.82,1554.5,0.0003266100,0.0000062500,0.2,102.4
2026-09-14T08:38:58.039+00:00,ASTER,ENTROPY,10.3508,3.5508,1556.11,0.04,1554.5,0.0151,1556.82,1554.3,0.0003266100,0.0000018092,0.2,180.0
2026-09-14T08:38:58.039+00:00,ASTER,HL,10.2216,3.4216,1556.19,1.79,1554.6,6.017,1556.82,1554.5,0.0003266100,0.0000062500,0.3,102.4
2026-09-14T08:38:58.039+00:00,ASTER,ENTROPY,10.8650,4.0650,1556.19,1.79,1554.5,0.0151,1556.82,1554.3,0.0003266100,0.0000018092,0.3,180.0
2026-09-14T08:38:58.039+00:00,ASTER,HL,10.2216,3.4216,1556.19,1.79,1554.6,6.017,1556.82,1554.5,0.0003266100,0.0000062500,0.3,102.4
2026-09-14T08:38:58.039+00:00,ASTER,ENTROPY,10.8650,4.0650,1556.19,1.79,1554.5,0.0151,1556.82,1554.3,0.0003266100,0.0000018092,0.3,180.0
2026-09-14T08:38:58.039+00:00,ASTER,HL,10.2216,3.4216,1556.19,1.79,1554.6,6.017,1556.82,1554.5,0.0003266100,0.0000062500,0.3,102.4
2026-09-14T08:38:58.039+00:00,ASTER,ENTROPY,10.8650,4.0650,1556.19,1.79,1554.5,0.0151,1556.82,1554.3,0.0003266100,0.0000018092,0.3,180.1
2026-09-14T08:38:58.039+00:00,ASTER,HL,10.2216,3.4216,1556.19,3.58,1554.6,6.017,1556.82,1554.5,0.0003266100,0.0000062500,0.3,102.5
2026-09-14T08:38:58.039+00:00,ASTER,ENTROPY,10.8650,4.0650,1556.19,3.58,1554.5,0.0151,1556.82,1554.3,0.0003266100,0.0000018092,0.3,180.1
2026-09-14T08:38:58.039+00:00,ASTER,HL,10.2216,3.4216,1556.19,3.58,1554.6,6.017,1556.82,1554.5,0.0003266100,0.0000062500,0.4,102.5
2026-09-14T08:38:58.039+00:00,ASTER,ENTROPY,10.8650,4.0650,1556.19,3.58,1554.5,0.0151,1556.82,1554.3,0.0003266100,0.0000018092,0.4,180.1
2026-09-14T08:38:58.076+00:00,ASTER,HL,10.2216,3.4216,1556.19,3.58,1554.6,3.773,1556.82,1554.5,0.0003266100,0.0000062500,38.1,0.2
2026-09-14T08:38:58.076+00:00,ASTER,ENTROPY,10.8648,4.0648,1556.19,3.58,1554.5,0.0151,1556.82,1554.4,0.0003266100,0.0000018092,38.3,0.4
2026-09-14T08:38:58.098+00:00,ASTER,HL,10.2216,3.4216,1556.19,3.58,1554.6,3.773,1556.82,1554.5,0.0003266100,0.0000062500,0.2,22.6
2026-09-14T08:38:58.098+00:00,ASTER,ENTROPY,10.8648,4.0648,1556.19,3.58,1554.5,0.0151,1556.82,1554.4,0.0003266100,0.0000018092,0.2,22.5
2026-09-14T08:38:58.098+00:00,ASTER,HL,10.2216,3.4216,1556.19,1.79,1554.6,3.773,1556.82,1554.5,0.0003266100,0.0000062500,0.2,22.7
2026-09-14T08:38:58.098+00:00,ASTER,ENTROPY,10.8648,4.0648,1556.19,1.79,1554.5,0.0151,1556.82,1554.4,0.0003266100,0.0000018092,0.2,22.6
2026-09-14T08:38:58.098+00:00,ASTER,HL,10.2216,3.4216,1556.19,1.79,1554.6,3.773,1556.82,1554.5,0.0003266100,0.0000062500,0.3,22.7
2026-09-14T08:38:58.098+00:00,ASTER,ENTROPY,10.8648,4.0648,1556.19,1.79,1554.5,0.0151,1556.82,1554.4,0.0003266100,0.0000018092,0.3,22.7
2026-09-14T08:38:58.098+00:00,ASTER,HL,10.2216,3.4216,1556.19,1.79,1554.6,3.773,1556.82,1554.5,0.0003266100,0.0000062500,0.3,22.7
2026-09-14T08:38:58.098+00:00,ASTER,ENTROPY,10.8648,4.0648,1556.19,1.79,1554.5,0.0151,1556.82,1554.4,0.0003266100,0.0000018092,0.3,22.7
2026-09-14T08:38:58.098+00:00,ASTER,HL,9.7074,2.9074,1556.11,0.04,1554.6,3.773,1556.82,1554.5,0.0003266100,0.0000062500,0.3,22.8
2026-09-14T08:38:58.098+00:00,ASTER,ENTROPY,10.3507,3.5507,1556.11,0.04,1554.5,0.0151,1556.82,1554.4,0.0003266100,0.0000018092,0.3,22.7
2026-09-14T08:38:58.098+00:00,ASTER,HL,9.7073,2.9073,1556.11,0.04,1554.6,3.773,1556.92,1554.5,0.0003266100,0.0000062500,0.3,22.8
2026-09-14T08:38:58.098+00:00,ASTER,ENTROPY,10.3505,3.5505,1556.11,0.04,1554.5,0.0151,1556.92,1554.4,0.0003266100,0.0000018092,0.3,22.7
2026-09-14T08:38:58.098+00:00,ASTER,HL,9.7074,2.9074,1556.11,0.04,1554.6,3.773,1556.84,1554.5,0.0003266100,0.0000062500,0.3,22.8
2026-09-14T08:38:58.098+00:00,ASTER,ENTROPY,10.3506,3.5506,1556.11,0.04,1554.5,0.0151,1556.84,1554.4,0.0003266100,0.0000018092,0.3,22.8
2026-09-14T08:38:58.098+00:00,ASTER,HL,9.7074,2.9074,1556.11,0.04,1554.6,3.773,1556.83,1554.5,0.0003266100,0.0000062500,0.4,22.8
2026-09-14T08:38:58.098+00:00,ASTER,ENTROPY,10.3506,3.5506,1556.11,0.04,1554.5,0.0151,1556.83,1554.4,0.0003266100,0.0000018092,0.4,22.8
2026-09-14T08:38:58.098+00:00,ASTER,HL,10.2859,3.4859,1556.2,1.66,1554.6,3.773,1556.83,1554.5,0.0003266100,0.0000062500,0.4,22.8
2026-09-14T08:38:58.098+00:00,ASTER,ENTROPY,10.9291,4.1291,1556.2,1.66,1554.5,0.0151,1556.83,1554.4,0.0003266100,0.0000018092,0.4,22.8
2026-09-14T08:38:58.106+00:00,ASTER,HL,10.2859,3.4859,1556.2,1.66,1554.6,1.912,1556.83,1554.5,0.0003266100,0.0000062500,8.0,0.2
2026-09-14T08:38:58.150+00:00,ASTER,HL,10.2858,3.4858,1556.2,1.66,1554.6,1.912,1556.86,1554.5,0.0003266100,0.0000062500,0.8,43.5
2026-09-14T08:38:58.150+00:00,ASTER,ENTROPY,10.9290,4.1290,1556.2,1.66,1554.5,0.0151,1556.86,1554.4,0.0003266100,0.0000018092,0.8,73.8
2026-09-14T08:38:58.150+00:00,ASTER,HL,10.2215,3.4215,1556.19,16.38,1554.6,1.912,1556.86,1554.5,0.0003266100,0.0000062500,0.9,43.6
2026-09-14T08:38:58.150+00:00,ASTER,ENTROPY,10.8648,4.0648,1556.19,16.38,1554.5,0.0151,1556.86,1554.4,0.0003266100,0.0000018092,0.9,73.9
2026-09-14T08:38:58.150+00:00,ASTER,HL,10.2213,3.4213,1556.19,16.38,1554.6,1.912,1557.01,1554.5,0.0003266100,0.0000062500,1.0,43.6
2026-09-14T08:38:58.150+00:00,ASTER,ENTROPY,10.8645,4.0645,1556.19,16.38,1554.5,0.0151,1557.01,1554.4,0.0003266100,0.0000018092,1.0,73.9
2026-09-14T08:38:58.150+00:00,ASTER,HL,9.7071,2.9071,1556.11,0.04,1554.6,1.912,1557.01,1554.5,0.0003266100,0.0000062500,1.0,43.7
2026-09-14T08:38:58.150+00:00,ASTER,ENTROPY,10.3503,3.5503,1556.11,0.04,1554.5,0.0151,1557.01,1554.4,0.0003266100,0.0000018092,1.0,74.0
2026-09-14T08:38:58.166+00:00,ASTER,HL,9.7075,2.9075,1556.11,0.04,1554.6,1.912,1556.81,1554.5,0.0003266100,0.0000062500,0.1,59.9
2026-09-14T08:38:58.166+00:00,ASTER,ENTROPY,10.3507,3.5507,1556.11,0.04,1554.5,0.0151,1556.81,1554.4,0.0003266100,0.0000018092,0.1,90.2
2026-09-14T08:38:58.166+00:00,ASTER,HL,9.7075,2.9075,1556.11,0.04,1554.6,1.912,1556.8,1554.5,0.0003266100,0.0000062500,0.2,60.0
2026-09-14T08:38:58.166+00:00,ASTER,ENTROPY,10.3507,3.5507,1556.11,0.04,1554.5,0.0151,1556.8,1554.4,0.0003266100,0.0000018092,0.2,90.3
2026-09-14T08:38:58.166+00:00,ASTER,HL,11.3142,4.5142,1556.36,3.04,1554.6,1.912,1556.8,1554.5,0.0003266100,0.0000062500,0.2,60.0
2026-09-14T08:38:58.166+00:00,ASTER,ENTROPY,11.9575,5.1575,1556.36,3.04,1554.5,0.0151,1556.8,1554.4,0.0003266100,0.0000018092,0.2,90.3
2026-09-14T08:38:58.166+00:00,ASTER,HL,11.3143,4.5143,1556.36,3.04,1554.6,1.912,1556.78,1554.5,0.0003266100,0.0000062500,0.3,60.0
2026-09-14T08:38:58.166+00:00,ASTER,ENTROPY,11.9575,5.1575,1556.36,3.04,1554.5,0.0151,1556.78,1554.4,0.0003266100,0.0000018092,0.3,90.3
2026-09-14T08:38:58.166+00:00,ASTER,HL,11.3143,4.5143,1556.36,3.04,1554.6,1.912,1556.78,1554.5,0.0003266100,0.0000062500,0.3,60.1
2026-09-14T08:38:58.166+00:00,ASTER,ENTROPY,11.9575,5.1575,1556.36,3.04,1554.5,0.0151,1556.78,1554.4,0.0003266100,0.0000018092,0.3,90.4
2026-09-14T08:38:58.244+00:00,ASTER,HL,11.3143,4.5143,1556.36,3.04,1554.6,1.912,1556.77,1554.5,0.0003266100,0.0000062500,0.2,137.8
2026-09-14T08:38:58.244+00:00,ASTER,ENTROPY,11.9575,5.1575,1556.36,3.04,1554.5,0.0151,1556.77,1554.4,0.0003266100,0.0000018092,0.2,168.1
2026-09-14T08:38:58.297+00:00,ASTER,HL,11.3143,4.5143,1556.36,3.04,1554.6,0.912,1556.77,1554.5,0.0003266100,0.0000062500,52.6,0.2
2026-09-14T08:38:58.479+00:00,ASTER,HL,11.3143,4.5143,1556.36,3.04,1554.6,0.912,1556.78,1554.5,0.0003266100,0.0000062500,0.2,182.7
2026-09-14T08:38:58.479+00:00,ASTER,ENTROPY,11.9575,5.1575,1556.36,3.04,1554.5,0.0151,1556.78,1554.4,0.0003266100,0.0000018092,0.2,403.1
2026-09-14T08:38:58.479+00:00,ASTER,HL,9.9646,3.1646,1556.15,4.3,1554.6,0.912,1556.78,1554.5,0.0003266100,0.0000062500,0.3,182.9
2026-09-14T08:38:58.479+00:00,ASTER,ENTROPY,10.6078,3.8078,1556.15,4.3,1554.5,0.0151,1556.78,1554.4,0.0003266100,0.0000018092,0.3,403.2
2026-09-14T08:38:58.504+00:00,ASTER,HL,9.9646,3.1646,1556.15,4.3,1554.6,0.912,1556.78,1554.5,0.0003266100,0.0000062500,0.2,207.8
2026-09-14T08:38:58.504+00:00,ASTER,ENTROPY,10.6078,3.8078,1556.15,4.3,1554.5,0.0151,1556.78,1554.4,0.0003266100,0.0000018092,0.2,428.1
2026-09-14T08:38:58.505+00:00,ASTER,HL,9.9646,3.1646,1556.15,2.15,1554.6,0.912,1556.78,1554.5,0.0003266100,0.0000062500,0.3,207.9
2026-09-14T08:38:58.505+00:00,ASTER,ENTROPY,10.6078,3.8078,1556.15,2.15,1554.5,0.0151,1556.78,1554.4,0.0003266100,0.0000018092,0.3,428.3
2026-09-14T08:38:58.505+00:00,ASTER,HL,9.9645,3.1645,1556.15,2.15,1554.6,0.912,1556.83,1554.5,0.0003266100,0.0000062500,0.4,208.0
2026-09-14T08:38:58.505+00:00,ASTER,ENTROPY,10.6077,3.8077,1556.15,2.15,1554.5,0.0151,1556.83,1554.4,0.0003266100,0.0000018092,0.4,428.3
2026-09-14T08:38:58.505+00:00,ASTER,HL,9.7074,2.9074,1556.11,0.04,1554.6,0.912,1556.83,1554.5,0.0003266100,0.0000062500,0.4,208.0
2026-09-14T08:38:58.505+00:00,ASTER,ENTROPY,10.3506,3.5506,1556.11,0.04,1554.5,0.0151,1556.83,1554.4,0.0003266100,0.0000018092,0.4,428.3
2026-09-14T08:38:58.505+00:00,ASTER,HL,11.6355,4.8355,1556.41,3.04,1554.6,0.912,1556.83,1554.5,0.0003266100,0.0000062500,0.4,208.0
2026-09-14T08:38:58.505+00:00,ASTER,ENTROPY,12.2787,5.4787,1556.41,3.04,1554.5,0.0151,1556.83,1554.4,0.0003266100,0.0000018092,0.4,428.4
2026-09-14T08:38:58.505+00:00,ASTER,HL,11.6356,4.8356,1556.41,3.04,1554.6,0.912,1556.79,1554.5,0.0003266100,0.0000062500,0.4,208.1
2026-09-14T08:38:58.505+00:00,ASTER,ENTROPY,12.2788,5.4788,1556.41,3.04,1554.5,0.0151,1556.79,1554.4,0.0003266100,0.0000018092,0.4,428.4
2026-09-14T08:38:58.526+00:00,ASTER,HL,10.0288,3.2288,1556.16,3.79,1554.6,0.912,1556.79,1554.5,0.0003266100,0.0000062500,0.2,229.6
2026-09-14T08:38:58.526+00:00,ASTER,ENTROPY,10.6721,3.8721,1556.16,3.79,1554.5,0.0151,1556.79,1554.4,0.0003266100,0.0000018092,0.2,450.0
2026-09-14T08:38:58.530+00:00,ASTER,HL,10.0288,3.2288,1556.16,3.79,1554.6,0.912,1556.83,1554.5,0.0003266100,0.0000062500,0.1,233.8
2026-09-14T08:38:58.530+00:00,ASTER,ENTROPY,10.6720,3.8720,1556.16,3.79,1554.5,0.0151,1556.83,1554.4,0.0003266100,0.0000018092,0.1,454.1
2026-09-14T08:38:58.530+00:00,ASTER,HL,9.7074,2.9074,1556.11,0.04,1554.6,0.912,1556.83,1554.5,0.0003266100,0.0000062500,0.2,233.9
2026-09-14T08:38:58.530+00:00,ASTER,ENTROPY,10.3506,3.5506,1556.11,0.04,1554.5,0.0151,1556.83,1554.4,0.0003266100,0.0000018092,0.2,454.2
2026-09-14T08:38:58.535+00:00,ASTER,HL,9.7075,2.9075,1556.11,0.04,1554.6,0.912,1556.77,1554.5,0.0003266100,0.0000062500,0.1,238.6
2026-09-14T08:38:58.535+00:00,ASTER,ENTROPY,10.3507,3.5507,1556.11,0.04,1554.5,0.0151,1556.77,1554.4,0.0003266100,0.0000018092,0.1,458.9
2026-09-14T08:38:58.535+00:00,ASTER,HL,9.7075,2.9075,1556.11,0.04,1554.6,0.912,1556.76,1554.5,0.0003266100,0.0000062500,0.1,238.7
2026-09-14T08:38:58.535+00:00,ASTER,ENTROPY,10.3508,3.5508,1556.11,0.04,1554.5,0.0151,1556.76,1554.4,0.0003266100,0.0000018092,0.1,459.0
2026-09-14T08:38:58.539+00:00,ASTER,HL,9.9646,3.1646,1556.15,2.01,1554.6,0.912,1556.76,1554.5,0.0003266100,0.0000062500,0.1,242.9
2026-09-14T08:38:58.539+00:00,ASTER,ENTROPY,10.6078,3.8078,1556.15,2.01,1554.5,0.0151,1556.76,1554.4,0.0003266100,0.0000018092,0.1,463.3
2026-09-14T08:38:58.542+00:00,ASTER,HL,7.3923,0.5923,1556.15,2.01,1555.0,28.031,1556.76,1554.8,0.0003266100,0.0000062500,3.4,0.4
2026-09-14T08:38:58.542+00:00,ASTER,ENTROPY,7.3928,0.5928,1556.15,2.01,1555.0,0.2087,1556.76,1554.4,0.0003266100,0.0000018092,3.5,0.4
2026-09-14T08:38:58.563+00:00,ASTER,HL,7.3923,0.5923,1556.15,2.01,1555.0,29.322,1556.76,1554.8,0.0003266100,0.0000062500,23.5,0.2
2026-09-14T08:38:58.563+00:00,ASTER,ENTROPY,7.3923,0.5923,1556.15,2.01,1555.0,0.2087,1556.76,1554.8,0.0003266100,0.0000018092,23.6,0.2
2026-09-14T08:38:58.593+00:00,ASTER,HL,7.3923,0.5923,1556.15,4.02,1555.0,29.322,1556.76,1554.8,0.0003266100,0.0000062500,0.1,31.2
2026-09-14T08:38:58.593+00:00,ASTER,ENTROPY,7.3923,0.5923,1556.15,4.02,1555.0,0.2087,1556.76,1554.8,0.0003266100,0.0000018092,0.1,31.1
2026-09-14T08:38:58.626+00:00,ASTER,HL,7.3923,0.5923,1556.15,4.02,1555.0,29.322,1556.76,1554.8,0.0003266100,0.0000062500,32.8,0.3
2026-09-14T08:38:58.626+00:00,ASTER,ENTROPY,7.3923,0.5923,1556.15,4.02,1555.0,0.2087,1556.76,1554.8,0.0003266100,0.0000018092,33.0,0.4
2026-09-14T08:38:58.640+00:00,ASTER,HL,7.3923,0.5923,1556.15,4.02,1555.0,29.322,1556.72,1554.8,0.0003266100,0.0000062500,0.1,14.0
2026-09-14T08:38:58.640+00:00,ASTER,ENTROPY,7.3923,0.5923,1556.15,4.02,1555.0,0.2087,1556.72,1554.8,0.0003266100,0.0000018092,0.1,14.0
2026-09-14T08:38:58.640+00:00,ASTER,HL,8.4206,1.6206,1556.31,3.04,1555.0,29.322,1556.72,1554.8,0.0003266100,0.0000062500,0.3,14.2
2026-09-14T08:38:58.640+00:00,ASTER,ENTROPY,8.4206,1.6206,1556.31,3.04,1555.0,0.2087,1556.72,1554.8,0.0003266100,0.0000018092,0.3,14.1
2026-09-14T08:38:58.650+00:00,ASTER,HL,8.4849,1.6849,1556.32,3.04,1555.0,29.322,1556.72,1554.8,0.0003266100,0.0000062500,0.2,24.8
2026-09-14T08:38:58.650+00:00,ASTER,ENTROPY,8.4849,1.6849,1556.32,3.04,1555.0,0.2087,1556.72,1554.8,0.0003266100,0.0000018092,0.2,24.8
2026-09-14T08:38:58.732+00:00,ASTER,HL,8.4847,1.6847,1556.32,3.04,1555.0,29.631,1556.72,1554.9,0.0003266100,0.0000062500,82.2,0.3
2026-09-14T08:38:58.761+00:00,ASTER,HL,8.4847,1.6847,1556.32,3.04,1555.0,27.263,1556.72,1554.9,0.0003266100,0.0000062500,111.3,0.2
2026-09-14T08:38:58.761+00:00,ASTER,ENTROPY,8.4851,1.6851,1556.32,3.04,1555.0,0.2087,1556.72,1554.6,0.0003266100,0.0000018092,111.4,0.3
2026-09-14T08:38:58.785+00:00,ASTER,HL,8.4848,1.6848,1556.32,3.04,1555.0,27.263,1556.69,1554.9,0.0003266100,0.0000062500,0.2,23.3
2026-09-14T08:38:58.785+00:00,ASTER,ENTROPY,8.4852,1.6852,1556.32,3.04,1555.0,0.2087,1556.69,1554.6,0.0003266100,0.0000018092,0.2,23.3
2026-09-14T08:38:58.833+00:00,ASTER,HL,8.4848,1.6848,1556.32,3.04,1555.0,28.757,1556.69,1554.9,0.0003266100,0.0000062500,48.6,0.6
2026-09-14T08:38:58.833+00:00,ASTER,ENTROPY,7.8421,1.0421,1556.32,3.04,1555.1,0.1957,1556.69,1554.7,0.0003266100,0.0000018092,48.7,0.7
2026-09-14T08:38:58.841+00:00,ASTER,HL,8.4848,1.6848,1556.32,3.04,1555.0,28.757,1556.69,1554.9,0.0003266100,0.0000062500,0.1,9.0
2026-09-14T08:38:58.841+00:00,ASTER,ENTROPY,7.8421,1.0421,1556.32,3.04,1555.1,0.1957,1556.69,1554.7,0.0003266100,0.0000018092,0.1,8.9
2026-09-14T08:38:58.842+00:00,ASTER,HL,8.4848,1.6848,1556.32,3.04,1555.0,28.757,1556.69,1554.9,0.0003266100,0.0000062500,0.3,9.2
2026-09-14T08:38:58.842+00:00,ASTER,ENTROPY,7.8421,1.0421,1556.32,3.04,1555.1,0.1957,1556.69,1554.7,0.0003266100,0.0000018092,0.3,9.1
2026-09-14T08:38:58.842+00:00,ASTER,HL,8.4848,1.6848,1556.32,3.04,1555.0,28.757,1556.69,1554.9,0.0003266100,0.0000062500,0.3,9.2
2026-09-14T08:38:58.842+00:00,ASTER,ENTROPY,7.8421,1.0421,1556.32,3.04,1555.1,0.1957,1556.69,1554.7,0.0003266100,0.0000018092,0.3,9.2
2026-09-14T08:38:58.842+00:00,ASTER,HL,8.4848,1.6848,1556.32,3.04,1555.0,28.757,1556.69,1554.9,0.0003266100,0.0000062500,0.4,9.2
2026-09-14T08:38:58.842+00:00,ASTER,ENTROPY,7.8421,1.0421,1556.32,3.04,1555.1,0.1957,1556.69,1554.7,0.0003266100,0.0000018092,0.4,9.2
2026-09-14T08:38:58.885+00:00,ASTER,HL,7.1352,0.3352,1556.11,0.04,1555.0,28.757,1556.69,1554.9,0.0003266100,0.0000062500,0.7,52.6
2026-09-14T08:38:58.895+00:00,ASTER,HL,7.1352,0.3352,1556.11,0.04,1555.0,28.757,1556.68,1554.9,0.0003266100,0.0000062500,0.1,62.9
2026-09-14T08:38:58.934+00:00,ASTER,HL,6.8781,0.0781,1556.07,0.01,1555.0,28.757,1556.68,1554.9,0.0003266100,0.0000062500,0.2,100.9
2026-09-14T08:38:58.946+00:00,ASTER,HL,7.7779,0.9779,1556.21,3.04,1555.0,28.757,1556.68,1554.9,0.0003266100,0.0000062500,0.1,113.5
2026-09-14T08:38:58.946+00:00,ASTER,ENTROPY,7.1352,0.3352,1556.21,3.04,1555.1,0.1957,1556.68,1554.7,0.0003266100,0.0000018092,0.1,113.5
2026-09-14T08:38:58.989+00:00,ASTER,HL,7.7779,0.9779,1556.21,3.04,1555.0,28.757,1556.67,1554.9,0.0003266100,0.0000062500,0.2,156.6
2026-09-14T08:38:58.989+00:00,ASTER,ENTROPY,7.1352,0.3352,1556.21,3.04,1555.1,0.1957,1556.67,1554.7,0.0003266100,0.0000018092,0.2,156.6
2026-09-14T08:38:59.011+00:00,ASTER,HL,7.7780,0.9780,1556.21,3.04,1555.0,38.165,1556.67,1554.8,0.0003266100,0.0000062500,21.4,0.2
2026-09-14T08:38:59.030+00:00,ASTER,HL,8.4211,1.6211,1556.21,3.04,1554.9,0.87,1556.67,1554.7,0.0003266100,0.0000062500,40.6,0.2
2026-09-14T08:38:59.030+00:00,ASTER,ENTROPY,8.4211,1.6211,1556.21,3.04,1554.9,0.1903,1556.67,1554.7,0.0003266100,0.0000018092,40.7,0.2
2026-09-14T08:38:59.037+00:00,ASTER,HL,7.5213,0.7213,1556.07,0.01,1554.9,0.87,1556.67,1554.7,0.0003266100,0.0000062500,0.1,7.7
2026-09-14T08:38:59.037+00:00,ASTER,ENTROPY,7.5213,0.7213,1556.07,0.01,1554.9,0.1903,1556.67,1554.7,0.0003266100,0.0000018092,0.1,7.7
2026-09-14T08:38:59.037+00:00,ASTER,HL,6.8143,0.0143,1555.96,0.04,1554.9,0.87,1556.67,1554.7,0.0003266100,0.0000062500,0.2,7.8
2026-09-14T08:38:59.037+00:00,ASTER,ENTROPY,6.8143,0.0143,1555.96,0.04,1554.9,0.1903,1556.67,1554.7,0.0003266100,0.0000018092,0.2,7.8
2026-09-14T08:38:59.115+00:00,ASTER,HL,6.8144,0.0144,1555.96,0.04,1554.9,0.87,1556.54,1554.7,0.0003266100,0.0000062500,0.2,85.0
2026-09-14T08:38:59.115+00:00,ASTER,ENTROPY,6.8144,0.0144,1555.96,0.04,1554.9,0.1903,1556.54,1554.7,0.0003266100,0.0000018092,0.2,85.0
2026-09-14T08:38:59.115+00:00,ASTER,HL,6.8144,0.0144,1555.96,0.04,1554.9,0.87,1556.54,1554.7,0.0003266100,0.0000062500,0.3,85.2
2026-09-14T08:38:59.115+00:00,ASTER,ENTROPY,6.8144,0.0144,1555.96,0.04,1554.9,0.1903,1556.54,1554.7,0.0003266100,0.0000018092,0.3,85.2
2026-09-14T08:38:59.131+00:00,ASTER,HL,7.4574,0.6574,1555.96,0.04,1554.8,4.109,1556.54,1554.7,0.0003266100,0.0000062500,16.6,1.6
2026-09-14T08:38:59.132+00:00,ASTER,HL,7.4574,0.6574,1555.96,0.04,1554.8,4.109,1556.54,1554.7,0.0003266100,0.0000062500,1.6,1.6
2026-09-14T08:38:59.132+00:00,ASTER,ENTROPY,6.8144,0.0144,1555.96,0.04,1554.9,0.1903,1556.54,1554.7,0.0003266100,0.0000018092,1.6,101.5
2026-09-14T08:38:59.132+00:00,ASTER,HL,7.4573,0.6573,1555.96,0.04,1554.8,4.109,1556.59,1554.7,0.0003266100,0.0000062500,1.6,1.7
2026-09-14T08:38:59.132+00:00,ASTER,ENTROPY,6.8144,0.0144,1555.96,0.04,1554.9,0.1903,1556.59,1554.7,0.0003266100,0.0000018092,1.6,101.5
2026-09-14T08:38:59.132+00:00,ASTER,HL,7.4573,0.6573,1555.96,0.04,1554.8,4.109,1556.67,1554.7,0.0003266100,0.0000062500,1.6,1.7
2026-09-14T08:38:59.132+00:00,ASTER,ENTROPY,6.8143,0.0143,1555.96,0.04,1554.9,0.1903,1556.67,1554.7,0.0003266100,0.0000018092,1.6,101.6
2026-09-14T08:38:59.138+00:00,ASTER,HL,7.4574,0.6574,1555.96,0.04,1554.8,4.109,1556.57,1554.7,0.0003266100,0.0000062500,0.1,8.8
2026-09-14T08:38:59.138+00:00,ASTER,ENTROPY,6.8144,0.0144,1555.96,0.04,1554.9,0.1903,1556.57,1554.7,0.0003266100,0.0000018092,0.1,108.7
2026-09-14T08:38:59.138+00:00,ASTER,HL,8.4215,1.6215,1556.11,3.04,1554.8,4.109,1556.57,1554.7,0.0003266100,0.0000062500,0.2,8.9
2026-09-14T08:38:59.138+00:00,ASTER,ENTROPY,7.7785,0.9785,1556.11,3.04,1554.9,0.1903,1556.57,1554.7,0.0003266100,0.0000018092,0.2,108.8
2026-09-14T08:38:59.145+00:00,ASTER,HL,8.8071,2.0071,1556.17,3.04,1554.8,4.109,1556.57,1554.7,0.0003266100,0.0000062500,0.1,16.3
2026-09-14T08:38:59.145+00:00,ASTER,ENTROPY,8.1641,1.3641,1556.17,3.04,1554.9,0.1903,1556.57,1554.7,0.0003266100,0.0000018092,0.1,116.1
2026-09-14T08:38:59.145+00:00,ASTER,HL,9.1285,2.3285,1556.22,3.04,1554.8,4.109,1556.57,1554.7,0.0003266100,0.0000062500,0.2,16.4
2026-09-14T08:38:59.145+00:00,ASTER,ENTROPY,8.4855,1.6855,1556.22,3.04,1554.9,0.1903,1556.57,1554.7,0.0003266100,0.0000018092,0.2,116.2
2026-09-14T08:38:59.184+00:00,ASTER,HL,9.1284,2.3284,1556.22,3.04,1554.8,4.109,1556.65,1554.7,0.0003266100,0.0000062500,0.2,55.3
2026-09-14T08:38:59.184+00:00,ASTER,ENTROPY,8.4854,1.6854,1556.22,3.04,1554.9,0.1903,1556.65,1554.7,0.0003266100,0.0000018092,0.2,155.2
2026-09-14T08:38:59.185+00:00,ASTER,HL,9.1284,2.3284,1556.22,3.04,1554.8,4.109,1556.65,1554.7,0.0003266100,0.0000062500,0.3,55.5
2026-09-14T08:38:59.185+00:00,ASTER,ENTROPY,8.4854,1.6854,1556.22,3.04,1554.9,0.1903,1556.65,1554.7,0.0003266100,0.0000018092,0.3,155.3
2026-09-14T08:38:59.185+00:00,ASTER,HL,9.1284,2.3284,1556.22,3.04,1554.8,4.109,1556.65,1554.7,0.0003266100,0.0000062500,0.3,55.5
2026-09-14T08:38:59.185+00:00,ASTER,ENTROPY,8.4854,1.6854,1556.22,3.04,1554.9,0.1903,1556.65,1554.7,0.0003266100,0.0000018092,0.3,155.4
2026-09-14T08:38:59.185+00:00,ASTER,HL,9.1284,2.3284,1556.22,3.04,1554.8,4.109,1556.65,1554.7,0.0003266100,0.0000062500,0.4,55.5
2026-09-14T08:38:59.185+00:00,ASTER,ENTROPY,8.4854,1.6854,1556.22,3.04,1554.9,0.1903,1556.65,1554.7,0.0003266100,0.0000018092,0.4,155.4
2026-09-14T08:38:59.185+00:00,ASTER,HL,9.1283,2.3283,1556.22,3.04,1554.8,4.109,1556.68,1554.7,0.0003266100,0.0000062500,0.4,55.6
2026-09-14T08:38:59.185+00:00,ASTER,ENTROPY,8.4853,1.6853,1556.22,3.04,1554.9,0.1903,1556.68,1554.7,0.0003266100,0.0000018092,0.4,155.4
2026-09-14T08:38:59.195+00:00,ASTER,HL,9.1285,2.3285,1556.22,3.04,1554.8,4.109,1556.53,1554.7,0.0003266100,0.0000062500,0.1,64.9
2026-09-14T08:38:59.195+00:00,ASTER,ENTROPY,8.4855,1.6855,1556.22,3.04,1554.9,0.1903,1556.53,1554.7,0.0003266100,0.0000018092,0.1,164.8
2026-09-14T08:38:59.195+00:00,ASTER,HL,9.1285,2.3285,1556.22,3.04,1554.8,8.218,1556.53,1554.7,0.0003266100,0.0000062500,0.2,0.1
2026-09-14T08:38:59.195+00:00,ASTER,ENTROPY,8.4855,1.6855,1556.22,3.04,1554.9,0.1903,1556.53,1554.7,0.0003266100,0.0000018092,0.3,0.1
2026-09-14T08:38:59.283+00:00,ASTER,HL,9.1284,2.3284,1556.22,3.04,1554.8,8.218,1556.59,1554.7,0.0003266100,0.0000062500,0.3,88.3
2026-09-14T08:38:59.283+00:00,ASTER,ENTROPY,8.4855,1.6855,1556.22,3.04,1554.9,0.1903,1556.59,1554.7,0.0003266100,0.0000018092,0.3,88.3
2026-09-14T08:38:59.288+00:00,ASTER,HL,9.1284,2.3284,1556.22,3.04,1554.8,8.218,1556.59,1554.7,0.0003266100,0.0000062500,0.2,93.7
2026-09-14T08:38:59.288+00:00,ASTER,ENTROPY,8.4855,1.6855,1556.22,3.04,1554.9,0.1903,1556.59,1554.7,0.0003266100,0.0000018092,0.2,93.7
2026-09-14T08:38:59.288+00:00,ASTER,HL,9.1284,2.3284,1556.22,3.04,1554.8,8.218,1556.59,1554.7,0.0003266100,0.0000062500,0.3,93.9
2026-09-14T08:38:59.288+00:00,ASTER,ENTROPY,8.4855,1.6855,1556.22,3.04,1554.9,0.1903,1556.59,1554.7,0.0003266100,0.0000018092,0.3,93.8
2026-09-14T08:38:59.288+00:00,ASTER,HL,9.1284,2.3284,1556.22,3.04,1554.8,8.218,1556.59,1554.7,0.0003266100,0.0000062500,0.3,93.9
2026-09-14T08:38:59.288+00:00,ASTER,ENTROPY,8.4855,1.6855,1556.22,3.04,1554.9,0.1903,1556.59,1554.7,0.0003266100,0.0000018092,0.3,93.9
2026-09-14T08:38:59.315+00:00,ASTER,HL,9.1284,2.3284,1556.22,3.04,1554.8,12.327,1556.59,1554.7,0.0003266100,0.0000062500,27.2,0.3
2026-09-14T08:38:59.373+00:00,ASTER,HL,9.1287,2.3287,1556.22,3.04,1554.8,66.061,1556.59,1554.5,0.0003266100,0.0000062500,85.2,0.3
2026-09-14T08:38:59.373+00:00,ASTER,ENTROPY,9.1286,2.3286,1556.22,3.04,1554.8,0.1963,1556.59,1554.6,0.0003266100,0.0000018092,85.3,0.5
2026-09-14T08:38:59.397+00:00,ASTER,HL,9.1287,2.3287,1556.22,3.04,1554.8,29.493,1556.59,1554.5,0.0003266100,0.0000062500,109.3,0.2
2026-09-14T08:38:59.429+00:00,ASTER,HL,9.1287,2.3287,1556.22,3.04,1554.8,29.493,1556.59,1554.5,0.0003266100,0.0000062500,0.2,32.0
2026-09-14T08:38:59.429+00:00,ASTER,ENTROPY,9.1286,2.3286,1556.22,3.04,1554.8,0.1963,1556.59,1554.6,0.0003266100,0.0000018092,0.2,56.2
2026-09-14T08:38:59.429+00:00,ASTER,HL,9.1287,2.3287,1556.22,3.04,1554.8,29.493,1556.59,1554.5,0.0003266100,0.0000062500,0.3,32.2
2026-09-14T08:38:59.429+00:00,ASTER,ENTROPY,9.1286,2.3286,1556.22,3.04,1554.8,0.1963,1556.59,1554.6,0.0003266100,0.0000018092,0.3,56.4
2026-09-14T08:38:59.430+00:00,ASTER,HL,9.1287,2.3287,1556.22,3.04,1554.8,29.493,1556.59,1554.5,0.0003266100,0.0000062500,0.4,32.3
2026-09-14T08:38:59.430+00:00,ASTER,ENTROPY,9.1286,2.3286,1556.22,3.04,1554.8,0.1963,1556.59,1554.6,0.0003266100,0.0000018092,0.4,56.5
2026-09-14T08:38:59.430+00:00,ASTER,HL,9.1286,2.3286,1556.22,3.04,1554.8,29.493,1556.68,1554.5,0.0003266100,0.0000062500,1.0,32.9
2026-09-14T08:38:59.430+00:00,ASTER,ENTROPY,9.1285,2.3285,1556.22,3.04,1554.8,0.1963,1556.68,1554.6,0.0003266100,0.0000018092,1.0,57.1
2026-09-14T08:38:59.433+00:00,ASTER,HL,9.1287,2.3287,1556.22,3.04,1554.8,29.493,1556.62,1554.5,0.0003266100,0.0000062500,0.1,36.2
2026-09-14T08:38:59.433+00:00,ASTER,ENTROPY,9.1285,2.3285,1556.22,3.04,1554.8,0.1963,1556.62,1554.6,0.0003266100,0.0000018092,0.1,60.4
2026-09-14T08:38:59.487+00:00,ASTER,HL,9.1287,2.3287,1556.22,3.04,1554.8,29.493,1556.62,1554.5,0.0003266100,0.0000062500,0.2,90.7
2026-09-14T08:38:59.487+00:00,ASTER,ENTROPY,9.1285,2.3285,1556.22,3.04,1554.8,0.1963,1556.62,1554.6,0.0003266100,0.0000018092,0.2,114.9
2026-09-14T08:38:59.526+00:00,ASTER,HL,9.1287,2.3287,1556.22,3.04,1554.8,29.493,1556.62,1554.5,0.0003266100,0.0000062500,0.2,129.8
2026-09-14T08:38:59.526+00:00,ASTER,ENTROPY,9.1285,2.3285,1556.22,3.04,1554.8,0.1963,1556.62,1554.6,0.0003266100,0.0000018092,0.2,154.0
2026-09-14T08:38:59.538+00:00,ASTER,HL,9.1286,2.3286,1556.22,3.04,1554.8,29.493,1556.65,1554.5,0.0003266100,0.0000062500,0.2,140.9
2026-09-14T08:38:59.538+00:00,ASTER,ENTROPY,9.1285,2.3285,1556.22,3.04,1554.8,0.1963,1556.65,1554.6,0.0003266100,0.0000018092,0.2,165.1
2026-09-14T08:38:59.538+00:00,ASTER,HL,9.1286,2.3286,1556.22,3.04,1554.8,29.493,1556.68,1554.5,0.0003266100,0.0000062500,0.3,141.1
2026-09-14T08:38:59.538+00:00,ASTER,ENTROPY,9.1285,2.3285,1556.22,3.04,1554.8,0.1963,1556.68,1554.6,0.0003266100,0.0000018092,0.3,165.3
2026-09-14T08:38:59.538+00:00,ASTER,HL,9.1287,2.3287,1556.22,3.04,1554.8,29.493,1556.61,1554.5,0.0003266100,0.0000062500,0.3,141.1
2026-09-14T08:38:59.538+00:00,ASTER,ENTROPY,9.1286,2.3286,1556.22,3.04,1554.8,0.1963,1556.61,1554.6,0.0003266100,0.0000018092,0.3,165.3
2026-09-14T08:38:59.546+00:00,ASTER,HL,9.1288,2.3288,1556.22,3.04,1554.8,29.493,1556.55,1554.5,0.0003266100,0.0000062500,0.1,148.8
2026-09-14T08:38:59.546+00:00,ASTER,ENTROPY,9.1286,2.3286,1556.22,3.04,1554.8,0.1963,1556.55,1554.6,0.0003266100,0.0000018092,0.1,173.0
2026-09-14T08:38:59.592+00:00,ASTER,HL,9.1288,2.3288,1556.22,3.04,1554.8,29.065,1556.55,1554.5,0.0003266100,0.0000062500,45.5,0.2
2026-09-14T08:38:59.592+00:00,ASTER,ENTROPY,9.7717,2.9717,1556.22,3.04,1554.7,0.3216,1556.55,1554.6,0.0003266100,0.0000018092,45.6,0.3
2026-09-14T08:38:59.594+00:00,ASTER,HL,9.1288,2.3288,1556.22,3.04,1554.8,29.065,1556.55,1554.5,0.0003266100,0.0000062500,0.1,2.7
2026-09-14T08:38:59.594+00:00,ASTER,ENTROPY,9.7717,2.9717,1556.22,3.04,1554.7,0.3216,1556.55,1554.6,0.0003266100,0.0000018092,0.1,2.6
2026-09-14T08:38:59.733+00:00,ASTER,HL,9.7717,2.9717,1556.22,3.04,1554.7,1.643,1556.55,1554.6,0.0003266100,0.0000062500,139.1,0.2
2026-09-14T08:38:59.733+00:00,ASTER,ENTROPY,9.1286,2.3286,1556.22,3.04,1554.8,0.3837,1556.55,1554.6,0.0003266100,0.0000018092,139.3,0.4
2026-09-14T08:39:00.006+00:00,ASTER,ENTROPY,8.4856,1.6856,1556.22,3.04,1554.9,0.2003,1556.55,1554.6,0.0003266100,0.0000018092,412.3,0.3
2026-09-14T08:39:00.213+00:00,ASTER,HL,9.7717,2.9717,1556.22,3.04,1554.7,1.0,1556.55,1554.6,0.0003266100,0.0000062500,619.4,0.3
2026-09-14T08:39:00.280+00:00,ASTER,HL,9.7717,2.9717,1556.22,3.04,1554.7,1.0,1556.55,1554.6,0.0003266100,0.0000062500,685.9,0.3
2026-09-14T08:39:00.589+00:00,ASTER,ENTROPY,9.1286,2.3286,1556.22,3.04,1554.8,0.3688,1556.55,1554.6,0.0003266100,0.0000018092,996.0,0.3
2026-09-14T08:39:00.602+00:00,ASTER,HL,9.7717,2.9717,1556.22,3.04,1554.7,1.288,1556.55,1554.6,0.0003266100,0.0000062500,1007.7,0.2
2026-09-14T08:39:01.032+00:00,ASTER,HL,9.7717,2.9717,1556.22,3.04,1554.7,2.242,1556.55,1554.6,0.0003266100,0.0000062500,1438.6,0.3
2026-09-14T08:39:01.083+00:00,ASTER,HL,8.0363,1.2363,1555.95,0.78,1554.7,2.242,1556.55,1554.6,0.0003266100,0.0000062500,0.2,50.3
2026-09-14T08:39:01.083+00:00,ASTER,ENTROPY,7.3932,0.5932,1555.95,0.78,1554.8,0.3688,1556.55,1554.6,0.0003266100,0.0000018092,0.2,492.9
2026-09-14T08:39:01.099+00:00,ASTER,HL,8.0363,1.2363,1555.95,0.78,1554.7,2.242,1556.54,1554.6,0.0003266100,0.0000062500,0.2,67.7
2026-09-14T08:39:01.099+00:00,ASTER,ENTROPY,7.3933,0.5933,1555.95,0.78,1554.8,0.3688,1556.54,1554.6,0.0003266100,0.0000018092,0.2,510.3
2026-09-14T08:39:01.195+00:00,ASTER,HL,8.8076,2.0076,1556.07,3.04,1554.7,2.242,1556.54,1554.6,0.0003266100,0.0000062500,0.2,162.7
2026-09-14T08:39:01.195+00:00,ASTER,ENTROPY,8.1646,1.3646,1556.07,3.04,1554.8,0.3688,1556.54,1554.6,0.0003266100,0.0000018092,0.2,605.3
2026-09-14T08:39:01.310+00:00,ASTER,HL,8.8076,2.0076,1556.07,3.04,1554.7,2.242,1556.51,1554.6,0.0003266100,0.0000062500,0.2,278.4
2026-09-14T08:39:01.310+00:00,ASTER,ENTROPY,8.1646,1.3646,1556.07,3.04,1554.8,0.3688,1556.51,1554.6,0.0003266100,0.0000018092,0.2,721.0
2026-09-14T08:39:01.310+00:00,ASTER,HL,8.8076,2.0076,1556.07,3.04,1554.7,2.242,1556.51,1554.6,0.0003266100,0.0000062500,0.3,278.5
2026-09-14T08:39:01.310+00:00,ASTER,ENTROPY,8.1646,1.3646,1556.07,3.04,1554.8,0.3688,1556.51,1554.6,0.0003266100,0.0000018092,0.3,721.2
2026-09-14T08:39:01.310+00:00,ASTER,HL,8.8076,2.0076,1556.07,3.04,1554.7,2.242,1556.51,1554.6,0.0003266100,0.0000062500,0.4,278.6
2026-09-14T08:39:01.310+00:00,ASTER,ENTROPY,8.1646,1.3646,1556.07,3.04,1554.8,0.3688,1556.51,1554.6,0.0003266100,0.0000018092,0.4,721.2
2026-09-14T08:39:01.310+00:00,ASTER,HL,8.8076,2.0076,1556.07,3.04,1554.7,2.242,1556.51,1554.6,0.0003266100,0.0000062500,0.4,278.6
2026-09-14T08:39:01.310+00:00,ASTER,ENTROPY,8.1646,1.3646,1556.07,3.04,1554.8,0.3688,1556.51,1554.6,0.0003266100,0.0000018092,0.4,721.2
2026-09-14T08:39:01.311+00:00,ASTER,HL,8.8077,2.0077,1556.07,3.04,1554.7,2.242,1556.47,1554.6,0.0003266100,0.0000062500,1.0,279.2
2026-09-14T08:39:01.311+00:00,ASTER,ENTROPY,8.1647,1.3647,1556.07,3.04,1554.8,0.3688,1556.47,1554.6,0.0003266100,0.0000018092,1.0,721.9
2026-09-14T08:39:01.397+00:00,ASTER,HL,8.8078,2.0078,1556.07,3.04,1554.7,2.702,1556.47,1554.5,0.0003266100,0.0000062500,87.2,0.3
2026-09-14T08:39:01.397+00:00,ASTER,ENTROPY,8.8080,2.0080,1556.07,3.04,1554.7,0.1803,1556.47,1554.4,0.0003266100,0.0000018092,87.3,0.5
2026-09-14T08:39:01.429+00:00,ASTER,HL,8.8078,2.0078,1556.07,3.04,1554.7,1.748,1556.47,1554.5,0.0003266100,0.0000062500,118.2,0.3
2026-09-14T08:39:01.429+00:00,ASTER,ENTROPY,8.8078,2.0078,1556.07,3.04,1554.7,0.1803,1556.47,1554.5,0.0003266100,0.0000018266,118.3,0.5
2026-09-14T08:39:01.471+00:00,ASTER,HL,8.8078,2.0078,1556.07,3.04,1554.7,2.391,1556.47,1554.5,0.0003266100,0.0000062500,161.0,0.2
2026-09-14T08:39:01.561+00:00,ASTER,HL,8.8078,2.0078,1556.07,3.04,1554.7,3.71,1556.47,1554.5,0.0003266100,0.0000062500,251.7,0.3
2026-09-14T08:39:01.638+00:00,ASTER,HL,7.9079,1.1079,1555.93,0.64,1554.7,3.71,1556.47,1554.5,0.0003266100,0.0000062500,0.2,76.1
2026-09-14T08:39:01.638+00:00,ASTER,ENTROPY,7.9079,1.1079,1555.93,0.64,1554.7,0.1803,1556.47,1554.5,0.0003266100,0.0000018266,0.2,209.7
2026-09-14T08:39:01.651+00:00,ASTER,HL,8.9364,2.1364,1556.09,3.04,1554.7,3.71,1556.47,1554.5,0.0003266100,0.0000062500,0.2,89.6
2026-09-14T08:39:01.651+00:00,ASTER,ENTROPY,8.9364,2.1364,1556.09,3.04,1554.7,0.1803,1556.47,1554.5,0.0003266100,0.0000018266,0.2,223.1
2026-09-14T08:39:01.682+00:00,ASTER,HL,9.5794,2.7794,1556.09,3.04,1554.6,21.735,1556.47,1554.5,0.0003266100,0.0000062500,31.0,0.3
2026-09-14T08:39:01.803+00:00,ASTER,HL,9.5794,2.7794,1556.09,3.04,1554.6,22.735,1556.47,1554.5,0.0003266100,0.0000062500,152.1,0.3
2026-09-14T08:39:01.830+00:00,ASTER,HL,9.5794,2.7794,1556.09,3.04,1554.6,22.735,1556.47,1554.5,0.0003266100,0.0000062500,178.6,0.2
2026-09-14T08:39:01.830+00:00,ASTER,HL,8.5510,1.7510,1555.93,0.64,1554.6,22.735,1556.47,1554.5,0.0003266100,0.0000062500,0.4,0.4
2026-09-14T08:39:01.830+00:00,ASTER,ENTROPY,7.9079,1.1079,1555.93,0.64,1554.7,0.1803,1556.47,1554.5,0.0003266100,0.0000018266,0.4,401.7
2026-09-14T08:39:01.848+00:00,ASTER,HL,9.6437,2.8437,1556.1,3.04,1554.6,22.735,1556.47,1554.5,0.0003266100,0.0000062500,0.2,18.9
2026-09-14T08:39:01.848+00:00,ASTER,ENTROPY,9.0007,2.2007,1556.1,3.04,1554.7,0.1803,1556.47,1554.5,0.0003266100,0.0000018266,0.2,420.2
2026-09-14T08:39:01.892+00:00,ASTER,HL,9.6437,2.8437,1556.1,3.04,1554.6,22.735,1556.47,1554.5,0.0003266100,0.0000062500,43.5,0.3
2026-09-14T08:39:01.892+00:00,ASTER,ENTROPY,9.0005,2.2005,1556.1,3.04,1554.7,0.1803,1556.47,1554.6,0.0003266100,0.0000018266,43.8,0.5
2026-09-14T08:39:01.934+00:00,ASTER,HL,8.5510,1.7510,1555.93,0.64,1554.6,22.735,1556.47,1554.5,0.0003266100,0.0000062500,0.2,42.8
2026-09-14T08:39:01.934+00:00,ASTER,ENTROPY,7.9078,1.1078,1555.93,0.64,1554.7,0.1803,1556.47,1554.6,0.0003266100,0.0000018266,0.2,42.8
2026-09-14T08:39:01.944+00:00,ASTER,HL,8.2296,1.4296,1555.88,4.1,1554.6,22.735,1556.47,1554.5,0.0003266100,0.0000062500,0.2,52.5
2026-09-14T08:39:01.944+00:00,ASTER,ENTROPY,7.5864,0.7864,1555.88,4.1,1554.7,0.1803,1556.47,1554.6,0.0003266100,0.0000018266,0.2,52.5
2026-09-14T08:39:01.944+00:00,ASTER,HL,8.2296,1.4296,1555.88,2.05,1554.6,22.735,1556.47,1554.5,0.0003266100,0.0000062500,0.3,52.7
2026-09-14T08:39:01.944+00:00,ASTER,ENTROPY,7.5864,0.7864,1555.88,2.05,1554.7,0.1803,1556.47,1554.6,0.0003266100,0.0000018266,0.3,52.7
2026-09-14T08:39:01.944+00:00,ASTER,HL,7.3296,0.5296,1555.74,0.04,1554.6,22.735,1556.47,1554.5,0.0003266100,0.0000062500,0.4,52.8
2026-09-14T08:39:01.944+00:00,ASTER,HL,7.3297,0.5297,1555.74,0.04,1554.6,22.735,1556.46,1554.5,0.0003266100,0.0000062500,0.5,52.9
2026-09-14T08:39:01.944+00:00,ASTER,HL,7.3297,0.5297,1555.74,0.04,1554.6,22.735,1556.42,1554.5,0.0003266100,0.0000062500,0.5,52.9
2026-09-14T08:39:01.952+00:00,ASTER,HL,7.3297,0.5297,1555.74,0.04,1554.6,22.735,1556.42,1554.5,0.0003266100,0.0000062500,8.4,0.1
2026-09-14T08:39:01.952+00:00,ASTER,HL,7.3297,0.5297,1555.74,0.04,1554.6,22.735,1556.39,1554.5,0.0003266100,0.0000062500,0.2,0.2
2026-09-14T08:39:01.952+00:00,ASTER,HL,7.3298,0.5298,1555.74,0.04,1554.6,22.735,1556.36,1554.5,0.0003266100,0.0000062500,0.2,0.2
2026-09-14T08:39:01.992+00:00,ASTER,HL,7.3297,0.5297,1555.74,0.04,1554.6,22.735,1556.42,1554.5,0.0003266100,0.0000062500,0.2,40.6
2026-09-14T08:39:02.010+00:00,ASTER,HL,7.3297,0.5297,1555.74,0.04,1554.6,23.023,1556.42,1554.5,0.0003266100,0.0000062500,18.5,0.2
2026-09-14T08:39:02.030+00:00,ASTER,HL,7.3297,0.5297,1555.74,0.04,1554.6,23.023,1556.46,1554.5,0.0003266100,0.0000062500,0.2,18.9
2026-09-14T08:39:02.030+00:00,ASTER,HL,7.3296,0.5296,1555.74,0.04,1554.6,23.023,1556.47,1554.5,0.0003266100,0.0000062500,0.3,19.0
2026-09-14T08:39:02.040+00:00,ASTER,HL,7.3298,0.5298,1555.74,0.04,1554.6,23.023,1556.38,1554.5,0.0003266100,0.0000062500,0.1,29.5
2026-09-14T08:39:02.045+00:00,ASTER,HL,7.4583,0.6583,1555.76,3.0,1554.6,23.023,1556.38,1554.5,0.0003266100,0.0000062500,0.1,33.6
2026-09-14T08:39:02.045+00:00,ASTER,ENTROPY,6.8153,0.0153,1555.76,3.0,1554.7,0.1803,1556.38,1554.5,0.0003266100,0.0000018266,0.1,92.2
2026-09-14T08:39:02.045+00:00,ASTER,HL,7.4583,0.6583,1555.76,6.0,1554.6,23.023,1556.38,1554.5,0.0003266100,0.0000062500,0.2,33.7
2026-09-14T08:39:02.045+00:00,ASTER,ENTROPY,6.8153,0.0153,1555.76,6.0,1554.7,0.1803,1556.38,1554.5,0.0003266100,0.0000018266,0.2,92.3
2026-09-14T08:39:02.045+00:00,ASTER,HL,9.2582,2.4582,1556.04,3.04,1554.6,23.023,1556.38,1554.5,0.0003266100,0.0000062500,0.2,33.8
2026-09-14T08:39:02.045+00:00,ASTER,ENTROPY,8.6151,1.8151,1556.04,3.04,1554.7,0.1803,1556.38,1554.5,0.0003266100,0.0000018266,0.2,92.4
2026-09-14T08:39:02.077+00:00,ASTER,HL,9.2582,2.4582,1556.04,3.04,1554.6,23.666,1556.38,1554.5,0.0003275200,0.0000062500,32.7,0.2
2026-09-14T08:39:02.138+00:00,ASTER,HL,9.2582,2.4582,1556.04,3.04,1554.6,23.666,1556.39,1554.5,0.0003275200,0.0000062500,2.1,61.5
2026-09-14T08:39:02.138+00:00,ASTER,ENTROPY,8.6151,1.8151,1556.04,3.04,1554.7,0.1803,1556.39,1554.5,0.0003275200,0.0000018266,2.1,186.1
2026-09-14T08:39:02.284+00:00,ASTER,HL,9.2583,2.4583,1556.04,3.04,1554.6,34.876,1556.39,1554.4,0.0003275200,0.0000062500,148.2,0.3
2026-09-14T08:39:02.284+00:00,ASTER,ENTROPY,9.2583,2.4583,1556.04,3.04,1554.6,0.2319,1556.39,1554.4,0.0003275200,0.0000018266,148.4,0.4
2026-09-14T08:39:02.337+00:00,ASTER,HL,9.2583,2.4583,1556.04,3.04,1554.6,28.384,1556.39,1554.4,0.0003275200,0.0000062500,200.4,0.2
2026-09-14T08:39:02.394+00:00,ASTER,HL,9.2585,2.4585,1556.04,3.04,1554.6,28.384,1556.39,1554.3,0.0003275200,0.0000062500,257.9,0.3
2026-09-14T08:39:02.394+00:00,ASTER,ENTROPY,9.9014,3.1014,1556.04,3.04,1554.5,0.3216,1556.39,1554.4,0.0003275200,0.0000018266,258.1,0.5
2026-09-14T08:39:02.428+00:00,ASTER,HL,9.2585,2.4585,1556.04,3.04,1554.6,27.782,1556.39,1554.3,0.0003275200,0.0000062500,292.6,0.3
2026-09-14T08:39:02.429+00:00,ASTER,HL,7.4585,0.6585,1555.76,6.0,1554.6,27.782,1556.39,1554.3,0.0003275200,0.0000062500,0.2,0.4
2026-09-14T08:39:02.429+00:00,ASTER,ENTROPY,8.1015,1.3015,1555.76,6.0,1554.5,0.3216,1556.39,1554.4,0.0003275200,0.0000018266,0.2,35.2
2026-09-14T08:39:02.453+00:00,ASTER,HL,9.5156,2.7156,1556.08,3.04,1554.6,27.782,1556.39,1554.3,0.0003275200,0.0000062500,0.1,24.5
2026-09-14T08:39:02.453+00:00,ASTER,ENTROPY,10.1585,3.3585,1556.08,3.04,1554.5,0.3216,1556.39,1554.4,0.0003275200,0.0000018266,0.1,59.2
2026-09-14T08:39:02.489+00:00,ASTER,HL,9.5156,2.7156,1556.08,3.04,1554.6,27.782,1556.39,1554.3,0.0003275200,0.0000062500,0.1,61.0
2026-09-14T08:39:02.489+00:00,ASTER,ENTROPY,10.1585,3.3585,1556.08,3.04,1554.5,0.3216,1556.39,1554.4,0.0003275200,0.0000018266,0.1,95.8
2026-09-14T08:39:02.489+00:00,ASTER,HL,9.5155,2.7155,1556.08,3.04,1554.6,27.782,1556.47,1554.3,0.0003275200,0.0000062500,0.2,61.2
2026-09-14T08:39:02.489+00:00,ASTER,ENTROPY,10.1584,3.3584,1556.08,3.04,1554.5,0.3216,1556.47,1554.4,0.0003275200,0.0000018266,0.2,95.9
2026-09-14T08:39:02.494+00:00,ASTER,HL,9.5155,2.7155,1556.08,3.04,1554.6,27.782,1556.47,1554.3,0.0003275200,0.0000062500,0.1,65.6
2026-09-14T08:39:02.494+00:00,ASTER,ENTROPY,10.1584,3.3584,1556.08,3.04,1554.5,0.3216,1556.47,1554.4,0.0003275200,0.0000018266,0.1,100.3
2026-09-14T08:39:02.494+00:00,ASTER,HL,9.5155,2.7155,1556.08,3.04,1554.6,27.782,1556.47,1554.3,0.0003275200,0.0000062500,0.2,65.8
2026-09-14T08:39:02.494+00:00,ASTER,ENTROPY,10.1584,3.3584,1556.08,3.04,1554.5,0.3216,1556.47,1554.4,0.0003275200,0.0000018266,0.2,100.5
2026-09-14T08:39:02.506+00:00,ASTER,HL,9.5153,2.7153,1556.08,3.04,1554.6,28.425,1556.47,1554.4,0.0003275200,0.0000062500,12.1,0.1
2026-09-14T08:39:02.506+00:00,ASTER,ENTROPY,9.5153,2.7153,1556.08,3.04,1554.6,0.2319,1556.47,1554.4,0.0003275200,0.0000018266,12.2,0.1
2026-09-14T08:39:02.567+00:00,ASTER,HL,9.5153,2.7153,1556.08,3.04,1554.6,28.425,1556.47,1554.4,0.0003275200,0.0000062500,73.7,0.2
2026-09-14T08:39:02.584+00:00,ASTER,HL,7.9726,1.1726,1555.84,9.18,1554.6,28.425,1556.47,1554.4,0.0003275200,0.0000062500,0.2,17.0
2026-09-14T08:39:02.584+00:00,ASTER,ENTROPY,7.9726,1.1726,1555.84,9.18,1554.6,0.2319,1556.47,1554.4,0.0003275200,0.0000018266,0.2,78.4
2026-09-14T08:39:02.602+00:00,ASTER,HL,9.6439,2.8439,1556.1,3.04,1554.6,28.425,1556.47,1554.4,0.0003275200,0.0000062500,0.2,35.0
2026-09-14T08:39:02.602+00:00,ASTER,ENTROPY,9.6439,2.8439,1556.1,3.04,1554.6,0.2319,1556.47,1554.4,0.0003275200,0.0000018266,0.2,96.5
2026-09-14T08:39:02.639+00:00,ASTER,HL,9.6439,2.8439,1556.1,3.04,1554.6,30.014,1556.47,1554.4,0.0003275200,0.0000062500,37.4,0.3
2026-09-14T08:39:02.639+00:00,ASTER,HL,9.6439,2.8439,1556.1,3.04,1554.6,30.014,1556.47,1554.4,0.0003275200,0.0000062500,0.4,0.4
2026-09-14T08:39:02.639+00:00,ASTER,ENTROPY,9.6439,2.8439,1556.1,3.04,1554.6,0.2319,1556.47,1554.4,0.0003275200,0.0000018266,0.4,133.9
2026-09-14T08:39:02.639+00:00,ASTER,HL,9.6439,2.8439,1556.1,3.04,1554.6,30.014,1556.47,1554.4,0.0003275200,0.0000062500,0.4,0.5
2026-09-14T08:39:02.639+00:00,ASTER,ENTROPY,9.6439,2.8439,1556.1,3.04,1554.6,0.2319,1556.47,1554.4,0.0003275200,0.0000018266,0.4,133.9
2026-09-14T08:39:02.689+00:00,ASTER,HL,9.6439,2.8439,1556.1,3.04,1554.6,30.014,1556.46,1554.4,0.0003275200,0.0000062500,0.2,48.9
2026-09-14T08:39:02.689+00:00,ASTER,ENTROPY,9.6439,2.8439,1556.1,3.04,1554.6,0.2319,1556.46,1554.4,0.0003275200,0.0000018266,0.2,182.4
2026-09-14T08:39:02.734+00:00,ASTER,HL,9.6439,2.8439,1556.1,3.04,1554.6,30.014,1556.47,1554.4,0.0003275200,0.0000062500,0.2,95.0
2026-09-14T08:39:02.734+00:00,ASTER,ENTROPY,9.6439,2.8439,1556.1,3.04,1554.6,0.2319,1556.47,1554.4,0.0003275200,0.0000018266,0.2,228.5
2026-09-14T08:39:02.745+00:00,ASTER,HL,9.6439,2.8439,1556.1,3.04,1554.6,30.014,1556.47,1554.4,0.0003275200,0.0000062500,0.2,106.4
2026-09-14T08:39:02.745+00:00,ASTER,ENTROPY,9.6439,2.8439,1556.1,3.04,1554.6,0.2319,1556.47,1554.4,0.0003275200,0.0000018266,0.2,239.8
2026-09-14T08:39:02.745+00:00,ASTER,HL,9.6439,2.8439,1556.1,3.04,1554.6,30.014,1556.47,1554.4,0.0003275200,0.0000062500,0.3,106.5
2026-09-14T08:39:02.745+00:00,ASTER,ENTROPY,9.6439,2.8439,1556.1,3.04,1554.6,0.2319,1556.47,1554.4,0.0003275200,0.0000018266,0.3,240.0
2026-09-14T08:39:02.762+00:00,ASTER,HL,10.2871,3.4871,1556.1,3.04,1554.5,0.643,1556.47,1554.3,0.0003275200,0.0000062500,16.5,0.2
2026-09-14T08:39:02.762+00:00,ASTER,ENTROPY,9.6439,2.8439,1556.1,3.04,1554.6,0.2419,1556.47,1554.4,0.0003275200,0.0000018266,16.6,0.2
2026-09-14T08:39:02.890+00:00,ASTER,HL,10.2870,3.4870,1556.1,3.04,1554.5,0.643,1556.47,1554.4,0.0003275200,0.0000062500,144.6,0.3
2026-09-14T08:39:02.890+00:00,ASTER,ENTROPY,9.6439,2.8439,1556.1,3.04,1554.6,0.01,1556.47,1554.4,0.0003275200,0.0000018266,144.8,0.4
2026-09-14T08:39:02.917+00:00,ASTER,HL,9.6439,2.8439,1556.1,3.04,1554.6,24.647,1556.47,1554.4,0.0003275200,0.0000062500,171.0,0.3
2026-09-14T08:39:02.917+00:00,ASTER,ENTROPY,9.6437,2.8437,1556.1,3.04,1554.6,0.01,1556.47,1554.5,0.0003275200,0.0000018266,171.1,0.4
2026-09-14T08:39:02.991+00:00,ASTER,HL,9.6439,2.8439,1556.1,3.04,1554.6,24.606,1556.47,1554.4,0.0003275200,0.0000062500,245.2,0.5
2026-09-14T08:39:03.046+00:00,ASTER,HL,9.6439,2.8439,1556.1,3.04,1554.6,24.606,1556.47,1554.4,0.0003275200,0.0000062500,0.2,55.4
2026-09-14T08:39:03.046+00:00,ASTER,ENTROPY,9.6437,2.8437,1556.1,3.04,1554.6,0.01,1556.47,1554.5,0.0003275200,0.0000018266,0.2,129.3
2026-09-14T08:39:03.046+00:00,ASTER,HL,9.6439,2.8439,1556.1,3.04,1554.6,24.606,1556.47,1554.4,0.0003275200,0.0000062500,0.3,55.6
2026-09-14T08:39:03.046+00:00,ASTER,ENTROPY,9.6437,2.8437,1556.1,3.04,1554.6,0.01,1556.47,1554.5,0.0003275200,0.0000018266,0.3,129.4
2026-09-14T08:39:03.050+00:00,ASTER,HL,10.2870,3.4870,1556.1,3.04,1554.5,1.0,1556.47,1554.4,0.0003275200,0.0000062500,4.6,0.1
2026-09-14T08:39:03.229+00:00,ASTER,HL,10.2870,3.4870,1556.1,3.04,1554.5,1.0,1556.47,1554.4,0.0003275200,0.0000062500,183.7,0.2
2026-09-14T08:39:03.250+00:00,ASTER,HL,10.2870,3.4870,1556.1,3.04,1554.5,1.0,1556.47,1554.4,0.0003275200,0.0000062500,0.2,21.5
2026-09-14T08:39:03.250+00:00,ASTER,ENTROPY,9.6437,2.8437,1556.1,3.04,1554.6,0.01,1556.47,1554.5,0.0003275200,0.0000018266,0.2,334.0
2026-09-14T08:39:03.257+00:00,ASTER,HL,10.2870,3.4870,1556.1,3.04,1554.5,1.0,1556.47,1554.4,0.0003275200,0.0000062500,0.2,28.1
2026-09-14T08:39:03.257+00:00,ASTER,ENTROPY,9.6437,2.8437,1556.1,3.04,1554.6,0.01,1556.47,1554.5,0.0003275200,0.0000018266,0.2,340.6
2026-09-14T08:39:03.543+00:00,ASTER,HL,10.2870,3.4870,1556.1,3.04,1554.5,1.0,1556.47,1554.4,0.0003275200,0.0000062500,286.3,1.0
2026-09-14T08:39:03.557+00:00,ASTER,HL,9.6439,2.8439,1556.1,3.04,1554.6,21.735,1556.47,1554.4,0.0003275200,0.0000062500,299.9,0.2
2026-09-14T08:39:03.610+00:00,ASTER,HL,10.2870,3.4870,1556.1,3.04,1554.5,1.52,1556.47,1554.4,0.0003275200,0.0000062500,353.0,0.2
2026-09-14T08:39:03.815+00:00,ASTER,HL,10.2870,3.4870,1556.1,3.04,1554.5,1.52,1556.47,1554.4,0.0003275200,0.0000062500,558.1,0.3
2026-09-14T08:39:04.090+00:00,ASTER,HL,10.2870,3.4870,1556.1,3.04,1554.5,1.52,1556.47,1554.4,0.0003275200,0.0000062500,833.6,0.3
2026-09-14T08:39:04.135+00:00,ASTER,HL,8.6157,1.8157,1555.84,9.18,1554.5,1.52,1556.47,1554.4,0.0003275200,0.0000062500,0.5,44.6
2026-09-14T08:39:04.135+00:00,ASTER,ENTROPY,7.9725,1.1725,1555.84,9.18,1554.6,0.01,1556.47,1554.5,0.0003275200,0.0000018266,0.5,1218.3
2026-09-14T08:39:04.187+00:00,ASTER,HL,8.6157,1.8157,1555.84,9.18,1554.5,1.52,1556.45,1554.4,0.0003275200,0.0000062500,0.3,96.4
2026-09-14T08:39:04.187+00:00,ASTER,ENTROPY,7.9725,1.1725,1555.84,9.18,1554.6,0.01,1556.45,1554.5,0.0003275200,0.0000018266,0.3,1270.1
2026-09-14T08:39:04.216+00:00,ASTER,HL,8.6157,1.8157,1555.84,9.18,1554.5,1.52,1556.45,1554.4,0.0003275200,0.0000062500,29.8,0.2
2026-09-14T08:39:04.237+00:00,ASTER,HL,9.6442,2.8442,1556.0,3.04,1554.5,1.52,1556.45,1554.4,0.0003275200,0.0000062500,0.2,20.3
2026-09-14T08:39:04.237+00:00,ASTER,ENTROPY,9.0010,2.2010,1556.0,3.04,1554.6,0.01,1556.45,1554.5,0.0003275200,0.0000018266,0.2,1319.7
2026-09-14T08:39:04.338+00:00,ASTER,HL,9.6443,2.8443,1556.0,3.04,1554.5,1.52,1556.4,1554.4,0.0003275200,0.0000062500,0.3,122.5
2026-09-14T08:39:04.338+00:00,ASTER,ENTROPY,9.0010,2.2010,1556.0,3.04,1554.6,0.01,1556.4,1554.5,0.0003275200,0.0000018266,0.3,1421.9
2026-09-14T08:39:04.342+00:00,ASTER,HL,9.6443,2.8443,1556.0,3.04,1554.5,1.52,1556.4,1554.4,0.0003275200,0.0000062500,0.2,126.2
2026-09-14T08:39:04.342+00:00,ASTER,ENTROPY,9.0010,2.2010,1556.0,3.04,1554.6,0.01,1556.4,1554.5,0.0003275200,0.0000018266,0.2,1425.6
2026-09-14T08:39:04.443+00:00,ASTER,HL,9.6443,2.8443,1556.0,3.04,1554.5,1.52,1556.4,1554.4,0.0003275200,0.0000062500,101.7,0.3
2026-09-14T08:39:04.443+00:00,ASTER,ENTROPY,9.0010,2.2010,1556.0,3.04,1554.6,0.2066,1556.4,1554.5,0.0003275200,0.0000018266,101.8,0.4
2026-09-14T08:39:04.493+00:00,ASTER,HL,9.6443,2.8443,1556.0,3.04,1554.5,1.52,1556.39,1554.4,0.0003275200,0.0000062500,0.2,49.5
2026-09-14T08:39:04.493+00:00,ASTER,ENTROPY,9.0011,2.2011,1556.0,3.04,1554.6,0.2066,1556.39,1554.5,0.0003275200,0.0000018266,0.2,49.4
2026-09-14T08:39:04.534+00:00,ASTER,HL,8.1658,1.3658,1555.77,3.02,1554.5,1.52,1556.39,1554.4,0.0003275200,0.0000062500,0.2,90.4
2026-09-14T08:39:04.534+00:00,ASTER,ENTROPY,7.5226,0.7226,1555.77,3.02,1554.6,0.2066,1556.39,1554.5,0.0003275200,0.0000018266,0.2,90.4
2026-09-14T08:39:04.609+00:00,ASTER,HL,8.1658,1.3658,1555.77,3.02,1554.5,1.52,1556.39,1554.4,0.0003275200,0.0000062500,75.5,0.3
2026-09-14T08:39:04.642+00:00,ASTER,HL,8.1658,1.3658,1555.77,3.02,1554.5,1.52,1556.38,1554.4,0.0003275200,0.0000062500,0.2,33.6
2026-09-14T08:39:04.642+00:00,ASTER,ENTROPY,7.5226,0.7226,1555.77,3.02,1554.6,0.2066,1556.38,1554.5,0.0003275200,0.0000018266,0.2,199.0
2026-09-14T08:39:04.642+00:00,ASTER,HL,9.0015,2.2015,1555.9,3.04,1554.5,1.52,1556.38,1554.4,0.0003275200,0.0000062500,0.4,33.8
2026-09-14T08:39:04.642+00:00,ASTER,ENTROPY,8.3583,1.5583,1555.9,3.04,1554.6,0.2066,1556.38,1554.5,0.0003275200,0.0000018266,0.4,199.2
2026-09-14T08:39:04.782+00:00,ASTER,HL,9.0015,2.2015,1555.9,3.04,1554.5,1.52,1556.4,1554.4,0.0003275200,0.0000062500,0.3,173.2
2026-09-14T08:39:04.782+00:00,ASTER,ENTROPY,8.3582,1.5582,1555.9,3.04,1554.6,0.2066,1556.4,1554.5,0.0003275200,0.0000018266,0.3,338.6
2026-09-14T08:39:04.782+00:00,ASTER,HL,8.1658,1.3658,1555.77,3.02,1554.5,1.52,1556.4,1554.4,0.0003275200,0.0000062500,0.5,173.4
2026-09-14T08:39:04.782+00:00,ASTER,ENTROPY,7.5226,0.7226,1555.77,3.02,1554.6,0.2066,1556.4,1554.5,0.0003275200,0.0000018266,0.5,338.8
2026-09-14T08:39:04.790+00:00,ASTER,HL,8.1658,1.3658,1555.77,3.02,1554.5,1.52,1556.4,1554.4,0.0003275200,0.0000062500,0.1,181.0
2026-09-14T08:39:04.790+00:00,ASTER,ENTROPY,7.5226,0.7226,1555.77,3.02,1554.6,0.2066,1556.4,1554.5,0.0003275200,0.0000018266,0.1,346.4
2026-09-14T08:39:04.790+00:00,ASTER,HL,8.1658,1.3658,1555.77,3.02,1554.5,1.52,1556.4,1554.4,0.0003275200,0.0000062500,0.2,181.1
2026-09-14T08:39:04.790+00:00,ASTER,ENTROPY,7.5226,0.7226,1555.77,3.02,1554.6,0.2066,1556.4,1554.5,0.0003275200,0.0000018266,0.2,346.5
2026-09-14T08:39:04.792+00:00,ASTER,HL,9.1300,2.3300,1555.92,3.04,1554.5,1.52,1556.4,1554.4,0.0003275200,0.0000062500,0.1,183.6
2026-09-14T08:39:04.792+00:00,ASTER,ENTROPY,8.4868,1.6868,1555.92,3.04,1554.6,0.2066,1556.4,1554.5,0.0003275200,0.0000018266,0.1,349.0
2026-09-14T08:39:04.792+00:00,ASTER,HL,9.4514,2.6514,1555.97,3.04,1554.5,1.52,1556.4,1554.4,0.0003275200,0.0000062500,0.1,183.7
2026-09-14T08:39:04.792+00:00,ASTER,ENTROPY,8.8082,2.0082,1555.97,3.04,1554.6,0.2066,1556.4,1554.5,0.0003275200,0.0000018266,0.1,349.1
2026-09-14T08:39:04.792+00:00,ASTER,HL,9.8371,3.0371,1556.03,3.04,1554.5,1.52,1556.4,1554.4,0.0003275200,0.0000062500,0.2,183.7
2026-09-14T08:39:04.792+00:00,ASTER,ENTROPY,9.1939,2.3939,1556.03,3.04,1554.6,0.2066,1556.4,1554.5,0.0003275200,0.0000018266,0.2,349.1
2026-09-14T08:39:04.792+00:00,ASTER,HL,10.0300,3.2300,1556.06,3.04,1554.5,1.52,1556.4,1554.4,0.0003275200,0.0000062500,0.2,183.7
2026-09-14T08:39:04.792+00:00,ASTER,ENTROPY,9.3867,2.5867,1556.06,3.04,1554.6,0.2066,1556.4,1554.5,0.0003275200,0.0000018266,0.2,349.1
2026-09-14T08:39:04.799+00:00,ASTER,HL,10.0301,3.2301,1556.06,3.04,1554.5,1.92,1556.4,1554.3,0.0003275200,0.0000062500,7.2,0.1
2026-09-14T08:39:04.829+00:00,ASTER,HL,9.8373,3.0373,1556.03,3.04,1554.5,1.92,1556.4,1554.3,0.0003275200,0.0000062500,0.1,30.2
2026-09-14T08:39:04.829+00:00,ASTER,ENTROPY,9.1939,2.3939,1556.03,3.04,1554.6,0.2066,1556.4,1554.5,0.0003275200,0.0000018266,0.1,386.2
2026-09-14T08:39:04.917+00:00,ASTER,HL,9.8373,3.0373,1556.03,3.04,1554.5,1.92,1556.4,1554.3,0.0003275200,0.0000062500,0.2,117.7
2026-09-14T08:39:04.917+00:00,ASTER,ENTROPY,9.1939,2.3939,1556.03,3.04,1554.6,0.2066,1556.4,1554.5,0.0003275200,0.0000018266,0.2,473.7
2026-09-14T08:39:04.917+00:00,ASTER,HL,9.8371,3.0371,1556.03,3.04,1554.5,1.92,1556.5,1554.3,0.0003275200,0.0000062500,0.3,117.9
2026-09-14T08:39:04.917+00:00,ASTER,ENTROPY,9.1937,2.3937,1556.03,3.04,1554.6,0.2066,1556.5,1554.5,0.0003275200,0.0000018266,0.3,473.9
2026-09-14T08:39:04.917+00:00,ASTER,HL,9.4514,2.6514,1555.97,3.04,1554.5,1.92,1556.5,1554.3,0.0003275200,0.0000062500,0.4,117.9
2026-09-14T08:39:04.917+00:00,ASTER,ENTROPY,8.8081,2.0081,1555.97,3.04,1554.6,0.2066,1556.5,1554.5,0.0003275200,0.0000018266,0.4,473.9
2026-09-14T08:39:04.917+00:00,ASTER,HL,7.9729,1.1729,1555.74,0.04,1554.5,1.92,1556.5,1554.3,0.0003275200,0.0000062500,0.4,117.9
2026-09-14T08:39:04.917+00:00,ASTER,ENTROPY,7.3296,0.5296,1555.74,0.04,1554.6,0.2066,1556.5,1554.5,0.0003275200,0.0000018266,0.4,474.0
2026-09-14T08:39:04.917+00:00,ASTER,HL,10.4156,3.6156,1556.12,3.04,1554.5,1.92,1556.5,1554.3,0.0003275200,0.0000062500,0.4,118.0
2026-09-14T08:39:04.917+00:00,ASTER,ENTROPY,9.7722,2.9722,1556.12,3.04,1554.6,0.2066,1556.5,1554.5,0.0003275200,0.0000018266,0.4,474.0
2026-09-14T08:39:04.917+00:00,ASTER,HL,10.5442,3.7442,1556.14,3.04,1554.5,1.92,1556.5,1554.3,0.0003275200,0.0000062500,0.4,118.0
2026-09-14T08:39:04.917+00:00,ASTER,ENTROPY,9.9008,3.1008,1556.14,3.04,1554.6,0.2066,1556.5,1554.5,0.0003275200,0.0000018266,0.4,474.0
2026-09-14T08:39:04.917+00:00,ASTER,HL,11.1227,4.3227,1556.23,3.04,1554.5,1.92,1556.5,1554.3,0.0003275200,0.0000062500,0.5,118.0
2026-09-14T08:39:04.917+00:00,ASTER,ENTROPY,10.4792,3.6792,1556.23,3.04,1554.6,0.2066,1556.5,1554.5,0.0003275200,0.0000018266,0.5,474.0
2026-09-14T08:39:04.986+00:00,ASTER,HL,10.5442,3.7442,1556.14,3.04,1554.5,1.92,1556.5,1554.3,0.0003275200,0.0000062500,0.2,187.0
2026-09-14T08:39:04.986+00:00,ASTER,ENTROPY,9.9008,3.1008,1556.14,3.04,1554.6,0.2066,1556.5,1554.5,0.0003275200,0.0000018266,0.2,543.0
2026-09-14T08:39:04.986+00:00,ASTER,HL,9.3872,2.5872,1555.96,0.78,1554.5,1.92,1556.5,1554.3,0.0003275200,0.0000062500,0.4,187.2
2026-09-14T08:39:04.986+00:00,ASTER,ENTROPY,8.7438,1.9438,1555.96,0.78,1554.6,0.2066,1556.5,1554.5,0.0003275200,0.0000018266,0.4,543.2
2026-09-14T08:39:04.989+00:00,ASTER,HL,9.3872,2.5872,1555.96,0.78,1554.5,1.92,1556.49,1554.3,0.0003275200,0.0000062500,0.1,189.5
2026-09-14T08:39:04.989+00:00,ASTER,ENTROPY,8.7438,1.9438,1555.96,0.78,1554.6,0.2066,1556.49,1554.5,0.0003275200,0.0000018266,0.1,545.6
2026-09-14T08:39:04.989+00:00,ASTER,HL,9.3872,2.5872,1555.96,0.78,1554.5,1.92,1556.49,1554.3,0.0003275200,0.0000062500,0.1,189.6
2026-09-14T08:39:04.989+00:00,ASTER,ENTROPY,8.7438,1.9438,1555.96,0.78,1554.6,0.2066,1556.49,1554.5,0.0003275200,0.0000018266,0.1,545.6
2026-09-14T08:39:05.007+00:00,ASTER,HL,9.3872,2.5872,1555.96,0.78,1554.5,1.931,1556.49,1554.3,0.0003275200,0.0000062500,17.8,0.2
2026-09-14T08:39:05.007+00:00,ASTER,ENTROPY,8.7438,1.9438,1555.96,0.78,1554.6,0.2066,1556.49,1554.5,0.0003275200,0.0000018266,17.9,0.2
2026-09-14T08:39:05.090+00:00,ASTER,HL,9.3872,2.5872,1555.96,0.78,1554.5,1.931,1556.48,1554.3,0.0003275200,0.0000062500,0.2,83.8
2026-09-14T08:39:05.090+00:00,ASTER,ENTROPY,8.7438,1.9438,1555.96,0.78,1554.6,0.2066,1556.48,1554.5,0.0003275200,0.0000018266,0.2,83.7
2026-09-14T08:39:05.092+00:00,ASTER,HL,10.2228,3.4228,1556.09,3.04,1554.5,1.931,1556.48,1554.3,0.0003275200,0.0000062500,0.2,85.7
2026-09-14T08:39:05.092+00:00,ASTER,ENTROPY,9.5794,2.7794,1556.09,3.04,1554.6,0.2066,1556.48,1554.5,0.0003275200,0.0000018266,0.2,85.7
2026-09-14T08:39:05.096+00:00,ASTER,HL,10.2227,3.4227,1556.09,3.04,1554.5,0.288,1556.48,1554.4,0.0003275200,0.0000062500,3.2,0.1
2026-09-14T08:39:05.096+00:00,ASTER,ENTROPY,9.5794,2.7794,1556.09,3.04,1554.6,0.01,1556.48,1554.5,0.0003275200,0.0000018266,3.2,0.2
2026-09-14T08:39:05.187+00:00,ASTER,HL,10.2226,3.4226,1556.09,3.04,1554.5,0.288,1556.49,1554.4,0.0003275200,0.0000062500,0.2,91.7
2026-09-14T08:39:05.187+00:00,ASTER,ENTROPY,9.5794,2.7794,1556.09,3.04,1554.6,0.01,1556.49,1554.5,0.0003275200,0.0000018266,0.2,91.7
2026-09-14T08:39:05.193+00:00,ASTER,HL,10.2226,3.4226,1556.09,3.04,1554.5,0.288,1556.49,1554.4,0.0003275200,0.0000062500,0.2,97.8
2026-09-14T08:39:05.193+00:00,ASTER,ENTROPY,9.5794,2.7794,1556.09,3.04,1554.6,0.01,1556.49,1554.5,0.0003275200,0.0000018266,0.2,97.8
2026-09-14T08:39:05.193+00:00,ASTER,HL,10.2226,3.4226,1556.09,3.04,1554.5,0.288,1556.5,1554.4,0.0003275200,0.0000062500,0.3,98.0
2026-09-14T08:39:05.193+00:00,ASTER,ENTROPY,9.5794,2.7794,1556.09,3.04,1554.6,0.01,1556.5,1554.5,0.0003275200,0.0000018266,0.3,98.0
2026-09-14T08:39:05.196+00:00,ASTER,HL,9.5795,2.7795,1556.09,3.04,1554.6,21.735,1556.5,1554.4,0.0003275200,0.0000062500,3.1,0.1
2026-09-14T08:39:05.196+00:00,ASTER,ENTROPY,9.5794,2.7794,1556.09,3.04,1554.6,0.01,1556.5,1554.5,0.0003275200,0.0000018266,3.1,0.2
2026-09-14T08:39:05.230+00:00,ASTER,HL,8.7439,1.9439,1555.96,0.78,1554.6,21.735,1556.5,1554.4,0.0003275200,0.0000062500,0.2,34.1
2026-09-14T08:39:05.230+00:00,ASTER,ENTROPY,8.7438,1.9438,1555.96,0.78,1554.6,0.01,1556.5,1554.5,0.0003275200,0.0000018266,0.2,34.1
2026-09-14T08:39:05.248+00:00,ASTER,HL,9.8367,3.0367,1556.13,3.04,1554.6,21.735,1556.5,1554.4,0.0003275200,0.0000062500,0.2,51.9
2026-09-14T08:39:05.248+00:00,ASTER,ENTROPY,9.8365,3.0365,1556.13,3.04,1554.6,0.01,1556.5,1554.5,0.0003275200,0.0000018266,0.2,51.8
2026-09-14T08:39:05.311+00:00,ASTER,HL,9.8365,3.0365,1556.13,3.04,1554.6,21.735,1556.5,1554.5,0.0003275200,0.0000062500,63.7,0.2
2026-09-14T08:39:05.322+00:00,ASTER,ENTROPY,9.8365,3.0365,1556.13,3.04,1554.6,0.01,1556.5,1554.5,0.0003275200,0.0000018266,74.2,0.2
2026-09-14T08:39:05.333+00:00,ASTER,HL,8.7438,1.9438,1555.96,0.78,1554.6,21.735,1556.5,1554.5,0.0003275200,0.0000062500,0.1,22.2
2026-09-14T08:39:05.333+00:00,ASTER,ENTROPY,8.7438,1.9438,1555.96,0.78,1554.6,0.01,1556.5,1554.5,0.0003275200,0.0000018266,0.1,11.7
2026-09-14T08:39:05.346+00:00,ASTER,HL,10.0936,3.2936,1556.17,3.04,1554.6,21.735,1556.5,1554.5,0.0003275200,0.0000062500,0.1,35.4
2026-09-14T08:39:05.346+00:00,ASTER,ENTROPY,10.0936,3.2936,1556.17,3.04,1554.6,0.01,1556.5,1554.5,0.0003275200,0.0000018266,0.1,24.9
2026-09-14T08:39:05.490+00:00,ASTER,HL,8.7438,1.9438,1555.96,0.78,1554.6,21.735,1556.5,1554.5,0.0003275200,0.0000062500,0.2,179.3
2026-09-14T08:39:05.490+00:00,ASTER,ENTROPY,8.7438,1.9438,1555.96,0.78,1554.6,0.01,1556.5,1554.5,0.0003275200,0.0000018266,0.2,168.8
2026-09-14T08:39:05.496+00:00,ASTER,HL,7.8439,1.0439,1555.82,0.01,1554.6,21.735,1556.5,1554.5,0.0003275200,0.0000062500,0.2,185.1
2026-09-14T08:39:05.496+00:00,ASTER,ENTROPY,7.8439,1.0439,1555.82,0.01,1554.6,0.01,1556.5,1554.5,0.0003275200,0.0000018266,0.2,174.6
2026-09-14T08:39:05.503+00:00,ASTER,HL,8.2938,1.4938,1555.89,1.57,1554.6,21.735,1556.5,1554.5,0.0003275200,0.0000062500,0.2,192.5
2026-09-14T08:39:05.503+00:00,ASTER,ENTROPY,8.2938,1.4938,1555.89,1.57,1554.6,0.01,1556.5,1554.5,0.0003275200,0.0000018266,0.2,182.0
2026-09-14T08:39:05.503+00:00,ASTER,HL,8.2938,1.4938,1555.89,3.12,1554.6,21.735,1556.5,1554.5,0.0003275200,0.0000062500,0.3,192.7
2026-09-14T08:39:05.503+00:00,ASTER,ENTROPY,8.2938,1.4938,1555.89,3.12,1554.6,0.01,1556.5,1554.5,0.0003275200,0.0000018266,0.3,182.1
2026-09-14T08:39:05.504+00:00,ASTER,HL,8.2938,1.4938,1555.89,3.12,1554.6,21.735,1556.49,1554.5,0.0003275200,0.0000062500,0.3,192.7
2026-09-14T08:39:05.504+00:00,ASTER,ENTROPY,8.2938,1.4938,1555.89,3.12,1554.6,0.01,1556.49,1554.5,0.0003275200,0.0000018266,0.3,182.2
2026-09-14T08:39:05.582+00:00,ASTER,HL,8.2938,1.4938,1555.89,3.12,1554.6,21.735,1556.49,1554.5,0.0003275200,0.0000062500,0.2,271.7
2026-09-14T08:39:05.582+00:00,ASTER,ENTROPY,8.2938,1.4938,1555.89,3.12,1554.6,0.01,1556.49,1554.5,0.0003275200,0.0000018266,0.2,261.2
2026-09-14T08:39:05.582+00:00,ASTER,HL,9.0652,2.2652,1556.01,3.04,1554.6,21.735,1556.49,1554.5,0.0003275200,0.0000062500,0.4,271.9
2026-09-14T08:39:05.582+00:00,ASTER,ENTROPY,9.0652,2.2652,1556.01,3.04,1554.6,0.01,1556.49,1554.5,0.0003275200,0.0000018266,0.4,261.4
2026-09-14T08:39:05.633+00:00,ASTER,HL,9.0652,2.2652,1556.01,3.04,1554.6,21.735,1556.49,1554.5,0.0003275200,0.0000062500,0.3,321.4
2026-09-14T08:39:05.633+00:00,ASTER,ENTROPY,9.0652,2.2652,1556.01,3.04,1554.6,0.01,1556.49,1554.5,0.0003275200,0.0000018266,0.3,310.8
2026-09-14T08:39:05.635+00:00,ASTER,HL,8.2938,1.4938,1555.89,3.12,1554.6,21.735,1556.49,1554.5,0.0003275200,0.0000062500,0.2,323.8
2026-09-14T08:39:05.635+00:00,ASTER,ENTROPY,8.2938,1.4938,1555.89,3.12,1554.6,0.01,1556.49,1554.5,0.0003275200,0.0000018266,0.2,313.2
2026-09-14T08:39:05.642+00:00,ASTER,HL,8.2938,1.4938,1555.89,1.57,1554.6,21.735,1556.49,1554.5,0.0003275200,0.0000062500,0.2,331.3
2026-09-14T08:39:05.642+00:00,ASTER,ENTROPY,8.2938,1.4938,1555.89,1.57,1554.6,0.01,1556.49,1554.5,0.0003275200,0.0000018266,0.2,320.8
2026-09-14T08:39:05.642+00:00,ASTER,HL,7.8439,1.0439,1555.82,0.01,1554.6,21.735,1556.49,1554.5,0.0003275200,0.0000062500,0.4,331.5
2026-09-14T08:39:05.642+00:00,ASTER,ENTROPY,7.8439,1.0439,1555.82,0.01,1554.6,0.01,1556.49,1554.5,0.0003275200,0.0000018266,0.4,321.0
2026-09-14T08:39:05.653+00:00,ASTER,HL,7.8439,1.0439,1555.82,0.01,1554.6,21.735,1556.48,1554.5,0.0003275200,0.0000062500,0.1,342.0
2026-09-14T08:39:05.653+00:00,ASTER,ENTROPY,7.8439,1.0439,1555.82,0.01,1554.6,0.01,1556.48,1554.5,0.0003275200,0.0000018266,0.1,331.5
2026-09-14T08:39:05.653+00:00,ASTER,HL,9.1295,2.3295,1556.02,3.04,1554.6,21.735,1556.48,1554.5,0.0003275200,0.0000062500,0.2,342.1
2026-09-14T08:39:05.653+00:00,ASTER,ENTROPY,9.1295,2.3295,1556.02,3.04,1554.6,0.01,1556.48,1554.5,0.0003275200,0.0000018266,0.2,331.6
2026-09-14T08:39:05.678+00:00,ASTER,HL,8.2296,1.4296,1555.88,2.94,1554.6,21.735,1556.48,1554.5,0.0003275200,0.0000062500,0.3,367.2
2026-09-14T08:39:05.678+00:00,ASTER,ENTROPY,8.2296,1.4296,1555.88,2.94,1554.6,0.01,1556.48,1554.5,0.0003275200,0.0000018266,0.3,356.7
2026-09-14T08:39:05.714+00:00,ASTER,HL,8.2296,1.4296,1555.88,2.94,1554.6,21.735,1556.48,1554.5,0.0003275200,0.0000062500,35.5,0.2
2026-09-14T08:39:05.732+00:00,ASTER,HL,8.2296,1.4296,1555.88,2.94,1554.6,22.378,1556.48,1554.5,0.0003275200,0.0000062500,53.4,0.2
2026-09-14T08:39:05.738+00:00,ASTER,HL,9.3866,2.5866,1556.06,3.04,1554.6,22.378,1556.48,1554.5,0.0003275200,0.0000062500,0.2,6.3
2026-09-14T08:39:05.738+00:00,ASTER,ENTROPY,9.3866,2.5866,1556.06,3.04,1554.6,0.01,1556.48,1554.5,0.0003275200,0.0000018266,0.2,416.0
2026-09-14T08:39:05.830+00:00,ASTER,HL,8.2296,1.4296,1555.88,2.94,1554.6,22.378,1556.48,1554.5,0.0003275200,0.0000062500,0.2,99.5
2026-09-14T08:39:05.830+00:00,ASTER,ENTROPY,8.2296,1.4296,1555.88,2.94,1554.6,0.01,1556.48,1554.5,0.0003275200,0.0000018266,0.2,509.2
2026-09-14T08:39:05.833+00:00,ASTER,HL,8.2296,1.4296,1555.88,2.94,1554.6,22.877,1556.48,1554.5,0.0003275200,0.0000062500,3.0,0.2
2026-09-14T08:39:05.840+00:00,ASTER,HL,9.4509,2.6509,1556.07,3.04,1554.6,22.877,1556.48,1554.5,0.0003275200,0.0000062500,0.1,7.5
2026-09-14T08:39:05.840+00:00,ASTER,ENTROPY,9.4509,2.6509,1556.07,3.04,1554.6,0.01,1556.48,1554.5,0.0003275200,0.0000018266,0.1,519.3
2026-09-14T08:39:05.881+00:00,ASTER,ENTROPY,9.4509,2.6509,1556.07,3.04,1554.6,0.01,1556.48,1554.5,0.0003275200,0.0000018266,40.3,0.3
2026-09-14T08:39:06.018+00:00,ASTER,HL,9.4509,2.6509,1556.07,3.04,1554.6,22.877,1556.48,1554.5,0.0003275200,0.0000062500,177.4,0.3
2026-09-14T08:39:06.029+00:00,ASTER,HL,8.2296,1.4296,1555.88,2.94,1554.6,22.877,1556.48,1554.5,0.0003275200,0.0000062500,0.2,11.5
2026-09-14T08:39:06.029+00:00,ASTER,ENTROPY,8.2296,1.4296,1555.88,2.94,1554.6,0.01,1556.48,1554.5,0.0003275200,0.0000018266,0.2,148.7
2026-09-14T08:39:06.044+00:00,ASTER,HL,9.5151,2.7151,1556.08,3.04,1554.6,22.877,1556.48,1554.5,0.0003275200,0.0000062500,0.2,26.1
2026-09-14T08:39:06.044+00:00,ASTER,ENTROPY,9.5151,2.7151,1556.08,3.04,1554.6,0.01,1556.48,1554.5,0.0003275200,0.0000018266,0.2,163.3
2026-09-14T08:39:06.323+00:00,ASTER,HL,9.5151,2.7151,1556.08,3.04,1554.6,23.378,1556.48,1554.5,0.0003275200,0.0000062500,279.3,0.3
2026-09-14T08:39:06.338+00:00,ASTER,HL,9.5151,2.7151,1556.08,3.04,1554.6,23.378,1556.48,1554.5,0.0003275200,0.0000062500,294.7,0.2
2026-09-14T08:39:06.382+00:00,ASTER,HL,8.2296,1.4296,1555.88,2.94,1554.6,23.378,1556.48,1554.5,0.0003275200,0.0000062500,0.3,43.9
2026-09-14T08:39:06.382+00:00,ASTER,ENTROPY,8.2296,1.4296,1555.88,2.94,1554.6,0.01,1556.48,1554.5,0.0003275200,0.0000018266,0.3,501.4
2026-09-14T08:39:06.398+00:00,ASTER,HL,9.6437,2.8437,1556.1,3.04,1554.6,23.378,1556.48,1554.5,0.0003275200,0.0000062500,0.2,59.8
2026-09-14T08:39:06.398+00:00,ASTER,ENTROPY,9.6437,2.8437,1556.1,3.04,1554.6,0.01,1556.48,1554.5,0.0003275200,0.0000018266,0.2,517.4
2026-09-14T08:39:06.483+00:00,ASTER,HL,9.6437,2.8437,1556.1,3.04,1554.6,23.378,1556.49,1554.5,0.0003275200,0.0000062500,0.2,145.4
2026-09-14T08:39:06.483+00:00,ASTER,ENTROPY,9.6437,2.8437,1556.1,3.04,1554.6,0.01,1556.49,1554.5,0.0003275200,0.0000018266,0.2,602.9
2026-09-14T08:39:06.632+00:00,ASTER,HL,8.2296,1.4296,1555.88,2.94,1554.6,23.378,1556.49,1554.5,0.0003275200,0.0000062500,0.2,293.9
2026-09-14T08:39:06.632+00:00,ASTER,ENTROPY,8.2296,1.4296,1555.88,2.94,1554.6,0.01,1556.49,1554.5,0.0003275200,0.0000018350,0.2,751.4
2026-09-14T08:39:06.643+00:00,ASTER,HL,8.2296,1.4296,1555.88,1.47,1554.6,23.378,1556.49,1554.5,0.0003275200,0.0000062500,0.2,305.1
2026-09-14T08:39:06.643+00:00,ASTER,ENTROPY,8.2296,1.4296,1555.88,1.47,1554.6,0.01,1556.49,1554.5,0.0003275200,0.0000018350,0.2,762.6
2026-09-14T08:39:06.643+00:00,ASTER,HL,7.3296,0.5296,1555.74,0.04,1554.6,23.378,1556.49,1554.5,0.0003275200,0.0000062500,0.3,305.3
2026-09-14T08:39:06.643+00:00,ASTER,ENTROPY,7.3296,0.5296,1555.74,0.04,1554.6,0.01,1556.49,1554.5,0.0003275200,0.0000018350,0.3,762.8
2026-09-14T08:39:06.643+00:00,ASTER,HL,7.3296,0.5296,1555.74,0.04,1554.6,23.378,1556.47,1554.5,0.0003275200,0.0000062500,0.4,305.4
2026-09-14T08:39:06.643+00:00,ASTER,ENTROPY,7.3296,0.5296,1555.74,0.04,1554.6,0.01,1556.47,1554.5,0.0003275200,0.0000018350,0.4,762.9
2026-09-14T08:39:06.650+00:00,ASTER,HL,7.3297,0.5297,1555.74,0.04,1554.6,23.378,1556.4,1554.5,0.0003275200,0.0000062500,0.1,312.2
2026-09-14T08:39:06.650+00:00,ASTER,ENTROPY,7.3297,0.5297,1555.74,0.04,1554.6,0.01,1556.4,1554.5,0.0003275200,0.0000018350,0.1,769.7
2026-09-14T08:39:06.650+00:00,ASTER,HL,7.5226,0.7226,1555.77,2.49,1554.6,23.378,1556.4,1554.5,0.0003275200,0.0000062500,0.2,312.3
2026-09-14T08:39:06.650+00:00,ASTER,ENTROPY,7.5226,0.7226,1555.77,2.49,1554.6,0.01,1556.4,1554.5,0.0003275200,0.0000018350,0.2,769.8
2026-09-14T08:39:06.701+00:00,ASTER,HL,7.5226,0.7226,1555.77,2.49,1554.6,23.378,1556.4,1554.5,0.0003275200,0.0000062500,0.1,362.6
2026-09-14T08:39:06.701+00:00,ASTER,ENTROPY,7.5226,0.7226,1555.77,2.49,1554.6,0.01,1556.4,1554.5,0.0003275200,0.0000018350,0.1,820.1
2026-09-14T08:39:06.701+00:00,ASTER,HL,7.5226,0.7226,1555.77,3.95,1554.6,23.378,1556.4,1554.5,0.0003275200,0.0000062500,0.2,362.7
2026-09-14T08:39:06.701+00:00,ASTER,ENTROPY,7.5226,0.7226,1555.77,3.95,1554.6,0.01,1556.4,1554.5,0.0003275200,0.0000018350,0.2,820.2
2026-09-14T08:39:06.733+00:00,ASTER,HL,7.5226,0.7226,1555.77,3.95,1554.6,23.378,1556.35,1554.5,0.0003275200,0.0000062500,0.7,394.8
2026-09-14T08:39:06.733+00:00,ASTER,ENTROPY,7.5226,0.7226,1555.77,3.95,1554.6,0.01,1556.35,1554.5,0.0003275200,0.0000018350,0.7,852.3
2026-09-14T08:39:06.749+00:00,ASTER,HL,8.6797,1.8797,1555.95,3.04,1554.6,23.378,1556.35,1554.5,0.0003275200,0.0000062500,0.1,411.8
2026-09-14T08:39:06.749+00:00,ASTER,ENTROPY,8.6797,1.8797,1555.95,3.04,1554.6,0.01,1556.35,1554.5,0.0003275200,0.0000018350,0.1,869.3
2026-09-14T08:39:06.785+00:00,ASTER,HL,8.6797,1.8797,1555.95,3.04,1554.6,28.444,1556.35,1554.5,0.0003275200,0.0000062500,35.1,0.2
2026-09-14T08:39:06.785+00:00,ASTER,ENTROPY,8.6797,1.8797,1555.95,3.04,1554.6,0.0569,1556.35,1554.5,0.0003275200,0.0000018350,35.2,0.3
2026-09-14T08:39:06.939+00:00,ASTER,HL,8.6797,1.8797,1555.95,3.04,1554.6,28.444,1556.34,1554.5,0.0003275200,0.0000062500,0.3,154.6
2026-09-14T08:39:06.939+00:00,ASTER,ENTROPY,8.6797,1.8797,1555.95,3.04,1554.6,0.0569,1556.34,1554.5,0.0003275200,0.0000018350,0.3,154.5
2026-09-14T08:39:07.032+00:00,ASTER,HL,8.6800,1.8800,1555.95,3.04,1554.6,34.517,1556.34,1554.3,0.0003275200,0.0000062500,93.3,0.2
2026-09-14T08:39:07.033+00:00,ASTER,ENTROPY,8.6797,1.8797,1555.95,3.04,1554.6,0.257,1556.34,1554.5,0.0003275200,0.0000018350,93.5,0.4
2026-09-14T08:39:07.154+00:00,ASTER,HL,8.6800,1.8800,1555.95,3.04,1554.6,29.451,1556.34,1554.3,0.0003275200,0.0000062500,215.1,0.2
2026-09-14T08:39:07.154+00:00,ASTER,ENTROPY,8.6797,1.8797,1555.95,3.04,1554.6,0.257,1556.34,1554.5,0.0003275200,0.0000018350,215.2,0.2
2026-09-14T08:39:07.264+00:00,ASTER,HL,8.6800,1.8800,1555.95,3.04,1554.6,28.579,1556.34,1554.3,0.0003275200,0.0000062500,325.1,0.3
2026-09-14T08:39:07.314+00:00,ASTER,HL,8.6800,1.8800,1555.95,3.04,1554.6,33.184,1556.34,1554.3,0.0003275200,0.0000062500,375.1,0.2
2026-09-14T08:39:07.459+00:00,ASTER,HL,9.9663,3.1663,1555.95,3.04,1554.4,21.735,1556.34,1554.3,0.0003275200,0.0000062500,519.6,0.3
2026-09-14T08:39:07.490+00:00,ASTER,HL,9.9663,3.1663,1555.95,3.04,1554.4,21.735,1556.34,1554.3,0.0003275200,0.0000062500,551.1,0.3
2026-09-14T08:39:07.565+00:00,ASTER,HL,9.9663,3.1663,1555.95,3.04,1554.4,21.735,1556.34,1554.3,0.0003275200,0.0000062500,626.3,0.2
2026-09-14T08:39:07.780+00:00,ASTER,HL,8.6806,1.8806,1555.75,3.51,1554.4,21.735,1556.34,1554.3,0.0003275200,0.0000062500,0.2,214.6
2026-09-14T08:39:07.780+00:00,ASTER,ENTROPY,7.3941,0.5941,1555.75,3.51,1554.6,0.257,1556.34,1554.5,0.0003275200,0.0000018350,0.2,625.8
2026-09-14T08:39:07.789+00:00,ASTER,HL,10.0948,3.2948,1555.97,3.04,1554.4,21.735,1556.34,1554.3,0.0003275200,0.0000062500,0.2,224.2
2026-09-14T08:39:07.789+00:00,ASTER,ENTROPY,8.8083,2.0083,1555.97,3.04,1554.6,0.257,1556.34,1554.5,0.0003275200,0.0000018350,0.2,635.3
2026-09-14T08:39:07.863+00:00,ASTER,HL,10.0948,3.2948,1555.97,3.04,1554.4,22.378,1556.34,1554.3,0.0003275200,0.0000062500,73.7,0.2
2026-09-14T08:39:07.887+00:00,ASTER,HL,10.0948,3.2948,1555.97,3.04,1554.4,22.378,1556.34,1554.3,0.0003275200,0.0000062500,97.9,0.2
2026-09-14T08:39:07.894+00:00,ASTER,HL,8.6806,1.8806,1555.75,3.51,1554.4,22.378,1556.34,1554.3,0.0003275200,0.0000062500,0.1,7.6
2026-09-14T08:39:07.894+00:00,ASTER,ENTROPY,7.3941,0.5941,1555.75,3.51,1554.6,0.257,1556.34,1554.5,0.0003275200,0.0000018350,0.1,740.5
2026-09-14T08:39:07.894+00:00,ASTER,HL,10.1591,3.3591,1555.98,3.04,1554.4,22.378,1556.34,1554.3,0.0003275200,0.0000062500,0.2,7.8
2026-09-14T08:39:07.894+00:00,ASTER,ENTROPY,8.8726,2.0726,1555.98,3.04,1554.6,0.257,1556.34,1554.5,0.0003275200,0.0000018350,0.2,740.6
2026-09-14T08:39:08.037+00:00,ASTER,HL,8.6806,1.8806,1555.75,3.51,1554.4,22.378,1556.34,1554.3,0.0003275200,0.0000062500,0.2,150.5
2026-09-14T08:39:08.037+00:00,ASTER,ENTROPY,7.3941,0.5941,1555.75,3.51,1554.6,0.257,1556.34,1554.5,0.0003275200,0.0000018350,0.2,883.3
2026-09-14T08:39:08.049+00:00,ASTER,HL,10.2877,3.4877,1556.0,3.04,1554.4,22.378,1556.34,1554.3,0.0003275200,0.0000062500,0.1,162.8
2026-09-14T08:39:08.049+00:00,ASTER,ENTROPY,9.0011,2.2011,1556.0,3.04,1554.6,0.257,1556.34,1554.5,0.0003275200,0.0000018350,0.1,895.6
2026-09-14T08:39:08.585+00:00,ASTER,HL,8.6806,1.8806,1555.75,3.51,1554.4,22.378,1556.34,1554.3,0.0003275200,0.0000062500,0.3,697.9
2026-09-14T08:39:08.585+00:00,ASTER,ENTROPY,7.3941,0.5941,1555.75,3.51,1554.6,0.257,1556.34,1554.5,0.0003275200,0.0000018350,0.3,1430.7
2026-09-14T08:39:08.610+00:00,ASTER,HL,10.6734,3.8734,1556.06,3.04,1554.4,22.378,1556.34,1554.3,0.0003275200,0.0000062500,0.2,723.4
2026-09-14T08:39:08.610+00:00,ASTER,ENTROPY,9.3868,2.5868,1556.06,3.04,1554.6,0.257,1556.34,1554.5,0.0003275200,0.0000018350,0.2,1456.3
2026-09-14T08:39:08.627+00:00,ASTER,HL,10.6734,3.8734,1556.06,3.04,1554.4,22.378,1556.34,1554.3,0.0003275200,0.0000062500,16.6,0.2
2026-09-14T08:39:09.082+00:00,ASTER,HL,10.6734,3.8734,1556.06,3.04,1554.4,21.735,1556.34,1554.3,0.0003275200,0.0000062500,471.7,0.3
2026-09-14T08:39:09.082+00:00,ASTER,HL,8.8091,2.0091,1555.77,2.56,1554.4,21.735,1556.34,1554.3,0.0003275200,0.0000062500,0.4,0.5
2026-09-14T08:39:09.082+00:00,ASTER,ENTROPY,7.5227,0.7227,1555.77,2.56,1554.6,0.257,1556.34,1554.5,0.0003275200,0.0000018350,0.4,1928.0
2026-09-14T08:39:09.082+00:00,ASTER,ENTROPY,7.5227,0.7227,1555.77,2.56,1554.6,0.257,1556.34,1554.5,0.0003275200,0.0000018350,0.5,0.5
2026-09-14T08:39:09.190+00:00,ASTER,ENTROPY,7.5227,0.7227,1555.77,2.56,1554.6,0.0569,1556.34,1554.5,0.0003275200,0.0000018350,108.4,0.2
2026-09-14T08:39:09.246+00:00,ASTER,HL,10.0948,3.2948,1555.97,3.04,1554.4,21.735,1556.34,1554.3,0.0003275200,0.0000062500,0.2,165.1
2026-09-14T08:39:09.246+00:00,ASTER,ENTROPY,8.8083,2.0083,1555.97,3.04,1554.6,0.0569,1556.34,1554.5,0.0003275200,0.0000018350,0.2,56.9
2026-09-14T08:39:09.310+00:00,ASTER,ENTROPY,8.8083,2.0083,1555.97,3.04,1554.6,0.2193,1556.34,1554.5,0.0003275200,0.0000018350,63.9,0.3
2026-09-14T08:39:09.352+00:00,ASTER,ENTROPY,8.8083,2.0083,1555.97,3.04,1554.6,0.227,1556.34,1554.5,0.0003275200,0.0000018350,105.4,0.2
2026-09-14T08:39:09.431+00:00,ASTER,HL,8.8091,2.0091,1555.77,2.56,1554.4,21.735,1556.34,1554.3,0.0003275200,0.0000062500,0.2,349.9
2026-09-14T08:39:09.431+00:00,ASTER,ENTROPY,7.5227,0.7227,1555.77,2.56,1554.6,0.227,1556.34,1554.5,0.0003275200,0.0000018350,0.2,79.8
2026-09-14T08:39:09.443+00:00,ASTER,HL,10.1591,3.3591,1555.98,3.04,1554.4,21.735,1556.34,1554.3,0.0003275200,0.0000062500,0.2,361.4
2026-09-14T08:39:09.443+00:00,ASTER,ENTROPY,8.8726,2.0726,1555.98,3.04,1554.6,0.227,1556.34,1554.5,0.0003275200,0.0000018350,0.2,91.4
2026-09-14T08:39:09.621+00:00,ASTER,ENTROPY,8.8726,2.0726,1555.98,3.04,1554.6,0.0646,1556.34,1554.5,0.0003275200,0.0000018350,178.5,0.2
2026-09-14T08:39:09.688+00:00,ASTER,ENTROPY,8.8726,2.0726,1555.98,3.04,1554.6,0.2493,1556.34,1554.5,0.0003275200,0.0000018350,245.1,0.3
2026-09-14T08:39:09.843+00:00,ASTER,ENTROPY,8.8726,2.0726,1555.98,3.04,1554.6,0.2493,1556.34,1554.5,0.0003275200,0.0000018350,400.2,0.4
2026-09-14T08:39:11.102+00:00,ASTER,ENTROPY,8.8727,2.0727,1555.98,3.04,1554.6,0.0392,1556.34,1554.4,0.0003275200,0.0000018350,1658.5,0.3
2026-09-14T08:39:11.186+00:00,ASTER,ENTROPY,7.5228,0.7228,1555.77,2.56,1554.6,0.0392,1556.34,1554.4,0.0003275200,0.0000018350,0.3,85.5
2026-09-14T08:39:11.186+00:00,ASTER,ENTROPY,7.5227,0.7227,1555.77,2.56,1554.6,0.0392,1556.4,1554.4,0.0003275200,0.0000018350,0.4,85.7
2026-09-14T08:39:11.218+00:00,ASTER,ENTROPY,7.5227,0.7227,1555.77,2.56,1554.6,0.0392,1556.4,1554.4,0.0003275200,0.0000018350,0.2,117.0
2026-09-14T08:39:11.218+00:00,ASTER,ENTROPY,7.5227,0.7227,1555.77,1.28,1554.6,0.0392,1556.4,1554.4,0.0003275200,0.0000018350,0.3,117.2
2026-09-14T08:39:11.218+00:00,ASTER,ENTROPY,7.5226,0.7226,1555.77,1.28,1554.6,0.0392,1556.49,1554.4,0.0003275200,0.0000018350,0.3,117.2
2026-09-14T08:39:11.218+00:00,ASTER,ENTROPY,7.3297,0.5297,1555.74,0.04,1554.6,0.0392,1556.49,1554.4,0.0003275200,0.0000018350,0.3,117.2
2026-09-14T08:39:11.218+00:00,ASTER,ENTROPY,7.3297,0.5297,1555.74,0.04,1554.6,0.0392,1556.5,1554.4,0.0003275200,0.0000018350,0.3,117.2
2026-09-14T08:39:11.222+00:00,ASTER,ENTROPY,9.2582,2.4582,1556.04,3.04,1554.6,0.0392,1556.5,1554.4,0.0003275200,0.0000018350,0.1,121.5
2026-09-14T08:39:11.223+00:00,ASTER,ENTROPY,9.6438,2.8438,1556.1,3.04,1554.6,0.0392,1556.5,1554.4,0.0003275200,0.0000018350,0.2,121.6
2026-09-14T08:39:11.223+00:00,ASTER,ENTROPY,9.7724,2.9724,1556.12,3.04,1554.6,0.0392,1556.5,1554.4,0.0003275200,0.0000018350,0.3,121.7
2026-09-14T08:39:11.223+00:00,ASTER,ENTROPY,9.7724,2.9724,1556.12,3.04,1554.6,0.0392,1556.48,1554.4,0.0003275200,0.0000018350,0.3,121.7
2026-09-14T08:39:11.223+00:00,ASTER,ENTROPY,9.9010,3.1010,1556.14,3.04,1554.6,0.0392,1556.48,1554.4,0.0003275200,0.0000018350,0.3,121.7
2026-09-14T08:39:11.223+00:00,ASTER,ENTROPY,10.1581,3.3581,1556.18,3.04,1554.6,0.0392,1556.48,1554.4,0.0003275200,0.0000018350,0.4,121.8
2026-09-14T08:39:11.233+00:00,ASTER,ENTROPY,10.1580,3.3580,1556.18,3.04,1554.6,0.0392,1556.5,1554.4,0.0003275200,0.0000018350,0.1,132.1
2026-09-14T08:39:11.300+00:00,ASTER,ENTROPY,8.4225,1.6225,1555.91,50.38,1554.6,0.0392,1556.5,1554.4,0.0003275200,0.0000018350,0.7,199.4
2026-09-14T08:39:11.308+00:00,ASTER,ENTROPY,10.2223,3.4223,1556.19,3.04,1554.6,0.0392,1556.5,1554.4,0.0003275200,0.0000018350,0.1,206.8
2026-09-14T08:39:11.337+00:00,ASTER,ENTROPY,8.6796,1.8796,1555.95,0.78,1554.6,0.0392,1556.5,1554.4,0.0003275200,0.0000018350,0.2,236.0
2026-09-14T08:39:11.436+00:00,ASTER,ENTROPY,9.3867,2.5867,1556.06,3.04,1554.6,0.0392,1556.5,1554.4,0.0003275200,0.0000018350,0.2,335.9
2026-09-14T08:39:11.471+00:00,ASTER,HL,10.0300,3.2300,1556.06,3.04,1554.5,1.0,1556.5,1554.3,0.0003275200,0.0000062500,35.1,0.3
2026-09-14T08:39:11.471+00:00,ASTER,ENTROPY,9.3866,2.5866,1556.06,3.04,1554.6,0.0077,1556.5,1554.5,0.0003275200,0.0000018350,35.3,0.4
2026-09-14T08:39:11.549+00:00,ASTER,HL,10.0300,3.2300,1556.06,3.04,1554.5,1.0,1556.49,1554.3,0.0003275200,0.0000062500,0.2,77.7
2026-09-14T08:39:11.549+00:00,ASTER,ENTROPY,9.3866,2.5866,1556.06,3.04,1554.6,0.0077,1556.49,1554.5,0.0003275200,0.0000018350,0.2,77.7
2026-09-14T08:39:11.627+00:00,ASTER,HL,10.0298,3.2298,1556.06,3.04,1554.5,1.0,1556.49,1554.4,0.0003275200,0.0000062500,78.5,0.4
2026-09-14T08:39:11.662+00:00,ASTER,HL,10.0298,3.2298,1556.06,3.04,1554.5,1.0,1556.48,1554.4,0.0003275200,0.0000062500,0.3,34.9
2026-09-14T08:39:11.662+00:00,ASTER,ENTROPY,9.3866,2.5866,1556.06,3.04,1554.6,0.0077,1556.48,1554.5,0.0003275200,0.0000018453,0.3,190.5
2026-09-14T08:39:11.662+00:00,ASTER,HL,10.0299,3.2299,1556.06,3.04,1554.5,1.0,1556.41,1554.4,0.0003275200,0.0000062500,0.4,35.1
2026-09-14T08:39:11.662+00:00,ASTER,ENTROPY,9.3867,2.5867,1556.06,3.04,1554.6,0.0077,1556.41,1554.5,0.0003275200,0.0000018453,0.4,190.7
2026-09-14T08:39:11.662+00:00,ASTER,HL,10.0299,3.2299,1556.06,3.04,1554.5,1.0,1556.41,1554.4,0.0003275200,0.0000062500,0.5,35.2
2026-09-14T08:39:11.662+00:00,ASTER,ENTROPY,9.3867,2.5867,1556.06,3.04,1554.6,0.0077,1556.41,1554.5,0.0003275200,0.0000018453,0.5,190.8
2026-09-14T08:39:11.662+00:00,ASTER,HL,10.0299,3.2299,1556.06,3.04,1554.5,1.0,1556.41,1554.4,0.0003275200,0.0000062500,0.5,35.2
2026-09-14T08:39:11.662+00:00,ASTER,ENTROPY,9.3867,2.5867,1556.06,3.04,1554.6,0.0077,1556.41,1554.5,0.0003275200,0.0000018453,0.5,190.8
2026-09-14T08:39:11.662+00:00,ASTER,HL,10.0299,3.2299,1556.06,3.04,1554.5,1.0,1556.41,1554.4,0.0003275200,0.0000062500,0.5,35.2
2026-09-14T08:39:11.662+00:00,ASTER,ENTROPY,9.3867,2.5867,1556.06,3.04,1554.6,0.0077,1556.41,1554.5,0.0003275200,0.0000018453,0.5,190.8
2026-09-14T08:39:11.695+00:00,ASTER,HL,10.0299,3.2299,1556.06,3.04,1554.5,1.0,1556.41,1554.4,0.0003275200,0.0000062500,33.8,0.2
2026-09-14T08:39:11.727+00:00,ASTER,HL,8.2301,1.4301,1555.78,5.52,1554.5,1.0,1556.41,1554.4,0.0003275200,0.0000062500,0.2,32.1
2026-09-14T08:39:11.727+00:00,ASTER,ENTROPY,7.5869,0.7869,1555.78,5.52,1554.6,0.0077,1556.41,1554.5,0.0003275200,0.0000018453,0.2,256.0
2026-09-14T08:39:11.759+00:00,ASTER,HL,8.2301,1.4301,1555.78,5.52,1554.5,0.94,1556.41,1554.4,0.0003275200,0.0000062500,31.8,0.2
2026-09-14T08:39:11.792+00:00,ASTER,HL,8.2301,1.4301,1555.78,5.52,1554.5,0.94,1556.4,1554.4,0.0003275200,0.0000062500,0.2,34.0
2026-09-14T08:39:11.792+00:00,ASTER,ENTROPY,7.5869,0.7869,1555.78,5.52,1554.6,0.0077,1556.4,1554.5,0.0003275200,0.0000018453,0.2,321.4
2026-09-14T08:39:11.827+00:00,ASTER,HL,8.2301,1.4301,1555.78,5.52,1554.5,1.228,1556.4,1554.4,0.0003275200,0.0000062500,35.2,0.3
2026-09-14T08:39:11.828+00:00,ASTER,ENTROPY,7.5869,0.7869,1555.78,5.52,1554.6,0.0077,1556.4,1554.5,0.0003275200,0.0000018453,35.4,0.4
2026-09-14T08:39:11.839+00:00,ASTER,HL,9.4514,2.6514,1555.97,3.04,1554.5,1.228,1556.4,1554.4,0.0003275200,0.0000062500,0.7,11.6
2026-09-14T08:39:11.839+00:00,ASTER,ENTROPY,8.8082,2.0082,1555.97,3.04,1554.6,0.0077,1556.4,1554.5,0.0003275200,0.0000018453,0.7,11.5
2026-09-14T08:39:11.896+00:00,ASTER,HL,9.4514,2.6514,1555.97,3.04,1554.5,0.288,1556.4,1554.4,0.0003275200,0.0000062500,57.5,0.2
2026-09-14T08:39:11.896+00:00,ASTER,ENTROPY,8.8082,2.0082,1555.97,3.04,1554.6,0.0154,1556.4,1554.5,0.0003275200,0.0000018453,57.7,0.3
