symbol,direction,sell_venue,buy_venue,notional_usd,quantity,common_step,step_origin,arrival_seq,session_id,ts_utc,sell_vwap,buy_vwap,reference_price,fill_usd_est,gross_entry_bps,entry_fees_bps,entry_after_fees_bps,entry_after_fees_and_reserve_bps,exit_fee_assumption_bps,reserve_bps,funding_estimate_bps,funding_status,quality_ok,cost_qualified,mapping_verified,mapping_status,reject_reason,executable,receive_age_sell_ms,receive_age_buy_ms,event_skew_ms,event_age_sell_ms,event_age_buy_ms,event_age_status,clock_offset_unknown,exit_status,note
NVDA,HL>ONDO,HL,ONDO,100,0.450,0.010,instrument_metadata,103,20260919T093133Z-1980d7eb74f6,2026-09-19T09:31:58.842Z,222.090,222.01,222.045,99.940500,3.602873291449931320227881736,3.40,0.202873291449931320227881736,-4.797126708550068679772118264,3.40,5.0,-0.00050000,observed,true,true,false,mapping_unverified,,false,0,250,7.495424,1545.025964,1552.521388,not_checked,true,unclosed,"the multiplier / settlement-asset / underlying equivalence of this pair is not verified anywhere in this repository (plan 5.2), so the row is a nominal comparison and never an executable conclusion"
NVDA,HL>ONDO,HL,ONDO,500,2.250,0.010,instrument_metadata,103,20260919T093133Z-1980d7eb74f6,2026-09-19T09:31:58.842Z,222.090,222.01,222.045,499.702500,3.602873291449931320227881736,3.40,0.202873291449931320227881736,-4.797126708550068679772118264,3.40,5.0,-0.00050000,observed,true,true,false,mapping_unverified,,false,0,250,7.495424,1545.025964,1552.521388,not_checked,true,unclosed,"the multiplier / settlement-asset / underlying equivalence of this pair is not verified anywhere in this repository (plan 5.2), so the row is a nominal comparison and never an executable conclusion"
NVDA,HL>ONDO,HL,ONDO,1000,4.500,0.010,instrument_metadata,103,20260919T093133Z-1980d7eb74f6,2026-09-19T09:31:58.842Z,222.090,222.01,222.045,999.405000,3.602873291449931320227881736,3.40,0.202873291449931320227881736,-4.797126708550068679772118264,3.40,5.0,-0.00050000,observed,true,true,false,mapping_unverified,,false,0,250,7.495424,1545.025964,1552.521388,not_checked,true,unclosed,"the multiplier / settlement-asset / underlying equivalence of this pair is not verified anywhere in this repository (plan 5.2), so the row is a nominal comparison and never an executable conclusion"
NVDA,HL>ONDO,HL,ONDO,100,0.450,0.010,instrument_metadata,104,20260919T093133Z-1980d7eb74f6,2026-09-19T09:31:58.841Z,222.090,222.01,222.045,99.940500,3.602873291449931320227881736,3.40,0.202873291449931320227881736,-4.797126708550068679772118264,3.40,5.0,-0.00050000,observed,true,true,false,mapping_unverified,,false,0,0,248.506526,1544.985064,1296.478538,not_checked,true,unclosed,"the multiplier / settlement-asset / underlying equivalence of this pair is not verified anywhere in this repository (plan 5.2), so the row is a nominal comparison and never an executable conclusion"
NVDA,HL>ONDO,HL,ONDO,500,2.250,0.010,instrument_metadata,104,20260919T093133Z-1980d7eb74f6,2026-09-19T09:31:58.841Z,222.090,222.01,222.045,499.702500,3.602873291449931320227881736,3.40,0.202873291449931320227881736,-4.797126708550068679772118264,3.40,5.0,-0.00050000,observed,true,true,false,mapping_unverified,,false,0,0,248.506526,1544.985064,1296.478538,not_checked,true,unclosed,"the multiplier / settlement-asset / underlying equivalence of this pair is not verified anywhere in this repository (plan 5.2), so the row is a nominal comparison and never an executable conclusion"
NVDA,HL>ONDO,HL,ONDO,1000,4.500,0.010,instrument_metadata,104,20260919T093133Z-1980d7eb74f6,2026-09-19T09:31:58.841Z,222.090,222.01,222.045,999.405000,3.602873291449931320227881736,3.40,0.202873291449931320227881736,-4.797126708550068679772118264,3.40,5.0,-0.00050000,observed,true,true,false,mapping_unverified,,false,0,0,248.506526,1544.985064,1296.478538,not_checked,true,unclosed,"the multiplier / settlement-asset / underlying equivalence of this pair is not verified anywhere in this repository (plan 5.2), so the row is a nominal comparison and never an executable conclusion"
NVDA,HL>ONDO,HL,ONDO,100,0.450,0.010,instrument_metadata,105,20260919T093133Z-1980d7eb74f6,2026-09-19T09:31:58.917Z,222.090,222.01,222.045,99.940500,3.602873291449931320227881736,3.40,0.202873291449931320227881736,-4.797126708550068679772118264,3.40,5.0,-0.00050000,observed,true,true,false,mapping_unverified,,false,78,78,248.506526,1620.784064,1372.277538,not_checked,true,unclosed,"the multiplier / settlement-asset / underlying equivalence of this pair is not verified anywhere in this repository (plan 5.2), so the row is a nominal comparison and never an executable conclusion"
NVDA,HL>ONDO,HL,ONDO,500,2.250,0.010,instrument_metadata,105,20260919T093133Z-1980d7eb74f6,2026-09-19T09:31:58.917Z,222.090,222.01,222.045,499.702500,3.602873291449931320227881736,3.40,0.202873291449931320227881736,-4.797126708550068679772118264,3.40,5.0,-0.00050000,observed,true,true,false,mapping_unverified,,false,78,78,248.506526,1620.784064,1372.277538,not_checked,true,unclosed,"the multiplier / settlement-asset / underlying equivalence of this pair is not verified anywhere in this repository (plan 5.2), so the row is a nominal comparison and never an executable conclusion"
NVDA,HL>ONDO,HL,ONDO,1000,4.500,0.010,instrument_metadata,105,20260919T093133Z-1980d7eb74f6,2026-09-19T09:31:58.917Z,222.090,222.01,222.045,999.405000,3.602873291449931320227881736,3.40,0.202873291449931320227881736,-4.797126708550068679772118264,3.40,5.0,-0.00050000,observed,true,true,false,mapping_unverified,,false,78,78,248.506526,1620.784064,1372.277538,not_checked,true,unclosed,"the multiplier / settlement-asset / underlying equivalence of this pair is not verified anywhere in this repository (plan 5.2), so the row is a nominal comparison and never an executable conclusion"
NVDA,HL>ONDO,HL,ONDO,100,0.450,0.010,instrument_metadata,137,20260919T093133Z-1980d7eb74f6,2026-09-19T09:32:04.149Z,222.0874666666666666666666667,222.00,222.040,99.93936000000000000000000002,3.939230168738365459676936588,3.40,0.539230168738365459676936588,-4.460769831261634540323063412,3.40,5.0,-0.00050000,observed,true,true,false,mapping_unverified,,false,0,171,56.545076,1524.786064,1468.240988,not_checked,true,unclosed,"the multiplier / settlement-asset / underlying equivalence of this pair is not verified anywhere in this repository (plan 5.2), so the row is a nominal comparison and never an executable conclusion"
NVDA,HL>ONDO,HL,ONDO,500,2.250,0.010,instrument_metadata,137,20260919T093133Z-1980d7eb74f6,2026-09-19T09:32:04.149Z,222.0814933333333333333333333,222.00,222.040,499.6833599999999999999999999,3.670209571848916111211191677,3.40,0.270209571848916111211191677,-4.729790428151083888788808323,3.40,5.0,-0.00050000,observed,true,true,false,mapping_unverified,,false,0,171,56.545076,1524.786064,1468.240988,not_checked,true,unclosed,"the multiplier / settlement-asset / underlying equivalence of this pair is not verified anywhere in this repository (plan 5.2), so the row is a nominal comparison and never an executable conclusion"
NVDA,HL>ONDO,HL,ONDO,1000,4.500,0.010,instrument_metadata,137,20260919T093133Z-1980d7eb74f6,2026-09-19T09:32:04.149Z,222.0807466666666666666666667,222.00,222.040,999.3633600000000000000000002,3.636581997237734942652976941,3.40,0.236581997237734942652976941,-4.763418002762265057347023059,3.40,5.0,-0.00050000,observed,true,true,false,mapping_unverified,,false,0,171,56.545076,1524.786064,1468.240988,not_checked,true,unclosed,"the multiplier / settlement-asset / underlying equivalence of this pair is not verified anywhere in this repository (plan 5.2), so the row is a nominal comparison and never an executable conclusion"
NVDA,HL>ONDO,HL,ONDO,100,0.450,0.010,instrument_metadata,138,20260919T093133Z-1980d7eb74f6,2026-09-19T09:32:04.242Z,222.0874666666666666666666667,222.00,222.040,99.93936000000000000000000002,3.939230168738365459676936588,3.40,0.539230168738365459676936588,-4.460769831261634540323063412,3.40,5.0,-0.00050000,observed,true,true,false,mapping_unverified,,false,94,0,312.546769,1617.176064,1304.629295,not_checked,true,unclosed,"the multiplier / settlement-asset / underlying equivalence of this pair is not verified anywhere in this repository (plan 5.2), so the row is a nominal comparison and never an executable conclusion"
NVDA,HL>ONDO,HL,ONDO,500,2.250,0.010,instrument_metadata,138,20260919T093133Z-1980d7eb74f6,2026-09-19T09:32:04.242Z,222.0814933333333333333333333,222.00,222.040,499.6833599999999999999999999,3.670209571848916111211191677,3.40,0.270209571848916111211191677,-4.729790428151083888788808323,3.40,5.0,-0.00050000,observed,true,true,false,mapping_unverified,,false,94,0,312.546769,1617.176064,1304.629295,not_checked,true,unclosed,"the multiplier / settlement-asset / underlying equivalence of this pair is not verified anywhere in this repository (plan 5.2), so the row is a nominal comparison and never an executable conclusion"
NVDA,HL>ONDO,HL,ONDO,1000,4.500,0.010,instrument_metadata,138,20260919T093133Z-1980d7eb74f6,2026-09-19T09:32:04.242Z,222.0807466666666666666666667,222.00,222.040,999.3633600000000000000000002,3.636581997237734942652976941,3.40,0.236581997237734942652976941,-4.763418002762265057347023059,3.40,5.0,-0.00050000,observed,true,true,false,mapping_unverified,,false,94,0,312.546769,1617.176064,1304.629295,not_checked,true,unclosed,"the multiplier / settlement-asset / underlying equivalence of this pair is not verified anywhere in this repository (plan 5.2), so the row is a nominal comparison and never an executable conclusion"
NVDA,HL>ONDO,HL,ONDO,100,0.450,0.010,instrument_metadata,160,20260919T093133Z-1980d7eb74f6,2026-09-19T09:32:09.720Z,222.0874666666666666666666667,222.00,222.040,99.93936000000000000000000002,3.939230168738365459676936588,3.40,0.539230168738365459676936588,-4.460769831261634540323063412,3.40,5.0,-0.00050000,observed,true,true,false,mapping_unverified,,false,0,110,154.582264,1553.590036,1399.007772,not_checked,true,unclosed,"the multiplier / settlement-asset / underlying equivalence of this pair is not verified anywhere in this repository (plan 5.2), so the row is a nominal comparison and never an executable conclusion"
NVDA,HL>ONDO,HL,ONDO,500,2.250,0.010,instrument_metadata,160,20260919T093133Z-1980d7eb74f6,2026-09-19T09:32:09.720Z,222.0814933333333333333333333,222.00,222.040,499.6833599999999999999999999,3.670209571848916111211191677,3.40,0.270209571848916111211191677,-4.729790428151083888788808323,3.40,5.0,-0.00050000,observed,true,true,false,mapping_unverified,,false,0,110,154.582264,1553.590036,1399.007772,not_checked,true,unclosed,"the multiplier / settlement-asset / underlying equivalence of this pair is not verified anywhere in this repository (plan 5.2), so the row is a nominal comparison and never an executable conclusion"
NVDA,HL>ONDO,HL,ONDO,1000,4.500,0.010,instrument_metadata,160,20260919T093133Z-1980d7eb74f6,2026-09-19T09:32:09.720Z,222.0807466666666666666666667,222.00,222.040,999.3633600000000000000000002,3.636581997237734942652976941,3.40,0.236581997237734942652976941,-4.763418002762265057347023059,3.40,5.0,-0.00050000,observed,true,true,false,mapping_unverified,,false,0,110,154.582264,1553.590036,1399.007772,not_checked,true,unclosed,"the multiplier / settlement-asset / underlying equivalence of this pair is not verified anywhere in this repository (plan 5.2), so the row is a nominal comparison and never an executable conclusion"
NVDA,HL>ONDO,HL,ONDO,100,0.450,0.010,instrument_metadata,161,20260919T093133Z-1980d7eb74f6,2026-09-19T09:32:09.879Z,222.0874666666666666666666667,222.00,222.040,99.93936000000000000000000002,3.939230168738365459676936588,3.40,0.539230168738365459676936588,-4.460769831261634540323063412,3.40,5.0,-0.00050000,observed,true,true,false,mapping_unverified,,false,156,0,410.583958,1712.639136,1302.055178,not_checked,true,unclosed,"the multiplier / settlement-asset / underlying equivalence of this pair is not verified anywhere in this repository (plan 5.2), so the row is a nominal comparison and never an executable conclusion"
NVDA,HL>ONDO,HL,ONDO,500,2.250,0.010,instrument_metadata,161,20260919T093133Z-1980d7eb74f6,2026-09-19T09:32:09.879Z,222.0814933333333333333333333,222.00,222.040,499.6833599999999999999999999,3.670209571848916111211191677,3.40,0.270209571848916111211191677,-4.729790428151083888788808323,3.40,5.0,-0.00050000,observed,true,true,false,mapping_unverified,,false,156,0,410.583958,1712.639136,1302.055178,not_checked,true,unclosed,"the multiplier / settlement-asset / underlying equivalence of this pair is not verified anywhere in this repository (plan 5.2), so the row is a nominal comparison and never an executable conclusion"
NVDA,HL>ONDO,HL,ONDO,1000,4.500,0.010,instrument_metadata,161,20260919T093133Z-1980d7eb74f6,2026-09-19T09:32:09.879Z,222.0807466666666666666666667,222.00,222.040,999.3633600000000000000000002,3.636581997237734942652976941,3.40,0.236581997237734942652976941,-4.763418002762265057347023059,3.40,5.0,-0.00050000,observed,true,true,false,mapping_unverified,,false,156,0,410.583958,1712.639136,1302.055178,not_checked,true,unclosed,"the multiplier / settlement-asset / underlying equivalence of this pair is not verified anywhere in this repository (plan 5.2), so the row is a nominal comparison and never an executable conclusion"
NVDA,HL>ONDO,HL,ONDO,100,0.450,0.010,instrument_metadata,186,20260919T093133Z-1980d7eb74f6,2026-09-19T09:32:15.086Z,222.0874666666666666666666667,222.00,222.040,99.93936000000000000000000002,3.939230168738365459676936588,3.40,0.539230168738365459676936588,-4.460769831261634540323063412,3.40,5.0,-0.00050000,observed,true,true,false,mapping_unverified,,false,0,63,151.621388,1528.699972,1377.078584,not_checked,true,unclosed,"the multiplier / settlement-asset / underlying equivalence of this pair is not verified anywhere in this repository (plan 5.2), so the row is a nominal comparison and never an executable conclusion"
NVDA,HL>ONDO,HL,ONDO,500,2.250,0.010,instrument_metadata,186,20260919T093133Z-1980d7eb74f6,2026-09-19T09:32:15.086Z,222.0814933333333333333333333,222.00,222.040,499.6833599999999999999999999,3.670209571848916111211191677,3.40,0.270209571848916111211191677,-4.729790428151083888788808323,3.40,5.0,-0.00050000,observed,true,true,false,mapping_unverified,,false,0,63,151.621388,1528.699972,1377.078584,not_checked,true,unclosed,"the multiplier / settlement-asset / underlying equivalence of this pair is not verified anywhere in this repository (plan 5.2), so the row is a nominal comparison and never an executable conclusion"
NVDA,HL>ONDO,HL,ONDO,1000,4.500,0.010,instrument_metadata,186,20260919T093133Z-1980d7eb74f6,2026-09-19T09:32:15.086Z,222.0807466666666666666666667,222.00,222.040,999.3633600000000000000000002,3.636581997237734942652976941,3.40,0.236581997237734942652976941,-4.763418002762265057347023059,3.40,5.0,-0.00050000,observed,true,true,false,mapping_unverified,,false,0,63,151.621388,1528.699972,1377.078584,not_checked,true,unclosed,"the multiplier / settlement-asset / underlying equivalence of this pair is not verified anywhere in this repository (plan 5.2), so the row is a nominal comparison and never an executable conclusion"
NVDA,HL>ONDO,HL,ONDO,100,0.450,0.010,instrument_metadata,187,20260919T093133Z-1980d7eb74f6,2026-09-19T09:32:15.266Z,222.0874666666666666666666667,222.00,222.040,99.93936000000000000000000002,3.939230168738365459676936588,3.40,0.539230168738365459676936588,-4.460769831261634540323063412,3.40,5.0,-0.00050000,observed,true,true,false,mapping_unverified,,false,187,0,407.623334,1708.049372,1300.426038,not_checked,true,unclosed,"the multiplier / settlement-asset / underlying equivalence of this pair is not verified anywhere in this repository (plan 5.2), so the row is a nominal comparison and never an executable conclusion"
NVDA,HL>ONDO,HL,ONDO,500,2.250,0.010,instrument_metadata,187,20260919T093133Z-1980d7eb74f6,2026-09-19T09:32:15.266Z,222.0814933333333333333333333,222.00,222.040,499.6833599999999999999999999,3.670209571848916111211191677,3.40,0.270209571848916111211191677,-4.729790428151083888788808323,3.40,5.0,-0.00050000,observed,true,true,false,mapping_unverified,,false,187,0,407.623334,1708.049372,1300.426038,not_checked,true,unclosed,"the multiplier / settlement-asset / underlying equivalence of this pair is not verified anywhere in this repository (plan 5.2), so the row is a nominal comparison and never an executable conclusion"
NVDA,HL>ONDO,HL,ONDO,1000,4.500,0.010,instrument_metadata,187,20260919T093133Z-1980d7eb74f6,2026-09-19T09:32:15.266Z,222.0807466666666666666666667,222.00,222.040,999.3633600000000000000000002,3.636581997237734942652976941,3.40,0.236581997237734942652976941,-4.763418002762265057347023059,3.40,5.0,-0.00050000,observed,true,true,false,mapping_unverified,,false,187,0,407.623334,1708.049372,1300.426038,not_checked,true,unclosed,"the multiplier / settlement-asset / underlying equivalence of this pair is not verified anywhere in this repository (plan 5.2), so the row is a nominal comparison and never an executable conclusion"
NVDA,HL>ONDO,HL,ONDO,100,0.450,0.010,instrument_metadata,208,20260919T093133Z-1980d7eb74f6,2026-09-19T09:32:20.619Z,222.0874666666666666666666667,222.00,222.040,99.93936000000000000000000002,3.939230168738365459676936588,3.40,0.539230168738365459676936588,-4.460769831261634540323063412,3.40,5.0,-0.00050000,observed,true,true,false,mapping_unverified,,false,0,234,47.662009,1581.231972,1533.569963,not_checked,true,unclosed,"the multiplier / settlement-asset / underlying equivalence of this pair is not verified anywhere in this repository (plan 5.2), so the row is a nominal comparison and never an executable conclusion"
NVDA,HL>ONDO,HL,ONDO,500,2.250,0.010,instrument_metadata,208,20260919T093133Z-1980d7eb74f6,2026-09-19T09:32:20.619Z,222.0814933333333333333333333,222.00,222.040,499.6833599999999999999999999,3.670209571848916111211191677,3.40,0.270209571848916111211191677,-4.729790428151083888788808323,3.40,5.0,-0.00050000,observed,true,true,false,mapping_unverified,,false,0,234,47.662009,1581.231972,1533.569963,not_checked,true,unclosed,"the multiplier / settlement-asset / underlying equivalence of this pair is not verified anywhere in this repository (plan 5.2), so the row is a nominal comparison and never an executable conclusion"
NVDA,HL>ONDO,HL,ONDO,1000,4.500,0.010,instrument_metadata,208,20260919T093133Z-1980d7eb74f6,2026-09-19T09:32:20.619Z,222.0807466666666666666666667,222.00,222.040,999.3633600000000000000000002,3.636581997237734942652976941,3.40,0.236581997237734942652976941,-4.763418002762265057347023059,3.40,5.0,-0.00050000,observed,true,true,false,mapping_unverified,,false,0,234,47.662009,1581.231972,1533.569963,not_checked,true,unclosed,"the multiplier / settlement-asset / underlying equivalence of this pair is not verified anywhere in this repository (plan 5.2), so the row is a nominal comparison and never an executable conclusion"
NVDA,HL>ONDO,HL,ONDO,100,0.450,0.010,instrument_metadata,209,20260919T093133Z-1980d7eb74f6,2026-09-19T09:32:20.639Z,222.0874666666666666666666667,222.00,222.040,99.93936000000000000000000002,3.939230168738365459676936588,3.40,0.539230168738365459676936588,-4.460769831261634540323063412,3.40,5.0,-0.00050000,observed,true,true,false,mapping_unverified,,false,16,0,303.66389,1601.658572,1297.994682,not_checked,true,unclosed,"the multiplier / settlement-asset / underlying equivalence of this pair is not verified anywhere in this repository (plan 5.2), so the row is a nominal comparison and never an executable conclusion"
NVDA,HL>ONDO,HL,ONDO,500,2.250,0.010,instrument_metadata,209,20260919T093133Z-1980d7eb74f6,2026-09-19T09:32:20.639Z,222.0814933333333333333333333,222.00,222.040,499.6833599999999999999999999,3.670209571848916111211191677,3.40,0.270209571848916111211191677,-4.729790428151083888788808323,3.40,5.0,-0.00050000,observed,true,true,false,mapping_unverified,,false,16,0,303.66389,1601.658572,1297.994682,not_checked,true,unclosed,"the multiplier / settlement-asset / underlying equivalence of this pair is not verified anywhere in this repository (plan 5.2), so the row is a nominal comparison and never an executable conclusion"
NVDA,HL>ONDO,HL,ONDO,1000,4.500,0.010,instrument_metadata,209,20260919T093133Z-1980d7eb74f6,2026-09-19T09:32:20.639Z,222.0807466666666666666666667,222.00,222.040,999.3633600000000000000000002,3.636581997237734942652976941,3.40,0.236581997237734942652976941,-4.763418002762265057347023059,3.40,5.0,-0.00050000,observed,true,true,false,mapping_unverified,,false,16,0,303.66389,1601.658572,1297.994682,not_checked,true,unclosed,"the multiplier / settlement-asset / underlying equivalence of this pair is not verified anywhere in this repository (plan 5.2), so the row is a nominal comparison and never an executable conclusion"
NVDA,HL>ONDO,HL,ONDO,100,0.450,0.010,instrument_metadata,235,20260919T093133Z-1980d7eb74f6,2026-09-19T09:32:26.036Z,222.0874666666666666666666667,222.00,222.040,99.93936000000000000000000002,3.939230168738365459676936588,3.40,0.539230168738365459676936588,-4.460769831261634540323063412,3.40,5.0,-0.00050000,observed,true,true,false,mapping_unverified,,false,0,16,206.703544,1513.975336,1307.271792,not_checked,true,unclosed,"the multiplier / settlement-asset / underlying equivalence of this pair is not verified anywhere in this repository (plan 5.2), so the row is a nominal comparison and never an executable conclusion"
NVDA,HL>ONDO,HL,ONDO,500,2.250,0.010,instrument_metadata,235,20260919T093133Z-1980d7eb74f6,2026-09-19T09:32:26.036Z,222.0814933333333333333333333,222.00,222.040,499.6833599999999999999999999,3.670209571848916111211191677,3.40,0.270209571848916111211191677,-4.729790428151083888788808323,3.40,5.0,-0.00050000,observed,true,true,false,mapping_unverified,,false,0,16,206.703544,1513.975336,1307.271792,not_checked,true,unclosed,"the multiplier / settlement-asset / underlying equivalence of this pair is not verified anywhere in this repository (plan 5.2), so the row is a nominal comparison and never an executable conclusion"
NVDA,HL>ONDO,HL,ONDO,1000,4.500,0.010,instrument_metadata,235,20260919T093133Z-1980d7eb74f6,2026-09-19T09:32:26.036Z,222.0807466666666666666666667,222.00,222.040,999.3633600000000000000000002,3.636581997237734942652976941,3.40,0.236581997237734942652976941,-4.763418002762265057347023059,3.40,5.0,-0.00050000,observed,true,true,false,mapping_unverified,,false,0,16,206.703544,1513.975336,1307.271792,not_checked,true,unclosed,"the multiplier / settlement-asset / underlying equivalence of this pair is not verified anywhere in this repository (plan 5.2), so the row is a nominal comparison and never an executable conclusion"
NVDA,HL>ONDO,HL,ONDO,100,0.450,0.010,instrument_metadata,236,20260919T093133Z-1980d7eb74f6,2026-09-19T09:32:26.325Z,222.0874666666666666666666667,222.00,222.040,99.93936000000000000000000002,3.939230168738365459676936588,3.40,0.539230168738365459676936588,-4.460769831261634540323063412,3.40,5.0,-0.00050000,observed,true,true,false,mapping_unverified,,false,281,0,462.705425,1802.690136,1339.984711,not_checked,true,unclosed,"the multiplier / settlement-asset / underlying equivalence of this pair is not verified anywhere in this repository (plan 5.2), so the row is a nominal comparison and never an executable conclusion"
NVDA,HL>ONDO,HL,ONDO,500,2.250,0.010,instrument_metadata,236,20260919T093133Z-1980d7eb74f6,2026-09-19T09:32:26.325Z,222.0814933333333333333333333,222.00,222.040,499.6833599999999999999999999,3.670209571848916111211191677,3.40,0.270209571848916111211191677,-4.729790428151083888788808323,3.40,5.0,-0.00050000,observed,true,true,false,mapping_unverified,,false,281,0,462.705425,1802.690136,1339.984711,not_checked,true,unclosed,"the multiplier / settlement-asset / underlying equivalence of this pair is not verified anywhere in this repository (plan 5.2), so the row is a nominal comparison and never an executable conclusion"
NVDA,HL>ONDO,HL,ONDO,1000,4.500,0.010,instrument_metadata,236,20260919T093133Z-1980d7eb74f6,2026-09-19T09:32:26.325Z,222.0807466666666666666666667,222.00,222.040,999.3633600000000000000000002,3.636581997237734942652976941,3.40,0.236581997237734942652976941,-4.763418002762265057347023059,3.40,5.0,-0.00050000,observed,true,true,false,mapping_unverified,,false,281,0,462.705425,1802.690136,1339.984711,not_checked,true,unclosed,"the multiplier / settlement-asset / underlying equivalence of this pair is not verified anywhere in this repository (plan 5.2), so the row is a nominal comparison and never an executable conclusion"
NVDA,HL>ONDO,HL,ONDO,100,0.450,0.010,instrument_metadata,257,20260919T093133Z-1980d7eb74f6,2026-09-19T09:32:31.432Z,222.0874666666666666666666667,222.00,222.040,99.93936000000000000000000002,3.939230168738365459676936588,3.40,0.539230168738365459676936588,-4.460769831261634540323063412,3.40,5.0,-0.00050000,observed,true,true,false,mapping_unverified,,false,0,282,61.258434,1517.048336,1578.30677,not_checked,true,unclosed,"the multiplier / settlement-asset / underlying equivalence of this pair is not verified anywhere in this repository (plan 5.2), so the row is a nominal comparison and never an executable conclusion"
NVDA,HL>ONDO,HL,ONDO,500,2.250,0.010,instrument_metadata,257,20260919T093133Z-1980d7eb74f6,2026-09-19T09:32:31.432Z,222.0814933333333333333333333,222.00,222.040,499.6833599999999999999999999,3.670209571848916111211191677,3.40,0.270209571848916111211191677,-4.729790428151083888788808323,3.40,5.0,-0.00050000,observed,true,true,false,mapping_unverified,,false,0,282,61.258434,1517.048336,1578.30677,not_checked,true,unclosed,"the multiplier / settlement-asset / underlying equivalence of this pair is not verified anywhere in this repository (plan 5.2), so the row is a nominal comparison and never an executable conclusion"
NVDA,HL>ONDO,HL,ONDO,1000,4.500,0.010,instrument_metadata,257,20260919T093133Z-1980d7eb74f6,2026-09-19T09:32:31.432Z,222.0807466666666666666666667,222.00,222.040,999.3633600000000000000000002,3.636581997237734942652976941,3.40,0.236581997237734942652976941,-4.763418002762265057347023059,3.40,5.0,-0.00050000,observed,true,true,false,mapping_unverified,,false,0,282,61.258434,1517.048336,1578.30677,not_checked,true,unclosed,"the multiplier / settlement-asset / underlying equivalence of this pair is not verified anywhere in this repository (plan 5.2), so the row is a nominal comparison and never an executable conclusion"
NVDA,HL>ONDO,HL,ONDO,100,0.450,0.010,instrument_metadata,258,20260919T093133Z-1980d7eb74f6,2026-09-19T09:32:31.458Z,222.0874666666666666666666667,222.00,222.040,99.93936000000000000000000002,3.939230168738365459676936588,3.40,0.539230168738365459676936588,-4.460769831261634540323063412,3.40,5.0,-0.00050000,observed,true,true,false,mapping_unverified,,false,31,0,210.743592,1543.654936,1332.911344,not_checked,true,unclosed,"the multiplier / settlement-asset / underlying equivalence of this pair is not verified anywhere in this repository (plan 5.2), so the row is a nominal comparison and never an executable conclusion"
NVDA,HL>ONDO,HL,ONDO,500,2.250,0.010,instrument_metadata,258,20260919T093133Z-1980d7eb74f6,2026-09-19T09:32:31.458Z,222.0814933333333333333333333,222.00,222.040,499.6833599999999999999999999,3.670209571848916111211191677,3.40,0.270209571848916111211191677,-4.729790428151083888788808323,3.40,5.0,-0.00050000,observed,true,true,false,mapping_unverified,,false,31,0,210.743592,1543.654936,1332.911344,not_checked,true,unclosed,"the multiplier / settlement-asset / underlying equivalence of this pair is not verified anywhere in this repository (plan 5.2), so the row is a nominal comparison and never an executable conclusion"
NVDA,HL>ONDO,HL,ONDO,1000,4.500,0.010,instrument_metadata,258,20260919T093133Z-1980d7eb74f6,2026-09-19T09:32:31.458Z,222.0807466666666666666666667,222.00,222.040,999.3633600000000000000000002,3.636581997237734942652976941,3.40,0.236581997237734942652976941,-4.763418002762265057347023059,3.40,5.0,-0.00050000,observed,true,true,false,mapping_unverified,,false,31,0,210.743592,1543.654936,1332.911344,not_checked,true,unclosed,"the multiplier / settlement-asset / underlying equivalence of this pair is not verified anywhere in this repository (plan 5.2), so the row is a nominal comparison and never an executable conclusion"
NVDA,HL>ONDO,HL,ONDO,100,0.450,0.010,instrument_metadata,259,20260919T093133Z-1980d7eb74f6,2026-09-19T09:32:31.682Z,222.0874666666666666666666667,222.00,222.040,99.93936000000000000000000002,3.939230168738365459676936588,3.40,0.539230168738365459676936588,-4.460769831261634540323063412,3.40,5.0,-0.00050000,observed,true,true,false,mapping_unverified,,false,250,0,466.745499,1767.338536,1300.593037,not_checked,true,unclosed,"the multiplier / settlement-asset / underlying equivalence of this pair is not verified anywhere in this repository (plan 5.2), so the row is a nominal comparison and never an executable conclusion"
NVDA,HL>ONDO,HL,ONDO,500,2.250,0.010,instrument_metadata,259,20260919T093133Z-1980d7eb74f6,2026-09-19T09:32:31.682Z,222.0814933333333333333333333,222.00,222.040,499.6833599999999999999999999,3.670209571848916111211191677,3.40,0.270209571848916111211191677,-4.729790428151083888788808323,3.40,5.0,-0.00050000,observed,true,true,false,mapping_unverified,,false,250,0,466.745499,1767.338536,1300.593037,not_checked,true,unclosed,"the multiplier / settlement-asset / underlying equivalence of this pair is not verified anywhere in this repository (plan 5.2), so the row is a nominal comparison and never an executable conclusion"
NVDA,HL>ONDO,HL,ONDO,1000,4.500,0.010,instrument_metadata,259,20260919T093133Z-1980d7eb74f6,2026-09-19T09:32:31.682Z,222.0807466666666666666666667,222.00,222.040,999.3633600000000000000000002,3.636581997237734942652976941,3.40,0.236581997237734942652976941,-4.763418002762265057347023059,3.40,5.0,-0.00050000,observed,true,true,false,mapping_unverified,,false,250,0,466.745499,1767.338536,1300.593037,not_checked,true,unclosed,"the multiplier / settlement-asset / underlying equivalence of this pair is not verified anywhere in this repository (plan 5.2), so the row is a nominal comparison and never an executable conclusion"
NVDA,HL>ONDO,HL,ONDO,100,0.450,0.010,instrument_metadata,285,20260919T093133Z-1980d7eb74f6,2026-09-19T09:32:36.757Z,222.0874666666666666666666667,222.00,222.040,99.93936000000000000000000002,3.939230168738365459676936588,3.40,0.539230168738365459676936588,-4.460769831261634540323063412,3.40,5.0,-0.00050000,observed,true,true,false,mapping_unverified,,false,0,203,4.781729,1516.794364,1512.012635,not_checked,true,unclosed,"the multiplier / settlement-asset / underlying equivalence of this pair is not verified anywhere in this repository (plan 5.2), so the row is a nominal comparison and never an executable conclusion"
NVDA,HL>ONDO,HL,ONDO,500,2.250,0.010,instrument_metadata,285,20260919T093133Z-1980d7eb74f6,2026-09-19T09:32:36.757Z,222.0814933333333333333333333,222.00,222.040,499.6833599999999999999999999,3.670209571848916111211191677,3.40,0.270209571848916111211191677,-4.729790428151083888788808323,3.40,5.0,-0.00050000,observed,true,true,false,mapping_unverified,,false,0,203,4.781729,1516.794364,1512.012635,not_checked,true,unclosed,"the multiplier / settlement-asset / underlying equivalence of this pair is not verified anywhere in this repository (plan 5.2), so the row is a nominal comparison and never an executable conclusion"
NVDA,HL>ONDO,HL,ONDO,1000,4.500,0.010,instrument_metadata,285,20260919T093133Z-1980d7eb74f6,2026-09-19T09:32:36.757Z,222.0807466666666666666666667,222.00,222.040,999.3633600000000000000000002,3.636581997237734942652976941,3.40,0.236581997237734942652976941,-4.763418002762265057347023059,3.40,5.0,-0.00050000,observed,true,true,false,mapping_unverified,,false,0,203,4.781729,1516.794364,1512.012635,not_checked,true,unclosed,"the multiplier / settlement-asset / underlying equivalence of this pair is not verified anywhere in this repository (plan 5.2), so the row is a nominal comparison and never an executable conclusion"
NVDA,HL>ONDO,HL,ONDO,100,0.450,0.010,instrument_metadata,286,20260919T093133Z-1980d7eb74f6,2026-09-19T09:32:36.812Z,222.0874666666666666666666667,222.00,222.040,99.93936000000000000000000002,3.939230168738365459676936588,3.40,0.539230168738365459676936588,-4.460769831261634540323063412,3.40,5.0,-0.00050000,observed,true,true,false,mapping_unverified,,false,47,0,272.783694,1571.250464,1298.46677,not_checked,true,unclosed,"the multiplier / settlement-asset / underlying equivalence of this pair is not verified anywhere in this repository (plan 5.2), so the row is a nominal comparison and never an executable conclusion"
NVDA,HL>ONDO,HL,ONDO,500,2.250,0.010,instrument_metadata,286,20260919T093133Z-1980d7eb74f6,2026-09-19T09:32:36.812Z,222.0814933333333333333333333,222.00,222.040,499.6833599999999999999999999,3.670209571848916111211191677,3.40,0.270209571848916111211191677,-4.729790428151083888788808323,3.40,5.0,-0.00050000,observed,true,true,false,mapping_unverified,,false,47,0,272.783694,1571.250464,1298.46677,not_checked,true,unclosed,"the multiplier / settlement-asset / underlying equivalence of this pair is not verified anywhere in this repository (plan 5.2), so the row is a nominal comparison and never an executable conclusion"
NVDA,HL>ONDO,HL,ONDO,1000,4.500,0.010,instrument_metadata,286,20260919T093133Z-1980d7eb74f6,2026-09-19T09:32:36.812Z,222.0807466666666666666666667,222.00,222.040,999.3633600000000000000000002,3.636581997237734942652976941,3.40,0.236581997237734942652976941,-4.763418002762265057347023059,3.40,5.0,-0.00050000,observed,true,true,false,mapping_unverified,,false,47,0,272.783694,1571.250464,1298.46677,not_checked,true,unclosed,"the multiplier / settlement-asset / underlying equivalence of this pair is not verified anywhere in this repository (plan 5.2), so the row is a nominal comparison and never an executable conclusion"
NVDA,HL>ONDO,HL,ONDO,100,0.450,0.010,instrument_metadata,312,20260919T093133Z-1980d7eb74f6,2026-09-19T09:32:42.304Z,222.0874666666666666666666667,222.00,222.040,99.93936000000000000000000002,3.939230168738365459676936588,3.40,0.539230168738365459676936588,-4.460769831261634540323063412,3.40,5.0,-0.00050000,observed,true,true,false,mapping_unverified,,false,0,110,187.82293,1602.202672,1414.379742,not_checked,true,unclosed,"the multiplier / settlement-asset / underlying equivalence of this pair is not verified anywhere in this repository (plan 5.2), so the row is a nominal comparison and never an executable conclusion"
NVDA,HL>ONDO,HL,ONDO,500,2.250,0.010,instrument_metadata,312,20260919T093133Z-1980d7eb74f6,2026-09-19T09:32:42.304Z,222.0814933333333333333333333,222.00,222.040,499.6833599999999999999999999,3.670209571848916111211191677,3.40,0.270209571848916111211191677,-4.729790428151083888788808323,3.40,5.0,-0.00050000,observed,true,true,false,mapping_unverified,,false,0,110,187.82293,1602.202672,1414.379742,not_checked,true,unclosed,"the multiplier / settlement-asset / underlying equivalence of this pair is not verified anywhere in this repository (plan 5.2), so the row is a nominal comparison and never an executable conclusion"
NVDA,HL>ONDO,HL,ONDO,1000,4.500,0.010,instrument_metadata,312,20260919T093133Z-1980d7eb74f6,2026-09-19T09:32:42.304Z,222.0807466666666666666666667,222.00,222.040,999.3633600000000000000000002,3.636581997237734942652976941,3.40,0.236581997237734942652976941,-4.763418002762265057347023059,3.40,5.0,-0.00050000,observed,true,true,false,mapping_unverified,,false,0,110,187.82293,1602.202672,1414.379742,not_checked,true,unclosed,"the multiplier / settlement-asset / underlying equivalence of this pair is not verified anywhere in this repository (plan 5.2), so the row is a nominal comparison and never an executable conclusion"
NVDA,HL>ONDO,HL,ONDO,100,0.450,0.010,instrument_metadata,313,20260919T093133Z-1980d7eb74f6,2026-09-19T09:32:42.448Z,222.0874666666666666666666667,222.00,222.040,99.93936000000000000000000002,3.939230168738365459676936588,3.40,0.539230168738365459676936588,-4.460769831261634540323063412,3.40,5.0,-0.00050000,observed,true,true,false,mapping_unverified,,false,140,0,443.824807,1746.536272,1302.711465,not_checked,true,unclosed,"the multiplier / settlement-asset / underlying equivalence of this pair is not verified anywhere in this repository (plan 5.2), so the row is a nominal comparison and never an executable conclusion"
NVDA,HL>ONDO,HL,ONDO,500,2.250,0.010,instrument_metadata,313,20260919T093133Z-1980d7eb74f6,2026-09-19T09:32:42.448Z,222.0814933333333333333333333,222.00,222.040,499.6833599999999999999999999,3.670209571848916111211191677,3.40,0.270209571848916111211191677,-4.729790428151083888788808323,3.40,5.0,-0.00050000,observed,true,true,false,mapping_unverified,,false,140,0,443.824807,1746.536272,1302.711465,not_checked,true,unclosed,"the multiplier / settlement-asset / underlying equivalence of this pair is not verified anywhere in this repository (plan 5.2), so the row is a nominal comparison and never an executable conclusion"
NVDA,HL>ONDO,HL,ONDO,1000,4.500,0.010,instrument_metadata,313,20260919T093133Z-1980d7eb74f6,2026-09-19T09:32:42.448Z,222.0807466666666666666666667,222.00,222.040,999.3633600000000000000000002,3.636581997237734942652976941,3.40,0.236581997237734942652976941,-4.763418002762265057347023059,3.40,5.0,-0.00050000,observed,true,true,false,mapping_unverified,,false,140,0,443.824807,1746.536272,1302.711465,not_checked,true,unclosed,"the multiplier / settlement-asset / underlying equivalence of this pair is not verified anywhere in this repository (plan 5.2), so the row is a nominal comparison and never an executable conclusion"
NVDA,HL>ONDO,HL,ONDO,100,0.450,0.010,instrument_metadata,335,20260919T093133Z-1980d7eb74f6,2026-09-19T09:32:47.920Z,222.0874666666666666666666667,222.00,222.040,99.93936000000000000000000002,3.939230168738365459676936588,3.40,0.539230168738365459676936588,-4.460769831261634540323063412,3.40,5.0,-0.00050000,observed,true,true,false,mapping_unverified,,false,0,94,450.863038,1849.508736,1398.645698,not_checked,true,unclosed,"the multiplier / settlement-asset / underlying equivalence of this pair is not verified anywhere in this repository (plan 5.2), so the row is a nominal comparison and never an executable conclusion"
NVDA,HL>ONDO,HL,ONDO,500,2.250,0.010,instrument_metadata,335,20260919T093133Z-1980d7eb74f6,2026-09-19T09:32:47.920Z,222.0814933333333333333333333,222.00,222.040,499.6833599999999999999999999,3.670209571848916111211191677,3.40,0.270209571848916111211191677,-4.729790428151083888788808323,3.40,5.0,-0.00050000,observed,true,true,false,mapping_unverified,,false,0,94,450.863038,1849.508736,1398.645698,not_checked,true,unclosed,"the multiplier / settlement-asset / underlying equivalence of this pair is not verified anywhere in this repository (plan 5.2), so the row is a nominal comparison and never an executable conclusion"
NVDA,HL>ONDO,HL,ONDO,1000,4.500,0.010,instrument_metadata,335,20260919T093133Z-1980d7eb74f6,2026-09-19T09:32:47.920Z,222.0807466666666666666666667,222.00,222.040,999.3633600000000000000000002,3.636581997237734942652976941,3.40,0.236581997237734942652976941,-4.763418002762265057347023059,3.40,5.0,-0.00050000,observed,true,true,false,mapping_unverified,,false,0,94,450.863038,1849.508736,1398.645698,not_checked,true,unclosed,"the multiplier / settlement-asset / underlying equivalence of this pair is not verified anywhere in this repository (plan 5.2), so the row is a nominal comparison and never an executable conclusion"
NVDA,HL>ONDO,HL,ONDO,100,0.450,0.010,instrument_metadata,363,20260919T093133Z-1980d7eb74f6,2026-09-19T09:32:53.006Z,222.0874666666666666666666667,222.00,222.040,99.93936000000000000000000002,3.939230168738365459676936588,3.40,0.539230168738365459676936588,-4.460769831261634540323063412,3.40,5.0,-0.00050000,observed,true,true,false,mapping_unverified,,false,0,63,169.899704,1534.9875,1365.087796,not_checked,true,unclosed,"the multiplier / settlement-asset / underlying equivalence of this pair is not verified anywhere in this repository (plan 5.2), so the row is a nominal comparison and never an executable conclusion"
NVDA,HL>ONDO,HL,ONDO,500,2.250,0.010,instrument_metadata,363,20260919T093133Z-1980d7eb74f6,2026-09-19T09:32:53.006Z,222.0814933333333333333333333,222.00,222.040,499.6833599999999999999999999,3.670209571848916111211191677,3.40,0.270209571848916111211191677,-4.729790428151083888788808323,3.40,5.0,-0.00050000,observed,true,true,false,mapping_unverified,,false,0,63,169.899704,1534.9875,1365.087796,not_checked,true,unclosed,"the multiplier / settlement-asset / underlying equivalence of this pair is not verified anywhere in this repository (plan 5.2), so the row is a nominal comparison and never an executable conclusion"
NVDA,HL>ONDO,HL,ONDO,1000,4.500,0.010,instrument_metadata,363,20260919T093133Z-1980d7eb74f6,2026-09-19T09:32:53.006Z,222.0807466666666666666666667,222.00,222.040,999.3633600000000000000000002,3.636581997237734942652976941,3.40,0.236581997237734942652976941,-4.763418002762265057347023059,3.40,5.0,-0.00050000,observed,true,true,false,mapping_unverified,,false,0,63,169.899704,1534.9875,1365.087796,not_checked,true,unclosed,"the multiplier / settlement-asset / underlying equivalence of this pair is not verified anywhere in this repository (plan 5.2), so the row is a nominal comparison and never an executable conclusion"
NVDA,HL>ONDO,HL,ONDO,100,0.450,0.010,instrument_metadata,364,20260919T093133Z-1980d7eb74f6,2026-09-19T09:32:53.198Z,222.0874666666666666666666667,222.00,222.040,99.93936000000000000000000002,3.939230168738365459676936588,3.40,0.539230168738365459676936588,-4.460769831261634540323063412,3.40,5.0,-0.00050000,observed,true,true,false,mapping_unverified,,false,187,0,421.901571,1726.2374,1304.335829,not_checked,true,unclosed,"the multiplier / settlement-asset / underlying equivalence of this pair is not verified anywhere in this repository (plan 5.2), so the row is a nominal comparison and never an executable conclusion"
NVDA,HL>ONDO,HL,ONDO,500,2.250,0.010,instrument_metadata,364,20260919T093133Z-1980d7eb74f6,2026-09-19T09:32:53.198Z,222.0814933333333333333333333,222.00,222.040,499.6833599999999999999999999,3.670209571848916111211191677,3.40,0.270209571848916111211191677,-4.729790428151083888788808323,3.40,5.0,-0.00050000,observed,true,true,false,mapping_unverified,,false,187,0,421.901571,1726.2374,1304.335829,not_checked,true,unclosed,"the multiplier / settlement-asset / underlying equivalence of this pair is not verified anywhere in this repository (plan 5.2), so the row is a nominal comparison and never an executable conclusion"
NVDA,HL>ONDO,HL,ONDO,1000,4.500,0.010,instrument_metadata,364,20260919T093133Z-1980d7eb74f6,2026-09-19T09:32:53.198Z,222.0807466666666666666666667,222.00,222.040,999.3633600000000000000000002,3.636581997237734942652976941,3.40,0.236581997237734942652976941,-4.763418002762265057347023059,3.40,5.0,-0.00050000,observed,true,true,false,mapping_unverified,,false,187,0,421.901571,1726.2374,1304.335829,not_checked,true,unclosed,"the multiplier / settlement-asset / underlying equivalence of this pair is not verified anywhere in this repository (plan 5.2), so the row is a nominal comparison and never an executable conclusion"
NVDA,HL>ONDO,HL,ONDO,100,0.450,0.010,instrument_metadata,385,20260919T093133Z-1980d7eb74f6,2026-09-19T09:32:58.416Z,222.0874666666666666666666667,222.00,222.040,99.93936000000000000000000002,3.939230168738365459676936588,3.40,0.539230168738365459676936588,-4.460769831261634540323063412,3.40,5.0,-0.00050000,observed,true,true,false,mapping_unverified,,false,0,94,133.939475,1536.2389,1402.299425,not_checked,true,unclosed,"the multiplier / settlement-asset / underlying equivalence of this pair is not verified anywhere in this repository (plan 5.2), so the row is a nominal comparison and never an executable conclusion"
NVDA,HL>ONDO,HL,ONDO,500,2.250,0.010,instrument_metadata,385,20260919T093133Z-1980d7eb74f6,2026-09-19T09:32:58.416Z,222.0814933333333333333333333,222.00,222.040,499.6833599999999999999999999,3.670209571848916111211191677,3.40,0.270209571848916111211191677,-4.729790428151083888788808323,3.40,5.0,-0.00050000,observed,true,true,false,mapping_unverified,,false,0,94,133.939475,1536.2389,1402.299425,not_checked,true,unclosed,"the multiplier / settlement-asset / underlying equivalence of this pair is not verified anywhere in this repository (plan 5.2), so the row is a nominal comparison and never an executable conclusion"
NVDA,HL>ONDO,HL,ONDO,1000,4.500,0.010,instrument_metadata,385,20260919T093133Z-1980d7eb74f6,2026-09-19T09:32:58.416Z,222.0807466666666666666666667,222.00,222.040,999.3633600000000000000000002,3.636581997237734942652976941,3.40,0.236581997237734942652976941,-4.763418002762265057347023059,3.40,5.0,-0.00050000,observed,true,true,false,mapping_unverified,,false,0,94,133.939475,1536.2389,1402.299425,not_checked,true,unclosed,"the multiplier / settlement-asset / underlying equivalence of this pair is not verified anywhere in this repository (plan 5.2), so the row is a nominal comparison and never an executable conclusion"
NVDA,HL>ONDO,HL,ONDO,100,0.450,0.010,instrument_metadata,386,20260919T093133Z-1980d7eb74f6,2026-09-19T09:32:58.568Z,222.0874666666666666666666667,222.00,222.040,99.93936000000000000000000002,3.939230168738365459676936588,3.40,0.539230168738365459676936588,-4.460769831261634540323063412,3.40,5.0,-0.00050000,observed,true,true,false,mapping_unverified,,false,156,0,389.94137,1688.9825,1299.04113,not_checked,true,unclosed,"the multiplier / settlement-asset / underlying equivalence of this pair is not verified anywhere in this repository (plan 5.2), so the row is a nominal comparison and never an executable conclusion"
NVDA,HL>ONDO,HL,ONDO,500,2.250,0.010,instrument_metadata,386,20260919T093133Z-1980d7eb74f6,2026-09-19T09:32:58.568Z,222.0814933333333333333333333,222.00,222.040,499.6833599999999999999999999,3.670209571848916111211191677,3.40,0.270209571848916111211191677,-4.729790428151083888788808323,3.40,5.0,-0.00050000,observed,true,true,false,mapping_unverified,,false,156,0,389.94137,1688.9825,1299.04113,not_checked,true,unclosed,"the multiplier / settlement-asset / underlying equivalence of this pair is not verified anywhere in this repository (plan 5.2), so the row is a nominal comparison and never an executable conclusion"
NVDA,HL>ONDO,HL,ONDO,1000,4.500,0.010,instrument_metadata,386,20260919T093133Z-1980d7eb74f6,2026-09-19T09:32:58.568Z,222.0807466666666666666666667,222.00,222.040,999.3633600000000000000000002,3.636581997237734942652976941,3.40,0.236581997237734942652976941,-4.763418002762265057347023059,3.40,5.0,-0.00050000,observed,true,true,false,mapping_unverified,,false,156,0,389.94137,1688.9825,1299.04113,not_checked,true,unclosed,"the multiplier / settlement-asset / underlying equivalence of this pair is not verified anywhere in this repository (plan 5.2), so the row is a nominal comparison and never an executable conclusion"
NVDA,HL>ONDO,HL,ONDO,100,0.450,0.010,instrument_metadata,412,20260919T093133Z-1980d7eb74f6,2026-09-19T09:33:03.805Z,222.0874666666666666666666667,222.00,222.040,99.93936000000000000000000002,3.939230168738365459676936588,3.40,0.539230168738365459676936588,-4.460769831261634540323063412,3.40,5.0,-0.00050000,observed,true,true,false,mapping_unverified,,false,0,110,143.976648,1559.646972,1415.670324,not_checked,true,unclosed,"the multiplier / settlement-asset / underlying equivalence of this pair is not verified anywhere in this repository (plan 5.2), so the row is a nominal comparison and never an executable conclusion"
NVDA,HL>ONDO,HL,ONDO,500,2.250,0.010,instrument_metadata,412,20260919T093133Z-1980d7eb74f6,2026-09-19T09:33:03.805Z,222.0814933333333333333333333,222.00,222.040,499.6833599999999999999999999,3.670209571848916111211191677,3.40,0.270209571848916111211191677,-4.729790428151083888788808323,3.40,5.0,-0.00050000,observed,true,true,false,mapping_unverified,,false,0,110,143.976648,1559.646972,1415.670324,not_checked,true,unclosed,"the multiplier / settlement-asset / underlying equivalence of this pair is not verified anywhere in this repository (plan 5.2), so the row is a nominal comparison and never an executable conclusion"
NVDA,HL>ONDO,HL,ONDO,1000,4.500,0.010,instrument_metadata,412,20260919T093133Z-1980d7eb74f6,2026-09-19T09:33:03.805Z,222.0807466666666666666666667,222.00,222.040,999.3633600000000000000000002,3.636581997237734942652976941,3.40,0.236581997237734942652976941,-4.763418002762265057347023059,3.40,5.0,-0.00050000,observed,true,true,false,mapping_unverified,,false,0,110,143.976648,1559.646972,1415.670324,not_checked,true,unclosed,"the multiplier / settlement-asset / underlying equivalence of this pair is not verified anywhere in this repository (plan 5.2), so the row is a nominal comparison and never an executable conclusion"
NVDA,HL>ONDO,HL,ONDO,100,0.450,0.010,instrument_metadata,413,20260919T093133Z-1980d7eb74f6,2026-09-19T09:33:03.946Z,222.0874666666666666666666667,222.00,222.040,99.93936000000000000000000002,3.939230168738365459676936588,3.40,0.539230168738365459676936588,-4.460769831261634540323063412,3.40,5.0,-0.00050000,observed,true,true,false,mapping_unverified,,false,140,0,399.978391,1700.122872,1300.144481,not_checked,true,unclosed,"the multiplier / settlement-asset / underlying equivalence of this pair is not verified anywhere in this repository (plan 5.2), so the row is a nominal comparison and never an executable conclusion"
NVDA,HL>ONDO,HL,ONDO,500,2.250,0.010,instrument_metadata,413,20260919T093133Z-1980d7eb74f6,2026-09-19T09:33:03.946Z,222.0814933333333333333333333,222.00,222.040,499.6833599999999999999999999,3.670209571848916111211191677,3.40,0.270209571848916111211191677,-4.729790428151083888788808323,3.40,5.0,-0.00050000,observed,true,true,false,mapping_unverified,,false,140,0,399.978391,1700.122872,1300.144481,not_checked,true,unclosed,"the multiplier / settlement-asset / underlying equivalence of this pair is not verified anywhere in this repository (plan 5.2), so the row is a nominal comparison and never an executable conclusion"
NVDA,HL>ONDO,HL,ONDO,1000,4.500,0.010,instrument_metadata,413,20260919T093133Z-1980d7eb74f6,2026-09-19T09:33:03.946Z,222.0807466666666666666666667,222.00,222.040,999.3633600000000000000000002,3.636581997237734942652976941,3.40,0.236581997237734942652976941,-4.763418002762265057347023059,3.40,5.0,-0.00050000,observed,true,true,false,mapping_unverified,,false,140,0,399.978391,1700.122872,1300.144481,not_checked,true,unclosed,"the multiplier / settlement-asset / underlying equivalence of this pair is not verified anywhere in this repository (plan 5.2), so the row is a nominal comparison and never an executable conclusion"
NVDA,HL>ONDO,HL,ONDO,100,0.450,0.010,instrument_metadata,483,20260919T093133Z-1980d7eb74f6,2026-09-19T09:33:14.668Z,222.050,221.96,222.0025,99.922500,4.054008400806297226382585782,3.40,0.654008400806297226382585782,-4.345991599193702773617414218,3.40,5.0,-0.00050000,observed,true,true,false,mapping_unverified,,false,0,187,45.054353,1539.795464,1494.741111,not_checked,true,unclosed,"the multiplier / settlement-asset / underlying equivalence of this pair is not verified anywhere in this repository (plan 5.2), so the row is a nominal comparison and never an executable conclusion"
NVDA,HL>ONDO,HL,ONDO,500,2.250,0.010,instrument_metadata,483,20260919T093133Z-1980d7eb74f6,2026-09-19T09:33:14.668Z,222.050,221.96,222.0025,499.612500,4.054008400806297226382585782,3.40,0.654008400806297226382585782,-4.345991599193702773617414218,3.40,5.0,-0.00050000,observed,true,true,false,mapping_unverified,,false,0,187,45.054353,1539.795464,1494.741111,not_checked,true,unclosed,"the multiplier / settlement-asset / underlying equivalence of this pair is not verified anywhere in this repository (plan 5.2), so the row is a nominal comparison and never an executable conclusion"
NVDA,HL>ONDO,HL,ONDO,1000,4.500,0.010,instrument_metadata,483,20260919T093133Z-1980d7eb74f6,2026-09-19T09:33:14.668Z,222.050,221.96,222.0025,999.225000,4.054008400806297226382585782,3.40,0.654008400806297226382585782,-4.345991599193702773617414218,3.40,5.0,-0.00050000,observed,true,true,false,mapping_unverified,,false,0,187,45.054353,1539.795464,1494.741111,not_checked,true,unclosed,"the multiplier / settlement-asset / underlying equivalence of this pair is not verified anywhere in this repository (plan 5.2), so the row is a nominal comparison and never an executable conclusion"
NVDA,HL>ONDO,HL,ONDO,100,0.450,0.010,instrument_metadata,484,20260919T093133Z-1980d7eb74f6,2026-09-19T09:33:14.730Z,222.050,221.96,222.0025,99.922500,4.054008400806297226382585782,3.40,0.654008400806297226382585782,-4.345991599193702773617414218,3.40,5.0,-0.00050000,observed,true,true,false,mapping_unverified,,false,63,0,301.056244,1601.654164,1300.59792,not_checked,true,unclosed,"the multiplier / settlement-asset / underlying equivalence of this pair is not verified anywhere in this repository (plan 5.2), so the row is a nominal comparison and never an executable conclusion"
NVDA,HL>ONDO,HL,ONDO,500,2.250,0.010,instrument_metadata,484,20260919T093133Z-1980d7eb74f6,2026-09-19T09:33:14.730Z,222.050,221.96,222.0025,499.612500,4.054008400806297226382585782,3.40,0.654008400806297226382585782,-4.345991599193702773617414218,3.40,5.0,-0.00050000,observed,true,true,false,mapping_unverified,,false,63,0,301.056244,1601.654164,1300.59792,not_checked,true,unclosed,"the multiplier / settlement-asset / underlying equivalence of this pair is not verified anywhere in this repository (plan 5.2), so the row is a nominal comparison and never an executable conclusion"
NVDA,HL>ONDO,HL,ONDO,1000,4.500,0.010,instrument_metadata,484,20260919T093133Z-1980d7eb74f6,2026-09-19T09:33:14.730Z,222.050,221.96,222.0025,999.225000,4.054008400806297226382585782,3.40,0.654008400806297226382585782,-4.345991599193702773617414218,3.40,5.0,-0.00050000,observed,true,true,false,mapping_unverified,,false,63,0,301.056244,1601.654164,1300.59792,not_checked,true,unclosed,"the multiplier / settlement-asset / underlying equivalence of this pair is not verified anywhere in this repository (plan 5.2), so the row is a nominal comparison and never an executable conclusion"
NVDA,HL>ONDO,HL,ONDO,100,0.450,0.010,instrument_metadata,509,20260919T093133Z-1980d7eb74f6,2026-09-19T09:33:19.948Z,222.060,221.96,222.005,99.927000,4.504403053985270602013468165,3.40,1.104403053985270602013468165,-3.895596946014729397986531835,3.40,5.0,-0.00050000,observed,true,true,false,mapping_unverified,,false,0,93,132.093721,1530.649628,1398.555907,not_checked,true,unclosed,"the multiplier / settlement-asset / underlying equivalence of this pair is not verified anywhere in this repository (plan 5.2), so the row is a nominal comparison and never an executable conclusion"
NVDA,HL>ONDO,HL,ONDO,500,2.250,0.010,instrument_metadata,509,20260919T093133Z-1980d7eb74f6,2026-09-19T09:33:19.948Z,222.052,221.96,222.005,499.617000,4.144050809666448953852390712,3.40,0.744050809666448953852390712,-4.255949190333551046147609288,3.40,5.0,-0.00050000,observed,true,true,false,mapping_unverified,,false,0,93,132.093721,1530.649628,1398.555907,not_checked,true,unclosed,"the multiplier / settlement-asset / underlying equivalence of this pair is not verified anywhere in this repository (plan 5.2), so the row is a nominal comparison and never an executable conclusion"
NVDA,HL>ONDO,HL,ONDO,1000,4.500,0.010,instrument_metadata,509,20260919T093133Z-1980d7eb74f6,2026-09-19T09:33:19.948Z,222.051,221.96,222.005,999.229500,4.099006779126596247832256030,3.40,0.699006779126596247832256030,-4.300993220873403752167743970,3.40,5.0,-0.00050000,observed,true,true,false,mapping_unverified,,false,0,93,132.093721,1530.649628,1398.555907,not_checked,true,unclosed,"the multiplier / settlement-asset / underlying equivalence of this pair is not verified anywhere in this repository (plan 5.2), so the row is a nominal comparison and never an executable conclusion"
NVDA,HL>ONDO,HL,ONDO,100,0.450,0.010,instrument_metadata,510,20260919T093133Z-1980d7eb74f6,2026-09-19T09:33:20.107Z,222.060,221.96,222.005,99.927000,4.504403053985270602013468165,3.40,1.104403053985270602013468165,-3.895596946014729397986531835,3.40,5.0,-0.00050000,observed,true,true,false,mapping_unverified,,false,157,0,388.095587,1689.815028,1301.719441,not_checked,true,unclosed,"the multiplier / settlement-asset / underlying equivalence of this pair is not verified anywhere in this repository (plan 5.2), so the row is a nominal comparison and never an executable conclusion"
NVDA,HL>ONDO,HL,ONDO,500,2.250,0.010,instrument_metadata,510,20260919T093133Z-1980d7eb74f6,2026-09-19T09:33:20.107Z,222.052,221.96,222.005,499.617000,4.144050809666448953852390712,3.40,0.744050809666448953852390712,-4.255949190333551046147609288,3.40,5.0,-0.00050000,observed,true,true,false,mapping_unverified,,false,157,0,388.095587,1689.815028,1301.719441,not_checked,true,unclosed,"the multiplier / settlement-asset / underlying equivalence of this pair is not verified anywhere in this repository (plan 5.2), so the row is a nominal comparison and never an executable conclusion"
NVDA,HL>ONDO,HL,ONDO,1000,4.500,0.010,instrument_metadata,510,20260919T093133Z-1980d7eb74f6,2026-09-19T09:33:20.107Z,222.051,221.96,222.005,999.229500,4.099006779126596247832256030,3.40,0.699006779126596247832256030,-4.300993220873403752167743970,3.40,5.0,-0.00050000,observed,true,true,false,mapping_unverified,,false,157,0,388.095587,1689.815028,1301.719441,not_checked,true,unclosed,"the multiplier / settlement-asset / underlying equivalence of this pair is not verified anywhere in this repository (plan 5.2), so the row is a nominal comparison and never an executable conclusion"
NVDA,HL>ONDO,HL,ONDO,100,0.450,0.010,instrument_metadata,537,20260919T093133Z-1980d7eb74f6,2026-09-19T09:33:25.444Z,222.060,221.96,222.005,99.927000,4.504403053985270602013468165,3.40,1.104403053985270602013468165,-3.895596946014729397986531835,3.40,5.0,-0.00050000,observed,true,true,false,mapping_unverified,,false,0,203,81.132875,1579.558764,1498.425889,not_checked,true,unclosed,"the multiplier / settlement-asset / underlying equivalence of this pair is not verified anywhere in this repository (plan 5.2), so the row is a nominal comparison and never an executable conclusion"
NVDA,HL>ONDO,HL,ONDO,500,2.250,0.010,instrument_metadata,537,20260919T093133Z-1980d7eb74f6,2026-09-19T09:33:25.444Z,222.044,221.96,222.005,499.599000,3.783698565347627305691313259,3.40,0.383698565347627305691313259,-4.616301434652372694308686741,3.40,5.0,-0.00050000,observed,true,true,false,mapping_unverified,,false,0,203,81.132875,1579.558764,1498.425889,not_checked,true,unclosed,"the multiplier / settlement-asset / underlying equivalence of this pair is not verified anywhere in this repository (plan 5.2), so the row is a nominal comparison and never an executable conclusion"
NVDA,HL>ONDO,HL,ONDO,1000,4.500,0.010,instrument_metadata,537,20260919T093133Z-1980d7eb74f6,2026-09-19T09:33:25.444Z,222.042,221.96,222.005,999.189000,3.693610504267921893651043895,3.40,0.293610504267921893651043895,-4.706389495732078106348956105,3.40,5.0,-0.00050000,observed,true,true,false,mapping_unverified,,false,0,203,81.132875,1579.558764,1498.425889,not_checked,true,unclosed,"the multiplier / settlement-asset / underlying equivalence of this pair is not verified anywhere in this repository (plan 5.2), so the row is a nominal comparison and never an executable conclusion"
NVDA,HL>ONDO,HL,ONDO,100,0.450,0.010,instrument_metadata,538,20260919T093133Z-1980d7eb74f6,2026-09-19T09:33:25.506Z,222.060,221.96,222.005,99.927000,4.504403053985270602013468165,3.40,1.104403053985270602013468165,-3.895596946014729397986531835,3.40,5.0,-0.00050000,observed,true,true,false,mapping_unverified,,false,63,0,337.134722,1641.239364,1304.104642,not_checked,true,unclosed,"the multiplier / settlement-asset / underlying equivalence of this pair is not verified anywhere in this repository (plan 5.2), so the row is a nominal comparison and never an executable conclusion"
NVDA,HL>ONDO,HL,ONDO,500,2.250,0.010,instrument_metadata,538,20260919T093133Z-1980d7eb74f6,2026-09-19T09:33:25.506Z,222.044,221.96,222.005,499.599000,3.783698565347627305691313259,3.40,0.383698565347627305691313259,-4.616301434652372694308686741,3.40,5.0,-0.00050000,observed,true,true,false,mapping_unverified,,false,63,0,337.134722,1641.239364,1304.104642,not_checked,true,unclosed,"the multiplier / settlement-asset / underlying equivalence of this pair is not verified anywhere in this repository (plan 5.2), so the row is a nominal comparison and never an executable conclusion"
NVDA,HL>ONDO,HL,ONDO,1000,4.500,0.010,instrument_metadata,538,20260919T093133Z-1980d7eb74f6,2026-09-19T09:33:25.506Z,222.042,221.96,222.005,999.189000,3.693610504267921893651043895,3.40,0.293610504267921893651043895,-4.706389495732078106348956105,3.40,5.0,-0.00050000,observed,true,true,false,mapping_unverified,,false,63,0,337.134722,1641.239364,1304.104642,not_checked,true,unclosed,"the multiplier / settlement-asset / underlying equivalence of this pair is not verified anywhere in this repository (plan 5.2), so the row is a nominal comparison and never an executable conclusion"
NVDA,HL>ONDO,HL,ONDO,100,0.450,0.010,instrument_metadata,557,20260919T093133Z-1980d7eb74f6,2026-09-19T09:33:30.346Z,222.060,221.96,222.005,99.927000,4.504403053985270602013468165,3.40,1.104403053985270602013468165,-3.895596946014729397986531835,3.40,5.0,-0.00050000,observed,true,true,false,mapping_unverified,,false,0,235,12.832122,1519.407936,1532.240058,not_checked,true,unclosed,"the multiplier / settlement-asset / underlying equivalence of this pair is not verified anywhere in this repository (plan 5.2), so the row is a nominal comparison and never an executable conclusion"
NVDA,HL>ONDO,HL,ONDO,500,2.250,0.010,instrument_metadata,557,20260919T093133Z-1980d7eb74f6,2026-09-19T09:33:30.346Z,222.044,221.96,222.005,499.599000,3.783698565347627305691313259,3.40,0.383698565347627305691313259,-4.616301434652372694308686741,3.40,5.0,-0.00050000,observed,true,true,false,mapping_unverified,,false,0,235,12.832122,1519.407936,1532.240058,not_checked,true,unclosed,"the multiplier / settlement-asset / underlying equivalence of this pair is not verified anywhere in this repository (plan 5.2), so the row is a nominal comparison and never an executable conclusion"
NVDA,HL>ONDO,HL,ONDO,1000,4.500,0.010,instrument_metadata,557,20260919T093133Z-1980d7eb74f6,2026-09-19T09:33:30.346Z,222.042,221.96,222.005,999.189000,3.693610504267921893651043895,3.40,0.293610504267921893651043895,-4.706389495732078106348956105,3.40,5.0,-0.00050000,observed,true,true,false,mapping_unverified,,false,0,235,12.832122,1519.407936,1532.240058,not_checked,true,unclosed,"the multiplier / settlement-asset / underlying equivalence of this pair is not verified anywhere in this repository (plan 5.2), so the row is a nominal comparison and never an executable conclusion"
NVDA,HL>ONDO,HL,ONDO,100,0.450,0.010,instrument_metadata,558,20260919T093133Z-1980d7eb74f6,2026-09-19T09:33:30.373Z,222.060,221.96,222.005,99.927000,4.504403053985270602013468165,3.40,1.104403053985270602013468165,-3.895596946014729397986531835,3.40,5.0,-0.00050000,observed,true,true,false,mapping_unverified,,false,15,0,243.169726,1546.405436,1303.23571,not_checked,true,unclosed,"the multiplier / settlement-asset / underlying equivalence of this pair is not verified anywhere in this repository (plan 5.2), so the row is a nominal comparison and never an executable conclusion"
NVDA,HL>ONDO,HL,ONDO,500,2.250,0.010,instrument_metadata,558,20260919T093133Z-1980d7eb74f6,2026-09-19T09:33:30.373Z,222.044,221.96,222.005,499.599000,3.783698565347627305691313259,3.40,0.383698565347627305691313259,-4.616301434652372694308686741,3.40,5.0,-0.00050000,observed,true,true,false,mapping_unverified,,false,15,0,243.169726,1546.405436,1303.23571,not_checked,true,unclosed,"the multiplier / settlement-asset / underlying equivalence of this pair is not verified anywhere in this repository (plan 5.2), so the row is a nominal comparison and never an executable conclusion"
NVDA,HL>ONDO,HL,ONDO,1000,4.500,0.010,instrument_metadata,558,20260919T093133Z-1980d7eb74f6,2026-09-19T09:33:30.373Z,222.042,221.96,222.005,999.189000,3.693610504267921893651043895,3.40,0.293610504267921893651043895,-4.706389495732078106348956105,3.40,5.0,-0.00050000,observed,true,true,false,mapping_unverified,,false,15,0,243.169726,1546.405436,1303.23571,not_checked,true,unclosed,"the multiplier / settlement-asset / underlying equivalence of this pair is not verified anywhere in this repository (plan 5.2), so the row is a nominal comparison and never an executable conclusion"
NVDA,HL>ONDO,HL,ONDO,100,0.450,0.010,instrument_metadata,559,20260919T093133Z-1980d7eb74f6,2026-09-19T09:33:30.628Z,222.060,221.96,222.005,99.927000,4.504403053985270602013468165,3.40,1.104403053985270602013468165,-3.895596946014729397986531835,3.40,5.0,-0.00050000,observed,true,true,false,mapping_unverified,,false,281,0,499.171573,1801.928236,1302.756663,not_checked,true,unclosed,"the multiplier / settlement-asset / underlying equivalence of this pair is not verified anywhere in this repository (plan 5.2), so the row is a nominal comparison and never an executable conclusion"
NVDA,HL>ONDO,HL,ONDO,500,2.250,0.010,instrument_metadata,559,20260919T093133Z-1980d7eb74f6,2026-09-19T09:33:30.628Z,222.044,221.96,222.005,499.599000,3.783698565347627305691313259,3.40,0.383698565347627305691313259,-4.616301434652372694308686741,3.40,5.0,-0.00050000,observed,true,true,false,mapping_unverified,,false,281,0,499.171573,1801.928236,1302.756663,not_checked,true,unclosed,"the multiplier / settlement-asset / underlying equivalence of this pair is not verified anywhere in this repository (plan 5.2), so the row is a nominal comparison and never an executable conclusion"
NVDA,HL>ONDO,HL,ONDO,1000,4.500,0.010,instrument_metadata,559,20260919T093133Z-1980d7eb74f6,2026-09-19T09:33:30.628Z,222.042,221.96,222.005,999.189000,3.693610504267921893651043895,3.40,0.293610504267921893651043895,-4.706389495732078106348956105,3.40,5.0,-0.00050000,observed,true,true,false,mapping_unverified,,false,281,0,499.171573,1801.928236,1302.756663,not_checked,true,unclosed,"the multiplier / settlement-asset / underlying equivalence of this pair is not verified anywhere in this repository (plan 5.2), so the row is a nominal comparison and never an executable conclusion"
NVDA,HL>ONDO,HL,ONDO,100,0.450,0.010,instrument_metadata,586,20260919T093133Z-1980d7eb74f6,2026-09-19T09:33:35.378Z,222.050,221.96,222.000,99.922500,4.054054054054054054054054054,3.40,0.654054054054054054054054054,-4.345945945945945945945945946,3.40,5.0,-0.00050000,observed,true,true,false,mapping_unverified,,false,0,125,90.205014,1518.2276,1428.022586,not_checked,true,unclosed,"the multiplier / settlement-asset / underlying equivalence of this pair is not verified anywhere in this repository (plan 5.2), so the row is a nominal comparison and never an executable conclusion"
NVDA,HL>ONDO,HL,ONDO,500,2.250,0.010,instrument_metadata,586,20260919T093133Z-1980d7eb74f6,2026-09-19T09:33:35.378Z,222.050,221.96,222.000,499.612500,4.054054054054054054054054054,3.40,0.654054054054054054054054054,-4.345945945945945945945945946,3.40,5.0,-0.00050000,observed,true,true,false,mapping_unverified,,false,0,125,90.205014,1518.2276,1428.022586,not_checked,true,unclosed,"the multiplier / settlement-asset / underlying equivalence of this pair is not verified anywhere in this repository (plan 5.2), so the row is a nominal comparison and never an executable conclusion"
NVDA,HL>ONDO,HL,ONDO,1000,4.500,0.010,instrument_metadata,586,20260919T093133Z-1980d7eb74f6,2026-09-19T09:33:35.378Z,222.050,221.96,222.000,999.225000,4.054054054054054054054054054,3.40,0.654054054054054054054054054,-4.345945945945945945945945946,3.40,5.0,-0.00050000,observed,true,true,false,mapping_unverified,,false,0,125,90.205014,1518.2276,1428.022586,not_checked,true,unclosed,"the multiplier / settlement-asset / underlying equivalence of this pair is not verified anywhere in this repository (plan 5.2), so the row is a nominal comparison and never an executable conclusion"
NVDA,HL>ONDO,HL,ONDO,100,0.450,0.010,instrument_metadata,587,20260919T093133Z-1980d7eb74f6,2026-09-19T09:33:35.508Z,222.050,221.96,222.000,99.922500,4.054054054054054054054054054,3.40,0.654054054054054054054054054,-4.345945945945945945945945946,3.40,5.0,-0.00050000,observed,true,true,false,mapping_unverified,,false,125,0,346.206862,1648.6501,1302.443238,not_checked,true,unclosed,"the multiplier / settlement-asset / underlying equivalence of this pair is not verified anywhere in this repository (plan 5.2), so the row is a nominal comparison and never an executable conclusion"
NVDA,HL>ONDO,HL,ONDO,500,2.250,0.010,instrument_metadata,587,20260919T093133Z-1980d7eb74f6,2026-09-19T09:33:35.508Z,222.050,221.96,222.000,499.612500,4.054054054054054054054054054,3.40,0.654054054054054054054054054,-4.345945945945945945945945946,3.40,5.0,-0.00050000,observed,true,true,false,mapping_unverified,,false,125,0,346.206862,1648.6501,1302.443238,not_checked,true,unclosed,"the multiplier / settlement-asset / underlying equivalence of this pair is not verified anywhere in this repository (plan 5.2), so the row is a nominal comparison and never an executable conclusion"
NVDA,HL>ONDO,HL,ONDO,1000,4.500,0.010,instrument_metadata,587,20260919T093133Z-1980d7eb74f6,2026-09-19T09:33:35.508Z,222.050,221.96,222.000,999.225000,4.054054054054054054054054054,3.40,0.654054054054054054054054054,-4.345945945945945945945945946,3.40,5.0,-0.00050000,observed,true,true,false,mapping_unverified,,false,125,0,346.206862,1648.6501,1302.443238,not_checked,true,unclosed,"the multiplier / settlement-asset / underlying equivalence of this pair is not verified anywhere in this repository (plan 5.2), so the row is a nominal comparison and never an executable conclusion"
NVDA,HL>ONDO,HL,ONDO,100,0.450,0.010,instrument_metadata,608,20260919T093133Z-1980d7eb74f6,2026-09-19T09:33:40.762Z,222.050,221.96,222.000,99.922500,4.054054054054054054054054054,3.40,0.654054054054054054054054054,-4.345945945945945945945945946,3.40,5.0,-0.00050000,observed,true,true,false,mapping_unverified,,false,0,78,134.243638,1526.2037,1391.960062,not_checked,true,unclosed,"the multiplier / settlement-asset / underlying equivalence of this pair is not verified anywhere in this repository (plan 5.2), so the row is a nominal comparison and never an executable conclusion"
NVDA,HL>ONDO,HL,ONDO,500,2.250,0.010,instrument_metadata,608,20260919T093133Z-1980d7eb74f6,2026-09-19T09:33:40.762Z,222.050,221.96,222.000,499.612500,4.054054054054054054054054054,3.40,0.654054054054054054054054054,-4.345945945945945945945945946,3.40,5.0,-0.00050000,observed,true,true,false,mapping_unverified,,false,0,78,134.243638,1526.2037,1391.960062,not_checked,true,unclosed,"the multiplier / settlement-asset / underlying equivalence of this pair is not verified anywhere in this repository (plan 5.2), so the row is a nominal comparison and never an executable conclusion"
NVDA,HL>ONDO,HL,ONDO,1000,4.500,0.010,instrument_metadata,608,20260919T093133Z-1980d7eb74f6,2026-09-19T09:33:40.762Z,222.050,221.96,222.000,999.225000,4.054054054054054054054054054,3.40,0.654054054054054054054054054,-4.345945945945945945945945946,3.40,5.0,-0.00050000,observed,true,true,false,mapping_unverified,,false,0,78,134.243638,1526.2037,1391.960062,not_checked,true,unclosed,"the multiplier / settlement-asset / underlying equivalence of this pair is not verified anywhere in this repository (plan 5.2), so the row is a nominal comparison and never an executable conclusion"
NVDA,HL>ONDO,HL,ONDO,100,0.450,0.010,instrument_metadata,609,20260919T093133Z-1980d7eb74f6,2026-09-19T09:33:40.939Z,222.050,221.96,222.000,99.922500,4.054054054054054054054054054,3.40,0.654054054054054054054054054,-4.345945945945945945945945946,3.40,5.0,-0.00050000,observed,true,true,false,mapping_unverified,,false,187,0,390.245374,1703.8367,1313.591326,not_checked,true,unclosed,"the multiplier / settlement-asset / underlying equivalence of this pair is not verified anywhere in this repository (plan 5.2), so the row is a nominal comparison and never an executable conclusion"
NVDA,HL>ONDO,HL,ONDO,500,2.250,0.010,instrument_metadata,609,20260919T093133Z-1980d7eb74f6,2026-09-19T09:33:40.939Z,222.050,221.96,222.000,499.612500,4.054054054054054054054054054,3.40,0.654054054054054054054054054,-4.345945945945945945945945946,3.40,5.0,-0.00050000,observed,true,true,false,mapping_unverified,,false,187,0,390.245374,1703.8367,1313.591326,not_checked,true,unclosed,"the multiplier / settlement-asset / underlying equivalence of this pair is not verified anywhere in this repository (plan 5.2), so the row is a nominal comparison and never an executable conclusion"
NVDA,HL>ONDO,HL,ONDO,1000,4.500,0.010,instrument_metadata,609,20260919T093133Z-1980d7eb74f6,2026-09-19T09:33:40.939Z,222.050,221.96,222.000,999.225000,4.054054054054054054054054054,3.40,0.654054054054054054054054054,-4.345945945945945945945945946,3.40,5.0,-0.00050000,observed,true,true,false,mapping_unverified,,false,187,0,390.245374,1703.8367,1313.591326,not_checked,true,unclosed,"the multiplier / settlement-asset / underlying equivalence of this pair is not verified anywhere in this repository (plan 5.2), so the row is a nominal comparison and never an executable conclusion"
NVDA,HL>ONDO,HL,ONDO,100,0.450,0.010,instrument_metadata,724,20260919T093133Z-1980d7eb74f6,2026-09-19T09:33:56.856Z,222.000,221.92,221.955,99.900000,3.604334211889797481471469442,3.40,0.204334211889797481471469442,-4.795665788110202518528530558,3.40,5.0,-0.00050000,observed,true,true,false,mapping_unverified,,false,0,16,204.35826,1534.528728,1330.170468,not_checked,true,unclosed,"the multiplier / settlement-asset / underlying equivalence of this pair is not verified anywhere in this repository (plan 5.2), so the row is a nominal comparison and never an executable conclusion"
NVDA,HL>ONDO,HL,ONDO,500,2.250,0.010,instrument_metadata,724,20260919T093133Z-1980d7eb74f6,2026-09-19T09:33:56.856Z,222.000,221.92,221.955,499.500000,3.604334211889797481471469442,3.40,0.204334211889797481471469442,-4.795665788110202518528530558,3.40,5.0,-0.00050000,observed,true,true,false,mapping_unverified,,false,0,16,204.35826,1534.528728,1330.170468,not_checked,true,unclosed,"the multiplier / settlement-asset / underlying equivalence of this pair is not verified anywhere in this repository (plan 5.2), so the row is a nominal comparison and never an executable conclusion"
NVDA,HL>ONDO,HL,ONDO,1000,4.500,0.010,instrument_metadata,724,20260919T093133Z-1980d7eb74f6,2026-09-19T09:33:56.856Z,222.000,221.92,221.955,999.000000,3.604334211889797481471469442,3.40,0.204334211889797481471469442,-4.795665788110202518528530558,3.40,5.0,-0.00050000,observed,true,true,false,mapping_unverified,,false,0,16,204.35826,1534.528728,1330.170468,not_checked,true,unclosed,"the multiplier / settlement-asset / underlying equivalence of this pair is not verified anywhere in this repository (plan 5.2), so the row is a nominal comparison and never an executable conclusion"
NVDA,HL>ONDO,HL,ONDO,100,0.450,0.010,instrument_metadata,725,20260919T093133Z-1980d7eb74f6,2026-09-19T09:33:57.088Z,222.000,221.92,221.955,99.900000,3.604334211889797481471469442,3.40,0.204334211889797481471469442,-4.795665788110202518528530558,3.40,5.0,-0.00050000,observed,true,true,false,mapping_unverified,,false,234,0,460.360098,1766.461928,1306.10183,not_checked,true,unclosed,"the multiplier / settlement-asset / underlying equivalence of this pair is not verified anywhere in this repository (plan 5.2), so the row is a nominal comparison and never an executable conclusion"
NVDA,HL>ONDO,HL,ONDO,500,2.250,0.010,instrument_metadata,725,20260919T093133Z-1980d7eb74f6,2026-09-19T09:33:57.088Z,222.000,221.92,221.955,499.500000,3.604334211889797481471469442,3.40,0.204334211889797481471469442,-4.795665788110202518528530558,3.40,5.0,-0.00050000,observed,true,true,false,mapping_unverified,,false,234,0,460.360098,1766.461928,1306.10183,not_checked,true,unclosed,"the multiplier / settlement-asset / underlying equivalence of this pair is not verified anywhere in this repository (plan 5.2), so the row is a nominal comparison and never an executable conclusion"
NVDA,HL>ONDO,HL,ONDO,1000,4.500,0.010,instrument_metadata,725,20260919T093133Z-1980d7eb74f6,2026-09-19T09:33:57.088Z,222.000,221.92,221.955,999.000000,3.604334211889797481471469442,3.40,0.204334211889797481471469442,-4.795665788110202518528530558,3.40,5.0,-0.00050000,observed,true,true,false,mapping_unverified,,false,234,0,460.360098,1766.461928,1306.10183,not_checked,true,unclosed,"the multiplier / settlement-asset / underlying equivalence of this pair is not verified anywhere in this repository (plan 5.2), so the row is a nominal comparison and never an executable conclusion"
NVDA,HL>ONDO,HL,ONDO,100,0.450,0.010,instrument_metadata,726,20260919T093133Z-1980d7eb74f6,2026-09-19T09:33:57.178Z,222.000,221.92,221.955,99.900000,3.604334211889797481471469442,3.40,0.204334211889797481471469442,-4.795665788110202518528530558,3.40,5.0,-0.00050000,observed,true,true,false,mapping_unverified,,false,328,94,460.360098,1856.877228,1396.51713,not_checked,true,unclosed,"the multiplier / settlement-asset / underlying equivalence of this pair is not verified anywhere in this repository (plan 5.2), so the row is a nominal comparison and never an executable conclusion"
NVDA,HL>ONDO,HL,ONDO,500,2.250,0.010,instrument_metadata,726,20260919T093133Z-1980d7eb74f6,2026-09-19T09:33:57.178Z,222.000,221.92,221.955,499.500000,3.604334211889797481471469442,3.40,0.204334211889797481471469442,-4.795665788110202518528530558,3.40,5.0,-0.00050000,observed,true,true,false,mapping_unverified,,false,328,94,460.360098,1856.877228,1396.51713,not_checked,true,unclosed,"the multiplier / settlement-asset / underlying equivalence of this pair is not verified anywhere in this repository (plan 5.2), so the row is a nominal comparison and never an executable conclusion"
NVDA,HL>ONDO,HL,ONDO,1000,4.500,0.010,instrument_metadata,726,20260919T093133Z-1980d7eb74f6,2026-09-19T09:33:57.178Z,222.000,221.92,221.955,999.000000,3.604334211889797481471469442,3.40,0.204334211889797481471469442,-4.795665788110202518528530558,3.40,5.0,-0.00050000,observed,true,true,false,mapping_unverified,,false,328,94,460.360098,1856.877228,1396.51713,not_checked,true,unclosed,"the multiplier / settlement-asset / underlying equivalence of this pair is not verified anywhere in this repository (plan 5.2), so the row is a nominal comparison and never an executable conclusion"
NVDA,HL>ONDO,HL,ONDO,100,0.450,0.010,instrument_metadata,753,20260919T093133Z-1980d7eb74f6,2026-09-19T09:34:02.322Z,222.000,221.92,221.955,99.900000,3.604334211889797481471469442,3.40,0.204334211889797481471469442,-4.795665788110202518528530558,3.40,5.0,-0.00050000,observed,true,true,false,mapping_unverified,,false,0,78,194.397025,1574.6431,1380.246075,not_checked,true,unclosed,"the multiplier / settlement-asset / underlying equivalence of this pair is not verified anywhere in this repository (plan 5.2), so the row is a nominal comparison and never an executable conclusion"
NVDA,HL>ONDO,HL,ONDO,500,2.250,0.010,instrument_metadata,753,20260919T093133Z-1980d7eb74f6,2026-09-19T09:34:02.322Z,222.000,221.92,221.955,499.500000,3.604334211889797481471469442,3.40,0.204334211889797481471469442,-4.795665788110202518528530558,3.40,5.0,-0.00050000,observed,true,true,false,mapping_unverified,,false,0,78,194.397025,1574.6431,1380.246075,not_checked,true,unclosed,"the multiplier / settlement-asset / underlying equivalence of this pair is not verified anywhere in this repository (plan 5.2), so the row is a nominal comparison and never an executable conclusion"
NVDA,HL>ONDO,HL,ONDO,1000,4.500,0.010,instrument_metadata,753,20260919T093133Z-1980d7eb74f6,2026-09-19T09:34:02.322Z,222.000,221.92,221.955,999.000000,3.604334211889797481471469442,3.40,0.204334211889797481471469442,-4.795665788110202518528530558,3.40,5.0,-0.00050000,observed,true,true,false,mapping_unverified,,false,0,78,194.397025,1574.6431,1380.246075,not_checked,true,unclosed,"the multiplier / settlement-asset / underlying equivalence of this pair is not verified anywhere in this repository (plan 5.2), so the row is a nominal comparison and never an executable conclusion"
NVDA,HL>ONDO,HL,ONDO,100,0.450,0.010,instrument_metadata,754,20260919T093133Z-1980d7eb74f6,2026-09-19T09:34:02.502Z,222.000,221.92,221.955,99.900000,3.604334211889797481471469442,3.40,0.204334211889797481471469442,-4.795665788110202518528530558,3.40,5.0,-0.00050000,observed,true,true,false,mapping_unverified,,false,188,0,450.398863,1754.2721,1303.873237,not_checked,true,unclosed,"the multiplier / settlement-asset / underlying equivalence of this pair is not verified anywhere in this repository (plan 5.2), so the row is a nominal comparison and never an executable conclusion"
NVDA,HL>ONDO,HL,ONDO,500,2.250,0.010,instrument_metadata,754,20260919T093133Z-1980d7eb74f6,2026-09-19T09:34:02.502Z,222.000,221.92,221.955,499.500000,3.604334211889797481471469442,3.40,0.204334211889797481471469442,-4.795665788110202518528530558,3.40,5.0,-0.00050000,observed,true,true,false,mapping_unverified,,false,188,0,450.398863,1754.2721,1303.873237,not_checked,true,unclosed,"the multiplier / settlement-asset / underlying equivalence of this pair is not verified anywhere in this repository (plan 5.2), so the row is a nominal comparison and never an executable conclusion"
NVDA,HL>ONDO,HL,ONDO,1000,4.500,0.010,instrument_metadata,754,20260919T093133Z-1980d7eb74f6,2026-09-19T09:34:02.502Z,222.000,221.92,221.955,999.000000,3.604334211889797481471469442,3.40,0.204334211889797481471469442,-4.795665788110202518528530558,3.40,5.0,-0.00050000,observed,true,true,false,mapping_unverified,,false,188,0,450.398863,1754.2721,1303.873237,not_checked,true,unclosed,"the multiplier / settlement-asset / underlying equivalence of this pair is not verified anywhere in this repository (plan 5.2), so the row is a nominal comparison and never an executable conclusion"
NVDA,HL>ONDO,HL,ONDO,100,0.450,0.010,instrument_metadata,782,20260919T093133Z-1980d7eb74f6,2026-09-19T09:34:07.667Z,222.010,221.92,221.960,99.904500,4.054784645882140926293025770,3.40,0.654784645882140926293025770,-4.345215354117859073706974230,3.40,5.0,-0.00050000,observed,true,true,false,mapping_unverified,,false,0,47,196.435109,1545.212028,1348.776919,not_checked,true,unclosed,"the multiplier / settlement-asset / underlying equivalence of this pair is not verified anywhere in this repository (plan 5.2), so the row is a nominal comparison and never an executable conclusion"
NVDA,HL>ONDO,HL,ONDO,500,2.250,0.010,instrument_metadata,782,20260919T093133Z-1980d7eb74f6,2026-09-19T09:34:07.667Z,222.010,221.92,221.960,499.522500,4.054784645882140926293025770,3.40,0.654784645882140926293025770,-4.345215354117859073706974230,3.40,5.0,-0.00050000,observed,true,true,false,mapping_unverified,,false,0,47,196.435109,1545.212028,1348.776919,not_checked,true,unclosed,"the multiplier / settlement-asset / underlying equivalence of this pair is not verified anywhere in this repository (plan 5.2), so the row is a nominal comparison and never an executable conclusion"
NVDA,HL>ONDO,HL,ONDO,1000,4.500,0.010,instrument_metadata,782,20260919T093133Z-1980d7eb74f6,2026-09-19T09:34:07.667Z,222.010,221.92,221.960,999.045000,4.054784645882140926293025770,3.40,0.654784645882140926293025770,-4.345215354117859073706974230,3.40,5.0,-0.00050000,observed,true,true,false,mapping_unverified,,false,0,47,196.435109,1545.212028,1348.776919,not_checked,true,unclosed,"the multiplier / settlement-asset / underlying equivalence of this pair is not verified anywhere in this repository (plan 5.2), so the row is a nominal comparison and never an executable conclusion"
NVDA,HL>ONDO,HL,ONDO,100,0.450,0.010,instrument_metadata,783,20260919T093133Z-1980d7eb74f6,2026-09-19T09:34:07.792Z,222.010,221.92,221.960,99.904500,4.054784645882140926293025770,3.40,0.654784645882140926293025770,-4.345215354117859073706974230,3.40,5.0,-0.00050000,observed,true,true,false,mapping_unverified,,false,125,172,196.435109,1670.675128,1474.240019,not_checked,true,unclosed,"the multiplier / settlement-asset / underlying equivalence of this pair is not verified anywhere in this repository (plan 5.2), so the row is a nominal comparison and never an executable conclusion"
NVDA,HL>ONDO,HL,ONDO,500,2.250,0.010,instrument_metadata,783,20260919T093133Z-1980d7eb74f6,2026-09-19T09:34:07.792Z,222.010,221.92,221.960,499.522500,4.054784645882140926293025770,3.40,0.654784645882140926293025770,-4.345215354117859073706974230,3.40,5.0,-0.00050000,observed,true,true,false,mapping_unverified,,false,125,172,196.435109,1670.675128,1474.240019,not_checked,true,unclosed,"the multiplier / settlement-asset / underlying equivalence of this pair is not verified anywhere in this repository (plan 5.2), so the row is a nominal comparison and never an executable conclusion"
NVDA,HL>ONDO,HL,ONDO,1000,4.500,0.010,instrument_metadata,783,20260919T093133Z-1980d7eb74f6,2026-09-19T09:34:07.792Z,222.010,221.92,221.960,999.045000,4.054784645882140926293025770,3.40,0.654784645882140926293025770,-4.345215354117859073706974230,3.40,5.0,-0.00050000,observed,true,true,false,mapping_unverified,,false,125,172,196.435109,1670.675128,1474.240019,not_checked,true,unclosed,"the multiplier / settlement-asset / underlying equivalence of this pair is not verified anywhere in this repository (plan 5.2), so the row is a nominal comparison and never an executable conclusion"
NVDA,HL>ONDO,HL,ONDO,100,0.450,0.010,instrument_metadata,784,20260919T093133Z-1980d7eb74f6,2026-09-19T09:34:07.877Z,222.010,221.92,221.960,99.904500,4.054784645882140926293025770,3.40,0.654784645882140926293025770,-4.345215354117859073706974230,3.40,5.0,-0.00050000,observed,true,true,false,mapping_unverified,,false,219,0,452.436906,1755.628628,1303.191722,not_checked,true,unclosed,"the multiplier / settlement-asset / underlying equivalence of this pair is not verified anywhere in this repository (plan 5.2), so the row is a nominal comparison and never an executable conclusion"
NVDA,HL>ONDO,HL,ONDO,500,2.250,0.010,instrument_metadata,784,20260919T093133Z-1980d7eb74f6,2026-09-19T09:34:07.877Z,222.010,221.92,221.960,499.522500,4.054784645882140926293025770,3.40,0.654784645882140926293025770,-4.345215354117859073706974230,3.40,5.0,-0.00050000,observed,true,true,false,mapping_unverified,,false,219,0,452.436906,1755.628628,1303.191722,not_checked,true,unclosed,"the multiplier / settlement-asset / underlying equivalence of this pair is not verified anywhere in this repository (plan 5.2), so the row is a nominal comparison and never an executable conclusion"
NVDA,HL>ONDO,HL,ONDO,1000,4.500,0.010,instrument_metadata,784,20260919T093133Z-1980d7eb74f6,2026-09-19T09:34:07.877Z,222.010,221.92,221.960,999.045000,4.054784645882140926293025770,3.40,0.654784645882140926293025770,-4.345215354117859073706974230,3.40,5.0,-0.00050000,observed,true,true,false,mapping_unverified,,false,219,0,452.436906,1755.628628,1303.191722,not_checked,true,unclosed,"the multiplier / settlement-asset / underlying equivalence of this pair is not verified anywhere in this repository (plan 5.2), so the row is a nominal comparison and never an executable conclusion"
NVDA,HL>ONDO,HL,ONDO,100,0.450,0.010,instrument_metadata,785,20260919T093133Z-1980d7eb74f6,2026-09-19T09:34:07.895Z,222.010,221.92,221.960,99.904500,4.054784645882140926293025770,3.40,0.654784645882140926293025770,-4.345215354117859073706974230,3.40,5.0,-0.00050000,observed,true,true,false,mapping_unverified,,false,234,15,452.436906,1773.025828,1320.588922,not_checked,true,unclosed,"the multiplier / settlement-asset / underlying equivalence of this pair is not verified anywhere in this repository (plan 5.2), so the row is a nominal comparison and never an executable conclusion"
NVDA,HL>ONDO,HL,ONDO,500,2.250,0.010,instrument_metadata,785,20260919T093133Z-1980d7eb74f6,2026-09-19T09:34:07.895Z,222.010,221.92,221.960,499.522500,4.054784645882140926293025770,3.40,0.654784645882140926293025770,-4.345215354117859073706974230,3.40,5.0,-0.00050000,observed,true,true,false,mapping_unverified,,false,234,15,452.436906,1773.025828,1320.588922,not_checked,true,unclosed,"the multiplier / settlement-asset / underlying equivalence of this pair is not verified anywhere in this repository (plan 5.2), so the row is a nominal comparison and never an executable conclusion"
NVDA,HL>ONDO,HL,ONDO,1000,4.500,0.010,instrument_metadata,785,20260919T093133Z-1980d7eb74f6,2026-09-19T09:34:07.895Z,222.010,221.92,221.960,999.045000,4.054784645882140926293025770,3.40,0.654784645882140926293025770,-4.345215354117859073706974230,3.40,5.0,-0.00050000,observed,true,true,false,mapping_unverified,,false,234,15,452.436906,1773.025828,1320.588922,not_checked,true,unclosed,"the multiplier / settlement-asset / underlying equivalence of this pair is not verified anywhere in this repository (plan 5.2), so the row is a nominal comparison and never an executable conclusion"
NVDA,HL>ONDO,HL,ONDO,100,0.450,0.010,instrument_metadata,812,20260919T093133Z-1980d7eb74f6,2026-09-19T09:34:13.003Z,222.020,221.94,221.975,99.909000,3.604009460524833877688928933,3.40,0.204009460524833877688928933,-4.795990539475166122311071067,3.40,5.0,-0.00050000,observed,true,true,false,mapping_unverified,,false,0,0,221.473104,1530.891864,1309.41876,not_checked,true,unclosed,"the multiplier / settlement-asset / underlying equivalence of this pair is not verified anywhere in this repository (plan 5.2), so the row is a nominal comparison and never an executable conclusion"
NVDA,HL>ONDO,HL,ONDO,500,2.250,0.010,instrument_metadata,812,20260919T093133Z-1980d7eb74f6,2026-09-19T09:34:13.003Z,222.020,221.94,221.975,499.545000,3.604009460524833877688928933,3.40,0.204009460524833877688928933,-4.795990539475166122311071067,3.40,5.0,-0.00050000,observed,true,true,false,mapping_unverified,,false,0,0,221.473104,1530.891864,1309.41876,not_checked,true,unclosed,"the multiplier / settlement-asset / underlying equivalence of this pair is not verified anywhere in this repository (plan 5.2), so the row is a nominal comparison and never an executable conclusion"
NVDA,HL>ONDO,HL,ONDO,1000,4.500,0.010,instrument_metadata,812,20260919T093133Z-1980d7eb74f6,2026-09-19T09:34:13.003Z,222.020,221.94,221.975,999.090000,3.604009460524833877688928933,3.40,0.204009460524833877688928933,-4.795990539475166122311071067,3.40,5.0,-0.00050000,observed,true,true,false,mapping_unverified,,false,0,0,221.473104,1530.891864,1309.41876,not_checked,true,unclosed,"the multiplier / settlement-asset / underlying equivalence of this pair is not verified anywhere in this repository (plan 5.2), so the row is a nominal comparison and never an executable conclusion"
NVDA,HL>ONDO,HL,ONDO,100,0.450,0.010,instrument_metadata,813,20260919T093133Z-1980d7eb74f6,2026-09-19T09:34:13.258Z,222.020,221.94,221.975,99.909000,3.604009460524833877688928933,3.40,0.204009460524833877688928933,-4.795990539475166122311071067,3.40,5.0,-0.00050000,observed,true,true,false,mapping_unverified,,false,250,0,477.474955,1785.904764,1308.429809,not_checked,true,unclosed,"the multiplier / settlement-asset / underlying equivalence of this pair is not verified anywhere in this repository (plan 5.2), so the row is a nominal comparison and never an executable conclusion"
NVDA,HL>ONDO,HL,ONDO,500,2.250,0.010,instrument_metadata,813,20260919T093133Z-1980d7eb74f6,2026-09-19T09:34:13.258Z,222.020,221.94,221.975,499.545000,3.604009460524833877688928933,3.40,0.204009460524833877688928933,-4.795990539475166122311071067,3.40,5.0,-0.00050000,observed,true,true,false,mapping_unverified,,false,250,0,477.474955,1785.904764,1308.429809,not_checked,true,unclosed,"the multiplier / settlement-asset / underlying equivalence of this pair is not verified anywhere in this repository (plan 5.2), so the row is a nominal comparison and never an executable conclusion"
NVDA,HL>ONDO,HL,ONDO,1000,4.500,0.010,instrument_metadata,813,20260919T093133Z-1980d7eb74f6,2026-09-19T09:34:13.258Z,222.020,221.94,221.975,999.090000,3.604009460524833877688928933,3.40,0.204009460524833877688928933,-4.795990539475166122311071067,3.40,5.0,-0.00050000,observed,true,true,false,mapping_unverified,,false,250,0,477.474955,1785.904764,1308.429809,not_checked,true,unclosed,"the multiplier / settlement-asset / underlying equivalence of this pair is not verified anywhere in this repository (plan 5.2), so the row is a nominal comparison and never an executable conclusion"
NVDA,HL>ONDO,HL,ONDO,100,0.450,0.010,instrument_metadata,837,20260919T093133Z-1980d7eb74f6,2026-09-19T09:34:18.438Z,222.020,221.94,221.975,99.909000,3.604009460524833877688928933,3.40,0.204009460524833877688928933,-4.795990539475166122311071067,3.40,5.0,-0.00050000,observed,true,true,false,mapping_unverified,,false,0,62,255.511846,1623.739436,1368.22759,not_checked,true,unclosed,"the multiplier / settlement-asset / underlying equivalence of this pair is not verified anywhere in this repository (plan 5.2), so the row is a nominal comparison and never an executable conclusion"
NVDA,HL>ONDO,HL,ONDO,500,2.250,0.010,instrument_metadata,837,20260919T093133Z-1980d7eb74f6,2026-09-19T09:34:18.438Z,222.020,221.94,221.975,499.545000,3.604009460524833877688928933,3.40,0.204009460524833877688928933,-4.795990539475166122311071067,3.40,5.0,-0.00050000,observed,true,true,false,mapping_unverified,,false,0,62,255.511846,1623.739436,1368.22759,not_checked,true,unclosed,"the multiplier / settlement-asset / underlying equivalence of this pair is not verified anywhere in this repository (plan 5.2), so the row is a nominal comparison and never an executable conclusion"
NVDA,HL>ONDO,HL,ONDO,1000,4.500,0.010,instrument_metadata,837,20260919T093133Z-1980d7eb74f6,2026-09-19T09:34:18.438Z,222.020,221.94,221.975,999.090000,3.604009460524833877688928933,3.40,0.204009460524833877688928933,-4.795990539475166122311071067,3.40,5.0,-0.00050000,observed,true,true,false,mapping_unverified,,false,0,62,255.511846,1623.739436,1368.22759,not_checked,true,unclosed,"the multiplier / settlement-asset / underlying equivalence of this pair is not verified anywhere in this repository (plan 5.2), so the row is a nominal comparison and never an executable conclusion"
NVDA,HL>ONDO,HL,ONDO,100,0.450,0.010,instrument_metadata,863,20260919T093133Z-1980d7eb74f6,2026-09-19T09:34:23.712Z,222.020,221.94,221.975,99.909000,3.604009460524833877688928933,3.40,0.204009460524833877688928933,-4.795990539475166122311071067,3.40,5.0,-0.00050000,observed,true,true,false,mapping_unverified,,false,0,141,90.548297,1544.4895,1453.941203,not_checked,true,unclosed,"the multiplier / settlement-asset / underlying equivalence of this pair is not verified anywhere in this repository (plan 5.2), so the row is a nominal comparison and never an executable conclusion"
NVDA,HL>ONDO,HL,ONDO,500,2.250,0.010,instrument_metadata,863,20260919T093133Z-1980d7eb74f6,2026-09-19T09:34:23.712Z,222.020,221.94,221.975,499.545000,3.604009460524833877688928933,3.40,0.204009460524833877688928933,-4.795990539475166122311071067,3.40,5.0,-0.00050000,observed,true,true,false,mapping_unverified,,false,0,141,90.548297,1544.4895,1453.941203,not_checked,true,unclosed,"the multiplier / settlement-asset / underlying equivalence of this pair is not verified anywhere in this repository (plan 5.2), so the row is a nominal comparison and never an executable conclusion"
NVDA,HL>ONDO,HL,ONDO,1000,4.500,0.010,instrument_metadata,863,20260919T093133Z-1980d7eb74f6,2026-09-19T09:34:23.712Z,222.020,221.94,221.975,999.090000,3.604009460524833877688928933,3.40,0.204009460524833877688928933,-4.795990539475166122311071067,3.40,5.0,-0.00050000,observed,true,true,false,mapping_unverified,,false,0,141,90.548297,1544.4895,1453.941203,not_checked,true,unclosed,"the multiplier / settlement-asset / underlying equivalence of this pair is not verified anywhere in this repository (plan 5.2), so the row is a nominal comparison and never an executable conclusion"
NVDA,HL>ONDO,HL,ONDO,100,0.450,0.010,instrument_metadata,864,20260919T093133Z-1980d7eb74f6,2026-09-19T09:34:23.818Z,222.020,221.94,221.975,99.909000,3.604009460524833877688928933,3.40,0.204009460524833877688928933,-4.795990539475166122311071067,3.40,5.0,-0.00050000,observed,true,true,false,mapping_unverified,,false,109,0,346.550076,1650.9424,1304.392324,not_checked,true,unclosed,"the multiplier / settlement-asset / underlying equivalence of this pair is not verified anywhere in this repository (plan 5.2), so the row is a nominal comparison and never an executable conclusion"
NVDA,HL>ONDO,HL,ONDO,500,2.250,0.010,instrument_metadata,864,20260919T093133Z-1980d7eb74f6,2026-09-19T09:34:23.818Z,222.020,221.94,221.975,499.545000,3.604009460524833877688928933,3.40,0.204009460524833877688928933,-4.795990539475166122311071067,3.40,5.0,-0.00050000,observed,true,true,false,mapping_unverified,,false,109,0,346.550076,1650.9424,1304.392324,not_checked,true,unclosed,"the multiplier / settlement-asset / underlying equivalence of this pair is not verified anywhere in this repository (plan 5.2), so the row is a nominal comparison and never an executable conclusion"
NVDA,HL>ONDO,HL,ONDO,1000,4.500,0.010,instrument_metadata,864,20260919T093133Z-1980d7eb74f6,2026-09-19T09:34:23.818Z,222.020,221.94,221.975,999.090000,3.604009460524833877688928933,3.40,0.204009460524833877688928933,-4.795990539475166122311071067,3.40,5.0,-0.00050000,observed,true,true,false,mapping_unverified,,false,109,0,346.550076,1650.9424,1304.392324,not_checked,true,unclosed,"the multiplier / settlement-asset / underlying equivalence of this pair is not verified anywhere in this repository (plan 5.2), so the row is a nominal comparison and never an executable conclusion"
NVDA,HL>ONDO,HL,ONDO,100,0.450,0.010,instrument_metadata,886,20260919T093133Z-1980d7eb74f6,2026-09-19T09:34:29.056Z,222.020,221.94,221.975,99.909000,3.604009460524833877688928933,3.40,0.204009460524833877688928933,-4.795990539475166122311071067,3.40,5.0,-0.00050000,observed,true,true,false,mapping_unverified,,false,0,125,83.586452,1505.137636,1421.551184,not_checked,true,unclosed,"the multiplier / settlement-asset / underlying equivalence of this pair is not verified anywhere in this repository (plan 5.2), so the row is a nominal comparison and never an executable conclusion"
NVDA,HL>ONDO,HL,ONDO,500,2.250,0.010,instrument_metadata,886,20260919T093133Z-1980d7eb74f6,2026-09-19T09:34:29.056Z,222.020,221.94,221.975,499.545000,3.604009460524833877688928933,3.40,0.204009460524833877688928933,-4.795990539475166122311071067,3.40,5.0,-0.00050000,observed,true,true,false,mapping_unverified,,false,0,125,83.586452,1505.137636,1421.551184,not_checked,true,unclosed,"the multiplier / settlement-asset / underlying equivalence of this pair is not verified anywhere in this repository (plan 5.2), so the row is a nominal comparison and never an executable conclusion"
NVDA,HL>ONDO,HL,ONDO,1000,4.500,0.010,instrument_metadata,886,20260919T093133Z-1980d7eb74f6,2026-09-19T09:34:29.056Z,222.020,221.94,221.975,999.090000,3.604009460524833877688928933,3.40,0.204009460524833877688928933,-4.795990539475166122311071067,3.40,5.0,-0.00050000,observed,true,true,false,mapping_unverified,,false,0,125,83.586452,1505.137636,1421.551184,not_checked,true,unclosed,"the multiplier / settlement-asset / underlying equivalence of this pair is not verified anywhere in this repository (plan 5.2), so the row is a nominal comparison and never an executable conclusion"
NVDA,HL>ONDO,HL,ONDO,100,0.450,0.010,instrument_metadata,887,20260919T093133Z-1980d7eb74f6,2026-09-19T09:34:29.151Z,222.020,221.94,221.975,99.909000,3.604009460524833877688928933,3.40,0.204009460524833877688928933,-4.795990539475166122311071067,3.40,5.0,-0.00050000,observed,true,true,false,mapping_unverified,,false,93,218,83.586452,1600.314336,1516.727884,not_checked,true,unclosed,"the multiplier / settlement-asset / underlying equivalence of this pair is not verified anywhere in this repository (plan 5.2), so the row is a nominal comparison and never an executable conclusion"
NVDA,HL>ONDO,HL,ONDO,500,2.250,0.010,instrument_metadata,887,20260919T093133Z-1980d7eb74f6,2026-09-19T09:34:29.151Z,222.020,221.94,221.975,499.545000,3.604009460524833877688928933,3.40,0.204009460524833877688928933,-4.795990539475166122311071067,3.40,5.0,-0.00050000,observed,true,true,false,mapping_unverified,,false,93,218,83.586452,1600.314336,1516.727884,not_checked,true,unclosed,"the multiplier / settlement-asset / underlying equivalence of this pair is not verified anywhere in this repository (plan 5.2), so the row is a nominal comparison and never an executable conclusion"
NVDA,HL>ONDO,HL,ONDO,1000,4.500,0.010,instrument_metadata,887,20260919T093133Z-1980d7eb74f6,2026-09-19T09:34:29.151Z,222.020,221.94,221.975,999.090000,3.604009460524833877688928933,3.40,0.204009460524833877688928933,-4.795990539475166122311071067,3.40,5.0,-0.00050000,observed,true,true,false,mapping_unverified,,false,93,218,83.586452,1600.314336,1516.727884,not_checked,true,unclosed,"the multiplier / settlement-asset / underlying equivalence of this pair is not verified anywhere in this repository (plan 5.2), so the row is a nominal comparison and never an executable conclusion"
NVDA,HL>ONDO,HL,ONDO,100,0.450,0.010,instrument_metadata,888,20260919T093133Z-1980d7eb74f6,2026-09-19T09:34:29.221Z,222.020,221.94,221.975,99.909000,3.604009460524833877688928933,3.40,0.204009460524833877688928933,-4.795990539475166122311071067,3.40,5.0,-0.00050000,observed,true,true,false,mapping_unverified,,false,172,0,363.588526,1670.212536,1306.62401,not_checked,true,unclosed,"the multiplier / settlement-asset / underlying equivalence of this pair is not verified anywhere in this repository (plan 5.2), so the row is a nominal comparison and never an executable conclusion"
NVDA,HL>ONDO,HL,ONDO,500,2.250,0.010,instrument_metadata,888,20260919T093133Z-1980d7eb74f6,2026-09-19T09:34:29.221Z,222.020,221.94,221.975,499.545000,3.604009460524833877688928933,3.40,0.204009460524833877688928933,-4.795990539475166122311071067,3.40,5.0,-0.00050000,observed,true,true,false,mapping_unverified,,false,172,0,363.588526,1670.212536,1306.62401,not_checked,true,unclosed,"the multiplier / settlement-asset / underlying equivalence of this pair is not verified anywhere in this repository (plan 5.2), so the row is a nominal comparison and never an executable conclusion"
NVDA,HL>ONDO,HL,ONDO,1000,4.500,0.010,instrument_metadata,888,20260919T093133Z-1980d7eb74f6,2026-09-19T09:34:29.221Z,222.020,221.94,221.975,999.090000,3.604009460524833877688928933,3.40,0.204009460524833877688928933,-4.795990539475166122311071067,3.40,5.0,-0.00050000,observed,true,true,false,mapping_unverified,,false,172,0,363.588526,1670.212536,1306.62401,not_checked,true,unclosed,"the multiplier / settlement-asset / underlying equivalence of this pair is not verified anywhere in this repository (plan 5.2), so the row is a nominal comparison and never an executable conclusion"
NVDA,HL>ONDO,HL,ONDO,100,0.450,0.010,instrument_metadata,942,20260919T093133Z-1980d7eb74f6,2026-09-19T09:34:39.893Z,222.040,221.96,221.995,99.918000,3.603684767674947633955719723,3.40,0.203684767674947633955719723,-4.796315232325052366044280277,3.40,5.0,-0.00050000,observed,true,true,false,mapping_unverified,,false,0,171,67.665641,1530.618836,1462.953195,not_checked,true,unclosed,"the multiplier / settlement-asset / underlying equivalence of this pair is not verified anywhere in this repository (plan 5.2), so the row is a nominal comparison and never an executable conclusion"
NVDA,HL>ONDO,HL,ONDO,500,2.250,0.010,instrument_metadata,942,20260919T093133Z-1980d7eb74f6,2026-09-19T09:34:39.893Z,222.040,221.96,221.995,499.590000,3.603684767674947633955719723,3.40,0.203684767674947633955719723,-4.796315232325052366044280277,3.40,5.0,-0.00050000,observed,true,true,false,mapping_unverified,,false,0,171,67.665641,1530.618836,1462.953195,not_checked,true,unclosed,"the multiplier / settlement-asset / underlying equivalence of this pair is not verified anywhere in this repository (plan 5.2), so the row is a nominal comparison and never an executable conclusion"
NVDA,HL>ONDO,HL,ONDO,1000,4.500,0.010,instrument_metadata,942,20260919T093133Z-1980d7eb74f6,2026-09-19T09:34:39.893Z,222.040,221.96,221.995,999.180000,3.603684767674947633955719723,3.40,0.203684767674947633955719723,-4.796315232325052366044280277,3.40,5.0,-0.00050000,observed,true,true,false,mapping_unverified,,false,0,171,67.665641,1530.618836,1462.953195,not_checked,true,unclosed,"the multiplier / settlement-asset / underlying equivalence of this pair is not verified anywhere in this repository (plan 5.2), so the row is a nominal comparison and never an executable conclusion"
NVDA,HL>ONDO,HL,ONDO,100,0.450,0.010,instrument_metadata,943,20260919T093133Z-1980d7eb74f6,2026-09-19T09:34:39.987Z,222.040,221.96,221.995,99.918000,3.603684767674947633955719723,3.40,0.203684767674947633955719723,-4.796315232325052366044280277,3.40,5.0,-0.00050000,observed,true,true,false,mapping_unverified,,false,94,0,323.667489,1624.015336,1300.347847,not_checked,true,unclosed,"the multiplier / settlement-asset / underlying equivalence of this pair is not verified anywhere in this repository (plan 5.2), so the row is a nominal comparison and never an executable conclusion"
NVDA,HL>ONDO,HL,ONDO,500,2.250,0.010,instrument_metadata,943,20260919T093133Z-1980d7eb74f6,2026-09-19T09:34:39.987Z,222.040,221.96,221.995,499.590000,3.603684767674947633955719723,3.40,0.203684767674947633955719723,-4.796315232325052366044280277,3.40,5.0,-0.00050000,observed,true,true,false,mapping_unverified,,false,94,0,323.667489,1624.015336,1300.347847,not_checked,true,unclosed,"the multiplier / settlement-asset / underlying equivalence of this pair is not verified anywhere in this repository (plan 5.2), so the row is a nominal comparison and never an executable conclusion"
NVDA,HL>ONDO,HL,ONDO,1000,4.500,0.010,instrument_metadata,943,20260919T093133Z-1980d7eb74f6,2026-09-19T09:34:39.987Z,222.040,221.96,221.995,999.180000,3.603684767674947633955719723,3.40,0.203684767674947633955719723,-4.796315232325052366044280277,3.40,5.0,-0.00050000,observed,true,true,false,mapping_unverified,,false,94,0,323.667489,1624.015336,1300.347847,not_checked,true,unclosed,"the multiplier / settlement-asset / underlying equivalence of this pair is not verified anywhere in this repository (plan 5.2), so the row is a nominal comparison and never an executable conclusion"
NVDA,HL>ONDO,HL,ONDO,100,0.450,0.010,instrument_metadata,972,20260919T093133Z-1980d7eb74f6,2026-09-19T09:34:45.242Z,222.040,221.96,221.995,99.918000,3.603684767674947633955719723,3.40,0.203684767674947633955719723,-4.796315232325052366044280277,3.40,5.0,-0.00050000,observed,true,true,false,mapping_unverified,,false,0,125,75.704414,1507.624936,1431.920522,not_checked,true,unclosed,"the multiplier / settlement-asset / underlying equivalence of this pair is not verified anywhere in this repository (plan 5.2), so the row is a nominal comparison and never an executable conclusion"
NVDA,HL>ONDO,HL,ONDO,500,2.250,0.010,instrument_metadata,972,20260919T093133Z-1980d7eb74f6,2026-09-19T09:34:45.242Z,222.040,221.96,221.995,499.590000,3.603684767674947633955719723,3.40,0.203684767674947633955719723,-4.796315232325052366044280277,3.40,5.0,-0.00050000,observed,true,true,false,mapping_unverified,,false,0,125,75.704414,1507.624936,1431.920522,not_checked,true,unclosed,"the multiplier / settlement-asset / underlying equivalence of this pair is not verified anywhere in this repository (plan 5.2), so the row is a nominal comparison and never an executable conclusion"
NVDA,HL>ONDO,HL,ONDO,1000,4.500,0.010,instrument_metadata,972,20260919T093133Z-1980d7eb74f6,2026-09-19T09:34:45.242Z,222.040,221.96,221.995,999.180000,3.603684767674947633955719723,3.40,0.203684767674947633955719723,-4.796315232325052366044280277,3.40,5.0,-0.00050000,observed,true,true,false,mapping_unverified,,false,0,125,75.704414,1507.624936,1431.920522,not_checked,true,unclosed,"the multiplier / settlement-asset / underlying equivalence of this pair is not verified anywhere in this repository (plan 5.2), so the row is a nominal comparison and never an executable conclusion"
NVDA,HL>ONDO,HL,ONDO,100,0.450,0.010,instrument_metadata,973,20260919T093133Z-1980d7eb74f6,2026-09-19T09:34:45.372Z,222.040,221.96,221.995,99.918000,3.603684767674947633955719723,3.40,0.203684767674947633955719723,-4.796315232325052366044280277,3.40,5.0,-0.00050000,observed,true,true,false,mapping_unverified,,false,125,0,331.706254,1637.054436,1305.348182,not_checked,true,unclosed,"the multiplier / settlement-asset / underlying equivalence of this pair is not verified anywhere in this repository (plan 5.2), so the row is a nominal comparison and never an executable conclusion"
NVDA,HL>ONDO,HL,ONDO,500,2.250,0.010,instrument_metadata,973,20260919T093133Z-1980d7eb74f6,2026-09-19T09:34:45.372Z,222.040,221.96,221.995,499.590000,3.603684767674947633955719723,3.40,0.203684767674947633955719723,-4.796315232325052366044280277,3.40,5.0,-0.00050000,observed,true,true,false,mapping_unverified,,false,125,0,331.706254,1637.054436,1305.348182,not_checked,true,unclosed,"the multiplier / settlement-asset / underlying equivalence of this pair is not verified anywhere in this repository (plan 5.2), so the row is a nominal comparison and never an executable conclusion"
NVDA,HL>ONDO,HL,ONDO,1000,4.500,0.010,instrument_metadata,973,20260919T093133Z-1980d7eb74f6,2026-09-19T09:34:45.372Z,222.040,221.96,221.995,999.180000,3.603684767674947633955719723,3.40,0.203684767674947633955719723,-4.796315232325052366044280277,3.40,5.0,-0.00050000,observed,true,true,false,mapping_unverified,,false,125,0,331.706254,1637.054436,1305.348182,not_checked,true,unclosed,"the multiplier / settlement-asset / underlying equivalence of this pair is not verified anywhere in this repository (plan 5.2), so the row is a nominal comparison and never an executable conclusion"
NVDA,HL>ONDO,HL,ONDO,100,0.450,0.010,instrument_metadata,994,20260919T093133Z-1980d7eb74f6,2026-09-19T09:34:50.625Z,222.040,221.96,221.995,99.918000,3.603684767674947633955719723,3.40,0.203684767674947633955719723,-4.796315232325052366044280277,3.40,5.0,-0.00050000,observed,true,true,false,mapping_unverified,,false,0,109,108.743147,1523.447672,1414.704525,not_checked,true,unclosed,"the multiplier / settlement-asset / underlying equivalence of this pair is not verified anywhere in this repository (plan 5.2), so the row is a nominal comparison and never an executable conclusion"
NVDA,HL>ONDO,HL,ONDO,500,2.250,0.010,instrument_metadata,994,20260919T093133Z-1980d7eb74f6,2026-09-19T09:34:50.625Z,222.040,221.96,221.995,499.590000,3.603684767674947633955719723,3.40,0.203684767674947633955719723,-4.796315232325052366044280277,3.40,5.0,-0.00050000,observed,true,true,false,mapping_unverified,,false,0,109,108.743147,1523.447672,1414.704525,not_checked,true,unclosed,"the multiplier / settlement-asset / underlying equivalence of this pair is not verified anywhere in this repository (plan 5.2), so the row is a nominal comparison and never an executable conclusion"
NVDA,HL>ONDO,HL,ONDO,1000,4.500,0.010,instrument_metadata,994,20260919T093133Z-1980d7eb74f6,2026-09-19T09:34:50.625Z,222.040,221.96,221.995,999.180000,3.603684767674947633955719723,3.40,0.203684767674947633955719723,-4.796315232325052366044280277,3.40,5.0,-0.00050000,observed,true,true,false,mapping_unverified,,false,0,109,108.743147,1523.447672,1414.704525,not_checked,true,unclosed,"the multiplier / settlement-asset / underlying equivalence of this pair is not verified anywhere in this repository (plan 5.2), so the row is a nominal comparison and never an executable conclusion"
NVDA,HL>ONDO,HL,ONDO,100,0.450,0.010,instrument_metadata,995,20260919T093133Z-1980d7eb74f6,2026-09-19T09:34:50.766Z,222.040,221.96,221.995,99.918000,3.603684767674947633955719723,3.40,0.203684767674947633955719723,-4.796315232325052366044280277,3.40,5.0,-0.00050000,observed,true,true,false,mapping_unverified,,false,156,0,364.744986,1664.632572,1299.887586,not_checked,true,unclosed,"the multiplier / settlement-asset / underlying equivalence of this pair is not verified anywhere in this repository (plan 5.2), so the row is a nominal comparison and never an executable conclusion"
NVDA,HL>ONDO,HL,ONDO,500,2.250,0.010,instrument_metadata,995,20260919T093133Z-1980d7eb74f6,2026-09-19T09:34:50.766Z,222.040,221.96,221.995,499.590000,3.603684767674947633955719723,3.40,0.203684767674947633955719723,-4.796315232325052366044280277,3.40,5.0,-0.00050000,observed,true,true,false,mapping_unverified,,false,156,0,364.744986,1664.632572,1299.887586,not_checked,true,unclosed,"the multiplier / settlement-asset / underlying equivalence of this pair is not verified anywhere in this repository (plan 5.2), so the row is a nominal comparison and never an executable conclusion"
NVDA,HL>ONDO,HL,ONDO,1000,4.500,0.010,instrument_metadata,995,20260919T093133Z-1980d7eb74f6,2026-09-19T09:34:50.766Z,222.040,221.96,221.995,999.180000,3.603684767674947633955719723,3.40,0.203684767674947633955719723,-4.796315232325052366044280277,3.40,5.0,-0.00050000,observed,true,true,false,mapping_unverified,,false,156,0,364.744986,1664.632572,1299.887586,not_checked,true,unclosed,"the multiplier / settlement-asset / underlying equivalence of this pair is not verified anywhere in this repository (plan 5.2), so the row is a nominal comparison and never an executable conclusion"
NVDA,HL>ONDO,HL,ONDO,100,0.450,0.010,instrument_metadata,1022,20260919T093133Z-1980d7eb74f6,2026-09-19T09:34:56.222Z,222.040,221.96,221.995,99.918000,3.603684767674947633955719723,3.40,0.203684767674947633955719723,-4.796315232325052366044280277,3.40,5.0,-0.00050000,observed,true,true,false,mapping_unverified,,false,0,79,204.783705,1584.416672,1379.632967,not_checked,true,unclosed,"the multiplier / settlement-asset / underlying equivalence of this pair is not verified anywhere in this repository (plan 5.2), so the row is a nominal comparison and never an executable conclusion"
NVDA,HL>ONDO,HL,ONDO,500,2.250,0.010,instrument_metadata,1022,20260919T093133Z-1980d7eb74f6,2026-09-19T09:34:56.222Z,222.040,221.96,221.995,499.590000,3.603684767674947633955719723,3.40,0.203684767674947633955719723,-4.796315232325052366044280277,3.40,5.0,-0.00050000,observed,true,true,false,mapping_unverified,,false,0,79,204.783705,1584.416672,1379.632967,not_checked,true,unclosed,"the multiplier / settlement-asset / underlying equivalence of this pair is not verified anywhere in this repository (plan 5.2), so the row is a nominal comparison and never an executable conclusion"
NVDA,HL>ONDO,HL,ONDO,1000,4.500,0.010,instrument_metadata,1022,20260919T093133Z-1980d7eb74f6,2026-09-19T09:34:56.222Z,222.040,221.96,221.995,999.180000,3.603684767674947633955719723,3.40,0.203684767674947633955719723,-4.796315232325052366044280277,3.40,5.0,-0.00050000,observed,true,true,false,mapping_unverified,,false,0,79,204.783705,1584.416672,1379.632967,not_checked,true,unclosed,"the multiplier / settlement-asset / underlying equivalence of this pair is not verified anywhere in this repository (plan 5.2), so the row is a nominal comparison and never an executable conclusion"
NVDA,HL>ONDO,HL,ONDO,100,0.450,0.010,instrument_metadata,1023,20260919T093133Z-1980d7eb74f6,2026-09-19T09:34:56.407Z,222.040,221.96,221.995,99.918000,3.603684767674947633955719723,3.40,0.203684767674947633955719723,-4.796315232325052366044280277,3.40,5.0,-0.00050000,observed,true,true,false,mapping_unverified,,false,187,0,460.785549,1769.581072,1308.795523,not_checked,true,unclosed,"the multiplier / settlement-asset / underlying equivalence of this pair is not verified anywhere in this repository (plan 5.2), so the row is a nominal comparison and never an executable conclusion"
NVDA,HL>ONDO,HL,ONDO,500,2.250,0.010,instrument_metadata,1023,20260919T093133Z-1980d7eb74f6,2026-09-19T09:34:56.407Z,222.040,221.96,221.995,499.590000,3.603684767674947633955719723,3.40,0.203684767674947633955719723,-4.796315232325052366044280277,3.40,5.0,-0.00050000,observed,true,true,false,mapping_unverified,,false,187,0,460.785549,1769.581072,1308.795523,not_checked,true,unclosed,"the multiplier / settlement-asset / underlying equivalence of this pair is not verified anywhere in this repository (plan 5.2), so the row is a nominal comparison and never an executable conclusion"
NVDA,HL>ONDO,HL,ONDO,1000,4.500,0.010,instrument_metadata,1023,20260919T093133Z-1980d7eb74f6,2026-09-19T09:34:56.407Z,222.040,221.96,221.995,999.180000,3.603684767674947633955719723,3.40,0.203684767674947633955719723,-4.796315232325052366044280277,3.40,5.0,-0.00050000,observed,true,true,false,mapping_unverified,,false,187,0,460.785549,1769.581072,1308.795523,not_checked,true,unclosed,"the multiplier / settlement-asset / underlying equivalence of this pair is not verified anywhere in this repository (plan 5.2), so the row is a nominal comparison and never an executable conclusion"
NVDA,HL>ONDO,HL,ONDO,100,0.450,0.010,instrument_metadata,1046,20260919T093133Z-1980d7eb74f6,2026-09-19T09:35:01.660Z,222.040,221.96,221.995,99.918000,3.603684767674947633955719723,3.40,0.203684767674947633955719723,-4.796315232325052366044280277,3.40,5.0,-0.00050000,observed,true,true,false,mapping_unverified,,false,0,125,134.821925,1556.253,1421.431075,not_checked,true,unclosed,"the multiplier / settlement-asset / underlying equivalence of this pair is not verified anywhere in this repository (plan 5.2), so the row is a nominal comparison and never an executable conclusion"
NVDA,HL>ONDO,HL,ONDO,500,2.250,0.010,instrument_metadata,1046,20260919T093133Z-1980d7eb74f6,2026-09-19T09:35:01.660Z,222.040,221.96,221.995,499.590000,3.603684767674947633955719723,3.40,0.203684767674947633955719723,-4.796315232325052366044280277,3.40,5.0,-0.00050000,observed,true,true,false,mapping_unverified,,false,0,125,134.821925,1556.253,1421.431075,not_checked,true,unclosed,"the multiplier / settlement-asset / underlying equivalence of this pair is not verified anywhere in this repository (plan 5.2), so the row is a nominal comparison and never an executable conclusion"
NVDA,HL>ONDO,HL,ONDO,1000,4.500,0.010,instrument_metadata,1046,20260919T093133Z-1980d7eb74f6,2026-09-19T09:35:01.660Z,222.040,221.96,221.995,999.180000,3.603684767674947633955719723,3.40,0.203684767674947633955719723,-4.796315232325052366044280277,3.40,5.0,-0.00050000,observed,true,true,false,mapping_unverified,,false,0,125,134.821925,1556.253,1421.431075,not_checked,true,unclosed,"the multiplier / settlement-asset / underlying equivalence of this pair is not verified anywhere in this repository (plan 5.2), so the row is a nominal comparison and never an executable conclusion"
NVDA,HL>ONDO,HL,ONDO,100,0.450,0.010,instrument_metadata,1047,20260919T093133Z-1980d7eb74f6,2026-09-19T09:35:01.800Z,222.040,221.96,221.995,99.918000,3.603684767674947633955719723,3.40,0.203684767674947633955719723,-4.796315232325052366044280277,3.40,5.0,-0.00050000,observed,true,true,false,mapping_unverified,,false,141,0,390.823666,1696.002,1305.178334,not_checked,true,unclosed,"the multiplier / settlement-asset / underlying equivalence of this pair is not verified anywhere in this repository (plan 5.2), so the row is a nominal comparison and never an executable conclusion"
NVDA,HL>ONDO,HL,ONDO,500,2.250,0.010,instrument_metadata,1047,20260919T093133Z-1980d7eb74f6,2026-09-19T09:35:01.800Z,222.040,221.96,221.995,499.590000,3.603684767674947633955719723,3.40,0.203684767674947633955719723,-4.796315232325052366044280277,3.40,5.0,-0.00050000,observed,true,true,false,mapping_unverified,,false,141,0,390.823666,1696.002,1305.178334,not_checked,true,unclosed,"the multiplier / settlement-asset / underlying equivalence of this pair is not verified anywhere in this repository (plan 5.2), so the row is a nominal comparison and never an executable conclusion"
